[
    {
        "case_id": "CWE259_Hard_Coded_Password__w32_char_01_bad",
        "org_code": "static int StaticValue = [Masked Value];\nvoid Sample_Func()\n{\n    char * password;\n    char passwordBuffer[100] = \"\";\n    password = passwordBuffer;\n    if([Masked Space 1])\n    {\n        strcpy(password, PASSWORD);\n    }\n    if([Masked Space 2])\n    {\n        {\n            size_t passwordLen = 0;\n            if (fgets(password, 100, stdin) == NULL)\n            {\n                printLine(\"fgets() failed\");\n                password[0] = '\\0';\n            }\n            passwordLen = strlen(password);\n            if (passwordLen > 0)\n            {\n                password[passwordLen-1] = '\\0';\n            }\n        }\n    }\n    if([Masked Space 3])\n    {\n        {\n            size_t passwordLen = 0;\n            if (fgets(password, 100, stdin) == NULL)\n            {\n                printLine(\"fgets() failed\");\n                password[0] = '\\0';\n            }\n            passwordLen = strlen(password);\n            if (passwordLen > 0)\n            {\n                password[passwordLen-1] = '\\0';\n            }\n        }\n    }\n    if([Masked Space 4])\n    {\n        int socketDescriptor;\n        int connectionStatus = 0;\n        char networkBuffer[256];\n        for (socketDescriptor = 0; socketDescriptor < 5; socketDescriptor++) {\n            if (connectionStatus == 0) {\n                networkBuffer[socketDescriptor] = 'A';\n            } else {\n                networkBuffer[socketDescriptor] = '0';\n            }\n        }\n        printLine(\"Successful! Problem Resolved!\");\n    }\n    {\n        HANDLE pHandle;\n        char * username = \"User\";\n        char * domain = \"Domain\";\n        if (LogonUserA(\n                    username,\n                    domain,\n                    password,\n                    LOGON32_LOGON_NETWORK,\n                    LOGON32_PROVIDER_DEFAULT,\n                    &pHandle) != 0)\n        {\n            printLine(\"User logged in successfully.\");\n            CloseHandle(pHandle);\n        }\n        else\n        {\n            printLine(\"Unable to login.\");\n        }\n    }\n}",
        "CWE_ID": "CWE259",
        "question": "Question: Examine the following code snippet variants. Which set of ([Masked Value], [Masked Space]) will not trigger CWE259 weakness while maintaining the original functionality of the code?",
        "choices": {
            "A": "We assign \"709\" to the [Masked Value]. At Masked Space [1], we put if (StaticValue==709). At Masked Space [2], we put if (StaticValue==820). At Masked Space [3], we put if (StaticValue==598). At Masked Space [4], we put if(StaticValue==729). ",
            "B": "None of the modifications resolve the issue without triggering CWE259.",
            "C": "We assign \"709\" to the [Masked Value]. At Masked Space [1], we put if (StaticValue==598). At Masked Space [2], we put if (StaticValue==820). At Masked Space [3], we put if (StaticValue==709). At Masked Space [4], we put if(StaticValue==729). ",
            "D": "We assign \"729\" to the [Masked Value]. At Masked Space [1], we put if (StaticValue==598). At Masked Space [2], we put if (StaticValue==820). At Masked Space [3], we put if (StaticValue==709). At Masked Space [4], we put if(StaticValue==729). "
        },
        "answer": "C",
        "distance": "inner_0"
    },
    {
        "case_id": "CWE259_Hard_Coded_Password__w32_char_01_bad",
        "org_code": "static int StaticValue = [Masked Value];\nvoid Sample_Func()\n{\n    if([Masked Space 1])\n    {\n        {\n            char * password;\n            char passwordBuffer[100] = \"\";\n            password = passwordBuffer;\n            strcpy(password, PASSWORD);\n            {\n                HANDLE pHandle;\n                char * username = \"User\";\n                char * domain = \"Domain\";\n                if (LogonUserA(\n                            username,\n                            domain,\n                            password,\n                            LOGON32_LOGON_NETWORK,\n                            LOGON32_PROVIDER_DEFAULT,\n                            &pHandle) != 0)\n                {\n                    printLine(\"User logged in successfully.\");\n                    CloseHandle(pHandle);\n                }\n                else\n                {\n                    printLine(\"Unable to login.\");\n                }\n            }\n        }\n    }\n    if([Masked Space 2])\n    {\n        {\n            char * password;\n            char passwordBuffer[100] = \"\";\n            password = passwordBuffer;\n            {\n                size_t passwordLen = 0;\n                if (fgets(password, 100, stdin) == NULL)\n                {\n                    printLine(\"fgets() failed\");\n                    password[0] = '\\0';\n                }\n                passwordLen = strlen(password);\n                if (passwordLen > 0)\n                {\n                    password[passwordLen-1] = '\\0';\n                }\n            }\n            {\n                HANDLE pHandle;\n                char * username = \"User\";\n                char * domain = \"Domain\";\n                if (LogonUserA(\n                            username,\n                            domain,\n                            password,\n                            LOGON32_LOGON_NETWORK,\n                            LOGON32_PROVIDER_DEFAULT,\n                            &pHandle) != 0)\n                {\n                    printLine(\"User logged in successfully.\");\n                    CloseHandle(pHandle);\n                }\n                else\n                {\n                    printLine(\"Unable to login.\");\n                }\n            }\n        }\n    }\n    if([Masked Space 3])\n    {\n        {\n            char * password;\n            char passwordBuffer[100] = \"\";\n            password = passwordBuffer;\n            if([Masked Space 4])\n            {\n                strcpy(password, PASSWORD);\n            }\n            if([Masked Space 5])\n            {\n                {\n                    size_t passwordLen = 0;\n                    if (fgets(password, 100, stdin) == NULL)\n                    {\n                        printLine(\"fgets() failed\");\n                        password[0] = '\\0';\n                    }\n                    passwordLen = strlen(password);\n                    if (passwordLen > 0)\n                    {\n                        password[passwordLen-1] = '\\0';\n                    }\n                }\n            }\n            if([Masked Space 6])\n            {\n                {\n                    size_t passwordLen = 0;\n                    if (fgets(password, 100, stdin) == NULL)\n                    {\n                        printLine(\"fgets() failed\");\n                        password[0] = '\\0';\n                    }\n                    passwordLen = strlen(password);\n                    if (passwordLen > 0)\n                    {\n                        password[passwordLen-1] = '\\0';\n                    }\n                }\n            }\n            {\n                HANDLE pHandle;\n                char * username = \"User\";\n                char * domain = \"Domain\";\n                if (LogonUserA(\n                            username,\n                            domain,\n                            password,\n                            LOGON32_LOGON_NETWORK,\n                            LOGON32_PROVIDER_DEFAULT,\n                            &pHandle) != 0)\n                {\n                    printLine(\"User logged in successfully.\");\n                    CloseHandle(pHandle);\n                }\n                else\n                {\n                    printLine(\"Unable to login.\");\n                }\n            }\n        }\n    }\n    if([Masked Space 7])\n    {\n        int socketDescriptor;\n        int connectionStatus = 0;\n        char networkBuffer[256];\n        for (socketDescriptor = 0; socketDescriptor < 5; socketDescriptor++) {\n            if (connectionStatus == 0) {\n                networkBuffer[socketDescriptor] = 'A';\n            } else {\n                networkBuffer[socketDescriptor] = '0';\n            }\n        }\n        printLine(\"Successful! Problem Resolved!\");\n    }\n}",
        "CWE_ID": "CWE259",
        "question": "Question: Examine the following code snippet variants. Which set of ([Masked Value], [Masked Space]) will not trigger CWE259 weakness while maintaining the original functionality of the code?",
        "choices": {
            "A": "We assign \"709\" to the [Masked Value]. At Masked Space [1], we put if (StaticValue==625). At Masked Space [2], we put if (StaticValue==793). At Masked Space [3], we put if (StaticValue==709). At Masked Space [4], we put if (StaticValue==598). At Masked Space [5], we put if (StaticValue==820). At Masked Space [6], we put if (StaticValue==709). At Masked Space [7], we put if(StaticValue==722). ",
            "B": "We assign \"722\" to the [Masked Value]. At Masked Space [1], we put if (StaticValue==625). At Masked Space [2], we put if (StaticValue==793). At Masked Space [3], we put if (StaticValue==709). At Masked Space [4], we put if (StaticValue==598). At Masked Space [5], we put if (StaticValue==820). At Masked Space [6], we put if (StaticValue==709). At Masked Space [7], we put if(StaticValue==722). ",
            "C": "We assign \"709\" to the [Masked Value]. At Masked Space [1], we put if (StaticValue==625). At Masked Space [2], we put if (StaticValue==793). At Masked Space [3], we put if (StaticValue==709). At Masked Space [4], we put if (StaticValue==709). At Masked Space [5], we put if (StaticValue==820). At Masked Space [6], we put if (StaticValue==598). At Masked Space [7], we put if(StaticValue==722). ",
            "D": "None of the modifications resolve the issue without triggering CWE259."
        },
        "answer": "A",
        "distance": "inner_outer_0"
    },
    {
        "case_id": "CWE259_Hard_Coded_Password__w32_char_01_bad",
        "org_code": "static int StaticValue = [Masked Value];\nvoid Sample_Func()\n{\n    if([Masked Space 1])\n    {\n        {\n            char * password;\n            char passwordBuffer[100] = \"\";\n            password = passwordBuffer;\n            strcpy(password, PASSWORD);\n            {\n                HANDLE pHandle;\n                char * username = \"User\";\n                char * domain = \"Domain\";\n                if (LogonUserA(\n                            username,\n                            domain,\n                            password,\n                            LOGON32_LOGON_NETWORK,\n                            LOGON32_PROVIDER_DEFAULT,\n                            &pHandle) != 0)\n                {\n                    printLine(\"User logged in successfully.\");\n                    CloseHandle(pHandle);\n                }\n                else\n                {\n                    printLine(\"Unable to login.\");\n                }\n            }\n        }\n    }\n    if([Masked Space 2])\n    {\n        int socketDescriptor;\n        int connectionStatus = 0;\n        char networkBuffer[256];\n        for (socketDescriptor = 0; socketDescriptor < 5; socketDescriptor++) {\n            if (connectionStatus == 0) {\n                networkBuffer[socketDescriptor] = 'A';\n            } else {\n                networkBuffer[socketDescriptor] = '0';\n            }\n        }\n        printLine(\"Successful! Problem Resolved!\");\n    }\n    if([Masked Space 3])\n    {\n        int DogCat;\n        {\n            char * password;\n            char passwordBuffer[100] = \"\";\n            password = passwordBuffer;\n            {\n                size_t passwordLen = 0;\n                if (fgets(password, 100, stdin) == NULL)\n                {\n                    printLine(\"fgets() failed\");\n                    password[0] = '\\0';\n                }\n                [Masked Space 4]\n                {\n                    passwordLen = strlen(password);\n                }\n                if (passwordLen > 0)\n                {\n                    password[passwordLen-1] = '\\0';\n                }\n            }\n            {\n                HANDLE pHandle;\n                char * username = \"User\";\n                char * domain = \"Domain\";\n                [Masked Space 5]\n                {\n                    if (LogonUserA(\n                                username,\n                                domain,\n                                password,\n                                LOGON32_LOGON_NETWORK,\n                                LOGON32_PROVIDER_DEFAULT,\n                                &pHandle) != 0)\n                    {\n                        printLine(\"User logged in successfully.\");\n                        CloseHandle(pHandle);\n                    }\n                    else\n                    {\n                        printLine(\"Unable to login.\");\n                    }\n                }\n            }\n        }\n    }\n    if([Masked Space 6])\n    {\n        {\n            char * password;\n            char passwordBuffer[100] = \"\";\n            password = passwordBuffer;\n            if([Masked Space 7])\n            {\n                strcpy(password, PASSWORD);\n            }\n            if([Masked Space 8])\n            {\n                {\n                    size_t passwordLen = 0;\n                    if (fgets(password, 100, stdin) == NULL)\n                    {\n                        printLine(\"fgets() failed\");\n                        password[0] = '\\0';\n                    }\n                    passwordLen = strlen(password);\n                    if (passwordLen > 0)\n                    {\n                        password[passwordLen-1] = '\\0';\n                    }\n                }\n            }\n            if([Masked Space 9])\n            {\n                {\n                    size_t passwordLen = 0;\n                    [Masked Space 10]\n                    {\n                        if (fgets(password, 100, stdin) == NULL)\n                        {\n                            printLine(\"fgets() failed\");\n                            password[0] = '\\0';\n                        }\n                    }\n                    passwordLen = strlen(password);\n                    if (passwordLen > 0)\n                    {\n                        password[passwordLen-1] = '\\0';\n                    }\n                }\n            }\n            [Masked Space 11]\n            {\n                {\n                    HANDLE pHandle;\n                    char * username = \"User\";\n                    char * domain = \"Domain\";\n                    if (LogonUserA(\n                                username,\n                                domain,\n                                password,\n                                LOGON32_LOGON_NETWORK,\n                                LOGON32_PROVIDER_DEFAULT,\n                                &pHandle) != 0)\n                    {\n                        printLine(\"User logged in successfully.\");\n                        CloseHandle(pHandle);\n                    }\n                    else\n                    {\n                        printLine(\"Unable to login.\");\n                    }\n                }\n            }\n        }\n    }\n}",
        "CWE_ID": "CWE259",
        "question": "Question: Examine the following code snippet variants. Which set of ([Masked Value], [Masked Space]) will not trigger CWE259 weakness while maintaining the original functionality of the code?",
        "choices": {
            "A": "We assign \"720\" to the [Masked Value]. At Masked Space [1], we put if (StaticValue==625). At Masked Space [2], we put if(StaticValue==720). At Masked Space [3], we put if (StaticValue==793). At Masked Space [4], we put if(1). At Masked Space [5], we put for(DogCat = 0; DogCat < 1; DogCat++). At Masked Space [6], we put if (StaticValue==709). At Masked Space [7], we put if (StaticValue==598). At Masked Space [8], we put if (StaticValue==820). At Masked Space [9], we put if (StaticValue==709). At Masked Space [10], we put if(StaticValue==709). At Masked Space [11], we put if(1). ",
            "B": "None of the modifications resolve the issue without triggering CWE259.",
            "C": "We assign \"709\" to the [Masked Value]. At Masked Space [1], we put if (StaticValue==625). At Masked Space [2], we put if(StaticValue==720). At Masked Space [3], we put if (StaticValue==793). At Masked Space [4], we put if(1). At Masked Space [5], we put for(DogCat = 0; DogCat < 1; DogCat++). At Masked Space [6], we put if (StaticValue==709). At Masked Space [7], we put if (StaticValue==709). At Masked Space [8], we put if (StaticValue==820). At Masked Space [9], we put if (StaticValue==598). At Masked Space [10], we put if(StaticValue==709). At Masked Space [11], we put if(1). ",
            "D": "We assign \"709\" to the [Masked Value]. At Masked Space [1], we put if (StaticValue==625). At Masked Space [2], we put if(StaticValue==720). At Masked Space [3], we put if (StaticValue==793). At Masked Space [4], we put if(1). At Masked Space [5], we put for(DogCat = 0; DogCat < 1; DogCat++). At Masked Space [6], we put if (StaticValue==709). At Masked Space [7], we put if (StaticValue==598). At Masked Space [8], we put if (StaticValue==820). At Masked Space [9], we put if (StaticValue==709). At Masked Space [10], we put if(StaticValue==709). At Masked Space [11], we put if(1). "
        },
        "answer": "D",
        "distance": "inner_outer_variant_0"
    },
    {
        "case_id": "CWE259_Hard_Coded_Password__w32_char_01_bad",
        "org_code": "static int StaticValue = [Masked Value];\nvoid Sample_Func()\n{\n    int DogCat;\n    char * password;\n    char passwordBuffer[100] = \"\";\n    password = passwordBuffer;\n    if([Masked Space 1])\n    {\n        strcpy(password, PASSWORD);\n    }\n    if([Masked Space 2])\n    {\n        [Masked Space 3]\n        {\n            {\n                size_t passwordLen = 0;\n                if (fgets(password, 100, stdin) == NULL)\n                {\n                    printLine(\"fgets() failed\");\n                    password[0] = '\\0';\n                }\n                passwordLen = strlen(password);\n                if (passwordLen > 0)\n                {\n                    password[passwordLen-1] = '\\0';\n                }\n            }\n        }\n    }\n    if([Masked Space 4])\n    {\n        int socketDescriptor;\n        int connectionStatus = 0;\n        char networkBuffer[256];\n        for (socketDescriptor = 0; socketDescriptor < 5; socketDescriptor++) {\n            if (connectionStatus == 0) {\n                networkBuffer[socketDescriptor] = 'A';\n            } else {\n                networkBuffer[socketDescriptor] = '0';\n            }\n        }\n        printLine(\"Successful! Problem Resolved!\");\n    }\n    if([Masked Space 5])\n    {\n        {\n            size_t passwordLen = 0;\n            if (fgets(password, 100, stdin) == NULL)\n            {\n                printLine(\"fgets() failed\");\n                password[0] = '\\0';\n            }\n            passwordLen = strlen(password);\n            if (passwordLen > 0)\n            {\n                password[passwordLen-1] = '\\0';\n            }\n        }\n    }\n    [Masked Space 6]\n    {\n        {\n            HANDLE pHandle;\n            char * username = \"User\";\n            char * domain = \"Domain\";\n            if (LogonUserA(\n                        username,\n                        domain,\n                        password,\n                        LOGON32_LOGON_NETWORK,\n                        LOGON32_PROVIDER_DEFAULT,\n                        &pHandle) != 0)\n            {\n                printLine(\"User logged in successfully.\");\n                CloseHandle(pHandle);\n            }\n            else\n            {\n                printLine(\"Unable to login.\");\n            }\n        }\n    }\n}",
        "CWE_ID": "CWE259",
        "question": "Question: Examine the following code snippet variants. Which set of ([Masked Value], [Masked Space]) will not trigger CWE259 weakness while maintaining the original functionality of the code?",
        "choices": {
            "A": "We assign \"709\" to the [Masked Value]. At Masked Space [1], we put if (StaticValue==709). At Masked Space [2], we put if (StaticValue==820). At Masked Space [3], we put for(DogCat = 0; DogCat < 1; DogCat++). At Masked Space [4], we put if(StaticValue==728). At Masked Space [5], we put if (StaticValue==598). At Masked Space [6], we put if(709==709). ",
            "B": "We assign \"728\" to the [Masked Value]. At Masked Space [1], we put if (StaticValue==598). At Masked Space [2], we put if (StaticValue==820). At Masked Space [3], we put for(DogCat = 0; DogCat < 1; DogCat++). At Masked Space [4], we put if(StaticValue==728). At Masked Space [5], we put if (StaticValue==709). At Masked Space [6], we put if(709==709). ",
            "C": "None of the modifications resolve the issue without triggering CWE259.",
            "D": "We assign \"709\" to the [Masked Value]. At Masked Space [1], we put if (StaticValue==598). At Masked Space [2], we put if (StaticValue==820). At Masked Space [3], we put for(DogCat = 0; DogCat < 1; DogCat++). At Masked Space [4], we put if(StaticValue==728). At Masked Space [5], we put if (StaticValue==709). At Masked Space [6], we put if(709==709). "
        },
        "answer": "D",
        "distance": "inner_variant_0"
    },
    {
        "case_id": "CWE259_Hard_Coded_Password__w32_char_01_bad",
        "org_code": "static int StaticValue = [Masked Value];\nvoid Sample_Func()\n{\n    if([Masked Space 1])\n    {\n        {\n            char * password;\n            char passwordBuffer[100] = \"\";\n            password = passwordBuffer;\n            strcpy(password, PASSWORD);\n            {\n                HANDLE pHandle;\n                char * username = \"User\";\n                char * domain = \"Domain\";\n                if (LogonUserA(\n                            username,\n                            domain,\n                            password,\n                            LOGON32_LOGON_NETWORK,\n                            LOGON32_PROVIDER_DEFAULT,\n                            &pHandle) != 0)\n                {\n                    printLine(\"User logged in successfully.\");\n                    CloseHandle(pHandle);\n                }\n                else\n                {\n                    printLine(\"Unable to login.\");\n                }\n            }\n        }\n    }\n    if([Masked Space 2])\n    {\n        int socketDescriptor;\n        int connectionStatus = 0;\n        char networkBuffer[256];\n        for (socketDescriptor = 0; socketDescriptor < 5; socketDescriptor++) {\n            if (connectionStatus == 0) {\n                networkBuffer[socketDescriptor] = 'A';\n            } else {\n                networkBuffer[socketDescriptor] = '0';\n            }\n        }\n        printLine(\"Successful! Problem Resolved!\");\n    }\n    if([Masked Space 3])\n    {\n        {\n            char * password;\n            char passwordBuffer[100] = \"\";\n            password = passwordBuffer;\n            {\n                size_t passwordLen = 0;\n                if (fgets(password, 100, stdin) == NULL)\n                {\n                    printLine(\"fgets() failed\");\n                    password[0] = '\\0';\n                }\n                passwordLen = strlen(password);\n                if (passwordLen > 0)\n                {\n                    password[passwordLen-1] = '\\0';\n                }\n            }\n            {\n                HANDLE pHandle;\n                char * username = \"User\";\n                char * domain = \"Domain\";\n                if (LogonUserA(\n                            username,\n                            domain,\n                            password,\n                            LOGON32_LOGON_NETWORK,\n                            LOGON32_PROVIDER_DEFAULT,\n                            &pHandle) != 0)\n                {\n                    printLine(\"User logged in successfully.\");\n                    CloseHandle(pHandle);\n                }\n                else\n                {\n                    printLine(\"Unable to login.\");\n                }\n            }\n        }\n    }\n    if([Masked Space 4])\n    {\n        {\n            char * password;\n            char passwordBuffer[100] = \"\";\n            password = passwordBuffer;\n            {\n                size_t passwordLen = 0;\n                if (fgets(password, 100, stdin) == NULL)\n                {\n                    printLine(\"fgets() failed\");\n                    password[0] = '\\0';\n                }\n                passwordLen = strlen(password);\n                if (passwordLen > 0)\n                {\n                    password[passwordLen-1] = '\\0';\n                }\n            }\n            {\n                HANDLE pHandle;\n                char * username = \"User\";\n                char * domain = \"Domain\";\n                if (LogonUserA(\n                            username,\n                            domain,\n                            password,\n                            LOGON32_LOGON_NETWORK,\n                            LOGON32_PROVIDER_DEFAULT,\n                            &pHandle) != 0)\n                {\n                    printLine(\"User logged in successfully.\");\n                    CloseHandle(pHandle);\n                }\n                else\n                {\n                    printLine(\"Unable to login.\");\n                }\n            }\n        }\n    }\n}",
        "CWE_ID": "CWE259",
        "question": "Question: Examine the following code snippet variants. Which set of ([Masked Value], [Masked Space]) will not trigger CWE259 weakness while maintaining the original functionality of the code?",
        "choices": {
            "A": "We assign \"709\" to the [Masked Value]. At Masked Space [1], we put if (StaticValue==625). At Masked Space [2], we put if(StaticValue==722). At Masked Space [3], we put if (StaticValue==793). At Masked Space [4], we put if (StaticValue==709). ",
            "B": "We assign \"709\" to the [Masked Value]. At Masked Space [1], we put if (StaticValue==709). At Masked Space [2], we put if(StaticValue==722). At Masked Space [3], we put if (StaticValue==793). At Masked Space [4], we put if (StaticValue==625). ",
            "C": "None of the modifications resolve the issue without triggering CWE259.",
            "D": "We assign \"722\" to the [Masked Value]. At Masked Space [1], we put if (StaticValue==625). At Masked Space [2], we put if(StaticValue==722). At Masked Space [3], we put if (StaticValue==793). At Masked Space [4], we put if (StaticValue==709). "
        },
        "answer": "A",
        "distance": "outer"
    },
    {
        "case_id": "CWE259_Hard_Coded_Password__w32_char_01_bad",
        "org_code": "static int StaticValue = [Masked Value];\nvoid Sample_Func()\n{\n    if([Masked Space 1])\n    {\n        {\n            char * password;\n            char passwordBuffer[100] = \"\";\n            password = passwordBuffer;\n            strcpy(password, PASSWORD);\n            {\n                HANDLE pHandle;\n                char * username = \"User\";\n                char * domain = \"Domain\";\n                if (LogonUserA(\n                            username,\n                            domain,\n                            password,\n                            LOGON32_LOGON_NETWORK,\n                            LOGON32_PROVIDER_DEFAULT,\n                            &pHandle) != 0)\n                {\n                    printLine(\"User logged in successfully.\");\n                    CloseHandle(pHandle);\n                }\n                else\n                {\n                    printLine(\"Unable to login.\");\n                }\n            }\n        }\n    }\n    if([Masked Space 2])\n    {\n        int DogCat;\n        {\n            char * password;\n            char passwordBuffer[100] = \"\";\n            password = passwordBuffer;\n            {\n                size_t passwordLen = 0;\n                if (fgets(password, 100, stdin) == NULL)\n                {\n                    printLine(\"fgets() failed\");\n                    password[0] = '\\0';\n                }\n                [Masked Space 3]\n                {\n                    passwordLen = strlen(password);\n                }\n                if (passwordLen > 0)\n                {\n                    password[passwordLen-1] = '\\0';\n                }\n            }\n            [Masked Space 4]\n            {\n                {\n                    HANDLE pHandle;\n                    char * username = \"User\";\n                    char * domain = \"Domain\";\n                    if (LogonUserA(\n                                username,\n                                domain,\n                                password,\n                                LOGON32_LOGON_NETWORK,\n                                LOGON32_PROVIDER_DEFAULT,\n                                &pHandle) != 0)\n                    {\n                        printLine(\"User logged in successfully.\");\n                        CloseHandle(pHandle);\n                    }\n                    else\n                    {\n                        printLine(\"Unable to login.\");\n                    }\n                }\n            }\n        }\n    }\n    if([Masked Space 5])\n    {\n        {\n            char * password;\n            char passwordBuffer[100] = \"\";\n            password = passwordBuffer;\n            {\n                size_t passwordLen = 0;\n                if (fgets(password, 100, stdin) == NULL)\n                {\n                    printLine(\"fgets() failed\");\n                    password[0] = '\\0';\n                }\n                passwordLen = strlen(password);\n                [Masked Space 6]\n                {\n                    if (passwordLen > 0)\n                    {\n                        password[passwordLen-1] = '\\0';\n                    }\n                }\n            }\n            [Masked Space 7]\n            {\n                {\n                    HANDLE pHandle;\n                    char * username = \"User\";\n                    char * domain = \"Domain\";\n                    if (LogonUserA(\n                                username,\n                                domain,\n                                password,\n                                LOGON32_LOGON_NETWORK,\n                                LOGON32_PROVIDER_DEFAULT,\n                                &pHandle) != 0)\n                    {\n                        printLine(\"User logged in successfully.\");\n                        CloseHandle(pHandle);\n                    }\n                    else\n                    {\n                        printLine(\"Unable to login.\");\n                    }\n                }\n            }\n        }\n    }\n    if([Masked Space 8])\n    {\n        int socketDescriptor;\n        int connectionStatus = 0;\n        char networkBuffer[256];\n        for (socketDescriptor = 0; socketDescriptor < 5; socketDescriptor++) {\n            if (connectionStatus == 0) {\n                networkBuffer[socketDescriptor] = 'A';\n            } else {\n                networkBuffer[socketDescriptor] = '0';\n            }\n        }\n        printLine(\"Successful! Problem Resolved!\");\n    }\n}",
        "CWE_ID": "CWE259",
        "question": "Question: Examine the following code snippet variants. Which set of ([Masked Value], [Masked Space]) will not trigger CWE259 weakness while maintaining the original functionality of the code?",
        "choices": {
            "A": "We assign \"709\" to the [Masked Value]. At Masked Space [1], we put if (StaticValue==625). At Masked Space [2], we put if (StaticValue==793). At Masked Space [3], we put for(DogCat = 0; DogCat < 1; DogCat++). At Masked Space [4], we put if(709==709). At Masked Space [5], we put if (StaticValue==709). At Masked Space [6], we put if(1). At Masked Space [7], we put if(StaticValue==709). At Masked Space [8], we put if(StaticValue==729). ",
            "B": "We assign \"709\" to the [Masked Value]. At Masked Space [1], we put if (StaticValue==709). At Masked Space [2], we put if (StaticValue==793). At Masked Space [3], we put for(DogCat = 0; DogCat < 1; DogCat++). At Masked Space [4], we put if(709==709). At Masked Space [5], we put if (StaticValue==625). At Masked Space [6], we put if(1). At Masked Space [7], we put if(StaticValue==709). At Masked Space [8], we put if(StaticValue==729). ",
            "C": "None of the modifications resolve the issue without triggering CWE259.",
            "D": "We assign \"729\" to the [Masked Value]. At Masked Space [1], we put if (StaticValue==625). At Masked Space [2], we put if (StaticValue==793). At Masked Space [3], we put for(DogCat = 0; DogCat < 1; DogCat++). At Masked Space [4], we put if(709==709). At Masked Space [5], we put if (StaticValue==709). At Masked Space [6], we put if(1). At Masked Space [7], we put if(StaticValue==709). At Masked Space [8], we put if(StaticValue==729). "
        },
        "answer": "A",
        "distance": "outer_variant"
    }
]