[
    {
        "case_id": "CWE427_Uncontrolled_Search_Path_Element__char_environment_01_bad",
        "org_code": "static int StaticValue = [Masked Value];\nvoid Sample_Func()\n{\n    char * data;\n    char dataBuffer[250] = \"PATH=\";\n    data = dataBuffer;\n    if([Masked Space 1])\n    {\n        strcat(data, NEW_PATH);\n    }\n    if([Masked Space 2])\n    {\n        strcat(data, NEW_PATH);\n    }\n    if([Masked Space 3])\n    {\n        int socketDescriptor;\n        int connectionStatus = 0;\n        char networkBuffer[256];\n        for (socketDescriptor = 0; socketDescriptor < 5; socketDescriptor++) {\n            if (connectionStatus == 0) {\n                networkBuffer[socketDescriptor] = 'A';\n            } else {\n                networkBuffer[socketDescriptor] = '0';\n            }\n        }\n        printLine(\"Successful! Problem Resolved!\");\n    }\n    if([Masked Space 4])\n    {\n        {\n            size_t dataLen = strlen(data);\n            char * environment = GETENV(ENV_VARIABLE);\n            if (environment != NULL)\n            {\n                strncat(data+dataLen, environment, 250-dataLen-1);\n            }\n        }\n    }\n    PUTENV(data);\n}",
        "CWE_ID": "CWE427",
        "question": "Question: Examine the following code snippet variants. Which set of ([Masked Value], [Masked Space]) will not trigger CWE427 weakness while maintaining the original functionality of the code?",
        "choices": {
            "A": "We assign \"411\" to the [Masked Value]. At Masked Space [1], we put if (StaticValue==532). At Masked Space [2], we put if (StaticValue==290). At Masked Space [3], we put if(StaticValue==425). At Masked Space [4], we put if (StaticValue==411). ",
            "B": "We assign \"411\" to the [Masked Value]. At Masked Space [1], we put if (StaticValue==532). At Masked Space [2], we put if (StaticValue==411). At Masked Space [3], we put if(StaticValue==425). At Masked Space [4], we put if (StaticValue==290). ",
            "C": "None of the modifications resolve the issue without triggering CWE427.",
            "D": "We assign \"425\" to the [Masked Value]. At Masked Space [1], we put if (StaticValue==532). At Masked Space [2], we put if (StaticValue==411). At Masked Space [3], we put if(StaticValue==425). At Masked Space [4], we put if (StaticValue==290). "
        },
        "answer": "B",
        "distance": "inner_0"
    },
    {
        "case_id": "CWE427_Uncontrolled_Search_Path_Element__char_environment_01_bad",
        "org_code": "static int StaticValue = [Masked Value];\nvoid Sample_Func()\n{\n    if([Masked Space 1])\n    {\n        {\n            char * data;\n            char dataBuffer[250] = \"PATH=\";\n            data = dataBuffer;\n            {\n                size_t dataLen = strlen(data);\n                char * environment = GETENV(ENV_VARIABLE);\n                if (environment != NULL)\n                {\n                    strncat(data+dataLen, environment, 250-dataLen-1);\n                }\n            }\n            PUTENV(data);\n        }\n    }\n    if([Masked Space 2])\n    {\n        {\n            char * data;\n            char dataBuffer[250] = \"PATH=\";\n            data = dataBuffer;\n            strcat(data, NEW_PATH);\n            PUTENV(data);\n        }\n    }\n    if([Masked Space 3])\n    {\n        {\n            char * data;\n            char dataBuffer[250] = \"PATH=\";\n            data = dataBuffer;\n            if([Masked Space 4])\n            {\n                strcat(data, NEW_PATH);\n            }\n            if([Masked Space 5])\n            {\n                strcat(data, NEW_PATH);\n            }\n            if([Masked Space 6])\n            {\n                {\n                    size_t dataLen = strlen(data);\n                    char * environment = GETENV(ENV_VARIABLE);\n                    if (environment != NULL)\n                    {\n                        strncat(data+dataLen, environment, 250-dataLen-1);\n                    }\n                }\n            }\n            PUTENV(data);\n        }\n    }\n    if([Masked Space 7])\n    {\n        int socketDescriptor;\n        int connectionStatus = 0;\n        char networkBuffer[256];\n        for (socketDescriptor = 0; socketDescriptor < 5; socketDescriptor++) {\n            if (connectionStatus == 0) {\n                networkBuffer[socketDescriptor] = 'A';\n            } else {\n                networkBuffer[socketDescriptor] = '0';\n            }\n        }\n        printLine(\"Successful! Problem Resolved!\");\n    }\n}",
        "CWE_ID": "CWE427",
        "question": "Question: Examine the following code snippet variants. Which set of ([Masked Value], [Masked Space]) will not trigger CWE427 weakness while maintaining the original functionality of the code?",
        "choices": {
            "A": "We assign \"411\" to the [Masked Value]. At Masked Space [1], we put if (StaticValue==384). At Masked Space [2], we put if (StaticValue==438). At Masked Space [3], we put if (StaticValue==411). At Masked Space [4], we put if (StaticValue==532). At Masked Space [5], we put if (StaticValue==290). At Masked Space [6], we put if (StaticValue==411). At Masked Space [7], we put if(StaticValue==422). ",
            "B": "None of the modifications resolve the issue without triggering CWE427.",
            "C": "We assign \"422\" to the [Masked Value]. At Masked Space [1], we put if (StaticValue==384). At Masked Space [2], we put if (StaticValue==438). At Masked Space [3], we put if (StaticValue==411). At Masked Space [4], we put if (StaticValue==532). At Masked Space [5], we put if (StaticValue==411). At Masked Space [6], we put if (StaticValue==290). At Masked Space [7], we put if(StaticValue==422). ",
            "D": "We assign \"411\" to the [Masked Value]. At Masked Space [1], we put if (StaticValue==384). At Masked Space [2], we put if (StaticValue==438). At Masked Space [3], we put if (StaticValue==411). At Masked Space [4], we put if (StaticValue==532). At Masked Space [5], we put if (StaticValue==411). At Masked Space [6], we put if (StaticValue==290). At Masked Space [7], we put if(StaticValue==422). "
        },
        "answer": "D",
        "distance": "inner_outer_0"
    },
    {
        "case_id": "CWE427_Uncontrolled_Search_Path_Element__char_environment_01_bad",
        "org_code": "static int StaticValue = [Masked Value];\nvoid Sample_Func()\n{\n    if([Masked Space 1])\n    {\n        {\n            char * data;\n            char dataBuffer[250] = \"PATH=\";\n            data = dataBuffer;\n            {\n                size_t dataLen = strlen(data);\n                char * environment = GETENV(ENV_VARIABLE);\n                if (environment != NULL)\n                {\n                    strncat(data+dataLen, environment, 250-dataLen-1);\n                }\n            }\n            PUTENV(data);\n        }\n    }\n    if([Masked Space 2])\n    {\n        {\n            char * data;\n            char dataBuffer[250] = \"PATH=\";\n            data = dataBuffer;\n            strcat(data, NEW_PATH);\n            PUTENV(data);\n        }\n    }\n    if([Masked Space 3])\n    {\n        int socketDescriptor;\n        int connectionStatus = 0;\n        char networkBuffer[256];\n        for (socketDescriptor = 0; socketDescriptor < 5; socketDescriptor++) {\n            if (connectionStatus == 0) {\n                networkBuffer[socketDescriptor] = 'A';\n            } else {\n                networkBuffer[socketDescriptor] = '0';\n            }\n        }\n        printLine(\"Successful! Problem Resolved!\");\n    }\n    if([Masked Space 4])\n    {\n        {\n            char * data;\n            char dataBuffer[250] = \"PATH=\";\n            data = dataBuffer;\n            if([Masked Space 5])\n            {\n                strcat(data, NEW_PATH);\n            }\n            [Masked Space 6]\n            {\n                if([Masked Space 7])\n                {\n                    strcat(data, NEW_PATH);\n                }\n            }\n            if([Masked Space 8])\n            {\n                {\n                    size_t dataLen = strlen(data);\n                    char * environment = GETENV(ENV_VARIABLE);\n                    [Masked Space 9]\n                    {\n                        if (environment != NULL)\n                        {\n                            strncat(data+dataLen, environment, 250-dataLen-1);\n                        }\n                    }\n                }\n            }\n            PUTENV(data);\n        }\n    }\n}",
        "CWE_ID": "CWE427",
        "question": "Question: Examine the following code snippet variants. Which set of ([Masked Value], [Masked Space]) will not trigger CWE427 weakness while maintaining the original functionality of the code?",
        "choices": {
            "A": "We assign \"411\" to the [Masked Value]. At Masked Space [1], we put if (StaticValue==384). At Masked Space [2], we put if (StaticValue==438). At Masked Space [3], we put if(StaticValue==422). At Masked Space [4], we put if (StaticValue==411). At Masked Space [5], we put if (StaticValue==532). At Masked Space [6], we put if(1). At Masked Space [7], we put if (StaticValue==411). At Masked Space [8], we put if (StaticValue==290). At Masked Space [9], we put if(StaticValue==411). ",
            "B": "We assign \"411\" to the [Masked Value]. At Masked Space [1], we put if (StaticValue==384). At Masked Space [2], we put if (StaticValue==438). At Masked Space [3], we put if(StaticValue==422). At Masked Space [4], we put if (StaticValue==411). At Masked Space [5], we put if (StaticValue==532). At Masked Space [6], we put if(1). At Masked Space [7], we put if (StaticValue==411). At Masked Space [8], we put if (StaticValue==411). At Masked Space [9], we put if(StaticValue==411). ",
            "C": "None of the modifications resolve the issue without triggering CWE427.",
            "D": "We assign \"422\" to the [Masked Value]. At Masked Space [1], we put if (StaticValue==384). At Masked Space [2], we put if (StaticValue==438). At Masked Space [3], we put if(StaticValue==422). At Masked Space [4], we put if (StaticValue==411). At Masked Space [5], we put if (StaticValue==532). At Masked Space [6], we put if(1). At Masked Space [7], we put if (StaticValue==411). At Masked Space [8], we put if (StaticValue==290). At Masked Space [9], we put if(StaticValue==411). "
        },
        "answer": "A",
        "distance": "inner_outer_variant_0"
    },
    {
        "case_id": "CWE427_Uncontrolled_Search_Path_Element__char_environment_01_bad",
        "org_code": "static int StaticValue = [Masked Value];\nvoid Sample_Func()\n{\n    char * data;\n    char dataBuffer[250] = \"PATH=\";\n    data = dataBuffer;\n    [Masked Space 1]\n    {\n        if([Masked Space 2])\n        {\n            strcat(data, NEW_PATH);\n        }\n    }\n    [Masked Space 3]\n    {\n        if([Masked Space 4])\n        {\n            strcat(data, NEW_PATH);\n        }\n    }\n    if([Masked Space 5])\n    {\n        {\n            size_t dataLen = strlen(data);\n            char * environment = GETENV(ENV_VARIABLE);\n            if (environment != NULL)\n            {\n                strncat(data+dataLen, environment, 250-dataLen-1);\n            }\n        }\n    }\n    if([Masked Space 6])\n    {\n        int socketDescriptor;\n        int connectionStatus = 0;\n        char networkBuffer[256];\n        for (socketDescriptor = 0; socketDescriptor < 5; socketDescriptor++) {\n            if (connectionStatus == 0) {\n                networkBuffer[socketDescriptor] = 'A';\n            } else {\n                networkBuffer[socketDescriptor] = '0';\n            }\n        }\n        printLine(\"Successful! Problem Resolved!\");\n    }\n    PUTENV(data);\n}",
        "CWE_ID": "CWE427",
        "question": "Question: Examine the following code snippet variants. Which set of ([Masked Value], [Masked Space]) will not trigger CWE427 weakness while maintaining the original functionality of the code?",
        "choices": {
            "A": "We assign \"411\" to the [Masked Value]. At Masked Space [1], we put if(StaticValue==411). At Masked Space [2], we put if (StaticValue==532). At Masked Space [3], we put if(411==411). At Masked Space [4], we put if (StaticValue==411). At Masked Space [5], we put if (StaticValue==411). At Masked Space [6], we put if(StaticValue==425). ",
            "B": "We assign \"425\" to the [Masked Value]. At Masked Space [1], we put if(StaticValue==411). At Masked Space [2], we put if (StaticValue==532). At Masked Space [3], we put if(411==411). At Masked Space [4], we put if (StaticValue==411). At Masked Space [5], we put if (StaticValue==290). At Masked Space [6], we put if(StaticValue==425). ",
            "C": "None of the modifications resolve the issue without triggering CWE427.",
            "D": "We assign \"411\" to the [Masked Value]. At Masked Space [1], we put if(StaticValue==411). At Masked Space [2], we put if (StaticValue==532). At Masked Space [3], we put if(411==411). At Masked Space [4], we put if (StaticValue==411). At Masked Space [5], we put if (StaticValue==290). At Masked Space [6], we put if(StaticValue==425). "
        },
        "answer": "D",
        "distance": "inner_variant_0"
    },
    {
        "case_id": "CWE427_Uncontrolled_Search_Path_Element__char_environment_01_bad",
        "org_code": "static int StaticValue = [Masked Value];\nvoid Sample_Func()\n{\n    if([Masked Space 1])\n    {\n        {\n            char * data;\n            char dataBuffer[250] = \"PATH=\";\n            data = dataBuffer;\n            {\n                size_t dataLen = strlen(data);\n                char * environment = GETENV(ENV_VARIABLE);\n                if (environment != NULL)\n                {\n                    strncat(data+dataLen, environment, 250-dataLen-1);\n                }\n            }\n            PUTENV(data);\n        }\n    }\n    if([Masked Space 2])\n    {\n        int socketDescriptor;\n        int connectionStatus = 0;\n        char networkBuffer[256];\n        for (socketDescriptor = 0; socketDescriptor < 5; socketDescriptor++) {\n            if (connectionStatus == 0) {\n                networkBuffer[socketDescriptor] = 'A';\n            } else {\n                networkBuffer[socketDescriptor] = '0';\n            }\n        }\n        printLine(\"Successful! Problem Resolved!\");\n    }\n    if([Masked Space 3])\n    {\n        {\n            char * data;\n            char dataBuffer[250] = \"PATH=\";\n            data = dataBuffer;\n            strcat(data, NEW_PATH);\n            PUTENV(data);\n        }\n    }\n    if([Masked Space 4])\n    {\n        {\n            char * data;\n            char dataBuffer[250] = \"PATH=\";\n            data = dataBuffer;\n            strcat(data, NEW_PATH);\n            PUTENV(data);\n        }\n    }\n}",
        "CWE_ID": "CWE427",
        "question": "Question: Examine the following code snippet variants. Which set of ([Masked Value], [Masked Space]) will not trigger CWE427 weakness while maintaining the original functionality of the code?",
        "choices": {
            "A": "We assign \"431\" to the [Masked Value]. At Masked Space [1], we put if (StaticValue==384). At Masked Space [2], we put if(StaticValue==431). At Masked Space [3], we put if (StaticValue==438). At Masked Space [4], we put if (StaticValue==411). ",
            "B": "None of the modifications resolve the issue without triggering CWE427.",
            "C": "We assign \"411\" to the [Masked Value]. At Masked Space [1], we put if (StaticValue==384). At Masked Space [2], we put if(StaticValue==431). At Masked Space [3], we put if (StaticValue==438). At Masked Space [4], we put if (StaticValue==411). ",
            "D": "We assign \"411\" to the [Masked Value]. At Masked Space [1], we put if (StaticValue==411). At Masked Space [2], we put if(StaticValue==431). At Masked Space [3], we put if (StaticValue==438). At Masked Space [4], we put if (StaticValue==384). "
        },
        "answer": "C",
        "distance": "outer"
    }
]