[
    {
        "case_id": "CWE480_Use_of_Incorrect_Operator__basic_01_bad",
        "org_code": "static int StaticValue = [Masked Value];\nvoid Sample_Func()\n{\n    if([Masked Space 1])\n    {\n        {\n            if(helperBad == NULL)\n            {\n                printLine(\"Got a NULL\");\n            }\n        }\n    }\n    if([Masked Space 2])\n    {\n        int socketDescriptor;\n        int connectionStatus = 0;\n        char networkBuffer[256];\n        for (socketDescriptor = 0; socketDescriptor < 5; socketDescriptor++) {\n            if (connectionStatus == 0) {\n                networkBuffer[socketDescriptor] = 'A';\n            } else {\n                networkBuffer[socketDescriptor] = '0';\n            }\n        }\n        printLine(\"Successful! Problem Resolved!\");\n    }\n    if([Masked Space 3])\n    {\n        {\n            if(helperGood() == NULL)  \n            {\n                printLine(\"Got a NULL\");\n            }\n        }\n    }\n    if([Masked Space 4])\n    {\n        {\n            if(helperGood() == NULL)  \n            {\n                printLine(\"Got a NULL\");\n            }\n        }\n    }\n}",
        "CWE_ID": "CWE480",
        "question": "Question: Examine the following code snippet variants. Which set of ([Masked Value], [Masked Space]) will not trigger CWE480 weakness while maintaining the original functionality of the code?",
        "choices": {
            "A": "We assign \"552\" to the [Masked Value]. At Masked Space [1], we put if (StaticValue==552). At Masked Space [2], we put if(StaticValue==568). At Masked Space [3], we put if (StaticValue==622). At Masked Space [4], we put if (StaticValue==482). ",
            "B": "None of the modifications resolve the issue without triggering CWE480.",
            "C": "We assign \"568\" to the [Masked Value]. At Masked Space [1], we put if (StaticValue==482). At Masked Space [2], we put if(StaticValue==568). At Masked Space [3], we put if (StaticValue==622). At Masked Space [4], we put if (StaticValue==552). ",
            "D": "We assign \"552\" to the [Masked Value]. At Masked Space [1], we put if (StaticValue==482). At Masked Space [2], we put if(StaticValue==568). At Masked Space [3], we put if (StaticValue==622). At Masked Space [4], we put if (StaticValue==552). "
        },
        "answer": "D",
        "distance": "outer"
    }
]