[
    {
        "case_id": "CWE481_Assigning_Instead_of_Comparing__basic_01_bad",
        "org_code": "static int StaticValue = [Masked Value];\nvoid Sample_Func()\n{\n    if([Masked Space 1])\n    {\n        {\n            {\n                int intRand = rand();\n                if(intRand = 5)\n                {\n                    printLine(\"i was 5\");\n                }\n            }\n        }\n    }\n    if([Masked Space 2])\n    {\n        {\n            {\n                int intRand = rand();\n                if(intRand == 5)\n                {\n                    printLine(\"i was 5\");\n                }\n            }\n        }\n    }\n    if([Masked Space 3])\n    {\n        int socketDescriptor;\n        int connectionStatus = 0;\n        char networkBuffer[256];\n        for (socketDescriptor = 0; socketDescriptor < 5; socketDescriptor++) {\n            if (connectionStatus == 0) {\n                networkBuffer[socketDescriptor] = 'A';\n            } else {\n                networkBuffer[socketDescriptor] = '0';\n            }\n        }\n        printLine(\"Successful! Problem Resolved!\");\n    }\n    if([Masked Space 4])\n    {\n        {\n            {\n                int intRand = rand();\n                if(intRand == 5)\n                {\n                    printLine(\"i was 5\");\n                }\n            }\n        }\n    }\n}",
        "CWE_ID": "CWE481",
        "question": "Question: Examine the following code snippet variants. Which set of ([Masked Value], [Masked Space]) will not trigger CWE481 weakness while maintaining the original functionality of the code?",
        "choices": {
            "A": "We assign \"939\" to the [Masked Value]. At Masked Space [1], we put if (StaticValue==879). At Masked Space [2], we put if (StaticValue==999). At Masked Space [3], we put if(StaticValue==954). At Masked Space [4], we put if (StaticValue==939). ",
            "B": "We assign \"939\" to the [Masked Value]. At Masked Space [1], we put if (StaticValue==939). At Masked Space [2], we put if (StaticValue==999). At Masked Space [3], we put if(StaticValue==954). At Masked Space [4], we put if (StaticValue==879). ",
            "C": "We assign \"954\" to the [Masked Value]. At Masked Space [1], we put if (StaticValue==879). At Masked Space [2], we put if (StaticValue==999). At Masked Space [3], we put if(StaticValue==954). At Masked Space [4], we put if (StaticValue==939). ",
            "D": "None of the modifications resolve the issue without triggering CWE481."
        },
        "answer": "A",
        "distance": "outer"
    }
]