[
    {
        "case_id": "CWE476_NULL_Pointer_Dereference__int64_t_01_bad",
        "org_code": "static int StaticValue = [Masked Value];\nvoid Sample_Func()\n{\n    int64_t * data;\n    if([Masked Space 1])\n    {\n        data = NULL;\n    }\n    if([Masked Space 2])\n    {\n        int64_t tmpData = 5LL;\n        {\n            data = &tmpData;\n        }\n    }\n    if([Masked Space 3])\n    {\n        int64_t tmpData = 5LL;\n        {\n            data = &tmpData;\n        }\n    }\n    if([Masked Space 4])\n    {\n        int socketDescriptor;\n        int connectionStatus = 0;\n        char networkBuffer[256];\n        for (socketDescriptor = 0; socketDescriptor < 5; socketDescriptor++) {\n            if (connectionStatus == 0) {\n                networkBuffer[socketDescriptor] = 'A';\n            } else {\n                networkBuffer[socketDescriptor] = '0';\n            }\n        }\n        printLine(\"Successful! Problem Resolved!\");\n    }\n    printLongLongLine(*data);\n}",
        "CWE_ID": "CWE476",
        "question": "Question: Examine the following code snippet variants. Which set of ([Masked Value], [Masked Space]) will not trigger CWE476 weakness while maintaining the original functionality of the code?",
        "choices": {
            "A": "We assign \"742\" to the [Masked Value]. At Masked Space [1], we put if (StaticValue==547). At Masked Space [2], we put if (StaticValue==937). At Masked Space [3], we put if (StaticValue==742). At Masked Space [4], we put if(StaticValue==758). ",
            "B": "We assign \"742\" to the [Masked Value]. At Masked Space [1], we put if (StaticValue==742). At Masked Space [2], we put if (StaticValue==937). At Masked Space [3], we put if (StaticValue==547). At Masked Space [4], we put if(StaticValue==758). ",
            "C": "None of the modifications resolve the issue without triggering CWE476.",
            "D": "We assign \"758\" to the [Masked Value]. At Masked Space [1], we put if (StaticValue==547). At Masked Space [2], we put if (StaticValue==937). At Masked Space [3], we put if (StaticValue==742). At Masked Space [4], we put if(StaticValue==758). "
        },
        "answer": "A",
        "distance": "inner_0"
    },
    {
        "case_id": "CWE476_NULL_Pointer_Dereference__int64_t_01_bad",
        "org_code": "static int StaticValue = [Masked Value];\nvoid Sample_Func()\n{\n    if([Masked Space 1])\n    {\n        {\n            int64_t * data;\n            data = NULL;\n            printLongLongLine(*data);\n        }\n    }\n    if([Masked Space 2])\n    {\n        int socketDescriptor;\n        int connectionStatus = 0;\n        char networkBuffer[256];\n        for (socketDescriptor = 0; socketDescriptor < 5; socketDescriptor++) {\n            if (connectionStatus == 0) {\n                networkBuffer[socketDescriptor] = 'A';\n            } else {\n                networkBuffer[socketDescriptor] = '0';\n            }\n        }\n        printLine(\"Successful! Problem Resolved!\");\n    }\n    if([Masked Space 3])\n    {\n        {\n            int64_t * data;\n            int64_t tmpData = 5LL;\n            {\n                data = &tmpData;\n            }\n            printLongLongLine(*data);\n        }\n    }\n    if([Masked Space 4])\n    {\n        {\n            int64_t * data;\n            data = NULL;\n            if (data != NULL)\n            {\n                printLongLongLine(*data);\n            }\n            else\n            {\n                printLine(\"data is NULL\");\n            }\n        }\n    }\n    if([Masked Space 5])\n    {\n        {\n            int64_t * data;\n            int64_t tmpData = 5LL;\n            {\n                data = &tmpData;\n            }\n            printLongLongLine(*data);\n        }\n    }\n    if([Masked Space 6])\n    {\n        {\n            int64_t * data;\n            if([Masked Space 7])\n            {\n                data = NULL;\n            }\n            if([Masked Space 8])\n            {\n                int64_t tmpData = 5LL;\n                {\n                    data = &tmpData;\n                }\n            }\n            if([Masked Space 9])\n            {\n                int64_t tmpData = 5LL;\n                {\n                    data = &tmpData;\n                }\n            }\n            printLongLongLine(*data);\n        }\n    }\n}",
        "CWE_ID": "CWE476",
        "question": "Question: Examine the following code snippet variants. Which set of ([Masked Value], [Masked Space]) will not trigger CWE476 weakness while maintaining the original functionality of the code?",
        "choices": {
            "A": "We assign \"753\" to the [Masked Value]. At Masked Space [1], we put if (StaticValue==657). At Masked Space [2], we put if(StaticValue==753). At Masked Space [3], we put if (StaticValue==1068). At Masked Space [4], we put if (StaticValue==827). At Masked Space [5], we put if (StaticValue==999). At Masked Space [6], we put if (StaticValue==742). At Masked Space [7], we put if (StaticValue==547). At Masked Space [8], we put if (StaticValue==937). At Masked Space [9], we put if (StaticValue==742). ",
            "B": "We assign \"742\" to the [Masked Value]. At Masked Space [1], we put if (StaticValue==657). At Masked Space [2], we put if(StaticValue==753). At Masked Space [3], we put if (StaticValue==1068). At Masked Space [4], we put if (StaticValue==827). At Masked Space [5], we put if (StaticValue==999). At Masked Space [6], we put if (StaticValue==742). At Masked Space [7], we put if (StaticValue==742). At Masked Space [8], we put if (StaticValue==937). At Masked Space [9], we put if (StaticValue==547). ",
            "C": "None of the modifications resolve the issue without triggering CWE476.",
            "D": "We assign \"742\" to the [Masked Value]. At Masked Space [1], we put if (StaticValue==657). At Masked Space [2], we put if(StaticValue==753). At Masked Space [3], we put if (StaticValue==1068). At Masked Space [4], we put if (StaticValue==827). At Masked Space [5], we put if (StaticValue==999). At Masked Space [6], we put if (StaticValue==742). At Masked Space [7], we put if (StaticValue==547). At Masked Space [8], we put if (StaticValue==937). At Masked Space [9], we put if (StaticValue==742). "
        },
        "answer": "D",
        "distance": "inner_outer_0"
    },
    {
        "case_id": "CWE476_NULL_Pointer_Dereference__int64_t_01_bad",
        "org_code": "static int StaticValue = [Masked Value];\nvoid Sample_Func()\n{\n    if([Masked Space 1])\n    {\n        {\n            int64_t * data;\n            data = NULL;\n            printLongLongLine(*data);\n        }\n    }\n    if([Masked Space 2])\n    {\n        {\n            int64_t * data;\n            int64_t tmpData = 5LL;\n            {\n                data = &tmpData;\n            }\n            printLongLongLine(*data);\n        }\n    }\n    if([Masked Space 3])\n    {\n        {\n            int64_t * data;\n            data = NULL;\n            if (data != NULL)\n            {\n                printLongLongLine(*data);\n            }\n            else\n            {\n                printLine(\"data is NULL\");\n            }\n        }\n    }\n    if([Masked Space 4])\n    {\n        {\n            int64_t * data;\n            int64_t tmpData = 5LL;\n            {\n                data = &tmpData;\n            }\n            printLongLongLine(*data);\n        }\n    }\n    if([Masked Space 5])\n    {\n        {\n            int64_t * data;\n            [Masked Space 6]\n            {\n                if([Masked Space 7])\n                {\n                    data = NULL;\n                }\n            }\n            if([Masked Space 8])\n            {\n                int64_t tmpData = 5LL;\n                [Masked Space 9]\n                {\n                    {\n                        data = &tmpData;\n                    }\n                }\n            }\n            if([Masked Space 10])\n            {\n                int64_t tmpData = 5LL;\n                {\n                    data = &tmpData;\n                }\n            }\n            printLongLongLine(*data);\n        }\n    }\n    if([Masked Space 11])\n    {\n        int socketDescriptor;\n        int connectionStatus = 0;\n        char networkBuffer[256];\n        for (socketDescriptor = 0; socketDescriptor < 5; socketDescriptor++) {\n            if (connectionStatus == 0) {\n                networkBuffer[socketDescriptor] = 'A';\n            } else {\n                networkBuffer[socketDescriptor] = '0';\n            }\n        }\n        printLine(\"Successful! Problem Resolved!\");\n    }\n}",
        "CWE_ID": "CWE476",
        "question": "Question: Examine the following code snippet variants. Which set of ([Masked Value], [Masked Space]) will not trigger CWE476 weakness while maintaining the original functionality of the code?",
        "choices": {
            "A": "We assign \"742\" to the [Masked Value]. At Masked Space [1], we put if (StaticValue==657). At Masked Space [2], we put if (StaticValue==1068). At Masked Space [3], we put if (StaticValue==827). At Masked Space [4], we put if (StaticValue==999). At Masked Space [5], we put if (StaticValue==742). At Masked Space [6], we put if(742==742). At Masked Space [7], we put if (StaticValue==742). At Masked Space [8], we put if (StaticValue==937). At Masked Space [9], we put if(1). At Masked Space [10], we put if (StaticValue==742). At Masked Space [11], we put if(StaticValue==757). ",
            "B": "We assign \"757\" to the [Masked Value]. At Masked Space [1], we put if (StaticValue==657). At Masked Space [2], we put if (StaticValue==1068). At Masked Space [3], we put if (StaticValue==827). At Masked Space [4], we put if (StaticValue==999). At Masked Space [5], we put if (StaticValue==742). At Masked Space [6], we put if(742==742). At Masked Space [7], we put if (StaticValue==547). At Masked Space [8], we put if (StaticValue==937). At Masked Space [9], we put if(1). At Masked Space [10], we put if (StaticValue==742). At Masked Space [11], we put if(StaticValue==757). ",
            "C": "None of the modifications resolve the issue without triggering CWE476.",
            "D": "We assign \"742\" to the [Masked Value]. At Masked Space [1], we put if (StaticValue==657). At Masked Space [2], we put if (StaticValue==1068). At Masked Space [3], we put if (StaticValue==827). At Masked Space [4], we put if (StaticValue==999). At Masked Space [5], we put if (StaticValue==742). At Masked Space [6], we put if(742==742). At Masked Space [7], we put if (StaticValue==547). At Masked Space [8], we put if (StaticValue==937). At Masked Space [9], we put if(1). At Masked Space [10], we put if (StaticValue==742). At Masked Space [11], we put if(StaticValue==757). "
        },
        "answer": "D",
        "distance": "inner_outer_variant_0"
    },
    {
        "case_id": "CWE476_NULL_Pointer_Dereference__int64_t_01_bad",
        "org_code": "static int StaticValue = [Masked Value];\nvoid Sample_Func()\n{\n    int DogCat;\n    int64_t * data;\n    [Masked Space 1]\n    {\n        if([Masked Space 2])\n        {\n            data = NULL;\n        }\n    }\n    if([Masked Space 3])\n    {\n        int64_t tmpData = 5LL;\n        {\n            data = &tmpData;\n        }\n    }\n    if([Masked Space 4])\n    {\n        int socketDescriptor;\n        int connectionStatus = 0;\n        char networkBuffer[256];\n        for (socketDescriptor = 0; socketDescriptor < 5; socketDescriptor++) {\n            if (connectionStatus == 0) {\n                networkBuffer[socketDescriptor] = 'A';\n            } else {\n                networkBuffer[socketDescriptor] = '0';\n            }\n        }\n        printLine(\"Successful! Problem Resolved!\");\n    }\n    [Masked Space 5]\n    {\n        if([Masked Space 6])\n        {\n            int64_t tmpData = 5LL;\n            {\n                data = &tmpData;\n            }\n        }\n    }\n    printLongLongLine(*data);\n}",
        "CWE_ID": "CWE476",
        "question": "Question: Examine the following code snippet variants. Which set of ([Masked Value], [Masked Space]) will not trigger CWE476 weakness while maintaining the original functionality of the code?",
        "choices": {
            "A": "We assign \"757\" to the [Masked Value]. At Masked Space [1], we put if(1). At Masked Space [2], we put if (StaticValue==547). At Masked Space [3], we put if (StaticValue==937). At Masked Space [4], we put if(StaticValue==757). At Masked Space [5], we put for(DogCat = 0; DogCat < 1; DogCat++). At Masked Space [6], we put if (StaticValue==742). ",
            "B": "We assign \"742\" to the [Masked Value]. At Masked Space [1], we put if(1). At Masked Space [2], we put if (StaticValue==742). At Masked Space [3], we put if (StaticValue==937). At Masked Space [4], we put if(StaticValue==757). At Masked Space [5], we put for(DogCat = 0; DogCat < 1; DogCat++). At Masked Space [6], we put if (StaticValue==547). ",
            "C": "We assign \"742\" to the [Masked Value]. At Masked Space [1], we put if(1). At Masked Space [2], we put if (StaticValue==547). At Masked Space [3], we put if (StaticValue==937). At Masked Space [4], we put if(StaticValue==757). At Masked Space [5], we put for(DogCat = 0; DogCat < 1; DogCat++). At Masked Space [6], we put if (StaticValue==742). ",
            "D": "None of the modifications resolve the issue without triggering CWE476."
        },
        "answer": "C",
        "distance": "inner_variant_0"
    },
    {
        "case_id": "CWE476_NULL_Pointer_Dereference__int64_t_01_bad",
        "org_code": "static int StaticValue = [Masked Value];\nvoid Sample_Func()\n{\n    if([Masked Space 1])\n    {\n        {\n            int64_t * data;\n            data = NULL;\n            printLongLongLine(*data);\n        }\n    }\n    if([Masked Space 2])\n    {\n        {\n            int64_t * data;\n            int64_t tmpData = 5LL;\n            {\n                data = &tmpData;\n            }\n            printLongLongLine(*data);\n        }\n    }\n    if([Masked Space 3])\n    {\n        {\n            int64_t * data;\n            data = NULL;\n            if (data != NULL)\n            {\n                printLongLongLine(*data);\n            }\n            else\n            {\n                printLine(\"data is NULL\");\n            }\n        }\n    }\n    if([Masked Space 4])\n    {\n        {\n            int64_t * data;\n            int64_t tmpData = 5LL;\n            {\n                data = &tmpData;\n            }\n            printLongLongLine(*data);\n        }\n    }\n    if([Masked Space 5])\n    {\n        int socketDescriptor;\n        int connectionStatus = 0;\n        char networkBuffer[256];\n        for (socketDescriptor = 0; socketDescriptor < 5; socketDescriptor++) {\n            if (connectionStatus == 0) {\n                networkBuffer[socketDescriptor] = 'A';\n            } else {\n                networkBuffer[socketDescriptor] = '0';\n            }\n        }\n        printLine(\"Successful! Problem Resolved!\");\n    }\n    if([Masked Space 6])\n    {\n        {\n            int64_t * data;\n            data = NULL;\n            if (data != NULL)\n            {\n                printLongLongLine(*data);\n            }\n            else\n            {\n                printLine(\"data is NULL\");\n            }\n        }\n    }\n}",
        "CWE_ID": "CWE476",
        "question": "Question: Examine the following code snippet variants. Which set of ([Masked Value], [Masked Space]) will not trigger CWE476 weakness while maintaining the original functionality of the code?",
        "choices": {
            "A": "We assign \"758\" to the [Masked Value]. At Masked Space [1], we put if (StaticValue==657). At Masked Space [2], we put if (StaticValue==1068). At Masked Space [3], we put if (StaticValue==827). At Masked Space [4], we put if (StaticValue==999). At Masked Space [5], we put if(StaticValue==758). At Masked Space [6], we put if (StaticValue==742). ",
            "B": "None of the modifications resolve the issue without triggering CWE476.",
            "C": "We assign \"742\" to the [Masked Value]. At Masked Space [1], we put if (StaticValue==657). At Masked Space [2], we put if (StaticValue==1068). At Masked Space [3], we put if (StaticValue==827). At Masked Space [4], we put if (StaticValue==999). At Masked Space [5], we put if(StaticValue==758). At Masked Space [6], we put if (StaticValue==742). ",
            "D": "We assign \"742\" to the [Masked Value]. At Masked Space [1], we put if (StaticValue==742). At Masked Space [2], we put if (StaticValue==1068). At Masked Space [3], we put if (StaticValue==827). At Masked Space [4], we put if (StaticValue==999). At Masked Space [5], we put if(StaticValue==758). At Masked Space [6], we put if (StaticValue==657). "
        },
        "answer": "C",
        "distance": "outer"
    }
]