[
    {
        "case_id": "CWE587_Assignment_of_Fixed_Address_to_Pointer__basic_01_bad",
        "org_code": "static int StaticValue = [Masked Value];\nvoid Sample_Func()\n{\n    if([Masked Space 1])\n    {\n        {\n            {\n                char *charPointer = (char*)0x400000;\n                printHexCharLine(*charPointer);\n            }\n        }\n    }\n    if([Masked Space 2])\n    {\n        {\n            {\n                char charStack = 'a';\n                char *charPointer = &charStack;\n                printHexCharLine(*charPointer);\n            }\n        }\n    }\n    if([Masked Space 3])\n    {\n        {\n            {\n                char charStack = 'a';\n                char *charPointer = &charStack;\n                printHexCharLine(*charPointer);\n            }\n        }\n    }\n    if([Masked Space 4])\n    {\n        int socketDescriptor;\n        int connectionStatus = 0;\n        char networkBuffer[256];\n        for (socketDescriptor = 0; socketDescriptor < 5; socketDescriptor++) {\n            if (connectionStatus == 0) {\n                networkBuffer[socketDescriptor] = 'A';\n            } else {\n                networkBuffer[socketDescriptor] = '0';\n            }\n        }\n        printLine(\"Successful! Problem Resolved!\");\n    }\n}",
        "CWE_ID": "CWE587",
        "question": "Question: Examine the following code snippet variants. Which set of ([Masked Value], [Masked Space]) will not trigger CWE587 weakness while maintaining the original functionality of the code?",
        "choices": {
            "A": "We assign \"341\" to the [Masked Value]. At Masked Space [1], we put if (StaticValue==247). At Masked Space [2], we put if (StaticValue==409). At Masked Space [3], we put if (StaticValue==328). At Masked Space [4], we put if(StaticValue==341). ",
            "B": "We assign \"328\" to the [Masked Value]. At Masked Space [1], we put if (StaticValue==328). At Masked Space [2], we put if (StaticValue==409). At Masked Space [3], we put if (StaticValue==247). At Masked Space [4], we put if(StaticValue==341). ",
            "C": "We assign \"328\" to the [Masked Value]. At Masked Space [1], we put if (StaticValue==247). At Masked Space [2], we put if (StaticValue==409). At Masked Space [3], we put if (StaticValue==328). At Masked Space [4], we put if(StaticValue==341). ",
            "D": "None of the modifications resolve the issue without triggering CWE587."
        },
        "answer": "C",
        "distance": "outer"
    }
]