[
    {
        "case_id": "CWE416_Use_After_Free__malloc_free_long_01_bad",
        "org_code": "static int StaticValue = [Masked Value];\nvoid Sample_Func()\n{\n    long * data;\n    data = NULL;\n    data = (long *)malloc(100*sizeof(long));\n    if (data == NULL) {exit(-1);}\n    {\n        size_t i;\n        for(i = 0; i < 100; i++)\n        {\n            data[i] = 5L;\n        }\n    }\n    if([Masked Space 1])\n    {\n        free(data);\n    }\n    if([Masked Space 2])\n    {\n        int socketDescriptor;\n        int connectionStatus = 0;\n        char networkBuffer[256];\n        for (socketDescriptor = 0; socketDescriptor < 5; socketDescriptor++) {\n            if (connectionStatus == 0) {\n                networkBuffer[socketDescriptor] = 'A';\n            } else {\n                networkBuffer[socketDescriptor] = '0';\n            }\n        }\n        printLine(\"Successful! Problem Resolved!\");\n    }\n    printLongLine(data[0]);\n}",
        "CWE_ID": "CWE416",
        "question": "Question: Examine the following code snippet variants. Which set of ([Masked Value], [Masked Space]) will not trigger CWE416 weakness while maintaining the original functionality of the code?",
        "choices": {
            "A": "We assign \"372\" to the [Masked Value]. At Masked Space [1], we put if (StaticValue==372). At Masked Space [2], we put if(StaticValue==390). ",
            "B": "We assign \"390\" to the [Masked Value]. At Masked Space [1], we put if (StaticValue==263). At Masked Space [2], we put if(StaticValue==390). ",
            "C": "We assign \"372\" to the [Masked Value]. At Masked Space [1], we put if (StaticValue==263). At Masked Space [2], we put if(StaticValue==390). ",
            "D": "None of the modifications resolve the issue without triggering CWE416."
        },
        "answer": "C",
        "distance": "inner_0"
    },
    {
        "case_id": "CWE416_Use_After_Free__malloc_free_long_01_bad",
        "org_code": "static int StaticValue = [Masked Value];\nvoid Sample_Func()\n{\n    long * data;\n    data = NULL;\n    data = (long *)malloc(100*sizeof(long));\n    if (data == NULL) {exit(-1);}\n    {\n        size_t i;\n        for(i = 0; i < 100; i++)\n        {\n            data[i] = 5L;\n        }\n    }\n    free(data);\n    if([Masked Space 1])\n    {\n        printLongLine(data[0]);\n    }\n    if([Masked Space 2])\n    {\n        ;  \n    }\n    if([Masked Space 3])\n    {\n        int socketDescriptor;\n        int connectionStatus = 0;\n        char networkBuffer[256];\n        for (socketDescriptor = 0; socketDescriptor < 5; socketDescriptor++) {\n            if (connectionStatus == 0) {\n                networkBuffer[socketDescriptor] = 'A';\n            } else {\n                networkBuffer[socketDescriptor] = '0';\n            }\n        }\n        printLine(\"Successful! Problem Resolved!\");\n    }\n    if([Masked Space 4])\n    {\n        ;  \n    }\n}",
        "CWE_ID": "CWE416",
        "question": "Question: Examine the following code snippet variants. Which set of ([Masked Value], [Masked Space]) will not trigger CWE416 weakness while maintaining the original functionality of the code?",
        "choices": {
            "A": "We assign \"392\" to the [Masked Value]. At Masked Space [1], we put if (StaticValue==262). At Masked Space [2], we put if (StaticValue==482). At Masked Space [3], we put if(StaticValue==392). At Masked Space [4], we put if (StaticValue==372). ",
            "B": "We assign \"372\" to the [Masked Value]. At Masked Space [1], we put if (StaticValue==372). At Masked Space [2], we put if (StaticValue==482). At Masked Space [3], we put if(StaticValue==392). At Masked Space [4], we put if (StaticValue==262). ",
            "C": "None of the modifications resolve the issue without triggering CWE416.",
            "D": "We assign \"372\" to the [Masked Value]. At Masked Space [1], we put if (StaticValue==262). At Masked Space [2], we put if (StaticValue==482). At Masked Space [3], we put if(StaticValue==392). At Masked Space [4], we put if (StaticValue==372). "
        },
        "answer": "D",
        "distance": "inner_1"
    },
    {
        "case_id": "CWE416_Use_After_Free__malloc_free_long_01_bad",
        "org_code": "static int StaticValue = [Masked Value];\nvoid Sample_Func()\n{\n    if([Masked Space 1])\n    {\n        {\n            long * data;\n            data = NULL;\n            data = (long *)malloc(100*sizeof(long));\n            if (data == NULL) {exit(-1);}\n            {\n                size_t i;\n                for(i = 0; i < 100; i++)\n                {\n                    data[i] = 5L;\n                }\n            }\n            free(data);\n            printLongLine(data[0]);\n        }\n    }\n    if([Masked Space 2])\n    {\n        {\n            long * data;\n            data = NULL;\n            data = (long *)malloc(100*sizeof(long));\n            if (data == NULL) {exit(-1);}\n            {\n                size_t i;\n                for(i = 0; i < 100; i++)\n                {\n                    data[i] = 5L;\n                }\n            }\n            printLongLine(data[0]);\n        }\n    }\n    if([Masked Space 3])\n    {\n        {\n            long * data;\n            data = NULL;\n            data = (long *)malloc(100*sizeof(long));\n            if (data == NULL) {exit(-1);}\n            {\n                size_t i;\n                for(i = 0; i < 100; i++)\n                {\n                    data[i] = 5L;\n                }\n            }\n            free(data);\n            ;  \n        }\n    }\n    if([Masked Space 4])\n    {\n        {\n            long * data;\n            data = NULL;\n            data = (long *)malloc(100*sizeof(long));\n            if (data == NULL) {exit(-1);}\n            {\n                size_t i;\n                for(i = 0; i < 100; i++)\n                {\n                    data[i] = 5L;\n                }\n            }\n            printLongLine(data[0]);\n        }\n    }\n    if([Masked Space 5])\n    {\n        {\n            long * data;\n            data = NULL;\n            data = (long *)malloc(100*sizeof(long));\n            if (data == NULL) {exit(-1);}\n            {\n                size_t i;\n                for(i = 0; i < 100; i++)\n                {\n                    data[i] = 5L;\n                }\n            }\n            if([Masked Space 6])\n            {\n                free(data);\n            }\n            printLongLine(data[0]);\n        }\n    }\n    if([Masked Space 7])\n    {\n        int socketDescriptor;\n        int connectionStatus = 0;\n        char networkBuffer[256];\n        for (socketDescriptor = 0; socketDescriptor < 5; socketDescriptor++) {\n            if (connectionStatus == 0) {\n                networkBuffer[socketDescriptor] = 'A';\n            } else {\n                networkBuffer[socketDescriptor] = '0';\n            }\n        }\n        printLine(\"Successful! Problem Resolved!\");\n    }\n}",
        "CWE_ID": "CWE416",
        "question": "Question: Examine the following code snippet variants. Which set of ([Masked Value], [Masked Space]) will not trigger CWE416 weakness while maintaining the original functionality of the code?",
        "choices": {
            "A": "We assign \"372\" to the [Masked Value]. At Masked Space [1], we put if (StaticValue==351). At Masked Space [2], we put if (StaticValue==595). At Masked Space [3], we put if (StaticValue==393). At Masked Space [4], we put if (StaticValue==583). At Masked Space [5], we put if (StaticValue==372). At Masked Space [6], we put if (StaticValue==263). At Masked Space [7], we put if(StaticValue==383). ",
            "B": "We assign \"383\" to the [Masked Value]. At Masked Space [1], we put if (StaticValue==351). At Masked Space [2], we put if (StaticValue==595). At Masked Space [3], we put if (StaticValue==393). At Masked Space [4], we put if (StaticValue==583). At Masked Space [5], we put if (StaticValue==372). At Masked Space [6], we put if (StaticValue==263). At Masked Space [7], we put if(StaticValue==383). ",
            "C": "We assign \"372\" to the [Masked Value]. At Masked Space [1], we put if (StaticValue==351). At Masked Space [2], we put if (StaticValue==595). At Masked Space [3], we put if (StaticValue==393). At Masked Space [4], we put if (StaticValue==583). At Masked Space [5], we put if (StaticValue==372). At Masked Space [6], we put if (StaticValue==372). At Masked Space [7], we put if(StaticValue==383). ",
            "D": "None of the modifications resolve the issue without triggering CWE416."
        },
        "answer": "A",
        "distance": "inner_outer_0"
    },
    {
        "case_id": "CWE416_Use_After_Free__malloc_free_long_01_bad",
        "org_code": "static int StaticValue = [Masked Value];\nvoid Sample_Func()\n{\n    if([Masked Space 1])\n    {\n        {\n            long * data;\n            data = NULL;\n            data = (long *)malloc(100*sizeof(long));\n            if (data == NULL) {exit(-1);}\n            {\n                size_t i;\n                for(i = 0; i < 100; i++)\n                {\n                    data[i] = 5L;\n                }\n            }\n            free(data);\n            printLongLine(data[0]);\n        }\n    }\n    if([Masked Space 2])\n    {\n        {\n            long * data;\n            data = NULL;\n            data = (long *)malloc(100*sizeof(long));\n            if (data == NULL) {exit(-1);}\n            {\n                size_t i;\n                for(i = 0; i < 100; i++)\n                {\n                    data[i] = 5L;\n                }\n            }\n            printLongLine(data[0]);\n        }\n    }\n    if([Masked Space 3])\n    {\n        {\n            long * data;\n            data = NULL;\n            data = (long *)malloc(100*sizeof(long));\n            if (data == NULL) {exit(-1);}\n            {\n                size_t i;\n                for(i = 0; i < 100; i++)\n                {\n                    data[i] = 5L;\n                }\n            }\n            free(data);\n            ;  \n        }\n    }\n    if([Masked Space 4])\n    {\n        {\n            long * data;\n            data = NULL;\n            data = (long *)malloc(100*sizeof(long));\n            if (data == NULL) {exit(-1);}\n            {\n                size_t i;\n                for(i = 0; i < 100; i++)\n                {\n                    data[i] = 5L;\n                }\n            }\n            printLongLine(data[0]);\n        }\n    }\n    if([Masked Space 5])\n    {\n        int socketDescriptor;\n        int connectionStatus = 0;\n        char networkBuffer[256];\n        for (socketDescriptor = 0; socketDescriptor < 5; socketDescriptor++) {\n            if (connectionStatus == 0) {\n                networkBuffer[socketDescriptor] = 'A';\n            } else {\n                networkBuffer[socketDescriptor] = '0';\n            }\n        }\n        printLine(\"Successful! Problem Resolved!\");\n    }\n    if([Masked Space 6])\n    {\n        {\n            long * data;\n            data = NULL;\n            data = (long *)malloc(100*sizeof(long));\n            if (data == NULL) {exit(-1);}\n            {\n                size_t i;\n                for(i = 0; i < 100; i++)\n                {\n                    data[i] = 5L;\n                }\n            }\n            free(data);\n            if([Masked Space 7])\n            {\n                printLongLine(data[0]);\n            }\n            if([Masked Space 8])\n            {\n                ;  \n            }\n            if([Masked Space 9])\n            {\n                ;  \n            }\n        }\n    }\n}",
        "CWE_ID": "CWE416",
        "question": "Question: Examine the following code snippet variants. Which set of ([Masked Value], [Masked Space]) will not trigger CWE416 weakness while maintaining the original functionality of the code?",
        "choices": {
            "A": "None of the modifications resolve the issue without triggering CWE416.",
            "B": "We assign \"387\" to the [Masked Value]. At Masked Space [1], we put if (StaticValue==351). At Masked Space [2], we put if (StaticValue==595). At Masked Space [3], we put if (StaticValue==393). At Masked Space [4], we put if (StaticValue==583). At Masked Space [5], we put if(StaticValue==387). At Masked Space [6], we put if (StaticValue==372). At Masked Space [7], we put if (StaticValue==262). At Masked Space [8], we put if (StaticValue==482). At Masked Space [9], we put if (StaticValue==372). ",
            "C": "We assign \"372\" to the [Masked Value]. At Masked Space [1], we put if (StaticValue==351). At Masked Space [2], we put if (StaticValue==595). At Masked Space [3], we put if (StaticValue==393). At Masked Space [4], we put if (StaticValue==583). At Masked Space [5], we put if(StaticValue==387). At Masked Space [6], we put if (StaticValue==372). At Masked Space [7], we put if (StaticValue==372). At Masked Space [8], we put if (StaticValue==482). At Masked Space [9], we put if (StaticValue==262). ",
            "D": "We assign \"372\" to the [Masked Value]. At Masked Space [1], we put if (StaticValue==351). At Masked Space [2], we put if (StaticValue==595). At Masked Space [3], we put if (StaticValue==393). At Masked Space [4], we put if (StaticValue==583). At Masked Space [5], we put if(StaticValue==387). At Masked Space [6], we put if (StaticValue==372). At Masked Space [7], we put if (StaticValue==262). At Masked Space [8], we put if (StaticValue==482). At Masked Space [9], we put if (StaticValue==372). "
        },
        "answer": "D",
        "distance": "inner_outer_1"
    },
    {
        "case_id": "CWE416_Use_After_Free__malloc_free_long_01_bad",
        "org_code": "static int StaticValue = [Masked Value];\nvoid Sample_Func()\n{\n    if([Masked Space 1])\n    {\n        {\n            long * data;\n            data = NULL;\n            [Masked Space 2]\n            {\n                data = (long *)malloc(100*sizeof(long));\n            }\n            if (data == NULL) {exit(-1);}\n            [Masked Space 3]\n            {\n                {\n                    size_t i;\n                    for(i = 0; i < 100; i++)\n                    {\n                        data[i] = 5L;\n                    }\n                }\n            }\n            free(data);\n            printLongLine(data[0]);\n        }\n    }\n    if([Masked Space 4])\n    {\n        int socketDescriptor;\n        int connectionStatus = 0;\n        char networkBuffer[256];\n        for (socketDescriptor = 0; socketDescriptor < 5; socketDescriptor++) {\n            if (connectionStatus == 0) {\n                networkBuffer[socketDescriptor] = 'A';\n            } else {\n                networkBuffer[socketDescriptor] = '0';\n            }\n        }\n        printLine(\"Successful! Problem Resolved!\");\n    }\n    if([Masked Space 5])\n    {\n        int DogCat;\n        {\n            long * data;\n            data = NULL;\n            [Masked Space 6]\n            {\n                data = (long *)malloc(100*sizeof(long));\n            }\n            if (data == NULL) {exit(-1);}\n            [Masked Space 7]\n            {\n                {\n                    size_t i;\n                    for(i = 0; i < 100; i++)\n                    {\n                        data[i] = 5L;\n                    }\n                }\n            }\n            printLongLine(data[0]);\n        }\n    }\n    if([Masked Space 8])\n    {\n        int DogCat;\n        {\n            long * data;\n            data = NULL;\n            [Masked Space 9]\n            {\n                data = (long *)malloc(100*sizeof(long));\n            }\n            if (data == NULL) {exit(-1);}\n            [Masked Space 10]\n            {\n                {\n                    size_t i;\n                    for(i = 0; i < 100; i++)\n                    {\n                        data[i] = 5L;\n                    }\n                }\n            }\n            free(data);\n            ;  \n        }\n    }\n    if([Masked Space 11])\n    {\n        {\n            long * data;\n            data = NULL;\n            [Masked Space 12]\n            {\n                data = (long *)malloc(100*sizeof(long));\n            }\n            if (data == NULL) {exit(-1);}\n            {\n                size_t i;\n                [Masked Space 13]\n                {\n                    for(i = 0; i < 100; i++)\n                    {\n                        data[i] = 5L;\n                    }\n                }\n            }\n            printLongLine(data[0]);\n        }\n    }\n    if([Masked Space 14])\n    {\n        int DogCat;\n        {\n            long * data;\n            data = NULL;\n            data = (long *)malloc(100*sizeof(long));\n            [Masked Space 15]\n            {\n                if (data == NULL) {exit(-1);}\n            }\n            {\n                size_t i;\n                [Masked Space 16]\n                {\n                    for(i = 0; i < 100; i++)\n                    {\n                        data[i] = 5L;\n                    }\n                }\n            }\n            if([Masked Space 17])\n            {\n                free(data);\n            }\n            printLongLine(data[0]);\n        }\n    }\n}",
        "CWE_ID": "CWE416",
        "question": "Question: Examine the following code snippet variants. Which set of ([Masked Value], [Masked Space]) will not trigger CWE416 weakness while maintaining the original functionality of the code?",
        "choices": {
            "A": "We assign \"372\" to the [Masked Value]. At Masked Space [1], we put if (StaticValue==351). At Masked Space [2], we put if(372==372). At Masked Space [3], we put if(1). At Masked Space [4], we put if(StaticValue==384). At Masked Space [5], we put if (StaticValue==595). At Masked Space [6], we put if(1). At Masked Space [7], we put for(DogCat = 0; DogCat < 1; DogCat++). At Masked Space [8], we put if (StaticValue==393). At Masked Space [9], we put if(372==372). At Masked Space [10], we put for(DogCat = 0; DogCat < 1; DogCat++). At Masked Space [11], we put if (StaticValue==583). At Masked Space [12], we put if(1). At Masked Space [13], we put if(372==372). At Masked Space [14], we put if (StaticValue==372). At Masked Space [15], we put for(DogCat = 0; DogCat < 1; DogCat++). At Masked Space [16], we put if(372==372). At Masked Space [17], we put if (StaticValue==263). ",
            "B": "We assign \"384\" to the [Masked Value]. At Masked Space [1], we put if (StaticValue==351). At Masked Space [2], we put if(372==372). At Masked Space [3], we put if(1). At Masked Space [4], we put if(StaticValue==384). At Masked Space [5], we put if (StaticValue==595). At Masked Space [6], we put if(1). At Masked Space [7], we put for(DogCat = 0; DogCat < 1; DogCat++). At Masked Space [8], we put if (StaticValue==393). At Masked Space [9], we put if(372==372). At Masked Space [10], we put for(DogCat = 0; DogCat < 1; DogCat++). At Masked Space [11], we put if (StaticValue==583). At Masked Space [12], we put if(1). At Masked Space [13], we put if(372==372). At Masked Space [14], we put if (StaticValue==372). At Masked Space [15], we put for(DogCat = 0; DogCat < 1; DogCat++). At Masked Space [16], we put if(372==372). At Masked Space [17], we put if (StaticValue==263). ",
            "C": "None of the modifications resolve the issue without triggering CWE416.",
            "D": "We assign \"372\" to the [Masked Value]. At Masked Space [1], we put if (StaticValue==351). At Masked Space [2], we put if(372==372). At Masked Space [3], we put if(1). At Masked Space [4], we put if(StaticValue==384). At Masked Space [5], we put if (StaticValue==595). At Masked Space [6], we put if(1). At Masked Space [7], we put for(DogCat = 0; DogCat < 1; DogCat++). At Masked Space [8], we put if (StaticValue==393). At Masked Space [9], we put if(372==372). At Masked Space [10], we put for(DogCat = 0; DogCat < 1; DogCat++). At Masked Space [11], we put if (StaticValue==583). At Masked Space [12], we put if(1). At Masked Space [13], we put if(372==372). At Masked Space [14], we put if (StaticValue==372). At Masked Space [15], we put for(DogCat = 0; DogCat < 1; DogCat++). At Masked Space [16], we put if(372==372). At Masked Space [17], we put if (StaticValue==372). "
        },
        "answer": "A",
        "distance": "inner_outer_variant_0"
    },
    {
        "case_id": "CWE416_Use_After_Free__malloc_free_long_01_bad",
        "org_code": "static int StaticValue = [Masked Value];\nvoid Sample_Func()\n{\n    if([Masked Space 1])\n    {\n        {\n            long * data;\n            data = NULL;\n            [Masked Space 2]\n            {\n                data = (long *)malloc(100*sizeof(long));\n            }\n            if (data == NULL) {exit(-1);}\n            [Masked Space 3]\n            {\n                {\n                    size_t i;\n                    for(i = 0; i < 100; i++)\n                    {\n                        data[i] = 5L;\n                    }\n                }\n            }\n            free(data);\n            printLongLine(data[0]);\n        }\n    }\n    if([Masked Space 4])\n    {\n        {\n            long * data;\n            data = NULL;\n            [Masked Space 5]\n            {\n                data = (long *)malloc(100*sizeof(long));\n            }\n            if (data == NULL) {exit(-1);}\n            [Masked Space 6]\n            {\n                {\n                    size_t i;\n                    for(i = 0; i < 100; i++)\n                    {\n                        data[i] = 5L;\n                    }\n                }\n            }\n            printLongLine(data[0]);\n        }\n    }\n    if([Masked Space 7])\n    {\n        int DogCat;\n        {\n            long * data;\n            data = NULL;\n            data = (long *)malloc(100*sizeof(long));\n            [Masked Space 8]\n            {\n                if (data == NULL) {exit(-1);}\n            }\n            {\n                size_t i;\n                [Masked Space 9]\n                {\n                    for(i = 0; i < 100; i++)\n                    {\n                        data[i] = 5L;\n                    }\n                }\n            }\n            free(data);\n            ;  \n        }\n    }\n    if([Masked Space 10])\n    {\n        int socketDescriptor;\n        int connectionStatus = 0;\n        char networkBuffer[256];\n        for (socketDescriptor = 0; socketDescriptor < 5; socketDescriptor++) {\n            if (connectionStatus == 0) {\n                networkBuffer[socketDescriptor] = 'A';\n            } else {\n                networkBuffer[socketDescriptor] = '0';\n            }\n        }\n        printLine(\"Successful! Problem Resolved!\");\n    }\n    if([Masked Space 11])\n    {\n        int DogCat;\n        {\n            long * data;\n            data = NULL;\n            [Masked Space 12]\n            {\n                data = (long *)malloc(100*sizeof(long));\n            }\n            if (data == NULL) {exit(-1);}\n            {\n                size_t i;\n                [Masked Space 13]\n                {\n                    for(i = 0; i < 100; i++)\n                    {\n                        data[i] = 5L;\n                    }\n                }\n            }\n            printLongLine(data[0]);\n        }\n    }\n    if([Masked Space 14])\n    {\n        {\n            long * data;\n            data = NULL;\n            data = (long *)malloc(100*sizeof(long));\n            if (data == NULL) {exit(-1);}\n            [Masked Space 15]\n            {\n                {\n                    size_t i;\n                    for(i = 0; i < 100; i++)\n                    {\n                        data[i] = 5L;\n                    }\n                }\n            }\n            free(data);\n            if([Masked Space 16])\n            {\n                printLongLine(data[0]);\n            }\n            if([Masked Space 17])\n            {\n                ;  \n            }\n            [Masked Space 18]\n            {\n                if([Masked Space 19])\n                {\n                    ;  \n                }\n            }\n        }\n    }\n}",
        "CWE_ID": "CWE416",
        "question": "Question: Examine the following code snippet variants. Which set of ([Masked Value], [Masked Space]) will not trigger CWE416 weakness while maintaining the original functionality of the code?",
        "choices": {
            "A": "We assign \"372\" to the [Masked Value]. At Masked Space [1], we put if (StaticValue==351). At Masked Space [2], we put if(1). At Masked Space [3], we put if(372==372). At Masked Space [4], we put if (StaticValue==595). At Masked Space [5], we put if(372==372). At Masked Space [6], we put if(StaticValue==372). At Masked Space [7], we put if (StaticValue==393). At Masked Space [8], we put for(DogCat = 0; DogCat < 1; DogCat++). At Masked Space [9], we put if(StaticValue==372). At Masked Space [10], we put if(StaticValue==391). At Masked Space [11], we put if (StaticValue==583). At Masked Space [12], we put for(DogCat = 0; DogCat < 1; DogCat++). At Masked Space [13], we put if(372==372). At Masked Space [14], we put if (StaticValue==372). At Masked Space [15], we put if(372==372). At Masked Space [16], we put if (StaticValue==262). At Masked Space [17], we put if (StaticValue==482). At Masked Space [18], we put if(StaticValue==372). At Masked Space [19], we put if (StaticValue==372). ",
            "B": "We assign \"372\" to the [Masked Value]. At Masked Space [1], we put if (StaticValue==351). At Masked Space [2], we put if(1). At Masked Space [3], we put if(372==372). At Masked Space [4], we put if (StaticValue==595). At Masked Space [5], we put if(372==372). At Masked Space [6], we put if(StaticValue==372). At Masked Space [7], we put if (StaticValue==393). At Masked Space [8], we put for(DogCat = 0; DogCat < 1; DogCat++). At Masked Space [9], we put if(StaticValue==372). At Masked Space [10], we put if(StaticValue==391). At Masked Space [11], we put if (StaticValue==583). At Masked Space [12], we put for(DogCat = 0; DogCat < 1; DogCat++). At Masked Space [13], we put if(372==372). At Masked Space [14], we put if (StaticValue==372). At Masked Space [15], we put if(372==372). At Masked Space [16], we put if (StaticValue==372). At Masked Space [17], we put if (StaticValue==482). At Masked Space [18], we put if(StaticValue==372). At Masked Space [19], we put if (StaticValue==372). ",
            "C": "None of the modifications resolve the issue without triggering CWE416.",
            "D": "We assign \"391\" to the [Masked Value]. At Masked Space [1], we put if (StaticValue==351). At Masked Space [2], we put if(1). At Masked Space [3], we put if(372==372). At Masked Space [4], we put if (StaticValue==595). At Masked Space [5], we put if(372==372). At Masked Space [6], we put if(StaticValue==372). At Masked Space [7], we put if (StaticValue==393). At Masked Space [8], we put for(DogCat = 0; DogCat < 1; DogCat++). At Masked Space [9], we put if(StaticValue==372). At Masked Space [10], we put if(StaticValue==391). At Masked Space [11], we put if (StaticValue==583). At Masked Space [12], we put for(DogCat = 0; DogCat < 1; DogCat++). At Masked Space [13], we put if(372==372). At Masked Space [14], we put if (StaticValue==372). At Masked Space [15], we put if(372==372). At Masked Space [16], we put if (StaticValue==262). At Masked Space [17], we put if (StaticValue==482). At Masked Space [18], we put if(StaticValue==372). At Masked Space [19], we put if (StaticValue==372). "
        },
        "answer": "A",
        "distance": "inner_outer_variant_1"
    },
    {
        "case_id": "CWE416_Use_After_Free__malloc_free_long_01_bad",
        "org_code": "static int StaticValue = [Masked Value];\nvoid Sample_Func()\n{\n    long * data;\n    data = NULL;\n    [Masked Space 1]\n    {\n        data = (long *)malloc(100*sizeof(long));\n    }\n    if (data == NULL) {exit(-1);}\n    [Masked Space 2]\n    {\n        {\n            size_t i;\n            for(i = 0; i < 100; i++)\n            {\n                data[i] = 5L;\n            }\n        }\n    }\n    if([Masked Space 3])\n    {\n        free(data);\n    }\n    if([Masked Space 4])\n    {\n        int socketDescriptor;\n        int connectionStatus = 0;\n        char networkBuffer[256];\n        for (socketDescriptor = 0; socketDescriptor < 5; socketDescriptor++) {\n            if (connectionStatus == 0) {\n                networkBuffer[socketDescriptor] = 'A';\n            } else {\n                networkBuffer[socketDescriptor] = '0';\n            }\n        }\n        printLine(\"Successful! Problem Resolved!\");\n    }\n    printLongLine(data[0]);\n}",
        "CWE_ID": "CWE416",
        "question": "Question: Examine the following code snippet variants. Which set of ([Masked Value], [Masked Space]) will not trigger CWE416 weakness while maintaining the original functionality of the code?",
        "choices": {
            "A": "We assign \"372\" to the [Masked Value]. At Masked Space [1], we put if(StaticValue==372). At Masked Space [2], we put if(372==372). At Masked Space [3], we put if (StaticValue==263). At Masked Space [4], we put if(StaticValue==384). ",
            "B": "None of the modifications resolve the issue without triggering CWE416.",
            "C": "We assign \"384\" to the [Masked Value]. At Masked Space [1], we put if(StaticValue==372). At Masked Space [2], we put if(372==372). At Masked Space [3], we put if (StaticValue==263). At Masked Space [4], we put if(StaticValue==384). ",
            "D": "We assign \"372\" to the [Masked Value]. At Masked Space [1], we put if(StaticValue==372). At Masked Space [2], we put if(372==372). At Masked Space [3], we put if (StaticValue==372). At Masked Space [4], we put if(StaticValue==384). "
        },
        "answer": "A",
        "distance": "inner_variant_0"
    },
    {
        "case_id": "CWE416_Use_After_Free__malloc_free_long_01_bad",
        "org_code": "static int StaticValue = [Masked Value];\nvoid Sample_Func()\n{\n    long * data;\n    data = NULL;\n    data = (long *)malloc(100*sizeof(long));\n    if (data == NULL) {exit(-1);}\n    [Masked Space 1]\n    {\n        {\n            size_t i;\n            for(i = 0; i < 100; i++)\n            {\n                data[i] = 5L;\n            }\n        }\n    }\n    free(data);\n    if([Masked Space 2])\n    {\n        printLongLine(data[0]);\n    }\n    [Masked Space 3]\n    {\n        if([Masked Space 4])\n        {\n            ;  \n        }\n    }\n    if([Masked Space 5])\n    {\n        ;  \n    }\n    if([Masked Space 6])\n    {\n        int socketDescriptor;\n        int connectionStatus = 0;\n        char networkBuffer[256];\n        for (socketDescriptor = 0; socketDescriptor < 5; socketDescriptor++) {\n            if (connectionStatus == 0) {\n                networkBuffer[socketDescriptor] = 'A';\n            } else {\n                networkBuffer[socketDescriptor] = '0';\n            }\n        }\n        printLine(\"Successful! Problem Resolved!\");\n    }\n}",
        "CWE_ID": "CWE416",
        "question": "Question: Examine the following code snippet variants. Which set of ([Masked Value], [Masked Space]) will not trigger CWE416 weakness while maintaining the original functionality of the code?",
        "choices": {
            "A": "None of the modifications resolve the issue without triggering CWE416.",
            "B": "We assign \"372\" to the [Masked Value]. At Masked Space [1], we put if(1). At Masked Space [2], we put if (StaticValue==262). At Masked Space [3], we put if(StaticValue==372). At Masked Space [4], we put if (StaticValue==482). At Masked Space [5], we put if (StaticValue==372). At Masked Space [6], we put if(StaticValue==392). ",
            "C": "We assign \"372\" to the [Masked Value]. At Masked Space [1], we put if(1). At Masked Space [2], we put if (StaticValue==372). At Masked Space [3], we put if(StaticValue==372). At Masked Space [4], we put if (StaticValue==482). At Masked Space [5], we put if (StaticValue==262). At Masked Space [6], we put if(StaticValue==392). ",
            "D": "We assign \"392\" to the [Masked Value]. At Masked Space [1], we put if(1). At Masked Space [2], we put if (StaticValue==262). At Masked Space [3], we put if(StaticValue==372). At Masked Space [4], we put if (StaticValue==482). At Masked Space [5], we put if (StaticValue==372). At Masked Space [6], we put if(StaticValue==392). "
        },
        "answer": "B",
        "distance": "inner_variant_1"
    },
    {
        "case_id": "CWE416_Use_After_Free__malloc_free_long_01_bad",
        "org_code": "static int StaticValue = [Masked Value];\nvoid Sample_Func()\n{\n    if([Masked Space 1])\n    {\n        {\n            long * data;\n            data = NULL;\n            data = (long *)malloc(100*sizeof(long));\n            if (data == NULL) {exit(-1);}\n            {\n                size_t i;\n                for(i = 0; i < 100; i++)\n                {\n                    data[i] = 5L;\n                }\n            }\n            free(data);\n            printLongLine(data[0]);\n        }\n    }\n    if([Masked Space 2])\n    {\n        {\n            long * data;\n            data = NULL;\n            data = (long *)malloc(100*sizeof(long));\n            if (data == NULL) {exit(-1);}\n            {\n                size_t i;\n                for(i = 0; i < 100; i++)\n                {\n                    data[i] = 5L;\n                }\n            }\n            printLongLine(data[0]);\n        }\n    }\n    if([Masked Space 3])\n    {\n        int socketDescriptor;\n        int connectionStatus = 0;\n        char networkBuffer[256];\n        for (socketDescriptor = 0; socketDescriptor < 5; socketDescriptor++) {\n            if (connectionStatus == 0) {\n                networkBuffer[socketDescriptor] = 'A';\n            } else {\n                networkBuffer[socketDescriptor] = '0';\n            }\n        }\n        printLine(\"Successful! Problem Resolved!\");\n    }\n    if([Masked Space 4])\n    {\n        {\n            long * data;\n            data = NULL;\n            data = (long *)malloc(100*sizeof(long));\n            if (data == NULL) {exit(-1);}\n            {\n                size_t i;\n                for(i = 0; i < 100; i++)\n                {\n                    data[i] = 5L;\n                }\n            }\n            free(data);\n            ;  \n        }\n    }\n    if([Masked Space 5])\n    {\n        {\n            long * data;\n            data = NULL;\n            data = (long *)malloc(100*sizeof(long));\n            if (data == NULL) {exit(-1);}\n            {\n                size_t i;\n                for(i = 0; i < 100; i++)\n                {\n                    data[i] = 5L;\n                }\n            }\n            printLongLine(data[0]);\n        }\n    }\n    if([Masked Space 6])\n    {\n        {\n            long * data;\n            data = NULL;\n            data = (long *)malloc(100*sizeof(long));\n            if (data == NULL) {exit(-1);}\n            {\n                size_t i;\n                for(i = 0; i < 100; i++)\n                {\n                    data[i] = 5L;\n                }\n            }\n            free(data);\n            ;  \n        }\n    }\n}",
        "CWE_ID": "CWE416",
        "question": "Question: Examine the following code snippet variants. Which set of ([Masked Value], [Masked Space]) will not trigger CWE416 weakness while maintaining the original functionality of the code?",
        "choices": {
            "A": "We assign \"372\" to the [Masked Value]. At Masked Space [1], we put if (StaticValue==372). At Masked Space [2], we put if (StaticValue==595). At Masked Space [3], we put if(StaticValue==386). At Masked Space [4], we put if (StaticValue==393). At Masked Space [5], we put if (StaticValue==583). At Masked Space [6], we put if (StaticValue==351). ",
            "B": "None of the modifications resolve the issue without triggering CWE416.",
            "C": "We assign \"372\" to the [Masked Value]. At Masked Space [1], we put if (StaticValue==351). At Masked Space [2], we put if (StaticValue==595). At Masked Space [3], we put if(StaticValue==386). At Masked Space [4], we put if (StaticValue==393). At Masked Space [5], we put if (StaticValue==583). At Masked Space [6], we put if (StaticValue==372). ",
            "D": "We assign \"386\" to the [Masked Value]. At Masked Space [1], we put if (StaticValue==351). At Masked Space [2], we put if (StaticValue==595). At Masked Space [3], we put if(StaticValue==386). At Masked Space [4], we put if (StaticValue==393). At Masked Space [5], we put if (StaticValue==583). At Masked Space [6], we put if (StaticValue==372). "
        },
        "answer": "C",
        "distance": "outer"
    },
    {
        "case_id": "CWE416_Use_After_Free__malloc_free_long_01_bad",
        "org_code": "static int StaticValue = [Masked Value];\nvoid Sample_Func()\n{\n    if([Masked Space 1])\n    {\n        {\n            long * data;\n            data = NULL;\n            [Masked Space 2]\n            {\n                data = (long *)malloc(100*sizeof(long));\n            }\n            if (data == NULL) {exit(-1);}\n            [Masked Space 3]\n            {\n                {\n                    size_t i;\n                    for(i = 0; i < 100; i++)\n                    {\n                        data[i] = 5L;\n                    }\n                }\n            }\n            free(data);\n            printLongLine(data[0]);\n        }\n    }\n    if([Masked Space 4])\n    {\n        int DogCat;\n        {\n            long * data;\n            data = NULL;\n            [Masked Space 5]\n            {\n                data = (long *)malloc(100*sizeof(long));\n            }\n            if (data == NULL) {exit(-1);}\n            [Masked Space 6]\n            {\n                {\n                    size_t i;\n                    for(i = 0; i < 100; i++)\n                    {\n                        data[i] = 5L;\n                    }\n                }\n            }\n            printLongLine(data[0]);\n        }\n    }\n    if([Masked Space 7])\n    {\n        {\n            long * data;\n            data = NULL;\n            [Masked Space 8]\n            {\n                data = (long *)malloc(100*sizeof(long));\n            }\n            if (data == NULL) {exit(-1);}\n            [Masked Space 9]\n            {\n                {\n                    size_t i;\n                    for(i = 0; i < 100; i++)\n                    {\n                        data[i] = 5L;\n                    }\n                }\n            }\n            free(data);\n            ;  \n        }\n    }\n    if([Masked Space 10])\n    {\n        {\n            long * data;\n            data = NULL;\n            [Masked Space 11]\n            {\n                data = (long *)malloc(100*sizeof(long));\n            }\n            if (data == NULL) {exit(-1);}\n            [Masked Space 12]\n            {\n                {\n                    size_t i;\n                    for(i = 0; i < 100; i++)\n                    {\n                        data[i] = 5L;\n                    }\n                }\n            }\n            printLongLine(data[0]);\n        }\n    }\n    if([Masked Space 13])\n    {\n        {\n            long * data;\n            data = NULL;\n            [Masked Space 14]\n            {\n                data = (long *)malloc(100*sizeof(long));\n            }\n            if (data == NULL) {exit(-1);}\n            [Masked Space 15]\n            {\n                {\n                    size_t i;\n                    for(i = 0; i < 100; i++)\n                    {\n                        data[i] = 5L;\n                    }\n                }\n            }\n            free(data);\n            ;  \n        }\n    }\n    if([Masked Space 16])\n    {\n        int socketDescriptor;\n        int connectionStatus = 0;\n        char networkBuffer[256];\n        for (socketDescriptor = 0; socketDescriptor < 5; socketDescriptor++) {\n            if (connectionStatus == 0) {\n                networkBuffer[socketDescriptor] = 'A';\n            } else {\n                networkBuffer[socketDescriptor] = '0';\n            }\n        }\n        printLine(\"Successful! Problem Resolved!\");\n    }\n}",
        "CWE_ID": "CWE416",
        "question": "Question: Examine the following code snippet variants. Which set of ([Masked Value], [Masked Space]) will not trigger CWE416 weakness while maintaining the original functionality of the code?",
        "choices": {
            "A": "None of the modifications resolve the issue without triggering CWE416.",
            "B": "We assign \"386\" to the [Masked Value]. At Masked Space [1], we put if (StaticValue==351). At Masked Space [2], we put if(1). At Masked Space [3], we put if(372==372). At Masked Space [4], we put if (StaticValue==595). At Masked Space [5], we put for(DogCat = 0; DogCat < 1; DogCat++). At Masked Space [6], we put if(StaticValue==372). At Masked Space [7], we put if (StaticValue==393). At Masked Space [8], we put if(1). At Masked Space [9], we put if(372==372). At Masked Space [10], we put if (StaticValue==583). At Masked Space [11], we put if(372==372). At Masked Space [12], we put if(StaticValue==372). At Masked Space [13], we put if (StaticValue==372). At Masked Space [14], we put if(1). At Masked Space [15], we put if(372==372). At Masked Space [16], we put if(StaticValue==386). ",
            "C": "We assign \"372\" to the [Masked Value]. At Masked Space [1], we put if (StaticValue==372). At Masked Space [2], we put if(1). At Masked Space [3], we put if(372==372). At Masked Space [4], we put if (StaticValue==595). At Masked Space [5], we put for(DogCat = 0; DogCat < 1; DogCat++). At Masked Space [6], we put if(StaticValue==372). At Masked Space [7], we put if (StaticValue==393). At Masked Space [8], we put if(1). At Masked Space [9], we put if(372==372). At Masked Space [10], we put if (StaticValue==583). At Masked Space [11], we put if(372==372). At Masked Space [12], we put if(StaticValue==372). At Masked Space [13], we put if (StaticValue==351). At Masked Space [14], we put if(1). At Masked Space [15], we put if(372==372). At Masked Space [16], we put if(StaticValue==386). ",
            "D": "We assign \"372\" to the [Masked Value]. At Masked Space [1], we put if (StaticValue==351). At Masked Space [2], we put if(1). At Masked Space [3], we put if(372==372). At Masked Space [4], we put if (StaticValue==595). At Masked Space [5], we put for(DogCat = 0; DogCat < 1; DogCat++). At Masked Space [6], we put if(StaticValue==372). At Masked Space [7], we put if (StaticValue==393). At Masked Space [8], we put if(1). At Masked Space [9], we put if(372==372). At Masked Space [10], we put if (StaticValue==583). At Masked Space [11], we put if(372==372). At Masked Space [12], we put if(StaticValue==372). At Masked Space [13], we put if (StaticValue==372). At Masked Space [14], we put if(1). At Masked Space [15], we put if(372==372). At Masked Space [16], we put if(StaticValue==386). "
        },
        "answer": "D",
        "distance": "outer_variant"
    }
]