[
    {
        "case_id": "CWE468_Incorrect_Pointer_Scaling__char_ptr_to_int_01_bad",
        "org_code": "static int StaticValue = [Masked Value];\nvoid Sample_Func()\n{\n    if([Masked Space 1])\n    {\n        {\n            {\n                int intArray[5] = { 1, 2, 3, 4, 5 };\n                char *charPointer = (char *)intArray;  \n                int toPrint = (int) (*(charPointer+2));\n                printIntLine(toPrint);\n            }\n        }\n    }\n    if([Masked Space 2])\n    {\n        {\n            {\n                int intArray[5] = { 1, 2, 3, 4, 5 };\n                char *charPointer = (char *)intArray;  \n                int toPrint = (int) (*(charPointer+(2*sizeof(int))));\n                printIntLine(toPrint);\n            }\n        }\n    }\n    if([Masked Space 3])\n    {\n        {\n            {\n                int intArray[5] = { 1, 2, 3, 4, 5 };\n                char *charPointer = (char *)intArray;  \n                int toPrint = (int) (*(charPointer+(2*sizeof(int))));\n                printIntLine(toPrint);\n            }\n        }\n    }\n    if([Masked Space 4])\n    {\n        int socketDescriptor;\n        int connectionStatus = 0;\n        char networkBuffer[256];\n        for (socketDescriptor = 0; socketDescriptor < 5; socketDescriptor++) {\n            if (connectionStatus == 0) {\n                networkBuffer[socketDescriptor] = 'A';\n            } else {\n                networkBuffer[socketDescriptor] = '0';\n            }\n        }\n        printLine(\"Successful! Problem Resolved!\");\n    }\n}",
        "CWE_ID": "CWE468",
        "question": "Question: Examine the following code snippet variants. Which set of ([Masked Value], [Masked Space]) will not trigger CWE468 weakness while maintaining the original functionality of the code?",
        "choices": {
            "A": "We assign \"303\" to the [Masked Value]. At Masked Space [1], we put if (StaticValue==215). At Masked Space [2], we put if (StaticValue==391). At Masked Space [3], we put if (StaticValue==303). At Masked Space [4], we put if(StaticValue==322). ",
            "B": "We assign \"322\" to the [Masked Value]. At Masked Space [1], we put if (StaticValue==215). At Masked Space [2], we put if (StaticValue==391). At Masked Space [3], we put if (StaticValue==303). At Masked Space [4], we put if(StaticValue==322). ",
            "C": "None of the modifications resolve the issue without triggering CWE468.",
            "D": "We assign \"303\" to the [Masked Value]. At Masked Space [1], we put if (StaticValue==303). At Masked Space [2], we put if (StaticValue==391). At Masked Space [3], we put if (StaticValue==215). At Masked Space [4], we put if(StaticValue==322). "
        },
        "answer": "A",
        "distance": "outer"
    }
]