[
    {
        "case_id": "CWE563_Unused_Variable__unused_value_long_01_bad",
        "org_code": "static int StaticValue = [Masked Value];\nvoid Sample_Func()\n{\n    if([Masked Space 1])\n    {\n        {\n            long data;\n            data = 5L;\n            data = 10L;\n            printLongLine(data);\n        }\n    }\n    if([Masked Space 2])\n    {\n        {\n            long data;\n            data = 5L;\n            printLongLine(data);\n            data = 10L;\n            printLongLine(data);\n        }\n    }\n    if([Masked Space 3])\n    {\n        {\n            long data;\n            data = 5L;\n            printLongLine(data);\n        }\n    }\n    if([Masked Space 4])\n    {\n        int socketDescriptor;\n        int connectionStatus = 0;\n        char networkBuffer[256];\n        for (socketDescriptor = 0; socketDescriptor < 5; socketDescriptor++) {\n            if (connectionStatus == 0) {\n                networkBuffer[socketDescriptor] = 'A';\n            } else {\n                networkBuffer[socketDescriptor] = '0';\n            }\n        }\n        printLine(\"Successful! Problem Resolved!\");\n    }\n    if([Masked Space 5])\n    {\n        {\n            long data;\n            data = 5L;\n            if([Masked Space 6])\n            {\n                printLongLine(data);\n            }\n            if([Masked Space 7])\n            {\n                printLongLine(data);\n            }\n            data = 10L;\n            printLongLine(data);\n        }\n    }\n    if([Masked Space 8])\n    {\n        {\n            long data;\n            data = 5L;\n            printLongLine(data);\n        }\n    }\n}",
        "CWE_ID": "CWE563",
        "question": "Question: Examine the following code snippet variants. Which set of ([Masked Value], [Masked Space]) will not trigger CWE563 weakness while maintaining the original functionality of the code?",
        "choices": {
            "A": "We assign \"520\" to the [Masked Value]. At Masked Space [1], we put if (StaticValue==520). At Masked Space [2], we put if (StaticValue==604). At Masked Space [3], we put if (StaticValue==875). At Masked Space [4], we put if(StaticValue==531). At Masked Space [5], we put if (StaticValue==436). At Masked Space [6], we put if (StaticValue==676). At Masked Space [7], we put if (StaticValue==520). At Masked Space [8], we put if (StaticValue==804). ",
            "B": "We assign \"531\" to the [Masked Value]. At Masked Space [1], we put if (StaticValue==436). At Masked Space [2], we put if (StaticValue==604). At Masked Space [3], we put if (StaticValue==875). At Masked Space [4], we put if(StaticValue==531). At Masked Space [5], we put if (StaticValue==520). At Masked Space [6], we put if (StaticValue==676). At Masked Space [7], we put if (StaticValue==520). At Masked Space [8], we put if (StaticValue==804). ",
            "C": "We assign \"520\" to the [Masked Value]. At Masked Space [1], we put if (StaticValue==436). At Masked Space [2], we put if (StaticValue==604). At Masked Space [3], we put if (StaticValue==875). At Masked Space [4], we put if(StaticValue==531). At Masked Space [5], we put if (StaticValue==520). At Masked Space [6], we put if (StaticValue==676). At Masked Space [7], we put if (StaticValue==520). At Masked Space [8], we put if (StaticValue==804). ",
            "D": "None of the modifications resolve the issue without triggering CWE563."
        },
        "answer": "C",
        "distance": "inner_outer_0"
    },
    {
        "case_id": "CWE563_Unused_Variable__unused_value_long_01_bad",
        "org_code": "static int StaticValue = [Masked Value];\nvoid Sample_Func()\n{\n    if([Masked Space 1])\n    {\n        {\n            long data;\n            data = 5L;\n            data = 10L;\n            printLongLine(data);\n        }\n    }\n    if([Masked Space 2])\n    {\n        {\n            long data;\n            data = 5L;\n            printLongLine(data);\n            data = 10L;\n            printLongLine(data);\n        }\n    }\n    if([Masked Space 3])\n    {\n        {\n            long data;\n            data = 5L;\n            printLongLine(data);\n        }\n    }\n    if([Masked Space 4])\n    {\n        {\n            long data;\n            data = 5L;\n            if([Masked Space 5])\n            {\n                data = 10L;\n            }\n            printLongLine(data);\n        }\n    }\n    if([Masked Space 6])\n    {\n        int socketDescriptor;\n        int connectionStatus = 0;\n        char networkBuffer[256];\n        for (socketDescriptor = 0; socketDescriptor < 5; socketDescriptor++) {\n            if (connectionStatus == 0) {\n                networkBuffer[socketDescriptor] = 'A';\n            } else {\n                networkBuffer[socketDescriptor] = '0';\n            }\n        }\n        printLine(\"Successful! Problem Resolved!\");\n    }\n    if([Masked Space 7])\n    {\n        {\n            long data;\n            data = 5L;\n            printLongLine(data);\n        }\n    }\n}",
        "CWE_ID": "CWE563",
        "question": "Question: Examine the following code snippet variants. Which set of ([Masked Value], [Masked Space]) will not trigger CWE563 weakness while maintaining the original functionality of the code?",
        "choices": {
            "A": "We assign \"520\" to the [Masked Value]. At Masked Space [1], we put if (StaticValue==436). At Masked Space [2], we put if (StaticValue==604). At Masked Space [3], we put if (StaticValue==875). At Masked Space [4], we put if (StaticValue==520). At Masked Space [5], we put if (StaticValue==520). At Masked Space [6], we put if(StaticValue==530). At Masked Space [7], we put if (StaticValue==804). ",
            "B": "None of the modifications resolve the issue without triggering CWE563.",
            "C": "We assign \"520\" to the [Masked Value]. At Masked Space [1], we put if (StaticValue==436). At Masked Space [2], we put if (StaticValue==604). At Masked Space [3], we put if (StaticValue==875). At Masked Space [4], we put if (StaticValue==520). At Masked Space [5], we put if (StaticValue==382). At Masked Space [6], we put if(StaticValue==530). At Masked Space [7], we put if (StaticValue==804). ",
            "D": "We assign \"530\" to the [Masked Value]. At Masked Space [1], we put if (StaticValue==436). At Masked Space [2], we put if (StaticValue==604). At Masked Space [3], we put if (StaticValue==875). At Masked Space [4], we put if (StaticValue==520). At Masked Space [5], we put if (StaticValue==382). At Masked Space [6], we put if(StaticValue==530). At Masked Space [7], we put if (StaticValue==804). "
        },
        "answer": "C",
        "distance": "inner_outer_1"
    },
    {
        "case_id": "CWE563_Unused_Variable__unused_value_long_01_bad",
        "org_code": "static int StaticValue = [Masked Value];\nvoid Sample_Func()\n{\n    if([Masked Space 1])\n    {\n        {\n            long data;\n            data = 5L;\n            data = 10L;\n            printLongLine(data);\n        }\n    }\n    if([Masked Space 2])\n    {\n        {\n            long data;\n            data = 5L;\n            printLongLine(data);\n            data = 10L;\n            printLongLine(data);\n        }\n    }\n    if([Masked Space 3])\n    {\n        {\n            long data;\n            data = 5L;\n            printLongLine(data);\n        }\n    }\n    if([Masked Space 4])\n    {\n        int socketDescriptor;\n        int connectionStatus = 0;\n        char networkBuffer[256];\n        for (socketDescriptor = 0; socketDescriptor < 5; socketDescriptor++) {\n            if (connectionStatus == 0) {\n                networkBuffer[socketDescriptor] = 'A';\n            } else {\n                networkBuffer[socketDescriptor] = '0';\n            }\n        }\n        printLine(\"Successful! Problem Resolved!\");\n    }\n    if([Masked Space 5])\n    {\n        int DogCat;\n        {\n            long data;\n            data = 5L;\n            [Masked Space 6]\n            {\n                if([Masked Space 7])\n                {\n                    printLongLine(data);\n                }\n            }\n            [Masked Space 8]\n            {\n                if([Masked Space 9])\n                {\n                    printLongLine(data);\n                }\n            }\n            data = 10L;\n            printLongLine(data);\n        }\n    }\n    if([Masked Space 10])\n    {\n        {\n            long data;\n            data = 5L;\n            printLongLine(data);\n        }\n    }\n}",
        "CWE_ID": "CWE563",
        "question": "Question: Examine the following code snippet variants. Which set of ([Masked Value], [Masked Space]) will not trigger CWE563 weakness while maintaining the original functionality of the code?",
        "choices": {
            "A": "None of the modifications resolve the issue without triggering CWE563.",
            "B": "We assign \"520\" to the [Masked Value]. At Masked Space [1], we put if (StaticValue==436). At Masked Space [2], we put if (StaticValue==604). At Masked Space [3], we put if (StaticValue==875). At Masked Space [4], we put if(StaticValue==537). At Masked Space [5], we put if (StaticValue==520). At Masked Space [6], we put if(520==520). At Masked Space [7], we put if (StaticValue==676). At Masked Space [8], we put for(DogCat = 0; DogCat < 1; DogCat++). At Masked Space [9], we put if (StaticValue==520). At Masked Space [10], we put if (StaticValue==804). ",
            "C": "We assign \"520\" to the [Masked Value]. At Masked Space [1], we put if (StaticValue==520). At Masked Space [2], we put if (StaticValue==604). At Masked Space [3], we put if (StaticValue==875). At Masked Space [4], we put if(StaticValue==537). At Masked Space [5], we put if (StaticValue==436). At Masked Space [6], we put if(520==520). At Masked Space [7], we put if (StaticValue==676). At Masked Space [8], we put for(DogCat = 0; DogCat < 1; DogCat++). At Masked Space [9], we put if (StaticValue==520). At Masked Space [10], we put if (StaticValue==804). ",
            "D": "We assign \"537\" to the [Masked Value]. At Masked Space [1], we put if (StaticValue==436). At Masked Space [2], we put if (StaticValue==604). At Masked Space [3], we put if (StaticValue==875). At Masked Space [4], we put if(StaticValue==537). At Masked Space [5], we put if (StaticValue==520). At Masked Space [6], we put if(520==520). At Masked Space [7], we put if (StaticValue==676). At Masked Space [8], we put for(DogCat = 0; DogCat < 1; DogCat++). At Masked Space [9], we put if (StaticValue==520). At Masked Space [10], we put if (StaticValue==804). "
        },
        "answer": "B",
        "distance": "inner_outer_variant_0"
    },
    {
        "case_id": "CWE563_Unused_Variable__unused_value_long_01_bad",
        "org_code": "static int StaticValue = [Masked Value];\nvoid Sample_Func()\n{\n    if([Masked Space 1])\n    {\n        {\n            long data;\n            data = 5L;\n            data = 10L;\n            printLongLine(data);\n        }\n    }\n    if([Masked Space 2])\n    {\n        {\n            long data;\n            data = 5L;\n            printLongLine(data);\n            data = 10L;\n            printLongLine(data);\n        }\n    }\n    if([Masked Space 3])\n    {\n        int socketDescriptor;\n        int connectionStatus = 0;\n        char networkBuffer[256];\n        for (socketDescriptor = 0; socketDescriptor < 5; socketDescriptor++) {\n            if (connectionStatus == 0) {\n                networkBuffer[socketDescriptor] = 'A';\n            } else {\n                networkBuffer[socketDescriptor] = '0';\n            }\n        }\n        printLine(\"Successful! Problem Resolved!\");\n    }\n    if([Masked Space 4])\n    {\n        {\n            long data;\n            data = 5L;\n            printLongLine(data);\n        }\n    }\n    if([Masked Space 5])\n    {\n        {\n            long data;\n            data = 5L;\n            printLongLine(data);\n            data = 10L;\n            printLongLine(data);\n        }\n    }\n    if([Masked Space 6])\n    {\n        {\n            long data;\n            data = 5L;\n            printLongLine(data);\n        }\n    }\n}",
        "CWE_ID": "CWE563",
        "question": "Question: Examine the following code snippet variants. Which set of ([Masked Value], [Masked Space]) will not trigger CWE563 weakness while maintaining the original functionality of the code?",
        "choices": {
            "A": "We assign \"520\" to the [Masked Value]. At Masked Space [1], we put if (StaticValue==520). At Masked Space [2], we put if (StaticValue==604). At Masked Space [3], we put if(StaticValue==540). At Masked Space [4], we put if (StaticValue==875). At Masked Space [5], we put if (StaticValue==436). At Masked Space [6], we put if (StaticValue==804). ",
            "B": "We assign \"540\" to the [Masked Value]. At Masked Space [1], we put if (StaticValue==436). At Masked Space [2], we put if (StaticValue==604). At Masked Space [3], we put if(StaticValue==540). At Masked Space [4], we put if (StaticValue==875). At Masked Space [5], we put if (StaticValue==520). At Masked Space [6], we put if (StaticValue==804). ",
            "C": "None of the modifications resolve the issue without triggering CWE563.",
            "D": "We assign \"520\" to the [Masked Value]. At Masked Space [1], we put if (StaticValue==436). At Masked Space [2], we put if (StaticValue==604). At Masked Space [3], we put if(StaticValue==540). At Masked Space [4], we put if (StaticValue==875). At Masked Space [5], we put if (StaticValue==520). At Masked Space [6], we put if (StaticValue==804). "
        },
        "answer": "D",
        "distance": "outer"
    }
]