[
    {
        "case_id": "CWE196_Unsigned_to_Signed_Conversion_Error__basic_01_bad",
        "org_code": "static int StaticValue = [Masked Value];\nvoid Sample_Func()\n{\n    if([Masked Space 1])\n    {\n        {\n            {\n                unsigned intUnsigned;\n                int intSigned;\n                intUnsigned = rand();\n                if (rand() % 2 == 0)\n                {\n                    intUnsigned = UINT_MAX - intUnsigned;\n                }\n                intSigned = intUnsigned;\n                printIntLine(intSigned);\n            }\n        }\n    }\n    if([Masked Space 2])\n    {\n        int socketDescriptor;\n        int connectionStatus = 0;\n        char networkBuffer[256];\n        for (socketDescriptor = 0; socketDescriptor < 5; socketDescriptor++) {\n            if (connectionStatus == 0) {\n                networkBuffer[socketDescriptor] = 'A';\n            } else {\n                networkBuffer[socketDescriptor] = '0';\n            }\n        }\n        printLine(\"Successful! Problem Resolved!\");\n    }\n    if([Masked Space 3])\n    {\n        {\n            {\n                unsigned intUnsigned;\n                int intSigned;\n                intUnsigned = rand();\n                if (rand() % 2 == 0)\n                {\n                    intUnsigned = UINT_MAX - intUnsigned;\n                }\n                if (intUnsigned > INT_MAX)\n                {\n                    exit(1);\n                }\n                intSigned = intUnsigned;\n                printIntLine(intSigned);\n            }\n        }\n    }\n    if([Masked Space 4])\n    {\n        {\n            {\n                unsigned intUnsigned;\n                int intSigned;\n                intUnsigned = rand();\n                if (rand() % 2 == 0)\n                {\n                    intUnsigned = UINT_MAX - intUnsigned;\n                }\n                if([Masked Space 5])\n                {\n                    if (intUnsigned > INT_MAX)\n                    {\n                        exit(1);\n                    }\n                }\n                if([Masked Space 6])\n                {\n                    if (intUnsigned > INT_MAX)\n                    {\n                        exit(1);\n                    }\n                }\n                intSigned = intUnsigned;\n                printIntLine(intSigned);\n            }\n        }\n    }\n}",
        "CWE_ID": "CWE196",
        "question": "Question: Examine the following code snippet variants. Which set of ([Masked Value], [Masked Space]) will not trigger CWE196 weakness while maintaining the original functionality of the code?",
        "choices": {
            "A": "We assign \"531\" to the [Masked Value]. At Masked Space [1], we put if (StaticValue==438). At Masked Space [2], we put if(StaticValue==545). At Masked Space [3], we put if (StaticValue==624). At Masked Space [4], we put if (StaticValue==531). At Masked Space [5], we put if (StaticValue==719). At Masked Space [6], we put if (StaticValue==531). ",
            "B": "We assign \"545\" to the [Masked Value]. At Masked Space [1], we put if (StaticValue==438). At Masked Space [2], we put if(StaticValue==545). At Masked Space [3], we put if (StaticValue==624). At Masked Space [4], we put if (StaticValue==531). At Masked Space [5], we put if (StaticValue==719). At Masked Space [6], we put if (StaticValue==531). ",
            "C": "We assign \"531\" to the [Masked Value]. At Masked Space [1], we put if (StaticValue==531). At Masked Space [2], we put if(StaticValue==545). At Masked Space [3], we put if (StaticValue==624). At Masked Space [4], we put if (StaticValue==438). At Masked Space [5], we put if (StaticValue==719). At Masked Space [6], we put if (StaticValue==531). ",
            "D": "None of the modifications resolve the issue without triggering CWE196."
        },
        "answer": "A",
        "distance": "inner_outer_0"
    },
    {
        "case_id": "CWE196_Unsigned_to_Signed_Conversion_Error__basic_01_bad",
        "org_code": "static int StaticValue = [Masked Value];\nvoid Sample_Func()\n{\n    if([Masked Space 1])\n    {\n        {\n            {\n                unsigned intUnsigned;\n                int intSigned;\n                intUnsigned = rand();\n                if (rand() % 2 == 0)\n                {\n                    intUnsigned = UINT_MAX - intUnsigned;\n                }\n                intSigned = intUnsigned;\n                printIntLine(intSigned);\n            }\n        }\n    }\n    if([Masked Space 2])\n    {\n        {\n            {\n                unsigned intUnsigned;\n                int intSigned;\n                intUnsigned = rand();\n                if (rand() % 2 == 0)\n                {\n                    intUnsigned = UINT_MAX - intUnsigned;\n                }\n                if (intUnsigned > INT_MAX)\n                {\n                    exit(1);\n                }\n                intSigned = intUnsigned;\n                printIntLine(intSigned);\n            }\n        }\n    }\n    if([Masked Space 3])\n    {\n        {\n            {\n                unsigned intUnsigned;\n                int intSigned;\n                intUnsigned = rand();\n                [Masked Space 4]\n                {\n                    if (rand() % 2 == 0)\n                    {\n                        intUnsigned = UINT_MAX - intUnsigned;\n                    }\n                }\n                [Masked Space 5]\n                {\n                    if([Masked Space 6])\n                    {\n                        if (intUnsigned > INT_MAX)\n                        {\n                            exit(1);\n                        }\n                    }\n                }\n                if([Masked Space 7])\n                {\n                    if (intUnsigned > INT_MAX)\n                    {\n                        exit(1);\n                    }\n                }\n                intSigned = intUnsigned;\n                printIntLine(intSigned);\n            }\n        }\n    }\n    if([Masked Space 8])\n    {\n        int socketDescriptor;\n        int connectionStatus = 0;\n        char networkBuffer[256];\n        for (socketDescriptor = 0; socketDescriptor < 5; socketDescriptor++) {\n            if (connectionStatus == 0) {\n                networkBuffer[socketDescriptor] = 'A';\n            } else {\n                networkBuffer[socketDescriptor] = '0';\n            }\n        }\n        printLine(\"Successful! Problem Resolved!\");\n    }\n}",
        "CWE_ID": "CWE196",
        "question": "Question: Examine the following code snippet variants. Which set of ([Masked Value], [Masked Space]) will not trigger CWE196 weakness while maintaining the original functionality of the code?",
        "choices": {
            "A": "We assign \"531\" to the [Masked Value]. At Masked Space [1], we put if (StaticValue==531). At Masked Space [2], we put if (StaticValue==624). At Masked Space [3], we put if (StaticValue==438). At Masked Space [4], we put if(531==531). At Masked Space [5], we put if(1). At Masked Space [6], we put if (StaticValue==719). At Masked Space [7], we put if (StaticValue==531). At Masked Space [8], we put if(StaticValue==551). ",
            "B": "We assign \"551\" to the [Masked Value]. At Masked Space [1], we put if (StaticValue==438). At Masked Space [2], we put if (StaticValue==624). At Masked Space [3], we put if (StaticValue==531). At Masked Space [4], we put if(531==531). At Masked Space [5], we put if(1). At Masked Space [6], we put if (StaticValue==719). At Masked Space [7], we put if (StaticValue==531). At Masked Space [8], we put if(StaticValue==551). ",
            "C": "None of the modifications resolve the issue without triggering CWE196.",
            "D": "We assign \"531\" to the [Masked Value]. At Masked Space [1], we put if (StaticValue==438). At Masked Space [2], we put if (StaticValue==624). At Masked Space [3], we put if (StaticValue==531). At Masked Space [4], we put if(531==531). At Masked Space [5], we put if(1). At Masked Space [6], we put if (StaticValue==719). At Masked Space [7], we put if (StaticValue==531). At Masked Space [8], we put if(StaticValue==551). "
        },
        "answer": "D",
        "distance": "inner_outer_variant_0"
    },
    {
        "case_id": "CWE196_Unsigned_to_Signed_Conversion_Error__basic_01_bad",
        "org_code": "static int StaticValue = [Masked Value];\nvoid Sample_Func()\n{\n    if([Masked Space 1])\n    {\n        {\n            {\n                unsigned intUnsigned;\n                int intSigned;\n                intUnsigned = rand();\n                if (rand() % 2 == 0)\n                {\n                    intUnsigned = UINT_MAX - intUnsigned;\n                }\n                intSigned = intUnsigned;\n                printIntLine(intSigned);\n            }\n        }\n    }\n    if([Masked Space 2])\n    {\n        {\n            {\n                unsigned intUnsigned;\n                int intSigned;\n                intUnsigned = rand();\n                if (rand() % 2 == 0)\n                {\n                    intUnsigned = UINT_MAX - intUnsigned;\n                }\n                if (intUnsigned > INT_MAX)\n                {\n                    exit(1);\n                }\n                intSigned = intUnsigned;\n                printIntLine(intSigned);\n            }\n        }\n    }\n    if([Masked Space 3])\n    {\n        {\n            {\n                unsigned intUnsigned;\n                int intSigned;\n                intUnsigned = rand();\n                if (rand() % 2 == 0)\n                {\n                    intUnsigned = UINT_MAX - intUnsigned;\n                }\n                if (intUnsigned > INT_MAX)\n                {\n                    exit(1);\n                }\n                intSigned = intUnsigned;\n                printIntLine(intSigned);\n            }\n        }\n    }\n    if([Masked Space 4])\n    {\n        int socketDescriptor;\n        int connectionStatus = 0;\n        char networkBuffer[256];\n        for (socketDescriptor = 0; socketDescriptor < 5; socketDescriptor++) {\n            if (connectionStatus == 0) {\n                networkBuffer[socketDescriptor] = 'A';\n            } else {\n                networkBuffer[socketDescriptor] = '0';\n            }\n        }\n        printLine(\"Successful! Problem Resolved!\");\n    }\n}",
        "CWE_ID": "CWE196",
        "question": "Question: Examine the following code snippet variants. Which set of ([Masked Value], [Masked Space]) will not trigger CWE196 weakness while maintaining the original functionality of the code?",
        "choices": {
            "A": "We assign \"531\" to the [Masked Value]. At Masked Space [1], we put if (StaticValue==531). At Masked Space [2], we put if (StaticValue==624). At Masked Space [3], we put if (StaticValue==438). At Masked Space [4], we put if(StaticValue==551). ",
            "B": "None of the modifications resolve the issue without triggering CWE196.",
            "C": "We assign \"531\" to the [Masked Value]. At Masked Space [1], we put if (StaticValue==438). At Masked Space [2], we put if (StaticValue==624). At Masked Space [3], we put if (StaticValue==531). At Masked Space [4], we put if(StaticValue==551). ",
            "D": "We assign \"551\" to the [Masked Value]. At Masked Space [1], we put if (StaticValue==438). At Masked Space [2], we put if (StaticValue==624). At Masked Space [3], we put if (StaticValue==531). At Masked Space [4], we put if(StaticValue==551). "
        },
        "answer": "C",
        "distance": "outer"
    },
    {
        "case_id": "CWE196_Unsigned_to_Signed_Conversion_Error__basic_01_bad",
        "org_code": "static int StaticValue = [Masked Value];\nvoid Sample_Func()\n{\n    if([Masked Space 1])\n    {\n        {\n            {\n                unsigned intUnsigned;\n                int intSigned;\n                intUnsigned = rand();\n                if (rand() % 2 == 0)\n                {\n                    intUnsigned = UINT_MAX - intUnsigned;\n                }\n                intSigned = intUnsigned;\n                printIntLine(intSigned);\n            }\n        }\n    }\n    if([Masked Space 2])\n    {\n        int socketDescriptor;\n        int connectionStatus = 0;\n        char networkBuffer[256];\n        for (socketDescriptor = 0; socketDescriptor < 5; socketDescriptor++) {\n            if (connectionStatus == 0) {\n                networkBuffer[socketDescriptor] = 'A';\n            } else {\n                networkBuffer[socketDescriptor] = '0';\n            }\n        }\n        printLine(\"Successful! Problem Resolved!\");\n    }\n    if([Masked Space 3])\n    {\n        int DogCat;\n        {\n            {\n                unsigned intUnsigned;\n                int intSigned;\n                [Masked Space 4]\n                {\n                    intUnsigned = rand();\n                }\n                if (rand() % 2 == 0)\n                {\n                    intUnsigned = UINT_MAX - intUnsigned;\n                }\n                [Masked Space 5]\n                {\n                    if (intUnsigned > INT_MAX)\n                    {\n                        exit(1);\n                    }\n                }\n                intSigned = intUnsigned;\n                printIntLine(intSigned);\n            }\n        }\n    }\n    if([Masked Space 6])\n    {\n        {\n            {\n                unsigned intUnsigned;\n                int intSigned;\n                intUnsigned = rand();\n                if (rand() % 2 == 0)\n                {\n                    intUnsigned = UINT_MAX - intUnsigned;\n                }\n                if (intUnsigned > INT_MAX)\n                {\n                    exit(1);\n                }\n                intSigned = intUnsigned;\n                printIntLine(intSigned);\n            }\n        }\n    }\n}",
        "CWE_ID": "CWE196",
        "question": "Question: Examine the following code snippet variants. Which set of ([Masked Value], [Masked Space]) will not trigger CWE196 weakness while maintaining the original functionality of the code?",
        "choices": {
            "A": "We assign \"531\" to the [Masked Value]. At Masked Space [1], we put if (StaticValue==531). At Masked Space [2], we put if(StaticValue==550). At Masked Space [3], we put if (StaticValue==624). At Masked Space [4], we put for(DogCat = 0; DogCat < 1; DogCat++). At Masked Space [5], we put if(531==531). At Masked Space [6], we put if (StaticValue==438). ",
            "B": "None of the modifications resolve the issue without triggering CWE196.",
            "C": "We assign \"531\" to the [Masked Value]. At Masked Space [1], we put if (StaticValue==438). At Masked Space [2], we put if(StaticValue==550). At Masked Space [3], we put if (StaticValue==624). At Masked Space [4], we put for(DogCat = 0; DogCat < 1; DogCat++). At Masked Space [5], we put if(531==531). At Masked Space [6], we put if (StaticValue==531). ",
            "D": "We assign \"550\" to the [Masked Value]. At Masked Space [1], we put if (StaticValue==438). At Masked Space [2], we put if(StaticValue==550). At Masked Space [3], we put if (StaticValue==624). At Masked Space [4], we put for(DogCat = 0; DogCat < 1; DogCat++). At Masked Space [5], we put if(531==531). At Masked Space [6], we put if (StaticValue==531). "
        },
        "answer": "C",
        "distance": "outer_variant"
    }
]