[
    {
        "case_id": "CWE563_Unused_Variable__unused_uninit_variable_wchar_t_01_bad",
        "org_code": "static int StaticValue = [Masked Value];\nvoid Sample_Func()\n{\n    wchar_t data;\n    ;  \n    if([Masked Space 1])\n    {\n        ;  \n    }\n    if([Masked Space 2])\n    {\n        data = L'W';\n        printWcharLine(data);\n    }\n    if([Masked Space 3])\n    {\n        data = L'W';\n        printWcharLine(data);\n    }\n    if([Masked Space 4])\n    {\n        int socketDescriptor;\n        int connectionStatus = 0;\n        char networkBuffer[256];\n        for (socketDescriptor = 0; socketDescriptor < 5; socketDescriptor++) {\n            if (connectionStatus == 0) {\n                networkBuffer[socketDescriptor] = 'A';\n            } else {\n                networkBuffer[socketDescriptor] = '0';\n            }\n        }\n        printLine(\"Successful! Problem Resolved!\");\n    }\n}",
        "CWE_ID": "CWE563",
        "question": "Question: Examine the following code snippet variants. Which set of ([Masked Value], [Masked Space]) will not trigger CWE563 weakness while maintaining the original functionality of the code?",
        "choices": {
            "A": "We assign \"573\" to the [Masked Value]. At Masked Space [1], we put if (StaticValue==440). At Masked Space [2], we put if (StaticValue==666). At Masked Space [3], we put if (StaticValue==553). At Masked Space [4], we put if(StaticValue==573). ",
            "B": "We assign \"553\" to the [Masked Value]. At Masked Space [1], we put if (StaticValue==440). At Masked Space [2], we put if (StaticValue==666). At Masked Space [3], we put if (StaticValue==553). At Masked Space [4], we put if(StaticValue==573). ",
            "C": "We assign \"553\" to the [Masked Value]. At Masked Space [1], we put if (StaticValue==553). At Masked Space [2], we put if (StaticValue==666). At Masked Space [3], we put if (StaticValue==440). At Masked Space [4], we put if(StaticValue==573). ",
            "D": "None of the modifications resolve the issue without triggering CWE563."
        },
        "answer": "B",
        "distance": "inner_0"
    },
    {
        "case_id": "CWE563_Unused_Variable__unused_uninit_variable_wchar_t_01_bad",
        "org_code": "static int StaticValue = [Masked Value];\nvoid Sample_Func()\n{\n    if([Masked Space 1])\n    {\n        {\n            wchar_t data;\n            ;  \n            ;  \n        }\n    }\n    if([Masked Space 2])\n    {\n        {\n            wchar_t data;\n            ;  \n            data = L'W';\n            printWcharLine(data);\n        }\n    }\n    if([Masked Space 3])\n    {\n        int socketDescriptor;\n        int connectionStatus = 0;\n        char networkBuffer[256];\n        for (socketDescriptor = 0; socketDescriptor < 5; socketDescriptor++) {\n            if (connectionStatus == 0) {\n                networkBuffer[socketDescriptor] = 'A';\n            } else {\n                networkBuffer[socketDescriptor] = '0';\n            }\n        }\n        printLine(\"Successful! Problem Resolved!\");\n    }\n    if([Masked Space 4])\n    {\n        {\n            wchar_t data;\n            ;  \n            if([Masked Space 5])\n            {\n                ;  \n            }\n            if([Masked Space 6])\n            {\n                data = L'W';\n                printWcharLine(data);\n            }\n            if([Masked Space 7])\n            {\n                data = L'W';\n                printWcharLine(data);\n            }\n        }\n    }\n}",
        "CWE_ID": "CWE563",
        "question": "Question: Examine the following code snippet variants. Which set of ([Masked Value], [Masked Space]) will not trigger CWE563 weakness while maintaining the original functionality of the code?",
        "choices": {
            "A": "We assign \"569\" to the [Masked Value]. At Masked Space [1], we put if (StaticValue==469). At Masked Space [2], we put if (StaticValue==637). At Masked Space [3], we put if(StaticValue==569). At Masked Space [4], we put if (StaticValue==553). At Masked Space [5], we put if (StaticValue==440). At Masked Space [6], we put if (StaticValue==666). At Masked Space [7], we put if (StaticValue==553). ",
            "B": "None of the modifications resolve the issue without triggering CWE563.",
            "C": "We assign \"553\" to the [Masked Value]. At Masked Space [1], we put if (StaticValue==469). At Masked Space [2], we put if (StaticValue==637). At Masked Space [3], we put if(StaticValue==569). At Masked Space [4], we put if (StaticValue==553). At Masked Space [5], we put if (StaticValue==553). At Masked Space [6], we put if (StaticValue==666). At Masked Space [7], we put if (StaticValue==440). ",
            "D": "We assign \"553\" to the [Masked Value]. At Masked Space [1], we put if (StaticValue==469). At Masked Space [2], we put if (StaticValue==637). At Masked Space [3], we put if(StaticValue==569). At Masked Space [4], we put if (StaticValue==553). At Masked Space [5], we put if (StaticValue==440). At Masked Space [6], we put if (StaticValue==666). At Masked Space [7], we put if (StaticValue==553). "
        },
        "answer": "D",
        "distance": "inner_outer_0"
    },
    {
        "case_id": "CWE563_Unused_Variable__unused_uninit_variable_wchar_t_01_bad",
        "org_code": "static int StaticValue = [Masked Value];\nvoid Sample_Func()\n{\n    if([Masked Space 1])\n    {\n        {\n            wchar_t data;\n            ;  \n            ;  \n        }\n    }\n    if([Masked Space 2])\n    {\n        int socketDescriptor;\n        int connectionStatus = 0;\n        char networkBuffer[256];\n        for (socketDescriptor = 0; socketDescriptor < 5; socketDescriptor++) {\n            if (connectionStatus == 0) {\n                networkBuffer[socketDescriptor] = 'A';\n            } else {\n                networkBuffer[socketDescriptor] = '0';\n            }\n        }\n        printLine(\"Successful! Problem Resolved!\");\n    }\n    if([Masked Space 3])\n    {\n        {\n            wchar_t data;\n            ;  \n            data = L'W';\n            printWcharLine(data);\n        }\n    }\n    if([Masked Space 4])\n    {\n        {\n            wchar_t data;\n            ;  \n            [Masked Space 5]\n            {\n                if([Masked Space 6])\n                {\n                    ;  \n                }\n            }\n            if([Masked Space 7])\n            {\n                data = L'W';\n                printWcharLine(data);\n            }\n            [Masked Space 8]\n            {\n                if([Masked Space 9])\n                {\n                    data = L'W';\n                    printWcharLine(data);\n                }\n            }\n        }\n    }\n}",
        "CWE_ID": "CWE563",
        "question": "Question: Examine the following code snippet variants. Which set of ([Masked Value], [Masked Space]) will not trigger CWE563 weakness while maintaining the original functionality of the code?",
        "choices": {
            "A": "We assign \"573\" to the [Masked Value]. At Masked Space [1], we put if (StaticValue==469). At Masked Space [2], we put if(StaticValue==573). At Masked Space [3], we put if (StaticValue==637). At Masked Space [4], we put if (StaticValue==553). At Masked Space [5], we put if(StaticValue==553). At Masked Space [6], we put if (StaticValue==440). At Masked Space [7], we put if (StaticValue==666). At Masked Space [8], we put if(1). At Masked Space [9], we put if (StaticValue==553). ",
            "B": "We assign \"553\" to the [Masked Value]. At Masked Space [1], we put if (StaticValue==469). At Masked Space [2], we put if(StaticValue==573). At Masked Space [3], we put if (StaticValue==637). At Masked Space [4], we put if (StaticValue==553). At Masked Space [5], we put if(StaticValue==553). At Masked Space [6], we put if (StaticValue==553). At Masked Space [7], we put if (StaticValue==666). At Masked Space [8], we put if(1). At Masked Space [9], we put if (StaticValue==440). ",
            "C": "None of the modifications resolve the issue without triggering CWE563.",
            "D": "We assign \"553\" to the [Masked Value]. At Masked Space [1], we put if (StaticValue==469). At Masked Space [2], we put if(StaticValue==573). At Masked Space [3], we put if (StaticValue==637). At Masked Space [4], we put if (StaticValue==553). At Masked Space [5], we put if(StaticValue==553). At Masked Space [6], we put if (StaticValue==440). At Masked Space [7], we put if (StaticValue==666). At Masked Space [8], we put if(1). At Masked Space [9], we put if (StaticValue==553). "
        },
        "answer": "D",
        "distance": "inner_outer_variant_0"
    },
    {
        "case_id": "CWE563_Unused_Variable__unused_uninit_variable_wchar_t_01_bad",
        "org_code": "static int StaticValue = [Masked Value];\nvoid Sample_Func()\n{\n    int DogCat;\n    wchar_t data;\n    ;  \n    [Masked Space 1]\n    {\n        if([Masked Space 2])\n        {\n            ;  \n        }\n    }\n    [Masked Space 3]\n    {\n        if([Masked Space 4])\n        {\n            data = L'W';\n            printWcharLine(data);\n        }\n    }\n    if([Masked Space 5])\n    {\n        data = L'W';\n        printWcharLine(data);\n    }\n    if([Masked Space 6])\n    {\n        int socketDescriptor;\n        int connectionStatus = 0;\n        char networkBuffer[256];\n        for (socketDescriptor = 0; socketDescriptor < 5; socketDescriptor++) {\n            if (connectionStatus == 0) {\n                networkBuffer[socketDescriptor] = 'A';\n            } else {\n                networkBuffer[socketDescriptor] = '0';\n            }\n        }\n        printLine(\"Successful! Problem Resolved!\");\n    }\n}",
        "CWE_ID": "CWE563",
        "question": "Question: Examine the following code snippet variants. Which set of ([Masked Value], [Masked Space]) will not trigger CWE563 weakness while maintaining the original functionality of the code?",
        "choices": {
            "A": "We assign \"553\" to the [Masked Value]. At Masked Space [1], we put for(DogCat = 0; DogCat < 1; DogCat++). At Masked Space [2], we put if (StaticValue==553). At Masked Space [3], we put if(553==553). At Masked Space [4], we put if (StaticValue==666). At Masked Space [5], we put if (StaticValue==553). At Masked Space [6], we put if(StaticValue==567). ",
            "B": "None of the modifications resolve the issue without triggering CWE563.",
            "C": "We assign \"553\" to the [Masked Value]. At Masked Space [1], we put for(DogCat = 0; DogCat < 1; DogCat++). At Masked Space [2], we put if (StaticValue==440). At Masked Space [3], we put if(553==553). At Masked Space [4], we put if (StaticValue==666). At Masked Space [5], we put if (StaticValue==553). At Masked Space [6], we put if(StaticValue==567). ",
            "D": "We assign \"567\" to the [Masked Value]. At Masked Space [1], we put for(DogCat = 0; DogCat < 1; DogCat++). At Masked Space [2], we put if (StaticValue==440). At Masked Space [3], we put if(553==553). At Masked Space [4], we put if (StaticValue==666). At Masked Space [5], we put if (StaticValue==553). At Masked Space [6], we put if(StaticValue==567). "
        },
        "answer": "C",
        "distance": "inner_variant_0"
    },
    {
        "case_id": "CWE563_Unused_Variable__unused_uninit_variable_wchar_t_01_bad",
        "org_code": "static int StaticValue = [Masked Value];\nvoid Sample_Func()\n{\n    if([Masked Space 1])\n    {\n        {\n            wchar_t data;\n            ;  \n            ;  \n        }\n    }\n    if([Masked Space 2])\n    {\n        {\n            wchar_t data;\n            ;  \n            data = L'W';\n            printWcharLine(data);\n        }\n    }\n    if([Masked Space 3])\n    {\n        {\n            wchar_t data;\n            ;  \n            data = L'W';\n            printWcharLine(data);\n        }\n    }\n    if([Masked Space 4])\n    {\n        int socketDescriptor;\n        int connectionStatus = 0;\n        char networkBuffer[256];\n        for (socketDescriptor = 0; socketDescriptor < 5; socketDescriptor++) {\n            if (connectionStatus == 0) {\n                networkBuffer[socketDescriptor] = 'A';\n            } else {\n                networkBuffer[socketDescriptor] = '0';\n            }\n        }\n        printLine(\"Successful! Problem Resolved!\");\n    }\n}",
        "CWE_ID": "CWE563",
        "question": "Question: Examine the following code snippet variants. Which set of ([Masked Value], [Masked Space]) will not trigger CWE563 weakness while maintaining the original functionality of the code?",
        "choices": {
            "A": "We assign \"553\" to the [Masked Value]. At Masked Space [1], we put if (StaticValue==553). At Masked Space [2], we put if (StaticValue==637). At Masked Space [3], we put if (StaticValue==469). At Masked Space [4], we put if(StaticValue==563). ",
            "B": "We assign \"563\" to the [Masked Value]. At Masked Space [1], we put if (StaticValue==469). At Masked Space [2], we put if (StaticValue==637). At Masked Space [3], we put if (StaticValue==553). At Masked Space [4], we put if(StaticValue==563). ",
            "C": "We assign \"553\" to the [Masked Value]. At Masked Space [1], we put if (StaticValue==469). At Masked Space [2], we put if (StaticValue==637). At Masked Space [3], we put if (StaticValue==553). At Masked Space [4], we put if(StaticValue==563). ",
            "D": "None of the modifications resolve the issue without triggering CWE563."
        },
        "answer": "C",
        "distance": "outer"
    }
]