[
    {
        "case_id": "CWE416_Use_After_Free__malloc_free_int_01_bad",
        "org_code": "static int StaticValue = [Masked Value];\nvoid Sample_Func()\n{\n    int * data;\n    data = NULL;\n    data = (int *)malloc(100*sizeof(int));\n    if (data == NULL) {exit(-1);}\n    {\n        size_t i;\n        for(i = 0; i < 100; i++)\n        {\n            data[i] = 5;\n        }\n    }\n    if([Masked Space 1])\n    {\n        free(data);\n    }\n    if([Masked Space 2])\n    {\n        int socketDescriptor;\n        int connectionStatus = 0;\n        char networkBuffer[256];\n        for (socketDescriptor = 0; socketDescriptor < 5; socketDescriptor++) {\n            if (connectionStatus == 0) {\n                networkBuffer[socketDescriptor] = 'A';\n            } else {\n                networkBuffer[socketDescriptor] = '0';\n            }\n        }\n        printLine(\"Successful! Problem Resolved!\");\n    }\n    printIntLine(data[0]);\n}",
        "CWE_ID": "CWE416",
        "question": "Question: Examine the following code snippet variants. Which set of ([Masked Value], [Masked Space]) will not trigger CWE416 weakness while maintaining the original functionality of the code?",
        "choices": {
            "A": "We assign \"523\" to the [Masked Value]. At Masked Space [1], we put if (StaticValue==523). At Masked Space [2], we put if(StaticValue==535). ",
            "B": "We assign \"523\" to the [Masked Value]. At Masked Space [1], we put if (StaticValue==401). At Masked Space [2], we put if(StaticValue==535). ",
            "C": "None of the modifications resolve the issue without triggering CWE416.",
            "D": "We assign \"535\" to the [Masked Value]. At Masked Space [1], we put if (StaticValue==401). At Masked Space [2], we put if(StaticValue==535). "
        },
        "answer": "B",
        "distance": "inner_0"
    },
    {
        "case_id": "CWE416_Use_After_Free__malloc_free_int_01_bad",
        "org_code": "static int StaticValue = [Masked Value];\nvoid Sample_Func()\n{\n    int * data;\n    data = NULL;\n    data = (int *)malloc(100*sizeof(int));\n    if (data == NULL) {exit(-1);}\n    {\n        size_t i;\n        for(i = 0; i < 100; i++)\n        {\n            data[i] = 5;\n        }\n    }\n    free(data);\n    if([Masked Space 1])\n    {\n        printIntLine(data[0]);\n    }\n    if([Masked Space 2])\n    {\n        ;  \n    }\n    if([Masked Space 3])\n    {\n        int socketDescriptor;\n        int connectionStatus = 0;\n        char networkBuffer[256];\n        for (socketDescriptor = 0; socketDescriptor < 5; socketDescriptor++) {\n            if (connectionStatus == 0) {\n                networkBuffer[socketDescriptor] = 'A';\n            } else {\n                networkBuffer[socketDescriptor] = '0';\n            }\n        }\n        printLine(\"Successful! Problem Resolved!\");\n    }\n    if([Masked Space 4])\n    {\n        ;  \n    }\n}",
        "CWE_ID": "CWE416",
        "question": "Question: Examine the following code snippet variants. Which set of ([Masked Value], [Masked Space]) will not trigger CWE416 weakness while maintaining the original functionality of the code?",
        "choices": {
            "A": "We assign \"523\" to the [Masked Value]. At Masked Space [1], we put if (StaticValue==523). At Masked Space [2], we put if (StaticValue==648). At Masked Space [3], we put if(StaticValue==533). At Masked Space [4], we put if (StaticValue==398). ",
            "B": "We assign \"523\" to the [Masked Value]. At Masked Space [1], we put if (StaticValue==398). At Masked Space [2], we put if (StaticValue==648). At Masked Space [3], we put if(StaticValue==533). At Masked Space [4], we put if (StaticValue==523). ",
            "C": "None of the modifications resolve the issue without triggering CWE416.",
            "D": "We assign \"533\" to the [Masked Value]. At Masked Space [1], we put if (StaticValue==398). At Masked Space [2], we put if (StaticValue==648). At Masked Space [3], we put if(StaticValue==533). At Masked Space [4], we put if (StaticValue==523). "
        },
        "answer": "B",
        "distance": "inner_1"
    },
    {
        "case_id": "CWE416_Use_After_Free__malloc_free_int_01_bad",
        "org_code": "static int StaticValue = [Masked Value];\nvoid Sample_Func()\n{\n    if([Masked Space 1])\n    {\n        {\n            int * data;\n            data = NULL;\n            data = (int *)malloc(100*sizeof(int));\n            if (data == NULL) {exit(-1);}\n            {\n                size_t i;\n                for(i = 0; i < 100; i++)\n                {\n                    data[i] = 5;\n                }\n            }\n            free(data);\n            printIntLine(data[0]);\n        }\n    }\n    if([Masked Space 2])\n    {\n        {\n            int * data;\n            data = NULL;\n            data = (int *)malloc(100*sizeof(int));\n            if (data == NULL) {exit(-1);}\n            {\n                size_t i;\n                for(i = 0; i < 100; i++)\n                {\n                    data[i] = 5;\n                }\n            }\n            printIntLine(data[0]);\n        }\n    }\n    if([Masked Space 3])\n    {\n        {\n            int * data;\n            data = NULL;\n            data = (int *)malloc(100*sizeof(int));\n            if (data == NULL) {exit(-1);}\n            {\n                size_t i;\n                for(i = 0; i < 100; i++)\n                {\n                    data[i] = 5;\n                }\n            }\n            free(data);\n            ;  \n        }\n    }\n    if([Masked Space 4])\n    {\n        {\n            int * data;\n            data = NULL;\n            data = (int *)malloc(100*sizeof(int));\n            if (data == NULL) {exit(-1);}\n            {\n                size_t i;\n                for(i = 0; i < 100; i++)\n                {\n                    data[i] = 5;\n                }\n            }\n            printIntLine(data[0]);\n        }\n    }\n    if([Masked Space 5])\n    {\n        {\n            int * data;\n            data = NULL;\n            data = (int *)malloc(100*sizeof(int));\n            if (data == NULL) {exit(-1);}\n            {\n                size_t i;\n                for(i = 0; i < 100; i++)\n                {\n                    data[i] = 5;\n                }\n            }\n            if([Masked Space 6])\n            {\n                free(data);\n            }\n            printIntLine(data[0]);\n        }\n    }\n    if([Masked Space 7])\n    {\n        int socketDescriptor;\n        int connectionStatus = 0;\n        char networkBuffer[256];\n        for (socketDescriptor = 0; socketDescriptor < 5; socketDescriptor++) {\n            if (connectionStatus == 0) {\n                networkBuffer[socketDescriptor] = 'A';\n            } else {\n                networkBuffer[socketDescriptor] = '0';\n            }\n        }\n        printLine(\"Successful! Problem Resolved!\");\n    }\n}",
        "CWE_ID": "CWE416",
        "question": "Question: Examine the following code snippet variants. Which set of ([Masked Value], [Masked Space]) will not trigger CWE416 weakness while maintaining the original functionality of the code?",
        "choices": {
            "A": "We assign \"535\" to the [Masked Value]. At Masked Space [1], we put if (StaticValue==470). At Masked Space [2], we put if (StaticValue==876). At Masked Space [3], we put if (StaticValue==576). At Masked Space [4], we put if (StaticValue==735). At Masked Space [5], we put if (StaticValue==523). At Masked Space [6], we put if (StaticValue==401). At Masked Space [7], we put if(StaticValue==535). ",
            "B": "None of the modifications resolve the issue without triggering CWE416.",
            "C": "We assign \"523\" to the [Masked Value]. At Masked Space [1], we put if (StaticValue==470). At Masked Space [2], we put if (StaticValue==876). At Masked Space [3], we put if (StaticValue==576). At Masked Space [4], we put if (StaticValue==735). At Masked Space [5], we put if (StaticValue==523). At Masked Space [6], we put if (StaticValue==401). At Masked Space [7], we put if(StaticValue==535). ",
            "D": "We assign \"523\" to the [Masked Value]. At Masked Space [1], we put if (StaticValue==470). At Masked Space [2], we put if (StaticValue==876). At Masked Space [3], we put if (StaticValue==576). At Masked Space [4], we put if (StaticValue==735). At Masked Space [5], we put if (StaticValue==523). At Masked Space [6], we put if (StaticValue==523). At Masked Space [7], we put if(StaticValue==535). "
        },
        "answer": "C",
        "distance": "inner_outer_0"
    },
    {
        "case_id": "CWE416_Use_After_Free__malloc_free_int_01_bad",
        "org_code": "static int StaticValue = [Masked Value];\nvoid Sample_Func()\n{\n    if([Masked Space 1])\n    {\n        {\n            int * data;\n            data = NULL;\n            data = (int *)malloc(100*sizeof(int));\n            if (data == NULL) {exit(-1);}\n            {\n                size_t i;\n                for(i = 0; i < 100; i++)\n                {\n                    data[i] = 5;\n                }\n            }\n            free(data);\n            printIntLine(data[0]);\n        }\n    }\n    if([Masked Space 2])\n    {\n        {\n            int * data;\n            data = NULL;\n            data = (int *)malloc(100*sizeof(int));\n            if (data == NULL) {exit(-1);}\n            {\n                size_t i;\n                for(i = 0; i < 100; i++)\n                {\n                    data[i] = 5;\n                }\n            }\n            printIntLine(data[0]);\n        }\n    }\n    if([Masked Space 3])\n    {\n        {\n            int * data;\n            data = NULL;\n            data = (int *)malloc(100*sizeof(int));\n            if (data == NULL) {exit(-1);}\n            {\n                size_t i;\n                for(i = 0; i < 100; i++)\n                {\n                    data[i] = 5;\n                }\n            }\n            free(data);\n            ;  \n        }\n    }\n    if([Masked Space 4])\n    {\n        int socketDescriptor;\n        int connectionStatus = 0;\n        char networkBuffer[256];\n        for (socketDescriptor = 0; socketDescriptor < 5; socketDescriptor++) {\n            if (connectionStatus == 0) {\n                networkBuffer[socketDescriptor] = 'A';\n            } else {\n                networkBuffer[socketDescriptor] = '0';\n            }\n        }\n        printLine(\"Successful! Problem Resolved!\");\n    }\n    if([Masked Space 5])\n    {\n        {\n            int * data;\n            data = NULL;\n            data = (int *)malloc(100*sizeof(int));\n            if (data == NULL) {exit(-1);}\n            {\n                size_t i;\n                for(i = 0; i < 100; i++)\n                {\n                    data[i] = 5;\n                }\n            }\n            printIntLine(data[0]);\n        }\n    }\n    if([Masked Space 6])\n    {\n        {\n            int * data;\n            data = NULL;\n            data = (int *)malloc(100*sizeof(int));\n            if (data == NULL) {exit(-1);}\n            {\n                size_t i;\n                for(i = 0; i < 100; i++)\n                {\n                    data[i] = 5;\n                }\n            }\n            free(data);\n            if([Masked Space 7])\n            {\n                printIntLine(data[0]);\n            }\n            if([Masked Space 8])\n            {\n                ;  \n            }\n            if([Masked Space 9])\n            {\n                ;  \n            }\n        }\n    }\n}",
        "CWE_ID": "CWE416",
        "question": "Question: Examine the following code snippet variants. Which set of ([Masked Value], [Masked Space]) will not trigger CWE416 weakness while maintaining the original functionality of the code?",
        "choices": {
            "A": "We assign \"523\" to the [Masked Value]. At Masked Space [1], we put if (StaticValue==470). At Masked Space [2], we put if (StaticValue==876). At Masked Space [3], we put if (StaticValue==576). At Masked Space [4], we put if(StaticValue==535). At Masked Space [5], we put if (StaticValue==735). At Masked Space [6], we put if (StaticValue==523). At Masked Space [7], we put if (StaticValue==523). At Masked Space [8], we put if (StaticValue==648). At Masked Space [9], we put if (StaticValue==398). ",
            "B": "We assign \"523\" to the [Masked Value]. At Masked Space [1], we put if (StaticValue==470). At Masked Space [2], we put if (StaticValue==876). At Masked Space [3], we put if (StaticValue==576). At Masked Space [4], we put if(StaticValue==535). At Masked Space [5], we put if (StaticValue==735). At Masked Space [6], we put if (StaticValue==523). At Masked Space [7], we put if (StaticValue==398). At Masked Space [8], we put if (StaticValue==648). At Masked Space [9], we put if (StaticValue==523). ",
            "C": "We assign \"535\" to the [Masked Value]. At Masked Space [1], we put if (StaticValue==470). At Masked Space [2], we put if (StaticValue==876). At Masked Space [3], we put if (StaticValue==576). At Masked Space [4], we put if(StaticValue==535). At Masked Space [5], we put if (StaticValue==735). At Masked Space [6], we put if (StaticValue==523). At Masked Space [7], we put if (StaticValue==398). At Masked Space [8], we put if (StaticValue==648). At Masked Space [9], we put if (StaticValue==523). ",
            "D": "None of the modifications resolve the issue without triggering CWE416."
        },
        "answer": "B",
        "distance": "inner_outer_1"
    },
    {
        "case_id": "CWE416_Use_After_Free__malloc_free_int_01_bad",
        "org_code": "static int StaticValue = [Masked Value];\nvoid Sample_Func()\n{\n    if([Masked Space 1])\n    {\n        {\n            int * data;\n            data = NULL;\n            [Masked Space 2]\n            {\n                data = (int *)malloc(100*sizeof(int));\n            }\n            if (data == NULL) {exit(-1);}\n            [Masked Space 3]\n            {\n                {\n                    size_t i;\n                    for(i = 0; i < 100; i++)\n                    {\n                        data[i] = 5;\n                    }\n                }\n            }\n            free(data);\n            printIntLine(data[0]);\n        }\n    }\n    if([Masked Space 4])\n    {\n        {\n            int * data;\n            data = NULL;\n            [Masked Space 5]\n            {\n                data = (int *)malloc(100*sizeof(int));\n            }\n            if (data == NULL) {exit(-1);}\n            [Masked Space 6]\n            {\n                {\n                    size_t i;\n                    for(i = 0; i < 100; i++)\n                    {\n                        data[i] = 5;\n                    }\n                }\n            }\n            printIntLine(data[0]);\n        }\n    }\n    if([Masked Space 7])\n    {\n        int DogCat;\n        {\n            int * data;\n            data = NULL;\n            [Masked Space 8]\n            {\n                data = (int *)malloc(100*sizeof(int));\n            }\n            if (data == NULL) {exit(-1);}\n            {\n                size_t i;\n                [Masked Space 9]\n                {\n                    for(i = 0; i < 100; i++)\n                    {\n                        data[i] = 5;\n                    }\n                }\n            }\n            free(data);\n            ;  \n        }\n    }\n    if([Masked Space 10])\n    {\n        {\n            int * data;\n            data = NULL;\n            [Masked Space 11]\n            {\n                data = (int *)malloc(100*sizeof(int));\n            }\n            if (data == NULL) {exit(-1);}\n            [Masked Space 12]\n            {\n                {\n                    size_t i;\n                    for(i = 0; i < 100; i++)\n                    {\n                        data[i] = 5;\n                    }\n                }\n            }\n            printIntLine(data[0]);\n        }\n    }\n    if([Masked Space 13])\n    {\n        int DogCat;\n        {\n            int * data;\n            data = NULL;\n            [Masked Space 14]\n            {\n                data = (int *)malloc(100*sizeof(int));\n            }\n            if (data == NULL) {exit(-1);}\n            [Masked Space 15]\n            {\n                {\n                    size_t i;\n                    for(i = 0; i < 100; i++)\n                    {\n                        data[i] = 5;\n                    }\n                }\n            }\n            if([Masked Space 16])\n            {\n                free(data);\n            }\n            printIntLine(data[0]);\n        }\n    }\n    if([Masked Space 17])\n    {\n        int socketDescriptor;\n        int connectionStatus = 0;\n        char networkBuffer[256];\n        for (socketDescriptor = 0; socketDescriptor < 5; socketDescriptor++) {\n            if (connectionStatus == 0) {\n                networkBuffer[socketDescriptor] = 'A';\n            } else {\n                networkBuffer[socketDescriptor] = '0';\n            }\n        }\n        printLine(\"Successful! Problem Resolved!\");\n    }\n}",
        "CWE_ID": "CWE416",
        "question": "Question: Examine the following code snippet variants. Which set of ([Masked Value], [Masked Space]) will not trigger CWE416 weakness while maintaining the original functionality of the code?",
        "choices": {
            "A": "None of the modifications resolve the issue without triggering CWE416.",
            "B": "We assign \"523\" to the [Masked Value]. At Masked Space [1], we put if (StaticValue==470). At Masked Space [2], we put if(1). At Masked Space [3], we put if(523==523). At Masked Space [4], we put if (StaticValue==876). At Masked Space [5], we put if(1). At Masked Space [6], we put if(523==523). At Masked Space [7], we put if (StaticValue==576). At Masked Space [8], we put if(523==523). At Masked Space [9], we put for(DogCat = 0; DogCat < 1; DogCat++). At Masked Space [10], we put if (StaticValue==735). At Masked Space [11], we put if(523==523). At Masked Space [12], we put if(1). At Masked Space [13], we put if (StaticValue==523). At Masked Space [14], we put if(StaticValue==523). At Masked Space [15], we put for(DogCat = 0; DogCat < 1; DogCat++). At Masked Space [16], we put if (StaticValue==523). At Masked Space [17], we put if(StaticValue==541). ",
            "C": "We assign \"541\" to the [Masked Value]. At Masked Space [1], we put if (StaticValue==470). At Masked Space [2], we put if(1). At Masked Space [3], we put if(523==523). At Masked Space [4], we put if (StaticValue==876). At Masked Space [5], we put if(1). At Masked Space [6], we put if(523==523). At Masked Space [7], we put if (StaticValue==576). At Masked Space [8], we put if(523==523). At Masked Space [9], we put for(DogCat = 0; DogCat < 1; DogCat++). At Masked Space [10], we put if (StaticValue==735). At Masked Space [11], we put if(523==523). At Masked Space [12], we put if(1). At Masked Space [13], we put if (StaticValue==523). At Masked Space [14], we put if(StaticValue==523). At Masked Space [15], we put for(DogCat = 0; DogCat < 1; DogCat++). At Masked Space [16], we put if (StaticValue==401). At Masked Space [17], we put if(StaticValue==541). ",
            "D": "We assign \"523\" to the [Masked Value]. At Masked Space [1], we put if (StaticValue==470). At Masked Space [2], we put if(1). At Masked Space [3], we put if(523==523). At Masked Space [4], we put if (StaticValue==876). At Masked Space [5], we put if(1). At Masked Space [6], we put if(523==523). At Masked Space [7], we put if (StaticValue==576). At Masked Space [8], we put if(523==523). At Masked Space [9], we put for(DogCat = 0; DogCat < 1; DogCat++). At Masked Space [10], we put if (StaticValue==735). At Masked Space [11], we put if(523==523). At Masked Space [12], we put if(1). At Masked Space [13], we put if (StaticValue==523). At Masked Space [14], we put if(StaticValue==523). At Masked Space [15], we put for(DogCat = 0; DogCat < 1; DogCat++). At Masked Space [16], we put if (StaticValue==401). At Masked Space [17], we put if(StaticValue==541). "
        },
        "answer": "D",
        "distance": "inner_outer_variant_0"
    },
    {
        "case_id": "CWE416_Use_After_Free__malloc_free_int_01_bad",
        "org_code": "static int StaticValue = [Masked Value];\nvoid Sample_Func()\n{\n    if([Masked Space 1])\n    {\n        {\n            int * data;\n            data = NULL;\n            [Masked Space 2]\n            {\n                data = (int *)malloc(100*sizeof(int));\n            }\n            if (data == NULL) {exit(-1);}\n            {\n                size_t i;\n                [Masked Space 3]\n                {\n                    for(i = 0; i < 100; i++)\n                    {\n                        data[i] = 5;\n                    }\n                }\n            }\n            free(data);\n            printIntLine(data[0]);\n        }\n    }\n    if([Masked Space 4])\n    {\n        int socketDescriptor;\n        int connectionStatus = 0;\n        char networkBuffer[256];\n        for (socketDescriptor = 0; socketDescriptor < 5; socketDescriptor++) {\n            if (connectionStatus == 0) {\n                networkBuffer[socketDescriptor] = 'A';\n            } else {\n                networkBuffer[socketDescriptor] = '0';\n            }\n        }\n        printLine(\"Successful! Problem Resolved!\");\n    }\n    if([Masked Space 5])\n    {\n        {\n            int * data;\n            data = NULL;\n            [Masked Space 6]\n            {\n                data = (int *)malloc(100*sizeof(int));\n            }\n            if (data == NULL) {exit(-1);}\n            [Masked Space 7]\n            {\n                {\n                    size_t i;\n                    for(i = 0; i < 100; i++)\n                    {\n                        data[i] = 5;\n                    }\n                }\n            }\n            printIntLine(data[0]);\n        }\n    }\n    if([Masked Space 8])\n    {\n        {\n            int * data;\n            data = NULL;\n            [Masked Space 9]\n            {\n                data = (int *)malloc(100*sizeof(int));\n            }\n            if (data == NULL) {exit(-1);}\n            [Masked Space 10]\n            {\n                {\n                    size_t i;\n                    for(i = 0; i < 100; i++)\n                    {\n                        data[i] = 5;\n                    }\n                }\n            }\n            free(data);\n            ;  \n        }\n    }\n    if([Masked Space 11])\n    {\n        int DogCat;\n        {\n            int * data;\n            data = NULL;\n            [Masked Space 12]\n            {\n                data = (int *)malloc(100*sizeof(int));\n            }\n            if (data == NULL) {exit(-1);}\n            [Masked Space 13]\n            {\n                {\n                    size_t i;\n                    for(i = 0; i < 100; i++)\n                    {\n                        data[i] = 5;\n                    }\n                }\n            }\n            printIntLine(data[0]);\n        }\n    }\n    if([Masked Space 14])\n    {\n        int DogCat;\n        {\n            int * data;\n            data = NULL;\n            [Masked Space 15]\n            {\n                data = (int *)malloc(100*sizeof(int));\n            }\n            if (data == NULL) {exit(-1);}\n            [Masked Space 16]\n            {\n                {\n                    size_t i;\n                    for(i = 0; i < 100; i++)\n                    {\n                        data[i] = 5;\n                    }\n                }\n            }\n            free(data);\n            if([Masked Space 17])\n            {\n                printIntLine(data[0]);\n            }\n            if([Masked Space 18])\n            {\n                ;  \n            }\n            if([Masked Space 19])\n            {\n                ;  \n            }\n        }\n    }\n}",
        "CWE_ID": "CWE416",
        "question": "Question: Examine the following code snippet variants. Which set of ([Masked Value], [Masked Space]) will not trigger CWE416 weakness while maintaining the original functionality of the code?",
        "choices": {
            "A": "We assign \"523\" to the [Masked Value]. At Masked Space [1], we put if (StaticValue==470). At Masked Space [2], we put if(523==523). At Masked Space [3], we put if(1). At Masked Space [4], we put if(StaticValue==543). At Masked Space [5], we put if (StaticValue==876). At Masked Space [6], we put if(StaticValue==523). At Masked Space [7], we put if(523==523). At Masked Space [8], we put if (StaticValue==576). At Masked Space [9], we put if(1). At Masked Space [10], we put if(StaticValue==523). At Masked Space [11], we put if (StaticValue==735). At Masked Space [12], we put if(1). At Masked Space [13], we put for(DogCat = 0; DogCat < 1; DogCat++). At Masked Space [14], we put if (StaticValue==523). At Masked Space [15], we put for(DogCat = 0; DogCat < 1; DogCat++). At Masked Space [16], we put if(StaticValue==523). At Masked Space [17], we put if (StaticValue==398). At Masked Space [18], we put if (StaticValue==648). At Masked Space [19], we put if (StaticValue==523). ",
            "B": "We assign \"543\" to the [Masked Value]. At Masked Space [1], we put if (StaticValue==470). At Masked Space [2], we put if(523==523). At Masked Space [3], we put if(1). At Masked Space [4], we put if(StaticValue==543). At Masked Space [5], we put if (StaticValue==876). At Masked Space [6], we put if(StaticValue==523). At Masked Space [7], we put if(523==523). At Masked Space [8], we put if (StaticValue==576). At Masked Space [9], we put if(1). At Masked Space [10], we put if(StaticValue==523). At Masked Space [11], we put if (StaticValue==735). At Masked Space [12], we put if(1). At Masked Space [13], we put for(DogCat = 0; DogCat < 1; DogCat++). At Masked Space [14], we put if (StaticValue==523). At Masked Space [15], we put for(DogCat = 0; DogCat < 1; DogCat++). At Masked Space [16], we put if(StaticValue==523). At Masked Space [17], we put if (StaticValue==398). At Masked Space [18], we put if (StaticValue==648). At Masked Space [19], we put if (StaticValue==523). ",
            "C": "We assign \"523\" to the [Masked Value]. At Masked Space [1], we put if (StaticValue==470). At Masked Space [2], we put if(523==523). At Masked Space [3], we put if(1). At Masked Space [4], we put if(StaticValue==543). At Masked Space [5], we put if (StaticValue==876). At Masked Space [6], we put if(StaticValue==523). At Masked Space [7], we put if(523==523). At Masked Space [8], we put if (StaticValue==576). At Masked Space [9], we put if(1). At Masked Space [10], we put if(StaticValue==523). At Masked Space [11], we put if (StaticValue==735). At Masked Space [12], we put if(1). At Masked Space [13], we put for(DogCat = 0; DogCat < 1; DogCat++). At Masked Space [14], we put if (StaticValue==523). At Masked Space [15], we put for(DogCat = 0; DogCat < 1; DogCat++). At Masked Space [16], we put if(StaticValue==523). At Masked Space [17], we put if (StaticValue==523). At Masked Space [18], we put if (StaticValue==648). At Masked Space [19], we put if (StaticValue==398). ",
            "D": "None of the modifications resolve the issue without triggering CWE416."
        },
        "answer": "A",
        "distance": "inner_outer_variant_1"
    },
    {
        "case_id": "CWE416_Use_After_Free__malloc_free_int_01_bad",
        "org_code": "static int StaticValue = [Masked Value];\nvoid Sample_Func()\n{\n    int DogCat;\n    int * data;\n    data = NULL;\n    [Masked Space 1]\n    {\n        data = (int *)malloc(100*sizeof(int));\n    }\n    if (data == NULL) {exit(-1);}\n    [Masked Space 2]\n    {\n        {\n            size_t i;\n            for(i = 0; i < 100; i++)\n            {\n                data[i] = 5;\n            }\n        }\n    }\n    if([Masked Space 3])\n    {\n        free(data);\n    }\n    if([Masked Space 4])\n    {\n        int socketDescriptor;\n        int connectionStatus = 0;\n        char networkBuffer[256];\n        for (socketDescriptor = 0; socketDescriptor < 5; socketDescriptor++) {\n            if (connectionStatus == 0) {\n                networkBuffer[socketDescriptor] = 'A';\n            } else {\n                networkBuffer[socketDescriptor] = '0';\n            }\n        }\n        printLine(\"Successful! Problem Resolved!\");\n    }\n    printIntLine(data[0]);\n}",
        "CWE_ID": "CWE416",
        "question": "Question: Examine the following code snippet variants. Which set of ([Masked Value], [Masked Space]) will not trigger CWE416 weakness while maintaining the original functionality of the code?",
        "choices": {
            "A": "None of the modifications resolve the issue without triggering CWE416.",
            "B": "We assign \"523\" to the [Masked Value]. At Masked Space [1], we put for(DogCat = 0; DogCat < 1; DogCat++). At Masked Space [2], we put if(523==523). At Masked Space [3], we put if (StaticValue==401). At Masked Space [4], we put if(StaticValue==535). ",
            "C": "We assign \"535\" to the [Masked Value]. At Masked Space [1], we put for(DogCat = 0; DogCat < 1; DogCat++). At Masked Space [2], we put if(523==523). At Masked Space [3], we put if (StaticValue==401). At Masked Space [4], we put if(StaticValue==535). ",
            "D": "We assign \"523\" to the [Masked Value]. At Masked Space [1], we put for(DogCat = 0; DogCat < 1; DogCat++). At Masked Space [2], we put if(523==523). At Masked Space [3], we put if (StaticValue==523). At Masked Space [4], we put if(StaticValue==535). "
        },
        "answer": "B",
        "distance": "inner_variant_0"
    },
    {
        "case_id": "CWE416_Use_After_Free__malloc_free_int_01_bad",
        "org_code": "static int StaticValue = [Masked Value];\nvoid Sample_Func()\n{\n    int DogCat;\n    int * data;\n    data = NULL;\n    [Masked Space 1]\n    {\n        data = (int *)malloc(100*sizeof(int));\n    }\n    if (data == NULL) {exit(-1);}\n    [Masked Space 2]\n    {\n        {\n            size_t i;\n            for(i = 0; i < 100; i++)\n            {\n                data[i] = 5;\n            }\n        }\n    }\n    free(data);\n    if([Masked Space 3])\n    {\n        printIntLine(data[0]);\n    }\n    if([Masked Space 4])\n    {\n        ;  \n    }\n    if([Masked Space 5])\n    {\n        int socketDescriptor;\n        int connectionStatus = 0;\n        char networkBuffer[256];\n        for (socketDescriptor = 0; socketDescriptor < 5; socketDescriptor++) {\n            if (connectionStatus == 0) {\n                networkBuffer[socketDescriptor] = 'A';\n            } else {\n                networkBuffer[socketDescriptor] = '0';\n            }\n        }\n        printLine(\"Successful! Problem Resolved!\");\n    }\n    if([Masked Space 6])\n    {\n        ;  \n    }\n}",
        "CWE_ID": "CWE416",
        "question": "Question: Examine the following code snippet variants. Which set of ([Masked Value], [Masked Space]) will not trigger CWE416 weakness while maintaining the original functionality of the code?",
        "choices": {
            "A": "None of the modifications resolve the issue without triggering CWE416.",
            "B": "We assign \"523\" to the [Masked Value]. At Masked Space [1], we put if(StaticValue==523). At Masked Space [2], we put for(DogCat = 0; DogCat < 1; DogCat++). At Masked Space [3], we put if (StaticValue==398). At Masked Space [4], we put if (StaticValue==648). At Masked Space [5], we put if(StaticValue==535). At Masked Space [6], we put if (StaticValue==523). ",
            "C": "We assign \"535\" to the [Masked Value]. At Masked Space [1], we put if(StaticValue==523). At Masked Space [2], we put for(DogCat = 0; DogCat < 1; DogCat++). At Masked Space [3], we put if (StaticValue==398). At Masked Space [4], we put if (StaticValue==648). At Masked Space [5], we put if(StaticValue==535). At Masked Space [6], we put if (StaticValue==523). ",
            "D": "We assign \"523\" to the [Masked Value]. At Masked Space [1], we put if(StaticValue==523). At Masked Space [2], we put for(DogCat = 0; DogCat < 1; DogCat++). At Masked Space [3], we put if (StaticValue==523). At Masked Space [4], we put if (StaticValue==648). At Masked Space [5], we put if(StaticValue==535). At Masked Space [6], we put if (StaticValue==398). "
        },
        "answer": "B",
        "distance": "inner_variant_1"
    },
    {
        "case_id": "CWE416_Use_After_Free__malloc_free_int_01_bad",
        "org_code": "static int StaticValue = [Masked Value];\nvoid Sample_Func()\n{\n    if([Masked Space 1])\n    {\n        {\n            int * data;\n            data = NULL;\n            data = (int *)malloc(100*sizeof(int));\n            if (data == NULL) {exit(-1);}\n            {\n                size_t i;\n                for(i = 0; i < 100; i++)\n                {\n                    data[i] = 5;\n                }\n            }\n            free(data);\n            printIntLine(data[0]);\n        }\n    }\n    if([Masked Space 2])\n    {\n        int socketDescriptor;\n        int connectionStatus = 0;\n        char networkBuffer[256];\n        for (socketDescriptor = 0; socketDescriptor < 5; socketDescriptor++) {\n            if (connectionStatus == 0) {\n                networkBuffer[socketDescriptor] = 'A';\n            } else {\n                networkBuffer[socketDescriptor] = '0';\n            }\n        }\n        printLine(\"Successful! Problem Resolved!\");\n    }\n    if([Masked Space 3])\n    {\n        {\n            int * data;\n            data = NULL;\n            data = (int *)malloc(100*sizeof(int));\n            if (data == NULL) {exit(-1);}\n            {\n                size_t i;\n                for(i = 0; i < 100; i++)\n                {\n                    data[i] = 5;\n                }\n            }\n            printIntLine(data[0]);\n        }\n    }\n    if([Masked Space 4])\n    {\n        {\n            int * data;\n            data = NULL;\n            data = (int *)malloc(100*sizeof(int));\n            if (data == NULL) {exit(-1);}\n            {\n                size_t i;\n                for(i = 0; i < 100; i++)\n                {\n                    data[i] = 5;\n                }\n            }\n            free(data);\n            ;  \n        }\n    }\n    if([Masked Space 5])\n    {\n        {\n            int * data;\n            data = NULL;\n            data = (int *)malloc(100*sizeof(int));\n            if (data == NULL) {exit(-1);}\n            {\n                size_t i;\n                for(i = 0; i < 100; i++)\n                {\n                    data[i] = 5;\n                }\n            }\n            printIntLine(data[0]);\n        }\n    }\n    if([Masked Space 6])\n    {\n        {\n            int * data;\n            data = NULL;\n            data = (int *)malloc(100*sizeof(int));\n            if (data == NULL) {exit(-1);}\n            {\n                size_t i;\n                for(i = 0; i < 100; i++)\n                {\n                    data[i] = 5;\n                }\n            }\n            free(data);\n            ;  \n        }\n    }\n}",
        "CWE_ID": "CWE416",
        "question": "Question: Examine the following code snippet variants. Which set of ([Masked Value], [Masked Space]) will not trigger CWE416 weakness while maintaining the original functionality of the code?",
        "choices": {
            "A": "We assign \"523\" to the [Masked Value]. At Masked Space [1], we put if (StaticValue==523). At Masked Space [2], we put if(StaticValue==537). At Masked Space [3], we put if (StaticValue==876). At Masked Space [4], we put if (StaticValue==576). At Masked Space [5], we put if (StaticValue==735). At Masked Space [6], we put if (StaticValue==470). ",
            "B": "We assign \"523\" to the [Masked Value]. At Masked Space [1], we put if (StaticValue==470). At Masked Space [2], we put if(StaticValue==537). At Masked Space [3], we put if (StaticValue==876). At Masked Space [4], we put if (StaticValue==576). At Masked Space [5], we put if (StaticValue==735). At Masked Space [6], we put if (StaticValue==523). ",
            "C": "None of the modifications resolve the issue without triggering CWE416.",
            "D": "We assign \"537\" to the [Masked Value]. At Masked Space [1], we put if (StaticValue==470). At Masked Space [2], we put if(StaticValue==537). At Masked Space [3], we put if (StaticValue==876). At Masked Space [4], we put if (StaticValue==576). At Masked Space [5], we put if (StaticValue==735). At Masked Space [6], we put if (StaticValue==523). "
        },
        "answer": "B",
        "distance": "outer"
    },
    {
        "case_id": "CWE416_Use_After_Free__malloc_free_int_01_bad",
        "org_code": "static int StaticValue = [Masked Value];\nvoid Sample_Func()\n{\n    if([Masked Space 1])\n    {\n        {\n            int * data;\n            data = NULL;\n            [Masked Space 2]\n            {\n                data = (int *)malloc(100*sizeof(int));\n            }\n            if (data == NULL) {exit(-1);}\n            {\n                size_t i;\n                [Masked Space 3]\n                {\n                    for(i = 0; i < 100; i++)\n                    {\n                        data[i] = 5;\n                    }\n                }\n            }\n            free(data);\n            printIntLine(data[0]);\n        }\n    }\n    if([Masked Space 4])\n    {\n        {\n            int * data;\n            data = NULL;\n            [Masked Space 5]\n            {\n                data = (int *)malloc(100*sizeof(int));\n            }\n            if (data == NULL) {exit(-1);}\n            [Masked Space 6]\n            {\n                {\n                    size_t i;\n                    for(i = 0; i < 100; i++)\n                    {\n                        data[i] = 5;\n                    }\n                }\n            }\n            printIntLine(data[0]);\n        }\n    }\n    if([Masked Space 7])\n    {\n        int DogCat;\n        {\n            int * data;\n            data = NULL;\n            [Masked Space 8]\n            {\n                data = (int *)malloc(100*sizeof(int));\n            }\n            if (data == NULL) {exit(-1);}\n            [Masked Space 9]\n            {\n                {\n                    size_t i;\n                    for(i = 0; i < 100; i++)\n                    {\n                        data[i] = 5;\n                    }\n                }\n            }\n            free(data);\n            ;  \n        }\n    }\n    if([Masked Space 10])\n    {\n        int socketDescriptor;\n        int connectionStatus = 0;\n        char networkBuffer[256];\n        for (socketDescriptor = 0; socketDescriptor < 5; socketDescriptor++) {\n            if (connectionStatus == 0) {\n                networkBuffer[socketDescriptor] = 'A';\n            } else {\n                networkBuffer[socketDescriptor] = '0';\n            }\n        }\n        printLine(\"Successful! Problem Resolved!\");\n    }\n    if([Masked Space 11])\n    {\n        {\n            int * data;\n            data = NULL;\n            [Masked Space 12]\n            {\n                data = (int *)malloc(100*sizeof(int));\n            }\n            if (data == NULL) {exit(-1);}\n            [Masked Space 13]\n            {\n                {\n                    size_t i;\n                    for(i = 0; i < 100; i++)\n                    {\n                        data[i] = 5;\n                    }\n                }\n            }\n            printIntLine(data[0]);\n        }\n    }\n    if([Masked Space 14])\n    {\n        {\n            int * data;\n            data = NULL;\n            [Masked Space 15]\n            {\n                data = (int *)malloc(100*sizeof(int));\n            }\n            if (data == NULL) {exit(-1);}\n            {\n                size_t i;\n                [Masked Space 16]\n                {\n                    for(i = 0; i < 100; i++)\n                    {\n                        data[i] = 5;\n                    }\n                }\n            }\n            free(data);\n            ;  \n        }\n    }\n}",
        "CWE_ID": "CWE416",
        "question": "Question: Examine the following code snippet variants. Which set of ([Masked Value], [Masked Space]) will not trigger CWE416 weakness while maintaining the original functionality of the code?",
        "choices": {
            "A": "We assign \"523\" to the [Masked Value]. At Masked Space [1], we put if (StaticValue==523). At Masked Space [2], we put if(StaticValue==523). At Masked Space [3], we put if(523==523). At Masked Space [4], we put if (StaticValue==876). At Masked Space [5], we put if(StaticValue==523). At Masked Space [6], we put if(1). At Masked Space [7], we put if (StaticValue==576). At Masked Space [8], we put if(StaticValue==523). At Masked Space [9], we put for(DogCat = 0; DogCat < 1; DogCat++). At Masked Space [10], we put if(StaticValue==541). At Masked Space [11], we put if (StaticValue==735). At Masked Space [12], we put if(1). At Masked Space [13], we put if(StaticValue==523). At Masked Space [14], we put if (StaticValue==470). At Masked Space [15], we put if(1). At Masked Space [16], we put if(523==523). ",
            "B": "None of the modifications resolve the issue without triggering CWE416.",
            "C": "We assign \"523\" to the [Masked Value]. At Masked Space [1], we put if (StaticValue==470). At Masked Space [2], we put if(StaticValue==523). At Masked Space [3], we put if(523==523). At Masked Space [4], we put if (StaticValue==876). At Masked Space [5], we put if(StaticValue==523). At Masked Space [6], we put if(1). At Masked Space [7], we put if (StaticValue==576). At Masked Space [8], we put if(StaticValue==523). At Masked Space [9], we put for(DogCat = 0; DogCat < 1; DogCat++). At Masked Space [10], we put if(StaticValue==541). At Masked Space [11], we put if (StaticValue==735). At Masked Space [12], we put if(1). At Masked Space [13], we put if(StaticValue==523). At Masked Space [14], we put if (StaticValue==523). At Masked Space [15], we put if(1). At Masked Space [16], we put if(523==523). ",
            "D": "We assign \"541\" to the [Masked Value]. At Masked Space [1], we put if (StaticValue==470). At Masked Space [2], we put if(StaticValue==523). At Masked Space [3], we put if(523==523). At Masked Space [4], we put if (StaticValue==876). At Masked Space [5], we put if(StaticValue==523). At Masked Space [6], we put if(1). At Masked Space [7], we put if (StaticValue==576). At Masked Space [8], we put if(StaticValue==523). At Masked Space [9], we put for(DogCat = 0; DogCat < 1; DogCat++). At Masked Space [10], we put if(StaticValue==541). At Masked Space [11], we put if (StaticValue==735). At Masked Space [12], we put if(1). At Masked Space [13], we put if(StaticValue==523). At Masked Space [14], we put if (StaticValue==523). At Masked Space [15], we put if(1). At Masked Space [16], we put if(523==523). "
        },
        "answer": "C",
        "distance": "outer_variant"
    }
]