[
    {
        "case_id": "CWE535_Info_Exposure_Shell_Error__w32_char_01_bad",
        "org_code": "static int StaticValue = [Masked Value];\nvoid Sample_Func()\n{\n    if([Masked Space 1])\n    {\n        {\n            {\n                char password[100] = \"\";\n                size_t passwordLen = 0;\n                HANDLE pHandle;\n                char * username = \"User\";\n                char * domain = \"Domain\";\n                if (fgets(password, 100, stdin) == NULL)\n                {\n                    printLine(\"fgets() failed\");\n                    password[0] = '\\0';\n                }\n                passwordLen = strlen(password);\n                if (passwordLen > 0)\n                {\n                    password[passwordLen-1] = '\\0';\n                }\n                if (LogonUserA(\n                            username,\n                            domain,\n                            password,\n                            LOGON32_LOGON_NETWORK,\n                            LOGON32_PROVIDER_DEFAULT,\n                            &pHandle) != 0)\n                {\n                    printLine(\"User logged in successfully.\");\n                    CloseHandle(pHandle);\n                }\n                else\n                {\n                    printLine(\"Unable to login.\");\n                }\n                fprintf(stderr, \"User attempted access with password: %s\\n\", password);\n            }\n        }\n    }\n    if([Masked Space 2])\n    {\n        {\n            {\n                char password[100] = \"\";\n                size_t passwordLen = 0;\n                HANDLE pHandle;\n                char * username = \"User\";\n                char * domain = \"Domain\";\n                if (fgets(password, 100, stdin) == NULL)\n                {\n                    printLine(\"fgets() failed\");\n                    password[0] = '\\0';\n                }\n                passwordLen = strlen(password);\n                if (passwordLen > 0)\n                {\n                    password[passwordLen-1] = '\\0';\n                }\n                if (LogonUserA(\n                            username,\n                            domain,\n                            password,\n                            LOGON32_LOGON_NETWORK,\n                            LOGON32_PROVIDER_DEFAULT,\n                            &pHandle) != 0)\n                {\n                    printLine(\"User logged in successfully.\");\n                    CloseHandle(pHandle);\n                }\n                else\n                {\n                    printLine(\"Unable to login.\");\n                }\n                fprintf(stderr, \"User attempted access\\n\");\n            }\n        }\n    }\n    if([Masked Space 3])\n    {\n        {\n            {\n                char password[100] = \"\";\n                size_t passwordLen = 0;\n                HANDLE pHandle;\n                char * username = \"User\";\n                char * domain = \"Domain\";\n                if (fgets(password, 100, stdin) == NULL)\n                {\n                    printLine(\"fgets() failed\");\n                    password[0] = '\\0';\n                }\n                passwordLen = strlen(password);\n                if (passwordLen > 0)\n                {\n                    password[passwordLen-1] = '\\0';\n                }\n                if (LogonUserA(\n                            username,\n                            domain,\n                            password,\n                            LOGON32_LOGON_NETWORK,\n                            LOGON32_PROVIDER_DEFAULT,\n                            &pHandle) != 0)\n                {\n                    printLine(\"User logged in successfully.\");\n                    CloseHandle(pHandle);\n                }\n                else\n                {\n                    printLine(\"Unable to login.\");\n                }\n                if([Masked Space 4])\n                {\n                    fprintf(stderr, \"User attempted access with password: %s\\n\", password);\n                }\n                if([Masked Space 5])\n                {\n                    fprintf(stderr, \"User attempted access\\n\");\n                }\n                if([Masked Space 6])\n                {\n                    fprintf(stderr, \"User attempted access\\n\");\n                }\n            }\n        }\n    }\n    if([Masked Space 7])\n    {\n        int socketDescriptor;\n        int connectionStatus = 0;\n        char networkBuffer[256];\n        for (socketDescriptor = 0; socketDescriptor < 5; socketDescriptor++) {\n            if (connectionStatus == 0) {\n                networkBuffer[socketDescriptor] = 'A';\n            } else {\n                networkBuffer[socketDescriptor] = '0';\n            }\n        }\n        printLine(\"Successful! Problem Resolved!\");\n    }\n}",
        "CWE_ID": "CWE535",
        "question": "Question: Examine the following code snippet variants. Which set of ([Masked Value], [Masked Space]) will not trigger CWE535 weakness while maintaining the original functionality of the code?",
        "choices": {
            "A": "None of the modifications resolve the issue without triggering CWE535.",
            "B": "We assign \"337\" to the [Masked Value]. At Masked Space [1], we put if (StaticValue==286). At Masked Space [2], we put if (StaticValue==388). At Masked Space [3], we put if (StaticValue==337). At Masked Space [4], we put if (StaticValue==337). At Masked Space [5], we put if (StaticValue==455). At Masked Space [6], we put if (StaticValue==219). At Masked Space [7], we put if(StaticValue==357). ",
            "C": "We assign \"357\" to the [Masked Value]. At Masked Space [1], we put if (StaticValue==286). At Masked Space [2], we put if (StaticValue==388). At Masked Space [3], we put if (StaticValue==337). At Masked Space [4], we put if (StaticValue==219). At Masked Space [5], we put if (StaticValue==455). At Masked Space [6], we put if (StaticValue==337). At Masked Space [7], we put if(StaticValue==357). ",
            "D": "We assign \"337\" to the [Masked Value]. At Masked Space [1], we put if (StaticValue==286). At Masked Space [2], we put if (StaticValue==388). At Masked Space [3], we put if (StaticValue==337). At Masked Space [4], we put if (StaticValue==219). At Masked Space [5], we put if (StaticValue==455). At Masked Space [6], we put if (StaticValue==337). At Masked Space [7], we put if(StaticValue==357). "
        },
        "answer": "D",
        "distance": "inner_outer_0"
    },
    {
        "case_id": "CWE535_Info_Exposure_Shell_Error__w32_char_01_bad",
        "org_code": "static int StaticValue = [Masked Value];\nvoid Sample_Func()\n{\n    if([Masked Space 1])\n    {\n        int DogCat;\n        {\n            {\n                char password[100] = \"\";\n                size_t passwordLen = 0;\n                HANDLE pHandle;\n                char * username = \"User\";\n                char * domain = \"Domain\";\n                if (fgets(password, 100, stdin) == NULL)\n                {\n                    printLine(\"fgets() failed\");\n                    password[0] = '\\0';\n                }\n                [Masked Space 2]\n                {\n                    passwordLen = strlen(password);\n                }\n                if (passwordLen > 0)\n                {\n                    password[passwordLen-1] = '\\0';\n                }\n                if (LogonUserA(\n                            username,\n                            domain,\n                            password,\n                            LOGON32_LOGON_NETWORK,\n                            LOGON32_PROVIDER_DEFAULT,\n                            &pHandle) != 0)\n                {\n                    printLine(\"User logged in successfully.\");\n                    CloseHandle(pHandle);\n                }\n                else\n                {\n                    [Masked Space 3]\n                    {\n                        printLine(\"Unable to login.\");\n                    }\n                }\n                fprintf(stderr, \"User attempted access with password: %s\\n\", password);\n            }\n        }\n    }\n    if([Masked Space 4])\n    {\n        int socketDescriptor;\n        int connectionStatus = 0;\n        char networkBuffer[256];\n        for (socketDescriptor = 0; socketDescriptor < 5; socketDescriptor++) {\n            if (connectionStatus == 0) {\n                networkBuffer[socketDescriptor] = 'A';\n            } else {\n                networkBuffer[socketDescriptor] = '0';\n            }\n        }\n        printLine(\"Successful! Problem Resolved!\");\n    }\n    if([Masked Space 5])\n    {\n        int DogCat;\n        {\n            {\n                char password[100] = \"\";\n                size_t passwordLen = 0;\n                HANDLE pHandle;\n                char * username = \"User\";\n                char * domain = \"Domain\";\n                [Masked Space 6]\n                {\n                    if (fgets(password, 100, stdin) == NULL)\n                    {\n                        printLine(\"fgets() failed\");\n                        password[0] = '\\0';\n                    }\n                }\n                passwordLen = strlen(password);\n                if (passwordLen > 0)\n                {\n                    password[passwordLen-1] = '\\0';\n                }\n                if (LogonUserA(\n                            username,\n                            domain,\n                            password,\n                            LOGON32_LOGON_NETWORK,\n                            LOGON32_PROVIDER_DEFAULT,\n                            &pHandle) != 0)\n                {\n                    printLine(\"User logged in successfully.\");\n                    CloseHandle(pHandle);\n                }\n                else\n                {\n                    [Masked Space 7]\n                    {\n                        printLine(\"Unable to login.\");\n                    }\n                }\n                fprintf(stderr, \"User attempted access\\n\");\n            }\n        }\n    }\n    if([Masked Space 8])\n    {\n        {\n            {\n                char password[100] = \"\";\n                size_t passwordLen = 0;\n                HANDLE pHandle;\n                char * username = \"User\";\n                char * domain = \"Domain\";\n                if (fgets(password, 100, stdin) == NULL)\n                {\n                    printLine(\"fgets() failed\");\n                    password[0] = '\\0';\n                }\n                passwordLen = strlen(password);\n                if (passwordLen > 0)\n                {\n                    password[passwordLen-1] = '\\0';\n                }\n                [Masked Space 9]\n                {\n                    if (LogonUserA(\n                                username,\n                                domain,\n                                password,\n                                LOGON32_LOGON_NETWORK,\n                                LOGON32_PROVIDER_DEFAULT,\n                                &pHandle) != 0)\n                    {\n                        printLine(\"User logged in successfully.\");\n                        CloseHandle(pHandle);\n                    }\n                    else\n                    {\n                        printLine(\"Unable to login.\");\n                    }\n                }\n                if([Masked Space 10])\n                {\n                    fprintf(stderr, \"User attempted access with password: %s\\n\", password);\n                }\n                if([Masked Space 11])\n                {\n                    fprintf(stderr, \"User attempted access\\n\");\n                }\n                [Masked Space 12]\n                {\n                    if([Masked Space 13])\n                    {\n                        fprintf(stderr, \"User attempted access\\n\");\n                    }\n                }\n            }\n        }\n    }\n}",
        "CWE_ID": "CWE535",
        "question": "Question: Examine the following code snippet variants. Which set of ([Masked Value], [Masked Space]) will not trigger CWE535 weakness while maintaining the original functionality of the code?",
        "choices": {
            "A": "We assign \"353\" to the [Masked Value]. At Masked Space [1], we put if (StaticValue==286). At Masked Space [2], we put if(StaticValue==337). At Masked Space [3], we put for(DogCat = 0; DogCat < 1; DogCat++). At Masked Space [4], we put if(StaticValue==353). At Masked Space [5], we put if (StaticValue==388). At Masked Space [6], we put for(DogCat = 0; DogCat < 1; DogCat++). At Masked Space [7], we put if(337==337). At Masked Space [8], we put if (StaticValue==337). At Masked Space [9], we put if(337==337). At Masked Space [10], we put if (StaticValue==219). At Masked Space [11], we put if (StaticValue==455). At Masked Space [12], we put if(1). At Masked Space [13], we put if (StaticValue==337). ",
            "B": "None of the modifications resolve the issue without triggering CWE535.",
            "C": "We assign \"337\" to the [Masked Value]. At Masked Space [1], we put if (StaticValue==286). At Masked Space [2], we put if(StaticValue==337). At Masked Space [3], we put for(DogCat = 0; DogCat < 1; DogCat++). At Masked Space [4], we put if(StaticValue==353). At Masked Space [5], we put if (StaticValue==388). At Masked Space [6], we put for(DogCat = 0; DogCat < 1; DogCat++). At Masked Space [7], we put if(337==337). At Masked Space [8], we put if (StaticValue==337). At Masked Space [9], we put if(337==337). At Masked Space [10], we put if (StaticValue==219). At Masked Space [11], we put if (StaticValue==455). At Masked Space [12], we put if(1). At Masked Space [13], we put if (StaticValue==337). ",
            "D": "We assign \"337\" to the [Masked Value]. At Masked Space [1], we put if (StaticValue==286). At Masked Space [2], we put if(StaticValue==337). At Masked Space [3], we put for(DogCat = 0; DogCat < 1; DogCat++). At Masked Space [4], we put if(StaticValue==353). At Masked Space [5], we put if (StaticValue==388). At Masked Space [6], we put for(DogCat = 0; DogCat < 1; DogCat++). At Masked Space [7], we put if(337==337). At Masked Space [8], we put if (StaticValue==337). At Masked Space [9], we put if(337==337). At Masked Space [10], we put if (StaticValue==337). At Masked Space [11], we put if (StaticValue==455). At Masked Space [12], we put if(1). At Masked Space [13], we put if (StaticValue==337). "
        },
        "answer": "C",
        "distance": "inner_outer_variant_0"
    },
    {
        "case_id": "CWE535_Info_Exposure_Shell_Error__w32_char_01_bad",
        "org_code": "static int StaticValue = [Masked Value];\nvoid Sample_Func()\n{\n    if([Masked Space 1])\n    {\n        {\n            {\n                char password[100] = \"\";\n                size_t passwordLen = 0;\n                HANDLE pHandle;\n                char * username = \"User\";\n                char * domain = \"Domain\";\n                if (fgets(password, 100, stdin) == NULL)\n                {\n                    printLine(\"fgets() failed\");\n                    password[0] = '\\0';\n                }\n                passwordLen = strlen(password);\n                if (passwordLen > 0)\n                {\n                    password[passwordLen-1] = '\\0';\n                }\n                if (LogonUserA(\n                            username,\n                            domain,\n                            password,\n                            LOGON32_LOGON_NETWORK,\n                            LOGON32_PROVIDER_DEFAULT,\n                            &pHandle) != 0)\n                {\n                    printLine(\"User logged in successfully.\");\n                    CloseHandle(pHandle);\n                }\n                else\n                {\n                    printLine(\"Unable to login.\");\n                }\n                fprintf(stderr, \"User attempted access with password: %s\\n\", password);\n            }\n        }\n    }\n    if([Masked Space 2])\n    {\n        int socketDescriptor;\n        int connectionStatus = 0;\n        char networkBuffer[256];\n        for (socketDescriptor = 0; socketDescriptor < 5; socketDescriptor++) {\n            if (connectionStatus == 0) {\n                networkBuffer[socketDescriptor] = 'A';\n            } else {\n                networkBuffer[socketDescriptor] = '0';\n            }\n        }\n        printLine(\"Successful! Problem Resolved!\");\n    }\n    if([Masked Space 3])\n    {\n        {\n            {\n                char password[100] = \"\";\n                size_t passwordLen = 0;\n                HANDLE pHandle;\n                char * username = \"User\";\n                char * domain = \"Domain\";\n                if (fgets(password, 100, stdin) == NULL)\n                {\n                    printLine(\"fgets() failed\");\n                    password[0] = '\\0';\n                }\n                passwordLen = strlen(password);\n                if (passwordLen > 0)\n                {\n                    password[passwordLen-1] = '\\0';\n                }\n                if (LogonUserA(\n                            username,\n                            domain,\n                            password,\n                            LOGON32_LOGON_NETWORK,\n                            LOGON32_PROVIDER_DEFAULT,\n                            &pHandle) != 0)\n                {\n                    printLine(\"User logged in successfully.\");\n                    CloseHandle(pHandle);\n                }\n                else\n                {\n                    printLine(\"Unable to login.\");\n                }\n                fprintf(stderr, \"User attempted access\\n\");\n            }\n        }\n    }\n    if([Masked Space 4])\n    {\n        {\n            {\n                char password[100] = \"\";\n                size_t passwordLen = 0;\n                HANDLE pHandle;\n                char * username = \"User\";\n                char * domain = \"Domain\";\n                if (fgets(password, 100, stdin) == NULL)\n                {\n                    printLine(\"fgets() failed\");\n                    password[0] = '\\0';\n                }\n                passwordLen = strlen(password);\n                if (passwordLen > 0)\n                {\n                    password[passwordLen-1] = '\\0';\n                }\n                if (LogonUserA(\n                            username,\n                            domain,\n                            password,\n                            LOGON32_LOGON_NETWORK,\n                            LOGON32_PROVIDER_DEFAULT,\n                            &pHandle) != 0)\n                {\n                    printLine(\"User logged in successfully.\");\n                    CloseHandle(pHandle);\n                }\n                else\n                {\n                    printLine(\"Unable to login.\");\n                }\n                fprintf(stderr, \"User attempted access\\n\");\n            }\n        }\n    }\n}",
        "CWE_ID": "CWE535",
        "question": "Question: Examine the following code snippet variants. Which set of ([Masked Value], [Masked Space]) will not trigger CWE535 weakness while maintaining the original functionality of the code?",
        "choices": {
            "A": "We assign \"353\" to the [Masked Value]. At Masked Space [1], we put if (StaticValue==286). At Masked Space [2], we put if(StaticValue==353). At Masked Space [3], we put if (StaticValue==388). At Masked Space [4], we put if (StaticValue==337). ",
            "B": "None of the modifications resolve the issue without triggering CWE535.",
            "C": "We assign \"337\" to the [Masked Value]. At Masked Space [1], we put if (StaticValue==286). At Masked Space [2], we put if(StaticValue==353). At Masked Space [3], we put if (StaticValue==388). At Masked Space [4], we put if (StaticValue==337). ",
            "D": "We assign \"337\" to the [Masked Value]. At Masked Space [1], we put if (StaticValue==337). At Masked Space [2], we put if(StaticValue==353). At Masked Space [3], we put if (StaticValue==388). At Masked Space [4], we put if (StaticValue==286). "
        },
        "answer": "C",
        "distance": "outer"
    },
    {
        "case_id": "CWE535_Info_Exposure_Shell_Error__w32_char_01_bad",
        "org_code": "static int StaticValue = [Masked Value];\nvoid Sample_Func()\n{\n    if([Masked Space 1])\n    {\n        {\n            {\n                char password[100] = \"\";\n                size_t passwordLen = 0;\n                HANDLE pHandle;\n                char * username = \"User\";\n                char * domain = \"Domain\";\n                if (fgets(password, 100, stdin) == NULL)\n                {\n                    printLine(\"fgets() failed\");\n                    password[0] = '\\0';\n                }\n                [Masked Space 2]\n                {\n                    passwordLen = strlen(password);\n                }\n                if (passwordLen > 0)\n                {\n                    password[passwordLen-1] = '\\0';\n                }\n                if (LogonUserA(\n                            username,\n                            domain,\n                            password,\n                            LOGON32_LOGON_NETWORK,\n                            LOGON32_PROVIDER_DEFAULT,\n                            &pHandle) != 0)\n                {\n                    printLine(\"User logged in successfully.\");\n                    CloseHandle(pHandle);\n                }\n                else\n                {\n                    [Masked Space 3]\n                    {\n                        printLine(\"Unable to login.\");\n                    }\n                }\n                fprintf(stderr, \"User attempted access with password: %s\\n\", password);\n            }\n        }\n    }\n    if([Masked Space 4])\n    {\n        int DogCat;\n        {\n            {\n                char password[100] = \"\";\n                size_t passwordLen = 0;\n                HANDLE pHandle;\n                char * username = \"User\";\n                char * domain = \"Domain\";\n                if (fgets(password, 100, stdin) == NULL)\n                {\n                    printLine(\"fgets() failed\");\n                    password[0] = '\\0';\n                }\n                [Masked Space 5]\n                {\n                    passwordLen = strlen(password);\n                }\n                if (passwordLen > 0)\n                {\n                    password[passwordLen-1] = '\\0';\n                }\n                if (LogonUserA(\n                            username,\n                            domain,\n                            password,\n                            LOGON32_LOGON_NETWORK,\n                            LOGON32_PROVIDER_DEFAULT,\n                            &pHandle) != 0)\n                {\n                    printLine(\"User logged in successfully.\");\n                    CloseHandle(pHandle);\n                }\n                else\n                {\n                    [Masked Space 6]\n                    {\n                        printLine(\"Unable to login.\");\n                    }\n                }\n                fprintf(stderr, \"User attempted access\\n\");\n            }\n        }\n    }\n    if([Masked Space 7])\n    {\n        int socketDescriptor;\n        int connectionStatus = 0;\n        char networkBuffer[256];\n        for (socketDescriptor = 0; socketDescriptor < 5; socketDescriptor++) {\n            if (connectionStatus == 0) {\n                networkBuffer[socketDescriptor] = 'A';\n            } else {\n                networkBuffer[socketDescriptor] = '0';\n            }\n        }\n        printLine(\"Successful! Problem Resolved!\");\n    }\n    if([Masked Space 8])\n    {\n        {\n            {\n                char password[100] = \"\";\n                size_t passwordLen = 0;\n                HANDLE pHandle;\n                char * username = \"User\";\n                char * domain = \"Domain\";\n                [Masked Space 9]\n                {\n                    if (fgets(password, 100, stdin) == NULL)\n                    {\n                        printLine(\"fgets() failed\");\n                        password[0] = '\\0';\n                    }\n                }\n                passwordLen = strlen(password);\n                if (passwordLen > 0)\n                {\n                    password[passwordLen-1] = '\\0';\n                }\n                if (LogonUserA(\n                            username,\n                            domain,\n                            password,\n                            LOGON32_LOGON_NETWORK,\n                            LOGON32_PROVIDER_DEFAULT,\n                            &pHandle) != 0)\n                {\n                    printLine(\"User logged in successfully.\");\n                    CloseHandle(pHandle);\n                }\n                else\n                {\n                    [Masked Space 10]\n                    {\n                        printLine(\"Unable to login.\");\n                    }\n                }\n                fprintf(stderr, \"User attempted access\\n\");\n            }\n        }\n    }\n}",
        "CWE_ID": "CWE535",
        "question": "Question: Examine the following code snippet variants. Which set of ([Masked Value], [Masked Space]) will not trigger CWE535 weakness while maintaining the original functionality of the code?",
        "choices": {
            "A": "We assign \"337\" to the [Masked Value]. At Masked Space [1], we put if (StaticValue==286). At Masked Space [2], we put if(StaticValue==337). At Masked Space [3], we put if(1). At Masked Space [4], we put if (StaticValue==388). At Masked Space [5], we put if(1). At Masked Space [6], we put for(DogCat = 0; DogCat < 1; DogCat++). At Masked Space [7], we put if(StaticValue==354). At Masked Space [8], we put if (StaticValue==337). At Masked Space [9], we put if(StaticValue==337). At Masked Space [10], we put if(337==337). ",
            "B": "None of the modifications resolve the issue without triggering CWE535.",
            "C": "We assign \"354\" to the [Masked Value]. At Masked Space [1], we put if (StaticValue==286). At Masked Space [2], we put if(StaticValue==337). At Masked Space [3], we put if(1). At Masked Space [4], we put if (StaticValue==388). At Masked Space [5], we put if(1). At Masked Space [6], we put for(DogCat = 0; DogCat < 1; DogCat++). At Masked Space [7], we put if(StaticValue==354). At Masked Space [8], we put if (StaticValue==337). At Masked Space [9], we put if(StaticValue==337). At Masked Space [10], we put if(337==337). ",
            "D": "We assign \"337\" to the [Masked Value]. At Masked Space [1], we put if (StaticValue==337). At Masked Space [2], we put if(StaticValue==337). At Masked Space [3], we put if(1). At Masked Space [4], we put if (StaticValue==388). At Masked Space [5], we put if(1). At Masked Space [6], we put for(DogCat = 0; DogCat < 1; DogCat++). At Masked Space [7], we put if(StaticValue==354). At Masked Space [8], we put if (StaticValue==286). At Masked Space [9], we put if(StaticValue==337). At Masked Space [10], we put if(337==337). "
        },
        "answer": "A",
        "distance": "outer_variant"
    }
]