[
    {
        "case_id": "CWE468_Incorrect_Pointer_Scaling__int_01_bad",
        "org_code": "static int StaticValue = [Masked Value];\nvoid Sample_Func()\n{\n    if([Masked Space 1])\n    {\n        {\n            {\n                int intArray[10] = { 1, 2, 3, 4, 5, 6, 7, 8, 9, 10 };\n                int *intPointer = intArray;\n                int toPrint = *(intPointer+(2*sizeof(int)));\n                printIntLine(toPrint);\n            }\n        }\n    }\n    if([Masked Space 2])\n    {\n        int socketDescriptor;\n        int connectionStatus = 0;\n        char networkBuffer[256];\n        for (socketDescriptor = 0; socketDescriptor < 5; socketDescriptor++) {\n            if (connectionStatus == 0) {\n                networkBuffer[socketDescriptor] = 'A';\n            } else {\n                networkBuffer[socketDescriptor] = '0';\n            }\n        }\n        printLine(\"Successful! Problem Resolved!\");\n    }\n    if([Masked Space 3])\n    {\n        {\n            {\n                int intArray[10] = { 1, 2, 3, 4, 5, 6, 7, 8, 9, 10 };\n                int *intPointer = intArray;\n                int toPrint = *(intPointer+2);\n                printIntLine(toPrint);\n            }\n        }\n    }\n    if([Masked Space 4])\n    {\n        {\n            {\n                int intArray[10] = { 1, 2, 3, 4, 5, 6, 7, 8, 9, 10 };\n                int *intPointer = intArray;\n                int toPrint = *(intPointer+2);\n                printIntLine(toPrint);\n            }\n        }\n    }\n}",
        "CWE_ID": "CWE468",
        "question": "Question: Examine the following code snippet variants. Which set of ([Masked Value], [Masked Space]) will not trigger CWE468 weakness while maintaining the original functionality of the code?",
        "choices": {
            "A": "None of the modifications resolve the issue without triggering CWE468.",
            "B": "We assign \"653\" to the [Masked Value]. At Masked Space [1], we put if (StaticValue==653). At Masked Space [2], we put if(StaticValue==663). At Masked Space [3], we put if (StaticValue==704). At Masked Space [4], we put if (StaticValue==602). ",
            "C": "We assign \"663\" to the [Masked Value]. At Masked Space [1], we put if (StaticValue==602). At Masked Space [2], we put if(StaticValue==663). At Masked Space [3], we put if (StaticValue==704). At Masked Space [4], we put if (StaticValue==653). ",
            "D": "We assign \"653\" to the [Masked Value]. At Masked Space [1], we put if (StaticValue==602). At Masked Space [2], we put if(StaticValue==663). At Masked Space [3], we put if (StaticValue==704). At Masked Space [4], we put if (StaticValue==653). "
        },
        "answer": "D",
        "distance": "outer"
    }
]