[
    {
        "case_id": "CWE427_Uncontrolled_Search_Path_Element__char_listen_socket_01_bad",
        "org_code": "static int StaticValue = [Masked Value];\nvoid Sample_Func()\n{\n    char * data;\n    char dataBuffer[250] = \"PATH=\";\n    data = dataBuffer;\n    if([Masked Space 1])\n    {\n        strcat(data, NEW_PATH);\n    }\n    if([Masked Space 2])\n    {\n        strcat(data, NEW_PATH);\n    }\n    if([Masked Space 3])\n    {\n        {\n    #ifdef _WIN32\n            WSADATA wsaData;\n            int wsaDataInit = 0;\n    #endif\n            int recvResult;\n            struct sockaddr_in service;\n            char *replace;\n            SOCKET listenSocket = INVALID_SOCKET;\n            SOCKET acceptSocket = INVALID_SOCKET;\n            size_t dataLen = strlen(data);\n            do\n            {\n    #ifdef _WIN32\n                if (WSAStartup(MAKEWORD(2,2), &wsaData) != NO_ERROR)\n                {\n                    break;\n                }\n                wsaDataInit = 1;\n    #endif\n                listenSocket = socket(AF_INET, SOCK_STREAM, IPPROTO_TCP);\n                if (listenSocket == INVALID_SOCKET)\n                {\n                    break;\n                }\n                memset(&service, 0, sizeof(service));\n                service.sin_family = AF_INET;\n                service.sin_addr.s_addr = INADDR_ANY;\n                service.sin_port = htons(TCP_PORT);\n                if (bind(listenSocket, (struct sockaddr*)&service, sizeof(service)) == SOCKET_ERROR)\n                {\n                    break;\n                }\n                if (listen(listenSocket, LISTEN_BACKLOG) == SOCKET_ERROR)\n                {\n                    break;\n                }\n                acceptSocket = accept(listenSocket, NULL, NULL);\n                if (acceptSocket == SOCKET_ERROR)\n                {\n                    break;\n                }\n                recvResult = recv(acceptSocket, (char *)(data + dataLen), sizeof(char) * (250 - dataLen - 1), 0);\n                if (recvResult == SOCKET_ERROR || recvResult == 0)\n                {\n                    break;\n                }\n                data[dataLen + recvResult / sizeof(char)] = '\\0';\n                replace = strchr(data, '\\r');\n                if (replace)\n                {\n                    *replace = '\\0';\n                }\n                replace = strchr(data, '\\n');\n                if (replace)\n                {\n                    *replace = '\\0';\n                }\n            }\n            while (0);\n            if (listenSocket != INVALID_SOCKET)\n            {\n                CLOSE_SOCKET(listenSocket);\n            }\n            if (acceptSocket != INVALID_SOCKET)\n            {\n                CLOSE_SOCKET(acceptSocket);\n            }\n    #ifdef _WIN32\n            if (wsaDataInit)\n            {\n                WSACleanup();\n            }\n    #endif\n        }\n    }\n    if([Masked Space 4])\n    {\n        int socketDescriptor;\n        int connectionStatus = 0;\n        char networkBuffer[256];\n        for (socketDescriptor = 0; socketDescriptor < 5; socketDescriptor++) {\n            if (connectionStatus == 0) {\n                networkBuffer[socketDescriptor] = 'A';\n            } else {\n                networkBuffer[socketDescriptor] = '0';\n            }\n        }\n        printLine(\"Successful! Problem Resolved!\");\n    }\n    PUTENV(data);\n}",
        "CWE_ID": "CWE427",
        "question": "Question: Examine the following code snippet variants. Which set of ([Masked Value], [Masked Space]) will not trigger CWE427 weakness while maintaining the original functionality of the code?",
        "choices": {
            "A": "We assign \"694\" to the [Masked Value]. At Masked Space [1], we put if (StaticValue==800). At Masked Space [2], we put if (StaticValue==588). At Masked Space [3], we put if (StaticValue==694). At Masked Space [4], we put if(StaticValue==707). ",
            "B": "We assign \"694\" to the [Masked Value]. At Masked Space [1], we put if (StaticValue==800). At Masked Space [2], we put if (StaticValue==694). At Masked Space [3], we put if (StaticValue==588). At Masked Space [4], we put if(StaticValue==707). ",
            "C": "We assign \"707\" to the [Masked Value]. At Masked Space [1], we put if (StaticValue==800). At Masked Space [2], we put if (StaticValue==694). At Masked Space [3], we put if (StaticValue==588). At Masked Space [4], we put if(StaticValue==707). ",
            "D": "None of the modifications resolve the issue without triggering CWE427."
        },
        "answer": "B",
        "distance": "inner_0"
    },
    {
        "case_id": "CWE427_Uncontrolled_Search_Path_Element__char_listen_socket_01_bad",
        "org_code": "static int StaticValue = [Masked Value];\nvoid Sample_Func()\n{\n    if([Masked Space 1])\n    {\n        {\n            char * data;\n            char dataBuffer[250] = \"PATH=\";\n            data = dataBuffer;\n            {\n        #ifdef _WIN32\n                WSADATA wsaData;\n                int wsaDataInit = 0;\n        #endif\n                int recvResult;\n                struct sockaddr_in service;\n                char *replace;\n                SOCKET listenSocket = INVALID_SOCKET;\n                SOCKET acceptSocket = INVALID_SOCKET;\n                size_t dataLen = strlen(data);\n                do\n                {\n        #ifdef _WIN32\n                    if (WSAStartup(MAKEWORD(2,2), &wsaData) != NO_ERROR)\n                    {\n                        break;\n                    }\n                    wsaDataInit = 1;\n        #endif\n                    listenSocket = socket(AF_INET, SOCK_STREAM, IPPROTO_TCP);\n                    if (listenSocket == INVALID_SOCKET)\n                    {\n                        break;\n                    }\n                    memset(&service, 0, sizeof(service));\n                    service.sin_family = AF_INET;\n                    service.sin_addr.s_addr = INADDR_ANY;\n                    service.sin_port = htons(TCP_PORT);\n                    if (bind(listenSocket, (struct sockaddr*)&service, sizeof(service)) == SOCKET_ERROR)\n                    {\n                        break;\n                    }\n                    if (listen(listenSocket, LISTEN_BACKLOG) == SOCKET_ERROR)\n                    {\n                        break;\n                    }\n                    acceptSocket = accept(listenSocket, NULL, NULL);\n                    if (acceptSocket == SOCKET_ERROR)\n                    {\n                        break;\n                    }\n                    recvResult = recv(acceptSocket, (char *)(data + dataLen), sizeof(char) * (250 - dataLen - 1), 0);\n                    if (recvResult == SOCKET_ERROR || recvResult == 0)\n                    {\n                        break;\n                    }\n                    data[dataLen + recvResult / sizeof(char)] = '\\0';\n                    replace = strchr(data, '\\r');\n                    if (replace)\n                    {\n                        *replace = '\\0';\n                    }\n                    replace = strchr(data, '\\n');\n                    if (replace)\n                    {\n                        *replace = '\\0';\n                    }\n                }\n                while (0);\n                if (listenSocket != INVALID_SOCKET)\n                {\n                    CLOSE_SOCKET(listenSocket);\n                }\n                if (acceptSocket != INVALID_SOCKET)\n                {\n                    CLOSE_SOCKET(acceptSocket);\n                }\n        #ifdef _WIN32\n                if (wsaDataInit)\n                {\n                    WSACleanup();\n                }\n        #endif\n            }\n            PUTENV(data);\n        }\n    }\n    if([Masked Space 2])\n    {\n        int socketDescriptor;\n        int connectionStatus = 0;\n        char networkBuffer[256];\n        for (socketDescriptor = 0; socketDescriptor < 5; socketDescriptor++) {\n            if (connectionStatus == 0) {\n                networkBuffer[socketDescriptor] = 'A';\n            } else {\n                networkBuffer[socketDescriptor] = '0';\n            }\n        }\n        printLine(\"Successful! Problem Resolved!\");\n    }\n    if([Masked Space 3])\n    {\n        {\n            char * data;\n            char dataBuffer[250] = \"PATH=\";\n            data = dataBuffer;\n            strcat(data, NEW_PATH);\n            PUTENV(data);\n        }\n    }\n    if([Masked Space 4])\n    {\n        {\n            char * data;\n            char dataBuffer[250] = \"PATH=\";\n            data = dataBuffer;\n            if([Masked Space 5])\n            {\n                strcat(data, NEW_PATH);\n            }\n            if([Masked Space 6])\n            {\n                strcat(data, NEW_PATH);\n            }\n            if([Masked Space 7])\n            {\n                {\n            #ifdef _WIN32\n                    WSADATA wsaData;\n                    int wsaDataInit = 0;\n            #endif\n                    int recvResult;\n                    struct sockaddr_in service;\n                    char *replace;\n                    SOCKET listenSocket = INVALID_SOCKET;\n                    SOCKET acceptSocket = INVALID_SOCKET;\n                    size_t dataLen = strlen(data);\n                    do\n                    {\n            #ifdef _WIN32\n                        if (WSAStartup(MAKEWORD(2,2), &wsaData) != NO_ERROR)\n                        {\n                            break;\n                        }\n                        wsaDataInit = 1;\n            #endif\n                        listenSocket = socket(AF_INET, SOCK_STREAM, IPPROTO_TCP);\n                        if (listenSocket == INVALID_SOCKET)\n                        {\n                            break;\n                        }\n                        memset(&service, 0, sizeof(service));\n                        service.sin_family = AF_INET;\n                        service.sin_addr.s_addr = INADDR_ANY;\n                        service.sin_port = htons(TCP_PORT);\n                        if (bind(listenSocket, (struct sockaddr*)&service, sizeof(service)) == SOCKET_ERROR)\n                        {\n                            break;\n                        }\n                        if (listen(listenSocket, LISTEN_BACKLOG) == SOCKET_ERROR)\n                        {\n                            break;\n                        }\n                        acceptSocket = accept(listenSocket, NULL, NULL);\n                        if (acceptSocket == SOCKET_ERROR)\n                        {\n                            break;\n                        }\n                        recvResult = recv(acceptSocket, (char *)(data + dataLen), sizeof(char) * (250 - dataLen - 1), 0);\n                        if (recvResult == SOCKET_ERROR || recvResult == 0)\n                        {\n                            break;\n                        }\n                        data[dataLen + recvResult / sizeof(char)] = '\\0';\n                        replace = strchr(data, '\\r');\n                        if (replace)\n                        {\n                            *replace = '\\0';\n                        }\n                        replace = strchr(data, '\\n');\n                        if (replace)\n                        {\n                            *replace = '\\0';\n                        }\n                    }\n                    while (0);\n                    if (listenSocket != INVALID_SOCKET)\n                    {\n                        CLOSE_SOCKET(listenSocket);\n                    }\n                    if (acceptSocket != INVALID_SOCKET)\n                    {\n                        CLOSE_SOCKET(acceptSocket);\n                    }\n            #ifdef _WIN32\n                    if (wsaDataInit)\n                    {\n                        WSACleanup();\n                    }\n            #endif\n                }\n            }\n            PUTENV(data);\n        }\n    }\n}",
        "CWE_ID": "CWE427",
        "question": "Question: Examine the following code snippet variants. Which set of ([Masked Value], [Masked Space]) will not trigger CWE427 weakness while maintaining the original functionality of the code?",
        "choices": {
            "A": "None of the modifications resolve the issue without triggering CWE427.",
            "B": "We assign \"694\" to the [Masked Value]. At Masked Space [1], we put if (StaticValue==661). At Masked Space [2], we put if(StaticValue==709). At Masked Space [3], we put if (StaticValue==727). At Masked Space [4], we put if (StaticValue==694). At Masked Space [5], we put if (StaticValue==800). At Masked Space [6], we put if (StaticValue==694). At Masked Space [7], we put if (StaticValue==588). ",
            "C": "We assign \"709\" to the [Masked Value]. At Masked Space [1], we put if (StaticValue==661). At Masked Space [2], we put if(StaticValue==709). At Masked Space [3], we put if (StaticValue==727). At Masked Space [4], we put if (StaticValue==694). At Masked Space [5], we put if (StaticValue==800). At Masked Space [6], we put if (StaticValue==694). At Masked Space [7], we put if (StaticValue==588). ",
            "D": "We assign \"694\" to the [Masked Value]. At Masked Space [1], we put if (StaticValue==661). At Masked Space [2], we put if(StaticValue==709). At Masked Space [3], we put if (StaticValue==727). At Masked Space [4], we put if (StaticValue==694). At Masked Space [5], we put if (StaticValue==800). At Masked Space [6], we put if (StaticValue==588). At Masked Space [7], we put if (StaticValue==694). "
        },
        "answer": "B",
        "distance": "inner_outer_0"
    },
    {
        "case_id": "CWE427_Uncontrolled_Search_Path_Element__char_listen_socket_01_bad",
        "org_code": "static int StaticValue = [Masked Value];\nvoid Sample_Func()\n{\n    if([Masked Space 1])\n    {\n        {\n            char * data;\n            char dataBuffer[250] = \"PATH=\";\n            data = dataBuffer;\n            {\n        #ifdef _WIN32\n                WSADATA wsaData;\n                int wsaDataInit = 0;\n        #endif\n                int recvResult;\n                struct sockaddr_in service;\n                char *replace;\n                SOCKET listenSocket = INVALID_SOCKET;\n                SOCKET acceptSocket = INVALID_SOCKET;\n                size_t dataLen = strlen(data);\n                do\n                {\n        #ifdef _WIN32\n                    if (WSAStartup(MAKEWORD(2,2), &wsaData) != NO_ERROR)\n                    {\n                        break;\n                    }\n                    wsaDataInit = 1;\n        #endif\n                    listenSocket = socket(AF_INET, SOCK_STREAM, IPPROTO_TCP);\n                    if (listenSocket == INVALID_SOCKET)\n                    {\n                        break;\n                    }\n                    memset(&service, 0, sizeof(service));\n                    service.sin_family = AF_INET;\n                    service.sin_addr.s_addr = INADDR_ANY;\n                    service.sin_port = htons(TCP_PORT);\n                    if (bind(listenSocket, (struct sockaddr*)&service, sizeof(service)) == SOCKET_ERROR)\n                    {\n                        break;\n                    }\n                    if (listen(listenSocket, LISTEN_BACKLOG) == SOCKET_ERROR)\n                    {\n                        break;\n                    }\n                    acceptSocket = accept(listenSocket, NULL, NULL);\n                    if (acceptSocket == SOCKET_ERROR)\n                    {\n                        break;\n                    }\n                    recvResult = recv(acceptSocket, (char *)(data + dataLen), sizeof(char) * (250 - dataLen - 1), 0);\n                    if (recvResult == SOCKET_ERROR || recvResult == 0)\n                    {\n                        break;\n                    }\n                    data[dataLen + recvResult / sizeof(char)] = '\\0';\n                    replace = strchr(data, '\\r');\n                    if (replace)\n                    {\n                        *replace = '\\0';\n                    }\n                    [Masked Space 2]\n                    {\n                        replace = strchr(data, '\\n');\n                    }\n                    if (replace)\n                    {\n                        *replace = '\\0';\n                    }\n                }\n                while (0);\n                [Masked Space 3]\n                {\n                    if (listenSocket != INVALID_SOCKET)\n                    {\n                        CLOSE_SOCKET(listenSocket);\n                    }\n                }\n                if (acceptSocket != INVALID_SOCKET)\n                {\n                    CLOSE_SOCKET(acceptSocket);\n                }\n        #ifdef _WIN32\n                if (wsaDataInit)\n                {\n                    WSACleanup();\n                }\n        #endif\n            }\n            PUTENV(data);\n        }\n    }\n    if([Masked Space 4])\n    {\n        int socketDescriptor;\n        int connectionStatus = 0;\n        char networkBuffer[256];\n        for (socketDescriptor = 0; socketDescriptor < 5; socketDescriptor++) {\n            if (connectionStatus == 0) {\n                networkBuffer[socketDescriptor] = 'A';\n            } else {\n                networkBuffer[socketDescriptor] = '0';\n            }\n        }\n        printLine(\"Successful! Problem Resolved!\");\n    }\n    if([Masked Space 5])\n    {\n        {\n            char * data;\n            char dataBuffer[250] = \"PATH=\";\n            data = dataBuffer;\n            strcat(data, NEW_PATH);\n            PUTENV(data);\n        }\n    }\n    if([Masked Space 6])\n    {\n        int DogCat;\n        {\n            char * data;\n            char dataBuffer[250] = \"PATH=\";\n            data = dataBuffer;\n            if([Masked Space 7])\n            {\n                strcat(data, NEW_PATH);\n            }\n            if([Masked Space 8])\n            {\n                strcat(data, NEW_PATH);\n            }\n            if([Masked Space 9])\n            {\n                {\n            #ifdef _WIN32\n                    WSADATA wsaData;\n                    int wsaDataInit = 0;\n            #endif\n                    int recvResult;\n                    struct sockaddr_in service;\n                    char *replace;\n                    SOCKET listenSocket = INVALID_SOCKET;\n                    SOCKET acceptSocket = INVALID_SOCKET;\n                    size_t dataLen = strlen(data);\n                    do\n                    {\n            #ifdef _WIN32\n                        if (WSAStartup(MAKEWORD(2,2), &wsaData) != NO_ERROR)\n                        {\n                            break;\n                        }\n                        wsaDataInit = 1;\n            #endif\n                        listenSocket = socket(AF_INET, SOCK_STREAM, IPPROTO_TCP);\n                        if (listenSocket == INVALID_SOCKET)\n                        {\n                            break;\n                        }\n                        memset(&service, 0, sizeof(service));\n                        service.sin_family = AF_INET;\n                        service.sin_addr.s_addr = INADDR_ANY;\n                        service.sin_port = htons(TCP_PORT);\n                        if (bind(listenSocket, (struct sockaddr*)&service, sizeof(service)) == SOCKET_ERROR)\n                        {\n                            break;\n                        }\n                        if (listen(listenSocket, LISTEN_BACKLOG) == SOCKET_ERROR)\n                        {\n                            break;\n                        }\n                        acceptSocket = accept(listenSocket, NULL, NULL);\n                        if (acceptSocket == SOCKET_ERROR)\n                        {\n                            break;\n                        }\n                        recvResult = recv(acceptSocket, (char *)(data + dataLen), sizeof(char) * (250 - dataLen - 1), 0);\n                        if (recvResult == SOCKET_ERROR || recvResult == 0)\n                        {\n                            break;\n                        }\n                        data[dataLen + recvResult / sizeof(char)] = '\\0';\n                        replace = strchr(data, '\\r');\n                        [Masked Space 10]\n                        {\n                            if (replace)\n                            {\n                                *replace = '\\0';\n                            }\n                        }\n                        replace = strchr(data, '\\n');\n                        if (replace)\n                        {\n                            *replace = '\\0';\n                        }\n                    }\n                    while (0);\n                    [Masked Space 11]\n                    {\n                        if (listenSocket != INVALID_SOCKET)\n                        {\n                            CLOSE_SOCKET(listenSocket);\n                        }\n                    }\n                    if (acceptSocket != INVALID_SOCKET)\n                    {\n                        CLOSE_SOCKET(acceptSocket);\n                    }\n            #ifdef _WIN32\n                    if (wsaDataInit)\n                    {\n                        WSACleanup();\n                    }\n            #endif\n                }\n            }\n            PUTENV(data);\n        }\n    }\n}",
        "CWE_ID": "CWE427",
        "question": "Question: Examine the following code snippet variants. Which set of ([Masked Value], [Masked Space]) will not trigger CWE427 weakness while maintaining the original functionality of the code?",
        "choices": {
            "A": "We assign \"694\" to the [Masked Value]. At Masked Space [1], we put if (StaticValue==661). At Masked Space [2], we put if(1). At Masked Space [3], we put if(694==694). At Masked Space [4], we put if(StaticValue==714). At Masked Space [5], we put if (StaticValue==727). At Masked Space [6], we put if (StaticValue==694). At Masked Space [7], we put if (StaticValue==800). At Masked Space [8], we put if (StaticValue==588). At Masked Space [9], we put if (StaticValue==694). At Masked Space [10], we put for(DogCat = 0; DogCat < 1; DogCat++). At Masked Space [11], we put if(StaticValue==694). ",
            "B": "None of the modifications resolve the issue without triggering CWE427.",
            "C": "We assign \"714\" to the [Masked Value]. At Masked Space [1], we put if (StaticValue==661). At Masked Space [2], we put if(1). At Masked Space [3], we put if(694==694). At Masked Space [4], we put if(StaticValue==714). At Masked Space [5], we put if (StaticValue==727). At Masked Space [6], we put if (StaticValue==694). At Masked Space [7], we put if (StaticValue==800). At Masked Space [8], we put if (StaticValue==694). At Masked Space [9], we put if (StaticValue==588). At Masked Space [10], we put for(DogCat = 0; DogCat < 1; DogCat++). At Masked Space [11], we put if(StaticValue==694). ",
            "D": "We assign \"694\" to the [Masked Value]. At Masked Space [1], we put if (StaticValue==661). At Masked Space [2], we put if(1). At Masked Space [3], we put if(694==694). At Masked Space [4], we put if(StaticValue==714). At Masked Space [5], we put if (StaticValue==727). At Masked Space [6], we put if (StaticValue==694). At Masked Space [7], we put if (StaticValue==800). At Masked Space [8], we put if (StaticValue==694). At Masked Space [9], we put if (StaticValue==588). At Masked Space [10], we put for(DogCat = 0; DogCat < 1; DogCat++). At Masked Space [11], we put if(StaticValue==694). "
        },
        "answer": "D",
        "distance": "inner_outer_variant_0"
    },
    {
        "case_id": "CWE427_Uncontrolled_Search_Path_Element__char_listen_socket_01_bad",
        "org_code": "static int StaticValue = [Masked Value];\nvoid Sample_Func()\n{\n    char * data;\n    char dataBuffer[250] = \"PATH=\";\n    data = dataBuffer;\n    if([Masked Space 1])\n    {\n        strcat(data, NEW_PATH);\n    }\n    if([Masked Space 2])\n    {\n        strcat(data, NEW_PATH);\n    }\n    if([Masked Space 3])\n    {\n        {\n    #ifdef _WIN32\n            WSADATA wsaData;\n            int wsaDataInit = 0;\n    #endif\n            int recvResult;\n            struct sockaddr_in service;\n            char *replace;\n            SOCKET listenSocket = INVALID_SOCKET;\n            SOCKET acceptSocket = INVALID_SOCKET;\n            size_t dataLen = strlen(data);\n            do\n            {\n    #ifdef _WIN32\n                [Masked Space 4]\n                {\n                    if (WSAStartup(MAKEWORD(2,2), &wsaData) != NO_ERROR)\n                    {\n                        break;\n                    }\n                }\n                wsaDataInit = 1;\n    #endif\n                listenSocket = socket(AF_INET, SOCK_STREAM, IPPROTO_TCP);\n                [Masked Space 5]\n                {\n                    if (listenSocket == INVALID_SOCKET)\n                    {\n                        break;\n                    }\n                }\n                memset(&service, 0, sizeof(service));\n                service.sin_family = AF_INET;\n                service.sin_addr.s_addr = INADDR_ANY;\n                service.sin_port = htons(TCP_PORT);\n                if (bind(listenSocket, (struct sockaddr*)&service, sizeof(service)) == SOCKET_ERROR)\n                {\n                    break;\n                }\n                if (listen(listenSocket, LISTEN_BACKLOG) == SOCKET_ERROR)\n                {\n                    break;\n                }\n                acceptSocket = accept(listenSocket, NULL, NULL);\n                if (acceptSocket == SOCKET_ERROR)\n                {\n                    break;\n                }\n                recvResult = recv(acceptSocket, (char *)(data + dataLen), sizeof(char) * (250 - dataLen - 1), 0);\n                if (recvResult == SOCKET_ERROR || recvResult == 0)\n                {\n                    break;\n                }\n                data[dataLen + recvResult / sizeof(char)] = '\\0';\n                replace = strchr(data, '\\r');\n                if (replace)\n                {\n                    *replace = '\\0';\n                }\n                replace = strchr(data, '\\n');\n                if (replace)\n                {\n                    *replace = '\\0';\n                }\n            }\n            while (0);\n            if (listenSocket != INVALID_SOCKET)\n            {\n                CLOSE_SOCKET(listenSocket);\n            }\n            if (acceptSocket != INVALID_SOCKET)\n            {\n                CLOSE_SOCKET(acceptSocket);\n            }\n    #ifdef _WIN32\n            if (wsaDataInit)\n            {\n                WSACleanup();\n            }\n    #endif\n        }\n    }\n    if([Masked Space 6])\n    {\n        int socketDescriptor;\n        int connectionStatus = 0;\n        char networkBuffer[256];\n        for (socketDescriptor = 0; socketDescriptor < 5; socketDescriptor++) {\n            if (connectionStatus == 0) {\n                networkBuffer[socketDescriptor] = 'A';\n            } else {\n                networkBuffer[socketDescriptor] = '0';\n            }\n        }\n        printLine(\"Successful! Problem Resolved!\");\n    }\n    PUTENV(data);\n}",
        "CWE_ID": "CWE427",
        "question": "Question: Examine the following code snippet variants. Which set of ([Masked Value], [Masked Space]) will not trigger CWE427 weakness while maintaining the original functionality of the code?",
        "choices": {
            "A": "None of the modifications resolve the issue without triggering CWE427.",
            "B": "We assign \"694\" to the [Masked Value]. At Masked Space [1], we put if (StaticValue==800). At Masked Space [2], we put if (StaticValue==694). At Masked Space [3], we put if (StaticValue==588). At Masked Space [4], we put if(694==694). At Masked Space [5], we put if(StaticValue==694). At Masked Space [6], we put if(StaticValue==704). ",
            "C": "We assign \"704\" to the [Masked Value]. At Masked Space [1], we put if (StaticValue==800). At Masked Space [2], we put if (StaticValue==694). At Masked Space [3], we put if (StaticValue==588). At Masked Space [4], we put if(694==694). At Masked Space [5], we put if(StaticValue==694). At Masked Space [6], we put if(StaticValue==704). ",
            "D": "We assign \"694\" to the [Masked Value]. At Masked Space [1], we put if (StaticValue==800). At Masked Space [2], we put if (StaticValue==588). At Masked Space [3], we put if (StaticValue==694). At Masked Space [4], we put if(694==694). At Masked Space [5], we put if(StaticValue==694). At Masked Space [6], we put if(StaticValue==704). "
        },
        "answer": "B",
        "distance": "inner_variant_0"
    },
    {
        "case_id": "CWE427_Uncontrolled_Search_Path_Element__char_listen_socket_01_bad",
        "org_code": "static int StaticValue = [Masked Value];\nvoid Sample_Func()\n{\n    if([Masked Space 1])\n    {\n        {\n            char * data;\n            char dataBuffer[250] = \"PATH=\";\n            data = dataBuffer;\n            {\n        #ifdef _WIN32\n                WSADATA wsaData;\n                int wsaDataInit = 0;\n        #endif\n                int recvResult;\n                struct sockaddr_in service;\n                char *replace;\n                SOCKET listenSocket = INVALID_SOCKET;\n                SOCKET acceptSocket = INVALID_SOCKET;\n                size_t dataLen = strlen(data);\n                do\n                {\n        #ifdef _WIN32\n                    if (WSAStartup(MAKEWORD(2,2), &wsaData) != NO_ERROR)\n                    {\n                        break;\n                    }\n                    wsaDataInit = 1;\n        #endif\n                    listenSocket = socket(AF_INET, SOCK_STREAM, IPPROTO_TCP);\n                    if (listenSocket == INVALID_SOCKET)\n                    {\n                        break;\n                    }\n                    memset(&service, 0, sizeof(service));\n                    service.sin_family = AF_INET;\n                    service.sin_addr.s_addr = INADDR_ANY;\n                    service.sin_port = htons(TCP_PORT);\n                    if (bind(listenSocket, (struct sockaddr*)&service, sizeof(service)) == SOCKET_ERROR)\n                    {\n                        break;\n                    }\n                    if (listen(listenSocket, LISTEN_BACKLOG) == SOCKET_ERROR)\n                    {\n                        break;\n                    }\n                    acceptSocket = accept(listenSocket, NULL, NULL);\n                    if (acceptSocket == SOCKET_ERROR)\n                    {\n                        break;\n                    }\n                    recvResult = recv(acceptSocket, (char *)(data + dataLen), sizeof(char) * (250 - dataLen - 1), 0);\n                    if (recvResult == SOCKET_ERROR || recvResult == 0)\n                    {\n                        break;\n                    }\n                    data[dataLen + recvResult / sizeof(char)] = '\\0';\n                    replace = strchr(data, '\\r');\n                    if (replace)\n                    {\n                        *replace = '\\0';\n                    }\n                    replace = strchr(data, '\\n');\n                    if (replace)\n                    {\n                        *replace = '\\0';\n                    }\n                }\n                while (0);\n                if (listenSocket != INVALID_SOCKET)\n                {\n                    CLOSE_SOCKET(listenSocket);\n                }\n                if (acceptSocket != INVALID_SOCKET)\n                {\n                    CLOSE_SOCKET(acceptSocket);\n                }\n        #ifdef _WIN32\n                if (wsaDataInit)\n                {\n                    WSACleanup();\n                }\n        #endif\n            }\n            PUTENV(data);\n        }\n    }\n    if([Masked Space 2])\n    {\n        {\n            char * data;\n            char dataBuffer[250] = \"PATH=\";\n            data = dataBuffer;\n            strcat(data, NEW_PATH);\n            PUTENV(data);\n        }\n    }\n    if([Masked Space 3])\n    {\n        {\n            char * data;\n            char dataBuffer[250] = \"PATH=\";\n            data = dataBuffer;\n            strcat(data, NEW_PATH);\n            PUTENV(data);\n        }\n    }\n    if([Masked Space 4])\n    {\n        int socketDescriptor;\n        int connectionStatus = 0;\n        char networkBuffer[256];\n        for (socketDescriptor = 0; socketDescriptor < 5; socketDescriptor++) {\n            if (connectionStatus == 0) {\n                networkBuffer[socketDescriptor] = 'A';\n            } else {\n                networkBuffer[socketDescriptor] = '0';\n            }\n        }\n        printLine(\"Successful! Problem Resolved!\");\n    }\n}",
        "CWE_ID": "CWE427",
        "question": "Question: Examine the following code snippet variants. Which set of ([Masked Value], [Masked Space]) will not trigger CWE427 weakness while maintaining the original functionality of the code?",
        "choices": {
            "A": "We assign \"694\" to the [Masked Value]. At Masked Space [1], we put if (StaticValue==694). At Masked Space [2], we put if (StaticValue==727). At Masked Space [3], we put if (StaticValue==661). At Masked Space [4], we put if(StaticValue==705). ",
            "B": "None of the modifications resolve the issue without triggering CWE427.",
            "C": "We assign \"705\" to the [Masked Value]. At Masked Space [1], we put if (StaticValue==661). At Masked Space [2], we put if (StaticValue==727). At Masked Space [3], we put if (StaticValue==694). At Masked Space [4], we put if(StaticValue==705). ",
            "D": "We assign \"694\" to the [Masked Value]. At Masked Space [1], we put if (StaticValue==661). At Masked Space [2], we put if (StaticValue==727). At Masked Space [3], we put if (StaticValue==694). At Masked Space [4], we put if(StaticValue==705). "
        },
        "answer": "D",
        "distance": "outer"
    },
    {
        "case_id": "CWE427_Uncontrolled_Search_Path_Element__char_listen_socket_01_bad",
        "org_code": "static int StaticValue = [Masked Value];\nvoid Sample_Func()\n{\n    if([Masked Space 1])\n    {\n        {\n            char * data;\n            char dataBuffer[250] = \"PATH=\";\n            data = dataBuffer;\n            {\n        #ifdef _WIN32\n                WSADATA wsaData;\n                int wsaDataInit = 0;\n        #endif\n                int recvResult;\n                struct sockaddr_in service;\n                char *replace;\n                SOCKET listenSocket = INVALID_SOCKET;\n                SOCKET acceptSocket = INVALID_SOCKET;\n                size_t dataLen = strlen(data);\n                do\n                {\n        #ifdef _WIN32\n                    if (WSAStartup(MAKEWORD(2,2), &wsaData) != NO_ERROR)\n                    {\n                        break;\n                    }\n                    wsaDataInit = 1;\n        #endif\n                    listenSocket = socket(AF_INET, SOCK_STREAM, IPPROTO_TCP);\n                    if (listenSocket == INVALID_SOCKET)\n                    {\n                        break;\n                    }\n                    memset(&service, 0, sizeof(service));\n                    service.sin_family = AF_INET;\n                    service.sin_addr.s_addr = INADDR_ANY;\n                    service.sin_port = htons(TCP_PORT);\n                    if (bind(listenSocket, (struct sockaddr*)&service, sizeof(service)) == SOCKET_ERROR)\n                    {\n                        break;\n                    }\n                    if (listen(listenSocket, LISTEN_BACKLOG) == SOCKET_ERROR)\n                    {\n                        break;\n                    }\n                    acceptSocket = accept(listenSocket, NULL, NULL);\n                    [Masked Space 2]\n                    {\n                        if (acceptSocket == SOCKET_ERROR)\n                        {\n                            break;\n                        }\n                    }\n                    recvResult = recv(acceptSocket, (char *)(data + dataLen), sizeof(char) * (250 - dataLen - 1), 0);\n                    if (recvResult == SOCKET_ERROR || recvResult == 0)\n                    {\n                        break;\n                    }\n                    data[dataLen + recvResult / sizeof(char)] = '\\0';\n                    replace = strchr(data, '\\r');\n                    if (replace)\n                    {\n                        *replace = '\\0';\n                    }\n                    [Masked Space 3]\n                    {\n                        replace = strchr(data, '\\n');\n                    }\n                    if (replace)\n                    {\n                        *replace = '\\0';\n                    }\n                }\n                while (0);\n                if (listenSocket != INVALID_SOCKET)\n                {\n                    CLOSE_SOCKET(listenSocket);\n                }\n                if (acceptSocket != INVALID_SOCKET)\n                {\n                    CLOSE_SOCKET(acceptSocket);\n                }\n        #ifdef _WIN32\n                if (wsaDataInit)\n                {\n                    WSACleanup();\n                }\n        #endif\n            }\n            PUTENV(data);\n        }\n    }\n    if([Masked Space 4])\n    {\n        {\n            char * data;\n            char dataBuffer[250] = \"PATH=\";\n            data = dataBuffer;\n            strcat(data, NEW_PATH);\n            PUTENV(data);\n        }\n    }\n    if([Masked Space 5])\n    {\n        {\n            char * data;\n            char dataBuffer[250] = \"PATH=\";\n            data = dataBuffer;\n            strcat(data, NEW_PATH);\n            PUTENV(data);\n        }\n    }\n    if([Masked Space 6])\n    {\n        int socketDescriptor;\n        int connectionStatus = 0;\n        char networkBuffer[256];\n        for (socketDescriptor = 0; socketDescriptor < 5; socketDescriptor++) {\n            if (connectionStatus == 0) {\n                networkBuffer[socketDescriptor] = 'A';\n            } else {\n                networkBuffer[socketDescriptor] = '0';\n            }\n        }\n        printLine(\"Successful! Problem Resolved!\");\n    }\n}",
        "CWE_ID": "CWE427",
        "question": "Question: Examine the following code snippet variants. Which set of ([Masked Value], [Masked Space]) will not trigger CWE427 weakness while maintaining the original functionality of the code?",
        "choices": {
            "A": "None of the modifications resolve the issue without triggering CWE427.",
            "B": "We assign \"694\" to the [Masked Value]. At Masked Space [1], we put if (StaticValue==694). At Masked Space [2], we put if(StaticValue==694). At Masked Space [3], we put if(1). At Masked Space [4], we put if (StaticValue==727). At Masked Space [5], we put if (StaticValue==661). At Masked Space [6], we put if(StaticValue==710). ",
            "C": "We assign \"710\" to the [Masked Value]. At Masked Space [1], we put if (StaticValue==661). At Masked Space [2], we put if(StaticValue==694). At Masked Space [3], we put if(1). At Masked Space [4], we put if (StaticValue==727). At Masked Space [5], we put if (StaticValue==694). At Masked Space [6], we put if(StaticValue==710). ",
            "D": "We assign \"694\" to the [Masked Value]. At Masked Space [1], we put if (StaticValue==661). At Masked Space [2], we put if(StaticValue==694). At Masked Space [3], we put if(1). At Masked Space [4], we put if (StaticValue==727). At Masked Space [5], we put if (StaticValue==694). At Masked Space [6], we put if(StaticValue==710). "
        },
        "answer": "D",
        "distance": "outer_variant"
    }
]