[
    {
        "case_id": "CWE467_Use_of_sizeof_on_Pointer_Type__char_01_bad",
        "org_code": "static int StaticValue = [Masked Value];\nvoid Sample_Func()\n{\n    if([Masked Space 1])\n    {\n        {\n            {\n                char * badChar = NULL;\n                badChar = (char *)malloc(sizeof(badChar));\n                if (badChar == NULL) {exit(-1);}\n                *badChar = 'B';\n                printHexCharLine(*badChar);\n                free(badChar);\n            }\n        }\n    }\n    if([Masked Space 2])\n    {\n        {\n            {\n                char * goodChar = NULL;\n                goodChar = (char *)malloc(sizeof(*goodChar));\n                if (goodChar == NULL) {exit(-1);}\n                *goodChar = 'G';\n                printHexCharLine(*goodChar);\n                free(goodChar);\n            }\n        }\n    }\n    if([Masked Space 3])\n    {\n        {\n            {\n                char * goodChar = NULL;\n                goodChar = (char *)malloc(sizeof(*goodChar));\n                if (goodChar == NULL) {exit(-1);}\n                *goodChar = 'G';\n                printHexCharLine(*goodChar);\n                free(goodChar);\n            }\n        }\n    }\n    if([Masked Space 4])\n    {\n        int socketDescriptor;\n        int connectionStatus = 0;\n        char networkBuffer[256];\n        for (socketDescriptor = 0; socketDescriptor < 5; socketDescriptor++) {\n            if (connectionStatus == 0) {\n                networkBuffer[socketDescriptor] = 'A';\n            } else {\n                networkBuffer[socketDescriptor] = '0';\n            }\n        }\n        printLine(\"Successful! Problem Resolved!\");\n    }\n}",
        "CWE_ID": "CWE467",
        "question": "Question: Examine the following code snippet variants. Which set of ([Masked Value], [Masked Space]) will not trigger CWE467 weakness while maintaining the original functionality of the code?",
        "choices": {
            "A": "We assign \"324\" to the [Masked Value]. At Masked Space [1], we put if (StaticValue==249). At Masked Space [2], we put if (StaticValue==399). At Masked Space [3], we put if (StaticValue==324). At Masked Space [4], we put if(StaticValue==339). ",
            "B": "We assign \"339\" to the [Masked Value]. At Masked Space [1], we put if (StaticValue==249). At Masked Space [2], we put if (StaticValue==399). At Masked Space [3], we put if (StaticValue==324). At Masked Space [4], we put if(StaticValue==339). ",
            "C": "We assign \"324\" to the [Masked Value]. At Masked Space [1], we put if (StaticValue==324). At Masked Space [2], we put if (StaticValue==399). At Masked Space [3], we put if (StaticValue==249). At Masked Space [4], we put if(StaticValue==339). ",
            "D": "None of the modifications resolve the issue without triggering CWE467."
        },
        "answer": "A",
        "distance": "outer"
    }
]