[
    {
        "case_id": "CWE476_NULL_Pointer_Dereference__null_check_after_deref_01_bad",
        "org_code": "static int StaticValue = [Masked Value];\nvoid Sample_Func()\n{\n    if([Masked Space 1])\n    {\n        {\n            {\n                int *intPointer = NULL;\n                intPointer = (int *)malloc(sizeof(int));\n                *intPointer = 5;\n                printIntLine(*intPointer);\n                if (intPointer != NULL)\n                {\n                    *intPointer = 10;\n                }\n                printIntLine(*intPointer);\n            }\n        }\n    }\n    if([Masked Space 2])\n    {\n        {\n            {\n                int *intPointer = NULL;\n                intPointer = (int *)malloc(sizeof(int));\n                *intPointer = 5;\n                printIntLine(*intPointer);\n                *intPointer = 10;\n                printIntLine(*intPointer);\n            }\n        }\n    }\n    if([Masked Space 3])\n    {\n        int socketDescriptor;\n        int connectionStatus = 0;\n        char networkBuffer[256];\n        for (socketDescriptor = 0; socketDescriptor < 5; socketDescriptor++) {\n            if (connectionStatus == 0) {\n                networkBuffer[socketDescriptor] = 'A';\n            } else {\n                networkBuffer[socketDescriptor] = '0';\n            }\n        }\n        printLine(\"Successful! Problem Resolved!\");\n    }\n    if([Masked Space 4])\n    {\n        {\n            {\n                int *intPointer = NULL;\n                intPointer = (int *)malloc(sizeof(int));\n                *intPointer = 5;\n                printIntLine(*intPointer);\n                *intPointer = 10;\n                printIntLine(*intPointer);\n            }\n        }\n    }\n}",
        "CWE_ID": "CWE476",
        "question": "Question: Examine the following code snippet variants. Which set of ([Masked Value], [Masked Space]) will not trigger CWE476 weakness while maintaining the original functionality of the code?",
        "choices": {
            "A": "We assign \"395\" to the [Masked Value]. At Masked Space [1], we put if (StaticValue==395). At Masked Space [2], we put if (StaticValue==461). At Masked Space [3], we put if(StaticValue==409). At Masked Space [4], we put if (StaticValue==329). ",
            "B": "We assign \"395\" to the [Masked Value]. At Masked Space [1], we put if (StaticValue==329). At Masked Space [2], we put if (StaticValue==461). At Masked Space [3], we put if(StaticValue==409). At Masked Space [4], we put if (StaticValue==395). ",
            "C": "We assign \"409\" to the [Masked Value]. At Masked Space [1], we put if (StaticValue==329). At Masked Space [2], we put if (StaticValue==461). At Masked Space [3], we put if(StaticValue==409). At Masked Space [4], we put if (StaticValue==395). ",
            "D": "None of the modifications resolve the issue without triggering CWE476."
        },
        "answer": "B",
        "distance": "outer"
    }
]