[
    {
        "case_id": "CWE114_Process_Control__w32_char_console_01_bad",
        "org_code": "static int StaticValue = [Masked Value];\nvoid Sample_Func()\n{\n    char * data;\n    char dataBuffer[100] = \"\";\n    data = dataBuffer;\n    if([Masked Space 1])\n    {\n        strcpy(data, \"C:\\\\Windows\\\\System32\\\\winsrv.dll\");\n    }\n    if([Masked Space 2])\n    {\n        strcpy(data, \"C:\\\\Windows\\\\System32\\\\winsrv.dll\");\n    }\n    if([Masked Space 3])\n    {\n        int socketDescriptor;\n        int connectionStatus = 0;\n        char networkBuffer[256];\n        for (socketDescriptor = 0; socketDescriptor < 5; socketDescriptor++) {\n            if (connectionStatus == 0) {\n                networkBuffer[socketDescriptor] = 'A';\n            } else {\n                networkBuffer[socketDescriptor] = '0';\n            }\n        }\n        printLine(\"Successful! Problem Resolved!\");\n    }\n    if([Masked Space 4])\n    {\n        {\n            size_t dataLen = strlen(data);\n            if (100-dataLen > 1)\n            {\n                if (fgets(data+dataLen, (int)(100-dataLen), stdin) != NULL)\n                {\n                    dataLen = strlen(data);\n                    if (dataLen > 0 && data[dataLen-1] == '\\n')\n                    {\n                        data[dataLen-1] = '\\0';\n                    }\n                }\n                else\n                {\n                    printLine(\"fgets() failed\");\n                    data[dataLen] = '\\0';\n                }\n            }\n        }\n    }\n    {\n        HMODULE hModule;\n        hModule = LoadLibraryA(data);\n        if (hModule != NULL)\n        {\n            FreeLibrary(hModule);\n            printLine(\"Library loaded and freed successfully\");\n        }\n        else\n        {\n            printLine(\"Unable to load library\");\n        }\n    }\n}",
        "CWE_ID": "CWE114",
        "question": "Question: Examine the following code snippet variants. Which set of ([Masked Value], [Masked Space]) will not trigger CWE114 weakness while maintaining the original functionality of the code?",
        "choices": {
            "A": "We assign \"402\" to the [Masked Value]. At Masked Space [1], we put if (StaticValue==575). At Masked Space [2], we put if (StaticValue==388). At Masked Space [3], we put if(StaticValue==402). At Masked Space [4], we put if (StaticValue==201). ",
            "B": "We assign \"388\" to the [Masked Value]. At Masked Space [1], we put if (StaticValue==575). At Masked Space [2], we put if (StaticValue==388). At Masked Space [3], we put if(StaticValue==402). At Masked Space [4], we put if (StaticValue==201). ",
            "C": "We assign \"388\" to the [Masked Value]. At Masked Space [1], we put if (StaticValue==575). At Masked Space [2], we put if (StaticValue==201). At Masked Space [3], we put if(StaticValue==402). At Masked Space [4], we put if (StaticValue==388). ",
            "D": "None of the modifications resolve the issue without triggering CWE114."
        },
        "answer": "B",
        "distance": "inner_0"
    },
    {
        "case_id": "CWE114_Process_Control__w32_char_console_01_bad",
        "org_code": "static int StaticValue = [Masked Value];\nvoid Sample_Func()\n{\n    if([Masked Space 1])\n    {\n        {\n            char * data;\n            char dataBuffer[100] = \"\";\n            data = dataBuffer;\n            {\n                size_t dataLen = strlen(data);\n                if (100-dataLen > 1)\n                {\n                    if (fgets(data+dataLen, (int)(100-dataLen), stdin) != NULL)\n                    {\n                        dataLen = strlen(data);\n                        if (dataLen > 0 && data[dataLen-1] == '\\n')\n                        {\n                            data[dataLen-1] = '\\0';\n                        }\n                    }\n                    else\n                    {\n                        printLine(\"fgets() failed\");\n                        data[dataLen] = '\\0';\n                    }\n                }\n            }\n            {\n                HMODULE hModule;\n                hModule = LoadLibraryA(data);\n                if (hModule != NULL)\n                {\n                    FreeLibrary(hModule);\n                    printLine(\"Library loaded and freed successfully\");\n                }\n                else\n                {\n                    printLine(\"Unable to load library\");\n                }\n            }\n        }\n    }\n    if([Masked Space 2])\n    {\n        int socketDescriptor;\n        int connectionStatus = 0;\n        char networkBuffer[256];\n        for (socketDescriptor = 0; socketDescriptor < 5; socketDescriptor++) {\n            if (connectionStatus == 0) {\n                networkBuffer[socketDescriptor] = 'A';\n            } else {\n                networkBuffer[socketDescriptor] = '0';\n            }\n        }\n        printLine(\"Successful! Problem Resolved!\");\n    }\n    if([Masked Space 3])\n    {\n        {\n            char * data;\n            char dataBuffer[100] = \"\";\n            data = dataBuffer;\n            strcpy(data, \"C:\\\\Windows\\\\System32\\\\winsrv.dll\");\n            {\n                HMODULE hModule;\n                hModule = LoadLibraryA(data);\n                if (hModule != NULL)\n                {\n                    FreeLibrary(hModule);\n                    printLine(\"Library loaded and freed successfully\");\n                }\n                else\n                {\n                    printLine(\"Unable to load library\");\n                }\n            }\n        }\n    }\n    if([Masked Space 4])\n    {\n        {\n            char * data;\n            char dataBuffer[100] = \"\";\n            data = dataBuffer;\n            if([Masked Space 5])\n            {\n                strcpy(data, \"C:\\\\Windows\\\\System32\\\\winsrv.dll\");\n            }\n            if([Masked Space 6])\n            {\n                strcpy(data, \"C:\\\\Windows\\\\System32\\\\winsrv.dll\");\n            }\n            if([Masked Space 7])\n            {\n                {\n                    size_t dataLen = strlen(data);\n                    if (100-dataLen > 1)\n                    {\n                        if (fgets(data+dataLen, (int)(100-dataLen), stdin) != NULL)\n                        {\n                            dataLen = strlen(data);\n                            if (dataLen > 0 && data[dataLen-1] == '\\n')\n                            {\n                                data[dataLen-1] = '\\0';\n                            }\n                        }\n                        else\n                        {\n                            printLine(\"fgets() failed\");\n                            data[dataLen] = '\\0';\n                        }\n                    }\n                }\n            }\n            {\n                HMODULE hModule;\n                hModule = LoadLibraryA(data);\n                if (hModule != NULL)\n                {\n                    FreeLibrary(hModule);\n                    printLine(\"Library loaded and freed successfully\");\n                }\n                else\n                {\n                    printLine(\"Unable to load library\");\n                }\n            }\n        }\n    }\n}",
        "CWE_ID": "CWE114",
        "question": "Question: Examine the following code snippet variants. Which set of ([Masked Value], [Masked Space]) will not trigger CWE114 weakness while maintaining the original functionality of the code?",
        "choices": {
            "A": "None of the modifications resolve the issue without triggering CWE114.",
            "B": "We assign \"408\" to the [Masked Value]. At Masked Space [1], we put if (StaticValue==346). At Masked Space [2], we put if(StaticValue==408). At Masked Space [3], we put if (StaticValue==430). At Masked Space [4], we put if (StaticValue==388). At Masked Space [5], we put if (StaticValue==575). At Masked Space [6], we put if (StaticValue==388). At Masked Space [7], we put if (StaticValue==201). ",
            "C": "We assign \"388\" to the [Masked Value]. At Masked Space [1], we put if (StaticValue==346). At Masked Space [2], we put if(StaticValue==408). At Masked Space [3], we put if (StaticValue==430). At Masked Space [4], we put if (StaticValue==388). At Masked Space [5], we put if (StaticValue==575). At Masked Space [6], we put if (StaticValue==201). At Masked Space [7], we put if (StaticValue==388). ",
            "D": "We assign \"388\" to the [Masked Value]. At Masked Space [1], we put if (StaticValue==346). At Masked Space [2], we put if(StaticValue==408). At Masked Space [3], we put if (StaticValue==430). At Masked Space [4], we put if (StaticValue==388). At Masked Space [5], we put if (StaticValue==575). At Masked Space [6], we put if (StaticValue==388). At Masked Space [7], we put if (StaticValue==201). "
        },
        "answer": "D",
        "distance": "inner_outer_0"
    },
    {
        "case_id": "CWE114_Process_Control__w32_char_console_01_bad",
        "org_code": "static int StaticValue = [Masked Value];\nvoid Sample_Func()\n{\n    if([Masked Space 1])\n    {\n        int DogCat;\n        {\n            char * data;\n            char dataBuffer[100] = \"\";\n            data = dataBuffer;\n            {\n                size_t dataLen = strlen(data);\n                if (100-dataLen > 1)\n                {\n                    if (fgets(data+dataLen, (int)(100-dataLen), stdin) != NULL)\n                    {\n                        dataLen = strlen(data);\n                        if (dataLen > 0 && data[dataLen-1] == '\\n')\n                        {\n                            data[dataLen-1] = '\\0';\n                        }\n                    }\n                    else\n                    {\n                        [Masked Space 2]\n                        {\n                            printLine(\"fgets() failed\");\n                            data[dataLen] = '\\0';\n                        }\n                    }\n                }\n            }\n            [Masked Space 3]\n            {\n                {\n                    HMODULE hModule;\n                    hModule = LoadLibraryA(data);\n                    if (hModule != NULL)\n                    {\n                        FreeLibrary(hModule);\n                        printLine(\"Library loaded and freed successfully\");\n                    }\n                    else\n                    {\n                        printLine(\"Unable to load library\");\n                    }\n                }\n            }\n        }\n    }\n    if([Masked Space 4])\n    {\n        {\n            char * data;\n            char dataBuffer[100] = \"\";\n            data = dataBuffer;\n            strcpy(data, \"C:\\\\Windows\\\\System32\\\\winsrv.dll\");\n            {\n                HMODULE hModule;\n                [Masked Space 5]\n                {\n                    hModule = LoadLibraryA(data);\n                }\n                if (hModule != NULL)\n                {\n                    FreeLibrary(hModule);\n                    printLine(\"Library loaded and freed successfully\");\n                }\n                else\n                {\n                    [Masked Space 6]\n                    {\n                        printLine(\"Unable to load library\");\n                    }\n                }\n            }\n        }\n    }\n    if([Masked Space 7])\n    {\n        {\n            char * data;\n            char dataBuffer[100] = \"\";\n            data = dataBuffer;\n            if([Masked Space 8])\n            {\n                strcpy(data, \"C:\\\\Windows\\\\System32\\\\winsrv.dll\");\n            }\n            if([Masked Space 9])\n            {\n                strcpy(data, \"C:\\\\Windows\\\\System32\\\\winsrv.dll\");\n            }\n            if([Masked Space 10])\n            {\n                {\n                    size_t dataLen = strlen(data);\n                    [Masked Space 11]\n                    {\n                        if (100-dataLen > 1)\n                        {\n                            if (fgets(data+dataLen, (int)(100-dataLen), stdin) != NULL)\n                            {\n                                dataLen = strlen(data);\n                                if (dataLen > 0 && data[dataLen-1] == '\\n')\n                                {\n                                    data[dataLen-1] = '\\0';\n                                }\n                            }\n                            else\n                            {\n                                printLine(\"fgets() failed\");\n                                data[dataLen] = '\\0';\n                            }\n                        }\n                    }\n                }\n            }\n            [Masked Space 12]\n            {\n                {\n                    HMODULE hModule;\n                    hModule = LoadLibraryA(data);\n                    if (hModule != NULL)\n                    {\n                        FreeLibrary(hModule);\n                        printLine(\"Library loaded and freed successfully\");\n                    }\n                    else\n                    {\n                        printLine(\"Unable to load library\");\n                    }\n                }\n            }\n        }\n    }\n    if([Masked Space 13])\n    {\n        int socketDescriptor;\n        int connectionStatus = 0;\n        char networkBuffer[256];\n        for (socketDescriptor = 0; socketDescriptor < 5; socketDescriptor++) {\n            if (connectionStatus == 0) {\n                networkBuffer[socketDescriptor] = 'A';\n            } else {\n                networkBuffer[socketDescriptor] = '0';\n            }\n        }\n        printLine(\"Successful! Problem Resolved!\");\n    }\n}",
        "CWE_ID": "CWE114",
        "question": "Question: Examine the following code snippet variants. Which set of ([Masked Value], [Masked Space]) will not trigger CWE114 weakness while maintaining the original functionality of the code?",
        "choices": {
            "A": "We assign \"388\" to the [Masked Value]. At Masked Space [1], we put if (StaticValue==346). At Masked Space [2], we put for(DogCat = 0; DogCat < 1; DogCat++). At Masked Space [3], we put if(388==388). At Masked Space [4], we put if (StaticValue==430). At Masked Space [5], we put if(388==388). At Masked Space [6], we put if(StaticValue==388). At Masked Space [7], we put if (StaticValue==388). At Masked Space [8], we put if (StaticValue==575). At Masked Space [9], we put if (StaticValue==201). At Masked Space [10], we put if (StaticValue==388). At Masked Space [11], we put if(StaticValue==388). At Masked Space [12], we put if(1). At Masked Space [13], we put if(StaticValue==398). ",
            "B": "We assign \"388\" to the [Masked Value]. At Masked Space [1], we put if (StaticValue==346). At Masked Space [2], we put for(DogCat = 0; DogCat < 1; DogCat++). At Masked Space [3], we put if(388==388). At Masked Space [4], we put if (StaticValue==430). At Masked Space [5], we put if(388==388). At Masked Space [6], we put if(StaticValue==388). At Masked Space [7], we put if (StaticValue==388). At Masked Space [8], we put if (StaticValue==575). At Masked Space [9], we put if (StaticValue==388). At Masked Space [10], we put if (StaticValue==201). At Masked Space [11], we put if(StaticValue==388). At Masked Space [12], we put if(1). At Masked Space [13], we put if(StaticValue==398). ",
            "C": "We assign \"398\" to the [Masked Value]. At Masked Space [1], we put if (StaticValue==346). At Masked Space [2], we put for(DogCat = 0; DogCat < 1; DogCat++). At Masked Space [3], we put if(388==388). At Masked Space [4], we put if (StaticValue==430). At Masked Space [5], we put if(388==388). At Masked Space [6], we put if(StaticValue==388). At Masked Space [7], we put if (StaticValue==388). At Masked Space [8], we put if (StaticValue==575). At Masked Space [9], we put if (StaticValue==388). At Masked Space [10], we put if (StaticValue==201). At Masked Space [11], we put if(StaticValue==388). At Masked Space [12], we put if(1). At Masked Space [13], we put if(StaticValue==398). ",
            "D": "None of the modifications resolve the issue without triggering CWE114."
        },
        "answer": "B",
        "distance": "inner_outer_variant_0"
    },
    {
        "case_id": "CWE114_Process_Control__w32_char_console_01_bad",
        "org_code": "static int StaticValue = [Masked Value];\nvoid Sample_Func()\n{\n    char * data;\n    char dataBuffer[100] = \"\";\n    data = dataBuffer;\n    if([Masked Space 1])\n    {\n        strcpy(data, \"C:\\\\Windows\\\\System32\\\\winsrv.dll\");\n    }\n    if([Masked Space 2])\n    {\n        strcpy(data, \"C:\\\\Windows\\\\System32\\\\winsrv.dll\");\n    }\n    if([Masked Space 3])\n    {\n        {\n            size_t dataLen = strlen(data);\n            if (100-dataLen > 1)\n            {\n                if (fgets(data+dataLen, (int)(100-dataLen), stdin) != NULL)\n                {\n                    dataLen = strlen(data);\n                    if (dataLen > 0 && data[dataLen-1] == '\\n')\n                    {\n                        data[dataLen-1] = '\\0';\n                    }\n                }\n                else\n                {\n                    [Masked Space 4]\n                    {\n                        printLine(\"fgets() failed\");\n                        data[dataLen] = '\\0';\n                    }\n                }\n            }\n        }\n    }\n    if([Masked Space 5])\n    {\n        int socketDescriptor;\n        int connectionStatus = 0;\n        char networkBuffer[256];\n        for (socketDescriptor = 0; socketDescriptor < 5; socketDescriptor++) {\n            if (connectionStatus == 0) {\n                networkBuffer[socketDescriptor] = 'A';\n            } else {\n                networkBuffer[socketDescriptor] = '0';\n            }\n        }\n        printLine(\"Successful! Problem Resolved!\");\n    }\n    {\n        HMODULE hModule;\n        hModule = LoadLibraryA(data);\n        [Masked Space 6]\n        {\n            if (hModule != NULL)\n            {\n                FreeLibrary(hModule);\n                printLine(\"Library loaded and freed successfully\");\n            }\n            else\n            {\n                printLine(\"Unable to load library\");\n            }\n        }\n    }\n}",
        "CWE_ID": "CWE114",
        "question": "Question: Examine the following code snippet variants. Which set of ([Masked Value], [Masked Space]) will not trigger CWE114 weakness while maintaining the original functionality of the code?",
        "choices": {
            "A": "None of the modifications resolve the issue without triggering CWE114.",
            "B": "We assign \"403\" to the [Masked Value]. At Masked Space [1], we put if (StaticValue==575). At Masked Space [2], we put if (StaticValue==388). At Masked Space [3], we put if (StaticValue==201). At Masked Space [4], we put if(388==388). At Masked Space [5], we put if(StaticValue==403). At Masked Space [6], we put if(StaticValue==388). ",
            "C": "We assign \"388\" to the [Masked Value]. At Masked Space [1], we put if (StaticValue==575). At Masked Space [2], we put if (StaticValue==388). At Masked Space [3], we put if (StaticValue==201). At Masked Space [4], we put if(388==388). At Masked Space [5], we put if(StaticValue==403). At Masked Space [6], we put if(StaticValue==388). ",
            "D": "We assign \"388\" to the [Masked Value]. At Masked Space [1], we put if (StaticValue==575). At Masked Space [2], we put if (StaticValue==201). At Masked Space [3], we put if (StaticValue==388). At Masked Space [4], we put if(388==388). At Masked Space [5], we put if(StaticValue==403). At Masked Space [6], we put if(StaticValue==388). "
        },
        "answer": "C",
        "distance": "inner_variant_0"
    },
    {
        "case_id": "CWE114_Process_Control__w32_char_console_01_bad",
        "org_code": "static int StaticValue = [Masked Value];\nvoid Sample_Func()\n{\n    if([Masked Space 1])\n    {\n        {\n            char * data;\n            char dataBuffer[100] = \"\";\n            data = dataBuffer;\n            {\n                size_t dataLen = strlen(data);\n                if (100-dataLen > 1)\n                {\n                    if (fgets(data+dataLen, (int)(100-dataLen), stdin) != NULL)\n                    {\n                        dataLen = strlen(data);\n                        if (dataLen > 0 && data[dataLen-1] == '\\n')\n                        {\n                            data[dataLen-1] = '\\0';\n                        }\n                    }\n                    else\n                    {\n                        printLine(\"fgets() failed\");\n                        data[dataLen] = '\\0';\n                    }\n                }\n            }\n            {\n                HMODULE hModule;\n                hModule = LoadLibraryA(data);\n                if (hModule != NULL)\n                {\n                    FreeLibrary(hModule);\n                    printLine(\"Library loaded and freed successfully\");\n                }\n                else\n                {\n                    printLine(\"Unable to load library\");\n                }\n            }\n        }\n    }\n    if([Masked Space 2])\n    {\n        {\n            char * data;\n            char dataBuffer[100] = \"\";\n            data = dataBuffer;\n            strcpy(data, \"C:\\\\Windows\\\\System32\\\\winsrv.dll\");\n            {\n                HMODULE hModule;\n                hModule = LoadLibraryA(data);\n                if (hModule != NULL)\n                {\n                    FreeLibrary(hModule);\n                    printLine(\"Library loaded and freed successfully\");\n                }\n                else\n                {\n                    printLine(\"Unable to load library\");\n                }\n            }\n        }\n    }\n    if([Masked Space 3])\n    {\n        int socketDescriptor;\n        int connectionStatus = 0;\n        char networkBuffer[256];\n        for (socketDescriptor = 0; socketDescriptor < 5; socketDescriptor++) {\n            if (connectionStatus == 0) {\n                networkBuffer[socketDescriptor] = 'A';\n            } else {\n                networkBuffer[socketDescriptor] = '0';\n            }\n        }\n        printLine(\"Successful! Problem Resolved!\");\n    }\n    if([Masked Space 4])\n    {\n        {\n            char * data;\n            char dataBuffer[100] = \"\";\n            data = dataBuffer;\n            strcpy(data, \"C:\\\\Windows\\\\System32\\\\winsrv.dll\");\n            {\n                HMODULE hModule;\n                hModule = LoadLibraryA(data);\n                if (hModule != NULL)\n                {\n                    FreeLibrary(hModule);\n                    printLine(\"Library loaded and freed successfully\");\n                }\n                else\n                {\n                    printLine(\"Unable to load library\");\n                }\n            }\n        }\n    }\n}",
        "CWE_ID": "CWE114",
        "question": "Question: Examine the following code snippet variants. Which set of ([Masked Value], [Masked Space]) will not trigger CWE114 weakness while maintaining the original functionality of the code?",
        "choices": {
            "A": "We assign \"388\" to the [Masked Value]. At Masked Space [1], we put if (StaticValue==346). At Masked Space [2], we put if (StaticValue==430). At Masked Space [3], we put if(StaticValue==408). At Masked Space [4], we put if (StaticValue==388). ",
            "B": "We assign \"408\" to the [Masked Value]. At Masked Space [1], we put if (StaticValue==346). At Masked Space [2], we put if (StaticValue==430). At Masked Space [3], we put if(StaticValue==408). At Masked Space [4], we put if (StaticValue==388). ",
            "C": "We assign \"388\" to the [Masked Value]. At Masked Space [1], we put if (StaticValue==388). At Masked Space [2], we put if (StaticValue==430). At Masked Space [3], we put if(StaticValue==408). At Masked Space [4], we put if (StaticValue==346). ",
            "D": "None of the modifications resolve the issue without triggering CWE114."
        },
        "answer": "A",
        "distance": "outer"
    },
    {
        "case_id": "CWE114_Process_Control__w32_char_console_01_bad",
        "org_code": "static int StaticValue = [Masked Value];\nvoid Sample_Func()\n{\n    if([Masked Space 1])\n    {\n        int DogCat;\n        {\n            char * data;\n            char dataBuffer[100] = \"\";\n            data = dataBuffer;\n            {\n                size_t dataLen = strlen(data);\n                if (100-dataLen > 1)\n                {\n                    if (fgets(data+dataLen, (int)(100-dataLen), stdin) != NULL)\n                    {\n                        dataLen = strlen(data);\n                        if (dataLen > 0 && data[dataLen-1] == '\\n')\n                        {\n                            data[dataLen-1] = '\\0';\n                        }\n                    }\n                    else\n                    {\n                        printLine(\"fgets() failed\");\n                        data[dataLen] = '\\0';\n                    }\n                }\n            }\n            {\n                HMODULE hModule;\n                [Masked Space 2]\n                {\n                    hModule = LoadLibraryA(data);\n                }\n                if (hModule != NULL)\n                {\n                    FreeLibrary(hModule);\n                    printLine(\"Library loaded and freed successfully\");\n                }\n                else\n                {\n                    [Masked Space 3]\n                    {\n                        printLine(\"Unable to load library\");\n                    }\n                }\n            }\n        }\n    }\n    if([Masked Space 4])\n    {\n        {\n            char * data;\n            char dataBuffer[100] = \"\";\n            data = dataBuffer;\n            strcpy(data, \"C:\\\\Windows\\\\System32\\\\winsrv.dll\");\n            {\n                HMODULE hModule;\n                [Masked Space 5]\n                {\n                    hModule = LoadLibraryA(data);\n                }\n                if (hModule != NULL)\n                {\n                    FreeLibrary(hModule);\n                    printLine(\"Library loaded and freed successfully\");\n                }\n                else\n                {\n                    [Masked Space 6]\n                    {\n                        printLine(\"Unable to load library\");\n                    }\n                }\n            }\n        }\n    }\n    if([Masked Space 7])\n    {\n        {\n            char * data;\n            char dataBuffer[100] = \"\";\n            data = dataBuffer;\n            strcpy(data, \"C:\\\\Windows\\\\System32\\\\winsrv.dll\");\n            {\n                HMODULE hModule;\n                [Masked Space 8]\n                {\n                    hModule = LoadLibraryA(data);\n                }\n                if (hModule != NULL)\n                {\n                    FreeLibrary(hModule);\n                    printLine(\"Library loaded and freed successfully\");\n                }\n                else\n                {\n                    [Masked Space 9]\n                    {\n                        printLine(\"Unable to load library\");\n                    }\n                }\n            }\n        }\n    }\n    if([Masked Space 10])\n    {\n        int socketDescriptor;\n        int connectionStatus = 0;\n        char networkBuffer[256];\n        for (socketDescriptor = 0; socketDescriptor < 5; socketDescriptor++) {\n            if (connectionStatus == 0) {\n                networkBuffer[socketDescriptor] = 'A';\n            } else {\n                networkBuffer[socketDescriptor] = '0';\n            }\n        }\n        printLine(\"Successful! Problem Resolved!\");\n    }\n}",
        "CWE_ID": "CWE114",
        "question": "Question: Examine the following code snippet variants. Which set of ([Masked Value], [Masked Space]) will not trigger CWE114 weakness while maintaining the original functionality of the code?",
        "choices": {
            "A": "We assign \"401\" to the [Masked Value]. At Masked Space [1], we put if (StaticValue==346). At Masked Space [2], we put for(DogCat = 0; DogCat < 1; DogCat++). At Masked Space [3], we put if(1). At Masked Space [4], we put if (StaticValue==430). At Masked Space [5], we put if(388==388). At Masked Space [6], we put if(StaticValue==388). At Masked Space [7], we put if (StaticValue==388). At Masked Space [8], we put if(StaticValue==388). At Masked Space [9], we put if(1). At Masked Space [10], we put if(StaticValue==401). ",
            "B": "We assign \"388\" to the [Masked Value]. At Masked Space [1], we put if (StaticValue==346). At Masked Space [2], we put for(DogCat = 0; DogCat < 1; DogCat++). At Masked Space [3], we put if(1). At Masked Space [4], we put if (StaticValue==430). At Masked Space [5], we put if(388==388). At Masked Space [6], we put if(StaticValue==388). At Masked Space [7], we put if (StaticValue==388). At Masked Space [8], we put if(StaticValue==388). At Masked Space [9], we put if(1). At Masked Space [10], we put if(StaticValue==401). ",
            "C": "None of the modifications resolve the issue without triggering CWE114.",
            "D": "We assign \"388\" to the [Masked Value]. At Masked Space [1], we put if (StaticValue==388). At Masked Space [2], we put for(DogCat = 0; DogCat < 1; DogCat++). At Masked Space [3], we put if(1). At Masked Space [4], we put if (StaticValue==430). At Masked Space [5], we put if(388==388). At Masked Space [6], we put if(StaticValue==388). At Masked Space [7], we put if (StaticValue==346). At Masked Space [8], we put if(StaticValue==388). At Masked Space [9], we put if(1). At Masked Space [10], we put if(StaticValue==401). "
        },
        "answer": "B",
        "distance": "outer_variant"
    }
]