[
    {
        "case_id": "CWE272_Least_Privilege_Violation__w32_char_RegCreateKeyEx_01_bad",
        "org_code": "static int StaticValue = [Masked Value];\nvoid Sample_Func()\n{\n    if([Masked Space 1])\n    {\n        {\n            {\n                char * keyName = \"TEST\\\\TestKey\";\n                HKEY hKey;\n                if (RegCreateKeyExA(\n                            HKEY_LOCAL_MACHINE,\n                            keyName,\n                            0,\n                            NULL,\n                            REG_OPTION_NON_VOLATILE,\n                            KEY_WRITE,\n                            NULL,\n                            &hKey,\n                            NULL) != ERROR_SUCCESS)\n                {\n                    printLine(\"Registry key could not be created\");\n                }\n                else\n                {\n                    printLine(\"Registry key created successfully\");\n                    RegCloseKey(hKey);\n                }\n            }\n        }\n    }\n    if([Masked Space 2])\n    {\n        int socketDescriptor;\n        int connectionStatus = 0;\n        char networkBuffer[256];\n        for (socketDescriptor = 0; socketDescriptor < 5; socketDescriptor++) {\n            if (connectionStatus == 0) {\n                networkBuffer[socketDescriptor] = 'A';\n            } else {\n                networkBuffer[socketDescriptor] = '0';\n            }\n        }\n        printLine(\"Successful! Problem Resolved!\");\n    }\n    if([Masked Space 3])\n    {\n        {\n            {\n                char * keyName = \"TEST\\\\TestKey\";\n                HKEY hKey;\n                if (RegCreateKeyExA(\n                            HKEY_CURRENT_USER,\n                            keyName,\n                            0,\n                            NULL,\n                            REG_OPTION_NON_VOLATILE,\n                            KEY_WRITE,\n                            NULL,\n                            &hKey,\n                            NULL) != ERROR_SUCCESS)\n                {\n                    printLine(\"Registry key could not be created\");\n                }\n                else\n                {\n                    printLine(\"Registry key created successfully\");\n                    RegCloseKey(hKey);\n                }\n            }\n        }\n    }\n    if([Masked Space 4])\n    {\n        {\n            {\n                char * keyName = \"TEST\\\\TestKey\";\n                HKEY hKey;\n                if (RegCreateKeyExA(\n                            HKEY_CURRENT_USER,\n                            keyName,\n                            0,\n                            NULL,\n                            REG_OPTION_NON_VOLATILE,\n                            KEY_WRITE,\n                            NULL,\n                            &hKey,\n                            NULL) != ERROR_SUCCESS)\n                {\n                    printLine(\"Registry key could not be created\");\n                }\n                else\n                {\n                    printLine(\"Registry key created successfully\");\n                    RegCloseKey(hKey);\n                }\n            }\n        }\n    }\n}",
        "CWE_ID": "CWE272",
        "question": "Question: Examine the following code snippet variants. Which set of ([Masked Value], [Masked Space]) will not trigger CWE272 weakness while maintaining the original functionality of the code?",
        "choices": {
            "A": "We assign \"931\" to the [Masked Value]. At Masked Space [1], we put if (StaticValue==931). At Masked Space [2], we put if(StaticValue==941). At Masked Space [3], we put if (StaticValue==955). At Masked Space [4], we put if (StaticValue==907). ",
            "B": "We assign \"941\" to the [Masked Value]. At Masked Space [1], we put if (StaticValue==907). At Masked Space [2], we put if(StaticValue==941). At Masked Space [3], we put if (StaticValue==955). At Masked Space [4], we put if (StaticValue==931). ",
            "C": "We assign \"931\" to the [Masked Value]. At Masked Space [1], we put if (StaticValue==907). At Masked Space [2], we put if(StaticValue==941). At Masked Space [3], we put if (StaticValue==955). At Masked Space [4], we put if (StaticValue==931). ",
            "D": "None of the modifications resolve the issue without triggering CWE272."
        },
        "answer": "C",
        "distance": "outer"
    }
]