[
    {
        "case_id": "CWE534_Info_Exposure_Debug_Log__w32_wchar_t_01_bad",
        "org_code": "static int StaticValue = [Masked Value];\nvoid Sample_Func()\n{\n    if([Masked Space 1])\n    {\n        {\n            {\n                wchar_t password[100] = L\"\";\n                size_t passwordLen = 0;\n                HANDLE pHandle;\n                wchar_t * username = L\"User\";\n                wchar_t * domain = L\"Domain\";\n                FILE * pFile = fopen(\"debug.txt\", \"a+\");\n                if (fgetws(password, 100, stdin) == NULL)\n                {\n                    printLine(\"fgetws() failed\");\n                    password[0] = L'\\0';\n                }\n                passwordLen = wcslen(password);\n                if (passwordLen > 0)\n                {\n                    password[passwordLen-1] = L'\\0';\n                }\n                if (LogonUserW(\n                            username,\n                            domain,\n                            password,\n                            LOGON32_LOGON_NETWORK,\n                            LOGON32_PROVIDER_DEFAULT,\n                            &pHandle) != 0)\n                {\n                    printLine(\"User logged in successfully.\");\n                    CloseHandle(pHandle);\n                }\n                else\n                {\n                    printLine(\"Unable to login.\");\n                }\n                fwprintf(pFile, L\"User attempted access with password: %s\\n\", password);\n                if (pFile)\n                {\n                    fclose(pFile);\n                }\n            }\n        }\n    }\n    if([Masked Space 2])\n    {\n        {\n            {\n                wchar_t password[100] = L\"\";\n                size_t passwordLen = 0;\n                HANDLE pHandle;\n                wchar_t * username = L\"User\";\n                wchar_t * domain = L\"Domain\";\n                FILE * pFile = fopen(\"debug.txt\", \"a+\");\n                if (fgetws(password, 100, stdin) == NULL)\n                {\n                    printLine(\"fgetws() failed\");\n                    password[0] = L'\\0';\n                }\n                passwordLen = wcslen(password);\n                if (passwordLen > 0)\n                {\n                    password[passwordLen-1] = L'\\0';\n                }\n                if (LogonUserW(\n                            username,\n                            domain,\n                            password,\n                            LOGON32_LOGON_NETWORK,\n                            LOGON32_PROVIDER_DEFAULT,\n                            &pHandle) != 0)\n                {\n                    printLine(\"User logged in successfully.\");\n                    CloseHandle(pHandle);\n                }\n                else\n                {\n                    printLine(\"Unable to login.\");\n                }\n                fwprintf(pFile, L\"User attempted access\\n\");\n                if (pFile)\n                {\n                    fclose(pFile);\n                }\n            }\n        }\n    }\n    if([Masked Space 3])\n    {\n        int socketDescriptor;\n        int connectionStatus = 0;\n        char networkBuffer[256];\n        for (socketDescriptor = 0; socketDescriptor < 5; socketDescriptor++) {\n            if (connectionStatus == 0) {\n                networkBuffer[socketDescriptor] = 'A';\n            } else {\n                networkBuffer[socketDescriptor] = '0';\n            }\n        }\n        printLine(\"Successful! Problem Resolved!\");\n    }\n    if([Masked Space 4])\n    {\n        {\n            {\n                wchar_t password[100] = L\"\";\n                size_t passwordLen = 0;\n                HANDLE pHandle;\n                wchar_t * username = L\"User\";\n                wchar_t * domain = L\"Domain\";\n                FILE * pFile = fopen(\"debug.txt\", \"a+\");\n                if (fgetws(password, 100, stdin) == NULL)\n                {\n                    printLine(\"fgetws() failed\");\n                    password[0] = L'\\0';\n                }\n                passwordLen = wcslen(password);\n                if (passwordLen > 0)\n                {\n                    password[passwordLen-1] = L'\\0';\n                }\n                if (LogonUserW(\n                            username,\n                            domain,\n                            password,\n                            LOGON32_LOGON_NETWORK,\n                            LOGON32_PROVIDER_DEFAULT,\n                            &pHandle) != 0)\n                {\n                    printLine(\"User logged in successfully.\");\n                    CloseHandle(pHandle);\n                }\n                else\n                {\n                    printLine(\"Unable to login.\");\n                }\n                if([Masked Space 5])\n                {\n                    fwprintf(pFile, L\"User attempted access with password: %s\\n\", password);\n                }\n                if([Masked Space 6])\n                {\n                    fwprintf(pFile, L\"User attempted access\\n\");\n                }\n                if([Masked Space 7])\n                {\n                    fwprintf(pFile, L\"User attempted access\\n\");\n                }\n                if (pFile)\n                {\n                    fclose(pFile);\n                }\n            }\n        }\n    }\n}",
        "CWE_ID": "CWE534",
        "question": "Question: Examine the following code snippet variants. Which set of ([Masked Value], [Masked Space]) will not trigger CWE534 weakness while maintaining the original functionality of the code?",
        "choices": {
            "A": "None of the modifications resolve the issue without triggering CWE534.",
            "B": "We assign \"468\" to the [Masked Value]. At Masked Space [1], we put if (StaticValue==380). At Masked Space [2], we put if (StaticValue==556). At Masked Space [3], we put if(StaticValue==483). At Masked Space [4], we put if (StaticValue==468). At Masked Space [5], we put if (StaticValue==364). At Masked Space [6], we put if (StaticValue==572). At Masked Space [7], we put if (StaticValue==468). ",
            "C": "We assign \"468\" to the [Masked Value]. At Masked Space [1], we put if (StaticValue==380). At Masked Space [2], we put if (StaticValue==556). At Masked Space [3], we put if(StaticValue==483). At Masked Space [4], we put if (StaticValue==468). At Masked Space [5], we put if (StaticValue==468). At Masked Space [6], we put if (StaticValue==572). At Masked Space [7], we put if (StaticValue==364). ",
            "D": "We assign \"483\" to the [Masked Value]. At Masked Space [1], we put if (StaticValue==380). At Masked Space [2], we put if (StaticValue==556). At Masked Space [3], we put if(StaticValue==483). At Masked Space [4], we put if (StaticValue==468). At Masked Space [5], we put if (StaticValue==364). At Masked Space [6], we put if (StaticValue==572). At Masked Space [7], we put if (StaticValue==468). "
        },
        "answer": "B",
        "distance": "inner_outer_0"
    },
    {
        "case_id": "CWE534_Info_Exposure_Debug_Log__w32_wchar_t_01_bad",
        "org_code": "static int StaticValue = [Masked Value];\nvoid Sample_Func()\n{\n    if([Masked Space 1])\n    {\n        {\n            {\n                wchar_t password[100] = L\"\";\n                size_t passwordLen = 0;\n                HANDLE pHandle;\n                wchar_t * username = L\"User\";\n                wchar_t * domain = L\"Domain\";\n                FILE * pFile = fopen(\"debug.txt\", \"a+\");\n                if (fgetws(password, 100, stdin) == NULL)\n                {\n                    printLine(\"fgetws() failed\");\n                    password[0] = L'\\0';\n                }\n                [Masked Space 2]\n                {\n                    passwordLen = wcslen(password);\n                }\n                if (passwordLen > 0)\n                {\n                    password[passwordLen-1] = L'\\0';\n                }\n                if (LogonUserW(\n                            username,\n                            domain,\n                            password,\n                            LOGON32_LOGON_NETWORK,\n                            LOGON32_PROVIDER_DEFAULT,\n                            &pHandle) != 0)\n                {\n                    printLine(\"User logged in successfully.\");\n                    CloseHandle(pHandle);\n                }\n                else\n                {\n                    printLine(\"Unable to login.\");\n                }\n                fwprintf(pFile, L\"User attempted access with password: %s\\n\", password);\n                [Masked Space 3]\n                {\n                    if (pFile)\n                    {\n                        fclose(pFile);\n                    }\n                }\n            }\n        }\n    }\n    if([Masked Space 4])\n    {\n        {\n            {\n                wchar_t password[100] = L\"\";\n                size_t passwordLen = 0;\n                HANDLE pHandle;\n                wchar_t * username = L\"User\";\n                wchar_t * domain = L\"Domain\";\n                FILE * pFile = fopen(\"debug.txt\", \"a+\");\n                if (fgetws(password, 100, stdin) == NULL)\n                {\n                    printLine(\"fgetws() failed\");\n                    password[0] = L'\\0';\n                }\n                [Masked Space 5]\n                {\n                    passwordLen = wcslen(password);\n                }\n                if (passwordLen > 0)\n                {\n                    password[passwordLen-1] = L'\\0';\n                }\n                if (LogonUserW(\n                            username,\n                            domain,\n                            password,\n                            LOGON32_LOGON_NETWORK,\n                            LOGON32_PROVIDER_DEFAULT,\n                            &pHandle) != 0)\n                {\n                    printLine(\"User logged in successfully.\");\n                    CloseHandle(pHandle);\n                }\n                else\n                {\n                    printLine(\"Unable to login.\");\n                }\n                fwprintf(pFile, L\"User attempted access\\n\");\n                [Masked Space 6]\n                {\n                    if (pFile)\n                    {\n                        fclose(pFile);\n                    }\n                }\n            }\n        }\n    }\n    if([Masked Space 7])\n    {\n        {\n            {\n                wchar_t password[100] = L\"\";\n                size_t passwordLen = 0;\n                HANDLE pHandle;\n                wchar_t * username = L\"User\";\n                wchar_t * domain = L\"Domain\";\n                FILE * pFile = fopen(\"debug.txt\", \"a+\");\n                if (fgetws(password, 100, stdin) == NULL)\n                {\n                    printLine(\"fgetws() failed\");\n                    password[0] = L'\\0';\n                }\n                [Masked Space 8]\n                {\n                    passwordLen = wcslen(password);\n                }\n                if (passwordLen > 0)\n                {\n                    password[passwordLen-1] = L'\\0';\n                }\n                if (LogonUserW(\n                            username,\n                            domain,\n                            password,\n                            LOGON32_LOGON_NETWORK,\n                            LOGON32_PROVIDER_DEFAULT,\n                            &pHandle) != 0)\n                {\n                    printLine(\"User logged in successfully.\");\n                    CloseHandle(pHandle);\n                }\n                else\n                {\n                    printLine(\"Unable to login.\");\n                }\n                if([Masked Space 9])\n                {\n                    fwprintf(pFile, L\"User attempted access with password: %s\\n\", password);\n                }\n                if([Masked Space 10])\n                {\n                    fwprintf(pFile, L\"User attempted access\\n\");\n                }\n                [Masked Space 11]\n                {\n                    if([Masked Space 12])\n                    {\n                        fwprintf(pFile, L\"User attempted access\\n\");\n                    }\n                }\n                if (pFile)\n                {\n                    fclose(pFile);\n                }\n            }\n        }\n    }\n    if([Masked Space 13])\n    {\n        int socketDescriptor;\n        int connectionStatus = 0;\n        char networkBuffer[256];\n        for (socketDescriptor = 0; socketDescriptor < 5; socketDescriptor++) {\n            if (connectionStatus == 0) {\n                networkBuffer[socketDescriptor] = 'A';\n            } else {\n                networkBuffer[socketDescriptor] = '0';\n            }\n        }\n        printLine(\"Successful! Problem Resolved!\");\n    }\n}",
        "CWE_ID": "CWE534",
        "question": "Question: Examine the following code snippet variants. Which set of ([Masked Value], [Masked Space]) will not trigger CWE534 weakness while maintaining the original functionality of the code?",
        "choices": {
            "A": "We assign \"485\" to the [Masked Value]. At Masked Space [1], we put if (StaticValue==380). At Masked Space [2], we put if(1). At Masked Space [3], we put if(StaticValue==468). At Masked Space [4], we put if (StaticValue==556). At Masked Space [5], we put if(1). At Masked Space [6], we put if(468==468). At Masked Space [7], we put if (StaticValue==468). At Masked Space [8], we put if(468==468). At Masked Space [9], we put if (StaticValue==364). At Masked Space [10], we put if (StaticValue==572). At Masked Space [11], we put if(StaticValue==468). At Masked Space [12], we put if (StaticValue==468). At Masked Space [13], we put if(StaticValue==485). ",
            "B": "We assign \"468\" to the [Masked Value]. At Masked Space [1], we put if (StaticValue==380). At Masked Space [2], we put if(1). At Masked Space [3], we put if(StaticValue==468). At Masked Space [4], we put if (StaticValue==556). At Masked Space [5], we put if(1). At Masked Space [6], we put if(468==468). At Masked Space [7], we put if (StaticValue==468). At Masked Space [8], we put if(468==468). At Masked Space [9], we put if (StaticValue==364). At Masked Space [10], we put if (StaticValue==572). At Masked Space [11], we put if(StaticValue==468). At Masked Space [12], we put if (StaticValue==468). At Masked Space [13], we put if(StaticValue==485). ",
            "C": "None of the modifications resolve the issue without triggering CWE534.",
            "D": "We assign \"468\" to the [Masked Value]. At Masked Space [1], we put if (StaticValue==380). At Masked Space [2], we put if(1). At Masked Space [3], we put if(StaticValue==468). At Masked Space [4], we put if (StaticValue==556). At Masked Space [5], we put if(1). At Masked Space [6], we put if(468==468). At Masked Space [7], we put if (StaticValue==468). At Masked Space [8], we put if(468==468). At Masked Space [9], we put if (StaticValue==468). At Masked Space [10], we put if (StaticValue==572). At Masked Space [11], we put if(StaticValue==468). At Masked Space [12], we put if (StaticValue==468). At Masked Space [13], we put if(StaticValue==485). "
        },
        "answer": "B",
        "distance": "inner_outer_variant_0"
    },
    {
        "case_id": "CWE534_Info_Exposure_Debug_Log__w32_wchar_t_01_bad",
        "org_code": "static int StaticValue = [Masked Value];\nvoid Sample_Func()\n{\n    if([Masked Space 1])\n    {\n        {\n            {\n                wchar_t password[100] = L\"\";\n                size_t passwordLen = 0;\n                HANDLE pHandle;\n                wchar_t * username = L\"User\";\n                wchar_t * domain = L\"Domain\";\n                FILE * pFile = fopen(\"debug.txt\", \"a+\");\n                if (fgetws(password, 100, stdin) == NULL)\n                {\n                    printLine(\"fgetws() failed\");\n                    password[0] = L'\\0';\n                }\n                passwordLen = wcslen(password);\n                if (passwordLen > 0)\n                {\n                    password[passwordLen-1] = L'\\0';\n                }\n                if (LogonUserW(\n                            username,\n                            domain,\n                            password,\n                            LOGON32_LOGON_NETWORK,\n                            LOGON32_PROVIDER_DEFAULT,\n                            &pHandle) != 0)\n                {\n                    printLine(\"User logged in successfully.\");\n                    CloseHandle(pHandle);\n                }\n                else\n                {\n                    printLine(\"Unable to login.\");\n                }\n                fwprintf(pFile, L\"User attempted access with password: %s\\n\", password);\n                if (pFile)\n                {\n                    fclose(pFile);\n                }\n            }\n        }\n    }\n    if([Masked Space 2])\n    {\n        {\n            {\n                wchar_t password[100] = L\"\";\n                size_t passwordLen = 0;\n                HANDLE pHandle;\n                wchar_t * username = L\"User\";\n                wchar_t * domain = L\"Domain\";\n                FILE * pFile = fopen(\"debug.txt\", \"a+\");\n                if (fgetws(password, 100, stdin) == NULL)\n                {\n                    printLine(\"fgetws() failed\");\n                    password[0] = L'\\0';\n                }\n                passwordLen = wcslen(password);\n                if (passwordLen > 0)\n                {\n                    password[passwordLen-1] = L'\\0';\n                }\n                if (LogonUserW(\n                            username,\n                            domain,\n                            password,\n                            LOGON32_LOGON_NETWORK,\n                            LOGON32_PROVIDER_DEFAULT,\n                            &pHandle) != 0)\n                {\n                    printLine(\"User logged in successfully.\");\n                    CloseHandle(pHandle);\n                }\n                else\n                {\n                    printLine(\"Unable to login.\");\n                }\n                fwprintf(pFile, L\"User attempted access\\n\");\n                if (pFile)\n                {\n                    fclose(pFile);\n                }\n            }\n        }\n    }\n    if([Masked Space 3])\n    {\n        {\n            {\n                wchar_t password[100] = L\"\";\n                size_t passwordLen = 0;\n                HANDLE pHandle;\n                wchar_t * username = L\"User\";\n                wchar_t * domain = L\"Domain\";\n                FILE * pFile = fopen(\"debug.txt\", \"a+\");\n                if (fgetws(password, 100, stdin) == NULL)\n                {\n                    printLine(\"fgetws() failed\");\n                    password[0] = L'\\0';\n                }\n                passwordLen = wcslen(password);\n                if (passwordLen > 0)\n                {\n                    password[passwordLen-1] = L'\\0';\n                }\n                if (LogonUserW(\n                            username,\n                            domain,\n                            password,\n                            LOGON32_LOGON_NETWORK,\n                            LOGON32_PROVIDER_DEFAULT,\n                            &pHandle) != 0)\n                {\n                    printLine(\"User logged in successfully.\");\n                    CloseHandle(pHandle);\n                }\n                else\n                {\n                    printLine(\"Unable to login.\");\n                }\n                fwprintf(pFile, L\"User attempted access\\n\");\n                if (pFile)\n                {\n                    fclose(pFile);\n                }\n            }\n        }\n    }\n    if([Masked Space 4])\n    {\n        int socketDescriptor;\n        int connectionStatus = 0;\n        char networkBuffer[256];\n        for (socketDescriptor = 0; socketDescriptor < 5; socketDescriptor++) {\n            if (connectionStatus == 0) {\n                networkBuffer[socketDescriptor] = 'A';\n            } else {\n                networkBuffer[socketDescriptor] = '0';\n            }\n        }\n        printLine(\"Successful! Problem Resolved!\");\n    }\n}",
        "CWE_ID": "CWE534",
        "question": "Question: Examine the following code snippet variants. Which set of ([Masked Value], [Masked Space]) will not trigger CWE534 weakness while maintaining the original functionality of the code?",
        "choices": {
            "A": "We assign \"468\" to the [Masked Value]. At Masked Space [1], we put if (StaticValue==380). At Masked Space [2], we put if (StaticValue==556). At Masked Space [3], we put if (StaticValue==468). At Masked Space [4], we put if(StaticValue==486). ",
            "B": "We assign \"468\" to the [Masked Value]. At Masked Space [1], we put if (StaticValue==468). At Masked Space [2], we put if (StaticValue==556). At Masked Space [3], we put if (StaticValue==380). At Masked Space [4], we put if(StaticValue==486). ",
            "C": "We assign \"486\" to the [Masked Value]. At Masked Space [1], we put if (StaticValue==380). At Masked Space [2], we put if (StaticValue==556). At Masked Space [3], we put if (StaticValue==468). At Masked Space [4], we put if(StaticValue==486). ",
            "D": "None of the modifications resolve the issue without triggering CWE534."
        },
        "answer": "A",
        "distance": "outer"
    },
    {
        "case_id": "CWE534_Info_Exposure_Debug_Log__w32_wchar_t_01_bad",
        "org_code": "static int StaticValue = [Masked Value];\nvoid Sample_Func()\n{\n    if([Masked Space 1])\n    {\n        {\n            {\n                wchar_t password[100] = L\"\";\n                size_t passwordLen = 0;\n                HANDLE pHandle;\n                wchar_t * username = L\"User\";\n                wchar_t * domain = L\"Domain\";\n                FILE * pFile = fopen(\"debug.txt\", \"a+\");\n                if (fgetws(password, 100, stdin) == NULL)\n                {\n                    printLine(\"fgetws() failed\");\n                    password[0] = L'\\0';\n                }\n                passwordLen = wcslen(password);\n                if (passwordLen > 0)\n                {\n                    password[passwordLen-1] = L'\\0';\n                }\n                if (LogonUserW(\n                            username,\n                            domain,\n                            password,\n                            LOGON32_LOGON_NETWORK,\n                            LOGON32_PROVIDER_DEFAULT,\n                            &pHandle) != 0)\n                {\n                    printLine(\"User logged in successfully.\");\n                    CloseHandle(pHandle);\n                }\n                else\n                {\n                    [Masked Space 2]\n                    {\n                        printLine(\"Unable to login.\");\n                    }\n                }\n                fwprintf(pFile, L\"User attempted access with password: %s\\n\", password);\n                [Masked Space 3]\n                {\n                    if (pFile)\n                    {\n                        fclose(pFile);\n                    }\n                }\n            }\n        }\n    }\n    if([Masked Space 4])\n    {\n        int socketDescriptor;\n        int connectionStatus = 0;\n        char networkBuffer[256];\n        for (socketDescriptor = 0; socketDescriptor < 5; socketDescriptor++) {\n            if (connectionStatus == 0) {\n                networkBuffer[socketDescriptor] = 'A';\n            } else {\n                networkBuffer[socketDescriptor] = '0';\n            }\n        }\n        printLine(\"Successful! Problem Resolved!\");\n    }\n    if([Masked Space 5])\n    {\n        int DogCat;\n        {\n            {\n                wchar_t password[100] = L\"\";\n                size_t passwordLen = 0;\n                HANDLE pHandle;\n                wchar_t * username = L\"User\";\n                wchar_t * domain = L\"Domain\";\n                FILE * pFile = fopen(\"debug.txt\", \"a+\");\n                if (fgetws(password, 100, stdin) == NULL)\n                {\n                    printLine(\"fgetws() failed\");\n                    password[0] = L'\\0';\n                }\n                passwordLen = wcslen(password);\n                [Masked Space 6]\n                {\n                    if (passwordLen > 0)\n                    {\n                        password[passwordLen-1] = L'\\0';\n                    }\n                }\n                if (LogonUserW(\n                            username,\n                            domain,\n                            password,\n                            LOGON32_LOGON_NETWORK,\n                            LOGON32_PROVIDER_DEFAULT,\n                            &pHandle) != 0)\n                {\n                    printLine(\"User logged in successfully.\");\n                    CloseHandle(pHandle);\n                }\n                else\n                {\n                    [Masked Space 7]\n                    {\n                        printLine(\"Unable to login.\");\n                    }\n                }\n                fwprintf(pFile, L\"User attempted access\\n\");\n                if (pFile)\n                {\n                    fclose(pFile);\n                }\n            }\n        }\n    }\n    if([Masked Space 8])\n    {\n        int DogCat;\n        {\n            {\n                wchar_t password[100] = L\"\";\n                size_t passwordLen = 0;\n                HANDLE pHandle;\n                wchar_t * username = L\"User\";\n                wchar_t * domain = L\"Domain\";\n                FILE * pFile = fopen(\"debug.txt\", \"a+\");\n                if (fgetws(password, 100, stdin) == NULL)\n                {\n                    printLine(\"fgetws() failed\");\n                    password[0] = L'\\0';\n                }\n                [Masked Space 9]\n                {\n                    passwordLen = wcslen(password);\n                }\n                if (passwordLen > 0)\n                {\n                    password[passwordLen-1] = L'\\0';\n                }\n                [Masked Space 10]\n                {\n                    if (LogonUserW(\n                                username,\n                                domain,\n                                password,\n                                LOGON32_LOGON_NETWORK,\n                                LOGON32_PROVIDER_DEFAULT,\n                                &pHandle) != 0)\n                    {\n                        printLine(\"User logged in successfully.\");\n                        CloseHandle(pHandle);\n                    }\n                    else\n                    {\n                        printLine(\"Unable to login.\");\n                    }\n                }\n                fwprintf(pFile, L\"User attempted access\\n\");\n                if (pFile)\n                {\n                    fclose(pFile);\n                }\n            }\n        }\n    }\n}",
        "CWE_ID": "CWE534",
        "question": "Question: Examine the following code snippet variants. Which set of ([Masked Value], [Masked Space]) will not trigger CWE534 weakness while maintaining the original functionality of the code?",
        "choices": {
            "A": "None of the modifications resolve the issue without triggering CWE534.",
            "B": "We assign \"478\" to the [Masked Value]. At Masked Space [1], we put if (StaticValue==380). At Masked Space [2], we put if(StaticValue==468). At Masked Space [3], we put if(468==468). At Masked Space [4], we put if(StaticValue==478). At Masked Space [5], we put if (StaticValue==556). At Masked Space [6], we put for(DogCat = 0; DogCat < 1; DogCat++). At Masked Space [7], we put if(1). At Masked Space [8], we put if (StaticValue==468). At Masked Space [9], we put for(DogCat = 0; DogCat < 1; DogCat++). At Masked Space [10], we put if(1). ",
            "C": "We assign \"468\" to the [Masked Value]. At Masked Space [1], we put if (StaticValue==468). At Masked Space [2], we put if(StaticValue==468). At Masked Space [3], we put if(468==468). At Masked Space [4], we put if(StaticValue==478). At Masked Space [5], we put if (StaticValue==556). At Masked Space [6], we put for(DogCat = 0; DogCat < 1; DogCat++). At Masked Space [7], we put if(1). At Masked Space [8], we put if (StaticValue==380). At Masked Space [9], we put for(DogCat = 0; DogCat < 1; DogCat++). At Masked Space [10], we put if(1). ",
            "D": "We assign \"468\" to the [Masked Value]. At Masked Space [1], we put if (StaticValue==380). At Masked Space [2], we put if(StaticValue==468). At Masked Space [3], we put if(468==468). At Masked Space [4], we put if(StaticValue==478). At Masked Space [5], we put if (StaticValue==556). At Masked Space [6], we put for(DogCat = 0; DogCat < 1; DogCat++). At Masked Space [7], we put if(1). At Masked Space [8], we put if (StaticValue==468). At Masked Space [9], we put for(DogCat = 0; DogCat < 1; DogCat++). At Masked Space [10], we put if(1). "
        },
        "answer": "D",
        "distance": "outer_variant"
    }
]