[
    {
        "case_id": "CWE563_Unused_Variable__unused_value_struct_01_bad",
        "org_code": "static int StaticValue = [Masked Value];\nvoid Sample_Func()\n{\n    if([Masked Space 1])\n    {\n        {\n            twoIntsStruct data;\n            data.intOne = 0;\n            data.intTwo = 0;\n            data.intOne = 1;\n            data.intTwo = 1;\n            printStructLine(&data);\n        }\n    }\n    if([Masked Space 2])\n    {\n        {\n            twoIntsStruct data;\n            data.intOne = 0;\n            data.intTwo = 0;\n            printStructLine(&data);\n            data.intOne = 1;\n            data.intTwo = 1;\n            printStructLine(&data);\n        }\n    }\n    if([Masked Space 3])\n    {\n        {\n            twoIntsStruct data;\n            data.intOne = 0;\n            data.intTwo = 0;\n            printStructLine(&data);\n        }\n    }\n    if([Masked Space 4])\n    {\n        {\n            twoIntsStruct data;\n            data.intOne = 0;\n            data.intTwo = 0;\n            if([Masked Space 5])\n            {\n                printStructLine(&data);\n            }\n            if([Masked Space 6])\n            {\n                printStructLine(&data);\n            }\n            data.intOne = 1;\n            data.intTwo = 1;\n            printStructLine(&data);\n        }\n    }\n    if([Masked Space 7])\n    {\n        int socketDescriptor;\n        int connectionStatus = 0;\n        char networkBuffer[256];\n        for (socketDescriptor = 0; socketDescriptor < 5; socketDescriptor++) {\n            if (connectionStatus == 0) {\n                networkBuffer[socketDescriptor] = 'A';\n            } else {\n                networkBuffer[socketDescriptor] = '0';\n            }\n        }\n        printLine(\"Successful! Problem Resolved!\");\n    }\n    if([Masked Space 8])\n    {\n        {\n            twoIntsStruct data;\n            data.intOne = 0;\n            data.intTwo = 0;\n            printStructLine(&data);\n        }\n    }\n}",
        "CWE_ID": "CWE563",
        "question": "Question: Examine the following code snippet variants. Which set of ([Masked Value], [Masked Space]) will not trigger CWE563 weakness while maintaining the original functionality of the code?",
        "choices": {
            "A": "We assign \"666\" to the [Masked Value]. At Masked Space [1], we put if (StaticValue==666). At Masked Space [2], we put if (StaticValue==701). At Masked Space [3], we put if (StaticValue==923). At Masked Space [4], we put if (StaticValue==631). At Masked Space [5], we put if (StaticValue==772). At Masked Space [6], we put if (StaticValue==666). At Masked Space [7], we put if(StaticValue==679). At Masked Space [8], we put if (StaticValue==878). ",
            "B": "None of the modifications resolve the issue without triggering CWE563.",
            "C": "We assign \"679\" to the [Masked Value]. At Masked Space [1], we put if (StaticValue==631). At Masked Space [2], we put if (StaticValue==701). At Masked Space [3], we put if (StaticValue==923). At Masked Space [4], we put if (StaticValue==666). At Masked Space [5], we put if (StaticValue==772). At Masked Space [6], we put if (StaticValue==666). At Masked Space [7], we put if(StaticValue==679). At Masked Space [8], we put if (StaticValue==878). ",
            "D": "We assign \"666\" to the [Masked Value]. At Masked Space [1], we put if (StaticValue==631). At Masked Space [2], we put if (StaticValue==701). At Masked Space [3], we put if (StaticValue==923). At Masked Space [4], we put if (StaticValue==666). At Masked Space [5], we put if (StaticValue==772). At Masked Space [6], we put if (StaticValue==666). At Masked Space [7], we put if(StaticValue==679). At Masked Space [8], we put if (StaticValue==878). "
        },
        "answer": "D",
        "distance": "inner_outer_0"
    },
    {
        "case_id": "CWE563_Unused_Variable__unused_value_struct_01_bad",
        "org_code": "static int StaticValue = [Masked Value];\nvoid Sample_Func()\n{\n    if([Masked Space 1])\n    {\n        {\n            twoIntsStruct data;\n            data.intOne = 0;\n            data.intTwo = 0;\n            data.intOne = 1;\n            data.intTwo = 1;\n            printStructLine(&data);\n        }\n    }\n    if([Masked Space 2])\n    {\n        {\n            twoIntsStruct data;\n            data.intOne = 0;\n            data.intTwo = 0;\n            printStructLine(&data);\n            data.intOne = 1;\n            data.intTwo = 1;\n            printStructLine(&data);\n        }\n    }\n    if([Masked Space 3])\n    {\n        int socketDescriptor;\n        int connectionStatus = 0;\n        char networkBuffer[256];\n        for (socketDescriptor = 0; socketDescriptor < 5; socketDescriptor++) {\n            if (connectionStatus == 0) {\n                networkBuffer[socketDescriptor] = 'A';\n            } else {\n                networkBuffer[socketDescriptor] = '0';\n            }\n        }\n        printLine(\"Successful! Problem Resolved!\");\n    }\n    if([Masked Space 4])\n    {\n        {\n            twoIntsStruct data;\n            data.intOne = 0;\n            data.intTwo = 0;\n            printStructLine(&data);\n        }\n    }\n    if([Masked Space 5])\n    {\n        {\n            twoIntsStruct data;\n            data.intOne = 0;\n            data.intTwo = 0;\n            if([Masked Space 6])\n            {\n                data.intOne = 1;\n                data.intTwo = 1;\n            }\n            printStructLine(&data);\n        }\n    }\n    if([Masked Space 7])\n    {\n        {\n            twoIntsStruct data;\n            data.intOne = 0;\n            data.intTwo = 0;\n            printStructLine(&data);\n        }\n    }\n}",
        "CWE_ID": "CWE563",
        "question": "Question: Examine the following code snippet variants. Which set of ([Masked Value], [Masked Space]) will not trigger CWE563 weakness while maintaining the original functionality of the code?",
        "choices": {
            "A": "We assign \"676\" to the [Masked Value]. At Masked Space [1], we put if (StaticValue==631). At Masked Space [2], we put if (StaticValue==701). At Masked Space [3], we put if(StaticValue==676). At Masked Space [4], we put if (StaticValue==923). At Masked Space [5], we put if (StaticValue==666). At Masked Space [6], we put if (StaticValue==480). At Masked Space [7], we put if (StaticValue==878). ",
            "B": "We assign \"666\" to the [Masked Value]. At Masked Space [1], we put if (StaticValue==631). At Masked Space [2], we put if (StaticValue==701). At Masked Space [3], we put if(StaticValue==676). At Masked Space [4], we put if (StaticValue==923). At Masked Space [5], we put if (StaticValue==666). At Masked Space [6], we put if (StaticValue==666). At Masked Space [7], we put if (StaticValue==878). ",
            "C": "None of the modifications resolve the issue without triggering CWE563.",
            "D": "We assign \"666\" to the [Masked Value]. At Masked Space [1], we put if (StaticValue==631). At Masked Space [2], we put if (StaticValue==701). At Masked Space [3], we put if(StaticValue==676). At Masked Space [4], we put if (StaticValue==923). At Masked Space [5], we put if (StaticValue==666). At Masked Space [6], we put if (StaticValue==480). At Masked Space [7], we put if (StaticValue==878). "
        },
        "answer": "D",
        "distance": "inner_outer_1"
    },
    {
        "case_id": "CWE563_Unused_Variable__unused_value_struct_01_bad",
        "org_code": "static int StaticValue = [Masked Value];\nvoid Sample_Func()\n{\n    if([Masked Space 1])\n    {\n        {\n            twoIntsStruct data;\n            data.intOne = 0;\n            data.intTwo = 0;\n            data.intOne = 1;\n            data.intTwo = 1;\n            printStructLine(&data);\n        }\n    }\n    if([Masked Space 2])\n    {\n        {\n            twoIntsStruct data;\n            data.intOne = 0;\n            data.intTwo = 0;\n            printStructLine(&data);\n            data.intOne = 1;\n            data.intTwo = 1;\n            printStructLine(&data);\n        }\n    }\n    if([Masked Space 3])\n    {\n        int socketDescriptor;\n        int connectionStatus = 0;\n        char networkBuffer[256];\n        for (socketDescriptor = 0; socketDescriptor < 5; socketDescriptor++) {\n            if (connectionStatus == 0) {\n                networkBuffer[socketDescriptor] = 'A';\n            } else {\n                networkBuffer[socketDescriptor] = '0';\n            }\n        }\n        printLine(\"Successful! Problem Resolved!\");\n    }\n    if([Masked Space 4])\n    {\n        {\n            twoIntsStruct data;\n            data.intOne = 0;\n            data.intTwo = 0;\n            printStructLine(&data);\n        }\n    }\n    if([Masked Space 5])\n    {\n        {\n            twoIntsStruct data;\n            data.intOne = 0;\n            data.intTwo = 0;\n            printStructLine(&data);\n            data.intOne = 1;\n            data.intTwo = 1;\n            printStructLine(&data);\n        }\n    }\n    if([Masked Space 6])\n    {\n        {\n            twoIntsStruct data;\n            data.intOne = 0;\n            data.intTwo = 0;\n            printStructLine(&data);\n        }\n    }\n}",
        "CWE_ID": "CWE563",
        "question": "Question: Examine the following code snippet variants. Which set of ([Masked Value], [Masked Space]) will not trigger CWE563 weakness while maintaining the original functionality of the code?",
        "choices": {
            "A": "We assign \"666\" to the [Masked Value]. At Masked Space [1], we put if (StaticValue==666). At Masked Space [2], we put if (StaticValue==701). At Masked Space [3], we put if(StaticValue==684). At Masked Space [4], we put if (StaticValue==923). At Masked Space [5], we put if (StaticValue==631). At Masked Space [6], we put if (StaticValue==878). ",
            "B": "We assign \"666\" to the [Masked Value]. At Masked Space [1], we put if (StaticValue==631). At Masked Space [2], we put if (StaticValue==701). At Masked Space [3], we put if(StaticValue==684). At Masked Space [4], we put if (StaticValue==923). At Masked Space [5], we put if (StaticValue==666). At Masked Space [6], we put if (StaticValue==878). ",
            "C": "None of the modifications resolve the issue without triggering CWE563.",
            "D": "We assign \"684\" to the [Masked Value]. At Masked Space [1], we put if (StaticValue==631). At Masked Space [2], we put if (StaticValue==701). At Masked Space [3], we put if(StaticValue==684). At Masked Space [4], we put if (StaticValue==923). At Masked Space [5], we put if (StaticValue==666). At Masked Space [6], we put if (StaticValue==878). "
        },
        "answer": "B",
        "distance": "outer"
    }
]