[
    {
        "case_id": "CWE226_Sensitive_Information_Uncleared_Before_Release__w32_wchar_t_declare_01_bad",
        "org_code": "static int StaticValue = [Masked Value];\nvoid Sample_Func()\n{\n    if([Masked Space 1])\n    {\n        {\n            {\n                wchar_t password[100] = L\"\";\n                size_t passwordLen = 0;\n                HANDLE hUser;\n                wchar_t * username = L\"User\";\n                wchar_t * domain = L\"Domain\";\n                if (fgetws(password, 100, stdin) == NULL)\n                {\n                    printLine(\"fgetws() failed\");\n                    password[0] = L'\\0';\n                }\n                passwordLen = wcslen(password);\n                if (passwordLen > 0)\n                {\n                    password[passwordLen-1] = L'\\0';\n                }\n                if (LogonUserW(\n                            username,\n                            domain,\n                            password,\n                            LOGON32_LOGON_NETWORK,\n                            LOGON32_PROVIDER_DEFAULT,\n                            &hUser) != 0)\n                {\n                    printLine(\"User logged in successfully.\");\n                    CloseHandle(hUser);\n                }\n                else\n                {\n                    printLine(\"Unable to login.\");\n                }\n            }\n        }\n    }\n    if([Masked Space 2])\n    {\n        {\n            {\n                wchar_t password[100] = L\"\";\n                size_t passwordLen = 0;\n                HANDLE hUser;\n                wchar_t * username = L\"User\";\n                wchar_t * domain = L\"Domain\";\n                if (fgetws(password, 100, stdin) == NULL)\n                {\n                    printLine(\"fgetws() failed\");\n                    password[0] = L'\\0';\n                }\n                passwordLen = wcslen(password);\n                if (passwordLen > 0)\n                {\n                    password[passwordLen-1] = L'\\0';\n                }\n                if (LogonUserW(\n                            username,\n                            domain,\n                            password,\n                            LOGON32_LOGON_NETWORK,\n                            LOGON32_PROVIDER_DEFAULT,\n                            &hUser) != 0)\n                {\n                    printLine(\"User logged in successfully.\");\n                    CloseHandle(hUser);\n                }\n                else\n                {\n                    printLine(\"Unable to login.\");\n                }\n                passwordLen = wcslen(password);\n                SecureZeroMemory(password, passwordLen * sizeof(wchar_t));\n            }\n        }\n    }\n    if([Masked Space 3])\n    {\n        int socketDescriptor;\n        int connectionStatus = 0;\n        char networkBuffer[256];\n        for (socketDescriptor = 0; socketDescriptor < 5; socketDescriptor++) {\n            if (connectionStatus == 0) {\n                networkBuffer[socketDescriptor] = 'A';\n            } else {\n                networkBuffer[socketDescriptor] = '0';\n            }\n        }\n        printLine(\"Successful! Problem Resolved!\");\n    }\n    if([Masked Space 4])\n    {\n        {\n            {\n                wchar_t password[100] = L\"\";\n                size_t passwordLen = 0;\n                HANDLE hUser;\n                wchar_t * username = L\"User\";\n                wchar_t * domain = L\"Domain\";\n                if (fgetws(password, 100, stdin) == NULL)\n                {\n                    printLine(\"fgetws() failed\");\n                    password[0] = L'\\0';\n                }\n                passwordLen = wcslen(password);\n                if (passwordLen > 0)\n                {\n                    password[passwordLen-1] = L'\\0';\n                }\n                if (LogonUserW(\n                            username,\n                            domain,\n                            password,\n                            LOGON32_LOGON_NETWORK,\n                            LOGON32_PROVIDER_DEFAULT,\n                            &hUser) != 0)\n                {\n                    printLine(\"User logged in successfully.\");\n                    CloseHandle(hUser);\n                }\n                else\n                {\n                    printLine(\"Unable to login.\");\n                }\n                if([Masked Space 5])\n                {\n                    passwordLen = wcslen(password);\n                    SecureZeroMemory(password, passwordLen * sizeof(wchar_t));\n                }\n                if([Masked Space 6])\n                {\n                    passwordLen = wcslen(password);\n                    SecureZeroMemory(password, passwordLen * sizeof(wchar_t));\n                }\n            }\n        }\n    }\n}",
        "CWE_ID": "CWE226",
        "question": "Question: Examine the following code snippet variants. Which set of ([Masked Value], [Masked Space]) will not trigger CWE226 weakness while maintaining the original functionality of the code?",
        "choices": {
            "A": "We assign \"688\" to the [Masked Value]. At Masked Space [1], we put if (StaticValue==635). At Masked Space [2], we put if (StaticValue==741). At Masked Space [3], we put if(StaticValue==702). At Masked Space [4], we put if (StaticValue==688). At Masked Space [5], we put if (StaticValue==873). At Masked Space [6], we put if (StaticValue==688). ",
            "B": "None of the modifications resolve the issue without triggering CWE226.",
            "C": "We assign \"702\" to the [Masked Value]. At Masked Space [1], we put if (StaticValue==635). At Masked Space [2], we put if (StaticValue==741). At Masked Space [3], we put if(StaticValue==702). At Masked Space [4], we put if (StaticValue==688). At Masked Space [5], we put if (StaticValue==873). At Masked Space [6], we put if (StaticValue==688). ",
            "D": "We assign \"688\" to the [Masked Value]. At Masked Space [1], we put if (StaticValue==688). At Masked Space [2], we put if (StaticValue==741). At Masked Space [3], we put if(StaticValue==702). At Masked Space [4], we put if (StaticValue==635). At Masked Space [5], we put if (StaticValue==873). At Masked Space [6], we put if (StaticValue==688). "
        },
        "answer": "A",
        "distance": "inner_outer_0"
    },
    {
        "case_id": "CWE226_Sensitive_Information_Uncleared_Before_Release__w32_wchar_t_declare_01_bad",
        "org_code": "static int StaticValue = [Masked Value];\nvoid Sample_Func()\n{\n    if([Masked Space 1])\n    {\n        {\n            {\n                wchar_t password[100] = L\"\";\n                size_t passwordLen = 0;\n                HANDLE hUser;\n                wchar_t * username = L\"User\";\n                wchar_t * domain = L\"Domain\";\n                if (fgetws(password, 100, stdin) == NULL)\n                {\n                    printLine(\"fgetws() failed\");\n                    password[0] = L'\\0';\n                }\n                [Masked Space 2]\n                {\n                    passwordLen = wcslen(password);\n                }\n                if (passwordLen > 0)\n                {\n                    password[passwordLen-1] = L'\\0';\n                }\n                [Masked Space 3]\n                {\n                    if (LogonUserW(\n                                username,\n                                domain,\n                                password,\n                                LOGON32_LOGON_NETWORK,\n                                LOGON32_PROVIDER_DEFAULT,\n                                &hUser) != 0)\n                    {\n                        printLine(\"User logged in successfully.\");\n                        CloseHandle(hUser);\n                    }\n                    else\n                    {\n                        printLine(\"Unable to login.\");\n                    }\n                }\n            }\n        }\n    }\n    if([Masked Space 4])\n    {\n        {\n            {\n                wchar_t password[100] = L\"\";\n                size_t passwordLen = 0;\n                HANDLE hUser;\n                wchar_t * username = L\"User\";\n                wchar_t * domain = L\"Domain\";\n                [Masked Space 5]\n                {\n                    if (fgetws(password, 100, stdin) == NULL)\n                    {\n                        printLine(\"fgetws() failed\");\n                        password[0] = L'\\0';\n                    }\n                }\n                passwordLen = wcslen(password);\n                if (passwordLen > 0)\n                {\n                    password[passwordLen-1] = L'\\0';\n                }\n                if (LogonUserW(\n                            username,\n                            domain,\n                            password,\n                            LOGON32_LOGON_NETWORK,\n                            LOGON32_PROVIDER_DEFAULT,\n                            &hUser) != 0)\n                {\n                    printLine(\"User logged in successfully.\");\n                    CloseHandle(hUser);\n                }\n                else\n                {\n                    printLine(\"Unable to login.\");\n                }\n                [Masked Space 6]\n                {\n                    passwordLen = wcslen(password);\n                }\n                SecureZeroMemory(password, passwordLen * sizeof(wchar_t));\n            }\n        }\n    }\n    if([Masked Space 7])\n    {\n        int DogCat;\n        {\n            {\n                wchar_t password[100] = L\"\";\n                size_t passwordLen = 0;\n                HANDLE hUser;\n                wchar_t * username = L\"User\";\n                wchar_t * domain = L\"Domain\";\n                [Masked Space 8]\n                {\n                    if (fgetws(password, 100, stdin) == NULL)\n                    {\n                        printLine(\"fgetws() failed\");\n                        password[0] = L'\\0';\n                    }\n                }\n                passwordLen = wcslen(password);\n                if (passwordLen > 0)\n                {\n                    password[passwordLen-1] = L'\\0';\n                }\n                if (LogonUserW(\n                            username,\n                            domain,\n                            password,\n                            LOGON32_LOGON_NETWORK,\n                            LOGON32_PROVIDER_DEFAULT,\n                            &hUser) != 0)\n                {\n                    printLine(\"User logged in successfully.\");\n                    CloseHandle(hUser);\n                }\n                else\n                {\n                    printLine(\"Unable to login.\");\n                }\n                [Masked Space 9]\n                {\n                    if([Masked Space 10])\n                    {\n                        passwordLen = wcslen(password);\n                        SecureZeroMemory(password, passwordLen * sizeof(wchar_t));\n                    }\n                }\n                if([Masked Space 11])\n                {\n                    passwordLen = wcslen(password);\n                    SecureZeroMemory(password, passwordLen * sizeof(wchar_t));\n                }\n            }\n        }\n    }\n    if([Masked Space 12])\n    {\n        int socketDescriptor;\n        int connectionStatus = 0;\n        char networkBuffer[256];\n        for (socketDescriptor = 0; socketDescriptor < 5; socketDescriptor++) {\n            if (connectionStatus == 0) {\n                networkBuffer[socketDescriptor] = 'A';\n            } else {\n                networkBuffer[socketDescriptor] = '0';\n            }\n        }\n        printLine(\"Successful! Problem Resolved!\");\n    }\n}",
        "CWE_ID": "CWE226",
        "question": "Question: Examine the following code snippet variants. Which set of ([Masked Value], [Masked Space]) will not trigger CWE226 weakness while maintaining the original functionality of the code?",
        "choices": {
            "A": "We assign \"688\" to the [Masked Value]. At Masked Space [1], we put if (StaticValue==688). At Masked Space [2], we put if(1). At Masked Space [3], we put if(688==688). At Masked Space [4], we put if (StaticValue==741). At Masked Space [5], we put if(StaticValue==688). At Masked Space [6], we put if(688==688). At Masked Space [7], we put if (StaticValue==635). At Masked Space [8], we put if(StaticValue==688). At Masked Space [9], we put for(DogCat = 0; DogCat < 1; DogCat++). At Masked Space [10], we put if (StaticValue==873). At Masked Space [11], we put if (StaticValue==688). At Masked Space [12], we put if(StaticValue==706). ",
            "B": "We assign \"688\" to the [Masked Value]. At Masked Space [1], we put if (StaticValue==635). At Masked Space [2], we put if(1). At Masked Space [3], we put if(688==688). At Masked Space [4], we put if (StaticValue==741). At Masked Space [5], we put if(StaticValue==688). At Masked Space [6], we put if(688==688). At Masked Space [7], we put if (StaticValue==688). At Masked Space [8], we put if(StaticValue==688). At Masked Space [9], we put for(DogCat = 0; DogCat < 1; DogCat++). At Masked Space [10], we put if (StaticValue==873). At Masked Space [11], we put if (StaticValue==688). At Masked Space [12], we put if(StaticValue==706). ",
            "C": "We assign \"706\" to the [Masked Value]. At Masked Space [1], we put if (StaticValue==635). At Masked Space [2], we put if(1). At Masked Space [3], we put if(688==688). At Masked Space [4], we put if (StaticValue==741). At Masked Space [5], we put if(StaticValue==688). At Masked Space [6], we put if(688==688). At Masked Space [7], we put if (StaticValue==688). At Masked Space [8], we put if(StaticValue==688). At Masked Space [9], we put for(DogCat = 0; DogCat < 1; DogCat++). At Masked Space [10], we put if (StaticValue==873). At Masked Space [11], we put if (StaticValue==688). At Masked Space [12], we put if(StaticValue==706). ",
            "D": "None of the modifications resolve the issue without triggering CWE226."
        },
        "answer": "B",
        "distance": "inner_outer_variant_0"
    },
    {
        "case_id": "CWE226_Sensitive_Information_Uncleared_Before_Release__w32_wchar_t_declare_01_bad",
        "org_code": "static int StaticValue = [Masked Value];\nvoid Sample_Func()\n{\n    if([Masked Space 1])\n    {\n        {\n            {\n                wchar_t password[100] = L\"\";\n                size_t passwordLen = 0;\n                HANDLE hUser;\n                wchar_t * username = L\"User\";\n                wchar_t * domain = L\"Domain\";\n                if (fgetws(password, 100, stdin) == NULL)\n                {\n                    printLine(\"fgetws() failed\");\n                    password[0] = L'\\0';\n                }\n                passwordLen = wcslen(password);\n                if (passwordLen > 0)\n                {\n                    password[passwordLen-1] = L'\\0';\n                }\n                if (LogonUserW(\n                            username,\n                            domain,\n                            password,\n                            LOGON32_LOGON_NETWORK,\n                            LOGON32_PROVIDER_DEFAULT,\n                            &hUser) != 0)\n                {\n                    printLine(\"User logged in successfully.\");\n                    CloseHandle(hUser);\n                }\n                else\n                {\n                    printLine(\"Unable to login.\");\n                }\n            }\n        }\n    }\n    if([Masked Space 2])\n    {\n        {\n            {\n                wchar_t password[100] = L\"\";\n                size_t passwordLen = 0;\n                HANDLE hUser;\n                wchar_t * username = L\"User\";\n                wchar_t * domain = L\"Domain\";\n                if (fgetws(password, 100, stdin) == NULL)\n                {\n                    printLine(\"fgetws() failed\");\n                    password[0] = L'\\0';\n                }\n                passwordLen = wcslen(password);\n                if (passwordLen > 0)\n                {\n                    password[passwordLen-1] = L'\\0';\n                }\n                if (LogonUserW(\n                            username,\n                            domain,\n                            password,\n                            LOGON32_LOGON_NETWORK,\n                            LOGON32_PROVIDER_DEFAULT,\n                            &hUser) != 0)\n                {\n                    printLine(\"User logged in successfully.\");\n                    CloseHandle(hUser);\n                }\n                else\n                {\n                    printLine(\"Unable to login.\");\n                }\n                passwordLen = wcslen(password);\n                SecureZeroMemory(password, passwordLen * sizeof(wchar_t));\n            }\n        }\n    }\n    if([Masked Space 3])\n    {\n        {\n            {\n                wchar_t password[100] = L\"\";\n                size_t passwordLen = 0;\n                HANDLE hUser;\n                wchar_t * username = L\"User\";\n                wchar_t * domain = L\"Domain\";\n                if (fgetws(password, 100, stdin) == NULL)\n                {\n                    printLine(\"fgetws() failed\");\n                    password[0] = L'\\0';\n                }\n                passwordLen = wcslen(password);\n                if (passwordLen > 0)\n                {\n                    password[passwordLen-1] = L'\\0';\n                }\n                if (LogonUserW(\n                            username,\n                            domain,\n                            password,\n                            LOGON32_LOGON_NETWORK,\n                            LOGON32_PROVIDER_DEFAULT,\n                            &hUser) != 0)\n                {\n                    printLine(\"User logged in successfully.\");\n                    CloseHandle(hUser);\n                }\n                else\n                {\n                    printLine(\"Unable to login.\");\n                }\n                passwordLen = wcslen(password);\n                SecureZeroMemory(password, passwordLen * sizeof(wchar_t));\n            }\n        }\n    }\n    if([Masked Space 4])\n    {\n        int socketDescriptor;\n        int connectionStatus = 0;\n        char networkBuffer[256];\n        for (socketDescriptor = 0; socketDescriptor < 5; socketDescriptor++) {\n            if (connectionStatus == 0) {\n                networkBuffer[socketDescriptor] = 'A';\n            } else {\n                networkBuffer[socketDescriptor] = '0';\n            }\n        }\n        printLine(\"Successful! Problem Resolved!\");\n    }\n}",
        "CWE_ID": "CWE226",
        "question": "Question: Examine the following code snippet variants. Which set of ([Masked Value], [Masked Space]) will not trigger CWE226 weakness while maintaining the original functionality of the code?",
        "choices": {
            "A": "We assign \"688\" to the [Masked Value]. At Masked Space [1], we put if (StaticValue==635). At Masked Space [2], we put if (StaticValue==741). At Masked Space [3], we put if (StaticValue==688). At Masked Space [4], we put if(StaticValue==708). ",
            "B": "We assign \"688\" to the [Masked Value]. At Masked Space [1], we put if (StaticValue==688). At Masked Space [2], we put if (StaticValue==741). At Masked Space [3], we put if (StaticValue==635). At Masked Space [4], we put if(StaticValue==708). ",
            "C": "None of the modifications resolve the issue without triggering CWE226.",
            "D": "We assign \"708\" to the [Masked Value]. At Masked Space [1], we put if (StaticValue==635). At Masked Space [2], we put if (StaticValue==741). At Masked Space [3], we put if (StaticValue==688). At Masked Space [4], we put if(StaticValue==708). "
        },
        "answer": "A",
        "distance": "outer"
    },
    {
        "case_id": "CWE226_Sensitive_Information_Uncleared_Before_Release__w32_wchar_t_declare_01_bad",
        "org_code": "static int StaticValue = [Masked Value];\nvoid Sample_Func()\n{\n    if([Masked Space 1])\n    {\n        {\n            {\n                wchar_t password[100] = L\"\";\n                size_t passwordLen = 0;\n                HANDLE hUser;\n                wchar_t * username = L\"User\";\n                wchar_t * domain = L\"Domain\";\n                if (fgetws(password, 100, stdin) == NULL)\n                {\n                    printLine(\"fgetws() failed\");\n                    password[0] = L'\\0';\n                }\n                [Masked Space 2]\n                {\n                    passwordLen = wcslen(password);\n                }\n                if (passwordLen > 0)\n                {\n                    password[passwordLen-1] = L'\\0';\n                }\n                if (LogonUserW(\n                            username,\n                            domain,\n                            password,\n                            LOGON32_LOGON_NETWORK,\n                            LOGON32_PROVIDER_DEFAULT,\n                            &hUser) != 0)\n                {\n                    printLine(\"User logged in successfully.\");\n                    CloseHandle(hUser);\n                }\n                else\n                {\n                    [Masked Space 3]\n                    {\n                        printLine(\"Unable to login.\");\n                    }\n                }\n            }\n        }\n    }\n    if([Masked Space 4])\n    {\n        {\n            {\n                wchar_t password[100] = L\"\";\n                size_t passwordLen = 0;\n                HANDLE hUser;\n                wchar_t * username = L\"User\";\n                wchar_t * domain = L\"Domain\";\n                [Masked Space 5]\n                {\n                    if (fgetws(password, 100, stdin) == NULL)\n                    {\n                        printLine(\"fgetws() failed\");\n                        password[0] = L'\\0';\n                    }\n                }\n                passwordLen = wcslen(password);\n                if (passwordLen > 0)\n                {\n                    password[passwordLen-1] = L'\\0';\n                }\n                if (LogonUserW(\n                            username,\n                            domain,\n                            password,\n                            LOGON32_LOGON_NETWORK,\n                            LOGON32_PROVIDER_DEFAULT,\n                            &hUser) != 0)\n                {\n                    printLine(\"User logged in successfully.\");\n                    CloseHandle(hUser);\n                }\n                else\n                {\n                    [Masked Space 6]\n                    {\n                        printLine(\"Unable to login.\");\n                    }\n                }\n                passwordLen = wcslen(password);\n                SecureZeroMemory(password, passwordLen * sizeof(wchar_t));\n            }\n        }\n    }\n    if([Masked Space 7])\n    {\n        int socketDescriptor;\n        int connectionStatus = 0;\n        char networkBuffer[256];\n        for (socketDescriptor = 0; socketDescriptor < 5; socketDescriptor++) {\n            if (connectionStatus == 0) {\n                networkBuffer[socketDescriptor] = 'A';\n            } else {\n                networkBuffer[socketDescriptor] = '0';\n            }\n        }\n        printLine(\"Successful! Problem Resolved!\");\n    }\n    if([Masked Space 8])\n    {\n        {\n            {\n                wchar_t password[100] = L\"\";\n                size_t passwordLen = 0;\n                HANDLE hUser;\n                wchar_t * username = L\"User\";\n                wchar_t * domain = L\"Domain\";\n                [Masked Space 9]\n                {\n                    if (fgetws(password, 100, stdin) == NULL)\n                    {\n                        printLine(\"fgetws() failed\");\n                        password[0] = L'\\0';\n                    }\n                }\n                passwordLen = wcslen(password);\n                if (passwordLen > 0)\n                {\n                    password[passwordLen-1] = L'\\0';\n                }\n                if (LogonUserW(\n                            username,\n                            domain,\n                            password,\n                            LOGON32_LOGON_NETWORK,\n                            LOGON32_PROVIDER_DEFAULT,\n                            &hUser) != 0)\n                {\n                    printLine(\"User logged in successfully.\");\n                    CloseHandle(hUser);\n                }\n                else\n                {\n                    printLine(\"Unable to login.\");\n                }\n                [Masked Space 10]\n                {\n                    passwordLen = wcslen(password);\n                }\n                SecureZeroMemory(password, passwordLen * sizeof(wchar_t));\n            }\n        }\n    }\n}",
        "CWE_ID": "CWE226",
        "question": "Question: Examine the following code snippet variants. Which set of ([Masked Value], [Masked Space]) will not trigger CWE226 weakness while maintaining the original functionality of the code?",
        "choices": {
            "A": "We assign \"688\" to the [Masked Value]. At Masked Space [1], we put if (StaticValue==688). At Masked Space [2], we put if(1). At Masked Space [3], we put if(688==688). At Masked Space [4], we put if (StaticValue==741). At Masked Space [5], we put if(1). At Masked Space [6], we put if(688==688). At Masked Space [7], we put if(StaticValue==704). At Masked Space [8], we put if (StaticValue==635). At Masked Space [9], we put if(688==688). At Masked Space [10], we put if(StaticValue==688). ",
            "B": "We assign \"688\" to the [Masked Value]. At Masked Space [1], we put if (StaticValue==635). At Masked Space [2], we put if(1). At Masked Space [3], we put if(688==688). At Masked Space [4], we put if (StaticValue==741). At Masked Space [5], we put if(1). At Masked Space [6], we put if(688==688). At Masked Space [7], we put if(StaticValue==704). At Masked Space [8], we put if (StaticValue==688). At Masked Space [9], we put if(688==688). At Masked Space [10], we put if(StaticValue==688). ",
            "C": "We assign \"704\" to the [Masked Value]. At Masked Space [1], we put if (StaticValue==635). At Masked Space [2], we put if(1). At Masked Space [3], we put if(688==688). At Masked Space [4], we put if (StaticValue==741). At Masked Space [5], we put if(1). At Masked Space [6], we put if(688==688). At Masked Space [7], we put if(StaticValue==704). At Masked Space [8], we put if (StaticValue==688). At Masked Space [9], we put if(688==688). At Masked Space [10], we put if(StaticValue==688). ",
            "D": "None of the modifications resolve the issue without triggering CWE226."
        },
        "answer": "B",
        "distance": "outer_variant"
    }
]