[
    {
        "case_id": "CWE427_Uncontrolled_Search_Path_Element__wchar_t_connect_socket_01_bad",
        "org_code": "static int StaticValue = [Masked Value];\nvoid Sample_Func()\n{\n    wchar_t * data;\n    wchar_t dataBuffer[250] = L\"PATH=\";\n    data = dataBuffer;\n    if([Masked Space 1])\n    {\n        wcscat(data, NEW_PATH);\n    }\n    if([Masked Space 2])\n    {\n        wcscat(data, NEW_PATH);\n    }\n    if([Masked Space 3])\n    {\n        {\n    #ifdef _WIN32\n            WSADATA wsaData;\n            int wsaDataInit = 0;\n    #endif\n            int recvResult;\n            struct sockaddr_in service;\n            wchar_t *replace;\n            SOCKET connectSocket = INVALID_SOCKET;\n            size_t dataLen = wcslen(data);\n            do\n            {\n    #ifdef _WIN32\n                if (WSAStartup(MAKEWORD(2,2), &wsaData) != NO_ERROR)\n                {\n                    break;\n                }\n                wsaDataInit = 1;\n    #endif\n                connectSocket = socket(AF_INET, SOCK_STREAM, IPPROTO_TCP);\n                if (connectSocket == INVALID_SOCKET)\n                {\n                    break;\n                }\n                memset(&service, 0, sizeof(service));\n                service.sin_family = AF_INET;\n                service.sin_addr.s_addr = inet_addr(IP_ADDRESS);\n                service.sin_port = htons(TCP_PORT);\n                if (connect(connectSocket, (struct sockaddr*)&service, sizeof(service)) == SOCKET_ERROR)\n                {\n                    break;\n                }\n                recvResult = recv(connectSocket, (char *)(data + dataLen), sizeof(wchar_t) * (250 - dataLen - 1), 0);\n                if (recvResult == SOCKET_ERROR || recvResult == 0)\n                {\n                    break;\n                }\n                data[dataLen + recvResult / sizeof(wchar_t)] = L'\\0';\n                replace = wcschr(data, L'\\r');\n                if (replace)\n                {\n                    *replace = L'\\0';\n                }\n                replace = wcschr(data, L'\\n');\n                if (replace)\n                {\n                    *replace = L'\\0';\n                }\n            }\n            while (0);\n            if (connectSocket != INVALID_SOCKET)\n            {\n                CLOSE_SOCKET(connectSocket);\n            }\n    #ifdef _WIN32\n            if (wsaDataInit)\n            {\n                WSACleanup();\n            }\n    #endif\n        }\n    }\n    if([Masked Space 4])\n    {\n        int socketDescriptor;\n        int connectionStatus = 0;\n        char networkBuffer[256];\n        for (socketDescriptor = 0; socketDescriptor < 5; socketDescriptor++) {\n            if (connectionStatus == 0) {\n                networkBuffer[socketDescriptor] = 'A';\n            } else {\n                networkBuffer[socketDescriptor] = '0';\n            }\n        }\n        printLine(\"Successful! Problem Resolved!\");\n    }\n    PUTENV(data);\n}",
        "CWE_ID": "CWE427",
        "question": "Question: Examine the following code snippet variants. Which set of ([Masked Value], [Masked Space]) will not trigger CWE427 weakness while maintaining the original functionality of the code?",
        "choices": {
            "A": "None of the modifications resolve the issue without triggering CWE427.",
            "B": "We assign \"839\" to the [Masked Value]. At Masked Space [1], we put if (StaticValue==1001). At Masked Space [2], we put if (StaticValue==821). At Masked Space [3], we put if (StaticValue==641). At Masked Space [4], we put if(StaticValue==839). ",
            "C": "We assign \"821\" to the [Masked Value]. At Masked Space [1], we put if (StaticValue==1001). At Masked Space [2], we put if (StaticValue==821). At Masked Space [3], we put if (StaticValue==641). At Masked Space [4], we put if(StaticValue==839). ",
            "D": "We assign \"821\" to the [Masked Value]. At Masked Space [1], we put if (StaticValue==1001). At Masked Space [2], we put if (StaticValue==641). At Masked Space [3], we put if (StaticValue==821). At Masked Space [4], we put if(StaticValue==839). "
        },
        "answer": "C",
        "distance": "inner_0"
    },
    {
        "case_id": "CWE427_Uncontrolled_Search_Path_Element__wchar_t_connect_socket_01_bad",
        "org_code": "static int StaticValue = [Masked Value];\nvoid Sample_Func()\n{\n    if([Masked Space 1])\n    {\n        {\n            wchar_t * data;\n            wchar_t dataBuffer[250] = L\"PATH=\";\n            data = dataBuffer;\n            {\n        #ifdef _WIN32\n                WSADATA wsaData;\n                int wsaDataInit = 0;\n        #endif\n                int recvResult;\n                struct sockaddr_in service;\n                wchar_t *replace;\n                SOCKET connectSocket = INVALID_SOCKET;\n                size_t dataLen = wcslen(data);\n                do\n                {\n        #ifdef _WIN32\n                    if (WSAStartup(MAKEWORD(2,2), &wsaData) != NO_ERROR)\n                    {\n                        break;\n                    }\n                    wsaDataInit = 1;\n        #endif\n                    connectSocket = socket(AF_INET, SOCK_STREAM, IPPROTO_TCP);\n                    if (connectSocket == INVALID_SOCKET)\n                    {\n                        break;\n                    }\n                    memset(&service, 0, sizeof(service));\n                    service.sin_family = AF_INET;\n                    service.sin_addr.s_addr = inet_addr(IP_ADDRESS);\n                    service.sin_port = htons(TCP_PORT);\n                    if (connect(connectSocket, (struct sockaddr*)&service, sizeof(service)) == SOCKET_ERROR)\n                    {\n                        break;\n                    }\n                    recvResult = recv(connectSocket, (char *)(data + dataLen), sizeof(wchar_t) * (250 - dataLen - 1), 0);\n                    if (recvResult == SOCKET_ERROR || recvResult == 0)\n                    {\n                        break;\n                    }\n                    data[dataLen + recvResult / sizeof(wchar_t)] = L'\\0';\n                    replace = wcschr(data, L'\\r');\n                    if (replace)\n                    {\n                        *replace = L'\\0';\n                    }\n                    replace = wcschr(data, L'\\n');\n                    if (replace)\n                    {\n                        *replace = L'\\0';\n                    }\n                }\n                while (0);\n                if (connectSocket != INVALID_SOCKET)\n                {\n                    CLOSE_SOCKET(connectSocket);\n                }\n        #ifdef _WIN32\n                if (wsaDataInit)\n                {\n                    WSACleanup();\n                }\n        #endif\n            }\n            PUTENV(data);\n        }\n    }\n    if([Masked Space 2])\n    {\n        int socketDescriptor;\n        int connectionStatus = 0;\n        char networkBuffer[256];\n        for (socketDescriptor = 0; socketDescriptor < 5; socketDescriptor++) {\n            if (connectionStatus == 0) {\n                networkBuffer[socketDescriptor] = 'A';\n            } else {\n                networkBuffer[socketDescriptor] = '0';\n            }\n        }\n        printLine(\"Successful! Problem Resolved!\");\n    }\n    if([Masked Space 3])\n    {\n        {\n            wchar_t * data;\n            wchar_t dataBuffer[250] = L\"PATH=\";\n            data = dataBuffer;\n            wcscat(data, NEW_PATH);\n            PUTENV(data);\n        }\n    }\n    if([Masked Space 4])\n    {\n        {\n            wchar_t * data;\n            wchar_t dataBuffer[250] = L\"PATH=\";\n            data = dataBuffer;\n            if([Masked Space 5])\n            {\n                wcscat(data, NEW_PATH);\n            }\n            if([Masked Space 6])\n            {\n                wcscat(data, NEW_PATH);\n            }\n            if([Masked Space 7])\n            {\n                {\n            #ifdef _WIN32\n                    WSADATA wsaData;\n                    int wsaDataInit = 0;\n            #endif\n                    int recvResult;\n                    struct sockaddr_in service;\n                    wchar_t *replace;\n                    SOCKET connectSocket = INVALID_SOCKET;\n                    size_t dataLen = wcslen(data);\n                    do\n                    {\n            #ifdef _WIN32\n                        if (WSAStartup(MAKEWORD(2,2), &wsaData) != NO_ERROR)\n                        {\n                            break;\n                        }\n                        wsaDataInit = 1;\n            #endif\n                        connectSocket = socket(AF_INET, SOCK_STREAM, IPPROTO_TCP);\n                        if (connectSocket == INVALID_SOCKET)\n                        {\n                            break;\n                        }\n                        memset(&service, 0, sizeof(service));\n                        service.sin_family = AF_INET;\n                        service.sin_addr.s_addr = inet_addr(IP_ADDRESS);\n                        service.sin_port = htons(TCP_PORT);\n                        if (connect(connectSocket, (struct sockaddr*)&service, sizeof(service)) == SOCKET_ERROR)\n                        {\n                            break;\n                        }\n                        recvResult = recv(connectSocket, (char *)(data + dataLen), sizeof(wchar_t) * (250 - dataLen - 1), 0);\n                        if (recvResult == SOCKET_ERROR || recvResult == 0)\n                        {\n                            break;\n                        }\n                        data[dataLen + recvResult / sizeof(wchar_t)] = L'\\0';\n                        replace = wcschr(data, L'\\r');\n                        if (replace)\n                        {\n                            *replace = L'\\0';\n                        }\n                        replace = wcschr(data, L'\\n');\n                        if (replace)\n                        {\n                            *replace = L'\\0';\n                        }\n                    }\n                    while (0);\n                    if (connectSocket != INVALID_SOCKET)\n                    {\n                        CLOSE_SOCKET(connectSocket);\n                    }\n            #ifdef _WIN32\n                    if (wsaDataInit)\n                    {\n                        WSACleanup();\n                    }\n            #endif\n                }\n            }\n            PUTENV(data);\n        }\n    }\n}",
        "CWE_ID": "CWE427",
        "question": "Question: Examine the following code snippet variants. Which set of ([Masked Value], [Masked Space]) will not trigger CWE427 weakness while maintaining the original functionality of the code?",
        "choices": {
            "A": "We assign \"821\" to the [Masked Value]. At Masked Space [1], we put if (StaticValue==779). At Masked Space [2], we put if(StaticValue==837). At Masked Space [3], we put if (StaticValue==863). At Masked Space [4], we put if (StaticValue==821). At Masked Space [5], we put if (StaticValue==1001). At Masked Space [6], we put if (StaticValue==641). At Masked Space [7], we put if (StaticValue==821). ",
            "B": "We assign \"837\" to the [Masked Value]. At Masked Space [1], we put if (StaticValue==779). At Masked Space [2], we put if(StaticValue==837). At Masked Space [3], we put if (StaticValue==863). At Masked Space [4], we put if (StaticValue==821). At Masked Space [5], we put if (StaticValue==1001). At Masked Space [6], we put if (StaticValue==821). At Masked Space [7], we put if (StaticValue==641). ",
            "C": "We assign \"821\" to the [Masked Value]. At Masked Space [1], we put if (StaticValue==779). At Masked Space [2], we put if(StaticValue==837). At Masked Space [3], we put if (StaticValue==863). At Masked Space [4], we put if (StaticValue==821). At Masked Space [5], we put if (StaticValue==1001). At Masked Space [6], we put if (StaticValue==821). At Masked Space [7], we put if (StaticValue==641). ",
            "D": "None of the modifications resolve the issue without triggering CWE427."
        },
        "answer": "C",
        "distance": "inner_outer_0"
    },
    {
        "case_id": "CWE427_Uncontrolled_Search_Path_Element__wchar_t_connect_socket_01_bad",
        "org_code": "static int StaticValue = [Masked Value];\nvoid Sample_Func()\n{\n    if([Masked Space 1])\n    {\n        {\n            wchar_t * data;\n            wchar_t dataBuffer[250] = L\"PATH=\";\n            data = dataBuffer;\n            {\n        #ifdef _WIN32\n                WSADATA wsaData;\n                int wsaDataInit = 0;\n        #endif\n                int recvResult;\n                struct sockaddr_in service;\n                wchar_t *replace;\n                SOCKET connectSocket = INVALID_SOCKET;\n                size_t dataLen = wcslen(data);\n                do\n                {\n        #ifdef _WIN32\n                    if (WSAStartup(MAKEWORD(2,2), &wsaData) != NO_ERROR)\n                    {\n                        break;\n                    }\n                    wsaDataInit = 1;\n        #endif\n                    connectSocket = socket(AF_INET, SOCK_STREAM, IPPROTO_TCP);\n                    if (connectSocket == INVALID_SOCKET)\n                    {\n                        break;\n                    }\n                    memset(&service, 0, sizeof(service));\n                    service.sin_family = AF_INET;\n                    service.sin_addr.s_addr = inet_addr(IP_ADDRESS);\n                    [Masked Space 2]\n                    {\n                        service.sin_port = htons(TCP_PORT);\n                    }\n                    if (connect(connectSocket, (struct sockaddr*)&service, sizeof(service)) == SOCKET_ERROR)\n                    {\n                        break;\n                    }\n                    recvResult = recv(connectSocket, (char *)(data + dataLen), sizeof(wchar_t) * (250 - dataLen - 1), 0);\n                    if (recvResult == SOCKET_ERROR || recvResult == 0)\n                    {\n                        break;\n                    }\n                    data[dataLen + recvResult / sizeof(wchar_t)] = L'\\0';\n                    replace = wcschr(data, L'\\r');\n                    if (replace)\n                    {\n                        *replace = L'\\0';\n                    }\n                    [Masked Space 3]\n                    {\n                        replace = wcschr(data, L'\\n');\n                    }\n                    if (replace)\n                    {\n                        *replace = L'\\0';\n                    }\n                }\n                while (0);\n                if (connectSocket != INVALID_SOCKET)\n                {\n                    CLOSE_SOCKET(connectSocket);\n                }\n        #ifdef _WIN32\n                if (wsaDataInit)\n                {\n                    WSACleanup();\n                }\n        #endif\n            }\n            PUTENV(data);\n        }\n    }\n    if([Masked Space 4])\n    {\n        {\n            wchar_t * data;\n            wchar_t dataBuffer[250] = L\"PATH=\";\n            data = dataBuffer;\n            wcscat(data, NEW_PATH);\n            PUTENV(data);\n        }\n    }\n    if([Masked Space 5])\n    {\n        int socketDescriptor;\n        int connectionStatus = 0;\n        char networkBuffer[256];\n        for (socketDescriptor = 0; socketDescriptor < 5; socketDescriptor++) {\n            if (connectionStatus == 0) {\n                networkBuffer[socketDescriptor] = 'A';\n            } else {\n                networkBuffer[socketDescriptor] = '0';\n            }\n        }\n        printLine(\"Successful! Problem Resolved!\");\n    }\n    if([Masked Space 6])\n    {\n        {\n            wchar_t * data;\n            wchar_t dataBuffer[250] = L\"PATH=\";\n            data = dataBuffer;\n            if([Masked Space 7])\n            {\n                wcscat(data, NEW_PATH);\n            }\n            if([Masked Space 8])\n            {\n                wcscat(data, NEW_PATH);\n            }\n            if([Masked Space 9])\n            {\n                {\n            #ifdef _WIN32\n                    WSADATA wsaData;\n                    int wsaDataInit = 0;\n            #endif\n                    int recvResult;\n                    struct sockaddr_in service;\n                    wchar_t *replace;\n                    SOCKET connectSocket = INVALID_SOCKET;\n                    size_t dataLen = wcslen(data);\n                    do\n                    {\n            #ifdef _WIN32\n                        if (WSAStartup(MAKEWORD(2,2), &wsaData) != NO_ERROR)\n                        {\n                            break;\n                        }\n                        wsaDataInit = 1;\n            #endif\n                        connectSocket = socket(AF_INET, SOCK_STREAM, IPPROTO_TCP);\n                        if (connectSocket == INVALID_SOCKET)\n                        {\n                            break;\n                        }\n                        memset(&service, 0, sizeof(service));\n                        service.sin_family = AF_INET;\n                        service.sin_addr.s_addr = inet_addr(IP_ADDRESS);\n                        service.sin_port = htons(TCP_PORT);\n                        if (connect(connectSocket, (struct sockaddr*)&service, sizeof(service)) == SOCKET_ERROR)\n                        {\n                            break;\n                        }\n                        recvResult = recv(connectSocket, (char *)(data + dataLen), sizeof(wchar_t) * (250 - dataLen - 1), 0);\n                        if (recvResult == SOCKET_ERROR || recvResult == 0)\n                        {\n                            break;\n                        }\n                        data[dataLen + recvResult / sizeof(wchar_t)] = L'\\0';\n                        replace = wcschr(data, L'\\r');\n                        if (replace)\n                        {\n                            *replace = L'\\0';\n                        }\n                        replace = wcschr(data, L'\\n');\n                        if (replace)\n                        {\n                            *replace = L'\\0';\n                        }\n                    }\n                    while (0);\n                    [Masked Space 10]\n                    {\n                        if (connectSocket != INVALID_SOCKET)\n                        {\n                            CLOSE_SOCKET(connectSocket);\n                        }\n                    }\n            #ifdef _WIN32\n                    [Masked Space 11]\n                    {\n                        if (wsaDataInit)\n                        {\n                            WSACleanup();\n                        }\n                    }\n            #endif\n                }\n            }\n            PUTENV(data);\n        }\n    }\n}",
        "CWE_ID": "CWE427",
        "question": "Question: Examine the following code snippet variants. Which set of ([Masked Value], [Masked Space]) will not trigger CWE427 weakness while maintaining the original functionality of the code?",
        "choices": {
            "A": "We assign \"834\" to the [Masked Value]. At Masked Space [1], we put if (StaticValue==779). At Masked Space [2], we put if(1). At Masked Space [3], we put if(821==821). At Masked Space [4], we put if (StaticValue==863). At Masked Space [5], we put if(StaticValue==834). At Masked Space [6], we put if (StaticValue==821). At Masked Space [7], we put if (StaticValue==1001). At Masked Space [8], we put if (StaticValue==821). At Masked Space [9], we put if (StaticValue==641). At Masked Space [10], we put if(821==821). At Masked Space [11], we put if(StaticValue==821). ",
            "B": "We assign \"821\" to the [Masked Value]. At Masked Space [1], we put if (StaticValue==779). At Masked Space [2], we put if(1). At Masked Space [3], we put if(821==821). At Masked Space [4], we put if (StaticValue==863). At Masked Space [5], we put if(StaticValue==834). At Masked Space [6], we put if (StaticValue==821). At Masked Space [7], we put if (StaticValue==1001). At Masked Space [8], we put if (StaticValue==821). At Masked Space [9], we put if (StaticValue==641). At Masked Space [10], we put if(821==821). At Masked Space [11], we put if(StaticValue==821). ",
            "C": "We assign \"821\" to the [Masked Value]. At Masked Space [1], we put if (StaticValue==779). At Masked Space [2], we put if(1). At Masked Space [3], we put if(821==821). At Masked Space [4], we put if (StaticValue==863). At Masked Space [5], we put if(StaticValue==834). At Masked Space [6], we put if (StaticValue==821). At Masked Space [7], we put if (StaticValue==1001). At Masked Space [8], we put if (StaticValue==641). At Masked Space [9], we put if (StaticValue==821). At Masked Space [10], we put if(821==821). At Masked Space [11], we put if(StaticValue==821). ",
            "D": "None of the modifications resolve the issue without triggering CWE427."
        },
        "answer": "B",
        "distance": "inner_outer_variant_0"
    },
    {
        "case_id": "CWE427_Uncontrolled_Search_Path_Element__wchar_t_connect_socket_01_bad",
        "org_code": "static int StaticValue = [Masked Value];\nvoid Sample_Func()\n{\n    wchar_t * data;\n    wchar_t dataBuffer[250] = L\"PATH=\";\n    data = dataBuffer;\n    if([Masked Space 1])\n    {\n        wcscat(data, NEW_PATH);\n    }\n    if([Masked Space 2])\n    {\n        wcscat(data, NEW_PATH);\n    }\n    if([Masked Space 3])\n    {\n        int socketDescriptor;\n        int connectionStatus = 0;\n        char networkBuffer[256];\n        for (socketDescriptor = 0; socketDescriptor < 5; socketDescriptor++) {\n            if (connectionStatus == 0) {\n                networkBuffer[socketDescriptor] = 'A';\n            } else {\n                networkBuffer[socketDescriptor] = '0';\n            }\n        }\n        printLine(\"Successful! Problem Resolved!\");\n    }\n    if([Masked Space 4])\n    {\n        {\n    #ifdef _WIN32\n            WSADATA wsaData;\n            int wsaDataInit = 0;\n    #endif\n            int recvResult;\n            struct sockaddr_in service;\n            wchar_t *replace;\n            SOCKET connectSocket = INVALID_SOCKET;\n            size_t dataLen = wcslen(data);\n            do\n            {\n    #ifdef _WIN32\n                if (WSAStartup(MAKEWORD(2,2), &wsaData) != NO_ERROR)\n                {\n                    break;\n                }\n                wsaDataInit = 1;\n    #endif\n                connectSocket = socket(AF_INET, SOCK_STREAM, IPPROTO_TCP);\n                if (connectSocket == INVALID_SOCKET)\n                {\n                    break;\n                }\n                memset(&service, 0, sizeof(service));\n                service.sin_family = AF_INET;\n                service.sin_addr.s_addr = inet_addr(IP_ADDRESS);\n                service.sin_port = htons(TCP_PORT);\n                [Masked Space 5]\n                {\n                    if (connect(connectSocket, (struct sockaddr*)&service, sizeof(service)) == SOCKET_ERROR)\n                    {\n                        break;\n                    }\n                }\n                recvResult = recv(connectSocket, (char *)(data + dataLen), sizeof(wchar_t) * (250 - dataLen - 1), 0);\n                if (recvResult == SOCKET_ERROR || recvResult == 0)\n                {\n                    break;\n                }\n                data[dataLen + recvResult / sizeof(wchar_t)] = L'\\0';\n                replace = wcschr(data, L'\\r');\n                if (replace)\n                {\n                    *replace = L'\\0';\n                }\n                replace = wcschr(data, L'\\n');\n                if (replace)\n                {\n                    *replace = L'\\0';\n                }\n            }\n            while (0);\n            if (connectSocket != INVALID_SOCKET)\n            {\n                CLOSE_SOCKET(connectSocket);\n            }\n    #ifdef _WIN32\n            [Masked Space 6]\n            {\n                if (wsaDataInit)\n                {\n                    WSACleanup();\n                }\n            }\n    #endif\n        }\n    }\n    PUTENV(data);\n}",
        "CWE_ID": "CWE427",
        "question": "Question: Examine the following code snippet variants. Which set of ([Masked Value], [Masked Space]) will not trigger CWE427 weakness while maintaining the original functionality of the code?",
        "choices": {
            "A": "We assign \"833\" to the [Masked Value]. At Masked Space [1], we put if (StaticValue==1001). At Masked Space [2], we put if (StaticValue==821). At Masked Space [3], we put if(StaticValue==833). At Masked Space [4], we put if (StaticValue==641). At Masked Space [5], we put if(1). At Masked Space [6], we put if(StaticValue==821). ",
            "B": "None of the modifications resolve the issue without triggering CWE427.",
            "C": "We assign \"821\" to the [Masked Value]. At Masked Space [1], we put if (StaticValue==1001). At Masked Space [2], we put if (StaticValue==641). At Masked Space [3], we put if(StaticValue==833). At Masked Space [4], we put if (StaticValue==821). At Masked Space [5], we put if(1). At Masked Space [6], we put if(StaticValue==821). ",
            "D": "We assign \"821\" to the [Masked Value]. At Masked Space [1], we put if (StaticValue==1001). At Masked Space [2], we put if (StaticValue==821). At Masked Space [3], we put if(StaticValue==833). At Masked Space [4], we put if (StaticValue==641). At Masked Space [5], we put if(1). At Masked Space [6], we put if(StaticValue==821). "
        },
        "answer": "D",
        "distance": "inner_variant_0"
    },
    {
        "case_id": "CWE427_Uncontrolled_Search_Path_Element__wchar_t_connect_socket_01_bad",
        "org_code": "static int StaticValue = [Masked Value];\nvoid Sample_Func()\n{\n    if([Masked Space 1])\n    {\n        {\n            wchar_t * data;\n            wchar_t dataBuffer[250] = L\"PATH=\";\n            data = dataBuffer;\n            {\n        #ifdef _WIN32\n                WSADATA wsaData;\n                int wsaDataInit = 0;\n        #endif\n                int recvResult;\n                struct sockaddr_in service;\n                wchar_t *replace;\n                SOCKET connectSocket = INVALID_SOCKET;\n                size_t dataLen = wcslen(data);\n                do\n                {\n        #ifdef _WIN32\n                    if (WSAStartup(MAKEWORD(2,2), &wsaData) != NO_ERROR)\n                    {\n                        break;\n                    }\n                    wsaDataInit = 1;\n        #endif\n                    connectSocket = socket(AF_INET, SOCK_STREAM, IPPROTO_TCP);\n                    if (connectSocket == INVALID_SOCKET)\n                    {\n                        break;\n                    }\n                    memset(&service, 0, sizeof(service));\n                    service.sin_family = AF_INET;\n                    service.sin_addr.s_addr = inet_addr(IP_ADDRESS);\n                    service.sin_port = htons(TCP_PORT);\n                    if (connect(connectSocket, (struct sockaddr*)&service, sizeof(service)) == SOCKET_ERROR)\n                    {\n                        break;\n                    }\n                    recvResult = recv(connectSocket, (char *)(data + dataLen), sizeof(wchar_t) * (250 - dataLen - 1), 0);\n                    if (recvResult == SOCKET_ERROR || recvResult == 0)\n                    {\n                        break;\n                    }\n                    data[dataLen + recvResult / sizeof(wchar_t)] = L'\\0';\n                    replace = wcschr(data, L'\\r');\n                    if (replace)\n                    {\n                        *replace = L'\\0';\n                    }\n                    replace = wcschr(data, L'\\n');\n                    if (replace)\n                    {\n                        *replace = L'\\0';\n                    }\n                }\n                while (0);\n                if (connectSocket != INVALID_SOCKET)\n                {\n                    CLOSE_SOCKET(connectSocket);\n                }\n        #ifdef _WIN32\n                if (wsaDataInit)\n                {\n                    WSACleanup();\n                }\n        #endif\n            }\n            PUTENV(data);\n        }\n    }\n    if([Masked Space 2])\n    {\n        {\n            wchar_t * data;\n            wchar_t dataBuffer[250] = L\"PATH=\";\n            data = dataBuffer;\n            wcscat(data, NEW_PATH);\n            PUTENV(data);\n        }\n    }\n    if([Masked Space 3])\n    {\n        int socketDescriptor;\n        int connectionStatus = 0;\n        char networkBuffer[256];\n        for (socketDescriptor = 0; socketDescriptor < 5; socketDescriptor++) {\n            if (connectionStatus == 0) {\n                networkBuffer[socketDescriptor] = 'A';\n            } else {\n                networkBuffer[socketDescriptor] = '0';\n            }\n        }\n        printLine(\"Successful! Problem Resolved!\");\n    }\n    if([Masked Space 4])\n    {\n        {\n            wchar_t * data;\n            wchar_t dataBuffer[250] = L\"PATH=\";\n            data = dataBuffer;\n            wcscat(data, NEW_PATH);\n            PUTENV(data);\n        }\n    }\n}",
        "CWE_ID": "CWE427",
        "question": "Question: Examine the following code snippet variants. Which set of ([Masked Value], [Masked Space]) will not trigger CWE427 weakness while maintaining the original functionality of the code?",
        "choices": {
            "A": "None of the modifications resolve the issue without triggering CWE427.",
            "B": "We assign \"833\" to the [Masked Value]. At Masked Space [1], we put if (StaticValue==779). At Masked Space [2], we put if (StaticValue==863). At Masked Space [3], we put if(StaticValue==833). At Masked Space [4], we put if (StaticValue==821). ",
            "C": "We assign \"821\" to the [Masked Value]. At Masked Space [1], we put if (StaticValue==779). At Masked Space [2], we put if (StaticValue==863). At Masked Space [3], we put if(StaticValue==833). At Masked Space [4], we put if (StaticValue==821). ",
            "D": "We assign \"821\" to the [Masked Value]. At Masked Space [1], we put if (StaticValue==821). At Masked Space [2], we put if (StaticValue==863). At Masked Space [3], we put if(StaticValue==833). At Masked Space [4], we put if (StaticValue==779). "
        },
        "answer": "C",
        "distance": "outer"
    },
    {
        "case_id": "CWE427_Uncontrolled_Search_Path_Element__wchar_t_connect_socket_01_bad",
        "org_code": "static int StaticValue = [Masked Value];\nvoid Sample_Func()\n{\n    if([Masked Space 1])\n    {\n        int DogCat;\n        {\n            wchar_t * data;\n            wchar_t dataBuffer[250] = L\"PATH=\";\n            data = dataBuffer;\n            {\n        #ifdef _WIN32\n                WSADATA wsaData;\n                int wsaDataInit = 0;\n        #endif\n                int recvResult;\n                struct sockaddr_in service;\n                wchar_t *replace;\n                SOCKET connectSocket = INVALID_SOCKET;\n                size_t dataLen = wcslen(data);\n                do\n                {\n        #ifdef _WIN32\n                    if (WSAStartup(MAKEWORD(2,2), &wsaData) != NO_ERROR)\n                    {\n                        break;\n                    }\n                    wsaDataInit = 1;\n        #endif\n                    [Masked Space 2]\n                    {\n                        connectSocket = socket(AF_INET, SOCK_STREAM, IPPROTO_TCP);\n                    }\n                    if (connectSocket == INVALID_SOCKET)\n                    {\n                        break;\n                    }\n                    memset(&service, 0, sizeof(service));\n                    service.sin_family = AF_INET;\n                    [Masked Space 3]\n                    {\n                        service.sin_addr.s_addr = inet_addr(IP_ADDRESS);\n                    }\n                    service.sin_port = htons(TCP_PORT);\n                    if (connect(connectSocket, (struct sockaddr*)&service, sizeof(service)) == SOCKET_ERROR)\n                    {\n                        break;\n                    }\n                    recvResult = recv(connectSocket, (char *)(data + dataLen), sizeof(wchar_t) * (250 - dataLen - 1), 0);\n                    if (recvResult == SOCKET_ERROR || recvResult == 0)\n                    {\n                        break;\n                    }\n                    data[dataLen + recvResult / sizeof(wchar_t)] = L'\\0';\n                    replace = wcschr(data, L'\\r');\n                    if (replace)\n                    {\n                        *replace = L'\\0';\n                    }\n                    replace = wcschr(data, L'\\n');\n                    if (replace)\n                    {\n                        *replace = L'\\0';\n                    }\n                }\n                while (0);\n                if (connectSocket != INVALID_SOCKET)\n                {\n                    CLOSE_SOCKET(connectSocket);\n                }\n        #ifdef _WIN32\n                if (wsaDataInit)\n                {\n                    WSACleanup();\n                }\n        #endif\n            }\n            PUTENV(data);\n        }\n    }\n    if([Masked Space 4])\n    {\n        int socketDescriptor;\n        int connectionStatus = 0;\n        char networkBuffer[256];\n        for (socketDescriptor = 0; socketDescriptor < 5; socketDescriptor++) {\n            if (connectionStatus == 0) {\n                networkBuffer[socketDescriptor] = 'A';\n            } else {\n                networkBuffer[socketDescriptor] = '0';\n            }\n        }\n        printLine(\"Successful! Problem Resolved!\");\n    }\n    if([Masked Space 5])\n    {\n        {\n            wchar_t * data;\n            wchar_t dataBuffer[250] = L\"PATH=\";\n            data = dataBuffer;\n            wcscat(data, NEW_PATH);\n            PUTENV(data);\n        }\n    }\n    if([Masked Space 6])\n    {\n        {\n            wchar_t * data;\n            wchar_t dataBuffer[250] = L\"PATH=\";\n            data = dataBuffer;\n            wcscat(data, NEW_PATH);\n            PUTENV(data);\n        }\n    }\n}",
        "CWE_ID": "CWE427",
        "question": "Question: Examine the following code snippet variants. Which set of ([Masked Value], [Masked Space]) will not trigger CWE427 weakness while maintaining the original functionality of the code?",
        "choices": {
            "A": "We assign \"840\" to the [Masked Value]. At Masked Space [1], we put if (StaticValue==779). At Masked Space [2], we put if(821==821). At Masked Space [3], we put for(DogCat = 0; DogCat < 1; DogCat++). At Masked Space [4], we put if(StaticValue==840). At Masked Space [5], we put if (StaticValue==863). At Masked Space [6], we put if (StaticValue==821). ",
            "B": "We assign \"821\" to the [Masked Value]. At Masked Space [1], we put if (StaticValue==821). At Masked Space [2], we put if(821==821). At Masked Space [3], we put for(DogCat = 0; DogCat < 1; DogCat++). At Masked Space [4], we put if(StaticValue==840). At Masked Space [5], we put if (StaticValue==863). At Masked Space [6], we put if (StaticValue==779). ",
            "C": "None of the modifications resolve the issue without triggering CWE427.",
            "D": "We assign \"821\" to the [Masked Value]. At Masked Space [1], we put if (StaticValue==779). At Masked Space [2], we put if(821==821). At Masked Space [3], we put for(DogCat = 0; DogCat < 1; DogCat++). At Masked Space [4], we put if(StaticValue==840). At Masked Space [5], we put if (StaticValue==863). At Masked Space [6], we put if (StaticValue==821). "
        },
        "answer": "D",
        "distance": "outer_variant"
    }
]