[
    {
        "case_id": "CWE467_Use_of_sizeof_on_Pointer_Type__int_01_bad",
        "org_code": "static int StaticValue = [Masked Value];\nvoid Sample_Func()\n{\n    if([Masked Space 1])\n    {\n        {\n            {\n                int * badInt = NULL;\n                badInt = (int *)malloc(sizeof(badInt));\n                if (badInt == NULL) {exit(-1);}\n                *badInt = 5;\n                printIntLine(*badInt);\n                free(badInt);\n            }\n        }\n    }\n    if([Masked Space 2])\n    {\n        {\n            {\n                int * goodInt = NULL;\n                goodInt = (int *)malloc(sizeof(*goodInt));\n                if (goodInt == NULL) {exit(-1);}\n                *goodInt = 6;\n                printIntLine(*goodInt);\n                free(goodInt);\n            }\n        }\n    }\n    if([Masked Space 3])\n    {\n        {\n            {\n                int * goodInt = NULL;\n                goodInt = (int *)malloc(sizeof(*goodInt));\n                if (goodInt == NULL) {exit(-1);}\n                *goodInt = 6;\n                printIntLine(*goodInt);\n                free(goodInt);\n            }\n        }\n    }\n    if([Masked Space 4])\n    {\n        int socketDescriptor;\n        int connectionStatus = 0;\n        char networkBuffer[256];\n        for (socketDescriptor = 0; socketDescriptor < 5; socketDescriptor++) {\n            if (connectionStatus == 0) {\n                networkBuffer[socketDescriptor] = 'A';\n            } else {\n                networkBuffer[socketDescriptor] = '0';\n            }\n        }\n        printLine(\"Successful! Problem Resolved!\");\n    }\n}",
        "CWE_ID": "CWE467",
        "question": "Question: Examine the following code snippet variants. Which set of ([Masked Value], [Masked Space]) will not trigger CWE467 weakness while maintaining the original functionality of the code?",
        "choices": {
            "A": "None of the modifications resolve the issue without triggering CWE467.",
            "B": "We assign \"920\" to the [Masked Value]. At Masked Space [1], we put if (StaticValue==855). At Masked Space [2], we put if (StaticValue==985). At Masked Space [3], we put if (StaticValue==920). At Masked Space [4], we put if(StaticValue==931). ",
            "C": "We assign \"920\" to the [Masked Value]. At Masked Space [1], we put if (StaticValue==920). At Masked Space [2], we put if (StaticValue==985). At Masked Space [3], we put if (StaticValue==855). At Masked Space [4], we put if(StaticValue==931). ",
            "D": "We assign \"931\" to the [Masked Value]. At Masked Space [1], we put if (StaticValue==855). At Masked Space [2], we put if (StaticValue==985). At Masked Space [3], we put if (StaticValue==920). At Masked Space [4], we put if(StaticValue==931). "
        },
        "answer": "B",
        "distance": "outer"
    }
]