[
    {
        "case_id": "CWE404_Improper_Resource_Shutdown__w32CreateFile_close_01_bad",
        "org_code": "static int StaticValue = [Masked Value];\nvoid Sample_Func()\n{\n    if([Masked Space 1])\n    {\n        {\n            HANDLE data;\n            data = INVALID_HANDLE_VALUE;\n            data = CreateFile(\"BadSource_w32CreateFile.txt\",\n                              (GENERIC_WRITE|GENERIC_READ),\n                              0,\n                              NULL,\n                              OPEN_ALWAYS,\n                              FILE_ATTRIBUTE_NORMAL,\n                              NULL);\n            if (data != INVALID_HANDLE_VALUE)\n            {\n                _close((int)data);\n            }\n        }\n    }\n    if([Masked Space 2])\n    {\n        {\n            HANDLE data;\n            data = INVALID_HANDLE_VALUE;\n            data = CreateFile(\"BadSource_w32CreateFile.txt\",\n                              (GENERIC_WRITE|GENERIC_READ),\n                              0,\n                              NULL,\n                              OPEN_ALWAYS,\n                              FILE_ATTRIBUTE_NORMAL,\n                              NULL);\n            if (data != INVALID_HANDLE_VALUE)\n            {\n                CloseHandle(data);\n            }\n        }\n    }\n    if([Masked Space 3])\n    {\n        int socketDescriptor;\n        int connectionStatus = 0;\n        char networkBuffer[256];\n        for (socketDescriptor = 0; socketDescriptor < 5; socketDescriptor++) {\n            if (connectionStatus == 0) {\n                networkBuffer[socketDescriptor] = 'A';\n            } else {\n                networkBuffer[socketDescriptor] = '0';\n            }\n        }\n        printLine(\"Successful! Problem Resolved!\");\n    }\n    if([Masked Space 4])\n    {\n        {\n            HANDLE data;\n            data = INVALID_HANDLE_VALUE;\n            data = CreateFile(\"BadSource_w32CreateFile.txt\",\n                              (GENERIC_WRITE|GENERIC_READ),\n                              0,\n                              NULL,\n                              OPEN_ALWAYS,\n                              FILE_ATTRIBUTE_NORMAL,\n                              NULL);\n            if (data != INVALID_HANDLE_VALUE)\n            {\n                if([Masked Space 5])\n                {\n                    _close((int)data);\n                }\n                if([Masked Space 6])\n                {\n                    CloseHandle(data);\n                }\n                if([Masked Space 7])\n                {\n                    CloseHandle(data);\n                }\n            }\n        }\n    }\n}",
        "CWE_ID": "CWE404",
        "question": "Question: Examine the following code snippet variants. Which set of ([Masked Value], [Masked Space]) will not trigger CWE404 weakness while maintaining the original functionality of the code?",
        "choices": {
            "A": "None of the modifications resolve the issue without triggering CWE404.",
            "B": "We assign \"361\" to the [Masked Value]. At Masked Space [1], we put if (StaticValue==334). At Masked Space [2], we put if (StaticValue==388). At Masked Space [3], we put if(StaticValue==372). At Masked Space [4], we put if (StaticValue==361). At Masked Space [5], we put if (StaticValue==361). At Masked Space [6], we put if (StaticValue==535). At Masked Space [7], we put if (StaticValue==187). ",
            "C": "We assign \"361\" to the [Masked Value]. At Masked Space [1], we put if (StaticValue==334). At Masked Space [2], we put if (StaticValue==388). At Masked Space [3], we put if(StaticValue==372). At Masked Space [4], we put if (StaticValue==361). At Masked Space [5], we put if (StaticValue==187). At Masked Space [6], we put if (StaticValue==535). At Masked Space [7], we put if (StaticValue==361). ",
            "D": "We assign \"372\" to the [Masked Value]. At Masked Space [1], we put if (StaticValue==334). At Masked Space [2], we put if (StaticValue==388). At Masked Space [3], we put if(StaticValue==372). At Masked Space [4], we put if (StaticValue==361). At Masked Space [5], we put if (StaticValue==187). At Masked Space [6], we put if (StaticValue==535). At Masked Space [7], we put if (StaticValue==361). "
        },
        "answer": "C",
        "distance": "inner_outer_0"
    },
    {
        "case_id": "CWE404_Improper_Resource_Shutdown__w32CreateFile_close_01_bad",
        "org_code": "static int StaticValue = [Masked Value];\nvoid Sample_Func()\n{\n    if([Masked Space 1])\n    {\n        {\n            HANDLE data;\n            data = INVALID_HANDLE_VALUE;\n            data = CreateFile(\"BadSource_w32CreateFile.txt\",\n                              (GENERIC_WRITE|GENERIC_READ),\n                              0,\n                              NULL,\n                              OPEN_ALWAYS,\n                              FILE_ATTRIBUTE_NORMAL,\n                              NULL);\n            if (data != INVALID_HANDLE_VALUE)\n            {\n                _close((int)data);\n            }\n        }\n    }\n    if([Masked Space 2])\n    {\n        int socketDescriptor;\n        int connectionStatus = 0;\n        char networkBuffer[256];\n        for (socketDescriptor = 0; socketDescriptor < 5; socketDescriptor++) {\n            if (connectionStatus == 0) {\n                networkBuffer[socketDescriptor] = 'A';\n            } else {\n                networkBuffer[socketDescriptor] = '0';\n            }\n        }\n        printLine(\"Successful! Problem Resolved!\");\n    }\n    if([Masked Space 3])\n    {\n        {\n            HANDLE data;\n            data = INVALID_HANDLE_VALUE;\n            data = CreateFile(\"BadSource_w32CreateFile.txt\",\n                              (GENERIC_WRITE|GENERIC_READ),\n                              0,\n                              NULL,\n                              OPEN_ALWAYS,\n                              FILE_ATTRIBUTE_NORMAL,\n                              NULL);\n            if (data != INVALID_HANDLE_VALUE)\n            {\n                CloseHandle(data);\n            }\n        }\n    }\n    if([Masked Space 4])\n    {\n        int DogCat;\n        {\n            HANDLE data;\n            data = INVALID_HANDLE_VALUE;\n            data = CreateFile(\"BadSource_w32CreateFile.txt\",\n                              (GENERIC_WRITE|GENERIC_READ),\n                              0,\n                              NULL,\n                              OPEN_ALWAYS,\n                              FILE_ATTRIBUTE_NORMAL,\n                              NULL);\n            if (data != INVALID_HANDLE_VALUE)\n            {\n                [Masked Space 5]\n                {\n                    if([Masked Space 6])\n                    {\n                        _close((int)data);\n                    }\n                }\n                if([Masked Space 7])\n                {\n                    CloseHandle(data);\n                }\n                [Masked Space 8]\n                {\n                    if([Masked Space 9])\n                    {\n                        CloseHandle(data);\n                    }\n                }\n            }\n        }\n    }\n}",
        "CWE_ID": "CWE404",
        "question": "Question: Examine the following code snippet variants. Which set of ([Masked Value], [Masked Space]) will not trigger CWE404 weakness while maintaining the original functionality of the code?",
        "choices": {
            "A": "None of the modifications resolve the issue without triggering CWE404.",
            "B": "We assign \"361\" to the [Masked Value]. At Masked Space [1], we put if (StaticValue==334). At Masked Space [2], we put if(StaticValue==380). At Masked Space [3], we put if (StaticValue==388). At Masked Space [4], we put if (StaticValue==361). At Masked Space [5], we put for(DogCat = 0; DogCat < 1; DogCat++). At Masked Space [6], we put if (StaticValue==361). At Masked Space [7], we put if (StaticValue==535). At Masked Space [8], we put if(361==361). At Masked Space [9], we put if (StaticValue==187). ",
            "C": "We assign \"361\" to the [Masked Value]. At Masked Space [1], we put if (StaticValue==334). At Masked Space [2], we put if(StaticValue==380). At Masked Space [3], we put if (StaticValue==388). At Masked Space [4], we put if (StaticValue==361). At Masked Space [5], we put for(DogCat = 0; DogCat < 1; DogCat++). At Masked Space [6], we put if (StaticValue==187). At Masked Space [7], we put if (StaticValue==535). At Masked Space [8], we put if(361==361). At Masked Space [9], we put if (StaticValue==361). ",
            "D": "We assign \"380\" to the [Masked Value]. At Masked Space [1], we put if (StaticValue==334). At Masked Space [2], we put if(StaticValue==380). At Masked Space [3], we put if (StaticValue==388). At Masked Space [4], we put if (StaticValue==361). At Masked Space [5], we put for(DogCat = 0; DogCat < 1; DogCat++). At Masked Space [6], we put if (StaticValue==187). At Masked Space [7], we put if (StaticValue==535). At Masked Space [8], we put if(361==361). At Masked Space [9], we put if (StaticValue==361). "
        },
        "answer": "C",
        "distance": "inner_outer_variant_0"
    },
    {
        "case_id": "CWE404_Improper_Resource_Shutdown__w32CreateFile_close_01_bad",
        "org_code": "static int StaticValue = [Masked Value];\nvoid Sample_Func()\n{\n    if([Masked Space 1])\n    {\n        {\n            HANDLE data;\n            data = INVALID_HANDLE_VALUE;\n            data = CreateFile(\"BadSource_w32CreateFile.txt\",\n                              (GENERIC_WRITE|GENERIC_READ),\n                              0,\n                              NULL,\n                              OPEN_ALWAYS,\n                              FILE_ATTRIBUTE_NORMAL,\n                              NULL);\n            if (data != INVALID_HANDLE_VALUE)\n            {\n                _close((int)data);\n            }\n        }\n    }\n    if([Masked Space 2])\n    {\n        {\n            HANDLE data;\n            data = INVALID_HANDLE_VALUE;\n            data = CreateFile(\"BadSource_w32CreateFile.txt\",\n                              (GENERIC_WRITE|GENERIC_READ),\n                              0,\n                              NULL,\n                              OPEN_ALWAYS,\n                              FILE_ATTRIBUTE_NORMAL,\n                              NULL);\n            if (data != INVALID_HANDLE_VALUE)\n            {\n                CloseHandle(data);\n            }\n        }\n    }\n    if([Masked Space 3])\n    {\n        int socketDescriptor;\n        int connectionStatus = 0;\n        char networkBuffer[256];\n        for (socketDescriptor = 0; socketDescriptor < 5; socketDescriptor++) {\n            if (connectionStatus == 0) {\n                networkBuffer[socketDescriptor] = 'A';\n            } else {\n                networkBuffer[socketDescriptor] = '0';\n            }\n        }\n        printLine(\"Successful! Problem Resolved!\");\n    }\n    if([Masked Space 4])\n    {\n        {\n            HANDLE data;\n            data = INVALID_HANDLE_VALUE;\n            data = CreateFile(\"BadSource_w32CreateFile.txt\",\n                              (GENERIC_WRITE|GENERIC_READ),\n                              0,\n                              NULL,\n                              OPEN_ALWAYS,\n                              FILE_ATTRIBUTE_NORMAL,\n                              NULL);\n            if (data != INVALID_HANDLE_VALUE)\n            {\n                CloseHandle(data);\n            }\n        }\n    }\n}",
        "CWE_ID": "CWE404",
        "question": "Question: Examine the following code snippet variants. Which set of ([Masked Value], [Masked Space]) will not trigger CWE404 weakness while maintaining the original functionality of the code?",
        "choices": {
            "A": "None of the modifications resolve the issue without triggering CWE404.",
            "B": "We assign \"361\" to the [Masked Value]. At Masked Space [1], we put if (StaticValue==361). At Masked Space [2], we put if (StaticValue==388). At Masked Space [3], we put if(StaticValue==381). At Masked Space [4], we put if (StaticValue==334). ",
            "C": "We assign \"361\" to the [Masked Value]. At Masked Space [1], we put if (StaticValue==334). At Masked Space [2], we put if (StaticValue==388). At Masked Space [3], we put if(StaticValue==381). At Masked Space [4], we put if (StaticValue==361). ",
            "D": "We assign \"381\" to the [Masked Value]. At Masked Space [1], we put if (StaticValue==334). At Masked Space [2], we put if (StaticValue==388). At Masked Space [3], we put if(StaticValue==381). At Masked Space [4], we put if (StaticValue==361). "
        },
        "answer": "C",
        "distance": "outer"
    }
]