[
    {
        "case_id": "CWE476_NULL_Pointer_Dereference__deref_after_check_01_bad",
        "org_code": "static int StaticValue = [Masked Value];\nvoid Sample_Func()\n{\n    if([Masked Space 1])\n    {\n        {\n            {\n                int *intPointer = NULL;\n                if (intPointer == NULL)\n                {\n                    printIntLine(*intPointer);\n                }\n            }\n        }\n    }\n    if([Masked Space 2])\n    {\n        {\n            {\n                int *intPointer = NULL;\n                if (intPointer == NULL)\n                {\n                    printLine(\"pointer is NULL\");\n                }\n            }\n        }\n    }\n    if([Masked Space 3])\n    {\n        int socketDescriptor;\n        int connectionStatus = 0;\n        char networkBuffer[256];\n        for (socketDescriptor = 0; socketDescriptor < 5; socketDescriptor++) {\n            if (connectionStatus == 0) {\n                networkBuffer[socketDescriptor] = 'A';\n            } else {\n                networkBuffer[socketDescriptor] = '0';\n            }\n        }\n        printLine(\"Successful! Problem Resolved!\");\n    }\n    if([Masked Space 4])\n    {\n        {\n            {\n                int *intPointer = NULL;\n                if (intPointer == NULL)\n                {\n                    if([Masked Space 5])\n                    {\n                        printIntLine(*intPointer);\n                    }\n                    if([Masked Space 6])\n                    {\n                        printLine(\"pointer is NULL\");\n                    }\n                    if([Masked Space 7])\n                    {\n                        printLine(\"pointer is NULL\");\n                    }\n                }\n            }\n        }\n    }\n}",
        "CWE_ID": "CWE476",
        "question": "Question: Examine the following code snippet variants. Which set of ([Masked Value], [Masked Space]) will not trigger CWE476 weakness while maintaining the original functionality of the code?",
        "choices": {
            "A": "We assign \"572\" to the [Masked Value]. At Masked Space [1], we put if (StaticValue==477). At Masked Space [2], we put if (StaticValue==627). At Masked Space [3], we put if(StaticValue==572). At Masked Space [4], we put if (StaticValue==552). At Masked Space [5], we put if (StaticValue==381). At Masked Space [6], we put if (StaticValue==723). At Masked Space [7], we put if (StaticValue==552). ",
            "B": "We assign \"552\" to the [Masked Value]. At Masked Space [1], we put if (StaticValue==477). At Masked Space [2], we put if (StaticValue==627). At Masked Space [3], we put if(StaticValue==572). At Masked Space [4], we put if (StaticValue==552). At Masked Space [5], we put if (StaticValue==381). At Masked Space [6], we put if (StaticValue==723). At Masked Space [7], we put if (StaticValue==552). ",
            "C": "None of the modifications resolve the issue without triggering CWE476.",
            "D": "We assign \"552\" to the [Masked Value]. At Masked Space [1], we put if (StaticValue==477). At Masked Space [2], we put if (StaticValue==627). At Masked Space [3], we put if(StaticValue==572). At Masked Space [4], we put if (StaticValue==552). At Masked Space [5], we put if (StaticValue==552). At Masked Space [6], we put if (StaticValue==723). At Masked Space [7], we put if (StaticValue==381). "
        },
        "answer": "B",
        "distance": "inner_outer_0"
    },
    {
        "case_id": "CWE476_NULL_Pointer_Dereference__deref_after_check_01_bad",
        "org_code": "static int StaticValue = [Masked Value];\nvoid Sample_Func()\n{\n    if([Masked Space 1])\n    {\n        {\n            {\n                int *intPointer = NULL;\n                if (intPointer == NULL)\n                {\n                    printIntLine(*intPointer);\n                }\n            }\n        }\n    }\n    if([Masked Space 2])\n    {\n        int socketDescriptor;\n        int connectionStatus = 0;\n        char networkBuffer[256];\n        for (socketDescriptor = 0; socketDescriptor < 5; socketDescriptor++) {\n            if (connectionStatus == 0) {\n                networkBuffer[socketDescriptor] = 'A';\n            } else {\n                networkBuffer[socketDescriptor] = '0';\n            }\n        }\n        printLine(\"Successful! Problem Resolved!\");\n    }\n    if([Masked Space 3])\n    {\n        {\n            {\n                int *intPointer = NULL;\n                if (intPointer == NULL)\n                {\n                    printLine(\"pointer is NULL\");\n                }\n            }\n        }\n    }\n    if([Masked Space 4])\n    {\n        {\n            {\n                int *intPointer = NULL;\n                if (intPointer == NULL)\n                {\n                    if([Masked Space 5])\n                    {\n                        printIntLine(*intPointer);\n                    }\n                    [Masked Space 6]\n                    {\n                        if([Masked Space 7])\n                        {\n                            printLine(\"pointer is NULL\");\n                        }\n                    }\n                    [Masked Space 8]\n                    {\n                        if([Masked Space 9])\n                        {\n                            printLine(\"pointer is NULL\");\n                        }\n                    }\n                }\n            }\n        }\n    }\n}",
        "CWE_ID": "CWE476",
        "question": "Question: Examine the following code snippet variants. Which set of ([Masked Value], [Masked Space]) will not trigger CWE476 weakness while maintaining the original functionality of the code?",
        "choices": {
            "A": "We assign \"552\" to the [Masked Value]. At Masked Space [1], we put if (StaticValue==477). At Masked Space [2], we put if(StaticValue==572). At Masked Space [3], we put if (StaticValue==627). At Masked Space [4], we put if (StaticValue==552). At Masked Space [5], we put if (StaticValue==552). At Masked Space [6], we put if(1). At Masked Space [7], we put if (StaticValue==723). At Masked Space [8], we put if(552==552). At Masked Space [9], we put if (StaticValue==552). ",
            "B": "We assign \"552\" to the [Masked Value]. At Masked Space [1], we put if (StaticValue==477). At Masked Space [2], we put if(StaticValue==572). At Masked Space [3], we put if (StaticValue==627). At Masked Space [4], we put if (StaticValue==552). At Masked Space [5], we put if (StaticValue==381). At Masked Space [6], we put if(1). At Masked Space [7], we put if (StaticValue==723). At Masked Space [8], we put if(552==552). At Masked Space [9], we put if (StaticValue==552). ",
            "C": "We assign \"572\" to the [Masked Value]. At Masked Space [1], we put if (StaticValue==477). At Masked Space [2], we put if(StaticValue==572). At Masked Space [3], we put if (StaticValue==627). At Masked Space [4], we put if (StaticValue==552). At Masked Space [5], we put if (StaticValue==381). At Masked Space [6], we put if(1). At Masked Space [7], we put if (StaticValue==723). At Masked Space [8], we put if(552==552). At Masked Space [9], we put if (StaticValue==552). ",
            "D": "None of the modifications resolve the issue without triggering CWE476."
        },
        "answer": "B",
        "distance": "inner_outer_variant_0"
    },
    {
        "case_id": "CWE476_NULL_Pointer_Dereference__deref_after_check_01_bad",
        "org_code": "static int StaticValue = [Masked Value];\nvoid Sample_Func()\n{\n    if([Masked Space 1])\n    {\n        {\n            {\n                int *intPointer = NULL;\n                if (intPointer == NULL)\n                {\n                    printIntLine(*intPointer);\n                }\n            }\n        }\n    }\n    if([Masked Space 2])\n    {\n        {\n            {\n                int *intPointer = NULL;\n                if (intPointer == NULL)\n                {\n                    printLine(\"pointer is NULL\");\n                }\n            }\n        }\n    }\n    if([Masked Space 3])\n    {\n        int socketDescriptor;\n        int connectionStatus = 0;\n        char networkBuffer[256];\n        for (socketDescriptor = 0; socketDescriptor < 5; socketDescriptor++) {\n            if (connectionStatus == 0) {\n                networkBuffer[socketDescriptor] = 'A';\n            } else {\n                networkBuffer[socketDescriptor] = '0';\n            }\n        }\n        printLine(\"Successful! Problem Resolved!\");\n    }\n    if([Masked Space 4])\n    {\n        {\n            {\n                int *intPointer = NULL;\n                if (intPointer == NULL)\n                {\n                    printLine(\"pointer is NULL\");\n                }\n            }\n        }\n    }\n}",
        "CWE_ID": "CWE476",
        "question": "Question: Examine the following code snippet variants. Which set of ([Masked Value], [Masked Space]) will not trigger CWE476 weakness while maintaining the original functionality of the code?",
        "choices": {
            "A": "We assign \"552\" to the [Masked Value]. At Masked Space [1], we put if (StaticValue==477). At Masked Space [2], we put if (StaticValue==627). At Masked Space [3], we put if(StaticValue==571). At Masked Space [4], we put if (StaticValue==552). ",
            "B": "We assign \"552\" to the [Masked Value]. At Masked Space [1], we put if (StaticValue==552). At Masked Space [2], we put if (StaticValue==627). At Masked Space [3], we put if(StaticValue==571). At Masked Space [4], we put if (StaticValue==477). ",
            "C": "We assign \"571\" to the [Masked Value]. At Masked Space [1], we put if (StaticValue==477). At Masked Space [2], we put if (StaticValue==627). At Masked Space [3], we put if(StaticValue==571). At Masked Space [4], we put if (StaticValue==552). ",
            "D": "None of the modifications resolve the issue without triggering CWE476."
        },
        "answer": "A",
        "distance": "outer"
    }
]