[
    {
        "case_id": "CWE114_Process_Control__w32_wchar_t_listen_socket_01_bad",
        "org_code": "static int StaticValue = [Masked Value];\nvoid Sample_Func()\n{\n    wchar_t * data;\n    wchar_t dataBuffer[100] = L\"\";\n    data = dataBuffer;\n    if([Masked Space 1])\n    {\n        wcscpy(data, L\"C:\\\\Windows\\\\System32\\\\winsrv.dll\");\n    }\n    if([Masked Space 2])\n    {\n        wcscpy(data, L\"C:\\\\Windows\\\\System32\\\\winsrv.dll\");\n    }\n    if([Masked Space 3])\n    {\n        int socketDescriptor;\n        int connectionStatus = 0;\n        char networkBuffer[256];\n        for (socketDescriptor = 0; socketDescriptor < 5; socketDescriptor++) {\n            if (connectionStatus == 0) {\n                networkBuffer[socketDescriptor] = 'A';\n            } else {\n                networkBuffer[socketDescriptor] = '0';\n            }\n        }\n        printLine(\"Successful! Problem Resolved!\");\n    }\n    if([Masked Space 4])\n    {\n        {\n    #ifdef _WIN32\n            WSADATA wsaData;\n            int wsaDataInit = 0;\n    #endif\n            int recvResult;\n            struct sockaddr_in service;\n            wchar_t *replace;\n            SOCKET listenSocket = INVALID_SOCKET;\n            SOCKET acceptSocket = INVALID_SOCKET;\n            size_t dataLen = wcslen(data);\n            do\n            {\n    #ifdef _WIN32\n                if (WSAStartup(MAKEWORD(2,2), &wsaData) != NO_ERROR)\n                {\n                    break;\n                }\n                wsaDataInit = 1;\n    #endif\n                listenSocket = socket(AF_INET, SOCK_STREAM, IPPROTO_TCP);\n                if (listenSocket == INVALID_SOCKET)\n                {\n                    break;\n                }\n                memset(&service, 0, sizeof(service));\n                service.sin_family = AF_INET;\n                service.sin_addr.s_addr = INADDR_ANY;\n                service.sin_port = htons(TCP_PORT);\n                if (bind(listenSocket, (struct sockaddr*)&service, sizeof(service)) == SOCKET_ERROR)\n                {\n                    break;\n                }\n                if (listen(listenSocket, LISTEN_BACKLOG) == SOCKET_ERROR)\n                {\n                    break;\n                }\n                acceptSocket = accept(listenSocket, NULL, NULL);\n                if (acceptSocket == SOCKET_ERROR)\n                {\n                    break;\n                }\n                recvResult = recv(acceptSocket, (char *)(data + dataLen), sizeof(wchar_t) * (100 - dataLen - 1), 0);\n                if (recvResult == SOCKET_ERROR || recvResult == 0)\n                {\n                    break;\n                }\n                data[dataLen + recvResult / sizeof(wchar_t)] = L'\\0';\n                replace = wcschr(data, L'\\r');\n                if (replace)\n                {\n                    *replace = L'\\0';\n                }\n                replace = wcschr(data, L'\\n');\n                if (replace)\n                {\n                    *replace = L'\\0';\n                }\n            }\n            while (0);\n            if (listenSocket != INVALID_SOCKET)\n            {\n                CLOSE_SOCKET(listenSocket);\n            }\n            if (acceptSocket != INVALID_SOCKET)\n            {\n                CLOSE_SOCKET(acceptSocket);\n            }\n    #ifdef _WIN32\n            if (wsaDataInit)\n            {\n                WSACleanup();\n            }\n    #endif\n        }\n    }\n    {\n        HMODULE hModule;\n        hModule = LoadLibraryW(data);\n        if (hModule != NULL)\n        {\n            FreeLibrary(hModule);\n            printLine(\"Library loaded and freed successfully\");\n        }\n        else\n        {\n            printLine(\"Unable to load library\");\n        }\n    }\n}",
        "CWE_ID": "CWE114",
        "question": "Question: Examine the following code snippet variants. Which set of ([Masked Value], [Masked Space]) will not trigger CWE114 weakness while maintaining the original functionality of the code?",
        "choices": {
            "A": "We assign \"835\" to the [Masked Value]. At Masked Space [1], we put if (StaticValue==1016). At Masked Space [2], we put if (StaticValue==654). At Masked Space [3], we put if(StaticValue==855). At Masked Space [4], we put if (StaticValue==835). ",
            "B": "We assign \"835\" to the [Masked Value]. At Masked Space [1], we put if (StaticValue==1016). At Masked Space [2], we put if (StaticValue==835). At Masked Space [3], we put if(StaticValue==855). At Masked Space [4], we put if (StaticValue==654). ",
            "C": "None of the modifications resolve the issue without triggering CWE114.",
            "D": "We assign \"855\" to the [Masked Value]. At Masked Space [1], we put if (StaticValue==1016). At Masked Space [2], we put if (StaticValue==835). At Masked Space [3], we put if(StaticValue==855). At Masked Space [4], we put if (StaticValue==654). "
        },
        "answer": "B",
        "distance": "inner_0"
    },
    {
        "case_id": "CWE114_Process_Control__w32_wchar_t_listen_socket_01_bad",
        "org_code": "static int StaticValue = [Masked Value];\nvoid Sample_Func()\n{\n    if([Masked Space 1])\n    {\n        {\n            wchar_t * data;\n            wchar_t dataBuffer[100] = L\"\";\n            data = dataBuffer;\n            {\n        #ifdef _WIN32\n                WSADATA wsaData;\n                int wsaDataInit = 0;\n        #endif\n                int recvResult;\n                struct sockaddr_in service;\n                wchar_t *replace;\n                SOCKET listenSocket = INVALID_SOCKET;\n                SOCKET acceptSocket = INVALID_SOCKET;\n                size_t dataLen = wcslen(data);\n                do\n                {\n        #ifdef _WIN32\n                    if (WSAStartup(MAKEWORD(2,2), &wsaData) != NO_ERROR)\n                    {\n                        break;\n                    }\n                    wsaDataInit = 1;\n        #endif\n                    listenSocket = socket(AF_INET, SOCK_STREAM, IPPROTO_TCP);\n                    if (listenSocket == INVALID_SOCKET)\n                    {\n                        break;\n                    }\n                    memset(&service, 0, sizeof(service));\n                    service.sin_family = AF_INET;\n                    service.sin_addr.s_addr = INADDR_ANY;\n                    service.sin_port = htons(TCP_PORT);\n                    if (bind(listenSocket, (struct sockaddr*)&service, sizeof(service)) == SOCKET_ERROR)\n                    {\n                        break;\n                    }\n                    if (listen(listenSocket, LISTEN_BACKLOG) == SOCKET_ERROR)\n                    {\n                        break;\n                    }\n                    acceptSocket = accept(listenSocket, NULL, NULL);\n                    if (acceptSocket == SOCKET_ERROR)\n                    {\n                        break;\n                    }\n                    recvResult = recv(acceptSocket, (char *)(data + dataLen), sizeof(wchar_t) * (100 - dataLen - 1), 0);\n                    if (recvResult == SOCKET_ERROR || recvResult == 0)\n                    {\n                        break;\n                    }\n                    data[dataLen + recvResult / sizeof(wchar_t)] = L'\\0';\n                    replace = wcschr(data, L'\\r');\n                    if (replace)\n                    {\n                        *replace = L'\\0';\n                    }\n                    replace = wcschr(data, L'\\n');\n                    if (replace)\n                    {\n                        *replace = L'\\0';\n                    }\n                }\n                while (0);\n                if (listenSocket != INVALID_SOCKET)\n                {\n                    CLOSE_SOCKET(listenSocket);\n                }\n                if (acceptSocket != INVALID_SOCKET)\n                {\n                    CLOSE_SOCKET(acceptSocket);\n                }\n        #ifdef _WIN32\n                if (wsaDataInit)\n                {\n                    WSACleanup();\n                }\n        #endif\n            }\n            {\n                HMODULE hModule;\n                hModule = LoadLibraryW(data);\n                if (hModule != NULL)\n                {\n                    FreeLibrary(hModule);\n                    printLine(\"Library loaded and freed successfully\");\n                }\n                else\n                {\n                    printLine(\"Unable to load library\");\n                }\n            }\n        }\n    }\n    if([Masked Space 2])\n    {\n        {\n            wchar_t * data;\n            wchar_t dataBuffer[100] = L\"\";\n            data = dataBuffer;\n            wcscpy(data, L\"C:\\\\Windows\\\\System32\\\\winsrv.dll\");\n            {\n                HMODULE hModule;\n                hModule = LoadLibraryW(data);\n                if (hModule != NULL)\n                {\n                    FreeLibrary(hModule);\n                    printLine(\"Library loaded and freed successfully\");\n                }\n                else\n                {\n                    printLine(\"Unable to load library\");\n                }\n            }\n        }\n    }\n    if([Masked Space 3])\n    {\n        {\n            wchar_t * data;\n            wchar_t dataBuffer[100] = L\"\";\n            data = dataBuffer;\n            if([Masked Space 4])\n            {\n                wcscpy(data, L\"C:\\\\Windows\\\\System32\\\\winsrv.dll\");\n            }\n            if([Masked Space 5])\n            {\n                wcscpy(data, L\"C:\\\\Windows\\\\System32\\\\winsrv.dll\");\n            }\n            if([Masked Space 6])\n            {\n                {\n            #ifdef _WIN32\n                    WSADATA wsaData;\n                    int wsaDataInit = 0;\n            #endif\n                    int recvResult;\n                    struct sockaddr_in service;\n                    wchar_t *replace;\n                    SOCKET listenSocket = INVALID_SOCKET;\n                    SOCKET acceptSocket = INVALID_SOCKET;\n                    size_t dataLen = wcslen(data);\n                    do\n                    {\n            #ifdef _WIN32\n                        if (WSAStartup(MAKEWORD(2,2), &wsaData) != NO_ERROR)\n                        {\n                            break;\n                        }\n                        wsaDataInit = 1;\n            #endif\n                        listenSocket = socket(AF_INET, SOCK_STREAM, IPPROTO_TCP);\n                        if (listenSocket == INVALID_SOCKET)\n                        {\n                            break;\n                        }\n                        memset(&service, 0, sizeof(service));\n                        service.sin_family = AF_INET;\n                        service.sin_addr.s_addr = INADDR_ANY;\n                        service.sin_port = htons(TCP_PORT);\n                        if (bind(listenSocket, (struct sockaddr*)&service, sizeof(service)) == SOCKET_ERROR)\n                        {\n                            break;\n                        }\n                        if (listen(listenSocket, LISTEN_BACKLOG) == SOCKET_ERROR)\n                        {\n                            break;\n                        }\n                        acceptSocket = accept(listenSocket, NULL, NULL);\n                        if (acceptSocket == SOCKET_ERROR)\n                        {\n                            break;\n                        }\n                        recvResult = recv(acceptSocket, (char *)(data + dataLen), sizeof(wchar_t) * (100 - dataLen - 1), 0);\n                        if (recvResult == SOCKET_ERROR || recvResult == 0)\n                        {\n                            break;\n                        }\n                        data[dataLen + recvResult / sizeof(wchar_t)] = L'\\0';\n                        replace = wcschr(data, L'\\r');\n                        if (replace)\n                        {\n                            *replace = L'\\0';\n                        }\n                        replace = wcschr(data, L'\\n');\n                        if (replace)\n                        {\n                            *replace = L'\\0';\n                        }\n                    }\n                    while (0);\n                    if (listenSocket != INVALID_SOCKET)\n                    {\n                        CLOSE_SOCKET(listenSocket);\n                    }\n                    if (acceptSocket != INVALID_SOCKET)\n                    {\n                        CLOSE_SOCKET(acceptSocket);\n                    }\n            #ifdef _WIN32\n                    if (wsaDataInit)\n                    {\n                        WSACleanup();\n                    }\n            #endif\n                }\n            }\n            {\n                HMODULE hModule;\n                hModule = LoadLibraryW(data);\n                if (hModule != NULL)\n                {\n                    FreeLibrary(hModule);\n                    printLine(\"Library loaded and freed successfully\");\n                }\n                else\n                {\n                    printLine(\"Unable to load library\");\n                }\n            }\n        }\n    }\n    if([Masked Space 7])\n    {\n        int socketDescriptor;\n        int connectionStatus = 0;\n        char networkBuffer[256];\n        for (socketDescriptor = 0; socketDescriptor < 5; socketDescriptor++) {\n            if (connectionStatus == 0) {\n                networkBuffer[socketDescriptor] = 'A';\n            } else {\n                networkBuffer[socketDescriptor] = '0';\n            }\n        }\n        printLine(\"Successful! Problem Resolved!\");\n    }\n}",
        "CWE_ID": "CWE114",
        "question": "Question: Examine the following code snippet variants. Which set of ([Masked Value], [Masked Space]) will not trigger CWE114 weakness while maintaining the original functionality of the code?",
        "choices": {
            "A": "None of the modifications resolve the issue without triggering CWE114.",
            "B": "We assign \"835\" to the [Masked Value]. At Masked Space [1], we put if (StaticValue==774). At Masked Space [2], we put if (StaticValue==896). At Masked Space [3], we put if (StaticValue==835). At Masked Space [4], we put if (StaticValue==1016). At Masked Space [5], we put if (StaticValue==835). At Masked Space [6], we put if (StaticValue==654). At Masked Space [7], we put if(StaticValue==847). ",
            "C": "We assign \"847\" to the [Masked Value]. At Masked Space [1], we put if (StaticValue==774). At Masked Space [2], we put if (StaticValue==896). At Masked Space [3], we put if (StaticValue==835). At Masked Space [4], we put if (StaticValue==1016). At Masked Space [5], we put if (StaticValue==835). At Masked Space [6], we put if (StaticValue==654). At Masked Space [7], we put if(StaticValue==847). ",
            "D": "We assign \"835\" to the [Masked Value]. At Masked Space [1], we put if (StaticValue==774). At Masked Space [2], we put if (StaticValue==896). At Masked Space [3], we put if (StaticValue==835). At Masked Space [4], we put if (StaticValue==1016). At Masked Space [5], we put if (StaticValue==654). At Masked Space [6], we put if (StaticValue==835). At Masked Space [7], we put if(StaticValue==847). "
        },
        "answer": "B",
        "distance": "inner_outer_0"
    },
    {
        "case_id": "CWE114_Process_Control__w32_wchar_t_listen_socket_01_bad",
        "org_code": "static int StaticValue = [Masked Value];\nvoid Sample_Func()\n{\n    if([Masked Space 1])\n    {\n        {\n            wchar_t * data;\n            wchar_t dataBuffer[100] = L\"\";\n            data = dataBuffer;\n            {\n        #ifdef _WIN32\n                WSADATA wsaData;\n                int wsaDataInit = 0;\n        #endif\n                int recvResult;\n                struct sockaddr_in service;\n                wchar_t *replace;\n                SOCKET listenSocket = INVALID_SOCKET;\n                SOCKET acceptSocket = INVALID_SOCKET;\n                size_t dataLen = wcslen(data);\n                do\n                {\n        #ifdef _WIN32\n                    if (WSAStartup(MAKEWORD(2,2), &wsaData) != NO_ERROR)\n                    {\n                        break;\n                    }\n                    wsaDataInit = 1;\n        #endif\n                    listenSocket = socket(AF_INET, SOCK_STREAM, IPPROTO_TCP);\n                    if (listenSocket == INVALID_SOCKET)\n                    {\n                        break;\n                    }\n                    memset(&service, 0, sizeof(service));\n                    service.sin_family = AF_INET;\n                    service.sin_addr.s_addr = INADDR_ANY;\n                    [Masked Space 2]\n                    {\n                        service.sin_port = htons(TCP_PORT);\n                    }\n                    [Masked Space 3]\n                    {\n                        if (bind(listenSocket, (struct sockaddr*)&service, sizeof(service)) == SOCKET_ERROR)\n                        {\n                            break;\n                        }\n                    }\n                    if (listen(listenSocket, LISTEN_BACKLOG) == SOCKET_ERROR)\n                    {\n                        break;\n                    }\n                    acceptSocket = accept(listenSocket, NULL, NULL);\n                    if (acceptSocket == SOCKET_ERROR)\n                    {\n                        break;\n                    }\n                    recvResult = recv(acceptSocket, (char *)(data + dataLen), sizeof(wchar_t) * (100 - dataLen - 1), 0);\n                    if (recvResult == SOCKET_ERROR || recvResult == 0)\n                    {\n                        break;\n                    }\n                    data[dataLen + recvResult / sizeof(wchar_t)] = L'\\0';\n                    replace = wcschr(data, L'\\r');\n                    if (replace)\n                    {\n                        *replace = L'\\0';\n                    }\n                    replace = wcschr(data, L'\\n');\n                    if (replace)\n                    {\n                        *replace = L'\\0';\n                    }\n                }\n                while (0);\n                if (listenSocket != INVALID_SOCKET)\n                {\n                    CLOSE_SOCKET(listenSocket);\n                }\n                if (acceptSocket != INVALID_SOCKET)\n                {\n                    CLOSE_SOCKET(acceptSocket);\n                }\n        #ifdef _WIN32\n                if (wsaDataInit)\n                {\n                    WSACleanup();\n                }\n        #endif\n            }\n            {\n                HMODULE hModule;\n                hModule = LoadLibraryW(data);\n                if (hModule != NULL)\n                {\n                    FreeLibrary(hModule);\n                    printLine(\"Library loaded and freed successfully\");\n                }\n                else\n                {\n                    printLine(\"Unable to load library\");\n                }\n            }\n        }\n    }\n    if([Masked Space 4])\n    {\n        int socketDescriptor;\n        int connectionStatus = 0;\n        char networkBuffer[256];\n        for (socketDescriptor = 0; socketDescriptor < 5; socketDescriptor++) {\n            if (connectionStatus == 0) {\n                networkBuffer[socketDescriptor] = 'A';\n            } else {\n                networkBuffer[socketDescriptor] = '0';\n            }\n        }\n        printLine(\"Successful! Problem Resolved!\");\n    }\n    if([Masked Space 5])\n    {\n        int DogCat;\n        {\n            wchar_t * data;\n            wchar_t dataBuffer[100] = L\"\";\n            data = dataBuffer;\n            wcscpy(data, L\"C:\\\\Windows\\\\System32\\\\winsrv.dll\");\n            {\n                HMODULE hModule;\n                [Masked Space 6]\n                {\n                    hModule = LoadLibraryW(data);\n                }\n                if (hModule != NULL)\n                {\n                    FreeLibrary(hModule);\n                    printLine(\"Library loaded and freed successfully\");\n                }\n                else\n                {\n                    [Masked Space 7]\n                    {\n                        printLine(\"Unable to load library\");\n                    }\n                }\n            }\n        }\n    }\n    if([Masked Space 8])\n    {\n        {\n            wchar_t * data;\n            wchar_t dataBuffer[100] = L\"\";\n            data = dataBuffer;\n            if([Masked Space 9])\n            {\n                wcscpy(data, L\"C:\\\\Windows\\\\System32\\\\winsrv.dll\");\n            }\n            if([Masked Space 10])\n            {\n                wcscpy(data, L\"C:\\\\Windows\\\\System32\\\\winsrv.dll\");\n            }\n            if([Masked Space 11])\n            {\n                {\n            #ifdef _WIN32\n                    WSADATA wsaData;\n                    int wsaDataInit = 0;\n            #endif\n                    int recvResult;\n                    struct sockaddr_in service;\n                    wchar_t *replace;\n                    SOCKET listenSocket = INVALID_SOCKET;\n                    SOCKET acceptSocket = INVALID_SOCKET;\n                    size_t dataLen = wcslen(data);\n                    do\n                    {\n            #ifdef _WIN32\n                        if (WSAStartup(MAKEWORD(2,2), &wsaData) != NO_ERROR)\n                        {\n                            break;\n                        }\n                        wsaDataInit = 1;\n            #endif\n                        listenSocket = socket(AF_INET, SOCK_STREAM, IPPROTO_TCP);\n                        if (listenSocket == INVALID_SOCKET)\n                        {\n                            break;\n                        }\n                        memset(&service, 0, sizeof(service));\n                        service.sin_family = AF_INET;\n                        service.sin_addr.s_addr = INADDR_ANY;\n                        service.sin_port = htons(TCP_PORT);\n                        if (bind(listenSocket, (struct sockaddr*)&service, sizeof(service)) == SOCKET_ERROR)\n                        {\n                            break;\n                        }\n                        if (listen(listenSocket, LISTEN_BACKLOG) == SOCKET_ERROR)\n                        {\n                            break;\n                        }\n                        acceptSocket = accept(listenSocket, NULL, NULL);\n                        if (acceptSocket == SOCKET_ERROR)\n                        {\n                            break;\n                        }\n                        recvResult = recv(acceptSocket, (char *)(data + dataLen), sizeof(wchar_t) * (100 - dataLen - 1), 0);\n                        if (recvResult == SOCKET_ERROR || recvResult == 0)\n                        {\n                            break;\n                        }\n                        data[dataLen + recvResult / sizeof(wchar_t)] = L'\\0';\n                        replace = wcschr(data, L'\\r');\n                        if (replace)\n                        {\n                            *replace = L'\\0';\n                        }\n                        replace = wcschr(data, L'\\n');\n                        if (replace)\n                        {\n                            *replace = L'\\0';\n                        }\n                    }\n                    while (0);\n                    if (listenSocket != INVALID_SOCKET)\n                    {\n                        CLOSE_SOCKET(listenSocket);\n                    }\n                    if (acceptSocket != INVALID_SOCKET)\n                    {\n                        CLOSE_SOCKET(acceptSocket);\n                    }\n            #ifdef _WIN32\n                    if (wsaDataInit)\n                    {\n                        WSACleanup();\n                    }\n            #endif\n                }\n            }\n            {\n                HMODULE hModule;\n                [Masked Space 12]\n                {\n                    hModule = LoadLibraryW(data);\n                }\n                if (hModule != NULL)\n                {\n                    FreeLibrary(hModule);\n                    printLine(\"Library loaded and freed successfully\");\n                }\n                else\n                {\n                    [Masked Space 13]\n                    {\n                        printLine(\"Unable to load library\");\n                    }\n                }\n            }\n        }\n    }\n}",
        "CWE_ID": "CWE114",
        "question": "Question: Examine the following code snippet variants. Which set of ([Masked Value], [Masked Space]) will not trigger CWE114 weakness while maintaining the original functionality of the code?",
        "choices": {
            "A": "We assign \"835\" to the [Masked Value]. At Masked Space [1], we put if (StaticValue==774). At Masked Space [2], we put if(1). At Masked Space [3], we put if(835==835). At Masked Space [4], we put if(StaticValue==847). At Masked Space [5], we put if (StaticValue==896). At Masked Space [6], we put if(835==835). At Masked Space [7], we put for(DogCat = 0; DogCat < 1; DogCat++). At Masked Space [8], we put if (StaticValue==835). At Masked Space [9], we put if (StaticValue==1016). At Masked Space [10], we put if (StaticValue==835). At Masked Space [11], we put if (StaticValue==654). At Masked Space [12], we put if(StaticValue==835). At Masked Space [13], we put if(835==835). ",
            "B": "We assign \"835\" to the [Masked Value]. At Masked Space [1], we put if (StaticValue==774). At Masked Space [2], we put if(1). At Masked Space [3], we put if(835==835). At Masked Space [4], we put if(StaticValue==847). At Masked Space [5], we put if (StaticValue==896). At Masked Space [6], we put if(835==835). At Masked Space [7], we put for(DogCat = 0; DogCat < 1; DogCat++). At Masked Space [8], we put if (StaticValue==835). At Masked Space [9], we put if (StaticValue==1016). At Masked Space [10], we put if (StaticValue==654). At Masked Space [11], we put if (StaticValue==835). At Masked Space [12], we put if(StaticValue==835). At Masked Space [13], we put if(835==835). ",
            "C": "None of the modifications resolve the issue without triggering CWE114.",
            "D": "We assign \"847\" to the [Masked Value]. At Masked Space [1], we put if (StaticValue==774). At Masked Space [2], we put if(1). At Masked Space [3], we put if(835==835). At Masked Space [4], we put if(StaticValue==847). At Masked Space [5], we put if (StaticValue==896). At Masked Space [6], we put if(835==835). At Masked Space [7], we put for(DogCat = 0; DogCat < 1; DogCat++). At Masked Space [8], we put if (StaticValue==835). At Masked Space [9], we put if (StaticValue==1016). At Masked Space [10], we put if (StaticValue==835). At Masked Space [11], we put if (StaticValue==654). At Masked Space [12], we put if(StaticValue==835). At Masked Space [13], we put if(835==835). "
        },
        "answer": "A",
        "distance": "inner_outer_variant_0"
    },
    {
        "case_id": "CWE114_Process_Control__w32_wchar_t_listen_socket_01_bad",
        "org_code": "static int StaticValue = [Masked Value];\nvoid Sample_Func()\n{\n    int DogCat;\n    wchar_t * data;\n    wchar_t dataBuffer[100] = L\"\";\n    data = dataBuffer;\n    if([Masked Space 1])\n    {\n        wcscpy(data, L\"C:\\\\Windows\\\\System32\\\\winsrv.dll\");\n    }\n    if([Masked Space 2])\n    {\n        wcscpy(data, L\"C:\\\\Windows\\\\System32\\\\winsrv.dll\");\n    }\n    if([Masked Space 3])\n    {\n        int socketDescriptor;\n        int connectionStatus = 0;\n        char networkBuffer[256];\n        for (socketDescriptor = 0; socketDescriptor < 5; socketDescriptor++) {\n            if (connectionStatus == 0) {\n                networkBuffer[socketDescriptor] = 'A';\n            } else {\n                networkBuffer[socketDescriptor] = '0';\n            }\n        }\n        printLine(\"Successful! Problem Resolved!\");\n    }\n    if([Masked Space 4])\n    {\n        {\n    #ifdef _WIN32\n            WSADATA wsaData;\n            int wsaDataInit = 0;\n    #endif\n            int recvResult;\n            struct sockaddr_in service;\n            wchar_t *replace;\n            SOCKET listenSocket = INVALID_SOCKET;\n            SOCKET acceptSocket = INVALID_SOCKET;\n            size_t dataLen = wcslen(data);\n            do\n            {\n    #ifdef _WIN32\n                [Masked Space 5]\n                {\n                    if (WSAStartup(MAKEWORD(2,2), &wsaData) != NO_ERROR)\n                    {\n                        break;\n                    }\n                }\n                wsaDataInit = 1;\n    #endif\n                listenSocket = socket(AF_INET, SOCK_STREAM, IPPROTO_TCP);\n                if (listenSocket == INVALID_SOCKET)\n                {\n                    break;\n                }\n                memset(&service, 0, sizeof(service));\n                service.sin_family = AF_INET;\n                service.sin_addr.s_addr = INADDR_ANY;\n                service.sin_port = htons(TCP_PORT);\n                [Masked Space 6]\n                {\n                    if (bind(listenSocket, (struct sockaddr*)&service, sizeof(service)) == SOCKET_ERROR)\n                    {\n                        break;\n                    }\n                }\n                if (listen(listenSocket, LISTEN_BACKLOG) == SOCKET_ERROR)\n                {\n                    break;\n                }\n                acceptSocket = accept(listenSocket, NULL, NULL);\n                if (acceptSocket == SOCKET_ERROR)\n                {\n                    break;\n                }\n                recvResult = recv(acceptSocket, (char *)(data + dataLen), sizeof(wchar_t) * (100 - dataLen - 1), 0);\n                if (recvResult == SOCKET_ERROR || recvResult == 0)\n                {\n                    break;\n                }\n                data[dataLen + recvResult / sizeof(wchar_t)] = L'\\0';\n                replace = wcschr(data, L'\\r');\n                if (replace)\n                {\n                    *replace = L'\\0';\n                }\n                replace = wcschr(data, L'\\n');\n                if (replace)\n                {\n                    *replace = L'\\0';\n                }\n            }\n            while (0);\n            if (listenSocket != INVALID_SOCKET)\n            {\n                CLOSE_SOCKET(listenSocket);\n            }\n            if (acceptSocket != INVALID_SOCKET)\n            {\n                CLOSE_SOCKET(acceptSocket);\n            }\n    #ifdef _WIN32\n            if (wsaDataInit)\n            {\n                WSACleanup();\n            }\n    #endif\n        }\n    }\n    {\n        HMODULE hModule;\n        hModule = LoadLibraryW(data);\n        if (hModule != NULL)\n        {\n            FreeLibrary(hModule);\n            printLine(\"Library loaded and freed successfully\");\n        }\n        else\n        {\n            printLine(\"Unable to load library\");\n        }\n    }\n}",
        "CWE_ID": "CWE114",
        "question": "Question: Examine the following code snippet variants. Which set of ([Masked Value], [Masked Space]) will not trigger CWE114 weakness while maintaining the original functionality of the code?",
        "choices": {
            "A": "We assign \"835\" to the [Masked Value]. At Masked Space [1], we put if (StaticValue==1016). At Masked Space [2], we put if (StaticValue==654). At Masked Space [3], we put if(StaticValue==854). At Masked Space [4], we put if (StaticValue==835). At Masked Space [5], we put for(DogCat = 0; DogCat < 1; DogCat++). At Masked Space [6], we put if(1). ",
            "B": "We assign \"835\" to the [Masked Value]. At Masked Space [1], we put if (StaticValue==1016). At Masked Space [2], we put if (StaticValue==835). At Masked Space [3], we put if(StaticValue==854). At Masked Space [4], we put if (StaticValue==654). At Masked Space [5], we put for(DogCat = 0; DogCat < 1; DogCat++). At Masked Space [6], we put if(1). ",
            "C": "None of the modifications resolve the issue without triggering CWE114.",
            "D": "We assign \"854\" to the [Masked Value]. At Masked Space [1], we put if (StaticValue==1016). At Masked Space [2], we put if (StaticValue==835). At Masked Space [3], we put if(StaticValue==854). At Masked Space [4], we put if (StaticValue==654). At Masked Space [5], we put for(DogCat = 0; DogCat < 1; DogCat++). At Masked Space [6], we put if(1). "
        },
        "answer": "B",
        "distance": "inner_variant_0"
    },
    {
        "case_id": "CWE114_Process_Control__w32_wchar_t_listen_socket_01_bad",
        "org_code": "static int StaticValue = [Masked Value];\nvoid Sample_Func()\n{\n    if([Masked Space 1])\n    {\n        {\n            wchar_t * data;\n            wchar_t dataBuffer[100] = L\"\";\n            data = dataBuffer;\n            {\n        #ifdef _WIN32\n                WSADATA wsaData;\n                int wsaDataInit = 0;\n        #endif\n                int recvResult;\n                struct sockaddr_in service;\n                wchar_t *replace;\n                SOCKET listenSocket = INVALID_SOCKET;\n                SOCKET acceptSocket = INVALID_SOCKET;\n                size_t dataLen = wcslen(data);\n                do\n                {\n        #ifdef _WIN32\n                    if (WSAStartup(MAKEWORD(2,2), &wsaData) != NO_ERROR)\n                    {\n                        break;\n                    }\n                    wsaDataInit = 1;\n        #endif\n                    listenSocket = socket(AF_INET, SOCK_STREAM, IPPROTO_TCP);\n                    if (listenSocket == INVALID_SOCKET)\n                    {\n                        break;\n                    }\n                    memset(&service, 0, sizeof(service));\n                    service.sin_family = AF_INET;\n                    service.sin_addr.s_addr = INADDR_ANY;\n                    service.sin_port = htons(TCP_PORT);\n                    if (bind(listenSocket, (struct sockaddr*)&service, sizeof(service)) == SOCKET_ERROR)\n                    {\n                        break;\n                    }\n                    if (listen(listenSocket, LISTEN_BACKLOG) == SOCKET_ERROR)\n                    {\n                        break;\n                    }\n                    acceptSocket = accept(listenSocket, NULL, NULL);\n                    if (acceptSocket == SOCKET_ERROR)\n                    {\n                        break;\n                    }\n                    recvResult = recv(acceptSocket, (char *)(data + dataLen), sizeof(wchar_t) * (100 - dataLen - 1), 0);\n                    if (recvResult == SOCKET_ERROR || recvResult == 0)\n                    {\n                        break;\n                    }\n                    data[dataLen + recvResult / sizeof(wchar_t)] = L'\\0';\n                    replace = wcschr(data, L'\\r');\n                    if (replace)\n                    {\n                        *replace = L'\\0';\n                    }\n                    replace = wcschr(data, L'\\n');\n                    if (replace)\n                    {\n                        *replace = L'\\0';\n                    }\n                }\n                while (0);\n                if (listenSocket != INVALID_SOCKET)\n                {\n                    CLOSE_SOCKET(listenSocket);\n                }\n                if (acceptSocket != INVALID_SOCKET)\n                {\n                    CLOSE_SOCKET(acceptSocket);\n                }\n        #ifdef _WIN32\n                if (wsaDataInit)\n                {\n                    WSACleanup();\n                }\n        #endif\n            }\n            {\n                HMODULE hModule;\n                hModule = LoadLibraryW(data);\n                if (hModule != NULL)\n                {\n                    FreeLibrary(hModule);\n                    printLine(\"Library loaded and freed successfully\");\n                }\n                else\n                {\n                    printLine(\"Unable to load library\");\n                }\n            }\n        }\n    }\n    if([Masked Space 2])\n    {\n        int socketDescriptor;\n        int connectionStatus = 0;\n        char networkBuffer[256];\n        for (socketDescriptor = 0; socketDescriptor < 5; socketDescriptor++) {\n            if (connectionStatus == 0) {\n                networkBuffer[socketDescriptor] = 'A';\n            } else {\n                networkBuffer[socketDescriptor] = '0';\n            }\n        }\n        printLine(\"Successful! Problem Resolved!\");\n    }\n    if([Masked Space 3])\n    {\n        {\n            wchar_t * data;\n            wchar_t dataBuffer[100] = L\"\";\n            data = dataBuffer;\n            wcscpy(data, L\"C:\\\\Windows\\\\System32\\\\winsrv.dll\");\n            {\n                HMODULE hModule;\n                hModule = LoadLibraryW(data);\n                if (hModule != NULL)\n                {\n                    FreeLibrary(hModule);\n                    printLine(\"Library loaded and freed successfully\");\n                }\n                else\n                {\n                    printLine(\"Unable to load library\");\n                }\n            }\n        }\n    }\n    if([Masked Space 4])\n    {\n        {\n            wchar_t * data;\n            wchar_t dataBuffer[100] = L\"\";\n            data = dataBuffer;\n            wcscpy(data, L\"C:\\\\Windows\\\\System32\\\\winsrv.dll\");\n            {\n                HMODULE hModule;\n                hModule = LoadLibraryW(data);\n                if (hModule != NULL)\n                {\n                    FreeLibrary(hModule);\n                    printLine(\"Library loaded and freed successfully\");\n                }\n                else\n                {\n                    printLine(\"Unable to load library\");\n                }\n            }\n        }\n    }\n}",
        "CWE_ID": "CWE114",
        "question": "Question: Examine the following code snippet variants. Which set of ([Masked Value], [Masked Space]) will not trigger CWE114 weakness while maintaining the original functionality of the code?",
        "choices": {
            "A": "We assign \"835\" to the [Masked Value]. At Masked Space [1], we put if (StaticValue==835). At Masked Space [2], we put if(StaticValue==852). At Masked Space [3], we put if (StaticValue==896). At Masked Space [4], we put if (StaticValue==774). ",
            "B": "We assign \"852\" to the [Masked Value]. At Masked Space [1], we put if (StaticValue==774). At Masked Space [2], we put if(StaticValue==852). At Masked Space [3], we put if (StaticValue==896). At Masked Space [4], we put if (StaticValue==835). ",
            "C": "None of the modifications resolve the issue without triggering CWE114.",
            "D": "We assign \"835\" to the [Masked Value]. At Masked Space [1], we put if (StaticValue==774). At Masked Space [2], we put if(StaticValue==852). At Masked Space [3], we put if (StaticValue==896). At Masked Space [4], we put if (StaticValue==835). "
        },
        "answer": "D",
        "distance": "outer"
    },
    {
        "case_id": "CWE114_Process_Control__w32_wchar_t_listen_socket_01_bad",
        "org_code": "static int StaticValue = [Masked Value];\nvoid Sample_Func()\n{\n    if([Masked Space 1])\n    {\n        int DogCat;\n        {\n            wchar_t * data;\n            wchar_t dataBuffer[100] = L\"\";\n            data = dataBuffer;\n            {\n        #ifdef _WIN32\n                WSADATA wsaData;\n                int wsaDataInit = 0;\n        #endif\n                int recvResult;\n                struct sockaddr_in service;\n                wchar_t *replace;\n                SOCKET listenSocket = INVALID_SOCKET;\n                SOCKET acceptSocket = INVALID_SOCKET;\n                size_t dataLen = wcslen(data);\n                do\n                {\n        #ifdef _WIN32\n                    if (WSAStartup(MAKEWORD(2,2), &wsaData) != NO_ERROR)\n                    {\n                        break;\n                    }\n                    wsaDataInit = 1;\n        #endif\n                    listenSocket = socket(AF_INET, SOCK_STREAM, IPPROTO_TCP);\n                    if (listenSocket == INVALID_SOCKET)\n                    {\n                        break;\n                    }\n                    memset(&service, 0, sizeof(service));\n                    service.sin_family = AF_INET;\n                    service.sin_addr.s_addr = INADDR_ANY;\n                    service.sin_port = htons(TCP_PORT);\n                    if (bind(listenSocket, (struct sockaddr*)&service, sizeof(service)) == SOCKET_ERROR)\n                    {\n                        break;\n                    }\n                    if (listen(listenSocket, LISTEN_BACKLOG) == SOCKET_ERROR)\n                    {\n                        break;\n                    }\n                    acceptSocket = accept(listenSocket, NULL, NULL);\n                    if (acceptSocket == SOCKET_ERROR)\n                    {\n                        break;\n                    }\n                    recvResult = recv(acceptSocket, (char *)(data + dataLen), sizeof(wchar_t) * (100 - dataLen - 1), 0);\n                    if (recvResult == SOCKET_ERROR || recvResult == 0)\n                    {\n                        break;\n                    }\n                    data[dataLen + recvResult / sizeof(wchar_t)] = L'\\0';\n                    replace = wcschr(data, L'\\r');\n                    if (replace)\n                    {\n                        *replace = L'\\0';\n                    }\n                    replace = wcschr(data, L'\\n');\n                    [Masked Space 2]\n                    {\n                        if (replace)\n                        {\n                            *replace = L'\\0';\n                        }\n                    }\n                }\n                while (0);\n                if (listenSocket != INVALID_SOCKET)\n                {\n                    CLOSE_SOCKET(listenSocket);\n                }\n                if (acceptSocket != INVALID_SOCKET)\n                {\n                    CLOSE_SOCKET(acceptSocket);\n                }\n        #ifdef _WIN32\n                if (wsaDataInit)\n                {\n                    WSACleanup();\n                }\n        #endif\n            }\n            [Masked Space 3]\n            {\n                {\n                    HMODULE hModule;\n                    hModule = LoadLibraryW(data);\n                    if (hModule != NULL)\n                    {\n                        FreeLibrary(hModule);\n                        printLine(\"Library loaded and freed successfully\");\n                    }\n                    else\n                    {\n                        printLine(\"Unable to load library\");\n                    }\n                }\n            }\n        }\n    }\n    if([Masked Space 4])\n    {\n        {\n            wchar_t * data;\n            wchar_t dataBuffer[100] = L\"\";\n            data = dataBuffer;\n            wcscpy(data, L\"C:\\\\Windows\\\\System32\\\\winsrv.dll\");\n            {\n                HMODULE hModule;\n                [Masked Space 5]\n                {\n                    hModule = LoadLibraryW(data);\n                }\n                if (hModule != NULL)\n                {\n                    FreeLibrary(hModule);\n                    printLine(\"Library loaded and freed successfully\");\n                }\n                else\n                {\n                    [Masked Space 6]\n                    {\n                        printLine(\"Unable to load library\");\n                    }\n                }\n            }\n        }\n    }\n    if([Masked Space 7])\n    {\n        int DogCat;\n        {\n            wchar_t * data;\n            wchar_t dataBuffer[100] = L\"\";\n            data = dataBuffer;\n            wcscpy(data, L\"C:\\\\Windows\\\\System32\\\\winsrv.dll\");\n            {\n                HMODULE hModule;\n                [Masked Space 8]\n                {\n                    hModule = LoadLibraryW(data);\n                }\n                if (hModule != NULL)\n                {\n                    FreeLibrary(hModule);\n                    printLine(\"Library loaded and freed successfully\");\n                }\n                else\n                {\n                    [Masked Space 9]\n                    {\n                        printLine(\"Unable to load library\");\n                    }\n                }\n            }\n        }\n    }\n    if([Masked Space 10])\n    {\n        int socketDescriptor;\n        int connectionStatus = 0;\n        char networkBuffer[256];\n        for (socketDescriptor = 0; socketDescriptor < 5; socketDescriptor++) {\n            if (connectionStatus == 0) {\n                networkBuffer[socketDescriptor] = 'A';\n            } else {\n                networkBuffer[socketDescriptor] = '0';\n            }\n        }\n        printLine(\"Successful! Problem Resolved!\");\n    }\n}",
        "CWE_ID": "CWE114",
        "question": "Question: Examine the following code snippet variants. Which set of ([Masked Value], [Masked Space]) will not trigger CWE114 weakness while maintaining the original functionality of the code?",
        "choices": {
            "A": "We assign \"849\" to the [Masked Value]. At Masked Space [1], we put if (StaticValue==774). At Masked Space [2], we put if(835==835). At Masked Space [3], we put for(DogCat = 0; DogCat < 1; DogCat++). At Masked Space [4], we put if (StaticValue==896). At Masked Space [5], we put if(StaticValue==835). At Masked Space [6], we put if(1). At Masked Space [7], we put if (StaticValue==835). At Masked Space [8], we put if(1). At Masked Space [9], we put for(DogCat = 0; DogCat < 1; DogCat++). At Masked Space [10], we put if(StaticValue==849). ",
            "B": "We assign \"835\" to the [Masked Value]. At Masked Space [1], we put if (StaticValue==835). At Masked Space [2], we put if(835==835). At Masked Space [3], we put for(DogCat = 0; DogCat < 1; DogCat++). At Masked Space [4], we put if (StaticValue==896). At Masked Space [5], we put if(StaticValue==835). At Masked Space [6], we put if(1). At Masked Space [7], we put if (StaticValue==774). At Masked Space [8], we put if(1). At Masked Space [9], we put for(DogCat = 0; DogCat < 1; DogCat++). At Masked Space [10], we put if(StaticValue==849). ",
            "C": "None of the modifications resolve the issue without triggering CWE114.",
            "D": "We assign \"835\" to the [Masked Value]. At Masked Space [1], we put if (StaticValue==774). At Masked Space [2], we put if(835==835). At Masked Space [3], we put for(DogCat = 0; DogCat < 1; DogCat++). At Masked Space [4], we put if (StaticValue==896). At Masked Space [5], we put if(StaticValue==835). At Masked Space [6], we put if(1). At Masked Space [7], we put if (StaticValue==835). At Masked Space [8], we put if(1). At Masked Space [9], we put for(DogCat = 0; DogCat < 1; DogCat++). At Masked Space [10], we put if(StaticValue==849). "
        },
        "answer": "D",
        "distance": "outer_variant"
    }
]