[
    {
        "case_id": "CWE606_Unchecked_Loop_Condition__wchar_t_connect_socket_01_bad",
        "org_code": "static int StaticValue = [Masked Value];\nvoid Sample_Func()\n{\n    wchar_t * data;\n    wchar_t dataBuffer[100] = L\"\";\n    data = dataBuffer;\n    if([Masked Space 1])\n    {\n        wcscpy(data, L\"15\");\n    }\n    if([Masked Space 2])\n    {\n        wcscpy(data, L\"15\");\n    }\n    if([Masked Space 3])\n    {\n        int socketDescriptor;\n        int connectionStatus = 0;\n        char networkBuffer[256];\n        for (socketDescriptor = 0; socketDescriptor < 5; socketDescriptor++) {\n            if (connectionStatus == 0) {\n                networkBuffer[socketDescriptor] = 'A';\n            } else {\n                networkBuffer[socketDescriptor] = '0';\n            }\n        }\n        printLine(\"Successful! Problem Resolved!\");\n    }\n    if([Masked Space 4])\n    {\n        {\n    #ifdef _WIN32\n            WSADATA wsaData;\n            int wsaDataInit = 0;\n    #endif\n            int recvResult;\n            struct sockaddr_in service;\n            wchar_t *replace;\n            SOCKET connectSocket = INVALID_SOCKET;\n            size_t dataLen = wcslen(data);\n            do\n            {\n    #ifdef _WIN32\n                if (WSAStartup(MAKEWORD(2,2), &wsaData) != NO_ERROR)\n                {\n                    break;\n                }\n                wsaDataInit = 1;\n    #endif\n                connectSocket = socket(AF_INET, SOCK_STREAM, IPPROTO_TCP);\n                if (connectSocket == INVALID_SOCKET)\n                {\n                    break;\n                }\n                memset(&service, 0, sizeof(service));\n                service.sin_family = AF_INET;\n                service.sin_addr.s_addr = inet_addr(IP_ADDRESS);\n                service.sin_port = htons(TCP_PORT);\n                if (connect(connectSocket, (struct sockaddr*)&service, sizeof(service)) == SOCKET_ERROR)\n                {\n                    break;\n                }\n                recvResult = recv(connectSocket, (char *)(data + dataLen), sizeof(wchar_t) * (100 - dataLen - 1), 0);\n                if (recvResult == SOCKET_ERROR || recvResult == 0)\n                {\n                    break;\n                }\n                data[dataLen + recvResult / sizeof(wchar_t)] = L'\\0';\n                replace = wcschr(data, L'\\r');\n                if (replace)\n                {\n                    *replace = L'\\0';\n                }\n                replace = wcschr(data, L'\\n');\n                if (replace)\n                {\n                    *replace = L'\\0';\n                }\n            }\n            while (0);\n            if (connectSocket != INVALID_SOCKET)\n            {\n                CLOSE_SOCKET(connectSocket);\n            }\n    #ifdef _WIN32\n            if (wsaDataInit)\n            {\n                WSACleanup();\n            }\n    #endif\n        }\n    }\n    {\n        int i, n, intVariable;\n        if (swscanf(data, L\"%d\", &n) == 1)\n        {\n            intVariable = 0;\n            for (i = 0; i < n; i++)\n            {\n                intVariable++;  \n            }\n            printIntLine(intVariable);\n        }\n    }\n}",
        "CWE_ID": "CWE606",
        "question": "Question: Examine the following code snippet variants. Which set of ([Masked Value], [Masked Space]) will not trigger CWE606 weakness while maintaining the original functionality of the code?",
        "choices": {
            "A": "We assign \"747\" to the [Masked Value]. At Masked Space [1], we put if (StaticValue==921). At Masked Space [2], we put if (StaticValue==747). At Masked Space [3], we put if(StaticValue==758). At Masked Space [4], we put if (StaticValue==573). ",
            "B": "We assign \"758\" to the [Masked Value]. At Masked Space [1], we put if (StaticValue==921). At Masked Space [2], we put if (StaticValue==747). At Masked Space [3], we put if(StaticValue==758). At Masked Space [4], we put if (StaticValue==573). ",
            "C": "We assign \"747\" to the [Masked Value]. At Masked Space [1], we put if (StaticValue==921). At Masked Space [2], we put if (StaticValue==573). At Masked Space [3], we put if(StaticValue==758). At Masked Space [4], we put if (StaticValue==747). ",
            "D": "None of the modifications resolve the issue without triggering CWE606."
        },
        "answer": "A",
        "distance": "inner_0"
    },
    {
        "case_id": "CWE606_Unchecked_Loop_Condition__wchar_t_connect_socket_01_bad",
        "org_code": "static int StaticValue = [Masked Value];\nvoid Sample_Func()\n{\n    if([Masked Space 1])\n    {\n        {\n            wchar_t * data;\n            wchar_t dataBuffer[100] = L\"\";\n            data = dataBuffer;\n            {\n        #ifdef _WIN32\n                WSADATA wsaData;\n                int wsaDataInit = 0;\n        #endif\n                int recvResult;\n                struct sockaddr_in service;\n                wchar_t *replace;\n                SOCKET connectSocket = INVALID_SOCKET;\n                size_t dataLen = wcslen(data);\n                do\n                {\n        #ifdef _WIN32\n                    if (WSAStartup(MAKEWORD(2,2), &wsaData) != NO_ERROR)\n                    {\n                        break;\n                    }\n                    wsaDataInit = 1;\n        #endif\n                    connectSocket = socket(AF_INET, SOCK_STREAM, IPPROTO_TCP);\n                    if (connectSocket == INVALID_SOCKET)\n                    {\n                        break;\n                    }\n                    memset(&service, 0, sizeof(service));\n                    service.sin_family = AF_INET;\n                    service.sin_addr.s_addr = inet_addr(IP_ADDRESS);\n                    service.sin_port = htons(TCP_PORT);\n                    if (connect(connectSocket, (struct sockaddr*)&service, sizeof(service)) == SOCKET_ERROR)\n                    {\n                        break;\n                    }\n                    recvResult = recv(connectSocket, (char *)(data + dataLen), sizeof(wchar_t) * (100 - dataLen - 1), 0);\n                    if (recvResult == SOCKET_ERROR || recvResult == 0)\n                    {\n                        break;\n                    }\n                    data[dataLen + recvResult / sizeof(wchar_t)] = L'\\0';\n                    replace = wcschr(data, L'\\r');\n                    if (replace)\n                    {\n                        *replace = L'\\0';\n                    }\n                    replace = wcschr(data, L'\\n');\n                    if (replace)\n                    {\n                        *replace = L'\\0';\n                    }\n                }\n                while (0);\n                if (connectSocket != INVALID_SOCKET)\n                {\n                    CLOSE_SOCKET(connectSocket);\n                }\n        #ifdef _WIN32\n                if (wsaDataInit)\n                {\n                    WSACleanup();\n                }\n        #endif\n            }\n            {\n                int i, n, intVariable;\n                if (swscanf(data, L\"%d\", &n) == 1)\n                {\n                    intVariable = 0;\n                    for (i = 0; i < n; i++)\n                    {\n                        intVariable++;  \n                    }\n                    printIntLine(intVariable);\n                }\n            }\n        }\n    }\n    if([Masked Space 2])\n    {\n        {\n            wchar_t * data;\n            wchar_t dataBuffer[100] = L\"\";\n            data = dataBuffer;\n            wcscpy(data, L\"15\");\n            {\n                int i, n, intVariable;\n                if (swscanf(data, L\"%d\", &n) == 1)\n                {\n                    intVariable = 0;\n                    for (i = 0; i < n; i++)\n                    {\n                        intVariable++;  \n                    }\n                    printIntLine(intVariable);\n                }\n            }\n        }\n    }\n    if([Masked Space 3])\n    {\n        {\n            wchar_t * data;\n            wchar_t dataBuffer[100] = L\"\";\n            data = dataBuffer;\n            {\n        #ifdef _WIN32\n                WSADATA wsaData;\n                int wsaDataInit = 0;\n        #endif\n                int recvResult;\n                struct sockaddr_in service;\n                wchar_t *replace;\n                SOCKET connectSocket = INVALID_SOCKET;\n                size_t dataLen = wcslen(data);\n                do\n                {\n        #ifdef _WIN32\n                    if (WSAStartup(MAKEWORD(2,2), &wsaData) != NO_ERROR)\n                    {\n                        break;\n                    }\n                    wsaDataInit = 1;\n        #endif\n                    connectSocket = socket(AF_INET, SOCK_STREAM, IPPROTO_TCP);\n                    if (connectSocket == INVALID_SOCKET)\n                    {\n                        break;\n                    }\n                    memset(&service, 0, sizeof(service));\n                    service.sin_family = AF_INET;\n                    service.sin_addr.s_addr = inet_addr(IP_ADDRESS);\n                    service.sin_port = htons(TCP_PORT);\n                    if (connect(connectSocket, (struct sockaddr*)&service, sizeof(service)) == SOCKET_ERROR)\n                    {\n                        break;\n                    }\n                    recvResult = recv(connectSocket, (char *)(data + dataLen), sizeof(wchar_t) * (100 - dataLen - 1), 0);\n                    if (recvResult == SOCKET_ERROR || recvResult == 0)\n                    {\n                        break;\n                    }\n                    data[dataLen + recvResult / sizeof(wchar_t)] = L'\\0';\n                    replace = wcschr(data, L'\\r');\n                    if (replace)\n                    {\n                        *replace = L'\\0';\n                    }\n                    replace = wcschr(data, L'\\n');\n                    if (replace)\n                    {\n                        *replace = L'\\0';\n                    }\n                }\n                while (0);\n                if (connectSocket != INVALID_SOCKET)\n                {\n                    CLOSE_SOCKET(connectSocket);\n                }\n        #ifdef _WIN32\n                if (wsaDataInit)\n                {\n                    WSACleanup();\n                }\n        #endif\n            }\n            {\n                int i, n, intVariable;\n                if (swscanf(data, L\"%d\", &n) == 1)\n                {\n                    if (n < MAX_LOOP)\n                    {\n                        intVariable = 0;\n                        for (i = 0; i < n; i++)\n                        {\n                            intVariable++;  \n                        }\n                        printIntLine(intVariable);\n                    }\n                }\n            }\n        }\n    }\n    if([Masked Space 4])\n    {\n        int socketDescriptor;\n        int connectionStatus = 0;\n        char networkBuffer[256];\n        for (socketDescriptor = 0; socketDescriptor < 5; socketDescriptor++) {\n            if (connectionStatus == 0) {\n                networkBuffer[socketDescriptor] = 'A';\n            } else {\n                networkBuffer[socketDescriptor] = '0';\n            }\n        }\n        printLine(\"Successful! Problem Resolved!\");\n    }\n    if([Masked Space 5])\n    {\n        {\n            wchar_t * data;\n            wchar_t dataBuffer[100] = L\"\";\n            data = dataBuffer;\n            wcscpy(data, L\"15\");\n            {\n                int i, n, intVariable;\n                if (swscanf(data, L\"%d\", &n) == 1)\n                {\n                    intVariable = 0;\n                    for (i = 0; i < n; i++)\n                    {\n                        intVariable++;  \n                    }\n                    printIntLine(intVariable);\n                }\n            }\n        }\n    }\n    if([Masked Space 6])\n    {\n        {\n            wchar_t * data;\n            wchar_t dataBuffer[100] = L\"\";\n            data = dataBuffer;\n            if([Masked Space 7])\n            {\n                wcscpy(data, L\"15\");\n            }\n            if([Masked Space 8])\n            {\n                wcscpy(data, L\"15\");\n            }\n            if([Masked Space 9])\n            {\n                {\n            #ifdef _WIN32\n                    WSADATA wsaData;\n                    int wsaDataInit = 0;\n            #endif\n                    int recvResult;\n                    struct sockaddr_in service;\n                    wchar_t *replace;\n                    SOCKET connectSocket = INVALID_SOCKET;\n                    size_t dataLen = wcslen(data);\n                    do\n                    {\n            #ifdef _WIN32\n                        if (WSAStartup(MAKEWORD(2,2), &wsaData) != NO_ERROR)\n                        {\n                            break;\n                        }\n                        wsaDataInit = 1;\n            #endif\n                        connectSocket = socket(AF_INET, SOCK_STREAM, IPPROTO_TCP);\n                        if (connectSocket == INVALID_SOCKET)\n                        {\n                            break;\n                        }\n                        memset(&service, 0, sizeof(service));\n                        service.sin_family = AF_INET;\n                        service.sin_addr.s_addr = inet_addr(IP_ADDRESS);\n                        service.sin_port = htons(TCP_PORT);\n                        if (connect(connectSocket, (struct sockaddr*)&service, sizeof(service)) == SOCKET_ERROR)\n                        {\n                            break;\n                        }\n                        recvResult = recv(connectSocket, (char *)(data + dataLen), sizeof(wchar_t) * (100 - dataLen - 1), 0);\n                        if (recvResult == SOCKET_ERROR || recvResult == 0)\n                        {\n                            break;\n                        }\n                        data[dataLen + recvResult / sizeof(wchar_t)] = L'\\0';\n                        replace = wcschr(data, L'\\r');\n                        if (replace)\n                        {\n                            *replace = L'\\0';\n                        }\n                        replace = wcschr(data, L'\\n');\n                        if (replace)\n                        {\n                            *replace = L'\\0';\n                        }\n                    }\n                    while (0);\n                    if (connectSocket != INVALID_SOCKET)\n                    {\n                        CLOSE_SOCKET(connectSocket);\n                    }\n            #ifdef _WIN32\n                    if (wsaDataInit)\n                    {\n                        WSACleanup();\n                    }\n            #endif\n                }\n            }\n            {\n                int i, n, intVariable;\n                if (swscanf(data, L\"%d\", &n) == 1)\n                {\n                    intVariable = 0;\n                    for (i = 0; i < n; i++)\n                    {\n                        intVariable++;  \n                    }\n                    printIntLine(intVariable);\n                }\n            }\n        }\n    }\n}",
        "CWE_ID": "CWE606",
        "question": "Question: Examine the following code snippet variants. Which set of ([Masked Value], [Masked Space]) will not trigger CWE606 weakness while maintaining the original functionality of the code?",
        "choices": {
            "A": "We assign \"747\" to the [Masked Value]. At Masked Space [1], we put if (StaticValue==713). At Masked Space [2], we put if (StaticValue==781). At Masked Space [3], we put if (StaticValue==1042). At Masked Space [4], we put if(StaticValue==766). At Masked Space [5], we put if (StaticValue==962). At Masked Space [6], we put if (StaticValue==747). At Masked Space [7], we put if (StaticValue==921). At Masked Space [8], we put if (StaticValue==747). At Masked Space [9], we put if (StaticValue==573). ",
            "B": "None of the modifications resolve the issue without triggering CWE606.",
            "C": "We assign \"747\" to the [Masked Value]. At Masked Space [1], we put if (StaticValue==713). At Masked Space [2], we put if (StaticValue==781). At Masked Space [3], we put if (StaticValue==1042). At Masked Space [4], we put if(StaticValue==766). At Masked Space [5], we put if (StaticValue==962). At Masked Space [6], we put if (StaticValue==747). At Masked Space [7], we put if (StaticValue==921). At Masked Space [8], we put if (StaticValue==573). At Masked Space [9], we put if (StaticValue==747). ",
            "D": "We assign \"766\" to the [Masked Value]. At Masked Space [1], we put if (StaticValue==713). At Masked Space [2], we put if (StaticValue==781). At Masked Space [3], we put if (StaticValue==1042). At Masked Space [4], we put if(StaticValue==766). At Masked Space [5], we put if (StaticValue==962). At Masked Space [6], we put if (StaticValue==747). At Masked Space [7], we put if (StaticValue==921). At Masked Space [8], we put if (StaticValue==747). At Masked Space [9], we put if (StaticValue==573). "
        },
        "answer": "A",
        "distance": "inner_outer_0"
    },
    {
        "case_id": "CWE606_Unchecked_Loop_Condition__wchar_t_connect_socket_01_bad",
        "org_code": "static int StaticValue = [Masked Value];\nvoid Sample_Func()\n{\n    if([Masked Space 1])\n    {\n        {\n            wchar_t * data;\n            wchar_t dataBuffer[100] = L\"\";\n            data = dataBuffer;\n            {\n        #ifdef _WIN32\n                WSADATA wsaData;\n                int wsaDataInit = 0;\n        #endif\n                int recvResult;\n                struct sockaddr_in service;\n                wchar_t *replace;\n                SOCKET connectSocket = INVALID_SOCKET;\n                size_t dataLen = wcslen(data);\n                do\n                {\n        #ifdef _WIN32\n                    if (WSAStartup(MAKEWORD(2,2), &wsaData) != NO_ERROR)\n                    {\n                        break;\n                    }\n                    wsaDataInit = 1;\n        #endif\n                    connectSocket = socket(AF_INET, SOCK_STREAM, IPPROTO_TCP);\n                    [Masked Space 2]\n                    {\n                        if (connectSocket == INVALID_SOCKET)\n                        {\n                            break;\n                        }\n                    }\n                    memset(&service, 0, sizeof(service));\n                    service.sin_family = AF_INET;\n                    service.sin_addr.s_addr = inet_addr(IP_ADDRESS);\n                    service.sin_port = htons(TCP_PORT);\n                    if (connect(connectSocket, (struct sockaddr*)&service, sizeof(service)) == SOCKET_ERROR)\n                    {\n                        break;\n                    }\n                    recvResult = recv(connectSocket, (char *)(data + dataLen), sizeof(wchar_t) * (100 - dataLen - 1), 0);\n                    if (recvResult == SOCKET_ERROR || recvResult == 0)\n                    {\n                        break;\n                    }\n                    data[dataLen + recvResult / sizeof(wchar_t)] = L'\\0';\n                    replace = wcschr(data, L'\\r');\n                    if (replace)\n                    {\n                        *replace = L'\\0';\n                    }\n                    replace = wcschr(data, L'\\n');\n                    if (replace)\n                    {\n                        *replace = L'\\0';\n                    }\n                }\n                while (0);\n                if (connectSocket != INVALID_SOCKET)\n                {\n                    CLOSE_SOCKET(connectSocket);\n                }\n        #ifdef _WIN32\n                [Masked Space 3]\n                {\n                    if (wsaDataInit)\n                    {\n                        WSACleanup();\n                    }\n                }\n        #endif\n            }\n            {\n                int i, n, intVariable;\n                if (swscanf(data, L\"%d\", &n) == 1)\n                {\n                    intVariable = 0;\n                    for (i = 0; i < n; i++)\n                    {\n                        intVariable++;  \n                    }\n                    printIntLine(intVariable);\n                }\n            }\n        }\n    }\n    if([Masked Space 4])\n    {\n        {\n            wchar_t * data;\n            wchar_t dataBuffer[100] = L\"\";\n            data = dataBuffer;\n            wcscpy(data, L\"15\");\n            {\n                int i, n, intVariable;\n                if (swscanf(data, L\"%d\", &n) == 1)\n                {\n                    intVariable = 0;\n                    for (i = 0; i < n; i++)\n                    {\n                        intVariable++;  \n                    }\n                    printIntLine(intVariable);\n                }\n            }\n        }\n    }\n    if([Masked Space 5])\n    {\n        {\n            wchar_t * data;\n            wchar_t dataBuffer[100] = L\"\";\n            data = dataBuffer;\n            {\n        #ifdef _WIN32\n                WSADATA wsaData;\n                int wsaDataInit = 0;\n        #endif\n                int recvResult;\n                struct sockaddr_in service;\n                wchar_t *replace;\n                SOCKET connectSocket = INVALID_SOCKET;\n                size_t dataLen = wcslen(data);\n                do\n                {\n        #ifdef _WIN32\n                    if (WSAStartup(MAKEWORD(2,2), &wsaData) != NO_ERROR)\n                    {\n                        break;\n                    }\n                    wsaDataInit = 1;\n        #endif\n                    [Masked Space 6]\n                    {\n                        connectSocket = socket(AF_INET, SOCK_STREAM, IPPROTO_TCP);\n                    }\n                    if (connectSocket == INVALID_SOCKET)\n                    {\n                        break;\n                    }\n                    memset(&service, 0, sizeof(service));\n                    service.sin_family = AF_INET;\n                    service.sin_addr.s_addr = inet_addr(IP_ADDRESS);\n                    service.sin_port = htons(TCP_PORT);\n                    if (connect(connectSocket, (struct sockaddr*)&service, sizeof(service)) == SOCKET_ERROR)\n                    {\n                        break;\n                    }\n                    recvResult = recv(connectSocket, (char *)(data + dataLen), sizeof(wchar_t) * (100 - dataLen - 1), 0);\n                    if (recvResult == SOCKET_ERROR || recvResult == 0)\n                    {\n                        break;\n                    }\n                    data[dataLen + recvResult / sizeof(wchar_t)] = L'\\0';\n                    replace = wcschr(data, L'\\r');\n                    if (replace)\n                    {\n                        *replace = L'\\0';\n                    }\n                    replace = wcschr(data, L'\\n');\n                    if (replace)\n                    {\n                        *replace = L'\\0';\n                    }\n                }\n                while (0);\n                if (connectSocket != INVALID_SOCKET)\n                {\n                    CLOSE_SOCKET(connectSocket);\n                }\n        #ifdef _WIN32\n                if (wsaDataInit)\n                {\n                    WSACleanup();\n                }\n        #endif\n            }\n            {\n                int i, n, intVariable;\n                if (swscanf(data, L\"%d\", &n) == 1)\n                {\n                    if (n < MAX_LOOP)\n                    {\n                        intVariable = 0;\n                        [Masked Space 7]\n                        {\n                            for (i = 0; i < n; i++)\n                            {\n                                intVariable++;  \n                            }\n                        }\n                        printIntLine(intVariable);\n                    }\n                }\n            }\n        }\n    }\n    if([Masked Space 8])\n    {\n        {\n            wchar_t * data;\n            wchar_t dataBuffer[100] = L\"\";\n            data = dataBuffer;\n            wcscpy(data, L\"15\");\n            {\n                int i, n, intVariable;\n                if (swscanf(data, L\"%d\", &n) == 1)\n                {\n                    intVariable = 0;\n                    for (i = 0; i < n; i++)\n                    {\n                        intVariable++;  \n                    }\n                    printIntLine(intVariable);\n                }\n            }\n        }\n    }\n    if([Masked Space 9])\n    {\n        int socketDescriptor;\n        int connectionStatus = 0;\n        char networkBuffer[256];\n        for (socketDescriptor = 0; socketDescriptor < 5; socketDescriptor++) {\n            if (connectionStatus == 0) {\n                networkBuffer[socketDescriptor] = 'A';\n            } else {\n                networkBuffer[socketDescriptor] = '0';\n            }\n        }\n        printLine(\"Successful! Problem Resolved!\");\n    }\n    if([Masked Space 10])\n    {\n        int DogCat;\n        {\n            wchar_t * data;\n            wchar_t dataBuffer[100] = L\"\";\n            data = dataBuffer;\n            if([Masked Space 11])\n            {\n                wcscpy(data, L\"15\");\n            }\n            if([Masked Space 12])\n            {\n                wcscpy(data, L\"15\");\n            }\n            if([Masked Space 13])\n            {\n                {\n            #ifdef _WIN32\n                    WSADATA wsaData;\n                    int wsaDataInit = 0;\n            #endif\n                    int recvResult;\n                    struct sockaddr_in service;\n                    wchar_t *replace;\n                    SOCKET connectSocket = INVALID_SOCKET;\n                    size_t dataLen = wcslen(data);\n                    do\n                    {\n            #ifdef _WIN32\n                        if (WSAStartup(MAKEWORD(2,2), &wsaData) != NO_ERROR)\n                        {\n                            break;\n                        }\n                        wsaDataInit = 1;\n            #endif\n                        connectSocket = socket(AF_INET, SOCK_STREAM, IPPROTO_TCP);\n                        [Masked Space 14]\n                        {\n                            if (connectSocket == INVALID_SOCKET)\n                            {\n                                break;\n                            }\n                        }\n                        memset(&service, 0, sizeof(service));\n                        service.sin_family = AF_INET;\n                        service.sin_addr.s_addr = inet_addr(IP_ADDRESS);\n                        service.sin_port = htons(TCP_PORT);\n                        if (connect(connectSocket, (struct sockaddr*)&service, sizeof(service)) == SOCKET_ERROR)\n                        {\n                            break;\n                        }\n                        recvResult = recv(connectSocket, (char *)(data + dataLen), sizeof(wchar_t) * (100 - dataLen - 1), 0);\n                        if (recvResult == SOCKET_ERROR || recvResult == 0)\n                        {\n                            break;\n                        }\n                        data[dataLen + recvResult / sizeof(wchar_t)] = L'\\0';\n                        replace = wcschr(data, L'\\r');\n                        [Masked Space 15]\n                        {\n                            if (replace)\n                            {\n                                *replace = L'\\0';\n                            }\n                        }\n                        replace = wcschr(data, L'\\n');\n                        if (replace)\n                        {\n                            *replace = L'\\0';\n                        }\n                    }\n                    while (0);\n                    if (connectSocket != INVALID_SOCKET)\n                    {\n                        CLOSE_SOCKET(connectSocket);\n                    }\n            #ifdef _WIN32\n                    if (wsaDataInit)\n                    {\n                        WSACleanup();\n                    }\n            #endif\n                }\n            }\n            {\n                int i, n, intVariable;\n                if (swscanf(data, L\"%d\", &n) == 1)\n                {\n                    intVariable = 0;\n                    for (i = 0; i < n; i++)\n                    {\n                        intVariable++;  \n                    }\n                    printIntLine(intVariable);\n                }\n            }\n        }\n    }\n}",
        "CWE_ID": "CWE606",
        "question": "Question: Examine the following code snippet variants. Which set of ([Masked Value], [Masked Space]) will not trigger CWE606 weakness while maintaining the original functionality of the code?",
        "choices": {
            "A": "We assign \"747\" to the [Masked Value]. At Masked Space [1], we put if (StaticValue==713). At Masked Space [2], we put if(747==747). At Masked Space [3], we put if(1). At Masked Space [4], we put if (StaticValue==781). At Masked Space [5], we put if (StaticValue==1042). At Masked Space [6], we put if(1). At Masked Space [7], we put if(747==747). At Masked Space [8], we put if (StaticValue==962). At Masked Space [9], we put if(StaticValue==765). At Masked Space [10], we put if (StaticValue==747). At Masked Space [11], we put if (StaticValue==921). At Masked Space [12], we put if (StaticValue==573). At Masked Space [13], we put if (StaticValue==747). At Masked Space [14], we put for(DogCat = 0; DogCat < 1; DogCat++). At Masked Space [15], we put if(StaticValue==747). ",
            "B": "None of the modifications resolve the issue without triggering CWE606.",
            "C": "We assign \"765\" to the [Masked Value]. At Masked Space [1], we put if (StaticValue==713). At Masked Space [2], we put if(747==747). At Masked Space [3], we put if(1). At Masked Space [4], we put if (StaticValue==781). At Masked Space [5], we put if (StaticValue==1042). At Masked Space [6], we put if(1). At Masked Space [7], we put if(747==747). At Masked Space [8], we put if (StaticValue==962). At Masked Space [9], we put if(StaticValue==765). At Masked Space [10], we put if (StaticValue==747). At Masked Space [11], we put if (StaticValue==921). At Masked Space [12], we put if (StaticValue==747). At Masked Space [13], we put if (StaticValue==573). At Masked Space [14], we put for(DogCat = 0; DogCat < 1; DogCat++). At Masked Space [15], we put if(StaticValue==747). ",
            "D": "We assign \"747\" to the [Masked Value]. At Masked Space [1], we put if (StaticValue==713). At Masked Space [2], we put if(747==747). At Masked Space [3], we put if(1). At Masked Space [4], we put if (StaticValue==781). At Masked Space [5], we put if (StaticValue==1042). At Masked Space [6], we put if(1). At Masked Space [7], we put if(747==747). At Masked Space [8], we put if (StaticValue==962). At Masked Space [9], we put if(StaticValue==765). At Masked Space [10], we put if (StaticValue==747). At Masked Space [11], we put if (StaticValue==921). At Masked Space [12], we put if (StaticValue==747). At Masked Space [13], we put if (StaticValue==573). At Masked Space [14], we put for(DogCat = 0; DogCat < 1; DogCat++). At Masked Space [15], we put if(StaticValue==747). "
        },
        "answer": "D",
        "distance": "inner_outer_variant_0"
    },
    {
        "case_id": "CWE606_Unchecked_Loop_Condition__wchar_t_connect_socket_01_bad",
        "org_code": "static int StaticValue = [Masked Value];\nvoid Sample_Func()\n{\n    int DogCat;\n    wchar_t * data;\n    wchar_t dataBuffer[100] = L\"\";\n    data = dataBuffer;\n    if([Masked Space 1])\n    {\n        wcscpy(data, L\"15\");\n    }\n    if([Masked Space 2])\n    {\n        wcscpy(data, L\"15\");\n    }\n    if([Masked Space 3])\n    {\n        {\n    #ifdef _WIN32\n            WSADATA wsaData;\n            int wsaDataInit = 0;\n    #endif\n            int recvResult;\n            struct sockaddr_in service;\n            wchar_t *replace;\n            SOCKET connectSocket = INVALID_SOCKET;\n            size_t dataLen = wcslen(data);\n            do\n            {\n    #ifdef _WIN32\n                if (WSAStartup(MAKEWORD(2,2), &wsaData) != NO_ERROR)\n                {\n                    break;\n                }\n                wsaDataInit = 1;\n    #endif\n                connectSocket = socket(AF_INET, SOCK_STREAM, IPPROTO_TCP);\n                if (connectSocket == INVALID_SOCKET)\n                {\n                    break;\n                }\n                memset(&service, 0, sizeof(service));\n                service.sin_family = AF_INET;\n                service.sin_addr.s_addr = inet_addr(IP_ADDRESS);\n                service.sin_port = htons(TCP_PORT);\n                if (connect(connectSocket, (struct sockaddr*)&service, sizeof(service)) == SOCKET_ERROR)\n                {\n                    break;\n                }\n                recvResult = recv(connectSocket, (char *)(data + dataLen), sizeof(wchar_t) * (100 - dataLen - 1), 0);\n                if (recvResult == SOCKET_ERROR || recvResult == 0)\n                {\n                    break;\n                }\n                data[dataLen + recvResult / sizeof(wchar_t)] = L'\\0';\n                replace = wcschr(data, L'\\r');\n                if (replace)\n                {\n                    *replace = L'\\0';\n                }\n                replace = wcschr(data, L'\\n');\n                [Masked Space 4]\n                {\n                    if (replace)\n                    {\n                        *replace = L'\\0';\n                    }\n                }\n            }\n            while (0);\n            if (connectSocket != INVALID_SOCKET)\n            {\n                CLOSE_SOCKET(connectSocket);\n            }\n    #ifdef _WIN32\n            if (wsaDataInit)\n            {\n                WSACleanup();\n            }\n    #endif\n        }\n    }\n    if([Masked Space 5])\n    {\n        int socketDescriptor;\n        int connectionStatus = 0;\n        char networkBuffer[256];\n        for (socketDescriptor = 0; socketDescriptor < 5; socketDescriptor++) {\n            if (connectionStatus == 0) {\n                networkBuffer[socketDescriptor] = 'A';\n            } else {\n                networkBuffer[socketDescriptor] = '0';\n            }\n        }\n        printLine(\"Successful! Problem Resolved!\");\n    }\n    [Masked Space 6]\n    {\n        {\n            int i, n, intVariable;\n            if (swscanf(data, L\"%d\", &n) == 1)\n            {\n                intVariable = 0;\n                for (i = 0; i < n; i++)\n                {\n                    intVariable++;  \n                }\n                printIntLine(intVariable);\n            }\n        }\n    }\n}",
        "CWE_ID": "CWE606",
        "question": "Question: Examine the following code snippet variants. Which set of ([Masked Value], [Masked Space]) will not trigger CWE606 weakness while maintaining the original functionality of the code?",
        "choices": {
            "A": "We assign \"765\" to the [Masked Value]. At Masked Space [1], we put if (StaticValue==921). At Masked Space [2], we put if (StaticValue==747). At Masked Space [3], we put if (StaticValue==573). At Masked Space [4], we put if(747==747). At Masked Space [5], we put if(StaticValue==765). At Masked Space [6], we put for(DogCat = 0; DogCat < 1; DogCat++). ",
            "B": "We assign \"747\" to the [Masked Value]. At Masked Space [1], we put if (StaticValue==921). At Masked Space [2], we put if (StaticValue==573). At Masked Space [3], we put if (StaticValue==747). At Masked Space [4], we put if(747==747). At Masked Space [5], we put if(StaticValue==765). At Masked Space [6], we put for(DogCat = 0; DogCat < 1; DogCat++). ",
            "C": "We assign \"747\" to the [Masked Value]. At Masked Space [1], we put if (StaticValue==921). At Masked Space [2], we put if (StaticValue==747). At Masked Space [3], we put if (StaticValue==573). At Masked Space [4], we put if(747==747). At Masked Space [5], we put if(StaticValue==765). At Masked Space [6], we put for(DogCat = 0; DogCat < 1; DogCat++). ",
            "D": "None of the modifications resolve the issue without triggering CWE606."
        },
        "answer": "C",
        "distance": "inner_variant_0"
    },
    {
        "case_id": "CWE606_Unchecked_Loop_Condition__wchar_t_connect_socket_01_bad",
        "org_code": "static int StaticValue = [Masked Value];\nvoid Sample_Func()\n{\n    if([Masked Space 1])\n    {\n        {\n            wchar_t * data;\n            wchar_t dataBuffer[100] = L\"\";\n            data = dataBuffer;\n            {\n        #ifdef _WIN32\n                WSADATA wsaData;\n                int wsaDataInit = 0;\n        #endif\n                int recvResult;\n                struct sockaddr_in service;\n                wchar_t *replace;\n                SOCKET connectSocket = INVALID_SOCKET;\n                size_t dataLen = wcslen(data);\n                do\n                {\n        #ifdef _WIN32\n                    if (WSAStartup(MAKEWORD(2,2), &wsaData) != NO_ERROR)\n                    {\n                        break;\n                    }\n                    wsaDataInit = 1;\n        #endif\n                    connectSocket = socket(AF_INET, SOCK_STREAM, IPPROTO_TCP);\n                    if (connectSocket == INVALID_SOCKET)\n                    {\n                        break;\n                    }\n                    memset(&service, 0, sizeof(service));\n                    service.sin_family = AF_INET;\n                    service.sin_addr.s_addr = inet_addr(IP_ADDRESS);\n                    service.sin_port = htons(TCP_PORT);\n                    if (connect(connectSocket, (struct sockaddr*)&service, sizeof(service)) == SOCKET_ERROR)\n                    {\n                        break;\n                    }\n                    recvResult = recv(connectSocket, (char *)(data + dataLen), sizeof(wchar_t) * (100 - dataLen - 1), 0);\n                    if (recvResult == SOCKET_ERROR || recvResult == 0)\n                    {\n                        break;\n                    }\n                    data[dataLen + recvResult / sizeof(wchar_t)] = L'\\0';\n                    replace = wcschr(data, L'\\r');\n                    if (replace)\n                    {\n                        *replace = L'\\0';\n                    }\n                    replace = wcschr(data, L'\\n');\n                    if (replace)\n                    {\n                        *replace = L'\\0';\n                    }\n                }\n                while (0);\n                if (connectSocket != INVALID_SOCKET)\n                {\n                    CLOSE_SOCKET(connectSocket);\n                }\n        #ifdef _WIN32\n                if (wsaDataInit)\n                {\n                    WSACleanup();\n                }\n        #endif\n            }\n            {\n                int i, n, intVariable;\n                if (swscanf(data, L\"%d\", &n) == 1)\n                {\n                    intVariable = 0;\n                    for (i = 0; i < n; i++)\n                    {\n                        intVariable++;  \n                    }\n                    printIntLine(intVariable);\n                }\n            }\n        }\n    }\n    if([Masked Space 2])\n    {\n        {\n            wchar_t * data;\n            wchar_t dataBuffer[100] = L\"\";\n            data = dataBuffer;\n            wcscpy(data, L\"15\");\n            {\n                int i, n, intVariable;\n                if (swscanf(data, L\"%d\", &n) == 1)\n                {\n                    intVariable = 0;\n                    for (i = 0; i < n; i++)\n                    {\n                        intVariable++;  \n                    }\n                    printIntLine(intVariable);\n                }\n            }\n        }\n    }\n    if([Masked Space 3])\n    {\n        {\n            wchar_t * data;\n            wchar_t dataBuffer[100] = L\"\";\n            data = dataBuffer;\n            {\n        #ifdef _WIN32\n                WSADATA wsaData;\n                int wsaDataInit = 0;\n        #endif\n                int recvResult;\n                struct sockaddr_in service;\n                wchar_t *replace;\n                SOCKET connectSocket = INVALID_SOCKET;\n                size_t dataLen = wcslen(data);\n                do\n                {\n        #ifdef _WIN32\n                    if (WSAStartup(MAKEWORD(2,2), &wsaData) != NO_ERROR)\n                    {\n                        break;\n                    }\n                    wsaDataInit = 1;\n        #endif\n                    connectSocket = socket(AF_INET, SOCK_STREAM, IPPROTO_TCP);\n                    if (connectSocket == INVALID_SOCKET)\n                    {\n                        break;\n                    }\n                    memset(&service, 0, sizeof(service));\n                    service.sin_family = AF_INET;\n                    service.sin_addr.s_addr = inet_addr(IP_ADDRESS);\n                    service.sin_port = htons(TCP_PORT);\n                    if (connect(connectSocket, (struct sockaddr*)&service, sizeof(service)) == SOCKET_ERROR)\n                    {\n                        break;\n                    }\n                    recvResult = recv(connectSocket, (char *)(data + dataLen), sizeof(wchar_t) * (100 - dataLen - 1), 0);\n                    if (recvResult == SOCKET_ERROR || recvResult == 0)\n                    {\n                        break;\n                    }\n                    data[dataLen + recvResult / sizeof(wchar_t)] = L'\\0';\n                    replace = wcschr(data, L'\\r');\n                    if (replace)\n                    {\n                        *replace = L'\\0';\n                    }\n                    replace = wcschr(data, L'\\n');\n                    if (replace)\n                    {\n                        *replace = L'\\0';\n                    }\n                }\n                while (0);\n                if (connectSocket != INVALID_SOCKET)\n                {\n                    CLOSE_SOCKET(connectSocket);\n                }\n        #ifdef _WIN32\n                if (wsaDataInit)\n                {\n                    WSACleanup();\n                }\n        #endif\n            }\n            {\n                int i, n, intVariable;\n                if (swscanf(data, L\"%d\", &n) == 1)\n                {\n                    if (n < MAX_LOOP)\n                    {\n                        intVariable = 0;\n                        for (i = 0; i < n; i++)\n                        {\n                            intVariable++;  \n                        }\n                        printIntLine(intVariable);\n                    }\n                }\n            }\n        }\n    }\n    if([Masked Space 4])\n    {\n        int socketDescriptor;\n        int connectionStatus = 0;\n        char networkBuffer[256];\n        for (socketDescriptor = 0; socketDescriptor < 5; socketDescriptor++) {\n            if (connectionStatus == 0) {\n                networkBuffer[socketDescriptor] = 'A';\n            } else {\n                networkBuffer[socketDescriptor] = '0';\n            }\n        }\n        printLine(\"Successful! Problem Resolved!\");\n    }\n    if([Masked Space 5])\n    {\n        {\n            wchar_t * data;\n            wchar_t dataBuffer[100] = L\"\";\n            data = dataBuffer;\n            wcscpy(data, L\"15\");\n            {\n                int i, n, intVariable;\n                if (swscanf(data, L\"%d\", &n) == 1)\n                {\n                    intVariable = 0;\n                    for (i = 0; i < n; i++)\n                    {\n                        intVariable++;  \n                    }\n                    printIntLine(intVariable);\n                }\n            }\n        }\n    }\n    if([Masked Space 6])\n    {\n        {\n            wchar_t * data;\n            wchar_t dataBuffer[100] = L\"\";\n            data = dataBuffer;\n            {\n        #ifdef _WIN32\n                WSADATA wsaData;\n                int wsaDataInit = 0;\n        #endif\n                int recvResult;\n                struct sockaddr_in service;\n                wchar_t *replace;\n                SOCKET connectSocket = INVALID_SOCKET;\n                size_t dataLen = wcslen(data);\n                do\n                {\n        #ifdef _WIN32\n                    if (WSAStartup(MAKEWORD(2,2), &wsaData) != NO_ERROR)\n                    {\n                        break;\n                    }\n                    wsaDataInit = 1;\n        #endif\n                    connectSocket = socket(AF_INET, SOCK_STREAM, IPPROTO_TCP);\n                    if (connectSocket == INVALID_SOCKET)\n                    {\n                        break;\n                    }\n                    memset(&service, 0, sizeof(service));\n                    service.sin_family = AF_INET;\n                    service.sin_addr.s_addr = inet_addr(IP_ADDRESS);\n                    service.sin_port = htons(TCP_PORT);\n                    if (connect(connectSocket, (struct sockaddr*)&service, sizeof(service)) == SOCKET_ERROR)\n                    {\n                        break;\n                    }\n                    recvResult = recv(connectSocket, (char *)(data + dataLen), sizeof(wchar_t) * (100 - dataLen - 1), 0);\n                    if (recvResult == SOCKET_ERROR || recvResult == 0)\n                    {\n                        break;\n                    }\n                    data[dataLen + recvResult / sizeof(wchar_t)] = L'\\0';\n                    replace = wcschr(data, L'\\r');\n                    if (replace)\n                    {\n                        *replace = L'\\0';\n                    }\n                    replace = wcschr(data, L'\\n');\n                    if (replace)\n                    {\n                        *replace = L'\\0';\n                    }\n                }\n                while (0);\n                if (connectSocket != INVALID_SOCKET)\n                {\n                    CLOSE_SOCKET(connectSocket);\n                }\n        #ifdef _WIN32\n                if (wsaDataInit)\n                {\n                    WSACleanup();\n                }\n        #endif\n            }\n            {\n                int i, n, intVariable;\n                if (swscanf(data, L\"%d\", &n) == 1)\n                {\n                    if (n < MAX_LOOP)\n                    {\n                        intVariable = 0;\n                        for (i = 0; i < n; i++)\n                        {\n                            intVariable++;  \n                        }\n                        printIntLine(intVariable);\n                    }\n                }\n            }\n        }\n    }\n}",
        "CWE_ID": "CWE606",
        "question": "Question: Examine the following code snippet variants. Which set of ([Masked Value], [Masked Space]) will not trigger CWE606 weakness while maintaining the original functionality of the code?",
        "choices": {
            "A": "We assign \"747\" to the [Masked Value]. At Masked Space [1], we put if (StaticValue==713). At Masked Space [2], we put if (StaticValue==781). At Masked Space [3], we put if (StaticValue==1042). At Masked Space [4], we put if(StaticValue==767). At Masked Space [5], we put if (StaticValue==962). At Masked Space [6], we put if (StaticValue==747). ",
            "B": "None of the modifications resolve the issue without triggering CWE606.",
            "C": "We assign \"767\" to the [Masked Value]. At Masked Space [1], we put if (StaticValue==713). At Masked Space [2], we put if (StaticValue==781). At Masked Space [3], we put if (StaticValue==1042). At Masked Space [4], we put if(StaticValue==767). At Masked Space [5], we put if (StaticValue==962). At Masked Space [6], we put if (StaticValue==747). ",
            "D": "We assign \"747\" to the [Masked Value]. At Masked Space [1], we put if (StaticValue==747). At Masked Space [2], we put if (StaticValue==781). At Masked Space [3], we put if (StaticValue==1042). At Masked Space [4], we put if(StaticValue==767). At Masked Space [5], we put if (StaticValue==962). At Masked Space [6], we put if (StaticValue==713). "
        },
        "answer": "A",
        "distance": "outer"
    },
    {
        "case_id": "CWE606_Unchecked_Loop_Condition__wchar_t_connect_socket_01_bad",
        "org_code": "static int StaticValue = [Masked Value];\nvoid Sample_Func()\n{\n    if([Masked Space 1])\n    {\n        int DogCat;\n        {\n            wchar_t * data;\n            wchar_t dataBuffer[100] = L\"\";\n            data = dataBuffer;\n            {\n        #ifdef _WIN32\n                WSADATA wsaData;\n                int wsaDataInit = 0;\n        #endif\n                int recvResult;\n                struct sockaddr_in service;\n                wchar_t *replace;\n                SOCKET connectSocket = INVALID_SOCKET;\n                size_t dataLen = wcslen(data);\n                do\n                {\n        #ifdef _WIN32\n                    if (WSAStartup(MAKEWORD(2,2), &wsaData) != NO_ERROR)\n                    {\n                        break;\n                    }\n                    wsaDataInit = 1;\n        #endif\n                    connectSocket = socket(AF_INET, SOCK_STREAM, IPPROTO_TCP);\n                    if (connectSocket == INVALID_SOCKET)\n                    {\n                        break;\n                    }\n                    memset(&service, 0, sizeof(service));\n                    service.sin_family = AF_INET;\n                    service.sin_addr.s_addr = inet_addr(IP_ADDRESS);\n                    [Masked Space 2]\n                    {\n                        service.sin_port = htons(TCP_PORT);\n                    }\n                    if (connect(connectSocket, (struct sockaddr*)&service, sizeof(service)) == SOCKET_ERROR)\n                    {\n                        break;\n                    }\n                    recvResult = recv(connectSocket, (char *)(data + dataLen), sizeof(wchar_t) * (100 - dataLen - 1), 0);\n                    if (recvResult == SOCKET_ERROR || recvResult == 0)\n                    {\n                        break;\n                    }\n                    data[dataLen + recvResult / sizeof(wchar_t)] = L'\\0';\n                    replace = wcschr(data, L'\\r');\n                    if (replace)\n                    {\n                        *replace = L'\\0';\n                    }\n                    [Masked Space 3]\n                    {\n                        replace = wcschr(data, L'\\n');\n                    }\n                    if (replace)\n                    {\n                        *replace = L'\\0';\n                    }\n                }\n                while (0);\n                if (connectSocket != INVALID_SOCKET)\n                {\n                    CLOSE_SOCKET(connectSocket);\n                }\n        #ifdef _WIN32\n                if (wsaDataInit)\n                {\n                    WSACleanup();\n                }\n        #endif\n            }\n            {\n                int i, n, intVariable;\n                if (swscanf(data, L\"%d\", &n) == 1)\n                {\n                    intVariable = 0;\n                    for (i = 0; i < n; i++)\n                    {\n                        intVariable++;  \n                    }\n                    printIntLine(intVariable);\n                }\n            }\n        }\n    }\n    if([Masked Space 4])\n    {\n        {\n            wchar_t * data;\n            wchar_t dataBuffer[100] = L\"\";\n            data = dataBuffer;\n            wcscpy(data, L\"15\");\n            {\n                int i, n, intVariable;\n                if (swscanf(data, L\"%d\", &n) == 1)\n                {\n                    intVariable = 0;\n                    for (i = 0; i < n; i++)\n                    {\n                        intVariable++;  \n                    }\n                    printIntLine(intVariable);\n                }\n            }\n        }\n    }\n    if([Masked Space 5])\n    {\n        {\n            wchar_t * data;\n            wchar_t dataBuffer[100] = L\"\";\n            data = dataBuffer;\n            {\n        #ifdef _WIN32\n                WSADATA wsaData;\n                int wsaDataInit = 0;\n        #endif\n                int recvResult;\n                struct sockaddr_in service;\n                wchar_t *replace;\n                SOCKET connectSocket = INVALID_SOCKET;\n                size_t dataLen = wcslen(data);\n                do\n                {\n        #ifdef _WIN32\n                    if (WSAStartup(MAKEWORD(2,2), &wsaData) != NO_ERROR)\n                    {\n                        break;\n                    }\n                    wsaDataInit = 1;\n        #endif\n                    [Masked Space 6]\n                    {\n                        connectSocket = socket(AF_INET, SOCK_STREAM, IPPROTO_TCP);\n                    }\n                    if (connectSocket == INVALID_SOCKET)\n                    {\n                        break;\n                    }\n                    memset(&service, 0, sizeof(service));\n                    service.sin_family = AF_INET;\n                    service.sin_addr.s_addr = inet_addr(IP_ADDRESS);\n                    [Masked Space 7]\n                    {\n                        service.sin_port = htons(TCP_PORT);\n                    }\n                    if (connect(connectSocket, (struct sockaddr*)&service, sizeof(service)) == SOCKET_ERROR)\n                    {\n                        break;\n                    }\n                    recvResult = recv(connectSocket, (char *)(data + dataLen), sizeof(wchar_t) * (100 - dataLen - 1), 0);\n                    if (recvResult == SOCKET_ERROR || recvResult == 0)\n                    {\n                        break;\n                    }\n                    data[dataLen + recvResult / sizeof(wchar_t)] = L'\\0';\n                    replace = wcschr(data, L'\\r');\n                    if (replace)\n                    {\n                        *replace = L'\\0';\n                    }\n                    replace = wcschr(data, L'\\n');\n                    if (replace)\n                    {\n                        *replace = L'\\0';\n                    }\n                }\n                while (0);\n                if (connectSocket != INVALID_SOCKET)\n                {\n                    CLOSE_SOCKET(connectSocket);\n                }\n        #ifdef _WIN32\n                if (wsaDataInit)\n                {\n                    WSACleanup();\n                }\n        #endif\n            }\n            {\n                int i, n, intVariable;\n                if (swscanf(data, L\"%d\", &n) == 1)\n                {\n                    if (n < MAX_LOOP)\n                    {\n                        intVariable = 0;\n                        for (i = 0; i < n; i++)\n                        {\n                            intVariable++;  \n                        }\n                        printIntLine(intVariable);\n                    }\n                }\n            }\n        }\n    }\n    if([Masked Space 8])\n    {\n        int socketDescriptor;\n        int connectionStatus = 0;\n        char networkBuffer[256];\n        for (socketDescriptor = 0; socketDescriptor < 5; socketDescriptor++) {\n            if (connectionStatus == 0) {\n                networkBuffer[socketDescriptor] = 'A';\n            } else {\n                networkBuffer[socketDescriptor] = '0';\n            }\n        }\n        printLine(\"Successful! Problem Resolved!\");\n    }\n    if([Masked Space 9])\n    {\n        {\n            wchar_t * data;\n            wchar_t dataBuffer[100] = L\"\";\n            data = dataBuffer;\n            wcscpy(data, L\"15\");\n            {\n                int i, n, intVariable;\n                if (swscanf(data, L\"%d\", &n) == 1)\n                {\n                    intVariable = 0;\n                    for (i = 0; i < n; i++)\n                    {\n                        intVariable++;  \n                    }\n                    printIntLine(intVariable);\n                }\n            }\n        }\n    }\n    if([Masked Space 10])\n    {\n        int DogCat;\n        {\n            wchar_t * data;\n            wchar_t dataBuffer[100] = L\"\";\n            data = dataBuffer;\n            {\n        #ifdef _WIN32\n                WSADATA wsaData;\n                int wsaDataInit = 0;\n        #endif\n                int recvResult;\n                struct sockaddr_in service;\n                wchar_t *replace;\n                SOCKET connectSocket = INVALID_SOCKET;\n                size_t dataLen = wcslen(data);\n                do\n                {\n        #ifdef _WIN32\n                    if (WSAStartup(MAKEWORD(2,2), &wsaData) != NO_ERROR)\n                    {\n                        break;\n                    }\n                    wsaDataInit = 1;\n        #endif\n                    connectSocket = socket(AF_INET, SOCK_STREAM, IPPROTO_TCP);\n                    if (connectSocket == INVALID_SOCKET)\n                    {\n                        break;\n                    }\n                    memset(&service, 0, sizeof(service));\n                    service.sin_family = AF_INET;\n                    [Masked Space 11]\n                    {\n                        service.sin_addr.s_addr = inet_addr(IP_ADDRESS);\n                    }\n                    service.sin_port = htons(TCP_PORT);\n                    if (connect(connectSocket, (struct sockaddr*)&service, sizeof(service)) == SOCKET_ERROR)\n                    {\n                        break;\n                    }\n                    recvResult = recv(connectSocket, (char *)(data + dataLen), sizeof(wchar_t) * (100 - dataLen - 1), 0);\n                    if (recvResult == SOCKET_ERROR || recvResult == 0)\n                    {\n                        break;\n                    }\n                    data[dataLen + recvResult / sizeof(wchar_t)] = L'\\0';\n                    replace = wcschr(data, L'\\r');\n                    if (replace)\n                    {\n                        *replace = L'\\0';\n                    }\n                    replace = wcschr(data, L'\\n');\n                    if (replace)\n                    {\n                        *replace = L'\\0';\n                    }\n                }\n                while (0);\n                if (connectSocket != INVALID_SOCKET)\n                {\n                    CLOSE_SOCKET(connectSocket);\n                }\n        #ifdef _WIN32\n                if (wsaDataInit)\n                {\n                    WSACleanup();\n                }\n        #endif\n            }\n            [Masked Space 12]\n            {\n                {\n                    int i, n, intVariable;\n                    if (swscanf(data, L\"%d\", &n) == 1)\n                    {\n                        if (n < MAX_LOOP)\n                        {\n                            intVariable = 0;\n                            for (i = 0; i < n; i++)\n                            {\n                                intVariable++;  \n                            }\n                            printIntLine(intVariable);\n                        }\n                    }\n                }\n            }\n        }\n    }\n}",
        "CWE_ID": "CWE606",
        "question": "Question: Examine the following code snippet variants. Which set of ([Masked Value], [Masked Space]) will not trigger CWE606 weakness while maintaining the original functionality of the code?",
        "choices": {
            "A": "None of the modifications resolve the issue without triggering CWE606.",
            "B": "We assign \"759\" to the [Masked Value]. At Masked Space [1], we put if (StaticValue==713). At Masked Space [2], we put for(DogCat = 0; DogCat < 1; DogCat++). At Masked Space [3], we put if(747==747). At Masked Space [4], we put if (StaticValue==781). At Masked Space [5], we put if (StaticValue==1042). At Masked Space [6], we put if(747==747). At Masked Space [7], we put if(StaticValue==747). At Masked Space [8], we put if(StaticValue==759). At Masked Space [9], we put if (StaticValue==962). At Masked Space [10], we put if (StaticValue==747). At Masked Space [11], we put if(1). At Masked Space [12], we put for(DogCat = 0; DogCat < 1; DogCat++). ",
            "C": "We assign \"747\" to the [Masked Value]. At Masked Space [1], we put if (StaticValue==713). At Masked Space [2], we put for(DogCat = 0; DogCat < 1; DogCat++). At Masked Space [3], we put if(747==747). At Masked Space [4], we put if (StaticValue==781). At Masked Space [5], we put if (StaticValue==1042). At Masked Space [6], we put if(747==747). At Masked Space [7], we put if(StaticValue==747). At Masked Space [8], we put if(StaticValue==759). At Masked Space [9], we put if (StaticValue==962). At Masked Space [10], we put if (StaticValue==747). At Masked Space [11], we put if(1). At Masked Space [12], we put for(DogCat = 0; DogCat < 1; DogCat++). ",
            "D": "We assign \"747\" to the [Masked Value]. At Masked Space [1], we put if (StaticValue==747). At Masked Space [2], we put for(DogCat = 0; DogCat < 1; DogCat++). At Masked Space [3], we put if(747==747). At Masked Space [4], we put if (StaticValue==781). At Masked Space [5], we put if (StaticValue==1042). At Masked Space [6], we put if(747==747). At Masked Space [7], we put if(StaticValue==747). At Masked Space [8], we put if(StaticValue==759). At Masked Space [9], we put if (StaticValue==962). At Masked Space [10], we put if (StaticValue==713). At Masked Space [11], we put if(1). At Masked Space [12], we put for(DogCat = 0; DogCat < 1; DogCat++). "
        },
        "answer": "C",
        "distance": "outer_variant"
    }
]