[
    {
        "code": "static int read_tfra(MOVContext *mov, AVIOContext *f)\n{\n    MOVFragmentIndex* index = NULL;\n    int version, fieldlength, i, j;\n    int64_t pos = avio_tell(f);\n    uint32_t size = avio_rb32(f);\n    void *tmp;\n    if (avio_rb32(f) != MKBETAG('t', 'f', 'r', 'a'))\n    {\n        return 1;\n    }\n    av_log(mov->fc, AV_LOG_VERBOSE, \"found tfra\\n\");\n    index = av_mallocz(sizeof(MOVFragmentIndex));\n    if (!index)\n    {\n        return AVERROR(ENOMEM);\n    }\n    tmp = av_realloc_array(mov->fragment_index_data, mov->fragment_index_count + 1, sizeof(MOVFragmentIndex*));\n    if (!tmp)\n    {\n        av_freep(&index);\n        return AVERROR(ENOMEM);\n    }\n    mov->fragment_index_data = tmp;\n    mov->fragment_index_data[mov->fragment_index_count++] = index;\n    version = avio_r8(f);\n    avio_rb24(f);\n    index->track_id = avio_rb32(f);\n    fieldlength = avio_rb32(f);\n    index->item_count = avio_rb32(f);\n    index->items = av_mallocz_array(index->item_count, sizeof(MOVFragmentIndexItem));\n    if (!index->items)\n    {\n        index->item_count = 0;\n        return AVERROR(ENOMEM);\n    }\n    for (i = 0; i < index->item_count; i++)\n    {\n        int64_t time, offset;\n        if (version == 1)\n        {\n            time   = avio_rb64(f);\n            offset = avio_rb64(f);\n        }\n        else\n        {\n            time   = avio_rb32(f);\n            offset = avio_rb32(f);\n        }\n        index->items[i].time = time;\n        index->items[i].moof_offset = offset;\n        for (j = 0; j < ((fieldlength >> 4) & 3) + 1; j++)\n        {\n            avio_r8(f);\n        }\n        for (j = 0; j < ((fieldlength >> 2) & 3) + 1; j++)\n        {\n            avio_r8(f);\n        }\n        for (j = 0; j < ((fieldlength >> 0) & 3) + 1; j++)\n        {\n            avio_r8(f);\n        }\n    }\n    avio_seek(f, pos + size, SEEK_SET);\n    return 0;\n}\n",
        "CWE_ID": "CWE-834",
        "Case_ID": "primevul_primevul_9",
        "Answer": "A",
        "question": "Given the provided code snippet, would this code trigger CWE-834?",
        "options": {
            "A": "Yes, this code would trigger CWE-834.",
            "B": "No, this code would not trigger CWE-834.",
            "C": "Cannot tell due to the lack of information."
        }
    },
    {
        "code": "static int read_tfra(MOVContext *mov, AVIOContext *f)\n{\n    MOVFragmentIndex* index = NULL;\n    int version, fieldlength, i, j;\n    int64_t pos = avio_tell(f);\n    uint32_t size = avio_rb32(f);\n    void *tmp;\n    if (avio_rb32(f) != MKBETAG('t', 'f', 'r', 'a'))\n    {\n        return 1;\n    }\n    av_log(mov->fc, AV_LOG_VERBOSE, \"found tfra\\n\");\n    index = av_mallocz(sizeof(MOVFragmentIndex));\n    if (!index)\n    {\n        return AVERROR(ENOMEM);\n    }\n    tmp = av_realloc_array(mov->fragment_index_data, mov->fragment_index_count + 1, sizeof(MOVFragmentIndex*));\n    if (!tmp)\n    {\n        av_freep(&index);\n        return AVERROR(ENOMEM);\n    }\n    mov->fragment_index_data = tmp;\n    mov->fragment_index_data[mov->fragment_index_count++] = index;\n    version = avio_r8(f);\n    avio_rb24(f);\n    index->track_id = avio_rb32(f);\n    fieldlength = avio_rb32(f);\n    index->item_count = avio_rb32(f);\n    index->items = av_mallocz_array(index->item_count, sizeof(MOVFragmentIndexItem));\n    if (!index->items)\n    {\n        index->item_count = 0;\n        return AVERROR(ENOMEM);\n    }\n    for (i = 0; i < index->item_count; i++)\n    {\n        int64_t time, offset;\n        if (avio_feof(f))\n        {\n            index->item_count = 0;\n            av_freep(&index->items);\n            return AVERROR_INVALIDDATA;\n        }\n        if (version == 1)\n        {\n            time   = avio_rb64(f);\n            offset = avio_rb64(f);\n        }\n        else\n        {\n            time   = avio_rb32(f);\n            offset = avio_rb32(f);\n        }\n        index->items[i].time = time;\n        index->items[i].moof_offset = offset;\n        for (j = 0; j < ((fieldlength >> 4) & 3) + 1; j++)\n        {\n            avio_r8(f);\n        }\n        for (j = 0; j < ((fieldlength >> 2) & 3) + 1; j++)\n        {\n            avio_r8(f);\n        }\n        for (j = 0; j < ((fieldlength >> 0) & 3) + 1; j++)\n        {\n            avio_r8(f);\n        }\n    }\n    avio_seek(f, pos + size, SEEK_SET);\n    return 0;\n}\n",
        "CWE_ID": "CWE-834",
        "Case_ID": "primevul_primevul_9",
        "Answer": "B",
        "question": "Given the provided code snippet, would this code trigger CWE-834?",
        "options": {
            "A": "Yes, this code would trigger CWE-834.",
            "B": "No, this code would not trigger CWE-834.",
            "C": "Cannot tell due to the lack of information."
        }
    }
]