[
    {
        "code": "xfs_attr_shortform_addname(xfs_da_args_t *args)\n{\n    int newsize, forkoff, retval;\n    trace_xfs_attr_sf_addname(args);\n    retval = xfs_attr_shortform_lookup(args);\n    if ((args->flags & ATTR_REPLACE) && (retval == -ENOATTR))\n    {\n        return retval;\n    }\n    else if (retval == -EEXIST)\n    {\n        if (args->flags & ATTR_CREATE)\n        {\n            return retval;\n        }\n        retval = xfs_attr_shortform_remove(args);\n        ASSERT(retval == 0);\n    }\n    if (args->namelen >= XFS_ATTR_SF_ENTSIZE_MAX || args->valuelen >= XFS_ATTR_SF_ENTSIZE_MAX)\n    {\n        return -ENOSPC;\n    }\n    newsize = XFS_ATTR_SF_TOTSIZE(args->dp);\n    newsize += XFS_ATTR_SF_ENTSIZE_BYNAME(args->namelen, args->valuelen);\n    forkoff = xfs_attr_shortform_bytesfit(args->dp, newsize);\n    if (!forkoff)\n    {\n        return -ENOSPC;\n    }\n    xfs_attr_shortform_add(args, forkoff);\n    return 0;\n}\n",
        "CWE_ID": "CWE-754",
        "Case_ID": "primevul_primevul_9",
        "Answer": "A",
        "question": "Given the provided code snippet, would this code trigger CWE-754?",
        "options": {
            "A": "Yes, this code would trigger CWE-754.",
            "B": "No, this code would not trigger CWE-754.",
            "C": "Cannot tell due to the lack of information."
        }
    },
    {
        "code": "xfs_attr_shortform_addname(xfs_da_args_t *args)\n{\n    int newsize, forkoff, retval;\n    trace_xfs_attr_sf_addname(args);\n    retval = xfs_attr_shortform_lookup(args);\n    if ((args->flags & ATTR_REPLACE) && (retval == -ENOATTR))\n    {\n        return retval;\n    }\n    else if (retval == -EEXIST)\n    {\n        if (args->flags & ATTR_CREATE)\n        {\n            return retval;\n        }\n        retval = xfs_attr_shortform_remove(args);\n        if (retval)\n        {\n            return retval;\n        }\n        args->flags &= ~ATTR_REPLACE;\n    }\n    if (args->namelen >= XFS_ATTR_SF_ENTSIZE_MAX || args->valuelen >= XFS_ATTR_SF_ENTSIZE_MAX)\n    {\n        return -ENOSPC;\n    }\n    newsize = XFS_ATTR_SF_TOTSIZE(args->dp);\n    newsize += XFS_ATTR_SF_ENTSIZE_BYNAME(args->namelen, args->valuelen);\n    forkoff = xfs_attr_shortform_bytesfit(args->dp, newsize);\n    if (!forkoff)\n    {\n        return -ENOSPC;\n    }\n    xfs_attr_shortform_add(args, forkoff);\n    return 0;\n}\n",
        "CWE_ID": "CWE-754",
        "Case_ID": "primevul_primevul_9",
        "Answer": "B",
        "question": "Given the provided code snippet, would this code trigger CWE-754?",
        "options": {
            "A": "Yes, this code would trigger CWE-754.",
            "B": "No, this code would not trigger CWE-754.",
            "C": "Cannot tell due to the lack of information."
        }
    }
]