[
    {
        "code": "int main(int, char **argv)\n{\n  InitializeMagick(*argv);\n  int failures = 0;\n  try\n  {\n    string srcdir(\"\");\n    if (getenv(\"SRCDIR\") != 0)\n    {\n      srcdir = getenv(\"SRCDIR\");\n    }\n    list<Image> imageList;\n    readImages(&imageList, srcdir + \"test_image_anim.miff\");\n    Image appended;\n    appendImages(&appended, imageList.begin(), imageList.end());\n    if ((appended.signature() != \"3a90bb0bb8f69f6788ab99e9e25598a0d6c5cdbbb797f77ad68011e0a8b1689d\") &&\n        (appended.signature() != \"c15fcd1e739b73638dc4e36837bdb53f7087359544664caf7b1763928129f3c7\") &&\n        (appended.signature() != \"229ff72f812e5f536245dc3b4502a0bc2ab2363f67c545863a85ab91ebfbfb83\") &&\n        (appended.signature() != \"b98c42c55fc4e661cb3684154256809c03c0c6b53da2738b6ce8066e1b6ddef0\"))\n    {\n      ++failures;\n      cout << \"Line: \" << __LINE__\n           << \"  Horizontal append failed, signature = \"\n           << appended.signature() << endl;\n      appended.write(\"appendImages_horizontal_out.miff\");\n    }\n    appendImages(&appended, imageList.begin(), imageList.end(), true);\n    if ((appended.signature() != \"d73d25ccd6011936d08b6d0d89183b7a61790544c2195269aff4db2f782ffc08\") &&\n        (appended.signature() != \"0909f7ffa7c6ea410fb2ebfdbcb19d61b19c4bd271851ce3bd51662519dc2b58\") &&\n        (appended.signature() != \"11b97ba6ac1664aa1c2faed4c86195472ae9cce2ed75402d975bb4ffcf1de751\") &&\n        (appended.signature() != \"cae4815eeb3cb689e73b94d897a9957d3414d1d4f513e8b5e52579b05d164bfe\"))\n    {\n      ++failures;\n      cout << \"Line: \" << __LINE__\n           << \"  Vertical append failed, signature = \"\n           << appended.signature() << endl;\n      appended.write(\"appendImages_vertical_out.miff\");\n    }\n  }\n  catch (Exception &error_)\n  {\n    cout << \"Caught exception: \" << error_.what() << endl;\n    return 1;\n  }\n  catch (exception &error_)\n  {\n    cout << \"Caught exception: \" << error_.what() << endl;\n    return 1;\n  }\n  if (failures)\n  {\n    cout << failures << \" failures\" << endl;\n    return 1;\n  }\n  return 0;\n}\n",
        "CWE_ID": "CWE-369",
        "Case_ID": "primevul_primevul_9",
        "Answer": "A",
        "question": "Given the provided code snippet, would this code trigger CWE-369?",
        "options": {
            "A": "Yes, this code would trigger CWE-369.",
            "B": "No, this code would not trigger CWE-369.",
            "C": "Cannot tell due to the lack of information."
        }
    },
    {
        "code": "int main(int, char **argv)\n{\n  InitializeMagick(*argv);\n  int failures = 0;\n  try\n  {\n    string srcdir(\"\");\n    if (getenv(\"SRCDIR\") != 0)\n    {\n      srcdir = getenv(\"SRCDIR\");\n    }\n    list<Image> imageList;\n    readImages(&imageList, srcdir + \"test_image_anim.miff\");\n    Image appended;\n    appendImages(&appended, imageList.begin(), imageList.end());\n    if ((appended.signature() != \"3a90bb0bb8f69f6788ab99e9e25598a0d6c5cdbbb797f77ad68011e0a8b1689d\") &&\n        (appended.signature() != \"c15fcd1e739b73638dc4e36837bdb53f7087359544664caf7b1763928129f3c7\") &&\n        (appended.signature() != \"229ff72f812e5f536245dc3b4502a0bc2ab2363f67c545863a85ab91ebfbfb83\") &&\n        (appended.signature() != \"b98c42c55fc4e661cb3684154256809c03c0c6b53da2738b6ce8066e1b6ddef0\"))\n    {\n      ++failures;\n      cout << \"Line: \" << __LINE__\n           << \"  Horizontal append failed, signature = \"\n           << appended.signature() << endl;\n      appended.write(\"appendImages_horizontal_out.miff\");\n    }\n    appendImages(&appended, imageList.begin(), imageList.end(), true);\n    if ((appended.signature() != \"d73d25ccd6011936d08b6d0d89183b7a61790544c2195269aff4db2f782ffc08\") &&\n        (appended.signature() != \"f3590c183018757da798613a23505ab9600b35935988eee12f096cb6219f2bc3\") &&\n        (appended.signature() != \"11b97ba6ac1664aa1c2faed4c86195472ae9cce2ed75402d975bb4ffcf1de751\") &&\n        (appended.signature() != \"cae4815eeb3cb689e73b94d897a9957d3414d1d4f513e8b5e52579b05d164bfe\"))\n    {\n      ++failures;\n      cout << \"Line: \" << __LINE__\n           << \"  Vertical append failed, signature = \"\n           << appended.signature() << endl;\n      appended.write(\"appendImages_vertical_out.miff\");\n    }\n  }\n  catch (Exception &error_)\n  {\n    cout << \"Caught exception: \" << error_.what() << endl;\n    return 1;\n  }\n  catch (exception &error_)\n  {\n    cout << \"Caught exception: \" << error_.what() << endl;\n    return 1;\n  }\n  if (failures)\n  {\n    cout << failures << \" failures\" << endl;\n    return 1;\n  }\n  return 0;\n}\n",
        "CWE_ID": "CWE-369",
        "Case_ID": "primevul_primevul_9",
        "Answer": "B",
        "question": "Given the provided code snippet, would this code trigger CWE-369?",
        "options": {
            "A": "Yes, this code would trigger CWE-369.",
            "B": "No, this code would not trigger CWE-369.",
            "C": "Cannot tell due to the lack of information."
        }
    }
]