[
    {
        "code": "sp<IMemoryHeap> BpMemory::getMemory(ssize_t* offset, size_t* size) const\n{\n    if (mHeap == 0)\n    {\n        Parcel data, reply;\n        data.writeInterfaceToken(IMemory::getInterfaceDescriptor());\n        if (remote()->transact(GET_MEMORY, data, &reply) == NO_ERROR)\n        {\n            sp<IBinder> heap = reply.readStrongBinder();\n            ssize_t o = reply.readInt32();\n            size_t s = reply.readInt32();\n            if (heap != 0)\n            {\n                mHeap = interface_cast<IMemoryHeap>(heap);\n                if (mHeap != 0)\n                {\n                    mOffset = o;\n                    mSize = s;\n                }\n            }\n        }\n    }\n    if (offset)\n    {\n        *offset = mOffset;\n    }\n    if (size)\n    {\n        *size = mSize;\n    }\n    return mHeap;\n}\n",
        "CWE_ID": "CWE-264",
        "Case_ID": "primevul_primevul_9",
        "Answer": "A",
        "question": "Given the provided code snippet, would this code trigger CWE-264?",
        "options": {
            "A": "Yes, this code would trigger CWE-264.",
            "B": "No, this code would not trigger CWE-264.",
            "C": "Cannot tell due to the lack of information."
        }
    },
    {
        "code": "sp<IMemoryHeap> BpMemory::getMemory(ssize_t* offset, size_t* size) const\n{\n    if (mHeap == 0)\n    {\n        Parcel data, reply;\n        data.writeInterfaceToken(IMemory::getInterfaceDescriptor());\n        if (remote()->transact(GET_MEMORY, data, &reply) == NO_ERROR)\n        {\n            sp<IBinder> heap = reply.readStrongBinder();\n            ssize_t o = reply.readInt32();\n            size_t s = reply.readInt32();\n            if (heap != 0)\n            {\n                mHeap = interface_cast<IMemoryHeap>(heap);\n                if (mHeap != 0)\n                {\n                    size_t heapSize = mHeap->getSize();\n                    if (s <= heapSize && o >= 0 && (static_cast<size_t>(o) <= heapSize - s))\n                    {\n                        mOffset = o;\n                        mSize = s;\n                    }\n                    else\n                    {\n                        android_errorWriteWithInfoLog(0x534e4554, \"26877992\", -1, NULL, 0);\n                        mOffset = 0;\n                        mSize = 0;\n                    }\n                }\n            }\n        }\n    }\n    if (offset)\n    {\n        *offset = mOffset;\n    }\n    if (size)\n    {\n        *size = mSize;\n    }\n    return (mSize > 0) ? mHeap : 0;\n}\n",
        "CWE_ID": "CWE-264",
        "Case_ID": "primevul_primevul_9",
        "Answer": "B",
        "question": "Given the provided code snippet, would this code trigger CWE-264?",
        "options": {
            "A": "Yes, this code would trigger CWE-264.",
            "B": "No, this code would not trigger CWE-264.",
            "C": "Cannot tell due to the lack of information."
        }
    }
]