[
    {
        "code": "struct error_obj run_pam_auth(const char *username, char *password)\n{\n    struct pam_response *reply = malloc(sizeof(struct pam_response));\n    if (reply == NULL)\n    {\n        struct error_obj ret_val;\n        ret_val.status = 2;\n        ret_val.func_name = \"malloc\";\n        ret_val.error_msg = \"Out of memory\";\n        return ret_val;\n    }\n    reply->resp = password;\n    reply->resp_retcode = 0;\n    const struct pam_conv local_conv = { conv_func, reply };\n    pam_handle_t *local_auth = NULL;\n    int status = pam_start(\"maddy\", username, &local_conv, &local_auth);\n    if (status != PAM_SUCCESS)\n    {\n        struct error_obj ret_val;\n        ret_val.status = 2;\n        ret_val.func_name = \"pam_start\";\n        ret_val.error_msg = pam_strerror(local_auth, status);\n        return ret_val;\n    }\n    status = pam_authenticate(local_auth, PAM_SILENT|PAM_DISALLOW_NULL_AUTHTOK);\n    if (status != PAM_SUCCESS)\n    {\n        struct error_obj ret_val;\n        if (status == PAM_AUTH_ERR || status == PAM_USER_UNKNOWN)\n        {\n            ret_val.status = 1;\n        }\n        else\n        {\n            ret_val.status = 2;\n        }\n        ret_val.func_name = \"pam_authenticate\";\n        ret_val.error_msg = pam_strerror(local_auth, status);\n        return ret_val;\n    }\n    status = pam_end(local_auth, status);\n    if (status != PAM_SUCCESS)\n    {\n        struct error_obj ret_val;\n        ret_val.status = 2;\n        ret_val.func_name = \"pam_end\";\n        ret_val.error_msg = pam_strerror(local_auth, status);\n        return ret_val;\n    }\n    struct error_obj ret_val;\n    ret_val.status = 0;\n    ret_val.func_name = NULL;\n    ret_val.error_msg = NULL;\n    return ret_val;\n}\n",
        "CWE_ID": "CWE-613",
        "Case_ID": "primevul_primevul_9",
        "Answer": "A",
        "question": "Given the provided code snippet, would this code trigger CWE-613?",
        "options": {
            "A": "Yes, this code would trigger CWE-613.",
            "B": "No, this code would not trigger CWE-613.",
            "C": "Cannot tell due to the lack of information."
        }
    },
    {
        "code": "struct error_obj run_pam_auth(const char *username, char *password)\n{\n    struct pam_response *reply = malloc(sizeof(struct pam_response));\n    if (reply == NULL)\n    {\n        struct error_obj ret_val;\n        ret_val.status = 2;\n        ret_val.func_name = \"malloc\";\n        ret_val.error_msg = \"Out of memory\";\n        return ret_val;\n    }\n    reply->resp = password;\n    reply->resp_retcode = 0;\n    const struct pam_conv local_conv = { conv_func, reply };\n    pam_handle_t *local_auth = NULL;\n    int status = pam_start(\"maddy\", username, &local_conv, &local_auth);\n    if (status != PAM_SUCCESS)\n    {\n        struct error_obj ret_val;\n        ret_val.status = 2;\n        ret_val.func_name = \"pam_start\";\n        ret_val.error_msg = pam_strerror(local_auth, status);\n        return ret_val;\n    }\n    status = pam_authenticate(local_auth, PAM_SILENT|PAM_DISALLOW_NULL_AUTHTOK);\n    if (status != PAM_SUCCESS)\n    {\n        struct error_obj ret_val;\n        if (status == PAM_AUTH_ERR || status == PAM_USER_UNKNOWN)\n        {\n            ret_val.status = 1;\n        }\n        else\n        {\n            ret_val.status = 2;\n        }\n        ret_val.func_name = \"pam_authenticate\";\n        ret_val.error_msg = pam_strerror(local_auth, status);\n        return ret_val;\n    }\n    status = pam_acct_mgmt(local_auth, PAM_SILENT|PAM_DISALLOW_NULL_AUTHTOK);\n    if (status != PAM_SUCCESS)\n    {\n        struct error_obj ret_val;\n        if (status == PAM_AUTH_ERR || status == PAM_USER_UNKNOWN || status == PAM_NEW_AUTHTOK_REQD)\n        {\n            ret_val.status = 1;\n        }\n        else\n        {\n            ret_val.status = 2;\n        }\n        ret_val.func_name = \"pam_acct_mgmt\";\n        ret_val.error_msg = pam_strerror(local_auth, status);\n        return ret_val;\n    }\n    status = pam_end(local_auth, status);\n    if (status != PAM_SUCCESS)\n    {\n        struct error_obj ret_val;\n        ret_val.status = 2;\n        ret_val.func_name = \"pam_end\";\n        ret_val.error_msg = pam_strerror(local_auth, status);\n        return ret_val;\n    }\n    struct error_obj ret_val;\n    ret_val.status = 0;\n    ret_val.func_name = NULL;\n    ret_val.error_msg = NULL;\n    return ret_val;\n}\n",
        "CWE_ID": "CWE-613",
        "Case_ID": "primevul_primevul_9",
        "Answer": "B",
        "question": "Given the provided code snippet, would this code trigger CWE-613?",
        "options": {
            "A": "Yes, this code would trigger CWE-613.",
            "B": "No, this code would not trigger CWE-613.",
            "C": "Cannot tell due to the lack of information."
        }
    }
]