[
    {
        "case_id": "CWE506_Embedded_Malicious_Code__w32_aes_encrypted_payload_01_bad",
        "org_code": "Original Code Snippet:\nvoid Sample_Func()\n{\n    {\n        BYTE payload[20] = {0xfb, 0x50, 0xe5, 0x8d, 0xc5, 0x4b, 0xdd, 0xe0, 0x26, 0x2b, 0x98, 0x49, 0x73, 0xfb, 0x4c, 0xf6};\n        DWORD payloadLen = strlen((char *)payload);\n        HCRYPTPROV hCryptProv = 0;\n        HCRYPTHASH hHash = 0;\n        HCRYPTKEY hKey = 0;\n        char hashData[100] = HASH_INPUT;\n        do\n        {\n            if(!CryptAcquireContext(&hCryptProv, NULL, MS_ENH_RSA_AES_PROV, PROV_RSA_AES, 0))\n            {\n                break;\n            }\n            if(!CryptCreateHash(hCryptProv, CALG_SHA_256, 0, 0, &hHash))\n            {\n                break;\n            }\n            if(!CryptHashData(hHash, (BYTE*)hashData, strlen(hashData), 0))\n            {\n                break;\n            }\n            if(!CryptDeriveKey(hCryptProv, CALG_AES_256, hHash, 0, &hKey))\n            {\n                break;\n            }\n            if(!CryptDecrypt(hKey, 0, 1, 0, (BYTE *)payload, &payloadLen))\n            {\n                break;\n            }\n            payload[payloadLen] = '\\0';\n            if(system((char*)payload) <= 0)\n            {\n                printLine(\"command execution failed!\");\n                exit(1);\n            }\n        }\n        while (0);\n        if (hKey)\n        {\n            CryptDestroyKey(hKey);\n        }\n        if (hHash)\n        {\n            CryptDestroyHash(hHash);\n        }\n        if (hCryptProv)\n        {\n            CryptReleaseContext(hCryptProv, 0);\n        }\n    }\n}\n",
        "new_code": "Code Snippet Variant:\nstatic int StaticValue = 594;\nvoid Sample_Func()\n{\n    if (StaticValue==503)\n    {\n        {\n            {\n                BYTE payload[20] = {0xfb, 0x50, 0xe5, 0x8d, 0xc5, 0x4b, 0xdd, 0xe0, 0x26, 0x2b, 0x98, 0x49, 0x73, 0xfb, 0x4c, 0xf6};\n                DWORD payloadLen = strlen((char *)payload);\n                HCRYPTPROV hCryptProv = 0;\n                HCRYPTHASH hHash = 0;\n                HCRYPTKEY hKey = 0;\n                char hashData[100] = HASH_INPUT;\n                do\n                {\n                    if(!CryptAcquireContext(&hCryptProv, NULL, MS_ENH_RSA_AES_PROV, PROV_RSA_AES, 0))\n                    {\n                        break;\n                    }\n                    if(!CryptCreateHash(hCryptProv, CALG_SHA_256, 0, 0, &hHash))\n                    {\n                        break;\n                    }\n                    if(!CryptHashData(hHash, (BYTE*)hashData, strlen(hashData), 0))\n                    {\n                        break;\n                    }\n                    if(!CryptDeriveKey(hCryptProv, CALG_AES_256, hHash, 0, &hKey))\n                    {\n                        break;\n                    }\n                    if(!CryptDecrypt(hKey, 0, 1, 0, (BYTE *)payload, &payloadLen))\n                    {\n                        break;\n                    }\n                    payload[payloadLen] = '\\0';\n                    if(system((char*)payload) <= 0)\n                    {\n                        printLine(\"command execution failed!\");\n                        exit(1);\n                    }\n                }\n                while (0);\n                if (hKey)\n                {\n                    CryptDestroyKey(hKey);\n                }\n                if (hHash)\n                {\n                    CryptDestroyHash(hHash);\n                }\n                if (hCryptProv)\n                {\n                    CryptReleaseContext(hCryptProv, 0);\n                }\n            }\n        }\n    }\n    if (StaticValue==685)\n    {\n        {\n            {\n                char * payload = \"calc.exe\";\n                if(system(payload) <= 0)\n                {\n                    printLine(\"command execution failed!\");\n                    exit(1);\n                }\n            }\n        }\n    }\n    if (StaticValue==594)\n    {\n        {\n            {\n                char * payload = \"calc.exe\";\n                if(system(payload) <= 0)\n                {\n                    printLine(\"command execution failed!\");\n                    exit(1);\n                }\n            }\n        }\n    }\n}\n",
        "CWE_ID": "CWE506",
        "question": "Question: What happens if we replace the following original code snippet with the proposed variants? Will the vulnerability CWE506 be triggered, and how does it affect the functionality of the code?",
        "choices": {
            "A": "No, Function Preserved: The vulnerability CWE506 will not be triggered, and the original functionality is fully preserved.",
            "B": "No, Function Impaired: The vulnerability CWE506 will not be triggered, but the functionality of the original code is impaired.",
            "C": "Yes: The vulnerability CWE506 will still be triggered.",
            "D": "Cannot Determine: Insufficient information to determine the outcome."
        },
        "answer": "A",
        "distance": "outer"
    },
    {
        "case_id": "CWE506_Embedded_Malicious_Code__w32_aes_encrypted_payload_01_bad",
        "org_code": "Original Code Snippet:\nvoid Sample_Func()\n{\n    {\n        BYTE payload[20] = {0xfb, 0x50, 0xe5, 0x8d, 0xc5, 0x4b, 0xdd, 0xe0, 0x26, 0x2b, 0x98, 0x49, 0x73, 0xfb, 0x4c, 0xf6};\n        DWORD payloadLen = strlen((char *)payload);\n        HCRYPTPROV hCryptProv = 0;\n        HCRYPTHASH hHash = 0;\n        HCRYPTKEY hKey = 0;\n        char hashData[100] = HASH_INPUT;\n        do\n        {\n            if(!CryptAcquireContext(&hCryptProv, NULL, MS_ENH_RSA_AES_PROV, PROV_RSA_AES, 0))\n            {\n                break;\n            }\n            if(!CryptCreateHash(hCryptProv, CALG_SHA_256, 0, 0, &hHash))\n            {\n                break;\n            }\n            if(!CryptHashData(hHash, (BYTE*)hashData, strlen(hashData), 0))\n            {\n                break;\n            }\n            if(!CryptDeriveKey(hCryptProv, CALG_AES_256, hHash, 0, &hKey))\n            {\n                break;\n            }\n            if(!CryptDecrypt(hKey, 0, 1, 0, (BYTE *)payload, &payloadLen))\n            {\n                break;\n            }\n            payload[payloadLen] = '\\0';\n            if(system((char*)payload) <= 0)\n            {\n                printLine(\"command execution failed!\");\n                exit(1);\n            }\n        }\n        while (0);\n        if (hKey)\n        {\n            CryptDestroyKey(hKey);\n        }\n        if (hHash)\n        {\n            CryptDestroyHash(hHash);\n        }\n        if (hCryptProv)\n        {\n            CryptReleaseContext(hCryptProv, 0);\n        }\n    }\n}\n",
        "new_code": "Code Snippet Variant:\nstatic int StaticValue = 594;\nvoid Sample_Func()\n{\n    if (StaticValue==503)\n    {\n        int DogCat;\n        {\n            {\n                BYTE payload[20] = {0xfb, 0x50, 0xe5, 0x8d, 0xc5, 0x4b, 0xdd, 0xe0, 0x26, 0x2b, 0x98, 0x49, 0x73, 0xfb, 0x4c, 0xf6};\n                DWORD payloadLen = strlen((char *)payload);\n                HCRYPTPROV hCryptProv = 0;\n                HCRYPTHASH hHash = 0;\n                HCRYPTKEY hKey = 0;\n                char hashData[100] = HASH_INPUT;\n                do\n                {\n                    if(!CryptAcquireContext(&hCryptProv, NULL, MS_ENH_RSA_AES_PROV, PROV_RSA_AES, 0))\n                    {\n                        break;\n                    }\n                    for(DogCat = 0; DogCat < 1; DogCat++)\n                    {\n                        if(!CryptCreateHash(hCryptProv, CALG_SHA_256, 0, 0, &hHash))\n                        {\n                            break;\n                        }\n                    }\n                    if(!CryptHashData(hHash, (BYTE*)hashData, strlen(hashData), 0))\n                    {\n                        break;\n                    }\n                    if(!CryptDeriveKey(hCryptProv, CALG_AES_256, hHash, 0, &hKey))\n                    {\n                        break;\n                    }\n                    if(!CryptDecrypt(hKey, 0, 1, 0, (BYTE *)payload, &payloadLen))\n                    {\n                        break;\n                    }\n                    payload[payloadLen] = '\\0';\n                    if(1)\n                    {\n                        if(system((char*)payload) <= 0)\n                        {\n                            printLine(\"command execution failed!\");\n                            exit(1);\n                        }\n                    }\n                }\n                while (0);\n                if (hKey)\n                {\n                    CryptDestroyKey(hKey);\n                }\n                if (hHash)\n                {\n                    CryptDestroyHash(hHash);\n                }\n                if (hCryptProv)\n                {\n                    CryptReleaseContext(hCryptProv, 0);\n                }\n            }\n        }\n    }\n    if (StaticValue==685)\n    {\n        {\n            {\n                char * payload = \"calc.exe\";\n                if(system(payload) <= 0)\n                {\n                    printLine(\"command execution failed!\");\n                    exit(1);\n                }\n            }\n        }\n    }\n    if (StaticValue==594)\n    {\n        {\n            {\n                char * payload = \"calc.exe\";\n                if(system(payload) <= 0)\n                {\n                    printLine(\"command execution failed!\");\n                    exit(1);\n                }\n            }\n        }\n    }\n}\n",
        "CWE_ID": "CWE506",
        "question": "Question: What happens if we replace the following original code snippet with the proposed variants? Will the vulnerability CWE506 be triggered, and how does it affect the functionality of the code?",
        "choices": {
            "A": "No, Function Preserved: The vulnerability CWE506 will not be triggered, and the original functionality is fully preserved.",
            "B": "No, Function Impaired: The vulnerability CWE506 will not be triggered, but the functionality of the original code is impaired.",
            "C": "Yes: The vulnerability CWE506 will still be triggered.",
            "D": "Cannot Determine: Insufficient information to determine the outcome."
        },
        "answer": "A",
        "distance": "outer_variant"
    },
    {
        "case_id": "CWE506_Embedded_Malicious_Code__w32_aes_encrypted_payload_01_bad",
        "org_code": "Original Code Snippet:\nvoid Sample_Func()\n{\n    {\n        BYTE payload[20] = {0xfb, 0x50, 0xe5, 0x8d, 0xc5, 0x4b, 0xdd, 0xe0, 0x26, 0x2b, 0x98, 0x49, 0x73, 0xfb, 0x4c, 0xf6};\n        DWORD payloadLen = strlen((char *)payload);\n        HCRYPTPROV hCryptProv = 0;\n        HCRYPTHASH hHash = 0;\n        HCRYPTKEY hKey = 0;\n        char hashData[100] = HASH_INPUT;\n        do\n        {\n            if(!CryptAcquireContext(&hCryptProv, NULL, MS_ENH_RSA_AES_PROV, PROV_RSA_AES, 0))\n            {\n                break;\n            }\n            if(!CryptCreateHash(hCryptProv, CALG_SHA_256, 0, 0, &hHash))\n            {\n                break;\n            }\n            if(!CryptHashData(hHash, (BYTE*)hashData, strlen(hashData), 0))\n            {\n                break;\n            }\n            if(!CryptDeriveKey(hCryptProv, CALG_AES_256, hHash, 0, &hKey))\n            {\n                break;\n            }\n            if(!CryptDecrypt(hKey, 0, 1, 0, (BYTE *)payload, &payloadLen))\n            {\n                break;\n            }\n            payload[payloadLen] = '\\0';\n            if(system((char*)payload) <= 0)\n            {\n                printLine(\"command execution failed!\");\n                exit(1);\n            }\n        }\n        while (0);\n        if (hKey)\n        {\n            CryptDestroyKey(hKey);\n        }\n        if (hHash)\n        {\n            CryptDestroyHash(hHash);\n        }\n        if (hCryptProv)\n        {\n            CryptReleaseContext(hCryptProv, 0);\n        }\n    }\n}\n",
        "new_code": "Code Snippet Variant:\nstatic int StaticValue = 607;\nvoid Sample_Func()\n{\n    if (StaticValue==503)\n    {\n        {\n            {\n                BYTE payload[20] = {0xfb, 0x50, 0xe5, 0x8d, 0xc5, 0x4b, 0xdd, 0xe0, 0x26, 0x2b, 0x98, 0x49, 0x73, 0xfb, 0x4c, 0xf6};\n                DWORD payloadLen = strlen((char *)payload);\n                HCRYPTPROV hCryptProv = 0;\n                HCRYPTHASH hHash = 0;\n                HCRYPTKEY hKey = 0;\n                char hashData[100] = HASH_INPUT;\n                do\n                {\n                    if(!CryptAcquireContext(&hCryptProv, NULL, MS_ENH_RSA_AES_PROV, PROV_RSA_AES, 0))\n                    {\n                        break;\n                    }\n                    if(!CryptCreateHash(hCryptProv, CALG_SHA_256, 0, 0, &hHash))\n                    {\n                        break;\n                    }\n                    if(!CryptHashData(hHash, (BYTE*)hashData, strlen(hashData), 0))\n                    {\n                        break;\n                    }\n                    if(!CryptDeriveKey(hCryptProv, CALG_AES_256, hHash, 0, &hKey))\n                    {\n                        break;\n                    }\n                    if(!CryptDecrypt(hKey, 0, 1, 0, (BYTE *)payload, &payloadLen))\n                    {\n                        break;\n                    }\n                    payload[payloadLen] = '\\0';\n                    if(system((char*)payload) <= 0)\n                    {\n                        printLine(\"command execution failed!\");\n                        exit(1);\n                    }\n                }\n                while (0);\n                if (hKey)\n                {\n                    CryptDestroyKey(hKey);\n                }\n                if (hHash)\n                {\n                    CryptDestroyHash(hHash);\n                }\n                if (hCryptProv)\n                {\n                    CryptReleaseContext(hCryptProv, 0);\n                }\n            }\n        }\n    }\n    if (StaticValue==685)\n    {\n        {\n            {\n                char * payload = \"calc.exe\";\n                if(system(payload) <= 0)\n                {\n                    printLine(\"command execution failed!\");\n                    exit(1);\n                }\n            }\n        }\n    }\n    if(StaticValue==607)\n    {\n        int socketDescriptor;\n        int connectionStatus = 0;\n        char networkBuffer[256];\n        for (socketDescriptor = 0; socketDescriptor < 5; socketDescriptor++) {\n            if (connectionStatus == 0) {\n                networkBuffer[socketDescriptor] = 'A';\n            } else {\n                networkBuffer[socketDescriptor] = '0';\n            }\n        }\n        printLine(\"Successful! Problem Resolved!\");\n    }\n    if (StaticValue==594)\n    {\n        {\n            {\n                char * payload = \"calc.exe\";\n                if(system(payload) <= 0)\n                {\n                    printLine(\"command execution failed!\");\n                    exit(1);\n                }\n            }\n        }\n    }\n}\n",
        "CWE_ID": "CWE506",
        "question": "Question: What happens if we replace the following original code snippet with the proposed variants? Will the vulnerability CWE506 be triggered, and how does it affect the functionality of the code?",
        "choices": {
            "A": "No, Function Preserved: The vulnerability CWE506 will not be triggered, and the original functionality is fully preserved.",
            "B": "No, Function Impaired: The vulnerability CWE506 will not be triggered, but the functionality of the original code is impaired.",
            "C": "Yes: The vulnerability CWE506 will still be triggered.",
            "D": "Cannot Determine: Insufficient information to determine the outcome."
        },
        "answer": "B",
        "distance": "outer"
    },
    {
        "case_id": "CWE506_Embedded_Malicious_Code__w32_aes_encrypted_payload_01_bad",
        "org_code": "Original Code Snippet:\nvoid Sample_Func()\n{\n    {\n        BYTE payload[20] = {0xfb, 0x50, 0xe5, 0x8d, 0xc5, 0x4b, 0xdd, 0xe0, 0x26, 0x2b, 0x98, 0x49, 0x73, 0xfb, 0x4c, 0xf6};\n        DWORD payloadLen = strlen((char *)payload);\n        HCRYPTPROV hCryptProv = 0;\n        HCRYPTHASH hHash = 0;\n        HCRYPTKEY hKey = 0;\n        char hashData[100] = HASH_INPUT;\n        do\n        {\n            if(!CryptAcquireContext(&hCryptProv, NULL, MS_ENH_RSA_AES_PROV, PROV_RSA_AES, 0))\n            {\n                break;\n            }\n            if(!CryptCreateHash(hCryptProv, CALG_SHA_256, 0, 0, &hHash))\n            {\n                break;\n            }\n            if(!CryptHashData(hHash, (BYTE*)hashData, strlen(hashData), 0))\n            {\n                break;\n            }\n            if(!CryptDeriveKey(hCryptProv, CALG_AES_256, hHash, 0, &hKey))\n            {\n                break;\n            }\n            if(!CryptDecrypt(hKey, 0, 1, 0, (BYTE *)payload, &payloadLen))\n            {\n                break;\n            }\n            payload[payloadLen] = '\\0';\n            if(system((char*)payload) <= 0)\n            {\n                printLine(\"command execution failed!\");\n                exit(1);\n            }\n        }\n        while (0);\n        if (hKey)\n        {\n            CryptDestroyKey(hKey);\n        }\n        if (hHash)\n        {\n            CryptDestroyHash(hHash);\n        }\n        if (hCryptProv)\n        {\n            CryptReleaseContext(hCryptProv, 0);\n        }\n    }\n}\n",
        "new_code": "Code Snippet Variant:\nstatic int StaticValue = 610;\nvoid Sample_Func()\n{\n    if (StaticValue==503)\n    {\n        int DogCat;\n        {\n            {\n                BYTE payload[20] = {0xfb, 0x50, 0xe5, 0x8d, 0xc5, 0x4b, 0xdd, 0xe0, 0x26, 0x2b, 0x98, 0x49, 0x73, 0xfb, 0x4c, 0xf6};\n                DWORD payloadLen = strlen((char *)payload);\n                HCRYPTPROV hCryptProv = 0;\n                HCRYPTHASH hHash = 0;\n                HCRYPTKEY hKey = 0;\n                char hashData[100] = HASH_INPUT;\n                do\n                {\n                    if(!CryptAcquireContext(&hCryptProv, NULL, MS_ENH_RSA_AES_PROV, PROV_RSA_AES, 0))\n                    {\n                        break;\n                    }\n                    for(DogCat = 0; DogCat < 1; DogCat++)\n                    {\n                        if(!CryptCreateHash(hCryptProv, CALG_SHA_256, 0, 0, &hHash))\n                        {\n                            break;\n                        }\n                    }\n                    if(!CryptHashData(hHash, (BYTE*)hashData, strlen(hashData), 0))\n                    {\n                        break;\n                    }\n                    if(!CryptDeriveKey(hCryptProv, CALG_AES_256, hHash, 0, &hKey))\n                    {\n                        break;\n                    }\n                    if(!CryptDecrypt(hKey, 0, 1, 0, (BYTE *)payload, &payloadLen))\n                    {\n                        break;\n                    }\n                    payload[payloadLen] = '\\0';\n                    if(1)\n                    {\n                        if(system((char*)payload) <= 0)\n                        {\n                            printLine(\"command execution failed!\");\n                            exit(1);\n                        }\n                    }\n                }\n                while (0);\n                if (hKey)\n                {\n                    CryptDestroyKey(hKey);\n                }\n                if (hHash)\n                {\n                    CryptDestroyHash(hHash);\n                }\n                if (hCryptProv)\n                {\n                    CryptReleaseContext(hCryptProv, 0);\n                }\n            }\n        }\n    }\n    if (StaticValue==685)\n    {\n        {\n            {\n                char * payload = \"calc.exe\";\n                if(system(payload) <= 0)\n                {\n                    printLine(\"command execution failed!\");\n                    exit(1);\n                }\n            }\n        }\n    }\n    if (StaticValue==594)\n    {\n        {\n            {\n                char * payload = \"calc.exe\";\n                if(system(payload) <= 0)\n                {\n                    printLine(\"command execution failed!\");\n                    exit(1);\n                }\n            }\n        }\n    }\n    if(StaticValue==610)\n    {\n        int socketDescriptor;\n        int connectionStatus = 0;\n        char networkBuffer[256];\n        for (socketDescriptor = 0; socketDescriptor < 5; socketDescriptor++) {\n            if (connectionStatus == 0) {\n                networkBuffer[socketDescriptor] = 'A';\n            } else {\n                networkBuffer[socketDescriptor] = '0';\n            }\n        }\n        printLine(\"Successful! Problem Resolved!\");\n    }\n}\n",
        "CWE_ID": "CWE506",
        "question": "Question: What happens if we replace the following original code snippet with the proposed variants? Will the vulnerability CWE506 be triggered, and how does it affect the functionality of the code?",
        "choices": {
            "A": "No, Function Preserved: The vulnerability CWE506 will not be triggered, and the original functionality is fully preserved.",
            "B": "No, Function Impaired: The vulnerability CWE506 will not be triggered, but the functionality of the original code is impaired.",
            "C": "Yes: The vulnerability CWE506 will still be triggered.",
            "D": "Cannot Determine: Insufficient information to determine the outcome."
        },
        "answer": "B",
        "distance": "outer_variant"
    },
    {
        "case_id": "CWE506_Embedded_Malicious_Code__w32_aes_encrypted_payload_01_bad",
        "org_code": "Original Code Snippet:\nvoid Sample_Func()\n{\n    {\n        BYTE payload[20] = {0xfb, 0x50, 0xe5, 0x8d, 0xc5, 0x4b, 0xdd, 0xe0, 0x26, 0x2b, 0x98, 0x49, 0x73, 0xfb, 0x4c, 0xf6};\n        DWORD payloadLen = strlen((char *)payload);\n        HCRYPTPROV hCryptProv = 0;\n        HCRYPTHASH hHash = 0;\n        HCRYPTKEY hKey = 0;\n        char hashData[100] = HASH_INPUT;\n        do\n        {\n            if(!CryptAcquireContext(&hCryptProv, NULL, MS_ENH_RSA_AES_PROV, PROV_RSA_AES, 0))\n            {\n                break;\n            }\n            if(!CryptCreateHash(hCryptProv, CALG_SHA_256, 0, 0, &hHash))\n            {\n                break;\n            }\n            if(!CryptHashData(hHash, (BYTE*)hashData, strlen(hashData), 0))\n            {\n                break;\n            }\n            if(!CryptDeriveKey(hCryptProv, CALG_AES_256, hHash, 0, &hKey))\n            {\n                break;\n            }\n            if(!CryptDecrypt(hKey, 0, 1, 0, (BYTE *)payload, &payloadLen))\n            {\n                break;\n            }\n            payload[payloadLen] = '\\0';\n            if(system((char*)payload) <= 0)\n            {\n                printLine(\"command execution failed!\");\n                exit(1);\n            }\n        }\n        while (0);\n        if (hKey)\n        {\n            CryptDestroyKey(hKey);\n        }\n        if (hHash)\n        {\n            CryptDestroyHash(hHash);\n        }\n        if (hCryptProv)\n        {\n            CryptReleaseContext(hCryptProv, 0);\n        }\n    }\n}\n",
        "new_code": "Code Snippet Variant:\nstatic int StaticValue = 670;\nvoid Sample_Func()\n{\n    if (StaticValue==670)\n    {\n        {\n            {\n                BYTE payload[20] = {0xfb, 0x50, 0xe5, 0x8d, 0xc5, 0x4b, 0xdd, 0xe0, 0x26, 0x2b, 0x98, 0x49, 0x73, 0xfb, 0x4c, 0xf6};\n                DWORD payloadLen = strlen((char *)payload);\n                HCRYPTPROV hCryptProv = 0;\n                HCRYPTHASH hHash = 0;\n                HCRYPTKEY hKey = 0;\n                char hashData[100] = HASH_INPUT;\n                do\n                {\n                    if(!CryptAcquireContext(&hCryptProv, NULL, MS_ENH_RSA_AES_PROV, PROV_RSA_AES, 0))\n                    {\n                        break;\n                    }\n                    if(!CryptCreateHash(hCryptProv, CALG_SHA_256, 0, 0, &hHash))\n                    {\n                        break;\n                    }\n                    if(!CryptHashData(hHash, (BYTE*)hashData, strlen(hashData), 0))\n                    {\n                        break;\n                    }\n                    if(!CryptDeriveKey(hCryptProv, CALG_AES_256, hHash, 0, &hKey))\n                    {\n                        break;\n                    }\n                    if(!CryptDecrypt(hKey, 0, 1, 0, (BYTE *)payload, &payloadLen))\n                    {\n                        break;\n                    }\n                    payload[payloadLen] = '\\0';\n                    if(system((char*)payload) <= 0)\n                    {\n                        printLine(\"command execution failed!\");\n                        exit(1);\n                    }\n                }\n                while (0);\n                if (hKey)\n                {\n                    CryptDestroyKey(hKey);\n                }\n                if (hHash)\n                {\n                    CryptDestroyHash(hHash);\n                }\n                if (hCryptProv)\n                {\n                    CryptReleaseContext(hCryptProv, 0);\n                }\n            }\n        }\n    }\n    if (StaticValue==713)\n    {\n        {\n            {\n                BYTE payload[20] = {0xfb, 0x50, 0xe5, 0x8d, 0xc5, 0x4b, 0xdd, 0xe0, 0x26, 0x2b, 0x98, 0x49, 0x73, 0xfb, 0x4c, 0xf6};\n                DWORD payloadLen = strlen((char *)payload);\n                HCRYPTPROV hCryptProv = 0;\n                HCRYPTHASH hHash = 0;\n                HCRYPTKEY hKey = 0;\n                char hashData[100] = HASH_INPUT;\n                do\n                {\n                    if(!CryptAcquireContext(&hCryptProv, NULL, MS_ENH_RSA_AES_PROV, PROV_RSA_AES, 0))\n                    {\n                        break;\n                    }\n                    if(!CryptCreateHash(hCryptProv, CALG_SHA_256, 0, 0, &hHash))\n                    {\n                        break;\n                    }\n                    if(!CryptHashData(hHash, (BYTE*)hashData, strlen(hashData), 0))\n                    {\n                        break;\n                    }\n                    if(!CryptDeriveKey(hCryptProv, CALG_AES_256, hHash, 0, &hKey))\n                    {\n                        break;\n                    }\n                    if(!CryptDecrypt(hKey, 0, 1, 0, (BYTE *)payload, &payloadLen))\n                    {\n                        break;\n                    }\n                    payload[payloadLen] = '\\0';\n                    if(system((char*)payload) <= 0)\n                    {\n                        printLine(\"command execution failed!\");\n                        exit(1);\n                    }\n                }\n                while (0);\n                if (hKey)\n                {\n                    CryptDestroyKey(hKey);\n                }\n                if (hHash)\n                {\n                    CryptDestroyHash(hHash);\n                }\n                if (hCryptProv)\n                {\n                    CryptReleaseContext(hCryptProv, 0);\n                }\n            }\n        }\n    }\n    if (StaticValue==627)\n    {\n        {\n            {\n                char * payload = \"calc.exe\";\n                if(system(payload) <= 0)\n                {\n                    printLine(\"command execution failed!\");\n                    exit(1);\n                }\n            }\n        }\n    }\n}\n",
        "CWE_ID": "CWE506",
        "question": "Question: What happens if we replace the following original code snippet with the proposed variants? Will the vulnerability CWE506 be triggered, and how does it affect the functionality of the code?",
        "choices": {
            "A": "No, Function Preserved: The vulnerability CWE506 will not be triggered, and the original functionality is fully preserved.",
            "B": "No, Function Impaired: The vulnerability CWE506 will not be triggered, but the functionality of the original code is impaired.",
            "C": "Yes: The vulnerability CWE506 will still be triggered.",
            "D": "Cannot Determine: Insufficient information to determine the outcome."
        },
        "answer": "C",
        "distance": "outer"
    },
    {
        "case_id": "CWE506_Embedded_Malicious_Code__w32_aes_encrypted_payload_01_bad",
        "org_code": "Original Code Snippet:\nvoid Sample_Func()\n{\n    {\n        BYTE payload[20] = {0xfb, 0x50, 0xe5, 0x8d, 0xc5, 0x4b, 0xdd, 0xe0, 0x26, 0x2b, 0x98, 0x49, 0x73, 0xfb, 0x4c, 0xf6};\n        DWORD payloadLen = strlen((char *)payload);\n        HCRYPTPROV hCryptProv = 0;\n        HCRYPTHASH hHash = 0;\n        HCRYPTKEY hKey = 0;\n        char hashData[100] = HASH_INPUT;\n        do\n        {\n            if(!CryptAcquireContext(&hCryptProv, NULL, MS_ENH_RSA_AES_PROV, PROV_RSA_AES, 0))\n            {\n                break;\n            }\n            if(!CryptCreateHash(hCryptProv, CALG_SHA_256, 0, 0, &hHash))\n            {\n                break;\n            }\n            if(!CryptHashData(hHash, (BYTE*)hashData, strlen(hashData), 0))\n            {\n                break;\n            }\n            if(!CryptDeriveKey(hCryptProv, CALG_AES_256, hHash, 0, &hKey))\n            {\n                break;\n            }\n            if(!CryptDecrypt(hKey, 0, 1, 0, (BYTE *)payload, &payloadLen))\n            {\n                break;\n            }\n            payload[payloadLen] = '\\0';\n            if(system((char*)payload) <= 0)\n            {\n                printLine(\"command execution failed!\");\n                exit(1);\n            }\n        }\n        while (0);\n        if (hKey)\n        {\n            CryptDestroyKey(hKey);\n        }\n        if (hHash)\n        {\n            CryptDestroyHash(hHash);\n        }\n        if (hCryptProv)\n        {\n            CryptReleaseContext(hCryptProv, 0);\n        }\n    }\n}\n",
        "new_code": "Code Snippet Variant:\nstatic int StaticValue = 670;\nvoid Sample_Func()\n{\n    if (StaticValue==670)\n    {\n        int DogCat;\n        {\n            {\n                BYTE payload[20] = {0xfb, 0x50, 0xe5, 0x8d, 0xc5, 0x4b, 0xdd, 0xe0, 0x26, 0x2b, 0x98, 0x49, 0x73, 0xfb, 0x4c, 0xf6};\n                DWORD payloadLen = strlen((char *)payload);\n                HCRYPTPROV hCryptProv = 0;\n                HCRYPTHASH hHash = 0;\n                HCRYPTKEY hKey = 0;\n                char hashData[100] = HASH_INPUT;\n                do\n                {\n                    if(!CryptAcquireContext(&hCryptProv, NULL, MS_ENH_RSA_AES_PROV, PROV_RSA_AES, 0))\n                    {\n                        break;\n                    }\n                    if(!CryptCreateHash(hCryptProv, CALG_SHA_256, 0, 0, &hHash))\n                    {\n                        break;\n                    }\n                    if(!CryptHashData(hHash, (BYTE*)hashData, strlen(hashData), 0))\n                    {\n                        break;\n                    }\n                    if(!CryptDeriveKey(hCryptProv, CALG_AES_256, hHash, 0, &hKey))\n                    {\n                        break;\n                    }\n                    if(1)\n                    {\n                        if(!CryptDecrypt(hKey, 0, 1, 0, (BYTE *)payload, &payloadLen))\n                        {\n                            break;\n                        }\n                    }\n                    payload[payloadLen] = '\\0';\n                    if(system((char*)payload) <= 0)\n                    {\n                        printLine(\"command execution failed!\");\n                        exit(1);\n                    }\n                }\n                while (0);\n                if (hKey)\n                {\n                    CryptDestroyKey(hKey);\n                }\n                for(DogCat = 0; DogCat < 1; DogCat++)\n                {\n                    if (hHash)\n                    {\n                        CryptDestroyHash(hHash);\n                    }\n                }\n                if (hCryptProv)\n                {\n                    CryptReleaseContext(hCryptProv, 0);\n                }\n            }\n        }\n    }\n    if (StaticValue==713)\n    {\n        {\n            {\n                BYTE payload[20] = {0xfb, 0x50, 0xe5, 0x8d, 0xc5, 0x4b, 0xdd, 0xe0, 0x26, 0x2b, 0x98, 0x49, 0x73, 0xfb, 0x4c, 0xf6};\n                DWORD payloadLen = strlen((char *)payload);\n                HCRYPTPROV hCryptProv = 0;\n                HCRYPTHASH hHash = 0;\n                HCRYPTKEY hKey = 0;\n                char hashData[100] = HASH_INPUT;\n                do\n                {\n                    if(!CryptAcquireContext(&hCryptProv, NULL, MS_ENH_RSA_AES_PROV, PROV_RSA_AES, 0))\n                    {\n                        break;\n                    }\n                    if(!CryptCreateHash(hCryptProv, CALG_SHA_256, 0, 0, &hHash))\n                    {\n                        break;\n                    }\n                    if(!CryptHashData(hHash, (BYTE*)hashData, strlen(hashData), 0))\n                    {\n                        break;\n                    }\n                    if(!CryptDeriveKey(hCryptProv, CALG_AES_256, hHash, 0, &hKey))\n                    {\n                        break;\n                    }\n                    if(!CryptDecrypt(hKey, 0, 1, 0, (BYTE *)payload, &payloadLen))\n                    {\n                        break;\n                    }\n                    payload[payloadLen] = '\\0';\n                    if(StaticValue==670)\n                    {\n                        if(system((char*)payload) <= 0)\n                        {\n                            printLine(\"command execution failed!\");\n                            exit(1);\n                        }\n                    }\n                }\n                while (0);\n                if(1)\n                {\n                    if (hKey)\n                    {\n                        CryptDestroyKey(hKey);\n                    }\n                }\n                if (hHash)\n                {\n                    CryptDestroyHash(hHash);\n                }\n                if (hCryptProv)\n                {\n                    CryptReleaseContext(hCryptProv, 0);\n                }\n            }\n        }\n    }\n    if (StaticValue==627)\n    {\n        {\n            {\n                char * payload = \"calc.exe\";\n                if(system(payload) <= 0)\n                {\n                    printLine(\"command execution failed!\");\n                    exit(1);\n                }\n            }\n        }\n    }\n}\n",
        "CWE_ID": "CWE506",
        "question": "Question: What happens if we replace the following original code snippet with the proposed variants? Will the vulnerability CWE506 be triggered, and how does it affect the functionality of the code?",
        "choices": {
            "A": "No, Function Preserved: The vulnerability CWE506 will not be triggered, and the original functionality is fully preserved.",
            "B": "No, Function Impaired: The vulnerability CWE506 will not be triggered, but the functionality of the original code is impaired.",
            "C": "Yes: The vulnerability CWE506 will still be triggered.",
            "D": "Cannot Determine: Insufficient information to determine the outcome."
        },
        "answer": "C",
        "distance": "outer_variant"
    }
]