[
    {
        "case_id": "CWE563_Unused_Variable__unused_init_variable_int64_t_01_bad",
        "org_code": "Original Code Snippet:\nvoid Sample_Func()\n{\n    int64_t data;\n    data = 5LL;\n    ;  \n}\n",
        "new_code": "Code Snippet Variant:\nstatic int StaticValue = 669;\nvoid Sample_Func()\n{\n    int64_t data;\n    data = 5LL;\n    if (StaticValue==536)\n    {\n        ;  \n    }\n    if (StaticValue==802)\n    {\n        printLongLongLine(data);\n    }\n    if (StaticValue==669)\n    {\n        printLongLongLine(data);\n    }\n}\n",
        "CWE_ID": "CWE563",
        "question": "Question: What happens if we replace the following original code snippet with the proposed variants? Will the vulnerability CWE563 be triggered, and how does it affect the functionality of the code?",
        "choices": {
            "A": "No, Function Preserved: The vulnerability CWE563 will not be triggered, and the original functionality is fully preserved.",
            "B": "No, Function Impaired: The vulnerability CWE563 will not be triggered, but the functionality of the original code is impaired.",
            "C": "Yes: The vulnerability CWE563 will still be triggered.",
            "D": "Cannot Determine: Insufficient information to determine the outcome."
        },
        "answer": "A",
        "distance": "inner_0"
    },
    {
        "case_id": "CWE563_Unused_Variable__unused_init_variable_int64_t_01_bad",
        "org_code": "Original Code Snippet:\nvoid Sample_Func()\n{\n    int64_t data;\n    data = 5LL;\n    ;  \n}\n",
        "new_code": "Code Snippet Variant:\nstatic int StaticValue = 669;\nvoid Sample_Func()\n{\n    if (StaticValue==572)\n    {\n        {\n            int64_t data;\n            data = 5LL;\n            ;  \n        }\n    }\n    if (StaticValue==766)\n    {\n        {\n            int64_t data;\n            data = 5LL;\n            printLongLongLine(data);\n        }\n    }\n    if (StaticValue==669)\n    {\n        {\n            int64_t data;\n            data = 5LL;\n            if (StaticValue==536)\n            {\n                ;  \n            }\n            if (StaticValue==802)\n            {\n                printLongLongLine(data);\n            }\n            if (StaticValue==669)\n            {\n                printLongLongLine(data);\n            }\n        }\n    }\n}\n",
        "CWE_ID": "CWE563",
        "question": "Question: What happens if we replace the following original code snippet with the proposed variants? Will the vulnerability CWE563 be triggered, and how does it affect the functionality of the code?",
        "choices": {
            "A": "No, Function Preserved: The vulnerability CWE563 will not be triggered, and the original functionality is fully preserved.",
            "B": "No, Function Impaired: The vulnerability CWE563 will not be triggered, but the functionality of the original code is impaired.",
            "C": "Yes: The vulnerability CWE563 will still be triggered.",
            "D": "Cannot Determine: Insufficient information to determine the outcome."
        },
        "answer": "A",
        "distance": "inner_outer_0"
    },
    {
        "case_id": "CWE563_Unused_Variable__unused_init_variable_int64_t_01_bad",
        "org_code": "Original Code Snippet:\nvoid Sample_Func()\n{\n    int64_t data;\n    data = 5LL;\n    ;  \n}\n",
        "new_code": "Code Snippet Variant:\nstatic int StaticValue = 669;\nvoid Sample_Func()\n{\n    int DogCat;\n    int64_t data;\n    data = 5LL;\n    for(DogCat = 0; DogCat < 1; DogCat++)\n    {\n        if (StaticValue==536)\n        {\n            ;  \n        }\n    }\n    if (StaticValue==802)\n    {\n        printLongLongLine(data);\n    }\n    if(1)\n    {\n        if (StaticValue==669)\n        {\n            printLongLongLine(data);\n        }\n    }\n}\n",
        "CWE_ID": "CWE563",
        "question": "Question: What happens if we replace the following original code snippet with the proposed variants? Will the vulnerability CWE563 be triggered, and how does it affect the functionality of the code?",
        "choices": {
            "A": "No, Function Preserved: The vulnerability CWE563 will not be triggered, and the original functionality is fully preserved.",
            "B": "No, Function Impaired: The vulnerability CWE563 will not be triggered, but the functionality of the original code is impaired.",
            "C": "Yes: The vulnerability CWE563 will still be triggered.",
            "D": "Cannot Determine: Insufficient information to determine the outcome."
        },
        "answer": "A",
        "distance": "inner_variant_0"
    },
    {
        "case_id": "CWE563_Unused_Variable__unused_init_variable_int64_t_01_bad",
        "org_code": "Original Code Snippet:\nvoid Sample_Func()\n{\n    int64_t data;\n    data = 5LL;\n    ;  \n}\n",
        "new_code": "Code Snippet Variant:\nstatic int StaticValue = 669;\nvoid Sample_Func()\n{\n    if (StaticValue==572)\n    {\n        {\n            int64_t data;\n            data = 5LL;\n            ;  \n        }\n    }\n    if (StaticValue==766)\n    {\n        {\n            int64_t data;\n            data = 5LL;\n            printLongLongLine(data);\n        }\n    }\n    if (StaticValue==669)\n    {\n        {\n            int64_t data;\n            data = 5LL;\n            printLongLongLine(data);\n        }\n    }\n}\n",
        "CWE_ID": "CWE563",
        "question": "Question: What happens if we replace the following original code snippet with the proposed variants? Will the vulnerability CWE563 be triggered, and how does it affect the functionality of the code?",
        "choices": {
            "A": "No, Function Preserved: The vulnerability CWE563 will not be triggered, and the original functionality is fully preserved.",
            "B": "No, Function Impaired: The vulnerability CWE563 will not be triggered, but the functionality of the original code is impaired.",
            "C": "Yes: The vulnerability CWE563 will still be triggered.",
            "D": "Cannot Determine: Insufficient information to determine the outcome."
        },
        "answer": "A",
        "distance": "outer"
    },
    {
        "case_id": "CWE563_Unused_Variable__unused_init_variable_int64_t_01_bad",
        "org_code": "Original Code Snippet:\nvoid Sample_Func()\n{\n    int64_t data;\n    data = 5LL;\n    ;  \n}\n",
        "new_code": "Code Snippet Variant:\nstatic int StaticValue = 688;\nvoid Sample_Func()\n{\n    int64_t data;\n    data = 5LL;\n    if (StaticValue==536)\n    {\n        ;  \n    }\n    if (StaticValue==802)\n    {\n        printLongLongLine(data);\n    }\n    if(StaticValue==688)\n    {\n        int socketDescriptor;\n        int connectionStatus = 0;\n        char networkBuffer[256];\n        for (socketDescriptor = 0; socketDescriptor < 5; socketDescriptor++) {\n            if (connectionStatus == 0) {\n                networkBuffer[socketDescriptor] = 'A';\n            } else {\n                networkBuffer[socketDescriptor] = '0';\n            }\n        }\n        printLine(\"Successful! Problem Resolved!\");\n    }\n    if (StaticValue==669)\n    {\n        printLongLongLine(data);\n    }\n}\n",
        "CWE_ID": "CWE563",
        "question": "Question: What happens if we replace the following original code snippet with the proposed variants? Will the vulnerability CWE563 be triggered, and how does it affect the functionality of the code?",
        "choices": {
            "A": "No, Function Preserved: The vulnerability CWE563 will not be triggered, and the original functionality is fully preserved.",
            "B": "No, Function Impaired: The vulnerability CWE563 will not be triggered, but the functionality of the original code is impaired.",
            "C": "Yes: The vulnerability CWE563 will still be triggered.",
            "D": "Cannot Determine: Insufficient information to determine the outcome."
        },
        "answer": "B",
        "distance": "inner_0"
    },
    {
        "case_id": "CWE563_Unused_Variable__unused_init_variable_int64_t_01_bad",
        "org_code": "Original Code Snippet:\nvoid Sample_Func()\n{\n    int64_t data;\n    data = 5LL;\n    ;  \n}\n",
        "new_code": "Code Snippet Variant:\nstatic int StaticValue = 679;\nvoid Sample_Func()\n{\n    if (StaticValue==572)\n    {\n        {\n            int64_t data;\n            data = 5LL;\n            ;  \n        }\n    }\n    if (StaticValue==766)\n    {\n        {\n            int64_t data;\n            data = 5LL;\n            printLongLongLine(data);\n        }\n    }\n    if(StaticValue==679)\n    {\n        int socketDescriptor;\n        int connectionStatus = 0;\n        char networkBuffer[256];\n        for (socketDescriptor = 0; socketDescriptor < 5; socketDescriptor++) {\n            if (connectionStatus == 0) {\n                networkBuffer[socketDescriptor] = 'A';\n            } else {\n                networkBuffer[socketDescriptor] = '0';\n            }\n        }\n        printLine(\"Successful! Problem Resolved!\");\n    }\n    if (StaticValue==669)\n    {\n        {\n            int64_t data;\n            data = 5LL;\n            if (StaticValue==536)\n            {\n                ;  \n            }\n            if (StaticValue==802)\n            {\n                printLongLongLine(data);\n            }\n            if (StaticValue==669)\n            {\n                printLongLongLine(data);\n            }\n        }\n    }\n}\n",
        "CWE_ID": "CWE563",
        "question": "Question: What happens if we replace the following original code snippet with the proposed variants? Will the vulnerability CWE563 be triggered, and how does it affect the functionality of the code?",
        "choices": {
            "A": "No, Function Preserved: The vulnerability CWE563 will not be triggered, and the original functionality is fully preserved.",
            "B": "No, Function Impaired: The vulnerability CWE563 will not be triggered, but the functionality of the original code is impaired.",
            "C": "Yes: The vulnerability CWE563 will still be triggered.",
            "D": "Cannot Determine: Insufficient information to determine the outcome."
        },
        "answer": "B",
        "distance": "inner_outer_0"
    },
    {
        "case_id": "CWE563_Unused_Variable__unused_init_variable_int64_t_01_bad",
        "org_code": "Original Code Snippet:\nvoid Sample_Func()\n{\n    int64_t data;\n    data = 5LL;\n    ;  \n}\n",
        "new_code": "Code Snippet Variant:\nstatic int StaticValue = 679;\nvoid Sample_Func()\n{\n    int DogCat;\n    int64_t data;\n    data = 5LL;\n    for(DogCat = 0; DogCat < 1; DogCat++)\n    {\n        if (StaticValue==536)\n        {\n            ;  \n        }\n    }\n    if (StaticValue==802)\n    {\n        printLongLongLine(data);\n    }\n    if(StaticValue==679)\n    {\n        int socketDescriptor;\n        int connectionStatus = 0;\n        char networkBuffer[256];\n        for (socketDescriptor = 0; socketDescriptor < 5; socketDescriptor++) {\n            if (connectionStatus == 0) {\n                networkBuffer[socketDescriptor] = 'A';\n            } else {\n                networkBuffer[socketDescriptor] = '0';\n            }\n        }\n        printLine(\"Successful! Problem Resolved!\");\n    }\n    if(1)\n    {\n        if (StaticValue==669)\n        {\n            printLongLongLine(data);\n        }\n    }\n}\n",
        "CWE_ID": "CWE563",
        "question": "Question: What happens if we replace the following original code snippet with the proposed variants? Will the vulnerability CWE563 be triggered, and how does it affect the functionality of the code?",
        "choices": {
            "A": "No, Function Preserved: The vulnerability CWE563 will not be triggered, and the original functionality is fully preserved.",
            "B": "No, Function Impaired: The vulnerability CWE563 will not be triggered, but the functionality of the original code is impaired.",
            "C": "Yes: The vulnerability CWE563 will still be triggered.",
            "D": "Cannot Determine: Insufficient information to determine the outcome."
        },
        "answer": "B",
        "distance": "inner_variant_0"
    },
    {
        "case_id": "CWE563_Unused_Variable__unused_init_variable_int64_t_01_bad",
        "org_code": "Original Code Snippet:\nvoid Sample_Func()\n{\n    int64_t data;\n    data = 5LL;\n    ;  \n}\n",
        "new_code": "Code Snippet Variant:\nstatic int StaticValue = 689;\nvoid Sample_Func()\n{\n    if (StaticValue==572)\n    {\n        {\n            int64_t data;\n            data = 5LL;\n            ;  \n        }\n    }\n    if(StaticValue==689)\n    {\n        int socketDescriptor;\n        int connectionStatus = 0;\n        char networkBuffer[256];\n        for (socketDescriptor = 0; socketDescriptor < 5; socketDescriptor++) {\n            if (connectionStatus == 0) {\n                networkBuffer[socketDescriptor] = 'A';\n            } else {\n                networkBuffer[socketDescriptor] = '0';\n            }\n        }\n        printLine(\"Successful! Problem Resolved!\");\n    }\n    if (StaticValue==766)\n    {\n        {\n            int64_t data;\n            data = 5LL;\n            printLongLongLine(data);\n        }\n    }\n    if (StaticValue==669)\n    {\n        {\n            int64_t data;\n            data = 5LL;\n            printLongLongLine(data);\n        }\n    }\n}\n",
        "CWE_ID": "CWE563",
        "question": "Question: What happens if we replace the following original code snippet with the proposed variants? Will the vulnerability CWE563 be triggered, and how does it affect the functionality of the code?",
        "choices": {
            "A": "No, Function Preserved: The vulnerability CWE563 will not be triggered, and the original functionality is fully preserved.",
            "B": "No, Function Impaired: The vulnerability CWE563 will not be triggered, but the functionality of the original code is impaired.",
            "C": "Yes: The vulnerability CWE563 will still be triggered.",
            "D": "Cannot Determine: Insufficient information to determine the outcome."
        },
        "answer": "B",
        "distance": "outer"
    },
    {
        "case_id": "CWE563_Unused_Variable__unused_init_variable_int64_t_01_bad",
        "org_code": "Original Code Snippet:\nvoid Sample_Func()\n{\n    int64_t data;\n    data = 5LL;\n    ;  \n}\n",
        "new_code": "Code Snippet Variant:\nstatic int StaticValue = 958;\nvoid Sample_Func()\n{\n    int64_t data;\n    data = 5LL;\n    if (StaticValue==1119)\n    {\n        ;  \n    }\n    if (StaticValue==958)\n    {\n        ;  \n    }\n    if (StaticValue==797)\n    {\n        printLongLongLine(data);\n    }\n}\n",
        "CWE_ID": "CWE563",
        "question": "Question: What happens if we replace the following original code snippet with the proposed variants? Will the vulnerability CWE563 be triggered, and how does it affect the functionality of the code?",
        "choices": {
            "A": "No, Function Preserved: The vulnerability CWE563 will not be triggered, and the original functionality is fully preserved.",
            "B": "No, Function Impaired: The vulnerability CWE563 will not be triggered, but the functionality of the original code is impaired.",
            "C": "Yes: The vulnerability CWE563 will still be triggered.",
            "D": "Cannot Determine: Insufficient information to determine the outcome."
        },
        "answer": "C",
        "distance": "inner_0"
    },
    {
        "case_id": "CWE563_Unused_Variable__unused_init_variable_int64_t_01_bad",
        "org_code": "Original Code Snippet:\nvoid Sample_Func()\n{\n    int64_t data;\n    data = 5LL;\n    ;  \n}\n",
        "new_code": "Code Snippet Variant:\nstatic int StaticValue = 958;\nvoid Sample_Func()\n{\n    if (StaticValue==958)\n    {\n        {\n            int64_t data;\n            data = 5LL;\n            if (StaticValue==1119)\n            {\n                ;  \n            }\n            if (StaticValue==958)\n            {\n                ;  \n            }\n            if (StaticValue==797)\n            {\n                printLongLongLine(data);\n            }\n        }\n    }\n    if (StaticValue==1046)\n    {\n        {\n            int64_t data;\n            data = 5LL;\n            ;  \n        }\n    }\n    if (StaticValue==870)\n    {\n        {\n            int64_t data;\n            data = 5LL;\n            printLongLongLine(data);\n        }\n    }\n}\n",
        "CWE_ID": "CWE563",
        "question": "Question: What happens if we replace the following original code snippet with the proposed variants? Will the vulnerability CWE563 be triggered, and how does it affect the functionality of the code?",
        "choices": {
            "A": "No, Function Preserved: The vulnerability CWE563 will not be triggered, and the original functionality is fully preserved.",
            "B": "No, Function Impaired: The vulnerability CWE563 will not be triggered, but the functionality of the original code is impaired.",
            "C": "Yes: The vulnerability CWE563 will still be triggered.",
            "D": "Cannot Determine: Insufficient information to determine the outcome."
        },
        "answer": "C",
        "distance": "inner_outer_0"
    },
    {
        "case_id": "CWE563_Unused_Variable__unused_init_variable_int64_t_01_bad",
        "org_code": "Original Code Snippet:\nvoid Sample_Func()\n{\n    int64_t data;\n    data = 5LL;\n    ;  \n}\n",
        "new_code": "Code Snippet Variant:\nstatic int StaticValue = 958;\nvoid Sample_Func()\n{\n    if (StaticValue==958)\n    {\n        {\n            int64_t data;\n            data = 5LL;\n            ;  \n        }\n    }\n    if (StaticValue==1046)\n    {\n        {\n            int64_t data;\n            data = 5LL;\n            ;  \n        }\n    }\n    if (StaticValue==870)\n    {\n        {\n            int64_t data;\n            data = 5LL;\n            printLongLongLine(data);\n        }\n    }\n}\n",
        "CWE_ID": "CWE563",
        "question": "Question: What happens if we replace the following original code snippet with the proposed variants? Will the vulnerability CWE563 be triggered, and how does it affect the functionality of the code?",
        "choices": {
            "A": "No, Function Preserved: The vulnerability CWE563 will not be triggered, and the original functionality is fully preserved.",
            "B": "No, Function Impaired: The vulnerability CWE563 will not be triggered, but the functionality of the original code is impaired.",
            "C": "Yes: The vulnerability CWE563 will still be triggered.",
            "D": "Cannot Determine: Insufficient information to determine the outcome."
        },
        "answer": "C",
        "distance": "outer"
    }
]