[
    {
        "case_id": "CWE426_Untrusted_Search_Path__wchar_t_popen_01_bad",
        "org_code": "Original Code Snippet:\nvoid Sample_Func()\n{\n    wchar_t * data;\n    wchar_t dataBuffer[100] = L\"\";\n    data = dataBuffer;\n    wcscpy(data, Dog_OS_COMMAND);\n    {\n        FILE *pipe;\n        pipe = POPEN(data, L\"wb\");\n        if (pipe != NULL)\n        {\n            PCLOSE(pipe);\n        }\n    }\n}\n",
        "new_code": "Code Snippet Variant:\nstatic int StaticValue = 379;\nvoid Sample_Func()\n{\n    wchar_t * data;\n    wchar_t dataBuffer[100] = L\"\";\n    data = dataBuffer;\n    if (StaticValue==249)\n    {\n        wcscpy(data, Dog_OS_COMMAND);\n    }\n    if (StaticValue==509)\n    {\n        wcscpy(data, Cat_OS_COMMAND);\n    }\n    if (StaticValue==379)\n    {\n        wcscpy(data, Cat_OS_COMMAND);\n    }\n    {\n        FILE *pipe;\n        pipe = POPEN(data, L\"wb\");\n        if (pipe != NULL)\n        {\n            PCLOSE(pipe);\n        }\n    }\n}\n",
        "CWE_ID": "CWE426",
        "question": "Question: What happens if we replace the following original code snippet with the proposed variants? Will the vulnerability CWE426 be triggered, and how does it affect the functionality of the code?",
        "choices": {
            "A": "No, Function Preserved: The vulnerability CWE426 will not be triggered, and the original functionality is fully preserved.",
            "B": "No, Function Impaired: The vulnerability CWE426 will not be triggered, but the functionality of the original code is impaired.",
            "C": "Yes: The vulnerability CWE426 will still be triggered.",
            "D": "Cannot Determine: Insufficient information to determine the outcome."
        },
        "answer": "A",
        "distance": "inner_0"
    },
    {
        "case_id": "CWE426_Untrusted_Search_Path__wchar_t_popen_01_bad",
        "org_code": "Original Code Snippet:\nvoid Sample_Func()\n{\n    wchar_t * data;\n    wchar_t dataBuffer[100] = L\"\";\n    data = dataBuffer;\n    wcscpy(data, Dog_OS_COMMAND);\n    {\n        FILE *pipe;\n        pipe = POPEN(data, L\"wb\");\n        if (pipe != NULL)\n        {\n            PCLOSE(pipe);\n        }\n    }\n}\n",
        "new_code": "Code Snippet Variant:\nstatic int StaticValue = 379;\nvoid Sample_Func()\n{\n    if (StaticValue==294)\n    {\n        {\n            wchar_t * data;\n            wchar_t dataBuffer[100] = L\"\";\n            data = dataBuffer;\n            wcscpy(data, Dog_OS_COMMAND);\n            {\n                FILE *pipe;\n                pipe = POPEN(data, L\"wb\");\n                if (pipe != NULL)\n                {\n                    PCLOSE(pipe);\n                }\n            }\n        }\n    }\n    if (StaticValue==464)\n    {\n        {\n            wchar_t * data;\n            wchar_t dataBuffer[100] = L\"\";\n            data = dataBuffer;\n            wcscpy(data, Cat_OS_COMMAND);\n            {\n                FILE *pipe;\n                pipe = POPEN(data, L\"wb\");\n                if (pipe != NULL)\n                {\n                    PCLOSE(pipe);\n                }\n            }\n        }\n    }\n    if (StaticValue==379)\n    {\n        {\n            wchar_t * data;\n            wchar_t dataBuffer[100] = L\"\";\n            data = dataBuffer;\n            if (StaticValue==249)\n            {\n                wcscpy(data, Dog_OS_COMMAND);\n            }\n            if (StaticValue==509)\n            {\n                wcscpy(data, Cat_OS_COMMAND);\n            }\n            if (StaticValue==379)\n            {\n                wcscpy(data, Cat_OS_COMMAND);\n            }\n            {\n                FILE *pipe;\n                pipe = POPEN(data, L\"wb\");\n                if (pipe != NULL)\n                {\n                    PCLOSE(pipe);\n                }\n            }\n        }\n    }\n}\n",
        "CWE_ID": "CWE426",
        "question": "Question: What happens if we replace the following original code snippet with the proposed variants? Will the vulnerability CWE426 be triggered, and how does it affect the functionality of the code?",
        "choices": {
            "A": "No, Function Preserved: The vulnerability CWE426 will not be triggered, and the original functionality is fully preserved.",
            "B": "No, Function Impaired: The vulnerability CWE426 will not be triggered, but the functionality of the original code is impaired.",
            "C": "Yes: The vulnerability CWE426 will still be triggered.",
            "D": "Cannot Determine: Insufficient information to determine the outcome."
        },
        "answer": "A",
        "distance": "inner_outer_0"
    },
    {
        "case_id": "CWE426_Untrusted_Search_Path__wchar_t_popen_01_bad",
        "org_code": "Original Code Snippet:\nvoid Sample_Func()\n{\n    wchar_t * data;\n    wchar_t dataBuffer[100] = L\"\";\n    data = dataBuffer;\n    wcscpy(data, Dog_OS_COMMAND);\n    {\n        FILE *pipe;\n        pipe = POPEN(data, L\"wb\");\n        if (pipe != NULL)\n        {\n            PCLOSE(pipe);\n        }\n    }\n}\n",
        "new_code": "Code Snippet Variant:\nstatic int StaticValue = 379;\nvoid Sample_Func()\n{\n    if (StaticValue==294)\n    {\n        {\n            wchar_t * data;\n            wchar_t dataBuffer[100] = L\"\";\n            data = dataBuffer;\n            wcscpy(data, Dog_OS_COMMAND);\n            {\n                FILE *pipe;\n                pipe = POPEN(data, L\"wb\");\n                if (pipe != NULL)\n                {\n                    PCLOSE(pipe);\n                }\n            }\n        }\n    }\n    if (StaticValue==464)\n    {\n        {\n            wchar_t * data;\n            wchar_t dataBuffer[100] = L\"\";\n            data = dataBuffer;\n            wcscpy(data, Cat_OS_COMMAND);\n            {\n                FILE *pipe;\n                pipe = POPEN(data, L\"wb\");\n                if (pipe != NULL)\n                {\n                    PCLOSE(pipe);\n                }\n            }\n        }\n    }\n    if (StaticValue==379)\n    {\n        {\n            wchar_t * data;\n            wchar_t dataBuffer[100] = L\"\";\n            data = dataBuffer;\n            if (StaticValue==249)\n            {\n                wcscpy(data, Dog_OS_COMMAND);\n            }\n            if (StaticValue==509)\n            {\n                wcscpy(data, Cat_OS_COMMAND);\n            }\n            if (StaticValue==379)\n            {\n                wcscpy(data, Cat_OS_COMMAND);\n            }\n            {\n                FILE *pipe;\n                if(1)\n                {\n                    pipe = POPEN(data, L\"wb\");\n                }\n                if(379==379)\n                {\n                    if (pipe != NULL)\n                    {\n                        PCLOSE(pipe);\n                    }\n                }\n            }\n        }\n    }\n}\n",
        "CWE_ID": "CWE426",
        "question": "Question: What happens if we replace the following original code snippet with the proposed variants? Will the vulnerability CWE426 be triggered, and how does it affect the functionality of the code?",
        "choices": {
            "A": "No, Function Preserved: The vulnerability CWE426 will not be triggered, and the original functionality is fully preserved.",
            "B": "No, Function Impaired: The vulnerability CWE426 will not be triggered, but the functionality of the original code is impaired.",
            "C": "Yes: The vulnerability CWE426 will still be triggered.",
            "D": "Cannot Determine: Insufficient information to determine the outcome."
        },
        "answer": "A",
        "distance": "inner_outer_variant_0"
    },
    {
        "case_id": "CWE426_Untrusted_Search_Path__wchar_t_popen_01_bad",
        "org_code": "Original Code Snippet:\nvoid Sample_Func()\n{\n    wchar_t * data;\n    wchar_t dataBuffer[100] = L\"\";\n    data = dataBuffer;\n    wcscpy(data, Dog_OS_COMMAND);\n    {\n        FILE *pipe;\n        pipe = POPEN(data, L\"wb\");\n        if (pipe != NULL)\n        {\n            PCLOSE(pipe);\n        }\n    }\n}\n",
        "new_code": "Code Snippet Variant:\nstatic int StaticValue = 379;\nvoid Sample_Func()\n{\n    wchar_t * data;\n    wchar_t dataBuffer[100] = L\"\";\n    data = dataBuffer;\n    if (StaticValue==249)\n    {\n        wcscpy(data, Dog_OS_COMMAND);\n    }\n    if(StaticValue==379)\n    {\n        if (StaticValue==509)\n        {\n            wcscpy(data, Cat_OS_COMMAND);\n        }\n    }\n    if (StaticValue==379)\n    {\n        wcscpy(data, Cat_OS_COMMAND);\n    }\n    {\n        FILE *pipe;\n        pipe = POPEN(data, L\"wb\");\n        if(1)\n        {\n            if (pipe != NULL)\n            {\n                PCLOSE(pipe);\n            }\n        }\n    }\n}\n",
        "CWE_ID": "CWE426",
        "question": "Question: What happens if we replace the following original code snippet with the proposed variants? Will the vulnerability CWE426 be triggered, and how does it affect the functionality of the code?",
        "choices": {
            "A": "No, Function Preserved: The vulnerability CWE426 will not be triggered, and the original functionality is fully preserved.",
            "B": "No, Function Impaired: The vulnerability CWE426 will not be triggered, but the functionality of the original code is impaired.",
            "C": "Yes: The vulnerability CWE426 will still be triggered.",
            "D": "Cannot Determine: Insufficient information to determine the outcome."
        },
        "answer": "A",
        "distance": "inner_variant_0"
    },
    {
        "case_id": "CWE426_Untrusted_Search_Path__wchar_t_popen_01_bad",
        "org_code": "Original Code Snippet:\nvoid Sample_Func()\n{\n    wchar_t * data;\n    wchar_t dataBuffer[100] = L\"\";\n    data = dataBuffer;\n    wcscpy(data, Dog_OS_COMMAND);\n    {\n        FILE *pipe;\n        pipe = POPEN(data, L\"wb\");\n        if (pipe != NULL)\n        {\n            PCLOSE(pipe);\n        }\n    }\n}\n",
        "new_code": "Code Snippet Variant:\nstatic int StaticValue = 379;\nvoid Sample_Func()\n{\n    if (StaticValue==294)\n    {\n        {\n            wchar_t * data;\n            wchar_t dataBuffer[100] = L\"\";\n            data = dataBuffer;\n            wcscpy(data, Dog_OS_COMMAND);\n            {\n                FILE *pipe;\n                pipe = POPEN(data, L\"wb\");\n                if (pipe != NULL)\n                {\n                    PCLOSE(pipe);\n                }\n            }\n        }\n    }\n    if (StaticValue==464)\n    {\n        {\n            wchar_t * data;\n            wchar_t dataBuffer[100] = L\"\";\n            data = dataBuffer;\n            wcscpy(data, Cat_OS_COMMAND);\n            {\n                FILE *pipe;\n                pipe = POPEN(data, L\"wb\");\n                if (pipe != NULL)\n                {\n                    PCLOSE(pipe);\n                }\n            }\n        }\n    }\n    if (StaticValue==379)\n    {\n        {\n            wchar_t * data;\n            wchar_t dataBuffer[100] = L\"\";\n            data = dataBuffer;\n            wcscpy(data, Cat_OS_COMMAND);\n            {\n                FILE *pipe;\n                pipe = POPEN(data, L\"wb\");\n                if (pipe != NULL)\n                {\n                    PCLOSE(pipe);\n                }\n            }\n        }\n    }\n}\n",
        "CWE_ID": "CWE426",
        "question": "Question: What happens if we replace the following original code snippet with the proposed variants? Will the vulnerability CWE426 be triggered, and how does it affect the functionality of the code?",
        "choices": {
            "A": "No, Function Preserved: The vulnerability CWE426 will not be triggered, and the original functionality is fully preserved.",
            "B": "No, Function Impaired: The vulnerability CWE426 will not be triggered, but the functionality of the original code is impaired.",
            "C": "Yes: The vulnerability CWE426 will still be triggered.",
            "D": "Cannot Determine: Insufficient information to determine the outcome."
        },
        "answer": "A",
        "distance": "outer"
    },
    {
        "case_id": "CWE426_Untrusted_Search_Path__wchar_t_popen_01_bad",
        "org_code": "Original Code Snippet:\nvoid Sample_Func()\n{\n    wchar_t * data;\n    wchar_t dataBuffer[100] = L\"\";\n    data = dataBuffer;\n    wcscpy(data, Dog_OS_COMMAND);\n    {\n        FILE *pipe;\n        pipe = POPEN(data, L\"wb\");\n        if (pipe != NULL)\n        {\n            PCLOSE(pipe);\n        }\n    }\n}\n",
        "new_code": "Code Snippet Variant:\nstatic int StaticValue = 379;\nvoid Sample_Func()\n{\n    if (StaticValue==294)\n    {\n        {\n            wchar_t * data;\n            wchar_t dataBuffer[100] = L\"\";\n            data = dataBuffer;\n            wcscpy(data, Dog_OS_COMMAND);\n            {\n                FILE *pipe;\n                if(StaticValue==379)\n                {\n                    pipe = POPEN(data, L\"wb\");\n                }\n                if(379==379)\n                {\n                    if (pipe != NULL)\n                    {\n                        PCLOSE(pipe);\n                    }\n                }\n            }\n        }\n    }\n    if (StaticValue==464)\n    {\n        {\n            wchar_t * data;\n            wchar_t dataBuffer[100] = L\"\";\n            data = dataBuffer;\n            wcscpy(data, Cat_OS_COMMAND);\n            {\n                FILE *pipe;\n                pipe = POPEN(data, L\"wb\");\n                if (pipe != NULL)\n                {\n                    PCLOSE(pipe);\n                }\n            }\n        }\n    }\n    if (StaticValue==379)\n    {\n        {\n            wchar_t * data;\n            wchar_t dataBuffer[100] = L\"\";\n            data = dataBuffer;\n            wcscpy(data, Cat_OS_COMMAND);\n            {\n                FILE *pipe;\n                pipe = POPEN(data, L\"wb\");\n                if (pipe != NULL)\n                {\n                    PCLOSE(pipe);\n                }\n            }\n        }\n    }\n}\n",
        "CWE_ID": "CWE426",
        "question": "Question: What happens if we replace the following original code snippet with the proposed variants? Will the vulnerability CWE426 be triggered, and how does it affect the functionality of the code?",
        "choices": {
            "A": "No, Function Preserved: The vulnerability CWE426 will not be triggered, and the original functionality is fully preserved.",
            "B": "No, Function Impaired: The vulnerability CWE426 will not be triggered, but the functionality of the original code is impaired.",
            "C": "Yes: The vulnerability CWE426 will still be triggered.",
            "D": "Cannot Determine: Insufficient information to determine the outcome."
        },
        "answer": "A",
        "distance": "outer_variant"
    },
    {
        "case_id": "CWE426_Untrusted_Search_Path__wchar_t_popen_01_bad",
        "org_code": "Original Code Snippet:\nvoid Sample_Func()\n{\n    wchar_t * data;\n    wchar_t dataBuffer[100] = L\"\";\n    data = dataBuffer;\n    wcscpy(data, Dog_OS_COMMAND);\n    {\n        FILE *pipe;\n        pipe = POPEN(data, L\"wb\");\n        if (pipe != NULL)\n        {\n            PCLOSE(pipe);\n        }\n    }\n}\n",
        "new_code": "Code Snippet Variant:\nstatic int StaticValue = 389;\nvoid Sample_Func()\n{\n    wchar_t * data;\n    wchar_t dataBuffer[100] = L\"\";\n    data = dataBuffer;\n    if (StaticValue==249)\n    {\n        wcscpy(data, Dog_OS_COMMAND);\n    }\n    if (StaticValue==509)\n    {\n        wcscpy(data, Cat_OS_COMMAND);\n    }\n    if (StaticValue==379)\n    {\n        wcscpy(data, Cat_OS_COMMAND);\n    }\n    if(StaticValue==389)\n    {\n        int socketDescriptor;\n        int connectionStatus = 0;\n        char networkBuffer[256];\n        for (socketDescriptor = 0; socketDescriptor < 5; socketDescriptor++) {\n            if (connectionStatus == 0) {\n                networkBuffer[socketDescriptor] = 'A';\n            } else {\n                networkBuffer[socketDescriptor] = '0';\n            }\n        }\n        printLine(\"Successful! Problem Resolved!\");\n    }\n    {\n        FILE *pipe;\n        pipe = POPEN(data, L\"wb\");\n        if (pipe != NULL)\n        {\n            PCLOSE(pipe);\n        }\n    }\n}\n",
        "CWE_ID": "CWE426",
        "question": "Question: What happens if we replace the following original code snippet with the proposed variants? Will the vulnerability CWE426 be triggered, and how does it affect the functionality of the code?",
        "choices": {
            "A": "No, Function Preserved: The vulnerability CWE426 will not be triggered, and the original functionality is fully preserved.",
            "B": "No, Function Impaired: The vulnerability CWE426 will not be triggered, but the functionality of the original code is impaired.",
            "C": "Yes: The vulnerability CWE426 will still be triggered.",
            "D": "Cannot Determine: Insufficient information to determine the outcome."
        },
        "answer": "B",
        "distance": "inner_0"
    },
    {
        "case_id": "CWE426_Untrusted_Search_Path__wchar_t_popen_01_bad",
        "org_code": "Original Code Snippet:\nvoid Sample_Func()\n{\n    wchar_t * data;\n    wchar_t dataBuffer[100] = L\"\";\n    data = dataBuffer;\n    wcscpy(data, Dog_OS_COMMAND);\n    {\n        FILE *pipe;\n        pipe = POPEN(data, L\"wb\");\n        if (pipe != NULL)\n        {\n            PCLOSE(pipe);\n        }\n    }\n}\n",
        "new_code": "Code Snippet Variant:\nstatic int StaticValue = 397;\nvoid Sample_Func()\n{\n    if (StaticValue==294)\n    {\n        {\n            wchar_t * data;\n            wchar_t dataBuffer[100] = L\"\";\n            data = dataBuffer;\n            wcscpy(data, Dog_OS_COMMAND);\n            {\n                FILE *pipe;\n                pipe = POPEN(data, L\"wb\");\n                if (pipe != NULL)\n                {\n                    PCLOSE(pipe);\n                }\n            }\n        }\n    }\n    if(StaticValue==397)\n    {\n        int socketDescriptor;\n        int connectionStatus = 0;\n        char networkBuffer[256];\n        for (socketDescriptor = 0; socketDescriptor < 5; socketDescriptor++) {\n            if (connectionStatus == 0) {\n                networkBuffer[socketDescriptor] = 'A';\n            } else {\n                networkBuffer[socketDescriptor] = '0';\n            }\n        }\n        printLine(\"Successful! Problem Resolved!\");\n    }\n    if (StaticValue==464)\n    {\n        {\n            wchar_t * data;\n            wchar_t dataBuffer[100] = L\"\";\n            data = dataBuffer;\n            wcscpy(data, Cat_OS_COMMAND);\n            {\n                FILE *pipe;\n                pipe = POPEN(data, L\"wb\");\n                if (pipe != NULL)\n                {\n                    PCLOSE(pipe);\n                }\n            }\n        }\n    }\n    if (StaticValue==379)\n    {\n        {\n            wchar_t * data;\n            wchar_t dataBuffer[100] = L\"\";\n            data = dataBuffer;\n            if (StaticValue==249)\n            {\n                wcscpy(data, Dog_OS_COMMAND);\n            }\n            if (StaticValue==509)\n            {\n                wcscpy(data, Cat_OS_COMMAND);\n            }\n            if (StaticValue==379)\n            {\n                wcscpy(data, Cat_OS_COMMAND);\n            }\n            {\n                FILE *pipe;\n                pipe = POPEN(data, L\"wb\");\n                if (pipe != NULL)\n                {\n                    PCLOSE(pipe);\n                }\n            }\n        }\n    }\n}\n",
        "CWE_ID": "CWE426",
        "question": "Question: What happens if we replace the following original code snippet with the proposed variants? Will the vulnerability CWE426 be triggered, and how does it affect the functionality of the code?",
        "choices": {
            "A": "No, Function Preserved: The vulnerability CWE426 will not be triggered, and the original functionality is fully preserved.",
            "B": "No, Function Impaired: The vulnerability CWE426 will not be triggered, but the functionality of the original code is impaired.",
            "C": "Yes: The vulnerability CWE426 will still be triggered.",
            "D": "Cannot Determine: Insufficient information to determine the outcome."
        },
        "answer": "B",
        "distance": "inner_outer_0"
    },
    {
        "case_id": "CWE426_Untrusted_Search_Path__wchar_t_popen_01_bad",
        "org_code": "Original Code Snippet:\nvoid Sample_Func()\n{\n    wchar_t * data;\n    wchar_t dataBuffer[100] = L\"\";\n    data = dataBuffer;\n    wcscpy(data, Dog_OS_COMMAND);\n    {\n        FILE *pipe;\n        pipe = POPEN(data, L\"wb\");\n        if (pipe != NULL)\n        {\n            PCLOSE(pipe);\n        }\n    }\n}\n",
        "new_code": "Code Snippet Variant:\nstatic int StaticValue = 393;\nvoid Sample_Func()\n{\n    if (StaticValue==294)\n    {\n        {\n            wchar_t * data;\n            wchar_t dataBuffer[100] = L\"\";\n            data = dataBuffer;\n            wcscpy(data, Dog_OS_COMMAND);\n            {\n                FILE *pipe;\n                pipe = POPEN(data, L\"wb\");\n                if (pipe != NULL)\n                {\n                    PCLOSE(pipe);\n                }\n            }\n        }\n    }\n    if(StaticValue==393)\n    {\n        int socketDescriptor;\n        int connectionStatus = 0;\n        char networkBuffer[256];\n        for (socketDescriptor = 0; socketDescriptor < 5; socketDescriptor++) {\n            if (connectionStatus == 0) {\n                networkBuffer[socketDescriptor] = 'A';\n            } else {\n                networkBuffer[socketDescriptor] = '0';\n            }\n        }\n        printLine(\"Successful! Problem Resolved!\");\n    }\n    if (StaticValue==464)\n    {\n        {\n            wchar_t * data;\n            wchar_t dataBuffer[100] = L\"\";\n            data = dataBuffer;\n            wcscpy(data, Cat_OS_COMMAND);\n            {\n                FILE *pipe;\n                pipe = POPEN(data, L\"wb\");\n                if (pipe != NULL)\n                {\n                    PCLOSE(pipe);\n                }\n            }\n        }\n    }\n    if (StaticValue==379)\n    {\n        {\n            wchar_t * data;\n            wchar_t dataBuffer[100] = L\"\";\n            data = dataBuffer;\n            if (StaticValue==249)\n            {\n                wcscpy(data, Dog_OS_COMMAND);\n            }\n            if (StaticValue==509)\n            {\n                wcscpy(data, Cat_OS_COMMAND);\n            }\n            if (StaticValue==379)\n            {\n                wcscpy(data, Cat_OS_COMMAND);\n            }\n            {\n                FILE *pipe;\n                if(1)\n                {\n                    pipe = POPEN(data, L\"wb\");\n                }\n                if(379==379)\n                {\n                    if (pipe != NULL)\n                    {\n                        PCLOSE(pipe);\n                    }\n                }\n            }\n        }\n    }\n}\n",
        "CWE_ID": "CWE426",
        "question": "Question: What happens if we replace the following original code snippet with the proposed variants? Will the vulnerability CWE426 be triggered, and how does it affect the functionality of the code?",
        "choices": {
            "A": "No, Function Preserved: The vulnerability CWE426 will not be triggered, and the original functionality is fully preserved.",
            "B": "No, Function Impaired: The vulnerability CWE426 will not be triggered, but the functionality of the original code is impaired.",
            "C": "Yes: The vulnerability CWE426 will still be triggered.",
            "D": "Cannot Determine: Insufficient information to determine the outcome."
        },
        "answer": "B",
        "distance": "inner_outer_variant_0"
    },
    {
        "case_id": "CWE426_Untrusted_Search_Path__wchar_t_popen_01_bad",
        "org_code": "Original Code Snippet:\nvoid Sample_Func()\n{\n    wchar_t * data;\n    wchar_t dataBuffer[100] = L\"\";\n    data = dataBuffer;\n    wcscpy(data, Dog_OS_COMMAND);\n    {\n        FILE *pipe;\n        pipe = POPEN(data, L\"wb\");\n        if (pipe != NULL)\n        {\n            PCLOSE(pipe);\n        }\n    }\n}\n",
        "new_code": "Code Snippet Variant:\nstatic int StaticValue = 393;\nvoid Sample_Func()\n{\n    wchar_t * data;\n    wchar_t dataBuffer[100] = L\"\";\n    data = dataBuffer;\n    if (StaticValue==249)\n    {\n        wcscpy(data, Dog_OS_COMMAND);\n    }\n    if(StaticValue==379)\n    {\n        if (StaticValue==509)\n        {\n            wcscpy(data, Cat_OS_COMMAND);\n        }\n    }\n    if(StaticValue==393)\n    {\n        int socketDescriptor;\n        int connectionStatus = 0;\n        char networkBuffer[256];\n        for (socketDescriptor = 0; socketDescriptor < 5; socketDescriptor++) {\n            if (connectionStatus == 0) {\n                networkBuffer[socketDescriptor] = 'A';\n            } else {\n                networkBuffer[socketDescriptor] = '0';\n            }\n        }\n        printLine(\"Successful! Problem Resolved!\");\n    }\n    if (StaticValue==379)\n    {\n        wcscpy(data, Cat_OS_COMMAND);\n    }\n    {\n        FILE *pipe;\n        pipe = POPEN(data, L\"wb\");\n        if(1)\n        {\n            if (pipe != NULL)\n            {\n                PCLOSE(pipe);\n            }\n        }\n    }\n}\n",
        "CWE_ID": "CWE426",
        "question": "Question: What happens if we replace the following original code snippet with the proposed variants? Will the vulnerability CWE426 be triggered, and how does it affect the functionality of the code?",
        "choices": {
            "A": "No, Function Preserved: The vulnerability CWE426 will not be triggered, and the original functionality is fully preserved.",
            "B": "No, Function Impaired: The vulnerability CWE426 will not be triggered, but the functionality of the original code is impaired.",
            "C": "Yes: The vulnerability CWE426 will still be triggered.",
            "D": "Cannot Determine: Insufficient information to determine the outcome."
        },
        "answer": "B",
        "distance": "inner_variant_0"
    },
    {
        "case_id": "CWE426_Untrusted_Search_Path__wchar_t_popen_01_bad",
        "org_code": "Original Code Snippet:\nvoid Sample_Func()\n{\n    wchar_t * data;\n    wchar_t dataBuffer[100] = L\"\";\n    data = dataBuffer;\n    wcscpy(data, Dog_OS_COMMAND);\n    {\n        FILE *pipe;\n        pipe = POPEN(data, L\"wb\");\n        if (pipe != NULL)\n        {\n            PCLOSE(pipe);\n        }\n    }\n}\n",
        "new_code": "Code Snippet Variant:\nstatic int StaticValue = 398;\nvoid Sample_Func()\n{\n    if (StaticValue==294)\n    {\n        {\n            wchar_t * data;\n            wchar_t dataBuffer[100] = L\"\";\n            data = dataBuffer;\n            wcscpy(data, Dog_OS_COMMAND);\n            {\n                FILE *pipe;\n                pipe = POPEN(data, L\"wb\");\n                if (pipe != NULL)\n                {\n                    PCLOSE(pipe);\n                }\n            }\n        }\n    }\n    if (StaticValue==464)\n    {\n        {\n            wchar_t * data;\n            wchar_t dataBuffer[100] = L\"\";\n            data = dataBuffer;\n            wcscpy(data, Cat_OS_COMMAND);\n            {\n                FILE *pipe;\n                pipe = POPEN(data, L\"wb\");\n                if (pipe != NULL)\n                {\n                    PCLOSE(pipe);\n                }\n            }\n        }\n    }\n    if(StaticValue==398)\n    {\n        int socketDescriptor;\n        int connectionStatus = 0;\n        char networkBuffer[256];\n        for (socketDescriptor = 0; socketDescriptor < 5; socketDescriptor++) {\n            if (connectionStatus == 0) {\n                networkBuffer[socketDescriptor] = 'A';\n            } else {\n                networkBuffer[socketDescriptor] = '0';\n            }\n        }\n        printLine(\"Successful! Problem Resolved!\");\n    }\n    if (StaticValue==379)\n    {\n        {\n            wchar_t * data;\n            wchar_t dataBuffer[100] = L\"\";\n            data = dataBuffer;\n            wcscpy(data, Cat_OS_COMMAND);\n            {\n                FILE *pipe;\n                pipe = POPEN(data, L\"wb\");\n                if (pipe != NULL)\n                {\n                    PCLOSE(pipe);\n                }\n            }\n        }\n    }\n}\n",
        "CWE_ID": "CWE426",
        "question": "Question: What happens if we replace the following original code snippet with the proposed variants? Will the vulnerability CWE426 be triggered, and how does it affect the functionality of the code?",
        "choices": {
            "A": "No, Function Preserved: The vulnerability CWE426 will not be triggered, and the original functionality is fully preserved.",
            "B": "No, Function Impaired: The vulnerability CWE426 will not be triggered, but the functionality of the original code is impaired.",
            "C": "Yes: The vulnerability CWE426 will still be triggered.",
            "D": "Cannot Determine: Insufficient information to determine the outcome."
        },
        "answer": "B",
        "distance": "outer"
    },
    {
        "case_id": "CWE426_Untrusted_Search_Path__wchar_t_popen_01_bad",
        "org_code": "Original Code Snippet:\nvoid Sample_Func()\n{\n    wchar_t * data;\n    wchar_t dataBuffer[100] = L\"\";\n    data = dataBuffer;\n    wcscpy(data, Dog_OS_COMMAND);\n    {\n        FILE *pipe;\n        pipe = POPEN(data, L\"wb\");\n        if (pipe != NULL)\n        {\n            PCLOSE(pipe);\n        }\n    }\n}\n",
        "new_code": "Code Snippet Variant:\nstatic int StaticValue = 392;\nvoid Sample_Func()\n{\n    if (StaticValue==294)\n    {\n        {\n            wchar_t * data;\n            wchar_t dataBuffer[100] = L\"\";\n            data = dataBuffer;\n            wcscpy(data, Dog_OS_COMMAND);\n            {\n                FILE *pipe;\n                if(StaticValue==379)\n                {\n                    pipe = POPEN(data, L\"wb\");\n                }\n                if(379==379)\n                {\n                    if (pipe != NULL)\n                    {\n                        PCLOSE(pipe);\n                    }\n                }\n            }\n        }\n    }\n    if (StaticValue==464)\n    {\n        {\n            wchar_t * data;\n            wchar_t dataBuffer[100] = L\"\";\n            data = dataBuffer;\n            wcscpy(data, Cat_OS_COMMAND);\n            {\n                FILE *pipe;\n                pipe = POPEN(data, L\"wb\");\n                if (pipe != NULL)\n                {\n                    PCLOSE(pipe);\n                }\n            }\n        }\n    }\n    if(StaticValue==392)\n    {\n        int socketDescriptor;\n        int connectionStatus = 0;\n        char networkBuffer[256];\n        for (socketDescriptor = 0; socketDescriptor < 5; socketDescriptor++) {\n            if (connectionStatus == 0) {\n                networkBuffer[socketDescriptor] = 'A';\n            } else {\n                networkBuffer[socketDescriptor] = '0';\n            }\n        }\n        printLine(\"Successful! Problem Resolved!\");\n    }\n    if (StaticValue==379)\n    {\n        {\n            wchar_t * data;\n            wchar_t dataBuffer[100] = L\"\";\n            data = dataBuffer;\n            wcscpy(data, Cat_OS_COMMAND);\n            {\n                FILE *pipe;\n                pipe = POPEN(data, L\"wb\");\n                if (pipe != NULL)\n                {\n                    PCLOSE(pipe);\n                }\n            }\n        }\n    }\n}\n",
        "CWE_ID": "CWE426",
        "question": "Question: What happens if we replace the following original code snippet with the proposed variants? Will the vulnerability CWE426 be triggered, and how does it affect the functionality of the code?",
        "choices": {
            "A": "No, Function Preserved: The vulnerability CWE426 will not be triggered, and the original functionality is fully preserved.",
            "B": "No, Function Impaired: The vulnerability CWE426 will not be triggered, but the functionality of the original code is impaired.",
            "C": "Yes: The vulnerability CWE426 will still be triggered.",
            "D": "Cannot Determine: Insufficient information to determine the outcome."
        },
        "answer": "B",
        "distance": "outer_variant"
    },
    {
        "case_id": "CWE426_Untrusted_Search_Path__wchar_t_popen_01_bad",
        "org_code": "Original Code Snippet:\nvoid Sample_Func()\n{\n    wchar_t * data;\n    wchar_t dataBuffer[100] = L\"\";\n    data = dataBuffer;\n    wcscpy(data, Dog_OS_COMMAND);\n    {\n        FILE *pipe;\n        pipe = POPEN(data, L\"wb\");\n        if (pipe != NULL)\n        {\n            PCLOSE(pipe);\n        }\n    }\n}\n",
        "new_code": "Code Snippet Variant:\nstatic int StaticValue = 729;\nvoid Sample_Func()\n{\n    wchar_t * data;\n    wchar_t dataBuffer[100] = L\"\";\n    data = dataBuffer;\n    if (StaticValue==835)\n    {\n        wcscpy(data, Dog_OS_COMMAND);\n    }\n    if (StaticValue==729)\n    {\n        wcscpy(data, Dog_OS_COMMAND);\n    }\n    if (StaticValue==623)\n    {\n        wcscpy(data, Cat_OS_COMMAND);\n    }\n    {\n        FILE *pipe;\n        pipe = POPEN(data, L\"wb\");\n        if (pipe != NULL)\n        {\n            PCLOSE(pipe);\n        }\n    }\n}\n",
        "CWE_ID": "CWE426",
        "question": "Question: What happens if we replace the following original code snippet with the proposed variants? Will the vulnerability CWE426 be triggered, and how does it affect the functionality of the code?",
        "choices": {
            "A": "No, Function Preserved: The vulnerability CWE426 will not be triggered, and the original functionality is fully preserved.",
            "B": "No, Function Impaired: The vulnerability CWE426 will not be triggered, but the functionality of the original code is impaired.",
            "C": "Yes: The vulnerability CWE426 will still be triggered.",
            "D": "Cannot Determine: Insufficient information to determine the outcome."
        },
        "answer": "C",
        "distance": "inner_0"
    },
    {
        "case_id": "CWE426_Untrusted_Search_Path__wchar_t_popen_01_bad",
        "org_code": "Original Code Snippet:\nvoid Sample_Func()\n{\n    wchar_t * data;\n    wchar_t dataBuffer[100] = L\"\";\n    data = dataBuffer;\n    wcscpy(data, Dog_OS_COMMAND);\n    {\n        FILE *pipe;\n        pipe = POPEN(data, L\"wb\");\n        if (pipe != NULL)\n        {\n            PCLOSE(pipe);\n        }\n    }\n}\n",
        "new_code": "Code Snippet Variant:\nstatic int StaticValue = 729;\nvoid Sample_Func()\n{\n    if (StaticValue==729)\n    {\n        {\n            wchar_t * data;\n            wchar_t dataBuffer[100] = L\"\";\n            data = dataBuffer;\n            if (StaticValue==835)\n            {\n                wcscpy(data, Dog_OS_COMMAND);\n            }\n            if (StaticValue==729)\n            {\n                wcscpy(data, Dog_OS_COMMAND);\n            }\n            if (StaticValue==623)\n            {\n                wcscpy(data, Cat_OS_COMMAND);\n            }\n            {\n                FILE *pipe;\n                pipe = POPEN(data, L\"wb\");\n                if (pipe != NULL)\n                {\n                    PCLOSE(pipe);\n                }\n            }\n        }\n    }\n    if (StaticValue==828)\n    {\n        {\n            wchar_t * data;\n            wchar_t dataBuffer[100] = L\"\";\n            data = dataBuffer;\n            wcscpy(data, Dog_OS_COMMAND);\n            {\n                FILE *pipe;\n                pipe = POPEN(data, L\"wb\");\n                if (pipe != NULL)\n                {\n                    PCLOSE(pipe);\n                }\n            }\n        }\n    }\n    if (StaticValue==630)\n    {\n        {\n            wchar_t * data;\n            wchar_t dataBuffer[100] = L\"\";\n            data = dataBuffer;\n            wcscpy(data, Cat_OS_COMMAND);\n            {\n                FILE *pipe;\n                pipe = POPEN(data, L\"wb\");\n                if (pipe != NULL)\n                {\n                    PCLOSE(pipe);\n                }\n            }\n        }\n    }\n}\n",
        "CWE_ID": "CWE426",
        "question": "Question: What happens if we replace the following original code snippet with the proposed variants? Will the vulnerability CWE426 be triggered, and how does it affect the functionality of the code?",
        "choices": {
            "A": "No, Function Preserved: The vulnerability CWE426 will not be triggered, and the original functionality is fully preserved.",
            "B": "No, Function Impaired: The vulnerability CWE426 will not be triggered, but the functionality of the original code is impaired.",
            "C": "Yes: The vulnerability CWE426 will still be triggered.",
            "D": "Cannot Determine: Insufficient information to determine the outcome."
        },
        "answer": "C",
        "distance": "inner_outer_0"
    },
    {
        "case_id": "CWE426_Untrusted_Search_Path__wchar_t_popen_01_bad",
        "org_code": "Original Code Snippet:\nvoid Sample_Func()\n{\n    wchar_t * data;\n    wchar_t dataBuffer[100] = L\"\";\n    data = dataBuffer;\n    wcscpy(data, Dog_OS_COMMAND);\n    {\n        FILE *pipe;\n        pipe = POPEN(data, L\"wb\");\n        if (pipe != NULL)\n        {\n            PCLOSE(pipe);\n        }\n    }\n}\n",
        "new_code": "Code Snippet Variant:\nstatic int StaticValue = 729;\nvoid Sample_Func()\n{\n    if (StaticValue==729)\n    {\n        int DogCat;\n        {\n            wchar_t * data;\n            wchar_t dataBuffer[100] = L\"\";\n            data = dataBuffer;\n            if (StaticValue==835)\n            {\n                wcscpy(data, Dog_OS_COMMAND);\n            }\n            if (StaticValue==729)\n            {\n                wcscpy(data, Dog_OS_COMMAND);\n            }\n            if(729==729)\n            {\n                if (StaticValue==623)\n                {\n                    wcscpy(data, Cat_OS_COMMAND);\n                }\n            }\n            {\n                FILE *pipe;\n                for(DogCat = 0; DogCat < 1; DogCat++)\n                {\n                    pipe = POPEN(data, L\"wb\");\n                }\n                if (pipe != NULL)\n                {\n                    PCLOSE(pipe);\n                }\n            }\n        }\n    }\n    if (StaticValue==828)\n    {\n        {\n            wchar_t * data;\n            wchar_t dataBuffer[100] = L\"\";\n            data = dataBuffer;\n            wcscpy(data, Dog_OS_COMMAND);\n            {\n                FILE *pipe;\n                if(729==729)\n                {\n                    pipe = POPEN(data, L\"wb\");\n                }\n                if(1)\n                {\n                    if (pipe != NULL)\n                    {\n                        PCLOSE(pipe);\n                    }\n                }\n            }\n        }\n    }\n    if (StaticValue==630)\n    {\n        {\n            wchar_t * data;\n            wchar_t dataBuffer[100] = L\"\";\n            data = dataBuffer;\n            wcscpy(data, Cat_OS_COMMAND);\n            {\n                FILE *pipe;\n                pipe = POPEN(data, L\"wb\");\n                if (pipe != NULL)\n                {\n                    PCLOSE(pipe);\n                }\n            }\n        }\n    }\n}\n",
        "CWE_ID": "CWE426",
        "question": "Question: What happens if we replace the following original code snippet with the proposed variants? Will the vulnerability CWE426 be triggered, and how does it affect the functionality of the code?",
        "choices": {
            "A": "No, Function Preserved: The vulnerability CWE426 will not be triggered, and the original functionality is fully preserved.",
            "B": "No, Function Impaired: The vulnerability CWE426 will not be triggered, but the functionality of the original code is impaired.",
            "C": "Yes: The vulnerability CWE426 will still be triggered.",
            "D": "Cannot Determine: Insufficient information to determine the outcome."
        },
        "answer": "C",
        "distance": "inner_outer_variant_0"
    },
    {
        "case_id": "CWE426_Untrusted_Search_Path__wchar_t_popen_01_bad",
        "org_code": "Original Code Snippet:\nvoid Sample_Func()\n{\n    wchar_t * data;\n    wchar_t dataBuffer[100] = L\"\";\n    data = dataBuffer;\n    wcscpy(data, Dog_OS_COMMAND);\n    {\n        FILE *pipe;\n        pipe = POPEN(data, L\"wb\");\n        if (pipe != NULL)\n        {\n            PCLOSE(pipe);\n        }\n    }\n}\n",
        "new_code": "Code Snippet Variant:\nstatic int StaticValue = 729;\nvoid Sample_Func()\n{\n    int DogCat;\n    wchar_t * data;\n    wchar_t dataBuffer[100] = L\"\";\n    data = dataBuffer;\n    if (StaticValue==835)\n    {\n        wcscpy(data, Dog_OS_COMMAND);\n    }\n    for(DogCat = 0; DogCat < 1; DogCat++)\n    {\n        if (StaticValue==729)\n        {\n            wcscpy(data, Dog_OS_COMMAND);\n        }\n    }\n    if (StaticValue==623)\n    {\n        wcscpy(data, Cat_OS_COMMAND);\n    }\n    if(1)\n    {\n        {\n            FILE *pipe;\n            pipe = POPEN(data, L\"wb\");\n            if (pipe != NULL)\n            {\n                PCLOSE(pipe);\n            }\n        }\n    }\n}\n",
        "CWE_ID": "CWE426",
        "question": "Question: What happens if we replace the following original code snippet with the proposed variants? Will the vulnerability CWE426 be triggered, and how does it affect the functionality of the code?",
        "choices": {
            "A": "No, Function Preserved: The vulnerability CWE426 will not be triggered, and the original functionality is fully preserved.",
            "B": "No, Function Impaired: The vulnerability CWE426 will not be triggered, but the functionality of the original code is impaired.",
            "C": "Yes: The vulnerability CWE426 will still be triggered.",
            "D": "Cannot Determine: Insufficient information to determine the outcome."
        },
        "answer": "C",
        "distance": "inner_variant_0"
    },
    {
        "case_id": "CWE426_Untrusted_Search_Path__wchar_t_popen_01_bad",
        "org_code": "Original Code Snippet:\nvoid Sample_Func()\n{\n    wchar_t * data;\n    wchar_t dataBuffer[100] = L\"\";\n    data = dataBuffer;\n    wcscpy(data, Dog_OS_COMMAND);\n    {\n        FILE *pipe;\n        pipe = POPEN(data, L\"wb\");\n        if (pipe != NULL)\n        {\n            PCLOSE(pipe);\n        }\n    }\n}\n",
        "new_code": "Code Snippet Variant:\nstatic int StaticValue = 729;\nvoid Sample_Func()\n{\n    if (StaticValue==729)\n    {\n        {\n            wchar_t * data;\n            wchar_t dataBuffer[100] = L\"\";\n            data = dataBuffer;\n            wcscpy(data, Dog_OS_COMMAND);\n            {\n                FILE *pipe;\n                pipe = POPEN(data, L\"wb\");\n                if (pipe != NULL)\n                {\n                    PCLOSE(pipe);\n                }\n            }\n        }\n    }\n    if (StaticValue==828)\n    {\n        {\n            wchar_t * data;\n            wchar_t dataBuffer[100] = L\"\";\n            data = dataBuffer;\n            wcscpy(data, Dog_OS_COMMAND);\n            {\n                FILE *pipe;\n                pipe = POPEN(data, L\"wb\");\n                if (pipe != NULL)\n                {\n                    PCLOSE(pipe);\n                }\n            }\n        }\n    }\n    if (StaticValue==630)\n    {\n        {\n            wchar_t * data;\n            wchar_t dataBuffer[100] = L\"\";\n            data = dataBuffer;\n            wcscpy(data, Cat_OS_COMMAND);\n            {\n                FILE *pipe;\n                pipe = POPEN(data, L\"wb\");\n                if (pipe != NULL)\n                {\n                    PCLOSE(pipe);\n                }\n            }\n        }\n    }\n}\n",
        "CWE_ID": "CWE426",
        "question": "Question: What happens if we replace the following original code snippet with the proposed variants? Will the vulnerability CWE426 be triggered, and how does it affect the functionality of the code?",
        "choices": {
            "A": "No, Function Preserved: The vulnerability CWE426 will not be triggered, and the original functionality is fully preserved.",
            "B": "No, Function Impaired: The vulnerability CWE426 will not be triggered, but the functionality of the original code is impaired.",
            "C": "Yes: The vulnerability CWE426 will still be triggered.",
            "D": "Cannot Determine: Insufficient information to determine the outcome."
        },
        "answer": "C",
        "distance": "outer"
    }
]