[
    {
        "case_id": "CWE259_Hard_Coded_Password__w32_wchar_t_01_bad",
        "org_code": "Original Code Snippet:\nvoid Sample_Func()\n{\n    wchar_t * password;\n    wchar_t passwordBuffer[100] = L\"\";\n    password = passwordBuffer;\n    wcscpy(password, PASSWORD);\n    {\n        HANDLE pHandle;\n        wchar_t * username = L\"User\";\n        wchar_t * domain = L\"Domain\";\n        if (LogonUserW(\n                    username,\n                    domain,\n                    password,\n                    LOGON32_LOGON_NETWORK,\n                    LOGON32_PROVIDER_DEFAULT,\n                    &pHandle) != 0)\n        {\n            printLine(\"User logged in successfully.\");\n            CloseHandle(pHandle);\n        }\n        else\n        {\n            printLine(\"Unable to login.\");\n        }\n    }\n}\n",
        "new_code": "Code Snippet Variant:\nstatic int StaticValue = 385;\nvoid Sample_Func()\n{\n    wchar_t * password;\n    wchar_t passwordBuffer[100] = L\"\";\n    password = passwordBuffer;\n    if (StaticValue==255)\n    {\n        wcscpy(password, PASSWORD);\n    }\n    if (StaticValue==515)\n    {\n        {\n            size_t passwordLen = 0;\n            if (fgetws(password, 100, stdin) == NULL)\n            {\n                printLine(\"fgetws() failed\");\n                password[0] = L'\\0';\n            }\n            passwordLen = wcslen(password);\n            if (passwordLen > 0)\n            {\n                password[passwordLen-1] = L'\\0';\n            }\n        }\n    }\n    if (StaticValue==385)\n    {\n        {\n            size_t passwordLen = 0;\n            if (fgetws(password, 100, stdin) == NULL)\n            {\n                printLine(\"fgetws() failed\");\n                password[0] = L'\\0';\n            }\n            passwordLen = wcslen(password);\n            if (passwordLen > 0)\n            {\n                password[passwordLen-1] = L'\\0';\n            }\n        }\n    }\n    {\n        HANDLE pHandle;\n        wchar_t * username = L\"User\";\n        wchar_t * domain = L\"Domain\";\n        if (LogonUserW(\n                    username,\n                    domain,\n                    password,\n                    LOGON32_LOGON_NETWORK,\n                    LOGON32_PROVIDER_DEFAULT,\n                    &pHandle) != 0)\n        {\n            printLine(\"User logged in successfully.\");\n            CloseHandle(pHandle);\n        }\n        else\n        {\n            printLine(\"Unable to login.\");\n        }\n    }\n}\n",
        "CWE_ID": "CWE259",
        "question": "Question: What happens if we replace the following original code snippet with the proposed variants? Will the vulnerability CWE259 be triggered, and how does it affect the functionality of the code?",
        "choices": {
            "A": "No, Function Preserved: The vulnerability CWE259 will not be triggered, and the original functionality is fully preserved.",
            "B": "No, Function Impaired: The vulnerability CWE259 will not be triggered, but the functionality of the original code is impaired.",
            "C": "Yes: The vulnerability CWE259 will still be triggered.",
            "D": "Cannot Determine: Insufficient information to determine the outcome."
        },
        "answer": "A",
        "distance": "inner_0"
    },
    {
        "case_id": "CWE259_Hard_Coded_Password__w32_wchar_t_01_bad",
        "org_code": "Original Code Snippet:\nvoid Sample_Func()\n{\n    wchar_t * password;\n    wchar_t passwordBuffer[100] = L\"\";\n    password = passwordBuffer;\n    wcscpy(password, PASSWORD);\n    {\n        HANDLE pHandle;\n        wchar_t * username = L\"User\";\n        wchar_t * domain = L\"Domain\";\n        if (LogonUserW(\n                    username,\n                    domain,\n                    password,\n                    LOGON32_LOGON_NETWORK,\n                    LOGON32_PROVIDER_DEFAULT,\n                    &pHandle) != 0)\n        {\n            printLine(\"User logged in successfully.\");\n            CloseHandle(pHandle);\n        }\n        else\n        {\n            printLine(\"Unable to login.\");\n        }\n    }\n}\n",
        "new_code": "Code Snippet Variant:\nstatic int StaticValue = 385;\nvoid Sample_Func()\n{\n    if (StaticValue==375)\n    {\n        {\n            wchar_t * password;\n            wchar_t passwordBuffer[100] = L\"\";\n            password = passwordBuffer;\n            wcscpy(password, PASSWORD);\n            {\n                HANDLE pHandle;\n                wchar_t * username = L\"User\";\n                wchar_t * domain = L\"Domain\";\n                if (LogonUserW(\n                            username,\n                            domain,\n                            password,\n                            LOGON32_LOGON_NETWORK,\n                            LOGON32_PROVIDER_DEFAULT,\n                            &pHandle) != 0)\n                {\n                    printLine(\"User logged in successfully.\");\n                    CloseHandle(pHandle);\n                }\n                else\n                {\n                    printLine(\"Unable to login.\");\n                }\n            }\n        }\n    }\n    if (StaticValue==395)\n    {\n        {\n            wchar_t * password;\n            wchar_t passwordBuffer[100] = L\"\";\n            password = passwordBuffer;\n            {\n                size_t passwordLen = 0;\n                if (fgetws(password, 100, stdin) == NULL)\n                {\n                    printLine(\"fgetws() failed\");\n                    password[0] = L'\\0';\n                }\n                passwordLen = wcslen(password);\n                if (passwordLen > 0)\n                {\n                    password[passwordLen-1] = L'\\0';\n                }\n            }\n            {\n                HANDLE pHandle;\n                wchar_t * username = L\"User\";\n                wchar_t * domain = L\"Domain\";\n                if (LogonUserW(\n                            username,\n                            domain,\n                            password,\n                            LOGON32_LOGON_NETWORK,\n                            LOGON32_PROVIDER_DEFAULT,\n                            &pHandle) != 0)\n                {\n                    printLine(\"User logged in successfully.\");\n                    CloseHandle(pHandle);\n                }\n                else\n                {\n                    printLine(\"Unable to login.\");\n                }\n            }\n        }\n    }\n    if (StaticValue==385)\n    {\n        {\n            wchar_t * password;\n            wchar_t passwordBuffer[100] = L\"\";\n            password = passwordBuffer;\n            if (StaticValue==255)\n            {\n                wcscpy(password, PASSWORD);\n            }\n            if (StaticValue==515)\n            {\n                {\n                    size_t passwordLen = 0;\n                    if (fgetws(password, 100, stdin) == NULL)\n                    {\n                        printLine(\"fgetws() failed\");\n                        password[0] = L'\\0';\n                    }\n                    passwordLen = wcslen(password);\n                    if (passwordLen > 0)\n                    {\n                        password[passwordLen-1] = L'\\0';\n                    }\n                }\n            }\n            if (StaticValue==385)\n            {\n                {\n                    size_t passwordLen = 0;\n                    if (fgetws(password, 100, stdin) == NULL)\n                    {\n                        printLine(\"fgetws() failed\");\n                        password[0] = L'\\0';\n                    }\n                    passwordLen = wcslen(password);\n                    if (passwordLen > 0)\n                    {\n                        password[passwordLen-1] = L'\\0';\n                    }\n                }\n            }\n            {\n                HANDLE pHandle;\n                wchar_t * username = L\"User\";\n                wchar_t * domain = L\"Domain\";\n                if (LogonUserW(\n                            username,\n                            domain,\n                            password,\n                            LOGON32_LOGON_NETWORK,\n                            LOGON32_PROVIDER_DEFAULT,\n                            &pHandle) != 0)\n                {\n                    printLine(\"User logged in successfully.\");\n                    CloseHandle(pHandle);\n                }\n                else\n                {\n                    printLine(\"Unable to login.\");\n                }\n            }\n        }\n    }\n}\n",
        "CWE_ID": "CWE259",
        "question": "Question: What happens if we replace the following original code snippet with the proposed variants? Will the vulnerability CWE259 be triggered, and how does it affect the functionality of the code?",
        "choices": {
            "A": "No, Function Preserved: The vulnerability CWE259 will not be triggered, and the original functionality is fully preserved.",
            "B": "No, Function Impaired: The vulnerability CWE259 will not be triggered, but the functionality of the original code is impaired.",
            "C": "Yes: The vulnerability CWE259 will still be triggered.",
            "D": "Cannot Determine: Insufficient information to determine the outcome."
        },
        "answer": "A",
        "distance": "inner_outer_0"
    },
    {
        "case_id": "CWE259_Hard_Coded_Password__w32_wchar_t_01_bad",
        "org_code": "Original Code Snippet:\nvoid Sample_Func()\n{\n    wchar_t * password;\n    wchar_t passwordBuffer[100] = L\"\";\n    password = passwordBuffer;\n    wcscpy(password, PASSWORD);\n    {\n        HANDLE pHandle;\n        wchar_t * username = L\"User\";\n        wchar_t * domain = L\"Domain\";\n        if (LogonUserW(\n                    username,\n                    domain,\n                    password,\n                    LOGON32_LOGON_NETWORK,\n                    LOGON32_PROVIDER_DEFAULT,\n                    &pHandle) != 0)\n        {\n            printLine(\"User logged in successfully.\");\n            CloseHandle(pHandle);\n        }\n        else\n        {\n            printLine(\"Unable to login.\");\n        }\n    }\n}\n",
        "new_code": "Code Snippet Variant:\nstatic int StaticValue = 385;\nvoid Sample_Func()\n{\n    if (StaticValue==375)\n    {\n        {\n            wchar_t * password;\n            wchar_t passwordBuffer[100] = L\"\";\n            password = passwordBuffer;\n            wcscpy(password, PASSWORD);\n            {\n                HANDLE pHandle;\n                wchar_t * username = L\"User\";\n                wchar_t * domain = L\"Domain\";\n                if (LogonUserW(\n                            username,\n                            domain,\n                            password,\n                            LOGON32_LOGON_NETWORK,\n                            LOGON32_PROVIDER_DEFAULT,\n                            &pHandle) != 0)\n                {\n                    printLine(\"User logged in successfully.\");\n                    CloseHandle(pHandle);\n                }\n                else\n                {\n                    printLine(\"Unable to login.\");\n                }\n            }\n        }\n    }\n    if (StaticValue==395)\n    {\n        int DogCat;\n        {\n            wchar_t * password;\n            wchar_t passwordBuffer[100] = L\"\";\n            password = passwordBuffer;\n            {\n                size_t passwordLen = 0;\n                if (fgetws(password, 100, stdin) == NULL)\n                {\n                    printLine(\"fgetws() failed\");\n                    password[0] = L'\\0';\n                }\n                if(StaticValue==385)\n                {\n                    passwordLen = wcslen(password);\n                }\n                for(DogCat = 0; DogCat < 1; DogCat++)\n                {\n                    if (passwordLen > 0)\n                    {\n                        password[passwordLen-1] = L'\\0';\n                    }\n                }\n            }\n            {\n                HANDLE pHandle;\n                wchar_t * username = L\"User\";\n                wchar_t * domain = L\"Domain\";\n                if (LogonUserW(\n                            username,\n                            domain,\n                            password,\n                            LOGON32_LOGON_NETWORK,\n                            LOGON32_PROVIDER_DEFAULT,\n                            &pHandle) != 0)\n                {\n                    printLine(\"User logged in successfully.\");\n                    CloseHandle(pHandle);\n                }\n                else\n                {\n                    printLine(\"Unable to login.\");\n                }\n            }\n        }\n    }\n    if (StaticValue==385)\n    {\n        int DogCat;\n        {\n            wchar_t * password;\n            wchar_t passwordBuffer[100] = L\"\";\n            password = passwordBuffer;\n            if (StaticValue==255)\n            {\n                wcscpy(password, PASSWORD);\n            }\n            if (StaticValue==515)\n            {\n                {\n                    size_t passwordLen = 0;\n                    if (fgetws(password, 100, stdin) == NULL)\n                    {\n                        printLine(\"fgetws() failed\");\n                        password[0] = L'\\0';\n                    }\n                    passwordLen = wcslen(password);\n                    if (passwordLen > 0)\n                    {\n                        password[passwordLen-1] = L'\\0';\n                    }\n                }\n            }\n            if (StaticValue==385)\n            {\n                for(DogCat = 0; DogCat < 1; DogCat++)\n                {\n                    {\n                        size_t passwordLen = 0;\n                        if (fgetws(password, 100, stdin) == NULL)\n                        {\n                            printLine(\"fgetws() failed\");\n                            password[0] = L'\\0';\n                        }\n                        passwordLen = wcslen(password);\n                        if (passwordLen > 0)\n                        {\n                            password[passwordLen-1] = L'\\0';\n                        }\n                    }\n                }\n            }\n            if(StaticValue==385)\n            {\n                {\n                    HANDLE pHandle;\n                    wchar_t * username = L\"User\";\n                    wchar_t * domain = L\"Domain\";\n                    if (LogonUserW(\n                                username,\n                                domain,\n                                password,\n                                LOGON32_LOGON_NETWORK,\n                                LOGON32_PROVIDER_DEFAULT,\n                                &pHandle) != 0)\n                    {\n                        printLine(\"User logged in successfully.\");\n                        CloseHandle(pHandle);\n                    }\n                    else\n                    {\n                        printLine(\"Unable to login.\");\n                    }\n                }\n            }\n        }\n    }\n}\n",
        "CWE_ID": "CWE259",
        "question": "Question: What happens if we replace the following original code snippet with the proposed variants? Will the vulnerability CWE259 be triggered, and how does it affect the functionality of the code?",
        "choices": {
            "A": "No, Function Preserved: The vulnerability CWE259 will not be triggered, and the original functionality is fully preserved.",
            "B": "No, Function Impaired: The vulnerability CWE259 will not be triggered, but the functionality of the original code is impaired.",
            "C": "Yes: The vulnerability CWE259 will still be triggered.",
            "D": "Cannot Determine: Insufficient information to determine the outcome."
        },
        "answer": "A",
        "distance": "inner_outer_variant_0"
    },
    {
        "case_id": "CWE259_Hard_Coded_Password__w32_wchar_t_01_bad",
        "org_code": "Original Code Snippet:\nvoid Sample_Func()\n{\n    wchar_t * password;\n    wchar_t passwordBuffer[100] = L\"\";\n    password = passwordBuffer;\n    wcscpy(password, PASSWORD);\n    {\n        HANDLE pHandle;\n        wchar_t * username = L\"User\";\n        wchar_t * domain = L\"Domain\";\n        if (LogonUserW(\n                    username,\n                    domain,\n                    password,\n                    LOGON32_LOGON_NETWORK,\n                    LOGON32_PROVIDER_DEFAULT,\n                    &pHandle) != 0)\n        {\n            printLine(\"User logged in successfully.\");\n            CloseHandle(pHandle);\n        }\n        else\n        {\n            printLine(\"Unable to login.\");\n        }\n    }\n}\n",
        "new_code": "Code Snippet Variant:\nstatic int StaticValue = 385;\nvoid Sample_Func()\n{\n    int DogCat;\n    wchar_t * password;\n    wchar_t passwordBuffer[100] = L\"\";\n    password = passwordBuffer;\n    if (StaticValue==255)\n    {\n        wcscpy(password, PASSWORD);\n    }\n    if (StaticValue==515)\n    {\n        for(DogCat = 0; DogCat < 1; DogCat++)\n        {\n            {\n                size_t passwordLen = 0;\n                if (fgetws(password, 100, stdin) == NULL)\n                {\n                    printLine(\"fgetws() failed\");\n                    password[0] = L'\\0';\n                }\n                passwordLen = wcslen(password);\n                if (passwordLen > 0)\n                {\n                    password[passwordLen-1] = L'\\0';\n                }\n            }\n        }\n    }\n    if (StaticValue==385)\n    {\n        {\n            size_t passwordLen = 0;\n            if (fgetws(password, 100, stdin) == NULL)\n            {\n                printLine(\"fgetws() failed\");\n                password[0] = L'\\0';\n            }\n            passwordLen = wcslen(password);\n            if (passwordLen > 0)\n            {\n                password[passwordLen-1] = L'\\0';\n            }\n        }\n    }\n    {\n        HANDLE pHandle;\n        wchar_t * username = L\"User\";\n        wchar_t * domain = L\"Domain\";\n        if (LogonUserW(\n                    username,\n                    domain,\n                    password,\n                    LOGON32_LOGON_NETWORK,\n                    LOGON32_PROVIDER_DEFAULT,\n                    &pHandle) != 0)\n        {\n            printLine(\"User logged in successfully.\");\n            CloseHandle(pHandle);\n        }\n        else\n        {\n            if(StaticValue==385)\n            {\n                printLine(\"Unable to login.\");\n            }\n        }\n    }\n}\n",
        "CWE_ID": "CWE259",
        "question": "Question: What happens if we replace the following original code snippet with the proposed variants? Will the vulnerability CWE259 be triggered, and how does it affect the functionality of the code?",
        "choices": {
            "A": "No, Function Preserved: The vulnerability CWE259 will not be triggered, and the original functionality is fully preserved.",
            "B": "No, Function Impaired: The vulnerability CWE259 will not be triggered, but the functionality of the original code is impaired.",
            "C": "Yes: The vulnerability CWE259 will still be triggered.",
            "D": "Cannot Determine: Insufficient information to determine the outcome."
        },
        "answer": "A",
        "distance": "inner_variant_0"
    },
    {
        "case_id": "CWE259_Hard_Coded_Password__w32_wchar_t_01_bad",
        "org_code": "Original Code Snippet:\nvoid Sample_Func()\n{\n    wchar_t * password;\n    wchar_t passwordBuffer[100] = L\"\";\n    password = passwordBuffer;\n    wcscpy(password, PASSWORD);\n    {\n        HANDLE pHandle;\n        wchar_t * username = L\"User\";\n        wchar_t * domain = L\"Domain\";\n        if (LogonUserW(\n                    username,\n                    domain,\n                    password,\n                    LOGON32_LOGON_NETWORK,\n                    LOGON32_PROVIDER_DEFAULT,\n                    &pHandle) != 0)\n        {\n            printLine(\"User logged in successfully.\");\n            CloseHandle(pHandle);\n        }\n        else\n        {\n            printLine(\"Unable to login.\");\n        }\n    }\n}\n",
        "new_code": "Code Snippet Variant:\nstatic int StaticValue = 385;\nvoid Sample_Func()\n{\n    if (StaticValue==375)\n    {\n        {\n            wchar_t * password;\n            wchar_t passwordBuffer[100] = L\"\";\n            password = passwordBuffer;\n            wcscpy(password, PASSWORD);\n            {\n                HANDLE pHandle;\n                wchar_t * username = L\"User\";\n                wchar_t * domain = L\"Domain\";\n                if (LogonUserW(\n                            username,\n                            domain,\n                            password,\n                            LOGON32_LOGON_NETWORK,\n                            LOGON32_PROVIDER_DEFAULT,\n                            &pHandle) != 0)\n                {\n                    printLine(\"User logged in successfully.\");\n                    CloseHandle(pHandle);\n                }\n                else\n                {\n                    printLine(\"Unable to login.\");\n                }\n            }\n        }\n    }\n    if (StaticValue==395)\n    {\n        {\n            wchar_t * password;\n            wchar_t passwordBuffer[100] = L\"\";\n            password = passwordBuffer;\n            {\n                size_t passwordLen = 0;\n                if (fgetws(password, 100, stdin) == NULL)\n                {\n                    printLine(\"fgetws() failed\");\n                    password[0] = L'\\0';\n                }\n                passwordLen = wcslen(password);\n                if (passwordLen > 0)\n                {\n                    password[passwordLen-1] = L'\\0';\n                }\n            }\n            {\n                HANDLE pHandle;\n                wchar_t * username = L\"User\";\n                wchar_t * domain = L\"Domain\";\n                if (LogonUserW(\n                            username,\n                            domain,\n                            password,\n                            LOGON32_LOGON_NETWORK,\n                            LOGON32_PROVIDER_DEFAULT,\n                            &pHandle) != 0)\n                {\n                    printLine(\"User logged in successfully.\");\n                    CloseHandle(pHandle);\n                }\n                else\n                {\n                    printLine(\"Unable to login.\");\n                }\n            }\n        }\n    }\n    if (StaticValue==385)\n    {\n        {\n            wchar_t * password;\n            wchar_t passwordBuffer[100] = L\"\";\n            password = passwordBuffer;\n            {\n                size_t passwordLen = 0;\n                if (fgetws(password, 100, stdin) == NULL)\n                {\n                    printLine(\"fgetws() failed\");\n                    password[0] = L'\\0';\n                }\n                passwordLen = wcslen(password);\n                if (passwordLen > 0)\n                {\n                    password[passwordLen-1] = L'\\0';\n                }\n            }\n            {\n                HANDLE pHandle;\n                wchar_t * username = L\"User\";\n                wchar_t * domain = L\"Domain\";\n                if (LogonUserW(\n                            username,\n                            domain,\n                            password,\n                            LOGON32_LOGON_NETWORK,\n                            LOGON32_PROVIDER_DEFAULT,\n                            &pHandle) != 0)\n                {\n                    printLine(\"User logged in successfully.\");\n                    CloseHandle(pHandle);\n                }\n                else\n                {\n                    printLine(\"Unable to login.\");\n                }\n            }\n        }\n    }\n}\n",
        "CWE_ID": "CWE259",
        "question": "Question: What happens if we replace the following original code snippet with the proposed variants? Will the vulnerability CWE259 be triggered, and how does it affect the functionality of the code?",
        "choices": {
            "A": "No, Function Preserved: The vulnerability CWE259 will not be triggered, and the original functionality is fully preserved.",
            "B": "No, Function Impaired: The vulnerability CWE259 will not be triggered, but the functionality of the original code is impaired.",
            "C": "Yes: The vulnerability CWE259 will still be triggered.",
            "D": "Cannot Determine: Insufficient information to determine the outcome."
        },
        "answer": "A",
        "distance": "outer"
    },
    {
        "case_id": "CWE259_Hard_Coded_Password__w32_wchar_t_01_bad",
        "org_code": "Original Code Snippet:\nvoid Sample_Func()\n{\n    wchar_t * password;\n    wchar_t passwordBuffer[100] = L\"\";\n    password = passwordBuffer;\n    wcscpy(password, PASSWORD);\n    {\n        HANDLE pHandle;\n        wchar_t * username = L\"User\";\n        wchar_t * domain = L\"Domain\";\n        if (LogonUserW(\n                    username,\n                    domain,\n                    password,\n                    LOGON32_LOGON_NETWORK,\n                    LOGON32_PROVIDER_DEFAULT,\n                    &pHandle) != 0)\n        {\n            printLine(\"User logged in successfully.\");\n            CloseHandle(pHandle);\n        }\n        else\n        {\n            printLine(\"Unable to login.\");\n        }\n    }\n}\n",
        "new_code": "Code Snippet Variant:\nstatic int StaticValue = 385;\nvoid Sample_Func()\n{\n    if (StaticValue==375)\n    {\n        {\n            wchar_t * password;\n            wchar_t passwordBuffer[100] = L\"\";\n            password = passwordBuffer;\n            wcscpy(password, PASSWORD);\n            {\n                HANDLE pHandle;\n                wchar_t * username = L\"User\";\n                wchar_t * domain = L\"Domain\";\n                if (LogonUserW(\n                            username,\n                            domain,\n                            password,\n                            LOGON32_LOGON_NETWORK,\n                            LOGON32_PROVIDER_DEFAULT,\n                            &pHandle) != 0)\n                {\n                    printLine(\"User logged in successfully.\");\n                    CloseHandle(pHandle);\n                }\n                else\n                {\n                    printLine(\"Unable to login.\");\n                }\n            }\n        }\n    }\n    if (StaticValue==395)\n    {\n        {\n            wchar_t * password;\n            wchar_t passwordBuffer[100] = L\"\";\n            password = passwordBuffer;\n            if(1)\n            {\n                {\n                    size_t passwordLen = 0;\n                    if (fgetws(password, 100, stdin) == NULL)\n                    {\n                        printLine(\"fgetws() failed\");\n                        password[0] = L'\\0';\n                    }\n                    passwordLen = wcslen(password);\n                    if (passwordLen > 0)\n                    {\n                        password[passwordLen-1] = L'\\0';\n                    }\n                }\n            }\n            {\n                HANDLE pHandle;\n                wchar_t * username = L\"User\";\n                wchar_t * domain = L\"Domain\";\n                if (LogonUserW(\n                            username,\n                            domain,\n                            password,\n                            LOGON32_LOGON_NETWORK,\n                            LOGON32_PROVIDER_DEFAULT,\n                            &pHandle) != 0)\n                {\n                    printLine(\"User logged in successfully.\");\n                    CloseHandle(pHandle);\n                }\n                else\n                {\n                    if(StaticValue==385)\n                    {\n                        printLine(\"Unable to login.\");\n                    }\n                }\n            }\n        }\n    }\n    if (StaticValue==385)\n    {\n        int DogCat;\n        {\n            wchar_t * password;\n            wchar_t passwordBuffer[100] = L\"\";\n            password = passwordBuffer;\n            {\n                size_t passwordLen = 0;\n                if (fgetws(password, 100, stdin) == NULL)\n                {\n                    printLine(\"fgetws() failed\");\n                    password[0] = L'\\0';\n                }\n                if(1)\n                {\n                    passwordLen = wcslen(password);\n                }\n                if (passwordLen > 0)\n                {\n                    password[passwordLen-1] = L'\\0';\n                }\n            }\n            {\n                HANDLE pHandle;\n                wchar_t * username = L\"User\";\n                wchar_t * domain = L\"Domain\";\n                for(DogCat = 0; DogCat < 1; DogCat++)\n                {\n                    if (LogonUserW(\n                                username,\n                                domain,\n                                password,\n                                LOGON32_LOGON_NETWORK,\n                                LOGON32_PROVIDER_DEFAULT,\n                                &pHandle) != 0)\n                    {\n                        printLine(\"User logged in successfully.\");\n                        CloseHandle(pHandle);\n                    }\n                    else\n                    {\n                        printLine(\"Unable to login.\");\n                    }\n                }\n            }\n        }\n    }\n}\n",
        "CWE_ID": "CWE259",
        "question": "Question: What happens if we replace the following original code snippet with the proposed variants? Will the vulnerability CWE259 be triggered, and how does it affect the functionality of the code?",
        "choices": {
            "A": "No, Function Preserved: The vulnerability CWE259 will not be triggered, and the original functionality is fully preserved.",
            "B": "No, Function Impaired: The vulnerability CWE259 will not be triggered, but the functionality of the original code is impaired.",
            "C": "Yes: The vulnerability CWE259 will still be triggered.",
            "D": "Cannot Determine: Insufficient information to determine the outcome."
        },
        "answer": "A",
        "distance": "outer_variant"
    },
    {
        "case_id": "CWE259_Hard_Coded_Password__w32_wchar_t_01_bad",
        "org_code": "Original Code Snippet:\nvoid Sample_Func()\n{\n    wchar_t * password;\n    wchar_t passwordBuffer[100] = L\"\";\n    password = passwordBuffer;\n    wcscpy(password, PASSWORD);\n    {\n        HANDLE pHandle;\n        wchar_t * username = L\"User\";\n        wchar_t * domain = L\"Domain\";\n        if (LogonUserW(\n                    username,\n                    domain,\n                    password,\n                    LOGON32_LOGON_NETWORK,\n                    LOGON32_PROVIDER_DEFAULT,\n                    &pHandle) != 0)\n        {\n            printLine(\"User logged in successfully.\");\n            CloseHandle(pHandle);\n        }\n        else\n        {\n            printLine(\"Unable to login.\");\n        }\n    }\n}\n",
        "new_code": "Code Snippet Variant:\nstatic int StaticValue = 402;\nvoid Sample_Func()\n{\n    wchar_t * password;\n    wchar_t passwordBuffer[100] = L\"\";\n    password = passwordBuffer;\n    if (StaticValue==255)\n    {\n        wcscpy(password, PASSWORD);\n    }\n    if (StaticValue==515)\n    {\n        {\n            size_t passwordLen = 0;\n            if (fgetws(password, 100, stdin) == NULL)\n            {\n                printLine(\"fgetws() failed\");\n                password[0] = L'\\0';\n            }\n            passwordLen = wcslen(password);\n            if (passwordLen > 0)\n            {\n                password[passwordLen-1] = L'\\0';\n            }\n        }\n    }\n    if (StaticValue==385)\n    {\n        {\n            size_t passwordLen = 0;\n            if (fgetws(password, 100, stdin) == NULL)\n            {\n                printLine(\"fgetws() failed\");\n                password[0] = L'\\0';\n            }\n            passwordLen = wcslen(password);\n            if (passwordLen > 0)\n            {\n                password[passwordLen-1] = L'\\0';\n            }\n        }\n    }\n    if(StaticValue==402)\n    {\n        int socketDescriptor;\n        int connectionStatus = 0;\n        char networkBuffer[256];\n        for (socketDescriptor = 0; socketDescriptor < 5; socketDescriptor++) {\n            if (connectionStatus == 0) {\n                networkBuffer[socketDescriptor] = 'A';\n            } else {\n                networkBuffer[socketDescriptor] = '0';\n            }\n        }\n        printLine(\"Successful! Problem Resolved!\");\n    }\n    {\n        HANDLE pHandle;\n        wchar_t * username = L\"User\";\n        wchar_t * domain = L\"Domain\";\n        if (LogonUserW(\n                    username,\n                    domain,\n                    password,\n                    LOGON32_LOGON_NETWORK,\n                    LOGON32_PROVIDER_DEFAULT,\n                    &pHandle) != 0)\n        {\n            printLine(\"User logged in successfully.\");\n            CloseHandle(pHandle);\n        }\n        else\n        {\n            printLine(\"Unable to login.\");\n        }\n    }\n}\n",
        "CWE_ID": "CWE259",
        "question": "Question: What happens if we replace the following original code snippet with the proposed variants? Will the vulnerability CWE259 be triggered, and how does it affect the functionality of the code?",
        "choices": {
            "A": "No, Function Preserved: The vulnerability CWE259 will not be triggered, and the original functionality is fully preserved.",
            "B": "No, Function Impaired: The vulnerability CWE259 will not be triggered, but the functionality of the original code is impaired.",
            "C": "Yes: The vulnerability CWE259 will still be triggered.",
            "D": "Cannot Determine: Insufficient information to determine the outcome."
        },
        "answer": "B",
        "distance": "inner_0"
    },
    {
        "case_id": "CWE259_Hard_Coded_Password__w32_wchar_t_01_bad",
        "org_code": "Original Code Snippet:\nvoid Sample_Func()\n{\n    wchar_t * password;\n    wchar_t passwordBuffer[100] = L\"\";\n    password = passwordBuffer;\n    wcscpy(password, PASSWORD);\n    {\n        HANDLE pHandle;\n        wchar_t * username = L\"User\";\n        wchar_t * domain = L\"Domain\";\n        if (LogonUserW(\n                    username,\n                    domain,\n                    password,\n                    LOGON32_LOGON_NETWORK,\n                    LOGON32_PROVIDER_DEFAULT,\n                    &pHandle) != 0)\n        {\n            printLine(\"User logged in successfully.\");\n            CloseHandle(pHandle);\n        }\n        else\n        {\n            printLine(\"Unable to login.\");\n        }\n    }\n}\n",
        "new_code": "Code Snippet Variant:\nstatic int StaticValue = 397;\nvoid Sample_Func()\n{\n    if (StaticValue==375)\n    {\n        {\n            wchar_t * password;\n            wchar_t passwordBuffer[100] = L\"\";\n            password = passwordBuffer;\n            wcscpy(password, PASSWORD);\n            {\n                HANDLE pHandle;\n                wchar_t * username = L\"User\";\n                wchar_t * domain = L\"Domain\";\n                if (LogonUserW(\n                            username,\n                            domain,\n                            password,\n                            LOGON32_LOGON_NETWORK,\n                            LOGON32_PROVIDER_DEFAULT,\n                            &pHandle) != 0)\n                {\n                    printLine(\"User logged in successfully.\");\n                    CloseHandle(pHandle);\n                }\n                else\n                {\n                    printLine(\"Unable to login.\");\n                }\n            }\n        }\n    }\n    if(StaticValue==397)\n    {\n        int socketDescriptor;\n        int connectionStatus = 0;\n        char networkBuffer[256];\n        for (socketDescriptor = 0; socketDescriptor < 5; socketDescriptor++) {\n            if (connectionStatus == 0) {\n                networkBuffer[socketDescriptor] = 'A';\n            } else {\n                networkBuffer[socketDescriptor] = '0';\n            }\n        }\n        printLine(\"Successful! Problem Resolved!\");\n    }\n    if (StaticValue==395)\n    {\n        {\n            wchar_t * password;\n            wchar_t passwordBuffer[100] = L\"\";\n            password = passwordBuffer;\n            {\n                size_t passwordLen = 0;\n                if (fgetws(password, 100, stdin) == NULL)\n                {\n                    printLine(\"fgetws() failed\");\n                    password[0] = L'\\0';\n                }\n                passwordLen = wcslen(password);\n                if (passwordLen > 0)\n                {\n                    password[passwordLen-1] = L'\\0';\n                }\n            }\n            {\n                HANDLE pHandle;\n                wchar_t * username = L\"User\";\n                wchar_t * domain = L\"Domain\";\n                if (LogonUserW(\n                            username,\n                            domain,\n                            password,\n                            LOGON32_LOGON_NETWORK,\n                            LOGON32_PROVIDER_DEFAULT,\n                            &pHandle) != 0)\n                {\n                    printLine(\"User logged in successfully.\");\n                    CloseHandle(pHandle);\n                }\n                else\n                {\n                    printLine(\"Unable to login.\");\n                }\n            }\n        }\n    }\n    if (StaticValue==385)\n    {\n        {\n            wchar_t * password;\n            wchar_t passwordBuffer[100] = L\"\";\n            password = passwordBuffer;\n            if (StaticValue==255)\n            {\n                wcscpy(password, PASSWORD);\n            }\n            if (StaticValue==515)\n            {\n                {\n                    size_t passwordLen = 0;\n                    if (fgetws(password, 100, stdin) == NULL)\n                    {\n                        printLine(\"fgetws() failed\");\n                        password[0] = L'\\0';\n                    }\n                    passwordLen = wcslen(password);\n                    if (passwordLen > 0)\n                    {\n                        password[passwordLen-1] = L'\\0';\n                    }\n                }\n            }\n            if (StaticValue==385)\n            {\n                {\n                    size_t passwordLen = 0;\n                    if (fgetws(password, 100, stdin) == NULL)\n                    {\n                        printLine(\"fgetws() failed\");\n                        password[0] = L'\\0';\n                    }\n                    passwordLen = wcslen(password);\n                    if (passwordLen > 0)\n                    {\n                        password[passwordLen-1] = L'\\0';\n                    }\n                }\n            }\n            {\n                HANDLE pHandle;\n                wchar_t * username = L\"User\";\n                wchar_t * domain = L\"Domain\";\n                if (LogonUserW(\n                            username,\n                            domain,\n                            password,\n                            LOGON32_LOGON_NETWORK,\n                            LOGON32_PROVIDER_DEFAULT,\n                            &pHandle) != 0)\n                {\n                    printLine(\"User logged in successfully.\");\n                    CloseHandle(pHandle);\n                }\n                else\n                {\n                    printLine(\"Unable to login.\");\n                }\n            }\n        }\n    }\n}\n",
        "CWE_ID": "CWE259",
        "question": "Question: What happens if we replace the following original code snippet with the proposed variants? Will the vulnerability CWE259 be triggered, and how does it affect the functionality of the code?",
        "choices": {
            "A": "No, Function Preserved: The vulnerability CWE259 will not be triggered, and the original functionality is fully preserved.",
            "B": "No, Function Impaired: The vulnerability CWE259 will not be triggered, but the functionality of the original code is impaired.",
            "C": "Yes: The vulnerability CWE259 will still be triggered.",
            "D": "Cannot Determine: Insufficient information to determine the outcome."
        },
        "answer": "B",
        "distance": "inner_outer_0"
    },
    {
        "case_id": "CWE259_Hard_Coded_Password__w32_wchar_t_01_bad",
        "org_code": "Original Code Snippet:\nvoid Sample_Func()\n{\n    wchar_t * password;\n    wchar_t passwordBuffer[100] = L\"\";\n    password = passwordBuffer;\n    wcscpy(password, PASSWORD);\n    {\n        HANDLE pHandle;\n        wchar_t * username = L\"User\";\n        wchar_t * domain = L\"Domain\";\n        if (LogonUserW(\n                    username,\n                    domain,\n                    password,\n                    LOGON32_LOGON_NETWORK,\n                    LOGON32_PROVIDER_DEFAULT,\n                    &pHandle) != 0)\n        {\n            printLine(\"User logged in successfully.\");\n            CloseHandle(pHandle);\n        }\n        else\n        {\n            printLine(\"Unable to login.\");\n        }\n    }\n}\n",
        "new_code": "Code Snippet Variant:\nstatic int StaticValue = 402;\nvoid Sample_Func()\n{\n    if (StaticValue==375)\n    {\n        {\n            wchar_t * password;\n            wchar_t passwordBuffer[100] = L\"\";\n            password = passwordBuffer;\n            wcscpy(password, PASSWORD);\n            {\n                HANDLE pHandle;\n                wchar_t * username = L\"User\";\n                wchar_t * domain = L\"Domain\";\n                if (LogonUserW(\n                            username,\n                            domain,\n                            password,\n                            LOGON32_LOGON_NETWORK,\n                            LOGON32_PROVIDER_DEFAULT,\n                            &pHandle) != 0)\n                {\n                    printLine(\"User logged in successfully.\");\n                    CloseHandle(pHandle);\n                }\n                else\n                {\n                    printLine(\"Unable to login.\");\n                }\n            }\n        }\n    }\n    if (StaticValue==395)\n    {\n        int DogCat;\n        {\n            wchar_t * password;\n            wchar_t passwordBuffer[100] = L\"\";\n            password = passwordBuffer;\n            {\n                size_t passwordLen = 0;\n                if (fgetws(password, 100, stdin) == NULL)\n                {\n                    printLine(\"fgetws() failed\");\n                    password[0] = L'\\0';\n                }\n                if(StaticValue==385)\n                {\n                    passwordLen = wcslen(password);\n                }\n                for(DogCat = 0; DogCat < 1; DogCat++)\n                {\n                    if (passwordLen > 0)\n                    {\n                        password[passwordLen-1] = L'\\0';\n                    }\n                }\n            }\n            {\n                HANDLE pHandle;\n                wchar_t * username = L\"User\";\n                wchar_t * domain = L\"Domain\";\n                if (LogonUserW(\n                            username,\n                            domain,\n                            password,\n                            LOGON32_LOGON_NETWORK,\n                            LOGON32_PROVIDER_DEFAULT,\n                            &pHandle) != 0)\n                {\n                    printLine(\"User logged in successfully.\");\n                    CloseHandle(pHandle);\n                }\n                else\n                {\n                    printLine(\"Unable to login.\");\n                }\n            }\n        }\n    }\n    if (StaticValue==385)\n    {\n        int DogCat;\n        {\n            wchar_t * password;\n            wchar_t passwordBuffer[100] = L\"\";\n            password = passwordBuffer;\n            if (StaticValue==255)\n            {\n                wcscpy(password, PASSWORD);\n            }\n            if (StaticValue==515)\n            {\n                {\n                    size_t passwordLen = 0;\n                    if (fgetws(password, 100, stdin) == NULL)\n                    {\n                        printLine(\"fgetws() failed\");\n                        password[0] = L'\\0';\n                    }\n                    passwordLen = wcslen(password);\n                    if (passwordLen > 0)\n                    {\n                        password[passwordLen-1] = L'\\0';\n                    }\n                }\n            }\n            if (StaticValue==385)\n            {\n                for(DogCat = 0; DogCat < 1; DogCat++)\n                {\n                    {\n                        size_t passwordLen = 0;\n                        if (fgetws(password, 100, stdin) == NULL)\n                        {\n                            printLine(\"fgetws() failed\");\n                            password[0] = L'\\0';\n                        }\n                        passwordLen = wcslen(password);\n                        if (passwordLen > 0)\n                        {\n                            password[passwordLen-1] = L'\\0';\n                        }\n                    }\n                }\n            }\n            if(StaticValue==385)\n            {\n                {\n                    HANDLE pHandle;\n                    wchar_t * username = L\"User\";\n                    wchar_t * domain = L\"Domain\";\n                    if (LogonUserW(\n                                username,\n                                domain,\n                                password,\n                                LOGON32_LOGON_NETWORK,\n                                LOGON32_PROVIDER_DEFAULT,\n                                &pHandle) != 0)\n                    {\n                        printLine(\"User logged in successfully.\");\n                        CloseHandle(pHandle);\n                    }\n                    else\n                    {\n                        printLine(\"Unable to login.\");\n                    }\n                }\n            }\n        }\n    }\n    if(StaticValue==402)\n    {\n        int socketDescriptor;\n        int connectionStatus = 0;\n        char networkBuffer[256];\n        for (socketDescriptor = 0; socketDescriptor < 5; socketDescriptor++) {\n            if (connectionStatus == 0) {\n                networkBuffer[socketDescriptor] = 'A';\n            } else {\n                networkBuffer[socketDescriptor] = '0';\n            }\n        }\n        printLine(\"Successful! Problem Resolved!\");\n    }\n}\n",
        "CWE_ID": "CWE259",
        "question": "Question: What happens if we replace the following original code snippet with the proposed variants? Will the vulnerability CWE259 be triggered, and how does it affect the functionality of the code?",
        "choices": {
            "A": "No, Function Preserved: The vulnerability CWE259 will not be triggered, and the original functionality is fully preserved.",
            "B": "No, Function Impaired: The vulnerability CWE259 will not be triggered, but the functionality of the original code is impaired.",
            "C": "Yes: The vulnerability CWE259 will still be triggered.",
            "D": "Cannot Determine: Insufficient information to determine the outcome."
        },
        "answer": "B",
        "distance": "inner_outer_variant_0"
    },
    {
        "case_id": "CWE259_Hard_Coded_Password__w32_wchar_t_01_bad",
        "org_code": "Original Code Snippet:\nvoid Sample_Func()\n{\n    wchar_t * password;\n    wchar_t passwordBuffer[100] = L\"\";\n    password = passwordBuffer;\n    wcscpy(password, PASSWORD);\n    {\n        HANDLE pHandle;\n        wchar_t * username = L\"User\";\n        wchar_t * domain = L\"Domain\";\n        if (LogonUserW(\n                    username,\n                    domain,\n                    password,\n                    LOGON32_LOGON_NETWORK,\n                    LOGON32_PROVIDER_DEFAULT,\n                    &pHandle) != 0)\n        {\n            printLine(\"User logged in successfully.\");\n            CloseHandle(pHandle);\n        }\n        else\n        {\n            printLine(\"Unable to login.\");\n        }\n    }\n}\n",
        "new_code": "Code Snippet Variant:\nstatic int StaticValue = 399;\nvoid Sample_Func()\n{\n    int DogCat;\n    wchar_t * password;\n    wchar_t passwordBuffer[100] = L\"\";\n    password = passwordBuffer;\n    if (StaticValue==255)\n    {\n        wcscpy(password, PASSWORD);\n    }\n    if (StaticValue==515)\n    {\n        for(DogCat = 0; DogCat < 1; DogCat++)\n        {\n            {\n                size_t passwordLen = 0;\n                if (fgetws(password, 100, stdin) == NULL)\n                {\n                    printLine(\"fgetws() failed\");\n                    password[0] = L'\\0';\n                }\n                passwordLen = wcslen(password);\n                if (passwordLen > 0)\n                {\n                    password[passwordLen-1] = L'\\0';\n                }\n            }\n        }\n    }\n    if(StaticValue==399)\n    {\n        int socketDescriptor;\n        int connectionStatus = 0;\n        char networkBuffer[256];\n        for (socketDescriptor = 0; socketDescriptor < 5; socketDescriptor++) {\n            if (connectionStatus == 0) {\n                networkBuffer[socketDescriptor] = 'A';\n            } else {\n                networkBuffer[socketDescriptor] = '0';\n            }\n        }\n        printLine(\"Successful! Problem Resolved!\");\n    }\n    if (StaticValue==385)\n    {\n        {\n            size_t passwordLen = 0;\n            if (fgetws(password, 100, stdin) == NULL)\n            {\n                printLine(\"fgetws() failed\");\n                password[0] = L'\\0';\n            }\n            passwordLen = wcslen(password);\n            if (passwordLen > 0)\n            {\n                password[passwordLen-1] = L'\\0';\n            }\n        }\n    }\n    {\n        HANDLE pHandle;\n        wchar_t * username = L\"User\";\n        wchar_t * domain = L\"Domain\";\n        if (LogonUserW(\n                    username,\n                    domain,\n                    password,\n                    LOGON32_LOGON_NETWORK,\n                    LOGON32_PROVIDER_DEFAULT,\n                    &pHandle) != 0)\n        {\n            printLine(\"User logged in successfully.\");\n            CloseHandle(pHandle);\n        }\n        else\n        {\n            if(StaticValue==385)\n            {\n                printLine(\"Unable to login.\");\n            }\n        }\n    }\n}\n",
        "CWE_ID": "CWE259",
        "question": "Question: What happens if we replace the following original code snippet with the proposed variants? Will the vulnerability CWE259 be triggered, and how does it affect the functionality of the code?",
        "choices": {
            "A": "No, Function Preserved: The vulnerability CWE259 will not be triggered, and the original functionality is fully preserved.",
            "B": "No, Function Impaired: The vulnerability CWE259 will not be triggered, but the functionality of the original code is impaired.",
            "C": "Yes: The vulnerability CWE259 will still be triggered.",
            "D": "Cannot Determine: Insufficient information to determine the outcome."
        },
        "answer": "B",
        "distance": "inner_variant_0"
    },
    {
        "case_id": "CWE259_Hard_Coded_Password__w32_wchar_t_01_bad",
        "org_code": "Original Code Snippet:\nvoid Sample_Func()\n{\n    wchar_t * password;\n    wchar_t passwordBuffer[100] = L\"\";\n    password = passwordBuffer;\n    wcscpy(password, PASSWORD);\n    {\n        HANDLE pHandle;\n        wchar_t * username = L\"User\";\n        wchar_t * domain = L\"Domain\";\n        if (LogonUserW(\n                    username,\n                    domain,\n                    password,\n                    LOGON32_LOGON_NETWORK,\n                    LOGON32_PROVIDER_DEFAULT,\n                    &pHandle) != 0)\n        {\n            printLine(\"User logged in successfully.\");\n            CloseHandle(pHandle);\n        }\n        else\n        {\n            printLine(\"Unable to login.\");\n        }\n    }\n}\n",
        "new_code": "Code Snippet Variant:\nstatic int StaticValue = 402;\nvoid Sample_Func()\n{\n    if (StaticValue==375)\n    {\n        {\n            wchar_t * password;\n            wchar_t passwordBuffer[100] = L\"\";\n            password = passwordBuffer;\n            wcscpy(password, PASSWORD);\n            {\n                HANDLE pHandle;\n                wchar_t * username = L\"User\";\n                wchar_t * domain = L\"Domain\";\n                if (LogonUserW(\n                            username,\n                            domain,\n                            password,\n                            LOGON32_LOGON_NETWORK,\n                            LOGON32_PROVIDER_DEFAULT,\n                            &pHandle) != 0)\n                {\n                    printLine(\"User logged in successfully.\");\n                    CloseHandle(pHandle);\n                }\n                else\n                {\n                    printLine(\"Unable to login.\");\n                }\n            }\n        }\n    }\n    if (StaticValue==395)\n    {\n        {\n            wchar_t * password;\n            wchar_t passwordBuffer[100] = L\"\";\n            password = passwordBuffer;\n            {\n                size_t passwordLen = 0;\n                if (fgetws(password, 100, stdin) == NULL)\n                {\n                    printLine(\"fgetws() failed\");\n                    password[0] = L'\\0';\n                }\n                passwordLen = wcslen(password);\n                if (passwordLen > 0)\n                {\n                    password[passwordLen-1] = L'\\0';\n                }\n            }\n            {\n                HANDLE pHandle;\n                wchar_t * username = L\"User\";\n                wchar_t * domain = L\"Domain\";\n                if (LogonUserW(\n                            username,\n                            domain,\n                            password,\n                            LOGON32_LOGON_NETWORK,\n                            LOGON32_PROVIDER_DEFAULT,\n                            &pHandle) != 0)\n                {\n                    printLine(\"User logged in successfully.\");\n                    CloseHandle(pHandle);\n                }\n                else\n                {\n                    printLine(\"Unable to login.\");\n                }\n            }\n        }\n    }\n    if(StaticValue==402)\n    {\n        int socketDescriptor;\n        int connectionStatus = 0;\n        char networkBuffer[256];\n        for (socketDescriptor = 0; socketDescriptor < 5; socketDescriptor++) {\n            if (connectionStatus == 0) {\n                networkBuffer[socketDescriptor] = 'A';\n            } else {\n                networkBuffer[socketDescriptor] = '0';\n            }\n        }\n        printLine(\"Successful! Problem Resolved!\");\n    }\n    if (StaticValue==385)\n    {\n        {\n            wchar_t * password;\n            wchar_t passwordBuffer[100] = L\"\";\n            password = passwordBuffer;\n            {\n                size_t passwordLen = 0;\n                if (fgetws(password, 100, stdin) == NULL)\n                {\n                    printLine(\"fgetws() failed\");\n                    password[0] = L'\\0';\n                }\n                passwordLen = wcslen(password);\n                if (passwordLen > 0)\n                {\n                    password[passwordLen-1] = L'\\0';\n                }\n            }\n            {\n                HANDLE pHandle;\n                wchar_t * username = L\"User\";\n                wchar_t * domain = L\"Domain\";\n                if (LogonUserW(\n                            username,\n                            domain,\n                            password,\n                            LOGON32_LOGON_NETWORK,\n                            LOGON32_PROVIDER_DEFAULT,\n                            &pHandle) != 0)\n                {\n                    printLine(\"User logged in successfully.\");\n                    CloseHandle(pHandle);\n                }\n                else\n                {\n                    printLine(\"Unable to login.\");\n                }\n            }\n        }\n    }\n}\n",
        "CWE_ID": "CWE259",
        "question": "Question: What happens if we replace the following original code snippet with the proposed variants? Will the vulnerability CWE259 be triggered, and how does it affect the functionality of the code?",
        "choices": {
            "A": "No, Function Preserved: The vulnerability CWE259 will not be triggered, and the original functionality is fully preserved.",
            "B": "No, Function Impaired: The vulnerability CWE259 will not be triggered, but the functionality of the original code is impaired.",
            "C": "Yes: The vulnerability CWE259 will still be triggered.",
            "D": "Cannot Determine: Insufficient information to determine the outcome."
        },
        "answer": "B",
        "distance": "outer"
    },
    {
        "case_id": "CWE259_Hard_Coded_Password__w32_wchar_t_01_bad",
        "org_code": "Original Code Snippet:\nvoid Sample_Func()\n{\n    wchar_t * password;\n    wchar_t passwordBuffer[100] = L\"\";\n    password = passwordBuffer;\n    wcscpy(password, PASSWORD);\n    {\n        HANDLE pHandle;\n        wchar_t * username = L\"User\";\n        wchar_t * domain = L\"Domain\";\n        if (LogonUserW(\n                    username,\n                    domain,\n                    password,\n                    LOGON32_LOGON_NETWORK,\n                    LOGON32_PROVIDER_DEFAULT,\n                    &pHandle) != 0)\n        {\n            printLine(\"User logged in successfully.\");\n            CloseHandle(pHandle);\n        }\n        else\n        {\n            printLine(\"Unable to login.\");\n        }\n    }\n}\n",
        "new_code": "Code Snippet Variant:\nstatic int StaticValue = 400;\nvoid Sample_Func()\n{\n    if (StaticValue==375)\n    {\n        {\n            wchar_t * password;\n            wchar_t passwordBuffer[100] = L\"\";\n            password = passwordBuffer;\n            wcscpy(password, PASSWORD);\n            {\n                HANDLE pHandle;\n                wchar_t * username = L\"User\";\n                wchar_t * domain = L\"Domain\";\n                if (LogonUserW(\n                            username,\n                            domain,\n                            password,\n                            LOGON32_LOGON_NETWORK,\n                            LOGON32_PROVIDER_DEFAULT,\n                            &pHandle) != 0)\n                {\n                    printLine(\"User logged in successfully.\");\n                    CloseHandle(pHandle);\n                }\n                else\n                {\n                    printLine(\"Unable to login.\");\n                }\n            }\n        }\n    }\n    if (StaticValue==395)\n    {\n        {\n            wchar_t * password;\n            wchar_t passwordBuffer[100] = L\"\";\n            password = passwordBuffer;\n            if(1)\n            {\n                {\n                    size_t passwordLen = 0;\n                    if (fgetws(password, 100, stdin) == NULL)\n                    {\n                        printLine(\"fgetws() failed\");\n                        password[0] = L'\\0';\n                    }\n                    passwordLen = wcslen(password);\n                    if (passwordLen > 0)\n                    {\n                        password[passwordLen-1] = L'\\0';\n                    }\n                }\n            }\n            {\n                HANDLE pHandle;\n                wchar_t * username = L\"User\";\n                wchar_t * domain = L\"Domain\";\n                if (LogonUserW(\n                            username,\n                            domain,\n                            password,\n                            LOGON32_LOGON_NETWORK,\n                            LOGON32_PROVIDER_DEFAULT,\n                            &pHandle) != 0)\n                {\n                    printLine(\"User logged in successfully.\");\n                    CloseHandle(pHandle);\n                }\n                else\n                {\n                    if(StaticValue==385)\n                    {\n                        printLine(\"Unable to login.\");\n                    }\n                }\n            }\n        }\n    }\n    if (StaticValue==385)\n    {\n        int DogCat;\n        {\n            wchar_t * password;\n            wchar_t passwordBuffer[100] = L\"\";\n            password = passwordBuffer;\n            {\n                size_t passwordLen = 0;\n                if (fgetws(password, 100, stdin) == NULL)\n                {\n                    printLine(\"fgetws() failed\");\n                    password[0] = L'\\0';\n                }\n                if(1)\n                {\n                    passwordLen = wcslen(password);\n                }\n                if (passwordLen > 0)\n                {\n                    password[passwordLen-1] = L'\\0';\n                }\n            }\n            {\n                HANDLE pHandle;\n                wchar_t * username = L\"User\";\n                wchar_t * domain = L\"Domain\";\n                for(DogCat = 0; DogCat < 1; DogCat++)\n                {\n                    if (LogonUserW(\n                                username,\n                                domain,\n                                password,\n                                LOGON32_LOGON_NETWORK,\n                                LOGON32_PROVIDER_DEFAULT,\n                                &pHandle) != 0)\n                    {\n                        printLine(\"User logged in successfully.\");\n                        CloseHandle(pHandle);\n                    }\n                    else\n                    {\n                        printLine(\"Unable to login.\");\n                    }\n                }\n            }\n        }\n    }\n    if(StaticValue==400)\n    {\n        int socketDescriptor;\n        int connectionStatus = 0;\n        char networkBuffer[256];\n        for (socketDescriptor = 0; socketDescriptor < 5; socketDescriptor++) {\n            if (connectionStatus == 0) {\n                networkBuffer[socketDescriptor] = 'A';\n            } else {\n                networkBuffer[socketDescriptor] = '0';\n            }\n        }\n        printLine(\"Successful! Problem Resolved!\");\n    }\n}\n",
        "CWE_ID": "CWE259",
        "question": "Question: What happens if we replace the following original code snippet with the proposed variants? Will the vulnerability CWE259 be triggered, and how does it affect the functionality of the code?",
        "choices": {
            "A": "No, Function Preserved: The vulnerability CWE259 will not be triggered, and the original functionality is fully preserved.",
            "B": "No, Function Impaired: The vulnerability CWE259 will not be triggered, but the functionality of the original code is impaired.",
            "C": "Yes: The vulnerability CWE259 will still be triggered.",
            "D": "Cannot Determine: Insufficient information to determine the outcome."
        },
        "answer": "B",
        "distance": "outer_variant"
    },
    {
        "case_id": "CWE259_Hard_Coded_Password__w32_wchar_t_01_bad",
        "org_code": "Original Code Snippet:\nvoid Sample_Func()\n{\n    wchar_t * password;\n    wchar_t passwordBuffer[100] = L\"\";\n    password = passwordBuffer;\n    wcscpy(password, PASSWORD);\n    {\n        HANDLE pHandle;\n        wchar_t * username = L\"User\";\n        wchar_t * domain = L\"Domain\";\n        if (LogonUserW(\n                    username,\n                    domain,\n                    password,\n                    LOGON32_LOGON_NETWORK,\n                    LOGON32_PROVIDER_DEFAULT,\n                    &pHandle) != 0)\n        {\n            printLine(\"User logged in successfully.\");\n            CloseHandle(pHandle);\n        }\n        else\n        {\n            printLine(\"Unable to login.\");\n        }\n    }\n}\n",
        "new_code": "Code Snippet Variant:\nstatic int StaticValue = 718;\nvoid Sample_Func()\n{\n    wchar_t * password;\n    wchar_t passwordBuffer[100] = L\"\";\n    password = passwordBuffer;\n    if (StaticValue==843)\n    {\n        wcscpy(password, PASSWORD);\n    }\n    if (StaticValue==718)\n    {\n        wcscpy(password, PASSWORD);\n    }\n    if (StaticValue==593)\n    {\n        {\n            size_t passwordLen = 0;\n            if (fgetws(password, 100, stdin) == NULL)\n            {\n                printLine(\"fgetws() failed\");\n                password[0] = L'\\0';\n            }\n            passwordLen = wcslen(password);\n            if (passwordLen > 0)\n            {\n                password[passwordLen-1] = L'\\0';\n            }\n        }\n    }\n    {\n        HANDLE pHandle;\n        wchar_t * username = L\"User\";\n        wchar_t * domain = L\"Domain\";\n        if (LogonUserW(\n                    username,\n                    domain,\n                    password,\n                    LOGON32_LOGON_NETWORK,\n                    LOGON32_PROVIDER_DEFAULT,\n                    &pHandle) != 0)\n        {\n            printLine(\"User logged in successfully.\");\n            CloseHandle(pHandle);\n        }\n        else\n        {\n            printLine(\"Unable to login.\");\n        }\n    }\n}\n",
        "CWE_ID": "CWE259",
        "question": "Question: What happens if we replace the following original code snippet with the proposed variants? Will the vulnerability CWE259 be triggered, and how does it affect the functionality of the code?",
        "choices": {
            "A": "No, Function Preserved: The vulnerability CWE259 will not be triggered, and the original functionality is fully preserved.",
            "B": "No, Function Impaired: The vulnerability CWE259 will not be triggered, but the functionality of the original code is impaired.",
            "C": "Yes: The vulnerability CWE259 will still be triggered.",
            "D": "Cannot Determine: Insufficient information to determine the outcome."
        },
        "answer": "C",
        "distance": "inner_0"
    },
    {
        "case_id": "CWE259_Hard_Coded_Password__w32_wchar_t_01_bad",
        "org_code": "Original Code Snippet:\nvoid Sample_Func()\n{\n    wchar_t * password;\n    wchar_t passwordBuffer[100] = L\"\";\n    password = passwordBuffer;\n    wcscpy(password, PASSWORD);\n    {\n        HANDLE pHandle;\n        wchar_t * username = L\"User\";\n        wchar_t * domain = L\"Domain\";\n        if (LogonUserW(\n                    username,\n                    domain,\n                    password,\n                    LOGON32_LOGON_NETWORK,\n                    LOGON32_PROVIDER_DEFAULT,\n                    &pHandle) != 0)\n        {\n            printLine(\"User logged in successfully.\");\n            CloseHandle(pHandle);\n        }\n        else\n        {\n            printLine(\"Unable to login.\");\n        }\n    }\n}\n",
        "new_code": "Code Snippet Variant:\nstatic int StaticValue = 718;\nvoid Sample_Func()\n{\n    if (StaticValue==718)\n    {\n        {\n            wchar_t * password;\n            wchar_t passwordBuffer[100] = L\"\";\n            password = passwordBuffer;\n            if (StaticValue==843)\n            {\n                wcscpy(password, PASSWORD);\n            }\n            if (StaticValue==718)\n            {\n                wcscpy(password, PASSWORD);\n            }\n            if (StaticValue==593)\n            {\n                {\n                    size_t passwordLen = 0;\n                    if (fgetws(password, 100, stdin) == NULL)\n                    {\n                        printLine(\"fgetws() failed\");\n                        password[0] = L'\\0';\n                    }\n                    passwordLen = wcslen(password);\n                    if (passwordLen > 0)\n                    {\n                        password[passwordLen-1] = L'\\0';\n                    }\n                }\n            }\n            {\n                HANDLE pHandle;\n                wchar_t * username = L\"User\";\n                wchar_t * domain = L\"Domain\";\n                if (LogonUserW(\n                            username,\n                            domain,\n                            password,\n                            LOGON32_LOGON_NETWORK,\n                            LOGON32_PROVIDER_DEFAULT,\n                            &pHandle) != 0)\n                {\n                    printLine(\"User logged in successfully.\");\n                    CloseHandle(pHandle);\n                }\n                else\n                {\n                    printLine(\"Unable to login.\");\n                }\n            }\n        }\n    }\n    if (StaticValue==806)\n    {\n        {\n            wchar_t * password;\n            wchar_t passwordBuffer[100] = L\"\";\n            password = passwordBuffer;\n            wcscpy(password, PASSWORD);\n            {\n                HANDLE pHandle;\n                wchar_t * username = L\"User\";\n                wchar_t * domain = L\"Domain\";\n                if (LogonUserW(\n                            username,\n                            domain,\n                            password,\n                            LOGON32_LOGON_NETWORK,\n                            LOGON32_PROVIDER_DEFAULT,\n                            &pHandle) != 0)\n                {\n                    printLine(\"User logged in successfully.\");\n                    CloseHandle(pHandle);\n                }\n                else\n                {\n                    printLine(\"Unable to login.\");\n                }\n            }\n        }\n    }\n    if (StaticValue==630)\n    {\n        {\n            wchar_t * password;\n            wchar_t passwordBuffer[100] = L\"\";\n            password = passwordBuffer;\n            {\n                size_t passwordLen = 0;\n                if (fgetws(password, 100, stdin) == NULL)\n                {\n                    printLine(\"fgetws() failed\");\n                    password[0] = L'\\0';\n                }\n                passwordLen = wcslen(password);\n                if (passwordLen > 0)\n                {\n                    password[passwordLen-1] = L'\\0';\n                }\n            }\n            {\n                HANDLE pHandle;\n                wchar_t * username = L\"User\";\n                wchar_t * domain = L\"Domain\";\n                if (LogonUserW(\n                            username,\n                            domain,\n                            password,\n                            LOGON32_LOGON_NETWORK,\n                            LOGON32_PROVIDER_DEFAULT,\n                            &pHandle) != 0)\n                {\n                    printLine(\"User logged in successfully.\");\n                    CloseHandle(pHandle);\n                }\n                else\n                {\n                    printLine(\"Unable to login.\");\n                }\n            }\n        }\n    }\n}\n",
        "CWE_ID": "CWE259",
        "question": "Question: What happens if we replace the following original code snippet with the proposed variants? Will the vulnerability CWE259 be triggered, and how does it affect the functionality of the code?",
        "choices": {
            "A": "No, Function Preserved: The vulnerability CWE259 will not be triggered, and the original functionality is fully preserved.",
            "B": "No, Function Impaired: The vulnerability CWE259 will not be triggered, but the functionality of the original code is impaired.",
            "C": "Yes: The vulnerability CWE259 will still be triggered.",
            "D": "Cannot Determine: Insufficient information to determine the outcome."
        },
        "answer": "C",
        "distance": "inner_outer_0"
    },
    {
        "case_id": "CWE259_Hard_Coded_Password__w32_wchar_t_01_bad",
        "org_code": "Original Code Snippet:\nvoid Sample_Func()\n{\n    wchar_t * password;\n    wchar_t passwordBuffer[100] = L\"\";\n    password = passwordBuffer;\n    wcscpy(password, PASSWORD);\n    {\n        HANDLE pHandle;\n        wchar_t * username = L\"User\";\n        wchar_t * domain = L\"Domain\";\n        if (LogonUserW(\n                    username,\n                    domain,\n                    password,\n                    LOGON32_LOGON_NETWORK,\n                    LOGON32_PROVIDER_DEFAULT,\n                    &pHandle) != 0)\n        {\n            printLine(\"User logged in successfully.\");\n            CloseHandle(pHandle);\n        }\n        else\n        {\n            printLine(\"Unable to login.\");\n        }\n    }\n}\n",
        "new_code": "Code Snippet Variant:\nstatic int StaticValue = 718;\nvoid Sample_Func()\n{\n    if (StaticValue==718)\n    {\n        {\n            wchar_t * password;\n            wchar_t passwordBuffer[100] = L\"\";\n            password = passwordBuffer;\n            if (StaticValue==843)\n            {\n                wcscpy(password, PASSWORD);\n            }\n            if (StaticValue==718)\n            {\n                wcscpy(password, PASSWORD);\n            }\n            if (StaticValue==593)\n            {\n                if(718==718)\n                {\n                    {\n                        size_t passwordLen = 0;\n                        if (fgetws(password, 100, stdin) == NULL)\n                        {\n                            printLine(\"fgetws() failed\");\n                            password[0] = L'\\0';\n                        }\n                        passwordLen = wcslen(password);\n                        if (passwordLen > 0)\n                        {\n                            password[passwordLen-1] = L'\\0';\n                        }\n                    }\n                }\n            }\n            {\n                HANDLE pHandle;\n                wchar_t * username = L\"User\";\n                wchar_t * domain = L\"Domain\";\n                if (LogonUserW(\n                            username,\n                            domain,\n                            password,\n                            LOGON32_LOGON_NETWORK,\n                            LOGON32_PROVIDER_DEFAULT,\n                            &pHandle) != 0)\n                {\n                    printLine(\"User logged in successfully.\");\n                    CloseHandle(pHandle);\n                }\n                else\n                {\n                    if(1)\n                    {\n                        printLine(\"Unable to login.\");\n                    }\n                }\n            }\n        }\n    }\n    if (StaticValue==806)\n    {\n        {\n            wchar_t * password;\n            wchar_t passwordBuffer[100] = L\"\";\n            password = passwordBuffer;\n            wcscpy(password, PASSWORD);\n            {\n                HANDLE pHandle;\n                wchar_t * username = L\"User\";\n                wchar_t * domain = L\"Domain\";\n                if (LogonUserW(\n                            username,\n                            domain,\n                            password,\n                            LOGON32_LOGON_NETWORK,\n                            LOGON32_PROVIDER_DEFAULT,\n                            &pHandle) != 0)\n                {\n                    printLine(\"User logged in successfully.\");\n                    CloseHandle(pHandle);\n                }\n                else\n                {\n                    printLine(\"Unable to login.\");\n                }\n            }\n        }\n    }\n    if (StaticValue==630)\n    {\n        {\n            wchar_t * password;\n            wchar_t passwordBuffer[100] = L\"\";\n            password = passwordBuffer;\n            {\n                size_t passwordLen = 0;\n                if (fgetws(password, 100, stdin) == NULL)\n                {\n                    printLine(\"fgetws() failed\");\n                    password[0] = L'\\0';\n                }\n                if(1)\n                {\n                    passwordLen = wcslen(password);\n                }\n                if (passwordLen > 0)\n                {\n                    password[passwordLen-1] = L'\\0';\n                }\n            }\n            if(StaticValue==718)\n            {\n                {\n                    HANDLE pHandle;\n                    wchar_t * username = L\"User\";\n                    wchar_t * domain = L\"Domain\";\n                    if (LogonUserW(\n                                username,\n                                domain,\n                                password,\n                                LOGON32_LOGON_NETWORK,\n                                LOGON32_PROVIDER_DEFAULT,\n                                &pHandle) != 0)\n                    {\n                        printLine(\"User logged in successfully.\");\n                        CloseHandle(pHandle);\n                    }\n                    else\n                    {\n                        printLine(\"Unable to login.\");\n                    }\n                }\n            }\n        }\n    }\n}\n",
        "CWE_ID": "CWE259",
        "question": "Question: What happens if we replace the following original code snippet with the proposed variants? Will the vulnerability CWE259 be triggered, and how does it affect the functionality of the code?",
        "choices": {
            "A": "No, Function Preserved: The vulnerability CWE259 will not be triggered, and the original functionality is fully preserved.",
            "B": "No, Function Impaired: The vulnerability CWE259 will not be triggered, but the functionality of the original code is impaired.",
            "C": "Yes: The vulnerability CWE259 will still be triggered.",
            "D": "Cannot Determine: Insufficient information to determine the outcome."
        },
        "answer": "C",
        "distance": "inner_outer_variant_0"
    },
    {
        "case_id": "CWE259_Hard_Coded_Password__w32_wchar_t_01_bad",
        "org_code": "Original Code Snippet:\nvoid Sample_Func()\n{\n    wchar_t * password;\n    wchar_t passwordBuffer[100] = L\"\";\n    password = passwordBuffer;\n    wcscpy(password, PASSWORD);\n    {\n        HANDLE pHandle;\n        wchar_t * username = L\"User\";\n        wchar_t * domain = L\"Domain\";\n        if (LogonUserW(\n                    username,\n                    domain,\n                    password,\n                    LOGON32_LOGON_NETWORK,\n                    LOGON32_PROVIDER_DEFAULT,\n                    &pHandle) != 0)\n        {\n            printLine(\"User logged in successfully.\");\n            CloseHandle(pHandle);\n        }\n        else\n        {\n            printLine(\"Unable to login.\");\n        }\n    }\n}\n",
        "new_code": "Code Snippet Variant:\nstatic int StaticValue = 718;\nvoid Sample_Func()\n{\n    wchar_t * password;\n    wchar_t passwordBuffer[100] = L\"\";\n    password = passwordBuffer;\n    if (StaticValue==843)\n    {\n        wcscpy(password, PASSWORD);\n    }\n    if(718==718)\n    {\n        if (StaticValue==718)\n        {\n            wcscpy(password, PASSWORD);\n        }\n    }\n    if (StaticValue==593)\n    {\n        if(StaticValue==718)\n        {\n            {\n                size_t passwordLen = 0;\n                if (fgetws(password, 100, stdin) == NULL)\n                {\n                    printLine(\"fgetws() failed\");\n                    password[0] = L'\\0';\n                }\n                passwordLen = wcslen(password);\n                if (passwordLen > 0)\n                {\n                    password[passwordLen-1] = L'\\0';\n                }\n            }\n        }\n    }\n    {\n        HANDLE pHandle;\n        wchar_t * username = L\"User\";\n        wchar_t * domain = L\"Domain\";\n        if (LogonUserW(\n                    username,\n                    domain,\n                    password,\n                    LOGON32_LOGON_NETWORK,\n                    LOGON32_PROVIDER_DEFAULT,\n                    &pHandle) != 0)\n        {\n            printLine(\"User logged in successfully.\");\n            CloseHandle(pHandle);\n        }\n        else\n        {\n            printLine(\"Unable to login.\");\n        }\n    }\n}\n",
        "CWE_ID": "CWE259",
        "question": "Question: What happens if we replace the following original code snippet with the proposed variants? Will the vulnerability CWE259 be triggered, and how does it affect the functionality of the code?",
        "choices": {
            "A": "No, Function Preserved: The vulnerability CWE259 will not be triggered, and the original functionality is fully preserved.",
            "B": "No, Function Impaired: The vulnerability CWE259 will not be triggered, but the functionality of the original code is impaired.",
            "C": "Yes: The vulnerability CWE259 will still be triggered.",
            "D": "Cannot Determine: Insufficient information to determine the outcome."
        },
        "answer": "C",
        "distance": "inner_variant_0"
    },
    {
        "case_id": "CWE259_Hard_Coded_Password__w32_wchar_t_01_bad",
        "org_code": "Original Code Snippet:\nvoid Sample_Func()\n{\n    wchar_t * password;\n    wchar_t passwordBuffer[100] = L\"\";\n    password = passwordBuffer;\n    wcscpy(password, PASSWORD);\n    {\n        HANDLE pHandle;\n        wchar_t * username = L\"User\";\n        wchar_t * domain = L\"Domain\";\n        if (LogonUserW(\n                    username,\n                    domain,\n                    password,\n                    LOGON32_LOGON_NETWORK,\n                    LOGON32_PROVIDER_DEFAULT,\n                    &pHandle) != 0)\n        {\n            printLine(\"User logged in successfully.\");\n            CloseHandle(pHandle);\n        }\n        else\n        {\n            printLine(\"Unable to login.\");\n        }\n    }\n}\n",
        "new_code": "Code Snippet Variant:\nstatic int StaticValue = 718;\nvoid Sample_Func()\n{\n    if (StaticValue==718)\n    {\n        {\n            wchar_t * password;\n            wchar_t passwordBuffer[100] = L\"\";\n            password = passwordBuffer;\n            wcscpy(password, PASSWORD);\n            {\n                HANDLE pHandle;\n                wchar_t * username = L\"User\";\n                wchar_t * domain = L\"Domain\";\n                if (LogonUserW(\n                            username,\n                            domain,\n                            password,\n                            LOGON32_LOGON_NETWORK,\n                            LOGON32_PROVIDER_DEFAULT,\n                            &pHandle) != 0)\n                {\n                    printLine(\"User logged in successfully.\");\n                    CloseHandle(pHandle);\n                }\n                else\n                {\n                    printLine(\"Unable to login.\");\n                }\n            }\n        }\n    }\n    if (StaticValue==806)\n    {\n        {\n            wchar_t * password;\n            wchar_t passwordBuffer[100] = L\"\";\n            password = passwordBuffer;\n            wcscpy(password, PASSWORD);\n            {\n                HANDLE pHandle;\n                wchar_t * username = L\"User\";\n                wchar_t * domain = L\"Domain\";\n                if (LogonUserW(\n                            username,\n                            domain,\n                            password,\n                            LOGON32_LOGON_NETWORK,\n                            LOGON32_PROVIDER_DEFAULT,\n                            &pHandle) != 0)\n                {\n                    printLine(\"User logged in successfully.\");\n                    CloseHandle(pHandle);\n                }\n                else\n                {\n                    printLine(\"Unable to login.\");\n                }\n            }\n        }\n    }\n    if (StaticValue==630)\n    {\n        {\n            wchar_t * password;\n            wchar_t passwordBuffer[100] = L\"\";\n            password = passwordBuffer;\n            {\n                size_t passwordLen = 0;\n                if (fgetws(password, 100, stdin) == NULL)\n                {\n                    printLine(\"fgetws() failed\");\n                    password[0] = L'\\0';\n                }\n                passwordLen = wcslen(password);\n                if (passwordLen > 0)\n                {\n                    password[passwordLen-1] = L'\\0';\n                }\n            }\n            {\n                HANDLE pHandle;\n                wchar_t * username = L\"User\";\n                wchar_t * domain = L\"Domain\";\n                if (LogonUserW(\n                            username,\n                            domain,\n                            password,\n                            LOGON32_LOGON_NETWORK,\n                            LOGON32_PROVIDER_DEFAULT,\n                            &pHandle) != 0)\n                {\n                    printLine(\"User logged in successfully.\");\n                    CloseHandle(pHandle);\n                }\n                else\n                {\n                    printLine(\"Unable to login.\");\n                }\n            }\n        }\n    }\n}\n",
        "CWE_ID": "CWE259",
        "question": "Question: What happens if we replace the following original code snippet with the proposed variants? Will the vulnerability CWE259 be triggered, and how does it affect the functionality of the code?",
        "choices": {
            "A": "No, Function Preserved: The vulnerability CWE259 will not be triggered, and the original functionality is fully preserved.",
            "B": "No, Function Impaired: The vulnerability CWE259 will not be triggered, but the functionality of the original code is impaired.",
            "C": "Yes: The vulnerability CWE259 will still be triggered.",
            "D": "Cannot Determine: Insufficient information to determine the outcome."
        },
        "answer": "C",
        "distance": "outer"
    },
    {
        "case_id": "CWE259_Hard_Coded_Password__w32_wchar_t_01_bad",
        "org_code": "Original Code Snippet:\nvoid Sample_Func()\n{\n    wchar_t * password;\n    wchar_t passwordBuffer[100] = L\"\";\n    password = passwordBuffer;\n    wcscpy(password, PASSWORD);\n    {\n        HANDLE pHandle;\n        wchar_t * username = L\"User\";\n        wchar_t * domain = L\"Domain\";\n        if (LogonUserW(\n                    username,\n                    domain,\n                    password,\n                    LOGON32_LOGON_NETWORK,\n                    LOGON32_PROVIDER_DEFAULT,\n                    &pHandle) != 0)\n        {\n            printLine(\"User logged in successfully.\");\n            CloseHandle(pHandle);\n        }\n        else\n        {\n            printLine(\"Unable to login.\");\n        }\n    }\n}\n",
        "new_code": "Code Snippet Variant:\nstatic int StaticValue = 718;\nvoid Sample_Func()\n{\n    if (StaticValue==718)\n    {\n        {\n            wchar_t * password;\n            wchar_t passwordBuffer[100] = L\"\";\n            password = passwordBuffer;\n            wcscpy(password, PASSWORD);\n            {\n                HANDLE pHandle;\n                wchar_t * username = L\"User\";\n                wchar_t * domain = L\"Domain\";\n                if (LogonUserW(\n                            username,\n                            domain,\n                            password,\n                            LOGON32_LOGON_NETWORK,\n                            LOGON32_PROVIDER_DEFAULT,\n                            &pHandle) != 0)\n                {\n                    printLine(\"User logged in successfully.\");\n                    CloseHandle(pHandle);\n                }\n                else\n                {\n                    printLine(\"Unable to login.\");\n                }\n            }\n        }\n    }\n    if (StaticValue==806)\n    {\n        {\n            wchar_t * password;\n            wchar_t passwordBuffer[100] = L\"\";\n            password = passwordBuffer;\n            wcscpy(password, PASSWORD);\n            {\n                HANDLE pHandle;\n                wchar_t * username = L\"User\";\n                wchar_t * domain = L\"Domain\";\n                if (LogonUserW(\n                            username,\n                            domain,\n                            password,\n                            LOGON32_LOGON_NETWORK,\n                            LOGON32_PROVIDER_DEFAULT,\n                            &pHandle) != 0)\n                {\n                    printLine(\"User logged in successfully.\");\n                    CloseHandle(pHandle);\n                }\n                else\n                {\n                    printLine(\"Unable to login.\");\n                }\n            }\n        }\n    }\n    if (StaticValue==630)\n    {\n        int DogCat;\n        {\n            wchar_t * password;\n            wchar_t passwordBuffer[100] = L\"\";\n            password = passwordBuffer;\n            {\n                size_t passwordLen = 0;\n                if (fgetws(password, 100, stdin) == NULL)\n                {\n                    printLine(\"fgetws() failed\");\n                    password[0] = L'\\0';\n                }\n                passwordLen = wcslen(password);\n                for(DogCat = 0; DogCat < 1; DogCat++)\n                {\n                    if (passwordLen > 0)\n                    {\n                        password[passwordLen-1] = L'\\0';\n                    }\n                }\n            }\n            {\n                HANDLE pHandle;\n                wchar_t * username = L\"User\";\n                wchar_t * domain = L\"Domain\";\n                if (LogonUserW(\n                            username,\n                            domain,\n                            password,\n                            LOGON32_LOGON_NETWORK,\n                            LOGON32_PROVIDER_DEFAULT,\n                            &pHandle) != 0)\n                {\n                    printLine(\"User logged in successfully.\");\n                    CloseHandle(pHandle);\n                }\n                else\n                {\n                    if(718==718)\n                    {\n                        printLine(\"Unable to login.\");\n                    }\n                }\n            }\n        }\n    }\n}\n",
        "CWE_ID": "CWE259",
        "question": "Question: What happens if we replace the following original code snippet with the proposed variants? Will the vulnerability CWE259 be triggered, and how does it affect the functionality of the code?",
        "choices": {
            "A": "No, Function Preserved: The vulnerability CWE259 will not be triggered, and the original functionality is fully preserved.",
            "B": "No, Function Impaired: The vulnerability CWE259 will not be triggered, but the functionality of the original code is impaired.",
            "C": "Yes: The vulnerability CWE259 will still be triggered.",
            "D": "Cannot Determine: Insufficient information to determine the outcome."
        },
        "answer": "C",
        "distance": "outer_variant"
    }
]