[
    {
        "case_id": "CWE482_Comparing_Instead_of_Assigning__basic_01_bad",
        "org_code": "Original Code Snippet:\nvoid Sample_Func()\n{\n    {\n        int intDogSink = 0;\n        printIntLine(intDogSink);\n        intDogSink == 5;\n        printIntLine(intDogSink);\n    }\n}\n",
        "new_code": "Code Snippet Variant:\nstatic int StaticValue = 461;\nvoid Sample_Func()\n{\n    if (StaticValue==448)\n    {\n        {\n            {\n                int intDogSink = 0;\n                printIntLine(intDogSink);\n                intDogSink == 5;\n                printIntLine(intDogSink);\n            }\n        }\n    }\n    if (StaticValue==474)\n    {\n        {\n            {\n                int intCatSink = 0;\n                printIntLine(intCatSink);\n                intCatSink = 5;\n                printIntLine(intCatSink);\n            }\n        }\n    }\n    if (StaticValue==461)\n    {\n        {\n            {\n                int intCatSink = 0;\n                printIntLine(intCatSink);\n                intCatSink = 5;\n                printIntLine(intCatSink);\n            }\n        }\n    }\n}\n",
        "CWE_ID": "CWE482",
        "question": "Question: What happens if we replace the following original code snippet with the proposed variants? Will the vulnerability CWE482 be triggered, and how does it affect the functionality of the code?",
        "choices": {
            "A": "No, Function Preserved: The vulnerability CWE482 will not be triggered, and the original functionality is fully preserved.",
            "B": "No, Function Impaired: The vulnerability CWE482 will not be triggered, but the functionality of the original code is impaired.",
            "C": "Yes: The vulnerability CWE482 will still be triggered.",
            "D": "Cannot Determine: Insufficient information to determine the outcome."
        },
        "answer": "A",
        "distance": "outer"
    },
    {
        "case_id": "CWE482_Comparing_Instead_of_Assigning__basic_01_bad",
        "org_code": "Original Code Snippet:\nvoid Sample_Func()\n{\n    {\n        int intDogSink = 0;\n        printIntLine(intDogSink);\n        intDogSink == 5;\n        printIntLine(intDogSink);\n    }\n}\n",
        "new_code": "Code Snippet Variant:\nstatic int StaticValue = 480;\nvoid Sample_Func()\n{\n    if (StaticValue==448)\n    {\n        {\n            {\n                int intDogSink = 0;\n                printIntLine(intDogSink);\n                intDogSink == 5;\n                printIntLine(intDogSink);\n            }\n        }\n    }\n    if(StaticValue==480)\n    {\n        int socketDescriptor;\n        int connectionStatus = 0;\n        char networkBuffer[256];\n        for (socketDescriptor = 0; socketDescriptor < 5; socketDescriptor++) {\n            if (connectionStatus == 0) {\n                networkBuffer[socketDescriptor] = 'A';\n            } else {\n                networkBuffer[socketDescriptor] = '0';\n            }\n        }\n        printLine(\"Successful! Problem Resolved!\");\n    }\n    if (StaticValue==474)\n    {\n        {\n            {\n                int intCatSink = 0;\n                printIntLine(intCatSink);\n                intCatSink = 5;\n                printIntLine(intCatSink);\n            }\n        }\n    }\n    if (StaticValue==461)\n    {\n        {\n            {\n                int intCatSink = 0;\n                printIntLine(intCatSink);\n                intCatSink = 5;\n                printIntLine(intCatSink);\n            }\n        }\n    }\n}\n",
        "CWE_ID": "CWE482",
        "question": "Question: What happens if we replace the following original code snippet with the proposed variants? Will the vulnerability CWE482 be triggered, and how does it affect the functionality of the code?",
        "choices": {
            "A": "No, Function Preserved: The vulnerability CWE482 will not be triggered, and the original functionality is fully preserved.",
            "B": "No, Function Impaired: The vulnerability CWE482 will not be triggered, but the functionality of the original code is impaired.",
            "C": "Yes: The vulnerability CWE482 will still be triggered.",
            "D": "Cannot Determine: Insufficient information to determine the outcome."
        },
        "answer": "B",
        "distance": "outer"
    },
    {
        "case_id": "CWE482_Comparing_Instead_of_Assigning__basic_01_bad",
        "org_code": "Original Code Snippet:\nvoid Sample_Func()\n{\n    {\n        int intDogSink = 0;\n        printIntLine(intDogSink);\n        intDogSink == 5;\n        printIntLine(intDogSink);\n    }\n}\n",
        "new_code": "Code Snippet Variant:\nstatic int StaticValue = 425;\nvoid Sample_Func()\n{\n    if (StaticValue==425)\n    {\n        {\n            {\n                int intDogSink = 0;\n                printIntLine(intDogSink);\n                intDogSink == 5;\n                printIntLine(intDogSink);\n            }\n        }\n    }\n    if (StaticValue==442)\n    {\n        {\n            {\n                int intDogSink = 0;\n                printIntLine(intDogSink);\n                intDogSink == 5;\n                printIntLine(intDogSink);\n            }\n        }\n    }\n    if (StaticValue==408)\n    {\n        {\n            {\n                int intCatSink = 0;\n                printIntLine(intCatSink);\n                intCatSink = 5;\n                printIntLine(intCatSink);\n            }\n        }\n    }\n}\n",
        "CWE_ID": "CWE482",
        "question": "Question: What happens if we replace the following original code snippet with the proposed variants? Will the vulnerability CWE482 be triggered, and how does it affect the functionality of the code?",
        "choices": {
            "A": "No, Function Preserved: The vulnerability CWE482 will not be triggered, and the original functionality is fully preserved.",
            "B": "No, Function Impaired: The vulnerability CWE482 will not be triggered, but the functionality of the original code is impaired.",
            "C": "Yes: The vulnerability CWE482 will still be triggered.",
            "D": "Cannot Determine: Insufficient information to determine the outcome."
        },
        "answer": "C",
        "distance": "outer"
    }
]