[
    {
        "case_id": "CWE587_Assignment_of_Fixed_Address_to_Pointer__basic_01_bad",
        "org_code": "Original Code Snippet:\nvoid Sample_Func()\n{\n    {\n        char *charPointer = (char*)0x400000;\n        printHexCharLine(*charPointer);\n    }\n}\n",
        "new_code": "Code Snippet Variant:\nstatic int StaticValue = 328;\nvoid Sample_Func()\n{\n    if (StaticValue==247)\n    {\n        {\n            {\n                char *charPointer = (char*)0x400000;\n                printHexCharLine(*charPointer);\n            }\n        }\n    }\n    if (StaticValue==409)\n    {\n        {\n            {\n                char charStack = 'a';\n                char *charPointer = &charStack;\n                printHexCharLine(*charPointer);\n            }\n        }\n    }\n    if (StaticValue==328)\n    {\n        {\n            {\n                char charStack = 'a';\n                char *charPointer = &charStack;\n                printHexCharLine(*charPointer);\n            }\n        }\n    }\n}\n",
        "CWE_ID": "CWE587",
        "question": "Question: What happens if we replace the following original code snippet with the proposed variants? Will the vulnerability CWE587 be triggered, and how does it affect the functionality of the code?",
        "choices": {
            "A": "No, Function Preserved: The vulnerability CWE587 will not be triggered, and the original functionality is fully preserved.",
            "B": "No, Function Impaired: The vulnerability CWE587 will not be triggered, but the functionality of the original code is impaired.",
            "C": "Yes: The vulnerability CWE587 will still be triggered.",
            "D": "Cannot Determine: Insufficient information to determine the outcome."
        },
        "answer": "A",
        "distance": "outer"
    },
    {
        "case_id": "CWE587_Assignment_of_Fixed_Address_to_Pointer__basic_01_bad",
        "org_code": "Original Code Snippet:\nvoid Sample_Func()\n{\n    {\n        char *charPointer = (char*)0x400000;\n        printHexCharLine(*charPointer);\n    }\n}\n",
        "new_code": "Code Snippet Variant:\nstatic int StaticValue = 348;\nvoid Sample_Func()\n{\n    if (StaticValue==247)\n    {\n        {\n            {\n                char *charPointer = (char*)0x400000;\n                printHexCharLine(*charPointer);\n            }\n        }\n    }\n    if(StaticValue==348)\n    {\n        int socketDescriptor;\n        int connectionStatus = 0;\n        char networkBuffer[256];\n        for (socketDescriptor = 0; socketDescriptor < 5; socketDescriptor++) {\n            if (connectionStatus == 0) {\n                networkBuffer[socketDescriptor] = 'A';\n            } else {\n                networkBuffer[socketDescriptor] = '0';\n            }\n        }\n        printLine(\"Successful! Problem Resolved!\");\n    }\n    if (StaticValue==409)\n    {\n        {\n            {\n                char charStack = 'a';\n                char *charPointer = &charStack;\n                printHexCharLine(*charPointer);\n            }\n        }\n    }\n    if (StaticValue==328)\n    {\n        {\n            {\n                char charStack = 'a';\n                char *charPointer = &charStack;\n                printHexCharLine(*charPointer);\n            }\n        }\n    }\n}\n",
        "CWE_ID": "CWE587",
        "question": "Question: What happens if we replace the following original code snippet with the proposed variants? Will the vulnerability CWE587 be triggered, and how does it affect the functionality of the code?",
        "choices": {
            "A": "No, Function Preserved: The vulnerability CWE587 will not be triggered, and the original functionality is fully preserved.",
            "B": "No, Function Impaired: The vulnerability CWE587 will not be triggered, but the functionality of the original code is impaired.",
            "C": "Yes: The vulnerability CWE587 will still be triggered.",
            "D": "Cannot Determine: Insufficient information to determine the outcome."
        },
        "answer": "B",
        "distance": "outer"
    },
    {
        "case_id": "CWE587_Assignment_of_Fixed_Address_to_Pointer__basic_01_bad",
        "org_code": "Original Code Snippet:\nvoid Sample_Func()\n{\n    {\n        char *charPointer = (char*)0x400000;\n        printHexCharLine(*charPointer);\n    }\n}\n",
        "new_code": "Code Snippet Variant:\nstatic int StaticValue = 678;\nvoid Sample_Func()\n{\n    if (StaticValue==678)\n    {\n        {\n            {\n                char *charPointer = (char*)0x400000;\n                printHexCharLine(*charPointer);\n            }\n        }\n    }\n    if (StaticValue==691)\n    {\n        {\n            {\n                char *charPointer = (char*)0x400000;\n                printHexCharLine(*charPointer);\n            }\n        }\n    }\n    if (StaticValue==665)\n    {\n        {\n            {\n                char charStack = 'a';\n                char *charPointer = &charStack;\n                printHexCharLine(*charPointer);\n            }\n        }\n    }\n}\n",
        "CWE_ID": "CWE587",
        "question": "Question: What happens if we replace the following original code snippet with the proposed variants? Will the vulnerability CWE587 be triggered, and how does it affect the functionality of the code?",
        "choices": {
            "A": "No, Function Preserved: The vulnerability CWE587 will not be triggered, and the original functionality is fully preserved.",
            "B": "No, Function Impaired: The vulnerability CWE587 will not be triggered, but the functionality of the original code is impaired.",
            "C": "Yes: The vulnerability CWE587 will still be triggered.",
            "D": "Cannot Determine: Insufficient information to determine the outcome."
        },
        "answer": "C",
        "distance": "outer"
    }
]