[
    {
        "case_id": "CWE464_Addition_of_Data_Structure_Sentinel__basic_01_bad",
        "org_code": "Original Code Snippet:\nvoid Sample_Func()\n{\n    char data;\n    data = ' ';\n    {\n        char charArraySource[2];\n        charArraySource[0] = (char)getc(stdin);\n        charArraySource[1] = '\\0';\n        data = (char)atoi(charArraySource);\n    }\n    {\n        char charArraySink[4];\n        charArraySink[0] = 'x';\n        charArraySink[1] = data;\n        charArraySink[2] = 'z';\n        charArraySink[3] = '\\0';\n        printLine(charArraySink);\n    }\n}\n",
        "new_code": "Code Snippet Variant:\nstatic int StaticValue = 698;\nvoid Sample_Func()\n{\n    char data;\n    data = ' ';\n    if (StaticValue==866)\n    {\n        data = 'a';\n    }\n    if (StaticValue==698)\n    {\n        data = 'a';\n    }\n    if (StaticValue==530)\n    {\n        {\n            char charArraySource[2];\n            charArraySource[0] = (char)getc(stdin);\n            charArraySource[1] = '\\0';\n            data = (char)atoi(charArraySource);\n        }\n    }\n    {\n        char charArraySink[4];\n        charArraySink[0] = 'x';\n        charArraySink[1] = data;\n        charArraySink[2] = 'z';\n        charArraySink[3] = '\\0';\n        printLine(charArraySink);\n    }\n}\n",
        "CWE_ID": "CWE464",
        "question": "Question: What happens if we replace the following original code snippet with the proposed variants? Will the vulnerability CWE464 be triggered, and how does it affect the functionality of the code?",
        "choices": {
            "A": "No, Function Preserved: The vulnerability CWE464 will not be triggered, and the original functionality is fully preserved.",
            "B": "No, Function Impaired: The vulnerability CWE464 will not be triggered, but the functionality of the original code is impaired.",
            "C": "Yes: The vulnerability CWE464 will still be triggered.",
            "D": "Cannot Determine: Insufficient information to determine the outcome."
        },
        "answer": "A",
        "distance": "inner_0"
    },
    {
        "case_id": "CWE464_Addition_of_Data_Structure_Sentinel__basic_01_bad",
        "org_code": "Original Code Snippet:\nvoid Sample_Func()\n{\n    char data;\n    data = ' ';\n    {\n        char charArraySource[2];\n        charArraySource[0] = (char)getc(stdin);\n        charArraySource[1] = '\\0';\n        data = (char)atoi(charArraySource);\n    }\n    {\n        char charArraySink[4];\n        charArraySink[0] = 'x';\n        charArraySink[1] = data;\n        charArraySink[2] = 'z';\n        charArraySink[3] = '\\0';\n        printLine(charArraySink);\n    }\n}\n",
        "new_code": "Code Snippet Variant:\nstatic int StaticValue = 698;\nvoid Sample_Func()\n{\n    if (StaticValue==623)\n    {\n        {\n            char data;\n            data = ' ';\n            {\n                char charArraySource[2];\n                charArraySource[0] = (char)getc(stdin);\n                charArraySource[1] = '\\0';\n                data = (char)atoi(charArraySource);\n            }\n            {\n                char charArraySink[4];\n                charArraySink[0] = 'x';\n                charArraySink[1] = data;\n                charArraySink[2] = 'z';\n                charArraySink[3] = '\\0';\n                printLine(charArraySink);\n            }\n        }\n    }\n    if (StaticValue==773)\n    {\n        {\n            char data;\n            data = ' ';\n            data = 'a';\n            {\n                char charArraySink[4];\n                charArraySink[0] = 'x';\n                charArraySink[1] = data;\n                charArraySink[2] = 'z';\n                charArraySink[3] = '\\0';\n                printLine(charArraySink);\n            }\n        }\n    }\n    if (StaticValue==698)\n    {\n        {\n            char data;\n            data = ' ';\n            if (StaticValue==866)\n            {\n                data = 'a';\n            }\n            if (StaticValue==698)\n            {\n                data = 'a';\n            }\n            if (StaticValue==530)\n            {\n                {\n                    char charArraySource[2];\n                    charArraySource[0] = (char)getc(stdin);\n                    charArraySource[1] = '\\0';\n                    data = (char)atoi(charArraySource);\n                }\n            }\n            {\n                char charArraySink[4];\n                charArraySink[0] = 'x';\n                charArraySink[1] = data;\n                charArraySink[2] = 'z';\n                charArraySink[3] = '\\0';\n                printLine(charArraySink);\n            }\n        }\n    }\n}\n",
        "CWE_ID": "CWE464",
        "question": "Question: What happens if we replace the following original code snippet with the proposed variants? Will the vulnerability CWE464 be triggered, and how does it affect the functionality of the code?",
        "choices": {
            "A": "No, Function Preserved: The vulnerability CWE464 will not be triggered, and the original functionality is fully preserved.",
            "B": "No, Function Impaired: The vulnerability CWE464 will not be triggered, but the functionality of the original code is impaired.",
            "C": "Yes: The vulnerability CWE464 will still be triggered.",
            "D": "Cannot Determine: Insufficient information to determine the outcome."
        },
        "answer": "A",
        "distance": "inner_outer_0"
    },
    {
        "case_id": "CWE464_Addition_of_Data_Structure_Sentinel__basic_01_bad",
        "org_code": "Original Code Snippet:\nvoid Sample_Func()\n{\n    char data;\n    data = ' ';\n    {\n        char charArraySource[2];\n        charArraySource[0] = (char)getc(stdin);\n        charArraySource[1] = '\\0';\n        data = (char)atoi(charArraySource);\n    }\n    {\n        char charArraySink[4];\n        charArraySink[0] = 'x';\n        charArraySink[1] = data;\n        charArraySink[2] = 'z';\n        charArraySink[3] = '\\0';\n        printLine(charArraySink);\n    }\n}\n",
        "new_code": "Code Snippet Variant:\nstatic int StaticValue = 698;\nvoid Sample_Func()\n{\n    if (StaticValue==623)\n    {\n        {\n            char data;\n            data = ' ';\n            {\n                char charArraySource[2];\n                charArraySource[0] = (char)getc(stdin);\n                charArraySource[1] = '\\0';\n                data = (char)atoi(charArraySource);\n            }\n            {\n                char charArraySink[4];\n                charArraySink[0] = 'x';\n                charArraySink[1] = data;\n                charArraySink[2] = 'z';\n                charArraySink[3] = '\\0';\n                printLine(charArraySink);\n            }\n        }\n    }\n    if (StaticValue==773)\n    {\n        {\n            char data;\n            data = ' ';\n            data = 'a';\n            {\n                char charArraySink[4];\n                charArraySink[0] = 'x';\n                charArraySink[1] = data;\n                charArraySink[2] = 'z';\n                charArraySink[3] = '\\0';\n                printLine(charArraySink);\n            }\n        }\n    }\n    if (StaticValue==698)\n    {\n        {\n            char data;\n            data = ' ';\n            if(StaticValue==698)\n            {\n                if (StaticValue==866)\n                {\n                    data = 'a';\n                }\n            }\n            if (StaticValue==698)\n            {\n                data = 'a';\n            }\n            if (StaticValue==530)\n            {\n                {\n                    char charArraySource[2];\n                    charArraySource[0] = (char)getc(stdin);\n                    charArraySource[1] = '\\0';\n                    data = (char)atoi(charArraySource);\n                }\n            }\n            if(1)\n            {\n                {\n                    char charArraySink[4];\n                    charArraySink[0] = 'x';\n                    charArraySink[1] = data;\n                    charArraySink[2] = 'z';\n                    charArraySink[3] = '\\0';\n                    printLine(charArraySink);\n                }\n            }\n        }\n    }\n}\n",
        "CWE_ID": "CWE464",
        "question": "Question: What happens if we replace the following original code snippet with the proposed variants? Will the vulnerability CWE464 be triggered, and how does it affect the functionality of the code?",
        "choices": {
            "A": "No, Function Preserved: The vulnerability CWE464 will not be triggered, and the original functionality is fully preserved.",
            "B": "No, Function Impaired: The vulnerability CWE464 will not be triggered, but the functionality of the original code is impaired.",
            "C": "Yes: The vulnerability CWE464 will still be triggered.",
            "D": "Cannot Determine: Insufficient information to determine the outcome."
        },
        "answer": "A",
        "distance": "inner_outer_variant_0"
    },
    {
        "case_id": "CWE464_Addition_of_Data_Structure_Sentinel__basic_01_bad",
        "org_code": "Original Code Snippet:\nvoid Sample_Func()\n{\n    char data;\n    data = ' ';\n    {\n        char charArraySource[2];\n        charArraySource[0] = (char)getc(stdin);\n        charArraySource[1] = '\\0';\n        data = (char)atoi(charArraySource);\n    }\n    {\n        char charArraySink[4];\n        charArraySink[0] = 'x';\n        charArraySink[1] = data;\n        charArraySink[2] = 'z';\n        charArraySink[3] = '\\0';\n        printLine(charArraySink);\n    }\n}\n",
        "new_code": "Code Snippet Variant:\nstatic int StaticValue = 698;\nvoid Sample_Func()\n{\n    int DogCat;\n    char data;\n    data = ' ';\n    if (StaticValue==866)\n    {\n        data = 'a';\n    }\n    if (StaticValue==698)\n    {\n        data = 'a';\n    }\n    if (StaticValue==530)\n    {\n        for(DogCat = 0; DogCat < 1; DogCat++)\n        {\n            {\n                char charArraySource[2];\n                charArraySource[0] = (char)getc(stdin);\n                charArraySource[1] = '\\0';\n                data = (char)atoi(charArraySource);\n            }\n        }\n    }\n    if(1)\n    {\n        {\n            char charArraySink[4];\n            charArraySink[0] = 'x';\n            charArraySink[1] = data;\n            charArraySink[2] = 'z';\n            charArraySink[3] = '\\0';\n            printLine(charArraySink);\n        }\n    }\n}\n",
        "CWE_ID": "CWE464",
        "question": "Question: What happens if we replace the following original code snippet with the proposed variants? Will the vulnerability CWE464 be triggered, and how does it affect the functionality of the code?",
        "choices": {
            "A": "No, Function Preserved: The vulnerability CWE464 will not be triggered, and the original functionality is fully preserved.",
            "B": "No, Function Impaired: The vulnerability CWE464 will not be triggered, but the functionality of the original code is impaired.",
            "C": "Yes: The vulnerability CWE464 will still be triggered.",
            "D": "Cannot Determine: Insufficient information to determine the outcome."
        },
        "answer": "A",
        "distance": "inner_variant_0"
    },
    {
        "case_id": "CWE464_Addition_of_Data_Structure_Sentinel__basic_01_bad",
        "org_code": "Original Code Snippet:\nvoid Sample_Func()\n{\n    char data;\n    data = ' ';\n    {\n        char charArraySource[2];\n        charArraySource[0] = (char)getc(stdin);\n        charArraySource[1] = '\\0';\n        data = (char)atoi(charArraySource);\n    }\n    {\n        char charArraySink[4];\n        charArraySink[0] = 'x';\n        charArraySink[1] = data;\n        charArraySink[2] = 'z';\n        charArraySink[3] = '\\0';\n        printLine(charArraySink);\n    }\n}\n",
        "new_code": "Code Snippet Variant:\nstatic int StaticValue = 698;\nvoid Sample_Func()\n{\n    if (StaticValue==623)\n    {\n        {\n            char data;\n            data = ' ';\n            {\n                char charArraySource[2];\n                charArraySource[0] = (char)getc(stdin);\n                charArraySource[1] = '\\0';\n                data = (char)atoi(charArraySource);\n            }\n            {\n                char charArraySink[4];\n                charArraySink[0] = 'x';\n                charArraySink[1] = data;\n                charArraySink[2] = 'z';\n                charArraySink[3] = '\\0';\n                printLine(charArraySink);\n            }\n        }\n    }\n    if (StaticValue==773)\n    {\n        {\n            char data;\n            data = ' ';\n            data = 'a';\n            {\n                char charArraySink[4];\n                charArraySink[0] = 'x';\n                charArraySink[1] = data;\n                charArraySink[2] = 'z';\n                charArraySink[3] = '\\0';\n                printLine(charArraySink);\n            }\n        }\n    }\n    if (StaticValue==698)\n    {\n        {\n            char data;\n            data = ' ';\n            data = 'a';\n            {\n                char charArraySink[4];\n                charArraySink[0] = 'x';\n                charArraySink[1] = data;\n                charArraySink[2] = 'z';\n                charArraySink[3] = '\\0';\n                printLine(charArraySink);\n            }\n        }\n    }\n}\n",
        "CWE_ID": "CWE464",
        "question": "Question: What happens if we replace the following original code snippet with the proposed variants? Will the vulnerability CWE464 be triggered, and how does it affect the functionality of the code?",
        "choices": {
            "A": "No, Function Preserved: The vulnerability CWE464 will not be triggered, and the original functionality is fully preserved.",
            "B": "No, Function Impaired: The vulnerability CWE464 will not be triggered, but the functionality of the original code is impaired.",
            "C": "Yes: The vulnerability CWE464 will still be triggered.",
            "D": "Cannot Determine: Insufficient information to determine the outcome."
        },
        "answer": "A",
        "distance": "outer"
    },
    {
        "case_id": "CWE464_Addition_of_Data_Structure_Sentinel__basic_01_bad",
        "org_code": "Original Code Snippet:\nvoid Sample_Func()\n{\n    char data;\n    data = ' ';\n    {\n        char charArraySource[2];\n        charArraySource[0] = (char)getc(stdin);\n        charArraySource[1] = '\\0';\n        data = (char)atoi(charArraySource);\n    }\n    {\n        char charArraySink[4];\n        charArraySink[0] = 'x';\n        charArraySink[1] = data;\n        charArraySink[2] = 'z';\n        charArraySink[3] = '\\0';\n        printLine(charArraySink);\n    }\n}\n",
        "new_code": "Code Snippet Variant:\nstatic int StaticValue = 713;\nvoid Sample_Func()\n{\n    char data;\n    data = ' ';\n    if (StaticValue==866)\n    {\n        data = 'a';\n    }\n    if (StaticValue==698)\n    {\n        data = 'a';\n    }\n    if(StaticValue==713)\n    {\n        int socketDescriptor;\n        int connectionStatus = 0;\n        char networkBuffer[256];\n        for (socketDescriptor = 0; socketDescriptor < 5; socketDescriptor++) {\n            if (connectionStatus == 0) {\n                networkBuffer[socketDescriptor] = 'A';\n            } else {\n                networkBuffer[socketDescriptor] = '0';\n            }\n        }\n        printLine(\"Successful! Problem Resolved!\");\n    }\n    if (StaticValue==530)\n    {\n        {\n            char charArraySource[2];\n            charArraySource[0] = (char)getc(stdin);\n            charArraySource[1] = '\\0';\n            data = (char)atoi(charArraySource);\n        }\n    }\n    {\n        char charArraySink[4];\n        charArraySink[0] = 'x';\n        charArraySink[1] = data;\n        charArraySink[2] = 'z';\n        charArraySink[3] = '\\0';\n        printLine(charArraySink);\n    }\n}\n",
        "CWE_ID": "CWE464",
        "question": "Question: What happens if we replace the following original code snippet with the proposed variants? Will the vulnerability CWE464 be triggered, and how does it affect the functionality of the code?",
        "choices": {
            "A": "No, Function Preserved: The vulnerability CWE464 will not be triggered, and the original functionality is fully preserved.",
            "B": "No, Function Impaired: The vulnerability CWE464 will not be triggered, but the functionality of the original code is impaired.",
            "C": "Yes: The vulnerability CWE464 will still be triggered.",
            "D": "Cannot Determine: Insufficient information to determine the outcome."
        },
        "answer": "B",
        "distance": "inner_0"
    },
    {
        "case_id": "CWE464_Addition_of_Data_Structure_Sentinel__basic_01_bad",
        "org_code": "Original Code Snippet:\nvoid Sample_Func()\n{\n    char data;\n    data = ' ';\n    {\n        char charArraySource[2];\n        charArraySource[0] = (char)getc(stdin);\n        charArraySource[1] = '\\0';\n        data = (char)atoi(charArraySource);\n    }\n    {\n        char charArraySink[4];\n        charArraySink[0] = 'x';\n        charArraySink[1] = data;\n        charArraySink[2] = 'z';\n        charArraySink[3] = '\\0';\n        printLine(charArraySink);\n    }\n}\n",
        "new_code": "Code Snippet Variant:\nstatic int StaticValue = 709;\nvoid Sample_Func()\n{\n    if (StaticValue==623)\n    {\n        {\n            char data;\n            data = ' ';\n            {\n                char charArraySource[2];\n                charArraySource[0] = (char)getc(stdin);\n                charArraySource[1] = '\\0';\n                data = (char)atoi(charArraySource);\n            }\n            {\n                char charArraySink[4];\n                charArraySink[0] = 'x';\n                charArraySink[1] = data;\n                charArraySink[2] = 'z';\n                charArraySink[3] = '\\0';\n                printLine(charArraySink);\n            }\n        }\n    }\n    if (StaticValue==773)\n    {\n        {\n            char data;\n            data = ' ';\n            data = 'a';\n            {\n                char charArraySink[4];\n                charArraySink[0] = 'x';\n                charArraySink[1] = data;\n                charArraySink[2] = 'z';\n                charArraySink[3] = '\\0';\n                printLine(charArraySink);\n            }\n        }\n    }\n    if(StaticValue==709)\n    {\n        int socketDescriptor;\n        int connectionStatus = 0;\n        char networkBuffer[256];\n        for (socketDescriptor = 0; socketDescriptor < 5; socketDescriptor++) {\n            if (connectionStatus == 0) {\n                networkBuffer[socketDescriptor] = 'A';\n            } else {\n                networkBuffer[socketDescriptor] = '0';\n            }\n        }\n        printLine(\"Successful! Problem Resolved!\");\n    }\n    if (StaticValue==698)\n    {\n        {\n            char data;\n            data = ' ';\n            if (StaticValue==866)\n            {\n                data = 'a';\n            }\n            if (StaticValue==698)\n            {\n                data = 'a';\n            }\n            if (StaticValue==530)\n            {\n                {\n                    char charArraySource[2];\n                    charArraySource[0] = (char)getc(stdin);\n                    charArraySource[1] = '\\0';\n                    data = (char)atoi(charArraySource);\n                }\n            }\n            {\n                char charArraySink[4];\n                charArraySink[0] = 'x';\n                charArraySink[1] = data;\n                charArraySink[2] = 'z';\n                charArraySink[3] = '\\0';\n                printLine(charArraySink);\n            }\n        }\n    }\n}\n",
        "CWE_ID": "CWE464",
        "question": "Question: What happens if we replace the following original code snippet with the proposed variants? Will the vulnerability CWE464 be triggered, and how does it affect the functionality of the code?",
        "choices": {
            "A": "No, Function Preserved: The vulnerability CWE464 will not be triggered, and the original functionality is fully preserved.",
            "B": "No, Function Impaired: The vulnerability CWE464 will not be triggered, but the functionality of the original code is impaired.",
            "C": "Yes: The vulnerability CWE464 will still be triggered.",
            "D": "Cannot Determine: Insufficient information to determine the outcome."
        },
        "answer": "B",
        "distance": "inner_outer_0"
    },
    {
        "case_id": "CWE464_Addition_of_Data_Structure_Sentinel__basic_01_bad",
        "org_code": "Original Code Snippet:\nvoid Sample_Func()\n{\n    char data;\n    data = ' ';\n    {\n        char charArraySource[2];\n        charArraySource[0] = (char)getc(stdin);\n        charArraySource[1] = '\\0';\n        data = (char)atoi(charArraySource);\n    }\n    {\n        char charArraySink[4];\n        charArraySink[0] = 'x';\n        charArraySink[1] = data;\n        charArraySink[2] = 'z';\n        charArraySink[3] = '\\0';\n        printLine(charArraySink);\n    }\n}\n",
        "new_code": "Code Snippet Variant:\nstatic int StaticValue = 717;\nvoid Sample_Func()\n{\n    if (StaticValue==623)\n    {\n        {\n            char data;\n            data = ' ';\n            {\n                char charArraySource[2];\n                charArraySource[0] = (char)getc(stdin);\n                charArraySource[1] = '\\0';\n                data = (char)atoi(charArraySource);\n            }\n            {\n                char charArraySink[4];\n                charArraySink[0] = 'x';\n                charArraySink[1] = data;\n                charArraySink[2] = 'z';\n                charArraySink[3] = '\\0';\n                printLine(charArraySink);\n            }\n        }\n    }\n    if(StaticValue==717)\n    {\n        int socketDescriptor;\n        int connectionStatus = 0;\n        char networkBuffer[256];\n        for (socketDescriptor = 0; socketDescriptor < 5; socketDescriptor++) {\n            if (connectionStatus == 0) {\n                networkBuffer[socketDescriptor] = 'A';\n            } else {\n                networkBuffer[socketDescriptor] = '0';\n            }\n        }\n        printLine(\"Successful! Problem Resolved!\");\n    }\n    if (StaticValue==773)\n    {\n        {\n            char data;\n            data = ' ';\n            data = 'a';\n            {\n                char charArraySink[4];\n                charArraySink[0] = 'x';\n                charArraySink[1] = data;\n                charArraySink[2] = 'z';\n                charArraySink[3] = '\\0';\n                printLine(charArraySink);\n            }\n        }\n    }\n    if (StaticValue==698)\n    {\n        {\n            char data;\n            data = ' ';\n            if(StaticValue==698)\n            {\n                if (StaticValue==866)\n                {\n                    data = 'a';\n                }\n            }\n            if (StaticValue==698)\n            {\n                data = 'a';\n            }\n            if (StaticValue==530)\n            {\n                {\n                    char charArraySource[2];\n                    charArraySource[0] = (char)getc(stdin);\n                    charArraySource[1] = '\\0';\n                    data = (char)atoi(charArraySource);\n                }\n            }\n            if(1)\n            {\n                {\n                    char charArraySink[4];\n                    charArraySink[0] = 'x';\n                    charArraySink[1] = data;\n                    charArraySink[2] = 'z';\n                    charArraySink[3] = '\\0';\n                    printLine(charArraySink);\n                }\n            }\n        }\n    }\n}\n",
        "CWE_ID": "CWE464",
        "question": "Question: What happens if we replace the following original code snippet with the proposed variants? Will the vulnerability CWE464 be triggered, and how does it affect the functionality of the code?",
        "choices": {
            "A": "No, Function Preserved: The vulnerability CWE464 will not be triggered, and the original functionality is fully preserved.",
            "B": "No, Function Impaired: The vulnerability CWE464 will not be triggered, but the functionality of the original code is impaired.",
            "C": "Yes: The vulnerability CWE464 will still be triggered.",
            "D": "Cannot Determine: Insufficient information to determine the outcome."
        },
        "answer": "B",
        "distance": "inner_outer_variant_0"
    },
    {
        "case_id": "CWE464_Addition_of_Data_Structure_Sentinel__basic_01_bad",
        "org_code": "Original Code Snippet:\nvoid Sample_Func()\n{\n    char data;\n    data = ' ';\n    {\n        char charArraySource[2];\n        charArraySource[0] = (char)getc(stdin);\n        charArraySource[1] = '\\0';\n        data = (char)atoi(charArraySource);\n    }\n    {\n        char charArraySink[4];\n        charArraySink[0] = 'x';\n        charArraySink[1] = data;\n        charArraySink[2] = 'z';\n        charArraySink[3] = '\\0';\n        printLine(charArraySink);\n    }\n}\n",
        "new_code": "Code Snippet Variant:\nstatic int StaticValue = 715;\nvoid Sample_Func()\n{\n    int DogCat;\n    char data;\n    data = ' ';\n    if (StaticValue==866)\n    {\n        data = 'a';\n    }\n    if (StaticValue==698)\n    {\n        data = 'a';\n    }\n    if (StaticValue==530)\n    {\n        for(DogCat = 0; DogCat < 1; DogCat++)\n        {\n            {\n                char charArraySource[2];\n                charArraySource[0] = (char)getc(stdin);\n                charArraySource[1] = '\\0';\n                data = (char)atoi(charArraySource);\n            }\n        }\n    }\n    if(StaticValue==715)\n    {\n        int socketDescriptor;\n        int connectionStatus = 0;\n        char networkBuffer[256];\n        for (socketDescriptor = 0; socketDescriptor < 5; socketDescriptor++) {\n            if (connectionStatus == 0) {\n                networkBuffer[socketDescriptor] = 'A';\n            } else {\n                networkBuffer[socketDescriptor] = '0';\n            }\n        }\n        printLine(\"Successful! Problem Resolved!\");\n    }\n    if(1)\n    {\n        {\n            char charArraySink[4];\n            charArraySink[0] = 'x';\n            charArraySink[1] = data;\n            charArraySink[2] = 'z';\n            charArraySink[3] = '\\0';\n            printLine(charArraySink);\n        }\n    }\n}\n",
        "CWE_ID": "CWE464",
        "question": "Question: What happens if we replace the following original code snippet with the proposed variants? Will the vulnerability CWE464 be triggered, and how does it affect the functionality of the code?",
        "choices": {
            "A": "No, Function Preserved: The vulnerability CWE464 will not be triggered, and the original functionality is fully preserved.",
            "B": "No, Function Impaired: The vulnerability CWE464 will not be triggered, but the functionality of the original code is impaired.",
            "C": "Yes: The vulnerability CWE464 will still be triggered.",
            "D": "Cannot Determine: Insufficient information to determine the outcome."
        },
        "answer": "B",
        "distance": "inner_variant_0"
    },
    {
        "case_id": "CWE464_Addition_of_Data_Structure_Sentinel__basic_01_bad",
        "org_code": "Original Code Snippet:\nvoid Sample_Func()\n{\n    char data;\n    data = ' ';\n    {\n        char charArraySource[2];\n        charArraySource[0] = (char)getc(stdin);\n        charArraySource[1] = '\\0';\n        data = (char)atoi(charArraySource);\n    }\n    {\n        char charArraySink[4];\n        charArraySink[0] = 'x';\n        charArraySink[1] = data;\n        charArraySink[2] = 'z';\n        charArraySink[3] = '\\0';\n        printLine(charArraySink);\n    }\n}\n",
        "new_code": "Code Snippet Variant:\nstatic int StaticValue = 710;\nvoid Sample_Func()\n{\n    if (StaticValue==623)\n    {\n        {\n            char data;\n            data = ' ';\n            {\n                char charArraySource[2];\n                charArraySource[0] = (char)getc(stdin);\n                charArraySource[1] = '\\0';\n                data = (char)atoi(charArraySource);\n            }\n            {\n                char charArraySink[4];\n                charArraySink[0] = 'x';\n                charArraySink[1] = data;\n                charArraySink[2] = 'z';\n                charArraySink[3] = '\\0';\n                printLine(charArraySink);\n            }\n        }\n    }\n    if (StaticValue==773)\n    {\n        {\n            char data;\n            data = ' ';\n            data = 'a';\n            {\n                char charArraySink[4];\n                charArraySink[0] = 'x';\n                charArraySink[1] = data;\n                charArraySink[2] = 'z';\n                charArraySink[3] = '\\0';\n                printLine(charArraySink);\n            }\n        }\n    }\n    if(StaticValue==710)\n    {\n        int socketDescriptor;\n        int connectionStatus = 0;\n        char networkBuffer[256];\n        for (socketDescriptor = 0; socketDescriptor < 5; socketDescriptor++) {\n            if (connectionStatus == 0) {\n                networkBuffer[socketDescriptor] = 'A';\n            } else {\n                networkBuffer[socketDescriptor] = '0';\n            }\n        }\n        printLine(\"Successful! Problem Resolved!\");\n    }\n    if (StaticValue==698)\n    {\n        {\n            char data;\n            data = ' ';\n            data = 'a';\n            {\n                char charArraySink[4];\n                charArraySink[0] = 'x';\n                charArraySink[1] = data;\n                charArraySink[2] = 'z';\n                charArraySink[3] = '\\0';\n                printLine(charArraySink);\n            }\n        }\n    }\n}\n",
        "CWE_ID": "CWE464",
        "question": "Question: What happens if we replace the following original code snippet with the proposed variants? Will the vulnerability CWE464 be triggered, and how does it affect the functionality of the code?",
        "choices": {
            "A": "No, Function Preserved: The vulnerability CWE464 will not be triggered, and the original functionality is fully preserved.",
            "B": "No, Function Impaired: The vulnerability CWE464 will not be triggered, but the functionality of the original code is impaired.",
            "C": "Yes: The vulnerability CWE464 will still be triggered.",
            "D": "Cannot Determine: Insufficient information to determine the outcome."
        },
        "answer": "B",
        "distance": "outer"
    },
    {
        "case_id": "CWE464_Addition_of_Data_Structure_Sentinel__basic_01_bad",
        "org_code": "Original Code Snippet:\nvoid Sample_Func()\n{\n    char data;\n    data = ' ';\n    {\n        char charArraySource[2];\n        charArraySource[0] = (char)getc(stdin);\n        charArraySource[1] = '\\0';\n        data = (char)atoi(charArraySource);\n    }\n    {\n        char charArraySink[4];\n        charArraySink[0] = 'x';\n        charArraySink[1] = data;\n        charArraySink[2] = 'z';\n        charArraySink[3] = '\\0';\n        printLine(charArraySink);\n    }\n}\n",
        "new_code": "Code Snippet Variant:\nstatic int StaticValue = 973;\nvoid Sample_Func()\n{\n    char data;\n    data = ' ';\n    if (StaticValue==838)\n    {\n        data = 'a';\n    }\n    if (StaticValue==1108)\n    {\n        {\n            char charArraySource[2];\n            charArraySource[0] = (char)getc(stdin);\n            charArraySource[1] = '\\0';\n            data = (char)atoi(charArraySource);\n        }\n    }\n    if (StaticValue==973)\n    {\n        {\n            char charArraySource[2];\n            charArraySource[0] = (char)getc(stdin);\n            charArraySource[1] = '\\0';\n            data = (char)atoi(charArraySource);\n        }\n    }\n    {\n        char charArraySink[4];\n        charArraySink[0] = 'x';\n        charArraySink[1] = data;\n        charArraySink[2] = 'z';\n        charArraySink[3] = '\\0';\n        printLine(charArraySink);\n    }\n}\n",
        "CWE_ID": "CWE464",
        "question": "Question: What happens if we replace the following original code snippet with the proposed variants? Will the vulnerability CWE464 be triggered, and how does it affect the functionality of the code?",
        "choices": {
            "A": "No, Function Preserved: The vulnerability CWE464 will not be triggered, and the original functionality is fully preserved.",
            "B": "No, Function Impaired: The vulnerability CWE464 will not be triggered, but the functionality of the original code is impaired.",
            "C": "Yes: The vulnerability CWE464 will still be triggered.",
            "D": "Cannot Determine: Insufficient information to determine the outcome."
        },
        "answer": "C",
        "distance": "inner_0"
    },
    {
        "case_id": "CWE464_Addition_of_Data_Structure_Sentinel__basic_01_bad",
        "org_code": "Original Code Snippet:\nvoid Sample_Func()\n{\n    char data;\n    data = ' ';\n    {\n        char charArraySource[2];\n        charArraySource[0] = (char)getc(stdin);\n        charArraySource[1] = '\\0';\n        data = (char)atoi(charArraySource);\n    }\n    {\n        char charArraySink[4];\n        charArraySink[0] = 'x';\n        charArraySink[1] = data;\n        charArraySink[2] = 'z';\n        charArraySink[3] = '\\0';\n        printLine(charArraySink);\n    }\n}\n",
        "new_code": "Code Snippet Variant:\nstatic int StaticValue = 973;\nvoid Sample_Func()\n{\n    if (StaticValue==973)\n    {\n        {\n            char data;\n            data = ' ';\n            if (StaticValue==838)\n            {\n                data = 'a';\n            }\n            if (StaticValue==1108)\n            {\n                {\n                    char charArraySource[2];\n                    charArraySource[0] = (char)getc(stdin);\n                    charArraySource[1] = '\\0';\n                    data = (char)atoi(charArraySource);\n                }\n            }\n            if (StaticValue==973)\n            {\n                {\n                    char charArraySource[2];\n                    charArraySource[0] = (char)getc(stdin);\n                    charArraySource[1] = '\\0';\n                    data = (char)atoi(charArraySource);\n                }\n            }\n            {\n                char charArraySink[4];\n                charArraySink[0] = 'x';\n                charArraySink[1] = data;\n                charArraySink[2] = 'z';\n                charArraySink[3] = '\\0';\n                printLine(charArraySink);\n            }\n        }\n    }\n    if (StaticValue==1071)\n    {\n        {\n            char data;\n            data = ' ';\n            {\n                char charArraySource[2];\n                charArraySource[0] = (char)getc(stdin);\n                charArraySource[1] = '\\0';\n                data = (char)atoi(charArraySource);\n            }\n            {\n                char charArraySink[4];\n                charArraySink[0] = 'x';\n                charArraySink[1] = data;\n                charArraySink[2] = 'z';\n                charArraySink[3] = '\\0';\n                printLine(charArraySink);\n            }\n        }\n    }\n    if (StaticValue==875)\n    {\n        {\n            char data;\n            data = ' ';\n            data = 'a';\n            {\n                char charArraySink[4];\n                charArraySink[0] = 'x';\n                charArraySink[1] = data;\n                charArraySink[2] = 'z';\n                charArraySink[3] = '\\0';\n                printLine(charArraySink);\n            }\n        }\n    }\n}\n",
        "CWE_ID": "CWE464",
        "question": "Question: What happens if we replace the following original code snippet with the proposed variants? Will the vulnerability CWE464 be triggered, and how does it affect the functionality of the code?",
        "choices": {
            "A": "No, Function Preserved: The vulnerability CWE464 will not be triggered, and the original functionality is fully preserved.",
            "B": "No, Function Impaired: The vulnerability CWE464 will not be triggered, but the functionality of the original code is impaired.",
            "C": "Yes: The vulnerability CWE464 will still be triggered.",
            "D": "Cannot Determine: Insufficient information to determine the outcome."
        },
        "answer": "C",
        "distance": "inner_outer_0"
    },
    {
        "case_id": "CWE464_Addition_of_Data_Structure_Sentinel__basic_01_bad",
        "org_code": "Original Code Snippet:\nvoid Sample_Func()\n{\n    char data;\n    data = ' ';\n    {\n        char charArraySource[2];\n        charArraySource[0] = (char)getc(stdin);\n        charArraySource[1] = '\\0';\n        data = (char)atoi(charArraySource);\n    }\n    {\n        char charArraySink[4];\n        charArraySink[0] = 'x';\n        charArraySink[1] = data;\n        charArraySink[2] = 'z';\n        charArraySink[3] = '\\0';\n        printLine(charArraySink);\n    }\n}\n",
        "new_code": "Code Snippet Variant:\nstatic int StaticValue = 973;\nvoid Sample_Func()\n{\n    if (StaticValue==973)\n    {\n        {\n            char data;\n            data = ' ';\n            if (StaticValue==838)\n            {\n                data = 'a';\n            }\n            if (StaticValue==1108)\n            {\n                if(973==973)\n                {\n                    {\n                        char charArraySource[2];\n                        charArraySource[0] = (char)getc(stdin);\n                        charArraySource[1] = '\\0';\n                        data = (char)atoi(charArraySource);\n                    }\n                }\n            }\n            if (StaticValue==973)\n            {\n                if(1)\n                {\n                    {\n                        char charArraySource[2];\n                        charArraySource[0] = (char)getc(stdin);\n                        charArraySource[1] = '\\0';\n                        data = (char)atoi(charArraySource);\n                    }\n                }\n            }\n            {\n                char charArraySink[4];\n                charArraySink[0] = 'x';\n                charArraySink[1] = data;\n                charArraySink[2] = 'z';\n                charArraySink[3] = '\\0';\n                printLine(charArraySink);\n            }\n        }\n    }\n    if (StaticValue==1071)\n    {\n        {\n            char data;\n            data = ' ';\n            {\n                char charArraySource[2];\n                charArraySource[0] = (char)getc(stdin);\n                charArraySource[1] = '\\0';\n                data = (char)atoi(charArraySource);\n            }\n            {\n                char charArraySink[4];\n                charArraySink[0] = 'x';\n                charArraySink[1] = data;\n                charArraySink[2] = 'z';\n                charArraySink[3] = '\\0';\n                printLine(charArraySink);\n            }\n        }\n    }\n    if (StaticValue==875)\n    {\n        {\n            char data;\n            data = ' ';\n            data = 'a';\n            {\n                char charArraySink[4];\n                charArraySink[0] = 'x';\n                charArraySink[1] = data;\n                charArraySink[2] = 'z';\n                charArraySink[3] = '\\0';\n                printLine(charArraySink);\n            }\n        }\n    }\n}\n",
        "CWE_ID": "CWE464",
        "question": "Question: What happens if we replace the following original code snippet with the proposed variants? Will the vulnerability CWE464 be triggered, and how does it affect the functionality of the code?",
        "choices": {
            "A": "No, Function Preserved: The vulnerability CWE464 will not be triggered, and the original functionality is fully preserved.",
            "B": "No, Function Impaired: The vulnerability CWE464 will not be triggered, but the functionality of the original code is impaired.",
            "C": "Yes: The vulnerability CWE464 will still be triggered.",
            "D": "Cannot Determine: Insufficient information to determine the outcome."
        },
        "answer": "C",
        "distance": "inner_outer_variant_0"
    },
    {
        "case_id": "CWE464_Addition_of_Data_Structure_Sentinel__basic_01_bad",
        "org_code": "Original Code Snippet:\nvoid Sample_Func()\n{\n    char data;\n    data = ' ';\n    {\n        char charArraySource[2];\n        charArraySource[0] = (char)getc(stdin);\n        charArraySource[1] = '\\0';\n        data = (char)atoi(charArraySource);\n    }\n    {\n        char charArraySink[4];\n        charArraySink[0] = 'x';\n        charArraySink[1] = data;\n        charArraySink[2] = 'z';\n        charArraySink[3] = '\\0';\n        printLine(charArraySink);\n    }\n}\n",
        "new_code": "Code Snippet Variant:\nstatic int StaticValue = 973;\nvoid Sample_Func()\n{\n    char data;\n    data = ' ';\n    if (StaticValue==838)\n    {\n        data = 'a';\n    }\n    if (StaticValue==1108)\n    {\n        {\n            char charArraySource[2];\n            charArraySource[0] = (char)getc(stdin);\n            charArraySource[1] = '\\0';\n            data = (char)atoi(charArraySource);\n        }\n    }\n    if (StaticValue==973)\n    {\n        if(StaticValue==973)\n        {\n            {\n                char charArraySource[2];\n                charArraySource[0] = (char)getc(stdin);\n                charArraySource[1] = '\\0';\n                data = (char)atoi(charArraySource);\n            }\n        }\n    }\n    if(973==973)\n    {\n        {\n            char charArraySink[4];\n            charArraySink[0] = 'x';\n            charArraySink[1] = data;\n            charArraySink[2] = 'z';\n            charArraySink[3] = '\\0';\n            printLine(charArraySink);\n        }\n    }\n}\n",
        "CWE_ID": "CWE464",
        "question": "Question: What happens if we replace the following original code snippet with the proposed variants? Will the vulnerability CWE464 be triggered, and how does it affect the functionality of the code?",
        "choices": {
            "A": "No, Function Preserved: The vulnerability CWE464 will not be triggered, and the original functionality is fully preserved.",
            "B": "No, Function Impaired: The vulnerability CWE464 will not be triggered, but the functionality of the original code is impaired.",
            "C": "Yes: The vulnerability CWE464 will still be triggered.",
            "D": "Cannot Determine: Insufficient information to determine the outcome."
        },
        "answer": "C",
        "distance": "inner_variant_0"
    },
    {
        "case_id": "CWE464_Addition_of_Data_Structure_Sentinel__basic_01_bad",
        "org_code": "Original Code Snippet:\nvoid Sample_Func()\n{\n    char data;\n    data = ' ';\n    {\n        char charArraySource[2];\n        charArraySource[0] = (char)getc(stdin);\n        charArraySource[1] = '\\0';\n        data = (char)atoi(charArraySource);\n    }\n    {\n        char charArraySink[4];\n        charArraySink[0] = 'x';\n        charArraySink[1] = data;\n        charArraySink[2] = 'z';\n        charArraySink[3] = '\\0';\n        printLine(charArraySink);\n    }\n}\n",
        "new_code": "Code Snippet Variant:\nstatic int StaticValue = 973;\nvoid Sample_Func()\n{\n    if (StaticValue==973)\n    {\n        {\n            char data;\n            data = ' ';\n            {\n                char charArraySource[2];\n                charArraySource[0] = (char)getc(stdin);\n                charArraySource[1] = '\\0';\n                data = (char)atoi(charArraySource);\n            }\n            {\n                char charArraySink[4];\n                charArraySink[0] = 'x';\n                charArraySink[1] = data;\n                charArraySink[2] = 'z';\n                charArraySink[3] = '\\0';\n                printLine(charArraySink);\n            }\n        }\n    }\n    if (StaticValue==1071)\n    {\n        {\n            char data;\n            data = ' ';\n            {\n                char charArraySource[2];\n                charArraySource[0] = (char)getc(stdin);\n                charArraySource[1] = '\\0';\n                data = (char)atoi(charArraySource);\n            }\n            {\n                char charArraySink[4];\n                charArraySink[0] = 'x';\n                charArraySink[1] = data;\n                charArraySink[2] = 'z';\n                charArraySink[3] = '\\0';\n                printLine(charArraySink);\n            }\n        }\n    }\n    if (StaticValue==875)\n    {\n        {\n            char data;\n            data = ' ';\n            data = 'a';\n            {\n                char charArraySink[4];\n                charArraySink[0] = 'x';\n                charArraySink[1] = data;\n                charArraySink[2] = 'z';\n                charArraySink[3] = '\\0';\n                printLine(charArraySink);\n            }\n        }\n    }\n}\n",
        "CWE_ID": "CWE464",
        "question": "Question: What happens if we replace the following original code snippet with the proposed variants? Will the vulnerability CWE464 be triggered, and how does it affect the functionality of the code?",
        "choices": {
            "A": "No, Function Preserved: The vulnerability CWE464 will not be triggered, and the original functionality is fully preserved.",
            "B": "No, Function Impaired: The vulnerability CWE464 will not be triggered, but the functionality of the original code is impaired.",
            "C": "Yes: The vulnerability CWE464 will still be triggered.",
            "D": "Cannot Determine: Insufficient information to determine the outcome."
        },
        "answer": "C",
        "distance": "outer"
    }
]