[
    {
        "case_id": "CWE404_Improper_Resource_Shutdown__w32CreateFile_close_01_bad",
        "org_code": "Original Code Snippet:\nvoid Sample_Func()\n{\n    HANDLE data;\n    data = INVALID_HANDLE_VALUE;\n    data = CreateFile(\"DogSource_w32CreateFile.txt\",\n                      (GENERIC_WRITE|GENERIC_READ),\n                      0,\n                      NULL,\n                      OPEN_ALWAYS,\n                      FILE_ATTRIBUTE_NORMAL,\n                      NULL);\n    if (data != INVALID_HANDLE_VALUE)\n    {\n        _close((int)data);\n    }\n}\n",
        "new_code": "Code Snippet Variant:\nstatic int StaticValue = 361;\nvoid Sample_Func()\n{\n    HANDLE data;\n    data = INVALID_HANDLE_VALUE;\n    data = CreateFile(\"DogSource_w32CreateFile.txt\",\n                      (GENERIC_WRITE|GENERIC_READ),\n                      0,\n                      NULL,\n                      OPEN_ALWAYS,\n                      FILE_ATTRIBUTE_NORMAL,\n                      NULL);\n    if (data != INVALID_HANDLE_VALUE)\n    {\n        if (StaticValue==187)\n        {\n            _close((int)data);\n        }\n        if (StaticValue==535)\n        {\n            CloseHandle(data);\n        }\n        if (StaticValue==361)\n        {\n            CloseHandle(data);\n        }\n    }\n}\n",
        "CWE_ID": "CWE404",
        "question": "Question: What happens if we replace the following original code snippet with the proposed variants? Will the vulnerability CWE404 be triggered, and how does it affect the functionality of the code?",
        "choices": {
            "A": "No, Function Preserved: The vulnerability CWE404 will not be triggered, and the original functionality is fully preserved.",
            "B": "No, Function Impaired: The vulnerability CWE404 will not be triggered, but the functionality of the original code is impaired.",
            "C": "Yes: The vulnerability CWE404 will still be triggered.",
            "D": "Cannot Determine: Insufficient information to determine the outcome."
        },
        "answer": "A",
        "distance": "inner_0"
    },
    {
        "case_id": "CWE404_Improper_Resource_Shutdown__w32CreateFile_close_01_bad",
        "org_code": "Original Code Snippet:\nvoid Sample_Func()\n{\n    HANDLE data;\n    data = INVALID_HANDLE_VALUE;\n    data = CreateFile(\"DogSource_w32CreateFile.txt\",\n                      (GENERIC_WRITE|GENERIC_READ),\n                      0,\n                      NULL,\n                      OPEN_ALWAYS,\n                      FILE_ATTRIBUTE_NORMAL,\n                      NULL);\n    if (data != INVALID_HANDLE_VALUE)\n    {\n        _close((int)data);\n    }\n}\n",
        "new_code": "Code Snippet Variant:\nstatic int StaticValue = 361;\nvoid Sample_Func()\n{\n    if (StaticValue==334)\n    {\n        {\n            HANDLE data;\n            data = INVALID_HANDLE_VALUE;\n            data = CreateFile(\"DogSource_w32CreateFile.txt\",\n                              (GENERIC_WRITE|GENERIC_READ),\n                              0,\n                              NULL,\n                              OPEN_ALWAYS,\n                              FILE_ATTRIBUTE_NORMAL,\n                              NULL);\n            if (data != INVALID_HANDLE_VALUE)\n            {\n                _close((int)data);\n            }\n        }\n    }\n    if (StaticValue==388)\n    {\n        {\n            HANDLE data;\n            data = INVALID_HANDLE_VALUE;\n            data = CreateFile(\"DogSource_w32CreateFile.txt\",\n                              (GENERIC_WRITE|GENERIC_READ),\n                              0,\n                              NULL,\n                              OPEN_ALWAYS,\n                              FILE_ATTRIBUTE_NORMAL,\n                              NULL);\n            if (data != INVALID_HANDLE_VALUE)\n            {\n                CloseHandle(data);\n            }\n        }\n    }\n    if (StaticValue==361)\n    {\n        {\n            HANDLE data;\n            data = INVALID_HANDLE_VALUE;\n            data = CreateFile(\"DogSource_w32CreateFile.txt\",\n                              (GENERIC_WRITE|GENERIC_READ),\n                              0,\n                              NULL,\n                              OPEN_ALWAYS,\n                              FILE_ATTRIBUTE_NORMAL,\n                              NULL);\n            if (data != INVALID_HANDLE_VALUE)\n            {\n                if (StaticValue==187)\n                {\n                    _close((int)data);\n                }\n                if (StaticValue==535)\n                {\n                    CloseHandle(data);\n                }\n                if (StaticValue==361)\n                {\n                    CloseHandle(data);\n                }\n            }\n        }\n    }\n}\n",
        "CWE_ID": "CWE404",
        "question": "Question: What happens if we replace the following original code snippet with the proposed variants? Will the vulnerability CWE404 be triggered, and how does it affect the functionality of the code?",
        "choices": {
            "A": "No, Function Preserved: The vulnerability CWE404 will not be triggered, and the original functionality is fully preserved.",
            "B": "No, Function Impaired: The vulnerability CWE404 will not be triggered, but the functionality of the original code is impaired.",
            "C": "Yes: The vulnerability CWE404 will still be triggered.",
            "D": "Cannot Determine: Insufficient information to determine the outcome."
        },
        "answer": "A",
        "distance": "inner_outer_0"
    },
    {
        "case_id": "CWE404_Improper_Resource_Shutdown__w32CreateFile_close_01_bad",
        "org_code": "Original Code Snippet:\nvoid Sample_Func()\n{\n    HANDLE data;\n    data = INVALID_HANDLE_VALUE;\n    data = CreateFile(\"DogSource_w32CreateFile.txt\",\n                      (GENERIC_WRITE|GENERIC_READ),\n                      0,\n                      NULL,\n                      OPEN_ALWAYS,\n                      FILE_ATTRIBUTE_NORMAL,\n                      NULL);\n    if (data != INVALID_HANDLE_VALUE)\n    {\n        _close((int)data);\n    }\n}\n",
        "new_code": "Code Snippet Variant:\nstatic int StaticValue = 361;\nvoid Sample_Func()\n{\n    if (StaticValue==334)\n    {\n        {\n            HANDLE data;\n            data = INVALID_HANDLE_VALUE;\n            data = CreateFile(\"DogSource_w32CreateFile.txt\",\n                              (GENERIC_WRITE|GENERIC_READ),\n                              0,\n                              NULL,\n                              OPEN_ALWAYS,\n                              FILE_ATTRIBUTE_NORMAL,\n                              NULL);\n            if (data != INVALID_HANDLE_VALUE)\n            {\n                _close((int)data);\n            }\n        }\n    }\n    if (StaticValue==388)\n    {\n        {\n            HANDLE data;\n            data = INVALID_HANDLE_VALUE;\n            data = CreateFile(\"DogSource_w32CreateFile.txt\",\n                              (GENERIC_WRITE|GENERIC_READ),\n                              0,\n                              NULL,\n                              OPEN_ALWAYS,\n                              FILE_ATTRIBUTE_NORMAL,\n                              NULL);\n            if (data != INVALID_HANDLE_VALUE)\n            {\n                CloseHandle(data);\n            }\n        }\n    }\n    if (StaticValue==361)\n    {\n        int DogCat;\n        {\n            HANDLE data;\n            data = INVALID_HANDLE_VALUE;\n            data = CreateFile(\"DogSource_w32CreateFile.txt\",\n                              (GENERIC_WRITE|GENERIC_READ),\n                              0,\n                              NULL,\n                              OPEN_ALWAYS,\n                              FILE_ATTRIBUTE_NORMAL,\n                              NULL);\n            if (data != INVALID_HANDLE_VALUE)\n            {\n                for(DogCat = 0; DogCat < 1; DogCat++)\n                {\n                    if (StaticValue==187)\n                    {\n                        _close((int)data);\n                    }\n                }\n                if (StaticValue==535)\n                {\n                    CloseHandle(data);\n                }\n                if(361==361)\n                {\n                    if (StaticValue==361)\n                    {\n                        CloseHandle(data);\n                    }\n                }\n            }\n        }\n    }\n}\n",
        "CWE_ID": "CWE404",
        "question": "Question: What happens if we replace the following original code snippet with the proposed variants? Will the vulnerability CWE404 be triggered, and how does it affect the functionality of the code?",
        "choices": {
            "A": "No, Function Preserved: The vulnerability CWE404 will not be triggered, and the original functionality is fully preserved.",
            "B": "No, Function Impaired: The vulnerability CWE404 will not be triggered, but the functionality of the original code is impaired.",
            "C": "Yes: The vulnerability CWE404 will still be triggered.",
            "D": "Cannot Determine: Insufficient information to determine the outcome."
        },
        "answer": "A",
        "distance": "inner_outer_variant_0"
    },
    {
        "case_id": "CWE404_Improper_Resource_Shutdown__w32CreateFile_close_01_bad",
        "org_code": "Original Code Snippet:\nvoid Sample_Func()\n{\n    HANDLE data;\n    data = INVALID_HANDLE_VALUE;\n    data = CreateFile(\"DogSource_w32CreateFile.txt\",\n                      (GENERIC_WRITE|GENERIC_READ),\n                      0,\n                      NULL,\n                      OPEN_ALWAYS,\n                      FILE_ATTRIBUTE_NORMAL,\n                      NULL);\n    if (data != INVALID_HANDLE_VALUE)\n    {\n        _close((int)data);\n    }\n}\n",
        "new_code": "Code Snippet Variant:\nstatic int StaticValue = 361;\nvoid Sample_Func()\n{\n    if (StaticValue==334)\n    {\n        {\n            HANDLE data;\n            data = INVALID_HANDLE_VALUE;\n            data = CreateFile(\"DogSource_w32CreateFile.txt\",\n                              (GENERIC_WRITE|GENERIC_READ),\n                              0,\n                              NULL,\n                              OPEN_ALWAYS,\n                              FILE_ATTRIBUTE_NORMAL,\n                              NULL);\n            if (data != INVALID_HANDLE_VALUE)\n            {\n                _close((int)data);\n            }\n        }\n    }\n    if (StaticValue==388)\n    {\n        {\n            HANDLE data;\n            data = INVALID_HANDLE_VALUE;\n            data = CreateFile(\"DogSource_w32CreateFile.txt\",\n                              (GENERIC_WRITE|GENERIC_READ),\n                              0,\n                              NULL,\n                              OPEN_ALWAYS,\n                              FILE_ATTRIBUTE_NORMAL,\n                              NULL);\n            if (data != INVALID_HANDLE_VALUE)\n            {\n                CloseHandle(data);\n            }\n        }\n    }\n    if (StaticValue==361)\n    {\n        {\n            HANDLE data;\n            data = INVALID_HANDLE_VALUE;\n            data = CreateFile(\"DogSource_w32CreateFile.txt\",\n                              (GENERIC_WRITE|GENERIC_READ),\n                              0,\n                              NULL,\n                              OPEN_ALWAYS,\n                              FILE_ATTRIBUTE_NORMAL,\n                              NULL);\n            if (data != INVALID_HANDLE_VALUE)\n            {\n                CloseHandle(data);\n            }\n        }\n    }\n}\n",
        "CWE_ID": "CWE404",
        "question": "Question: What happens if we replace the following original code snippet with the proposed variants? Will the vulnerability CWE404 be triggered, and how does it affect the functionality of the code?",
        "choices": {
            "A": "No, Function Preserved: The vulnerability CWE404 will not be triggered, and the original functionality is fully preserved.",
            "B": "No, Function Impaired: The vulnerability CWE404 will not be triggered, but the functionality of the original code is impaired.",
            "C": "Yes: The vulnerability CWE404 will still be triggered.",
            "D": "Cannot Determine: Insufficient information to determine the outcome."
        },
        "answer": "A",
        "distance": "outer"
    },
    {
        "case_id": "CWE404_Improper_Resource_Shutdown__w32CreateFile_close_01_bad",
        "org_code": "Original Code Snippet:\nvoid Sample_Func()\n{\n    HANDLE data;\n    data = INVALID_HANDLE_VALUE;\n    data = CreateFile(\"DogSource_w32CreateFile.txt\",\n                      (GENERIC_WRITE|GENERIC_READ),\n                      0,\n                      NULL,\n                      OPEN_ALWAYS,\n                      FILE_ATTRIBUTE_NORMAL,\n                      NULL);\n    if (data != INVALID_HANDLE_VALUE)\n    {\n        _close((int)data);\n    }\n}\n",
        "new_code": "Code Snippet Variant:\nstatic int StaticValue = 379;\nvoid Sample_Func()\n{\n    if (StaticValue==334)\n    {\n        {\n            HANDLE data;\n            data = INVALID_HANDLE_VALUE;\n            data = CreateFile(\"DogSource_w32CreateFile.txt\",\n                              (GENERIC_WRITE|GENERIC_READ),\n                              0,\n                              NULL,\n                              OPEN_ALWAYS,\n                              FILE_ATTRIBUTE_NORMAL,\n                              NULL);\n            if (data != INVALID_HANDLE_VALUE)\n            {\n                _close((int)data);\n            }\n        }\n    }\n    if (StaticValue==388)\n    {\n        {\n            HANDLE data;\n            data = INVALID_HANDLE_VALUE;\n            data = CreateFile(\"DogSource_w32CreateFile.txt\",\n                              (GENERIC_WRITE|GENERIC_READ),\n                              0,\n                              NULL,\n                              OPEN_ALWAYS,\n                              FILE_ATTRIBUTE_NORMAL,\n                              NULL);\n            if (data != INVALID_HANDLE_VALUE)\n            {\n                CloseHandle(data);\n            }\n        }\n    }\n    if(StaticValue==379)\n    {\n        int socketDescriptor;\n        int connectionStatus = 0;\n        char networkBuffer[256];\n        for (socketDescriptor = 0; socketDescriptor < 5; socketDescriptor++) {\n            if (connectionStatus == 0) {\n                networkBuffer[socketDescriptor] = 'A';\n            } else {\n                networkBuffer[socketDescriptor] = '0';\n            }\n        }\n        printLine(\"Successful! Problem Resolved!\");\n    }\n    if (StaticValue==361)\n    {\n        {\n            HANDLE data;\n            data = INVALID_HANDLE_VALUE;\n            data = CreateFile(\"DogSource_w32CreateFile.txt\",\n                              (GENERIC_WRITE|GENERIC_READ),\n                              0,\n                              NULL,\n                              OPEN_ALWAYS,\n                              FILE_ATTRIBUTE_NORMAL,\n                              NULL);\n            if (data != INVALID_HANDLE_VALUE)\n            {\n                if (StaticValue==187)\n                {\n                    _close((int)data);\n                }\n                if (StaticValue==535)\n                {\n                    CloseHandle(data);\n                }\n                if (StaticValue==361)\n                {\n                    CloseHandle(data);\n                }\n            }\n        }\n    }\n}\n",
        "CWE_ID": "CWE404",
        "question": "Question: What happens if we replace the following original code snippet with the proposed variants? Will the vulnerability CWE404 be triggered, and how does it affect the functionality of the code?",
        "choices": {
            "A": "No, Function Preserved: The vulnerability CWE404 will not be triggered, and the original functionality is fully preserved.",
            "B": "No, Function Impaired: The vulnerability CWE404 will not be triggered, but the functionality of the original code is impaired.",
            "C": "Yes: The vulnerability CWE404 will still be triggered.",
            "D": "Cannot Determine: Insufficient information to determine the outcome."
        },
        "answer": "B",
        "distance": "inner_outer_0"
    },
    {
        "case_id": "CWE404_Improper_Resource_Shutdown__w32CreateFile_close_01_bad",
        "org_code": "Original Code Snippet:\nvoid Sample_Func()\n{\n    HANDLE data;\n    data = INVALID_HANDLE_VALUE;\n    data = CreateFile(\"DogSource_w32CreateFile.txt\",\n                      (GENERIC_WRITE|GENERIC_READ),\n                      0,\n                      NULL,\n                      OPEN_ALWAYS,\n                      FILE_ATTRIBUTE_NORMAL,\n                      NULL);\n    if (data != INVALID_HANDLE_VALUE)\n    {\n        _close((int)data);\n    }\n}\n",
        "new_code": "Code Snippet Variant:\nstatic int StaticValue = 375;\nvoid Sample_Func()\n{\n    if (StaticValue==334)\n    {\n        {\n            HANDLE data;\n            data = INVALID_HANDLE_VALUE;\n            data = CreateFile(\"DogSource_w32CreateFile.txt\",\n                              (GENERIC_WRITE|GENERIC_READ),\n                              0,\n                              NULL,\n                              OPEN_ALWAYS,\n                              FILE_ATTRIBUTE_NORMAL,\n                              NULL);\n            if (data != INVALID_HANDLE_VALUE)\n            {\n                _close((int)data);\n            }\n        }\n    }\n    if (StaticValue==388)\n    {\n        {\n            HANDLE data;\n            data = INVALID_HANDLE_VALUE;\n            data = CreateFile(\"DogSource_w32CreateFile.txt\",\n                              (GENERIC_WRITE|GENERIC_READ),\n                              0,\n                              NULL,\n                              OPEN_ALWAYS,\n                              FILE_ATTRIBUTE_NORMAL,\n                              NULL);\n            if (data != INVALID_HANDLE_VALUE)\n            {\n                CloseHandle(data);\n            }\n        }\n    }\n    if(StaticValue==375)\n    {\n        int socketDescriptor;\n        int connectionStatus = 0;\n        char networkBuffer[256];\n        for (socketDescriptor = 0; socketDescriptor < 5; socketDescriptor++) {\n            if (connectionStatus == 0) {\n                networkBuffer[socketDescriptor] = 'A';\n            } else {\n                networkBuffer[socketDescriptor] = '0';\n            }\n        }\n        printLine(\"Successful! Problem Resolved!\");\n    }\n    if (StaticValue==361)\n    {\n        int DogCat;\n        {\n            HANDLE data;\n            data = INVALID_HANDLE_VALUE;\n            data = CreateFile(\"DogSource_w32CreateFile.txt\",\n                              (GENERIC_WRITE|GENERIC_READ),\n                              0,\n                              NULL,\n                              OPEN_ALWAYS,\n                              FILE_ATTRIBUTE_NORMAL,\n                              NULL);\n            if (data != INVALID_HANDLE_VALUE)\n            {\n                for(DogCat = 0; DogCat < 1; DogCat++)\n                {\n                    if (StaticValue==187)\n                    {\n                        _close((int)data);\n                    }\n                }\n                if (StaticValue==535)\n                {\n                    CloseHandle(data);\n                }\n                if(361==361)\n                {\n                    if (StaticValue==361)\n                    {\n                        CloseHandle(data);\n                    }\n                }\n            }\n        }\n    }\n}\n",
        "CWE_ID": "CWE404",
        "question": "Question: What happens if we replace the following original code snippet with the proposed variants? Will the vulnerability CWE404 be triggered, and how does it affect the functionality of the code?",
        "choices": {
            "A": "No, Function Preserved: The vulnerability CWE404 will not be triggered, and the original functionality is fully preserved.",
            "B": "No, Function Impaired: The vulnerability CWE404 will not be triggered, but the functionality of the original code is impaired.",
            "C": "Yes: The vulnerability CWE404 will still be triggered.",
            "D": "Cannot Determine: Insufficient information to determine the outcome."
        },
        "answer": "B",
        "distance": "inner_outer_variant_0"
    },
    {
        "case_id": "CWE404_Improper_Resource_Shutdown__w32CreateFile_close_01_bad",
        "org_code": "Original Code Snippet:\nvoid Sample_Func()\n{\n    HANDLE data;\n    data = INVALID_HANDLE_VALUE;\n    data = CreateFile(\"DogSource_w32CreateFile.txt\",\n                      (GENERIC_WRITE|GENERIC_READ),\n                      0,\n                      NULL,\n                      OPEN_ALWAYS,\n                      FILE_ATTRIBUTE_NORMAL,\n                      NULL);\n    if (data != INVALID_HANDLE_VALUE)\n    {\n        _close((int)data);\n    }\n}\n",
        "new_code": "Code Snippet Variant:\nstatic int StaticValue = 377;\nvoid Sample_Func()\n{\n    if (StaticValue==334)\n    {\n        {\n            HANDLE data;\n            data = INVALID_HANDLE_VALUE;\n            data = CreateFile(\"DogSource_w32CreateFile.txt\",\n                              (GENERIC_WRITE|GENERIC_READ),\n                              0,\n                              NULL,\n                              OPEN_ALWAYS,\n                              FILE_ATTRIBUTE_NORMAL,\n                              NULL);\n            if (data != INVALID_HANDLE_VALUE)\n            {\n                _close((int)data);\n            }\n        }\n    }\n    if(StaticValue==377)\n    {\n        int socketDescriptor;\n        int connectionStatus = 0;\n        char networkBuffer[256];\n        for (socketDescriptor = 0; socketDescriptor < 5; socketDescriptor++) {\n            if (connectionStatus == 0) {\n                networkBuffer[socketDescriptor] = 'A';\n            } else {\n                networkBuffer[socketDescriptor] = '0';\n            }\n        }\n        printLine(\"Successful! Problem Resolved!\");\n    }\n    if (StaticValue==388)\n    {\n        {\n            HANDLE data;\n            data = INVALID_HANDLE_VALUE;\n            data = CreateFile(\"DogSource_w32CreateFile.txt\",\n                              (GENERIC_WRITE|GENERIC_READ),\n                              0,\n                              NULL,\n                              OPEN_ALWAYS,\n                              FILE_ATTRIBUTE_NORMAL,\n                              NULL);\n            if (data != INVALID_HANDLE_VALUE)\n            {\n                CloseHandle(data);\n            }\n        }\n    }\n    if (StaticValue==361)\n    {\n        {\n            HANDLE data;\n            data = INVALID_HANDLE_VALUE;\n            data = CreateFile(\"DogSource_w32CreateFile.txt\",\n                              (GENERIC_WRITE|GENERIC_READ),\n                              0,\n                              NULL,\n                              OPEN_ALWAYS,\n                              FILE_ATTRIBUTE_NORMAL,\n                              NULL);\n            if (data != INVALID_HANDLE_VALUE)\n            {\n                CloseHandle(data);\n            }\n        }\n    }\n}\n",
        "CWE_ID": "CWE404",
        "question": "Question: What happens if we replace the following original code snippet with the proposed variants? Will the vulnerability CWE404 be triggered, and how does it affect the functionality of the code?",
        "choices": {
            "A": "No, Function Preserved: The vulnerability CWE404 will not be triggered, and the original functionality is fully preserved.",
            "B": "No, Function Impaired: The vulnerability CWE404 will not be triggered, but the functionality of the original code is impaired.",
            "C": "Yes: The vulnerability CWE404 will still be triggered.",
            "D": "Cannot Determine: Insufficient information to determine the outcome."
        },
        "answer": "B",
        "distance": "outer"
    },
    {
        "case_id": "CWE404_Improper_Resource_Shutdown__w32CreateFile_close_01_bad",
        "org_code": "Original Code Snippet:\nvoid Sample_Func()\n{\n    HANDLE data;\n    data = INVALID_HANDLE_VALUE;\n    data = CreateFile(\"DogSource_w32CreateFile.txt\",\n                      (GENERIC_WRITE|GENERIC_READ),\n                      0,\n                      NULL,\n                      OPEN_ALWAYS,\n                      FILE_ATTRIBUTE_NORMAL,\n                      NULL);\n    if (data != INVALID_HANDLE_VALUE)\n    {\n        _close((int)data);\n    }\n}\n",
        "new_code": "Code Snippet Variant:\nstatic int StaticValue = 384;\nvoid Sample_Func()\n{\n    HANDLE data;\n    data = INVALID_HANDLE_VALUE;\n    data = CreateFile(\"DogSource_w32CreateFile.txt\",\n                      (GENERIC_WRITE|GENERIC_READ),\n                      0,\n                      NULL,\n                      OPEN_ALWAYS,\n                      FILE_ATTRIBUTE_NORMAL,\n                      NULL);\n    if (data != INVALID_HANDLE_VALUE)\n    {\n        if (StaticValue==488)\n        {\n            _close((int)data);\n        }\n        if (StaticValue==384)\n        {\n            _close((int)data);\n        }\n        if (StaticValue==280)\n        {\n            CloseHandle(data);\n        }\n    }\n}\n",
        "CWE_ID": "CWE404",
        "question": "Question: What happens if we replace the following original code snippet with the proposed variants? Will the vulnerability CWE404 be triggered, and how does it affect the functionality of the code?",
        "choices": {
            "A": "No, Function Preserved: The vulnerability CWE404 will not be triggered, and the original functionality is fully preserved.",
            "B": "No, Function Impaired: The vulnerability CWE404 will not be triggered, but the functionality of the original code is impaired.",
            "C": "Yes: The vulnerability CWE404 will still be triggered.",
            "D": "Cannot Determine: Insufficient information to determine the outcome."
        },
        "answer": "C",
        "distance": "inner_0"
    },
    {
        "case_id": "CWE404_Improper_Resource_Shutdown__w32CreateFile_close_01_bad",
        "org_code": "Original Code Snippet:\nvoid Sample_Func()\n{\n    HANDLE data;\n    data = INVALID_HANDLE_VALUE;\n    data = CreateFile(\"DogSource_w32CreateFile.txt\",\n                      (GENERIC_WRITE|GENERIC_READ),\n                      0,\n                      NULL,\n                      OPEN_ALWAYS,\n                      FILE_ATTRIBUTE_NORMAL,\n                      NULL);\n    if (data != INVALID_HANDLE_VALUE)\n    {\n        _close((int)data);\n    }\n}\n",
        "new_code": "Code Snippet Variant:\nstatic int StaticValue = 384;\nvoid Sample_Func()\n{\n    if (StaticValue==384)\n    {\n        {\n            HANDLE data;\n            data = INVALID_HANDLE_VALUE;\n            data = CreateFile(\"DogSource_w32CreateFile.txt\",\n                              (GENERIC_WRITE|GENERIC_READ),\n                              0,\n                              NULL,\n                              OPEN_ALWAYS,\n                              FILE_ATTRIBUTE_NORMAL,\n                              NULL);\n            if (data != INVALID_HANDLE_VALUE)\n            {\n                if (StaticValue==488)\n                {\n                    _close((int)data);\n                }\n                if (StaticValue==384)\n                {\n                    _close((int)data);\n                }\n                if (StaticValue==280)\n                {\n                    CloseHandle(data);\n                }\n            }\n        }\n    }\n    if (StaticValue==427)\n    {\n        {\n            HANDLE data;\n            data = INVALID_HANDLE_VALUE;\n            data = CreateFile(\"DogSource_w32CreateFile.txt\",\n                              (GENERIC_WRITE|GENERIC_READ),\n                              0,\n                              NULL,\n                              OPEN_ALWAYS,\n                              FILE_ATTRIBUTE_NORMAL,\n                              NULL);\n            if (data != INVALID_HANDLE_VALUE)\n            {\n                _close((int)data);\n            }\n        }\n    }\n    if (StaticValue==341)\n    {\n        {\n            HANDLE data;\n            data = INVALID_HANDLE_VALUE;\n            data = CreateFile(\"DogSource_w32CreateFile.txt\",\n                              (GENERIC_WRITE|GENERIC_READ),\n                              0,\n                              NULL,\n                              OPEN_ALWAYS,\n                              FILE_ATTRIBUTE_NORMAL,\n                              NULL);\n            if (data != INVALID_HANDLE_VALUE)\n            {\n                CloseHandle(data);\n            }\n        }\n    }\n}\n",
        "CWE_ID": "CWE404",
        "question": "Question: What happens if we replace the following original code snippet with the proposed variants? Will the vulnerability CWE404 be triggered, and how does it affect the functionality of the code?",
        "choices": {
            "A": "No, Function Preserved: The vulnerability CWE404 will not be triggered, and the original functionality is fully preserved.",
            "B": "No, Function Impaired: The vulnerability CWE404 will not be triggered, but the functionality of the original code is impaired.",
            "C": "Yes: The vulnerability CWE404 will still be triggered.",
            "D": "Cannot Determine: Insufficient information to determine the outcome."
        },
        "answer": "C",
        "distance": "inner_outer_0"
    },
    {
        "case_id": "CWE404_Improper_Resource_Shutdown__w32CreateFile_close_01_bad",
        "org_code": "Original Code Snippet:\nvoid Sample_Func()\n{\n    HANDLE data;\n    data = INVALID_HANDLE_VALUE;\n    data = CreateFile(\"DogSource_w32CreateFile.txt\",\n                      (GENERIC_WRITE|GENERIC_READ),\n                      0,\n                      NULL,\n                      OPEN_ALWAYS,\n                      FILE_ATTRIBUTE_NORMAL,\n                      NULL);\n    if (data != INVALID_HANDLE_VALUE)\n    {\n        _close((int)data);\n    }\n}\n",
        "new_code": "Code Snippet Variant:\nstatic int StaticValue = 384;\nvoid Sample_Func()\n{\n    if (StaticValue==384)\n    {\n        {\n            HANDLE data;\n            data = INVALID_HANDLE_VALUE;\n            data = CreateFile(\"DogSource_w32CreateFile.txt\",\n                              (GENERIC_WRITE|GENERIC_READ),\n                              0,\n                              NULL,\n                              OPEN_ALWAYS,\n                              FILE_ATTRIBUTE_NORMAL,\n                              NULL);\n            if (data != INVALID_HANDLE_VALUE)\n            {\n                if (StaticValue==488)\n                {\n                    _close((int)data);\n                }\n                if(1)\n                {\n                    if (StaticValue==384)\n                    {\n                        _close((int)data);\n                    }\n                }\n                if(384==384)\n                {\n                    if (StaticValue==280)\n                    {\n                        CloseHandle(data);\n                    }\n                }\n            }\n        }\n    }\n    if (StaticValue==427)\n    {\n        {\n            HANDLE data;\n            data = INVALID_HANDLE_VALUE;\n            data = CreateFile(\"DogSource_w32CreateFile.txt\",\n                              (GENERIC_WRITE|GENERIC_READ),\n                              0,\n                              NULL,\n                              OPEN_ALWAYS,\n                              FILE_ATTRIBUTE_NORMAL,\n                              NULL);\n            if (data != INVALID_HANDLE_VALUE)\n            {\n                _close((int)data);\n            }\n        }\n    }\n    if (StaticValue==341)\n    {\n        {\n            HANDLE data;\n            data = INVALID_HANDLE_VALUE;\n            data = CreateFile(\"DogSource_w32CreateFile.txt\",\n                              (GENERIC_WRITE|GENERIC_READ),\n                              0,\n                              NULL,\n                              OPEN_ALWAYS,\n                              FILE_ATTRIBUTE_NORMAL,\n                              NULL);\n            if (data != INVALID_HANDLE_VALUE)\n            {\n                CloseHandle(data);\n            }\n        }\n    }\n}\n",
        "CWE_ID": "CWE404",
        "question": "Question: What happens if we replace the following original code snippet with the proposed variants? Will the vulnerability CWE404 be triggered, and how does it affect the functionality of the code?",
        "choices": {
            "A": "No, Function Preserved: The vulnerability CWE404 will not be triggered, and the original functionality is fully preserved.",
            "B": "No, Function Impaired: The vulnerability CWE404 will not be triggered, but the functionality of the original code is impaired.",
            "C": "Yes: The vulnerability CWE404 will still be triggered.",
            "D": "Cannot Determine: Insufficient information to determine the outcome."
        },
        "answer": "C",
        "distance": "inner_outer_variant_0"
    },
    {
        "case_id": "CWE404_Improper_Resource_Shutdown__w32CreateFile_close_01_bad",
        "org_code": "Original Code Snippet:\nvoid Sample_Func()\n{\n    HANDLE data;\n    data = INVALID_HANDLE_VALUE;\n    data = CreateFile(\"DogSource_w32CreateFile.txt\",\n                      (GENERIC_WRITE|GENERIC_READ),\n                      0,\n                      NULL,\n                      OPEN_ALWAYS,\n                      FILE_ATTRIBUTE_NORMAL,\n                      NULL);\n    if (data != INVALID_HANDLE_VALUE)\n    {\n        _close((int)data);\n    }\n}\n",
        "new_code": "Code Snippet Variant:\nstatic int StaticValue = 384;\nvoid Sample_Func()\n{\n    if (StaticValue==384)\n    {\n        {\n            HANDLE data;\n            data = INVALID_HANDLE_VALUE;\n            data = CreateFile(\"DogSource_w32CreateFile.txt\",\n                              (GENERIC_WRITE|GENERIC_READ),\n                              0,\n                              NULL,\n                              OPEN_ALWAYS,\n                              FILE_ATTRIBUTE_NORMAL,\n                              NULL);\n            if (data != INVALID_HANDLE_VALUE)\n            {\n                _close((int)data);\n            }\n        }\n    }\n    if (StaticValue==427)\n    {\n        {\n            HANDLE data;\n            data = INVALID_HANDLE_VALUE;\n            data = CreateFile(\"DogSource_w32CreateFile.txt\",\n                              (GENERIC_WRITE|GENERIC_READ),\n                              0,\n                              NULL,\n                              OPEN_ALWAYS,\n                              FILE_ATTRIBUTE_NORMAL,\n                              NULL);\n            if (data != INVALID_HANDLE_VALUE)\n            {\n                _close((int)data);\n            }\n        }\n    }\n    if (StaticValue==341)\n    {\n        {\n            HANDLE data;\n            data = INVALID_HANDLE_VALUE;\n            data = CreateFile(\"DogSource_w32CreateFile.txt\",\n                              (GENERIC_WRITE|GENERIC_READ),\n                              0,\n                              NULL,\n                              OPEN_ALWAYS,\n                              FILE_ATTRIBUTE_NORMAL,\n                              NULL);\n            if (data != INVALID_HANDLE_VALUE)\n            {\n                CloseHandle(data);\n            }\n        }\n    }\n}\n",
        "CWE_ID": "CWE404",
        "question": "Question: What happens if we replace the following original code snippet with the proposed variants? Will the vulnerability CWE404 be triggered, and how does it affect the functionality of the code?",
        "choices": {
            "A": "No, Function Preserved: The vulnerability CWE404 will not be triggered, and the original functionality is fully preserved.",
            "B": "No, Function Impaired: The vulnerability CWE404 will not be triggered, but the functionality of the original code is impaired.",
            "C": "Yes: The vulnerability CWE404 will still be triggered.",
            "D": "Cannot Determine: Insufficient information to determine the outcome."
        },
        "answer": "C",
        "distance": "outer"
    }
]