[
    {
        "case_id": "CWE588_Attempt_to_Access_Child_of_Non_Structure_Pointer__struct_01_bad",
        "org_code": "Original Code Snippet:\nvoid Sample_Func()\n{\n    void * data;\n    twoIntsStruct dataCatBuffer;\n    int dataDogBuffer = 100;\n    dataCatBuffer.intOne = 0;\n    dataCatBuffer.intTwo = 0;\n    data = &dataDogBuffer;\n    printStructLine((twoIntsStruct *)data);\n}\n",
        "new_code": "Code Snippet Variant:\nstatic int StaticValue = 921;\nvoid Sample_Func()\n{\n    void * data;\n    twoIntsStruct dataCatBuffer;\n    int dataDogBuffer = 100;\n    dataCatBuffer.intOne = 0;\n    dataCatBuffer.intTwo = 0;\n    if (StaticValue==781)\n    {\n        data = &dataDogBuffer;\n    }\n    if (StaticValue==1061)\n    {\n        data = &dataCatBuffer;\n    }\n    if (StaticValue==921)\n    {\n        data = &dataCatBuffer;\n    }\n    printStructLine((twoIntsStruct *)data);\n}\n",
        "CWE_ID": "CWE588",
        "question": "Question: What happens if we replace the following original code snippet with the proposed variants? Will the vulnerability CWE588 be triggered, and how does it affect the functionality of the code?",
        "choices": {
            "A": "No, Function Preserved: The vulnerability CWE588 will not be triggered, and the original functionality is fully preserved.",
            "B": "No, Function Impaired: The vulnerability CWE588 will not be triggered, but the functionality of the original code is impaired.",
            "C": "Yes: The vulnerability CWE588 will still be triggered.",
            "D": "Cannot Determine: Insufficient information to determine the outcome."
        },
        "answer": "A",
        "distance": "inner_0"
    },
    {
        "case_id": "CWE588_Attempt_to_Access_Child_of_Non_Structure_Pointer__struct_01_bad",
        "org_code": "Original Code Snippet:\nvoid Sample_Func()\n{\n    void * data;\n    twoIntsStruct dataCatBuffer;\n    int dataDogBuffer = 100;\n    dataCatBuffer.intOne = 0;\n    dataCatBuffer.intTwo = 0;\n    data = &dataDogBuffer;\n    printStructLine((twoIntsStruct *)data);\n}\n",
        "new_code": "Code Snippet Variant:\nstatic int StaticValue = 921;\nvoid Sample_Func()\n{\n    if (StaticValue==884)\n    {\n        {\n            void * data;\n            twoIntsStruct dataCatBuffer;\n            int dataDogBuffer = 100;\n            dataCatBuffer.intOne = 0;\n            dataCatBuffer.intTwo = 0;\n            data = &dataDogBuffer;\n            printStructLine((twoIntsStruct *)data);\n        }\n    }\n    if (StaticValue==958)\n    {\n        {\n            void * data;\n            twoIntsStruct dataCatBuffer;\n            int dataDogBuffer = 100;\n            dataCatBuffer.intOne = 0;\n            dataCatBuffer.intTwo = 0;\n            data = &dataCatBuffer;\n            printStructLine((twoIntsStruct *)data);\n        }\n    }\n    if (StaticValue==921)\n    {\n        {\n            void * data;\n            twoIntsStruct dataCatBuffer;\n            int dataDogBuffer = 100;\n            dataCatBuffer.intOne = 0;\n            dataCatBuffer.intTwo = 0;\n            if (StaticValue==781)\n            {\n                data = &dataDogBuffer;\n            }\n            if (StaticValue==1061)\n            {\n                data = &dataCatBuffer;\n            }\n            if (StaticValue==921)\n            {\n                data = &dataCatBuffer;\n            }\n            printStructLine((twoIntsStruct *)data);\n        }\n    }\n}\n",
        "CWE_ID": "CWE588",
        "question": "Question: What happens if we replace the following original code snippet with the proposed variants? Will the vulnerability CWE588 be triggered, and how does it affect the functionality of the code?",
        "choices": {
            "A": "No, Function Preserved: The vulnerability CWE588 will not be triggered, and the original functionality is fully preserved.",
            "B": "No, Function Impaired: The vulnerability CWE588 will not be triggered, but the functionality of the original code is impaired.",
            "C": "Yes: The vulnerability CWE588 will still be triggered.",
            "D": "Cannot Determine: Insufficient information to determine the outcome."
        },
        "answer": "A",
        "distance": "inner_outer_0"
    },
    {
        "case_id": "CWE588_Attempt_to_Access_Child_of_Non_Structure_Pointer__struct_01_bad",
        "org_code": "Original Code Snippet:\nvoid Sample_Func()\n{\n    void * data;\n    twoIntsStruct dataCatBuffer;\n    int dataDogBuffer = 100;\n    dataCatBuffer.intOne = 0;\n    dataCatBuffer.intTwo = 0;\n    data = &dataDogBuffer;\n    printStructLine((twoIntsStruct *)data);\n}\n",
        "new_code": "Code Snippet Variant:\nstatic int StaticValue = 921;\nvoid Sample_Func()\n{\n    if (StaticValue==884)\n    {\n        {\n            void * data;\n            twoIntsStruct dataCatBuffer;\n            int dataDogBuffer = 100;\n            dataCatBuffer.intOne = 0;\n            dataCatBuffer.intTwo = 0;\n            data = &dataDogBuffer;\n            printStructLine((twoIntsStruct *)data);\n        }\n    }\n    if (StaticValue==958)\n    {\n        {\n            void * data;\n            twoIntsStruct dataCatBuffer;\n            int dataDogBuffer = 100;\n            dataCatBuffer.intOne = 0;\n            dataCatBuffer.intTwo = 0;\n            data = &dataCatBuffer;\n            printStructLine((twoIntsStruct *)data);\n        }\n    }\n    if (StaticValue==921)\n    {\n        {\n            void * data;\n            twoIntsStruct dataCatBuffer;\n            int dataDogBuffer = 100;\n            dataCatBuffer.intOne = 0;\n            dataCatBuffer.intTwo = 0;\n            if(StaticValue==921)\n            {\n                if (StaticValue==781)\n                {\n                    data = &dataDogBuffer;\n                }\n            }\n            if (StaticValue==1061)\n            {\n                data = &dataCatBuffer;\n            }\n            if(1)\n            {\n                if (StaticValue==921)\n                {\n                    data = &dataCatBuffer;\n                }\n            }\n            printStructLine((twoIntsStruct *)data);\n        }\n    }\n}\n",
        "CWE_ID": "CWE588",
        "question": "Question: What happens if we replace the following original code snippet with the proposed variants? Will the vulnerability CWE588 be triggered, and how does it affect the functionality of the code?",
        "choices": {
            "A": "No, Function Preserved: The vulnerability CWE588 will not be triggered, and the original functionality is fully preserved.",
            "B": "No, Function Impaired: The vulnerability CWE588 will not be triggered, but the functionality of the original code is impaired.",
            "C": "Yes: The vulnerability CWE588 will still be triggered.",
            "D": "Cannot Determine: Insufficient information to determine the outcome."
        },
        "answer": "A",
        "distance": "inner_outer_variant_0"
    },
    {
        "case_id": "CWE588_Attempt_to_Access_Child_of_Non_Structure_Pointer__struct_01_bad",
        "org_code": "Original Code Snippet:\nvoid Sample_Func()\n{\n    void * data;\n    twoIntsStruct dataCatBuffer;\n    int dataDogBuffer = 100;\n    dataCatBuffer.intOne = 0;\n    dataCatBuffer.intTwo = 0;\n    data = &dataDogBuffer;\n    printStructLine((twoIntsStruct *)data);\n}\n",
        "new_code": "Code Snippet Variant:\nstatic int StaticValue = 921;\nvoid Sample_Func()\n{\n    if (StaticValue==884)\n    {\n        {\n            void * data;\n            twoIntsStruct dataCatBuffer;\n            int dataDogBuffer = 100;\n            dataCatBuffer.intOne = 0;\n            dataCatBuffer.intTwo = 0;\n            data = &dataDogBuffer;\n            printStructLine((twoIntsStruct *)data);\n        }\n    }\n    if (StaticValue==958)\n    {\n        {\n            void * data;\n            twoIntsStruct dataCatBuffer;\n            int dataDogBuffer = 100;\n            dataCatBuffer.intOne = 0;\n            dataCatBuffer.intTwo = 0;\n            data = &dataCatBuffer;\n            printStructLine((twoIntsStruct *)data);\n        }\n    }\n    if (StaticValue==921)\n    {\n        {\n            void * data;\n            twoIntsStruct dataCatBuffer;\n            int dataDogBuffer = 100;\n            dataCatBuffer.intOne = 0;\n            dataCatBuffer.intTwo = 0;\n            data = &dataCatBuffer;\n            printStructLine((twoIntsStruct *)data);\n        }\n    }\n}\n",
        "CWE_ID": "CWE588",
        "question": "Question: What happens if we replace the following original code snippet with the proposed variants? Will the vulnerability CWE588 be triggered, and how does it affect the functionality of the code?",
        "choices": {
            "A": "No, Function Preserved: The vulnerability CWE588 will not be triggered, and the original functionality is fully preserved.",
            "B": "No, Function Impaired: The vulnerability CWE588 will not be triggered, but the functionality of the original code is impaired.",
            "C": "Yes: The vulnerability CWE588 will still be triggered.",
            "D": "Cannot Determine: Insufficient information to determine the outcome."
        },
        "answer": "A",
        "distance": "outer"
    },
    {
        "case_id": "CWE588_Attempt_to_Access_Child_of_Non_Structure_Pointer__struct_01_bad",
        "org_code": "Original Code Snippet:\nvoid Sample_Func()\n{\n    void * data;\n    twoIntsStruct dataCatBuffer;\n    int dataDogBuffer = 100;\n    dataCatBuffer.intOne = 0;\n    dataCatBuffer.intTwo = 0;\n    data = &dataDogBuffer;\n    printStructLine((twoIntsStruct *)data);\n}\n",
        "new_code": "Code Snippet Variant:\nstatic int StaticValue = 939;\nvoid Sample_Func()\n{\n    void * data;\n    twoIntsStruct dataCatBuffer;\n    int dataDogBuffer = 100;\n    dataCatBuffer.intOne = 0;\n    dataCatBuffer.intTwo = 0;\n    if (StaticValue==781)\n    {\n        data = &dataDogBuffer;\n    }\n    if (StaticValue==1061)\n    {\n        data = &dataCatBuffer;\n    }\n    if (StaticValue==921)\n    {\n        data = &dataCatBuffer;\n    }\n    if(StaticValue==939)\n    {\n        int socketDescriptor;\n        int connectionStatus = 0;\n        char networkBuffer[256];\n        for (socketDescriptor = 0; socketDescriptor < 5; socketDescriptor++) {\n            if (connectionStatus == 0) {\n                networkBuffer[socketDescriptor] = 'A';\n            } else {\n                networkBuffer[socketDescriptor] = '0';\n            }\n        }\n        printLine(\"Successful! Problem Resolved!\");\n    }\n    printStructLine((twoIntsStruct *)data);\n}\n",
        "CWE_ID": "CWE588",
        "question": "Question: What happens if we replace the following original code snippet with the proposed variants? Will the vulnerability CWE588 be triggered, and how does it affect the functionality of the code?",
        "choices": {
            "A": "No, Function Preserved: The vulnerability CWE588 will not be triggered, and the original functionality is fully preserved.",
            "B": "No, Function Impaired: The vulnerability CWE588 will not be triggered, but the functionality of the original code is impaired.",
            "C": "Yes: The vulnerability CWE588 will still be triggered.",
            "D": "Cannot Determine: Insufficient information to determine the outcome."
        },
        "answer": "B",
        "distance": "inner_0"
    },
    {
        "case_id": "CWE588_Attempt_to_Access_Child_of_Non_Structure_Pointer__struct_01_bad",
        "org_code": "Original Code Snippet:\nvoid Sample_Func()\n{\n    void * data;\n    twoIntsStruct dataCatBuffer;\n    int dataDogBuffer = 100;\n    dataCatBuffer.intOne = 0;\n    dataCatBuffer.intTwo = 0;\n    data = &dataDogBuffer;\n    printStructLine((twoIntsStruct *)data);\n}\n",
        "new_code": "Code Snippet Variant:\nstatic int StaticValue = 933;\nvoid Sample_Func()\n{\n    if (StaticValue==884)\n    {\n        {\n            void * data;\n            twoIntsStruct dataCatBuffer;\n            int dataDogBuffer = 100;\n            dataCatBuffer.intOne = 0;\n            dataCatBuffer.intTwo = 0;\n            data = &dataDogBuffer;\n            printStructLine((twoIntsStruct *)data);\n        }\n    }\n    if (StaticValue==958)\n    {\n        {\n            void * data;\n            twoIntsStruct dataCatBuffer;\n            int dataDogBuffer = 100;\n            dataCatBuffer.intOne = 0;\n            dataCatBuffer.intTwo = 0;\n            data = &dataCatBuffer;\n            printStructLine((twoIntsStruct *)data);\n        }\n    }\n    if(StaticValue==933)\n    {\n        int socketDescriptor;\n        int connectionStatus = 0;\n        char networkBuffer[256];\n        for (socketDescriptor = 0; socketDescriptor < 5; socketDescriptor++) {\n            if (connectionStatus == 0) {\n                networkBuffer[socketDescriptor] = 'A';\n            } else {\n                networkBuffer[socketDescriptor] = '0';\n            }\n        }\n        printLine(\"Successful! Problem Resolved!\");\n    }\n    if (StaticValue==921)\n    {\n        {\n            void * data;\n            twoIntsStruct dataCatBuffer;\n            int dataDogBuffer = 100;\n            dataCatBuffer.intOne = 0;\n            dataCatBuffer.intTwo = 0;\n            if (StaticValue==781)\n            {\n                data = &dataDogBuffer;\n            }\n            if (StaticValue==1061)\n            {\n                data = &dataCatBuffer;\n            }\n            if (StaticValue==921)\n            {\n                data = &dataCatBuffer;\n            }\n            printStructLine((twoIntsStruct *)data);\n        }\n    }\n}\n",
        "CWE_ID": "CWE588",
        "question": "Question: What happens if we replace the following original code snippet with the proposed variants? Will the vulnerability CWE588 be triggered, and how does it affect the functionality of the code?",
        "choices": {
            "A": "No, Function Preserved: The vulnerability CWE588 will not be triggered, and the original functionality is fully preserved.",
            "B": "No, Function Impaired: The vulnerability CWE588 will not be triggered, but the functionality of the original code is impaired.",
            "C": "Yes: The vulnerability CWE588 will still be triggered.",
            "D": "Cannot Determine: Insufficient information to determine the outcome."
        },
        "answer": "B",
        "distance": "inner_outer_0"
    },
    {
        "case_id": "CWE588_Attempt_to_Access_Child_of_Non_Structure_Pointer__struct_01_bad",
        "org_code": "Original Code Snippet:\nvoid Sample_Func()\n{\n    void * data;\n    twoIntsStruct dataCatBuffer;\n    int dataDogBuffer = 100;\n    dataCatBuffer.intOne = 0;\n    dataCatBuffer.intTwo = 0;\n    data = &dataDogBuffer;\n    printStructLine((twoIntsStruct *)data);\n}\n",
        "new_code": "Code Snippet Variant:\nstatic int StaticValue = 935;\nvoid Sample_Func()\n{\n    if (StaticValue==884)\n    {\n        {\n            void * data;\n            twoIntsStruct dataCatBuffer;\n            int dataDogBuffer = 100;\n            dataCatBuffer.intOne = 0;\n            dataCatBuffer.intTwo = 0;\n            data = &dataDogBuffer;\n            printStructLine((twoIntsStruct *)data);\n        }\n    }\n    if (StaticValue==958)\n    {\n        {\n            void * data;\n            twoIntsStruct dataCatBuffer;\n            int dataDogBuffer = 100;\n            dataCatBuffer.intOne = 0;\n            dataCatBuffer.intTwo = 0;\n            data = &dataCatBuffer;\n            printStructLine((twoIntsStruct *)data);\n        }\n    }\n    if (StaticValue==921)\n    {\n        {\n            void * data;\n            twoIntsStruct dataCatBuffer;\n            int dataDogBuffer = 100;\n            dataCatBuffer.intOne = 0;\n            dataCatBuffer.intTwo = 0;\n            if(StaticValue==921)\n            {\n                if (StaticValue==781)\n                {\n                    data = &dataDogBuffer;\n                }\n            }\n            if (StaticValue==1061)\n            {\n                data = &dataCatBuffer;\n            }\n            if(1)\n            {\n                if (StaticValue==921)\n                {\n                    data = &dataCatBuffer;\n                }\n            }\n            printStructLine((twoIntsStruct *)data);\n        }\n    }\n    if(StaticValue==935)\n    {\n        int socketDescriptor;\n        int connectionStatus = 0;\n        char networkBuffer[256];\n        for (socketDescriptor = 0; socketDescriptor < 5; socketDescriptor++) {\n            if (connectionStatus == 0) {\n                networkBuffer[socketDescriptor] = 'A';\n            } else {\n                networkBuffer[socketDescriptor] = '0';\n            }\n        }\n        printLine(\"Successful! Problem Resolved!\");\n    }\n}\n",
        "CWE_ID": "CWE588",
        "question": "Question: What happens if we replace the following original code snippet with the proposed variants? Will the vulnerability CWE588 be triggered, and how does it affect the functionality of the code?",
        "choices": {
            "A": "No, Function Preserved: The vulnerability CWE588 will not be triggered, and the original functionality is fully preserved.",
            "B": "No, Function Impaired: The vulnerability CWE588 will not be triggered, but the functionality of the original code is impaired.",
            "C": "Yes: The vulnerability CWE588 will still be triggered.",
            "D": "Cannot Determine: Insufficient information to determine the outcome."
        },
        "answer": "B",
        "distance": "inner_outer_variant_0"
    },
    {
        "case_id": "CWE588_Attempt_to_Access_Child_of_Non_Structure_Pointer__struct_01_bad",
        "org_code": "Original Code Snippet:\nvoid Sample_Func()\n{\n    void * data;\n    twoIntsStruct dataCatBuffer;\n    int dataDogBuffer = 100;\n    dataCatBuffer.intOne = 0;\n    dataCatBuffer.intTwo = 0;\n    data = &dataDogBuffer;\n    printStructLine((twoIntsStruct *)data);\n}\n",
        "new_code": "Code Snippet Variant:\nstatic int StaticValue = 934;\nvoid Sample_Func()\n{\n    if (StaticValue==884)\n    {\n        {\n            void * data;\n            twoIntsStruct dataCatBuffer;\n            int dataDogBuffer = 100;\n            dataCatBuffer.intOne = 0;\n            dataCatBuffer.intTwo = 0;\n            data = &dataDogBuffer;\n            printStructLine((twoIntsStruct *)data);\n        }\n    }\n    if (StaticValue==958)\n    {\n        {\n            void * data;\n            twoIntsStruct dataCatBuffer;\n            int dataDogBuffer = 100;\n            dataCatBuffer.intOne = 0;\n            dataCatBuffer.intTwo = 0;\n            data = &dataCatBuffer;\n            printStructLine((twoIntsStruct *)data);\n        }\n    }\n    if(StaticValue==934)\n    {\n        int socketDescriptor;\n        int connectionStatus = 0;\n        char networkBuffer[256];\n        for (socketDescriptor = 0; socketDescriptor < 5; socketDescriptor++) {\n            if (connectionStatus == 0) {\n                networkBuffer[socketDescriptor] = 'A';\n            } else {\n                networkBuffer[socketDescriptor] = '0';\n            }\n        }\n        printLine(\"Successful! Problem Resolved!\");\n    }\n    if (StaticValue==921)\n    {\n        {\n            void * data;\n            twoIntsStruct dataCatBuffer;\n            int dataDogBuffer = 100;\n            dataCatBuffer.intOne = 0;\n            dataCatBuffer.intTwo = 0;\n            data = &dataCatBuffer;\n            printStructLine((twoIntsStruct *)data);\n        }\n    }\n}\n",
        "CWE_ID": "CWE588",
        "question": "Question: What happens if we replace the following original code snippet with the proposed variants? Will the vulnerability CWE588 be triggered, and how does it affect the functionality of the code?",
        "choices": {
            "A": "No, Function Preserved: The vulnerability CWE588 will not be triggered, and the original functionality is fully preserved.",
            "B": "No, Function Impaired: The vulnerability CWE588 will not be triggered, but the functionality of the original code is impaired.",
            "C": "Yes: The vulnerability CWE588 will still be triggered.",
            "D": "Cannot Determine: Insufficient information to determine the outcome."
        },
        "answer": "B",
        "distance": "outer"
    },
    {
        "case_id": "CWE588_Attempt_to_Access_Child_of_Non_Structure_Pointer__struct_01_bad",
        "org_code": "Original Code Snippet:\nvoid Sample_Func()\n{\n    void * data;\n    twoIntsStruct dataCatBuffer;\n    int dataDogBuffer = 100;\n    dataCatBuffer.intOne = 0;\n    dataCatBuffer.intTwo = 0;\n    data = &dataDogBuffer;\n    printStructLine((twoIntsStruct *)data);\n}\n",
        "new_code": "Code Snippet Variant:\nstatic int StaticValue = 495;\nvoid Sample_Func()\n{\n    void * data;\n    twoIntsStruct dataCatBuffer;\n    int dataDogBuffer = 100;\n    dataCatBuffer.intOne = 0;\n    dataCatBuffer.intTwo = 0;\n    if (StaticValue==666)\n    {\n        data = &dataDogBuffer;\n    }\n    if (StaticValue==495)\n    {\n        data = &dataDogBuffer;\n    }\n    if (StaticValue==324)\n    {\n        data = &dataCatBuffer;\n    }\n    printStructLine((twoIntsStruct *)data);\n}\n",
        "CWE_ID": "CWE588",
        "question": "Question: What happens if we replace the following original code snippet with the proposed variants? Will the vulnerability CWE588 be triggered, and how does it affect the functionality of the code?",
        "choices": {
            "A": "No, Function Preserved: The vulnerability CWE588 will not be triggered, and the original functionality is fully preserved.",
            "B": "No, Function Impaired: The vulnerability CWE588 will not be triggered, but the functionality of the original code is impaired.",
            "C": "Yes: The vulnerability CWE588 will still be triggered.",
            "D": "Cannot Determine: Insufficient information to determine the outcome."
        },
        "answer": "C",
        "distance": "inner_0"
    },
    {
        "case_id": "CWE588_Attempt_to_Access_Child_of_Non_Structure_Pointer__struct_01_bad",
        "org_code": "Original Code Snippet:\nvoid Sample_Func()\n{\n    void * data;\n    twoIntsStruct dataCatBuffer;\n    int dataDogBuffer = 100;\n    dataCatBuffer.intOne = 0;\n    dataCatBuffer.intTwo = 0;\n    data = &dataDogBuffer;\n    printStructLine((twoIntsStruct *)data);\n}\n",
        "new_code": "Code Snippet Variant:\nstatic int StaticValue = 495;\nvoid Sample_Func()\n{\n    if (StaticValue==495)\n    {\n        {\n            void * data;\n            twoIntsStruct dataCatBuffer;\n            int dataDogBuffer = 100;\n            dataCatBuffer.intOne = 0;\n            dataCatBuffer.intTwo = 0;\n            if (StaticValue==666)\n            {\n                data = &dataDogBuffer;\n            }\n            if (StaticValue==495)\n            {\n                data = &dataDogBuffer;\n            }\n            if (StaticValue==324)\n            {\n                data = &dataCatBuffer;\n            }\n            printStructLine((twoIntsStruct *)data);\n        }\n    }\n    if (StaticValue==538)\n    {\n        {\n            void * data;\n            twoIntsStruct dataCatBuffer;\n            int dataDogBuffer = 100;\n            dataCatBuffer.intOne = 0;\n            dataCatBuffer.intTwo = 0;\n            data = &dataDogBuffer;\n            printStructLine((twoIntsStruct *)data);\n        }\n    }\n    if (StaticValue==452)\n    {\n        {\n            void * data;\n            twoIntsStruct dataCatBuffer;\n            int dataDogBuffer = 100;\n            dataCatBuffer.intOne = 0;\n            dataCatBuffer.intTwo = 0;\n            data = &dataCatBuffer;\n            printStructLine((twoIntsStruct *)data);\n        }\n    }\n}\n",
        "CWE_ID": "CWE588",
        "question": "Question: What happens if we replace the following original code snippet with the proposed variants? Will the vulnerability CWE588 be triggered, and how does it affect the functionality of the code?",
        "choices": {
            "A": "No, Function Preserved: The vulnerability CWE588 will not be triggered, and the original functionality is fully preserved.",
            "B": "No, Function Impaired: The vulnerability CWE588 will not be triggered, but the functionality of the original code is impaired.",
            "C": "Yes: The vulnerability CWE588 will still be triggered.",
            "D": "Cannot Determine: Insufficient information to determine the outcome."
        },
        "answer": "C",
        "distance": "inner_outer_0"
    },
    {
        "case_id": "CWE588_Attempt_to_Access_Child_of_Non_Structure_Pointer__struct_01_bad",
        "org_code": "Original Code Snippet:\nvoid Sample_Func()\n{\n    void * data;\n    twoIntsStruct dataCatBuffer;\n    int dataDogBuffer = 100;\n    dataCatBuffer.intOne = 0;\n    dataCatBuffer.intTwo = 0;\n    data = &dataDogBuffer;\n    printStructLine((twoIntsStruct *)data);\n}\n",
        "new_code": "Code Snippet Variant:\nstatic int StaticValue = 495;\nvoid Sample_Func()\n{\n    void * data;\n    twoIntsStruct dataCatBuffer;\n    int dataDogBuffer = 100;\n    dataCatBuffer.intOne = 0;\n    dataCatBuffer.intTwo = 0;\n    if(StaticValue==495)\n    {\n        if (StaticValue==666)\n        {\n            data = &dataDogBuffer;\n        }\n    }\n    if (StaticValue==495)\n    {\n        data = &dataDogBuffer;\n    }\n    if(1)\n    {\n        if (StaticValue==324)\n        {\n            data = &dataCatBuffer;\n        }\n    }\n    printStructLine((twoIntsStruct *)data);\n}\n",
        "CWE_ID": "CWE588",
        "question": "Question: What happens if we replace the following original code snippet with the proposed variants? Will the vulnerability CWE588 be triggered, and how does it affect the functionality of the code?",
        "choices": {
            "A": "No, Function Preserved: The vulnerability CWE588 will not be triggered, and the original functionality is fully preserved.",
            "B": "No, Function Impaired: The vulnerability CWE588 will not be triggered, but the functionality of the original code is impaired.",
            "C": "Yes: The vulnerability CWE588 will still be triggered.",
            "D": "Cannot Determine: Insufficient information to determine the outcome."
        },
        "answer": "C",
        "distance": "inner_variant_0"
    },
    {
        "case_id": "CWE588_Attempt_to_Access_Child_of_Non_Structure_Pointer__struct_01_bad",
        "org_code": "Original Code Snippet:\nvoid Sample_Func()\n{\n    void * data;\n    twoIntsStruct dataCatBuffer;\n    int dataDogBuffer = 100;\n    dataCatBuffer.intOne = 0;\n    dataCatBuffer.intTwo = 0;\n    data = &dataDogBuffer;\n    printStructLine((twoIntsStruct *)data);\n}\n",
        "new_code": "Code Snippet Variant:\nstatic int StaticValue = 495;\nvoid Sample_Func()\n{\n    if (StaticValue==495)\n    {\n        {\n            void * data;\n            twoIntsStruct dataCatBuffer;\n            int dataDogBuffer = 100;\n            dataCatBuffer.intOne = 0;\n            dataCatBuffer.intTwo = 0;\n            data = &dataDogBuffer;\n            printStructLine((twoIntsStruct *)data);\n        }\n    }\n    if (StaticValue==538)\n    {\n        {\n            void * data;\n            twoIntsStruct dataCatBuffer;\n            int dataDogBuffer = 100;\n            dataCatBuffer.intOne = 0;\n            dataCatBuffer.intTwo = 0;\n            data = &dataDogBuffer;\n            printStructLine((twoIntsStruct *)data);\n        }\n    }\n    if (StaticValue==452)\n    {\n        {\n            void * data;\n            twoIntsStruct dataCatBuffer;\n            int dataDogBuffer = 100;\n            dataCatBuffer.intOne = 0;\n            dataCatBuffer.intTwo = 0;\n            data = &dataCatBuffer;\n            printStructLine((twoIntsStruct *)data);\n        }\n    }\n}\n",
        "CWE_ID": "CWE588",
        "question": "Question: What happens if we replace the following original code snippet with the proposed variants? Will the vulnerability CWE588 be triggered, and how does it affect the functionality of the code?",
        "choices": {
            "A": "No, Function Preserved: The vulnerability CWE588 will not be triggered, and the original functionality is fully preserved.",
            "B": "No, Function Impaired: The vulnerability CWE588 will not be triggered, but the functionality of the original code is impaired.",
            "C": "Yes: The vulnerability CWE588 will still be triggered.",
            "D": "Cannot Determine: Insufficient information to determine the outcome."
        },
        "answer": "C",
        "distance": "outer"
    }
]