[
    {
        "case_id": "CWE242_Use_of_Inherently_Dangerous_Function__basic_01_bad",
        "org_code": "Original Code Snippet:\nvoid Sample_Func()\n{\n    {\n        char dest[DEST_SIZE];\n        char *result;\n        result = gets(dest);\n        if (result == NULL)\n        {\n            printLine(\"Error Condition: alter control flow to indicate action taken\");\n            exit(1);\n        }\n        dest[DEST_SIZE-1] = '\\0';\n        printLine(dest);\n    }\n}\n",
        "new_code": "Code Snippet Variant:\nstatic int StaticValue = 602;\nvoid Sample_Func()\n{\n    {\n        char dest[DEST_SIZE];\n        char *result;\n        if (StaticValue==421)\n        {\n            result = gets(dest);\n        }\n        if (StaticValue==783)\n        {\n            result = fgets(dest, DEST_SIZE, stdin);\n        }\n        if (StaticValue==602)\n        {\n            result = fgets(dest, DEST_SIZE, stdin);\n        }\n        if (result == NULL)\n        {\n            printLine(\"Error Condition: alter control flow to indicate action taken\");\n            exit(1);\n        }\n        dest[DEST_SIZE-1] = '\\0';\n        printLine(dest);\n    }\n}\n",
        "CWE_ID": "CWE242",
        "question": "Question: What happens if we replace the following original code snippet with the proposed variants? Will the vulnerability CWE242 be triggered, and how does it affect the functionality of the code?",
        "choices": {
            "A": "No, Function Preserved: The vulnerability CWE242 will not be triggered, and the original functionality is fully preserved.",
            "B": "No, Function Impaired: The vulnerability CWE242 will not be triggered, but the functionality of the original code is impaired.",
            "C": "Yes: The vulnerability CWE242 will still be triggered.",
            "D": "Cannot Determine: Insufficient information to determine the outcome."
        },
        "answer": "A",
        "distance": "inner_0"
    },
    {
        "case_id": "CWE242_Use_of_Inherently_Dangerous_Function__basic_01_bad",
        "org_code": "Original Code Snippet:\nvoid Sample_Func()\n{\n    {\n        char dest[DEST_SIZE];\n        char *result;\n        result = gets(dest);\n        if (result == NULL)\n        {\n            printLine(\"Error Condition: alter control flow to indicate action taken\");\n            exit(1);\n        }\n        dest[DEST_SIZE-1] = '\\0';\n        printLine(dest);\n    }\n}\n",
        "new_code": "Code Snippet Variant:\nstatic int StaticValue = 602;\nvoid Sample_Func()\n{\n    if (StaticValue==568)\n    {\n        {\n            {\n                char dest[DEST_SIZE];\n                char *result;\n                result = gets(dest);\n                if (result == NULL)\n                {\n                    printLine(\"Error Condition: alter control flow to indicate action taken\");\n                    exit(1);\n                }\n                dest[DEST_SIZE-1] = '\\0';\n                printLine(dest);\n            }\n        }\n    }\n    if (StaticValue==636)\n    {\n        {\n            {\n                char dest[DEST_SIZE];\n                char *result;\n                result = fgets(dest, DEST_SIZE, stdin);\n                if (result == NULL)\n                {\n                    printLine(\"Error Condition: alter control flow to indicate action taken\");\n                    exit(1);\n                }\n                dest[DEST_SIZE-1] = '\\0';\n                printLine(dest);\n            }\n        }\n    }\n    if (StaticValue==602)\n    {\n        {\n            {\n                char dest[DEST_SIZE];\n                char *result;\n                if (StaticValue==421)\n                {\n                    result = gets(dest);\n                }\n                if (StaticValue==783)\n                {\n                    result = fgets(dest, DEST_SIZE, stdin);\n                }\n                if (StaticValue==602)\n                {\n                    result = fgets(dest, DEST_SIZE, stdin);\n                }\n                if (result == NULL)\n                {\n                    printLine(\"Error Condition: alter control flow to indicate action taken\");\n                    exit(1);\n                }\n                dest[DEST_SIZE-1] = '\\0';\n                printLine(dest);\n            }\n        }\n    }\n}\n",
        "CWE_ID": "CWE242",
        "question": "Question: What happens if we replace the following original code snippet with the proposed variants? Will the vulnerability CWE242 be triggered, and how does it affect the functionality of the code?",
        "choices": {
            "A": "No, Function Preserved: The vulnerability CWE242 will not be triggered, and the original functionality is fully preserved.",
            "B": "No, Function Impaired: The vulnerability CWE242 will not be triggered, but the functionality of the original code is impaired.",
            "C": "Yes: The vulnerability CWE242 will still be triggered.",
            "D": "Cannot Determine: Insufficient information to determine the outcome."
        },
        "answer": "A",
        "distance": "inner_outer_0"
    },
    {
        "case_id": "CWE242_Use_of_Inherently_Dangerous_Function__basic_01_bad",
        "org_code": "Original Code Snippet:\nvoid Sample_Func()\n{\n    {\n        char dest[DEST_SIZE];\n        char *result;\n        result = gets(dest);\n        if (result == NULL)\n        {\n            printLine(\"Error Condition: alter control flow to indicate action taken\");\n            exit(1);\n        }\n        dest[DEST_SIZE-1] = '\\0';\n        printLine(dest);\n    }\n}\n",
        "new_code": "Code Snippet Variant:\nstatic int StaticValue = 602;\nvoid Sample_Func()\n{\n    if (StaticValue==568)\n    {\n        {\n            {\n                char dest[DEST_SIZE];\n                char *result;\n                result = gets(dest);\n                if (result == NULL)\n                {\n                    printLine(\"Error Condition: alter control flow to indicate action taken\");\n                    exit(1);\n                }\n                dest[DEST_SIZE-1] = '\\0';\n                printLine(dest);\n            }\n        }\n    }\n    if (StaticValue==636)\n    {\n        int DogCat;\n        {\n            {\n                char dest[DEST_SIZE];\n                char *result;\n                for(DogCat = 0; DogCat < 1; DogCat++)\n                {\n                    result = fgets(dest, DEST_SIZE, stdin);\n                }\n                if(602==602)\n                {\n                    if (result == NULL)\n                    {\n                        printLine(\"Error Condition: alter control flow to indicate action taken\");\n                        exit(1);\n                    }\n                }\n                dest[DEST_SIZE-1] = '\\0';\n                printLine(dest);\n            }\n        }\n    }\n    if (StaticValue==602)\n    {\n        int DogCat;\n        {\n            {\n                char dest[DEST_SIZE];\n                char *result;\n                for(DogCat = 0; DogCat < 1; DogCat++)\n                {\n                    if (StaticValue==421)\n                    {\n                        result = gets(dest);\n                    }\n                }\n                if (StaticValue==783)\n                {\n                    result = fgets(dest, DEST_SIZE, stdin);\n                }\n                if (StaticValue==602)\n                {\n                    result = fgets(dest, DEST_SIZE, stdin);\n                }\n                if(StaticValue==602)\n                {\n                    if (result == NULL)\n                    {\n                        printLine(\"Error Condition: alter control flow to indicate action taken\");\n                        exit(1);\n                    }\n                }\n                dest[DEST_SIZE-1] = '\\0';\n                printLine(dest);\n            }\n        }\n    }\n}\n",
        "CWE_ID": "CWE242",
        "question": "Question: What happens if we replace the following original code snippet with the proposed variants? Will the vulnerability CWE242 be triggered, and how does it affect the functionality of the code?",
        "choices": {
            "A": "No, Function Preserved: The vulnerability CWE242 will not be triggered, and the original functionality is fully preserved.",
            "B": "No, Function Impaired: The vulnerability CWE242 will not be triggered, but the functionality of the original code is impaired.",
            "C": "Yes: The vulnerability CWE242 will still be triggered.",
            "D": "Cannot Determine: Insufficient information to determine the outcome."
        },
        "answer": "A",
        "distance": "inner_outer_variant_0"
    },
    {
        "case_id": "CWE242_Use_of_Inherently_Dangerous_Function__basic_01_bad",
        "org_code": "Original Code Snippet:\nvoid Sample_Func()\n{\n    {\n        char dest[DEST_SIZE];\n        char *result;\n        result = gets(dest);\n        if (result == NULL)\n        {\n            printLine(\"Error Condition: alter control flow to indicate action taken\");\n            exit(1);\n        }\n        dest[DEST_SIZE-1] = '\\0';\n        printLine(dest);\n    }\n}\n",
        "new_code": "Code Snippet Variant:\nstatic int StaticValue = 602;\nvoid Sample_Func()\n{\n    if (StaticValue==568)\n    {\n        {\n            {\n                char dest[DEST_SIZE];\n                char *result;\n                result = gets(dest);\n                if (result == NULL)\n                {\n                    printLine(\"Error Condition: alter control flow to indicate action taken\");\n                    exit(1);\n                }\n                dest[DEST_SIZE-1] = '\\0';\n                printLine(dest);\n            }\n        }\n    }\n    if (StaticValue==636)\n    {\n        {\n            {\n                char dest[DEST_SIZE];\n                char *result;\n                result = fgets(dest, DEST_SIZE, stdin);\n                if (result == NULL)\n                {\n                    printLine(\"Error Condition: alter control flow to indicate action taken\");\n                    exit(1);\n                }\n                dest[DEST_SIZE-1] = '\\0';\n                printLine(dest);\n            }\n        }\n    }\n    if (StaticValue==602)\n    {\n        {\n            {\n                char dest[DEST_SIZE];\n                char *result;\n                result = fgets(dest, DEST_SIZE, stdin);\n                if (result == NULL)\n                {\n                    printLine(\"Error Condition: alter control flow to indicate action taken\");\n                    exit(1);\n                }\n                dest[DEST_SIZE-1] = '\\0';\n                printLine(dest);\n            }\n        }\n    }\n}\n",
        "CWE_ID": "CWE242",
        "question": "Question: What happens if we replace the following original code snippet with the proposed variants? Will the vulnerability CWE242 be triggered, and how does it affect the functionality of the code?",
        "choices": {
            "A": "No, Function Preserved: The vulnerability CWE242 will not be triggered, and the original functionality is fully preserved.",
            "B": "No, Function Impaired: The vulnerability CWE242 will not be triggered, but the functionality of the original code is impaired.",
            "C": "Yes: The vulnerability CWE242 will still be triggered.",
            "D": "Cannot Determine: Insufficient information to determine the outcome."
        },
        "answer": "A",
        "distance": "outer"
    },
    {
        "case_id": "CWE242_Use_of_Inherently_Dangerous_Function__basic_01_bad",
        "org_code": "Original Code Snippet:\nvoid Sample_Func()\n{\n    {\n        char dest[DEST_SIZE];\n        char *result;\n        result = gets(dest);\n        if (result == NULL)\n        {\n            printLine(\"Error Condition: alter control flow to indicate action taken\");\n            exit(1);\n        }\n        dest[DEST_SIZE-1] = '\\0';\n        printLine(dest);\n    }\n}\n",
        "new_code": "Code Snippet Variant:\nstatic int StaticValue = 602;\nvoid Sample_Func()\n{\n    if (StaticValue==568)\n    {\n        {\n            {\n                char dest[DEST_SIZE];\n                char *result;\n                if(StaticValue==602)\n                {\n                    result = gets(dest);\n                }\n                if(602==602)\n                {\n                    if (result == NULL)\n                    {\n                        printLine(\"Error Condition: alter control flow to indicate action taken\");\n                        exit(1);\n                    }\n                }\n                dest[DEST_SIZE-1] = '\\0';\n                printLine(dest);\n            }\n        }\n    }\n    if (StaticValue==636)\n    {\n        {\n            {\n                char dest[DEST_SIZE];\n                char *result;\n                result = fgets(dest, DEST_SIZE, stdin);\n                if (result == NULL)\n                {\n                    printLine(\"Error Condition: alter control flow to indicate action taken\");\n                    exit(1);\n                }\n                dest[DEST_SIZE-1] = '\\0';\n                printLine(dest);\n            }\n        }\n    }\n    if (StaticValue==602)\n    {\n        {\n            {\n                char dest[DEST_SIZE];\n                char *result;\n                result = fgets(dest, DEST_SIZE, stdin);\n                if (result == NULL)\n                {\n                    printLine(\"Error Condition: alter control flow to indicate action taken\");\n                    exit(1);\n                }\n                dest[DEST_SIZE-1] = '\\0';\n                printLine(dest);\n            }\n        }\n    }\n}\n",
        "CWE_ID": "CWE242",
        "question": "Question: What happens if we replace the following original code snippet with the proposed variants? Will the vulnerability CWE242 be triggered, and how does it affect the functionality of the code?",
        "choices": {
            "A": "No, Function Preserved: The vulnerability CWE242 will not be triggered, and the original functionality is fully preserved.",
            "B": "No, Function Impaired: The vulnerability CWE242 will not be triggered, but the functionality of the original code is impaired.",
            "C": "Yes: The vulnerability CWE242 will still be triggered.",
            "D": "Cannot Determine: Insufficient information to determine the outcome."
        },
        "answer": "A",
        "distance": "outer_variant"
    },
    {
        "case_id": "CWE242_Use_of_Inherently_Dangerous_Function__basic_01_bad",
        "org_code": "Original Code Snippet:\nvoid Sample_Func()\n{\n    {\n        char dest[DEST_SIZE];\n        char *result;\n        result = gets(dest);\n        if (result == NULL)\n        {\n            printLine(\"Error Condition: alter control flow to indicate action taken\");\n            exit(1);\n        }\n        dest[DEST_SIZE-1] = '\\0';\n        printLine(dest);\n    }\n}\n",
        "new_code": "Code Snippet Variant:\nstatic int StaticValue = 619;\nvoid Sample_Func()\n{\n    if (StaticValue==568)\n    {\n        {\n            {\n                char dest[DEST_SIZE];\n                char *result;\n                result = gets(dest);\n                if (result == NULL)\n                {\n                    printLine(\"Error Condition: alter control flow to indicate action taken\");\n                    exit(1);\n                }\n                dest[DEST_SIZE-1] = '\\0';\n                printLine(dest);\n            }\n        }\n    }\n    if(StaticValue==619)\n    {\n        int socketDescriptor;\n        int connectionStatus = 0;\n        char networkBuffer[256];\n        for (socketDescriptor = 0; socketDescriptor < 5; socketDescriptor++) {\n            if (connectionStatus == 0) {\n                networkBuffer[socketDescriptor] = 'A';\n            } else {\n                networkBuffer[socketDescriptor] = '0';\n            }\n        }\n        printLine(\"Successful! Problem Resolved!\");\n    }\n    if (StaticValue==636)\n    {\n        {\n            {\n                char dest[DEST_SIZE];\n                char *result;\n                result = fgets(dest, DEST_SIZE, stdin);\n                if (result == NULL)\n                {\n                    printLine(\"Error Condition: alter control flow to indicate action taken\");\n                    exit(1);\n                }\n                dest[DEST_SIZE-1] = '\\0';\n                printLine(dest);\n            }\n        }\n    }\n    if (StaticValue==602)\n    {\n        {\n            {\n                char dest[DEST_SIZE];\n                char *result;\n                if (StaticValue==421)\n                {\n                    result = gets(dest);\n                }\n                if (StaticValue==783)\n                {\n                    result = fgets(dest, DEST_SIZE, stdin);\n                }\n                if (StaticValue==602)\n                {\n                    result = fgets(dest, DEST_SIZE, stdin);\n                }\n                if (result == NULL)\n                {\n                    printLine(\"Error Condition: alter control flow to indicate action taken\");\n                    exit(1);\n                }\n                dest[DEST_SIZE-1] = '\\0';\n                printLine(dest);\n            }\n        }\n    }\n}\n",
        "CWE_ID": "CWE242",
        "question": "Question: What happens if we replace the following original code snippet with the proposed variants? Will the vulnerability CWE242 be triggered, and how does it affect the functionality of the code?",
        "choices": {
            "A": "No, Function Preserved: The vulnerability CWE242 will not be triggered, and the original functionality is fully preserved.",
            "B": "No, Function Impaired: The vulnerability CWE242 will not be triggered, but the functionality of the original code is impaired.",
            "C": "Yes: The vulnerability CWE242 will still be triggered.",
            "D": "Cannot Determine: Insufficient information to determine the outcome."
        },
        "answer": "B",
        "distance": "inner_outer_0"
    },
    {
        "case_id": "CWE242_Use_of_Inherently_Dangerous_Function__basic_01_bad",
        "org_code": "Original Code Snippet:\nvoid Sample_Func()\n{\n    {\n        char dest[DEST_SIZE];\n        char *result;\n        result = gets(dest);\n        if (result == NULL)\n        {\n            printLine(\"Error Condition: alter control flow to indicate action taken\");\n            exit(1);\n        }\n        dest[DEST_SIZE-1] = '\\0';\n        printLine(dest);\n    }\n}\n",
        "new_code": "Code Snippet Variant:\nstatic int StaticValue = 617;\nvoid Sample_Func()\n{\n    if (StaticValue==568)\n    {\n        {\n            {\n                char dest[DEST_SIZE];\n                char *result;\n                result = gets(dest);\n                if (result == NULL)\n                {\n                    printLine(\"Error Condition: alter control flow to indicate action taken\");\n                    exit(1);\n                }\n                dest[DEST_SIZE-1] = '\\0';\n                printLine(dest);\n            }\n        }\n    }\n    if(StaticValue==617)\n    {\n        int socketDescriptor;\n        int connectionStatus = 0;\n        char networkBuffer[256];\n        for (socketDescriptor = 0; socketDescriptor < 5; socketDescriptor++) {\n            if (connectionStatus == 0) {\n                networkBuffer[socketDescriptor] = 'A';\n            } else {\n                networkBuffer[socketDescriptor] = '0';\n            }\n        }\n        printLine(\"Successful! Problem Resolved!\");\n    }\n    if (StaticValue==636)\n    {\n        int DogCat;\n        {\n            {\n                char dest[DEST_SIZE];\n                char *result;\n                for(DogCat = 0; DogCat < 1; DogCat++)\n                {\n                    result = fgets(dest, DEST_SIZE, stdin);\n                }\n                if(602==602)\n                {\n                    if (result == NULL)\n                    {\n                        printLine(\"Error Condition: alter control flow to indicate action taken\");\n                        exit(1);\n                    }\n                }\n                dest[DEST_SIZE-1] = '\\0';\n                printLine(dest);\n            }\n        }\n    }\n    if (StaticValue==602)\n    {\n        int DogCat;\n        {\n            {\n                char dest[DEST_SIZE];\n                char *result;\n                for(DogCat = 0; DogCat < 1; DogCat++)\n                {\n                    if (StaticValue==421)\n                    {\n                        result = gets(dest);\n                    }\n                }\n                if (StaticValue==783)\n                {\n                    result = fgets(dest, DEST_SIZE, stdin);\n                }\n                if (StaticValue==602)\n                {\n                    result = fgets(dest, DEST_SIZE, stdin);\n                }\n                if(StaticValue==602)\n                {\n                    if (result == NULL)\n                    {\n                        printLine(\"Error Condition: alter control flow to indicate action taken\");\n                        exit(1);\n                    }\n                }\n                dest[DEST_SIZE-1] = '\\0';\n                printLine(dest);\n            }\n        }\n    }\n}\n",
        "CWE_ID": "CWE242",
        "question": "Question: What happens if we replace the following original code snippet with the proposed variants? Will the vulnerability CWE242 be triggered, and how does it affect the functionality of the code?",
        "choices": {
            "A": "No, Function Preserved: The vulnerability CWE242 will not be triggered, and the original functionality is fully preserved.",
            "B": "No, Function Impaired: The vulnerability CWE242 will not be triggered, but the functionality of the original code is impaired.",
            "C": "Yes: The vulnerability CWE242 will still be triggered.",
            "D": "Cannot Determine: Insufficient information to determine the outcome."
        },
        "answer": "B",
        "distance": "inner_outer_variant_0"
    },
    {
        "case_id": "CWE242_Use_of_Inherently_Dangerous_Function__basic_01_bad",
        "org_code": "Original Code Snippet:\nvoid Sample_Func()\n{\n    {\n        char dest[DEST_SIZE];\n        char *result;\n        result = gets(dest);\n        if (result == NULL)\n        {\n            printLine(\"Error Condition: alter control flow to indicate action taken\");\n            exit(1);\n        }\n        dest[DEST_SIZE-1] = '\\0';\n        printLine(dest);\n    }\n}\n",
        "new_code": "Code Snippet Variant:\nstatic int StaticValue = 617;\nvoid Sample_Func()\n{\n    if (StaticValue==568)\n    {\n        {\n            {\n                char dest[DEST_SIZE];\n                char *result;\n                result = gets(dest);\n                if (result == NULL)\n                {\n                    printLine(\"Error Condition: alter control flow to indicate action taken\");\n                    exit(1);\n                }\n                dest[DEST_SIZE-1] = '\\0';\n                printLine(dest);\n            }\n        }\n    }\n    if(StaticValue==617)\n    {\n        int socketDescriptor;\n        int connectionStatus = 0;\n        char networkBuffer[256];\n        for (socketDescriptor = 0; socketDescriptor < 5; socketDescriptor++) {\n            if (connectionStatus == 0) {\n                networkBuffer[socketDescriptor] = 'A';\n            } else {\n                networkBuffer[socketDescriptor] = '0';\n            }\n        }\n        printLine(\"Successful! Problem Resolved!\");\n    }\n    if (StaticValue==636)\n    {\n        {\n            {\n                char dest[DEST_SIZE];\n                char *result;\n                result = fgets(dest, DEST_SIZE, stdin);\n                if (result == NULL)\n                {\n                    printLine(\"Error Condition: alter control flow to indicate action taken\");\n                    exit(1);\n                }\n                dest[DEST_SIZE-1] = '\\0';\n                printLine(dest);\n            }\n        }\n    }\n    if (StaticValue==602)\n    {\n        {\n            {\n                char dest[DEST_SIZE];\n                char *result;\n                result = fgets(dest, DEST_SIZE, stdin);\n                if (result == NULL)\n                {\n                    printLine(\"Error Condition: alter control flow to indicate action taken\");\n                    exit(1);\n                }\n                dest[DEST_SIZE-1] = '\\0';\n                printLine(dest);\n            }\n        }\n    }\n}\n",
        "CWE_ID": "CWE242",
        "question": "Question: What happens if we replace the following original code snippet with the proposed variants? Will the vulnerability CWE242 be triggered, and how does it affect the functionality of the code?",
        "choices": {
            "A": "No, Function Preserved: The vulnerability CWE242 will not be triggered, and the original functionality is fully preserved.",
            "B": "No, Function Impaired: The vulnerability CWE242 will not be triggered, but the functionality of the original code is impaired.",
            "C": "Yes: The vulnerability CWE242 will still be triggered.",
            "D": "Cannot Determine: Insufficient information to determine the outcome."
        },
        "answer": "B",
        "distance": "outer"
    },
    {
        "case_id": "CWE242_Use_of_Inherently_Dangerous_Function__basic_01_bad",
        "org_code": "Original Code Snippet:\nvoid Sample_Func()\n{\n    {\n        char dest[DEST_SIZE];\n        char *result;\n        result = gets(dest);\n        if (result == NULL)\n        {\n            printLine(\"Error Condition: alter control flow to indicate action taken\");\n            exit(1);\n        }\n        dest[DEST_SIZE-1] = '\\0';\n        printLine(dest);\n    }\n}\n",
        "new_code": "Code Snippet Variant:\nstatic int StaticValue = 614;\nvoid Sample_Func()\n{\n    if (StaticValue==568)\n    {\n        {\n            {\n                char dest[DEST_SIZE];\n                char *result;\n                if(StaticValue==602)\n                {\n                    result = gets(dest);\n                }\n                if(602==602)\n                {\n                    if (result == NULL)\n                    {\n                        printLine(\"Error Condition: alter control flow to indicate action taken\");\n                        exit(1);\n                    }\n                }\n                dest[DEST_SIZE-1] = '\\0';\n                printLine(dest);\n            }\n        }\n    }\n    if(StaticValue==614)\n    {\n        int socketDescriptor;\n        int connectionStatus = 0;\n        char networkBuffer[256];\n        for (socketDescriptor = 0; socketDescriptor < 5; socketDescriptor++) {\n            if (connectionStatus == 0) {\n                networkBuffer[socketDescriptor] = 'A';\n            } else {\n                networkBuffer[socketDescriptor] = '0';\n            }\n        }\n        printLine(\"Successful! Problem Resolved!\");\n    }\n    if (StaticValue==636)\n    {\n        {\n            {\n                char dest[DEST_SIZE];\n                char *result;\n                result = fgets(dest, DEST_SIZE, stdin);\n                if (result == NULL)\n                {\n                    printLine(\"Error Condition: alter control flow to indicate action taken\");\n                    exit(1);\n                }\n                dest[DEST_SIZE-1] = '\\0';\n                printLine(dest);\n            }\n        }\n    }\n    if (StaticValue==602)\n    {\n        {\n            {\n                char dest[DEST_SIZE];\n                char *result;\n                result = fgets(dest, DEST_SIZE, stdin);\n                if (result == NULL)\n                {\n                    printLine(\"Error Condition: alter control flow to indicate action taken\");\n                    exit(1);\n                }\n                dest[DEST_SIZE-1] = '\\0';\n                printLine(dest);\n            }\n        }\n    }\n}\n",
        "CWE_ID": "CWE242",
        "question": "Question: What happens if we replace the following original code snippet with the proposed variants? Will the vulnerability CWE242 be triggered, and how does it affect the functionality of the code?",
        "choices": {
            "A": "No, Function Preserved: The vulnerability CWE242 will not be triggered, and the original functionality is fully preserved.",
            "B": "No, Function Impaired: The vulnerability CWE242 will not be triggered, but the functionality of the original code is impaired.",
            "C": "Yes: The vulnerability CWE242 will still be triggered.",
            "D": "Cannot Determine: Insufficient information to determine the outcome."
        },
        "answer": "B",
        "distance": "outer_variant"
    },
    {
        "case_id": "CWE242_Use_of_Inherently_Dangerous_Function__basic_01_bad",
        "org_code": "Original Code Snippet:\nvoid Sample_Func()\n{\n    {\n        char dest[DEST_SIZE];\n        char *result;\n        result = gets(dest);\n        if (result == NULL)\n        {\n            printLine(\"Error Condition: alter control flow to indicate action taken\");\n            exit(1);\n        }\n        dest[DEST_SIZE-1] = '\\0';\n        printLine(dest);\n    }\n}\n",
        "new_code": "Code Snippet Variant:\nstatic int StaticValue = 857;\nvoid Sample_Func()\n{\n    {\n        char dest[DEST_SIZE];\n        char *result;\n        if (StaticValue==958)\n        {\n            result = gets(dest);\n        }\n        if (StaticValue==857)\n        {\n            result = gets(dest);\n        }\n        if (StaticValue==756)\n        {\n            result = fgets(dest, DEST_SIZE, stdin);\n        }\n        if (result == NULL)\n        {\n            printLine(\"Error Condition: alter control flow to indicate action taken\");\n            exit(1);\n        }\n        dest[DEST_SIZE-1] = '\\0';\n        printLine(dest);\n    }\n}\n",
        "CWE_ID": "CWE242",
        "question": "Question: What happens if we replace the following original code snippet with the proposed variants? Will the vulnerability CWE242 be triggered, and how does it affect the functionality of the code?",
        "choices": {
            "A": "No, Function Preserved: The vulnerability CWE242 will not be triggered, and the original functionality is fully preserved.",
            "B": "No, Function Impaired: The vulnerability CWE242 will not be triggered, but the functionality of the original code is impaired.",
            "C": "Yes: The vulnerability CWE242 will still be triggered.",
            "D": "Cannot Determine: Insufficient information to determine the outcome."
        },
        "answer": "C",
        "distance": "inner_0"
    },
    {
        "case_id": "CWE242_Use_of_Inherently_Dangerous_Function__basic_01_bad",
        "org_code": "Original Code Snippet:\nvoid Sample_Func()\n{\n    {\n        char dest[DEST_SIZE];\n        char *result;\n        result = gets(dest);\n        if (result == NULL)\n        {\n            printLine(\"Error Condition: alter control flow to indicate action taken\");\n            exit(1);\n        }\n        dest[DEST_SIZE-1] = '\\0';\n        printLine(dest);\n    }\n}\n",
        "new_code": "Code Snippet Variant:\nstatic int StaticValue = 857;\nvoid Sample_Func()\n{\n    if (StaticValue==857)\n    {\n        {\n            {\n                char dest[DEST_SIZE];\n                char *result;\n                if (StaticValue==958)\n                {\n                    result = gets(dest);\n                }\n                if (StaticValue==857)\n                {\n                    result = gets(dest);\n                }\n                if (StaticValue==756)\n                {\n                    result = fgets(dest, DEST_SIZE, stdin);\n                }\n                if (result == NULL)\n                {\n                    printLine(\"Error Condition: alter control flow to indicate action taken\");\n                    exit(1);\n                }\n                dest[DEST_SIZE-1] = '\\0';\n                printLine(dest);\n            }\n        }\n    }\n    if (StaticValue==943)\n    {\n        {\n            {\n                char dest[DEST_SIZE];\n                char *result;\n                result = gets(dest);\n                if (result == NULL)\n                {\n                    printLine(\"Error Condition: alter control flow to indicate action taken\");\n                    exit(1);\n                }\n                dest[DEST_SIZE-1] = '\\0';\n                printLine(dest);\n            }\n        }\n    }\n    if (StaticValue==771)\n    {\n        {\n            {\n                char dest[DEST_SIZE];\n                char *result;\n                result = fgets(dest, DEST_SIZE, stdin);\n                if (result == NULL)\n                {\n                    printLine(\"Error Condition: alter control flow to indicate action taken\");\n                    exit(1);\n                }\n                dest[DEST_SIZE-1] = '\\0';\n                printLine(dest);\n            }\n        }\n    }\n}\n",
        "CWE_ID": "CWE242",
        "question": "Question: What happens if we replace the following original code snippet with the proposed variants? Will the vulnerability CWE242 be triggered, and how does it affect the functionality of the code?",
        "choices": {
            "A": "No, Function Preserved: The vulnerability CWE242 will not be triggered, and the original functionality is fully preserved.",
            "B": "No, Function Impaired: The vulnerability CWE242 will not be triggered, but the functionality of the original code is impaired.",
            "C": "Yes: The vulnerability CWE242 will still be triggered.",
            "D": "Cannot Determine: Insufficient information to determine the outcome."
        },
        "answer": "C",
        "distance": "inner_outer_0"
    },
    {
        "case_id": "CWE242_Use_of_Inherently_Dangerous_Function__basic_01_bad",
        "org_code": "Original Code Snippet:\nvoid Sample_Func()\n{\n    {\n        char dest[DEST_SIZE];\n        char *result;\n        result = gets(dest);\n        if (result == NULL)\n        {\n            printLine(\"Error Condition: alter control flow to indicate action taken\");\n            exit(1);\n        }\n        dest[DEST_SIZE-1] = '\\0';\n        printLine(dest);\n    }\n}\n",
        "new_code": "Code Snippet Variant:\nstatic int StaticValue = 857;\nvoid Sample_Func()\n{\n    if (StaticValue==857)\n    {\n        {\n            {\n                char dest[DEST_SIZE];\n                char *result;\n                if (StaticValue==958)\n                {\n                    result = gets(dest);\n                }\n                if(1)\n                {\n                    if (StaticValue==857)\n                    {\n                        result = gets(dest);\n                    }\n                }\n                if (StaticValue==756)\n                {\n                    result = fgets(dest, DEST_SIZE, stdin);\n                }\n                if(857==857)\n                {\n                    if (result == NULL)\n                    {\n                        printLine(\"Error Condition: alter control flow to indicate action taken\");\n                        exit(1);\n                    }\n                }\n                dest[DEST_SIZE-1] = '\\0';\n                printLine(dest);\n            }\n        }\n    }\n    if (StaticValue==943)\n    {\n        {\n            {\n                char dest[DEST_SIZE];\n                char *result;\n                result = gets(dest);\n                if (result == NULL)\n                {\n                    printLine(\"Error Condition: alter control flow to indicate action taken\");\n                    exit(1);\n                }\n                dest[DEST_SIZE-1] = '\\0';\n                printLine(dest);\n            }\n        }\n    }\n    if (StaticValue==771)\n    {\n        int DogCat;\n        {\n            {\n                char dest[DEST_SIZE];\n                char *result;\n                for(DogCat = 0; DogCat < 1; DogCat++)\n                {\n                    result = fgets(dest, DEST_SIZE, stdin);\n                }\n                if(857==857)\n                {\n                    if (result == NULL)\n                    {\n                        printLine(\"Error Condition: alter control flow to indicate action taken\");\n                        exit(1);\n                    }\n                }\n                dest[DEST_SIZE-1] = '\\0';\n                printLine(dest);\n            }\n        }\n    }\n}\n",
        "CWE_ID": "CWE242",
        "question": "Question: What happens if we replace the following original code snippet with the proposed variants? Will the vulnerability CWE242 be triggered, and how does it affect the functionality of the code?",
        "choices": {
            "A": "No, Function Preserved: The vulnerability CWE242 will not be triggered, and the original functionality is fully preserved.",
            "B": "No, Function Impaired: The vulnerability CWE242 will not be triggered, but the functionality of the original code is impaired.",
            "C": "Yes: The vulnerability CWE242 will still be triggered.",
            "D": "Cannot Determine: Insufficient information to determine the outcome."
        },
        "answer": "C",
        "distance": "inner_outer_variant_0"
    },
    {
        "case_id": "CWE242_Use_of_Inherently_Dangerous_Function__basic_01_bad",
        "org_code": "Original Code Snippet:\nvoid Sample_Func()\n{\n    {\n        char dest[DEST_SIZE];\n        char *result;\n        result = gets(dest);\n        if (result == NULL)\n        {\n            printLine(\"Error Condition: alter control flow to indicate action taken\");\n            exit(1);\n        }\n        dest[DEST_SIZE-1] = '\\0';\n        printLine(dest);\n    }\n}\n",
        "new_code": "Code Snippet Variant:\nstatic int StaticValue = 857;\nvoid Sample_Func()\n{\n    {\n        char dest[DEST_SIZE];\n        char *result;\n        if (StaticValue==958)\n        {\n            result = gets(dest);\n        }\n        if (StaticValue==857)\n        {\n            result = gets(dest);\n        }\n        if(StaticValue==857)\n        {\n            if (StaticValue==756)\n            {\n                result = fgets(dest, DEST_SIZE, stdin);\n            }\n        }\n        if(1)\n        {\n            if (result == NULL)\n            {\n                printLine(\"Error Condition: alter control flow to indicate action taken\");\n                exit(1);\n            }\n        }\n        dest[DEST_SIZE-1] = '\\0';\n        printLine(dest);\n    }\n}\n",
        "CWE_ID": "CWE242",
        "question": "Question: What happens if we replace the following original code snippet with the proposed variants? Will the vulnerability CWE242 be triggered, and how does it affect the functionality of the code?",
        "choices": {
            "A": "No, Function Preserved: The vulnerability CWE242 will not be triggered, and the original functionality is fully preserved.",
            "B": "No, Function Impaired: The vulnerability CWE242 will not be triggered, but the functionality of the original code is impaired.",
            "C": "Yes: The vulnerability CWE242 will still be triggered.",
            "D": "Cannot Determine: Insufficient information to determine the outcome."
        },
        "answer": "C",
        "distance": "inner_variant_0"
    },
    {
        "case_id": "CWE242_Use_of_Inherently_Dangerous_Function__basic_01_bad",
        "org_code": "Original Code Snippet:\nvoid Sample_Func()\n{\n    {\n        char dest[DEST_SIZE];\n        char *result;\n        result = gets(dest);\n        if (result == NULL)\n        {\n            printLine(\"Error Condition: alter control flow to indicate action taken\");\n            exit(1);\n        }\n        dest[DEST_SIZE-1] = '\\0';\n        printLine(dest);\n    }\n}\n",
        "new_code": "Code Snippet Variant:\nstatic int StaticValue = 857;\nvoid Sample_Func()\n{\n    if (StaticValue==857)\n    {\n        {\n            {\n                char dest[DEST_SIZE];\n                char *result;\n                result = gets(dest);\n                if (result == NULL)\n                {\n                    printLine(\"Error Condition: alter control flow to indicate action taken\");\n                    exit(1);\n                }\n                dest[DEST_SIZE-1] = '\\0';\n                printLine(dest);\n            }\n        }\n    }\n    if (StaticValue==943)\n    {\n        {\n            {\n                char dest[DEST_SIZE];\n                char *result;\n                result = gets(dest);\n                if (result == NULL)\n                {\n                    printLine(\"Error Condition: alter control flow to indicate action taken\");\n                    exit(1);\n                }\n                dest[DEST_SIZE-1] = '\\0';\n                printLine(dest);\n            }\n        }\n    }\n    if (StaticValue==771)\n    {\n        {\n            {\n                char dest[DEST_SIZE];\n                char *result;\n                result = fgets(dest, DEST_SIZE, stdin);\n                if (result == NULL)\n                {\n                    printLine(\"Error Condition: alter control flow to indicate action taken\");\n                    exit(1);\n                }\n                dest[DEST_SIZE-1] = '\\0';\n                printLine(dest);\n            }\n        }\n    }\n}\n",
        "CWE_ID": "CWE242",
        "question": "Question: What happens if we replace the following original code snippet with the proposed variants? Will the vulnerability CWE242 be triggered, and how does it affect the functionality of the code?",
        "choices": {
            "A": "No, Function Preserved: The vulnerability CWE242 will not be triggered, and the original functionality is fully preserved.",
            "B": "No, Function Impaired: The vulnerability CWE242 will not be triggered, but the functionality of the original code is impaired.",
            "C": "Yes: The vulnerability CWE242 will still be triggered.",
            "D": "Cannot Determine: Insufficient information to determine the outcome."
        },
        "answer": "C",
        "distance": "outer"
    },
    {
        "case_id": "CWE242_Use_of_Inherently_Dangerous_Function__basic_01_bad",
        "org_code": "Original Code Snippet:\nvoid Sample_Func()\n{\n    {\n        char dest[DEST_SIZE];\n        char *result;\n        result = gets(dest);\n        if (result == NULL)\n        {\n            printLine(\"Error Condition: alter control flow to indicate action taken\");\n            exit(1);\n        }\n        dest[DEST_SIZE-1] = '\\0';\n        printLine(dest);\n    }\n}\n",
        "new_code": "Code Snippet Variant:\nstatic int StaticValue = 857;\nvoid Sample_Func()\n{\n    if (StaticValue==857)\n    {\n        {\n            {\n                char dest[DEST_SIZE];\n                char *result;\n                if(857==857)\n                {\n                    result = gets(dest);\n                }\n                if(1)\n                {\n                    if (result == NULL)\n                    {\n                        printLine(\"Error Condition: alter control flow to indicate action taken\");\n                        exit(1);\n                    }\n                }\n                dest[DEST_SIZE-1] = '\\0';\n                printLine(dest);\n            }\n        }\n    }\n    if (StaticValue==943)\n    {\n        int DogCat;\n        {\n            {\n                char dest[DEST_SIZE];\n                char *result;\n                for(DogCat = 0; DogCat < 1; DogCat++)\n                {\n                    result = gets(dest);\n                }\n                if(StaticValue==857)\n                {\n                    if (result == NULL)\n                    {\n                        printLine(\"Error Condition: alter control flow to indicate action taken\");\n                        exit(1);\n                    }\n                }\n                dest[DEST_SIZE-1] = '\\0';\n                printLine(dest);\n            }\n        }\n    }\n    if (StaticValue==771)\n    {\n        int DogCat;\n        {\n            {\n                char dest[DEST_SIZE];\n                char *result;\n                for(DogCat = 0; DogCat < 1; DogCat++)\n                {\n                    result = fgets(dest, DEST_SIZE, stdin);\n                }\n                if(1)\n                {\n                    if (result == NULL)\n                    {\n                        printLine(\"Error Condition: alter control flow to indicate action taken\");\n                        exit(1);\n                    }\n                }\n                dest[DEST_SIZE-1] = '\\0';\n                printLine(dest);\n            }\n        }\n    }\n}\n",
        "CWE_ID": "CWE242",
        "question": "Question: What happens if we replace the following original code snippet with the proposed variants? Will the vulnerability CWE242 be triggered, and how does it affect the functionality of the code?",
        "choices": {
            "A": "No, Function Preserved: The vulnerability CWE242 will not be triggered, and the original functionality is fully preserved.",
            "B": "No, Function Impaired: The vulnerability CWE242 will not be triggered, but the functionality of the original code is impaired.",
            "C": "Yes: The vulnerability CWE242 will still be triggered.",
            "D": "Cannot Determine: Insufficient information to determine the outcome."
        },
        "answer": "C",
        "distance": "outer_variant"
    }
]