[
    {
        "case_id": "CWE563_Unused_Variable__unused_init_variable_int_01_bad",
        "org_code": "Original Code Snippet:\nvoid Sample_Func()\n{\n    int data;\n    data = 5;\n    ;  \n}\n",
        "new_code": "Code Snippet Variant:\nstatic int StaticValue = 903;\nvoid Sample_Func()\n{\n    int data;\n    data = 5;\n    if (StaticValue==721)\n    {\n        ;  \n    }\n    if (StaticValue==1085)\n    {\n        printIntLine(data);\n    }\n    if (StaticValue==903)\n    {\n        printIntLine(data);\n    }\n}\n",
        "CWE_ID": "CWE563",
        "question": "Question: What happens if we replace the following original code snippet with the proposed variants? Will the vulnerability CWE563 be triggered, and how does it affect the functionality of the code?",
        "choices": {
            "A": "No, Function Preserved: The vulnerability CWE563 will not be triggered, and the original functionality is fully preserved.",
            "B": "No, Function Impaired: The vulnerability CWE563 will not be triggered, but the functionality of the original code is impaired.",
            "C": "Yes: The vulnerability CWE563 will still be triggered.",
            "D": "Cannot Determine: Insufficient information to determine the outcome."
        },
        "answer": "A",
        "distance": "inner_0"
    },
    {
        "case_id": "CWE563_Unused_Variable__unused_init_variable_int_01_bad",
        "org_code": "Original Code Snippet:\nvoid Sample_Func()\n{\n    int data;\n    data = 5;\n    ;  \n}\n",
        "new_code": "Code Snippet Variant:\nstatic int StaticValue = 903;\nvoid Sample_Func()\n{\n    if (StaticValue==831)\n    {\n        {\n            int data;\n            data = 5;\n            ;  \n        }\n    }\n    if (StaticValue==975)\n    {\n        {\n            int data;\n            data = 5;\n            printIntLine(data);\n        }\n    }\n    if (StaticValue==903)\n    {\n        {\n            int data;\n            data = 5;\n            if (StaticValue==721)\n            {\n                ;  \n            }\n            if (StaticValue==1085)\n            {\n                printIntLine(data);\n            }\n            if (StaticValue==903)\n            {\n                printIntLine(data);\n            }\n        }\n    }\n}\n",
        "CWE_ID": "CWE563",
        "question": "Question: What happens if we replace the following original code snippet with the proposed variants? Will the vulnerability CWE563 be triggered, and how does it affect the functionality of the code?",
        "choices": {
            "A": "No, Function Preserved: The vulnerability CWE563 will not be triggered, and the original functionality is fully preserved.",
            "B": "No, Function Impaired: The vulnerability CWE563 will not be triggered, but the functionality of the original code is impaired.",
            "C": "Yes: The vulnerability CWE563 will still be triggered.",
            "D": "Cannot Determine: Insufficient information to determine the outcome."
        },
        "answer": "A",
        "distance": "inner_outer_0"
    },
    {
        "case_id": "CWE563_Unused_Variable__unused_init_variable_int_01_bad",
        "org_code": "Original Code Snippet:\nvoid Sample_Func()\n{\n    int data;\n    data = 5;\n    ;  \n}\n",
        "new_code": "Code Snippet Variant:\nstatic int StaticValue = 903;\nvoid Sample_Func()\n{\n    if (StaticValue==831)\n    {\n        {\n            int data;\n            data = 5;\n            ;  \n        }\n    }\n    if (StaticValue==975)\n    {\n        {\n            int data;\n            data = 5;\n            printIntLine(data);\n        }\n    }\n    if (StaticValue==903)\n    {\n        int DogCat;\n        {\n            int data;\n            data = 5;\n            if (StaticValue==721)\n            {\n                ;  \n            }\n            for(DogCat = 0; DogCat < 1; DogCat++)\n            {\n                if (StaticValue==1085)\n                {\n                    printIntLine(data);\n                }\n            }\n            if(StaticValue==903)\n            {\n                if (StaticValue==903)\n                {\n                    printIntLine(data);\n                }\n            }\n        }\n    }\n}\n",
        "CWE_ID": "CWE563",
        "question": "Question: What happens if we replace the following original code snippet with the proposed variants? Will the vulnerability CWE563 be triggered, and how does it affect the functionality of the code?",
        "choices": {
            "A": "No, Function Preserved: The vulnerability CWE563 will not be triggered, and the original functionality is fully preserved.",
            "B": "No, Function Impaired: The vulnerability CWE563 will not be triggered, but the functionality of the original code is impaired.",
            "C": "Yes: The vulnerability CWE563 will still be triggered.",
            "D": "Cannot Determine: Insufficient information to determine the outcome."
        },
        "answer": "A",
        "distance": "inner_outer_variant_0"
    },
    {
        "case_id": "CWE563_Unused_Variable__unused_init_variable_int_01_bad",
        "org_code": "Original Code Snippet:\nvoid Sample_Func()\n{\n    int data;\n    data = 5;\n    ;  \n}\n",
        "new_code": "Code Snippet Variant:\nstatic int StaticValue = 903;\nvoid Sample_Func()\n{\n    int data;\n    data = 5;\n    if (StaticValue==721)\n    {\n        ;  \n    }\n    if(903==903)\n    {\n        if (StaticValue==1085)\n        {\n            printIntLine(data);\n        }\n    }\n    if(1)\n    {\n        if (StaticValue==903)\n        {\n            printIntLine(data);\n        }\n    }\n}\n",
        "CWE_ID": "CWE563",
        "question": "Question: What happens if we replace the following original code snippet with the proposed variants? Will the vulnerability CWE563 be triggered, and how does it affect the functionality of the code?",
        "choices": {
            "A": "No, Function Preserved: The vulnerability CWE563 will not be triggered, and the original functionality is fully preserved.",
            "B": "No, Function Impaired: The vulnerability CWE563 will not be triggered, but the functionality of the original code is impaired.",
            "C": "Yes: The vulnerability CWE563 will still be triggered.",
            "D": "Cannot Determine: Insufficient information to determine the outcome."
        },
        "answer": "A",
        "distance": "inner_variant_0"
    },
    {
        "case_id": "CWE563_Unused_Variable__unused_init_variable_int_01_bad",
        "org_code": "Original Code Snippet:\nvoid Sample_Func()\n{\n    int data;\n    data = 5;\n    ;  \n}\n",
        "new_code": "Code Snippet Variant:\nstatic int StaticValue = 903;\nvoid Sample_Func()\n{\n    if (StaticValue==831)\n    {\n        {\n            int data;\n            data = 5;\n            ;  \n        }\n    }\n    if (StaticValue==975)\n    {\n        {\n            int data;\n            data = 5;\n            printIntLine(data);\n        }\n    }\n    if (StaticValue==903)\n    {\n        {\n            int data;\n            data = 5;\n            printIntLine(data);\n        }\n    }\n}\n",
        "CWE_ID": "CWE563",
        "question": "Question: What happens if we replace the following original code snippet with the proposed variants? Will the vulnerability CWE563 be triggered, and how does it affect the functionality of the code?",
        "choices": {
            "A": "No, Function Preserved: The vulnerability CWE563 will not be triggered, and the original functionality is fully preserved.",
            "B": "No, Function Impaired: The vulnerability CWE563 will not be triggered, but the functionality of the original code is impaired.",
            "C": "Yes: The vulnerability CWE563 will still be triggered.",
            "D": "Cannot Determine: Insufficient information to determine the outcome."
        },
        "answer": "A",
        "distance": "outer"
    },
    {
        "case_id": "CWE563_Unused_Variable__unused_init_variable_int_01_bad",
        "org_code": "Original Code Snippet:\nvoid Sample_Func()\n{\n    int data;\n    data = 5;\n    ;  \n}\n",
        "new_code": "Code Snippet Variant:\nstatic int StaticValue = 917;\nvoid Sample_Func()\n{\n    int data;\n    data = 5;\n    if (StaticValue==721)\n    {\n        ;  \n    }\n    if (StaticValue==1085)\n    {\n        printIntLine(data);\n    }\n    if (StaticValue==903)\n    {\n        printIntLine(data);\n    }\n    if(StaticValue==917)\n    {\n        int socketDescriptor;\n        int connectionStatus = 0;\n        char networkBuffer[256];\n        for (socketDescriptor = 0; socketDescriptor < 5; socketDescriptor++) {\n            if (connectionStatus == 0) {\n                networkBuffer[socketDescriptor] = 'A';\n            } else {\n                networkBuffer[socketDescriptor] = '0';\n            }\n        }\n        printLine(\"Successful! Problem Resolved!\");\n    }\n}\n",
        "CWE_ID": "CWE563",
        "question": "Question: What happens if we replace the following original code snippet with the proposed variants? Will the vulnerability CWE563 be triggered, and how does it affect the functionality of the code?",
        "choices": {
            "A": "No, Function Preserved: The vulnerability CWE563 will not be triggered, and the original functionality is fully preserved.",
            "B": "No, Function Impaired: The vulnerability CWE563 will not be triggered, but the functionality of the original code is impaired.",
            "C": "Yes: The vulnerability CWE563 will still be triggered.",
            "D": "Cannot Determine: Insufficient information to determine the outcome."
        },
        "answer": "B",
        "distance": "inner_0"
    },
    {
        "case_id": "CWE563_Unused_Variable__unused_init_variable_int_01_bad",
        "org_code": "Original Code Snippet:\nvoid Sample_Func()\n{\n    int data;\n    data = 5;\n    ;  \n}\n",
        "new_code": "Code Snippet Variant:\nstatic int StaticValue = 913;\nvoid Sample_Func()\n{\n    if (StaticValue==831)\n    {\n        {\n            int data;\n            data = 5;\n            ;  \n        }\n    }\n    if(StaticValue==913)\n    {\n        int socketDescriptor;\n        int connectionStatus = 0;\n        char networkBuffer[256];\n        for (socketDescriptor = 0; socketDescriptor < 5; socketDescriptor++) {\n            if (connectionStatus == 0) {\n                networkBuffer[socketDescriptor] = 'A';\n            } else {\n                networkBuffer[socketDescriptor] = '0';\n            }\n        }\n        printLine(\"Successful! Problem Resolved!\");\n    }\n    if (StaticValue==975)\n    {\n        {\n            int data;\n            data = 5;\n            printIntLine(data);\n        }\n    }\n    if (StaticValue==903)\n    {\n        {\n            int data;\n            data = 5;\n            if (StaticValue==721)\n            {\n                ;  \n            }\n            if (StaticValue==1085)\n            {\n                printIntLine(data);\n            }\n            if (StaticValue==903)\n            {\n                printIntLine(data);\n            }\n        }\n    }\n}\n",
        "CWE_ID": "CWE563",
        "question": "Question: What happens if we replace the following original code snippet with the proposed variants? Will the vulnerability CWE563 be triggered, and how does it affect the functionality of the code?",
        "choices": {
            "A": "No, Function Preserved: The vulnerability CWE563 will not be triggered, and the original functionality is fully preserved.",
            "B": "No, Function Impaired: The vulnerability CWE563 will not be triggered, but the functionality of the original code is impaired.",
            "C": "Yes: The vulnerability CWE563 will still be triggered.",
            "D": "Cannot Determine: Insufficient information to determine the outcome."
        },
        "answer": "B",
        "distance": "inner_outer_0"
    },
    {
        "case_id": "CWE563_Unused_Variable__unused_init_variable_int_01_bad",
        "org_code": "Original Code Snippet:\nvoid Sample_Func()\n{\n    int data;\n    data = 5;\n    ;  \n}\n",
        "new_code": "Code Snippet Variant:\nstatic int StaticValue = 917;\nvoid Sample_Func()\n{\n    if (StaticValue==831)\n    {\n        {\n            int data;\n            data = 5;\n            ;  \n        }\n    }\n    if (StaticValue==975)\n    {\n        {\n            int data;\n            data = 5;\n            printIntLine(data);\n        }\n    }\n    if (StaticValue==903)\n    {\n        int DogCat;\n        {\n            int data;\n            data = 5;\n            if (StaticValue==721)\n            {\n                ;  \n            }\n            for(DogCat = 0; DogCat < 1; DogCat++)\n            {\n                if (StaticValue==1085)\n                {\n                    printIntLine(data);\n                }\n            }\n            if(StaticValue==903)\n            {\n                if (StaticValue==903)\n                {\n                    printIntLine(data);\n                }\n            }\n        }\n    }\n    if(StaticValue==917)\n    {\n        int socketDescriptor;\n        int connectionStatus = 0;\n        char networkBuffer[256];\n        for (socketDescriptor = 0; socketDescriptor < 5; socketDescriptor++) {\n            if (connectionStatus == 0) {\n                networkBuffer[socketDescriptor] = 'A';\n            } else {\n                networkBuffer[socketDescriptor] = '0';\n            }\n        }\n        printLine(\"Successful! Problem Resolved!\");\n    }\n}\n",
        "CWE_ID": "CWE563",
        "question": "Question: What happens if we replace the following original code snippet with the proposed variants? Will the vulnerability CWE563 be triggered, and how does it affect the functionality of the code?",
        "choices": {
            "A": "No, Function Preserved: The vulnerability CWE563 will not be triggered, and the original functionality is fully preserved.",
            "B": "No, Function Impaired: The vulnerability CWE563 will not be triggered, but the functionality of the original code is impaired.",
            "C": "Yes: The vulnerability CWE563 will still be triggered.",
            "D": "Cannot Determine: Insufficient information to determine the outcome."
        },
        "answer": "B",
        "distance": "inner_outer_variant_0"
    },
    {
        "case_id": "CWE563_Unused_Variable__unused_init_variable_int_01_bad",
        "org_code": "Original Code Snippet:\nvoid Sample_Func()\n{\n    int data;\n    data = 5;\n    ;  \n}\n",
        "new_code": "Code Snippet Variant:\nstatic int StaticValue = 919;\nvoid Sample_Func()\n{\n    if (StaticValue==831)\n    {\n        {\n            int data;\n            data = 5;\n            ;  \n        }\n    }\n    if (StaticValue==975)\n    {\n        {\n            int data;\n            data = 5;\n            printIntLine(data);\n        }\n    }\n    if(StaticValue==919)\n    {\n        int socketDescriptor;\n        int connectionStatus = 0;\n        char networkBuffer[256];\n        for (socketDescriptor = 0; socketDescriptor < 5; socketDescriptor++) {\n            if (connectionStatus == 0) {\n                networkBuffer[socketDescriptor] = 'A';\n            } else {\n                networkBuffer[socketDescriptor] = '0';\n            }\n        }\n        printLine(\"Successful! Problem Resolved!\");\n    }\n    if (StaticValue==903)\n    {\n        {\n            int data;\n            data = 5;\n            printIntLine(data);\n        }\n    }\n}\n",
        "CWE_ID": "CWE563",
        "question": "Question: What happens if we replace the following original code snippet with the proposed variants? Will the vulnerability CWE563 be triggered, and how does it affect the functionality of the code?",
        "choices": {
            "A": "No, Function Preserved: The vulnerability CWE563 will not be triggered, and the original functionality is fully preserved.",
            "B": "No, Function Impaired: The vulnerability CWE563 will not be triggered, but the functionality of the original code is impaired.",
            "C": "Yes: The vulnerability CWE563 will still be triggered.",
            "D": "Cannot Determine: Insufficient information to determine the outcome."
        },
        "answer": "B",
        "distance": "outer"
    },
    {
        "case_id": "CWE563_Unused_Variable__unused_init_variable_int_01_bad",
        "org_code": "Original Code Snippet:\nvoid Sample_Func()\n{\n    int data;\n    data = 5;\n    ;  \n}\n",
        "new_code": "Code Snippet Variant:\nstatic int StaticValue = 824;\nvoid Sample_Func()\n{\n    int data;\n    data = 5;\n    if (StaticValue==979)\n    {\n        ;  \n    }\n    if (StaticValue==824)\n    {\n        ;  \n    }\n    if (StaticValue==669)\n    {\n        printIntLine(data);\n    }\n}\n",
        "CWE_ID": "CWE563",
        "question": "Question: What happens if we replace the following original code snippet with the proposed variants? Will the vulnerability CWE563 be triggered, and how does it affect the functionality of the code?",
        "choices": {
            "A": "No, Function Preserved: The vulnerability CWE563 will not be triggered, and the original functionality is fully preserved.",
            "B": "No, Function Impaired: The vulnerability CWE563 will not be triggered, but the functionality of the original code is impaired.",
            "C": "Yes: The vulnerability CWE563 will still be triggered.",
            "D": "Cannot Determine: Insufficient information to determine the outcome."
        },
        "answer": "C",
        "distance": "inner_0"
    },
    {
        "case_id": "CWE563_Unused_Variable__unused_init_variable_int_01_bad",
        "org_code": "Original Code Snippet:\nvoid Sample_Func()\n{\n    int data;\n    data = 5;\n    ;  \n}\n",
        "new_code": "Code Snippet Variant:\nstatic int StaticValue = 824;\nvoid Sample_Func()\n{\n    if (StaticValue==824)\n    {\n        {\n            int data;\n            data = 5;\n            if (StaticValue==979)\n            {\n                ;  \n            }\n            if (StaticValue==824)\n            {\n                ;  \n            }\n            if (StaticValue==669)\n            {\n                printIntLine(data);\n            }\n        }\n    }\n    if (StaticValue==861)\n    {\n        {\n            int data;\n            data = 5;\n            ;  \n        }\n    }\n    if (StaticValue==787)\n    {\n        {\n            int data;\n            data = 5;\n            printIntLine(data);\n        }\n    }\n}\n",
        "CWE_ID": "CWE563",
        "question": "Question: What happens if we replace the following original code snippet with the proposed variants? Will the vulnerability CWE563 be triggered, and how does it affect the functionality of the code?",
        "choices": {
            "A": "No, Function Preserved: The vulnerability CWE563 will not be triggered, and the original functionality is fully preserved.",
            "B": "No, Function Impaired: The vulnerability CWE563 will not be triggered, but the functionality of the original code is impaired.",
            "C": "Yes: The vulnerability CWE563 will still be triggered.",
            "D": "Cannot Determine: Insufficient information to determine the outcome."
        },
        "answer": "C",
        "distance": "inner_outer_0"
    },
    {
        "case_id": "CWE563_Unused_Variable__unused_init_variable_int_01_bad",
        "org_code": "Original Code Snippet:\nvoid Sample_Func()\n{\n    int data;\n    data = 5;\n    ;  \n}\n",
        "new_code": "Code Snippet Variant:\nstatic int StaticValue = 824;\nvoid Sample_Func()\n{\n    int data;\n    data = 5;\n    if(824==824)\n    {\n        if (StaticValue==979)\n        {\n            ;  \n        }\n    }\n    if(StaticValue==824)\n    {\n        if (StaticValue==824)\n        {\n            ;  \n        }\n    }\n    if (StaticValue==669)\n    {\n        printIntLine(data);\n    }\n}\n",
        "CWE_ID": "CWE563",
        "question": "Question: What happens if we replace the following original code snippet with the proposed variants? Will the vulnerability CWE563 be triggered, and how does it affect the functionality of the code?",
        "choices": {
            "A": "No, Function Preserved: The vulnerability CWE563 will not be triggered, and the original functionality is fully preserved.",
            "B": "No, Function Impaired: The vulnerability CWE563 will not be triggered, but the functionality of the original code is impaired.",
            "C": "Yes: The vulnerability CWE563 will still be triggered.",
            "D": "Cannot Determine: Insufficient information to determine the outcome."
        },
        "answer": "C",
        "distance": "inner_variant_0"
    },
    {
        "case_id": "CWE563_Unused_Variable__unused_init_variable_int_01_bad",
        "org_code": "Original Code Snippet:\nvoid Sample_Func()\n{\n    int data;\n    data = 5;\n    ;  \n}\n",
        "new_code": "Code Snippet Variant:\nstatic int StaticValue = 824;\nvoid Sample_Func()\n{\n    if (StaticValue==824)\n    {\n        {\n            int data;\n            data = 5;\n            ;  \n        }\n    }\n    if (StaticValue==861)\n    {\n        {\n            int data;\n            data = 5;\n            ;  \n        }\n    }\n    if (StaticValue==787)\n    {\n        {\n            int data;\n            data = 5;\n            printIntLine(data);\n        }\n    }\n}\n",
        "CWE_ID": "CWE563",
        "question": "Question: What happens if we replace the following original code snippet with the proposed variants? Will the vulnerability CWE563 be triggered, and how does it affect the functionality of the code?",
        "choices": {
            "A": "No, Function Preserved: The vulnerability CWE563 will not be triggered, and the original functionality is fully preserved.",
            "B": "No, Function Impaired: The vulnerability CWE563 will not be triggered, but the functionality of the original code is impaired.",
            "C": "Yes: The vulnerability CWE563 will still be triggered.",
            "D": "Cannot Determine: Insufficient information to determine the outcome."
        },
        "answer": "C",
        "distance": "outer"
    }
]