[
    {
        "case_id": "CWE272_Least_Privilege_Violation__w32_char_CreateProcessAsUser_01_bad",
        "org_code": "Original Code Snippet:\nvoid Sample_Func()\n{\n    {\n        STARTUPINFOA si;\n        PROCESS_INFORMATION pi;\n        HANDLE pHandle = NULL;\n        if(!CreateProcessAsUserA(pHandle,\n                                 NULL,\n                                 \"C:\\\\Program Files\\\\CatApp arg1 arg2\",\n                                 NULL,\n                                 NULL,\n                                 FALSE,\n                                 DETACHED_PROCESS,\n                                 NULL,\n                                 NULL,\n                                 &si,\n                                 &pi))\n        {\n            printLine(\"CreateProcessAsUser failed\");\n            RevertToSelf();\n            CloseHandle(pHandle);\n            return;\n        }\n        else\n        {\n            printLine(\"CreateProcessAUser successful\");\n        }\n        WaitForSingleObject(pi.hProcess, INFINITE);\n        CloseHandle(pi.hProcess);\n        CloseHandle(pi.hThread);\n        CloseHandle(pHandle);\n    }\n}\n",
        "new_code": "Code Snippet Variant:\nstatic int StaticValue = 450;\nvoid Sample_Func()\n{\n    if (StaticValue==407)\n    {\n        {\n            {\n                STARTUPINFOA si;\n                PROCESS_INFORMATION pi;\n                HANDLE pHandle = NULL;\n                if(!CreateProcessAsUserA(pHandle,\n                                         NULL,\n                                         \"C:\\\\Program Files\\\\CatApp arg1 arg2\",\n                                         NULL,\n                                         NULL,\n                                         FALSE,\n                                         DETACHED_PROCESS,\n                                         NULL,\n                                         NULL,\n                                         &si,\n                                         &pi))\n                {\n                    printLine(\"CreateProcessAsUser failed\");\n                    RevertToSelf();\n                    CloseHandle(pHandle);\n                    return;\n                }\n                else\n                {\n                    printLine(\"CreateProcessAUser successful\");\n                }\n                WaitForSingleObject(pi.hProcess, INFINITE);\n                CloseHandle(pi.hProcess);\n                CloseHandle(pi.hThread);\n                CloseHandle(pHandle);\n            }\n        }\n    }\n    if (StaticValue==493)\n    {\n        {\n            {\n                STARTUPINFOA si;\n                PROCESS_INFORMATION pi;\n                HANDLE pHandle = NULL;\n                if(!CreateProcessAsUserA(pHandle,\n                                         NULL,\n                                         \"\\\"C:\\\\Program Files\\\\CatApp\\\" arg1 arg2\",\n                                         NULL,\n                                         NULL,\n                                         FALSE,\n                                         DETACHED_PROCESS,\n                                         NULL,\n                                         NULL,\n                                         &si,\n                                         &pi))\n                {\n                    printLine(\"CreateProcessAsUser failed\");\n                    RevertToSelf();\n                    CloseHandle(pHandle);\n                    return;\n                }\n                else\n                {\n                    printLine(\"CreateProcessAUser successful\");\n                }\n                WaitForSingleObject(pi.hProcess, INFINITE);\n                CloseHandle(pi.hProcess);\n                CloseHandle(pi.hThread);\n                CloseHandle(pHandle);\n            }\n        }\n    }\n    if (StaticValue==450)\n    {\n        {\n            {\n                STARTUPINFOA si;\n                PROCESS_INFORMATION pi;\n                HANDLE pHandle = NULL;\n                if(!CreateProcessAsUserA(pHandle,\n                                         NULL,\n                                         \"\\\"C:\\\\Program Files\\\\CatApp\\\" arg1 arg2\",\n                                         NULL,\n                                         NULL,\n                                         FALSE,\n                                         DETACHED_PROCESS,\n                                         NULL,\n                                         NULL,\n                                         &si,\n                                         &pi))\n                {\n                    printLine(\"CreateProcessAsUser failed\");\n                    RevertToSelf();\n                    CloseHandle(pHandle);\n                    return;\n                }\n                else\n                {\n                    printLine(\"CreateProcessAUser successful\");\n                }\n                WaitForSingleObject(pi.hProcess, INFINITE);\n                CloseHandle(pi.hProcess);\n                CloseHandle(pi.hThread);\n                CloseHandle(pHandle);\n            }\n        }\n    }\n}\n",
        "CWE_ID": "CWE272",
        "question": "Question: What happens if we replace the following original code snippet with the proposed variants? Will the vulnerability CWE272 be triggered, and how does it affect the functionality of the code?",
        "choices": {
            "A": "No, Function Preserved: The vulnerability CWE272 will not be triggered, and the original functionality is fully preserved.",
            "B": "No, Function Impaired: The vulnerability CWE272 will not be triggered, but the functionality of the original code is impaired.",
            "C": "Yes: The vulnerability CWE272 will still be triggered.",
            "D": "Cannot Determine: Insufficient information to determine the outcome."
        },
        "answer": "A",
        "distance": "outer"
    },
    {
        "case_id": "CWE272_Least_Privilege_Violation__w32_char_CreateProcessAsUser_01_bad",
        "org_code": "Original Code Snippet:\nvoid Sample_Func()\n{\n    {\n        STARTUPINFOA si;\n        PROCESS_INFORMATION pi;\n        HANDLE pHandle = NULL;\n        if(!CreateProcessAsUserA(pHandle,\n                                 NULL,\n                                 \"C:\\\\Program Files\\\\CatApp arg1 arg2\",\n                                 NULL,\n                                 NULL,\n                                 FALSE,\n                                 DETACHED_PROCESS,\n                                 NULL,\n                                 NULL,\n                                 &si,\n                                 &pi))\n        {\n            printLine(\"CreateProcessAsUser failed\");\n            RevertToSelf();\n            CloseHandle(pHandle);\n            return;\n        }\n        else\n        {\n            printLine(\"CreateProcessAUser successful\");\n        }\n        WaitForSingleObject(pi.hProcess, INFINITE);\n        CloseHandle(pi.hProcess);\n        CloseHandle(pi.hThread);\n        CloseHandle(pHandle);\n    }\n}\n",
        "new_code": "Code Snippet Variant:\nstatic int StaticValue = 467;\nvoid Sample_Func()\n{\n    if (StaticValue==407)\n    {\n        {\n            {\n                STARTUPINFOA si;\n                PROCESS_INFORMATION pi;\n                HANDLE pHandle = NULL;\n                if(!CreateProcessAsUserA(pHandle,\n                                         NULL,\n                                         \"C:\\\\Program Files\\\\CatApp arg1 arg2\",\n                                         NULL,\n                                         NULL,\n                                         FALSE,\n                                         DETACHED_PROCESS,\n                                         NULL,\n                                         NULL,\n                                         &si,\n                                         &pi))\n                {\n                    printLine(\"CreateProcessAsUser failed\");\n                    RevertToSelf();\n                    CloseHandle(pHandle);\n                    return;\n                }\n                else\n                {\n                    printLine(\"CreateProcessAUser successful\");\n                }\n                WaitForSingleObject(pi.hProcess, INFINITE);\n                CloseHandle(pi.hProcess);\n                CloseHandle(pi.hThread);\n                CloseHandle(pHandle);\n            }\n        }\n    }\n    if(StaticValue==467)\n    {\n        int socketDescriptor;\n        int connectionStatus = 0;\n        char networkBuffer[256];\n        for (socketDescriptor = 0; socketDescriptor < 5; socketDescriptor++) {\n            if (connectionStatus == 0) {\n                networkBuffer[socketDescriptor] = 'A';\n            } else {\n                networkBuffer[socketDescriptor] = '0';\n            }\n        }\n        printLine(\"Successful! Problem Resolved!\");\n    }\n    if (StaticValue==493)\n    {\n        {\n            {\n                STARTUPINFOA si;\n                PROCESS_INFORMATION pi;\n                HANDLE pHandle = NULL;\n                if(!CreateProcessAsUserA(pHandle,\n                                         NULL,\n                                         \"\\\"C:\\\\Program Files\\\\CatApp\\\" arg1 arg2\",\n                                         NULL,\n                                         NULL,\n                                         FALSE,\n                                         DETACHED_PROCESS,\n                                         NULL,\n                                         NULL,\n                                         &si,\n                                         &pi))\n                {\n                    printLine(\"CreateProcessAsUser failed\");\n                    RevertToSelf();\n                    CloseHandle(pHandle);\n                    return;\n                }\n                else\n                {\n                    printLine(\"CreateProcessAUser successful\");\n                }\n                WaitForSingleObject(pi.hProcess, INFINITE);\n                CloseHandle(pi.hProcess);\n                CloseHandle(pi.hThread);\n                CloseHandle(pHandle);\n            }\n        }\n    }\n    if (StaticValue==450)\n    {\n        {\n            {\n                STARTUPINFOA si;\n                PROCESS_INFORMATION pi;\n                HANDLE pHandle = NULL;\n                if(!CreateProcessAsUserA(pHandle,\n                                         NULL,\n                                         \"\\\"C:\\\\Program Files\\\\CatApp\\\" arg1 arg2\",\n                                         NULL,\n                                         NULL,\n                                         FALSE,\n                                         DETACHED_PROCESS,\n                                         NULL,\n                                         NULL,\n                                         &si,\n                                         &pi))\n                {\n                    printLine(\"CreateProcessAsUser failed\");\n                    RevertToSelf();\n                    CloseHandle(pHandle);\n                    return;\n                }\n                else\n                {\n                    printLine(\"CreateProcessAUser successful\");\n                }\n                WaitForSingleObject(pi.hProcess, INFINITE);\n                CloseHandle(pi.hProcess);\n                CloseHandle(pi.hThread);\n                CloseHandle(pHandle);\n            }\n        }\n    }\n}\n",
        "CWE_ID": "CWE272",
        "question": "Question: What happens if we replace the following original code snippet with the proposed variants? Will the vulnerability CWE272 be triggered, and how does it affect the functionality of the code?",
        "choices": {
            "A": "No, Function Preserved: The vulnerability CWE272 will not be triggered, and the original functionality is fully preserved.",
            "B": "No, Function Impaired: The vulnerability CWE272 will not be triggered, but the functionality of the original code is impaired.",
            "C": "Yes: The vulnerability CWE272 will still be triggered.",
            "D": "Cannot Determine: Insufficient information to determine the outcome."
        },
        "answer": "B",
        "distance": "outer"
    },
    {
        "case_id": "CWE272_Least_Privilege_Violation__w32_char_CreateProcessAsUser_01_bad",
        "org_code": "Original Code Snippet:\nvoid Sample_Func()\n{\n    {\n        STARTUPINFOA si;\n        PROCESS_INFORMATION pi;\n        HANDLE pHandle = NULL;\n        if(!CreateProcessAsUserA(pHandle,\n                                 NULL,\n                                 \"C:\\\\Program Files\\\\CatApp arg1 arg2\",\n                                 NULL,\n                                 NULL,\n                                 FALSE,\n                                 DETACHED_PROCESS,\n                                 NULL,\n                                 NULL,\n                                 &si,\n                                 &pi))\n        {\n            printLine(\"CreateProcessAsUser failed\");\n            RevertToSelf();\n            CloseHandle(pHandle);\n            return;\n        }\n        else\n        {\n            printLine(\"CreateProcessAUser successful\");\n        }\n        WaitForSingleObject(pi.hProcess, INFINITE);\n        CloseHandle(pi.hProcess);\n        CloseHandle(pi.hThread);\n        CloseHandle(pHandle);\n    }\n}\n",
        "new_code": "Code Snippet Variant:\nstatic int StaticValue = 919;\nvoid Sample_Func()\n{\n    if (StaticValue==919)\n    {\n        {\n            {\n                STARTUPINFOA si;\n                PROCESS_INFORMATION pi;\n                HANDLE pHandle = NULL;\n                if(!CreateProcessAsUserA(pHandle,\n                                         NULL,\n                                         \"C:\\\\Program Files\\\\CatApp arg1 arg2\",\n                                         NULL,\n                                         NULL,\n                                         FALSE,\n                                         DETACHED_PROCESS,\n                                         NULL,\n                                         NULL,\n                                         &si,\n                                         &pi))\n                {\n                    printLine(\"CreateProcessAsUser failed\");\n                    RevertToSelf();\n                    CloseHandle(pHandle);\n                    return;\n                }\n                else\n                {\n                    printLine(\"CreateProcessAUser successful\");\n                }\n                WaitForSingleObject(pi.hProcess, INFINITE);\n                CloseHandle(pi.hProcess);\n                CloseHandle(pi.hThread);\n                CloseHandle(pHandle);\n            }\n        }\n    }\n    if (StaticValue==995)\n    {\n        {\n            {\n                STARTUPINFOA si;\n                PROCESS_INFORMATION pi;\n                HANDLE pHandle = NULL;\n                if(!CreateProcessAsUserA(pHandle,\n                                         NULL,\n                                         \"C:\\\\Program Files\\\\CatApp arg1 arg2\",\n                                         NULL,\n                                         NULL,\n                                         FALSE,\n                                         DETACHED_PROCESS,\n                                         NULL,\n                                         NULL,\n                                         &si,\n                                         &pi))\n                {\n                    printLine(\"CreateProcessAsUser failed\");\n                    RevertToSelf();\n                    CloseHandle(pHandle);\n                    return;\n                }\n                else\n                {\n                    printLine(\"CreateProcessAUser successful\");\n                }\n                WaitForSingleObject(pi.hProcess, INFINITE);\n                CloseHandle(pi.hProcess);\n                CloseHandle(pi.hThread);\n                CloseHandle(pHandle);\n            }\n        }\n    }\n    if (StaticValue==843)\n    {\n        {\n            {\n                STARTUPINFOA si;\n                PROCESS_INFORMATION pi;\n                HANDLE pHandle = NULL;\n                if(!CreateProcessAsUserA(pHandle,\n                                         NULL,\n                                         \"\\\"C:\\\\Program Files\\\\CatApp\\\" arg1 arg2\",\n                                         NULL,\n                                         NULL,\n                                         FALSE,\n                                         DETACHED_PROCESS,\n                                         NULL,\n                                         NULL,\n                                         &si,\n                                         &pi))\n                {\n                    printLine(\"CreateProcessAsUser failed\");\n                    RevertToSelf();\n                    CloseHandle(pHandle);\n                    return;\n                }\n                else\n                {\n                    printLine(\"CreateProcessAUser successful\");\n                }\n                WaitForSingleObject(pi.hProcess, INFINITE);\n                CloseHandle(pi.hProcess);\n                CloseHandle(pi.hThread);\n                CloseHandle(pHandle);\n            }\n        }\n    }\n}\n",
        "CWE_ID": "CWE272",
        "question": "Question: What happens if we replace the following original code snippet with the proposed variants? Will the vulnerability CWE272 be triggered, and how does it affect the functionality of the code?",
        "choices": {
            "A": "No, Function Preserved: The vulnerability CWE272 will not be triggered, and the original functionality is fully preserved.",
            "B": "No, Function Impaired: The vulnerability CWE272 will not be triggered, but the functionality of the original code is impaired.",
            "C": "Yes: The vulnerability CWE272 will still be triggered.",
            "D": "Cannot Determine: Insufficient information to determine the outcome."
        },
        "answer": "C",
        "distance": "outer"
    }
]