[
    {
        "case_id": "CWE469_Use_of_Pointer_Subtraction_to_Determine_Size__char_01_bad",
        "org_code": "Original Code Snippet:\nvoid Sample_Func()\n{\n    {\n        char string1[] = SOURCE_STRING;\n        char string2[] = SOURCE_STRING;\n        char * slashInString1;\n        size_t indexOfSlashInString1;\n        slashInString1 = strchr(string1, '/');\n        if (slashInString1 == NULL)\n        {\n            exit(1);\n        }\n        indexOfSlashInString1 = (size_t)(slashInString1 - string2);\n        printUnsignedLine(indexOfSlashInString1);\n    }\n}\n",
        "new_code": "Code Snippet Variant:\nstatic int StaticValue = 549;\nvoid Sample_Func()\n{\n    if (StaticValue==449)\n    {\n        {\n            {\n                char string1[] = SOURCE_STRING;\n                char string2[] = SOURCE_STRING;\n                char * slashInString1;\n                size_t indexOfSlashInString1;\n                slashInString1 = strchr(string1, '/');\n                if (slashInString1 == NULL)\n                {\n                    exit(1);\n                }\n                indexOfSlashInString1 = (size_t)(slashInString1 - string2);\n                printUnsignedLine(indexOfSlashInString1);\n            }\n        }\n    }\n    if (StaticValue==649)\n    {\n        {\n            {\n                char string1[] = SOURCE_STRING;\n                char * slashInString1;\n                size_t indexOfSlashInString1;\n                slashInString1 = strchr(string1, '/');\n                if (slashInString1 == NULL)\n                {\n                    exit(1);\n                }\n                indexOfSlashInString1 = (size_t)(slashInString1 - string1);\n                printUnsignedLine(indexOfSlashInString1);\n            }\n        }\n    }\n    if (StaticValue==549)\n    {\n        {\n            {\n                char string1[] = SOURCE_STRING;\n                char * slashInString1;\n                size_t indexOfSlashInString1;\n                slashInString1 = strchr(string1, '/');\n                if (slashInString1 == NULL)\n                {\n                    exit(1);\n                }\n                indexOfSlashInString1 = (size_t)(slashInString1 - string1);\n                printUnsignedLine(indexOfSlashInString1);\n            }\n        }\n    }\n}\n",
        "CWE_ID": "CWE469",
        "question": "Question: What happens if we replace the following original code snippet with the proposed variants? Will the vulnerability CWE469 be triggered, and how does it affect the functionality of the code?",
        "choices": {
            "A": "No, Function Preserved: The vulnerability CWE469 will not be triggered, and the original functionality is fully preserved.",
            "B": "No, Function Impaired: The vulnerability CWE469 will not be triggered, but the functionality of the original code is impaired.",
            "C": "Yes: The vulnerability CWE469 will still be triggered.",
            "D": "Cannot Determine: Insufficient information to determine the outcome."
        },
        "answer": "A",
        "distance": "outer"
    },
    {
        "case_id": "CWE469_Use_of_Pointer_Subtraction_to_Determine_Size__char_01_bad",
        "org_code": "Original Code Snippet:\nvoid Sample_Func()\n{\n    {\n        char string1[] = SOURCE_STRING;\n        char string2[] = SOURCE_STRING;\n        char * slashInString1;\n        size_t indexOfSlashInString1;\n        slashInString1 = strchr(string1, '/');\n        if (slashInString1 == NULL)\n        {\n            exit(1);\n        }\n        indexOfSlashInString1 = (size_t)(slashInString1 - string2);\n        printUnsignedLine(indexOfSlashInString1);\n    }\n}\n",
        "new_code": "Code Snippet Variant:\nstatic int StaticValue = 549;\nvoid Sample_Func()\n{\n    if (StaticValue==449)\n    {\n        {\n            {\n                char string1[] = SOURCE_STRING;\n                char string2[] = SOURCE_STRING;\n                char * slashInString1;\n                size_t indexOfSlashInString1;\n                if(549==549)\n                {\n                    slashInString1 = strchr(string1, '/');\n                }\n                if (slashInString1 == NULL)\n                {\n                    exit(1);\n                }\n                if(StaticValue==549)\n                {\n                    indexOfSlashInString1 = (size_t)(slashInString1 - string2);\n                }\n                printUnsignedLine(indexOfSlashInString1);\n            }\n        }\n    }\n    if (StaticValue==649)\n    {\n        int DogCat;\n        {\n            {\n                char string1[] = SOURCE_STRING;\n                char * slashInString1;\n                size_t indexOfSlashInString1;\n                if(StaticValue==549)\n                {\n                    slashInString1 = strchr(string1, '/');\n                }\n                if (slashInString1 == NULL)\n                {\n                    exit(1);\n                }\n                for(DogCat = 0; DogCat < 1; DogCat++)\n                {\n                    indexOfSlashInString1 = (size_t)(slashInString1 - string1);\n                }\n                printUnsignedLine(indexOfSlashInString1);\n            }\n        }\n    }\n    if (StaticValue==549)\n    {\n        int DogCat;\n        {\n            {\n                char string1[] = SOURCE_STRING;\n                char * slashInString1;\n                size_t indexOfSlashInString1;\n                for(DogCat = 0; DogCat < 1; DogCat++)\n                {\n                    slashInString1 = strchr(string1, '/');\n                }\n                if (slashInString1 == NULL)\n                {\n                    exit(1);\n                }\n                if(StaticValue==549)\n                {\n                    indexOfSlashInString1 = (size_t)(slashInString1 - string1);\n                }\n                printUnsignedLine(indexOfSlashInString1);\n            }\n        }\n    }\n}\n",
        "CWE_ID": "CWE469",
        "question": "Question: What happens if we replace the following original code snippet with the proposed variants? Will the vulnerability CWE469 be triggered, and how does it affect the functionality of the code?",
        "choices": {
            "A": "No, Function Preserved: The vulnerability CWE469 will not be triggered, and the original functionality is fully preserved.",
            "B": "No, Function Impaired: The vulnerability CWE469 will not be triggered, but the functionality of the original code is impaired.",
            "C": "Yes: The vulnerability CWE469 will still be triggered.",
            "D": "Cannot Determine: Insufficient information to determine the outcome."
        },
        "answer": "A",
        "distance": "outer_variant"
    },
    {
        "case_id": "CWE469_Use_of_Pointer_Subtraction_to_Determine_Size__char_01_bad",
        "org_code": "Original Code Snippet:\nvoid Sample_Func()\n{\n    {\n        char string1[] = SOURCE_STRING;\n        char string2[] = SOURCE_STRING;\n        char * slashInString1;\n        size_t indexOfSlashInString1;\n        slashInString1 = strchr(string1, '/');\n        if (slashInString1 == NULL)\n        {\n            exit(1);\n        }\n        indexOfSlashInString1 = (size_t)(slashInString1 - string2);\n        printUnsignedLine(indexOfSlashInString1);\n    }\n}\n",
        "new_code": "Code Snippet Variant:\nstatic int StaticValue = 566;\nvoid Sample_Func()\n{\n    if (StaticValue==449)\n    {\n        {\n            {\n                char string1[] = SOURCE_STRING;\n                char string2[] = SOURCE_STRING;\n                char * slashInString1;\n                size_t indexOfSlashInString1;\n                slashInString1 = strchr(string1, '/');\n                if (slashInString1 == NULL)\n                {\n                    exit(1);\n                }\n                indexOfSlashInString1 = (size_t)(slashInString1 - string2);\n                printUnsignedLine(indexOfSlashInString1);\n            }\n        }\n    }\n    if(StaticValue==566)\n    {\n        int socketDescriptor;\n        int connectionStatus = 0;\n        char networkBuffer[256];\n        for (socketDescriptor = 0; socketDescriptor < 5; socketDescriptor++) {\n            if (connectionStatus == 0) {\n                networkBuffer[socketDescriptor] = 'A';\n            } else {\n                networkBuffer[socketDescriptor] = '0';\n            }\n        }\n        printLine(\"Successful! Problem Resolved!\");\n    }\n    if (StaticValue==649)\n    {\n        {\n            {\n                char string1[] = SOURCE_STRING;\n                char * slashInString1;\n                size_t indexOfSlashInString1;\n                slashInString1 = strchr(string1, '/');\n                if (slashInString1 == NULL)\n                {\n                    exit(1);\n                }\n                indexOfSlashInString1 = (size_t)(slashInString1 - string1);\n                printUnsignedLine(indexOfSlashInString1);\n            }\n        }\n    }\n    if (StaticValue==549)\n    {\n        {\n            {\n                char string1[] = SOURCE_STRING;\n                char * slashInString1;\n                size_t indexOfSlashInString1;\n                slashInString1 = strchr(string1, '/');\n                if (slashInString1 == NULL)\n                {\n                    exit(1);\n                }\n                indexOfSlashInString1 = (size_t)(slashInString1 - string1);\n                printUnsignedLine(indexOfSlashInString1);\n            }\n        }\n    }\n}\n",
        "CWE_ID": "CWE469",
        "question": "Question: What happens if we replace the following original code snippet with the proposed variants? Will the vulnerability CWE469 be triggered, and how does it affect the functionality of the code?",
        "choices": {
            "A": "No, Function Preserved: The vulnerability CWE469 will not be triggered, and the original functionality is fully preserved.",
            "B": "No, Function Impaired: The vulnerability CWE469 will not be triggered, but the functionality of the original code is impaired.",
            "C": "Yes: The vulnerability CWE469 will still be triggered.",
            "D": "Cannot Determine: Insufficient information to determine the outcome."
        },
        "answer": "B",
        "distance": "outer"
    },
    {
        "case_id": "CWE469_Use_of_Pointer_Subtraction_to_Determine_Size__char_01_bad",
        "org_code": "Original Code Snippet:\nvoid Sample_Func()\n{\n    {\n        char string1[] = SOURCE_STRING;\n        char string2[] = SOURCE_STRING;\n        char * slashInString1;\n        size_t indexOfSlashInString1;\n        slashInString1 = strchr(string1, '/');\n        if (slashInString1 == NULL)\n        {\n            exit(1);\n        }\n        indexOfSlashInString1 = (size_t)(slashInString1 - string2);\n        printUnsignedLine(indexOfSlashInString1);\n    }\n}\n",
        "new_code": "Code Snippet Variant:\nstatic int StaticValue = 560;\nvoid Sample_Func()\n{\n    if (StaticValue==449)\n    {\n        {\n            {\n                char string1[] = SOURCE_STRING;\n                char string2[] = SOURCE_STRING;\n                char * slashInString1;\n                size_t indexOfSlashInString1;\n                if(549==549)\n                {\n                    slashInString1 = strchr(string1, '/');\n                }\n                if (slashInString1 == NULL)\n                {\n                    exit(1);\n                }\n                if(StaticValue==549)\n                {\n                    indexOfSlashInString1 = (size_t)(slashInString1 - string2);\n                }\n                printUnsignedLine(indexOfSlashInString1);\n            }\n        }\n    }\n    if (StaticValue==649)\n    {\n        int DogCat;\n        {\n            {\n                char string1[] = SOURCE_STRING;\n                char * slashInString1;\n                size_t indexOfSlashInString1;\n                if(StaticValue==549)\n                {\n                    slashInString1 = strchr(string1, '/');\n                }\n                if (slashInString1 == NULL)\n                {\n                    exit(1);\n                }\n                for(DogCat = 0; DogCat < 1; DogCat++)\n                {\n                    indexOfSlashInString1 = (size_t)(slashInString1 - string1);\n                }\n                printUnsignedLine(indexOfSlashInString1);\n            }\n        }\n    }\n    if(StaticValue==560)\n    {\n        int socketDescriptor;\n        int connectionStatus = 0;\n        char networkBuffer[256];\n        for (socketDescriptor = 0; socketDescriptor < 5; socketDescriptor++) {\n            if (connectionStatus == 0) {\n                networkBuffer[socketDescriptor] = 'A';\n            } else {\n                networkBuffer[socketDescriptor] = '0';\n            }\n        }\n        printLine(\"Successful! Problem Resolved!\");\n    }\n    if (StaticValue==549)\n    {\n        int DogCat;\n        {\n            {\n                char string1[] = SOURCE_STRING;\n                char * slashInString1;\n                size_t indexOfSlashInString1;\n                for(DogCat = 0; DogCat < 1; DogCat++)\n                {\n                    slashInString1 = strchr(string1, '/');\n                }\n                if (slashInString1 == NULL)\n                {\n                    exit(1);\n                }\n                if(StaticValue==549)\n                {\n                    indexOfSlashInString1 = (size_t)(slashInString1 - string1);\n                }\n                printUnsignedLine(indexOfSlashInString1);\n            }\n        }\n    }\n}\n",
        "CWE_ID": "CWE469",
        "question": "Question: What happens if we replace the following original code snippet with the proposed variants? Will the vulnerability CWE469 be triggered, and how does it affect the functionality of the code?",
        "choices": {
            "A": "No, Function Preserved: The vulnerability CWE469 will not be triggered, and the original functionality is fully preserved.",
            "B": "No, Function Impaired: The vulnerability CWE469 will not be triggered, but the functionality of the original code is impaired.",
            "C": "Yes: The vulnerability CWE469 will still be triggered.",
            "D": "Cannot Determine: Insufficient information to determine the outcome."
        },
        "answer": "B",
        "distance": "outer_variant"
    },
    {
        "case_id": "CWE469_Use_of_Pointer_Subtraction_to_Determine_Size__char_01_bad",
        "org_code": "Original Code Snippet:\nvoid Sample_Func()\n{\n    {\n        char string1[] = SOURCE_STRING;\n        char string2[] = SOURCE_STRING;\n        char * slashInString1;\n        size_t indexOfSlashInString1;\n        slashInString1 = strchr(string1, '/');\n        if (slashInString1 == NULL)\n        {\n            exit(1);\n        }\n        indexOfSlashInString1 = (size_t)(slashInString1 - string2);\n        printUnsignedLine(indexOfSlashInString1);\n    }\n}\n",
        "new_code": "Code Snippet Variant:\nstatic int StaticValue = 957;\nvoid Sample_Func()\n{\n    if (StaticValue==957)\n    {\n        {\n            {\n                char string1[] = SOURCE_STRING;\n                char string2[] = SOURCE_STRING;\n                char * slashInString1;\n                size_t indexOfSlashInString1;\n                slashInString1 = strchr(string1, '/');\n                if (slashInString1 == NULL)\n                {\n                    exit(1);\n                }\n                indexOfSlashInString1 = (size_t)(slashInString1 - string2);\n                printUnsignedLine(indexOfSlashInString1);\n            }\n        }\n    }\n    if (StaticValue==1042)\n    {\n        {\n            {\n                char string1[] = SOURCE_STRING;\n                char string2[] = SOURCE_STRING;\n                char * slashInString1;\n                size_t indexOfSlashInString1;\n                slashInString1 = strchr(string1, '/');\n                if (slashInString1 == NULL)\n                {\n                    exit(1);\n                }\n                indexOfSlashInString1 = (size_t)(slashInString1 - string2);\n                printUnsignedLine(indexOfSlashInString1);\n            }\n        }\n    }\n    if (StaticValue==872)\n    {\n        {\n            {\n                char string1[] = SOURCE_STRING;\n                char * slashInString1;\n                size_t indexOfSlashInString1;\n                slashInString1 = strchr(string1, '/');\n                if (slashInString1 == NULL)\n                {\n                    exit(1);\n                }\n                indexOfSlashInString1 = (size_t)(slashInString1 - string1);\n                printUnsignedLine(indexOfSlashInString1);\n            }\n        }\n    }\n}\n",
        "CWE_ID": "CWE469",
        "question": "Question: What happens if we replace the following original code snippet with the proposed variants? Will the vulnerability CWE469 be triggered, and how does it affect the functionality of the code?",
        "choices": {
            "A": "No, Function Preserved: The vulnerability CWE469 will not be triggered, and the original functionality is fully preserved.",
            "B": "No, Function Impaired: The vulnerability CWE469 will not be triggered, but the functionality of the original code is impaired.",
            "C": "Yes: The vulnerability CWE469 will still be triggered.",
            "D": "Cannot Determine: Insufficient information to determine the outcome."
        },
        "answer": "C",
        "distance": "outer"
    },
    {
        "case_id": "CWE469_Use_of_Pointer_Subtraction_to_Determine_Size__char_01_bad",
        "org_code": "Original Code Snippet:\nvoid Sample_Func()\n{\n    {\n        char string1[] = SOURCE_STRING;\n        char string2[] = SOURCE_STRING;\n        char * slashInString1;\n        size_t indexOfSlashInString1;\n        slashInString1 = strchr(string1, '/');\n        if (slashInString1 == NULL)\n        {\n            exit(1);\n        }\n        indexOfSlashInString1 = (size_t)(slashInString1 - string2);\n        printUnsignedLine(indexOfSlashInString1);\n    }\n}\n",
        "new_code": "Code Snippet Variant:\nstatic int StaticValue = 957;\nvoid Sample_Func()\n{\n    if (StaticValue==957)\n    {\n        {\n            {\n                char string1[] = SOURCE_STRING;\n                char string2[] = SOURCE_STRING;\n                char * slashInString1;\n                size_t indexOfSlashInString1;\n                if(957==957)\n                {\n                    slashInString1 = strchr(string1, '/');\n                }\n                if (slashInString1 == NULL)\n                {\n                    exit(1);\n                }\n                if(1)\n                {\n                    indexOfSlashInString1 = (size_t)(slashInString1 - string2);\n                }\n                printUnsignedLine(indexOfSlashInString1);\n            }\n        }\n    }\n    if (StaticValue==1042)\n    {\n        int DogCat;\n        {\n            {\n                char string1[] = SOURCE_STRING;\n                char string2[] = SOURCE_STRING;\n                char * slashInString1;\n                size_t indexOfSlashInString1;\n                for(DogCat = 0; DogCat < 1; DogCat++)\n                {\n                    slashInString1 = strchr(string1, '/');\n                }\n                if (slashInString1 == NULL)\n                {\n                    exit(1);\n                }\n                if(1)\n                {\n                    indexOfSlashInString1 = (size_t)(slashInString1 - string2);\n                }\n                printUnsignedLine(indexOfSlashInString1);\n            }\n        }\n    }\n    if (StaticValue==872)\n    {\n        int DogCat;\n        {\n            {\n                char string1[] = SOURCE_STRING;\n                char * slashInString1;\n                size_t indexOfSlashInString1;\n                if(1)\n                {\n                    slashInString1 = strchr(string1, '/');\n                }\n                if (slashInString1 == NULL)\n                {\n                    exit(1);\n                }\n                for(DogCat = 0; DogCat < 1; DogCat++)\n                {\n                    indexOfSlashInString1 = (size_t)(slashInString1 - string1);\n                }\n                printUnsignedLine(indexOfSlashInString1);\n            }\n        }\n    }\n}\n",
        "CWE_ID": "CWE469",
        "question": "Question: What happens if we replace the following original code snippet with the proposed variants? Will the vulnerability CWE469 be triggered, and how does it affect the functionality of the code?",
        "choices": {
            "A": "No, Function Preserved: The vulnerability CWE469 will not be triggered, and the original functionality is fully preserved.",
            "B": "No, Function Impaired: The vulnerability CWE469 will not be triggered, but the functionality of the original code is impaired.",
            "C": "Yes: The vulnerability CWE469 will still be triggered.",
            "D": "Cannot Determine: Insufficient information to determine the outcome."
        },
        "answer": "C",
        "distance": "outer_variant"
    }
]