[
    {
        "case_id": "CWE476_NULL_Pointer_Dereference__long_01_bad",
        "org_code": "Original Code Snippet:\nvoid Sample_Func()\n{\n    long * data;\n    data = NULL;\n    printLongLine(*data);\n}\n",
        "new_code": "Code Snippet Variant:\nstatic int StaticValue = 802;\nvoid Sample_Func()\n{\n    long * data;\n    if (StaticValue==634)\n    {\n        data = NULL;\n    }\n    if (StaticValue==970)\n    {\n        long tmpData = 5L;\n        {\n            data = &tmpData;\n        }\n    }\n    if (StaticValue==802)\n    {\n        long tmpData = 5L;\n        {\n            data = &tmpData;\n        }\n    }\n    printLongLine(*data);\n}\n",
        "CWE_ID": "CWE476",
        "question": "Question: What happens if we replace the following original code snippet with the proposed variants? Will the vulnerability CWE476 be triggered, and how does it affect the functionality of the code?",
        "choices": {
            "A": "No, Function Preserved: The vulnerability CWE476 will not be triggered, and the original functionality is fully preserved.",
            "B": "No, Function Impaired: The vulnerability CWE476 will not be triggered, but the functionality of the original code is impaired.",
            "C": "Yes: The vulnerability CWE476 will still be triggered.",
            "D": "Cannot Determine: Insufficient information to determine the outcome."
        },
        "answer": "A",
        "distance": "inner_0"
    },
    {
        "case_id": "CWE476_NULL_Pointer_Dereference__long_01_bad",
        "org_code": "Original Code Snippet:\nvoid Sample_Func()\n{\n    long * data;\n    data = NULL;\n    printLongLine(*data);\n}\n",
        "new_code": "Code Snippet Variant:\nstatic int StaticValue = 802;\nvoid Sample_Func()\n{\n    if (StaticValue==726)\n    {\n        {\n            long * data;\n            data = NULL;\n            printLongLine(*data);\n        }\n    }\n    if (StaticValue==1146)\n    {\n        {\n            long * data;\n            long tmpData = 5L;\n            {\n                data = &tmpData;\n            }\n            printLongLine(*data);\n        }\n    }\n    if (StaticValue==878)\n    {\n        {\n            long * data;\n            data = NULL;\n            if (data != NULL)\n            {\n                printLongLine(*data);\n            }\n            else\n            {\n                printLine(\"data is NULL\");\n            }\n        }\n    }\n    if (StaticValue==802)\n    {\n        {\n            long * data;\n            if (StaticValue==634)\n            {\n                data = NULL;\n            }\n            if (StaticValue==970)\n            {\n                long tmpData = 5L;\n                {\n                    data = &tmpData;\n                }\n            }\n            if (StaticValue==802)\n            {\n                long tmpData = 5L;\n                {\n                    data = &tmpData;\n                }\n            }\n            printLongLine(*data);\n        }\n    }\n    if (StaticValue==1058)\n    {\n        {\n            long * data;\n            data = NULL;\n            if (data != NULL)\n            {\n                printLongLine(*data);\n            }\n            else\n            {\n                printLine(\"data is NULL\");\n            }\n        }\n    }\n}\n",
        "CWE_ID": "CWE476",
        "question": "Question: What happens if we replace the following original code snippet with the proposed variants? Will the vulnerability CWE476 be triggered, and how does it affect the functionality of the code?",
        "choices": {
            "A": "No, Function Preserved: The vulnerability CWE476 will not be triggered, and the original functionality is fully preserved.",
            "B": "No, Function Impaired: The vulnerability CWE476 will not be triggered, but the functionality of the original code is impaired.",
            "C": "Yes: The vulnerability CWE476 will still be triggered.",
            "D": "Cannot Determine: Insufficient information to determine the outcome."
        },
        "answer": "A",
        "distance": "inner_outer_0"
    },
    {
        "case_id": "CWE476_NULL_Pointer_Dereference__long_01_bad",
        "org_code": "Original Code Snippet:\nvoid Sample_Func()\n{\n    long * data;\n    data = NULL;\n    printLongLine(*data);\n}\n",
        "new_code": "Code Snippet Variant:\nstatic int StaticValue = 802;\nvoid Sample_Func()\n{\n    if (StaticValue==726)\n    {\n        {\n            long * data;\n            data = NULL;\n            printLongLine(*data);\n        }\n    }\n    if (StaticValue==1146)\n    {\n        {\n            long * data;\n            long tmpData = 5L;\n            {\n                data = &tmpData;\n            }\n            printLongLine(*data);\n        }\n    }\n    if (StaticValue==878)\n    {\n        {\n            long * data;\n            data = NULL;\n            if (data != NULL)\n            {\n                printLongLine(*data);\n            }\n            else\n            {\n                printLine(\"data is NULL\");\n            }\n        }\n    }\n    if (StaticValue==802)\n    {\n        {\n            long * data;\n            if (StaticValue==634)\n            {\n                data = NULL;\n            }\n            if (StaticValue==970)\n            {\n                long tmpData = 5L;\n                if(802==802)\n                {\n                    {\n                        data = &tmpData;\n                    }\n                }\n            }\n            if (StaticValue==802)\n            {\n                long tmpData = 5L;\n                if(1)\n                {\n                    {\n                        data = &tmpData;\n                    }\n                }\n            }\n            printLongLine(*data);\n        }\n    }\n    if (StaticValue==1058)\n    {\n        {\n            long * data;\n            data = NULL;\n            if (data != NULL)\n            {\n                printLongLine(*data);\n            }\n            else\n            {\n                printLine(\"data is NULL\");\n            }\n        }\n    }\n}\n",
        "CWE_ID": "CWE476",
        "question": "Question: What happens if we replace the following original code snippet with the proposed variants? Will the vulnerability CWE476 be triggered, and how does it affect the functionality of the code?",
        "choices": {
            "A": "No, Function Preserved: The vulnerability CWE476 will not be triggered, and the original functionality is fully preserved.",
            "B": "No, Function Impaired: The vulnerability CWE476 will not be triggered, but the functionality of the original code is impaired.",
            "C": "Yes: The vulnerability CWE476 will still be triggered.",
            "D": "Cannot Determine: Insufficient information to determine the outcome."
        },
        "answer": "A",
        "distance": "inner_outer_variant_0"
    },
    {
        "case_id": "CWE476_NULL_Pointer_Dereference__long_01_bad",
        "org_code": "Original Code Snippet:\nvoid Sample_Func()\n{\n    long * data;\n    data = NULL;\n    printLongLine(*data);\n}\n",
        "new_code": "Code Snippet Variant:\nstatic int StaticValue = 802;\nvoid Sample_Func()\n{\n    int DogCat;\n    long * data;\n    for(DogCat = 0; DogCat < 1; DogCat++)\n    {\n        if (StaticValue==634)\n        {\n            data = NULL;\n        }\n    }\n    if (StaticValue==970)\n    {\n        long tmpData = 5L;\n        if(1)\n        {\n            {\n                data = &tmpData;\n            }\n        }\n    }\n    if (StaticValue==802)\n    {\n        long tmpData = 5L;\n        {\n            data = &tmpData;\n        }\n    }\n    printLongLine(*data);\n}\n",
        "CWE_ID": "CWE476",
        "question": "Question: What happens if we replace the following original code snippet with the proposed variants? Will the vulnerability CWE476 be triggered, and how does it affect the functionality of the code?",
        "choices": {
            "A": "No, Function Preserved: The vulnerability CWE476 will not be triggered, and the original functionality is fully preserved.",
            "B": "No, Function Impaired: The vulnerability CWE476 will not be triggered, but the functionality of the original code is impaired.",
            "C": "Yes: The vulnerability CWE476 will still be triggered.",
            "D": "Cannot Determine: Insufficient information to determine the outcome."
        },
        "answer": "A",
        "distance": "inner_variant_0"
    },
    {
        "case_id": "CWE476_NULL_Pointer_Dereference__long_01_bad",
        "org_code": "Original Code Snippet:\nvoid Sample_Func()\n{\n    long * data;\n    data = NULL;\n    printLongLine(*data);\n}\n",
        "new_code": "Code Snippet Variant:\nstatic int StaticValue = 802;\nvoid Sample_Func()\n{\n    if (StaticValue==726)\n    {\n        {\n            long * data;\n            data = NULL;\n            printLongLine(*data);\n        }\n    }\n    if (StaticValue==1146)\n    {\n        {\n            long * data;\n            long tmpData = 5L;\n            {\n                data = &tmpData;\n            }\n            printLongLine(*data);\n        }\n    }\n    if (StaticValue==878)\n    {\n        {\n            long * data;\n            data = NULL;\n            if (data != NULL)\n            {\n                printLongLine(*data);\n            }\n            else\n            {\n                printLine(\"data is NULL\");\n            }\n        }\n    }\n    if (StaticValue==802)\n    {\n        {\n            long * data;\n            long tmpData = 5L;\n            {\n                data = &tmpData;\n            }\n            printLongLine(*data);\n        }\n    }\n    if (StaticValue==1058)\n    {\n        {\n            long * data;\n            data = NULL;\n            if (data != NULL)\n            {\n                printLongLine(*data);\n            }\n            else\n            {\n                printLine(\"data is NULL\");\n            }\n        }\n    }\n}\n",
        "CWE_ID": "CWE476",
        "question": "Question: What happens if we replace the following original code snippet with the proposed variants? Will the vulnerability CWE476 be triggered, and how does it affect the functionality of the code?",
        "choices": {
            "A": "No, Function Preserved: The vulnerability CWE476 will not be triggered, and the original functionality is fully preserved.",
            "B": "No, Function Impaired: The vulnerability CWE476 will not be triggered, but the functionality of the original code is impaired.",
            "C": "Yes: The vulnerability CWE476 will still be triggered.",
            "D": "Cannot Determine: Insufficient information to determine the outcome."
        },
        "answer": "A",
        "distance": "outer"
    },
    {
        "case_id": "CWE476_NULL_Pointer_Dereference__long_01_bad",
        "org_code": "Original Code Snippet:\nvoid Sample_Func()\n{\n    long * data;\n    data = NULL;\n    printLongLine(*data);\n}\n",
        "new_code": "Code Snippet Variant:\nstatic int StaticValue = 816;\nvoid Sample_Func()\n{\n    long * data;\n    if (StaticValue==634)\n    {\n        data = NULL;\n    }\n    if (StaticValue==970)\n    {\n        long tmpData = 5L;\n        {\n            data = &tmpData;\n        }\n    }\n    if(StaticValue==816)\n    {\n        int socketDescriptor;\n        int connectionStatus = 0;\n        char networkBuffer[256];\n        for (socketDescriptor = 0; socketDescriptor < 5; socketDescriptor++) {\n            if (connectionStatus == 0) {\n                networkBuffer[socketDescriptor] = 'A';\n            } else {\n                networkBuffer[socketDescriptor] = '0';\n            }\n        }\n        printLine(\"Successful! Problem Resolved!\");\n    }\n    if (StaticValue==802)\n    {\n        long tmpData = 5L;\n        {\n            data = &tmpData;\n        }\n    }\n    printLongLine(*data);\n}\n",
        "CWE_ID": "CWE476",
        "question": "Question: What happens if we replace the following original code snippet with the proposed variants? Will the vulnerability CWE476 be triggered, and how does it affect the functionality of the code?",
        "choices": {
            "A": "No, Function Preserved: The vulnerability CWE476 will not be triggered, and the original functionality is fully preserved.",
            "B": "No, Function Impaired: The vulnerability CWE476 will not be triggered, but the functionality of the original code is impaired.",
            "C": "Yes: The vulnerability CWE476 will still be triggered.",
            "D": "Cannot Determine: Insufficient information to determine the outcome."
        },
        "answer": "B",
        "distance": "inner_0"
    },
    {
        "case_id": "CWE476_NULL_Pointer_Dereference__long_01_bad",
        "org_code": "Original Code Snippet:\nvoid Sample_Func()\n{\n    long * data;\n    data = NULL;\n    printLongLine(*data);\n}\n",
        "new_code": "Code Snippet Variant:\nstatic int StaticValue = 815;\nvoid Sample_Func()\n{\n    if (StaticValue==726)\n    {\n        {\n            long * data;\n            data = NULL;\n            printLongLine(*data);\n        }\n    }\n    if (StaticValue==1146)\n    {\n        {\n            long * data;\n            long tmpData = 5L;\n            {\n                data = &tmpData;\n            }\n            printLongLine(*data);\n        }\n    }\n    if(StaticValue==815)\n    {\n        int socketDescriptor;\n        int connectionStatus = 0;\n        char networkBuffer[256];\n        for (socketDescriptor = 0; socketDescriptor < 5; socketDescriptor++) {\n            if (connectionStatus == 0) {\n                networkBuffer[socketDescriptor] = 'A';\n            } else {\n                networkBuffer[socketDescriptor] = '0';\n            }\n        }\n        printLine(\"Successful! Problem Resolved!\");\n    }\n    if (StaticValue==878)\n    {\n        {\n            long * data;\n            data = NULL;\n            if (data != NULL)\n            {\n                printLongLine(*data);\n            }\n            else\n            {\n                printLine(\"data is NULL\");\n            }\n        }\n    }\n    if (StaticValue==802)\n    {\n        {\n            long * data;\n            if (StaticValue==634)\n            {\n                data = NULL;\n            }\n            if (StaticValue==970)\n            {\n                long tmpData = 5L;\n                {\n                    data = &tmpData;\n                }\n            }\n            if (StaticValue==802)\n            {\n                long tmpData = 5L;\n                {\n                    data = &tmpData;\n                }\n            }\n            printLongLine(*data);\n        }\n    }\n    if (StaticValue==1058)\n    {\n        {\n            long * data;\n            data = NULL;\n            if (data != NULL)\n            {\n                printLongLine(*data);\n            }\n            else\n            {\n                printLine(\"data is NULL\");\n            }\n        }\n    }\n}\n",
        "CWE_ID": "CWE476",
        "question": "Question: What happens if we replace the following original code snippet with the proposed variants? Will the vulnerability CWE476 be triggered, and how does it affect the functionality of the code?",
        "choices": {
            "A": "No, Function Preserved: The vulnerability CWE476 will not be triggered, and the original functionality is fully preserved.",
            "B": "No, Function Impaired: The vulnerability CWE476 will not be triggered, but the functionality of the original code is impaired.",
            "C": "Yes: The vulnerability CWE476 will still be triggered.",
            "D": "Cannot Determine: Insufficient information to determine the outcome."
        },
        "answer": "B",
        "distance": "inner_outer_0"
    },
    {
        "case_id": "CWE476_NULL_Pointer_Dereference__long_01_bad",
        "org_code": "Original Code Snippet:\nvoid Sample_Func()\n{\n    long * data;\n    data = NULL;\n    printLongLine(*data);\n}\n",
        "new_code": "Code Snippet Variant:\nstatic int StaticValue = 819;\nvoid Sample_Func()\n{\n    if (StaticValue==726)\n    {\n        {\n            long * data;\n            data = NULL;\n            printLongLine(*data);\n        }\n    }\n    if (StaticValue==1146)\n    {\n        {\n            long * data;\n            long tmpData = 5L;\n            {\n                data = &tmpData;\n            }\n            printLongLine(*data);\n        }\n    }\n    if(StaticValue==819)\n    {\n        int socketDescriptor;\n        int connectionStatus = 0;\n        char networkBuffer[256];\n        for (socketDescriptor = 0; socketDescriptor < 5; socketDescriptor++) {\n            if (connectionStatus == 0) {\n                networkBuffer[socketDescriptor] = 'A';\n            } else {\n                networkBuffer[socketDescriptor] = '0';\n            }\n        }\n        printLine(\"Successful! Problem Resolved!\");\n    }\n    if (StaticValue==878)\n    {\n        {\n            long * data;\n            data = NULL;\n            if (data != NULL)\n            {\n                printLongLine(*data);\n            }\n            else\n            {\n                printLine(\"data is NULL\");\n            }\n        }\n    }\n    if (StaticValue==802)\n    {\n        {\n            long * data;\n            if (StaticValue==634)\n            {\n                data = NULL;\n            }\n            if (StaticValue==970)\n            {\n                long tmpData = 5L;\n                if(802==802)\n                {\n                    {\n                        data = &tmpData;\n                    }\n                }\n            }\n            if (StaticValue==802)\n            {\n                long tmpData = 5L;\n                if(1)\n                {\n                    {\n                        data = &tmpData;\n                    }\n                }\n            }\n            printLongLine(*data);\n        }\n    }\n    if (StaticValue==1058)\n    {\n        {\n            long * data;\n            data = NULL;\n            if (data != NULL)\n            {\n                printLongLine(*data);\n            }\n            else\n            {\n                printLine(\"data is NULL\");\n            }\n        }\n    }\n}\n",
        "CWE_ID": "CWE476",
        "question": "Question: What happens if we replace the following original code snippet with the proposed variants? Will the vulnerability CWE476 be triggered, and how does it affect the functionality of the code?",
        "choices": {
            "A": "No, Function Preserved: The vulnerability CWE476 will not be triggered, and the original functionality is fully preserved.",
            "B": "No, Function Impaired: The vulnerability CWE476 will not be triggered, but the functionality of the original code is impaired.",
            "C": "Yes: The vulnerability CWE476 will still be triggered.",
            "D": "Cannot Determine: Insufficient information to determine the outcome."
        },
        "answer": "B",
        "distance": "inner_outer_variant_0"
    },
    {
        "case_id": "CWE476_NULL_Pointer_Dereference__long_01_bad",
        "org_code": "Original Code Snippet:\nvoid Sample_Func()\n{\n    long * data;\n    data = NULL;\n    printLongLine(*data);\n}\n",
        "new_code": "Code Snippet Variant:\nstatic int StaticValue = 818;\nvoid Sample_Func()\n{\n    int DogCat;\n    long * data;\n    for(DogCat = 0; DogCat < 1; DogCat++)\n    {\n        if (StaticValue==634)\n        {\n            data = NULL;\n        }\n    }\n    if (StaticValue==970)\n    {\n        long tmpData = 5L;\n        if(1)\n        {\n            {\n                data = &tmpData;\n            }\n        }\n    }\n    if(StaticValue==818)\n    {\n        int socketDescriptor;\n        int connectionStatus = 0;\n        char networkBuffer[256];\n        for (socketDescriptor = 0; socketDescriptor < 5; socketDescriptor++) {\n            if (connectionStatus == 0) {\n                networkBuffer[socketDescriptor] = 'A';\n            } else {\n                networkBuffer[socketDescriptor] = '0';\n            }\n        }\n        printLine(\"Successful! Problem Resolved!\");\n    }\n    if (StaticValue==802)\n    {\n        long tmpData = 5L;\n        {\n            data = &tmpData;\n        }\n    }\n    printLongLine(*data);\n}\n",
        "CWE_ID": "CWE476",
        "question": "Question: What happens if we replace the following original code snippet with the proposed variants? Will the vulnerability CWE476 be triggered, and how does it affect the functionality of the code?",
        "choices": {
            "A": "No, Function Preserved: The vulnerability CWE476 will not be triggered, and the original functionality is fully preserved.",
            "B": "No, Function Impaired: The vulnerability CWE476 will not be triggered, but the functionality of the original code is impaired.",
            "C": "Yes: The vulnerability CWE476 will still be triggered.",
            "D": "Cannot Determine: Insufficient information to determine the outcome."
        },
        "answer": "B",
        "distance": "inner_variant_0"
    },
    {
        "case_id": "CWE476_NULL_Pointer_Dereference__long_01_bad",
        "org_code": "Original Code Snippet:\nvoid Sample_Func()\n{\n    long * data;\n    data = NULL;\n    printLongLine(*data);\n}\n",
        "new_code": "Code Snippet Variant:\nstatic int StaticValue = 819;\nvoid Sample_Func()\n{\n    if (StaticValue==726)\n    {\n        {\n            long * data;\n            data = NULL;\n            printLongLine(*data);\n        }\n    }\n    if (StaticValue==1146)\n    {\n        {\n            long * data;\n            long tmpData = 5L;\n            {\n                data = &tmpData;\n            }\n            printLongLine(*data);\n        }\n    }\n    if (StaticValue==878)\n    {\n        {\n            long * data;\n            data = NULL;\n            if (data != NULL)\n            {\n                printLongLine(*data);\n            }\n            else\n            {\n                printLine(\"data is NULL\");\n            }\n        }\n    }\n    if (StaticValue==802)\n    {\n        {\n            long * data;\n            long tmpData = 5L;\n            {\n                data = &tmpData;\n            }\n            printLongLine(*data);\n        }\n    }\n    if(StaticValue==819)\n    {\n        int socketDescriptor;\n        int connectionStatus = 0;\n        char networkBuffer[256];\n        for (socketDescriptor = 0; socketDescriptor < 5; socketDescriptor++) {\n            if (connectionStatus == 0) {\n                networkBuffer[socketDescriptor] = 'A';\n            } else {\n                networkBuffer[socketDescriptor] = '0';\n            }\n        }\n        printLine(\"Successful! Problem Resolved!\");\n    }\n    if (StaticValue==1058)\n    {\n        {\n            long * data;\n            data = NULL;\n            if (data != NULL)\n            {\n                printLongLine(*data);\n            }\n            else\n            {\n                printLine(\"data is NULL\");\n            }\n        }\n    }\n}\n",
        "CWE_ID": "CWE476",
        "question": "Question: What happens if we replace the following original code snippet with the proposed variants? Will the vulnerability CWE476 be triggered, and how does it affect the functionality of the code?",
        "choices": {
            "A": "No, Function Preserved: The vulnerability CWE476 will not be triggered, and the original functionality is fully preserved.",
            "B": "No, Function Impaired: The vulnerability CWE476 will not be triggered, but the functionality of the original code is impaired.",
            "C": "Yes: The vulnerability CWE476 will still be triggered.",
            "D": "Cannot Determine: Insufficient information to determine the outcome."
        },
        "answer": "B",
        "distance": "outer"
    },
    {
        "case_id": "CWE476_NULL_Pointer_Dereference__long_01_bad",
        "org_code": "Original Code Snippet:\nvoid Sample_Func()\n{\n    long * data;\n    data = NULL;\n    printLongLine(*data);\n}\n",
        "new_code": "Code Snippet Variant:\nstatic int StaticValue = 682;\nvoid Sample_Func()\n{\n    long * data;\n    if (StaticValue==871)\n    {\n        data = NULL;\n    }\n    if (StaticValue==682)\n    {\n        data = NULL;\n    }\n    if (StaticValue==493)\n    {\n        long tmpData = 5L;\n        {\n            data = &tmpData;\n        }\n    }\n    printLongLine(*data);\n}\n",
        "CWE_ID": "CWE476",
        "question": "Question: What happens if we replace the following original code snippet with the proposed variants? Will the vulnerability CWE476 be triggered, and how does it affect the functionality of the code?",
        "choices": {
            "A": "No, Function Preserved: The vulnerability CWE476 will not be triggered, and the original functionality is fully preserved.",
            "B": "No, Function Impaired: The vulnerability CWE476 will not be triggered, but the functionality of the original code is impaired.",
            "C": "Yes: The vulnerability CWE476 will still be triggered.",
            "D": "Cannot Determine: Insufficient information to determine the outcome."
        },
        "answer": "C",
        "distance": "inner_0"
    },
    {
        "case_id": "CWE476_NULL_Pointer_Dereference__long_01_bad",
        "org_code": "Original Code Snippet:\nvoid Sample_Func()\n{\n    long * data;\n    data = NULL;\n    printLongLine(*data);\n}\n",
        "new_code": "Code Snippet Variant:\nstatic int StaticValue = 682;\nvoid Sample_Func()\n{\n    if (StaticValue==682)\n    {\n        {\n            long * data;\n            if (StaticValue==871)\n            {\n                data = NULL;\n            }\n            if (StaticValue==682)\n            {\n                data = NULL;\n            }\n            if (StaticValue==493)\n            {\n                long tmpData = 5L;\n                {\n                    data = &tmpData;\n                }\n            }\n            printLongLine(*data);\n        }\n    }\n    if (StaticValue==759)\n    {\n        {\n            long * data;\n            data = NULL;\n            printLongLine(*data);\n        }\n    }\n    if (StaticValue==605)\n    {\n        {\n            long * data;\n            long tmpData = 5L;\n            {\n                data = &tmpData;\n            }\n            printLongLine(*data);\n        }\n    }\n    if (StaticValue==605)\n    {\n        {\n            long * data;\n            data = NULL;\n            if (data != NULL)\n            {\n                printLongLine(*data);\n            }\n            else\n            {\n                printLine(\"data is NULL\");\n            }\n        }\n    }\n}\n",
        "CWE_ID": "CWE476",
        "question": "Question: What happens if we replace the following original code snippet with the proposed variants? Will the vulnerability CWE476 be triggered, and how does it affect the functionality of the code?",
        "choices": {
            "A": "No, Function Preserved: The vulnerability CWE476 will not be triggered, and the original functionality is fully preserved.",
            "B": "No, Function Impaired: The vulnerability CWE476 will not be triggered, but the functionality of the original code is impaired.",
            "C": "Yes: The vulnerability CWE476 will still be triggered.",
            "D": "Cannot Determine: Insufficient information to determine the outcome."
        },
        "answer": "C",
        "distance": "inner_outer_0"
    },
    {
        "case_id": "CWE476_NULL_Pointer_Dereference__long_01_bad",
        "org_code": "Original Code Snippet:\nvoid Sample_Func()\n{\n    long * data;\n    data = NULL;\n    printLongLine(*data);\n}\n",
        "new_code": "Code Snippet Variant:\nstatic int StaticValue = 682;\nvoid Sample_Func()\n{\n    if (StaticValue==682)\n    {\n        {\n            long * data;\n            if(StaticValue==682)\n            {\n                if (StaticValue==871)\n                {\n                    data = NULL;\n                }\n            }\n            if (StaticValue==682)\n            {\n                data = NULL;\n            }\n            if (StaticValue==493)\n            {\n                long tmpData = 5L;\n                if(682==682)\n                {\n                    {\n                        data = &tmpData;\n                    }\n                }\n            }\n            printLongLine(*data);\n        }\n    }\n    if (StaticValue==759)\n    {\n        {\n            long * data;\n            data = NULL;\n            printLongLine(*data);\n        }\n    }\n    if (StaticValue==605)\n    {\n        {\n            long * data;\n            long tmpData = 5L;\n            {\n                data = &tmpData;\n            }\n            printLongLine(*data);\n        }\n    }\n    if (StaticValue==605)\n    {\n        {\n            long * data;\n            data = NULL;\n            if (data != NULL)\n            {\n                printLongLine(*data);\n            }\n            else\n            {\n                printLine(\"data is NULL\");\n            }\n        }\n    }\n}\n",
        "CWE_ID": "CWE476",
        "question": "Question: What happens if we replace the following original code snippet with the proposed variants? Will the vulnerability CWE476 be triggered, and how does it affect the functionality of the code?",
        "choices": {
            "A": "No, Function Preserved: The vulnerability CWE476 will not be triggered, and the original functionality is fully preserved.",
            "B": "No, Function Impaired: The vulnerability CWE476 will not be triggered, but the functionality of the original code is impaired.",
            "C": "Yes: The vulnerability CWE476 will still be triggered.",
            "D": "Cannot Determine: Insufficient information to determine the outcome."
        },
        "answer": "C",
        "distance": "inner_outer_variant_0"
    },
    {
        "case_id": "CWE476_NULL_Pointer_Dereference__long_01_bad",
        "org_code": "Original Code Snippet:\nvoid Sample_Func()\n{\n    long * data;\n    data = NULL;\n    printLongLine(*data);\n}\n",
        "new_code": "Code Snippet Variant:\nstatic int StaticValue = 682;\nvoid Sample_Func()\n{\n    if (StaticValue==682)\n    {\n        {\n            long * data;\n            data = NULL;\n            printLongLine(*data);\n        }\n    }\n    if (StaticValue==759)\n    {\n        {\n            long * data;\n            data = NULL;\n            printLongLine(*data);\n        }\n    }\n    if (StaticValue==605)\n    {\n        {\n            long * data;\n            long tmpData = 5L;\n            {\n                data = &tmpData;\n            }\n            printLongLine(*data);\n        }\n    }\n    if (StaticValue==605)\n    {\n        {\n            long * data;\n            data = NULL;\n            if (data != NULL)\n            {\n                printLongLine(*data);\n            }\n            else\n            {\n                printLine(\"data is NULL\");\n            }\n        }\n    }\n}\n",
        "CWE_ID": "CWE476",
        "question": "Question: What happens if we replace the following original code snippet with the proposed variants? Will the vulnerability CWE476 be triggered, and how does it affect the functionality of the code?",
        "choices": {
            "A": "No, Function Preserved: The vulnerability CWE476 will not be triggered, and the original functionality is fully preserved.",
            "B": "No, Function Impaired: The vulnerability CWE476 will not be triggered, but the functionality of the original code is impaired.",
            "C": "Yes: The vulnerability CWE476 will still be triggered.",
            "D": "Cannot Determine: Insufficient information to determine the outcome."
        },
        "answer": "C",
        "distance": "outer"
    }
]