[
    {
        "case_id": "CWE468_Incorrect_Pointer_Scaling__char_ptr_to_int_01_bad",
        "org_code": "Original Code Snippet:\nvoid Sample_Func()\n{\n    {\n        int intArray[5] = { 1, 2, 3, 4, 5 };\n        char *charPointer = (char *)intArray;  \n        int toPrint = (int) (*(charPointer+2));\n        printIntLine(toPrint);\n    }\n}\n",
        "new_code": "Code Snippet Variant:\nstatic int StaticValue = 303;\nvoid Sample_Func()\n{\n    if (StaticValue==215)\n    {\n        {\n            {\n                int intArray[5] = { 1, 2, 3, 4, 5 };\n                char *charPointer = (char *)intArray;  \n                int toPrint = (int) (*(charPointer+2));\n                printIntLine(toPrint);\n            }\n        }\n    }\n    if (StaticValue==391)\n    {\n        {\n            {\n                int intArray[5] = { 1, 2, 3, 4, 5 };\n                char *charPointer = (char *)intArray;  \n                int toPrint = (int) (*(charPointer+(2*sizeof(int))));\n                printIntLine(toPrint);\n            }\n        }\n    }\n    if (StaticValue==303)\n    {\n        {\n            {\n                int intArray[5] = { 1, 2, 3, 4, 5 };\n                char *charPointer = (char *)intArray;  \n                int toPrint = (int) (*(charPointer+(2*sizeof(int))));\n                printIntLine(toPrint);\n            }\n        }\n    }\n}\n",
        "CWE_ID": "CWE468",
        "question": "Question: What happens if we replace the following original code snippet with the proposed variants? Will the vulnerability CWE468 be triggered, and how does it affect the functionality of the code?",
        "choices": {
            "A": "No, Function Preserved: The vulnerability CWE468 will not be triggered, and the original functionality is fully preserved.",
            "B": "No, Function Impaired: The vulnerability CWE468 will not be triggered, but the functionality of the original code is impaired.",
            "C": "Yes: The vulnerability CWE468 will still be triggered.",
            "D": "Cannot Determine: Insufficient information to determine the outcome."
        },
        "answer": "A",
        "distance": "outer"
    },
    {
        "case_id": "CWE468_Incorrect_Pointer_Scaling__char_ptr_to_int_01_bad",
        "org_code": "Original Code Snippet:\nvoid Sample_Func()\n{\n    {\n        int intArray[5] = { 1, 2, 3, 4, 5 };\n        char *charPointer = (char *)intArray;  \n        int toPrint = (int) (*(charPointer+2));\n        printIntLine(toPrint);\n    }\n}\n",
        "new_code": "Code Snippet Variant:\nstatic int StaticValue = 317;\nvoid Sample_Func()\n{\n    if (StaticValue==215)\n    {\n        {\n            {\n                int intArray[5] = { 1, 2, 3, 4, 5 };\n                char *charPointer = (char *)intArray;  \n                int toPrint = (int) (*(charPointer+2));\n                printIntLine(toPrint);\n            }\n        }\n    }\n    if (StaticValue==391)\n    {\n        {\n            {\n                int intArray[5] = { 1, 2, 3, 4, 5 };\n                char *charPointer = (char *)intArray;  \n                int toPrint = (int) (*(charPointer+(2*sizeof(int))));\n                printIntLine(toPrint);\n            }\n        }\n    }\n    if(StaticValue==317)\n    {\n        int socketDescriptor;\n        int connectionStatus = 0;\n        char networkBuffer[256];\n        for (socketDescriptor = 0; socketDescriptor < 5; socketDescriptor++) {\n            if (connectionStatus == 0) {\n                networkBuffer[socketDescriptor] = 'A';\n            } else {\n                networkBuffer[socketDescriptor] = '0';\n            }\n        }\n        printLine(\"Successful! Problem Resolved!\");\n    }\n    if (StaticValue==303)\n    {\n        {\n            {\n                int intArray[5] = { 1, 2, 3, 4, 5 };\n                char *charPointer = (char *)intArray;  \n                int toPrint = (int) (*(charPointer+(2*sizeof(int))));\n                printIntLine(toPrint);\n            }\n        }\n    }\n}\n",
        "CWE_ID": "CWE468",
        "question": "Question: What happens if we replace the following original code snippet with the proposed variants? Will the vulnerability CWE468 be triggered, and how does it affect the functionality of the code?",
        "choices": {
            "A": "No, Function Preserved: The vulnerability CWE468 will not be triggered, and the original functionality is fully preserved.",
            "B": "No, Function Impaired: The vulnerability CWE468 will not be triggered, but the functionality of the original code is impaired.",
            "C": "Yes: The vulnerability CWE468 will still be triggered.",
            "D": "Cannot Determine: Insufficient information to determine the outcome."
        },
        "answer": "B",
        "distance": "outer"
    },
    {
        "case_id": "CWE468_Incorrect_Pointer_Scaling__char_ptr_to_int_01_bad",
        "org_code": "Original Code Snippet:\nvoid Sample_Func()\n{\n    {\n        int intArray[5] = { 1, 2, 3, 4, 5 };\n        char *charPointer = (char *)intArray;  \n        int toPrint = (int) (*(charPointer+2));\n        printIntLine(toPrint);\n    }\n}\n",
        "new_code": "Code Snippet Variant:\nstatic int StaticValue = 688;\nvoid Sample_Func()\n{\n    if (StaticValue==688)\n    {\n        {\n            {\n                int intArray[5] = { 1, 2, 3, 4, 5 };\n                char *charPointer = (char *)intArray;  \n                int toPrint = (int) (*(charPointer+2));\n                printIntLine(toPrint);\n            }\n        }\n    }\n    if (StaticValue==699)\n    {\n        {\n            {\n                int intArray[5] = { 1, 2, 3, 4, 5 };\n                char *charPointer = (char *)intArray;  \n                int toPrint = (int) (*(charPointer+2));\n                printIntLine(toPrint);\n            }\n        }\n    }\n    if (StaticValue==677)\n    {\n        {\n            {\n                int intArray[5] = { 1, 2, 3, 4, 5 };\n                char *charPointer = (char *)intArray;  \n                int toPrint = (int) (*(charPointer+(2*sizeof(int))));\n                printIntLine(toPrint);\n            }\n        }\n    }\n}\n",
        "CWE_ID": "CWE468",
        "question": "Question: What happens if we replace the following original code snippet with the proposed variants? Will the vulnerability CWE468 be triggered, and how does it affect the functionality of the code?",
        "choices": {
            "A": "No, Function Preserved: The vulnerability CWE468 will not be triggered, and the original functionality is fully preserved.",
            "B": "No, Function Impaired: The vulnerability CWE468 will not be triggered, but the functionality of the original code is impaired.",
            "C": "Yes: The vulnerability CWE468 will still be triggered.",
            "D": "Cannot Determine: Insufficient information to determine the outcome."
        },
        "answer": "C",
        "distance": "outer"
    }
]