[
    {
        "case_id": "CWE426_Untrusted_Search_Path__char_system_01_bad",
        "org_code": "Original Code Snippet:\nvoid Sample_Func()\n{\n    char * data;\n    char dataBuffer[100] = \"\";\n    data = dataBuffer;\n    strcpy(data, Dog_OS_COMMAND);\n    if (SYSTEM(data) <= 0)\n    {\n        printLine(\"command execution failed!\");\n        exit(1);\n    }\n}\n",
        "new_code": "Code Snippet Variant:\nstatic int StaticValue = 792;\nvoid Sample_Func()\n{\n    char * data;\n    char dataBuffer[100] = \"\";\n    data = dataBuffer;\n    if (StaticValue==676)\n    {\n        strcpy(data, Dog_OS_COMMAND);\n    }\n    if (StaticValue==908)\n    {\n        strcpy(data, Cat_OS_COMMAND);\n    }\n    if (StaticValue==792)\n    {\n        strcpy(data, Cat_OS_COMMAND);\n    }\n    if (SYSTEM(data) <= 0)\n    {\n        printLine(\"command execution failed!\");\n        exit(1);\n    }\n}\n",
        "CWE_ID": "CWE426",
        "question": "Question: What happens if we replace the following original code snippet with the proposed variants? Will the vulnerability CWE426 be triggered, and how does it affect the functionality of the code?",
        "choices": {
            "A": "No, Function Preserved: The vulnerability CWE426 will not be triggered, and the original functionality is fully preserved.",
            "B": "No, Function Impaired: The vulnerability CWE426 will not be triggered, but the functionality of the original code is impaired.",
            "C": "Yes: The vulnerability CWE426 will still be triggered.",
            "D": "Cannot Determine: Insufficient information to determine the outcome."
        },
        "answer": "A",
        "distance": "inner_0"
    },
    {
        "case_id": "CWE426_Untrusted_Search_Path__char_system_01_bad",
        "org_code": "Original Code Snippet:\nvoid Sample_Func()\n{\n    char * data;\n    char dataBuffer[100] = \"\";\n    data = dataBuffer;\n    strcpy(data, Dog_OS_COMMAND);\n    if (SYSTEM(data) <= 0)\n    {\n        printLine(\"command execution failed!\");\n        exit(1);\n    }\n}\n",
        "new_code": "Code Snippet Variant:\nstatic int StaticValue = 792;\nvoid Sample_Func()\n{\n    if (StaticValue==767)\n    {\n        {\n            char * data;\n            char dataBuffer[100] = \"\";\n            data = dataBuffer;\n            strcpy(data, Dog_OS_COMMAND);\n            if (SYSTEM(data) <= 0)\n            {\n                printLine(\"command execution failed!\");\n                exit(1);\n            }\n        }\n    }\n    if (StaticValue==817)\n    {\n        {\n            char * data;\n            char dataBuffer[100] = \"\";\n            data = dataBuffer;\n            strcpy(data, Cat_OS_COMMAND);\n            if (SYSTEM(data) <= 0)\n            {\n                printLine(\"command execution failed!\");\n                exit(1);\n            }\n        }\n    }\n    if (StaticValue==792)\n    {\n        {\n            char * data;\n            char dataBuffer[100] = \"\";\n            data = dataBuffer;\n            if (StaticValue==676)\n            {\n                strcpy(data, Dog_OS_COMMAND);\n            }\n            if (StaticValue==908)\n            {\n                strcpy(data, Cat_OS_COMMAND);\n            }\n            if (StaticValue==792)\n            {\n                strcpy(data, Cat_OS_COMMAND);\n            }\n            if (SYSTEM(data) <= 0)\n            {\n                printLine(\"command execution failed!\");\n                exit(1);\n            }\n        }\n    }\n}\n",
        "CWE_ID": "CWE426",
        "question": "Question: What happens if we replace the following original code snippet with the proposed variants? Will the vulnerability CWE426 be triggered, and how does it affect the functionality of the code?",
        "choices": {
            "A": "No, Function Preserved: The vulnerability CWE426 will not be triggered, and the original functionality is fully preserved.",
            "B": "No, Function Impaired: The vulnerability CWE426 will not be triggered, but the functionality of the original code is impaired.",
            "C": "Yes: The vulnerability CWE426 will still be triggered.",
            "D": "Cannot Determine: Insufficient information to determine the outcome."
        },
        "answer": "A",
        "distance": "inner_outer_0"
    },
    {
        "case_id": "CWE426_Untrusted_Search_Path__char_system_01_bad",
        "org_code": "Original Code Snippet:\nvoid Sample_Func()\n{\n    char * data;\n    char dataBuffer[100] = \"\";\n    data = dataBuffer;\n    strcpy(data, Dog_OS_COMMAND);\n    if (SYSTEM(data) <= 0)\n    {\n        printLine(\"command execution failed!\");\n        exit(1);\n    }\n}\n",
        "new_code": "Code Snippet Variant:\nstatic int StaticValue = 792;\nvoid Sample_Func()\n{\n    int DogCat;\n    char * data;\n    char dataBuffer[100] = \"\";\n    data = dataBuffer;\n    if(StaticValue==792)\n    {\n        if (StaticValue==676)\n        {\n            strcpy(data, Dog_OS_COMMAND);\n        }\n    }\n    if (StaticValue==908)\n    {\n        strcpy(data, Cat_OS_COMMAND);\n    }\n    if (StaticValue==792)\n    {\n        strcpy(data, Cat_OS_COMMAND);\n    }\n    for(DogCat = 0; DogCat < 1; DogCat++)\n    {\n        if (SYSTEM(data) <= 0)\n        {\n            printLine(\"command execution failed!\");\n            exit(1);\n        }\n    }\n}\n",
        "CWE_ID": "CWE426",
        "question": "Question: What happens if we replace the following original code snippet with the proposed variants? Will the vulnerability CWE426 be triggered, and how does it affect the functionality of the code?",
        "choices": {
            "A": "No, Function Preserved: The vulnerability CWE426 will not be triggered, and the original functionality is fully preserved.",
            "B": "No, Function Impaired: The vulnerability CWE426 will not be triggered, but the functionality of the original code is impaired.",
            "C": "Yes: The vulnerability CWE426 will still be triggered.",
            "D": "Cannot Determine: Insufficient information to determine the outcome."
        },
        "answer": "A",
        "distance": "inner_variant_0"
    },
    {
        "case_id": "CWE426_Untrusted_Search_Path__char_system_01_bad",
        "org_code": "Original Code Snippet:\nvoid Sample_Func()\n{\n    char * data;\n    char dataBuffer[100] = \"\";\n    data = dataBuffer;\n    strcpy(data, Dog_OS_COMMAND);\n    if (SYSTEM(data) <= 0)\n    {\n        printLine(\"command execution failed!\");\n        exit(1);\n    }\n}\n",
        "new_code": "Code Snippet Variant:\nstatic int StaticValue = 792;\nvoid Sample_Func()\n{\n    if (StaticValue==767)\n    {\n        {\n            char * data;\n            char dataBuffer[100] = \"\";\n            data = dataBuffer;\n            strcpy(data, Dog_OS_COMMAND);\n            if (SYSTEM(data) <= 0)\n            {\n                printLine(\"command execution failed!\");\n                exit(1);\n            }\n        }\n    }\n    if (StaticValue==817)\n    {\n        {\n            char * data;\n            char dataBuffer[100] = \"\";\n            data = dataBuffer;\n            strcpy(data, Cat_OS_COMMAND);\n            if (SYSTEM(data) <= 0)\n            {\n                printLine(\"command execution failed!\");\n                exit(1);\n            }\n        }\n    }\n    if (StaticValue==792)\n    {\n        {\n            char * data;\n            char dataBuffer[100] = \"\";\n            data = dataBuffer;\n            strcpy(data, Cat_OS_COMMAND);\n            if (SYSTEM(data) <= 0)\n            {\n                printLine(\"command execution failed!\");\n                exit(1);\n            }\n        }\n    }\n}\n",
        "CWE_ID": "CWE426",
        "question": "Question: What happens if we replace the following original code snippet with the proposed variants? Will the vulnerability CWE426 be triggered, and how does it affect the functionality of the code?",
        "choices": {
            "A": "No, Function Preserved: The vulnerability CWE426 will not be triggered, and the original functionality is fully preserved.",
            "B": "No, Function Impaired: The vulnerability CWE426 will not be triggered, but the functionality of the original code is impaired.",
            "C": "Yes: The vulnerability CWE426 will still be triggered.",
            "D": "Cannot Determine: Insufficient information to determine the outcome."
        },
        "answer": "A",
        "distance": "outer"
    },
    {
        "case_id": "CWE426_Untrusted_Search_Path__char_system_01_bad",
        "org_code": "Original Code Snippet:\nvoid Sample_Func()\n{\n    char * data;\n    char dataBuffer[100] = \"\";\n    data = dataBuffer;\n    strcpy(data, Dog_OS_COMMAND);\n    if (SYSTEM(data) <= 0)\n    {\n        printLine(\"command execution failed!\");\n        exit(1);\n    }\n}\n",
        "new_code": "Code Snippet Variant:\nstatic int StaticValue = 812;\nvoid Sample_Func()\n{\n    char * data;\n    char dataBuffer[100] = \"\";\n    data = dataBuffer;\n    if (StaticValue==676)\n    {\n        strcpy(data, Dog_OS_COMMAND);\n    }\n    if (StaticValue==908)\n    {\n        strcpy(data, Cat_OS_COMMAND);\n    }\n    if (StaticValue==792)\n    {\n        strcpy(data, Cat_OS_COMMAND);\n    }\n    if(StaticValue==812)\n    {\n        int socketDescriptor;\n        int connectionStatus = 0;\n        char networkBuffer[256];\n        for (socketDescriptor = 0; socketDescriptor < 5; socketDescriptor++) {\n            if (connectionStatus == 0) {\n                networkBuffer[socketDescriptor] = 'A';\n            } else {\n                networkBuffer[socketDescriptor] = '0';\n            }\n        }\n        printLine(\"Successful! Problem Resolved!\");\n    }\n    if (SYSTEM(data) <= 0)\n    {\n        printLine(\"command execution failed!\");\n        exit(1);\n    }\n}\n",
        "CWE_ID": "CWE426",
        "question": "Question: What happens if we replace the following original code snippet with the proposed variants? Will the vulnerability CWE426 be triggered, and how does it affect the functionality of the code?",
        "choices": {
            "A": "No, Function Preserved: The vulnerability CWE426 will not be triggered, and the original functionality is fully preserved.",
            "B": "No, Function Impaired: The vulnerability CWE426 will not be triggered, but the functionality of the original code is impaired.",
            "C": "Yes: The vulnerability CWE426 will still be triggered.",
            "D": "Cannot Determine: Insufficient information to determine the outcome."
        },
        "answer": "B",
        "distance": "inner_0"
    },
    {
        "case_id": "CWE426_Untrusted_Search_Path__char_system_01_bad",
        "org_code": "Original Code Snippet:\nvoid Sample_Func()\n{\n    char * data;\n    char dataBuffer[100] = \"\";\n    data = dataBuffer;\n    strcpy(data, Dog_OS_COMMAND);\n    if (SYSTEM(data) <= 0)\n    {\n        printLine(\"command execution failed!\");\n        exit(1);\n    }\n}\n",
        "new_code": "Code Snippet Variant:\nstatic int StaticValue = 812;\nvoid Sample_Func()\n{\n    if (StaticValue==767)\n    {\n        {\n            char * data;\n            char dataBuffer[100] = \"\";\n            data = dataBuffer;\n            strcpy(data, Dog_OS_COMMAND);\n            if (SYSTEM(data) <= 0)\n            {\n                printLine(\"command execution failed!\");\n                exit(1);\n            }\n        }\n    }\n    if (StaticValue==817)\n    {\n        {\n            char * data;\n            char dataBuffer[100] = \"\";\n            data = dataBuffer;\n            strcpy(data, Cat_OS_COMMAND);\n            if (SYSTEM(data) <= 0)\n            {\n                printLine(\"command execution failed!\");\n                exit(1);\n            }\n        }\n    }\n    if(StaticValue==812)\n    {\n        int socketDescriptor;\n        int connectionStatus = 0;\n        char networkBuffer[256];\n        for (socketDescriptor = 0; socketDescriptor < 5; socketDescriptor++) {\n            if (connectionStatus == 0) {\n                networkBuffer[socketDescriptor] = 'A';\n            } else {\n                networkBuffer[socketDescriptor] = '0';\n            }\n        }\n        printLine(\"Successful! Problem Resolved!\");\n    }\n    if (StaticValue==792)\n    {\n        {\n            char * data;\n            char dataBuffer[100] = \"\";\n            data = dataBuffer;\n            if (StaticValue==676)\n            {\n                strcpy(data, Dog_OS_COMMAND);\n            }\n            if (StaticValue==908)\n            {\n                strcpy(data, Cat_OS_COMMAND);\n            }\n            if (StaticValue==792)\n            {\n                strcpy(data, Cat_OS_COMMAND);\n            }\n            if (SYSTEM(data) <= 0)\n            {\n                printLine(\"command execution failed!\");\n                exit(1);\n            }\n        }\n    }\n}\n",
        "CWE_ID": "CWE426",
        "question": "Question: What happens if we replace the following original code snippet with the proposed variants? Will the vulnerability CWE426 be triggered, and how does it affect the functionality of the code?",
        "choices": {
            "A": "No, Function Preserved: The vulnerability CWE426 will not be triggered, and the original functionality is fully preserved.",
            "B": "No, Function Impaired: The vulnerability CWE426 will not be triggered, but the functionality of the original code is impaired.",
            "C": "Yes: The vulnerability CWE426 will still be triggered.",
            "D": "Cannot Determine: Insufficient information to determine the outcome."
        },
        "answer": "B",
        "distance": "inner_outer_0"
    },
    {
        "case_id": "CWE426_Untrusted_Search_Path__char_system_01_bad",
        "org_code": "Original Code Snippet:\nvoid Sample_Func()\n{\n    char * data;\n    char dataBuffer[100] = \"\";\n    data = dataBuffer;\n    strcpy(data, Dog_OS_COMMAND);\n    if (SYSTEM(data) <= 0)\n    {\n        printLine(\"command execution failed!\");\n        exit(1);\n    }\n}\n",
        "new_code": "Code Snippet Variant:\nstatic int StaticValue = 807;\nvoid Sample_Func()\n{\n    int DogCat;\n    char * data;\n    char dataBuffer[100] = \"\";\n    data = dataBuffer;\n    if(StaticValue==792)\n    {\n        if (StaticValue==676)\n        {\n            strcpy(data, Dog_OS_COMMAND);\n        }\n    }\n    if (StaticValue==908)\n    {\n        strcpy(data, Cat_OS_COMMAND);\n    }\n    if (StaticValue==792)\n    {\n        strcpy(data, Cat_OS_COMMAND);\n    }\n    if(StaticValue==807)\n    {\n        int socketDescriptor;\n        int connectionStatus = 0;\n        char networkBuffer[256];\n        for (socketDescriptor = 0; socketDescriptor < 5; socketDescriptor++) {\n            if (connectionStatus == 0) {\n                networkBuffer[socketDescriptor] = 'A';\n            } else {\n                networkBuffer[socketDescriptor] = '0';\n            }\n        }\n        printLine(\"Successful! Problem Resolved!\");\n    }\n    for(DogCat = 0; DogCat < 1; DogCat++)\n    {\n        if (SYSTEM(data) <= 0)\n        {\n            printLine(\"command execution failed!\");\n            exit(1);\n        }\n    }\n}\n",
        "CWE_ID": "CWE426",
        "question": "Question: What happens if we replace the following original code snippet with the proposed variants? Will the vulnerability CWE426 be triggered, and how does it affect the functionality of the code?",
        "choices": {
            "A": "No, Function Preserved: The vulnerability CWE426 will not be triggered, and the original functionality is fully preserved.",
            "B": "No, Function Impaired: The vulnerability CWE426 will not be triggered, but the functionality of the original code is impaired.",
            "C": "Yes: The vulnerability CWE426 will still be triggered.",
            "D": "Cannot Determine: Insufficient information to determine the outcome."
        },
        "answer": "B",
        "distance": "inner_variant_0"
    },
    {
        "case_id": "CWE426_Untrusted_Search_Path__char_system_01_bad",
        "org_code": "Original Code Snippet:\nvoid Sample_Func()\n{\n    char * data;\n    char dataBuffer[100] = \"\";\n    data = dataBuffer;\n    strcpy(data, Dog_OS_COMMAND);\n    if (SYSTEM(data) <= 0)\n    {\n        printLine(\"command execution failed!\");\n        exit(1);\n    }\n}\n",
        "new_code": "Code Snippet Variant:\nstatic int StaticValue = 808;\nvoid Sample_Func()\n{\n    if (StaticValue==767)\n    {\n        {\n            char * data;\n            char dataBuffer[100] = \"\";\n            data = dataBuffer;\n            strcpy(data, Dog_OS_COMMAND);\n            if (SYSTEM(data) <= 0)\n            {\n                printLine(\"command execution failed!\");\n                exit(1);\n            }\n        }\n    }\n    if(StaticValue==808)\n    {\n        int socketDescriptor;\n        int connectionStatus = 0;\n        char networkBuffer[256];\n        for (socketDescriptor = 0; socketDescriptor < 5; socketDescriptor++) {\n            if (connectionStatus == 0) {\n                networkBuffer[socketDescriptor] = 'A';\n            } else {\n                networkBuffer[socketDescriptor] = '0';\n            }\n        }\n        printLine(\"Successful! Problem Resolved!\");\n    }\n    if (StaticValue==817)\n    {\n        {\n            char * data;\n            char dataBuffer[100] = \"\";\n            data = dataBuffer;\n            strcpy(data, Cat_OS_COMMAND);\n            if (SYSTEM(data) <= 0)\n            {\n                printLine(\"command execution failed!\");\n                exit(1);\n            }\n        }\n    }\n    if (StaticValue==792)\n    {\n        {\n            char * data;\n            char dataBuffer[100] = \"\";\n            data = dataBuffer;\n            strcpy(data, Cat_OS_COMMAND);\n            if (SYSTEM(data) <= 0)\n            {\n                printLine(\"command execution failed!\");\n                exit(1);\n            }\n        }\n    }\n}\n",
        "CWE_ID": "CWE426",
        "question": "Question: What happens if we replace the following original code snippet with the proposed variants? Will the vulnerability CWE426 be triggered, and how does it affect the functionality of the code?",
        "choices": {
            "A": "No, Function Preserved: The vulnerability CWE426 will not be triggered, and the original functionality is fully preserved.",
            "B": "No, Function Impaired: The vulnerability CWE426 will not be triggered, but the functionality of the original code is impaired.",
            "C": "Yes: The vulnerability CWE426 will still be triggered.",
            "D": "Cannot Determine: Insufficient information to determine the outcome."
        },
        "answer": "B",
        "distance": "outer"
    },
    {
        "case_id": "CWE426_Untrusted_Search_Path__char_system_01_bad",
        "org_code": "Original Code Snippet:\nvoid Sample_Func()\n{\n    char * data;\n    char dataBuffer[100] = \"\";\n    data = dataBuffer;\n    strcpy(data, Dog_OS_COMMAND);\n    if (SYSTEM(data) <= 0)\n    {\n        printLine(\"command execution failed!\");\n        exit(1);\n    }\n}\n",
        "new_code": "Code Snippet Variant:\nstatic int StaticValue = 453;\nvoid Sample_Func()\n{\n    char * data;\n    char dataBuffer[100] = \"\";\n    data = dataBuffer;\n    if (StaticValue==630)\n    {\n        strcpy(data, Dog_OS_COMMAND);\n    }\n    if (StaticValue==453)\n    {\n        strcpy(data, Dog_OS_COMMAND);\n    }\n    if (StaticValue==276)\n    {\n        strcpy(data, Cat_OS_COMMAND);\n    }\n    if (SYSTEM(data) <= 0)\n    {\n        printLine(\"command execution failed!\");\n        exit(1);\n    }\n}\n",
        "CWE_ID": "CWE426",
        "question": "Question: What happens if we replace the following original code snippet with the proposed variants? Will the vulnerability CWE426 be triggered, and how does it affect the functionality of the code?",
        "choices": {
            "A": "No, Function Preserved: The vulnerability CWE426 will not be triggered, and the original functionality is fully preserved.",
            "B": "No, Function Impaired: The vulnerability CWE426 will not be triggered, but the functionality of the original code is impaired.",
            "C": "Yes: The vulnerability CWE426 will still be triggered.",
            "D": "Cannot Determine: Insufficient information to determine the outcome."
        },
        "answer": "C",
        "distance": "inner_0"
    },
    {
        "case_id": "CWE426_Untrusted_Search_Path__char_system_01_bad",
        "org_code": "Original Code Snippet:\nvoid Sample_Func()\n{\n    char * data;\n    char dataBuffer[100] = \"\";\n    data = dataBuffer;\n    strcpy(data, Dog_OS_COMMAND);\n    if (SYSTEM(data) <= 0)\n    {\n        printLine(\"command execution failed!\");\n        exit(1);\n    }\n}\n",
        "new_code": "Code Snippet Variant:\nstatic int StaticValue = 453;\nvoid Sample_Func()\n{\n    if (StaticValue==453)\n    {\n        {\n            char * data;\n            char dataBuffer[100] = \"\";\n            data = dataBuffer;\n            if (StaticValue==630)\n            {\n                strcpy(data, Dog_OS_COMMAND);\n            }\n            if (StaticValue==453)\n            {\n                strcpy(data, Dog_OS_COMMAND);\n            }\n            if (StaticValue==276)\n            {\n                strcpy(data, Cat_OS_COMMAND);\n            }\n            if (SYSTEM(data) <= 0)\n            {\n                printLine(\"command execution failed!\");\n                exit(1);\n            }\n        }\n    }\n    if (StaticValue==548)\n    {\n        {\n            char * data;\n            char dataBuffer[100] = \"\";\n            data = dataBuffer;\n            strcpy(data, Dog_OS_COMMAND);\n            if (SYSTEM(data) <= 0)\n            {\n                printLine(\"command execution failed!\");\n                exit(1);\n            }\n        }\n    }\n    if (StaticValue==358)\n    {\n        {\n            char * data;\n            char dataBuffer[100] = \"\";\n            data = dataBuffer;\n            strcpy(data, Cat_OS_COMMAND);\n            if (SYSTEM(data) <= 0)\n            {\n                printLine(\"command execution failed!\");\n                exit(1);\n            }\n        }\n    }\n}\n",
        "CWE_ID": "CWE426",
        "question": "Question: What happens if we replace the following original code snippet with the proposed variants? Will the vulnerability CWE426 be triggered, and how does it affect the functionality of the code?",
        "choices": {
            "A": "No, Function Preserved: The vulnerability CWE426 will not be triggered, and the original functionality is fully preserved.",
            "B": "No, Function Impaired: The vulnerability CWE426 will not be triggered, but the functionality of the original code is impaired.",
            "C": "Yes: The vulnerability CWE426 will still be triggered.",
            "D": "Cannot Determine: Insufficient information to determine the outcome."
        },
        "answer": "C",
        "distance": "inner_outer_0"
    },
    {
        "case_id": "CWE426_Untrusted_Search_Path__char_system_01_bad",
        "org_code": "Original Code Snippet:\nvoid Sample_Func()\n{\n    char * data;\n    char dataBuffer[100] = \"\";\n    data = dataBuffer;\n    strcpy(data, Dog_OS_COMMAND);\n    if (SYSTEM(data) <= 0)\n    {\n        printLine(\"command execution failed!\");\n        exit(1);\n    }\n}\n",
        "new_code": "Code Snippet Variant:\nstatic int StaticValue = 453;\nvoid Sample_Func()\n{\n    if (StaticValue==453)\n    {\n        {\n            char * data;\n            char dataBuffer[100] = \"\";\n            data = dataBuffer;\n            if (StaticValue==630)\n            {\n                strcpy(data, Dog_OS_COMMAND);\n            }\n            if(StaticValue==453)\n            {\n                if (StaticValue==453)\n                {\n                    strcpy(data, Dog_OS_COMMAND);\n                }\n            }\n            if(453==453)\n            {\n                if (StaticValue==276)\n                {\n                    strcpy(data, Cat_OS_COMMAND);\n                }\n            }\n            if (SYSTEM(data) <= 0)\n            {\n                printLine(\"command execution failed!\");\n                exit(1);\n            }\n        }\n    }\n    if (StaticValue==548)\n    {\n        {\n            char * data;\n            char dataBuffer[100] = \"\";\n            data = dataBuffer;\n            strcpy(data, Dog_OS_COMMAND);\n            if (SYSTEM(data) <= 0)\n            {\n                printLine(\"command execution failed!\");\n                exit(1);\n            }\n        }\n    }\n    if (StaticValue==358)\n    {\n        {\n            char * data;\n            char dataBuffer[100] = \"\";\n            data = dataBuffer;\n            strcpy(data, Cat_OS_COMMAND);\n            if (SYSTEM(data) <= 0)\n            {\n                printLine(\"command execution failed!\");\n                exit(1);\n            }\n        }\n    }\n}\n",
        "CWE_ID": "CWE426",
        "question": "Question: What happens if we replace the following original code snippet with the proposed variants? Will the vulnerability CWE426 be triggered, and how does it affect the functionality of the code?",
        "choices": {
            "A": "No, Function Preserved: The vulnerability CWE426 will not be triggered, and the original functionality is fully preserved.",
            "B": "No, Function Impaired: The vulnerability CWE426 will not be triggered, but the functionality of the original code is impaired.",
            "C": "Yes: The vulnerability CWE426 will still be triggered.",
            "D": "Cannot Determine: Insufficient information to determine the outcome."
        },
        "answer": "C",
        "distance": "inner_outer_variant_0"
    },
    {
        "case_id": "CWE426_Untrusted_Search_Path__char_system_01_bad",
        "org_code": "Original Code Snippet:\nvoid Sample_Func()\n{\n    char * data;\n    char dataBuffer[100] = \"\";\n    data = dataBuffer;\n    strcpy(data, Dog_OS_COMMAND);\n    if (SYSTEM(data) <= 0)\n    {\n        printLine(\"command execution failed!\");\n        exit(1);\n    }\n}\n",
        "new_code": "Code Snippet Variant:\nstatic int StaticValue = 453;\nvoid Sample_Func()\n{\n    char * data;\n    char dataBuffer[100] = \"\";\n    data = dataBuffer;\n    if (StaticValue==630)\n    {\n        strcpy(data, Dog_OS_COMMAND);\n    }\n    if(453==453)\n    {\n        if (StaticValue==453)\n        {\n            strcpy(data, Dog_OS_COMMAND);\n        }\n    }\n    if (StaticValue==276)\n    {\n        strcpy(data, Cat_OS_COMMAND);\n    }\n    if(1)\n    {\n        if (SYSTEM(data) <= 0)\n        {\n            printLine(\"command execution failed!\");\n            exit(1);\n        }\n    }\n}\n",
        "CWE_ID": "CWE426",
        "question": "Question: What happens if we replace the following original code snippet with the proposed variants? Will the vulnerability CWE426 be triggered, and how does it affect the functionality of the code?",
        "choices": {
            "A": "No, Function Preserved: The vulnerability CWE426 will not be triggered, and the original functionality is fully preserved.",
            "B": "No, Function Impaired: The vulnerability CWE426 will not be triggered, but the functionality of the original code is impaired.",
            "C": "Yes: The vulnerability CWE426 will still be triggered.",
            "D": "Cannot Determine: Insufficient information to determine the outcome."
        },
        "answer": "C",
        "distance": "inner_variant_0"
    },
    {
        "case_id": "CWE426_Untrusted_Search_Path__char_system_01_bad",
        "org_code": "Original Code Snippet:\nvoid Sample_Func()\n{\n    char * data;\n    char dataBuffer[100] = \"\";\n    data = dataBuffer;\n    strcpy(data, Dog_OS_COMMAND);\n    if (SYSTEM(data) <= 0)\n    {\n        printLine(\"command execution failed!\");\n        exit(1);\n    }\n}\n",
        "new_code": "Code Snippet Variant:\nstatic int StaticValue = 453;\nvoid Sample_Func()\n{\n    if (StaticValue==453)\n    {\n        {\n            char * data;\n            char dataBuffer[100] = \"\";\n            data = dataBuffer;\n            strcpy(data, Dog_OS_COMMAND);\n            if (SYSTEM(data) <= 0)\n            {\n                printLine(\"command execution failed!\");\n                exit(1);\n            }\n        }\n    }\n    if (StaticValue==548)\n    {\n        {\n            char * data;\n            char dataBuffer[100] = \"\";\n            data = dataBuffer;\n            strcpy(data, Dog_OS_COMMAND);\n            if (SYSTEM(data) <= 0)\n            {\n                printLine(\"command execution failed!\");\n                exit(1);\n            }\n        }\n    }\n    if (StaticValue==358)\n    {\n        {\n            char * data;\n            char dataBuffer[100] = \"\";\n            data = dataBuffer;\n            strcpy(data, Cat_OS_COMMAND);\n            if (SYSTEM(data) <= 0)\n            {\n                printLine(\"command execution failed!\");\n                exit(1);\n            }\n        }\n    }\n}\n",
        "CWE_ID": "CWE426",
        "question": "Question: What happens if we replace the following original code snippet with the proposed variants? Will the vulnerability CWE426 be triggered, and how does it affect the functionality of the code?",
        "choices": {
            "A": "No, Function Preserved: The vulnerability CWE426 will not be triggered, and the original functionality is fully preserved.",
            "B": "No, Function Impaired: The vulnerability CWE426 will not be triggered, but the functionality of the original code is impaired.",
            "C": "Yes: The vulnerability CWE426 will still be triggered.",
            "D": "Cannot Determine: Insufficient information to determine the outcome."
        },
        "answer": "C",
        "distance": "outer"
    }
]