[
    {
        "case_id": "CWE535_Info_Exposure_Shell_Error__w32_wchar_t_01_bad",
        "org_code": "Original Code Snippet:\nvoid Sample_Func()\n{\n    {\n        wchar_t password[100] = L\"\";\n        size_t passwordLen = 0;\n        HANDLE pHandle;\n        wchar_t * username = L\"User\";\n        wchar_t * domain = L\"Domain\";\n        if (fgetws(password, 100, stdin) == NULL)\n        {\n            printLine(\"fgetws() failed\");\n            password[0] = L'\\0';\n        }\n        passwordLen = wcslen(password);\n        if (passwordLen > 0)\n        {\n            password[passwordLen-1] = L'\\0';\n        }\n        if (LogonUserW(\n                    username,\n                    domain,\n                    password,\n                    LOGON32_LOGON_NETWORK,\n                    LOGON32_PROVIDER_DEFAULT,\n                    &pHandle) != 0)\n        {\n            printLine(\"User logged in successfully.\");\n            CloseHandle(pHandle);\n        }\n        else\n        {\n            printLine(\"Unable to login.\");\n        }\n        fwprintf(stderr, L\"User attempted access with password: %s\\n\", password);\n    }\n}\n",
        "new_code": "Code Snippet Variant:\nstatic int StaticValue = 972;\nvoid Sample_Func()\n{\n    {\n        wchar_t password[100] = L\"\";\n        size_t passwordLen = 0;\n        HANDLE pHandle;\n        wchar_t * username = L\"User\";\n        wchar_t * domain = L\"Domain\";\n        if (fgetws(password, 100, stdin) == NULL)\n        {\n            printLine(\"fgetws() failed\");\n            password[0] = L'\\0';\n        }\n        passwordLen = wcslen(password);\n        if (passwordLen > 0)\n        {\n            password[passwordLen-1] = L'\\0';\n        }\n        if (LogonUserW(\n                    username,\n                    domain,\n                    password,\n                    LOGON32_LOGON_NETWORK,\n                    LOGON32_PROVIDER_DEFAULT,\n                    &pHandle) != 0)\n        {\n            printLine(\"User logged in successfully.\");\n            CloseHandle(pHandle);\n        }\n        else\n        {\n            printLine(\"Unable to login.\");\n        }\n        if (StaticValue==862)\n        {\n            fwprintf(stderr, L\"User attempted access with password: %s\\n\", password);\n        }\n        if (StaticValue==1082)\n        {\n            fwprintf(stderr, L\"User attempted access\\n\");\n        }\n        if (StaticValue==972)\n        {\n            fwprintf(stderr, L\"User attempted access\\n\");\n        }\n    }\n}\n",
        "CWE_ID": "CWE535",
        "question": "Question: What happens if we replace the following original code snippet with the proposed variants? Will the vulnerability CWE535 be triggered, and how does it affect the functionality of the code?",
        "choices": {
            "A": "No, Function Preserved: The vulnerability CWE535 will not be triggered, and the original functionality is fully preserved.",
            "B": "No, Function Impaired: The vulnerability CWE535 will not be triggered, but the functionality of the original code is impaired.",
            "C": "Yes: The vulnerability CWE535 will still be triggered.",
            "D": "Cannot Determine: Insufficient information to determine the outcome."
        },
        "answer": "A",
        "distance": "inner_0"
    },
    {
        "case_id": "CWE535_Info_Exposure_Shell_Error__w32_wchar_t_01_bad",
        "org_code": "Original Code Snippet:\nvoid Sample_Func()\n{\n    {\n        wchar_t password[100] = L\"\";\n        size_t passwordLen = 0;\n        HANDLE pHandle;\n        wchar_t * username = L\"User\";\n        wchar_t * domain = L\"Domain\";\n        if (fgetws(password, 100, stdin) == NULL)\n        {\n            printLine(\"fgetws() failed\");\n            password[0] = L'\\0';\n        }\n        passwordLen = wcslen(password);\n        if (passwordLen > 0)\n        {\n            password[passwordLen-1] = L'\\0';\n        }\n        if (LogonUserW(\n                    username,\n                    domain,\n                    password,\n                    LOGON32_LOGON_NETWORK,\n                    LOGON32_PROVIDER_DEFAULT,\n                    &pHandle) != 0)\n        {\n            printLine(\"User logged in successfully.\");\n            CloseHandle(pHandle);\n        }\n        else\n        {\n            printLine(\"Unable to login.\");\n        }\n        fwprintf(stderr, L\"User attempted access with password: %s\\n\", password);\n    }\n}\n",
        "new_code": "Code Snippet Variant:\nstatic int StaticValue = 972;\nvoid Sample_Func()\n{\n    if (StaticValue==956)\n    {\n        {\n            {\n                wchar_t password[100] = L\"\";\n                size_t passwordLen = 0;\n                HANDLE pHandle;\n                wchar_t * username = L\"User\";\n                wchar_t * domain = L\"Domain\";\n                if (fgetws(password, 100, stdin) == NULL)\n                {\n                    printLine(\"fgetws() failed\");\n                    password[0] = L'\\0';\n                }\n                passwordLen = wcslen(password);\n                if (passwordLen > 0)\n                {\n                    password[passwordLen-1] = L'\\0';\n                }\n                if (LogonUserW(\n                            username,\n                            domain,\n                            password,\n                            LOGON32_LOGON_NETWORK,\n                            LOGON32_PROVIDER_DEFAULT,\n                            &pHandle) != 0)\n                {\n                    printLine(\"User logged in successfully.\");\n                    CloseHandle(pHandle);\n                }\n                else\n                {\n                    printLine(\"Unable to login.\");\n                }\n                fwprintf(stderr, L\"User attempted access with password: %s\\n\", password);\n            }\n        }\n    }\n    if (StaticValue==988)\n    {\n        {\n            {\n                wchar_t password[100] = L\"\";\n                size_t passwordLen = 0;\n                HANDLE pHandle;\n                wchar_t * username = L\"User\";\n                wchar_t * domain = L\"Domain\";\n                if (fgetws(password, 100, stdin) == NULL)\n                {\n                    printLine(\"fgetws() failed\");\n                    password[0] = L'\\0';\n                }\n                passwordLen = wcslen(password);\n                if (passwordLen > 0)\n                {\n                    password[passwordLen-1] = L'\\0';\n                }\n                if (LogonUserW(\n                            username,\n                            domain,\n                            password,\n                            LOGON32_LOGON_NETWORK,\n                            LOGON32_PROVIDER_DEFAULT,\n                            &pHandle) != 0)\n                {\n                    printLine(\"User logged in successfully.\");\n                    CloseHandle(pHandle);\n                }\n                else\n                {\n                    printLine(\"Unable to login.\");\n                }\n                fwprintf(stderr, L\"User attempted access\\n\");\n            }\n        }\n    }\n    if (StaticValue==972)\n    {\n        {\n            {\n                wchar_t password[100] = L\"\";\n                size_t passwordLen = 0;\n                HANDLE pHandle;\n                wchar_t * username = L\"User\";\n                wchar_t * domain = L\"Domain\";\n                if (fgetws(password, 100, stdin) == NULL)\n                {\n                    printLine(\"fgetws() failed\");\n                    password[0] = L'\\0';\n                }\n                passwordLen = wcslen(password);\n                if (passwordLen > 0)\n                {\n                    password[passwordLen-1] = L'\\0';\n                }\n                if (LogonUserW(\n                            username,\n                            domain,\n                            password,\n                            LOGON32_LOGON_NETWORK,\n                            LOGON32_PROVIDER_DEFAULT,\n                            &pHandle) != 0)\n                {\n                    printLine(\"User logged in successfully.\");\n                    CloseHandle(pHandle);\n                }\n                else\n                {\n                    printLine(\"Unable to login.\");\n                }\n                if (StaticValue==862)\n                {\n                    fwprintf(stderr, L\"User attempted access with password: %s\\n\", password);\n                }\n                if (StaticValue==1082)\n                {\n                    fwprintf(stderr, L\"User attempted access\\n\");\n                }\n                if (StaticValue==972)\n                {\n                    fwprintf(stderr, L\"User attempted access\\n\");\n                }\n            }\n        }\n    }\n}\n",
        "CWE_ID": "CWE535",
        "question": "Question: What happens if we replace the following original code snippet with the proposed variants? Will the vulnerability CWE535 be triggered, and how does it affect the functionality of the code?",
        "choices": {
            "A": "No, Function Preserved: The vulnerability CWE535 will not be triggered, and the original functionality is fully preserved.",
            "B": "No, Function Impaired: The vulnerability CWE535 will not be triggered, but the functionality of the original code is impaired.",
            "C": "Yes: The vulnerability CWE535 will still be triggered.",
            "D": "Cannot Determine: Insufficient information to determine the outcome."
        },
        "answer": "A",
        "distance": "inner_outer_0"
    },
    {
        "case_id": "CWE535_Info_Exposure_Shell_Error__w32_wchar_t_01_bad",
        "org_code": "Original Code Snippet:\nvoid Sample_Func()\n{\n    {\n        wchar_t password[100] = L\"\";\n        size_t passwordLen = 0;\n        HANDLE pHandle;\n        wchar_t * username = L\"User\";\n        wchar_t * domain = L\"Domain\";\n        if (fgetws(password, 100, stdin) == NULL)\n        {\n            printLine(\"fgetws() failed\");\n            password[0] = L'\\0';\n        }\n        passwordLen = wcslen(password);\n        if (passwordLen > 0)\n        {\n            password[passwordLen-1] = L'\\0';\n        }\n        if (LogonUserW(\n                    username,\n                    domain,\n                    password,\n                    LOGON32_LOGON_NETWORK,\n                    LOGON32_PROVIDER_DEFAULT,\n                    &pHandle) != 0)\n        {\n            printLine(\"User logged in successfully.\");\n            CloseHandle(pHandle);\n        }\n        else\n        {\n            printLine(\"Unable to login.\");\n        }\n        fwprintf(stderr, L\"User attempted access with password: %s\\n\", password);\n    }\n}\n",
        "new_code": "Code Snippet Variant:\nstatic int StaticValue = 972;\nvoid Sample_Func()\n{\n    if (StaticValue==956)\n    {\n        {\n            {\n                wchar_t password[100] = L\"\";\n                size_t passwordLen = 0;\n                HANDLE pHandle;\n                wchar_t * username = L\"User\";\n                wchar_t * domain = L\"Domain\";\n                if (fgetws(password, 100, stdin) == NULL)\n                {\n                    printLine(\"fgetws() failed\");\n                    password[0] = L'\\0';\n                }\n                if(StaticValue==972)\n                {\n                    passwordLen = wcslen(password);\n                }\n                if (passwordLen > 0)\n                {\n                    password[passwordLen-1] = L'\\0';\n                }\n                if(1)\n                {\n                    if (LogonUserW(\n                                username,\n                                domain,\n                                password,\n                                LOGON32_LOGON_NETWORK,\n                                LOGON32_PROVIDER_DEFAULT,\n                                &pHandle) != 0)\n                    {\n                        printLine(\"User logged in successfully.\");\n                        CloseHandle(pHandle);\n                    }\n                    else\n                    {\n                        printLine(\"Unable to login.\");\n                    }\n                }\n                fwprintf(stderr, L\"User attempted access with password: %s\\n\", password);\n            }\n        }\n    }\n    if (StaticValue==988)\n    {\n        {\n            {\n                wchar_t password[100] = L\"\";\n                size_t passwordLen = 0;\n                HANDLE pHandle;\n                wchar_t * username = L\"User\";\n                wchar_t * domain = L\"Domain\";\n                if (fgetws(password, 100, stdin) == NULL)\n                {\n                    printLine(\"fgetws() failed\");\n                    password[0] = L'\\0';\n                }\n                if(972==972)\n                {\n                    passwordLen = wcslen(password);\n                }\n                if (passwordLen > 0)\n                {\n                    password[passwordLen-1] = L'\\0';\n                }\n                if (LogonUserW(\n                            username,\n                            domain,\n                            password,\n                            LOGON32_LOGON_NETWORK,\n                            LOGON32_PROVIDER_DEFAULT,\n                            &pHandle) != 0)\n                {\n                    printLine(\"User logged in successfully.\");\n                    CloseHandle(pHandle);\n                }\n                else\n                {\n                    if(1)\n                    {\n                        printLine(\"Unable to login.\");\n                    }\n                }\n                fwprintf(stderr, L\"User attempted access\\n\");\n            }\n        }\n    }\n    if (StaticValue==972)\n    {\n        {\n            {\n                wchar_t password[100] = L\"\";\n                size_t passwordLen = 0;\n                HANDLE pHandle;\n                wchar_t * username = L\"User\";\n                wchar_t * domain = L\"Domain\";\n                if(1)\n                {\n                    if (fgetws(password, 100, stdin) == NULL)\n                    {\n                        printLine(\"fgetws() failed\");\n                        password[0] = L'\\0';\n                    }\n                }\n                passwordLen = wcslen(password);\n                if (passwordLen > 0)\n                {\n                    password[passwordLen-1] = L'\\0';\n                }\n                if (LogonUserW(\n                            username,\n                            domain,\n                            password,\n                            LOGON32_LOGON_NETWORK,\n                            LOGON32_PROVIDER_DEFAULT,\n                            &pHandle) != 0)\n                {\n                    printLine(\"User logged in successfully.\");\n                    CloseHandle(pHandle);\n                }\n                else\n                {\n                    if(972==972)\n                    {\n                        printLine(\"Unable to login.\");\n                    }\n                }\n                if (StaticValue==862)\n                {\n                    fwprintf(stderr, L\"User attempted access with password: %s\\n\", password);\n                }\n                if (StaticValue==1082)\n                {\n                    fwprintf(stderr, L\"User attempted access\\n\");\n                }\n                if (StaticValue==972)\n                {\n                    fwprintf(stderr, L\"User attempted access\\n\");\n                }\n            }\n        }\n    }\n}\n",
        "CWE_ID": "CWE535",
        "question": "Question: What happens if we replace the following original code snippet with the proposed variants? Will the vulnerability CWE535 be triggered, and how does it affect the functionality of the code?",
        "choices": {
            "A": "No, Function Preserved: The vulnerability CWE535 will not be triggered, and the original functionality is fully preserved.",
            "B": "No, Function Impaired: The vulnerability CWE535 will not be triggered, but the functionality of the original code is impaired.",
            "C": "Yes: The vulnerability CWE535 will still be triggered.",
            "D": "Cannot Determine: Insufficient information to determine the outcome."
        },
        "answer": "A",
        "distance": "inner_outer_variant_0"
    },
    {
        "case_id": "CWE535_Info_Exposure_Shell_Error__w32_wchar_t_01_bad",
        "org_code": "Original Code Snippet:\nvoid Sample_Func()\n{\n    {\n        wchar_t password[100] = L\"\";\n        size_t passwordLen = 0;\n        HANDLE pHandle;\n        wchar_t * username = L\"User\";\n        wchar_t * domain = L\"Domain\";\n        if (fgetws(password, 100, stdin) == NULL)\n        {\n            printLine(\"fgetws() failed\");\n            password[0] = L'\\0';\n        }\n        passwordLen = wcslen(password);\n        if (passwordLen > 0)\n        {\n            password[passwordLen-1] = L'\\0';\n        }\n        if (LogonUserW(\n                    username,\n                    domain,\n                    password,\n                    LOGON32_LOGON_NETWORK,\n                    LOGON32_PROVIDER_DEFAULT,\n                    &pHandle) != 0)\n        {\n            printLine(\"User logged in successfully.\");\n            CloseHandle(pHandle);\n        }\n        else\n        {\n            printLine(\"Unable to login.\");\n        }\n        fwprintf(stderr, L\"User attempted access with password: %s\\n\", password);\n    }\n}\n",
        "new_code": "Code Snippet Variant:\nstatic int StaticValue = 972;\nvoid Sample_Func()\n{\n    int DogCat;\n    {\n        wchar_t password[100] = L\"\";\n        size_t passwordLen = 0;\n        HANDLE pHandle;\n        wchar_t * username = L\"User\";\n        wchar_t * domain = L\"Domain\";\n        if (fgetws(password, 100, stdin) == NULL)\n        {\n            printLine(\"fgetws() failed\");\n            password[0] = L'\\0';\n        }\n        if(972==972)\n        {\n            passwordLen = wcslen(password);\n        }\n        if (passwordLen > 0)\n        {\n            password[passwordLen-1] = L'\\0';\n        }\n        if (LogonUserW(\n                    username,\n                    domain,\n                    password,\n                    LOGON32_LOGON_NETWORK,\n                    LOGON32_PROVIDER_DEFAULT,\n                    &pHandle) != 0)\n        {\n            printLine(\"User logged in successfully.\");\n            CloseHandle(pHandle);\n        }\n        else\n        {\n            for(DogCat = 0; DogCat < 1; DogCat++)\n            {\n                printLine(\"Unable to login.\");\n            }\n        }\n        if (StaticValue==862)\n        {\n            fwprintf(stderr, L\"User attempted access with password: %s\\n\", password);\n        }\n        if (StaticValue==1082)\n        {\n            fwprintf(stderr, L\"User attempted access\\n\");\n        }\n        if (StaticValue==972)\n        {\n            fwprintf(stderr, L\"User attempted access\\n\");\n        }\n    }\n}\n",
        "CWE_ID": "CWE535",
        "question": "Question: What happens if we replace the following original code snippet with the proposed variants? Will the vulnerability CWE535 be triggered, and how does it affect the functionality of the code?",
        "choices": {
            "A": "No, Function Preserved: The vulnerability CWE535 will not be triggered, and the original functionality is fully preserved.",
            "B": "No, Function Impaired: The vulnerability CWE535 will not be triggered, but the functionality of the original code is impaired.",
            "C": "Yes: The vulnerability CWE535 will still be triggered.",
            "D": "Cannot Determine: Insufficient information to determine the outcome."
        },
        "answer": "A",
        "distance": "inner_variant_0"
    },
    {
        "case_id": "CWE535_Info_Exposure_Shell_Error__w32_wchar_t_01_bad",
        "org_code": "Original Code Snippet:\nvoid Sample_Func()\n{\n    {\n        wchar_t password[100] = L\"\";\n        size_t passwordLen = 0;\n        HANDLE pHandle;\n        wchar_t * username = L\"User\";\n        wchar_t * domain = L\"Domain\";\n        if (fgetws(password, 100, stdin) == NULL)\n        {\n            printLine(\"fgetws() failed\");\n            password[0] = L'\\0';\n        }\n        passwordLen = wcslen(password);\n        if (passwordLen > 0)\n        {\n            password[passwordLen-1] = L'\\0';\n        }\n        if (LogonUserW(\n                    username,\n                    domain,\n                    password,\n                    LOGON32_LOGON_NETWORK,\n                    LOGON32_PROVIDER_DEFAULT,\n                    &pHandle) != 0)\n        {\n            printLine(\"User logged in successfully.\");\n            CloseHandle(pHandle);\n        }\n        else\n        {\n            printLine(\"Unable to login.\");\n        }\n        fwprintf(stderr, L\"User attempted access with password: %s\\n\", password);\n    }\n}\n",
        "new_code": "Code Snippet Variant:\nstatic int StaticValue = 972;\nvoid Sample_Func()\n{\n    if (StaticValue==956)\n    {\n        {\n            {\n                wchar_t password[100] = L\"\";\n                size_t passwordLen = 0;\n                HANDLE pHandle;\n                wchar_t * username = L\"User\";\n                wchar_t * domain = L\"Domain\";\n                if (fgetws(password, 100, stdin) == NULL)\n                {\n                    printLine(\"fgetws() failed\");\n                    password[0] = L'\\0';\n                }\n                passwordLen = wcslen(password);\n                if (passwordLen > 0)\n                {\n                    password[passwordLen-1] = L'\\0';\n                }\n                if (LogonUserW(\n                            username,\n                            domain,\n                            password,\n                            LOGON32_LOGON_NETWORK,\n                            LOGON32_PROVIDER_DEFAULT,\n                            &pHandle) != 0)\n                {\n                    printLine(\"User logged in successfully.\");\n                    CloseHandle(pHandle);\n                }\n                else\n                {\n                    printLine(\"Unable to login.\");\n                }\n                fwprintf(stderr, L\"User attempted access with password: %s\\n\", password);\n            }\n        }\n    }\n    if (StaticValue==988)\n    {\n        {\n            {\n                wchar_t password[100] = L\"\";\n                size_t passwordLen = 0;\n                HANDLE pHandle;\n                wchar_t * username = L\"User\";\n                wchar_t * domain = L\"Domain\";\n                if (fgetws(password, 100, stdin) == NULL)\n                {\n                    printLine(\"fgetws() failed\");\n                    password[0] = L'\\0';\n                }\n                passwordLen = wcslen(password);\n                if (passwordLen > 0)\n                {\n                    password[passwordLen-1] = L'\\0';\n                }\n                if (LogonUserW(\n                            username,\n                            domain,\n                            password,\n                            LOGON32_LOGON_NETWORK,\n                            LOGON32_PROVIDER_DEFAULT,\n                            &pHandle) != 0)\n                {\n                    printLine(\"User logged in successfully.\");\n                    CloseHandle(pHandle);\n                }\n                else\n                {\n                    printLine(\"Unable to login.\");\n                }\n                fwprintf(stderr, L\"User attempted access\\n\");\n            }\n        }\n    }\n    if (StaticValue==972)\n    {\n        {\n            {\n                wchar_t password[100] = L\"\";\n                size_t passwordLen = 0;\n                HANDLE pHandle;\n                wchar_t * username = L\"User\";\n                wchar_t * domain = L\"Domain\";\n                if (fgetws(password, 100, stdin) == NULL)\n                {\n                    printLine(\"fgetws() failed\");\n                    password[0] = L'\\0';\n                }\n                passwordLen = wcslen(password);\n                if (passwordLen > 0)\n                {\n                    password[passwordLen-1] = L'\\0';\n                }\n                if (LogonUserW(\n                            username,\n                            domain,\n                            password,\n                            LOGON32_LOGON_NETWORK,\n                            LOGON32_PROVIDER_DEFAULT,\n                            &pHandle) != 0)\n                {\n                    printLine(\"User logged in successfully.\");\n                    CloseHandle(pHandle);\n                }\n                else\n                {\n                    printLine(\"Unable to login.\");\n                }\n                fwprintf(stderr, L\"User attempted access\\n\");\n            }\n        }\n    }\n}\n",
        "CWE_ID": "CWE535",
        "question": "Question: What happens if we replace the following original code snippet with the proposed variants? Will the vulnerability CWE535 be triggered, and how does it affect the functionality of the code?",
        "choices": {
            "A": "No, Function Preserved: The vulnerability CWE535 will not be triggered, and the original functionality is fully preserved.",
            "B": "No, Function Impaired: The vulnerability CWE535 will not be triggered, but the functionality of the original code is impaired.",
            "C": "Yes: The vulnerability CWE535 will still be triggered.",
            "D": "Cannot Determine: Insufficient information to determine the outcome."
        },
        "answer": "A",
        "distance": "outer"
    },
    {
        "case_id": "CWE535_Info_Exposure_Shell_Error__w32_wchar_t_01_bad",
        "org_code": "Original Code Snippet:\nvoid Sample_Func()\n{\n    {\n        wchar_t password[100] = L\"\";\n        size_t passwordLen = 0;\n        HANDLE pHandle;\n        wchar_t * username = L\"User\";\n        wchar_t * domain = L\"Domain\";\n        if (fgetws(password, 100, stdin) == NULL)\n        {\n            printLine(\"fgetws() failed\");\n            password[0] = L'\\0';\n        }\n        passwordLen = wcslen(password);\n        if (passwordLen > 0)\n        {\n            password[passwordLen-1] = L'\\0';\n        }\n        if (LogonUserW(\n                    username,\n                    domain,\n                    password,\n                    LOGON32_LOGON_NETWORK,\n                    LOGON32_PROVIDER_DEFAULT,\n                    &pHandle) != 0)\n        {\n            printLine(\"User logged in successfully.\");\n            CloseHandle(pHandle);\n        }\n        else\n        {\n            printLine(\"Unable to login.\");\n        }\n        fwprintf(stderr, L\"User attempted access with password: %s\\n\", password);\n    }\n}\n",
        "new_code": "Code Snippet Variant:\nstatic int StaticValue = 972;\nvoid Sample_Func()\n{\n    if (StaticValue==956)\n    {\n        {\n            {\n                wchar_t password[100] = L\"\";\n                size_t passwordLen = 0;\n                HANDLE pHandle;\n                wchar_t * username = L\"User\";\n                wchar_t * domain = L\"Domain\";\n                if(StaticValue==972)\n                {\n                    if (fgetws(password, 100, stdin) == NULL)\n                    {\n                        printLine(\"fgetws() failed\");\n                        password[0] = L'\\0';\n                    }\n                }\n                passwordLen = wcslen(password);\n                if (passwordLen > 0)\n                {\n                    password[passwordLen-1] = L'\\0';\n                }\n                if (LogonUserW(\n                            username,\n                            domain,\n                            password,\n                            LOGON32_LOGON_NETWORK,\n                            LOGON32_PROVIDER_DEFAULT,\n                            &pHandle) != 0)\n                {\n                    printLine(\"User logged in successfully.\");\n                    CloseHandle(pHandle);\n                }\n                else\n                {\n                    if(1)\n                    {\n                        printLine(\"Unable to login.\");\n                    }\n                }\n                fwprintf(stderr, L\"User attempted access with password: %s\\n\", password);\n            }\n        }\n    }\n    if (StaticValue==988)\n    {\n        {\n            {\n                wchar_t password[100] = L\"\";\n                size_t passwordLen = 0;\n                HANDLE pHandle;\n                wchar_t * username = L\"User\";\n                wchar_t * domain = L\"Domain\";\n                if (fgetws(password, 100, stdin) == NULL)\n                {\n                    printLine(\"fgetws() failed\");\n                    password[0] = L'\\0';\n                }\n                if(1)\n                {\n                    passwordLen = wcslen(password);\n                }\n                if (passwordLen > 0)\n                {\n                    password[passwordLen-1] = L'\\0';\n                }\n                if (LogonUserW(\n                            username,\n                            domain,\n                            password,\n                            LOGON32_LOGON_NETWORK,\n                            LOGON32_PROVIDER_DEFAULT,\n                            &pHandle) != 0)\n                {\n                    printLine(\"User logged in successfully.\");\n                    CloseHandle(pHandle);\n                }\n                else\n                {\n                    if(972==972)\n                    {\n                        printLine(\"Unable to login.\");\n                    }\n                }\n                fwprintf(stderr, L\"User attempted access\\n\");\n            }\n        }\n    }\n    if (StaticValue==972)\n    {\n        int DogCat;\n        {\n            {\n                wchar_t password[100] = L\"\";\n                size_t passwordLen = 0;\n                HANDLE pHandle;\n                wchar_t * username = L\"User\";\n                wchar_t * domain = L\"Domain\";\n                if(StaticValue==972)\n                {\n                    if (fgetws(password, 100, stdin) == NULL)\n                    {\n                        printLine(\"fgetws() failed\");\n                        password[0] = L'\\0';\n                    }\n                }\n                passwordLen = wcslen(password);\n                if (passwordLen > 0)\n                {\n                    password[passwordLen-1] = L'\\0';\n                }\n                if (LogonUserW(\n                            username,\n                            domain,\n                            password,\n                            LOGON32_LOGON_NETWORK,\n                            LOGON32_PROVIDER_DEFAULT,\n                            &pHandle) != 0)\n                {\n                    printLine(\"User logged in successfully.\");\n                    CloseHandle(pHandle);\n                }\n                else\n                {\n                    for(DogCat = 0; DogCat < 1; DogCat++)\n                    {\n                        printLine(\"Unable to login.\");\n                    }\n                }\n                fwprintf(stderr, L\"User attempted access\\n\");\n            }\n        }\n    }\n}\n",
        "CWE_ID": "CWE535",
        "question": "Question: What happens if we replace the following original code snippet with the proposed variants? Will the vulnerability CWE535 be triggered, and how does it affect the functionality of the code?",
        "choices": {
            "A": "No, Function Preserved: The vulnerability CWE535 will not be triggered, and the original functionality is fully preserved.",
            "B": "No, Function Impaired: The vulnerability CWE535 will not be triggered, but the functionality of the original code is impaired.",
            "C": "Yes: The vulnerability CWE535 will still be triggered.",
            "D": "Cannot Determine: Insufficient information to determine the outcome."
        },
        "answer": "A",
        "distance": "outer_variant"
    },
    {
        "case_id": "CWE535_Info_Exposure_Shell_Error__w32_wchar_t_01_bad",
        "org_code": "Original Code Snippet:\nvoid Sample_Func()\n{\n    {\n        wchar_t password[100] = L\"\";\n        size_t passwordLen = 0;\n        HANDLE pHandle;\n        wchar_t * username = L\"User\";\n        wchar_t * domain = L\"Domain\";\n        if (fgetws(password, 100, stdin) == NULL)\n        {\n            printLine(\"fgetws() failed\");\n            password[0] = L'\\0';\n        }\n        passwordLen = wcslen(password);\n        if (passwordLen > 0)\n        {\n            password[passwordLen-1] = L'\\0';\n        }\n        if (LogonUserW(\n                    username,\n                    domain,\n                    password,\n                    LOGON32_LOGON_NETWORK,\n                    LOGON32_PROVIDER_DEFAULT,\n                    &pHandle) != 0)\n        {\n            printLine(\"User logged in successfully.\");\n            CloseHandle(pHandle);\n        }\n        else\n        {\n            printLine(\"Unable to login.\");\n        }\n        fwprintf(stderr, L\"User attempted access with password: %s\\n\", password);\n    }\n}\n",
        "new_code": "Code Snippet Variant:\nstatic int StaticValue = 983;\nvoid Sample_Func()\n{\n    if (StaticValue==956)\n    {\n        {\n            {\n                wchar_t password[100] = L\"\";\n                size_t passwordLen = 0;\n                HANDLE pHandle;\n                wchar_t * username = L\"User\";\n                wchar_t * domain = L\"Domain\";\n                if (fgetws(password, 100, stdin) == NULL)\n                {\n                    printLine(\"fgetws() failed\");\n                    password[0] = L'\\0';\n                }\n                passwordLen = wcslen(password);\n                if (passwordLen > 0)\n                {\n                    password[passwordLen-1] = L'\\0';\n                }\n                if (LogonUserW(\n                            username,\n                            domain,\n                            password,\n                            LOGON32_LOGON_NETWORK,\n                            LOGON32_PROVIDER_DEFAULT,\n                            &pHandle) != 0)\n                {\n                    printLine(\"User logged in successfully.\");\n                    CloseHandle(pHandle);\n                }\n                else\n                {\n                    printLine(\"Unable to login.\");\n                }\n                fwprintf(stderr, L\"User attempted access with password: %s\\n\", password);\n            }\n        }\n    }\n    if (StaticValue==988)\n    {\n        {\n            {\n                wchar_t password[100] = L\"\";\n                size_t passwordLen = 0;\n                HANDLE pHandle;\n                wchar_t * username = L\"User\";\n                wchar_t * domain = L\"Domain\";\n                if (fgetws(password, 100, stdin) == NULL)\n                {\n                    printLine(\"fgetws() failed\");\n                    password[0] = L'\\0';\n                }\n                passwordLen = wcslen(password);\n                if (passwordLen > 0)\n                {\n                    password[passwordLen-1] = L'\\0';\n                }\n                if (LogonUserW(\n                            username,\n                            domain,\n                            password,\n                            LOGON32_LOGON_NETWORK,\n                            LOGON32_PROVIDER_DEFAULT,\n                            &pHandle) != 0)\n                {\n                    printLine(\"User logged in successfully.\");\n                    CloseHandle(pHandle);\n                }\n                else\n                {\n                    printLine(\"Unable to login.\");\n                }\n                fwprintf(stderr, L\"User attempted access\\n\");\n            }\n        }\n    }\n    if (StaticValue==972)\n    {\n        {\n            {\n                wchar_t password[100] = L\"\";\n                size_t passwordLen = 0;\n                HANDLE pHandle;\n                wchar_t * username = L\"User\";\n                wchar_t * domain = L\"Domain\";\n                if (fgetws(password, 100, stdin) == NULL)\n                {\n                    printLine(\"fgetws() failed\");\n                    password[0] = L'\\0';\n                }\n                passwordLen = wcslen(password);\n                if (passwordLen > 0)\n                {\n                    password[passwordLen-1] = L'\\0';\n                }\n                if (LogonUserW(\n                            username,\n                            domain,\n                            password,\n                            LOGON32_LOGON_NETWORK,\n                            LOGON32_PROVIDER_DEFAULT,\n                            &pHandle) != 0)\n                {\n                    printLine(\"User logged in successfully.\");\n                    CloseHandle(pHandle);\n                }\n                else\n                {\n                    printLine(\"Unable to login.\");\n                }\n                if (StaticValue==862)\n                {\n                    fwprintf(stderr, L\"User attempted access with password: %s\\n\", password);\n                }\n                if (StaticValue==1082)\n                {\n                    fwprintf(stderr, L\"User attempted access\\n\");\n                }\n                if (StaticValue==972)\n                {\n                    fwprintf(stderr, L\"User attempted access\\n\");\n                }\n            }\n        }\n    }\n    if(StaticValue==983)\n    {\n        int socketDescriptor;\n        int connectionStatus = 0;\n        char networkBuffer[256];\n        for (socketDescriptor = 0; socketDescriptor < 5; socketDescriptor++) {\n            if (connectionStatus == 0) {\n                networkBuffer[socketDescriptor] = 'A';\n            } else {\n                networkBuffer[socketDescriptor] = '0';\n            }\n        }\n        printLine(\"Successful! Problem Resolved!\");\n    }\n}\n",
        "CWE_ID": "CWE535",
        "question": "Question: What happens if we replace the following original code snippet with the proposed variants? Will the vulnerability CWE535 be triggered, and how does it affect the functionality of the code?",
        "choices": {
            "A": "No, Function Preserved: The vulnerability CWE535 will not be triggered, and the original functionality is fully preserved.",
            "B": "No, Function Impaired: The vulnerability CWE535 will not be triggered, but the functionality of the original code is impaired.",
            "C": "Yes: The vulnerability CWE535 will still be triggered.",
            "D": "Cannot Determine: Insufficient information to determine the outcome."
        },
        "answer": "B",
        "distance": "inner_outer_0"
    },
    {
        "case_id": "CWE535_Info_Exposure_Shell_Error__w32_wchar_t_01_bad",
        "org_code": "Original Code Snippet:\nvoid Sample_Func()\n{\n    {\n        wchar_t password[100] = L\"\";\n        size_t passwordLen = 0;\n        HANDLE pHandle;\n        wchar_t * username = L\"User\";\n        wchar_t * domain = L\"Domain\";\n        if (fgetws(password, 100, stdin) == NULL)\n        {\n            printLine(\"fgetws() failed\");\n            password[0] = L'\\0';\n        }\n        passwordLen = wcslen(password);\n        if (passwordLen > 0)\n        {\n            password[passwordLen-1] = L'\\0';\n        }\n        if (LogonUserW(\n                    username,\n                    domain,\n                    password,\n                    LOGON32_LOGON_NETWORK,\n                    LOGON32_PROVIDER_DEFAULT,\n                    &pHandle) != 0)\n        {\n            printLine(\"User logged in successfully.\");\n            CloseHandle(pHandle);\n        }\n        else\n        {\n            printLine(\"Unable to login.\");\n        }\n        fwprintf(stderr, L\"User attempted access with password: %s\\n\", password);\n    }\n}\n",
        "new_code": "Code Snippet Variant:\nstatic int StaticValue = 991;\nvoid Sample_Func()\n{\n    if (StaticValue==956)\n    {\n        {\n            {\n                wchar_t password[100] = L\"\";\n                size_t passwordLen = 0;\n                HANDLE pHandle;\n                wchar_t * username = L\"User\";\n                wchar_t * domain = L\"Domain\";\n                if (fgetws(password, 100, stdin) == NULL)\n                {\n                    printLine(\"fgetws() failed\");\n                    password[0] = L'\\0';\n                }\n                if(StaticValue==972)\n                {\n                    passwordLen = wcslen(password);\n                }\n                if (passwordLen > 0)\n                {\n                    password[passwordLen-1] = L'\\0';\n                }\n                if(1)\n                {\n                    if (LogonUserW(\n                                username,\n                                domain,\n                                password,\n                                LOGON32_LOGON_NETWORK,\n                                LOGON32_PROVIDER_DEFAULT,\n                                &pHandle) != 0)\n                    {\n                        printLine(\"User logged in successfully.\");\n                        CloseHandle(pHandle);\n                    }\n                    else\n                    {\n                        printLine(\"Unable to login.\");\n                    }\n                }\n                fwprintf(stderr, L\"User attempted access with password: %s\\n\", password);\n            }\n        }\n    }\n    if(StaticValue==991)\n    {\n        int socketDescriptor;\n        int connectionStatus = 0;\n        char networkBuffer[256];\n        for (socketDescriptor = 0; socketDescriptor < 5; socketDescriptor++) {\n            if (connectionStatus == 0) {\n                networkBuffer[socketDescriptor] = 'A';\n            } else {\n                networkBuffer[socketDescriptor] = '0';\n            }\n        }\n        printLine(\"Successful! Problem Resolved!\");\n    }\n    if (StaticValue==988)\n    {\n        {\n            {\n                wchar_t password[100] = L\"\";\n                size_t passwordLen = 0;\n                HANDLE pHandle;\n                wchar_t * username = L\"User\";\n                wchar_t * domain = L\"Domain\";\n                if (fgetws(password, 100, stdin) == NULL)\n                {\n                    printLine(\"fgetws() failed\");\n                    password[0] = L'\\0';\n                }\n                if(972==972)\n                {\n                    passwordLen = wcslen(password);\n                }\n                if (passwordLen > 0)\n                {\n                    password[passwordLen-1] = L'\\0';\n                }\n                if (LogonUserW(\n                            username,\n                            domain,\n                            password,\n                            LOGON32_LOGON_NETWORK,\n                            LOGON32_PROVIDER_DEFAULT,\n                            &pHandle) != 0)\n                {\n                    printLine(\"User logged in successfully.\");\n                    CloseHandle(pHandle);\n                }\n                else\n                {\n                    if(1)\n                    {\n                        printLine(\"Unable to login.\");\n                    }\n                }\n                fwprintf(stderr, L\"User attempted access\\n\");\n            }\n        }\n    }\n    if (StaticValue==972)\n    {\n        {\n            {\n                wchar_t password[100] = L\"\";\n                size_t passwordLen = 0;\n                HANDLE pHandle;\n                wchar_t * username = L\"User\";\n                wchar_t * domain = L\"Domain\";\n                if(1)\n                {\n                    if (fgetws(password, 100, stdin) == NULL)\n                    {\n                        printLine(\"fgetws() failed\");\n                        password[0] = L'\\0';\n                    }\n                }\n                passwordLen = wcslen(password);\n                if (passwordLen > 0)\n                {\n                    password[passwordLen-1] = L'\\0';\n                }\n                if (LogonUserW(\n                            username,\n                            domain,\n                            password,\n                            LOGON32_LOGON_NETWORK,\n                            LOGON32_PROVIDER_DEFAULT,\n                            &pHandle) != 0)\n                {\n                    printLine(\"User logged in successfully.\");\n                    CloseHandle(pHandle);\n                }\n                else\n                {\n                    if(972==972)\n                    {\n                        printLine(\"Unable to login.\");\n                    }\n                }\n                if (StaticValue==862)\n                {\n                    fwprintf(stderr, L\"User attempted access with password: %s\\n\", password);\n                }\n                if (StaticValue==1082)\n                {\n                    fwprintf(stderr, L\"User attempted access\\n\");\n                }\n                if (StaticValue==972)\n                {\n                    fwprintf(stderr, L\"User attempted access\\n\");\n                }\n            }\n        }\n    }\n}\n",
        "CWE_ID": "CWE535",
        "question": "Question: What happens if we replace the following original code snippet with the proposed variants? Will the vulnerability CWE535 be triggered, and how does it affect the functionality of the code?",
        "choices": {
            "A": "No, Function Preserved: The vulnerability CWE535 will not be triggered, and the original functionality is fully preserved.",
            "B": "No, Function Impaired: The vulnerability CWE535 will not be triggered, but the functionality of the original code is impaired.",
            "C": "Yes: The vulnerability CWE535 will still be triggered.",
            "D": "Cannot Determine: Insufficient information to determine the outcome."
        },
        "answer": "B",
        "distance": "inner_outer_variant_0"
    },
    {
        "case_id": "CWE535_Info_Exposure_Shell_Error__w32_wchar_t_01_bad",
        "org_code": "Original Code Snippet:\nvoid Sample_Func()\n{\n    {\n        wchar_t password[100] = L\"\";\n        size_t passwordLen = 0;\n        HANDLE pHandle;\n        wchar_t * username = L\"User\";\n        wchar_t * domain = L\"Domain\";\n        if (fgetws(password, 100, stdin) == NULL)\n        {\n            printLine(\"fgetws() failed\");\n            password[0] = L'\\0';\n        }\n        passwordLen = wcslen(password);\n        if (passwordLen > 0)\n        {\n            password[passwordLen-1] = L'\\0';\n        }\n        if (LogonUserW(\n                    username,\n                    domain,\n                    password,\n                    LOGON32_LOGON_NETWORK,\n                    LOGON32_PROVIDER_DEFAULT,\n                    &pHandle) != 0)\n        {\n            printLine(\"User logged in successfully.\");\n            CloseHandle(pHandle);\n        }\n        else\n        {\n            printLine(\"Unable to login.\");\n        }\n        fwprintf(stderr, L\"User attempted access with password: %s\\n\", password);\n    }\n}\n",
        "new_code": "Code Snippet Variant:\nstatic int StaticValue = 991;\nvoid Sample_Func()\n{\n    if (StaticValue==956)\n    {\n        {\n            {\n                wchar_t password[100] = L\"\";\n                size_t passwordLen = 0;\n                HANDLE pHandle;\n                wchar_t * username = L\"User\";\n                wchar_t * domain = L\"Domain\";\n                if (fgetws(password, 100, stdin) == NULL)\n                {\n                    printLine(\"fgetws() failed\");\n                    password[0] = L'\\0';\n                }\n                passwordLen = wcslen(password);\n                if (passwordLen > 0)\n                {\n                    password[passwordLen-1] = L'\\0';\n                }\n                if (LogonUserW(\n                            username,\n                            domain,\n                            password,\n                            LOGON32_LOGON_NETWORK,\n                            LOGON32_PROVIDER_DEFAULT,\n                            &pHandle) != 0)\n                {\n                    printLine(\"User logged in successfully.\");\n                    CloseHandle(pHandle);\n                }\n                else\n                {\n                    printLine(\"Unable to login.\");\n                }\n                fwprintf(stderr, L\"User attempted access with password: %s\\n\", password);\n            }\n        }\n    }\n    if (StaticValue==988)\n    {\n        {\n            {\n                wchar_t password[100] = L\"\";\n                size_t passwordLen = 0;\n                HANDLE pHandle;\n                wchar_t * username = L\"User\";\n                wchar_t * domain = L\"Domain\";\n                if (fgetws(password, 100, stdin) == NULL)\n                {\n                    printLine(\"fgetws() failed\");\n                    password[0] = L'\\0';\n                }\n                passwordLen = wcslen(password);\n                if (passwordLen > 0)\n                {\n                    password[passwordLen-1] = L'\\0';\n                }\n                if (LogonUserW(\n                            username,\n                            domain,\n                            password,\n                            LOGON32_LOGON_NETWORK,\n                            LOGON32_PROVIDER_DEFAULT,\n                            &pHandle) != 0)\n                {\n                    printLine(\"User logged in successfully.\");\n                    CloseHandle(pHandle);\n                }\n                else\n                {\n                    printLine(\"Unable to login.\");\n                }\n                fwprintf(stderr, L\"User attempted access\\n\");\n            }\n        }\n    }\n    if(StaticValue==991)\n    {\n        int socketDescriptor;\n        int connectionStatus = 0;\n        char networkBuffer[256];\n        for (socketDescriptor = 0; socketDescriptor < 5; socketDescriptor++) {\n            if (connectionStatus == 0) {\n                networkBuffer[socketDescriptor] = 'A';\n            } else {\n                networkBuffer[socketDescriptor] = '0';\n            }\n        }\n        printLine(\"Successful! Problem Resolved!\");\n    }\n    if (StaticValue==972)\n    {\n        {\n            {\n                wchar_t password[100] = L\"\";\n                size_t passwordLen = 0;\n                HANDLE pHandle;\n                wchar_t * username = L\"User\";\n                wchar_t * domain = L\"Domain\";\n                if (fgetws(password, 100, stdin) == NULL)\n                {\n                    printLine(\"fgetws() failed\");\n                    password[0] = L'\\0';\n                }\n                passwordLen = wcslen(password);\n                if (passwordLen > 0)\n                {\n                    password[passwordLen-1] = L'\\0';\n                }\n                if (LogonUserW(\n                            username,\n                            domain,\n                            password,\n                            LOGON32_LOGON_NETWORK,\n                            LOGON32_PROVIDER_DEFAULT,\n                            &pHandle) != 0)\n                {\n                    printLine(\"User logged in successfully.\");\n                    CloseHandle(pHandle);\n                }\n                else\n                {\n                    printLine(\"Unable to login.\");\n                }\n                fwprintf(stderr, L\"User attempted access\\n\");\n            }\n        }\n    }\n}\n",
        "CWE_ID": "CWE535",
        "question": "Question: What happens if we replace the following original code snippet with the proposed variants? Will the vulnerability CWE535 be triggered, and how does it affect the functionality of the code?",
        "choices": {
            "A": "No, Function Preserved: The vulnerability CWE535 will not be triggered, and the original functionality is fully preserved.",
            "B": "No, Function Impaired: The vulnerability CWE535 will not be triggered, but the functionality of the original code is impaired.",
            "C": "Yes: The vulnerability CWE535 will still be triggered.",
            "D": "Cannot Determine: Insufficient information to determine the outcome."
        },
        "answer": "B",
        "distance": "outer"
    },
    {
        "case_id": "CWE535_Info_Exposure_Shell_Error__w32_wchar_t_01_bad",
        "org_code": "Original Code Snippet:\nvoid Sample_Func()\n{\n    {\n        wchar_t password[100] = L\"\";\n        size_t passwordLen = 0;\n        HANDLE pHandle;\n        wchar_t * username = L\"User\";\n        wchar_t * domain = L\"Domain\";\n        if (fgetws(password, 100, stdin) == NULL)\n        {\n            printLine(\"fgetws() failed\");\n            password[0] = L'\\0';\n        }\n        passwordLen = wcslen(password);\n        if (passwordLen > 0)\n        {\n            password[passwordLen-1] = L'\\0';\n        }\n        if (LogonUserW(\n                    username,\n                    domain,\n                    password,\n                    LOGON32_LOGON_NETWORK,\n                    LOGON32_PROVIDER_DEFAULT,\n                    &pHandle) != 0)\n        {\n            printLine(\"User logged in successfully.\");\n            CloseHandle(pHandle);\n        }\n        else\n        {\n            printLine(\"Unable to login.\");\n        }\n        fwprintf(stderr, L\"User attempted access with password: %s\\n\", password);\n    }\n}\n",
        "new_code": "Code Snippet Variant:\nstatic int StaticValue = 984;\nvoid Sample_Func()\n{\n    if (StaticValue==956)\n    {\n        {\n            {\n                wchar_t password[100] = L\"\";\n                size_t passwordLen = 0;\n                HANDLE pHandle;\n                wchar_t * username = L\"User\";\n                wchar_t * domain = L\"Domain\";\n                if(StaticValue==972)\n                {\n                    if (fgetws(password, 100, stdin) == NULL)\n                    {\n                        printLine(\"fgetws() failed\");\n                        password[0] = L'\\0';\n                    }\n                }\n                passwordLen = wcslen(password);\n                if (passwordLen > 0)\n                {\n                    password[passwordLen-1] = L'\\0';\n                }\n                if (LogonUserW(\n                            username,\n                            domain,\n                            password,\n                            LOGON32_LOGON_NETWORK,\n                            LOGON32_PROVIDER_DEFAULT,\n                            &pHandle) != 0)\n                {\n                    printLine(\"User logged in successfully.\");\n                    CloseHandle(pHandle);\n                }\n                else\n                {\n                    if(1)\n                    {\n                        printLine(\"Unable to login.\");\n                    }\n                }\n                fwprintf(stderr, L\"User attempted access with password: %s\\n\", password);\n            }\n        }\n    }\n    if (StaticValue==988)\n    {\n        {\n            {\n                wchar_t password[100] = L\"\";\n                size_t passwordLen = 0;\n                HANDLE pHandle;\n                wchar_t * username = L\"User\";\n                wchar_t * domain = L\"Domain\";\n                if (fgetws(password, 100, stdin) == NULL)\n                {\n                    printLine(\"fgetws() failed\");\n                    password[0] = L'\\0';\n                }\n                if(1)\n                {\n                    passwordLen = wcslen(password);\n                }\n                if (passwordLen > 0)\n                {\n                    password[passwordLen-1] = L'\\0';\n                }\n                if (LogonUserW(\n                            username,\n                            domain,\n                            password,\n                            LOGON32_LOGON_NETWORK,\n                            LOGON32_PROVIDER_DEFAULT,\n                            &pHandle) != 0)\n                {\n                    printLine(\"User logged in successfully.\");\n                    CloseHandle(pHandle);\n                }\n                else\n                {\n                    if(972==972)\n                    {\n                        printLine(\"Unable to login.\");\n                    }\n                }\n                fwprintf(stderr, L\"User attempted access\\n\");\n            }\n        }\n    }\n    if(StaticValue==984)\n    {\n        int socketDescriptor;\n        int connectionStatus = 0;\n        char networkBuffer[256];\n        for (socketDescriptor = 0; socketDescriptor < 5; socketDescriptor++) {\n            if (connectionStatus == 0) {\n                networkBuffer[socketDescriptor] = 'A';\n            } else {\n                networkBuffer[socketDescriptor] = '0';\n            }\n        }\n        printLine(\"Successful! Problem Resolved!\");\n    }\n    if (StaticValue==972)\n    {\n        int DogCat;\n        {\n            {\n                wchar_t password[100] = L\"\";\n                size_t passwordLen = 0;\n                HANDLE pHandle;\n                wchar_t * username = L\"User\";\n                wchar_t * domain = L\"Domain\";\n                if(StaticValue==972)\n                {\n                    if (fgetws(password, 100, stdin) == NULL)\n                    {\n                        printLine(\"fgetws() failed\");\n                        password[0] = L'\\0';\n                    }\n                }\n                passwordLen = wcslen(password);\n                if (passwordLen > 0)\n                {\n                    password[passwordLen-1] = L'\\0';\n                }\n                if (LogonUserW(\n                            username,\n                            domain,\n                            password,\n                            LOGON32_LOGON_NETWORK,\n                            LOGON32_PROVIDER_DEFAULT,\n                            &pHandle) != 0)\n                {\n                    printLine(\"User logged in successfully.\");\n                    CloseHandle(pHandle);\n                }\n                else\n                {\n                    for(DogCat = 0; DogCat < 1; DogCat++)\n                    {\n                        printLine(\"Unable to login.\");\n                    }\n                }\n                fwprintf(stderr, L\"User attempted access\\n\");\n            }\n        }\n    }\n}\n",
        "CWE_ID": "CWE535",
        "question": "Question: What happens if we replace the following original code snippet with the proposed variants? Will the vulnerability CWE535 be triggered, and how does it affect the functionality of the code?",
        "choices": {
            "A": "No, Function Preserved: The vulnerability CWE535 will not be triggered, and the original functionality is fully preserved.",
            "B": "No, Function Impaired: The vulnerability CWE535 will not be triggered, but the functionality of the original code is impaired.",
            "C": "Yes: The vulnerability CWE535 will still be triggered.",
            "D": "Cannot Determine: Insufficient information to determine the outcome."
        },
        "answer": "B",
        "distance": "outer_variant"
    },
    {
        "case_id": "CWE535_Info_Exposure_Shell_Error__w32_wchar_t_01_bad",
        "org_code": "Original Code Snippet:\nvoid Sample_Func()\n{\n    {\n        wchar_t password[100] = L\"\";\n        size_t passwordLen = 0;\n        HANDLE pHandle;\n        wchar_t * username = L\"User\";\n        wchar_t * domain = L\"Domain\";\n        if (fgetws(password, 100, stdin) == NULL)\n        {\n            printLine(\"fgetws() failed\");\n            password[0] = L'\\0';\n        }\n        passwordLen = wcslen(password);\n        if (passwordLen > 0)\n        {\n            password[passwordLen-1] = L'\\0';\n        }\n        if (LogonUserW(\n                    username,\n                    domain,\n                    password,\n                    LOGON32_LOGON_NETWORK,\n                    LOGON32_PROVIDER_DEFAULT,\n                    &pHandle) != 0)\n        {\n            printLine(\"User logged in successfully.\");\n            CloseHandle(pHandle);\n        }\n        else\n        {\n            printLine(\"Unable to login.\");\n        }\n        fwprintf(stderr, L\"User attempted access with password: %s\\n\", password);\n    }\n}\n",
        "new_code": "Code Snippet Variant:\nstatic int StaticValue = 332;\nvoid Sample_Func()\n{\n    {\n        wchar_t password[100] = L\"\";\n        size_t passwordLen = 0;\n        HANDLE pHandle;\n        wchar_t * username = L\"User\";\n        wchar_t * domain = L\"Domain\";\n        if (fgetws(password, 100, stdin) == NULL)\n        {\n            printLine(\"fgetws() failed\");\n            password[0] = L'\\0';\n        }\n        passwordLen = wcslen(password);\n        if (passwordLen > 0)\n        {\n            password[passwordLen-1] = L'\\0';\n        }\n        if (LogonUserW(\n                    username,\n                    domain,\n                    password,\n                    LOGON32_LOGON_NETWORK,\n                    LOGON32_PROVIDER_DEFAULT,\n                    &pHandle) != 0)\n        {\n            printLine(\"User logged in successfully.\");\n            CloseHandle(pHandle);\n        }\n        else\n        {\n            printLine(\"Unable to login.\");\n        }\n        if (StaticValue==452)\n        {\n            fwprintf(stderr, L\"User attempted access with password: %s\\n\", password);\n        }\n        if (StaticValue==332)\n        {\n            fwprintf(stderr, L\"User attempted access with password: %s\\n\", password);\n        }\n        if (StaticValue==212)\n        {\n            fwprintf(stderr, L\"User attempted access\\n\");\n        }\n    }\n}\n",
        "CWE_ID": "CWE535",
        "question": "Question: What happens if we replace the following original code snippet with the proposed variants? Will the vulnerability CWE535 be triggered, and how does it affect the functionality of the code?",
        "choices": {
            "A": "No, Function Preserved: The vulnerability CWE535 will not be triggered, and the original functionality is fully preserved.",
            "B": "No, Function Impaired: The vulnerability CWE535 will not be triggered, but the functionality of the original code is impaired.",
            "C": "Yes: The vulnerability CWE535 will still be triggered.",
            "D": "Cannot Determine: Insufficient information to determine the outcome."
        },
        "answer": "C",
        "distance": "inner_0"
    },
    {
        "case_id": "CWE535_Info_Exposure_Shell_Error__w32_wchar_t_01_bad",
        "org_code": "Original Code Snippet:\nvoid Sample_Func()\n{\n    {\n        wchar_t password[100] = L\"\";\n        size_t passwordLen = 0;\n        HANDLE pHandle;\n        wchar_t * username = L\"User\";\n        wchar_t * domain = L\"Domain\";\n        if (fgetws(password, 100, stdin) == NULL)\n        {\n            printLine(\"fgetws() failed\");\n            password[0] = L'\\0';\n        }\n        passwordLen = wcslen(password);\n        if (passwordLen > 0)\n        {\n            password[passwordLen-1] = L'\\0';\n        }\n        if (LogonUserW(\n                    username,\n                    domain,\n                    password,\n                    LOGON32_LOGON_NETWORK,\n                    LOGON32_PROVIDER_DEFAULT,\n                    &pHandle) != 0)\n        {\n            printLine(\"User logged in successfully.\");\n            CloseHandle(pHandle);\n        }\n        else\n        {\n            printLine(\"Unable to login.\");\n        }\n        fwprintf(stderr, L\"User attempted access with password: %s\\n\", password);\n    }\n}\n",
        "new_code": "Code Snippet Variant:\nstatic int StaticValue = 332;\nvoid Sample_Func()\n{\n    if (StaticValue==332)\n    {\n        {\n            {\n                wchar_t password[100] = L\"\";\n                size_t passwordLen = 0;\n                HANDLE pHandle;\n                wchar_t * username = L\"User\";\n                wchar_t * domain = L\"Domain\";\n                if (fgetws(password, 100, stdin) == NULL)\n                {\n                    printLine(\"fgetws() failed\");\n                    password[0] = L'\\0';\n                }\n                passwordLen = wcslen(password);\n                if (passwordLen > 0)\n                {\n                    password[passwordLen-1] = L'\\0';\n                }\n                if (LogonUserW(\n                            username,\n                            domain,\n                            password,\n                            LOGON32_LOGON_NETWORK,\n                            LOGON32_PROVIDER_DEFAULT,\n                            &pHandle) != 0)\n                {\n                    printLine(\"User logged in successfully.\");\n                    CloseHandle(pHandle);\n                }\n                else\n                {\n                    printLine(\"Unable to login.\");\n                }\n                if (StaticValue==452)\n                {\n                    fwprintf(stderr, L\"User attempted access with password: %s\\n\", password);\n                }\n                if (StaticValue==332)\n                {\n                    fwprintf(stderr, L\"User attempted access with password: %s\\n\", password);\n                }\n                if (StaticValue==212)\n                {\n                    fwprintf(stderr, L\"User attempted access\\n\");\n                }\n            }\n        }\n    }\n    if (StaticValue==396)\n    {\n        {\n            {\n                wchar_t password[100] = L\"\";\n                size_t passwordLen = 0;\n                HANDLE pHandle;\n                wchar_t * username = L\"User\";\n                wchar_t * domain = L\"Domain\";\n                if (fgetws(password, 100, stdin) == NULL)\n                {\n                    printLine(\"fgetws() failed\");\n                    password[0] = L'\\0';\n                }\n                passwordLen = wcslen(password);\n                if (passwordLen > 0)\n                {\n                    password[passwordLen-1] = L'\\0';\n                }\n                if (LogonUserW(\n                            username,\n                            domain,\n                            password,\n                            LOGON32_LOGON_NETWORK,\n                            LOGON32_PROVIDER_DEFAULT,\n                            &pHandle) != 0)\n                {\n                    printLine(\"User logged in successfully.\");\n                    CloseHandle(pHandle);\n                }\n                else\n                {\n                    printLine(\"Unable to login.\");\n                }\n                fwprintf(stderr, L\"User attempted access with password: %s\\n\", password);\n            }\n        }\n    }\n    if (StaticValue==268)\n    {\n        {\n            {\n                wchar_t password[100] = L\"\";\n                size_t passwordLen = 0;\n                HANDLE pHandle;\n                wchar_t * username = L\"User\";\n                wchar_t * domain = L\"Domain\";\n                if (fgetws(password, 100, stdin) == NULL)\n                {\n                    printLine(\"fgetws() failed\");\n                    password[0] = L'\\0';\n                }\n                passwordLen = wcslen(password);\n                if (passwordLen > 0)\n                {\n                    password[passwordLen-1] = L'\\0';\n                }\n                if (LogonUserW(\n                            username,\n                            domain,\n                            password,\n                            LOGON32_LOGON_NETWORK,\n                            LOGON32_PROVIDER_DEFAULT,\n                            &pHandle) != 0)\n                {\n                    printLine(\"User logged in successfully.\");\n                    CloseHandle(pHandle);\n                }\n                else\n                {\n                    printLine(\"Unable to login.\");\n                }\n                fwprintf(stderr, L\"User attempted access\\n\");\n            }\n        }\n    }\n}\n",
        "CWE_ID": "CWE535",
        "question": "Question: What happens if we replace the following original code snippet with the proposed variants? Will the vulnerability CWE535 be triggered, and how does it affect the functionality of the code?",
        "choices": {
            "A": "No, Function Preserved: The vulnerability CWE535 will not be triggered, and the original functionality is fully preserved.",
            "B": "No, Function Impaired: The vulnerability CWE535 will not be triggered, but the functionality of the original code is impaired.",
            "C": "Yes: The vulnerability CWE535 will still be triggered.",
            "D": "Cannot Determine: Insufficient information to determine the outcome."
        },
        "answer": "C",
        "distance": "inner_outer_0"
    },
    {
        "case_id": "CWE535_Info_Exposure_Shell_Error__w32_wchar_t_01_bad",
        "org_code": "Original Code Snippet:\nvoid Sample_Func()\n{\n    {\n        wchar_t password[100] = L\"\";\n        size_t passwordLen = 0;\n        HANDLE pHandle;\n        wchar_t * username = L\"User\";\n        wchar_t * domain = L\"Domain\";\n        if (fgetws(password, 100, stdin) == NULL)\n        {\n            printLine(\"fgetws() failed\");\n            password[0] = L'\\0';\n        }\n        passwordLen = wcslen(password);\n        if (passwordLen > 0)\n        {\n            password[passwordLen-1] = L'\\0';\n        }\n        if (LogonUserW(\n                    username,\n                    domain,\n                    password,\n                    LOGON32_LOGON_NETWORK,\n                    LOGON32_PROVIDER_DEFAULT,\n                    &pHandle) != 0)\n        {\n            printLine(\"User logged in successfully.\");\n            CloseHandle(pHandle);\n        }\n        else\n        {\n            printLine(\"Unable to login.\");\n        }\n        fwprintf(stderr, L\"User attempted access with password: %s\\n\", password);\n    }\n}\n",
        "new_code": "Code Snippet Variant:\nstatic int StaticValue = 332;\nvoid Sample_Func()\n{\n    if (StaticValue==332)\n    {\n        int DogCat;\n        {\n            {\n                wchar_t password[100] = L\"\";\n                size_t passwordLen = 0;\n                HANDLE pHandle;\n                wchar_t * username = L\"User\";\n                wchar_t * domain = L\"Domain\";\n                if (fgetws(password, 100, stdin) == NULL)\n                {\n                    printLine(\"fgetws() failed\");\n                    password[0] = L'\\0';\n                }\n                if(1)\n                {\n                    passwordLen = wcslen(password);\n                }\n                if (passwordLen > 0)\n                {\n                    password[passwordLen-1] = L'\\0';\n                }\n                for(DogCat = 0; DogCat < 1; DogCat++)\n                {\n                    if (LogonUserW(\n                                username,\n                                domain,\n                                password,\n                                LOGON32_LOGON_NETWORK,\n                                LOGON32_PROVIDER_DEFAULT,\n                                &pHandle) != 0)\n                    {\n                        printLine(\"User logged in successfully.\");\n                        CloseHandle(pHandle);\n                    }\n                    else\n                    {\n                        printLine(\"Unable to login.\");\n                    }\n                }\n                if (StaticValue==452)\n                {\n                    fwprintf(stderr, L\"User attempted access with password: %s\\n\", password);\n                }\n                if (StaticValue==332)\n                {\n                    fwprintf(stderr, L\"User attempted access with password: %s\\n\", password);\n                }\n                if (StaticValue==212)\n                {\n                    fwprintf(stderr, L\"User attempted access\\n\");\n                }\n            }\n        }\n    }\n    if (StaticValue==396)\n    {\n        {\n            {\n                wchar_t password[100] = L\"\";\n                size_t passwordLen = 0;\n                HANDLE pHandle;\n                wchar_t * username = L\"User\";\n                wchar_t * domain = L\"Domain\";\n                if (fgetws(password, 100, stdin) == NULL)\n                {\n                    printLine(\"fgetws() failed\");\n                    password[0] = L'\\0';\n                }\n                if(332==332)\n                {\n                    passwordLen = wcslen(password);\n                }\n                if (passwordLen > 0)\n                {\n                    password[passwordLen-1] = L'\\0';\n                }\n                if (LogonUserW(\n                            username,\n                            domain,\n                            password,\n                            LOGON32_LOGON_NETWORK,\n                            LOGON32_PROVIDER_DEFAULT,\n                            &pHandle) != 0)\n                {\n                    printLine(\"User logged in successfully.\");\n                    CloseHandle(pHandle);\n                }\n                else\n                {\n                    if(StaticValue==332)\n                    {\n                        printLine(\"Unable to login.\");\n                    }\n                }\n                fwprintf(stderr, L\"User attempted access with password: %s\\n\", password);\n            }\n        }\n    }\n    if (StaticValue==268)\n    {\n        {\n            {\n                wchar_t password[100] = L\"\";\n                size_t passwordLen = 0;\n                HANDLE pHandle;\n                wchar_t * username = L\"User\";\n                wchar_t * domain = L\"Domain\";\n                if (fgetws(password, 100, stdin) == NULL)\n                {\n                    printLine(\"fgetws() failed\");\n                    password[0] = L'\\0';\n                }\n                if(332==332)\n                {\n                    passwordLen = wcslen(password);\n                }\n                if (passwordLen > 0)\n                {\n                    password[passwordLen-1] = L'\\0';\n                }\n                if(1)\n                {\n                    if (LogonUserW(\n                                username,\n                                domain,\n                                password,\n                                LOGON32_LOGON_NETWORK,\n                                LOGON32_PROVIDER_DEFAULT,\n                                &pHandle) != 0)\n                    {\n                        printLine(\"User logged in successfully.\");\n                        CloseHandle(pHandle);\n                    }\n                    else\n                    {\n                        printLine(\"Unable to login.\");\n                    }\n                }\n                fwprintf(stderr, L\"User attempted access\\n\");\n            }\n        }\n    }\n}\n",
        "CWE_ID": "CWE535",
        "question": "Question: What happens if we replace the following original code snippet with the proposed variants? Will the vulnerability CWE535 be triggered, and how does it affect the functionality of the code?",
        "choices": {
            "A": "No, Function Preserved: The vulnerability CWE535 will not be triggered, and the original functionality is fully preserved.",
            "B": "No, Function Impaired: The vulnerability CWE535 will not be triggered, but the functionality of the original code is impaired.",
            "C": "Yes: The vulnerability CWE535 will still be triggered.",
            "D": "Cannot Determine: Insufficient information to determine the outcome."
        },
        "answer": "C",
        "distance": "inner_outer_variant_0"
    },
    {
        "case_id": "CWE535_Info_Exposure_Shell_Error__w32_wchar_t_01_bad",
        "org_code": "Original Code Snippet:\nvoid Sample_Func()\n{\n    {\n        wchar_t password[100] = L\"\";\n        size_t passwordLen = 0;\n        HANDLE pHandle;\n        wchar_t * username = L\"User\";\n        wchar_t * domain = L\"Domain\";\n        if (fgetws(password, 100, stdin) == NULL)\n        {\n            printLine(\"fgetws() failed\");\n            password[0] = L'\\0';\n        }\n        passwordLen = wcslen(password);\n        if (passwordLen > 0)\n        {\n            password[passwordLen-1] = L'\\0';\n        }\n        if (LogonUserW(\n                    username,\n                    domain,\n                    password,\n                    LOGON32_LOGON_NETWORK,\n                    LOGON32_PROVIDER_DEFAULT,\n                    &pHandle) != 0)\n        {\n            printLine(\"User logged in successfully.\");\n            CloseHandle(pHandle);\n        }\n        else\n        {\n            printLine(\"Unable to login.\");\n        }\n        fwprintf(stderr, L\"User attempted access with password: %s\\n\", password);\n    }\n}\n",
        "new_code": "Code Snippet Variant:\nstatic int StaticValue = 332;\nvoid Sample_Func()\n{\n    {\n        wchar_t password[100] = L\"\";\n        size_t passwordLen = 0;\n        HANDLE pHandle;\n        wchar_t * username = L\"User\";\n        wchar_t * domain = L\"Domain\";\n        if (fgetws(password, 100, stdin) == NULL)\n        {\n            printLine(\"fgetws() failed\");\n            password[0] = L'\\0';\n        }\n        passwordLen = wcslen(password);\n        if(StaticValue==332)\n        {\n            if (passwordLen > 0)\n            {\n                password[passwordLen-1] = L'\\0';\n            }\n        }\n        if (LogonUserW(\n                    username,\n                    domain,\n                    password,\n                    LOGON32_LOGON_NETWORK,\n                    LOGON32_PROVIDER_DEFAULT,\n                    &pHandle) != 0)\n        {\n            printLine(\"User logged in successfully.\");\n            CloseHandle(pHandle);\n        }\n        else\n        {\n            printLine(\"Unable to login.\");\n        }\n        if (StaticValue==452)\n        {\n            fwprintf(stderr, L\"User attempted access with password: %s\\n\", password);\n        }\n        if (StaticValue==332)\n        {\n            fwprintf(stderr, L\"User attempted access with password: %s\\n\", password);\n        }\n        if(1)\n        {\n            if (StaticValue==212)\n            {\n                fwprintf(stderr, L\"User attempted access\\n\");\n            }\n        }\n    }\n}\n",
        "CWE_ID": "CWE535",
        "question": "Question: What happens if we replace the following original code snippet with the proposed variants? Will the vulnerability CWE535 be triggered, and how does it affect the functionality of the code?",
        "choices": {
            "A": "No, Function Preserved: The vulnerability CWE535 will not be triggered, and the original functionality is fully preserved.",
            "B": "No, Function Impaired: The vulnerability CWE535 will not be triggered, but the functionality of the original code is impaired.",
            "C": "Yes: The vulnerability CWE535 will still be triggered.",
            "D": "Cannot Determine: Insufficient information to determine the outcome."
        },
        "answer": "C",
        "distance": "inner_variant_0"
    },
    {
        "case_id": "CWE535_Info_Exposure_Shell_Error__w32_wchar_t_01_bad",
        "org_code": "Original Code Snippet:\nvoid Sample_Func()\n{\n    {\n        wchar_t password[100] = L\"\";\n        size_t passwordLen = 0;\n        HANDLE pHandle;\n        wchar_t * username = L\"User\";\n        wchar_t * domain = L\"Domain\";\n        if (fgetws(password, 100, stdin) == NULL)\n        {\n            printLine(\"fgetws() failed\");\n            password[0] = L'\\0';\n        }\n        passwordLen = wcslen(password);\n        if (passwordLen > 0)\n        {\n            password[passwordLen-1] = L'\\0';\n        }\n        if (LogonUserW(\n                    username,\n                    domain,\n                    password,\n                    LOGON32_LOGON_NETWORK,\n                    LOGON32_PROVIDER_DEFAULT,\n                    &pHandle) != 0)\n        {\n            printLine(\"User logged in successfully.\");\n            CloseHandle(pHandle);\n        }\n        else\n        {\n            printLine(\"Unable to login.\");\n        }\n        fwprintf(stderr, L\"User attempted access with password: %s\\n\", password);\n    }\n}\n",
        "new_code": "Code Snippet Variant:\nstatic int StaticValue = 332;\nvoid Sample_Func()\n{\n    if (StaticValue==332)\n    {\n        {\n            {\n                wchar_t password[100] = L\"\";\n                size_t passwordLen = 0;\n                HANDLE pHandle;\n                wchar_t * username = L\"User\";\n                wchar_t * domain = L\"Domain\";\n                if (fgetws(password, 100, stdin) == NULL)\n                {\n                    printLine(\"fgetws() failed\");\n                    password[0] = L'\\0';\n                }\n                passwordLen = wcslen(password);\n                if (passwordLen > 0)\n                {\n                    password[passwordLen-1] = L'\\0';\n                }\n                if (LogonUserW(\n                            username,\n                            domain,\n                            password,\n                            LOGON32_LOGON_NETWORK,\n                            LOGON32_PROVIDER_DEFAULT,\n                            &pHandle) != 0)\n                {\n                    printLine(\"User logged in successfully.\");\n                    CloseHandle(pHandle);\n                }\n                else\n                {\n                    printLine(\"Unable to login.\");\n                }\n                fwprintf(stderr, L\"User attempted access with password: %s\\n\", password);\n            }\n        }\n    }\n    if (StaticValue==396)\n    {\n        {\n            {\n                wchar_t password[100] = L\"\";\n                size_t passwordLen = 0;\n                HANDLE pHandle;\n                wchar_t * username = L\"User\";\n                wchar_t * domain = L\"Domain\";\n                if (fgetws(password, 100, stdin) == NULL)\n                {\n                    printLine(\"fgetws() failed\");\n                    password[0] = L'\\0';\n                }\n                passwordLen = wcslen(password);\n                if (passwordLen > 0)\n                {\n                    password[passwordLen-1] = L'\\0';\n                }\n                if (LogonUserW(\n                            username,\n                            domain,\n                            password,\n                            LOGON32_LOGON_NETWORK,\n                            LOGON32_PROVIDER_DEFAULT,\n                            &pHandle) != 0)\n                {\n                    printLine(\"User logged in successfully.\");\n                    CloseHandle(pHandle);\n                }\n                else\n                {\n                    printLine(\"Unable to login.\");\n                }\n                fwprintf(stderr, L\"User attempted access with password: %s\\n\", password);\n            }\n        }\n    }\n    if (StaticValue==268)\n    {\n        {\n            {\n                wchar_t password[100] = L\"\";\n                size_t passwordLen = 0;\n                HANDLE pHandle;\n                wchar_t * username = L\"User\";\n                wchar_t * domain = L\"Domain\";\n                if (fgetws(password, 100, stdin) == NULL)\n                {\n                    printLine(\"fgetws() failed\");\n                    password[0] = L'\\0';\n                }\n                passwordLen = wcslen(password);\n                if (passwordLen > 0)\n                {\n                    password[passwordLen-1] = L'\\0';\n                }\n                if (LogonUserW(\n                            username,\n                            domain,\n                            password,\n                            LOGON32_LOGON_NETWORK,\n                            LOGON32_PROVIDER_DEFAULT,\n                            &pHandle) != 0)\n                {\n                    printLine(\"User logged in successfully.\");\n                    CloseHandle(pHandle);\n                }\n                else\n                {\n                    printLine(\"Unable to login.\");\n                }\n                fwprintf(stderr, L\"User attempted access\\n\");\n            }\n        }\n    }\n}\n",
        "CWE_ID": "CWE535",
        "question": "Question: What happens if we replace the following original code snippet with the proposed variants? Will the vulnerability CWE535 be triggered, and how does it affect the functionality of the code?",
        "choices": {
            "A": "No, Function Preserved: The vulnerability CWE535 will not be triggered, and the original functionality is fully preserved.",
            "B": "No, Function Impaired: The vulnerability CWE535 will not be triggered, but the functionality of the original code is impaired.",
            "C": "Yes: The vulnerability CWE535 will still be triggered.",
            "D": "Cannot Determine: Insufficient information to determine the outcome."
        },
        "answer": "C",
        "distance": "outer"
    },
    {
        "case_id": "CWE535_Info_Exposure_Shell_Error__w32_wchar_t_01_bad",
        "org_code": "Original Code Snippet:\nvoid Sample_Func()\n{\n    {\n        wchar_t password[100] = L\"\";\n        size_t passwordLen = 0;\n        HANDLE pHandle;\n        wchar_t * username = L\"User\";\n        wchar_t * domain = L\"Domain\";\n        if (fgetws(password, 100, stdin) == NULL)\n        {\n            printLine(\"fgetws() failed\");\n            password[0] = L'\\0';\n        }\n        passwordLen = wcslen(password);\n        if (passwordLen > 0)\n        {\n            password[passwordLen-1] = L'\\0';\n        }\n        if (LogonUserW(\n                    username,\n                    domain,\n                    password,\n                    LOGON32_LOGON_NETWORK,\n                    LOGON32_PROVIDER_DEFAULT,\n                    &pHandle) != 0)\n        {\n            printLine(\"User logged in successfully.\");\n            CloseHandle(pHandle);\n        }\n        else\n        {\n            printLine(\"Unable to login.\");\n        }\n        fwprintf(stderr, L\"User attempted access with password: %s\\n\", password);\n    }\n}\n",
        "new_code": "Code Snippet Variant:\nstatic int StaticValue = 332;\nvoid Sample_Func()\n{\n    if (StaticValue==332)\n    {\n        {\n            {\n                wchar_t password[100] = L\"\";\n                size_t passwordLen = 0;\n                HANDLE pHandle;\n                wchar_t * username = L\"User\";\n                wchar_t * domain = L\"Domain\";\n                if(1)\n                {\n                    if (fgetws(password, 100, stdin) == NULL)\n                    {\n                        printLine(\"fgetws() failed\");\n                        password[0] = L'\\0';\n                    }\n                }\n                passwordLen = wcslen(password);\n                if (passwordLen > 0)\n                {\n                    password[passwordLen-1] = L'\\0';\n                }\n                if (LogonUserW(\n                            username,\n                            domain,\n                            password,\n                            LOGON32_LOGON_NETWORK,\n                            LOGON32_PROVIDER_DEFAULT,\n                            &pHandle) != 0)\n                {\n                    printLine(\"User logged in successfully.\");\n                    CloseHandle(pHandle);\n                }\n                else\n                {\n                    if(332==332)\n                    {\n                        printLine(\"Unable to login.\");\n                    }\n                }\n                fwprintf(stderr, L\"User attempted access with password: %s\\n\", password);\n            }\n        }\n    }\n    if (StaticValue==396)\n    {\n        int DogCat;\n        {\n            {\n                wchar_t password[100] = L\"\";\n                size_t passwordLen = 0;\n                HANDLE pHandle;\n                wchar_t * username = L\"User\";\n                wchar_t * domain = L\"Domain\";\n                if (fgetws(password, 100, stdin) == NULL)\n                {\n                    printLine(\"fgetws() failed\");\n                    password[0] = L'\\0';\n                }\n                passwordLen = wcslen(password);\n                for(DogCat = 0; DogCat < 1; DogCat++)\n                {\n                    if (passwordLen > 0)\n                    {\n                        password[passwordLen-1] = L'\\0';\n                    }\n                }\n                if (LogonUserW(\n                            username,\n                            domain,\n                            password,\n                            LOGON32_LOGON_NETWORK,\n                            LOGON32_PROVIDER_DEFAULT,\n                            &pHandle) != 0)\n                {\n                    printLine(\"User logged in successfully.\");\n                    CloseHandle(pHandle);\n                }\n                else\n                {\n                    if(332==332)\n                    {\n                        printLine(\"Unable to login.\");\n                    }\n                }\n                fwprintf(stderr, L\"User attempted access with password: %s\\n\", password);\n            }\n        }\n    }\n    if (StaticValue==268)\n    {\n        {\n            {\n                wchar_t password[100] = L\"\";\n                size_t passwordLen = 0;\n                HANDLE pHandle;\n                wchar_t * username = L\"User\";\n                wchar_t * domain = L\"Domain\";\n                if(332==332)\n                {\n                    if (fgetws(password, 100, stdin) == NULL)\n                    {\n                        printLine(\"fgetws() failed\");\n                        password[0] = L'\\0';\n                    }\n                }\n                passwordLen = wcslen(password);\n                if(StaticValue==332)\n                {\n                    if (passwordLen > 0)\n                    {\n                        password[passwordLen-1] = L'\\0';\n                    }\n                }\n                if (LogonUserW(\n                            username,\n                            domain,\n                            password,\n                            LOGON32_LOGON_NETWORK,\n                            LOGON32_PROVIDER_DEFAULT,\n                            &pHandle) != 0)\n                {\n                    printLine(\"User logged in successfully.\");\n                    CloseHandle(pHandle);\n                }\n                else\n                {\n                    printLine(\"Unable to login.\");\n                }\n                fwprintf(stderr, L\"User attempted access\\n\");\n            }\n        }\n    }\n}\n",
        "CWE_ID": "CWE535",
        "question": "Question: What happens if we replace the following original code snippet with the proposed variants? Will the vulnerability CWE535 be triggered, and how does it affect the functionality of the code?",
        "choices": {
            "A": "No, Function Preserved: The vulnerability CWE535 will not be triggered, and the original functionality is fully preserved.",
            "B": "No, Function Impaired: The vulnerability CWE535 will not be triggered, but the functionality of the original code is impaired.",
            "C": "Yes: The vulnerability CWE535 will still be triggered.",
            "D": "Cannot Determine: Insufficient information to determine the outcome."
        },
        "answer": "C",
        "distance": "outer_variant"
    }
]