[
    {
        "case_id": "CWE459_Incomplete_Cleanup__wchar_t_01_bad",
        "org_code": "Original Code Snippet:\nvoid Sample_Func()\n{\n    {\n        wchar_t * filename;\n        wchar_t tmpl[] = L\"DogXXXXXX\";\n        FILE *pFile;\n        filename = MKTEMP(tmpl);\n        if (filename != NULL)\n        {\n            pFile = FOPEN(filename, L\"w\");\n            if (pFile != NULL)\n            {\n                fprintf(pFile, \"Temporary file\");\n                fclose(pFile);\n            }\n        }\n    }\n}\n",
        "new_code": "Code Snippet Variant:\nstatic int StaticValue = 849;\nvoid Sample_Func()\n{\n    if (StaticValue==805)\n    {\n        {\n            {\n                wchar_t * filename;\n                wchar_t tmpl[] = L\"DogXXXXXX\";\n                FILE *pFile;\n                filename = MKTEMP(tmpl);\n                if (filename != NULL)\n                {\n                    pFile = FOPEN(filename, L\"w\");\n                    if (pFile != NULL)\n                    {\n                        fprintf(pFile, \"Temporary file\");\n                        fclose(pFile);\n                    }\n                }\n            }\n        }\n    }\n    if (StaticValue==893)\n    {\n        {\n            {\n                wchar_t * filename;\n                wchar_t tmpl[] = L\"CatXXXXXX\";\n                FILE *pFile;\n                filename = MKTEMP(tmpl);\n                if (filename != NULL)\n                {\n                    pFile = FOPEN(filename, L\"w\");\n                    if (pFile != NULL)\n                    {\n                        fprintf(pFile, \"Temporary file\");\n                        fclose(pFile);\n                        UNLINK(filename);  \n                    }\n                }\n            }\n        }\n    }\n    if (StaticValue==849)\n    {\n        {\n            {\n                wchar_t * filename;\n                wchar_t tmpl[] = L\"CatXXXXXX\";\n                FILE *pFile;\n                filename = MKTEMP(tmpl);\n                if (filename != NULL)\n                {\n                    pFile = FOPEN(filename, L\"w\");\n                    if (pFile != NULL)\n                    {\n                        fprintf(pFile, \"Temporary file\");\n                        fclose(pFile);\n                        UNLINK(filename);  \n                    }\n                }\n            }\n        }\n    }\n}\n",
        "CWE_ID": "CWE459",
        "question": "Question: What happens if we replace the following original code snippet with the proposed variants? Will the vulnerability CWE459 be triggered, and how does it affect the functionality of the code?",
        "choices": {
            "A": "No, Function Preserved: The vulnerability CWE459 will not be triggered, and the original functionality is fully preserved.",
            "B": "No, Function Impaired: The vulnerability CWE459 will not be triggered, but the functionality of the original code is impaired.",
            "C": "Yes: The vulnerability CWE459 will still be triggered.",
            "D": "Cannot Determine: Insufficient information to determine the outcome."
        },
        "answer": "A",
        "distance": "outer"
    },
    {
        "case_id": "CWE459_Incomplete_Cleanup__wchar_t_01_bad",
        "org_code": "Original Code Snippet:\nvoid Sample_Func()\n{\n    {\n        wchar_t * filename;\n        wchar_t tmpl[] = L\"DogXXXXXX\";\n        FILE *pFile;\n        filename = MKTEMP(tmpl);\n        if (filename != NULL)\n        {\n            pFile = FOPEN(filename, L\"w\");\n            if (pFile != NULL)\n            {\n                fprintf(pFile, \"Temporary file\");\n                fclose(pFile);\n            }\n        }\n    }\n}\n",
        "new_code": "Code Snippet Variant:\nstatic int StaticValue = 849;\nvoid Sample_Func()\n{\n    if (StaticValue==805)\n    {\n        int DogCat;\n        {\n            {\n                wchar_t * filename;\n                wchar_t tmpl[] = L\"DogXXXXXX\";\n                FILE *pFile;\n                if(StaticValue==849)\n                {\n                    filename = MKTEMP(tmpl);\n                }\n                if (filename != NULL)\n                {\n                    pFile = FOPEN(filename, L\"w\");\n                    for(DogCat = 0; DogCat < 1; DogCat++)\n                    {\n                        if (pFile != NULL)\n                        {\n                            fprintf(pFile, \"Temporary file\");\n                            fclose(pFile);\n                        }\n                    }\n                }\n            }\n        }\n    }\n    if (StaticValue==893)\n    {\n        {\n            {\n                wchar_t * filename;\n                wchar_t tmpl[] = L\"CatXXXXXX\";\n                FILE *pFile;\n                if(StaticValue==849)\n                {\n                    filename = MKTEMP(tmpl);\n                }\n                if (filename != NULL)\n                {\n                    pFile = FOPEN(filename, L\"w\");\n                    if(849==849)\n                    {\n                        if (pFile != NULL)\n                        {\n                            fprintf(pFile, \"Temporary file\");\n                            fclose(pFile);\n                            UNLINK(filename);  \n                        }\n                    }\n                }\n            }\n        }\n    }\n    if (StaticValue==849)\n    {\n        int DogCat;\n        {\n            {\n                wchar_t * filename;\n                wchar_t tmpl[] = L\"CatXXXXXX\";\n                FILE *pFile;\n                for(DogCat = 0; DogCat < 1; DogCat++)\n                {\n                    filename = MKTEMP(tmpl);\n                }\n                if (filename != NULL)\n                {\n                    pFile = FOPEN(filename, L\"w\");\n                    if(1)\n                    {\n                        if (pFile != NULL)\n                        {\n                            fprintf(pFile, \"Temporary file\");\n                            fclose(pFile);\n                            UNLINK(filename);  \n                        }\n                    }\n                }\n            }\n        }\n    }\n}\n",
        "CWE_ID": "CWE459",
        "question": "Question: What happens if we replace the following original code snippet with the proposed variants? Will the vulnerability CWE459 be triggered, and how does it affect the functionality of the code?",
        "choices": {
            "A": "No, Function Preserved: The vulnerability CWE459 will not be triggered, and the original functionality is fully preserved.",
            "B": "No, Function Impaired: The vulnerability CWE459 will not be triggered, but the functionality of the original code is impaired.",
            "C": "Yes: The vulnerability CWE459 will still be triggered.",
            "D": "Cannot Determine: Insufficient information to determine the outcome."
        },
        "answer": "A",
        "distance": "outer_variant"
    },
    {
        "case_id": "CWE459_Incomplete_Cleanup__wchar_t_01_bad",
        "org_code": "Original Code Snippet:\nvoid Sample_Func()\n{\n    {\n        wchar_t * filename;\n        wchar_t tmpl[] = L\"DogXXXXXX\";\n        FILE *pFile;\n        filename = MKTEMP(tmpl);\n        if (filename != NULL)\n        {\n            pFile = FOPEN(filename, L\"w\");\n            if (pFile != NULL)\n            {\n                fprintf(pFile, \"Temporary file\");\n                fclose(pFile);\n            }\n        }\n    }\n}\n",
        "new_code": "Code Snippet Variant:\nstatic int StaticValue = 869;\nvoid Sample_Func()\n{\n    if (StaticValue==805)\n    {\n        {\n            {\n                wchar_t * filename;\n                wchar_t tmpl[] = L\"DogXXXXXX\";\n                FILE *pFile;\n                filename = MKTEMP(tmpl);\n                if (filename != NULL)\n                {\n                    pFile = FOPEN(filename, L\"w\");\n                    if (pFile != NULL)\n                    {\n                        fprintf(pFile, \"Temporary file\");\n                        fclose(pFile);\n                    }\n                }\n            }\n        }\n    }\n    if(StaticValue==869)\n    {\n        int socketDescriptor;\n        int connectionStatus = 0;\n        char networkBuffer[256];\n        for (socketDescriptor = 0; socketDescriptor < 5; socketDescriptor++) {\n            if (connectionStatus == 0) {\n                networkBuffer[socketDescriptor] = 'A';\n            } else {\n                networkBuffer[socketDescriptor] = '0';\n            }\n        }\n        printLine(\"Successful! Problem Resolved!\");\n    }\n    if (StaticValue==893)\n    {\n        {\n            {\n                wchar_t * filename;\n                wchar_t tmpl[] = L\"CatXXXXXX\";\n                FILE *pFile;\n                filename = MKTEMP(tmpl);\n                if (filename != NULL)\n                {\n                    pFile = FOPEN(filename, L\"w\");\n                    if (pFile != NULL)\n                    {\n                        fprintf(pFile, \"Temporary file\");\n                        fclose(pFile);\n                        UNLINK(filename);  \n                    }\n                }\n            }\n        }\n    }\n    if (StaticValue==849)\n    {\n        {\n            {\n                wchar_t * filename;\n                wchar_t tmpl[] = L\"CatXXXXXX\";\n                FILE *pFile;\n                filename = MKTEMP(tmpl);\n                if (filename != NULL)\n                {\n                    pFile = FOPEN(filename, L\"w\");\n                    if (pFile != NULL)\n                    {\n                        fprintf(pFile, \"Temporary file\");\n                        fclose(pFile);\n                        UNLINK(filename);  \n                    }\n                }\n            }\n        }\n    }\n}\n",
        "CWE_ID": "CWE459",
        "question": "Question: What happens if we replace the following original code snippet with the proposed variants? Will the vulnerability CWE459 be triggered, and how does it affect the functionality of the code?",
        "choices": {
            "A": "No, Function Preserved: The vulnerability CWE459 will not be triggered, and the original functionality is fully preserved.",
            "B": "No, Function Impaired: The vulnerability CWE459 will not be triggered, but the functionality of the original code is impaired.",
            "C": "Yes: The vulnerability CWE459 will still be triggered.",
            "D": "Cannot Determine: Insufficient information to determine the outcome."
        },
        "answer": "B",
        "distance": "outer"
    },
    {
        "case_id": "CWE459_Incomplete_Cleanup__wchar_t_01_bad",
        "org_code": "Original Code Snippet:\nvoid Sample_Func()\n{\n    {\n        wchar_t * filename;\n        wchar_t tmpl[] = L\"DogXXXXXX\";\n        FILE *pFile;\n        filename = MKTEMP(tmpl);\n        if (filename != NULL)\n        {\n            pFile = FOPEN(filename, L\"w\");\n            if (pFile != NULL)\n            {\n                fprintf(pFile, \"Temporary file\");\n                fclose(pFile);\n            }\n        }\n    }\n}\n",
        "new_code": "Code Snippet Variant:\nstatic int StaticValue = 865;\nvoid Sample_Func()\n{\n    if (StaticValue==805)\n    {\n        int DogCat;\n        {\n            {\n                wchar_t * filename;\n                wchar_t tmpl[] = L\"DogXXXXXX\";\n                FILE *pFile;\n                if(StaticValue==849)\n                {\n                    filename = MKTEMP(tmpl);\n                }\n                if (filename != NULL)\n                {\n                    pFile = FOPEN(filename, L\"w\");\n                    for(DogCat = 0; DogCat < 1; DogCat++)\n                    {\n                        if (pFile != NULL)\n                        {\n                            fprintf(pFile, \"Temporary file\");\n                            fclose(pFile);\n                        }\n                    }\n                }\n            }\n        }\n    }\n    if(StaticValue==865)\n    {\n        int socketDescriptor;\n        int connectionStatus = 0;\n        char networkBuffer[256];\n        for (socketDescriptor = 0; socketDescriptor < 5; socketDescriptor++) {\n            if (connectionStatus == 0) {\n                networkBuffer[socketDescriptor] = 'A';\n            } else {\n                networkBuffer[socketDescriptor] = '0';\n            }\n        }\n        printLine(\"Successful! Problem Resolved!\");\n    }\n    if (StaticValue==893)\n    {\n        {\n            {\n                wchar_t * filename;\n                wchar_t tmpl[] = L\"CatXXXXXX\";\n                FILE *pFile;\n                if(StaticValue==849)\n                {\n                    filename = MKTEMP(tmpl);\n                }\n                if (filename != NULL)\n                {\n                    pFile = FOPEN(filename, L\"w\");\n                    if(849==849)\n                    {\n                        if (pFile != NULL)\n                        {\n                            fprintf(pFile, \"Temporary file\");\n                            fclose(pFile);\n                            UNLINK(filename);  \n                        }\n                    }\n                }\n            }\n        }\n    }\n    if (StaticValue==849)\n    {\n        int DogCat;\n        {\n            {\n                wchar_t * filename;\n                wchar_t tmpl[] = L\"CatXXXXXX\";\n                FILE *pFile;\n                for(DogCat = 0; DogCat < 1; DogCat++)\n                {\n                    filename = MKTEMP(tmpl);\n                }\n                if (filename != NULL)\n                {\n                    pFile = FOPEN(filename, L\"w\");\n                    if(1)\n                    {\n                        if (pFile != NULL)\n                        {\n                            fprintf(pFile, \"Temporary file\");\n                            fclose(pFile);\n                            UNLINK(filename);  \n                        }\n                    }\n                }\n            }\n        }\n    }\n}\n",
        "CWE_ID": "CWE459",
        "question": "Question: What happens if we replace the following original code snippet with the proposed variants? Will the vulnerability CWE459 be triggered, and how does it affect the functionality of the code?",
        "choices": {
            "A": "No, Function Preserved: The vulnerability CWE459 will not be triggered, and the original functionality is fully preserved.",
            "B": "No, Function Impaired: The vulnerability CWE459 will not be triggered, but the functionality of the original code is impaired.",
            "C": "Yes: The vulnerability CWE459 will still be triggered.",
            "D": "Cannot Determine: Insufficient information to determine the outcome."
        },
        "answer": "B",
        "distance": "outer_variant"
    },
    {
        "case_id": "CWE459_Incomplete_Cleanup__wchar_t_01_bad",
        "org_code": "Original Code Snippet:\nvoid Sample_Func()\n{\n    {\n        wchar_t * filename;\n        wchar_t tmpl[] = L\"DogXXXXXX\";\n        FILE *pFile;\n        filename = MKTEMP(tmpl);\n        if (filename != NULL)\n        {\n            pFile = FOPEN(filename, L\"w\");\n            if (pFile != NULL)\n            {\n                fprintf(pFile, \"Temporary file\");\n                fclose(pFile);\n            }\n        }\n    }\n}\n",
        "new_code": "Code Snippet Variant:\nstatic int StaticValue = 711;\nvoid Sample_Func()\n{\n    if (StaticValue==711)\n    {\n        {\n            {\n                wchar_t * filename;\n                wchar_t tmpl[] = L\"DogXXXXXX\";\n                FILE *pFile;\n                filename = MKTEMP(tmpl);\n                if (filename != NULL)\n                {\n                    pFile = FOPEN(filename, L\"w\");\n                    if (pFile != NULL)\n                    {\n                        fprintf(pFile, \"Temporary file\");\n                        fclose(pFile);\n                    }\n                }\n            }\n        }\n    }\n    if (StaticValue==782)\n    {\n        {\n            {\n                wchar_t * filename;\n                wchar_t tmpl[] = L\"DogXXXXXX\";\n                FILE *pFile;\n                filename = MKTEMP(tmpl);\n                if (filename != NULL)\n                {\n                    pFile = FOPEN(filename, L\"w\");\n                    if (pFile != NULL)\n                    {\n                        fprintf(pFile, \"Temporary file\");\n                        fclose(pFile);\n                    }\n                }\n            }\n        }\n    }\n    if (StaticValue==640)\n    {\n        {\n            {\n                wchar_t * filename;\n                wchar_t tmpl[] = L\"CatXXXXXX\";\n                FILE *pFile;\n                filename = MKTEMP(tmpl);\n                if (filename != NULL)\n                {\n                    pFile = FOPEN(filename, L\"w\");\n                    if (pFile != NULL)\n                    {\n                        fprintf(pFile, \"Temporary file\");\n                        fclose(pFile);\n                        UNLINK(filename);  \n                    }\n                }\n            }\n        }\n    }\n}\n",
        "CWE_ID": "CWE459",
        "question": "Question: What happens if we replace the following original code snippet with the proposed variants? Will the vulnerability CWE459 be triggered, and how does it affect the functionality of the code?",
        "choices": {
            "A": "No, Function Preserved: The vulnerability CWE459 will not be triggered, and the original functionality is fully preserved.",
            "B": "No, Function Impaired: The vulnerability CWE459 will not be triggered, but the functionality of the original code is impaired.",
            "C": "Yes: The vulnerability CWE459 will still be triggered.",
            "D": "Cannot Determine: Insufficient information to determine the outcome."
        },
        "answer": "C",
        "distance": "outer"
    },
    {
        "case_id": "CWE459_Incomplete_Cleanup__wchar_t_01_bad",
        "org_code": "Original Code Snippet:\nvoid Sample_Func()\n{\n    {\n        wchar_t * filename;\n        wchar_t tmpl[] = L\"DogXXXXXX\";\n        FILE *pFile;\n        filename = MKTEMP(tmpl);\n        if (filename != NULL)\n        {\n            pFile = FOPEN(filename, L\"w\");\n            if (pFile != NULL)\n            {\n                fprintf(pFile, \"Temporary file\");\n                fclose(pFile);\n            }\n        }\n    }\n}\n",
        "new_code": "Code Snippet Variant:\nstatic int StaticValue = 711;\nvoid Sample_Func()\n{\n    if (StaticValue==711)\n    {\n        {\n            {\n                wchar_t * filename;\n                wchar_t tmpl[] = L\"DogXXXXXX\";\n                FILE *pFile;\n                if(StaticValue==711)\n                {\n                    filename = MKTEMP(tmpl);\n                }\n                if(711==711)\n                {\n                    if (filename != NULL)\n                    {\n                        pFile = FOPEN(filename, L\"w\");\n                        if (pFile != NULL)\n                        {\n                            fprintf(pFile, \"Temporary file\");\n                            fclose(pFile);\n                        }\n                    }\n                }\n            }\n        }\n    }\n    if (StaticValue==782)\n    {\n        {\n            {\n                wchar_t * filename;\n                wchar_t tmpl[] = L\"DogXXXXXX\";\n                FILE *pFile;\n                filename = MKTEMP(tmpl);\n                if (filename != NULL)\n                {\n                    pFile = FOPEN(filename, L\"w\");\n                    if (pFile != NULL)\n                    {\n                        fprintf(pFile, \"Temporary file\");\n                        fclose(pFile);\n                    }\n                }\n            }\n        }\n    }\n    if (StaticValue==640)\n    {\n        int DogCat;\n        {\n            {\n                wchar_t * filename;\n                wchar_t tmpl[] = L\"CatXXXXXX\";\n                FILE *pFile;\n                for(DogCat = 0; DogCat < 1; DogCat++)\n                {\n                    filename = MKTEMP(tmpl);\n                }\n                if (filename != NULL)\n                {\n                    pFile = FOPEN(filename, L\"w\");\n                    if(711==711)\n                    {\n                        if (pFile != NULL)\n                        {\n                            fprintf(pFile, \"Temporary file\");\n                            fclose(pFile);\n                            UNLINK(filename);  \n                        }\n                    }\n                }\n            }\n        }\n    }\n}\n",
        "CWE_ID": "CWE459",
        "question": "Question: What happens if we replace the following original code snippet with the proposed variants? Will the vulnerability CWE459 be triggered, and how does it affect the functionality of the code?",
        "choices": {
            "A": "No, Function Preserved: The vulnerability CWE459 will not be triggered, and the original functionality is fully preserved.",
            "B": "No, Function Impaired: The vulnerability CWE459 will not be triggered, but the functionality of the original code is impaired.",
            "C": "Yes: The vulnerability CWE459 will still be triggered.",
            "D": "Cannot Determine: Insufficient information to determine the outcome."
        },
        "answer": "C",
        "distance": "outer_variant"
    }
]