[
    {
        "case_id": "CWE272_Least_Privilege_Violation__w32_char_SHRegOpenUSKey_01_bad",
        "org_code": "Original Code Snippet:\nvoid Sample_Func()\n{\n    {\n        char * keyName = \"TEST\\\\TestKey\";\n        HUSKEY hKey;\n        if (SHRegOpenUSKeyA(\n                    keyName,\n                    KEY_WRITE,\n                    NULL,\n                    &hKey,\n                    TRUE) != ERROR_SUCCESS)\n        {\n            printLine(\"Registry key could not be opened\");\n        }\n        else\n        {\n            printLine(\"Registry key opened successfully\");\n            SHRegCloseUSKey(hKey);\n        }\n    }\n}\n",
        "new_code": "Code Snippet Variant:\nstatic int StaticValue = 866;\nvoid Sample_Func()\n{\n    if (StaticValue==770)\n    {\n        {\n            {\n                char * keyName = \"TEST\\\\TestKey\";\n                HUSKEY hKey;\n                if (SHRegOpenUSKeyA(\n                            keyName,\n                            KEY_WRITE,\n                            NULL,\n                            &hKey,\n                            TRUE) != ERROR_SUCCESS)\n                {\n                    printLine(\"Registry key could not be opened\");\n                }\n                else\n                {\n                    printLine(\"Registry key opened successfully\");\n                    SHRegCloseUSKey(hKey);\n                }\n            }\n        }\n    }\n    if (StaticValue==962)\n    {\n        {\n            {\n                char * keyName = \"TEST\\\\TestKey\";\n                HUSKEY hKey;\n                if (SHRegOpenUSKeyA(\n                            keyName,\n                            KEY_WRITE,\n                            NULL,\n                            &hKey,\n                            FALSE) != ERROR_SUCCESS)\n                {\n                    printLine(\"Registry key could not be opened\");\n                }\n                else\n                {\n                    printLine(\"Registry key opened successfully\");\n                    SHRegCloseUSKey(hKey);\n                }\n            }\n        }\n    }\n    if (StaticValue==866)\n    {\n        {\n            {\n                char * keyName = \"TEST\\\\TestKey\";\n                HUSKEY hKey;\n                if (SHRegOpenUSKeyA(\n                            keyName,\n                            KEY_WRITE,\n                            NULL,\n                            &hKey,\n                            FALSE) != ERROR_SUCCESS)\n                {\n                    printLine(\"Registry key could not be opened\");\n                }\n                else\n                {\n                    printLine(\"Registry key opened successfully\");\n                    SHRegCloseUSKey(hKey);\n                }\n            }\n        }\n    }\n}\n",
        "CWE_ID": "CWE272",
        "question": "Question: What happens if we replace the following original code snippet with the proposed variants? Will the vulnerability CWE272 be triggered, and how does it affect the functionality of the code?",
        "choices": {
            "A": "No, Function Preserved: The vulnerability CWE272 will not be triggered, and the original functionality is fully preserved.",
            "B": "No, Function Impaired: The vulnerability CWE272 will not be triggered, but the functionality of the original code is impaired.",
            "C": "Yes: The vulnerability CWE272 will still be triggered.",
            "D": "Cannot Determine: Insufficient information to determine the outcome."
        },
        "answer": "A",
        "distance": "outer"
    },
    {
        "case_id": "CWE272_Least_Privilege_Violation__w32_char_SHRegOpenUSKey_01_bad",
        "org_code": "Original Code Snippet:\nvoid Sample_Func()\n{\n    {\n        char * keyName = \"TEST\\\\TestKey\";\n        HUSKEY hKey;\n        if (SHRegOpenUSKeyA(\n                    keyName,\n                    KEY_WRITE,\n                    NULL,\n                    &hKey,\n                    TRUE) != ERROR_SUCCESS)\n        {\n            printLine(\"Registry key could not be opened\");\n        }\n        else\n        {\n            printLine(\"Registry key opened successfully\");\n            SHRegCloseUSKey(hKey);\n        }\n    }\n}\n",
        "new_code": "Code Snippet Variant:\nstatic int StaticValue = 876;\nvoid Sample_Func()\n{\n    if (StaticValue==770)\n    {\n        {\n            {\n                char * keyName = \"TEST\\\\TestKey\";\n                HUSKEY hKey;\n                if (SHRegOpenUSKeyA(\n                            keyName,\n                            KEY_WRITE,\n                            NULL,\n                            &hKey,\n                            TRUE) != ERROR_SUCCESS)\n                {\n                    printLine(\"Registry key could not be opened\");\n                }\n                else\n                {\n                    printLine(\"Registry key opened successfully\");\n                    SHRegCloseUSKey(hKey);\n                }\n            }\n        }\n    }\n    if (StaticValue==962)\n    {\n        {\n            {\n                char * keyName = \"TEST\\\\TestKey\";\n                HUSKEY hKey;\n                if (SHRegOpenUSKeyA(\n                            keyName,\n                            KEY_WRITE,\n                            NULL,\n                            &hKey,\n                            FALSE) != ERROR_SUCCESS)\n                {\n                    printLine(\"Registry key could not be opened\");\n                }\n                else\n                {\n                    printLine(\"Registry key opened successfully\");\n                    SHRegCloseUSKey(hKey);\n                }\n            }\n        }\n    }\n    if(StaticValue==876)\n    {\n        int socketDescriptor;\n        int connectionStatus = 0;\n        char networkBuffer[256];\n        for (socketDescriptor = 0; socketDescriptor < 5; socketDescriptor++) {\n            if (connectionStatus == 0) {\n                networkBuffer[socketDescriptor] = 'A';\n            } else {\n                networkBuffer[socketDescriptor] = '0';\n            }\n        }\n        printLine(\"Successful! Problem Resolved!\");\n    }\n    if (StaticValue==866)\n    {\n        {\n            {\n                char * keyName = \"TEST\\\\TestKey\";\n                HUSKEY hKey;\n                if (SHRegOpenUSKeyA(\n                            keyName,\n                            KEY_WRITE,\n                            NULL,\n                            &hKey,\n                            FALSE) != ERROR_SUCCESS)\n                {\n                    printLine(\"Registry key could not be opened\");\n                }\n                else\n                {\n                    printLine(\"Registry key opened successfully\");\n                    SHRegCloseUSKey(hKey);\n                }\n            }\n        }\n    }\n}\n",
        "CWE_ID": "CWE272",
        "question": "Question: What happens if we replace the following original code snippet with the proposed variants? Will the vulnerability CWE272 be triggered, and how does it affect the functionality of the code?",
        "choices": {
            "A": "No, Function Preserved: The vulnerability CWE272 will not be triggered, and the original functionality is fully preserved.",
            "B": "No, Function Impaired: The vulnerability CWE272 will not be triggered, but the functionality of the original code is impaired.",
            "C": "Yes: The vulnerability CWE272 will still be triggered.",
            "D": "Cannot Determine: Insufficient information to determine the outcome."
        },
        "answer": "B",
        "distance": "outer"
    },
    {
        "case_id": "CWE272_Least_Privilege_Violation__w32_char_SHRegOpenUSKey_01_bad",
        "org_code": "Original Code Snippet:\nvoid Sample_Func()\n{\n    {\n        char * keyName = \"TEST\\\\TestKey\";\n        HUSKEY hKey;\n        if (SHRegOpenUSKeyA(\n                    keyName,\n                    KEY_WRITE,\n                    NULL,\n                    &hKey,\n                    TRUE) != ERROR_SUCCESS)\n        {\n            printLine(\"Registry key could not be opened\");\n        }\n        else\n        {\n            printLine(\"Registry key opened successfully\");\n            SHRegCloseUSKey(hKey);\n        }\n    }\n}\n",
        "new_code": "Code Snippet Variant:\nstatic int StaticValue = 460;\nvoid Sample_Func()\n{\n    if (StaticValue==460)\n    {\n        {\n            {\n                char * keyName = \"TEST\\\\TestKey\";\n                HUSKEY hKey;\n                if (SHRegOpenUSKeyA(\n                            keyName,\n                            KEY_WRITE,\n                            NULL,\n                            &hKey,\n                            TRUE) != ERROR_SUCCESS)\n                {\n                    printLine(\"Registry key could not be opened\");\n                }\n                else\n                {\n                    printLine(\"Registry key opened successfully\");\n                    SHRegCloseUSKey(hKey);\n                }\n            }\n        }\n    }\n    if (StaticValue==483)\n    {\n        {\n            {\n                char * keyName = \"TEST\\\\TestKey\";\n                HUSKEY hKey;\n                if (SHRegOpenUSKeyA(\n                            keyName,\n                            KEY_WRITE,\n                            NULL,\n                            &hKey,\n                            TRUE) != ERROR_SUCCESS)\n                {\n                    printLine(\"Registry key could not be opened\");\n                }\n                else\n                {\n                    printLine(\"Registry key opened successfully\");\n                    SHRegCloseUSKey(hKey);\n                }\n            }\n        }\n    }\n    if (StaticValue==437)\n    {\n        {\n            {\n                char * keyName = \"TEST\\\\TestKey\";\n                HUSKEY hKey;\n                if (SHRegOpenUSKeyA(\n                            keyName,\n                            KEY_WRITE,\n                            NULL,\n                            &hKey,\n                            FALSE) != ERROR_SUCCESS)\n                {\n                    printLine(\"Registry key could not be opened\");\n                }\n                else\n                {\n                    printLine(\"Registry key opened successfully\");\n                    SHRegCloseUSKey(hKey);\n                }\n            }\n        }\n    }\n}\n",
        "CWE_ID": "CWE272",
        "question": "Question: What happens if we replace the following original code snippet with the proposed variants? Will the vulnerability CWE272 be triggered, and how does it affect the functionality of the code?",
        "choices": {
            "A": "No, Function Preserved: The vulnerability CWE272 will not be triggered, and the original functionality is fully preserved.",
            "B": "No, Function Impaired: The vulnerability CWE272 will not be triggered, but the functionality of the original code is impaired.",
            "C": "Yes: The vulnerability CWE272 will still be triggered.",
            "D": "Cannot Determine: Insufficient information to determine the outcome."
        },
        "answer": "C",
        "distance": "outer"
    }
]