[
    {
        "case_id": "CWE481_Assigning_Instead_of_Comparing__basic_01_bad",
        "org_code": "Original Code Snippet:\nvoid Sample_Func()\n{\n    {\n        int intRand = rand();\n        if(intRand = 5)\n        {\n            printLine(\"i was 5\");\n        }\n    }\n}\n",
        "new_code": "Code Snippet Variant:\nstatic int StaticValue = 939;\nvoid Sample_Func()\n{\n    if (StaticValue==879)\n    {\n        {\n            {\n                int intRand = rand();\n                if(intRand = 5)\n                {\n                    printLine(\"i was 5\");\n                }\n            }\n        }\n    }\n    if (StaticValue==999)\n    {\n        {\n            {\n                int intRand = rand();\n                if(intRand == 5)\n                {\n                    printLine(\"i was 5\");\n                }\n            }\n        }\n    }\n    if (StaticValue==939)\n    {\n        {\n            {\n                int intRand = rand();\n                if(intRand == 5)\n                {\n                    printLine(\"i was 5\");\n                }\n            }\n        }\n    }\n}\n",
        "CWE_ID": "CWE481",
        "question": "Question: What happens if we replace the following original code snippet with the proposed variants? Will the vulnerability CWE481 be triggered, and how does it affect the functionality of the code?",
        "choices": {
            "A": "No, Function Preserved: The vulnerability CWE481 will not be triggered, and the original functionality is fully preserved.",
            "B": "No, Function Impaired: The vulnerability CWE481 will not be triggered, but the functionality of the original code is impaired.",
            "C": "Yes: The vulnerability CWE481 will still be triggered.",
            "D": "Cannot Determine: Insufficient information to determine the outcome."
        },
        "answer": "A",
        "distance": "outer"
    },
    {
        "case_id": "CWE481_Assigning_Instead_of_Comparing__basic_01_bad",
        "org_code": "Original Code Snippet:\nvoid Sample_Func()\n{\n    {\n        int intRand = rand();\n        if(intRand = 5)\n        {\n            printLine(\"i was 5\");\n        }\n    }\n}\n",
        "new_code": "Code Snippet Variant:\nstatic int StaticValue = 951;\nvoid Sample_Func()\n{\n    if (StaticValue==879)\n    {\n        {\n            {\n                int intRand = rand();\n                if(intRand = 5)\n                {\n                    printLine(\"i was 5\");\n                }\n            }\n        }\n    }\n    if(StaticValue==951)\n    {\n        int socketDescriptor;\n        int connectionStatus = 0;\n        char networkBuffer[256];\n        for (socketDescriptor = 0; socketDescriptor < 5; socketDescriptor++) {\n            if (connectionStatus == 0) {\n                networkBuffer[socketDescriptor] = 'A';\n            } else {\n                networkBuffer[socketDescriptor] = '0';\n            }\n        }\n        printLine(\"Successful! Problem Resolved!\");\n    }\n    if (StaticValue==999)\n    {\n        {\n            {\n                int intRand = rand();\n                if(intRand == 5)\n                {\n                    printLine(\"i was 5\");\n                }\n            }\n        }\n    }\n    if (StaticValue==939)\n    {\n        {\n            {\n                int intRand = rand();\n                if(intRand == 5)\n                {\n                    printLine(\"i was 5\");\n                }\n            }\n        }\n    }\n}\n",
        "CWE_ID": "CWE481",
        "question": "Question: What happens if we replace the following original code snippet with the proposed variants? Will the vulnerability CWE481 be triggered, and how does it affect the functionality of the code?",
        "choices": {
            "A": "No, Function Preserved: The vulnerability CWE481 will not be triggered, and the original functionality is fully preserved.",
            "B": "No, Function Impaired: The vulnerability CWE481 will not be triggered, but the functionality of the original code is impaired.",
            "C": "Yes: The vulnerability CWE481 will still be triggered.",
            "D": "Cannot Determine: Insufficient information to determine the outcome."
        },
        "answer": "B",
        "distance": "outer"
    },
    {
        "case_id": "CWE481_Assigning_Instead_of_Comparing__basic_01_bad",
        "org_code": "Original Code Snippet:\nvoid Sample_Func()\n{\n    {\n        int intRand = rand();\n        if(intRand = 5)\n        {\n            printLine(\"i was 5\");\n        }\n    }\n}\n",
        "new_code": "Code Snippet Variant:\nstatic int StaticValue = 433;\nvoid Sample_Func()\n{\n    if (StaticValue==433)\n    {\n        {\n            {\n                int intRand = rand();\n                if(intRand = 5)\n                {\n                    printLine(\"i was 5\");\n                }\n            }\n        }\n    }\n    if (StaticValue==528)\n    {\n        {\n            {\n                int intRand = rand();\n                if(intRand = 5)\n                {\n                    printLine(\"i was 5\");\n                }\n            }\n        }\n    }\n    if (StaticValue==338)\n    {\n        {\n            {\n                int intRand = rand();\n                if(intRand == 5)\n                {\n                    printLine(\"i was 5\");\n                }\n            }\n        }\n    }\n}\n",
        "CWE_ID": "CWE481",
        "question": "Question: What happens if we replace the following original code snippet with the proposed variants? Will the vulnerability CWE481 be triggered, and how does it affect the functionality of the code?",
        "choices": {
            "A": "No, Function Preserved: The vulnerability CWE481 will not be triggered, and the original functionality is fully preserved.",
            "B": "No, Function Impaired: The vulnerability CWE481 will not be triggered, but the functionality of the original code is impaired.",
            "C": "Yes: The vulnerability CWE481 will still be triggered.",
            "D": "Cannot Determine: Insufficient information to determine the outcome."
        },
        "answer": "C",
        "distance": "outer"
    }
]