[
    {
        "case_id": "CWE426_Untrusted_Search_Path__wchar_t_system_01_bad",
        "org_code": "Original Code Snippet:\nvoid Sample_Func()\n{\n    wchar_t * data;\n    wchar_t dataBuffer[100] = L\"\";\n    data = dataBuffer;\n    wcscpy(data, Dog_OS_COMMAND);\n    if (SYSTEM(data) <= 0)\n    {\n        printLine(\"command execution failed!\");\n        exit(1);\n    }\n}\n",
        "new_code": "Code Snippet Variant:\nstatic int StaticValue = 848;\nvoid Sample_Func()\n{\n    wchar_t * data;\n    wchar_t dataBuffer[100] = L\"\";\n    data = dataBuffer;\n    if (StaticValue==662)\n    {\n        wcscpy(data, Dog_OS_COMMAND);\n    }\n    if (StaticValue==1034)\n    {\n        wcscpy(data, Cat_OS_COMMAND);\n    }\n    if (StaticValue==848)\n    {\n        wcscpy(data, Cat_OS_COMMAND);\n    }\n    if (SYSTEM(data) <= 0)\n    {\n        printLine(\"command execution failed!\");\n        exit(1);\n    }\n}\n",
        "CWE_ID": "CWE426",
        "question": "Question: What happens if we replace the following original code snippet with the proposed variants? Will the vulnerability CWE426 be triggered, and how does it affect the functionality of the code?",
        "choices": {
            "A": "No, Function Preserved: The vulnerability CWE426 will not be triggered, and the original functionality is fully preserved.",
            "B": "No, Function Impaired: The vulnerability CWE426 will not be triggered, but the functionality of the original code is impaired.",
            "C": "Yes: The vulnerability CWE426 will still be triggered.",
            "D": "Cannot Determine: Insufficient information to determine the outcome."
        },
        "answer": "A",
        "distance": "inner_0"
    },
    {
        "case_id": "CWE426_Untrusted_Search_Path__wchar_t_system_01_bad",
        "org_code": "Original Code Snippet:\nvoid Sample_Func()\n{\n    wchar_t * data;\n    wchar_t dataBuffer[100] = L\"\";\n    data = dataBuffer;\n    wcscpy(data, Dog_OS_COMMAND);\n    if (SYSTEM(data) <= 0)\n    {\n        printLine(\"command execution failed!\");\n        exit(1);\n    }\n}\n",
        "new_code": "Code Snippet Variant:\nstatic int StaticValue = 848;\nvoid Sample_Func()\n{\n    if (StaticValue==836)\n    {\n        {\n            wchar_t * data;\n            wchar_t dataBuffer[100] = L\"\";\n            data = dataBuffer;\n            wcscpy(data, Dog_OS_COMMAND);\n            if (SYSTEM(data) <= 0)\n            {\n                printLine(\"command execution failed!\");\n                exit(1);\n            }\n        }\n    }\n    if (StaticValue==860)\n    {\n        {\n            wchar_t * data;\n            wchar_t dataBuffer[100] = L\"\";\n            data = dataBuffer;\n            wcscpy(data, Cat_OS_COMMAND);\n            if (SYSTEM(data) <= 0)\n            {\n                printLine(\"command execution failed!\");\n                exit(1);\n            }\n        }\n    }\n    if (StaticValue==848)\n    {\n        {\n            wchar_t * data;\n            wchar_t dataBuffer[100] = L\"\";\n            data = dataBuffer;\n            if (StaticValue==662)\n            {\n                wcscpy(data, Dog_OS_COMMAND);\n            }\n            if (StaticValue==1034)\n            {\n                wcscpy(data, Cat_OS_COMMAND);\n            }\n            if (StaticValue==848)\n            {\n                wcscpy(data, Cat_OS_COMMAND);\n            }\n            if (SYSTEM(data) <= 0)\n            {\n                printLine(\"command execution failed!\");\n                exit(1);\n            }\n        }\n    }\n}\n",
        "CWE_ID": "CWE426",
        "question": "Question: What happens if we replace the following original code snippet with the proposed variants? Will the vulnerability CWE426 be triggered, and how does it affect the functionality of the code?",
        "choices": {
            "A": "No, Function Preserved: The vulnerability CWE426 will not be triggered, and the original functionality is fully preserved.",
            "B": "No, Function Impaired: The vulnerability CWE426 will not be triggered, but the functionality of the original code is impaired.",
            "C": "Yes: The vulnerability CWE426 will still be triggered.",
            "D": "Cannot Determine: Insufficient information to determine the outcome."
        },
        "answer": "A",
        "distance": "inner_outer_0"
    },
    {
        "case_id": "CWE426_Untrusted_Search_Path__wchar_t_system_01_bad",
        "org_code": "Original Code Snippet:\nvoid Sample_Func()\n{\n    wchar_t * data;\n    wchar_t dataBuffer[100] = L\"\";\n    data = dataBuffer;\n    wcscpy(data, Dog_OS_COMMAND);\n    if (SYSTEM(data) <= 0)\n    {\n        printLine(\"command execution failed!\");\n        exit(1);\n    }\n}\n",
        "new_code": "Code Snippet Variant:\nstatic int StaticValue = 848;\nvoid Sample_Func()\n{\n    if (StaticValue==836)\n    {\n        {\n            wchar_t * data;\n            wchar_t dataBuffer[100] = L\"\";\n            data = dataBuffer;\n            wcscpy(data, Dog_OS_COMMAND);\n            if (SYSTEM(data) <= 0)\n            {\n                printLine(\"command execution failed!\");\n                exit(1);\n            }\n        }\n    }\n    if (StaticValue==860)\n    {\n        {\n            wchar_t * data;\n            wchar_t dataBuffer[100] = L\"\";\n            data = dataBuffer;\n            wcscpy(data, Cat_OS_COMMAND);\n            if (SYSTEM(data) <= 0)\n            {\n                printLine(\"command execution failed!\");\n                exit(1);\n            }\n        }\n    }\n    if (StaticValue==848)\n    {\n        int DogCat;\n        {\n            wchar_t * data;\n            wchar_t dataBuffer[100] = L\"\";\n            data = dataBuffer;\n            if (StaticValue==662)\n            {\n                wcscpy(data, Dog_OS_COMMAND);\n            }\n            if(1)\n            {\n                if (StaticValue==1034)\n                {\n                    wcscpy(data, Cat_OS_COMMAND);\n                }\n            }\n            for(DogCat = 0; DogCat < 1; DogCat++)\n            {\n                if (StaticValue==848)\n                {\n                    wcscpy(data, Cat_OS_COMMAND);\n                }\n            }\n            if (SYSTEM(data) <= 0)\n            {\n                printLine(\"command execution failed!\");\n                exit(1);\n            }\n        }\n    }\n}\n",
        "CWE_ID": "CWE426",
        "question": "Question: What happens if we replace the following original code snippet with the proposed variants? Will the vulnerability CWE426 be triggered, and how does it affect the functionality of the code?",
        "choices": {
            "A": "No, Function Preserved: The vulnerability CWE426 will not be triggered, and the original functionality is fully preserved.",
            "B": "No, Function Impaired: The vulnerability CWE426 will not be triggered, but the functionality of the original code is impaired.",
            "C": "Yes: The vulnerability CWE426 will still be triggered.",
            "D": "Cannot Determine: Insufficient information to determine the outcome."
        },
        "answer": "A",
        "distance": "inner_outer_variant_0"
    },
    {
        "case_id": "CWE426_Untrusted_Search_Path__wchar_t_system_01_bad",
        "org_code": "Original Code Snippet:\nvoid Sample_Func()\n{\n    wchar_t * data;\n    wchar_t dataBuffer[100] = L\"\";\n    data = dataBuffer;\n    wcscpy(data, Dog_OS_COMMAND);\n    if (SYSTEM(data) <= 0)\n    {\n        printLine(\"command execution failed!\");\n        exit(1);\n    }\n}\n",
        "new_code": "Code Snippet Variant:\nstatic int StaticValue = 848;\nvoid Sample_Func()\n{\n    if (StaticValue==836)\n    {\n        {\n            wchar_t * data;\n            wchar_t dataBuffer[100] = L\"\";\n            data = dataBuffer;\n            wcscpy(data, Dog_OS_COMMAND);\n            if (SYSTEM(data) <= 0)\n            {\n                printLine(\"command execution failed!\");\n                exit(1);\n            }\n        }\n    }\n    if (StaticValue==860)\n    {\n        {\n            wchar_t * data;\n            wchar_t dataBuffer[100] = L\"\";\n            data = dataBuffer;\n            wcscpy(data, Cat_OS_COMMAND);\n            if (SYSTEM(data) <= 0)\n            {\n                printLine(\"command execution failed!\");\n                exit(1);\n            }\n        }\n    }\n    if (StaticValue==848)\n    {\n        {\n            wchar_t * data;\n            wchar_t dataBuffer[100] = L\"\";\n            data = dataBuffer;\n            wcscpy(data, Cat_OS_COMMAND);\n            if (SYSTEM(data) <= 0)\n            {\n                printLine(\"command execution failed!\");\n                exit(1);\n            }\n        }\n    }\n}\n",
        "CWE_ID": "CWE426",
        "question": "Question: What happens if we replace the following original code snippet with the proposed variants? Will the vulnerability CWE426 be triggered, and how does it affect the functionality of the code?",
        "choices": {
            "A": "No, Function Preserved: The vulnerability CWE426 will not be triggered, and the original functionality is fully preserved.",
            "B": "No, Function Impaired: The vulnerability CWE426 will not be triggered, but the functionality of the original code is impaired.",
            "C": "Yes: The vulnerability CWE426 will still be triggered.",
            "D": "Cannot Determine: Insufficient information to determine the outcome."
        },
        "answer": "A",
        "distance": "outer"
    },
    {
        "case_id": "CWE426_Untrusted_Search_Path__wchar_t_system_01_bad",
        "org_code": "Original Code Snippet:\nvoid Sample_Func()\n{\n    wchar_t * data;\n    wchar_t dataBuffer[100] = L\"\";\n    data = dataBuffer;\n    wcscpy(data, Dog_OS_COMMAND);\n    if (SYSTEM(data) <= 0)\n    {\n        printLine(\"command execution failed!\");\n        exit(1);\n    }\n}\n",
        "new_code": "Code Snippet Variant:\nstatic int StaticValue = 868;\nvoid Sample_Func()\n{\n    wchar_t * data;\n    wchar_t dataBuffer[100] = L\"\";\n    data = dataBuffer;\n    if (StaticValue==662)\n    {\n        wcscpy(data, Dog_OS_COMMAND);\n    }\n    if (StaticValue==1034)\n    {\n        wcscpy(data, Cat_OS_COMMAND);\n    }\n    if(StaticValue==868)\n    {\n        int socketDescriptor;\n        int connectionStatus = 0;\n        char networkBuffer[256];\n        for (socketDescriptor = 0; socketDescriptor < 5; socketDescriptor++) {\n            if (connectionStatus == 0) {\n                networkBuffer[socketDescriptor] = 'A';\n            } else {\n                networkBuffer[socketDescriptor] = '0';\n            }\n        }\n        printLine(\"Successful! Problem Resolved!\");\n    }\n    if (StaticValue==848)\n    {\n        wcscpy(data, Cat_OS_COMMAND);\n    }\n    if (SYSTEM(data) <= 0)\n    {\n        printLine(\"command execution failed!\");\n        exit(1);\n    }\n}\n",
        "CWE_ID": "CWE426",
        "question": "Question: What happens if we replace the following original code snippet with the proposed variants? Will the vulnerability CWE426 be triggered, and how does it affect the functionality of the code?",
        "choices": {
            "A": "No, Function Preserved: The vulnerability CWE426 will not be triggered, and the original functionality is fully preserved.",
            "B": "No, Function Impaired: The vulnerability CWE426 will not be triggered, but the functionality of the original code is impaired.",
            "C": "Yes: The vulnerability CWE426 will still be triggered.",
            "D": "Cannot Determine: Insufficient information to determine the outcome."
        },
        "answer": "B",
        "distance": "inner_0"
    },
    {
        "case_id": "CWE426_Untrusted_Search_Path__wchar_t_system_01_bad",
        "org_code": "Original Code Snippet:\nvoid Sample_Func()\n{\n    wchar_t * data;\n    wchar_t dataBuffer[100] = L\"\";\n    data = dataBuffer;\n    wcscpy(data, Dog_OS_COMMAND);\n    if (SYSTEM(data) <= 0)\n    {\n        printLine(\"command execution failed!\");\n        exit(1);\n    }\n}\n",
        "new_code": "Code Snippet Variant:\nstatic int StaticValue = 858;\nvoid Sample_Func()\n{\n    if (StaticValue==836)\n    {\n        {\n            wchar_t * data;\n            wchar_t dataBuffer[100] = L\"\";\n            data = dataBuffer;\n            wcscpy(data, Dog_OS_COMMAND);\n            if (SYSTEM(data) <= 0)\n            {\n                printLine(\"command execution failed!\");\n                exit(1);\n            }\n        }\n    }\n    if (StaticValue==860)\n    {\n        {\n            wchar_t * data;\n            wchar_t dataBuffer[100] = L\"\";\n            data = dataBuffer;\n            wcscpy(data, Cat_OS_COMMAND);\n            if (SYSTEM(data) <= 0)\n            {\n                printLine(\"command execution failed!\");\n                exit(1);\n            }\n        }\n    }\n    if(StaticValue==858)\n    {\n        int socketDescriptor;\n        int connectionStatus = 0;\n        char networkBuffer[256];\n        for (socketDescriptor = 0; socketDescriptor < 5; socketDescriptor++) {\n            if (connectionStatus == 0) {\n                networkBuffer[socketDescriptor] = 'A';\n            } else {\n                networkBuffer[socketDescriptor] = '0';\n            }\n        }\n        printLine(\"Successful! Problem Resolved!\");\n    }\n    if (StaticValue==848)\n    {\n        {\n            wchar_t * data;\n            wchar_t dataBuffer[100] = L\"\";\n            data = dataBuffer;\n            if (StaticValue==662)\n            {\n                wcscpy(data, Dog_OS_COMMAND);\n            }\n            if (StaticValue==1034)\n            {\n                wcscpy(data, Cat_OS_COMMAND);\n            }\n            if (StaticValue==848)\n            {\n                wcscpy(data, Cat_OS_COMMAND);\n            }\n            if (SYSTEM(data) <= 0)\n            {\n                printLine(\"command execution failed!\");\n                exit(1);\n            }\n        }\n    }\n}\n",
        "CWE_ID": "CWE426",
        "question": "Question: What happens if we replace the following original code snippet with the proposed variants? Will the vulnerability CWE426 be triggered, and how does it affect the functionality of the code?",
        "choices": {
            "A": "No, Function Preserved: The vulnerability CWE426 will not be triggered, and the original functionality is fully preserved.",
            "B": "No, Function Impaired: The vulnerability CWE426 will not be triggered, but the functionality of the original code is impaired.",
            "C": "Yes: The vulnerability CWE426 will still be triggered.",
            "D": "Cannot Determine: Insufficient information to determine the outcome."
        },
        "answer": "B",
        "distance": "inner_outer_0"
    },
    {
        "case_id": "CWE426_Untrusted_Search_Path__wchar_t_system_01_bad",
        "org_code": "Original Code Snippet:\nvoid Sample_Func()\n{\n    wchar_t * data;\n    wchar_t dataBuffer[100] = L\"\";\n    data = dataBuffer;\n    wcscpy(data, Dog_OS_COMMAND);\n    if (SYSTEM(data) <= 0)\n    {\n        printLine(\"command execution failed!\");\n        exit(1);\n    }\n}\n",
        "new_code": "Code Snippet Variant:\nstatic int StaticValue = 864;\nvoid Sample_Func()\n{\n    if (StaticValue==836)\n    {\n        {\n            wchar_t * data;\n            wchar_t dataBuffer[100] = L\"\";\n            data = dataBuffer;\n            wcscpy(data, Dog_OS_COMMAND);\n            if (SYSTEM(data) <= 0)\n            {\n                printLine(\"command execution failed!\");\n                exit(1);\n            }\n        }\n    }\n    if (StaticValue==860)\n    {\n        {\n            wchar_t * data;\n            wchar_t dataBuffer[100] = L\"\";\n            data = dataBuffer;\n            wcscpy(data, Cat_OS_COMMAND);\n            if (SYSTEM(data) <= 0)\n            {\n                printLine(\"command execution failed!\");\n                exit(1);\n            }\n        }\n    }\n    if(StaticValue==864)\n    {\n        int socketDescriptor;\n        int connectionStatus = 0;\n        char networkBuffer[256];\n        for (socketDescriptor = 0; socketDescriptor < 5; socketDescriptor++) {\n            if (connectionStatus == 0) {\n                networkBuffer[socketDescriptor] = 'A';\n            } else {\n                networkBuffer[socketDescriptor] = '0';\n            }\n        }\n        printLine(\"Successful! Problem Resolved!\");\n    }\n    if (StaticValue==848)\n    {\n        int DogCat;\n        {\n            wchar_t * data;\n            wchar_t dataBuffer[100] = L\"\";\n            data = dataBuffer;\n            if (StaticValue==662)\n            {\n                wcscpy(data, Dog_OS_COMMAND);\n            }\n            if(1)\n            {\n                if (StaticValue==1034)\n                {\n                    wcscpy(data, Cat_OS_COMMAND);\n                }\n            }\n            for(DogCat = 0; DogCat < 1; DogCat++)\n            {\n                if (StaticValue==848)\n                {\n                    wcscpy(data, Cat_OS_COMMAND);\n                }\n            }\n            if (SYSTEM(data) <= 0)\n            {\n                printLine(\"command execution failed!\");\n                exit(1);\n            }\n        }\n    }\n}\n",
        "CWE_ID": "CWE426",
        "question": "Question: What happens if we replace the following original code snippet with the proposed variants? Will the vulnerability CWE426 be triggered, and how does it affect the functionality of the code?",
        "choices": {
            "A": "No, Function Preserved: The vulnerability CWE426 will not be triggered, and the original functionality is fully preserved.",
            "B": "No, Function Impaired: The vulnerability CWE426 will not be triggered, but the functionality of the original code is impaired.",
            "C": "Yes: The vulnerability CWE426 will still be triggered.",
            "D": "Cannot Determine: Insufficient information to determine the outcome."
        },
        "answer": "B",
        "distance": "inner_outer_variant_0"
    },
    {
        "case_id": "CWE426_Untrusted_Search_Path__wchar_t_system_01_bad",
        "org_code": "Original Code Snippet:\nvoid Sample_Func()\n{\n    wchar_t * data;\n    wchar_t dataBuffer[100] = L\"\";\n    data = dataBuffer;\n    wcscpy(data, Dog_OS_COMMAND);\n    if (SYSTEM(data) <= 0)\n    {\n        printLine(\"command execution failed!\");\n        exit(1);\n    }\n}\n",
        "new_code": "Code Snippet Variant:\nstatic int StaticValue = 865;\nvoid Sample_Func()\n{\n    if (StaticValue==836)\n    {\n        {\n            wchar_t * data;\n            wchar_t dataBuffer[100] = L\"\";\n            data = dataBuffer;\n            wcscpy(data, Dog_OS_COMMAND);\n            if (SYSTEM(data) <= 0)\n            {\n                printLine(\"command execution failed!\");\n                exit(1);\n            }\n        }\n    }\n    if(StaticValue==865)\n    {\n        int socketDescriptor;\n        int connectionStatus = 0;\n        char networkBuffer[256];\n        for (socketDescriptor = 0; socketDescriptor < 5; socketDescriptor++) {\n            if (connectionStatus == 0) {\n                networkBuffer[socketDescriptor] = 'A';\n            } else {\n                networkBuffer[socketDescriptor] = '0';\n            }\n        }\n        printLine(\"Successful! Problem Resolved!\");\n    }\n    if (StaticValue==860)\n    {\n        {\n            wchar_t * data;\n            wchar_t dataBuffer[100] = L\"\";\n            data = dataBuffer;\n            wcscpy(data, Cat_OS_COMMAND);\n            if (SYSTEM(data) <= 0)\n            {\n                printLine(\"command execution failed!\");\n                exit(1);\n            }\n        }\n    }\n    if (StaticValue==848)\n    {\n        {\n            wchar_t * data;\n            wchar_t dataBuffer[100] = L\"\";\n            data = dataBuffer;\n            wcscpy(data, Cat_OS_COMMAND);\n            if (SYSTEM(data) <= 0)\n            {\n                printLine(\"command execution failed!\");\n                exit(1);\n            }\n        }\n    }\n}\n",
        "CWE_ID": "CWE426",
        "question": "Question: What happens if we replace the following original code snippet with the proposed variants? Will the vulnerability CWE426 be triggered, and how does it affect the functionality of the code?",
        "choices": {
            "A": "No, Function Preserved: The vulnerability CWE426 will not be triggered, and the original functionality is fully preserved.",
            "B": "No, Function Impaired: The vulnerability CWE426 will not be triggered, but the functionality of the original code is impaired.",
            "C": "Yes: The vulnerability CWE426 will still be triggered.",
            "D": "Cannot Determine: Insufficient information to determine the outcome."
        },
        "answer": "B",
        "distance": "outer"
    },
    {
        "case_id": "CWE426_Untrusted_Search_Path__wchar_t_system_01_bad",
        "org_code": "Original Code Snippet:\nvoid Sample_Func()\n{\n    wchar_t * data;\n    wchar_t dataBuffer[100] = L\"\";\n    data = dataBuffer;\n    wcscpy(data, Dog_OS_COMMAND);\n    if (SYSTEM(data) <= 0)\n    {\n        printLine(\"command execution failed!\");\n        exit(1);\n    }\n}\n",
        "new_code": "Code Snippet Variant:\nstatic int StaticValue = 459;\nvoid Sample_Func()\n{\n    wchar_t * data;\n    wchar_t dataBuffer[100] = L\"\";\n    data = dataBuffer;\n    if (StaticValue==570)\n    {\n        wcscpy(data, Dog_OS_COMMAND);\n    }\n    if (StaticValue==459)\n    {\n        wcscpy(data, Dog_OS_COMMAND);\n    }\n    if (StaticValue==348)\n    {\n        wcscpy(data, Cat_OS_COMMAND);\n    }\n    if (SYSTEM(data) <= 0)\n    {\n        printLine(\"command execution failed!\");\n        exit(1);\n    }\n}\n",
        "CWE_ID": "CWE426",
        "question": "Question: What happens if we replace the following original code snippet with the proposed variants? Will the vulnerability CWE426 be triggered, and how does it affect the functionality of the code?",
        "choices": {
            "A": "No, Function Preserved: The vulnerability CWE426 will not be triggered, and the original functionality is fully preserved.",
            "B": "No, Function Impaired: The vulnerability CWE426 will not be triggered, but the functionality of the original code is impaired.",
            "C": "Yes: The vulnerability CWE426 will still be triggered.",
            "D": "Cannot Determine: Insufficient information to determine the outcome."
        },
        "answer": "C",
        "distance": "inner_0"
    },
    {
        "case_id": "CWE426_Untrusted_Search_Path__wchar_t_system_01_bad",
        "org_code": "Original Code Snippet:\nvoid Sample_Func()\n{\n    wchar_t * data;\n    wchar_t dataBuffer[100] = L\"\";\n    data = dataBuffer;\n    wcscpy(data, Dog_OS_COMMAND);\n    if (SYSTEM(data) <= 0)\n    {\n        printLine(\"command execution failed!\");\n        exit(1);\n    }\n}\n",
        "new_code": "Code Snippet Variant:\nstatic int StaticValue = 459;\nvoid Sample_Func()\n{\n    if (StaticValue==459)\n    {\n        {\n            wchar_t * data;\n            wchar_t dataBuffer[100] = L\"\";\n            data = dataBuffer;\n            if (StaticValue==570)\n            {\n                wcscpy(data, Dog_OS_COMMAND);\n            }\n            if (StaticValue==459)\n            {\n                wcscpy(data, Dog_OS_COMMAND);\n            }\n            if (StaticValue==348)\n            {\n                wcscpy(data, Cat_OS_COMMAND);\n            }\n            if (SYSTEM(data) <= 0)\n            {\n                printLine(\"command execution failed!\");\n                exit(1);\n            }\n        }\n    }\n    if (StaticValue==519)\n    {\n        {\n            wchar_t * data;\n            wchar_t dataBuffer[100] = L\"\";\n            data = dataBuffer;\n            wcscpy(data, Dog_OS_COMMAND);\n            if (SYSTEM(data) <= 0)\n            {\n                printLine(\"command execution failed!\");\n                exit(1);\n            }\n        }\n    }\n    if (StaticValue==399)\n    {\n        {\n            wchar_t * data;\n            wchar_t dataBuffer[100] = L\"\";\n            data = dataBuffer;\n            wcscpy(data, Cat_OS_COMMAND);\n            if (SYSTEM(data) <= 0)\n            {\n                printLine(\"command execution failed!\");\n                exit(1);\n            }\n        }\n    }\n}\n",
        "CWE_ID": "CWE426",
        "question": "Question: What happens if we replace the following original code snippet with the proposed variants? Will the vulnerability CWE426 be triggered, and how does it affect the functionality of the code?",
        "choices": {
            "A": "No, Function Preserved: The vulnerability CWE426 will not be triggered, and the original functionality is fully preserved.",
            "B": "No, Function Impaired: The vulnerability CWE426 will not be triggered, but the functionality of the original code is impaired.",
            "C": "Yes: The vulnerability CWE426 will still be triggered.",
            "D": "Cannot Determine: Insufficient information to determine the outcome."
        },
        "answer": "C",
        "distance": "inner_outer_0"
    },
    {
        "case_id": "CWE426_Untrusted_Search_Path__wchar_t_system_01_bad",
        "org_code": "Original Code Snippet:\nvoid Sample_Func()\n{\n    wchar_t * data;\n    wchar_t dataBuffer[100] = L\"\";\n    data = dataBuffer;\n    wcscpy(data, Dog_OS_COMMAND);\n    if (SYSTEM(data) <= 0)\n    {\n        printLine(\"command execution failed!\");\n        exit(1);\n    }\n}\n",
        "new_code": "Code Snippet Variant:\nstatic int StaticValue = 459;\nvoid Sample_Func()\n{\n    if (StaticValue==459)\n    {\n        {\n            wchar_t * data;\n            wchar_t dataBuffer[100] = L\"\";\n            data = dataBuffer;\n            if (StaticValue==570)\n            {\n                wcscpy(data, Dog_OS_COMMAND);\n            }\n            if (StaticValue==459)\n            {\n                wcscpy(data, Dog_OS_COMMAND);\n            }\n            if(StaticValue==459)\n            {\n                if (StaticValue==348)\n                {\n                    wcscpy(data, Cat_OS_COMMAND);\n                }\n            }\n            if(1)\n            {\n                if (SYSTEM(data) <= 0)\n                {\n                    printLine(\"command execution failed!\");\n                    exit(1);\n                }\n            }\n        }\n    }\n    if (StaticValue==519)\n    {\n        {\n            wchar_t * data;\n            wchar_t dataBuffer[100] = L\"\";\n            data = dataBuffer;\n            wcscpy(data, Dog_OS_COMMAND);\n            if (SYSTEM(data) <= 0)\n            {\n                printLine(\"command execution failed!\");\n                exit(1);\n            }\n        }\n    }\n    if (StaticValue==399)\n    {\n        {\n            wchar_t * data;\n            wchar_t dataBuffer[100] = L\"\";\n            data = dataBuffer;\n            wcscpy(data, Cat_OS_COMMAND);\n            if (SYSTEM(data) <= 0)\n            {\n                printLine(\"command execution failed!\");\n                exit(1);\n            }\n        }\n    }\n}\n",
        "CWE_ID": "CWE426",
        "question": "Question: What happens if we replace the following original code snippet with the proposed variants? Will the vulnerability CWE426 be triggered, and how does it affect the functionality of the code?",
        "choices": {
            "A": "No, Function Preserved: The vulnerability CWE426 will not be triggered, and the original functionality is fully preserved.",
            "B": "No, Function Impaired: The vulnerability CWE426 will not be triggered, but the functionality of the original code is impaired.",
            "C": "Yes: The vulnerability CWE426 will still be triggered.",
            "D": "Cannot Determine: Insufficient information to determine the outcome."
        },
        "answer": "C",
        "distance": "inner_outer_variant_0"
    },
    {
        "case_id": "CWE426_Untrusted_Search_Path__wchar_t_system_01_bad",
        "org_code": "Original Code Snippet:\nvoid Sample_Func()\n{\n    wchar_t * data;\n    wchar_t dataBuffer[100] = L\"\";\n    data = dataBuffer;\n    wcscpy(data, Dog_OS_COMMAND);\n    if (SYSTEM(data) <= 0)\n    {\n        printLine(\"command execution failed!\");\n        exit(1);\n    }\n}\n",
        "new_code": "Code Snippet Variant:\nstatic int StaticValue = 459;\nvoid Sample_Func()\n{\n    int DogCat;\n    wchar_t * data;\n    wchar_t dataBuffer[100] = L\"\";\n    data = dataBuffer;\n    if (StaticValue==570)\n    {\n        wcscpy(data, Dog_OS_COMMAND);\n    }\n    for(DogCat = 0; DogCat < 1; DogCat++)\n    {\n        if (StaticValue==459)\n        {\n            wcscpy(data, Dog_OS_COMMAND);\n        }\n    }\n    if(1)\n    {\n        if (StaticValue==348)\n        {\n            wcscpy(data, Cat_OS_COMMAND);\n        }\n    }\n    if (SYSTEM(data) <= 0)\n    {\n        printLine(\"command execution failed!\");\n        exit(1);\n    }\n}\n",
        "CWE_ID": "CWE426",
        "question": "Question: What happens if we replace the following original code snippet with the proposed variants? Will the vulnerability CWE426 be triggered, and how does it affect the functionality of the code?",
        "choices": {
            "A": "No, Function Preserved: The vulnerability CWE426 will not be triggered, and the original functionality is fully preserved.",
            "B": "No, Function Impaired: The vulnerability CWE426 will not be triggered, but the functionality of the original code is impaired.",
            "C": "Yes: The vulnerability CWE426 will still be triggered.",
            "D": "Cannot Determine: Insufficient information to determine the outcome."
        },
        "answer": "C",
        "distance": "inner_variant_0"
    },
    {
        "case_id": "CWE426_Untrusted_Search_Path__wchar_t_system_01_bad",
        "org_code": "Original Code Snippet:\nvoid Sample_Func()\n{\n    wchar_t * data;\n    wchar_t dataBuffer[100] = L\"\";\n    data = dataBuffer;\n    wcscpy(data, Dog_OS_COMMAND);\n    if (SYSTEM(data) <= 0)\n    {\n        printLine(\"command execution failed!\");\n        exit(1);\n    }\n}\n",
        "new_code": "Code Snippet Variant:\nstatic int StaticValue = 459;\nvoid Sample_Func()\n{\n    if (StaticValue==459)\n    {\n        {\n            wchar_t * data;\n            wchar_t dataBuffer[100] = L\"\";\n            data = dataBuffer;\n            wcscpy(data, Dog_OS_COMMAND);\n            if (SYSTEM(data) <= 0)\n            {\n                printLine(\"command execution failed!\");\n                exit(1);\n            }\n        }\n    }\n    if (StaticValue==519)\n    {\n        {\n            wchar_t * data;\n            wchar_t dataBuffer[100] = L\"\";\n            data = dataBuffer;\n            wcscpy(data, Dog_OS_COMMAND);\n            if (SYSTEM(data) <= 0)\n            {\n                printLine(\"command execution failed!\");\n                exit(1);\n            }\n        }\n    }\n    if (StaticValue==399)\n    {\n        {\n            wchar_t * data;\n            wchar_t dataBuffer[100] = L\"\";\n            data = dataBuffer;\n            wcscpy(data, Cat_OS_COMMAND);\n            if (SYSTEM(data) <= 0)\n            {\n                printLine(\"command execution failed!\");\n                exit(1);\n            }\n        }\n    }\n}\n",
        "CWE_ID": "CWE426",
        "question": "Question: What happens if we replace the following original code snippet with the proposed variants? Will the vulnerability CWE426 be triggered, and how does it affect the functionality of the code?",
        "choices": {
            "A": "No, Function Preserved: The vulnerability CWE426 will not be triggered, and the original functionality is fully preserved.",
            "B": "No, Function Impaired: The vulnerability CWE426 will not be triggered, but the functionality of the original code is impaired.",
            "C": "Yes: The vulnerability CWE426 will still be triggered.",
            "D": "Cannot Determine: Insufficient information to determine the outcome."
        },
        "answer": "C",
        "distance": "outer"
    }
]