[
    {
        "case_id": "CWE563_Unused_Variable__unused_value_char_01_bad",
        "org_code": "Original Code Snippet:\nvoid Sample_Func()\n{\n    char data;\n    data = 'C';\n    data = 'Z';\n    printHexCharLine(data);\n}\n",
        "new_code": "Code Snippet Variant:\nstatic int StaticValue = 384;\nvoid Sample_Func()\n{\n    char data;\n    data = 'C';\n    if (StaticValue==507)\n    {\n        printHexCharLine(data);\n    }\n    if (StaticValue==384)\n    {\n        printHexCharLine(data);\n    }\n    data = 'Z';\n    printHexCharLine(data);\n}\n",
        "CWE_ID": "CWE563",
        "question": "Question: What happens if we replace the following original code snippet with the proposed variants? Will the vulnerability CWE563 be triggered, and how does it affect the functionality of the code?",
        "choices": {
            "A": "No, Function Preserved: The vulnerability CWE563 will not be triggered, and the original functionality is fully preserved.",
            "B": "No, Function Impaired: The vulnerability CWE563 will not be triggered, but the functionality of the original code is impaired.",
            "C": "Yes: The vulnerability CWE563 will still be triggered.",
            "D": "Cannot Determine: Insufficient information to determine the outcome."
        },
        "answer": "A",
        "distance": "inner_0"
    },
    {
        "case_id": "CWE563_Unused_Variable__unused_value_char_01_bad",
        "org_code": "Original Code Snippet:\nvoid Sample_Func()\n{\n    char data;\n    data = 'C';\n    data = 'Z';\n    printHexCharLine(data);\n}\n",
        "new_code": "Code Snippet Variant:\nstatic int StaticValue = 384;\nvoid Sample_Func()\n{\n    char data;\n    data = 'C';\n    if (StaticValue==212)\n    {\n        data = 'Z';\n    }\n    printHexCharLine(data);\n}\n",
        "CWE_ID": "CWE563",
        "question": "Question: What happens if we replace the following original code snippet with the proposed variants? Will the vulnerability CWE563 be triggered, and how does it affect the functionality of the code?",
        "choices": {
            "A": "No, Function Preserved: The vulnerability CWE563 will not be triggered, and the original functionality is fully preserved.",
            "B": "No, Function Impaired: The vulnerability CWE563 will not be triggered, but the functionality of the original code is impaired.",
            "C": "Yes: The vulnerability CWE563 will still be triggered.",
            "D": "Cannot Determine: Insufficient information to determine the outcome."
        },
        "answer": "A",
        "distance": "inner_1"
    },
    {
        "case_id": "CWE563_Unused_Variable__unused_value_char_01_bad",
        "org_code": "Original Code Snippet:\nvoid Sample_Func()\n{\n    char data;\n    data = 'C';\n    data = 'Z';\n    printHexCharLine(data);\n}\n",
        "new_code": "Code Snippet Variant:\nstatic int StaticValue = 384;\nvoid Sample_Func()\n{\n    if (StaticValue==365)\n    {\n        {\n            char data;\n            data = 'C';\n            data = 'Z';\n            printHexCharLine(data);\n        }\n    }\n    if (StaticValue==689)\n    {\n        {\n            char data;\n            data = 'C';\n            printHexCharLine(data);\n            data = 'Z';\n            printHexCharLine(data);\n        }\n    }\n    if (StaticValue==403)\n    {\n        {\n            char data;\n            data = 'C';\n            printHexCharLine(data);\n        }\n    }\n    if (StaticValue==384)\n    {\n        {\n            char data;\n            data = 'C';\n            if (StaticValue==507)\n            {\n                printHexCharLine(data);\n            }\n            if (StaticValue==384)\n            {\n                printHexCharLine(data);\n            }\n            data = 'Z';\n            printHexCharLine(data);\n        }\n    }\n    if (StaticValue==668)\n    {\n        {\n            char data;\n            data = 'C';\n            printHexCharLine(data);\n        }\n    }\n}\n",
        "CWE_ID": "CWE563",
        "question": "Question: What happens if we replace the following original code snippet with the proposed variants? Will the vulnerability CWE563 be triggered, and how does it affect the functionality of the code?",
        "choices": {
            "A": "No, Function Preserved: The vulnerability CWE563 will not be triggered, and the original functionality is fully preserved.",
            "B": "No, Function Impaired: The vulnerability CWE563 will not be triggered, but the functionality of the original code is impaired.",
            "C": "Yes: The vulnerability CWE563 will still be triggered.",
            "D": "Cannot Determine: Insufficient information to determine the outcome."
        },
        "answer": "A",
        "distance": "inner_outer_0"
    },
    {
        "case_id": "CWE563_Unused_Variable__unused_value_char_01_bad",
        "org_code": "Original Code Snippet:\nvoid Sample_Func()\n{\n    char data;\n    data = 'C';\n    data = 'Z';\n    printHexCharLine(data);\n}\n",
        "new_code": "Code Snippet Variant:\nstatic int StaticValue = 384;\nvoid Sample_Func()\n{\n    if (StaticValue==365)\n    {\n        {\n            char data;\n            data = 'C';\n            data = 'Z';\n            printHexCharLine(data);\n        }\n    }\n    if (StaticValue==689)\n    {\n        {\n            char data;\n            data = 'C';\n            printHexCharLine(data);\n            data = 'Z';\n            printHexCharLine(data);\n        }\n    }\n    if (StaticValue==403)\n    {\n        {\n            char data;\n            data = 'C';\n            printHexCharLine(data);\n        }\n    }\n    if (StaticValue==384)\n    {\n        {\n            char data;\n            data = 'C';\n            if (StaticValue==212)\n            {\n                data = 'Z';\n            }\n            printHexCharLine(data);\n        }\n    }\n    if (StaticValue==668)\n    {\n        {\n            char data;\n            data = 'C';\n            printHexCharLine(data);\n        }\n    }\n}\n",
        "CWE_ID": "CWE563",
        "question": "Question: What happens if we replace the following original code snippet with the proposed variants? Will the vulnerability CWE563 be triggered, and how does it affect the functionality of the code?",
        "choices": {
            "A": "No, Function Preserved: The vulnerability CWE563 will not be triggered, and the original functionality is fully preserved.",
            "B": "No, Function Impaired: The vulnerability CWE563 will not be triggered, but the functionality of the original code is impaired.",
            "C": "Yes: The vulnerability CWE563 will still be triggered.",
            "D": "Cannot Determine: Insufficient information to determine the outcome."
        },
        "answer": "A",
        "distance": "inner_outer_1"
    },
    {
        "case_id": "CWE563_Unused_Variable__unused_value_char_01_bad",
        "org_code": "Original Code Snippet:\nvoid Sample_Func()\n{\n    char data;\n    data = 'C';\n    data = 'Z';\n    printHexCharLine(data);\n}\n",
        "new_code": "Code Snippet Variant:\nstatic int StaticValue = 384;\nvoid Sample_Func()\n{\n    if (StaticValue==365)\n    {\n        {\n            char data;\n            data = 'C';\n            data = 'Z';\n            printHexCharLine(data);\n        }\n    }\n    if (StaticValue==689)\n    {\n        {\n            char data;\n            data = 'C';\n            printHexCharLine(data);\n            data = 'Z';\n            printHexCharLine(data);\n        }\n    }\n    if (StaticValue==403)\n    {\n        {\n            char data;\n            data = 'C';\n            printHexCharLine(data);\n        }\n    }\n    if (StaticValue==384)\n    {\n        {\n            char data;\n            data = 'C';\n            printHexCharLine(data);\n            data = 'Z';\n            printHexCharLine(data);\n        }\n    }\n    if (StaticValue==668)\n    {\n        {\n            char data;\n            data = 'C';\n            printHexCharLine(data);\n        }\n    }\n}\n",
        "CWE_ID": "CWE563",
        "question": "Question: What happens if we replace the following original code snippet with the proposed variants? Will the vulnerability CWE563 be triggered, and how does it affect the functionality of the code?",
        "choices": {
            "A": "No, Function Preserved: The vulnerability CWE563 will not be triggered, and the original functionality is fully preserved.",
            "B": "No, Function Impaired: The vulnerability CWE563 will not be triggered, but the functionality of the original code is impaired.",
            "C": "Yes: The vulnerability CWE563 will still be triggered.",
            "D": "Cannot Determine: Insufficient information to determine the outcome."
        },
        "answer": "A",
        "distance": "outer"
    },
    {
        "case_id": "CWE563_Unused_Variable__unused_value_char_01_bad",
        "org_code": "Original Code Snippet:\nvoid Sample_Func()\n{\n    char data;\n    data = 'C';\n    data = 'Z';\n    printHexCharLine(data);\n}\n",
        "new_code": "Code Snippet Variant:\nstatic int StaticValue = 395;\nvoid Sample_Func()\n{\n    char data;\n    data = 'C';\n    if (StaticValue==507)\n    {\n        printHexCharLine(data);\n    }\n    if (StaticValue==384)\n    {\n        printHexCharLine(data);\n    }\n    if(StaticValue==395)\n    {\n        int socketDescriptor;\n        int connectionStatus = 0;\n        char networkBuffer[256];\n        for (socketDescriptor = 0; socketDescriptor < 5; socketDescriptor++) {\n            if (connectionStatus == 0) {\n                networkBuffer[socketDescriptor] = 'A';\n            } else {\n                networkBuffer[socketDescriptor] = '0';\n            }\n        }\n        printLine(\"Successful! Problem Resolved!\");\n    }\n    data = 'Z';\n    printHexCharLine(data);\n}\n",
        "CWE_ID": "CWE563",
        "question": "Question: What happens if we replace the following original code snippet with the proposed variants? Will the vulnerability CWE563 be triggered, and how does it affect the functionality of the code?",
        "choices": {
            "A": "No, Function Preserved: The vulnerability CWE563 will not be triggered, and the original functionality is fully preserved.",
            "B": "No, Function Impaired: The vulnerability CWE563 will not be triggered, but the functionality of the original code is impaired.",
            "C": "Yes: The vulnerability CWE563 will still be triggered.",
            "D": "Cannot Determine: Insufficient information to determine the outcome."
        },
        "answer": "B",
        "distance": "inner_0"
    },
    {
        "case_id": "CWE563_Unused_Variable__unused_value_char_01_bad",
        "org_code": "Original Code Snippet:\nvoid Sample_Func()\n{\n    char data;\n    data = 'C';\n    data = 'Z';\n    printHexCharLine(data);\n}\n",
        "new_code": "Code Snippet Variant:\nstatic int StaticValue = 395;\nvoid Sample_Func()\n{\n    if (StaticValue==365)\n    {\n        {\n            char data;\n            data = 'C';\n            data = 'Z';\n            printHexCharLine(data);\n        }\n    }\n    if (StaticValue==689)\n    {\n        {\n            char data;\n            data = 'C';\n            printHexCharLine(data);\n            data = 'Z';\n            printHexCharLine(data);\n        }\n    }\n    if(StaticValue==395)\n    {\n        int socketDescriptor;\n        int connectionStatus = 0;\n        char networkBuffer[256];\n        for (socketDescriptor = 0; socketDescriptor < 5; socketDescriptor++) {\n            if (connectionStatus == 0) {\n                networkBuffer[socketDescriptor] = 'A';\n            } else {\n                networkBuffer[socketDescriptor] = '0';\n            }\n        }\n        printLine(\"Successful! Problem Resolved!\");\n    }\n    if (StaticValue==403)\n    {\n        {\n            char data;\n            data = 'C';\n            printHexCharLine(data);\n        }\n    }\n    if (StaticValue==384)\n    {\n        {\n            char data;\n            data = 'C';\n            if (StaticValue==507)\n            {\n                printHexCharLine(data);\n            }\n            if (StaticValue==384)\n            {\n                printHexCharLine(data);\n            }\n            data = 'Z';\n            printHexCharLine(data);\n        }\n    }\n    if (StaticValue==668)\n    {\n        {\n            char data;\n            data = 'C';\n            printHexCharLine(data);\n        }\n    }\n}\n",
        "CWE_ID": "CWE563",
        "question": "Question: What happens if we replace the following original code snippet with the proposed variants? Will the vulnerability CWE563 be triggered, and how does it affect the functionality of the code?",
        "choices": {
            "A": "No, Function Preserved: The vulnerability CWE563 will not be triggered, and the original functionality is fully preserved.",
            "B": "No, Function Impaired: The vulnerability CWE563 will not be triggered, but the functionality of the original code is impaired.",
            "C": "Yes: The vulnerability CWE563 will still be triggered.",
            "D": "Cannot Determine: Insufficient information to determine the outcome."
        },
        "answer": "B",
        "distance": "inner_outer_0"
    },
    {
        "case_id": "CWE563_Unused_Variable__unused_value_char_01_bad",
        "org_code": "Original Code Snippet:\nvoid Sample_Func()\n{\n    char data;\n    data = 'C';\n    data = 'Z';\n    printHexCharLine(data);\n}\n",
        "new_code": "Code Snippet Variant:\nstatic int StaticValue = 396;\nvoid Sample_Func()\n{\n    if (StaticValue==365)\n    {\n        {\n            char data;\n            data = 'C';\n            data = 'Z';\n            printHexCharLine(data);\n        }\n    }\n    if (StaticValue==689)\n    {\n        {\n            char data;\n            data = 'C';\n            printHexCharLine(data);\n            data = 'Z';\n            printHexCharLine(data);\n        }\n    }\n    if (StaticValue==403)\n    {\n        {\n            char data;\n            data = 'C';\n            printHexCharLine(data);\n        }\n    }\n    if (StaticValue==384)\n    {\n        {\n            char data;\n            data = 'C';\n            if (StaticValue==212)\n            {\n                data = 'Z';\n            }\n            printHexCharLine(data);\n        }\n    }\n    if (StaticValue==668)\n    {\n        {\n            char data;\n            data = 'C';\n            printHexCharLine(data);\n        }\n    }\n    if(StaticValue==396)\n    {\n        int socketDescriptor;\n        int connectionStatus = 0;\n        char networkBuffer[256];\n        for (socketDescriptor = 0; socketDescriptor < 5; socketDescriptor++) {\n            if (connectionStatus == 0) {\n                networkBuffer[socketDescriptor] = 'A';\n            } else {\n                networkBuffer[socketDescriptor] = '0';\n            }\n        }\n        printLine(\"Successful! Problem Resolved!\");\n    }\n}\n",
        "CWE_ID": "CWE563",
        "question": "Question: What happens if we replace the following original code snippet with the proposed variants? Will the vulnerability CWE563 be triggered, and how does it affect the functionality of the code?",
        "choices": {
            "A": "No, Function Preserved: The vulnerability CWE563 will not be triggered, and the original functionality is fully preserved.",
            "B": "No, Function Impaired: The vulnerability CWE563 will not be triggered, but the functionality of the original code is impaired.",
            "C": "Yes: The vulnerability CWE563 will still be triggered.",
            "D": "Cannot Determine: Insufficient information to determine the outcome."
        },
        "answer": "B",
        "distance": "inner_outer_1"
    },
    {
        "case_id": "CWE563_Unused_Variable__unused_value_char_01_bad",
        "org_code": "Original Code Snippet:\nvoid Sample_Func()\n{\n    char data;\n    data = 'C';\n    data = 'Z';\n    printHexCharLine(data);\n}\n",
        "new_code": "Code Snippet Variant:\nstatic int StaticValue = 401;\nvoid Sample_Func()\n{\n    if (StaticValue==365)\n    {\n        {\n            char data;\n            data = 'C';\n            data = 'Z';\n            printHexCharLine(data);\n        }\n    }\n    if (StaticValue==689)\n    {\n        {\n            char data;\n            data = 'C';\n            printHexCharLine(data);\n            data = 'Z';\n            printHexCharLine(data);\n        }\n    }\n    if (StaticValue==403)\n    {\n        {\n            char data;\n            data = 'C';\n            printHexCharLine(data);\n        }\n    }\n    if (StaticValue==384)\n    {\n        {\n            char data;\n            data = 'C';\n            printHexCharLine(data);\n            data = 'Z';\n            printHexCharLine(data);\n        }\n    }\n    if(StaticValue==401)\n    {\n        int socketDescriptor;\n        int connectionStatus = 0;\n        char networkBuffer[256];\n        for (socketDescriptor = 0; socketDescriptor < 5; socketDescriptor++) {\n            if (connectionStatus == 0) {\n                networkBuffer[socketDescriptor] = 'A';\n            } else {\n                networkBuffer[socketDescriptor] = '0';\n            }\n        }\n        printLine(\"Successful! Problem Resolved!\");\n    }\n    if (StaticValue==668)\n    {\n        {\n            char data;\n            data = 'C';\n            printHexCharLine(data);\n        }\n    }\n}\n",
        "CWE_ID": "CWE563",
        "question": "Question: What happens if we replace the following original code snippet with the proposed variants? Will the vulnerability CWE563 be triggered, and how does it affect the functionality of the code?",
        "choices": {
            "A": "No, Function Preserved: The vulnerability CWE563 will not be triggered, and the original functionality is fully preserved.",
            "B": "No, Function Impaired: The vulnerability CWE563 will not be triggered, but the functionality of the original code is impaired.",
            "C": "Yes: The vulnerability CWE563 will still be triggered.",
            "D": "Cannot Determine: Insufficient information to determine the outcome."
        },
        "answer": "B",
        "distance": "outer"
    },
    {
        "case_id": "CWE563_Unused_Variable__unused_value_char_01_bad",
        "org_code": "Original Code Snippet:\nvoid Sample_Func()\n{\n    char data;\n    data = 'C';\n    data = 'Z';\n    printHexCharLine(data);\n}\n",
        "new_code": "Code Snippet Variant:\nstatic int StaticValue = 361;\nvoid Sample_Func()\n{\n    char data;\n    data = 'C';\n    if (StaticValue==192)\n    {\n        printHexCharLine(data);\n    }\n    data = 'Z';\n    printHexCharLine(data);\n}\n",
        "CWE_ID": "CWE563",
        "question": "Question: What happens if we replace the following original code snippet with the proposed variants? Will the vulnerability CWE563 be triggered, and how does it affect the functionality of the code?",
        "choices": {
            "A": "No, Function Preserved: The vulnerability CWE563 will not be triggered, and the original functionality is fully preserved.",
            "B": "No, Function Impaired: The vulnerability CWE563 will not be triggered, but the functionality of the original code is impaired.",
            "C": "Yes: The vulnerability CWE563 will still be triggered.",
            "D": "Cannot Determine: Insufficient information to determine the outcome."
        },
        "answer": "C",
        "distance": "inner_0"
    },
    {
        "case_id": "CWE563_Unused_Variable__unused_value_char_01_bad",
        "org_code": "Original Code Snippet:\nvoid Sample_Func()\n{\n    char data;\n    data = 'C';\n    data = 'Z';\n    printHexCharLine(data);\n}\n",
        "new_code": "Code Snippet Variant:\nstatic int StaticValue = 361;\nvoid Sample_Func()\n{\n    char data;\n    data = 'C';\n    if (StaticValue==495)\n    {\n        data = 'Z';\n    }\n    if (StaticValue==361)\n    {\n        data = 'Z';\n    }\n    printHexCharLine(data);\n}\n",
        "CWE_ID": "CWE563",
        "question": "Question: What happens if we replace the following original code snippet with the proposed variants? Will the vulnerability CWE563 be triggered, and how does it affect the functionality of the code?",
        "choices": {
            "A": "No, Function Preserved: The vulnerability CWE563 will not be triggered, and the original functionality is fully preserved.",
            "B": "No, Function Impaired: The vulnerability CWE563 will not be triggered, but the functionality of the original code is impaired.",
            "C": "Yes: The vulnerability CWE563 will still be triggered.",
            "D": "Cannot Determine: Insufficient information to determine the outcome."
        },
        "answer": "C",
        "distance": "inner_1"
    },
    {
        "case_id": "CWE563_Unused_Variable__unused_value_char_01_bad",
        "org_code": "Original Code Snippet:\nvoid Sample_Func()\n{\n    char data;\n    data = 'C';\n    data = 'Z';\n    printHexCharLine(data);\n}\n",
        "new_code": "Code Snippet Variant:\nstatic int StaticValue = 361;\nvoid Sample_Func()\n{\n    if (StaticValue==361)\n    {\n        {\n            char data;\n            data = 'C';\n            if (StaticValue==192)\n            {\n                printHexCharLine(data);\n            }\n            data = 'Z';\n            printHexCharLine(data);\n        }\n    }\n    if (StaticValue==428)\n    {\n        {\n            char data;\n            data = 'C';\n            data = 'Z';\n            printHexCharLine(data);\n        }\n    }\n    if (StaticValue==294)\n    {\n        {\n            char data;\n            data = 'C';\n            printHexCharLine(data);\n            data = 'Z';\n            printHexCharLine(data);\n        }\n    }\n    if (StaticValue==294)\n    {\n        {\n            char data;\n            data = 'C';\n            printHexCharLine(data);\n        }\n    }\n}\n",
        "CWE_ID": "CWE563",
        "question": "Question: What happens if we replace the following original code snippet with the proposed variants? Will the vulnerability CWE563 be triggered, and how does it affect the functionality of the code?",
        "choices": {
            "A": "No, Function Preserved: The vulnerability CWE563 will not be triggered, and the original functionality is fully preserved.",
            "B": "No, Function Impaired: The vulnerability CWE563 will not be triggered, but the functionality of the original code is impaired.",
            "C": "Yes: The vulnerability CWE563 will still be triggered.",
            "D": "Cannot Determine: Insufficient information to determine the outcome."
        },
        "answer": "C",
        "distance": "inner_outer_0"
    },
    {
        "case_id": "CWE563_Unused_Variable__unused_value_char_01_bad",
        "org_code": "Original Code Snippet:\nvoid Sample_Func()\n{\n    char data;\n    data = 'C';\n    data = 'Z';\n    printHexCharLine(data);\n}\n",
        "new_code": "Code Snippet Variant:\nstatic int StaticValue = 361;\nvoid Sample_Func()\n{\n    if (StaticValue==361)\n    {\n        {\n            char data;\n            data = 'C';\n            if (StaticValue==495)\n            {\n                data = 'Z';\n            }\n            if (StaticValue==361)\n            {\n                data = 'Z';\n            }\n            printHexCharLine(data);\n        }\n    }\n    if (StaticValue==428)\n    {\n        {\n            char data;\n            data = 'C';\n            data = 'Z';\n            printHexCharLine(data);\n        }\n    }\n    if (StaticValue==294)\n    {\n        {\n            char data;\n            data = 'C';\n            printHexCharLine(data);\n            data = 'Z';\n            printHexCharLine(data);\n        }\n    }\n    if (StaticValue==294)\n    {\n        {\n            char data;\n            data = 'C';\n            printHexCharLine(data);\n        }\n    }\n}\n",
        "CWE_ID": "CWE563",
        "question": "Question: What happens if we replace the following original code snippet with the proposed variants? Will the vulnerability CWE563 be triggered, and how does it affect the functionality of the code?",
        "choices": {
            "A": "No, Function Preserved: The vulnerability CWE563 will not be triggered, and the original functionality is fully preserved.",
            "B": "No, Function Impaired: The vulnerability CWE563 will not be triggered, but the functionality of the original code is impaired.",
            "C": "Yes: The vulnerability CWE563 will still be triggered.",
            "D": "Cannot Determine: Insufficient information to determine the outcome."
        },
        "answer": "C",
        "distance": "inner_outer_1"
    },
    {
        "case_id": "CWE563_Unused_Variable__unused_value_char_01_bad",
        "org_code": "Original Code Snippet:\nvoid Sample_Func()\n{\n    char data;\n    data = 'C';\n    data = 'Z';\n    printHexCharLine(data);\n}\n",
        "new_code": "Code Snippet Variant:\nstatic int StaticValue = 361;\nvoid Sample_Func()\n{\n    char data;\n    data = 'C';\n    if(StaticValue==361)\n    {\n        if (StaticValue==495)\n        {\n            data = 'Z';\n        }\n    }\n    if(361==361)\n    {\n        if (StaticValue==361)\n        {\n            data = 'Z';\n        }\n    }\n    printHexCharLine(data);\n}\n",
        "CWE_ID": "CWE563",
        "question": "Question: What happens if we replace the following original code snippet with the proposed variants? Will the vulnerability CWE563 be triggered, and how does it affect the functionality of the code?",
        "choices": {
            "A": "No, Function Preserved: The vulnerability CWE563 will not be triggered, and the original functionality is fully preserved.",
            "B": "No, Function Impaired: The vulnerability CWE563 will not be triggered, but the functionality of the original code is impaired.",
            "C": "Yes: The vulnerability CWE563 will still be triggered.",
            "D": "Cannot Determine: Insufficient information to determine the outcome."
        },
        "answer": "C",
        "distance": "inner_variant_1"
    },
    {
        "case_id": "CWE563_Unused_Variable__unused_value_char_01_bad",
        "org_code": "Original Code Snippet:\nvoid Sample_Func()\n{\n    char data;\n    data = 'C';\n    data = 'Z';\n    printHexCharLine(data);\n}\n",
        "new_code": "Code Snippet Variant:\nstatic int StaticValue = 361;\nvoid Sample_Func()\n{\n    if (StaticValue==361)\n    {\n        {\n            char data;\n            data = 'C';\n            data = 'Z';\n            printHexCharLine(data);\n        }\n    }\n    if (StaticValue==428)\n    {\n        {\n            char data;\n            data = 'C';\n            data = 'Z';\n            printHexCharLine(data);\n        }\n    }\n    if (StaticValue==294)\n    {\n        {\n            char data;\n            data = 'C';\n            printHexCharLine(data);\n            data = 'Z';\n            printHexCharLine(data);\n        }\n    }\n    if (StaticValue==294)\n    {\n        {\n            char data;\n            data = 'C';\n            printHexCharLine(data);\n        }\n    }\n}\n",
        "CWE_ID": "CWE563",
        "question": "Question: What happens if we replace the following original code snippet with the proposed variants? Will the vulnerability CWE563 be triggered, and how does it affect the functionality of the code?",
        "choices": {
            "A": "No, Function Preserved: The vulnerability CWE563 will not be triggered, and the original functionality is fully preserved.",
            "B": "No, Function Impaired: The vulnerability CWE563 will not be triggered, but the functionality of the original code is impaired.",
            "C": "Yes: The vulnerability CWE563 will still be triggered.",
            "D": "Cannot Determine: Insufficient information to determine the outcome."
        },
        "answer": "C",
        "distance": "outer"
    }
]