[
    {
        "case_id": "CWE476_NULL_Pointer_Dereference__int64_t_01_bad",
        "org_code": "Original Code Snippet:\nvoid Sample_Func()\n{\n    int64_t * data;\n    data = NULL;\n    printLongLongLine(*data);\n}\n",
        "new_code": "Code Snippet Variant:\nstatic int StaticValue = 742;\nvoid Sample_Func()\n{\n    int64_t * data;\n    if (StaticValue==547)\n    {\n        data = NULL;\n    }\n    if (StaticValue==937)\n    {\n        int64_t tmpData = 5LL;\n        {\n            data = &tmpData;\n        }\n    }\n    if (StaticValue==742)\n    {\n        int64_t tmpData = 5LL;\n        {\n            data = &tmpData;\n        }\n    }\n    printLongLongLine(*data);\n}\n",
        "CWE_ID": "CWE476",
        "question": "Question: What happens if we replace the following original code snippet with the proposed variants? Will the vulnerability CWE476 be triggered, and how does it affect the functionality of the code?",
        "choices": {
            "A": "No, Function Preserved: The vulnerability CWE476 will not be triggered, and the original functionality is fully preserved.",
            "B": "No, Function Impaired: The vulnerability CWE476 will not be triggered, but the functionality of the original code is impaired.",
            "C": "Yes: The vulnerability CWE476 will still be triggered.",
            "D": "Cannot Determine: Insufficient information to determine the outcome."
        },
        "answer": "A",
        "distance": "inner_0"
    },
    {
        "case_id": "CWE476_NULL_Pointer_Dereference__int64_t_01_bad",
        "org_code": "Original Code Snippet:\nvoid Sample_Func()\n{\n    int64_t * data;\n    data = NULL;\n    printLongLongLine(*data);\n}\n",
        "new_code": "Code Snippet Variant:\nstatic int StaticValue = 742;\nvoid Sample_Func()\n{\n    if (StaticValue==657)\n    {\n        {\n            int64_t * data;\n            data = NULL;\n            printLongLongLine(*data);\n        }\n    }\n    if (StaticValue==1068)\n    {\n        {\n            int64_t * data;\n            int64_t tmpData = 5LL;\n            {\n                data = &tmpData;\n            }\n            printLongLongLine(*data);\n        }\n    }\n    if (StaticValue==827)\n    {\n        {\n            int64_t * data;\n            data = NULL;\n            if (data != NULL)\n            {\n                printLongLongLine(*data);\n            }\n            else\n            {\n                printLine(\"data is NULL\");\n            }\n        }\n    }\n    if (StaticValue==999)\n    {\n        {\n            int64_t * data;\n            int64_t tmpData = 5LL;\n            {\n                data = &tmpData;\n            }\n            printLongLongLine(*data);\n        }\n    }\n    if (StaticValue==742)\n    {\n        {\n            int64_t * data;\n            if (StaticValue==547)\n            {\n                data = NULL;\n            }\n            if (StaticValue==937)\n            {\n                int64_t tmpData = 5LL;\n                {\n                    data = &tmpData;\n                }\n            }\n            if (StaticValue==742)\n            {\n                int64_t tmpData = 5LL;\n                {\n                    data = &tmpData;\n                }\n            }\n            printLongLongLine(*data);\n        }\n    }\n}\n",
        "CWE_ID": "CWE476",
        "question": "Question: What happens if we replace the following original code snippet with the proposed variants? Will the vulnerability CWE476 be triggered, and how does it affect the functionality of the code?",
        "choices": {
            "A": "No, Function Preserved: The vulnerability CWE476 will not be triggered, and the original functionality is fully preserved.",
            "B": "No, Function Impaired: The vulnerability CWE476 will not be triggered, but the functionality of the original code is impaired.",
            "C": "Yes: The vulnerability CWE476 will still be triggered.",
            "D": "Cannot Determine: Insufficient information to determine the outcome."
        },
        "answer": "A",
        "distance": "inner_outer_0"
    },
    {
        "case_id": "CWE476_NULL_Pointer_Dereference__int64_t_01_bad",
        "org_code": "Original Code Snippet:\nvoid Sample_Func()\n{\n    int64_t * data;\n    data = NULL;\n    printLongLongLine(*data);\n}\n",
        "new_code": "Code Snippet Variant:\nstatic int StaticValue = 742;\nvoid Sample_Func()\n{\n    if (StaticValue==657)\n    {\n        {\n            int64_t * data;\n            data = NULL;\n            printLongLongLine(*data);\n        }\n    }\n    if (StaticValue==1068)\n    {\n        {\n            int64_t * data;\n            int64_t tmpData = 5LL;\n            {\n                data = &tmpData;\n            }\n            printLongLongLine(*data);\n        }\n    }\n    if (StaticValue==827)\n    {\n        {\n            int64_t * data;\n            data = NULL;\n            if (data != NULL)\n            {\n                printLongLongLine(*data);\n            }\n            else\n            {\n                printLine(\"data is NULL\");\n            }\n        }\n    }\n    if (StaticValue==999)\n    {\n        {\n            int64_t * data;\n            int64_t tmpData = 5LL;\n            {\n                data = &tmpData;\n            }\n            printLongLongLine(*data);\n        }\n    }\n    if (StaticValue==742)\n    {\n        {\n            int64_t * data;\n            if(742==742)\n            {\n                if (StaticValue==547)\n                {\n                    data = NULL;\n                }\n            }\n            if (StaticValue==937)\n            {\n                int64_t tmpData = 5LL;\n                if(1)\n                {\n                    {\n                        data = &tmpData;\n                    }\n                }\n            }\n            if (StaticValue==742)\n            {\n                int64_t tmpData = 5LL;\n                {\n                    data = &tmpData;\n                }\n            }\n            printLongLongLine(*data);\n        }\n    }\n}\n",
        "CWE_ID": "CWE476",
        "question": "Question: What happens if we replace the following original code snippet with the proposed variants? Will the vulnerability CWE476 be triggered, and how does it affect the functionality of the code?",
        "choices": {
            "A": "No, Function Preserved: The vulnerability CWE476 will not be triggered, and the original functionality is fully preserved.",
            "B": "No, Function Impaired: The vulnerability CWE476 will not be triggered, but the functionality of the original code is impaired.",
            "C": "Yes: The vulnerability CWE476 will still be triggered.",
            "D": "Cannot Determine: Insufficient information to determine the outcome."
        },
        "answer": "A",
        "distance": "inner_outer_variant_0"
    },
    {
        "case_id": "CWE476_NULL_Pointer_Dereference__int64_t_01_bad",
        "org_code": "Original Code Snippet:\nvoid Sample_Func()\n{\n    int64_t * data;\n    data = NULL;\n    printLongLongLine(*data);\n}\n",
        "new_code": "Code Snippet Variant:\nstatic int StaticValue = 742;\nvoid Sample_Func()\n{\n    int DogCat;\n    int64_t * data;\n    if(1)\n    {\n        if (StaticValue==547)\n        {\n            data = NULL;\n        }\n    }\n    if (StaticValue==937)\n    {\n        int64_t tmpData = 5LL;\n        {\n            data = &tmpData;\n        }\n    }\n    for(DogCat = 0; DogCat < 1; DogCat++)\n    {\n        if (StaticValue==742)\n        {\n            int64_t tmpData = 5LL;\n            {\n                data = &tmpData;\n            }\n        }\n    }\n    printLongLongLine(*data);\n}\n",
        "CWE_ID": "CWE476",
        "question": "Question: What happens if we replace the following original code snippet with the proposed variants? Will the vulnerability CWE476 be triggered, and how does it affect the functionality of the code?",
        "choices": {
            "A": "No, Function Preserved: The vulnerability CWE476 will not be triggered, and the original functionality is fully preserved.",
            "B": "No, Function Impaired: The vulnerability CWE476 will not be triggered, but the functionality of the original code is impaired.",
            "C": "Yes: The vulnerability CWE476 will still be triggered.",
            "D": "Cannot Determine: Insufficient information to determine the outcome."
        },
        "answer": "A",
        "distance": "inner_variant_0"
    },
    {
        "case_id": "CWE476_NULL_Pointer_Dereference__int64_t_01_bad",
        "org_code": "Original Code Snippet:\nvoid Sample_Func()\n{\n    int64_t * data;\n    data = NULL;\n    printLongLongLine(*data);\n}\n",
        "new_code": "Code Snippet Variant:\nstatic int StaticValue = 742;\nvoid Sample_Func()\n{\n    if (StaticValue==657)\n    {\n        {\n            int64_t * data;\n            data = NULL;\n            printLongLongLine(*data);\n        }\n    }\n    if (StaticValue==1068)\n    {\n        {\n            int64_t * data;\n            int64_t tmpData = 5LL;\n            {\n                data = &tmpData;\n            }\n            printLongLongLine(*data);\n        }\n    }\n    if (StaticValue==827)\n    {\n        {\n            int64_t * data;\n            data = NULL;\n            if (data != NULL)\n            {\n                printLongLongLine(*data);\n            }\n            else\n            {\n                printLine(\"data is NULL\");\n            }\n        }\n    }\n    if (StaticValue==999)\n    {\n        {\n            int64_t * data;\n            int64_t tmpData = 5LL;\n            {\n                data = &tmpData;\n            }\n            printLongLongLine(*data);\n        }\n    }\n    if (StaticValue==742)\n    {\n        {\n            int64_t * data;\n            data = NULL;\n            if (data != NULL)\n            {\n                printLongLongLine(*data);\n            }\n            else\n            {\n                printLine(\"data is NULL\");\n            }\n        }\n    }\n}\n",
        "CWE_ID": "CWE476",
        "question": "Question: What happens if we replace the following original code snippet with the proposed variants? Will the vulnerability CWE476 be triggered, and how does it affect the functionality of the code?",
        "choices": {
            "A": "No, Function Preserved: The vulnerability CWE476 will not be triggered, and the original functionality is fully preserved.",
            "B": "No, Function Impaired: The vulnerability CWE476 will not be triggered, but the functionality of the original code is impaired.",
            "C": "Yes: The vulnerability CWE476 will still be triggered.",
            "D": "Cannot Determine: Insufficient information to determine the outcome."
        },
        "answer": "A",
        "distance": "outer"
    },
    {
        "case_id": "CWE476_NULL_Pointer_Dereference__int64_t_01_bad",
        "org_code": "Original Code Snippet:\nvoid Sample_Func()\n{\n    int64_t * data;\n    data = NULL;\n    printLongLongLine(*data);\n}\n",
        "new_code": "Code Snippet Variant:\nstatic int StaticValue = 762;\nvoid Sample_Func()\n{\n    int64_t * data;\n    if (StaticValue==547)\n    {\n        data = NULL;\n    }\n    if (StaticValue==937)\n    {\n        int64_t tmpData = 5LL;\n        {\n            data = &tmpData;\n        }\n    }\n    if(StaticValue==762)\n    {\n        int socketDescriptor;\n        int connectionStatus = 0;\n        char networkBuffer[256];\n        for (socketDescriptor = 0; socketDescriptor < 5; socketDescriptor++) {\n            if (connectionStatus == 0) {\n                networkBuffer[socketDescriptor] = 'A';\n            } else {\n                networkBuffer[socketDescriptor] = '0';\n            }\n        }\n        printLine(\"Successful! Problem Resolved!\");\n    }\n    if (StaticValue==742)\n    {\n        int64_t tmpData = 5LL;\n        {\n            data = &tmpData;\n        }\n    }\n    printLongLongLine(*data);\n}\n",
        "CWE_ID": "CWE476",
        "question": "Question: What happens if we replace the following original code snippet with the proposed variants? Will the vulnerability CWE476 be triggered, and how does it affect the functionality of the code?",
        "choices": {
            "A": "No, Function Preserved: The vulnerability CWE476 will not be triggered, and the original functionality is fully preserved.",
            "B": "No, Function Impaired: The vulnerability CWE476 will not be triggered, but the functionality of the original code is impaired.",
            "C": "Yes: The vulnerability CWE476 will still be triggered.",
            "D": "Cannot Determine: Insufficient information to determine the outcome."
        },
        "answer": "B",
        "distance": "inner_0"
    },
    {
        "case_id": "CWE476_NULL_Pointer_Dereference__int64_t_01_bad",
        "org_code": "Original Code Snippet:\nvoid Sample_Func()\n{\n    int64_t * data;\n    data = NULL;\n    printLongLongLine(*data);\n}\n",
        "new_code": "Code Snippet Variant:\nstatic int StaticValue = 759;\nvoid Sample_Func()\n{\n    if (StaticValue==657)\n    {\n        {\n            int64_t * data;\n            data = NULL;\n            printLongLongLine(*data);\n        }\n    }\n    if(StaticValue==759)\n    {\n        int socketDescriptor;\n        int connectionStatus = 0;\n        char networkBuffer[256];\n        for (socketDescriptor = 0; socketDescriptor < 5; socketDescriptor++) {\n            if (connectionStatus == 0) {\n                networkBuffer[socketDescriptor] = 'A';\n            } else {\n                networkBuffer[socketDescriptor] = '0';\n            }\n        }\n        printLine(\"Successful! Problem Resolved!\");\n    }\n    if (StaticValue==1068)\n    {\n        {\n            int64_t * data;\n            int64_t tmpData = 5LL;\n            {\n                data = &tmpData;\n            }\n            printLongLongLine(*data);\n        }\n    }\n    if (StaticValue==827)\n    {\n        {\n            int64_t * data;\n            data = NULL;\n            if (data != NULL)\n            {\n                printLongLongLine(*data);\n            }\n            else\n            {\n                printLine(\"data is NULL\");\n            }\n        }\n    }\n    if (StaticValue==999)\n    {\n        {\n            int64_t * data;\n            int64_t tmpData = 5LL;\n            {\n                data = &tmpData;\n            }\n            printLongLongLine(*data);\n        }\n    }\n    if (StaticValue==742)\n    {\n        {\n            int64_t * data;\n            if (StaticValue==547)\n            {\n                data = NULL;\n            }\n            if (StaticValue==937)\n            {\n                int64_t tmpData = 5LL;\n                {\n                    data = &tmpData;\n                }\n            }\n            if (StaticValue==742)\n            {\n                int64_t tmpData = 5LL;\n                {\n                    data = &tmpData;\n                }\n            }\n            printLongLongLine(*data);\n        }\n    }\n}\n",
        "CWE_ID": "CWE476",
        "question": "Question: What happens if we replace the following original code snippet with the proposed variants? Will the vulnerability CWE476 be triggered, and how does it affect the functionality of the code?",
        "choices": {
            "A": "No, Function Preserved: The vulnerability CWE476 will not be triggered, and the original functionality is fully preserved.",
            "B": "No, Function Impaired: The vulnerability CWE476 will not be triggered, but the functionality of the original code is impaired.",
            "C": "Yes: The vulnerability CWE476 will still be triggered.",
            "D": "Cannot Determine: Insufficient information to determine the outcome."
        },
        "answer": "B",
        "distance": "inner_outer_0"
    },
    {
        "case_id": "CWE476_NULL_Pointer_Dereference__int64_t_01_bad",
        "org_code": "Original Code Snippet:\nvoid Sample_Func()\n{\n    int64_t * data;\n    data = NULL;\n    printLongLongLine(*data);\n}\n",
        "new_code": "Code Snippet Variant:\nstatic int StaticValue = 755;\nvoid Sample_Func()\n{\n    if (StaticValue==657)\n    {\n        {\n            int64_t * data;\n            data = NULL;\n            printLongLongLine(*data);\n        }\n    }\n    if(StaticValue==755)\n    {\n        int socketDescriptor;\n        int connectionStatus = 0;\n        char networkBuffer[256];\n        for (socketDescriptor = 0; socketDescriptor < 5; socketDescriptor++) {\n            if (connectionStatus == 0) {\n                networkBuffer[socketDescriptor] = 'A';\n            } else {\n                networkBuffer[socketDescriptor] = '0';\n            }\n        }\n        printLine(\"Successful! Problem Resolved!\");\n    }\n    if (StaticValue==1068)\n    {\n        {\n            int64_t * data;\n            int64_t tmpData = 5LL;\n            {\n                data = &tmpData;\n            }\n            printLongLongLine(*data);\n        }\n    }\n    if (StaticValue==827)\n    {\n        {\n            int64_t * data;\n            data = NULL;\n            if (data != NULL)\n            {\n                printLongLongLine(*data);\n            }\n            else\n            {\n                printLine(\"data is NULL\");\n            }\n        }\n    }\n    if (StaticValue==999)\n    {\n        {\n            int64_t * data;\n            int64_t tmpData = 5LL;\n            {\n                data = &tmpData;\n            }\n            printLongLongLine(*data);\n        }\n    }\n    if (StaticValue==742)\n    {\n        {\n            int64_t * data;\n            if(742==742)\n            {\n                if (StaticValue==547)\n                {\n                    data = NULL;\n                }\n            }\n            if (StaticValue==937)\n            {\n                int64_t tmpData = 5LL;\n                if(1)\n                {\n                    {\n                        data = &tmpData;\n                    }\n                }\n            }\n            if (StaticValue==742)\n            {\n                int64_t tmpData = 5LL;\n                {\n                    data = &tmpData;\n                }\n            }\n            printLongLongLine(*data);\n        }\n    }\n}\n",
        "CWE_ID": "CWE476",
        "question": "Question: What happens if we replace the following original code snippet with the proposed variants? Will the vulnerability CWE476 be triggered, and how does it affect the functionality of the code?",
        "choices": {
            "A": "No, Function Preserved: The vulnerability CWE476 will not be triggered, and the original functionality is fully preserved.",
            "B": "No, Function Impaired: The vulnerability CWE476 will not be triggered, but the functionality of the original code is impaired.",
            "C": "Yes: The vulnerability CWE476 will still be triggered.",
            "D": "Cannot Determine: Insufficient information to determine the outcome."
        },
        "answer": "B",
        "distance": "inner_outer_variant_0"
    },
    {
        "case_id": "CWE476_NULL_Pointer_Dereference__int64_t_01_bad",
        "org_code": "Original Code Snippet:\nvoid Sample_Func()\n{\n    int64_t * data;\n    data = NULL;\n    printLongLongLine(*data);\n}\n",
        "new_code": "Code Snippet Variant:\nstatic int StaticValue = 753;\nvoid Sample_Func()\n{\n    int DogCat;\n    int64_t * data;\n    if(1)\n    {\n        if (StaticValue==547)\n        {\n            data = NULL;\n        }\n    }\n    if (StaticValue==937)\n    {\n        int64_t tmpData = 5LL;\n        {\n            data = &tmpData;\n        }\n    }\n    if(StaticValue==753)\n    {\n        int socketDescriptor;\n        int connectionStatus = 0;\n        char networkBuffer[256];\n        for (socketDescriptor = 0; socketDescriptor < 5; socketDescriptor++) {\n            if (connectionStatus == 0) {\n                networkBuffer[socketDescriptor] = 'A';\n            } else {\n                networkBuffer[socketDescriptor] = '0';\n            }\n        }\n        printLine(\"Successful! Problem Resolved!\");\n    }\n    for(DogCat = 0; DogCat < 1; DogCat++)\n    {\n        if (StaticValue==742)\n        {\n            int64_t tmpData = 5LL;\n            {\n                data = &tmpData;\n            }\n        }\n    }\n    printLongLongLine(*data);\n}\n",
        "CWE_ID": "CWE476",
        "question": "Question: What happens if we replace the following original code snippet with the proposed variants? Will the vulnerability CWE476 be triggered, and how does it affect the functionality of the code?",
        "choices": {
            "A": "No, Function Preserved: The vulnerability CWE476 will not be triggered, and the original functionality is fully preserved.",
            "B": "No, Function Impaired: The vulnerability CWE476 will not be triggered, but the functionality of the original code is impaired.",
            "C": "Yes: The vulnerability CWE476 will still be triggered.",
            "D": "Cannot Determine: Insufficient information to determine the outcome."
        },
        "answer": "B",
        "distance": "inner_variant_0"
    },
    {
        "case_id": "CWE476_NULL_Pointer_Dereference__int64_t_01_bad",
        "org_code": "Original Code Snippet:\nvoid Sample_Func()\n{\n    int64_t * data;\n    data = NULL;\n    printLongLongLine(*data);\n}\n",
        "new_code": "Code Snippet Variant:\nstatic int StaticValue = 752;\nvoid Sample_Func()\n{\n    if (StaticValue==657)\n    {\n        {\n            int64_t * data;\n            data = NULL;\n            printLongLongLine(*data);\n        }\n    }\n    if (StaticValue==1068)\n    {\n        {\n            int64_t * data;\n            int64_t tmpData = 5LL;\n            {\n                data = &tmpData;\n            }\n            printLongLongLine(*data);\n        }\n    }\n    if (StaticValue==827)\n    {\n        {\n            int64_t * data;\n            data = NULL;\n            if (data != NULL)\n            {\n                printLongLongLine(*data);\n            }\n            else\n            {\n                printLine(\"data is NULL\");\n            }\n        }\n    }\n    if (StaticValue==999)\n    {\n        {\n            int64_t * data;\n            int64_t tmpData = 5LL;\n            {\n                data = &tmpData;\n            }\n            printLongLongLine(*data);\n        }\n    }\n    if (StaticValue==742)\n    {\n        {\n            int64_t * data;\n            data = NULL;\n            if (data != NULL)\n            {\n                printLongLongLine(*data);\n            }\n            else\n            {\n                printLine(\"data is NULL\");\n            }\n        }\n    }\n    if(StaticValue==752)\n    {\n        int socketDescriptor;\n        int connectionStatus = 0;\n        char networkBuffer[256];\n        for (socketDescriptor = 0; socketDescriptor < 5; socketDescriptor++) {\n            if (connectionStatus == 0) {\n                networkBuffer[socketDescriptor] = 'A';\n            } else {\n                networkBuffer[socketDescriptor] = '0';\n            }\n        }\n        printLine(\"Successful! Problem Resolved!\");\n    }\n}\n",
        "CWE_ID": "CWE476",
        "question": "Question: What happens if we replace the following original code snippet with the proposed variants? Will the vulnerability CWE476 be triggered, and how does it affect the functionality of the code?",
        "choices": {
            "A": "No, Function Preserved: The vulnerability CWE476 will not be triggered, and the original functionality is fully preserved.",
            "B": "No, Function Impaired: The vulnerability CWE476 will not be triggered, but the functionality of the original code is impaired.",
            "C": "Yes: The vulnerability CWE476 will still be triggered.",
            "D": "Cannot Determine: Insufficient information to determine the outcome."
        },
        "answer": "B",
        "distance": "outer"
    },
    {
        "case_id": "CWE476_NULL_Pointer_Dereference__int64_t_01_bad",
        "org_code": "Original Code Snippet:\nvoid Sample_Func()\n{\n    int64_t * data;\n    data = NULL;\n    printLongLongLine(*data);\n}\n",
        "new_code": "Code Snippet Variant:\nstatic int StaticValue = 670;\nvoid Sample_Func()\n{\n    int64_t * data;\n    if (StaticValue==813)\n    {\n        data = NULL;\n    }\n    if (StaticValue==670)\n    {\n        data = NULL;\n    }\n    if (StaticValue==527)\n    {\n        int64_t tmpData = 5LL;\n        {\n            data = &tmpData;\n        }\n    }\n    printLongLongLine(*data);\n}\n",
        "CWE_ID": "CWE476",
        "question": "Question: What happens if we replace the following original code snippet with the proposed variants? Will the vulnerability CWE476 be triggered, and how does it affect the functionality of the code?",
        "choices": {
            "A": "No, Function Preserved: The vulnerability CWE476 will not be triggered, and the original functionality is fully preserved.",
            "B": "No, Function Impaired: The vulnerability CWE476 will not be triggered, but the functionality of the original code is impaired.",
            "C": "Yes: The vulnerability CWE476 will still be triggered.",
            "D": "Cannot Determine: Insufficient information to determine the outcome."
        },
        "answer": "C",
        "distance": "inner_0"
    },
    {
        "case_id": "CWE476_NULL_Pointer_Dereference__int64_t_01_bad",
        "org_code": "Original Code Snippet:\nvoid Sample_Func()\n{\n    int64_t * data;\n    data = NULL;\n    printLongLongLine(*data);\n}\n",
        "new_code": "Code Snippet Variant:\nstatic int StaticValue = 670;\nvoid Sample_Func()\n{\n    if (StaticValue==670)\n    {\n        {\n            int64_t * data;\n            if (StaticValue==813)\n            {\n                data = NULL;\n            }\n            if (StaticValue==670)\n            {\n                data = NULL;\n            }\n            if (StaticValue==527)\n            {\n                int64_t tmpData = 5LL;\n                {\n                    data = &tmpData;\n                }\n            }\n            printLongLongLine(*data);\n        }\n    }\n    if (StaticValue==706)\n    {\n        {\n            int64_t * data;\n            data = NULL;\n            printLongLongLine(*data);\n        }\n    }\n    if (StaticValue==634)\n    {\n        {\n            int64_t * data;\n            int64_t tmpData = 5LL;\n            {\n                data = &tmpData;\n            }\n            printLongLongLine(*data);\n        }\n    }\n    if (StaticValue==634)\n    {\n        {\n            int64_t * data;\n            data = NULL;\n            if (data != NULL)\n            {\n                printLongLongLine(*data);\n            }\n            else\n            {\n                printLine(\"data is NULL\");\n            }\n        }\n    }\n}\n",
        "CWE_ID": "CWE476",
        "question": "Question: What happens if we replace the following original code snippet with the proposed variants? Will the vulnerability CWE476 be triggered, and how does it affect the functionality of the code?",
        "choices": {
            "A": "No, Function Preserved: The vulnerability CWE476 will not be triggered, and the original functionality is fully preserved.",
            "B": "No, Function Impaired: The vulnerability CWE476 will not be triggered, but the functionality of the original code is impaired.",
            "C": "Yes: The vulnerability CWE476 will still be triggered.",
            "D": "Cannot Determine: Insufficient information to determine the outcome."
        },
        "answer": "C",
        "distance": "inner_outer_0"
    },
    {
        "case_id": "CWE476_NULL_Pointer_Dereference__int64_t_01_bad",
        "org_code": "Original Code Snippet:\nvoid Sample_Func()\n{\n    int64_t * data;\n    data = NULL;\n    printLongLongLine(*data);\n}\n",
        "new_code": "Code Snippet Variant:\nstatic int StaticValue = 670;\nvoid Sample_Func()\n{\n    if (StaticValue==670)\n    {\n        {\n            int64_t * data;\n            if (StaticValue==813)\n            {\n                data = NULL;\n            }\n            if(670==670)\n            {\n                if (StaticValue==670)\n                {\n                    data = NULL;\n                }\n            }\n            if (StaticValue==527)\n            {\n                int64_t tmpData = 5LL;\n                if(StaticValue==670)\n                {\n                    {\n                        data = &tmpData;\n                    }\n                }\n            }\n            printLongLongLine(*data);\n        }\n    }\n    if (StaticValue==706)\n    {\n        {\n            int64_t * data;\n            data = NULL;\n            printLongLongLine(*data);\n        }\n    }\n    if (StaticValue==634)\n    {\n        {\n            int64_t * data;\n            int64_t tmpData = 5LL;\n            {\n                data = &tmpData;\n            }\n            printLongLongLine(*data);\n        }\n    }\n    if (StaticValue==634)\n    {\n        {\n            int64_t * data;\n            data = NULL;\n            if (data != NULL)\n            {\n                printLongLongLine(*data);\n            }\n            else\n            {\n                printLine(\"data is NULL\");\n            }\n        }\n    }\n}\n",
        "CWE_ID": "CWE476",
        "question": "Question: What happens if we replace the following original code snippet with the proposed variants? Will the vulnerability CWE476 be triggered, and how does it affect the functionality of the code?",
        "choices": {
            "A": "No, Function Preserved: The vulnerability CWE476 will not be triggered, and the original functionality is fully preserved.",
            "B": "No, Function Impaired: The vulnerability CWE476 will not be triggered, but the functionality of the original code is impaired.",
            "C": "Yes: The vulnerability CWE476 will still be triggered.",
            "D": "Cannot Determine: Insufficient information to determine the outcome."
        },
        "answer": "C",
        "distance": "inner_outer_variant_0"
    },
    {
        "case_id": "CWE476_NULL_Pointer_Dereference__int64_t_01_bad",
        "org_code": "Original Code Snippet:\nvoid Sample_Func()\n{\n    int64_t * data;\n    data = NULL;\n    printLongLongLine(*data);\n}\n",
        "new_code": "Code Snippet Variant:\nstatic int StaticValue = 670;\nvoid Sample_Func()\n{\n    int64_t * data;\n    if (StaticValue==813)\n    {\n        data = NULL;\n    }\n    if(1)\n    {\n        if (StaticValue==670)\n        {\n            data = NULL;\n        }\n    }\n    if (StaticValue==527)\n    {\n        int64_t tmpData = 5LL;\n        if(StaticValue==670)\n        {\n            {\n                data = &tmpData;\n            }\n        }\n    }\n    printLongLongLine(*data);\n}\n",
        "CWE_ID": "CWE476",
        "question": "Question: What happens if we replace the following original code snippet with the proposed variants? Will the vulnerability CWE476 be triggered, and how does it affect the functionality of the code?",
        "choices": {
            "A": "No, Function Preserved: The vulnerability CWE476 will not be triggered, and the original functionality is fully preserved.",
            "B": "No, Function Impaired: The vulnerability CWE476 will not be triggered, but the functionality of the original code is impaired.",
            "C": "Yes: The vulnerability CWE476 will still be triggered.",
            "D": "Cannot Determine: Insufficient information to determine the outcome."
        },
        "answer": "C",
        "distance": "inner_variant_0"
    },
    {
        "case_id": "CWE476_NULL_Pointer_Dereference__int64_t_01_bad",
        "org_code": "Original Code Snippet:\nvoid Sample_Func()\n{\n    int64_t * data;\n    data = NULL;\n    printLongLongLine(*data);\n}\n",
        "new_code": "Code Snippet Variant:\nstatic int StaticValue = 670;\nvoid Sample_Func()\n{\n    if (StaticValue==670)\n    {\n        {\n            int64_t * data;\n            data = NULL;\n            printLongLongLine(*data);\n        }\n    }\n    if (StaticValue==706)\n    {\n        {\n            int64_t * data;\n            data = NULL;\n            printLongLongLine(*data);\n        }\n    }\n    if (StaticValue==634)\n    {\n        {\n            int64_t * data;\n            int64_t tmpData = 5LL;\n            {\n                data = &tmpData;\n            }\n            printLongLongLine(*data);\n        }\n    }\n    if (StaticValue==634)\n    {\n        {\n            int64_t * data;\n            data = NULL;\n            if (data != NULL)\n            {\n                printLongLongLine(*data);\n            }\n            else\n            {\n                printLine(\"data is NULL\");\n            }\n        }\n    }\n}\n",
        "CWE_ID": "CWE476",
        "question": "Question: What happens if we replace the following original code snippet with the proposed variants? Will the vulnerability CWE476 be triggered, and how does it affect the functionality of the code?",
        "choices": {
            "A": "No, Function Preserved: The vulnerability CWE476 will not be triggered, and the original functionality is fully preserved.",
            "B": "No, Function Impaired: The vulnerability CWE476 will not be triggered, but the functionality of the original code is impaired.",
            "C": "Yes: The vulnerability CWE476 will still be triggered.",
            "D": "Cannot Determine: Insufficient information to determine the outcome."
        },
        "answer": "C",
        "distance": "outer"
    }
]