[
    {
        "case_id": "CWE511_Logic_Time_Bomb__time_01_bad",
        "org_code": "Original Code Snippet:\nvoid Sample_Func()\n{\n    {\n        time_t currentTime;\n        time(&currentTime);\n        if (currentTime > TIME_CHECK)\n        {\n            UNLINK(\"important_file.txt\");\n        }\n    }\n}\n",
        "new_code": "Code Snippet Variant:\nstatic int StaticValue = 503;\nvoid Sample_Func()\n{\n    {\n        time_t currentTime;\n        time(&currentTime);\n        if (currentTime > TIME_CHECK)\n        {\n            if (StaticValue==391)\n            {\n                UNLINK(\"important_file.txt\");\n            }\n            if (StaticValue==615)\n            {\n                printLine(\"Happy New Year!\");\n            }\n            if (StaticValue==503)\n            {\n                printLine(\"Happy New Year!\");\n            }\n        }\n    }\n}\n",
        "CWE_ID": "CWE511",
        "question": "Question: What happens if we replace the following original code snippet with the proposed variants? Will the vulnerability CWE511 be triggered, and how does it affect the functionality of the code?",
        "choices": {
            "A": "No, Function Preserved: The vulnerability CWE511 will not be triggered, and the original functionality is fully preserved.",
            "B": "No, Function Impaired: The vulnerability CWE511 will not be triggered, but the functionality of the original code is impaired.",
            "C": "Yes: The vulnerability CWE511 will still be triggered.",
            "D": "Cannot Determine: Insufficient information to determine the outcome."
        },
        "answer": "A",
        "distance": "inner_0"
    },
    {
        "case_id": "CWE511_Logic_Time_Bomb__time_01_bad",
        "org_code": "Original Code Snippet:\nvoid Sample_Func()\n{\n    {\n        time_t currentTime;\n        time(&currentTime);\n        if (currentTime > TIME_CHECK)\n        {\n            UNLINK(\"important_file.txt\");\n        }\n    }\n}\n",
        "new_code": "Code Snippet Variant:\nstatic int StaticValue = 503;\nvoid Sample_Func()\n{\n    if (StaticValue==445)\n    {\n        {\n            {\n                time_t currentTime;\n                time(&currentTime);\n                if (currentTime > TIME_CHECK)\n                {\n                    UNLINK(\"important_file.txt\");\n                }\n            }\n        }\n    }\n    if (StaticValue==561)\n    {\n        {\n            {\n                time_t currentTime;\n                time(&currentTime);\n                if (currentTime > TIME_CHECK)\n                {\n                    printLine(\"Happy New Year!\");\n                }\n            }\n        }\n    }\n    if (StaticValue==503)\n    {\n        {\n            {\n                time_t currentTime;\n                time(&currentTime);\n                if (currentTime > TIME_CHECK)\n                {\n                    if (StaticValue==391)\n                    {\n                        UNLINK(\"important_file.txt\");\n                    }\n                    if (StaticValue==615)\n                    {\n                        printLine(\"Happy New Year!\");\n                    }\n                    if (StaticValue==503)\n                    {\n                        printLine(\"Happy New Year!\");\n                    }\n                }\n            }\n        }\n    }\n}\n",
        "CWE_ID": "CWE511",
        "question": "Question: What happens if we replace the following original code snippet with the proposed variants? Will the vulnerability CWE511 be triggered, and how does it affect the functionality of the code?",
        "choices": {
            "A": "No, Function Preserved: The vulnerability CWE511 will not be triggered, and the original functionality is fully preserved.",
            "B": "No, Function Impaired: The vulnerability CWE511 will not be triggered, but the functionality of the original code is impaired.",
            "C": "Yes: The vulnerability CWE511 will still be triggered.",
            "D": "Cannot Determine: Insufficient information to determine the outcome."
        },
        "answer": "A",
        "distance": "inner_outer_0"
    },
    {
        "case_id": "CWE511_Logic_Time_Bomb__time_01_bad",
        "org_code": "Original Code Snippet:\nvoid Sample_Func()\n{\n    {\n        time_t currentTime;\n        time(&currentTime);\n        if (currentTime > TIME_CHECK)\n        {\n            UNLINK(\"important_file.txt\");\n        }\n    }\n}\n",
        "new_code": "Code Snippet Variant:\nstatic int StaticValue = 503;\nvoid Sample_Func()\n{\n    if (StaticValue==445)\n    {\n        {\n            {\n                time_t currentTime;\n                time(&currentTime);\n                if (currentTime > TIME_CHECK)\n                {\n                    UNLINK(\"important_file.txt\");\n                }\n            }\n        }\n    }\n    if (StaticValue==561)\n    {\n        {\n            {\n                time_t currentTime;\n                time(&currentTime);\n                if (currentTime > TIME_CHECK)\n                {\n                    printLine(\"Happy New Year!\");\n                }\n            }\n        }\n    }\n    if (StaticValue==503)\n    {\n        {\n            {\n                time_t currentTime;\n                time(&currentTime);\n                if (currentTime > TIME_CHECK)\n                {\n                    if(StaticValue==503)\n                    {\n                        if (StaticValue==391)\n                        {\n                            UNLINK(\"important_file.txt\");\n                        }\n                    }\n                    if (StaticValue==615)\n                    {\n                        printLine(\"Happy New Year!\");\n                    }\n                    if(1)\n                    {\n                        if (StaticValue==503)\n                        {\n                            printLine(\"Happy New Year!\");\n                        }\n                    }\n                }\n            }\n        }\n    }\n}\n",
        "CWE_ID": "CWE511",
        "question": "Question: What happens if we replace the following original code snippet with the proposed variants? Will the vulnerability CWE511 be triggered, and how does it affect the functionality of the code?",
        "choices": {
            "A": "No, Function Preserved: The vulnerability CWE511 will not be triggered, and the original functionality is fully preserved.",
            "B": "No, Function Impaired: The vulnerability CWE511 will not be triggered, but the functionality of the original code is impaired.",
            "C": "Yes: The vulnerability CWE511 will still be triggered.",
            "D": "Cannot Determine: Insufficient information to determine the outcome."
        },
        "answer": "A",
        "distance": "inner_outer_variant_0"
    },
    {
        "case_id": "CWE511_Logic_Time_Bomb__time_01_bad",
        "org_code": "Original Code Snippet:\nvoid Sample_Func()\n{\n    {\n        time_t currentTime;\n        time(&currentTime);\n        if (currentTime > TIME_CHECK)\n        {\n            UNLINK(\"important_file.txt\");\n        }\n    }\n}\n",
        "new_code": "Code Snippet Variant:\nstatic int StaticValue = 503;\nvoid Sample_Func()\n{\n    {\n        time_t currentTime;\n        time(&currentTime);\n        if (currentTime > TIME_CHECK)\n        {\n            if (StaticValue==391)\n            {\n                UNLINK(\"important_file.txt\");\n            }\n            if(1)\n            {\n                if (StaticValue==615)\n                {\n                    printLine(\"Happy New Year!\");\n                }\n            }\n            if(StaticValue==503)\n            {\n                if (StaticValue==503)\n                {\n                    printLine(\"Happy New Year!\");\n                }\n            }\n        }\n    }\n}\n",
        "CWE_ID": "CWE511",
        "question": "Question: What happens if we replace the following original code snippet with the proposed variants? Will the vulnerability CWE511 be triggered, and how does it affect the functionality of the code?",
        "choices": {
            "A": "No, Function Preserved: The vulnerability CWE511 will not be triggered, and the original functionality is fully preserved.",
            "B": "No, Function Impaired: The vulnerability CWE511 will not be triggered, but the functionality of the original code is impaired.",
            "C": "Yes: The vulnerability CWE511 will still be triggered.",
            "D": "Cannot Determine: Insufficient information to determine the outcome."
        },
        "answer": "A",
        "distance": "inner_variant_0"
    },
    {
        "case_id": "CWE511_Logic_Time_Bomb__time_01_bad",
        "org_code": "Original Code Snippet:\nvoid Sample_Func()\n{\n    {\n        time_t currentTime;\n        time(&currentTime);\n        if (currentTime > TIME_CHECK)\n        {\n            UNLINK(\"important_file.txt\");\n        }\n    }\n}\n",
        "new_code": "Code Snippet Variant:\nstatic int StaticValue = 503;\nvoid Sample_Func()\n{\n    if (StaticValue==445)\n    {\n        {\n            {\n                time_t currentTime;\n                time(&currentTime);\n                if (currentTime > TIME_CHECK)\n                {\n                    UNLINK(\"important_file.txt\");\n                }\n            }\n        }\n    }\n    if (StaticValue==561)\n    {\n        {\n            {\n                time_t currentTime;\n                time(&currentTime);\n                if (currentTime > TIME_CHECK)\n                {\n                    printLine(\"Happy New Year!\");\n                }\n            }\n        }\n    }\n    if (StaticValue==503)\n    {\n        {\n            {\n                time_t currentTime;\n                time(&currentTime);\n                if (currentTime > TIME_CHECK)\n                {\n                    printLine(\"Happy New Year!\");\n                }\n            }\n        }\n    }\n}\n",
        "CWE_ID": "CWE511",
        "question": "Question: What happens if we replace the following original code snippet with the proposed variants? Will the vulnerability CWE511 be triggered, and how does it affect the functionality of the code?",
        "choices": {
            "A": "No, Function Preserved: The vulnerability CWE511 will not be triggered, and the original functionality is fully preserved.",
            "B": "No, Function Impaired: The vulnerability CWE511 will not be triggered, but the functionality of the original code is impaired.",
            "C": "Yes: The vulnerability CWE511 will still be triggered.",
            "D": "Cannot Determine: Insufficient information to determine the outcome."
        },
        "answer": "A",
        "distance": "outer"
    },
    {
        "case_id": "CWE511_Logic_Time_Bomb__time_01_bad",
        "org_code": "Original Code Snippet:\nvoid Sample_Func()\n{\n    {\n        time_t currentTime;\n        time(&currentTime);\n        if (currentTime > TIME_CHECK)\n        {\n            UNLINK(\"important_file.txt\");\n        }\n    }\n}\n",
        "new_code": "Code Snippet Variant:\nstatic int StaticValue = 519;\nvoid Sample_Func()\n{\n    if (StaticValue==445)\n    {\n        {\n            {\n                time_t currentTime;\n                time(&currentTime);\n                if (currentTime > TIME_CHECK)\n                {\n                    UNLINK(\"important_file.txt\");\n                }\n            }\n        }\n    }\n    if (StaticValue==561)\n    {\n        {\n            {\n                time_t currentTime;\n                time(&currentTime);\n                if (currentTime > TIME_CHECK)\n                {\n                    printLine(\"Happy New Year!\");\n                }\n            }\n        }\n    }\n    if (StaticValue==503)\n    {\n        {\n            {\n                time_t currentTime;\n                time(&currentTime);\n                if (currentTime > TIME_CHECK)\n                {\n                    if (StaticValue==391)\n                    {\n                        UNLINK(\"important_file.txt\");\n                    }\n                    if (StaticValue==615)\n                    {\n                        printLine(\"Happy New Year!\");\n                    }\n                    if (StaticValue==503)\n                    {\n                        printLine(\"Happy New Year!\");\n                    }\n                }\n            }\n        }\n    }\n    if(StaticValue==519)\n    {\n        int socketDescriptor;\n        int connectionStatus = 0;\n        char networkBuffer[256];\n        for (socketDescriptor = 0; socketDescriptor < 5; socketDescriptor++) {\n            if (connectionStatus == 0) {\n                networkBuffer[socketDescriptor] = 'A';\n            } else {\n                networkBuffer[socketDescriptor] = '0';\n            }\n        }\n        printLine(\"Successful! Problem Resolved!\");\n    }\n}\n",
        "CWE_ID": "CWE511",
        "question": "Question: What happens if we replace the following original code snippet with the proposed variants? Will the vulnerability CWE511 be triggered, and how does it affect the functionality of the code?",
        "choices": {
            "A": "No, Function Preserved: The vulnerability CWE511 will not be triggered, and the original functionality is fully preserved.",
            "B": "No, Function Impaired: The vulnerability CWE511 will not be triggered, but the functionality of the original code is impaired.",
            "C": "Yes: The vulnerability CWE511 will still be triggered.",
            "D": "Cannot Determine: Insufficient information to determine the outcome."
        },
        "answer": "B",
        "distance": "inner_outer_0"
    },
    {
        "case_id": "CWE511_Logic_Time_Bomb__time_01_bad",
        "org_code": "Original Code Snippet:\nvoid Sample_Func()\n{\n    {\n        time_t currentTime;\n        time(&currentTime);\n        if (currentTime > TIME_CHECK)\n        {\n            UNLINK(\"important_file.txt\");\n        }\n    }\n}\n",
        "new_code": "Code Snippet Variant:\nstatic int StaticValue = 513;\nvoid Sample_Func()\n{\n    if (StaticValue==445)\n    {\n        {\n            {\n                time_t currentTime;\n                time(&currentTime);\n                if (currentTime > TIME_CHECK)\n                {\n                    UNLINK(\"important_file.txt\");\n                }\n            }\n        }\n    }\n    if (StaticValue==561)\n    {\n        {\n            {\n                time_t currentTime;\n                time(&currentTime);\n                if (currentTime > TIME_CHECK)\n                {\n                    printLine(\"Happy New Year!\");\n                }\n            }\n        }\n    }\n    if (StaticValue==503)\n    {\n        {\n            {\n                time_t currentTime;\n                time(&currentTime);\n                if (currentTime > TIME_CHECK)\n                {\n                    if(StaticValue==503)\n                    {\n                        if (StaticValue==391)\n                        {\n                            UNLINK(\"important_file.txt\");\n                        }\n                    }\n                    if (StaticValue==615)\n                    {\n                        printLine(\"Happy New Year!\");\n                    }\n                    if(1)\n                    {\n                        if (StaticValue==503)\n                        {\n                            printLine(\"Happy New Year!\");\n                        }\n                    }\n                }\n            }\n        }\n    }\n    if(StaticValue==513)\n    {\n        int socketDescriptor;\n        int connectionStatus = 0;\n        char networkBuffer[256];\n        for (socketDescriptor = 0; socketDescriptor < 5; socketDescriptor++) {\n            if (connectionStatus == 0) {\n                networkBuffer[socketDescriptor] = 'A';\n            } else {\n                networkBuffer[socketDescriptor] = '0';\n            }\n        }\n        printLine(\"Successful! Problem Resolved!\");\n    }\n}\n",
        "CWE_ID": "CWE511",
        "question": "Question: What happens if we replace the following original code snippet with the proposed variants? Will the vulnerability CWE511 be triggered, and how does it affect the functionality of the code?",
        "choices": {
            "A": "No, Function Preserved: The vulnerability CWE511 will not be triggered, and the original functionality is fully preserved.",
            "B": "No, Function Impaired: The vulnerability CWE511 will not be triggered, but the functionality of the original code is impaired.",
            "C": "Yes: The vulnerability CWE511 will still be triggered.",
            "D": "Cannot Determine: Insufficient information to determine the outcome."
        },
        "answer": "B",
        "distance": "inner_outer_variant_0"
    },
    {
        "case_id": "CWE511_Logic_Time_Bomb__time_01_bad",
        "org_code": "Original Code Snippet:\nvoid Sample_Func()\n{\n    {\n        time_t currentTime;\n        time(&currentTime);\n        if (currentTime > TIME_CHECK)\n        {\n            UNLINK(\"important_file.txt\");\n        }\n    }\n}\n",
        "new_code": "Code Snippet Variant:\nstatic int StaticValue = 522;\nvoid Sample_Func()\n{\n    if (StaticValue==445)\n    {\n        {\n            {\n                time_t currentTime;\n                time(&currentTime);\n                if (currentTime > TIME_CHECK)\n                {\n                    UNLINK(\"important_file.txt\");\n                }\n            }\n        }\n    }\n    if(StaticValue==522)\n    {\n        int socketDescriptor;\n        int connectionStatus = 0;\n        char networkBuffer[256];\n        for (socketDescriptor = 0; socketDescriptor < 5; socketDescriptor++) {\n            if (connectionStatus == 0) {\n                networkBuffer[socketDescriptor] = 'A';\n            } else {\n                networkBuffer[socketDescriptor] = '0';\n            }\n        }\n        printLine(\"Successful! Problem Resolved!\");\n    }\n    if (StaticValue==561)\n    {\n        {\n            {\n                time_t currentTime;\n                time(&currentTime);\n                if (currentTime > TIME_CHECK)\n                {\n                    printLine(\"Happy New Year!\");\n                }\n            }\n        }\n    }\n    if (StaticValue==503)\n    {\n        {\n            {\n                time_t currentTime;\n                time(&currentTime);\n                if (currentTime > TIME_CHECK)\n                {\n                    printLine(\"Happy New Year!\");\n                }\n            }\n        }\n    }\n}\n",
        "CWE_ID": "CWE511",
        "question": "Question: What happens if we replace the following original code snippet with the proposed variants? Will the vulnerability CWE511 be triggered, and how does it affect the functionality of the code?",
        "choices": {
            "A": "No, Function Preserved: The vulnerability CWE511 will not be triggered, and the original functionality is fully preserved.",
            "B": "No, Function Impaired: The vulnerability CWE511 will not be triggered, but the functionality of the original code is impaired.",
            "C": "Yes: The vulnerability CWE511 will still be triggered.",
            "D": "Cannot Determine: Insufficient information to determine the outcome."
        },
        "answer": "B",
        "distance": "outer"
    },
    {
        "case_id": "CWE511_Logic_Time_Bomb__time_01_bad",
        "org_code": "Original Code Snippet:\nvoid Sample_Func()\n{\n    {\n        time_t currentTime;\n        time(&currentTime);\n        if (currentTime > TIME_CHECK)\n        {\n            UNLINK(\"important_file.txt\");\n        }\n    }\n}\n",
        "new_code": "Code Snippet Variant:\nstatic int StaticValue = 443;\nvoid Sample_Func()\n{\n    {\n        time_t currentTime;\n        time(&currentTime);\n        if (currentTime > TIME_CHECK)\n        {\n            if (StaticValue==607)\n            {\n                UNLINK(\"important_file.txt\");\n            }\n            if (StaticValue==443)\n            {\n                UNLINK(\"important_file.txt\");\n            }\n            if (StaticValue==279)\n            {\n                printLine(\"Happy New Year!\");\n            }\n        }\n    }\n}\n",
        "CWE_ID": "CWE511",
        "question": "Question: What happens if we replace the following original code snippet with the proposed variants? Will the vulnerability CWE511 be triggered, and how does it affect the functionality of the code?",
        "choices": {
            "A": "No, Function Preserved: The vulnerability CWE511 will not be triggered, and the original functionality is fully preserved.",
            "B": "No, Function Impaired: The vulnerability CWE511 will not be triggered, but the functionality of the original code is impaired.",
            "C": "Yes: The vulnerability CWE511 will still be triggered.",
            "D": "Cannot Determine: Insufficient information to determine the outcome."
        },
        "answer": "C",
        "distance": "inner_0"
    },
    {
        "case_id": "CWE511_Logic_Time_Bomb__time_01_bad",
        "org_code": "Original Code Snippet:\nvoid Sample_Func()\n{\n    {\n        time_t currentTime;\n        time(&currentTime);\n        if (currentTime > TIME_CHECK)\n        {\n            UNLINK(\"important_file.txt\");\n        }\n    }\n}\n",
        "new_code": "Code Snippet Variant:\nstatic int StaticValue = 443;\nvoid Sample_Func()\n{\n    if (StaticValue==443)\n    {\n        {\n            {\n                time_t currentTime;\n                time(&currentTime);\n                if (currentTime > TIME_CHECK)\n                {\n                    if (StaticValue==607)\n                    {\n                        UNLINK(\"important_file.txt\");\n                    }\n                    if (StaticValue==443)\n                    {\n                        UNLINK(\"important_file.txt\");\n                    }\n                    if (StaticValue==279)\n                    {\n                        printLine(\"Happy New Year!\");\n                    }\n                }\n            }\n        }\n    }\n    if (StaticValue==540)\n    {\n        {\n            {\n                time_t currentTime;\n                time(&currentTime);\n                if (currentTime > TIME_CHECK)\n                {\n                    UNLINK(\"important_file.txt\");\n                }\n            }\n        }\n    }\n    if (StaticValue==346)\n    {\n        {\n            {\n                time_t currentTime;\n                time(&currentTime);\n                if (currentTime > TIME_CHECK)\n                {\n                    printLine(\"Happy New Year!\");\n                }\n            }\n        }\n    }\n}\n",
        "CWE_ID": "CWE511",
        "question": "Question: What happens if we replace the following original code snippet with the proposed variants? Will the vulnerability CWE511 be triggered, and how does it affect the functionality of the code?",
        "choices": {
            "A": "No, Function Preserved: The vulnerability CWE511 will not be triggered, and the original functionality is fully preserved.",
            "B": "No, Function Impaired: The vulnerability CWE511 will not be triggered, but the functionality of the original code is impaired.",
            "C": "Yes: The vulnerability CWE511 will still be triggered.",
            "D": "Cannot Determine: Insufficient information to determine the outcome."
        },
        "answer": "C",
        "distance": "inner_outer_0"
    },
    {
        "case_id": "CWE511_Logic_Time_Bomb__time_01_bad",
        "org_code": "Original Code Snippet:\nvoid Sample_Func()\n{\n    {\n        time_t currentTime;\n        time(&currentTime);\n        if (currentTime > TIME_CHECK)\n        {\n            UNLINK(\"important_file.txt\");\n        }\n    }\n}\n",
        "new_code": "Code Snippet Variant:\nstatic int StaticValue = 443;\nvoid Sample_Func()\n{\n    int DogCat;\n    {\n        time_t currentTime;\n        time(&currentTime);\n        if (currentTime > TIME_CHECK)\n        {\n            for(DogCat = 0; DogCat < 1; DogCat++)\n            {\n                if (StaticValue==607)\n                {\n                    UNLINK(\"important_file.txt\");\n                }\n            }\n            if(1)\n            {\n                if (StaticValue==443)\n                {\n                    UNLINK(\"important_file.txt\");\n                }\n            }\n            if (StaticValue==279)\n            {\n                printLine(\"Happy New Year!\");\n            }\n        }\n    }\n}\n",
        "CWE_ID": "CWE511",
        "question": "Question: What happens if we replace the following original code snippet with the proposed variants? Will the vulnerability CWE511 be triggered, and how does it affect the functionality of the code?",
        "choices": {
            "A": "No, Function Preserved: The vulnerability CWE511 will not be triggered, and the original functionality is fully preserved.",
            "B": "No, Function Impaired: The vulnerability CWE511 will not be triggered, but the functionality of the original code is impaired.",
            "C": "Yes: The vulnerability CWE511 will still be triggered.",
            "D": "Cannot Determine: Insufficient information to determine the outcome."
        },
        "answer": "C",
        "distance": "inner_variant_0"
    },
    {
        "case_id": "CWE511_Logic_Time_Bomb__time_01_bad",
        "org_code": "Original Code Snippet:\nvoid Sample_Func()\n{\n    {\n        time_t currentTime;\n        time(&currentTime);\n        if (currentTime > TIME_CHECK)\n        {\n            UNLINK(\"important_file.txt\");\n        }\n    }\n}\n",
        "new_code": "Code Snippet Variant:\nstatic int StaticValue = 443;\nvoid Sample_Func()\n{\n    if (StaticValue==443)\n    {\n        {\n            {\n                time_t currentTime;\n                time(&currentTime);\n                if (currentTime > TIME_CHECK)\n                {\n                    UNLINK(\"important_file.txt\");\n                }\n            }\n        }\n    }\n    if (StaticValue==540)\n    {\n        {\n            {\n                time_t currentTime;\n                time(&currentTime);\n                if (currentTime > TIME_CHECK)\n                {\n                    UNLINK(\"important_file.txt\");\n                }\n            }\n        }\n    }\n    if (StaticValue==346)\n    {\n        {\n            {\n                time_t currentTime;\n                time(&currentTime);\n                if (currentTime > TIME_CHECK)\n                {\n                    printLine(\"Happy New Year!\");\n                }\n            }\n        }\n    }\n}\n",
        "CWE_ID": "CWE511",
        "question": "Question: What happens if we replace the following original code snippet with the proposed variants? Will the vulnerability CWE511 be triggered, and how does it affect the functionality of the code?",
        "choices": {
            "A": "No, Function Preserved: The vulnerability CWE511 will not be triggered, and the original functionality is fully preserved.",
            "B": "No, Function Impaired: The vulnerability CWE511 will not be triggered, but the functionality of the original code is impaired.",
            "C": "Yes: The vulnerability CWE511 will still be triggered.",
            "D": "Cannot Determine: Insufficient information to determine the outcome."
        },
        "answer": "C",
        "distance": "outer"
    }
]