[
    {
        "case_id": "CWE226_Sensitive_Information_Uncleared_Before_Release__w32_char_alloca_01_bad",
        "org_code": "Original Code Snippet:\nvoid Sample_Func()\n{\n    {\n        char * password = (char *)ALLOCA(100*sizeof(char));\n        size_t passwordLen = 0;\n        HANDLE hUser;\n        char * username = \"User\";\n        char * domain = \"Domain\";\n        password[0] = '\\0';\n        if (fgets(password, 100, stdin) == NULL)\n        {\n            printLine(\"fgets() failed\");\n            password[0] = '\\0';\n        }\n        passwordLen = strlen(password);\n        if (passwordLen > 0)\n        {\n            password[passwordLen-1] = '\\0';\n        }\n        if (LogonUserA(\n                    username,\n                    domain,\n                    password,\n                    LOGON32_LOGON_NETWORK,\n                    LOGON32_PROVIDER_DEFAULT,\n                    &hUser) != 0)\n        {\n            printLine(\"User logged in successfully.\");\n            CloseHandle(hUser);\n        }\n        else\n        {\n            printLine(\"Unable to login.\");\n        }\n    }\n}\n",
        "new_code": "Code Snippet Variant:\nstatic int StaticValue = 600;\nvoid Sample_Func()\n{\n    {\n        char * password = (char *)ALLOCA(100*sizeof(char));\n        size_t passwordLen = 0;\n        HANDLE hUser;\n        char * username = \"User\";\n        char * domain = \"Domain\";\n        password[0] = '\\0';\n        if (fgets(password, 100, stdin) == NULL)\n        {\n            printLine(\"fgets() failed\");\n            password[0] = '\\0';\n        }\n        passwordLen = strlen(password);\n        if (passwordLen > 0)\n        {\n            password[passwordLen-1] = '\\0';\n        }\n        if (LogonUserA(\n                    username,\n                    domain,\n                    password,\n                    LOGON32_LOGON_NETWORK,\n                    LOGON32_PROVIDER_DEFAULT,\n                    &hUser) != 0)\n        {\n            printLine(\"User logged in successfully.\");\n            CloseHandle(hUser);\n        }\n        else\n        {\n            printLine(\"Unable to login.\");\n        }\n        if (StaticValue==768)\n        {\n            passwordLen = strlen(password);\n            SecureZeroMemory(password, passwordLen * sizeof(char));\n        }\n        if (StaticValue==600)\n        {\n            passwordLen = strlen(password);\n            SecureZeroMemory(password, passwordLen * sizeof(char));\n        }\n    }\n}\n",
        "CWE_ID": "CWE226",
        "question": "Question: What happens if we replace the following original code snippet with the proposed variants? Will the vulnerability CWE226 be triggered, and how does it affect the functionality of the code?",
        "choices": {
            "A": "No, Function Preserved: The vulnerability CWE226 will not be triggered, and the original functionality is fully preserved.",
            "B": "No, Function Impaired: The vulnerability CWE226 will not be triggered, but the functionality of the original code is impaired.",
            "C": "Yes: The vulnerability CWE226 will still be triggered.",
            "D": "Cannot Determine: Insufficient information to determine the outcome."
        },
        "answer": "A",
        "distance": "inner_0"
    },
    {
        "case_id": "CWE226_Sensitive_Information_Uncleared_Before_Release__w32_char_alloca_01_bad",
        "org_code": "Original Code Snippet:\nvoid Sample_Func()\n{\n    {\n        char * password = (char *)ALLOCA(100*sizeof(char));\n        size_t passwordLen = 0;\n        HANDLE hUser;\n        char * username = \"User\";\n        char * domain = \"Domain\";\n        password[0] = '\\0';\n        if (fgets(password, 100, stdin) == NULL)\n        {\n            printLine(\"fgets() failed\");\n            password[0] = '\\0';\n        }\n        passwordLen = strlen(password);\n        if (passwordLen > 0)\n        {\n            password[passwordLen-1] = '\\0';\n        }\n        if (LogonUserA(\n                    username,\n                    domain,\n                    password,\n                    LOGON32_LOGON_NETWORK,\n                    LOGON32_PROVIDER_DEFAULT,\n                    &hUser) != 0)\n        {\n            printLine(\"User logged in successfully.\");\n            CloseHandle(hUser);\n        }\n        else\n        {\n            printLine(\"Unable to login.\");\n        }\n    }\n}\n",
        "new_code": "Code Snippet Variant:\nstatic int StaticValue = 600;\nvoid Sample_Func()\n{\n    if (StaticValue==503)\n    {\n        {\n            {\n                char * password = (char *)ALLOCA(100*sizeof(char));\n                size_t passwordLen = 0;\n                HANDLE hUser;\n                char * username = \"User\";\n                char * domain = \"Domain\";\n                password[0] = '\\0';\n                if (fgets(password, 100, stdin) == NULL)\n                {\n                    printLine(\"fgets() failed\");\n                    password[0] = '\\0';\n                }\n                passwordLen = strlen(password);\n                if (passwordLen > 0)\n                {\n                    password[passwordLen-1] = '\\0';\n                }\n                if (LogonUserA(\n                            username,\n                            domain,\n                            password,\n                            LOGON32_LOGON_NETWORK,\n                            LOGON32_PROVIDER_DEFAULT,\n                            &hUser) != 0)\n                {\n                    printLine(\"User logged in successfully.\");\n                    CloseHandle(hUser);\n                }\n                else\n                {\n                    printLine(\"Unable to login.\");\n                }\n            }\n        }\n    }\n    if (StaticValue==697)\n    {\n        {\n            {\n                char * password = (char *)ALLOCA(100*sizeof(char));\n                size_t passwordLen = 0;\n                HANDLE hUser;\n                char * username = \"User\";\n                char * domain = \"Domain\";\n                password[0] = '\\0';\n                if (fgets(password, 100, stdin) == NULL)\n                {\n                    printLine(\"fgets() failed\");\n                    password[0] = '\\0';\n                }\n                passwordLen = strlen(password);\n                if (passwordLen > 0)\n                {\n                    password[passwordLen-1] = '\\0';\n                }\n                if (LogonUserA(\n                            username,\n                            domain,\n                            password,\n                            LOGON32_LOGON_NETWORK,\n                            LOGON32_PROVIDER_DEFAULT,\n                            &hUser) != 0)\n                {\n                    printLine(\"User logged in successfully.\");\n                    CloseHandle(hUser);\n                }\n                else\n                {\n                    printLine(\"Unable to login.\");\n                }\n                passwordLen = strlen(password);\n                SecureZeroMemory(password, passwordLen * sizeof(char));\n            }\n        }\n    }\n    if (StaticValue==600)\n    {\n        {\n            {\n                char * password = (char *)ALLOCA(100*sizeof(char));\n                size_t passwordLen = 0;\n                HANDLE hUser;\n                char * username = \"User\";\n                char * domain = \"Domain\";\n                password[0] = '\\0';\n                if (fgets(password, 100, stdin) == NULL)\n                {\n                    printLine(\"fgets() failed\");\n                    password[0] = '\\0';\n                }\n                passwordLen = strlen(password);\n                if (passwordLen > 0)\n                {\n                    password[passwordLen-1] = '\\0';\n                }\n                if (LogonUserA(\n                            username,\n                            domain,\n                            password,\n                            LOGON32_LOGON_NETWORK,\n                            LOGON32_PROVIDER_DEFAULT,\n                            &hUser) != 0)\n                {\n                    printLine(\"User logged in successfully.\");\n                    CloseHandle(hUser);\n                }\n                else\n                {\n                    printLine(\"Unable to login.\");\n                }\n                if (StaticValue==768)\n                {\n                    passwordLen = strlen(password);\n                    SecureZeroMemory(password, passwordLen * sizeof(char));\n                }\n                if (StaticValue==600)\n                {\n                    passwordLen = strlen(password);\n                    SecureZeroMemory(password, passwordLen * sizeof(char));\n                }\n            }\n        }\n    }\n}\n",
        "CWE_ID": "CWE226",
        "question": "Question: What happens if we replace the following original code snippet with the proposed variants? Will the vulnerability CWE226 be triggered, and how does it affect the functionality of the code?",
        "choices": {
            "A": "No, Function Preserved: The vulnerability CWE226 will not be triggered, and the original functionality is fully preserved.",
            "B": "No, Function Impaired: The vulnerability CWE226 will not be triggered, but the functionality of the original code is impaired.",
            "C": "Yes: The vulnerability CWE226 will still be triggered.",
            "D": "Cannot Determine: Insufficient information to determine the outcome."
        },
        "answer": "A",
        "distance": "inner_outer_0"
    },
    {
        "case_id": "CWE226_Sensitive_Information_Uncleared_Before_Release__w32_char_alloca_01_bad",
        "org_code": "Original Code Snippet:\nvoid Sample_Func()\n{\n    {\n        char * password = (char *)ALLOCA(100*sizeof(char));\n        size_t passwordLen = 0;\n        HANDLE hUser;\n        char * username = \"User\";\n        char * domain = \"Domain\";\n        password[0] = '\\0';\n        if (fgets(password, 100, stdin) == NULL)\n        {\n            printLine(\"fgets() failed\");\n            password[0] = '\\0';\n        }\n        passwordLen = strlen(password);\n        if (passwordLen > 0)\n        {\n            password[passwordLen-1] = '\\0';\n        }\n        if (LogonUserA(\n                    username,\n                    domain,\n                    password,\n                    LOGON32_LOGON_NETWORK,\n                    LOGON32_PROVIDER_DEFAULT,\n                    &hUser) != 0)\n        {\n            printLine(\"User logged in successfully.\");\n            CloseHandle(hUser);\n        }\n        else\n        {\n            printLine(\"Unable to login.\");\n        }\n    }\n}\n",
        "new_code": "Code Snippet Variant:\nstatic int StaticValue = 600;\nvoid Sample_Func()\n{\n    if (StaticValue==503)\n    {\n        {\n            {\n                char * password = (char *)ALLOCA(100*sizeof(char));\n                size_t passwordLen = 0;\n                HANDLE hUser;\n                char * username = \"User\";\n                char * domain = \"Domain\";\n                password[0] = '\\0';\n                if(600==600)\n                {\n                    if (fgets(password, 100, stdin) == NULL)\n                    {\n                        printLine(\"fgets() failed\");\n                        password[0] = '\\0';\n                    }\n                }\n                passwordLen = strlen(password);\n                if (passwordLen > 0)\n                {\n                    password[passwordLen-1] = '\\0';\n                }\n                if (LogonUserA(\n                            username,\n                            domain,\n                            password,\n                            LOGON32_LOGON_NETWORK,\n                            LOGON32_PROVIDER_DEFAULT,\n                            &hUser) != 0)\n                {\n                    printLine(\"User logged in successfully.\");\n                    CloseHandle(hUser);\n                }\n                else\n                {\n                    if(StaticValue==600)\n                    {\n                        printLine(\"Unable to login.\");\n                    }\n                }\n            }\n        }\n    }\n    if (StaticValue==697)\n    {\n        int DogCat;\n        {\n            {\n                char * password = (char *)ALLOCA(100*sizeof(char));\n                size_t passwordLen = 0;\n                HANDLE hUser;\n                char * username = \"User\";\n                char * domain = \"Domain\";\n                password[0] = '\\0';\n                if (fgets(password, 100, stdin) == NULL)\n                {\n                    printLine(\"fgets() failed\");\n                    password[0] = '\\0';\n                }\n                passwordLen = strlen(password);\n                if(StaticValue==600)\n                {\n                    if (passwordLen > 0)\n                    {\n                        password[passwordLen-1] = '\\0';\n                    }\n                }\n                if (LogonUserA(\n                            username,\n                            domain,\n                            password,\n                            LOGON32_LOGON_NETWORK,\n                            LOGON32_PROVIDER_DEFAULT,\n                            &hUser) != 0)\n                {\n                    printLine(\"User logged in successfully.\");\n                    CloseHandle(hUser);\n                }\n                else\n                {\n                    printLine(\"Unable to login.\");\n                }\n                for(DogCat = 0; DogCat < 1; DogCat++)\n                {\n                    passwordLen = strlen(password);\n                }\n                SecureZeroMemory(password, passwordLen * sizeof(char));\n            }\n        }\n    }\n    if (StaticValue==600)\n    {\n        {\n            {\n                char * password = (char *)ALLOCA(100*sizeof(char));\n                size_t passwordLen = 0;\n                HANDLE hUser;\n                char * username = \"User\";\n                char * domain = \"Domain\";\n                password[0] = '\\0';\n                if(StaticValue==600)\n                {\n                    if (fgets(password, 100, stdin) == NULL)\n                    {\n                        printLine(\"fgets() failed\");\n                        password[0] = '\\0';\n                    }\n                }\n                passwordLen = strlen(password);\n                if (passwordLen > 0)\n                {\n                    password[passwordLen-1] = '\\0';\n                }\n                if (LogonUserA(\n                            username,\n                            domain,\n                            password,\n                            LOGON32_LOGON_NETWORK,\n                            LOGON32_PROVIDER_DEFAULT,\n                            &hUser) != 0)\n                {\n                    printLine(\"User logged in successfully.\");\n                    CloseHandle(hUser);\n                }\n                else\n                {\n                    if(600==600)\n                    {\n                        printLine(\"Unable to login.\");\n                    }\n                }\n                if (StaticValue==768)\n                {\n                    passwordLen = strlen(password);\n                    SecureZeroMemory(password, passwordLen * sizeof(char));\n                }\n                if (StaticValue==600)\n                {\n                    passwordLen = strlen(password);\n                    SecureZeroMemory(password, passwordLen * sizeof(char));\n                }\n            }\n        }\n    }\n}\n",
        "CWE_ID": "CWE226",
        "question": "Question: What happens if we replace the following original code snippet with the proposed variants? Will the vulnerability CWE226 be triggered, and how does it affect the functionality of the code?",
        "choices": {
            "A": "No, Function Preserved: The vulnerability CWE226 will not be triggered, and the original functionality is fully preserved.",
            "B": "No, Function Impaired: The vulnerability CWE226 will not be triggered, but the functionality of the original code is impaired.",
            "C": "Yes: The vulnerability CWE226 will still be triggered.",
            "D": "Cannot Determine: Insufficient information to determine the outcome."
        },
        "answer": "A",
        "distance": "inner_outer_variant_0"
    },
    {
        "case_id": "CWE226_Sensitive_Information_Uncleared_Before_Release__w32_char_alloca_01_bad",
        "org_code": "Original Code Snippet:\nvoid Sample_Func()\n{\n    {\n        char * password = (char *)ALLOCA(100*sizeof(char));\n        size_t passwordLen = 0;\n        HANDLE hUser;\n        char * username = \"User\";\n        char * domain = \"Domain\";\n        password[0] = '\\0';\n        if (fgets(password, 100, stdin) == NULL)\n        {\n            printLine(\"fgets() failed\");\n            password[0] = '\\0';\n        }\n        passwordLen = strlen(password);\n        if (passwordLen > 0)\n        {\n            password[passwordLen-1] = '\\0';\n        }\n        if (LogonUserA(\n                    username,\n                    domain,\n                    password,\n                    LOGON32_LOGON_NETWORK,\n                    LOGON32_PROVIDER_DEFAULT,\n                    &hUser) != 0)\n        {\n            printLine(\"User logged in successfully.\");\n            CloseHandle(hUser);\n        }\n        else\n        {\n            printLine(\"Unable to login.\");\n        }\n    }\n}\n",
        "new_code": "Code Snippet Variant:\nstatic int StaticValue = 600;\nvoid Sample_Func()\n{\n    int DogCat;\n    {\n        char * password = (char *)ALLOCA(100*sizeof(char));\n        size_t passwordLen = 0;\n        HANDLE hUser;\n        char * username = \"User\";\n        char * domain = \"Domain\";\n        password[0] = '\\0';\n        if (fgets(password, 100, stdin) == NULL)\n        {\n            printLine(\"fgets() failed\");\n            password[0] = '\\0';\n        }\n        if(1)\n        {\n            passwordLen = strlen(password);\n        }\n        if (passwordLen > 0)\n        {\n            password[passwordLen-1] = '\\0';\n        }\n        if (LogonUserA(\n                    username,\n                    domain,\n                    password,\n                    LOGON32_LOGON_NETWORK,\n                    LOGON32_PROVIDER_DEFAULT,\n                    &hUser) != 0)\n        {\n            printLine(\"User logged in successfully.\");\n            CloseHandle(hUser);\n        }\n        else\n        {\n            printLine(\"Unable to login.\");\n        }\n        if (StaticValue==768)\n        {\n            passwordLen = strlen(password);\n            SecureZeroMemory(password, passwordLen * sizeof(char));\n        }\n        for(DogCat = 0; DogCat < 1; DogCat++)\n        {\n            if (StaticValue==600)\n            {\n                passwordLen = strlen(password);\n                SecureZeroMemory(password, passwordLen * sizeof(char));\n            }\n        }\n    }\n}\n",
        "CWE_ID": "CWE226",
        "question": "Question: What happens if we replace the following original code snippet with the proposed variants? Will the vulnerability CWE226 be triggered, and how does it affect the functionality of the code?",
        "choices": {
            "A": "No, Function Preserved: The vulnerability CWE226 will not be triggered, and the original functionality is fully preserved.",
            "B": "No, Function Impaired: The vulnerability CWE226 will not be triggered, but the functionality of the original code is impaired.",
            "C": "Yes: The vulnerability CWE226 will still be triggered.",
            "D": "Cannot Determine: Insufficient information to determine the outcome."
        },
        "answer": "A",
        "distance": "inner_variant_0"
    },
    {
        "case_id": "CWE226_Sensitive_Information_Uncleared_Before_Release__w32_char_alloca_01_bad",
        "org_code": "Original Code Snippet:\nvoid Sample_Func()\n{\n    {\n        char * password = (char *)ALLOCA(100*sizeof(char));\n        size_t passwordLen = 0;\n        HANDLE hUser;\n        char * username = \"User\";\n        char * domain = \"Domain\";\n        password[0] = '\\0';\n        if (fgets(password, 100, stdin) == NULL)\n        {\n            printLine(\"fgets() failed\");\n            password[0] = '\\0';\n        }\n        passwordLen = strlen(password);\n        if (passwordLen > 0)\n        {\n            password[passwordLen-1] = '\\0';\n        }\n        if (LogonUserA(\n                    username,\n                    domain,\n                    password,\n                    LOGON32_LOGON_NETWORK,\n                    LOGON32_PROVIDER_DEFAULT,\n                    &hUser) != 0)\n        {\n            printLine(\"User logged in successfully.\");\n            CloseHandle(hUser);\n        }\n        else\n        {\n            printLine(\"Unable to login.\");\n        }\n    }\n}\n",
        "new_code": "Code Snippet Variant:\nstatic int StaticValue = 600;\nvoid Sample_Func()\n{\n    if (StaticValue==503)\n    {\n        {\n            {\n                char * password = (char *)ALLOCA(100*sizeof(char));\n                size_t passwordLen = 0;\n                HANDLE hUser;\n                char * username = \"User\";\n                char * domain = \"Domain\";\n                password[0] = '\\0';\n                if (fgets(password, 100, stdin) == NULL)\n                {\n                    printLine(\"fgets() failed\");\n                    password[0] = '\\0';\n                }\n                passwordLen = strlen(password);\n                if (passwordLen > 0)\n                {\n                    password[passwordLen-1] = '\\0';\n                }\n                if (LogonUserA(\n                            username,\n                            domain,\n                            password,\n                            LOGON32_LOGON_NETWORK,\n                            LOGON32_PROVIDER_DEFAULT,\n                            &hUser) != 0)\n                {\n                    printLine(\"User logged in successfully.\");\n                    CloseHandle(hUser);\n                }\n                else\n                {\n                    printLine(\"Unable to login.\");\n                }\n            }\n        }\n    }\n    if (StaticValue==697)\n    {\n        {\n            {\n                char * password = (char *)ALLOCA(100*sizeof(char));\n                size_t passwordLen = 0;\n                HANDLE hUser;\n                char * username = \"User\";\n                char * domain = \"Domain\";\n                password[0] = '\\0';\n                if (fgets(password, 100, stdin) == NULL)\n                {\n                    printLine(\"fgets() failed\");\n                    password[0] = '\\0';\n                }\n                passwordLen = strlen(password);\n                if (passwordLen > 0)\n                {\n                    password[passwordLen-1] = '\\0';\n                }\n                if (LogonUserA(\n                            username,\n                            domain,\n                            password,\n                            LOGON32_LOGON_NETWORK,\n                            LOGON32_PROVIDER_DEFAULT,\n                            &hUser) != 0)\n                {\n                    printLine(\"User logged in successfully.\");\n                    CloseHandle(hUser);\n                }\n                else\n                {\n                    printLine(\"Unable to login.\");\n                }\n                passwordLen = strlen(password);\n                SecureZeroMemory(password, passwordLen * sizeof(char));\n            }\n        }\n    }\n    if (StaticValue==600)\n    {\n        {\n            {\n                char * password = (char *)ALLOCA(100*sizeof(char));\n                size_t passwordLen = 0;\n                HANDLE hUser;\n                char * username = \"User\";\n                char * domain = \"Domain\";\n                password[0] = '\\0';\n                if (fgets(password, 100, stdin) == NULL)\n                {\n                    printLine(\"fgets() failed\");\n                    password[0] = '\\0';\n                }\n                passwordLen = strlen(password);\n                if (passwordLen > 0)\n                {\n                    password[passwordLen-1] = '\\0';\n                }\n                if (LogonUserA(\n                            username,\n                            domain,\n                            password,\n                            LOGON32_LOGON_NETWORK,\n                            LOGON32_PROVIDER_DEFAULT,\n                            &hUser) != 0)\n                {\n                    printLine(\"User logged in successfully.\");\n                    CloseHandle(hUser);\n                }\n                else\n                {\n                    printLine(\"Unable to login.\");\n                }\n                passwordLen = strlen(password);\n                SecureZeroMemory(password, passwordLen * sizeof(char));\n            }\n        }\n    }\n}\n",
        "CWE_ID": "CWE226",
        "question": "Question: What happens if we replace the following original code snippet with the proposed variants? Will the vulnerability CWE226 be triggered, and how does it affect the functionality of the code?",
        "choices": {
            "A": "No, Function Preserved: The vulnerability CWE226 will not be triggered, and the original functionality is fully preserved.",
            "B": "No, Function Impaired: The vulnerability CWE226 will not be triggered, but the functionality of the original code is impaired.",
            "C": "Yes: The vulnerability CWE226 will still be triggered.",
            "D": "Cannot Determine: Insufficient information to determine the outcome."
        },
        "answer": "A",
        "distance": "outer"
    },
    {
        "case_id": "CWE226_Sensitive_Information_Uncleared_Before_Release__w32_char_alloca_01_bad",
        "org_code": "Original Code Snippet:\nvoid Sample_Func()\n{\n    {\n        char * password = (char *)ALLOCA(100*sizeof(char));\n        size_t passwordLen = 0;\n        HANDLE hUser;\n        char * username = \"User\";\n        char * domain = \"Domain\";\n        password[0] = '\\0';\n        if (fgets(password, 100, stdin) == NULL)\n        {\n            printLine(\"fgets() failed\");\n            password[0] = '\\0';\n        }\n        passwordLen = strlen(password);\n        if (passwordLen > 0)\n        {\n            password[passwordLen-1] = '\\0';\n        }\n        if (LogonUserA(\n                    username,\n                    domain,\n                    password,\n                    LOGON32_LOGON_NETWORK,\n                    LOGON32_PROVIDER_DEFAULT,\n                    &hUser) != 0)\n        {\n            printLine(\"User logged in successfully.\");\n            CloseHandle(hUser);\n        }\n        else\n        {\n            printLine(\"Unable to login.\");\n        }\n    }\n}\n",
        "new_code": "Code Snippet Variant:\nstatic int StaticValue = 600;\nvoid Sample_Func()\n{\n    if (StaticValue==503)\n    {\n        {\n            {\n                char * password = (char *)ALLOCA(100*sizeof(char));\n                size_t passwordLen = 0;\n                HANDLE hUser;\n                char * username = \"User\";\n                char * domain = \"Domain\";\n                password[0] = '\\0';\n                if (fgets(password, 100, stdin) == NULL)\n                {\n                    printLine(\"fgets() failed\");\n                    password[0] = '\\0';\n                }\n                if(600==600)\n                {\n                    passwordLen = strlen(password);\n                }\n                if(StaticValue==600)\n                {\n                    if (passwordLen > 0)\n                    {\n                        password[passwordLen-1] = '\\0';\n                    }\n                }\n                if (LogonUserA(\n                            username,\n                            domain,\n                            password,\n                            LOGON32_LOGON_NETWORK,\n                            LOGON32_PROVIDER_DEFAULT,\n                            &hUser) != 0)\n                {\n                    printLine(\"User logged in successfully.\");\n                    CloseHandle(hUser);\n                }\n                else\n                {\n                    printLine(\"Unable to login.\");\n                }\n            }\n        }\n    }\n    if (StaticValue==697)\n    {\n        {\n            {\n                char * password = (char *)ALLOCA(100*sizeof(char));\n                size_t passwordLen = 0;\n                HANDLE hUser;\n                char * username = \"User\";\n                char * domain = \"Domain\";\n                password[0] = '\\0';\n                if (fgets(password, 100, stdin) == NULL)\n                {\n                    printLine(\"fgets() failed\");\n                    password[0] = '\\0';\n                }\n                passwordLen = strlen(password);\n                if(600==600)\n                {\n                    if (passwordLen > 0)\n                    {\n                        password[passwordLen-1] = '\\0';\n                    }\n                }\n                if (LogonUserA(\n                            username,\n                            domain,\n                            password,\n                            LOGON32_LOGON_NETWORK,\n                            LOGON32_PROVIDER_DEFAULT,\n                            &hUser) != 0)\n                {\n                    printLine(\"User logged in successfully.\");\n                    CloseHandle(hUser);\n                }\n                else\n                {\n                    printLine(\"Unable to login.\");\n                }\n                if(1)\n                {\n                    passwordLen = strlen(password);\n                }\n                SecureZeroMemory(password, passwordLen * sizeof(char));\n            }\n        }\n    }\n    if (StaticValue==600)\n    {\n        int DogCat;\n        {\n            {\n                char * password = (char *)ALLOCA(100*sizeof(char));\n                size_t passwordLen = 0;\n                HANDLE hUser;\n                char * username = \"User\";\n                char * domain = \"Domain\";\n                password[0] = '\\0';\n                if (fgets(password, 100, stdin) == NULL)\n                {\n                    printLine(\"fgets() failed\");\n                    password[0] = '\\0';\n                }\n                passwordLen = strlen(password);\n                for(DogCat = 0; DogCat < 1; DogCat++)\n                {\n                    if (passwordLen > 0)\n                    {\n                        password[passwordLen-1] = '\\0';\n                    }\n                }\n                if (LogonUserA(\n                            username,\n                            domain,\n                            password,\n                            LOGON32_LOGON_NETWORK,\n                            LOGON32_PROVIDER_DEFAULT,\n                            &hUser) != 0)\n                {\n                    printLine(\"User logged in successfully.\");\n                    CloseHandle(hUser);\n                }\n                else\n                {\n                    if(1)\n                    {\n                        printLine(\"Unable to login.\");\n                    }\n                }\n                passwordLen = strlen(password);\n                SecureZeroMemory(password, passwordLen * sizeof(char));\n            }\n        }\n    }\n}\n",
        "CWE_ID": "CWE226",
        "question": "Question: What happens if we replace the following original code snippet with the proposed variants? Will the vulnerability CWE226 be triggered, and how does it affect the functionality of the code?",
        "choices": {
            "A": "No, Function Preserved: The vulnerability CWE226 will not be triggered, and the original functionality is fully preserved.",
            "B": "No, Function Impaired: The vulnerability CWE226 will not be triggered, but the functionality of the original code is impaired.",
            "C": "Yes: The vulnerability CWE226 will still be triggered.",
            "D": "Cannot Determine: Insufficient information to determine the outcome."
        },
        "answer": "A",
        "distance": "outer_variant"
    },
    {
        "case_id": "CWE226_Sensitive_Information_Uncleared_Before_Release__w32_char_alloca_01_bad",
        "org_code": "Original Code Snippet:\nvoid Sample_Func()\n{\n    {\n        char * password = (char *)ALLOCA(100*sizeof(char));\n        size_t passwordLen = 0;\n        HANDLE hUser;\n        char * username = \"User\";\n        char * domain = \"Domain\";\n        password[0] = '\\0';\n        if (fgets(password, 100, stdin) == NULL)\n        {\n            printLine(\"fgets() failed\");\n            password[0] = '\\0';\n        }\n        passwordLen = strlen(password);\n        if (passwordLen > 0)\n        {\n            password[passwordLen-1] = '\\0';\n        }\n        if (LogonUserA(\n                    username,\n                    domain,\n                    password,\n                    LOGON32_LOGON_NETWORK,\n                    LOGON32_PROVIDER_DEFAULT,\n                    &hUser) != 0)\n        {\n            printLine(\"User logged in successfully.\");\n            CloseHandle(hUser);\n        }\n        else\n        {\n            printLine(\"Unable to login.\");\n        }\n    }\n}\n",
        "new_code": "Code Snippet Variant:\nstatic int StaticValue = 611;\nvoid Sample_Func()\n{\n    if (StaticValue==503)\n    {\n        {\n            {\n                char * password = (char *)ALLOCA(100*sizeof(char));\n                size_t passwordLen = 0;\n                HANDLE hUser;\n                char * username = \"User\";\n                char * domain = \"Domain\";\n                password[0] = '\\0';\n                if (fgets(password, 100, stdin) == NULL)\n                {\n                    printLine(\"fgets() failed\");\n                    password[0] = '\\0';\n                }\n                passwordLen = strlen(password);\n                if (passwordLen > 0)\n                {\n                    password[passwordLen-1] = '\\0';\n                }\n                if (LogonUserA(\n                            username,\n                            domain,\n                            password,\n                            LOGON32_LOGON_NETWORK,\n                            LOGON32_PROVIDER_DEFAULT,\n                            &hUser) != 0)\n                {\n                    printLine(\"User logged in successfully.\");\n                    CloseHandle(hUser);\n                }\n                else\n                {\n                    printLine(\"Unable to login.\");\n                }\n            }\n        }\n    }\n    if(StaticValue==611)\n    {\n        int socketDescriptor;\n        int connectionStatus = 0;\n        char networkBuffer[256];\n        for (socketDescriptor = 0; socketDescriptor < 5; socketDescriptor++) {\n            if (connectionStatus == 0) {\n                networkBuffer[socketDescriptor] = 'A';\n            } else {\n                networkBuffer[socketDescriptor] = '0';\n            }\n        }\n        printLine(\"Successful! Problem Resolved!\");\n    }\n    if (StaticValue==697)\n    {\n        {\n            {\n                char * password = (char *)ALLOCA(100*sizeof(char));\n                size_t passwordLen = 0;\n                HANDLE hUser;\n                char * username = \"User\";\n                char * domain = \"Domain\";\n                password[0] = '\\0';\n                if (fgets(password, 100, stdin) == NULL)\n                {\n                    printLine(\"fgets() failed\");\n                    password[0] = '\\0';\n                }\n                passwordLen = strlen(password);\n                if (passwordLen > 0)\n                {\n                    password[passwordLen-1] = '\\0';\n                }\n                if (LogonUserA(\n                            username,\n                            domain,\n                            password,\n                            LOGON32_LOGON_NETWORK,\n                            LOGON32_PROVIDER_DEFAULT,\n                            &hUser) != 0)\n                {\n                    printLine(\"User logged in successfully.\");\n                    CloseHandle(hUser);\n                }\n                else\n                {\n                    printLine(\"Unable to login.\");\n                }\n                passwordLen = strlen(password);\n                SecureZeroMemory(password, passwordLen * sizeof(char));\n            }\n        }\n    }\n    if (StaticValue==600)\n    {\n        {\n            {\n                char * password = (char *)ALLOCA(100*sizeof(char));\n                size_t passwordLen = 0;\n                HANDLE hUser;\n                char * username = \"User\";\n                char * domain = \"Domain\";\n                password[0] = '\\0';\n                if (fgets(password, 100, stdin) == NULL)\n                {\n                    printLine(\"fgets() failed\");\n                    password[0] = '\\0';\n                }\n                passwordLen = strlen(password);\n                if (passwordLen > 0)\n                {\n                    password[passwordLen-1] = '\\0';\n                }\n                if (LogonUserA(\n                            username,\n                            domain,\n                            password,\n                            LOGON32_LOGON_NETWORK,\n                            LOGON32_PROVIDER_DEFAULT,\n                            &hUser) != 0)\n                {\n                    printLine(\"User logged in successfully.\");\n                    CloseHandle(hUser);\n                }\n                else\n                {\n                    printLine(\"Unable to login.\");\n                }\n                if (StaticValue==768)\n                {\n                    passwordLen = strlen(password);\n                    SecureZeroMemory(password, passwordLen * sizeof(char));\n                }\n                if (StaticValue==600)\n                {\n                    passwordLen = strlen(password);\n                    SecureZeroMemory(password, passwordLen * sizeof(char));\n                }\n            }\n        }\n    }\n}\n",
        "CWE_ID": "CWE226",
        "question": "Question: What happens if we replace the following original code snippet with the proposed variants? Will the vulnerability CWE226 be triggered, and how does it affect the functionality of the code?",
        "choices": {
            "A": "No, Function Preserved: The vulnerability CWE226 will not be triggered, and the original functionality is fully preserved.",
            "B": "No, Function Impaired: The vulnerability CWE226 will not be triggered, but the functionality of the original code is impaired.",
            "C": "Yes: The vulnerability CWE226 will still be triggered.",
            "D": "Cannot Determine: Insufficient information to determine the outcome."
        },
        "answer": "B",
        "distance": "inner_outer_0"
    },
    {
        "case_id": "CWE226_Sensitive_Information_Uncleared_Before_Release__w32_char_alloca_01_bad",
        "org_code": "Original Code Snippet:\nvoid Sample_Func()\n{\n    {\n        char * password = (char *)ALLOCA(100*sizeof(char));\n        size_t passwordLen = 0;\n        HANDLE hUser;\n        char * username = \"User\";\n        char * domain = \"Domain\";\n        password[0] = '\\0';\n        if (fgets(password, 100, stdin) == NULL)\n        {\n            printLine(\"fgets() failed\");\n            password[0] = '\\0';\n        }\n        passwordLen = strlen(password);\n        if (passwordLen > 0)\n        {\n            password[passwordLen-1] = '\\0';\n        }\n        if (LogonUserA(\n                    username,\n                    domain,\n                    password,\n                    LOGON32_LOGON_NETWORK,\n                    LOGON32_PROVIDER_DEFAULT,\n                    &hUser) != 0)\n        {\n            printLine(\"User logged in successfully.\");\n            CloseHandle(hUser);\n        }\n        else\n        {\n            printLine(\"Unable to login.\");\n        }\n    }\n}\n",
        "new_code": "Code Snippet Variant:\nstatic int StaticValue = 612;\nvoid Sample_Func()\n{\n    if (StaticValue==503)\n    {\n        {\n            {\n                char * password = (char *)ALLOCA(100*sizeof(char));\n                size_t passwordLen = 0;\n                HANDLE hUser;\n                char * username = \"User\";\n                char * domain = \"Domain\";\n                password[0] = '\\0';\n                if(600==600)\n                {\n                    if (fgets(password, 100, stdin) == NULL)\n                    {\n                        printLine(\"fgets() failed\");\n                        password[0] = '\\0';\n                    }\n                }\n                passwordLen = strlen(password);\n                if (passwordLen > 0)\n                {\n                    password[passwordLen-1] = '\\0';\n                }\n                if (LogonUserA(\n                            username,\n                            domain,\n                            password,\n                            LOGON32_LOGON_NETWORK,\n                            LOGON32_PROVIDER_DEFAULT,\n                            &hUser) != 0)\n                {\n                    printLine(\"User logged in successfully.\");\n                    CloseHandle(hUser);\n                }\n                else\n                {\n                    if(StaticValue==600)\n                    {\n                        printLine(\"Unable to login.\");\n                    }\n                }\n            }\n        }\n    }\n    if (StaticValue==697)\n    {\n        int DogCat;\n        {\n            {\n                char * password = (char *)ALLOCA(100*sizeof(char));\n                size_t passwordLen = 0;\n                HANDLE hUser;\n                char * username = \"User\";\n                char * domain = \"Domain\";\n                password[0] = '\\0';\n                if (fgets(password, 100, stdin) == NULL)\n                {\n                    printLine(\"fgets() failed\");\n                    password[0] = '\\0';\n                }\n                passwordLen = strlen(password);\n                if(StaticValue==600)\n                {\n                    if (passwordLen > 0)\n                    {\n                        password[passwordLen-1] = '\\0';\n                    }\n                }\n                if (LogonUserA(\n                            username,\n                            domain,\n                            password,\n                            LOGON32_LOGON_NETWORK,\n                            LOGON32_PROVIDER_DEFAULT,\n                            &hUser) != 0)\n                {\n                    printLine(\"User logged in successfully.\");\n                    CloseHandle(hUser);\n                }\n                else\n                {\n                    printLine(\"Unable to login.\");\n                }\n                for(DogCat = 0; DogCat < 1; DogCat++)\n                {\n                    passwordLen = strlen(password);\n                }\n                SecureZeroMemory(password, passwordLen * sizeof(char));\n            }\n        }\n    }\n    if (StaticValue==600)\n    {\n        {\n            {\n                char * password = (char *)ALLOCA(100*sizeof(char));\n                size_t passwordLen = 0;\n                HANDLE hUser;\n                char * username = \"User\";\n                char * domain = \"Domain\";\n                password[0] = '\\0';\n                if(StaticValue==600)\n                {\n                    if (fgets(password, 100, stdin) == NULL)\n                    {\n                        printLine(\"fgets() failed\");\n                        password[0] = '\\0';\n                    }\n                }\n                passwordLen = strlen(password);\n                if (passwordLen > 0)\n                {\n                    password[passwordLen-1] = '\\0';\n                }\n                if (LogonUserA(\n                            username,\n                            domain,\n                            password,\n                            LOGON32_LOGON_NETWORK,\n                            LOGON32_PROVIDER_DEFAULT,\n                            &hUser) != 0)\n                {\n                    printLine(\"User logged in successfully.\");\n                    CloseHandle(hUser);\n                }\n                else\n                {\n                    if(600==600)\n                    {\n                        printLine(\"Unable to login.\");\n                    }\n                }\n                if (StaticValue==768)\n                {\n                    passwordLen = strlen(password);\n                    SecureZeroMemory(password, passwordLen * sizeof(char));\n                }\n                if (StaticValue==600)\n                {\n                    passwordLen = strlen(password);\n                    SecureZeroMemory(password, passwordLen * sizeof(char));\n                }\n            }\n        }\n    }\n    if(StaticValue==612)\n    {\n        int socketDescriptor;\n        int connectionStatus = 0;\n        char networkBuffer[256];\n        for (socketDescriptor = 0; socketDescriptor < 5; socketDescriptor++) {\n            if (connectionStatus == 0) {\n                networkBuffer[socketDescriptor] = 'A';\n            } else {\n                networkBuffer[socketDescriptor] = '0';\n            }\n        }\n        printLine(\"Successful! Problem Resolved!\");\n    }\n}\n",
        "CWE_ID": "CWE226",
        "question": "Question: What happens if we replace the following original code snippet with the proposed variants? Will the vulnerability CWE226 be triggered, and how does it affect the functionality of the code?",
        "choices": {
            "A": "No, Function Preserved: The vulnerability CWE226 will not be triggered, and the original functionality is fully preserved.",
            "B": "No, Function Impaired: The vulnerability CWE226 will not be triggered, but the functionality of the original code is impaired.",
            "C": "Yes: The vulnerability CWE226 will still be triggered.",
            "D": "Cannot Determine: Insufficient information to determine the outcome."
        },
        "answer": "B",
        "distance": "inner_outer_variant_0"
    },
    {
        "case_id": "CWE226_Sensitive_Information_Uncleared_Before_Release__w32_char_alloca_01_bad",
        "org_code": "Original Code Snippet:\nvoid Sample_Func()\n{\n    {\n        char * password = (char *)ALLOCA(100*sizeof(char));\n        size_t passwordLen = 0;\n        HANDLE hUser;\n        char * username = \"User\";\n        char * domain = \"Domain\";\n        password[0] = '\\0';\n        if (fgets(password, 100, stdin) == NULL)\n        {\n            printLine(\"fgets() failed\");\n            password[0] = '\\0';\n        }\n        passwordLen = strlen(password);\n        if (passwordLen > 0)\n        {\n            password[passwordLen-1] = '\\0';\n        }\n        if (LogonUserA(\n                    username,\n                    domain,\n                    password,\n                    LOGON32_LOGON_NETWORK,\n                    LOGON32_PROVIDER_DEFAULT,\n                    &hUser) != 0)\n        {\n            printLine(\"User logged in successfully.\");\n            CloseHandle(hUser);\n        }\n        else\n        {\n            printLine(\"Unable to login.\");\n        }\n    }\n}\n",
        "new_code": "Code Snippet Variant:\nstatic int StaticValue = 615;\nvoid Sample_Func()\n{\n    if (StaticValue==503)\n    {\n        {\n            {\n                char * password = (char *)ALLOCA(100*sizeof(char));\n                size_t passwordLen = 0;\n                HANDLE hUser;\n                char * username = \"User\";\n                char * domain = \"Domain\";\n                password[0] = '\\0';\n                if (fgets(password, 100, stdin) == NULL)\n                {\n                    printLine(\"fgets() failed\");\n                    password[0] = '\\0';\n                }\n                passwordLen = strlen(password);\n                if (passwordLen > 0)\n                {\n                    password[passwordLen-1] = '\\0';\n                }\n                if (LogonUserA(\n                            username,\n                            domain,\n                            password,\n                            LOGON32_LOGON_NETWORK,\n                            LOGON32_PROVIDER_DEFAULT,\n                            &hUser) != 0)\n                {\n                    printLine(\"User logged in successfully.\");\n                    CloseHandle(hUser);\n                }\n                else\n                {\n                    printLine(\"Unable to login.\");\n                }\n            }\n        }\n    }\n    if (StaticValue==697)\n    {\n        {\n            {\n                char * password = (char *)ALLOCA(100*sizeof(char));\n                size_t passwordLen = 0;\n                HANDLE hUser;\n                char * username = \"User\";\n                char * domain = \"Domain\";\n                password[0] = '\\0';\n                if (fgets(password, 100, stdin) == NULL)\n                {\n                    printLine(\"fgets() failed\");\n                    password[0] = '\\0';\n                }\n                passwordLen = strlen(password);\n                if (passwordLen > 0)\n                {\n                    password[passwordLen-1] = '\\0';\n                }\n                if (LogonUserA(\n                            username,\n                            domain,\n                            password,\n                            LOGON32_LOGON_NETWORK,\n                            LOGON32_PROVIDER_DEFAULT,\n                            &hUser) != 0)\n                {\n                    printLine(\"User logged in successfully.\");\n                    CloseHandle(hUser);\n                }\n                else\n                {\n                    printLine(\"Unable to login.\");\n                }\n                passwordLen = strlen(password);\n                SecureZeroMemory(password, passwordLen * sizeof(char));\n            }\n        }\n    }\n    if(StaticValue==615)\n    {\n        int socketDescriptor;\n        int connectionStatus = 0;\n        char networkBuffer[256];\n        for (socketDescriptor = 0; socketDescriptor < 5; socketDescriptor++) {\n            if (connectionStatus == 0) {\n                networkBuffer[socketDescriptor] = 'A';\n            } else {\n                networkBuffer[socketDescriptor] = '0';\n            }\n        }\n        printLine(\"Successful! Problem Resolved!\");\n    }\n    if (StaticValue==600)\n    {\n        {\n            {\n                char * password = (char *)ALLOCA(100*sizeof(char));\n                size_t passwordLen = 0;\n                HANDLE hUser;\n                char * username = \"User\";\n                char * domain = \"Domain\";\n                password[0] = '\\0';\n                if (fgets(password, 100, stdin) == NULL)\n                {\n                    printLine(\"fgets() failed\");\n                    password[0] = '\\0';\n                }\n                passwordLen = strlen(password);\n                if (passwordLen > 0)\n                {\n                    password[passwordLen-1] = '\\0';\n                }\n                if (LogonUserA(\n                            username,\n                            domain,\n                            password,\n                            LOGON32_LOGON_NETWORK,\n                            LOGON32_PROVIDER_DEFAULT,\n                            &hUser) != 0)\n                {\n                    printLine(\"User logged in successfully.\");\n                    CloseHandle(hUser);\n                }\n                else\n                {\n                    printLine(\"Unable to login.\");\n                }\n                passwordLen = strlen(password);\n                SecureZeroMemory(password, passwordLen * sizeof(char));\n            }\n        }\n    }\n}\n",
        "CWE_ID": "CWE226",
        "question": "Question: What happens if we replace the following original code snippet with the proposed variants? Will the vulnerability CWE226 be triggered, and how does it affect the functionality of the code?",
        "choices": {
            "A": "No, Function Preserved: The vulnerability CWE226 will not be triggered, and the original functionality is fully preserved.",
            "B": "No, Function Impaired: The vulnerability CWE226 will not be triggered, but the functionality of the original code is impaired.",
            "C": "Yes: The vulnerability CWE226 will still be triggered.",
            "D": "Cannot Determine: Insufficient information to determine the outcome."
        },
        "answer": "B",
        "distance": "outer"
    },
    {
        "case_id": "CWE226_Sensitive_Information_Uncleared_Before_Release__w32_char_alloca_01_bad",
        "org_code": "Original Code Snippet:\nvoid Sample_Func()\n{\n    {\n        char * password = (char *)ALLOCA(100*sizeof(char));\n        size_t passwordLen = 0;\n        HANDLE hUser;\n        char * username = \"User\";\n        char * domain = \"Domain\";\n        password[0] = '\\0';\n        if (fgets(password, 100, stdin) == NULL)\n        {\n            printLine(\"fgets() failed\");\n            password[0] = '\\0';\n        }\n        passwordLen = strlen(password);\n        if (passwordLen > 0)\n        {\n            password[passwordLen-1] = '\\0';\n        }\n        if (LogonUserA(\n                    username,\n                    domain,\n                    password,\n                    LOGON32_LOGON_NETWORK,\n                    LOGON32_PROVIDER_DEFAULT,\n                    &hUser) != 0)\n        {\n            printLine(\"User logged in successfully.\");\n            CloseHandle(hUser);\n        }\n        else\n        {\n            printLine(\"Unable to login.\");\n        }\n    }\n}\n",
        "new_code": "Code Snippet Variant:\nstatic int StaticValue = 617;\nvoid Sample_Func()\n{\n    if (StaticValue==503)\n    {\n        {\n            {\n                char * password = (char *)ALLOCA(100*sizeof(char));\n                size_t passwordLen = 0;\n                HANDLE hUser;\n                char * username = \"User\";\n                char * domain = \"Domain\";\n                password[0] = '\\0';\n                if (fgets(password, 100, stdin) == NULL)\n                {\n                    printLine(\"fgets() failed\");\n                    password[0] = '\\0';\n                }\n                if(600==600)\n                {\n                    passwordLen = strlen(password);\n                }\n                if(StaticValue==600)\n                {\n                    if (passwordLen > 0)\n                    {\n                        password[passwordLen-1] = '\\0';\n                    }\n                }\n                if (LogonUserA(\n                            username,\n                            domain,\n                            password,\n                            LOGON32_LOGON_NETWORK,\n                            LOGON32_PROVIDER_DEFAULT,\n                            &hUser) != 0)\n                {\n                    printLine(\"User logged in successfully.\");\n                    CloseHandle(hUser);\n                }\n                else\n                {\n                    printLine(\"Unable to login.\");\n                }\n            }\n        }\n    }\n    if (StaticValue==697)\n    {\n        {\n            {\n                char * password = (char *)ALLOCA(100*sizeof(char));\n                size_t passwordLen = 0;\n                HANDLE hUser;\n                char * username = \"User\";\n                char * domain = \"Domain\";\n                password[0] = '\\0';\n                if (fgets(password, 100, stdin) == NULL)\n                {\n                    printLine(\"fgets() failed\");\n                    password[0] = '\\0';\n                }\n                passwordLen = strlen(password);\n                if(600==600)\n                {\n                    if (passwordLen > 0)\n                    {\n                        password[passwordLen-1] = '\\0';\n                    }\n                }\n                if (LogonUserA(\n                            username,\n                            domain,\n                            password,\n                            LOGON32_LOGON_NETWORK,\n                            LOGON32_PROVIDER_DEFAULT,\n                            &hUser) != 0)\n                {\n                    printLine(\"User logged in successfully.\");\n                    CloseHandle(hUser);\n                }\n                else\n                {\n                    printLine(\"Unable to login.\");\n                }\n                if(1)\n                {\n                    passwordLen = strlen(password);\n                }\n                SecureZeroMemory(password, passwordLen * sizeof(char));\n            }\n        }\n    }\n    if(StaticValue==617)\n    {\n        int socketDescriptor;\n        int connectionStatus = 0;\n        char networkBuffer[256];\n        for (socketDescriptor = 0; socketDescriptor < 5; socketDescriptor++) {\n            if (connectionStatus == 0) {\n                networkBuffer[socketDescriptor] = 'A';\n            } else {\n                networkBuffer[socketDescriptor] = '0';\n            }\n        }\n        printLine(\"Successful! Problem Resolved!\");\n    }\n    if (StaticValue==600)\n    {\n        int DogCat;\n        {\n            {\n                char * password = (char *)ALLOCA(100*sizeof(char));\n                size_t passwordLen = 0;\n                HANDLE hUser;\n                char * username = \"User\";\n                char * domain = \"Domain\";\n                password[0] = '\\0';\n                if (fgets(password, 100, stdin) == NULL)\n                {\n                    printLine(\"fgets() failed\");\n                    password[0] = '\\0';\n                }\n                passwordLen = strlen(password);\n                for(DogCat = 0; DogCat < 1; DogCat++)\n                {\n                    if (passwordLen > 0)\n                    {\n                        password[passwordLen-1] = '\\0';\n                    }\n                }\n                if (LogonUserA(\n                            username,\n                            domain,\n                            password,\n                            LOGON32_LOGON_NETWORK,\n                            LOGON32_PROVIDER_DEFAULT,\n                            &hUser) != 0)\n                {\n                    printLine(\"User logged in successfully.\");\n                    CloseHandle(hUser);\n                }\n                else\n                {\n                    if(1)\n                    {\n                        printLine(\"Unable to login.\");\n                    }\n                }\n                passwordLen = strlen(password);\n                SecureZeroMemory(password, passwordLen * sizeof(char));\n            }\n        }\n    }\n}\n",
        "CWE_ID": "CWE226",
        "question": "Question: What happens if we replace the following original code snippet with the proposed variants? Will the vulnerability CWE226 be triggered, and how does it affect the functionality of the code?",
        "choices": {
            "A": "No, Function Preserved: The vulnerability CWE226 will not be triggered, and the original functionality is fully preserved.",
            "B": "No, Function Impaired: The vulnerability CWE226 will not be triggered, but the functionality of the original code is impaired.",
            "C": "Yes: The vulnerability CWE226 will still be triggered.",
            "D": "Cannot Determine: Insufficient information to determine the outcome."
        },
        "answer": "B",
        "distance": "outer_variant"
    },
    {
        "case_id": "CWE226_Sensitive_Information_Uncleared_Before_Release__w32_char_alloca_01_bad",
        "org_code": "Original Code Snippet:\nvoid Sample_Func()\n{\n    {\n        char * password = (char *)ALLOCA(100*sizeof(char));\n        size_t passwordLen = 0;\n        HANDLE hUser;\n        char * username = \"User\";\n        char * domain = \"Domain\";\n        password[0] = '\\0';\n        if (fgets(password, 100, stdin) == NULL)\n        {\n            printLine(\"fgets() failed\");\n            password[0] = '\\0';\n        }\n        passwordLen = strlen(password);\n        if (passwordLen > 0)\n        {\n            password[passwordLen-1] = '\\0';\n        }\n        if (LogonUserA(\n                    username,\n                    domain,\n                    password,\n                    LOGON32_LOGON_NETWORK,\n                    LOGON32_PROVIDER_DEFAULT,\n                    &hUser) != 0)\n        {\n            printLine(\"User logged in successfully.\");\n            CloseHandle(hUser);\n        }\n        else\n        {\n            printLine(\"Unable to login.\");\n        }\n    }\n}\n",
        "new_code": "Code Snippet Variant:\nstatic int StaticValue = 929;\nvoid Sample_Func()\n{\n    {\n        char * password = (char *)ALLOCA(100*sizeof(char));\n        size_t passwordLen = 0;\n        HANDLE hUser;\n        char * username = \"User\";\n        char * domain = \"Domain\";\n        password[0] = '\\0';\n        if (fgets(password, 100, stdin) == NULL)\n        {\n            printLine(\"fgets() failed\");\n            password[0] = '\\0';\n        }\n        passwordLen = strlen(password);\n        if (passwordLen > 0)\n        {\n            password[passwordLen-1] = '\\0';\n        }\n        if (LogonUserA(\n                    username,\n                    domain,\n                    password,\n                    LOGON32_LOGON_NETWORK,\n                    LOGON32_PROVIDER_DEFAULT,\n                    &hUser) != 0)\n        {\n            printLine(\"User logged in successfully.\");\n            CloseHandle(hUser);\n        }\n        else\n        {\n            printLine(\"Unable to login.\");\n        }\n        if (StaticValue==730)\n        {\n            passwordLen = strlen(password);\n            SecureZeroMemory(password, passwordLen * sizeof(char));\n        }\n    }\n}\n",
        "CWE_ID": "CWE226",
        "question": "Question: What happens if we replace the following original code snippet with the proposed variants? Will the vulnerability CWE226 be triggered, and how does it affect the functionality of the code?",
        "choices": {
            "A": "No, Function Preserved: The vulnerability CWE226 will not be triggered, and the original functionality is fully preserved.",
            "B": "No, Function Impaired: The vulnerability CWE226 will not be triggered, but the functionality of the original code is impaired.",
            "C": "Yes: The vulnerability CWE226 will still be triggered.",
            "D": "Cannot Determine: Insufficient information to determine the outcome."
        },
        "answer": "C",
        "distance": "inner_0"
    },
    {
        "case_id": "CWE226_Sensitive_Information_Uncleared_Before_Release__w32_char_alloca_01_bad",
        "org_code": "Original Code Snippet:\nvoid Sample_Func()\n{\n    {\n        char * password = (char *)ALLOCA(100*sizeof(char));\n        size_t passwordLen = 0;\n        HANDLE hUser;\n        char * username = \"User\";\n        char * domain = \"Domain\";\n        password[0] = '\\0';\n        if (fgets(password, 100, stdin) == NULL)\n        {\n            printLine(\"fgets() failed\");\n            password[0] = '\\0';\n        }\n        passwordLen = strlen(password);\n        if (passwordLen > 0)\n        {\n            password[passwordLen-1] = '\\0';\n        }\n        if (LogonUserA(\n                    username,\n                    domain,\n                    password,\n                    LOGON32_LOGON_NETWORK,\n                    LOGON32_PROVIDER_DEFAULT,\n                    &hUser) != 0)\n        {\n            printLine(\"User logged in successfully.\");\n            CloseHandle(hUser);\n        }\n        else\n        {\n            printLine(\"Unable to login.\");\n        }\n    }\n}\n",
        "new_code": "Code Snippet Variant:\nstatic int StaticValue = 929;\nvoid Sample_Func()\n{\n    if (StaticValue==929)\n    {\n        {\n            {\n                char * password = (char *)ALLOCA(100*sizeof(char));\n                size_t passwordLen = 0;\n                HANDLE hUser;\n                char * username = \"User\";\n                char * domain = \"Domain\";\n                password[0] = '\\0';\n                if (fgets(password, 100, stdin) == NULL)\n                {\n                    printLine(\"fgets() failed\");\n                    password[0] = '\\0';\n                }\n                passwordLen = strlen(password);\n                if (passwordLen > 0)\n                {\n                    password[passwordLen-1] = '\\0';\n                }\n                if (LogonUserA(\n                            username,\n                            domain,\n                            password,\n                            LOGON32_LOGON_NETWORK,\n                            LOGON32_PROVIDER_DEFAULT,\n                            &hUser) != 0)\n                {\n                    printLine(\"User logged in successfully.\");\n                    CloseHandle(hUser);\n                }\n                else\n                {\n                    printLine(\"Unable to login.\");\n                }\n                if (StaticValue==730)\n                {\n                    passwordLen = strlen(password);\n                    SecureZeroMemory(password, passwordLen * sizeof(char));\n                }\n            }\n        }\n    }\n    if (StaticValue==1008)\n    {\n        {\n            {\n                char * password = (char *)ALLOCA(100*sizeof(char));\n                size_t passwordLen = 0;\n                HANDLE hUser;\n                char * username = \"User\";\n                char * domain = \"Domain\";\n                password[0] = '\\0';\n                if (fgets(password, 100, stdin) == NULL)\n                {\n                    printLine(\"fgets() failed\");\n                    password[0] = '\\0';\n                }\n                passwordLen = strlen(password);\n                if (passwordLen > 0)\n                {\n                    password[passwordLen-1] = '\\0';\n                }\n                if (LogonUserA(\n                            username,\n                            domain,\n                            password,\n                            LOGON32_LOGON_NETWORK,\n                            LOGON32_PROVIDER_DEFAULT,\n                            &hUser) != 0)\n                {\n                    printLine(\"User logged in successfully.\");\n                    CloseHandle(hUser);\n                }\n                else\n                {\n                    printLine(\"Unable to login.\");\n                }\n            }\n        }\n    }\n    if (StaticValue==850)\n    {\n        {\n            {\n                char * password = (char *)ALLOCA(100*sizeof(char));\n                size_t passwordLen = 0;\n                HANDLE hUser;\n                char * username = \"User\";\n                char * domain = \"Domain\";\n                password[0] = '\\0';\n                if (fgets(password, 100, stdin) == NULL)\n                {\n                    printLine(\"fgets() failed\");\n                    password[0] = '\\0';\n                }\n                passwordLen = strlen(password);\n                if (passwordLen > 0)\n                {\n                    password[passwordLen-1] = '\\0';\n                }\n                if (LogonUserA(\n                            username,\n                            domain,\n                            password,\n                            LOGON32_LOGON_NETWORK,\n                            LOGON32_PROVIDER_DEFAULT,\n                            &hUser) != 0)\n                {\n                    printLine(\"User logged in successfully.\");\n                    CloseHandle(hUser);\n                }\n                else\n                {\n                    printLine(\"Unable to login.\");\n                }\n                passwordLen = strlen(password);\n                SecureZeroMemory(password, passwordLen * sizeof(char));\n            }\n        }\n    }\n}\n",
        "CWE_ID": "CWE226",
        "question": "Question: What happens if we replace the following original code snippet with the proposed variants? Will the vulnerability CWE226 be triggered, and how does it affect the functionality of the code?",
        "choices": {
            "A": "No, Function Preserved: The vulnerability CWE226 will not be triggered, and the original functionality is fully preserved.",
            "B": "No, Function Impaired: The vulnerability CWE226 will not be triggered, but the functionality of the original code is impaired.",
            "C": "Yes: The vulnerability CWE226 will still be triggered.",
            "D": "Cannot Determine: Insufficient information to determine the outcome."
        },
        "answer": "C",
        "distance": "inner_outer_0"
    },
    {
        "case_id": "CWE226_Sensitive_Information_Uncleared_Before_Release__w32_char_alloca_01_bad",
        "org_code": "Original Code Snippet:\nvoid Sample_Func()\n{\n    {\n        char * password = (char *)ALLOCA(100*sizeof(char));\n        size_t passwordLen = 0;\n        HANDLE hUser;\n        char * username = \"User\";\n        char * domain = \"Domain\";\n        password[0] = '\\0';\n        if (fgets(password, 100, stdin) == NULL)\n        {\n            printLine(\"fgets() failed\");\n            password[0] = '\\0';\n        }\n        passwordLen = strlen(password);\n        if (passwordLen > 0)\n        {\n            password[passwordLen-1] = '\\0';\n        }\n        if (LogonUserA(\n                    username,\n                    domain,\n                    password,\n                    LOGON32_LOGON_NETWORK,\n                    LOGON32_PROVIDER_DEFAULT,\n                    &hUser) != 0)\n        {\n            printLine(\"User logged in successfully.\");\n            CloseHandle(hUser);\n        }\n        else\n        {\n            printLine(\"Unable to login.\");\n        }\n    }\n}\n",
        "new_code": "Code Snippet Variant:\nstatic int StaticValue = 929;\nvoid Sample_Func()\n{\n    if (StaticValue==929)\n    {\n        int DogCat;\n        {\n            {\n                char * password = (char *)ALLOCA(100*sizeof(char));\n                size_t passwordLen = 0;\n                HANDLE hUser;\n                char * username = \"User\";\n                char * domain = \"Domain\";\n                password[0] = '\\0';\n                for(DogCat = 0; DogCat < 1; DogCat++)\n                {\n                    if (fgets(password, 100, stdin) == NULL)\n                    {\n                        printLine(\"fgets() failed\");\n                        password[0] = '\\0';\n                    }\n                }\n                passwordLen = strlen(password);\n                if (passwordLen > 0)\n                {\n                    password[passwordLen-1] = '\\0';\n                }\n                if(1)\n                {\n                    if (LogonUserA(\n                                username,\n                                domain,\n                                password,\n                                LOGON32_LOGON_NETWORK,\n                                LOGON32_PROVIDER_DEFAULT,\n                                &hUser) != 0)\n                    {\n                        printLine(\"User logged in successfully.\");\n                        CloseHandle(hUser);\n                    }\n                    else\n                    {\n                        printLine(\"Unable to login.\");\n                    }\n                }\n                if (StaticValue==730)\n                {\n                    passwordLen = strlen(password);\n                    SecureZeroMemory(password, passwordLen * sizeof(char));\n                }\n            }\n        }\n    }\n    if (StaticValue==1008)\n    {\n        int DogCat;\n        {\n            {\n                char * password = (char *)ALLOCA(100*sizeof(char));\n                size_t passwordLen = 0;\n                HANDLE hUser;\n                char * username = \"User\";\n                char * domain = \"Domain\";\n                password[0] = '\\0';\n                if(StaticValue==929)\n                {\n                    if (fgets(password, 100, stdin) == NULL)\n                    {\n                        printLine(\"fgets() failed\");\n                        password[0] = '\\0';\n                    }\n                }\n                passwordLen = strlen(password);\n                if (passwordLen > 0)\n                {\n                    password[passwordLen-1] = '\\0';\n                }\n                if (LogonUserA(\n                            username,\n                            domain,\n                            password,\n                            LOGON32_LOGON_NETWORK,\n                            LOGON32_PROVIDER_DEFAULT,\n                            &hUser) != 0)\n                {\n                    printLine(\"User logged in successfully.\");\n                    CloseHandle(hUser);\n                }\n                else\n                {\n                    for(DogCat = 0; DogCat < 1; DogCat++)\n                    {\n                        printLine(\"Unable to login.\");\n                    }\n                }\n            }\n        }\n    }\n    if (StaticValue==850)\n    {\n        {\n            {\n                char * password = (char *)ALLOCA(100*sizeof(char));\n                size_t passwordLen = 0;\n                HANDLE hUser;\n                char * username = \"User\";\n                char * domain = \"Domain\";\n                password[0] = '\\0';\n                if (fgets(password, 100, stdin) == NULL)\n                {\n                    printLine(\"fgets() failed\");\n                    password[0] = '\\0';\n                }\n                passwordLen = strlen(password);\n                if(929==929)\n                {\n                    if (passwordLen > 0)\n                    {\n                        password[passwordLen-1] = '\\0';\n                    }\n                }\n                if (LogonUserA(\n                            username,\n                            domain,\n                            password,\n                            LOGON32_LOGON_NETWORK,\n                            LOGON32_PROVIDER_DEFAULT,\n                            &hUser) != 0)\n                {\n                    printLine(\"User logged in successfully.\");\n                    CloseHandle(hUser);\n                }\n                else\n                {\n                    if(1)\n                    {\n                        printLine(\"Unable to login.\");\n                    }\n                }\n                passwordLen = strlen(password);\n                SecureZeroMemory(password, passwordLen * sizeof(char));\n            }\n        }\n    }\n}\n",
        "CWE_ID": "CWE226",
        "question": "Question: What happens if we replace the following original code snippet with the proposed variants? Will the vulnerability CWE226 be triggered, and how does it affect the functionality of the code?",
        "choices": {
            "A": "No, Function Preserved: The vulnerability CWE226 will not be triggered, and the original functionality is fully preserved.",
            "B": "No, Function Impaired: The vulnerability CWE226 will not be triggered, but the functionality of the original code is impaired.",
            "C": "Yes: The vulnerability CWE226 will still be triggered.",
            "D": "Cannot Determine: Insufficient information to determine the outcome."
        },
        "answer": "C",
        "distance": "inner_outer_variant_0"
    },
    {
        "case_id": "CWE226_Sensitive_Information_Uncleared_Before_Release__w32_char_alloca_01_bad",
        "org_code": "Original Code Snippet:\nvoid Sample_Func()\n{\n    {\n        char * password = (char *)ALLOCA(100*sizeof(char));\n        size_t passwordLen = 0;\n        HANDLE hUser;\n        char * username = \"User\";\n        char * domain = \"Domain\";\n        password[0] = '\\0';\n        if (fgets(password, 100, stdin) == NULL)\n        {\n            printLine(\"fgets() failed\");\n            password[0] = '\\0';\n        }\n        passwordLen = strlen(password);\n        if (passwordLen > 0)\n        {\n            password[passwordLen-1] = '\\0';\n        }\n        if (LogonUserA(\n                    username,\n                    domain,\n                    password,\n                    LOGON32_LOGON_NETWORK,\n                    LOGON32_PROVIDER_DEFAULT,\n                    &hUser) != 0)\n        {\n            printLine(\"User logged in successfully.\");\n            CloseHandle(hUser);\n        }\n        else\n        {\n            printLine(\"Unable to login.\");\n        }\n    }\n}\n",
        "new_code": "Code Snippet Variant:\nstatic int StaticValue = 929;\nvoid Sample_Func()\n{\n    int DogCat;\n    {\n        char * password = (char *)ALLOCA(100*sizeof(char));\n        size_t passwordLen = 0;\n        HANDLE hUser;\n        char * username = \"User\";\n        char * domain = \"Domain\";\n        password[0] = '\\0';\n        if (fgets(password, 100, stdin) == NULL)\n        {\n            printLine(\"fgets() failed\");\n            password[0] = '\\0';\n        }\n        for(DogCat = 0; DogCat < 1; DogCat++)\n        {\n            passwordLen = strlen(password);\n        }\n        if (passwordLen > 0)\n        {\n            password[passwordLen-1] = '\\0';\n        }\n        if (LogonUserA(\n                    username,\n                    domain,\n                    password,\n                    LOGON32_LOGON_NETWORK,\n                    LOGON32_PROVIDER_DEFAULT,\n                    &hUser) != 0)\n        {\n            printLine(\"User logged in successfully.\");\n            CloseHandle(hUser);\n        }\n        else\n        {\n            if(929==929)\n            {\n                printLine(\"Unable to login.\");\n            }\n        }\n        if (StaticValue==730)\n        {\n            passwordLen = strlen(password);\n            SecureZeroMemory(password, passwordLen * sizeof(char));\n        }\n    }\n}\n",
        "CWE_ID": "CWE226",
        "question": "Question: What happens if we replace the following original code snippet with the proposed variants? Will the vulnerability CWE226 be triggered, and how does it affect the functionality of the code?",
        "choices": {
            "A": "No, Function Preserved: The vulnerability CWE226 will not be triggered, and the original functionality is fully preserved.",
            "B": "No, Function Impaired: The vulnerability CWE226 will not be triggered, but the functionality of the original code is impaired.",
            "C": "Yes: The vulnerability CWE226 will still be triggered.",
            "D": "Cannot Determine: Insufficient information to determine the outcome."
        },
        "answer": "C",
        "distance": "inner_variant_0"
    },
    {
        "case_id": "CWE226_Sensitive_Information_Uncleared_Before_Release__w32_char_alloca_01_bad",
        "org_code": "Original Code Snippet:\nvoid Sample_Func()\n{\n    {\n        char * password = (char *)ALLOCA(100*sizeof(char));\n        size_t passwordLen = 0;\n        HANDLE hUser;\n        char * username = \"User\";\n        char * domain = \"Domain\";\n        password[0] = '\\0';\n        if (fgets(password, 100, stdin) == NULL)\n        {\n            printLine(\"fgets() failed\");\n            password[0] = '\\0';\n        }\n        passwordLen = strlen(password);\n        if (passwordLen > 0)\n        {\n            password[passwordLen-1] = '\\0';\n        }\n        if (LogonUserA(\n                    username,\n                    domain,\n                    password,\n                    LOGON32_LOGON_NETWORK,\n                    LOGON32_PROVIDER_DEFAULT,\n                    &hUser) != 0)\n        {\n            printLine(\"User logged in successfully.\");\n            CloseHandle(hUser);\n        }\n        else\n        {\n            printLine(\"Unable to login.\");\n        }\n    }\n}\n",
        "new_code": "Code Snippet Variant:\nstatic int StaticValue = 929;\nvoid Sample_Func()\n{\n    if (StaticValue==929)\n    {\n        {\n            {\n                char * password = (char *)ALLOCA(100*sizeof(char));\n                size_t passwordLen = 0;\n                HANDLE hUser;\n                char * username = \"User\";\n                char * domain = \"Domain\";\n                password[0] = '\\0';\n                if (fgets(password, 100, stdin) == NULL)\n                {\n                    printLine(\"fgets() failed\");\n                    password[0] = '\\0';\n                }\n                passwordLen = strlen(password);\n                if (passwordLen > 0)\n                {\n                    password[passwordLen-1] = '\\0';\n                }\n                if (LogonUserA(\n                            username,\n                            domain,\n                            password,\n                            LOGON32_LOGON_NETWORK,\n                            LOGON32_PROVIDER_DEFAULT,\n                            &hUser) != 0)\n                {\n                    printLine(\"User logged in successfully.\");\n                    CloseHandle(hUser);\n                }\n                else\n                {\n                    printLine(\"Unable to login.\");\n                }\n            }\n        }\n    }\n    if (StaticValue==1008)\n    {\n        {\n            {\n                char * password = (char *)ALLOCA(100*sizeof(char));\n                size_t passwordLen = 0;\n                HANDLE hUser;\n                char * username = \"User\";\n                char * domain = \"Domain\";\n                password[0] = '\\0';\n                if (fgets(password, 100, stdin) == NULL)\n                {\n                    printLine(\"fgets() failed\");\n                    password[0] = '\\0';\n                }\n                passwordLen = strlen(password);\n                if (passwordLen > 0)\n                {\n                    password[passwordLen-1] = '\\0';\n                }\n                if (LogonUserA(\n                            username,\n                            domain,\n                            password,\n                            LOGON32_LOGON_NETWORK,\n                            LOGON32_PROVIDER_DEFAULT,\n                            &hUser) != 0)\n                {\n                    printLine(\"User logged in successfully.\");\n                    CloseHandle(hUser);\n                }\n                else\n                {\n                    printLine(\"Unable to login.\");\n                }\n            }\n        }\n    }\n    if (StaticValue==850)\n    {\n        {\n            {\n                char * password = (char *)ALLOCA(100*sizeof(char));\n                size_t passwordLen = 0;\n                HANDLE hUser;\n                char * username = \"User\";\n                char * domain = \"Domain\";\n                password[0] = '\\0';\n                if (fgets(password, 100, stdin) == NULL)\n                {\n                    printLine(\"fgets() failed\");\n                    password[0] = '\\0';\n                }\n                passwordLen = strlen(password);\n                if (passwordLen > 0)\n                {\n                    password[passwordLen-1] = '\\0';\n                }\n                if (LogonUserA(\n                            username,\n                            domain,\n                            password,\n                            LOGON32_LOGON_NETWORK,\n                            LOGON32_PROVIDER_DEFAULT,\n                            &hUser) != 0)\n                {\n                    printLine(\"User logged in successfully.\");\n                    CloseHandle(hUser);\n                }\n                else\n                {\n                    printLine(\"Unable to login.\");\n                }\n                passwordLen = strlen(password);\n                SecureZeroMemory(password, passwordLen * sizeof(char));\n            }\n        }\n    }\n}\n",
        "CWE_ID": "CWE226",
        "question": "Question: What happens if we replace the following original code snippet with the proposed variants? Will the vulnerability CWE226 be triggered, and how does it affect the functionality of the code?",
        "choices": {
            "A": "No, Function Preserved: The vulnerability CWE226 will not be triggered, and the original functionality is fully preserved.",
            "B": "No, Function Impaired: The vulnerability CWE226 will not be triggered, but the functionality of the original code is impaired.",
            "C": "Yes: The vulnerability CWE226 will still be triggered.",
            "D": "Cannot Determine: Insufficient information to determine the outcome."
        },
        "answer": "C",
        "distance": "outer"
    },
    {
        "case_id": "CWE226_Sensitive_Information_Uncleared_Before_Release__w32_char_alloca_01_bad",
        "org_code": "Original Code Snippet:\nvoid Sample_Func()\n{\n    {\n        char * password = (char *)ALLOCA(100*sizeof(char));\n        size_t passwordLen = 0;\n        HANDLE hUser;\n        char * username = \"User\";\n        char * domain = \"Domain\";\n        password[0] = '\\0';\n        if (fgets(password, 100, stdin) == NULL)\n        {\n            printLine(\"fgets() failed\");\n            password[0] = '\\0';\n        }\n        passwordLen = strlen(password);\n        if (passwordLen > 0)\n        {\n            password[passwordLen-1] = '\\0';\n        }\n        if (LogonUserA(\n                    username,\n                    domain,\n                    password,\n                    LOGON32_LOGON_NETWORK,\n                    LOGON32_PROVIDER_DEFAULT,\n                    &hUser) != 0)\n        {\n            printLine(\"User logged in successfully.\");\n            CloseHandle(hUser);\n        }\n        else\n        {\n            printLine(\"Unable to login.\");\n        }\n    }\n}\n",
        "new_code": "Code Snippet Variant:\nstatic int StaticValue = 929;\nvoid Sample_Func()\n{\n    if (StaticValue==929)\n    {\n        {\n            {\n                char * password = (char *)ALLOCA(100*sizeof(char));\n                size_t passwordLen = 0;\n                HANDLE hUser;\n                char * username = \"User\";\n                char * domain = \"Domain\";\n                password[0] = '\\0';\n                if(StaticValue==929)\n                {\n                    if (fgets(password, 100, stdin) == NULL)\n                    {\n                        printLine(\"fgets() failed\");\n                        password[0] = '\\0';\n                    }\n                }\n                passwordLen = strlen(password);\n                if (passwordLen > 0)\n                {\n                    password[passwordLen-1] = '\\0';\n                }\n                if(1)\n                {\n                    if (LogonUserA(\n                                username,\n                                domain,\n                                password,\n                                LOGON32_LOGON_NETWORK,\n                                LOGON32_PROVIDER_DEFAULT,\n                                &hUser) != 0)\n                    {\n                        printLine(\"User logged in successfully.\");\n                        CloseHandle(hUser);\n                    }\n                    else\n                    {\n                        printLine(\"Unable to login.\");\n                    }\n                }\n            }\n        }\n    }\n    if (StaticValue==1008)\n    {\n        int DogCat;\n        {\n            {\n                char * password = (char *)ALLOCA(100*sizeof(char));\n                size_t passwordLen = 0;\n                HANDLE hUser;\n                char * username = \"User\";\n                char * domain = \"Domain\";\n                password[0] = '\\0';\n                if (fgets(password, 100, stdin) == NULL)\n                {\n                    printLine(\"fgets() failed\");\n                    password[0] = '\\0';\n                }\n                passwordLen = strlen(password);\n                for(DogCat = 0; DogCat < 1; DogCat++)\n                {\n                    if (passwordLen > 0)\n                    {\n                        password[passwordLen-1] = '\\0';\n                    }\n                }\n                if (LogonUserA(\n                            username,\n                            domain,\n                            password,\n                            LOGON32_LOGON_NETWORK,\n                            LOGON32_PROVIDER_DEFAULT,\n                            &hUser) != 0)\n                {\n                    printLine(\"User logged in successfully.\");\n                    CloseHandle(hUser);\n                }\n                else\n                {\n                    if(929==929)\n                    {\n                        printLine(\"Unable to login.\");\n                    }\n                }\n            }\n        }\n    }\n    if (StaticValue==850)\n    {\n        int DogCat;\n        {\n            {\n                char * password = (char *)ALLOCA(100*sizeof(char));\n                size_t passwordLen = 0;\n                HANDLE hUser;\n                char * username = \"User\";\n                char * domain = \"Domain\";\n                password[0] = '\\0';\n                for(DogCat = 0; DogCat < 1; DogCat++)\n                {\n                    if (fgets(password, 100, stdin) == NULL)\n                    {\n                        printLine(\"fgets() failed\");\n                        password[0] = '\\0';\n                    }\n                }\n                passwordLen = strlen(password);\n                if (passwordLen > 0)\n                {\n                    password[passwordLen-1] = '\\0';\n                }\n                if(StaticValue==929)\n                {\n                    if (LogonUserA(\n                                username,\n                                domain,\n                                password,\n                                LOGON32_LOGON_NETWORK,\n                                LOGON32_PROVIDER_DEFAULT,\n                                &hUser) != 0)\n                    {\n                        printLine(\"User logged in successfully.\");\n                        CloseHandle(hUser);\n                    }\n                    else\n                    {\n                        printLine(\"Unable to login.\");\n                    }\n                }\n                passwordLen = strlen(password);\n                SecureZeroMemory(password, passwordLen * sizeof(char));\n            }\n        }\n    }\n}\n",
        "CWE_ID": "CWE226",
        "question": "Question: What happens if we replace the following original code snippet with the proposed variants? Will the vulnerability CWE226 be triggered, and how does it affect the functionality of the code?",
        "choices": {
            "A": "No, Function Preserved: The vulnerability CWE226 will not be triggered, and the original functionality is fully preserved.",
            "B": "No, Function Impaired: The vulnerability CWE226 will not be triggered, but the functionality of the original code is impaired.",
            "C": "Yes: The vulnerability CWE226 will still be triggered.",
            "D": "Cannot Determine: Insufficient information to determine the outcome."
        },
        "answer": "C",
        "distance": "outer_variant"
    }
]