[
    {
        "case_id": "CWE114_Process_Control__w32_char_environment_01_bad",
        "org_code": "Original Code Snippet:\nvoid Sample_Func()\n{\n    char * data;\n    char dataBuffer[100] = \"\";\n    data = dataBuffer;\n    {\n        size_t dataLen = strlen(data);\n        char * environment = GETENV(ENV_VARIABLE);\n        if (environment != NULL)\n        {\n            strncat(data+dataLen, environment, 100-dataLen-1);\n        }\n    }\n    {\n        HMODULE hModule;\n        hModule = LoadLibraryA(data);\n        if (hModule != NULL)\n        {\n            FreeLibrary(hModule);\n            printLine(\"Library loaded and freed successfully\");\n        }\n        else\n        {\n            printLine(\"Unable to load library\");\n        }\n    }\n}\n",
        "new_code": "Code Snippet Variant:\nstatic int StaticValue = 938;\nvoid Sample_Func()\n{\n    char * data;\n    char dataBuffer[100] = \"\";\n    data = dataBuffer;\n    if (StaticValue==1116)\n    {\n        strcpy(data, \"C:\\\\Windows\\\\System32\\\\winsrv.dll\");\n    }\n    if (StaticValue==938)\n    {\n        strcpy(data, \"C:\\\\Windows\\\\System32\\\\winsrv.dll\");\n    }\n    if (StaticValue==760)\n    {\n        {\n            size_t dataLen = strlen(data);\n            char * environment = GETENV(ENV_VARIABLE);\n            if (environment != NULL)\n            {\n                strncat(data+dataLen, environment, 100-dataLen-1);\n            }\n        }\n    }\n    {\n        HMODULE hModule;\n        hModule = LoadLibraryA(data);\n        if (hModule != NULL)\n        {\n            FreeLibrary(hModule);\n            printLine(\"Library loaded and freed successfully\");\n        }\n        else\n        {\n            printLine(\"Unable to load library\");\n        }\n    }\n}\n",
        "CWE_ID": "CWE114",
        "question": "Question: What happens if we replace the following original code snippet with the proposed variants? Will the vulnerability CWE114 be triggered, and how does it affect the functionality of the code?",
        "choices": {
            "A": "No, Function Preserved: The vulnerability CWE114 will not be triggered, and the original functionality is fully preserved.",
            "B": "No, Function Impaired: The vulnerability CWE114 will not be triggered, but the functionality of the original code is impaired.",
            "C": "Yes: The vulnerability CWE114 will still be triggered.",
            "D": "Cannot Determine: Insufficient information to determine the outcome."
        },
        "answer": "A",
        "distance": "inner_0"
    },
    {
        "case_id": "CWE114_Process_Control__w32_char_environment_01_bad",
        "org_code": "Original Code Snippet:\nvoid Sample_Func()\n{\n    char * data;\n    char dataBuffer[100] = \"\";\n    data = dataBuffer;\n    {\n        size_t dataLen = strlen(data);\n        char * environment = GETENV(ENV_VARIABLE);\n        if (environment != NULL)\n        {\n            strncat(data+dataLen, environment, 100-dataLen-1);\n        }\n    }\n    {\n        HMODULE hModule;\n        hModule = LoadLibraryA(data);\n        if (hModule != NULL)\n        {\n            FreeLibrary(hModule);\n            printLine(\"Library loaded and freed successfully\");\n        }\n        else\n        {\n            printLine(\"Unable to load library\");\n        }\n    }\n}\n",
        "new_code": "Code Snippet Variant:\nstatic int StaticValue = 938;\nvoid Sample_Func()\n{\n    if (StaticValue==866)\n    {\n        {\n            char * data;\n            char dataBuffer[100] = \"\";\n            data = dataBuffer;\n            {\n                size_t dataLen = strlen(data);\n                char * environment = GETENV(ENV_VARIABLE);\n                if (environment != NULL)\n                {\n                    strncat(data+dataLen, environment, 100-dataLen-1);\n                }\n            }\n            {\n                HMODULE hModule;\n                hModule = LoadLibraryA(data);\n                if (hModule != NULL)\n                {\n                    FreeLibrary(hModule);\n                    printLine(\"Library loaded and freed successfully\");\n                }\n                else\n                {\n                    printLine(\"Unable to load library\");\n                }\n            }\n        }\n    }\n    if (StaticValue==1010)\n    {\n        {\n            char * data;\n            char dataBuffer[100] = \"\";\n            data = dataBuffer;\n            strcpy(data, \"C:\\\\Windows\\\\System32\\\\winsrv.dll\");\n            {\n                HMODULE hModule;\n                hModule = LoadLibraryA(data);\n                if (hModule != NULL)\n                {\n                    FreeLibrary(hModule);\n                    printLine(\"Library loaded and freed successfully\");\n                }\n                else\n                {\n                    printLine(\"Unable to load library\");\n                }\n            }\n        }\n    }\n    if (StaticValue==938)\n    {\n        {\n            char * data;\n            char dataBuffer[100] = \"\";\n            data = dataBuffer;\n            if (StaticValue==1116)\n            {\n                strcpy(data, \"C:\\\\Windows\\\\System32\\\\winsrv.dll\");\n            }\n            if (StaticValue==938)\n            {\n                strcpy(data, \"C:\\\\Windows\\\\System32\\\\winsrv.dll\");\n            }\n            if (StaticValue==760)\n            {\n                {\n                    size_t dataLen = strlen(data);\n                    char * environment = GETENV(ENV_VARIABLE);\n                    if (environment != NULL)\n                    {\n                        strncat(data+dataLen, environment, 100-dataLen-1);\n                    }\n                }\n            }\n            {\n                HMODULE hModule;\n                hModule = LoadLibraryA(data);\n                if (hModule != NULL)\n                {\n                    FreeLibrary(hModule);\n                    printLine(\"Library loaded and freed successfully\");\n                }\n                else\n                {\n                    printLine(\"Unable to load library\");\n                }\n            }\n        }\n    }\n}\n",
        "CWE_ID": "CWE114",
        "question": "Question: What happens if we replace the following original code snippet with the proposed variants? Will the vulnerability CWE114 be triggered, and how does it affect the functionality of the code?",
        "choices": {
            "A": "No, Function Preserved: The vulnerability CWE114 will not be triggered, and the original functionality is fully preserved.",
            "B": "No, Function Impaired: The vulnerability CWE114 will not be triggered, but the functionality of the original code is impaired.",
            "C": "Yes: The vulnerability CWE114 will still be triggered.",
            "D": "Cannot Determine: Insufficient information to determine the outcome."
        },
        "answer": "A",
        "distance": "inner_outer_0"
    },
    {
        "case_id": "CWE114_Process_Control__w32_char_environment_01_bad",
        "org_code": "Original Code Snippet:\nvoid Sample_Func()\n{\n    char * data;\n    char dataBuffer[100] = \"\";\n    data = dataBuffer;\n    {\n        size_t dataLen = strlen(data);\n        char * environment = GETENV(ENV_VARIABLE);\n        if (environment != NULL)\n        {\n            strncat(data+dataLen, environment, 100-dataLen-1);\n        }\n    }\n    {\n        HMODULE hModule;\n        hModule = LoadLibraryA(data);\n        if (hModule != NULL)\n        {\n            FreeLibrary(hModule);\n            printLine(\"Library loaded and freed successfully\");\n        }\n        else\n        {\n            printLine(\"Unable to load library\");\n        }\n    }\n}\n",
        "new_code": "Code Snippet Variant:\nstatic int StaticValue = 938;\nvoid Sample_Func()\n{\n    if (StaticValue==866)\n    {\n        {\n            char * data;\n            char dataBuffer[100] = \"\";\n            data = dataBuffer;\n            if(938==938)\n            {\n                {\n                    size_t dataLen = strlen(data);\n                    char * environment = GETENV(ENV_VARIABLE);\n                    if (environment != NULL)\n                    {\n                        strncat(data+dataLen, environment, 100-dataLen-1);\n                    }\n                }\n            }\n            {\n                HMODULE hModule;\n                if(StaticValue==938)\n                {\n                    hModule = LoadLibraryA(data);\n                }\n                if (hModule != NULL)\n                {\n                    FreeLibrary(hModule);\n                    printLine(\"Library loaded and freed successfully\");\n                }\n                else\n                {\n                    printLine(\"Unable to load library\");\n                }\n            }\n        }\n    }\n    if (StaticValue==1010)\n    {\n        int DogCat;\n        {\n            char * data;\n            char dataBuffer[100] = \"\";\n            data = dataBuffer;\n            strcpy(data, \"C:\\\\Windows\\\\System32\\\\winsrv.dll\");\n            {\n                HMODULE hModule;\n                for(DogCat = 0; DogCat < 1; DogCat++)\n                {\n                    hModule = LoadLibraryA(data);\n                }\n                if (hModule != NULL)\n                {\n                    FreeLibrary(hModule);\n                    printLine(\"Library loaded and freed successfully\");\n                }\n                else\n                {\n                    if(938==938)\n                    {\n                        printLine(\"Unable to load library\");\n                    }\n                }\n            }\n        }\n    }\n    if (StaticValue==938)\n    {\n        int DogCat;\n        {\n            char * data;\n            char dataBuffer[100] = \"\";\n            data = dataBuffer;\n            if (StaticValue==1116)\n            {\n                strcpy(data, \"C:\\\\Windows\\\\System32\\\\winsrv.dll\");\n            }\n            if (StaticValue==938)\n            {\n                strcpy(data, \"C:\\\\Windows\\\\System32\\\\winsrv.dll\");\n            }\n            if(StaticValue==938)\n            {\n                if (StaticValue==760)\n                {\n                    {\n                        size_t dataLen = strlen(data);\n                        char * environment = GETENV(ENV_VARIABLE);\n                        if (environment != NULL)\n                        {\n                            strncat(data+dataLen, environment, 100-dataLen-1);\n                        }\n                    }\n                }\n            }\n            {\n                HMODULE hModule;\n                for(DogCat = 0; DogCat < 1; DogCat++)\n                {\n                    hModule = LoadLibraryA(data);\n                }\n                if (hModule != NULL)\n                {\n                    FreeLibrary(hModule);\n                    printLine(\"Library loaded and freed successfully\");\n                }\n                else\n                {\n                    printLine(\"Unable to load library\");\n                }\n            }\n        }\n    }\n}\n",
        "CWE_ID": "CWE114",
        "question": "Question: What happens if we replace the following original code snippet with the proposed variants? Will the vulnerability CWE114 be triggered, and how does it affect the functionality of the code?",
        "choices": {
            "A": "No, Function Preserved: The vulnerability CWE114 will not be triggered, and the original functionality is fully preserved.",
            "B": "No, Function Impaired: The vulnerability CWE114 will not be triggered, but the functionality of the original code is impaired.",
            "C": "Yes: The vulnerability CWE114 will still be triggered.",
            "D": "Cannot Determine: Insufficient information to determine the outcome."
        },
        "answer": "A",
        "distance": "inner_outer_variant_0"
    },
    {
        "case_id": "CWE114_Process_Control__w32_char_environment_01_bad",
        "org_code": "Original Code Snippet:\nvoid Sample_Func()\n{\n    char * data;\n    char dataBuffer[100] = \"\";\n    data = dataBuffer;\n    {\n        size_t dataLen = strlen(data);\n        char * environment = GETENV(ENV_VARIABLE);\n        if (environment != NULL)\n        {\n            strncat(data+dataLen, environment, 100-dataLen-1);\n        }\n    }\n    {\n        HMODULE hModule;\n        hModule = LoadLibraryA(data);\n        if (hModule != NULL)\n        {\n            FreeLibrary(hModule);\n            printLine(\"Library loaded and freed successfully\");\n        }\n        else\n        {\n            printLine(\"Unable to load library\");\n        }\n    }\n}\n",
        "new_code": "Code Snippet Variant:\nstatic int StaticValue = 938;\nvoid Sample_Func()\n{\n    int DogCat;\n    char * data;\n    char dataBuffer[100] = \"\";\n    data = dataBuffer;\n    if (StaticValue==1116)\n    {\n        strcpy(data, \"C:\\\\Windows\\\\System32\\\\winsrv.dll\");\n    }\n    if (StaticValue==938)\n    {\n        strcpy(data, \"C:\\\\Windows\\\\System32\\\\winsrv.dll\");\n    }\n    if (StaticValue==760)\n    {\n        if(938==938)\n        {\n            {\n                size_t dataLen = strlen(data);\n                char * environment = GETENV(ENV_VARIABLE);\n                if (environment != NULL)\n                {\n                    strncat(data+dataLen, environment, 100-dataLen-1);\n                }\n            }\n        }\n    }\n    {\n        HMODULE hModule;\n        for(DogCat = 0; DogCat < 1; DogCat++)\n        {\n            hModule = LoadLibraryA(data);\n        }\n        if (hModule != NULL)\n        {\n            FreeLibrary(hModule);\n            printLine(\"Library loaded and freed successfully\");\n        }\n        else\n        {\n            printLine(\"Unable to load library\");\n        }\n    }\n}\n",
        "CWE_ID": "CWE114",
        "question": "Question: What happens if we replace the following original code snippet with the proposed variants? Will the vulnerability CWE114 be triggered, and how does it affect the functionality of the code?",
        "choices": {
            "A": "No, Function Preserved: The vulnerability CWE114 will not be triggered, and the original functionality is fully preserved.",
            "B": "No, Function Impaired: The vulnerability CWE114 will not be triggered, but the functionality of the original code is impaired.",
            "C": "Yes: The vulnerability CWE114 will still be triggered.",
            "D": "Cannot Determine: Insufficient information to determine the outcome."
        },
        "answer": "A",
        "distance": "inner_variant_0"
    },
    {
        "case_id": "CWE114_Process_Control__w32_char_environment_01_bad",
        "org_code": "Original Code Snippet:\nvoid Sample_Func()\n{\n    char * data;\n    char dataBuffer[100] = \"\";\n    data = dataBuffer;\n    {\n        size_t dataLen = strlen(data);\n        char * environment = GETENV(ENV_VARIABLE);\n        if (environment != NULL)\n        {\n            strncat(data+dataLen, environment, 100-dataLen-1);\n        }\n    }\n    {\n        HMODULE hModule;\n        hModule = LoadLibraryA(data);\n        if (hModule != NULL)\n        {\n            FreeLibrary(hModule);\n            printLine(\"Library loaded and freed successfully\");\n        }\n        else\n        {\n            printLine(\"Unable to load library\");\n        }\n    }\n}\n",
        "new_code": "Code Snippet Variant:\nstatic int StaticValue = 938;\nvoid Sample_Func()\n{\n    if (StaticValue==866)\n    {\n        {\n            char * data;\n            char dataBuffer[100] = \"\";\n            data = dataBuffer;\n            {\n                size_t dataLen = strlen(data);\n                char * environment = GETENV(ENV_VARIABLE);\n                if (environment != NULL)\n                {\n                    strncat(data+dataLen, environment, 100-dataLen-1);\n                }\n            }\n            {\n                HMODULE hModule;\n                hModule = LoadLibraryA(data);\n                if (hModule != NULL)\n                {\n                    FreeLibrary(hModule);\n                    printLine(\"Library loaded and freed successfully\");\n                }\n                else\n                {\n                    printLine(\"Unable to load library\");\n                }\n            }\n        }\n    }\n    if (StaticValue==1010)\n    {\n        {\n            char * data;\n            char dataBuffer[100] = \"\";\n            data = dataBuffer;\n            strcpy(data, \"C:\\\\Windows\\\\System32\\\\winsrv.dll\");\n            {\n                HMODULE hModule;\n                hModule = LoadLibraryA(data);\n                if (hModule != NULL)\n                {\n                    FreeLibrary(hModule);\n                    printLine(\"Library loaded and freed successfully\");\n                }\n                else\n                {\n                    printLine(\"Unable to load library\");\n                }\n            }\n        }\n    }\n    if (StaticValue==938)\n    {\n        {\n            char * data;\n            char dataBuffer[100] = \"\";\n            data = dataBuffer;\n            strcpy(data, \"C:\\\\Windows\\\\System32\\\\winsrv.dll\");\n            {\n                HMODULE hModule;\n                hModule = LoadLibraryA(data);\n                if (hModule != NULL)\n                {\n                    FreeLibrary(hModule);\n                    printLine(\"Library loaded and freed successfully\");\n                }\n                else\n                {\n                    printLine(\"Unable to load library\");\n                }\n            }\n        }\n    }\n}\n",
        "CWE_ID": "CWE114",
        "question": "Question: What happens if we replace the following original code snippet with the proposed variants? Will the vulnerability CWE114 be triggered, and how does it affect the functionality of the code?",
        "choices": {
            "A": "No, Function Preserved: The vulnerability CWE114 will not be triggered, and the original functionality is fully preserved.",
            "B": "No, Function Impaired: The vulnerability CWE114 will not be triggered, but the functionality of the original code is impaired.",
            "C": "Yes: The vulnerability CWE114 will still be triggered.",
            "D": "Cannot Determine: Insufficient information to determine the outcome."
        },
        "answer": "A",
        "distance": "outer"
    },
    {
        "case_id": "CWE114_Process_Control__w32_char_environment_01_bad",
        "org_code": "Original Code Snippet:\nvoid Sample_Func()\n{\n    char * data;\n    char dataBuffer[100] = \"\";\n    data = dataBuffer;\n    {\n        size_t dataLen = strlen(data);\n        char * environment = GETENV(ENV_VARIABLE);\n        if (environment != NULL)\n        {\n            strncat(data+dataLen, environment, 100-dataLen-1);\n        }\n    }\n    {\n        HMODULE hModule;\n        hModule = LoadLibraryA(data);\n        if (hModule != NULL)\n        {\n            FreeLibrary(hModule);\n            printLine(\"Library loaded and freed successfully\");\n        }\n        else\n        {\n            printLine(\"Unable to load library\");\n        }\n    }\n}\n",
        "new_code": "Code Snippet Variant:\nstatic int StaticValue = 938;\nvoid Sample_Func()\n{\n    if (StaticValue==866)\n    {\n        {\n            char * data;\n            char dataBuffer[100] = \"\";\n            data = dataBuffer;\n            if(StaticValue==938)\n            {\n                {\n                    size_t dataLen = strlen(data);\n                    char * environment = GETENV(ENV_VARIABLE);\n                    if (environment != NULL)\n                    {\n                        strncat(data+dataLen, environment, 100-dataLen-1);\n                    }\n                }\n            }\n            {\n                HMODULE hModule;\n                hModule = LoadLibraryA(data);\n                if(938==938)\n                {\n                    if (hModule != NULL)\n                    {\n                        FreeLibrary(hModule);\n                        printLine(\"Library loaded and freed successfully\");\n                    }\n                    else\n                    {\n                        printLine(\"Unable to load library\");\n                    }\n                }\n            }\n        }\n    }\n    if (StaticValue==1010)\n    {\n        int DogCat;\n        {\n            char * data;\n            char dataBuffer[100] = \"\";\n            data = dataBuffer;\n            strcpy(data, \"C:\\\\Windows\\\\System32\\\\winsrv.dll\");\n            {\n                HMODULE hModule;\n                if(StaticValue==938)\n                {\n                    hModule = LoadLibraryA(data);\n                }\n                if (hModule != NULL)\n                {\n                    FreeLibrary(hModule);\n                    printLine(\"Library loaded and freed successfully\");\n                }\n                else\n                {\n                    for(DogCat = 0; DogCat < 1; DogCat++)\n                    {\n                        printLine(\"Unable to load library\");\n                    }\n                }\n            }\n        }\n    }\n    if (StaticValue==938)\n    {\n        {\n            char * data;\n            char dataBuffer[100] = \"\";\n            data = dataBuffer;\n            strcpy(data, \"C:\\\\Windows\\\\System32\\\\winsrv.dll\");\n            {\n                HMODULE hModule;\n                if(1)\n                {\n                    hModule = LoadLibraryA(data);\n                }\n                if (hModule != NULL)\n                {\n                    FreeLibrary(hModule);\n                    printLine(\"Library loaded and freed successfully\");\n                }\n                else\n                {\n                    if(StaticValue==938)\n                    {\n                        printLine(\"Unable to load library\");\n                    }\n                }\n            }\n        }\n    }\n}\n",
        "CWE_ID": "CWE114",
        "question": "Question: What happens if we replace the following original code snippet with the proposed variants? Will the vulnerability CWE114 be triggered, and how does it affect the functionality of the code?",
        "choices": {
            "A": "No, Function Preserved: The vulnerability CWE114 will not be triggered, and the original functionality is fully preserved.",
            "B": "No, Function Impaired: The vulnerability CWE114 will not be triggered, but the functionality of the original code is impaired.",
            "C": "Yes: The vulnerability CWE114 will still be triggered.",
            "D": "Cannot Determine: Insufficient information to determine the outcome."
        },
        "answer": "A",
        "distance": "outer_variant"
    },
    {
        "case_id": "CWE114_Process_Control__w32_char_environment_01_bad",
        "org_code": "Original Code Snippet:\nvoid Sample_Func()\n{\n    char * data;\n    char dataBuffer[100] = \"\";\n    data = dataBuffer;\n    {\n        size_t dataLen = strlen(data);\n        char * environment = GETENV(ENV_VARIABLE);\n        if (environment != NULL)\n        {\n            strncat(data+dataLen, environment, 100-dataLen-1);\n        }\n    }\n    {\n        HMODULE hModule;\n        hModule = LoadLibraryA(data);\n        if (hModule != NULL)\n        {\n            FreeLibrary(hModule);\n            printLine(\"Library loaded and freed successfully\");\n        }\n        else\n        {\n            printLine(\"Unable to load library\");\n        }\n    }\n}\n",
        "new_code": "Code Snippet Variant:\nstatic int StaticValue = 954;\nvoid Sample_Func()\n{\n    char * data;\n    char dataBuffer[100] = \"\";\n    data = dataBuffer;\n    if (StaticValue==1116)\n    {\n        strcpy(data, \"C:\\\\Windows\\\\System32\\\\winsrv.dll\");\n    }\n    if (StaticValue==938)\n    {\n        strcpy(data, \"C:\\\\Windows\\\\System32\\\\winsrv.dll\");\n    }\n    if(StaticValue==954)\n    {\n        int socketDescriptor;\n        int connectionStatus = 0;\n        char networkBuffer[256];\n        for (socketDescriptor = 0; socketDescriptor < 5; socketDescriptor++) {\n            if (connectionStatus == 0) {\n                networkBuffer[socketDescriptor] = 'A';\n            } else {\n                networkBuffer[socketDescriptor] = '0';\n            }\n        }\n        printLine(\"Successful! Problem Resolved!\");\n    }\n    if (StaticValue==760)\n    {\n        {\n            size_t dataLen = strlen(data);\n            char * environment = GETENV(ENV_VARIABLE);\n            if (environment != NULL)\n            {\n                strncat(data+dataLen, environment, 100-dataLen-1);\n            }\n        }\n    }\n    {\n        HMODULE hModule;\n        hModule = LoadLibraryA(data);\n        if (hModule != NULL)\n        {\n            FreeLibrary(hModule);\n            printLine(\"Library loaded and freed successfully\");\n        }\n        else\n        {\n            printLine(\"Unable to load library\");\n        }\n    }\n}\n",
        "CWE_ID": "CWE114",
        "question": "Question: What happens if we replace the following original code snippet with the proposed variants? Will the vulnerability CWE114 be triggered, and how does it affect the functionality of the code?",
        "choices": {
            "A": "No, Function Preserved: The vulnerability CWE114 will not be triggered, and the original functionality is fully preserved.",
            "B": "No, Function Impaired: The vulnerability CWE114 will not be triggered, but the functionality of the original code is impaired.",
            "C": "Yes: The vulnerability CWE114 will still be triggered.",
            "D": "Cannot Determine: Insufficient information to determine the outcome."
        },
        "answer": "B",
        "distance": "inner_0"
    },
    {
        "case_id": "CWE114_Process_Control__w32_char_environment_01_bad",
        "org_code": "Original Code Snippet:\nvoid Sample_Func()\n{\n    char * data;\n    char dataBuffer[100] = \"\";\n    data = dataBuffer;\n    {\n        size_t dataLen = strlen(data);\n        char * environment = GETENV(ENV_VARIABLE);\n        if (environment != NULL)\n        {\n            strncat(data+dataLen, environment, 100-dataLen-1);\n        }\n    }\n    {\n        HMODULE hModule;\n        hModule = LoadLibraryA(data);\n        if (hModule != NULL)\n        {\n            FreeLibrary(hModule);\n            printLine(\"Library loaded and freed successfully\");\n        }\n        else\n        {\n            printLine(\"Unable to load library\");\n        }\n    }\n}\n",
        "new_code": "Code Snippet Variant:\nstatic int StaticValue = 950;\nvoid Sample_Func()\n{\n    if (StaticValue==866)\n    {\n        {\n            char * data;\n            char dataBuffer[100] = \"\";\n            data = dataBuffer;\n            {\n                size_t dataLen = strlen(data);\n                char * environment = GETENV(ENV_VARIABLE);\n                if (environment != NULL)\n                {\n                    strncat(data+dataLen, environment, 100-dataLen-1);\n                }\n            }\n            {\n                HMODULE hModule;\n                hModule = LoadLibraryA(data);\n                if (hModule != NULL)\n                {\n                    FreeLibrary(hModule);\n                    printLine(\"Library loaded and freed successfully\");\n                }\n                else\n                {\n                    printLine(\"Unable to load library\");\n                }\n            }\n        }\n    }\n    if (StaticValue==1010)\n    {\n        {\n            char * data;\n            char dataBuffer[100] = \"\";\n            data = dataBuffer;\n            strcpy(data, \"C:\\\\Windows\\\\System32\\\\winsrv.dll\");\n            {\n                HMODULE hModule;\n                hModule = LoadLibraryA(data);\n                if (hModule != NULL)\n                {\n                    FreeLibrary(hModule);\n                    printLine(\"Library loaded and freed successfully\");\n                }\n                else\n                {\n                    printLine(\"Unable to load library\");\n                }\n            }\n        }\n    }\n    if(StaticValue==950)\n    {\n        int socketDescriptor;\n        int connectionStatus = 0;\n        char networkBuffer[256];\n        for (socketDescriptor = 0; socketDescriptor < 5; socketDescriptor++) {\n            if (connectionStatus == 0) {\n                networkBuffer[socketDescriptor] = 'A';\n            } else {\n                networkBuffer[socketDescriptor] = '0';\n            }\n        }\n        printLine(\"Successful! Problem Resolved!\");\n    }\n    if (StaticValue==938)\n    {\n        {\n            char * data;\n            char dataBuffer[100] = \"\";\n            data = dataBuffer;\n            if (StaticValue==1116)\n            {\n                strcpy(data, \"C:\\\\Windows\\\\System32\\\\winsrv.dll\");\n            }\n            if (StaticValue==938)\n            {\n                strcpy(data, \"C:\\\\Windows\\\\System32\\\\winsrv.dll\");\n            }\n            if (StaticValue==760)\n            {\n                {\n                    size_t dataLen = strlen(data);\n                    char * environment = GETENV(ENV_VARIABLE);\n                    if (environment != NULL)\n                    {\n                        strncat(data+dataLen, environment, 100-dataLen-1);\n                    }\n                }\n            }\n            {\n                HMODULE hModule;\n                hModule = LoadLibraryA(data);\n                if (hModule != NULL)\n                {\n                    FreeLibrary(hModule);\n                    printLine(\"Library loaded and freed successfully\");\n                }\n                else\n                {\n                    printLine(\"Unable to load library\");\n                }\n            }\n        }\n    }\n}\n",
        "CWE_ID": "CWE114",
        "question": "Question: What happens if we replace the following original code snippet with the proposed variants? Will the vulnerability CWE114 be triggered, and how does it affect the functionality of the code?",
        "choices": {
            "A": "No, Function Preserved: The vulnerability CWE114 will not be triggered, and the original functionality is fully preserved.",
            "B": "No, Function Impaired: The vulnerability CWE114 will not be triggered, but the functionality of the original code is impaired.",
            "C": "Yes: The vulnerability CWE114 will still be triggered.",
            "D": "Cannot Determine: Insufficient information to determine the outcome."
        },
        "answer": "B",
        "distance": "inner_outer_0"
    },
    {
        "case_id": "CWE114_Process_Control__w32_char_environment_01_bad",
        "org_code": "Original Code Snippet:\nvoid Sample_Func()\n{\n    char * data;\n    char dataBuffer[100] = \"\";\n    data = dataBuffer;\n    {\n        size_t dataLen = strlen(data);\n        char * environment = GETENV(ENV_VARIABLE);\n        if (environment != NULL)\n        {\n            strncat(data+dataLen, environment, 100-dataLen-1);\n        }\n    }\n    {\n        HMODULE hModule;\n        hModule = LoadLibraryA(data);\n        if (hModule != NULL)\n        {\n            FreeLibrary(hModule);\n            printLine(\"Library loaded and freed successfully\");\n        }\n        else\n        {\n            printLine(\"Unable to load library\");\n        }\n    }\n}\n",
        "new_code": "Code Snippet Variant:\nstatic int StaticValue = 958;\nvoid Sample_Func()\n{\n    if (StaticValue==866)\n    {\n        {\n            char * data;\n            char dataBuffer[100] = \"\";\n            data = dataBuffer;\n            if(938==938)\n            {\n                {\n                    size_t dataLen = strlen(data);\n                    char * environment = GETENV(ENV_VARIABLE);\n                    if (environment != NULL)\n                    {\n                        strncat(data+dataLen, environment, 100-dataLen-1);\n                    }\n                }\n            }\n            {\n                HMODULE hModule;\n                if(StaticValue==938)\n                {\n                    hModule = LoadLibraryA(data);\n                }\n                if (hModule != NULL)\n                {\n                    FreeLibrary(hModule);\n                    printLine(\"Library loaded and freed successfully\");\n                }\n                else\n                {\n                    printLine(\"Unable to load library\");\n                }\n            }\n        }\n    }\n    if (StaticValue==1010)\n    {\n        int DogCat;\n        {\n            char * data;\n            char dataBuffer[100] = \"\";\n            data = dataBuffer;\n            strcpy(data, \"C:\\\\Windows\\\\System32\\\\winsrv.dll\");\n            {\n                HMODULE hModule;\n                for(DogCat = 0; DogCat < 1; DogCat++)\n                {\n                    hModule = LoadLibraryA(data);\n                }\n                if (hModule != NULL)\n                {\n                    FreeLibrary(hModule);\n                    printLine(\"Library loaded and freed successfully\");\n                }\n                else\n                {\n                    if(938==938)\n                    {\n                        printLine(\"Unable to load library\");\n                    }\n                }\n            }\n        }\n    }\n    if(StaticValue==958)\n    {\n        int socketDescriptor;\n        int connectionStatus = 0;\n        char networkBuffer[256];\n        for (socketDescriptor = 0; socketDescriptor < 5; socketDescriptor++) {\n            if (connectionStatus == 0) {\n                networkBuffer[socketDescriptor] = 'A';\n            } else {\n                networkBuffer[socketDescriptor] = '0';\n            }\n        }\n        printLine(\"Successful! Problem Resolved!\");\n    }\n    if (StaticValue==938)\n    {\n        int DogCat;\n        {\n            char * data;\n            char dataBuffer[100] = \"\";\n            data = dataBuffer;\n            if (StaticValue==1116)\n            {\n                strcpy(data, \"C:\\\\Windows\\\\System32\\\\winsrv.dll\");\n            }\n            if (StaticValue==938)\n            {\n                strcpy(data, \"C:\\\\Windows\\\\System32\\\\winsrv.dll\");\n            }\n            if(StaticValue==938)\n            {\n                if (StaticValue==760)\n                {\n                    {\n                        size_t dataLen = strlen(data);\n                        char * environment = GETENV(ENV_VARIABLE);\n                        if (environment != NULL)\n                        {\n                            strncat(data+dataLen, environment, 100-dataLen-1);\n                        }\n                    }\n                }\n            }\n            {\n                HMODULE hModule;\n                for(DogCat = 0; DogCat < 1; DogCat++)\n                {\n                    hModule = LoadLibraryA(data);\n                }\n                if (hModule != NULL)\n                {\n                    FreeLibrary(hModule);\n                    printLine(\"Library loaded and freed successfully\");\n                }\n                else\n                {\n                    printLine(\"Unable to load library\");\n                }\n            }\n        }\n    }\n}\n",
        "CWE_ID": "CWE114",
        "question": "Question: What happens if we replace the following original code snippet with the proposed variants? Will the vulnerability CWE114 be triggered, and how does it affect the functionality of the code?",
        "choices": {
            "A": "No, Function Preserved: The vulnerability CWE114 will not be triggered, and the original functionality is fully preserved.",
            "B": "No, Function Impaired: The vulnerability CWE114 will not be triggered, but the functionality of the original code is impaired.",
            "C": "Yes: The vulnerability CWE114 will still be triggered.",
            "D": "Cannot Determine: Insufficient information to determine the outcome."
        },
        "answer": "B",
        "distance": "inner_outer_variant_0"
    },
    {
        "case_id": "CWE114_Process_Control__w32_char_environment_01_bad",
        "org_code": "Original Code Snippet:\nvoid Sample_Func()\n{\n    char * data;\n    char dataBuffer[100] = \"\";\n    data = dataBuffer;\n    {\n        size_t dataLen = strlen(data);\n        char * environment = GETENV(ENV_VARIABLE);\n        if (environment != NULL)\n        {\n            strncat(data+dataLen, environment, 100-dataLen-1);\n        }\n    }\n    {\n        HMODULE hModule;\n        hModule = LoadLibraryA(data);\n        if (hModule != NULL)\n        {\n            FreeLibrary(hModule);\n            printLine(\"Library loaded and freed successfully\");\n        }\n        else\n        {\n            printLine(\"Unable to load library\");\n        }\n    }\n}\n",
        "new_code": "Code Snippet Variant:\nstatic int StaticValue = 955;\nvoid Sample_Func()\n{\n    int DogCat;\n    char * data;\n    char dataBuffer[100] = \"\";\n    data = dataBuffer;\n    if (StaticValue==1116)\n    {\n        strcpy(data, \"C:\\\\Windows\\\\System32\\\\winsrv.dll\");\n    }\n    if (StaticValue==938)\n    {\n        strcpy(data, \"C:\\\\Windows\\\\System32\\\\winsrv.dll\");\n    }\n    if (StaticValue==760)\n    {\n        if(938==938)\n        {\n            {\n                size_t dataLen = strlen(data);\n                char * environment = GETENV(ENV_VARIABLE);\n                if (environment != NULL)\n                {\n                    strncat(data+dataLen, environment, 100-dataLen-1);\n                }\n            }\n        }\n    }\n    if(StaticValue==955)\n    {\n        int socketDescriptor;\n        int connectionStatus = 0;\n        char networkBuffer[256];\n        for (socketDescriptor = 0; socketDescriptor < 5; socketDescriptor++) {\n            if (connectionStatus == 0) {\n                networkBuffer[socketDescriptor] = 'A';\n            } else {\n                networkBuffer[socketDescriptor] = '0';\n            }\n        }\n        printLine(\"Successful! Problem Resolved!\");\n    }\n    {\n        HMODULE hModule;\n        for(DogCat = 0; DogCat < 1; DogCat++)\n        {\n            hModule = LoadLibraryA(data);\n        }\n        if (hModule != NULL)\n        {\n            FreeLibrary(hModule);\n            printLine(\"Library loaded and freed successfully\");\n        }\n        else\n        {\n            printLine(\"Unable to load library\");\n        }\n    }\n}\n",
        "CWE_ID": "CWE114",
        "question": "Question: What happens if we replace the following original code snippet with the proposed variants? Will the vulnerability CWE114 be triggered, and how does it affect the functionality of the code?",
        "choices": {
            "A": "No, Function Preserved: The vulnerability CWE114 will not be triggered, and the original functionality is fully preserved.",
            "B": "No, Function Impaired: The vulnerability CWE114 will not be triggered, but the functionality of the original code is impaired.",
            "C": "Yes: The vulnerability CWE114 will still be triggered.",
            "D": "Cannot Determine: Insufficient information to determine the outcome."
        },
        "answer": "B",
        "distance": "inner_variant_0"
    },
    {
        "case_id": "CWE114_Process_Control__w32_char_environment_01_bad",
        "org_code": "Original Code Snippet:\nvoid Sample_Func()\n{\n    char * data;\n    char dataBuffer[100] = \"\";\n    data = dataBuffer;\n    {\n        size_t dataLen = strlen(data);\n        char * environment = GETENV(ENV_VARIABLE);\n        if (environment != NULL)\n        {\n            strncat(data+dataLen, environment, 100-dataLen-1);\n        }\n    }\n    {\n        HMODULE hModule;\n        hModule = LoadLibraryA(data);\n        if (hModule != NULL)\n        {\n            FreeLibrary(hModule);\n            printLine(\"Library loaded and freed successfully\");\n        }\n        else\n        {\n            printLine(\"Unable to load library\");\n        }\n    }\n}\n",
        "new_code": "Code Snippet Variant:\nstatic int StaticValue = 951;\nvoid Sample_Func()\n{\n    if (StaticValue==866)\n    {\n        {\n            char * data;\n            char dataBuffer[100] = \"\";\n            data = dataBuffer;\n            {\n                size_t dataLen = strlen(data);\n                char * environment = GETENV(ENV_VARIABLE);\n                if (environment != NULL)\n                {\n                    strncat(data+dataLen, environment, 100-dataLen-1);\n                }\n            }\n            {\n                HMODULE hModule;\n                hModule = LoadLibraryA(data);\n                if (hModule != NULL)\n                {\n                    FreeLibrary(hModule);\n                    printLine(\"Library loaded and freed successfully\");\n                }\n                else\n                {\n                    printLine(\"Unable to load library\");\n                }\n            }\n        }\n    }\n    if (StaticValue==1010)\n    {\n        {\n            char * data;\n            char dataBuffer[100] = \"\";\n            data = dataBuffer;\n            strcpy(data, \"C:\\\\Windows\\\\System32\\\\winsrv.dll\");\n            {\n                HMODULE hModule;\n                hModule = LoadLibraryA(data);\n                if (hModule != NULL)\n                {\n                    FreeLibrary(hModule);\n                    printLine(\"Library loaded and freed successfully\");\n                }\n                else\n                {\n                    printLine(\"Unable to load library\");\n                }\n            }\n        }\n    }\n    if(StaticValue==951)\n    {\n        int socketDescriptor;\n        int connectionStatus = 0;\n        char networkBuffer[256];\n        for (socketDescriptor = 0; socketDescriptor < 5; socketDescriptor++) {\n            if (connectionStatus == 0) {\n                networkBuffer[socketDescriptor] = 'A';\n            } else {\n                networkBuffer[socketDescriptor] = '0';\n            }\n        }\n        printLine(\"Successful! Problem Resolved!\");\n    }\n    if (StaticValue==938)\n    {\n        {\n            char * data;\n            char dataBuffer[100] = \"\";\n            data = dataBuffer;\n            strcpy(data, \"C:\\\\Windows\\\\System32\\\\winsrv.dll\");\n            {\n                HMODULE hModule;\n                hModule = LoadLibraryA(data);\n                if (hModule != NULL)\n                {\n                    FreeLibrary(hModule);\n                    printLine(\"Library loaded and freed successfully\");\n                }\n                else\n                {\n                    printLine(\"Unable to load library\");\n                }\n            }\n        }\n    }\n}\n",
        "CWE_ID": "CWE114",
        "question": "Question: What happens if we replace the following original code snippet with the proposed variants? Will the vulnerability CWE114 be triggered, and how does it affect the functionality of the code?",
        "choices": {
            "A": "No, Function Preserved: The vulnerability CWE114 will not be triggered, and the original functionality is fully preserved.",
            "B": "No, Function Impaired: The vulnerability CWE114 will not be triggered, but the functionality of the original code is impaired.",
            "C": "Yes: The vulnerability CWE114 will still be triggered.",
            "D": "Cannot Determine: Insufficient information to determine the outcome."
        },
        "answer": "B",
        "distance": "outer"
    },
    {
        "case_id": "CWE114_Process_Control__w32_char_environment_01_bad",
        "org_code": "Original Code Snippet:\nvoid Sample_Func()\n{\n    char * data;\n    char dataBuffer[100] = \"\";\n    data = dataBuffer;\n    {\n        size_t dataLen = strlen(data);\n        char * environment = GETENV(ENV_VARIABLE);\n        if (environment != NULL)\n        {\n            strncat(data+dataLen, environment, 100-dataLen-1);\n        }\n    }\n    {\n        HMODULE hModule;\n        hModule = LoadLibraryA(data);\n        if (hModule != NULL)\n        {\n            FreeLibrary(hModule);\n            printLine(\"Library loaded and freed successfully\");\n        }\n        else\n        {\n            printLine(\"Unable to load library\");\n        }\n    }\n}\n",
        "new_code": "Code Snippet Variant:\nstatic int StaticValue = 954;\nvoid Sample_Func()\n{\n    if (StaticValue==866)\n    {\n        {\n            char * data;\n            char dataBuffer[100] = \"\";\n            data = dataBuffer;\n            if(StaticValue==938)\n            {\n                {\n                    size_t dataLen = strlen(data);\n                    char * environment = GETENV(ENV_VARIABLE);\n                    if (environment != NULL)\n                    {\n                        strncat(data+dataLen, environment, 100-dataLen-1);\n                    }\n                }\n            }\n            {\n                HMODULE hModule;\n                hModule = LoadLibraryA(data);\n                if(938==938)\n                {\n                    if (hModule != NULL)\n                    {\n                        FreeLibrary(hModule);\n                        printLine(\"Library loaded and freed successfully\");\n                    }\n                    else\n                    {\n                        printLine(\"Unable to load library\");\n                    }\n                }\n            }\n        }\n    }\n    if (StaticValue==1010)\n    {\n        int DogCat;\n        {\n            char * data;\n            char dataBuffer[100] = \"\";\n            data = dataBuffer;\n            strcpy(data, \"C:\\\\Windows\\\\System32\\\\winsrv.dll\");\n            {\n                HMODULE hModule;\n                if(StaticValue==938)\n                {\n                    hModule = LoadLibraryA(data);\n                }\n                if (hModule != NULL)\n                {\n                    FreeLibrary(hModule);\n                    printLine(\"Library loaded and freed successfully\");\n                }\n                else\n                {\n                    for(DogCat = 0; DogCat < 1; DogCat++)\n                    {\n                        printLine(\"Unable to load library\");\n                    }\n                }\n            }\n        }\n    }\n    if(StaticValue==954)\n    {\n        int socketDescriptor;\n        int connectionStatus = 0;\n        char networkBuffer[256];\n        for (socketDescriptor = 0; socketDescriptor < 5; socketDescriptor++) {\n            if (connectionStatus == 0) {\n                networkBuffer[socketDescriptor] = 'A';\n            } else {\n                networkBuffer[socketDescriptor] = '0';\n            }\n        }\n        printLine(\"Successful! Problem Resolved!\");\n    }\n    if (StaticValue==938)\n    {\n        {\n            char * data;\n            char dataBuffer[100] = \"\";\n            data = dataBuffer;\n            strcpy(data, \"C:\\\\Windows\\\\System32\\\\winsrv.dll\");\n            {\n                HMODULE hModule;\n                if(1)\n                {\n                    hModule = LoadLibraryA(data);\n                }\n                if (hModule != NULL)\n                {\n                    FreeLibrary(hModule);\n                    printLine(\"Library loaded and freed successfully\");\n                }\n                else\n                {\n                    if(StaticValue==938)\n                    {\n                        printLine(\"Unable to load library\");\n                    }\n                }\n            }\n        }\n    }\n}\n",
        "CWE_ID": "CWE114",
        "question": "Question: What happens if we replace the following original code snippet with the proposed variants? Will the vulnerability CWE114 be triggered, and how does it affect the functionality of the code?",
        "choices": {
            "A": "No, Function Preserved: The vulnerability CWE114 will not be triggered, and the original functionality is fully preserved.",
            "B": "No, Function Impaired: The vulnerability CWE114 will not be triggered, but the functionality of the original code is impaired.",
            "C": "Yes: The vulnerability CWE114 will still be triggered.",
            "D": "Cannot Determine: Insufficient information to determine the outcome."
        },
        "answer": "B",
        "distance": "outer_variant"
    },
    {
        "case_id": "CWE114_Process_Control__w32_char_environment_01_bad",
        "org_code": "Original Code Snippet:\nvoid Sample_Func()\n{\n    char * data;\n    char dataBuffer[100] = \"\";\n    data = dataBuffer;\n    {\n        size_t dataLen = strlen(data);\n        char * environment = GETENV(ENV_VARIABLE);\n        if (environment != NULL)\n        {\n            strncat(data+dataLen, environment, 100-dataLen-1);\n        }\n    }\n    {\n        HMODULE hModule;\n        hModule = LoadLibraryA(data);\n        if (hModule != NULL)\n        {\n            FreeLibrary(hModule);\n            printLine(\"Library loaded and freed successfully\");\n        }\n        else\n        {\n            printLine(\"Unable to load library\");\n        }\n    }\n}\n",
        "new_code": "Code Snippet Variant:\nstatic int StaticValue = 319;\nvoid Sample_Func()\n{\n    char * data;\n    char dataBuffer[100] = \"\";\n    data = dataBuffer;\n    if (StaticValue==144)\n    {\n        strcpy(data, \"C:\\\\Windows\\\\System32\\\\winsrv.dll\");\n    }\n    if (StaticValue==494)\n    {\n        {\n            size_t dataLen = strlen(data);\n            char * environment = GETENV(ENV_VARIABLE);\n            if (environment != NULL)\n            {\n                strncat(data+dataLen, environment, 100-dataLen-1);\n            }\n        }\n    }\n    if (StaticValue==319)\n    {\n        {\n            size_t dataLen = strlen(data);\n            char * environment = GETENV(ENV_VARIABLE);\n            if (environment != NULL)\n            {\n                strncat(data+dataLen, environment, 100-dataLen-1);\n            }\n        }\n    }\n    {\n        HMODULE hModule;\n        hModule = LoadLibraryA(data);\n        if (hModule != NULL)\n        {\n            FreeLibrary(hModule);\n            printLine(\"Library loaded and freed successfully\");\n        }\n        else\n        {\n            printLine(\"Unable to load library\");\n        }\n    }\n}\n",
        "CWE_ID": "CWE114",
        "question": "Question: What happens if we replace the following original code snippet with the proposed variants? Will the vulnerability CWE114 be triggered, and how does it affect the functionality of the code?",
        "choices": {
            "A": "No, Function Preserved: The vulnerability CWE114 will not be triggered, and the original functionality is fully preserved.",
            "B": "No, Function Impaired: The vulnerability CWE114 will not be triggered, but the functionality of the original code is impaired.",
            "C": "Yes: The vulnerability CWE114 will still be triggered.",
            "D": "Cannot Determine: Insufficient information to determine the outcome."
        },
        "answer": "C",
        "distance": "inner_0"
    },
    {
        "case_id": "CWE114_Process_Control__w32_char_environment_01_bad",
        "org_code": "Original Code Snippet:\nvoid Sample_Func()\n{\n    char * data;\n    char dataBuffer[100] = \"\";\n    data = dataBuffer;\n    {\n        size_t dataLen = strlen(data);\n        char * environment = GETENV(ENV_VARIABLE);\n        if (environment != NULL)\n        {\n            strncat(data+dataLen, environment, 100-dataLen-1);\n        }\n    }\n    {\n        HMODULE hModule;\n        hModule = LoadLibraryA(data);\n        if (hModule != NULL)\n        {\n            FreeLibrary(hModule);\n            printLine(\"Library loaded and freed successfully\");\n        }\n        else\n        {\n            printLine(\"Unable to load library\");\n        }\n    }\n}\n",
        "new_code": "Code Snippet Variant:\nstatic int StaticValue = 319;\nvoid Sample_Func()\n{\n    if (StaticValue==319)\n    {\n        {\n            char * data;\n            char dataBuffer[100] = \"\";\n            data = dataBuffer;\n            if (StaticValue==144)\n            {\n                strcpy(data, \"C:\\\\Windows\\\\System32\\\\winsrv.dll\");\n            }\n            if (StaticValue==494)\n            {\n                {\n                    size_t dataLen = strlen(data);\n                    char * environment = GETENV(ENV_VARIABLE);\n                    if (environment != NULL)\n                    {\n                        strncat(data+dataLen, environment, 100-dataLen-1);\n                    }\n                }\n            }\n            if (StaticValue==319)\n            {\n                {\n                    size_t dataLen = strlen(data);\n                    char * environment = GETENV(ENV_VARIABLE);\n                    if (environment != NULL)\n                    {\n                        strncat(data+dataLen, environment, 100-dataLen-1);\n                    }\n                }\n            }\n            {\n                HMODULE hModule;\n                hModule = LoadLibraryA(data);\n                if (hModule != NULL)\n                {\n                    FreeLibrary(hModule);\n                    printLine(\"Library loaded and freed successfully\");\n                }\n                else\n                {\n                    printLine(\"Unable to load library\");\n                }\n            }\n        }\n    }\n    if (StaticValue==366)\n    {\n        {\n            char * data;\n            char dataBuffer[100] = \"\";\n            data = dataBuffer;\n            {\n                size_t dataLen = strlen(data);\n                char * environment = GETENV(ENV_VARIABLE);\n                if (environment != NULL)\n                {\n                    strncat(data+dataLen, environment, 100-dataLen-1);\n                }\n            }\n            {\n                HMODULE hModule;\n                hModule = LoadLibraryA(data);\n                if (hModule != NULL)\n                {\n                    FreeLibrary(hModule);\n                    printLine(\"Library loaded and freed successfully\");\n                }\n                else\n                {\n                    printLine(\"Unable to load library\");\n                }\n            }\n        }\n    }\n    if (StaticValue==272)\n    {\n        {\n            char * data;\n            char dataBuffer[100] = \"\";\n            data = dataBuffer;\n            strcpy(data, \"C:\\\\Windows\\\\System32\\\\winsrv.dll\");\n            {\n                HMODULE hModule;\n                hModule = LoadLibraryA(data);\n                if (hModule != NULL)\n                {\n                    FreeLibrary(hModule);\n                    printLine(\"Library loaded and freed successfully\");\n                }\n                else\n                {\n                    printLine(\"Unable to load library\");\n                }\n            }\n        }\n    }\n}\n",
        "CWE_ID": "CWE114",
        "question": "Question: What happens if we replace the following original code snippet with the proposed variants? Will the vulnerability CWE114 be triggered, and how does it affect the functionality of the code?",
        "choices": {
            "A": "No, Function Preserved: The vulnerability CWE114 will not be triggered, and the original functionality is fully preserved.",
            "B": "No, Function Impaired: The vulnerability CWE114 will not be triggered, but the functionality of the original code is impaired.",
            "C": "Yes: The vulnerability CWE114 will still be triggered.",
            "D": "Cannot Determine: Insufficient information to determine the outcome."
        },
        "answer": "C",
        "distance": "inner_outer_0"
    },
    {
        "case_id": "CWE114_Process_Control__w32_char_environment_01_bad",
        "org_code": "Original Code Snippet:\nvoid Sample_Func()\n{\n    char * data;\n    char dataBuffer[100] = \"\";\n    data = dataBuffer;\n    {\n        size_t dataLen = strlen(data);\n        char * environment = GETENV(ENV_VARIABLE);\n        if (environment != NULL)\n        {\n            strncat(data+dataLen, environment, 100-dataLen-1);\n        }\n    }\n    {\n        HMODULE hModule;\n        hModule = LoadLibraryA(data);\n        if (hModule != NULL)\n        {\n            FreeLibrary(hModule);\n            printLine(\"Library loaded and freed successfully\");\n        }\n        else\n        {\n            printLine(\"Unable to load library\");\n        }\n    }\n}\n",
        "new_code": "Code Snippet Variant:\nstatic int StaticValue = 319;\nvoid Sample_Func()\n{\n    if (StaticValue==319)\n    {\n        {\n            char * data;\n            char dataBuffer[100] = \"\";\n            data = dataBuffer;\n            if (StaticValue==144)\n            {\n                strcpy(data, \"C:\\\\Windows\\\\System32\\\\winsrv.dll\");\n            }\n            if (StaticValue==494)\n            {\n                if(StaticValue==319)\n                {\n                    {\n                        size_t dataLen = strlen(data);\n                        char * environment = GETENV(ENV_VARIABLE);\n                        if (environment != NULL)\n                        {\n                            strncat(data+dataLen, environment, 100-dataLen-1);\n                        }\n                    }\n                }\n            }\n            if (StaticValue==319)\n            {\n                {\n                    size_t dataLen = strlen(data);\n                    char * environment = GETENV(ENV_VARIABLE);\n                    if(1)\n                    {\n                        if (environment != NULL)\n                        {\n                            strncat(data+dataLen, environment, 100-dataLen-1);\n                        }\n                    }\n                }\n            }\n            {\n                HMODULE hModule;\n                hModule = LoadLibraryA(data);\n                if (hModule != NULL)\n                {\n                    FreeLibrary(hModule);\n                    printLine(\"Library loaded and freed successfully\");\n                }\n                else\n                {\n                    printLine(\"Unable to load library\");\n                }\n            }\n        }\n    }\n    if (StaticValue==366)\n    {\n        {\n            char * data;\n            char dataBuffer[100] = \"\";\n            data = dataBuffer;\n            {\n                size_t dataLen = strlen(data);\n                char * environment = GETENV(ENV_VARIABLE);\n                if (environment != NULL)\n                {\n                    strncat(data+dataLen, environment, 100-dataLen-1);\n                }\n            }\n            {\n                HMODULE hModule;\n                if(StaticValue==319)\n                {\n                    hModule = LoadLibraryA(data);\n                }\n                if (hModule != NULL)\n                {\n                    FreeLibrary(hModule);\n                    printLine(\"Library loaded and freed successfully\");\n                }\n                else\n                {\n                    if(1)\n                    {\n                        printLine(\"Unable to load library\");\n                    }\n                }\n            }\n        }\n    }\n    if (StaticValue==272)\n    {\n        {\n            char * data;\n            char dataBuffer[100] = \"\";\n            data = dataBuffer;\n            strcpy(data, \"C:\\\\Windows\\\\System32\\\\winsrv.dll\");\n            {\n                HMODULE hModule;\n                if(1)\n                {\n                    hModule = LoadLibraryA(data);\n                }\n                if (hModule != NULL)\n                {\n                    FreeLibrary(hModule);\n                    printLine(\"Library loaded and freed successfully\");\n                }\n                else\n                {\n                    if(319==319)\n                    {\n                        printLine(\"Unable to load library\");\n                    }\n                }\n            }\n        }\n    }\n}\n",
        "CWE_ID": "CWE114",
        "question": "Question: What happens if we replace the following original code snippet with the proposed variants? Will the vulnerability CWE114 be triggered, and how does it affect the functionality of the code?",
        "choices": {
            "A": "No, Function Preserved: The vulnerability CWE114 will not be triggered, and the original functionality is fully preserved.",
            "B": "No, Function Impaired: The vulnerability CWE114 will not be triggered, but the functionality of the original code is impaired.",
            "C": "Yes: The vulnerability CWE114 will still be triggered.",
            "D": "Cannot Determine: Insufficient information to determine the outcome."
        },
        "answer": "C",
        "distance": "inner_outer_variant_0"
    },
    {
        "case_id": "CWE114_Process_Control__w32_char_environment_01_bad",
        "org_code": "Original Code Snippet:\nvoid Sample_Func()\n{\n    char * data;\n    char dataBuffer[100] = \"\";\n    data = dataBuffer;\n    {\n        size_t dataLen = strlen(data);\n        char * environment = GETENV(ENV_VARIABLE);\n        if (environment != NULL)\n        {\n            strncat(data+dataLen, environment, 100-dataLen-1);\n        }\n    }\n    {\n        HMODULE hModule;\n        hModule = LoadLibraryA(data);\n        if (hModule != NULL)\n        {\n            FreeLibrary(hModule);\n            printLine(\"Library loaded and freed successfully\");\n        }\n        else\n        {\n            printLine(\"Unable to load library\");\n        }\n    }\n}\n",
        "new_code": "Code Snippet Variant:\nstatic int StaticValue = 319;\nvoid Sample_Func()\n{\n    char * data;\n    char dataBuffer[100] = \"\";\n    data = dataBuffer;\n    if(319==319)\n    {\n        if (StaticValue==144)\n        {\n            strcpy(data, \"C:\\\\Windows\\\\System32\\\\winsrv.dll\");\n        }\n    }\n    if (StaticValue==494)\n    {\n        {\n            size_t dataLen = strlen(data);\n            char * environment = GETENV(ENV_VARIABLE);\n            if (environment != NULL)\n            {\n                strncat(data+dataLen, environment, 100-dataLen-1);\n            }\n        }\n    }\n    if (StaticValue==319)\n    {\n        {\n            size_t dataLen = strlen(data);\n            char * environment = GETENV(ENV_VARIABLE);\n            if (environment != NULL)\n            {\n                strncat(data+dataLen, environment, 100-dataLen-1);\n            }\n        }\n    }\n    if(StaticValue==319)\n    {\n        {\n            HMODULE hModule;\n            hModule = LoadLibraryA(data);\n            if (hModule != NULL)\n            {\n                FreeLibrary(hModule);\n                printLine(\"Library loaded and freed successfully\");\n            }\n            else\n            {\n                printLine(\"Unable to load library\");\n            }\n        }\n    }\n}\n",
        "CWE_ID": "CWE114",
        "question": "Question: What happens if we replace the following original code snippet with the proposed variants? Will the vulnerability CWE114 be triggered, and how does it affect the functionality of the code?",
        "choices": {
            "A": "No, Function Preserved: The vulnerability CWE114 will not be triggered, and the original functionality is fully preserved.",
            "B": "No, Function Impaired: The vulnerability CWE114 will not be triggered, but the functionality of the original code is impaired.",
            "C": "Yes: The vulnerability CWE114 will still be triggered.",
            "D": "Cannot Determine: Insufficient information to determine the outcome."
        },
        "answer": "C",
        "distance": "inner_variant_0"
    },
    {
        "case_id": "CWE114_Process_Control__w32_char_environment_01_bad",
        "org_code": "Original Code Snippet:\nvoid Sample_Func()\n{\n    char * data;\n    char dataBuffer[100] = \"\";\n    data = dataBuffer;\n    {\n        size_t dataLen = strlen(data);\n        char * environment = GETENV(ENV_VARIABLE);\n        if (environment != NULL)\n        {\n            strncat(data+dataLen, environment, 100-dataLen-1);\n        }\n    }\n    {\n        HMODULE hModule;\n        hModule = LoadLibraryA(data);\n        if (hModule != NULL)\n        {\n            FreeLibrary(hModule);\n            printLine(\"Library loaded and freed successfully\");\n        }\n        else\n        {\n            printLine(\"Unable to load library\");\n        }\n    }\n}\n",
        "new_code": "Code Snippet Variant:\nstatic int StaticValue = 319;\nvoid Sample_Func()\n{\n    if (StaticValue==319)\n    {\n        {\n            char * data;\n            char dataBuffer[100] = \"\";\n            data = dataBuffer;\n            {\n                size_t dataLen = strlen(data);\n                char * environment = GETENV(ENV_VARIABLE);\n                if (environment != NULL)\n                {\n                    strncat(data+dataLen, environment, 100-dataLen-1);\n                }\n            }\n            {\n                HMODULE hModule;\n                hModule = LoadLibraryA(data);\n                if (hModule != NULL)\n                {\n                    FreeLibrary(hModule);\n                    printLine(\"Library loaded and freed successfully\");\n                }\n                else\n                {\n                    printLine(\"Unable to load library\");\n                }\n            }\n        }\n    }\n    if (StaticValue==366)\n    {\n        {\n            char * data;\n            char dataBuffer[100] = \"\";\n            data = dataBuffer;\n            {\n                size_t dataLen = strlen(data);\n                char * environment = GETENV(ENV_VARIABLE);\n                if (environment != NULL)\n                {\n                    strncat(data+dataLen, environment, 100-dataLen-1);\n                }\n            }\n            {\n                HMODULE hModule;\n                hModule = LoadLibraryA(data);\n                if (hModule != NULL)\n                {\n                    FreeLibrary(hModule);\n                    printLine(\"Library loaded and freed successfully\");\n                }\n                else\n                {\n                    printLine(\"Unable to load library\");\n                }\n            }\n        }\n    }\n    if (StaticValue==272)\n    {\n        {\n            char * data;\n            char dataBuffer[100] = \"\";\n            data = dataBuffer;\n            strcpy(data, \"C:\\\\Windows\\\\System32\\\\winsrv.dll\");\n            {\n                HMODULE hModule;\n                hModule = LoadLibraryA(data);\n                if (hModule != NULL)\n                {\n                    FreeLibrary(hModule);\n                    printLine(\"Library loaded and freed successfully\");\n                }\n                else\n                {\n                    printLine(\"Unable to load library\");\n                }\n            }\n        }\n    }\n}\n",
        "CWE_ID": "CWE114",
        "question": "Question: What happens if we replace the following original code snippet with the proposed variants? Will the vulnerability CWE114 be triggered, and how does it affect the functionality of the code?",
        "choices": {
            "A": "No, Function Preserved: The vulnerability CWE114 will not be triggered, and the original functionality is fully preserved.",
            "B": "No, Function Impaired: The vulnerability CWE114 will not be triggered, but the functionality of the original code is impaired.",
            "C": "Yes: The vulnerability CWE114 will still be triggered.",
            "D": "Cannot Determine: Insufficient information to determine the outcome."
        },
        "answer": "C",
        "distance": "outer"
    },
    {
        "case_id": "CWE114_Process_Control__w32_char_environment_01_bad",
        "org_code": "Original Code Snippet:\nvoid Sample_Func()\n{\n    char * data;\n    char dataBuffer[100] = \"\";\n    data = dataBuffer;\n    {\n        size_t dataLen = strlen(data);\n        char * environment = GETENV(ENV_VARIABLE);\n        if (environment != NULL)\n        {\n            strncat(data+dataLen, environment, 100-dataLen-1);\n        }\n    }\n    {\n        HMODULE hModule;\n        hModule = LoadLibraryA(data);\n        if (hModule != NULL)\n        {\n            FreeLibrary(hModule);\n            printLine(\"Library loaded and freed successfully\");\n        }\n        else\n        {\n            printLine(\"Unable to load library\");\n        }\n    }\n}\n",
        "new_code": "Code Snippet Variant:\nstatic int StaticValue = 319;\nvoid Sample_Func()\n{\n    if (StaticValue==319)\n    {\n        int DogCat;\n        {\n            char * data;\n            char dataBuffer[100] = \"\";\n            data = dataBuffer;\n            {\n                size_t dataLen = strlen(data);\n                char * environment = GETENV(ENV_VARIABLE);\n                if (environment != NULL)\n                {\n                    strncat(data+dataLen, environment, 100-dataLen-1);\n                }\n            }\n            {\n                HMODULE hModule;\n                if(1)\n                {\n                    hModule = LoadLibraryA(data);\n                }\n                if (hModule != NULL)\n                {\n                    FreeLibrary(hModule);\n                    printLine(\"Library loaded and freed successfully\");\n                }\n                else\n                {\n                    for(DogCat = 0; DogCat < 1; DogCat++)\n                    {\n                        printLine(\"Unable to load library\");\n                    }\n                }\n            }\n        }\n    }\n    if (StaticValue==366)\n    {\n        {\n            char * data;\n            char dataBuffer[100] = \"\";\n            data = dataBuffer;\n            if(319==319)\n            {\n                {\n                    size_t dataLen = strlen(data);\n                    char * environment = GETENV(ENV_VARIABLE);\n                    if (environment != NULL)\n                    {\n                        strncat(data+dataLen, environment, 100-dataLen-1);\n                    }\n                }\n            }\n            {\n                HMODULE hModule;\n                hModule = LoadLibraryA(data);\n                if (hModule != NULL)\n                {\n                    FreeLibrary(hModule);\n                    printLine(\"Library loaded and freed successfully\");\n                }\n                else\n                {\n                    if(StaticValue==319)\n                    {\n                        printLine(\"Unable to load library\");\n                    }\n                }\n            }\n        }\n    }\n    if (StaticValue==272)\n    {\n        int DogCat;\n        {\n            char * data;\n            char dataBuffer[100] = \"\";\n            data = dataBuffer;\n            strcpy(data, \"C:\\\\Windows\\\\System32\\\\winsrv.dll\");\n            {\n                HMODULE hModule;\n                for(DogCat = 0; DogCat < 1; DogCat++)\n                {\n                    hModule = LoadLibraryA(data);\n                }\n                if (hModule != NULL)\n                {\n                    FreeLibrary(hModule);\n                    printLine(\"Library loaded and freed successfully\");\n                }\n                else\n                {\n                    if(StaticValue==319)\n                    {\n                        printLine(\"Unable to load library\");\n                    }\n                }\n            }\n        }\n    }\n}\n",
        "CWE_ID": "CWE114",
        "question": "Question: What happens if we replace the following original code snippet with the proposed variants? Will the vulnerability CWE114 be triggered, and how does it affect the functionality of the code?",
        "choices": {
            "A": "No, Function Preserved: The vulnerability CWE114 will not be triggered, and the original functionality is fully preserved.",
            "B": "No, Function Impaired: The vulnerability CWE114 will not be triggered, but the functionality of the original code is impaired.",
            "C": "Yes: The vulnerability CWE114 will still be triggered.",
            "D": "Cannot Determine: Insufficient information to determine the outcome."
        },
        "answer": "C",
        "distance": "outer_variant"
    }
]