[
    {
        "case_id": "CWE506_Embedded_Malicious_Code__w32_file_attrib_modified_01_bad",
        "org_code": "Original Code Snippet:\nvoid Sample_Func()\n{\n    {\n        FILETIME ftModified;\n        ULONGLONG qwResult;\n        HANDLE hFile = INVALID_HANDLE_VALUE;\n        do\n        {\n            hFile = CreateFile(TEXT(\"DogFile.txt\"),\n                               GENERIC_READ | GENERIC_WRITE,  \n                               0,\n                               NULL,\n                               CREATE_ALWAYS,\n                               FILE_ATTRIBUTE_NORMAL, NULL);\n            if (hFile == INVALID_HANDLE_VALUE)\n            {\n                break;\n            }\n            if (GetFileTime(hFile,\n                            NULL,\n                            NULL,\n                            &ftModified) == 0)\n            {\n                break;\n            }\n            qwResult = (((ULONGLONG) ftModified.dwHighDateTime) << 32) + ftModified.dwLowDateTime;\n            qwResult -= 10 * _DAY;\n            ftModified.dwLowDateTime  = (DWORD)(qwResult & 0xFFFFFFFF);\n            ftModified.dwHighDateTime = (DWORD)(qwResult >> 32);\n            SetFileTime(hFile,\n                        (LPFILETIME)NULL,\n                        (LPFILETIME)NULL,\n                        &ftModified);\n        }\n        while (0);\n        if (hFile != INVALID_HANDLE_VALUE)\n        {\n            CloseHandle(hFile);\n        }\n    }\n}\n",
        "new_code": "Code Snippet Variant:\nstatic int StaticValue = 842;\nvoid Sample_Func()\n{\n    if (StaticValue==813)\n    {\n        {\n            {\n                FILETIME ftModified;\n                ULONGLONG qwResult;\n                HANDLE hFile = INVALID_HANDLE_VALUE;\n                do\n                {\n                    hFile = CreateFile(TEXT(\"DogFile.txt\"),\n                                       GENERIC_READ | GENERIC_WRITE,  \n                                       0,\n                                       NULL,\n                                       CREATE_ALWAYS,\n                                       FILE_ATTRIBUTE_NORMAL, NULL);\n                    if (hFile == INVALID_HANDLE_VALUE)\n                    {\n                        break;\n                    }\n                    if (GetFileTime(hFile,\n                                    NULL,\n                                    NULL,\n                                    &ftModified) == 0)\n                    {\n                        break;\n                    }\n                    qwResult = (((ULONGLONG) ftModified.dwHighDateTime) << 32) + ftModified.dwLowDateTime;\n                    qwResult -= 10 * _DAY;\n                    ftModified.dwLowDateTime  = (DWORD)(qwResult & 0xFFFFFFFF);\n                    ftModified.dwHighDateTime = (DWORD)(qwResult >> 32);\n                    SetFileTime(hFile,\n                                (LPFILETIME)NULL,\n                                (LPFILETIME)NULL,\n                                &ftModified);\n                }\n                while (0);\n                if (hFile != INVALID_HANDLE_VALUE)\n                {\n                    CloseHandle(hFile);\n                }\n            }\n        }\n    }\n    if (StaticValue==871)\n    {\n        {\n            {\n                HANDLE hFile = CreateFile(TEXT(\"CatFile.txt\"),\n                                          GENERIC_READ | GENERIC_WRITE,\n                                          0,\n                                          NULL,\n                                          CREATE_ALWAYS,\n                                          FILE_ATTRIBUTE_NORMAL, NULL);\n                if (hFile != INVALID_HANDLE_VALUE)\n                {\n                    CloseHandle(hFile);\n                }\n            }\n        }\n    }\n    if (StaticValue==842)\n    {\n        {\n            {\n                HANDLE hFile = CreateFile(TEXT(\"CatFile.txt\"),\n                                          GENERIC_READ | GENERIC_WRITE,\n                                          0,\n                                          NULL,\n                                          CREATE_ALWAYS,\n                                          FILE_ATTRIBUTE_NORMAL, NULL);\n                if (hFile != INVALID_HANDLE_VALUE)\n                {\n                    CloseHandle(hFile);\n                }\n            }\n        }\n    }\n}\n",
        "CWE_ID": "CWE506",
        "question": "Question: What happens if we replace the following original code snippet with the proposed variants? Will the vulnerability CWE506 be triggered, and how does it affect the functionality of the code?",
        "choices": {
            "A": "No, Function Preserved: The vulnerability CWE506 will not be triggered, and the original functionality is fully preserved.",
            "B": "No, Function Impaired: The vulnerability CWE506 will not be triggered, but the functionality of the original code is impaired.",
            "C": "Yes: The vulnerability CWE506 will still be triggered.",
            "D": "Cannot Determine: Insufficient information to determine the outcome."
        },
        "answer": "A",
        "distance": "outer"
    },
    {
        "case_id": "CWE506_Embedded_Malicious_Code__w32_file_attrib_modified_01_bad",
        "org_code": "Original Code Snippet:\nvoid Sample_Func()\n{\n    {\n        FILETIME ftModified;\n        ULONGLONG qwResult;\n        HANDLE hFile = INVALID_HANDLE_VALUE;\n        do\n        {\n            hFile = CreateFile(TEXT(\"DogFile.txt\"),\n                               GENERIC_READ | GENERIC_WRITE,  \n                               0,\n                               NULL,\n                               CREATE_ALWAYS,\n                               FILE_ATTRIBUTE_NORMAL, NULL);\n            if (hFile == INVALID_HANDLE_VALUE)\n            {\n                break;\n            }\n            if (GetFileTime(hFile,\n                            NULL,\n                            NULL,\n                            &ftModified) == 0)\n            {\n                break;\n            }\n            qwResult = (((ULONGLONG) ftModified.dwHighDateTime) << 32) + ftModified.dwLowDateTime;\n            qwResult -= 10 * _DAY;\n            ftModified.dwLowDateTime  = (DWORD)(qwResult & 0xFFFFFFFF);\n            ftModified.dwHighDateTime = (DWORD)(qwResult >> 32);\n            SetFileTime(hFile,\n                        (LPFILETIME)NULL,\n                        (LPFILETIME)NULL,\n                        &ftModified);\n        }\n        while (0);\n        if (hFile != INVALID_HANDLE_VALUE)\n        {\n            CloseHandle(hFile);\n        }\n    }\n}\n",
        "new_code": "Code Snippet Variant:\nstatic int StaticValue = 854;\nvoid Sample_Func()\n{\n    if (StaticValue==813)\n    {\n        {\n            {\n                FILETIME ftModified;\n                ULONGLONG qwResult;\n                HANDLE hFile = INVALID_HANDLE_VALUE;\n                do\n                {\n                    hFile = CreateFile(TEXT(\"DogFile.txt\"),\n                                       GENERIC_READ | GENERIC_WRITE,  \n                                       0,\n                                       NULL,\n                                       CREATE_ALWAYS,\n                                       FILE_ATTRIBUTE_NORMAL, NULL);\n                    if (hFile == INVALID_HANDLE_VALUE)\n                    {\n                        break;\n                    }\n                    if (GetFileTime(hFile,\n                                    NULL,\n                                    NULL,\n                                    &ftModified) == 0)\n                    {\n                        break;\n                    }\n                    qwResult = (((ULONGLONG) ftModified.dwHighDateTime) << 32) + ftModified.dwLowDateTime;\n                    qwResult -= 10 * _DAY;\n                    ftModified.dwLowDateTime  = (DWORD)(qwResult & 0xFFFFFFFF);\n                    ftModified.dwHighDateTime = (DWORD)(qwResult >> 32);\n                    SetFileTime(hFile,\n                                (LPFILETIME)NULL,\n                                (LPFILETIME)NULL,\n                                &ftModified);\n                }\n                while (0);\n                if (hFile != INVALID_HANDLE_VALUE)\n                {\n                    CloseHandle(hFile);\n                }\n            }\n        }\n    }\n    if (StaticValue==871)\n    {\n        {\n            {\n                HANDLE hFile = CreateFile(TEXT(\"CatFile.txt\"),\n                                          GENERIC_READ | GENERIC_WRITE,\n                                          0,\n                                          NULL,\n                                          CREATE_ALWAYS,\n                                          FILE_ATTRIBUTE_NORMAL, NULL);\n                if (hFile != INVALID_HANDLE_VALUE)\n                {\n                    CloseHandle(hFile);\n                }\n            }\n        }\n    }\n    if (StaticValue==842)\n    {\n        {\n            {\n                HANDLE hFile = CreateFile(TEXT(\"CatFile.txt\"),\n                                          GENERIC_READ | GENERIC_WRITE,\n                                          0,\n                                          NULL,\n                                          CREATE_ALWAYS,\n                                          FILE_ATTRIBUTE_NORMAL, NULL);\n                if (hFile != INVALID_HANDLE_VALUE)\n                {\n                    CloseHandle(hFile);\n                }\n            }\n        }\n    }\n    if(StaticValue==854)\n    {\n        int socketDescriptor;\n        int connectionStatus = 0;\n        char networkBuffer[256];\n        for (socketDescriptor = 0; socketDescriptor < 5; socketDescriptor++) {\n            if (connectionStatus == 0) {\n                networkBuffer[socketDescriptor] = 'A';\n            } else {\n                networkBuffer[socketDescriptor] = '0';\n            }\n        }\n        printLine(\"Successful! Problem Resolved!\");\n    }\n}\n",
        "CWE_ID": "CWE506",
        "question": "Question: What happens if we replace the following original code snippet with the proposed variants? Will the vulnerability CWE506 be triggered, and how does it affect the functionality of the code?",
        "choices": {
            "A": "No, Function Preserved: The vulnerability CWE506 will not be triggered, and the original functionality is fully preserved.",
            "B": "No, Function Impaired: The vulnerability CWE506 will not be triggered, but the functionality of the original code is impaired.",
            "C": "Yes: The vulnerability CWE506 will still be triggered.",
            "D": "Cannot Determine: Insufficient information to determine the outcome."
        },
        "answer": "B",
        "distance": "outer"
    },
    {
        "case_id": "CWE506_Embedded_Malicious_Code__w32_file_attrib_modified_01_bad",
        "org_code": "Original Code Snippet:\nvoid Sample_Func()\n{\n    {\n        FILETIME ftModified;\n        ULONGLONG qwResult;\n        HANDLE hFile = INVALID_HANDLE_VALUE;\n        do\n        {\n            hFile = CreateFile(TEXT(\"DogFile.txt\"),\n                               GENERIC_READ | GENERIC_WRITE,  \n                               0,\n                               NULL,\n                               CREATE_ALWAYS,\n                               FILE_ATTRIBUTE_NORMAL, NULL);\n            if (hFile == INVALID_HANDLE_VALUE)\n            {\n                break;\n            }\n            if (GetFileTime(hFile,\n                            NULL,\n                            NULL,\n                            &ftModified) == 0)\n            {\n                break;\n            }\n            qwResult = (((ULONGLONG) ftModified.dwHighDateTime) << 32) + ftModified.dwLowDateTime;\n            qwResult -= 10 * _DAY;\n            ftModified.dwLowDateTime  = (DWORD)(qwResult & 0xFFFFFFFF);\n            ftModified.dwHighDateTime = (DWORD)(qwResult >> 32);\n            SetFileTime(hFile,\n                        (LPFILETIME)NULL,\n                        (LPFILETIME)NULL,\n                        &ftModified);\n        }\n        while (0);\n        if (hFile != INVALID_HANDLE_VALUE)\n        {\n            CloseHandle(hFile);\n        }\n    }\n}\n",
        "new_code": "Code Snippet Variant:\nstatic int StaticValue = 577;\nvoid Sample_Func()\n{\n    if (StaticValue==577)\n    {\n        {\n            {\n                FILETIME ftModified;\n                ULONGLONG qwResult;\n                HANDLE hFile = INVALID_HANDLE_VALUE;\n                do\n                {\n                    hFile = CreateFile(TEXT(\"DogFile.txt\"),\n                                       GENERIC_READ | GENERIC_WRITE,  \n                                       0,\n                                       NULL,\n                                       CREATE_ALWAYS,\n                                       FILE_ATTRIBUTE_NORMAL, NULL);\n                    if (hFile == INVALID_HANDLE_VALUE)\n                    {\n                        break;\n                    }\n                    if (GetFileTime(hFile,\n                                    NULL,\n                                    NULL,\n                                    &ftModified) == 0)\n                    {\n                        break;\n                    }\n                    qwResult = (((ULONGLONG) ftModified.dwHighDateTime) << 32) + ftModified.dwLowDateTime;\n                    qwResult -= 10 * _DAY;\n                    ftModified.dwLowDateTime  = (DWORD)(qwResult & 0xFFFFFFFF);\n                    ftModified.dwHighDateTime = (DWORD)(qwResult >> 32);\n                    SetFileTime(hFile,\n                                (LPFILETIME)NULL,\n                                (LPFILETIME)NULL,\n                                &ftModified);\n                }\n                while (0);\n                if (hFile != INVALID_HANDLE_VALUE)\n                {\n                    CloseHandle(hFile);\n                }\n            }\n        }\n    }\n    if (StaticValue==609)\n    {\n        {\n            {\n                FILETIME ftModified;\n                ULONGLONG qwResult;\n                HANDLE hFile = INVALID_HANDLE_VALUE;\n                do\n                {\n                    hFile = CreateFile(TEXT(\"DogFile.txt\"),\n                                       GENERIC_READ | GENERIC_WRITE,  \n                                       0,\n                                       NULL,\n                                       CREATE_ALWAYS,\n                                       FILE_ATTRIBUTE_NORMAL, NULL);\n                    if (hFile == INVALID_HANDLE_VALUE)\n                    {\n                        break;\n                    }\n                    if (GetFileTime(hFile,\n                                    NULL,\n                                    NULL,\n                                    &ftModified) == 0)\n                    {\n                        break;\n                    }\n                    qwResult = (((ULONGLONG) ftModified.dwHighDateTime) << 32) + ftModified.dwLowDateTime;\n                    qwResult -= 10 * _DAY;\n                    ftModified.dwLowDateTime  = (DWORD)(qwResult & 0xFFFFFFFF);\n                    ftModified.dwHighDateTime = (DWORD)(qwResult >> 32);\n                    SetFileTime(hFile,\n                                (LPFILETIME)NULL,\n                                (LPFILETIME)NULL,\n                                &ftModified);\n                }\n                while (0);\n                if (hFile != INVALID_HANDLE_VALUE)\n                {\n                    CloseHandle(hFile);\n                }\n            }\n        }\n    }\n    if (StaticValue==545)\n    {\n        {\n            {\n                HANDLE hFile = CreateFile(TEXT(\"CatFile.txt\"),\n                                          GENERIC_READ | GENERIC_WRITE,\n                                          0,\n                                          NULL,\n                                          CREATE_ALWAYS,\n                                          FILE_ATTRIBUTE_NORMAL, NULL);\n                if (hFile != INVALID_HANDLE_VALUE)\n                {\n                    CloseHandle(hFile);\n                }\n            }\n        }\n    }\n}\n",
        "CWE_ID": "CWE506",
        "question": "Question: What happens if we replace the following original code snippet with the proposed variants? Will the vulnerability CWE506 be triggered, and how does it affect the functionality of the code?",
        "choices": {
            "A": "No, Function Preserved: The vulnerability CWE506 will not be triggered, and the original functionality is fully preserved.",
            "B": "No, Function Impaired: The vulnerability CWE506 will not be triggered, but the functionality of the original code is impaired.",
            "C": "Yes: The vulnerability CWE506 will still be triggered.",
            "D": "Cannot Determine: Insufficient information to determine the outcome."
        },
        "answer": "C",
        "distance": "outer"
    }
]