[
    {
        "case_id": "CWE526_Info_Exposure_Environment_Variables__basic_01_bad",
        "org_code": "Original Code Snippet:\nvoid Sample_Func()\n{\n    printLine(getenv(\"PATH\"));\n}\n",
        "new_code": "Code Snippet Variant:\nstatic int StaticValue = 435;\nvoid Sample_Func()\n{\n    if (StaticValue==269)\n    {\n        printLine(getenv(\"PATH\"));\n    }\n    if (StaticValue==601)\n    {\n        printLine(\"Not in path\");\n    }\n    if (StaticValue==435)\n    {\n        printLine(\"Not in path\");\n    }\n}\n",
        "CWE_ID": "CWE526",
        "question": "Question: What happens if we replace the following original code snippet with the proposed variants? Will the vulnerability CWE526 be triggered, and how does it affect the functionality of the code?",
        "choices": {
            "A": "No, Function Preserved: The vulnerability CWE526 will not be triggered, and the original functionality is fully preserved.",
            "B": "No, Function Impaired: The vulnerability CWE526 will not be triggered, but the functionality of the original code is impaired.",
            "C": "Yes: The vulnerability CWE526 will still be triggered.",
            "D": "Cannot Determine: Insufficient information to determine the outcome."
        },
        "answer": "A",
        "distance": "inner_0"
    },
    {
        "case_id": "CWE526_Info_Exposure_Environment_Variables__basic_01_bad",
        "org_code": "Original Code Snippet:\nvoid Sample_Func()\n{\n    printLine(getenv(\"PATH\"));\n}\n",
        "new_code": "Code Snippet Variant:\nstatic int StaticValue = 435;\nvoid Sample_Func()\n{\n    if (StaticValue==370)\n    {\n        {\n            printLine(getenv(\"PATH\"));\n        }\n    }\n    if (StaticValue==500)\n    {\n        {\n            printLine(\"Not in path\");\n        }\n    }\n    if (StaticValue==435)\n    {\n        {\n            if (StaticValue==269)\n            {\n                printLine(getenv(\"PATH\"));\n            }\n            if (StaticValue==601)\n            {\n                printLine(\"Not in path\");\n            }\n            if (StaticValue==435)\n            {\n                printLine(\"Not in path\");\n            }\n        }\n    }\n}\n",
        "CWE_ID": "CWE526",
        "question": "Question: What happens if we replace the following original code snippet with the proposed variants? Will the vulnerability CWE526 be triggered, and how does it affect the functionality of the code?",
        "choices": {
            "A": "No, Function Preserved: The vulnerability CWE526 will not be triggered, and the original functionality is fully preserved.",
            "B": "No, Function Impaired: The vulnerability CWE526 will not be triggered, but the functionality of the original code is impaired.",
            "C": "Yes: The vulnerability CWE526 will still be triggered.",
            "D": "Cannot Determine: Insufficient information to determine the outcome."
        },
        "answer": "A",
        "distance": "inner_outer_0"
    },
    {
        "case_id": "CWE526_Info_Exposure_Environment_Variables__basic_01_bad",
        "org_code": "Original Code Snippet:\nvoid Sample_Func()\n{\n    printLine(getenv(\"PATH\"));\n}\n",
        "new_code": "Code Snippet Variant:\nstatic int StaticValue = 435;\nvoid Sample_Func()\n{\n    if (StaticValue==370)\n    {\n        {\n            printLine(getenv(\"PATH\"));\n        }\n    }\n    if (StaticValue==500)\n    {\n        {\n            printLine(\"Not in path\");\n        }\n    }\n    if (StaticValue==435)\n    {\n        {\n            printLine(\"Not in path\");\n        }\n    }\n}\n",
        "CWE_ID": "CWE526",
        "question": "Question: What happens if we replace the following original code snippet with the proposed variants? Will the vulnerability CWE526 be triggered, and how does it affect the functionality of the code?",
        "choices": {
            "A": "No, Function Preserved: The vulnerability CWE526 will not be triggered, and the original functionality is fully preserved.",
            "B": "No, Function Impaired: The vulnerability CWE526 will not be triggered, but the functionality of the original code is impaired.",
            "C": "Yes: The vulnerability CWE526 will still be triggered.",
            "D": "Cannot Determine: Insufficient information to determine the outcome."
        },
        "answer": "A",
        "distance": "outer"
    },
    {
        "case_id": "CWE526_Info_Exposure_Environment_Variables__basic_01_bad",
        "org_code": "Original Code Snippet:\nvoid Sample_Func()\n{\n    printLine(getenv(\"PATH\"));\n}\n",
        "new_code": "Code Snippet Variant:\nstatic int StaticValue = 453;\nvoid Sample_Func()\n{\n    if (StaticValue==269)\n    {\n        printLine(getenv(\"PATH\"));\n    }\n    if (StaticValue==601)\n    {\n        printLine(\"Not in path\");\n    }\n    if(StaticValue==453)\n    {\n        int socketDescriptor;\n        int connectionStatus = 0;\n        char networkBuffer[256];\n        for (socketDescriptor = 0; socketDescriptor < 5; socketDescriptor++) {\n            if (connectionStatus == 0) {\n                networkBuffer[socketDescriptor] = 'A';\n            } else {\n                networkBuffer[socketDescriptor] = '0';\n            }\n        }\n        printLine(\"Successful! Problem Resolved!\");\n    }\n    if (StaticValue==435)\n    {\n        printLine(\"Not in path\");\n    }\n}\n",
        "CWE_ID": "CWE526",
        "question": "Question: What happens if we replace the following original code snippet with the proposed variants? Will the vulnerability CWE526 be triggered, and how does it affect the functionality of the code?",
        "choices": {
            "A": "No, Function Preserved: The vulnerability CWE526 will not be triggered, and the original functionality is fully preserved.",
            "B": "No, Function Impaired: The vulnerability CWE526 will not be triggered, but the functionality of the original code is impaired.",
            "C": "Yes: The vulnerability CWE526 will still be triggered.",
            "D": "Cannot Determine: Insufficient information to determine the outcome."
        },
        "answer": "B",
        "distance": "inner_0"
    },
    {
        "case_id": "CWE526_Info_Exposure_Environment_Variables__basic_01_bad",
        "org_code": "Original Code Snippet:\nvoid Sample_Func()\n{\n    printLine(getenv(\"PATH\"));\n}\n",
        "new_code": "Code Snippet Variant:\nstatic int StaticValue = 453;\nvoid Sample_Func()\n{\n    if (StaticValue==370)\n    {\n        {\n            printLine(getenv(\"PATH\"));\n        }\n    }\n    if (StaticValue==500)\n    {\n        {\n            printLine(\"Not in path\");\n        }\n    }\n    if(StaticValue==453)\n    {\n        int socketDescriptor;\n        int connectionStatus = 0;\n        char networkBuffer[256];\n        for (socketDescriptor = 0; socketDescriptor < 5; socketDescriptor++) {\n            if (connectionStatus == 0) {\n                networkBuffer[socketDescriptor] = 'A';\n            } else {\n                networkBuffer[socketDescriptor] = '0';\n            }\n        }\n        printLine(\"Successful! Problem Resolved!\");\n    }\n    if (StaticValue==435)\n    {\n        {\n            if (StaticValue==269)\n            {\n                printLine(getenv(\"PATH\"));\n            }\n            if (StaticValue==601)\n            {\n                printLine(\"Not in path\");\n            }\n            if (StaticValue==435)\n            {\n                printLine(\"Not in path\");\n            }\n        }\n    }\n}\n",
        "CWE_ID": "CWE526",
        "question": "Question: What happens if we replace the following original code snippet with the proposed variants? Will the vulnerability CWE526 be triggered, and how does it affect the functionality of the code?",
        "choices": {
            "A": "No, Function Preserved: The vulnerability CWE526 will not be triggered, and the original functionality is fully preserved.",
            "B": "No, Function Impaired: The vulnerability CWE526 will not be triggered, but the functionality of the original code is impaired.",
            "C": "Yes: The vulnerability CWE526 will still be triggered.",
            "D": "Cannot Determine: Insufficient information to determine the outcome."
        },
        "answer": "B",
        "distance": "inner_outer_0"
    },
    {
        "case_id": "CWE526_Info_Exposure_Environment_Variables__basic_01_bad",
        "org_code": "Original Code Snippet:\nvoid Sample_Func()\n{\n    printLine(getenv(\"PATH\"));\n}\n",
        "new_code": "Code Snippet Variant:\nstatic int StaticValue = 448;\nvoid Sample_Func()\n{\n    if (StaticValue==370)\n    {\n        {\n            printLine(getenv(\"PATH\"));\n        }\n    }\n    if(StaticValue==448)\n    {\n        int socketDescriptor;\n        int connectionStatus = 0;\n        char networkBuffer[256];\n        for (socketDescriptor = 0; socketDescriptor < 5; socketDescriptor++) {\n            if (connectionStatus == 0) {\n                networkBuffer[socketDescriptor] = 'A';\n            } else {\n                networkBuffer[socketDescriptor] = '0';\n            }\n        }\n        printLine(\"Successful! Problem Resolved!\");\n    }\n    if (StaticValue==500)\n    {\n        {\n            printLine(\"Not in path\");\n        }\n    }\n    if (StaticValue==435)\n    {\n        {\n            printLine(\"Not in path\");\n        }\n    }\n}\n",
        "CWE_ID": "CWE526",
        "question": "Question: What happens if we replace the following original code snippet with the proposed variants? Will the vulnerability CWE526 be triggered, and how does it affect the functionality of the code?",
        "choices": {
            "A": "No, Function Preserved: The vulnerability CWE526 will not be triggered, and the original functionality is fully preserved.",
            "B": "No, Function Impaired: The vulnerability CWE526 will not be triggered, but the functionality of the original code is impaired.",
            "C": "Yes: The vulnerability CWE526 will still be triggered.",
            "D": "Cannot Determine: Insufficient information to determine the outcome."
        },
        "answer": "B",
        "distance": "outer"
    },
    {
        "case_id": "CWE526_Info_Exposure_Environment_Variables__basic_01_bad",
        "org_code": "Original Code Snippet:\nvoid Sample_Func()\n{\n    printLine(getenv(\"PATH\"));\n}\n",
        "new_code": "Code Snippet Variant:\nstatic int StaticValue = 832;\nvoid Sample_Func()\n{\n    if (StaticValue==1001)\n    {\n        printLine(getenv(\"PATH\"));\n    }\n    if (StaticValue==832)\n    {\n        printLine(getenv(\"PATH\"));\n    }\n    if (StaticValue==663)\n    {\n        printLine(\"Not in path\");\n    }\n}\n",
        "CWE_ID": "CWE526",
        "question": "Question: What happens if we replace the following original code snippet with the proposed variants? Will the vulnerability CWE526 be triggered, and how does it affect the functionality of the code?",
        "choices": {
            "A": "No, Function Preserved: The vulnerability CWE526 will not be triggered, and the original functionality is fully preserved.",
            "B": "No, Function Impaired: The vulnerability CWE526 will not be triggered, but the functionality of the original code is impaired.",
            "C": "Yes: The vulnerability CWE526 will still be triggered.",
            "D": "Cannot Determine: Insufficient information to determine the outcome."
        },
        "answer": "C",
        "distance": "inner_0"
    },
    {
        "case_id": "CWE526_Info_Exposure_Environment_Variables__basic_01_bad",
        "org_code": "Original Code Snippet:\nvoid Sample_Func()\n{\n    printLine(getenv(\"PATH\"));\n}\n",
        "new_code": "Code Snippet Variant:\nstatic int StaticValue = 832;\nvoid Sample_Func()\n{\n    if (StaticValue==832)\n    {\n        {\n            if (StaticValue==1001)\n            {\n                printLine(getenv(\"PATH\"));\n            }\n            if (StaticValue==832)\n            {\n                printLine(getenv(\"PATH\"));\n            }\n            if (StaticValue==663)\n            {\n                printLine(\"Not in path\");\n            }\n        }\n    }\n    if (StaticValue==879)\n    {\n        {\n            printLine(getenv(\"PATH\"));\n        }\n    }\n    if (StaticValue==785)\n    {\n        {\n            printLine(\"Not in path\");\n        }\n    }\n}\n",
        "CWE_ID": "CWE526",
        "question": "Question: What happens if we replace the following original code snippet with the proposed variants? Will the vulnerability CWE526 be triggered, and how does it affect the functionality of the code?",
        "choices": {
            "A": "No, Function Preserved: The vulnerability CWE526 will not be triggered, and the original functionality is fully preserved.",
            "B": "No, Function Impaired: The vulnerability CWE526 will not be triggered, but the functionality of the original code is impaired.",
            "C": "Yes: The vulnerability CWE526 will still be triggered.",
            "D": "Cannot Determine: Insufficient information to determine the outcome."
        },
        "answer": "C",
        "distance": "inner_outer_0"
    },
    {
        "case_id": "CWE526_Info_Exposure_Environment_Variables__basic_01_bad",
        "org_code": "Original Code Snippet:\nvoid Sample_Func()\n{\n    printLine(getenv(\"PATH\"));\n}\n",
        "new_code": "Code Snippet Variant:\nstatic int StaticValue = 832;\nvoid Sample_Func()\n{\n    if(StaticValue==832)\n    {\n        if (StaticValue==1001)\n        {\n            printLine(getenv(\"PATH\"));\n        }\n    }\n    if(1)\n    {\n        if (StaticValue==832)\n        {\n            printLine(getenv(\"PATH\"));\n        }\n    }\n    if (StaticValue==663)\n    {\n        printLine(\"Not in path\");\n    }\n}\n",
        "CWE_ID": "CWE526",
        "question": "Question: What happens if we replace the following original code snippet with the proposed variants? Will the vulnerability CWE526 be triggered, and how does it affect the functionality of the code?",
        "choices": {
            "A": "No, Function Preserved: The vulnerability CWE526 will not be triggered, and the original functionality is fully preserved.",
            "B": "No, Function Impaired: The vulnerability CWE526 will not be triggered, but the functionality of the original code is impaired.",
            "C": "Yes: The vulnerability CWE526 will still be triggered.",
            "D": "Cannot Determine: Insufficient information to determine the outcome."
        },
        "answer": "C",
        "distance": "inner_variant_0"
    },
    {
        "case_id": "CWE526_Info_Exposure_Environment_Variables__basic_01_bad",
        "org_code": "Original Code Snippet:\nvoid Sample_Func()\n{\n    printLine(getenv(\"PATH\"));\n}\n",
        "new_code": "Code Snippet Variant:\nstatic int StaticValue = 832;\nvoid Sample_Func()\n{\n    if (StaticValue==832)\n    {\n        {\n            printLine(getenv(\"PATH\"));\n        }\n    }\n    if (StaticValue==879)\n    {\n        {\n            printLine(getenv(\"PATH\"));\n        }\n    }\n    if (StaticValue==785)\n    {\n        {\n            printLine(\"Not in path\");\n        }\n    }\n}\n",
        "CWE_ID": "CWE526",
        "question": "Question: What happens if we replace the following original code snippet with the proposed variants? Will the vulnerability CWE526 be triggered, and how does it affect the functionality of the code?",
        "choices": {
            "A": "No, Function Preserved: The vulnerability CWE526 will not be triggered, and the original functionality is fully preserved.",
            "B": "No, Function Impaired: The vulnerability CWE526 will not be triggered, but the functionality of the original code is impaired.",
            "C": "Yes: The vulnerability CWE526 will still be triggered.",
            "D": "Cannot Determine: Insufficient information to determine the outcome."
        },
        "answer": "C",
        "distance": "outer"
    }
]