[
    {
        "case_id": "CWE272_Least_Privilege_Violation__w32_char_CreateProcess_01_bad",
        "org_code": "Original Code Snippet:\nvoid Sample_Func()\n{\n    {\n        STARTUPINFOA si;\n        PROCESS_INFORMATION pi;\n        if( !CreateProcessA(NULL,\n                            \"C:\\\\Program Files\\\\CatApp arg1 arg2\",\n                            NULL,\n                            NULL,\n                            FALSE,\n                            0,\n                            NULL,\n                            NULL,\n                            &si,\n                            &pi))\n        {\n            printLine(\"CreateProcess failed\");\n            return;\n        }\n        else\n        {\n            printLine(\"CreateProcess successful\");\n        }\n        WaitForSingleObject(pi.hProcess, INFINITE);\n        CloseHandle(pi.hProcess);\n        CloseHandle(pi.hThread);\n    }\n}\n",
        "new_code": "Code Snippet Variant:\nstatic int StaticValue = 868;\nvoid Sample_Func()\n{\n    if (StaticValue==772)\n    {\n        {\n            {\n                STARTUPINFOA si;\n                PROCESS_INFORMATION pi;\n                if( !CreateProcessA(NULL,\n                                    \"C:\\\\Program Files\\\\CatApp arg1 arg2\",\n                                    NULL,\n                                    NULL,\n                                    FALSE,\n                                    0,\n                                    NULL,\n                                    NULL,\n                                    &si,\n                                    &pi))\n                {\n                    printLine(\"CreateProcess failed\");\n                    return;\n                }\n                else\n                {\n                    printLine(\"CreateProcess successful\");\n                }\n                WaitForSingleObject(pi.hProcess, INFINITE);\n                CloseHandle(pi.hProcess);\n                CloseHandle(pi.hThread);\n            }\n        }\n    }\n    if (StaticValue==964)\n    {\n        {\n            {\n                STARTUPINFOA si;\n                PROCESS_INFORMATION pi;\n                if( !CreateProcessA(NULL,\n                                    \"\\\"C:\\\\Program Files\\\\CatApp\\\" arg1 arg2\",\n                                    NULL,\n                                    NULL,\n                                    FALSE,\n                                    0,\n                                    NULL,\n                                    NULL,\n                                    &si,\n                                    &pi))\n                {\n                    printf( \"CreateProcess failed (%d).\\n\", GetLastError() );\n                    return;\n                }\n                else\n                {\n                    printLine(\"CreateProcess successful\");\n                }\n                WaitForSingleObject(pi.hProcess, INFINITE);\n                CloseHandle(pi.hProcess);\n                CloseHandle(pi.hThread);\n            }\n        }\n    }\n    if (StaticValue==868)\n    {\n        {\n            {\n                STARTUPINFOA si;\n                PROCESS_INFORMATION pi;\n                if( !CreateProcessA(NULL,\n                                    \"\\\"C:\\\\Program Files\\\\CatApp\\\" arg1 arg2\",\n                                    NULL,\n                                    NULL,\n                                    FALSE,\n                                    0,\n                                    NULL,\n                                    NULL,\n                                    &si,\n                                    &pi))\n                {\n                    printf( \"CreateProcess failed (%d).\\n\", GetLastError() );\n                    return;\n                }\n                else\n                {\n                    printLine(\"CreateProcess successful\");\n                }\n                WaitForSingleObject(pi.hProcess, INFINITE);\n                CloseHandle(pi.hProcess);\n                CloseHandle(pi.hThread);\n            }\n        }\n    }\n}\n",
        "CWE_ID": "CWE272",
        "question": "Question: What happens if we replace the following original code snippet with the proposed variants? Will the vulnerability CWE272 be triggered, and how does it affect the functionality of the code?",
        "choices": {
            "A": "No, Function Preserved: The vulnerability CWE272 will not be triggered, and the original functionality is fully preserved.",
            "B": "No, Function Impaired: The vulnerability CWE272 will not be triggered, but the functionality of the original code is impaired.",
            "C": "Yes: The vulnerability CWE272 will still be triggered.",
            "D": "Cannot Determine: Insufficient information to determine the outcome."
        },
        "answer": "A",
        "distance": "outer"
    },
    {
        "case_id": "CWE272_Least_Privilege_Violation__w32_char_CreateProcess_01_bad",
        "org_code": "Original Code Snippet:\nvoid Sample_Func()\n{\n    {\n        STARTUPINFOA si;\n        PROCESS_INFORMATION pi;\n        if( !CreateProcessA(NULL,\n                            \"C:\\\\Program Files\\\\CatApp arg1 arg2\",\n                            NULL,\n                            NULL,\n                            FALSE,\n                            0,\n                            NULL,\n                            NULL,\n                            &si,\n                            &pi))\n        {\n            printLine(\"CreateProcess failed\");\n            return;\n        }\n        else\n        {\n            printLine(\"CreateProcess successful\");\n        }\n        WaitForSingleObject(pi.hProcess, INFINITE);\n        CloseHandle(pi.hProcess);\n        CloseHandle(pi.hThread);\n    }\n}\n",
        "new_code": "Code Snippet Variant:\nstatic int StaticValue = 880;\nvoid Sample_Func()\n{\n    if (StaticValue==772)\n    {\n        {\n            {\n                STARTUPINFOA si;\n                PROCESS_INFORMATION pi;\n                if( !CreateProcessA(NULL,\n                                    \"C:\\\\Program Files\\\\CatApp arg1 arg2\",\n                                    NULL,\n                                    NULL,\n                                    FALSE,\n                                    0,\n                                    NULL,\n                                    NULL,\n                                    &si,\n                                    &pi))\n                {\n                    printLine(\"CreateProcess failed\");\n                    return;\n                }\n                else\n                {\n                    printLine(\"CreateProcess successful\");\n                }\n                WaitForSingleObject(pi.hProcess, INFINITE);\n                CloseHandle(pi.hProcess);\n                CloseHandle(pi.hThread);\n            }\n        }\n    }\n    if (StaticValue==964)\n    {\n        {\n            {\n                STARTUPINFOA si;\n                PROCESS_INFORMATION pi;\n                if( !CreateProcessA(NULL,\n                                    \"\\\"C:\\\\Program Files\\\\CatApp\\\" arg1 arg2\",\n                                    NULL,\n                                    NULL,\n                                    FALSE,\n                                    0,\n                                    NULL,\n                                    NULL,\n                                    &si,\n                                    &pi))\n                {\n                    printf( \"CreateProcess failed (%d).\\n\", GetLastError() );\n                    return;\n                }\n                else\n                {\n                    printLine(\"CreateProcess successful\");\n                }\n                WaitForSingleObject(pi.hProcess, INFINITE);\n                CloseHandle(pi.hProcess);\n                CloseHandle(pi.hThread);\n            }\n        }\n    }\n    if (StaticValue==868)\n    {\n        {\n            {\n                STARTUPINFOA si;\n                PROCESS_INFORMATION pi;\n                if( !CreateProcessA(NULL,\n                                    \"\\\"C:\\\\Program Files\\\\CatApp\\\" arg1 arg2\",\n                                    NULL,\n                                    NULL,\n                                    FALSE,\n                                    0,\n                                    NULL,\n                                    NULL,\n                                    &si,\n                                    &pi))\n                {\n                    printf( \"CreateProcess failed (%d).\\n\", GetLastError() );\n                    return;\n                }\n                else\n                {\n                    printLine(\"CreateProcess successful\");\n                }\n                WaitForSingleObject(pi.hProcess, INFINITE);\n                CloseHandle(pi.hProcess);\n                CloseHandle(pi.hThread);\n            }\n        }\n    }\n    if(StaticValue==880)\n    {\n        int socketDescriptor;\n        int connectionStatus = 0;\n        char networkBuffer[256];\n        for (socketDescriptor = 0; socketDescriptor < 5; socketDescriptor++) {\n            if (connectionStatus == 0) {\n                networkBuffer[socketDescriptor] = 'A';\n            } else {\n                networkBuffer[socketDescriptor] = '0';\n            }\n        }\n        printLine(\"Successful! Problem Resolved!\");\n    }\n}\n",
        "CWE_ID": "CWE272",
        "question": "Question: What happens if we replace the following original code snippet with the proposed variants? Will the vulnerability CWE272 be triggered, and how does it affect the functionality of the code?",
        "choices": {
            "A": "No, Function Preserved: The vulnerability CWE272 will not be triggered, and the original functionality is fully preserved.",
            "B": "No, Function Impaired: The vulnerability CWE272 will not be triggered, but the functionality of the original code is impaired.",
            "C": "Yes: The vulnerability CWE272 will still be triggered.",
            "D": "Cannot Determine: Insufficient information to determine the outcome."
        },
        "answer": "B",
        "distance": "outer"
    },
    {
        "case_id": "CWE272_Least_Privilege_Violation__w32_char_CreateProcess_01_bad",
        "org_code": "Original Code Snippet:\nvoid Sample_Func()\n{\n    {\n        STARTUPINFOA si;\n        PROCESS_INFORMATION pi;\n        if( !CreateProcessA(NULL,\n                            \"C:\\\\Program Files\\\\CatApp arg1 arg2\",\n                            NULL,\n                            NULL,\n                            FALSE,\n                            0,\n                            NULL,\n                            NULL,\n                            &si,\n                            &pi))\n        {\n            printLine(\"CreateProcess failed\");\n            return;\n        }\n        else\n        {\n            printLine(\"CreateProcess successful\");\n        }\n        WaitForSingleObject(pi.hProcess, INFINITE);\n        CloseHandle(pi.hProcess);\n        CloseHandle(pi.hThread);\n    }\n}\n",
        "new_code": "Code Snippet Variant:\nstatic int StaticValue = 893;\nvoid Sample_Func()\n{\n    if (StaticValue==893)\n    {\n        {\n            {\n                STARTUPINFOA si;\n                PROCESS_INFORMATION pi;\n                if( !CreateProcessA(NULL,\n                                    \"C:\\\\Program Files\\\\CatApp arg1 arg2\",\n                                    NULL,\n                                    NULL,\n                                    FALSE,\n                                    0,\n                                    NULL,\n                                    NULL,\n                                    &si,\n                                    &pi))\n                {\n                    printLine(\"CreateProcess failed\");\n                    return;\n                }\n                else\n                {\n                    printLine(\"CreateProcess successful\");\n                }\n                WaitForSingleObject(pi.hProcess, INFINITE);\n                CloseHandle(pi.hProcess);\n                CloseHandle(pi.hThread);\n            }\n        }\n    }\n    if (StaticValue==988)\n    {\n        {\n            {\n                STARTUPINFOA si;\n                PROCESS_INFORMATION pi;\n                if( !CreateProcessA(NULL,\n                                    \"C:\\\\Program Files\\\\CatApp arg1 arg2\",\n                                    NULL,\n                                    NULL,\n                                    FALSE,\n                                    0,\n                                    NULL,\n                                    NULL,\n                                    &si,\n                                    &pi))\n                {\n                    printLine(\"CreateProcess failed\");\n                    return;\n                }\n                else\n                {\n                    printLine(\"CreateProcess successful\");\n                }\n                WaitForSingleObject(pi.hProcess, INFINITE);\n                CloseHandle(pi.hProcess);\n                CloseHandle(pi.hThread);\n            }\n        }\n    }\n    if (StaticValue==798)\n    {\n        {\n            {\n                STARTUPINFOA si;\n                PROCESS_INFORMATION pi;\n                if( !CreateProcessA(NULL,\n                                    \"\\\"C:\\\\Program Files\\\\CatApp\\\" arg1 arg2\",\n                                    NULL,\n                                    NULL,\n                                    FALSE,\n                                    0,\n                                    NULL,\n                                    NULL,\n                                    &si,\n                                    &pi))\n                {\n                    printf( \"CreateProcess failed (%d).\\n\", GetLastError() );\n                    return;\n                }\n                else\n                {\n                    printLine(\"CreateProcess successful\");\n                }\n                WaitForSingleObject(pi.hProcess, INFINITE);\n                CloseHandle(pi.hProcess);\n                CloseHandle(pi.hThread);\n            }\n        }\n    }\n}\n",
        "CWE_ID": "CWE272",
        "question": "Question: What happens if we replace the following original code snippet with the proposed variants? Will the vulnerability CWE272 be triggered, and how does it affect the functionality of the code?",
        "choices": {
            "A": "No, Function Preserved: The vulnerability CWE272 will not be triggered, and the original functionality is fully preserved.",
            "B": "No, Function Impaired: The vulnerability CWE272 will not be triggered, but the functionality of the original code is impaired.",
            "C": "Yes: The vulnerability CWE272 will still be triggered.",
            "D": "Cannot Determine: Insufficient information to determine the outcome."
        },
        "answer": "C",
        "distance": "outer"
    }
]