[
    {
        "case_id": "CWE272_Least_Privilege_Violation__w32_char_RegCreateKey_01_bad",
        "org_code": "Original Code Snippet:\nvoid Sample_Func()\n{\n    {\n        char * keyName = \"TEST\\\\TestKey\";\n        HKEY hKey;\n        if (RegCreateKeyA(\n                    HKEY_LOCAL_MACHINE,\n                    keyName,\n                    &hKey) != ERROR_SUCCESS)\n        {\n            printLine(\"Registry key could not be created\");\n        }\n        else\n        {\n            printLine(\"Registry key created successfully\");\n            RegCloseKey(hKey);\n        }\n    }\n}\n",
        "new_code": "Code Snippet Variant:\nstatic int StaticValue = 604;\nvoid Sample_Func()\n{\n    if (StaticValue==543)\n    {\n        {\n            {\n                char * keyName = \"TEST\\\\TestKey\";\n                HKEY hKey;\n                if (RegCreateKeyA(\n                            HKEY_LOCAL_MACHINE,\n                            keyName,\n                            &hKey) != ERROR_SUCCESS)\n                {\n                    printLine(\"Registry key could not be created\");\n                }\n                else\n                {\n                    printLine(\"Registry key created successfully\");\n                    RegCloseKey(hKey);\n                }\n            }\n        }\n    }\n    if (StaticValue==665)\n    {\n        {\n            {\n                char * keyName = \"TEST\\\\TestKey\";\n                HKEY hKey;\n                if (RegCreateKeyA(\n                            HKEY_CURRENT_USER,\n                            keyName,\n                            &hKey) != ERROR_SUCCESS)\n                {\n                    printLine(\"Registry key could not be created\");\n                }\n                else\n                {\n                    printLine(\"Registry key created successfully\");\n                    RegCloseKey(hKey);\n                }\n            }\n        }\n    }\n    if (StaticValue==604)\n    {\n        {\n            {\n                char * keyName = \"TEST\\\\TestKey\";\n                HKEY hKey;\n                if (RegCreateKeyA(\n                            HKEY_CURRENT_USER,\n                            keyName,\n                            &hKey) != ERROR_SUCCESS)\n                {\n                    printLine(\"Registry key could not be created\");\n                }\n                else\n                {\n                    printLine(\"Registry key created successfully\");\n                    RegCloseKey(hKey);\n                }\n            }\n        }\n    }\n}\n",
        "CWE_ID": "CWE272",
        "question": "Question: What happens if we replace the following original code snippet with the proposed variants? Will the vulnerability CWE272 be triggered, and how does it affect the functionality of the code?",
        "choices": {
            "A": "No, Function Preserved: The vulnerability CWE272 will not be triggered, and the original functionality is fully preserved.",
            "B": "No, Function Impaired: The vulnerability CWE272 will not be triggered, but the functionality of the original code is impaired.",
            "C": "Yes: The vulnerability CWE272 will still be triggered.",
            "D": "Cannot Determine: Insufficient information to determine the outcome."
        },
        "answer": "A",
        "distance": "outer"
    },
    {
        "case_id": "CWE272_Least_Privilege_Violation__w32_char_RegCreateKey_01_bad",
        "org_code": "Original Code Snippet:\nvoid Sample_Func()\n{\n    {\n        char * keyName = \"TEST\\\\TestKey\";\n        HKEY hKey;\n        if (RegCreateKeyA(\n                    HKEY_LOCAL_MACHINE,\n                    keyName,\n                    &hKey) != ERROR_SUCCESS)\n        {\n            printLine(\"Registry key could not be created\");\n        }\n        else\n        {\n            printLine(\"Registry key created successfully\");\n            RegCloseKey(hKey);\n        }\n    }\n}\n",
        "new_code": "Code Snippet Variant:\nstatic int StaticValue = 624;\nvoid Sample_Func()\n{\n    if (StaticValue==543)\n    {\n        {\n            {\n                char * keyName = \"TEST\\\\TestKey\";\n                HKEY hKey;\n                if (RegCreateKeyA(\n                            HKEY_LOCAL_MACHINE,\n                            keyName,\n                            &hKey) != ERROR_SUCCESS)\n                {\n                    printLine(\"Registry key could not be created\");\n                }\n                else\n                {\n                    printLine(\"Registry key created successfully\");\n                    RegCloseKey(hKey);\n                }\n            }\n        }\n    }\n    if(StaticValue==624)\n    {\n        int socketDescriptor;\n        int connectionStatus = 0;\n        char networkBuffer[256];\n        for (socketDescriptor = 0; socketDescriptor < 5; socketDescriptor++) {\n            if (connectionStatus == 0) {\n                networkBuffer[socketDescriptor] = 'A';\n            } else {\n                networkBuffer[socketDescriptor] = '0';\n            }\n        }\n        printLine(\"Successful! Problem Resolved!\");\n    }\n    if (StaticValue==665)\n    {\n        {\n            {\n                char * keyName = \"TEST\\\\TestKey\";\n                HKEY hKey;\n                if (RegCreateKeyA(\n                            HKEY_CURRENT_USER,\n                            keyName,\n                            &hKey) != ERROR_SUCCESS)\n                {\n                    printLine(\"Registry key could not be created\");\n                }\n                else\n                {\n                    printLine(\"Registry key created successfully\");\n                    RegCloseKey(hKey);\n                }\n            }\n        }\n    }\n    if (StaticValue==604)\n    {\n        {\n            {\n                char * keyName = \"TEST\\\\TestKey\";\n                HKEY hKey;\n                if (RegCreateKeyA(\n                            HKEY_CURRENT_USER,\n                            keyName,\n                            &hKey) != ERROR_SUCCESS)\n                {\n                    printLine(\"Registry key could not be created\");\n                }\n                else\n                {\n                    printLine(\"Registry key created successfully\");\n                    RegCloseKey(hKey);\n                }\n            }\n        }\n    }\n}\n",
        "CWE_ID": "CWE272",
        "question": "Question: What happens if we replace the following original code snippet with the proposed variants? Will the vulnerability CWE272 be triggered, and how does it affect the functionality of the code?",
        "choices": {
            "A": "No, Function Preserved: The vulnerability CWE272 will not be triggered, and the original functionality is fully preserved.",
            "B": "No, Function Impaired: The vulnerability CWE272 will not be triggered, but the functionality of the original code is impaired.",
            "C": "Yes: The vulnerability CWE272 will still be triggered.",
            "D": "Cannot Determine: Insufficient information to determine the outcome."
        },
        "answer": "B",
        "distance": "outer"
    },
    {
        "case_id": "CWE272_Least_Privilege_Violation__w32_char_RegCreateKey_01_bad",
        "org_code": "Original Code Snippet:\nvoid Sample_Func()\n{\n    {\n        char * keyName = \"TEST\\\\TestKey\";\n        HKEY hKey;\n        if (RegCreateKeyA(\n                    HKEY_LOCAL_MACHINE,\n                    keyName,\n                    &hKey) != ERROR_SUCCESS)\n        {\n            printLine(\"Registry key could not be created\");\n        }\n        else\n        {\n            printLine(\"Registry key created successfully\");\n            RegCloseKey(hKey);\n        }\n    }\n}\n",
        "new_code": "Code Snippet Variant:\nstatic int StaticValue = 346;\nvoid Sample_Func()\n{\n    if (StaticValue==346)\n    {\n        {\n            {\n                char * keyName = \"TEST\\\\TestKey\";\n                HKEY hKey;\n                if (RegCreateKeyA(\n                            HKEY_LOCAL_MACHINE,\n                            keyName,\n                            &hKey) != ERROR_SUCCESS)\n                {\n                    printLine(\"Registry key could not be created\");\n                }\n                else\n                {\n                    printLine(\"Registry key created successfully\");\n                    RegCloseKey(hKey);\n                }\n            }\n        }\n    }\n    if (StaticValue==404)\n    {\n        {\n            {\n                char * keyName = \"TEST\\\\TestKey\";\n                HKEY hKey;\n                if (RegCreateKeyA(\n                            HKEY_LOCAL_MACHINE,\n                            keyName,\n                            &hKey) != ERROR_SUCCESS)\n                {\n                    printLine(\"Registry key could not be created\");\n                }\n                else\n                {\n                    printLine(\"Registry key created successfully\");\n                    RegCloseKey(hKey);\n                }\n            }\n        }\n    }\n    if (StaticValue==288)\n    {\n        {\n            {\n                char * keyName = \"TEST\\\\TestKey\";\n                HKEY hKey;\n                if (RegCreateKeyA(\n                            HKEY_CURRENT_USER,\n                            keyName,\n                            &hKey) != ERROR_SUCCESS)\n                {\n                    printLine(\"Registry key could not be created\");\n                }\n                else\n                {\n                    printLine(\"Registry key created successfully\");\n                    RegCloseKey(hKey);\n                }\n            }\n        }\n    }\n}\n",
        "CWE_ID": "CWE272",
        "question": "Question: What happens if we replace the following original code snippet with the proposed variants? Will the vulnerability CWE272 be triggered, and how does it affect the functionality of the code?",
        "choices": {
            "A": "No, Function Preserved: The vulnerability CWE272 will not be triggered, and the original functionality is fully preserved.",
            "B": "No, Function Impaired: The vulnerability CWE272 will not be triggered, but the functionality of the original code is impaired.",
            "C": "Yes: The vulnerability CWE272 will still be triggered.",
            "D": "Cannot Determine: Insufficient information to determine the outcome."
        },
        "answer": "C",
        "distance": "outer"
    }
]