[
    {
        "case_id": "CWE459_Incomplete_Cleanup__char_01_bad",
        "org_code": "Original Code Snippet:\nvoid Sample_Func()\n{\n    {\n        char filename[] = \"DogXXXXXX\";\n        FILE *pFile;\n        int fileDesc = MKSTEMP(filename);\n        if (fileDesc != -1)\n        {\n            pFile = FDOPEN(fileDesc, \"w\");\n            if (pFile != NULL)\n            {\n                fprintf(pFile, \"Temporary file\");\n                fclose(pFile);\n            }\n        }\n    }\n}\n",
        "new_code": "Code Snippet Variant:\nstatic int StaticValue = 314;\nvoid Sample_Func()\n{\n    if (StaticValue==256)\n    {\n        {\n            {\n                char filename[] = \"DogXXXXXX\";\n                FILE *pFile;\n                int fileDesc = MKSTEMP(filename);\n                if (fileDesc != -1)\n                {\n                    pFile = FDOPEN(fileDesc, \"w\");\n                    if (pFile != NULL)\n                    {\n                        fprintf(pFile, \"Temporary file\");\n                        fclose(pFile);\n                    }\n                }\n            }\n        }\n    }\n    if (StaticValue==372)\n    {\n        {\n            {\n                char filename[] = \"CatXXXXXX\";\n                FILE *pFile;\n                int fileDesc = MKSTEMP(filename);\n                if (fileDesc != -1)\n                {\n                    pFile = FDOPEN(fileDesc, \"w\");\n                    if (pFile != NULL)\n                    {\n                        fprintf(pFile, \"Temporary file\");\n                        fclose(pFile);\n                        UNLINK(filename);  \n                    }\n                }\n            }\n        }\n    }\n    if (StaticValue==314)\n    {\n        {\n            {\n                char filename[] = \"CatXXXXXX\";\n                FILE *pFile;\n                int fileDesc = MKSTEMP(filename);\n                if (fileDesc != -1)\n                {\n                    pFile = FDOPEN(fileDesc, \"w\");\n                    if (pFile != NULL)\n                    {\n                        fprintf(pFile, \"Temporary file\");\n                        fclose(pFile);\n                        UNLINK(filename);  \n                    }\n                }\n            }\n        }\n    }\n}\n",
        "CWE_ID": "CWE459",
        "question": "Question: What happens if we replace the following original code snippet with the proposed variants? Will the vulnerability CWE459 be triggered, and how does it affect the functionality of the code?",
        "choices": {
            "A": "No, Function Preserved: The vulnerability CWE459 will not be triggered, and the original functionality is fully preserved.",
            "B": "No, Function Impaired: The vulnerability CWE459 will not be triggered, but the functionality of the original code is impaired.",
            "C": "Yes: The vulnerability CWE459 will still be triggered.",
            "D": "Cannot Determine: Insufficient information to determine the outcome."
        },
        "answer": "A",
        "distance": "outer"
    },
    {
        "case_id": "CWE459_Incomplete_Cleanup__char_01_bad",
        "org_code": "Original Code Snippet:\nvoid Sample_Func()\n{\n    {\n        char filename[] = \"DogXXXXXX\";\n        FILE *pFile;\n        int fileDesc = MKSTEMP(filename);\n        if (fileDesc != -1)\n        {\n            pFile = FDOPEN(fileDesc, \"w\");\n            if (pFile != NULL)\n            {\n                fprintf(pFile, \"Temporary file\");\n                fclose(pFile);\n            }\n        }\n    }\n}\n",
        "new_code": "Code Snippet Variant:\nstatic int StaticValue = 333;\nvoid Sample_Func()\n{\n    if (StaticValue==256)\n    {\n        {\n            {\n                char filename[] = \"DogXXXXXX\";\n                FILE *pFile;\n                int fileDesc = MKSTEMP(filename);\n                if (fileDesc != -1)\n                {\n                    pFile = FDOPEN(fileDesc, \"w\");\n                    if (pFile != NULL)\n                    {\n                        fprintf(pFile, \"Temporary file\");\n                        fclose(pFile);\n                    }\n                }\n            }\n        }\n    }\n    if (StaticValue==372)\n    {\n        {\n            {\n                char filename[] = \"CatXXXXXX\";\n                FILE *pFile;\n                int fileDesc = MKSTEMP(filename);\n                if (fileDesc != -1)\n                {\n                    pFile = FDOPEN(fileDesc, \"w\");\n                    if (pFile != NULL)\n                    {\n                        fprintf(pFile, \"Temporary file\");\n                        fclose(pFile);\n                        UNLINK(filename);  \n                    }\n                }\n            }\n        }\n    }\n    if (StaticValue==314)\n    {\n        {\n            {\n                char filename[] = \"CatXXXXXX\";\n                FILE *pFile;\n                int fileDesc = MKSTEMP(filename);\n                if (fileDesc != -1)\n                {\n                    pFile = FDOPEN(fileDesc, \"w\");\n                    if (pFile != NULL)\n                    {\n                        fprintf(pFile, \"Temporary file\");\n                        fclose(pFile);\n                        UNLINK(filename);  \n                    }\n                }\n            }\n        }\n    }\n    if(StaticValue==333)\n    {\n        int socketDescriptor;\n        int connectionStatus = 0;\n        char networkBuffer[256];\n        for (socketDescriptor = 0; socketDescriptor < 5; socketDescriptor++) {\n            if (connectionStatus == 0) {\n                networkBuffer[socketDescriptor] = 'A';\n            } else {\n                networkBuffer[socketDescriptor] = '0';\n            }\n        }\n        printLine(\"Successful! Problem Resolved!\");\n    }\n}\n",
        "CWE_ID": "CWE459",
        "question": "Question: What happens if we replace the following original code snippet with the proposed variants? Will the vulnerability CWE459 be triggered, and how does it affect the functionality of the code?",
        "choices": {
            "A": "No, Function Preserved: The vulnerability CWE459 will not be triggered, and the original functionality is fully preserved.",
            "B": "No, Function Impaired: The vulnerability CWE459 will not be triggered, but the functionality of the original code is impaired.",
            "C": "Yes: The vulnerability CWE459 will still be triggered.",
            "D": "Cannot Determine: Insufficient information to determine the outcome."
        },
        "answer": "B",
        "distance": "outer"
    },
    {
        "case_id": "CWE459_Incomplete_Cleanup__char_01_bad",
        "org_code": "Original Code Snippet:\nvoid Sample_Func()\n{\n    {\n        char filename[] = \"DogXXXXXX\";\n        FILE *pFile;\n        int fileDesc = MKSTEMP(filename);\n        if (fileDesc != -1)\n        {\n            pFile = FDOPEN(fileDesc, \"w\");\n            if (pFile != NULL)\n            {\n                fprintf(pFile, \"Temporary file\");\n                fclose(pFile);\n            }\n        }\n    }\n}\n",
        "new_code": "Code Snippet Variant:\nstatic int StaticValue = 477;\nvoid Sample_Func()\n{\n    if (StaticValue==477)\n    {\n        {\n            {\n                char filename[] = \"DogXXXXXX\";\n                FILE *pFile;\n                int fileDesc = MKSTEMP(filename);\n                if (fileDesc != -1)\n                {\n                    pFile = FDOPEN(fileDesc, \"w\");\n                    if (pFile != NULL)\n                    {\n                        fprintf(pFile, \"Temporary file\");\n                        fclose(pFile);\n                    }\n                }\n            }\n        }\n    }\n    if (StaticValue==531)\n    {\n        {\n            {\n                char filename[] = \"DogXXXXXX\";\n                FILE *pFile;\n                int fileDesc = MKSTEMP(filename);\n                if (fileDesc != -1)\n                {\n                    pFile = FDOPEN(fileDesc, \"w\");\n                    if (pFile != NULL)\n                    {\n                        fprintf(pFile, \"Temporary file\");\n                        fclose(pFile);\n                    }\n                }\n            }\n        }\n    }\n    if (StaticValue==423)\n    {\n        {\n            {\n                char filename[] = \"CatXXXXXX\";\n                FILE *pFile;\n                int fileDesc = MKSTEMP(filename);\n                if (fileDesc != -1)\n                {\n                    pFile = FDOPEN(fileDesc, \"w\");\n                    if (pFile != NULL)\n                    {\n                        fprintf(pFile, \"Temporary file\");\n                        fclose(pFile);\n                        UNLINK(filename);  \n                    }\n                }\n            }\n        }\n    }\n}\n",
        "CWE_ID": "CWE459",
        "question": "Question: What happens if we replace the following original code snippet with the proposed variants? Will the vulnerability CWE459 be triggered, and how does it affect the functionality of the code?",
        "choices": {
            "A": "No, Function Preserved: The vulnerability CWE459 will not be triggered, and the original functionality is fully preserved.",
            "B": "No, Function Impaired: The vulnerability CWE459 will not be triggered, but the functionality of the original code is impaired.",
            "C": "Yes: The vulnerability CWE459 will still be triggered.",
            "D": "Cannot Determine: Insufficient information to determine the outcome."
        },
        "answer": "C",
        "distance": "outer"
    }
]