[
    {
        "case_id": "primevul_45",
        "code": "smb_fdata(netdissect_options *ndo, const u_char *buf, const char *fmt, const u_char *maxbuf, int unicodestr)\n{\n    static int depth = 0;\n    char s[128];\n    char *p;\n    while (*fmt)\n    {\n        switch (*fmt)\n        {\n            case '*':\n                fmt++;\n                while (buf < maxbuf)\n                {\n                    const u_char *buf2;\n                    depth++;\n                    buf2 = smb_fdata(ndo, buf, fmt, maxbuf, unicodestr);\n                    depth--;\n                    if (buf2 == NULL)\n                    {\n                        return(NULL);\n                    }\n                    if (buf2 == buf)\n                    {\n                        return(buf);\n                    }\n                    buf = buf2;\n                }\n                return(buf);\n            case '|':\n                fmt++;\n                if (buf >= maxbuf)\n                {\n                    return(buf);\n                }\n                break;\n            case '%':\n                fmt++;\n                buf = maxbuf;\n                break;\n            case '#':\n                fmt++;\n                return(buf);\n                break;\n            case '[':\n                fmt++;\n                if (buf >= maxbuf)\n                {\n                    return(buf);\n                }\n                memset(s, 0, sizeof(s));\n                p = strchr(fmt, ']');\n                if ((size_t)(p - fmt + 1) > sizeof(s))\n                {\n                    return(buf);\n                }\n                strncpy(s, fmt, p - fmt);\n                s[p - fmt] = '\\0';\n                fmt = p + 1;\n                buf = smb_fdata1(ndo, buf, s, maxbuf, unicodestr);\n                if (buf == NULL)\n                {\n                    return(NULL);\n                }\n                break;\n            default:\n                ND_PRINT((ndo, \"%c\", *fmt));\n                fmt++;\n                break;\n        }\n    }\n    if (!depth && buf < maxbuf)\n    {\n        size_t len = PTR_DIFF(maxbuf, buf);\n        ND_PRINT((ndo, \"Data: (%lu bytes)\\n\", (unsigned long)len));\n        smb_print_data(ndo, buf, len);\n        return(buf + len);\n    }\n    return(buf);\n}\n",
        "question": "Given that the parameter or function `PTR_DIFF` is modified before the execution of the function `smb_print_data`, evaluate the potential impact on the outcomes of `smb_print_data`. Consider how `PTR_DIFF` could influence `smb_print_data`, including its role as a direct parameter, its effect on controlling conditions, or its indirect impacts through other related variables or system states.",
        "choices": {
            "A": "The change to `PTR_DIFF` directly alters the arguments passed to `smb_print_data`.",
            "B": "There is neither a direct nor a significant indirect relationship between the changes to `PTR_DIFF` and the behavior or output of `smb_print_data`, suggesting no observable impact.",
            "C": "The modification of `PTR_DIFF` might indirectly influence `smb_print_data` by modifying the control statement that controls the behavior of `smb_print_data`.",
            "D": "It is not possible to determine the effect without additional context."
        },
        "answer": "A",
        "distance": 4
    },
    {
        "case_id": "primevul_45",
        "code": "smb_fdata(netdissect_options *ndo, const u_char *buf, const char *fmt, const u_char *maxbuf, int unicodestr)\n{\n    static int depth = 0;\n    char s[128];\n    char *p;\n    while (*fmt)\n    {\n        switch (*fmt)\n        {\n            case '*':\n                fmt++;\n                while (buf < maxbuf)\n                {\n                    const u_char *buf2;\n                    depth++;\n                    buf2 = smb_fdata(ndo, buf, fmt, maxbuf, unicodestr);\n                    depth--;\n                    if (buf2 == NULL)\n                    {\n                        return(NULL);\n                    }\n                    if (buf2 == buf)\n                    {\n                        return(buf);\n                    }\n                    buf = buf2;\n                }\n                return(buf);\n            case '|':\n                fmt++;\n                if (buf >= maxbuf)\n                {\n                    return(buf);\n                }\n                break;\n            case '%':\n                fmt++;\n                buf = maxbuf;\n                break;\n            case '#':\n                fmt++;\n                return(buf);\n                break;\n            case '[':\n                fmt++;\n                if (buf >= maxbuf)\n                {\n                    return(buf);\n                }\n                memset(s, 0, sizeof(s));\n                p = strchr(fmt, ']');\n                if ((size_t)(p - fmt + 1) > sizeof(s))\n                {\n                    return(buf);\n                }\n                strncpy(s, fmt, p - fmt);\n                s[p - fmt] = '\\0';\n                fmt = p + 1;\n                buf = smb_fdata1(ndo, buf, s, maxbuf, unicodestr);\n                if (buf == NULL)\n                {\n                    return(NULL);\n                }\n                break;\n            default:\n                ND_PRINT((ndo, \"%c\", *fmt));\n                fmt++;\n                break;\n        }\n    }\n    if (!depth && buf < maxbuf)\n    {\n        size_t len = PTR_DIFF(maxbuf, buf);\n        ND_PRINT((ndo, \"Data: (%lu bytes)\\n\", (unsigned long)len));\n        smb_print_data(ndo, buf, len);\n        return(buf + len);\n    }\n    return(buf);\n}\n",
        "question": "Given that the parameter or function `maxbuf` is modified before the execution of the function `PTR_DIFF`, evaluate the potential impact on the outcomes of `PTR_DIFF`. Consider how `maxbuf` could influence `PTR_DIFF`, including its role as a direct parameter, its effect on controlling conditions, or its indirect impacts through other related variables or system states.",
        "choices": {
            "A": "The change to `maxbuf` directly alters the arguments passed to `PTR_DIFF`.",
            "B": "There is neither a direct nor a significant indirect relationship between the changes to `maxbuf` and the behavior or output of `PTR_DIFF`, suggesting no observable impact.",
            "C": "The modification of `maxbuf` might indirectly influence `PTR_DIFF` by modifying the control statement that controls the behavior of `PTR_DIFF`.",
            "D": "It is not possible to determine the effect without additional context."
        },
        "answer": "A",
        "distance": 1
    },
    {
        "case_id": "primevul_45",
        "code": "smb_fdata(netdissect_options *ndo, const u_char *buf, const char *fmt, const u_char *maxbuf, int unicodestr)\n{\n    static int depth = 0;\n    char s[128];\n    char *p;\n    while (*fmt)\n    {\n        switch (*fmt)\n        {\n            case '*':\n                fmt++;\n                while (buf < maxbuf)\n                {\n                    const u_char *buf2;\n                    depth++;\n                    buf2 = smb_fdata(ndo, buf, fmt, maxbuf, unicodestr);\n                    depth--;\n                    if (buf2 == NULL)\n                    {\n                        return(NULL);\n                    }\n                    if (buf2 == buf)\n                    {\n                        return(buf);\n                    }\n                    buf = buf2;\n                }\n                return(buf);\n            case '|':\n                fmt++;\n                if (buf >= maxbuf)\n                {\n                    return(buf);\n                }\n                break;\n            case '%':\n                fmt++;\n                buf = maxbuf;\n                break;\n            case '#':\n                fmt++;\n                return(buf);\n                break;\n            case '[':\n                fmt++;\n                if (buf >= maxbuf)\n                {\n                    return(buf);\n                }\n                memset(s, 0, sizeof(s));\n                p = strchr(fmt, ']');\n                if ((size_t)(p - fmt + 1) > sizeof(s))\n                {\n                    return(buf);\n                }\n                strncpy(s, fmt, p - fmt);\n                s[p - fmt] = '\\0';\n                fmt = p + 1;\n                buf = smb_fdata1(ndo, buf, s, maxbuf, unicodestr);\n                if (buf == NULL)\n                {\n                    return(NULL);\n                }\n                break;\n            default:\n                ND_PRINT((ndo, \"%c\", *fmt));\n                fmt++;\n                break;\n        }\n    }\n    if (!depth && buf < maxbuf)\n    {\n        size_t len = PTR_DIFF(maxbuf, buf);\n        ND_PRINT((ndo, \"Data: (%lu bytes)\\n\", (unsigned long)len));\n        smb_print_data(ndo, buf, len);\n        return(buf + len);\n    }\n    return(buf);\n}\n",
        "question": "Given that the parameter or function `buf` is modified before the execution of the function `PTR_DIFF`, evaluate the potential impact on the outcomes of `PTR_DIFF`. Consider how `buf` could influence `PTR_DIFF`, including its role as a direct parameter, its effect on controlling conditions, or its indirect impacts through other related variables or system states.",
        "choices": {
            "A": "The change to `buf` directly alters the arguments passed to `PTR_DIFF`.",
            "B": "There is neither a direct nor a significant indirect relationship between the changes to `buf` and the behavior or output of `PTR_DIFF`, suggesting no observable impact.",
            "C": "The modification of `buf` might indirectly influence `PTR_DIFF` by modifying the control statement that controls the behavior of `PTR_DIFF`.",
            "D": "It is not possible to determine the effect without additional context."
        },
        "answer": "A",
        "distance": 1
    },
    {
        "case_id": "primevul_45",
        "code": "smb_fdata(netdissect_options *ndo, const u_char *buf, const char *fmt, const u_char *maxbuf, int unicodestr)\n{\n    static int depth = 0;\n    char s[128];\n    char *p;\n    while (*fmt)\n    {\n        switch (*fmt)\n        {\n            case '*':\n                fmt++;\n                while (buf < maxbuf)\n                {\n                    const u_char *buf2;\n                    depth++;\n                    buf2 = smb_fdata(ndo, buf, fmt, maxbuf, unicodestr);\n                    depth--;\n                    if (buf2 == NULL)\n                    {\n                        return(NULL);\n                    }\n                    if (buf2 == buf)\n                    {\n                        return(buf);\n                    }\n                    buf = buf2;\n                }\n                return(buf);\n            case '|':\n                fmt++;\n                if (buf >= maxbuf)\n                {\n                    return(buf);\n                }\n                break;\n            case '%':\n                fmt++;\n                buf = maxbuf;\n                break;\n            case '#':\n                fmt++;\n                return(buf);\n                break;\n            case '[':\n                fmt++;\n                if (buf >= maxbuf)\n                {\n                    return(buf);\n                }\n                memset(s, 0, sizeof(s));\n                p = strchr(fmt, ']');\n                if ((size_t)(p - fmt + 1) > sizeof(s))\n                {\n                    return(buf);\n                }\n                strncpy(s, fmt, p - fmt);\n                s[p - fmt] = '\\0';\n                fmt = p + 1;\n                buf = smb_fdata1(ndo, buf, s, maxbuf, unicodestr);\n                if (buf == NULL)\n                {\n                    return(NULL);\n                }\n                break;\n            default:\n                ND_PRINT((ndo, \"%c\", *fmt));\n                fmt++;\n                break;\n        }\n    }\n    if (!depth && buf < maxbuf)\n    {\n        size_t len = PTR_DIFF(maxbuf, buf);\n        ND_PRINT((ndo, \"Data: (%lu bytes)\\n\", (unsigned long)len));\n        smb_print_data(ndo, buf, len);\n        return(buf + len);\n    }\n    return(buf);\n}\n",
        "question": "Given that the parameter or function `memset` is modified before the execution of the function `strncpy`, evaluate the potential impact on the outcomes of `strncpy`. Consider how `memset` could influence `strncpy`, including its role as a direct parameter, its effect on controlling conditions, or its indirect impacts through other related variables or system states.",
        "choices": {
            "A": "The change to `memset` directly alters the arguments passed to `strncpy`.",
            "B": "There is neither a direct nor a significant indirect relationship between the changes to `memset` and the behavior or output of `strncpy`, suggesting no observable impact.",
            "C": "The modification of `memset` might indirectly influence `strncpy` by modifying the control statement that controls the behavior of `strncpy`.",
            "D": "It is not possible to determine the effect without additional context."
        },
        "answer": "A",
        "distance": 1
    },
    {
        "case_id": "primevul_45",
        "code": "smb_fdata(netdissect_options *ndo, const u_char *buf, const char *fmt, const u_char *maxbuf, int unicodestr)\n{\n    static int depth = 0;\n    char s[128];\n    char *p;\n    while (*fmt)\n    {\n        switch (*fmt)\n        {\n            case '*':\n                fmt++;\n                while (buf < maxbuf)\n                {\n                    const u_char *buf2;\n                    depth++;\n                    buf2 = smb_fdata(ndo, buf, fmt, maxbuf, unicodestr);\n                    depth--;\n                    if (buf2 == NULL)\n                    {\n                        return(NULL);\n                    }\n                    if (buf2 == buf)\n                    {\n                        return(buf);\n                    }\n                    buf = buf2;\n                }\n                return(buf);\n            case '|':\n                fmt++;\n                if (buf >= maxbuf)\n                {\n                    return(buf);\n                }\n                break;\n            case '%':\n                fmt++;\n                buf = maxbuf;\n                break;\n            case '#':\n                fmt++;\n                return(buf);\n                break;\n            case '[':\n                fmt++;\n                if (buf >= maxbuf)\n                {\n                    return(buf);\n                }\n                memset(s, 0, sizeof(s));\n                p = strchr(fmt, ']');\n                if ((size_t)(p - fmt + 1) > sizeof(s))\n                {\n                    return(buf);\n                }\n                strncpy(s, fmt, p - fmt);\n                s[p - fmt] = '\\0';\n                fmt = p + 1;\n                buf = smb_fdata1(ndo, buf, s, maxbuf, unicodestr);\n                if (buf == NULL)\n                {\n                    return(NULL);\n                }\n                break;\n            default:\n                ND_PRINT((ndo, \"%c\", *fmt));\n                fmt++;\n                break;\n        }\n    }\n    if (!depth && buf < maxbuf)\n    {\n        size_t len = PTR_DIFF(maxbuf, buf);\n        ND_PRINT((ndo, \"Data: (%lu bytes)\\n\", (unsigned long)len));\n        smb_print_data(ndo, buf, len);\n        return(buf + len);\n    }\n    return(buf);\n}\n",
        "question": "Given that the parameter or function `smb_print_data` is modified before the execution of the function `PTR_DIFF`, evaluate the potential impact on the outcomes of `PTR_DIFF`. Consider how `smb_print_data` could influence `PTR_DIFF`, including its role as a direct parameter, its effect on controlling conditions, or its indirect impacts through other related variables or system states.",
        "choices": {
            "A": "The change to `smb_print_data` directly alters the arguments passed to `PTR_DIFF`.",
            "B": "There is neither a direct nor a significant indirect relationship between the changes to `smb_print_data` and the behavior or output of `PTR_DIFF`, suggesting no observable impact.",
            "C": "The modification of `smb_print_data` might indirectly influence `PTR_DIFF` by modifying the control statement that controls the behavior of `PTR_DIFF`.",
            "D": "It is not possible to determine the effect without additional context."
        },
        "answer": "B",
        "distance": 0
    },
    {
        "case_id": "primevul_45",
        "code": "smb_fdata(netdissect_options *ndo, const u_char *buf, const char *fmt, const u_char *maxbuf, int unicodestr)\n{\n    static int depth = 0;\n    char s[128];\n    char *p;\n    while (*fmt)\n    {\n        switch (*fmt)\n        {\n            case '*':\n                fmt++;\n                while (buf < maxbuf)\n                {\n                    const u_char *buf2;\n                    depth++;\n                    buf2 = smb_fdata(ndo, buf, fmt, maxbuf, unicodestr);\n                    depth--;\n                    if (buf2 == NULL)\n                    {\n                        return(NULL);\n                    }\n                    if (buf2 == buf)\n                    {\n                        return(buf);\n                    }\n                    buf = buf2;\n                }\n                return(buf);\n            case '|':\n                fmt++;\n                if (buf >= maxbuf)\n                {\n                    return(buf);\n                }\n                break;\n            case '%':\n                fmt++;\n                buf = maxbuf;\n                break;\n            case '#':\n                fmt++;\n                return(buf);\n                break;\n            case '[':\n                fmt++;\n                if (buf >= maxbuf)\n                {\n                    return(buf);\n                }\n                memset(s, 0, sizeof(s));\n                p = strchr(fmt, ']');\n                if ((size_t)(p - fmt + 1) > sizeof(s))\n                {\n                    return(buf);\n                }\n                strncpy(s, fmt, p - fmt);\n                s[p - fmt] = '\\0';\n                fmt = p + 1;\n                buf = smb_fdata1(ndo, buf, s, maxbuf, unicodestr);\n                if (buf == NULL)\n                {\n                    return(NULL);\n                }\n                break;\n            default:\n                ND_PRINT((ndo, \"%c\", *fmt));\n                fmt++;\n                break;\n        }\n    }\n    if (!depth && buf < maxbuf)\n    {\n        size_t len = PTR_DIFF(maxbuf, buf);\n        ND_PRINT((ndo, \"Data: (%lu bytes)\\n\", (unsigned long)len));\n        smb_print_data(ndo, buf, len);\n        return(buf + len);\n    }\n    return(buf);\n}\n",
        "question": "Given that the parameter or function `ndo` is modified before the execution of the function `PTR_DIFF`, evaluate the potential impact on the outcomes of `PTR_DIFF`. Consider how `ndo` could influence `PTR_DIFF`, including its role as a direct parameter, its effect on controlling conditions, or its indirect impacts through other related variables or system states.",
        "choices": {
            "A": "The change to `ndo` directly alters the arguments passed to `PTR_DIFF`.",
            "B": "There is neither a direct nor a significant indirect relationship between the changes to `ndo` and the behavior or output of `PTR_DIFF`, suggesting no observable impact.",
            "C": "The modification of `ndo` might indirectly influence `PTR_DIFF` by modifying the control statement that controls the behavior of `PTR_DIFF`.",
            "D": "It is not possible to determine the effect without additional context."
        },
        "answer": "B",
        "distance": 0
    },
    {
        "case_id": "primevul_45",
        "code": "smb_fdata(netdissect_options *ndo, const u_char *buf, const char *fmt, const u_char *maxbuf, int unicodestr)\n{\n    static int depth = 0;\n    char s[128];\n    char *p;\n    while (*fmt)\n    {\n        switch (*fmt)\n        {\n            case '*':\n                fmt++;\n                while (buf < maxbuf)\n                {\n                    const u_char *buf2;\n                    depth++;\n                    buf2 = smb_fdata(ndo, buf, fmt, maxbuf, unicodestr);\n                    depth--;\n                    if (buf2 == NULL)\n                    {\n                        return(NULL);\n                    }\n                    if (buf2 == buf)\n                    {\n                        return(buf);\n                    }\n                    buf = buf2;\n                }\n                return(buf);\n            case '|':\n                fmt++;\n                if (buf >= maxbuf)\n                {\n                    return(buf);\n                }\n                break;\n            case '%':\n                fmt++;\n                buf = maxbuf;\n                break;\n            case '#':\n                fmt++;\n                return(buf);\n                break;\n            case '[':\n                fmt++;\n                if (buf >= maxbuf)\n                {\n                    return(buf);\n                }\n                memset(s, 0, sizeof(s));\n                p = strchr(fmt, ']');\n                if ((size_t)(p - fmt + 1) > sizeof(s))\n                {\n                    return(buf);\n                }\n                strncpy(s, fmt, p - fmt);\n                s[p - fmt] = '\\0';\n                fmt = p + 1;\n                buf = smb_fdata1(ndo, buf, s, maxbuf, unicodestr);\n                if (buf == NULL)\n                {\n                    return(NULL);\n                }\n                break;\n            default:\n                ND_PRINT((ndo, \"%c\", *fmt));\n                fmt++;\n                break;\n        }\n    }\n    if (!depth && buf < maxbuf)\n    {\n        size_t len = PTR_DIFF(maxbuf, buf);\n        ND_PRINT((ndo, \"Data: (%lu bytes)\\n\", (unsigned long)len));\n        smb_print_data(ndo, buf, len);\n        return(buf + len);\n    }\n    return(buf);\n}\n",
        "question": "Given that the parameter or function `len` is modified before the execution of the function `PTR_DIFF`, evaluate the potential impact on the outcomes of `PTR_DIFF`. Consider how `len` could influence `PTR_DIFF`, including its role as a direct parameter, its effect on controlling conditions, or its indirect impacts through other related variables or system states.",
        "choices": {
            "A": "The change to `len` directly alters the arguments passed to `PTR_DIFF`.",
            "B": "There is neither a direct nor a significant indirect relationship between the changes to `len` and the behavior or output of `PTR_DIFF`, suggesting no observable impact.",
            "C": "The modification of `len` might indirectly influence `PTR_DIFF` by modifying the control statement that controls the behavior of `PTR_DIFF`.",
            "D": "It is not possible to determine the effect without additional context."
        },
        "answer": "B",
        "distance": 0
    },
    {
        "case_id": "primevul_45",
        "code": "smb_fdata(netdissect_options *ndo, const u_char *buf, const char *fmt, const u_char *maxbuf, int unicodestr)\n{\n    static int depth = 0;\n    char s[128];\n    char *p;\n    while (*fmt)\n    {\n        switch (*fmt)\n        {\n            case '*':\n                fmt++;\n                while (buf < maxbuf)\n                {\n                    const u_char *buf2;\n                    depth++;\n                    buf2 = smb_fdata(ndo, buf, fmt, maxbuf, unicodestr);\n                    depth--;\n                    if (buf2 == NULL)\n                    {\n                        return(NULL);\n                    }\n                    if (buf2 == buf)\n                    {\n                        return(buf);\n                    }\n                    buf = buf2;\n                }\n                return(buf);\n            case '|':\n                fmt++;\n                if (buf >= maxbuf)\n                {\n                    return(buf);\n                }\n                break;\n            case '%':\n                fmt++;\n                buf = maxbuf;\n                break;\n            case '#':\n                fmt++;\n                return(buf);\n                break;\n            case '[':\n                fmt++;\n                if (buf >= maxbuf)\n                {\n                    return(buf);\n                }\n                memset(s, 0, sizeof(s));\n                p = strchr(fmt, ']');\n                if ((size_t)(p - fmt + 1) > sizeof(s))\n                {\n                    return(buf);\n                }\n                strncpy(s, fmt, p - fmt);\n                s[p - fmt] = '\\0';\n                fmt = p + 1;\n                buf = smb_fdata1(ndo, buf, s, maxbuf, unicodestr);\n                if (buf == NULL)\n                {\n                    return(NULL);\n                }\n                break;\n            default:\n                ND_PRINT((ndo, \"%c\", *fmt));\n                fmt++;\n                break;\n        }\n    }\n    if (!depth && buf < maxbuf)\n    {\n        size_t len = PTR_DIFF(maxbuf, buf);\n        ND_PRINT((ndo, \"Data: (%lu bytes)\\n\", (unsigned long)len));\n        smb_print_data(ndo, buf, len);\n        return(buf + len);\n    }\n    return(buf);\n}\n",
        "question": "Given that the parameter or function `depth` is modified before the execution of the function `PTR_DIFF`, evaluate the potential impact on the outcomes of `PTR_DIFF`. Consider how `depth` could influence `PTR_DIFF`, including its role as a direct parameter, its effect on controlling conditions, or its indirect impacts through other related variables or system states.",
        "choices": {
            "A": "The change to `depth` directly alters the arguments passed to `PTR_DIFF`.",
            "B": "There is neither a direct nor a significant indirect relationship between the changes to `depth` and the behavior or output of `PTR_DIFF`, suggesting no observable impact.",
            "C": "The modification of `depth` might indirectly influence `PTR_DIFF` by modifying the control statement that controls the behavior of `PTR_DIFF`.",
            "D": "It is not possible to determine the effect without additional context."
        },
        "answer": "B",
        "distance": 0
    },
    {
        "case_id": "primevul_45",
        "code": "smb_fdata(netdissect_options *ndo, const u_char *buf, const char *fmt, const u_char *maxbuf, int unicodestr)\n{\n    static int depth = 0;\n    char s[128];\n    char *p;\n    while (*fmt)\n    {\n        switch (*fmt)\n        {\n            case '*':\n                fmt++;\n                while (buf < maxbuf)\n                {\n                    const u_char *buf2;\n                    depth++;\n                    buf2 = smb_fdata(ndo, buf, fmt, maxbuf, unicodestr);\n                    depth--;\n                    if (buf2 == NULL)\n                    {\n                        return(NULL);\n                    }\n                    if (buf2 == buf)\n                    {\n                        return(buf);\n                    }\n                    buf = buf2;\n                }\n                return(buf);\n            case '|':\n                fmt++;\n                if (buf >= maxbuf)\n                {\n                    return(buf);\n                }\n                break;\n            case '%':\n                fmt++;\n                buf = maxbuf;\n                break;\n            case '#':\n                fmt++;\n                return(buf);\n                break;\n            case '[':\n                fmt++;\n                if (buf >= maxbuf)\n                {\n                    return(buf);\n                }\n                memset(s, 0, sizeof(s));\n                p = strchr(fmt, ']');\n                if ((size_t)(p - fmt + 1) > sizeof(s))\n                {\n                    return(buf);\n                }\n                strncpy(s, fmt, p - fmt);\n                s[p - fmt] = '\\0';\n                fmt = p + 1;\n                buf = smb_fdata1(ndo, buf, s, maxbuf, unicodestr);\n                if (buf == NULL)\n                {\n                    return(NULL);\n                }\n                break;\n            default:\n                ND_PRINT((ndo, \"%c\", *fmt));\n                fmt++;\n                break;\n        }\n    }\n    if (!depth && buf < maxbuf)\n    {\n        size_t len = PTR_DIFF(maxbuf, buf);\n        ND_PRINT((ndo, \"Data: (%lu bytes)\\n\", (unsigned long)len));\n        smb_print_data(ndo, buf, len);\n        return(buf + len);\n    }\n    return(buf);\n}\n",
        "question": "Given that the parameter or function `fmt` is modified before the execution of the function `PTR_DIFF`, evaluate the potential impact on the outcomes of `PTR_DIFF`. Consider how `fmt` could influence `PTR_DIFF`, including its role as a direct parameter, its effect on controlling conditions, or its indirect impacts through other related variables or system states.",
        "choices": {
            "A": "The change to `fmt` directly alters the arguments passed to `PTR_DIFF`.",
            "B": "There is neither a direct nor a significant indirect relationship between the changes to `fmt` and the behavior or output of `PTR_DIFF`, suggesting no observable impact.",
            "C": "The modification of `fmt` might indirectly influence `PTR_DIFF` by modifying the control statement that controls the behavior of `PTR_DIFF`.",
            "D": "It is not possible to determine the effect without additional context."
        },
        "answer": "C",
        "distance": 3
    },
    {
        "case_id": "primevul_45",
        "code": "smb_fdata(netdissect_options *ndo, const u_char *buf, const char *fmt, const u_char *maxbuf, int unicodestr)\n{\n    static int depth = 0;\n    char s[128];\n    char *p;\n    while (*fmt)\n    {\n        switch (*fmt)\n        {\n            case '*':\n                fmt++;\n                while (buf < maxbuf)\n                {\n                    const u_char *buf2;\n                    depth++;\n                    buf2 = smb_fdata(ndo, buf, fmt, maxbuf, unicodestr);\n                    depth--;\n                    if (buf2 == NULL)\n                    {\n                        return(NULL);\n                    }\n                    if (buf2 == buf)\n                    {\n                        return(buf);\n                    }\n                    buf = buf2;\n                }\n                return(buf);\n            case '|':\n                fmt++;\n                if (buf >= maxbuf)\n                {\n                    return(buf);\n                }\n                break;\n            case '%':\n                fmt++;\n                buf = maxbuf;\n                break;\n            case '#':\n                fmt++;\n                return(buf);\n                break;\n            case '[':\n                fmt++;\n                if (buf >= maxbuf)\n                {\n                    return(buf);\n                }\n                memset(s, 0, sizeof(s));\n                p = strchr(fmt, ']');\n                if ((size_t)(p - fmt + 1) > sizeof(s))\n                {\n                    return(buf);\n                }\n                strncpy(s, fmt, p - fmt);\n                s[p - fmt] = '\\0';\n                fmt = p + 1;\n                buf = smb_fdata1(ndo, buf, s, maxbuf, unicodestr);\n                if (buf == NULL)\n                {\n                    return(NULL);\n                }\n                break;\n            default:\n                ND_PRINT((ndo, \"%c\", *fmt));\n                fmt++;\n                break;\n        }\n    }\n    if (!depth && buf < maxbuf)\n    {\n        size_t len = PTR_DIFF(maxbuf, buf);\n        ND_PRINT((ndo, \"Data: (%lu bytes)\\n\", (unsigned long)len));\n        smb_print_data(ndo, buf, len);\n        return(buf + len);\n    }\n    return(buf);\n}\n",
        "question": "Given that the parameter or function `p - fmt` is modified before the execution of the function `PTR_DIFF`, evaluate the potential impact on the outcomes of `PTR_DIFF`. Consider how `p - fmt` could influence `PTR_DIFF`, including its role as a direct parameter, its effect on controlling conditions, or its indirect impacts through other related variables or system states.",
        "choices": {
            "A": "The change to `p - fmt` directly alters the arguments passed to `PTR_DIFF`.",
            "B": "There is neither a direct nor a significant indirect relationship between the changes to `p - fmt` and the behavior or output of `PTR_DIFF`, suggesting no observable impact.",
            "C": "The modification of `p - fmt` might indirectly influence `PTR_DIFF` by modifying the control statement that controls the behavior of `PTR_DIFF`.",
            "D": "It is not possible to determine the effect without additional context."
        },
        "answer": "C",
        "distance": 3
    },
    {
        "case_id": "primevul_45",
        "code": "smb_fdata(netdissect_options *ndo, const u_char *buf, const char *fmt, const u_char *maxbuf, int unicodestr)\n{\n    static int depth = 0;\n    char s[128];\n    char *p;\n    while (*fmt)\n    {\n        switch (*fmt)\n        {\n            case '*':\n                fmt++;\n                while (buf < maxbuf)\n                {\n                    const u_char *buf2;\n                    depth++;\n                    buf2 = smb_fdata(ndo, buf, fmt, maxbuf, unicodestr);\n                    depth--;\n                    if (buf2 == NULL)\n                    {\n                        return(NULL);\n                    }\n                    if (buf2 == buf)\n                    {\n                        return(buf);\n                    }\n                    buf = buf2;\n                }\n                return(buf);\n            case '|':\n                fmt++;\n                if (buf >= maxbuf)\n                {\n                    return(buf);\n                }\n                break;\n            case '%':\n                fmt++;\n                buf = maxbuf;\n                break;\n            case '#':\n                fmt++;\n                return(buf);\n                break;\n            case '[':\n                fmt++;\n                if (buf >= maxbuf)\n                {\n                    return(buf);\n                }\n                memset(s, 0, sizeof(s));\n                p = strchr(fmt, ']');\n                if ((size_t)(p - fmt + 1) > sizeof(s))\n                {\n                    return(buf);\n                }\n                strncpy(s, fmt, p - fmt);\n                s[p - fmt] = '\\0';\n                fmt = p + 1;\n                buf = smb_fdata1(ndo, buf, s, maxbuf, unicodestr);\n                if (buf == NULL)\n                {\n                    return(NULL);\n                }\n                break;\n            default:\n                ND_PRINT((ndo, \"%c\", *fmt));\n                fmt++;\n                break;\n        }\n    }\n    if (!depth && buf < maxbuf)\n    {\n        size_t len = PTR_DIFF(maxbuf, buf);\n        ND_PRINT((ndo, \"Data: (%lu bytes)\\n\", (unsigned long)len));\n        smb_print_data(ndo, buf, len);\n        return(buf + len);\n    }\n    return(buf);\n}\n",
        "question": "Given that the parameter or function `fmt` is modified before the execution of the function `smb_print_data`, evaluate the potential impact on the outcomes of `smb_print_data`. Consider how `fmt` could influence `smb_print_data`, including its role as a direct parameter, its effect on controlling conditions, or its indirect impacts through other related variables or system states.",
        "choices": {
            "A": "The change to `fmt` directly alters the arguments passed to `smb_print_data`.",
            "B": "There is neither a direct nor a significant indirect relationship between the changes to `fmt` and the behavior or output of `smb_print_data`, suggesting no observable impact.",
            "C": "The modification of `fmt` might indirectly influence `smb_print_data` by modifying the control statement that controls the behavior of `smb_print_data`.",
            "D": "It is not possible to determine the effect without additional context."
        },
        "answer": "C",
        "distance": 3
    },
    {
        "case_id": "primevul_45",
        "code": "smb_fdata(netdissect_options *ndo, const u_char *buf, const char *fmt, const u_char *maxbuf, int unicodestr)\n{\n    static int depth = 0;\n    char s[128];\n    char *p;\n    while (*fmt)\n    {\n        switch (*fmt)\n        {\n            case '*':\n                fmt++;\n                while (buf < maxbuf)\n                {\n                    const u_char *buf2;\n                    depth++;\n                    buf2 = smb_fdata(ndo, buf, fmt, maxbuf, unicodestr);\n                    depth--;\n                    if (buf2 == NULL)\n                    {\n                        return(NULL);\n                    }\n                    if (buf2 == buf)\n                    {\n                        return(buf);\n                    }\n                    buf = buf2;\n                }\n                return(buf);\n            case '|':\n                fmt++;\n                if (buf >= maxbuf)\n                {\n                    return(buf);\n                }\n                break;\n            case '%':\n                fmt++;\n                buf = maxbuf;\n                break;\n            case '#':\n                fmt++;\n                return(buf);\n                break;\n            case '[':\n                fmt++;\n                if (buf >= maxbuf)\n                {\n                    return(buf);\n                }\n                memset(s, 0, sizeof(s));\n                p = strchr(fmt, ']');\n                if ((size_t)(p - fmt + 1) > sizeof(s))\n                {\n                    return(buf);\n                }\n                strncpy(s, fmt, p - fmt);\n                s[p - fmt] = '\\0';\n                fmt = p + 1;\n                buf = smb_fdata1(ndo, buf, s, maxbuf, unicodestr);\n                if (buf == NULL)\n                {\n                    return(NULL);\n                }\n                break;\n            default:\n                ND_PRINT((ndo, \"%c\", *fmt));\n                fmt++;\n                break;\n        }\n    }\n    if (!depth && buf < maxbuf)\n    {\n        size_t len = PTR_DIFF(maxbuf, buf);\n        ND_PRINT((ndo, \"Data: (%lu bytes)\\n\", (unsigned long)len));\n        smb_print_data(ndo, buf, len);\n        return(buf + len);\n    }\n    return(buf);\n}\n",
        "question": "Given that the parameter or function `p - fmt` is modified before the execution of the function `smb_print_data`, evaluate the potential impact on the outcomes of `smb_print_data`. Consider how `p - fmt` could influence `smb_print_data`, including its role as a direct parameter, its effect on controlling conditions, or its indirect impacts through other related variables or system states.",
        "choices": {
            "A": "The change to `p - fmt` directly alters the arguments passed to `smb_print_data`.",
            "B": "There is neither a direct nor a significant indirect relationship between the changes to `p - fmt` and the behavior or output of `smb_print_data`, suggesting no observable impact.",
            "C": "The modification of `p - fmt` might indirectly influence `smb_print_data` by modifying the control statement that controls the behavior of `smb_print_data`.",
            "D": "It is not possible to determine the effect without additional context."
        },
        "answer": "C",
        "distance": 3
    },
    {
        "case_id": "primevul_45",
        "code": "smb_fdata(netdissect_options *ndo, const u_char *buf, const char *fmt, const u_char *maxbuf, int unicodestr)\n{\n    static int depth = 0;\n    char s[128];\n    char *p;\n    while (*fmt)\n    {\n        switch (*fmt)\n        {\n            case '*':\n                fmt++;\n                while (buf < maxbuf)\n                {\n                    const u_char *buf2;\n                    depth++;\n                    buf2 = smb_fdata(ndo, buf, fmt, maxbuf, unicodestr);\n                    depth--;\n                    if (buf2 == NULL)\n                    {\n                        return(NULL);\n                    }\n                    if (buf2 == buf)\n                    {\n                        return(buf);\n                    }\n                    buf = buf2;\n                }\n                return(buf);\n            case '|':\n                fmt++;\n                if (buf >= maxbuf)\n                {\n                    return(buf);\n                }\n                break;\n            case '%':\n                fmt++;\n                buf = maxbuf;\n                break;\n            case '#':\n                fmt++;\n                return(buf);\n                break;\n            case '[':\n                fmt++;\n                if (buf >= maxbuf)\n                {\n                    return(buf);\n                }\n                memset(s, 0, sizeof(s));\n                p = strchr(fmt, ']');\n                if ((size_t)(p - fmt + 1) > sizeof(s))\n                {\n                    return(buf);\n                }\n                strncpy(s, fmt, p - fmt);\n                s[p - fmt] = '\\0';\n                fmt = p + 1;\n                buf = smb_fdata1(ndo, buf, s, maxbuf, unicodestr);\n                if (buf == NULL)\n                {\n                    return(NULL);\n                }\n                break;\n            default:\n                ND_PRINT((ndo, \"%c\", *fmt));\n                fmt++;\n                break;\n        }\n    }\n    if (!depth && buf < maxbuf)\n    {\n        size_t len = PTR_DIFF(maxbuf, buf);\n        ND_PRINT((ndo, \"Data: (%lu bytes)\\n\", (unsigned long)len));\n        smb_print_data(ndo, buf, len);\n        return(buf + len);\n    }\n    return(buf);\n}\n",
        "question": "Given that the parameter or function `smb_fdata` is modified before the execution of the function `PTR_DIFF`, evaluate the potential impact on the outcomes of `PTR_DIFF`. Consider how `smb_fdata` could influence `PTR_DIFF`, including its role as a direct parameter, its effect on controlling conditions, or its indirect impacts through other related variables or system states.",
        "choices": {
            "A": "The change to `smb_fdata` directly alters the arguments passed to `PTR_DIFF`.",
            "B": "There is neither a direct nor a significant indirect relationship between the changes to `smb_fdata` and the behavior or output of `PTR_DIFF`, suggesting no observable impact.",
            "C": "The modification of `smb_fdata` might indirectly influence `PTR_DIFF` by modifying the control statement that controls the behavior of `PTR_DIFF`.",
            "D": "It is not possible to determine the effect without additional context."
        },
        "answer": "A, C",
        "distance": 4
    },
    {
        "case_id": "primevul_45",
        "code": "smb_fdata(netdissect_options *ndo, const u_char *buf, const char *fmt, const u_char *maxbuf, int unicodestr)\n{\n    static int depth = 0;\n    char s[128];\n    char *p;\n    while (*fmt)\n    {\n        switch (*fmt)\n        {\n            case '*':\n                fmt++;\n                while (buf < maxbuf)\n                {\n                    const u_char *buf2;\n                    depth++;\n                    buf2 = smb_fdata(ndo, buf, fmt, maxbuf, unicodestr);\n                    depth--;\n                    if (buf2 == NULL)\n                    {\n                        return(NULL);\n                    }\n                    if (buf2 == buf)\n                    {\n                        return(buf);\n                    }\n                    buf = buf2;\n                }\n                return(buf);\n            case '|':\n                fmt++;\n                if (buf >= maxbuf)\n                {\n                    return(buf);\n                }\n                break;\n            case '%':\n                fmt++;\n                buf = maxbuf;\n                break;\n            case '#':\n                fmt++;\n                return(buf);\n                break;\n            case '[':\n                fmt++;\n                if (buf >= maxbuf)\n                {\n                    return(buf);\n                }\n                memset(s, 0, sizeof(s));\n                p = strchr(fmt, ']');\n                if ((size_t)(p - fmt + 1) > sizeof(s))\n                {\n                    return(buf);\n                }\n                strncpy(s, fmt, p - fmt);\n                s[p - fmt] = '\\0';\n                fmt = p + 1;\n                buf = smb_fdata1(ndo, buf, s, maxbuf, unicodestr);\n                if (buf == NULL)\n                {\n                    return(NULL);\n                }\n                break;\n            default:\n                ND_PRINT((ndo, \"%c\", *fmt));\n                fmt++;\n                break;\n        }\n    }\n    if (!depth && buf < maxbuf)\n    {\n        size_t len = PTR_DIFF(maxbuf, buf);\n        ND_PRINT((ndo, \"Data: (%lu bytes)\\n\", (unsigned long)len));\n        smb_print_data(ndo, buf, len);\n        return(buf + len);\n    }\n    return(buf);\n}\n",
        "question": "Given that the parameter or function `smb_fdata` is modified before the execution of the function `smb_print_data`, evaluate the potential impact on the outcomes of `smb_print_data`. Consider how `smb_fdata` could influence `smb_print_data`, including its role as a direct parameter, its effect on controlling conditions, or its indirect impacts through other related variables or system states.",
        "choices": {
            "A": "The change to `smb_fdata` directly alters the arguments passed to `smb_print_data`.",
            "B": "There is neither a direct nor a significant indirect relationship between the changes to `smb_fdata` and the behavior or output of `smb_print_data`, suggesting no observable impact.",
            "C": "The modification of `smb_fdata` might indirectly influence `smb_print_data` by modifying the control statement that controls the behavior of `smb_print_data`.",
            "D": "It is not possible to determine the effect without additional context."
        },
        "answer": "A, C",
        "distance": 4
    },
    {
        "case_id": "primevul_45",
        "code": "smb_fdata(netdissect_options *ndo, const u_char *buf, const char *fmt, const u_char *maxbuf, int unicodestr)\n{\n    static int depth = 0;\n    char s[128];\n    char *p;\n    while (*fmt)\n    {\n        switch (*fmt)\n        {\n            case '*':\n                fmt++;\n                while (buf < maxbuf)\n                {\n                    const u_char *buf2;\n                    depth++;\n                    buf2 = smb_fdata(ndo, buf, fmt, maxbuf, unicodestr);\n                    depth--;\n                    if (buf2 == NULL)\n                    {\n                        return(NULL);\n                    }\n                    if (buf2 == buf)\n                    {\n                        return(buf);\n                    }\n                    buf = buf2;\n                }\n                return(buf);\n            case '|':\n                fmt++;\n                if (buf >= maxbuf)\n                {\n                    return(buf);\n                }\n                break;\n            case '%':\n                fmt++;\n                buf = maxbuf;\n                break;\n            case '#':\n                fmt++;\n                return(buf);\n                break;\n            case '[':\n                fmt++;\n                if (buf >= maxbuf)\n                {\n                    return(buf);\n                }\n                memset(s, 0, sizeof(s));\n                p = strchr(fmt, ']');\n                if ((size_t)(p - fmt + 1) > sizeof(s))\n                {\n                    return(buf);\n                }\n                strncpy(s, fmt, p - fmt);\n                s[p - fmt] = '\\0';\n                fmt = p + 1;\n                buf = smb_fdata1(ndo, buf, s, maxbuf, unicodestr);\n                if (buf == NULL)\n                {\n                    return(NULL);\n                }\n                break;\n            default:\n                ND_PRINT((ndo, \"%c\", *fmt));\n                fmt++;\n                break;\n        }\n    }\n    if (!depth && buf < maxbuf)\n    {\n        size_t len = PTR_DIFF(maxbuf, buf);\n        ND_PRINT((ndo, \"Data: (%lu bytes)\\n\", (unsigned long)len));\n        smb_print_data(ndo, buf, len);\n        return(buf + len);\n    }\n    return(buf);\n}\n",
        "question": "Given that the parameter or function `unicodestr` is modified before the execution of the function `PTR_DIFF`, evaluate the potential impact on the outcomes of `PTR_DIFF`. Consider how `unicodestr` could influence `PTR_DIFF`, including its role as a direct parameter, its effect on controlling conditions, or its indirect impacts through other related variables or system states.",
        "choices": {
            "A": "The change to `unicodestr` directly alters the arguments passed to `PTR_DIFF`.",
            "B": "There is neither a direct nor a significant indirect relationship between the changes to `unicodestr` and the behavior or output of `PTR_DIFF`, suggesting no observable impact.",
            "C": "The modification of `unicodestr` might indirectly influence `PTR_DIFF` by modifying the control statement that controls the behavior of `PTR_DIFF`.",
            "D": "It is not possible to determine the effect without additional context."
        },
        "answer": "A, C",
        "distance": 3
    },
    {
        "case_id": "primevul_45",
        "code": "smb_fdata(netdissect_options *ndo, const u_char *buf, const char *fmt, const u_char *maxbuf, int unicodestr)\n{\n    static int depth = 0;\n    char s[128];\n    char *p;\n    while (*fmt)\n    {\n        switch (*fmt)\n        {\n            case '*':\n                fmt++;\n                while (buf < maxbuf)\n                {\n                    const u_char *buf2;\n                    depth++;\n                    buf2 = smb_fdata(ndo, buf, fmt, maxbuf, unicodestr);\n                    depth--;\n                    if (buf2 == NULL)\n                    {\n                        return(NULL);\n                    }\n                    if (buf2 == buf)\n                    {\n                        return(buf);\n                    }\n                    buf = buf2;\n                }\n                return(buf);\n            case '|':\n                fmt++;\n                if (buf >= maxbuf)\n                {\n                    return(buf);\n                }\n                break;\n            case '%':\n                fmt++;\n                buf = maxbuf;\n                break;\n            case '#':\n                fmt++;\n                return(buf);\n                break;\n            case '[':\n                fmt++;\n                if (buf >= maxbuf)\n                {\n                    return(buf);\n                }\n                memset(s, 0, sizeof(s));\n                p = strchr(fmt, ']');\n                if ((size_t)(p - fmt + 1) > sizeof(s))\n                {\n                    return(buf);\n                }\n                strncpy(s, fmt, p - fmt);\n                s[p - fmt] = '\\0';\n                fmt = p + 1;\n                buf = smb_fdata1(ndo, buf, s, maxbuf, unicodestr);\n                if (buf == NULL)\n                {\n                    return(NULL);\n                }\n                break;\n            default:\n                ND_PRINT((ndo, \"%c\", *fmt));\n                fmt++;\n                break;\n        }\n    }\n    if (!depth && buf < maxbuf)\n    {\n        size_t len = PTR_DIFF(maxbuf, buf);\n        ND_PRINT((ndo, \"Data: (%lu bytes)\\n\", (unsigned long)len));\n        smb_print_data(ndo, buf, len);\n        return(buf + len);\n    }\n    return(buf);\n}\n",
        "question": "Given that the parameter or function `buf2` is modified before the execution of the function `PTR_DIFF`, evaluate the potential impact on the outcomes of `PTR_DIFF`. Consider how `buf2` could influence `PTR_DIFF`, including its role as a direct parameter, its effect on controlling conditions, or its indirect impacts through other related variables or system states.",
        "choices": {
            "A": "The change to `buf2` directly alters the arguments passed to `PTR_DIFF`.",
            "B": "There is neither a direct nor a significant indirect relationship between the changes to `buf2` and the behavior or output of `PTR_DIFF`, suggesting no observable impact.",
            "C": "The modification of `buf2` might indirectly influence `PTR_DIFF` by modifying the control statement that controls the behavior of `PTR_DIFF`.",
            "D": "It is not possible to determine the effect without additional context."
        },
        "answer": "A, C",
        "distance": 3
    }
]