[
    {
        "case_id": "primevul_22",
        "code": "int ASN1_item_verify(const ASN1_ITEM *it, X509_ALGOR *a, ASN1_BIT_STRING *signature, void *asn, EVP_PKEY *pkey)\n{\n    EVP_MD_CTX ctx;\n    const EVP_MD *type = NULL;\n    unsigned char *buf_in = NULL;\n    int ret = -1, inl;\n    int mdnid, pknid;\n    EVP_MD_CTX_init(&ctx);\n    if (type == NULL)\n    {\n        ASN1err(ASN1_F_ASN1_ITEM_VERIFY, ASN1_R_UNKNOWN_MESSAGE_DIGEST_ALGORITHM);\n        goto err;\n    }\n    if (EVP_PKEY_type(pknid) != pkey->ameth->pkey_id)\n    {\n        ASN1err(ASN1_F_ASN1_ITEM_VERIFY, ASN1_R_WRONG_PUBLIC_KEY_TYPE);\n        goto err;\n    }\n    if (!EVP_VerifyInit_ex(&ctx, type, NULL))\n    {\n        ASN1err(ASN1_F_ASN1_ITEM_VERIFY, ERR_R_EVP_LIB);\n        ret = 0;\n        goto err;\n    }\n    inl = ASN1_item_i2d(asn, &buf_in, it);\n    if (buf_in == NULL)\n    {\n        ASN1err(ASN1_F_ASN1_ITEM_VERIFY, ERR_R_MALLOC_FAILURE);\n        goto err;\n    }\n    EVP_VerifyUpdate(&ctx, (unsigned char *)buf_in, inl);\n    OPENSSL_cleanse(buf_in, (unsigned int)inl);\n    OPENSSL_free(buf_in);\n    if (EVP_VerifyFinal(&ctx, (unsigned char *)signature->data, (unsigned int)signature->length, pkey) <= 0)\n    {\n        ASN1err(ASN1_F_ASN1_ITEM_VERIFY, ERR_R_EVP_LIB);\n        ret = 0;\n        goto err;\n    }\n    ret = 1;\nerr:\n    EVP_MD_CTX_cleanup(&ctx);\n    return (ret);\n}\n",
        "question": "Given that the parameter or function `EVP_MD_CTX_init` is modified before the execution of the function `EVP_MD_CTX_cleanup`, evaluate the potential impact on the outcomes of `EVP_MD_CTX_cleanup`. Consider how `EVP_MD_CTX_init` could influence `EVP_MD_CTX_cleanup`, including its role as a direct parameter, its effect on controlling conditions, or its indirect impacts through other related variables or system states.",
        "choices": {
            "A": "The change to `EVP_MD_CTX_init` directly alters the arguments passed to `EVP_MD_CTX_cleanup`.",
            "B": "There is neither a direct nor a significant indirect relationship between the changes to `EVP_MD_CTX_init` and the behavior or output of `EVP_MD_CTX_cleanup`, suggesting no observable impact.",
            "C": "The modification of `EVP_MD_CTX_init` might indirectly influence `EVP_MD_CTX_cleanup` by modifying the control statement that controls the behavior of `EVP_MD_CTX_cleanup`.",
            "D": "It is not possible to determine the effect without additional context."
        },
        "answer": "A",
        "distance": 1
    },
    {
        "case_id": "primevul_22",
        "code": "int ASN1_item_verify(const ASN1_ITEM *it, X509_ALGOR *a, ASN1_BIT_STRING *signature, void *asn, EVP_PKEY *pkey)\n{\n    EVP_MD_CTX ctx;\n    const EVP_MD *type = NULL;\n    unsigned char *buf_in = NULL;\n    int ret = -1, inl;\n    int mdnid, pknid;\n    EVP_MD_CTX_init(&ctx);\n    if (type == NULL)\n    {\n        ASN1err(ASN1_F_ASN1_ITEM_VERIFY, ASN1_R_UNKNOWN_MESSAGE_DIGEST_ALGORITHM);\n        goto err;\n    }\n    if (EVP_PKEY_type(pknid) != pkey->ameth->pkey_id)\n    {\n        ASN1err(ASN1_F_ASN1_ITEM_VERIFY, ASN1_R_WRONG_PUBLIC_KEY_TYPE);\n        goto err;\n    }\n    if (!EVP_VerifyInit_ex(&ctx, type, NULL))\n    {\n        ASN1err(ASN1_F_ASN1_ITEM_VERIFY, ERR_R_EVP_LIB);\n        ret = 0;\n        goto err;\n    }\n    inl = ASN1_item_i2d(asn, &buf_in, it);\n    if (buf_in == NULL)\n    {\n        ASN1err(ASN1_F_ASN1_ITEM_VERIFY, ERR_R_MALLOC_FAILURE);\n        goto err;\n    }\n    EVP_VerifyUpdate(&ctx, (unsigned char *)buf_in, inl);\n    OPENSSL_cleanse(buf_in, (unsigned int)inl);\n    OPENSSL_free(buf_in);\n    if (EVP_VerifyFinal(&ctx, (unsigned char *)signature->data, (unsigned int)signature->length, pkey) <= 0)\n    {\n        ASN1err(ASN1_F_ASN1_ITEM_VERIFY, ERR_R_EVP_LIB);\n        ret = 0;\n        goto err;\n    }\n    ret = 1;\nerr:\n    EVP_MD_CTX_cleanup(&ctx);\n    return (ret);\n}\n",
        "question": "Given that the parameter or function `ctx` is modified before the execution of the function `EVP_MD_CTX_cleanup`, evaluate the potential impact on the outcomes of `EVP_MD_CTX_cleanup`. Consider how `ctx` could influence `EVP_MD_CTX_cleanup`, including its role as a direct parameter, its effect on controlling conditions, or its indirect impacts through other related variables or system states.",
        "choices": {
            "A": "The change to `ctx` directly alters the arguments passed to `EVP_MD_CTX_cleanup`.",
            "B": "There is neither a direct nor a significant indirect relationship between the changes to `ctx` and the behavior or output of `EVP_MD_CTX_cleanup`, suggesting no observable impact.",
            "C": "The modification of `ctx` might indirectly influence `EVP_MD_CTX_cleanup` by modifying the control statement that controls the behavior of `EVP_MD_CTX_cleanup`.",
            "D": "It is not possible to determine the effect without additional context."
        },
        "answer": "A",
        "distance": 1
    },
    {
        "case_id": "primevul_22",
        "code": "int ASN1_item_verify(const ASN1_ITEM *it, X509_ALGOR *a, ASN1_BIT_STRING *signature, void *asn, EVP_PKEY *pkey)\n{\n    EVP_MD_CTX ctx;\n    const EVP_MD *type = NULL;\n    unsigned char *buf_in = NULL;\n    int ret = -1, inl;\n    int mdnid, pknid;\n    EVP_MD_CTX_init(&ctx);\n    if (type == NULL)\n    {\n        ASN1err(ASN1_F_ASN1_ITEM_VERIFY, ASN1_R_UNKNOWN_MESSAGE_DIGEST_ALGORITHM);\n        goto err;\n    }\n    if (EVP_PKEY_type(pknid) != pkey->ameth->pkey_id)\n    {\n        ASN1err(ASN1_F_ASN1_ITEM_VERIFY, ASN1_R_WRONG_PUBLIC_KEY_TYPE);\n        goto err;\n    }\n    if (!EVP_VerifyInit_ex(&ctx, type, NULL))\n    {\n        ASN1err(ASN1_F_ASN1_ITEM_VERIFY, ERR_R_EVP_LIB);\n        ret = 0;\n        goto err;\n    }\n    inl = ASN1_item_i2d(asn, &buf_in, it);\n    if (buf_in == NULL)\n    {\n        ASN1err(ASN1_F_ASN1_ITEM_VERIFY, ERR_R_MALLOC_FAILURE);\n        goto err;\n    }\n    EVP_VerifyUpdate(&ctx, (unsigned char *)buf_in, inl);\n    OPENSSL_cleanse(buf_in, (unsigned int)inl);\n    OPENSSL_free(buf_in);\n    if (EVP_VerifyFinal(&ctx, (unsigned char *)signature->data, (unsigned int)signature->length, pkey) <= 0)\n    {\n        ASN1err(ASN1_F_ASN1_ITEM_VERIFY, ERR_R_EVP_LIB);\n        ret = 0;\n        goto err;\n    }\n    ret = 1;\nerr:\n    EVP_MD_CTX_cleanup(&ctx);\n    return (ret);\n}\n",
        "question": "Given that the parameter or function `ctx` is modified before the execution of the function `EVP_MD_CTX_init`, evaluate the potential impact on the outcomes of `EVP_MD_CTX_init`. Consider how `ctx` could influence `EVP_MD_CTX_init`, including its role as a direct parameter, its effect on controlling conditions, or its indirect impacts through other related variables or system states.",
        "choices": {
            "A": "The change to `ctx` directly alters the arguments passed to `EVP_MD_CTX_init`.",
            "B": "There is neither a direct nor a significant indirect relationship between the changes to `ctx` and the behavior or output of `EVP_MD_CTX_init`, suggesting no observable impact.",
            "C": "The modification of `ctx` might indirectly influence `EVP_MD_CTX_init` by modifying the control statement that controls the behavior of `EVP_MD_CTX_init`.",
            "D": "It is not possible to determine the effect without additional context."
        },
        "answer": "A",
        "distance": 1
    },
    {
        "case_id": "primevul_22",
        "code": "int ASN1_item_verify(const ASN1_ITEM *it, X509_ALGOR *a, ASN1_BIT_STRING *signature, void *asn, EVP_PKEY *pkey)\n{\n    EVP_MD_CTX ctx;\n    const EVP_MD *type = NULL;\n    unsigned char *buf_in = NULL;\n    int ret = -1, inl;\n    int mdnid, pknid;\n    EVP_MD_CTX_init(&ctx);\n    if (type == NULL)\n    {\n        ASN1err(ASN1_F_ASN1_ITEM_VERIFY, ASN1_R_UNKNOWN_MESSAGE_DIGEST_ALGORITHM);\n        goto err;\n    }\n    if (EVP_PKEY_type(pknid) != pkey->ameth->pkey_id)\n    {\n        ASN1err(ASN1_F_ASN1_ITEM_VERIFY, ASN1_R_WRONG_PUBLIC_KEY_TYPE);\n        goto err;\n    }\n    if (!EVP_VerifyInit_ex(&ctx, type, NULL))\n    {\n        ASN1err(ASN1_F_ASN1_ITEM_VERIFY, ERR_R_EVP_LIB);\n        ret = 0;\n        goto err;\n    }\n    inl = ASN1_item_i2d(asn, &buf_in, it);\n    if (buf_in == NULL)\n    {\n        ASN1err(ASN1_F_ASN1_ITEM_VERIFY, ERR_R_MALLOC_FAILURE);\n        goto err;\n    }\n    EVP_VerifyUpdate(&ctx, (unsigned char *)buf_in, inl);\n    OPENSSL_cleanse(buf_in, (unsigned int)inl);\n    OPENSSL_free(buf_in);\n    if (EVP_VerifyFinal(&ctx, (unsigned char *)signature->data, (unsigned int)signature->length, pkey) <= 0)\n    {\n        ASN1err(ASN1_F_ASN1_ITEM_VERIFY, ERR_R_EVP_LIB);\n        ret = 0;\n        goto err;\n    }\n    ret = 1;\nerr:\n    EVP_MD_CTX_cleanup(&ctx);\n    return (ret);\n}\n",
        "question": "Given that the parameter or function `buf_in` is modified before the execution of the function `ASN1_item_i2d`, evaluate the potential impact on the outcomes of `ASN1_item_i2d`. Consider how `buf_in` could influence `ASN1_item_i2d`, including its role as a direct parameter, its effect on controlling conditions, or its indirect impacts through other related variables or system states.",
        "choices": {
            "A": "The change to `buf_in` directly alters the arguments passed to `ASN1_item_i2d`.",
            "B": "There is neither a direct nor a significant indirect relationship between the changes to `buf_in` and the behavior or output of `ASN1_item_i2d`, suggesting no observable impact.",
            "C": "The modification of `buf_in` might indirectly influence `ASN1_item_i2d` by modifying the control statement that controls the behavior of `ASN1_item_i2d`.",
            "D": "It is not possible to determine the effect without additional context."
        },
        "answer": "A",
        "distance": 1
    },
    {
        "case_id": "primevul_22",
        "code": "int ASN1_item_verify(const ASN1_ITEM *it, X509_ALGOR *a, ASN1_BIT_STRING *signature, void *asn, EVP_PKEY *pkey)\n{\n    EVP_MD_CTX ctx;\n    const EVP_MD *type = NULL;\n    unsigned char *buf_in = NULL;\n    int ret = -1, inl;\n    int mdnid, pknid;\n    EVP_MD_CTX_init(&ctx);\n    if (type == NULL)\n    {\n        ASN1err(ASN1_F_ASN1_ITEM_VERIFY, ASN1_R_UNKNOWN_MESSAGE_DIGEST_ALGORITHM);\n        goto err;\n    }\n    if (EVP_PKEY_type(pknid) != pkey->ameth->pkey_id)\n    {\n        ASN1err(ASN1_F_ASN1_ITEM_VERIFY, ASN1_R_WRONG_PUBLIC_KEY_TYPE);\n        goto err;\n    }\n    if (!EVP_VerifyInit_ex(&ctx, type, NULL))\n    {\n        ASN1err(ASN1_F_ASN1_ITEM_VERIFY, ERR_R_EVP_LIB);\n        ret = 0;\n        goto err;\n    }\n    inl = ASN1_item_i2d(asn, &buf_in, it);\n    if (buf_in == NULL)\n    {\n        ASN1err(ASN1_F_ASN1_ITEM_VERIFY, ERR_R_MALLOC_FAILURE);\n        goto err;\n    }\n    EVP_VerifyUpdate(&ctx, (unsigned char *)buf_in, inl);\n    OPENSSL_cleanse(buf_in, (unsigned int)inl);\n    OPENSSL_free(buf_in);\n    if (EVP_VerifyFinal(&ctx, (unsigned char *)signature->data, (unsigned int)signature->length, pkey) <= 0)\n    {\n        ASN1err(ASN1_F_ASN1_ITEM_VERIFY, ERR_R_EVP_LIB);\n        ret = 0;\n        goto err;\n    }\n    ret = 1;\nerr:\n    EVP_MD_CTX_cleanup(&ctx);\n    return (ret);\n}\n",
        "question": "Given that the parameter or function `OPENSSL_cleanse` is modified before the execution of the function `EVP_MD_CTX_cleanup`, evaluate the potential impact on the outcomes of `EVP_MD_CTX_cleanup`. Consider how `OPENSSL_cleanse` could influence `EVP_MD_CTX_cleanup`, including its role as a direct parameter, its effect on controlling conditions, or its indirect impacts through other related variables or system states.",
        "choices": {
            "A": "The change to `OPENSSL_cleanse` directly alters the arguments passed to `EVP_MD_CTX_cleanup`.",
            "B": "There is neither a direct nor a significant indirect relationship between the changes to `OPENSSL_cleanse` and the behavior or output of `EVP_MD_CTX_cleanup`, suggesting no observable impact.",
            "C": "The modification of `OPENSSL_cleanse` might indirectly influence `EVP_MD_CTX_cleanup` by modifying the control statement that controls the behavior of `EVP_MD_CTX_cleanup`.",
            "D": "It is not possible to determine the effect without additional context."
        },
        "answer": "B",
        "distance": 0
    },
    {
        "case_id": "primevul_22",
        "code": "int ASN1_item_verify(const ASN1_ITEM *it, X509_ALGOR *a, ASN1_BIT_STRING *signature, void *asn, EVP_PKEY *pkey)\n{\n    EVP_MD_CTX ctx;\n    const EVP_MD *type = NULL;\n    unsigned char *buf_in = NULL;\n    int ret = -1, inl;\n    int mdnid, pknid;\n    EVP_MD_CTX_init(&ctx);\n    if (type == NULL)\n    {\n        ASN1err(ASN1_F_ASN1_ITEM_VERIFY, ASN1_R_UNKNOWN_MESSAGE_DIGEST_ALGORITHM);\n        goto err;\n    }\n    if (EVP_PKEY_type(pknid) != pkey->ameth->pkey_id)\n    {\n        ASN1err(ASN1_F_ASN1_ITEM_VERIFY, ASN1_R_WRONG_PUBLIC_KEY_TYPE);\n        goto err;\n    }\n    if (!EVP_VerifyInit_ex(&ctx, type, NULL))\n    {\n        ASN1err(ASN1_F_ASN1_ITEM_VERIFY, ERR_R_EVP_LIB);\n        ret = 0;\n        goto err;\n    }\n    inl = ASN1_item_i2d(asn, &buf_in, it);\n    if (buf_in == NULL)\n    {\n        ASN1err(ASN1_F_ASN1_ITEM_VERIFY, ERR_R_MALLOC_FAILURE);\n        goto err;\n    }\n    EVP_VerifyUpdate(&ctx, (unsigned char *)buf_in, inl);\n    OPENSSL_cleanse(buf_in, (unsigned int)inl);\n    OPENSSL_free(buf_in);\n    if (EVP_VerifyFinal(&ctx, (unsigned char *)signature->data, (unsigned int)signature->length, pkey) <= 0)\n    {\n        ASN1err(ASN1_F_ASN1_ITEM_VERIFY, ERR_R_EVP_LIB);\n        ret = 0;\n        goto err;\n    }\n    ret = 1;\nerr:\n    EVP_MD_CTX_cleanup(&ctx);\n    return (ret);\n}\n",
        "question": "Given that the parameter or function `EVP_VerifyUpdate` is modified before the execution of the function `EVP_MD_CTX_cleanup`, evaluate the potential impact on the outcomes of `EVP_MD_CTX_cleanup`. Consider how `EVP_VerifyUpdate` could influence `EVP_MD_CTX_cleanup`, including its role as a direct parameter, its effect on controlling conditions, or its indirect impacts through other related variables or system states.",
        "choices": {
            "A": "The change to `EVP_VerifyUpdate` directly alters the arguments passed to `EVP_MD_CTX_cleanup`.",
            "B": "There is neither a direct nor a significant indirect relationship between the changes to `EVP_VerifyUpdate` and the behavior or output of `EVP_MD_CTX_cleanup`, suggesting no observable impact.",
            "C": "The modification of `EVP_VerifyUpdate` might indirectly influence `EVP_MD_CTX_cleanup` by modifying the control statement that controls the behavior of `EVP_MD_CTX_cleanup`.",
            "D": "It is not possible to determine the effect without additional context."
        },
        "answer": "B",
        "distance": 0
    },
    {
        "case_id": "primevul_22",
        "code": "int ASN1_item_verify(const ASN1_ITEM *it, X509_ALGOR *a, ASN1_BIT_STRING *signature, void *asn, EVP_PKEY *pkey)\n{\n    EVP_MD_CTX ctx;\n    const EVP_MD *type = NULL;\n    unsigned char *buf_in = NULL;\n    int ret = -1, inl;\n    int mdnid, pknid;\n    EVP_MD_CTX_init(&ctx);\n    if (type == NULL)\n    {\n        ASN1err(ASN1_F_ASN1_ITEM_VERIFY, ASN1_R_UNKNOWN_MESSAGE_DIGEST_ALGORITHM);\n        goto err;\n    }\n    if (EVP_PKEY_type(pknid) != pkey->ameth->pkey_id)\n    {\n        ASN1err(ASN1_F_ASN1_ITEM_VERIFY, ASN1_R_WRONG_PUBLIC_KEY_TYPE);\n        goto err;\n    }\n    if (!EVP_VerifyInit_ex(&ctx, type, NULL))\n    {\n        ASN1err(ASN1_F_ASN1_ITEM_VERIFY, ERR_R_EVP_LIB);\n        ret = 0;\n        goto err;\n    }\n    inl = ASN1_item_i2d(asn, &buf_in, it);\n    if (buf_in == NULL)\n    {\n        ASN1err(ASN1_F_ASN1_ITEM_VERIFY, ERR_R_MALLOC_FAILURE);\n        goto err;\n    }\n    EVP_VerifyUpdate(&ctx, (unsigned char *)buf_in, inl);\n    OPENSSL_cleanse(buf_in, (unsigned int)inl);\n    OPENSSL_free(buf_in);\n    if (EVP_VerifyFinal(&ctx, (unsigned char *)signature->data, (unsigned int)signature->length, pkey) <= 0)\n    {\n        ASN1err(ASN1_F_ASN1_ITEM_VERIFY, ERR_R_EVP_LIB);\n        ret = 0;\n        goto err;\n    }\n    ret = 1;\nerr:\n    EVP_MD_CTX_cleanup(&ctx);\n    return (ret);\n}\n",
        "question": "Given that the parameter or function `ASN1_item_i2d` is modified before the execution of the function `EVP_MD_CTX_cleanup`, evaluate the potential impact on the outcomes of `EVP_MD_CTX_cleanup`. Consider how `ASN1_item_i2d` could influence `EVP_MD_CTX_cleanup`, including its role as a direct parameter, its effect on controlling conditions, or its indirect impacts through other related variables or system states.",
        "choices": {
            "A": "The change to `ASN1_item_i2d` directly alters the arguments passed to `EVP_MD_CTX_cleanup`.",
            "B": "There is neither a direct nor a significant indirect relationship between the changes to `ASN1_item_i2d` and the behavior or output of `EVP_MD_CTX_cleanup`, suggesting no observable impact.",
            "C": "The modification of `ASN1_item_i2d` might indirectly influence `EVP_MD_CTX_cleanup` by modifying the control statement that controls the behavior of `EVP_MD_CTX_cleanup`.",
            "D": "It is not possible to determine the effect without additional context."
        },
        "answer": "B",
        "distance": 0
    },
    {
        "case_id": "primevul_22",
        "code": "int ASN1_item_verify(const ASN1_ITEM *it, X509_ALGOR *a, ASN1_BIT_STRING *signature, void *asn, EVP_PKEY *pkey)\n{\n    EVP_MD_CTX ctx;\n    const EVP_MD *type = NULL;\n    unsigned char *buf_in = NULL;\n    int ret = -1, inl;\n    int mdnid, pknid;\n    EVP_MD_CTX_init(&ctx);\n    if (type == NULL)\n    {\n        ASN1err(ASN1_F_ASN1_ITEM_VERIFY, ASN1_R_UNKNOWN_MESSAGE_DIGEST_ALGORITHM);\n        goto err;\n    }\n    if (EVP_PKEY_type(pknid) != pkey->ameth->pkey_id)\n    {\n        ASN1err(ASN1_F_ASN1_ITEM_VERIFY, ASN1_R_WRONG_PUBLIC_KEY_TYPE);\n        goto err;\n    }\n    if (!EVP_VerifyInit_ex(&ctx, type, NULL))\n    {\n        ASN1err(ASN1_F_ASN1_ITEM_VERIFY, ERR_R_EVP_LIB);\n        ret = 0;\n        goto err;\n    }\n    inl = ASN1_item_i2d(asn, &buf_in, it);\n    if (buf_in == NULL)\n    {\n        ASN1err(ASN1_F_ASN1_ITEM_VERIFY, ERR_R_MALLOC_FAILURE);\n        goto err;\n    }\n    EVP_VerifyUpdate(&ctx, (unsigned char *)buf_in, inl);\n    OPENSSL_cleanse(buf_in, (unsigned int)inl);\n    OPENSSL_free(buf_in);\n    if (EVP_VerifyFinal(&ctx, (unsigned char *)signature->data, (unsigned int)signature->length, pkey) <= 0)\n    {\n        ASN1err(ASN1_F_ASN1_ITEM_VERIFY, ERR_R_EVP_LIB);\n        ret = 0;\n        goto err;\n    }\n    ret = 1;\nerr:\n    EVP_MD_CTX_cleanup(&ctx);\n    return (ret);\n}\n",
        "question": "Given that the parameter or function `EVP_VerifyInit_ex` is modified before the execution of the function `EVP_MD_CTX_cleanup`, evaluate the potential impact on the outcomes of `EVP_MD_CTX_cleanup`. Consider how `EVP_VerifyInit_ex` could influence `EVP_MD_CTX_cleanup`, including its role as a direct parameter, its effect on controlling conditions, or its indirect impacts through other related variables or system states.",
        "choices": {
            "A": "The change to `EVP_VerifyInit_ex` directly alters the arguments passed to `EVP_MD_CTX_cleanup`.",
            "B": "There is neither a direct nor a significant indirect relationship between the changes to `EVP_VerifyInit_ex` and the behavior or output of `EVP_MD_CTX_cleanup`, suggesting no observable impact.",
            "C": "The modification of `EVP_VerifyInit_ex` might indirectly influence `EVP_MD_CTX_cleanup` by modifying the control statement that controls the behavior of `EVP_MD_CTX_cleanup`.",
            "D": "It is not possible to determine the effect without additional context."
        },
        "answer": "B",
        "distance": 0
    }
]