[
    {
        "case_id": "primevul_54",
        "code": "PHPAPI char *php_escape_shell_arg(char *str)\n{\n\tint x, y = 0, l = strlen(str);\n\tchar *cmd;\n\tsize_t estimate = (4 * l) + 3;\n\tTSRMLS_FETCH();\n\tcmd = safe_emalloc(4, l, 3);\n\n#ifdef PHP_WIN32\n\tcmd[y++] = '\"';\n#else\n\tcmd[y++] = '\\'';\n#endif\n\n\tfor (x = 0; x < l; x++)\n\t{\n\t\tint mb_len = php_mblen(str + x, (l - x));\n\t\tif (mb_len < 0)\n\t\t{\n\t\t\tcontinue;\n\t\t}\n\t\telse if (mb_len > 1)\n\t\t{\n\t\t\tmemcpy(cmd + y, str + x, mb_len);\n\t\t\ty += mb_len;\n\t\t\tx += mb_len - 1;\n\t\t\tcontinue;\n\t\t}\n\t\tswitch (str[x])\n\t\t{\n#ifdef PHP_WIN32\n\t\tcase '\"':\n\t\tcase '%':\n\t\t\tcmd[y++] = ' ';\n\t\t\tbreak;\n#else\n\t\tcase '\\'':\n\t\t\tcmd[y++] = '\\'';\n\t\t\tcmd[y++] = '\\\\';\n\t\t\tcmd[y++] = '\\'';\n#endif\n\t\tdefault:\n\t\t\tcmd[y++] = str[x];\n\t\t}\n\t}\n\n#ifdef PHP_WIN32\n\tcmd[y++] = '\"';\n#else\n\tcmd[y++] = '\\'';\n#endif\n\n\treturn cmd;\n}\n",
        "question": "Given that the parameter or function `php_mblen` is modified before the execution of the function `memcpy`, evaluate the potential impact on the outcomes of `memcpy`. Consider how `php_mblen` could influence `memcpy`, including its role as a direct parameter, its effect on controlling conditions, or its indirect impacts through other related variables or system states.",
        "choices": {
            "A": "The change to `php_mblen` directly alters the arguments passed to `memcpy`.",
            "B": "There is neither a direct nor a significant indirect relationship between the changes to `php_mblen` and the behavior or output of `memcpy`, suggesting no observable impact.",
            "C": "The modification of `php_mblen` might indirectly influence `memcpy` by modifying the control statement that controls the behavior of `memcpy`.",
            "D": "It is not possible to determine the effect without additional context."
        },
        "answer": "A",
        "distance": 3
    },
    {
        "case_id": "primevul_54",
        "code": "PHPAPI char *php_escape_shell_arg(char *str)\n{\n\tint x, y = 0, l = strlen(str);\n\tchar *cmd;\n\tsize_t estimate = (4 * l) + 3;\n\tTSRMLS_FETCH();\n\tcmd = safe_emalloc(4, l, 3);\n\n#ifdef PHP_WIN32\n\tcmd[y++] = '\"';\n#else\n\tcmd[y++] = '\\'';\n#endif\n\n\tfor (x = 0; x < l; x++)\n\t{\n\t\tint mb_len = php_mblen(str + x, (l - x));\n\t\tif (mb_len < 0)\n\t\t{\n\t\t\tcontinue;\n\t\t}\n\t\telse if (mb_len > 1)\n\t\t{\n\t\t\tmemcpy(cmd + y, str + x, mb_len);\n\t\t\ty += mb_len;\n\t\t\tx += mb_len - 1;\n\t\t\tcontinue;\n\t\t}\n\t\tswitch (str[x])\n\t\t{\n#ifdef PHP_WIN32\n\t\tcase '\"':\n\t\tcase '%':\n\t\t\tcmd[y++] = ' ';\n\t\t\tbreak;\n#else\n\t\tcase '\\'':\n\t\t\tcmd[y++] = '\\'';\n\t\t\tcmd[y++] = '\\\\';\n\t\t\tcmd[y++] = '\\'';\n#endif\n\t\tdefault:\n\t\t\tcmd[y++] = str[x];\n\t\t}\n\t}\n\n#ifdef PHP_WIN32\n\tcmd[y++] = '\"';\n#else\n\tcmd[y++] = '\\'';\n#endif\n\n\treturn cmd;\n}\n",
        "question": "Given that the parameter or function `x` is modified before the execution of the function `memcpy`, evaluate the potential impact on the outcomes of `memcpy`. Consider how `x` could influence `memcpy`, including its role as a direct parameter, its effect on controlling conditions, or its indirect impacts through other related variables or system states.",
        "choices": {
            "A": "The change to `x` directly alters the arguments passed to `memcpy`.",
            "B": "There is neither a direct nor a significant indirect relationship between the changes to `x` and the behavior or output of `memcpy`, suggesting no observable impact.",
            "C": "The modification of `x` might indirectly influence `memcpy` by modifying the control statement that controls the behavior of `memcpy`.",
            "D": "It is not possible to determine the effect without additional context."
        },
        "answer": "A",
        "distance": 3
    },
    {
        "case_id": "primevul_54",
        "code": "PHPAPI char *php_escape_shell_arg(char *str)\n{\n\tint x, y = 0, l = strlen(str);\n\tchar *cmd;\n\tsize_t estimate = (4 * l) + 3;\n\tTSRMLS_FETCH();\n\tcmd = safe_emalloc(4, l, 3);\n\n#ifdef PHP_WIN32\n\tcmd[y++] = '\"';\n#else\n\tcmd[y++] = '\\'';\n#endif\n\n\tfor (x = 0; x < l; x++)\n\t{\n\t\tint mb_len = php_mblen(str + x, (l - x));\n\t\tif (mb_len < 0)\n\t\t{\n\t\t\tcontinue;\n\t\t}\n\t\telse if (mb_len > 1)\n\t\t{\n\t\t\tmemcpy(cmd + y, str + x, mb_len);\n\t\t\ty += mb_len;\n\t\t\tx += mb_len - 1;\n\t\t\tcontinue;\n\t\t}\n\t\tswitch (str[x])\n\t\t{\n#ifdef PHP_WIN32\n\t\tcase '\"':\n\t\tcase '%':\n\t\t\tcmd[y++] = ' ';\n\t\t\tbreak;\n#else\n\t\tcase '\\'':\n\t\t\tcmd[y++] = '\\'';\n\t\t\tcmd[y++] = '\\\\';\n\t\t\tcmd[y++] = '\\'';\n#endif\n\t\tdefault:\n\t\t\tcmd[y++] = str[x];\n\t\t}\n\t}\n\n#ifdef PHP_WIN32\n\tcmd[y++] = '\"';\n#else\n\tcmd[y++] = '\\'';\n#endif\n\n\treturn cmd;\n}\n",
        "question": "Given that the parameter or function `y` is modified before the execution of the function `strlen`, evaluate the potential impact on the outcomes of `strlen`. Consider how `y` could influence `strlen`, including its role as a direct parameter, its effect on controlling conditions, or its indirect impacts through other related variables or system states.",
        "choices": {
            "A": "The change to `y` directly alters the arguments passed to `strlen`.",
            "B": "There is neither a direct nor a significant indirect relationship between the changes to `y` and the behavior or output of `strlen`, suggesting no observable impact.",
            "C": "The modification of `y` might indirectly influence `strlen` by modifying the control statement that controls the behavior of `strlen`.",
            "D": "It is not possible to determine the effect without additional context."
        },
        "answer": "A",
        "distance": 1
    },
    {
        "case_id": "primevul_54",
        "code": "PHPAPI char *php_escape_shell_arg(char *str)\n{\n\tint x, y = 0, l = strlen(str);\n\tchar *cmd;\n\tsize_t estimate = (4 * l) + 3;\n\tTSRMLS_FETCH();\n\tcmd = safe_emalloc(4, l, 3);\n\n#ifdef PHP_WIN32\n\tcmd[y++] = '\"';\n#else\n\tcmd[y++] = '\\'';\n#endif\n\n\tfor (x = 0; x < l; x++)\n\t{\n\t\tint mb_len = php_mblen(str + x, (l - x));\n\t\tif (mb_len < 0)\n\t\t{\n\t\t\tcontinue;\n\t\t}\n\t\telse if (mb_len > 1)\n\t\t{\n\t\t\tmemcpy(cmd + y, str + x, mb_len);\n\t\t\ty += mb_len;\n\t\t\tx += mb_len - 1;\n\t\t\tcontinue;\n\t\t}\n\t\tswitch (str[x])\n\t\t{\n#ifdef PHP_WIN32\n\t\tcase '\"':\n\t\tcase '%':\n\t\t\tcmd[y++] = ' ';\n\t\t\tbreak;\n#else\n\t\tcase '\\'':\n\t\t\tcmd[y++] = '\\'';\n\t\t\tcmd[y++] = '\\\\';\n\t\t\tcmd[y++] = '\\'';\n#endif\n\t\tdefault:\n\t\t\tcmd[y++] = str[x];\n\t\t}\n\t}\n\n#ifdef PHP_WIN32\n\tcmd[y++] = '\"';\n#else\n\tcmd[y++] = '\\'';\n#endif\n\n\treturn cmd;\n}\n",
        "question": "Given that the parameter or function `l` is modified before the execution of the function `strlen`, evaluate the potential impact on the outcomes of `strlen`. Consider how `l` could influence `strlen`, including its role as a direct parameter, its effect on controlling conditions, or its indirect impacts through other related variables or system states.",
        "choices": {
            "A": "The change to `l` directly alters the arguments passed to `strlen`.",
            "B": "There is neither a direct nor a significant indirect relationship between the changes to `l` and the behavior or output of `strlen`, suggesting no observable impact.",
            "C": "The modification of `l` might indirectly influence `strlen` by modifying the control statement that controls the behavior of `strlen`.",
            "D": "It is not possible to determine the effect without additional context."
        },
        "answer": "A",
        "distance": 1
    },
    {
        "case_id": "primevul_54",
        "code": "PHPAPI char *php_escape_shell_arg(char *str)\n{\n\tint x, y = 0, l = strlen(str);\n\tchar *cmd;\n\tsize_t estimate = (4 * l) + 3;\n\tTSRMLS_FETCH();\n\tcmd = safe_emalloc(4, l, 3);\n\n#ifdef PHP_WIN32\n\tcmd[y++] = '\"';\n#else\n\tcmd[y++] = '\\'';\n#endif\n\n\tfor (x = 0; x < l; x++)\n\t{\n\t\tint mb_len = php_mblen(str + x, (l - x));\n\t\tif (mb_len < 0)\n\t\t{\n\t\t\tcontinue;\n\t\t}\n\t\telse if (mb_len > 1)\n\t\t{\n\t\t\tmemcpy(cmd + y, str + x, mb_len);\n\t\t\ty += mb_len;\n\t\t\tx += mb_len - 1;\n\t\t\tcontinue;\n\t\t}\n\t\tswitch (str[x])\n\t\t{\n#ifdef PHP_WIN32\n\t\tcase '\"':\n\t\tcase '%':\n\t\t\tcmd[y++] = ' ';\n\t\t\tbreak;\n#else\n\t\tcase '\\'':\n\t\t\tcmd[y++] = '\\'';\n\t\t\tcmd[y++] = '\\\\';\n\t\t\tcmd[y++] = '\\'';\n#endif\n\t\tdefault:\n\t\t\tcmd[y++] = str[x];\n\t\t}\n\t}\n\n#ifdef PHP_WIN32\n\tcmd[y++] = '\"';\n#else\n\tcmd[y++] = '\\'';\n#endif\n\n\treturn cmd;\n}\n",
        "question": "Given that the parameter or function `php_mblen` is modified before the execution of the function `strlen`, evaluate the potential impact on the outcomes of `strlen`. Consider how `php_mblen` could influence `strlen`, including its role as a direct parameter, its effect on controlling conditions, or its indirect impacts through other related variables or system states.",
        "choices": {
            "A": "The change to `php_mblen` directly alters the arguments passed to `strlen`.",
            "B": "There is neither a direct nor a significant indirect relationship between the changes to `php_mblen` and the behavior or output of `strlen`, suggesting no observable impact.",
            "C": "The modification of `php_mblen` might indirectly influence `strlen` by modifying the control statement that controls the behavior of `strlen`.",
            "D": "It is not possible to determine the effect without additional context."
        },
        "answer": "B",
        "distance": 0
    },
    {
        "case_id": "primevul_54",
        "code": "PHPAPI char *php_escape_shell_arg(char *str)\n{\n\tint x, y = 0, l = strlen(str);\n\tchar *cmd;\n\tsize_t estimate = (4 * l) + 3;\n\tTSRMLS_FETCH();\n\tcmd = safe_emalloc(4, l, 3);\n\n#ifdef PHP_WIN32\n\tcmd[y++] = '\"';\n#else\n\tcmd[y++] = '\\'';\n#endif\n\n\tfor (x = 0; x < l; x++)\n\t{\n\t\tint mb_len = php_mblen(str + x, (l - x));\n\t\tif (mb_len < 0)\n\t\t{\n\t\t\tcontinue;\n\t\t}\n\t\telse if (mb_len > 1)\n\t\t{\n\t\t\tmemcpy(cmd + y, str + x, mb_len);\n\t\t\ty += mb_len;\n\t\t\tx += mb_len - 1;\n\t\t\tcontinue;\n\t\t}\n\t\tswitch (str[x])\n\t\t{\n#ifdef PHP_WIN32\n\t\tcase '\"':\n\t\tcase '%':\n\t\t\tcmd[y++] = ' ';\n\t\t\tbreak;\n#else\n\t\tcase '\\'':\n\t\t\tcmd[y++] = '\\'';\n\t\t\tcmd[y++] = '\\\\';\n\t\t\tcmd[y++] = '\\'';\n#endif\n\t\tdefault:\n\t\t\tcmd[y++] = str[x];\n\t\t}\n\t}\n\n#ifdef PHP_WIN32\n\tcmd[y++] = '\"';\n#else\n\tcmd[y++] = '\\'';\n#endif\n\n\treturn cmd;\n}\n",
        "question": "Given that the parameter or function `safe_emalloc` is modified before the execution of the function `strlen`, evaluate the potential impact on the outcomes of `strlen`. Consider how `safe_emalloc` could influence `strlen`, including its role as a direct parameter, its effect on controlling conditions, or its indirect impacts through other related variables or system states.",
        "choices": {
            "A": "The change to `safe_emalloc` directly alters the arguments passed to `strlen`.",
            "B": "There is neither a direct nor a significant indirect relationship between the changes to `safe_emalloc` and the behavior or output of `strlen`, suggesting no observable impact.",
            "C": "The modification of `safe_emalloc` might indirectly influence `strlen` by modifying the control statement that controls the behavior of `strlen`.",
            "D": "It is not possible to determine the effect without additional context."
        },
        "answer": "B",
        "distance": 0
    },
    {
        "case_id": "primevul_54",
        "code": "PHPAPI char *php_escape_shell_arg(char *str)\n{\n\tint x, y = 0, l = strlen(str);\n\tchar *cmd;\n\tsize_t estimate = (4 * l) + 3;\n\tTSRMLS_FETCH();\n\tcmd = safe_emalloc(4, l, 3);\n\n#ifdef PHP_WIN32\n\tcmd[y++] = '\"';\n#else\n\tcmd[y++] = '\\'';\n#endif\n\n\tfor (x = 0; x < l; x++)\n\t{\n\t\tint mb_len = php_mblen(str + x, (l - x));\n\t\tif (mb_len < 0)\n\t\t{\n\t\t\tcontinue;\n\t\t}\n\t\telse if (mb_len > 1)\n\t\t{\n\t\t\tmemcpy(cmd + y, str + x, mb_len);\n\t\t\ty += mb_len;\n\t\t\tx += mb_len - 1;\n\t\t\tcontinue;\n\t\t}\n\t\tswitch (str[x])\n\t\t{\n#ifdef PHP_WIN32\n\t\tcase '\"':\n\t\tcase '%':\n\t\t\tcmd[y++] = ' ';\n\t\t\tbreak;\n#else\n\t\tcase '\\'':\n\t\t\tcmd[y++] = '\\'';\n\t\t\tcmd[y++] = '\\\\';\n\t\t\tcmd[y++] = '\\'';\n#endif\n\t\tdefault:\n\t\t\tcmd[y++] = str[x];\n\t\t}\n\t}\n\n#ifdef PHP_WIN32\n\tcmd[y++] = '\"';\n#else\n\tcmd[y++] = '\\'';\n#endif\n\n\treturn cmd;\n}\n",
        "question": "Given that the parameter or function `TSRMLS_FETCH` is modified before the execution of the function `strlen`, evaluate the potential impact on the outcomes of `strlen`. Consider how `TSRMLS_FETCH` could influence `strlen`, including its role as a direct parameter, its effect on controlling conditions, or its indirect impacts through other related variables or system states.",
        "choices": {
            "A": "The change to `TSRMLS_FETCH` directly alters the arguments passed to `strlen`.",
            "B": "There is neither a direct nor a significant indirect relationship between the changes to `TSRMLS_FETCH` and the behavior or output of `strlen`, suggesting no observable impact.",
            "C": "The modification of `TSRMLS_FETCH` might indirectly influence `strlen` by modifying the control statement that controls the behavior of `strlen`.",
            "D": "It is not possible to determine the effect without additional context."
        },
        "answer": "B",
        "distance": 0
    },
    {
        "case_id": "primevul_54",
        "code": "PHPAPI char *php_escape_shell_arg(char *str)\n{\n\tint x, y = 0, l = strlen(str);\n\tchar *cmd;\n\tsize_t estimate = (4 * l) + 3;\n\tTSRMLS_FETCH();\n\tcmd = safe_emalloc(4, l, 3);\n\n#ifdef PHP_WIN32\n\tcmd[y++] = '\"';\n#else\n\tcmd[y++] = '\\'';\n#endif\n\n\tfor (x = 0; x < l; x++)\n\t{\n\t\tint mb_len = php_mblen(str + x, (l - x));\n\t\tif (mb_len < 0)\n\t\t{\n\t\t\tcontinue;\n\t\t}\n\t\telse if (mb_len > 1)\n\t\t{\n\t\t\tmemcpy(cmd + y, str + x, mb_len);\n\t\t\ty += mb_len;\n\t\t\tx += mb_len - 1;\n\t\t\tcontinue;\n\t\t}\n\t\tswitch (str[x])\n\t\t{\n#ifdef PHP_WIN32\n\t\tcase '\"':\n\t\tcase '%':\n\t\t\tcmd[y++] = ' ';\n\t\t\tbreak;\n#else\n\t\tcase '\\'':\n\t\t\tcmd[y++] = '\\'';\n\t\t\tcmd[y++] = '\\\\';\n\t\t\tcmd[y++] = '\\'';\n#endif\n\t\tdefault:\n\t\t\tcmd[y++] = str[x];\n\t\t}\n\t}\n\n#ifdef PHP_WIN32\n\tcmd[y++] = '\"';\n#else\n\tcmd[y++] = '\\'';\n#endif\n\n\treturn cmd;\n}\n",
        "question": "Given that the parameter or function `memcpy` is modified before the execution of the function `strlen`, evaluate the potential impact on the outcomes of `strlen`. Consider how `memcpy` could influence `strlen`, including its role as a direct parameter, its effect on controlling conditions, or its indirect impacts through other related variables or system states.",
        "choices": {
            "A": "The change to `memcpy` directly alters the arguments passed to `strlen`.",
            "B": "There is neither a direct nor a significant indirect relationship between the changes to `memcpy` and the behavior or output of `strlen`, suggesting no observable impact.",
            "C": "The modification of `memcpy` might indirectly influence `strlen` by modifying the control statement that controls the behavior of `strlen`.",
            "D": "It is not possible to determine the effect without additional context."
        },
        "answer": "B",
        "distance": 0
    },
    {
        "case_id": "primevul_54",
        "code": "PHPAPI char *php_escape_shell_arg(char *str)\n{\n\tint x, y = 0, l = strlen(str);\n\tchar *cmd;\n\tsize_t estimate = (4 * l) + 3;\n\tTSRMLS_FETCH();\n\tcmd = safe_emalloc(4, l, 3);\n\n#ifdef PHP_WIN32\n\tcmd[y++] = '\"';\n#else\n\tcmd[y++] = '\\'';\n#endif\n\n\tfor (x = 0; x < l; x++)\n\t{\n\t\tint mb_len = php_mblen(str + x, (l - x));\n\t\tif (mb_len < 0)\n\t\t{\n\t\t\tcontinue;\n\t\t}\n\t\telse if (mb_len > 1)\n\t\t{\n\t\t\tmemcpy(cmd + y, str + x, mb_len);\n\t\t\ty += mb_len;\n\t\t\tx += mb_len - 1;\n\t\t\tcontinue;\n\t\t}\n\t\tswitch (str[x])\n\t\t{\n#ifdef PHP_WIN32\n\t\tcase '\"':\n\t\tcase '%':\n\t\t\tcmd[y++] = ' ';\n\t\t\tbreak;\n#else\n\t\tcase '\\'':\n\t\t\tcmd[y++] = '\\'';\n\t\t\tcmd[y++] = '\\\\';\n\t\t\tcmd[y++] = '\\'';\n#endif\n\t\tdefault:\n\t\t\tcmd[y++] = str[x];\n\t\t}\n\t}\n\n#ifdef PHP_WIN32\n\tcmd[y++] = '\"';\n#else\n\tcmd[y++] = '\\'';\n#endif\n\n\treturn cmd;\n}\n",
        "question": "Given that the parameter or function `safe_emalloc` is modified before the execution of the function `memcpy`, evaluate the potential impact on the outcomes of `memcpy`. Consider how `safe_emalloc` could influence `memcpy`, including its role as a direct parameter, its effect on controlling conditions, or its indirect impacts through other related variables or system states.",
        "choices": {
            "A": "The change to `safe_emalloc` directly alters the arguments passed to `memcpy`.",
            "B": "There is neither a direct nor a significant indirect relationship between the changes to `safe_emalloc` and the behavior or output of `memcpy`, suggesting no observable impact.",
            "C": "The modification of `safe_emalloc` might indirectly influence `memcpy` by modifying the control statement that controls the behavior of `memcpy`.",
            "D": "It is not possible to determine the effect without additional context."
        },
        "answer": "A, C",
        "distance": 6
    },
    {
        "case_id": "primevul_54",
        "code": "PHPAPI char *php_escape_shell_arg(char *str)\n{\n\tint x, y = 0, l = strlen(str);\n\tchar *cmd;\n\tsize_t estimate = (4 * l) + 3;\n\tTSRMLS_FETCH();\n\tcmd = safe_emalloc(4, l, 3);\n\n#ifdef PHP_WIN32\n\tcmd[y++] = '\"';\n#else\n\tcmd[y++] = '\\'';\n#endif\n\n\tfor (x = 0; x < l; x++)\n\t{\n\t\tint mb_len = php_mblen(str + x, (l - x));\n\t\tif (mb_len < 0)\n\t\t{\n\t\t\tcontinue;\n\t\t}\n\t\telse if (mb_len > 1)\n\t\t{\n\t\t\tmemcpy(cmd + y, str + x, mb_len);\n\t\t\ty += mb_len;\n\t\t\tx += mb_len - 1;\n\t\t\tcontinue;\n\t\t}\n\t\tswitch (str[x])\n\t\t{\n#ifdef PHP_WIN32\n\t\tcase '\"':\n\t\tcase '%':\n\t\t\tcmd[y++] = ' ';\n\t\t\tbreak;\n#else\n\t\tcase '\\'':\n\t\t\tcmd[y++] = '\\'';\n\t\t\tcmd[y++] = '\\\\';\n\t\t\tcmd[y++] = '\\'';\n#endif\n\t\tdefault:\n\t\t\tcmd[y++] = str[x];\n\t\t}\n\t}\n\n#ifdef PHP_WIN32\n\tcmd[y++] = '\"';\n#else\n\tcmd[y++] = '\\'';\n#endif\n\n\treturn cmd;\n}\n",
        "question": "Given that the parameter or function `cmd` is modified before the execution of the function `memcpy`, evaluate the potential impact on the outcomes of `memcpy`. Consider how `cmd` could influence `memcpy`, including its role as a direct parameter, its effect on controlling conditions, or its indirect impacts through other related variables or system states.",
        "choices": {
            "A": "The change to `cmd` directly alters the arguments passed to `memcpy`.",
            "B": "There is neither a direct nor a significant indirect relationship between the changes to `cmd` and the behavior or output of `memcpy`, suggesting no observable impact.",
            "C": "The modification of `cmd` might indirectly influence `memcpy` by modifying the control statement that controls the behavior of `memcpy`.",
            "D": "It is not possible to determine the effect without additional context."
        },
        "answer": "A, C",
        "distance": 5
    },
    {
        "case_id": "primevul_54",
        "code": "PHPAPI char *php_escape_shell_arg(char *str)\n{\n\tint x, y = 0, l = strlen(str);\n\tchar *cmd;\n\tsize_t estimate = (4 * l) + 3;\n\tTSRMLS_FETCH();\n\tcmd = safe_emalloc(4, l, 3);\n\n#ifdef PHP_WIN32\n\tcmd[y++] = '\"';\n#else\n\tcmd[y++] = '\\'';\n#endif\n\n\tfor (x = 0; x < l; x++)\n\t{\n\t\tint mb_len = php_mblen(str + x, (l - x));\n\t\tif (mb_len < 0)\n\t\t{\n\t\t\tcontinue;\n\t\t}\n\t\telse if (mb_len > 1)\n\t\t{\n\t\t\tmemcpy(cmd + y, str + x, mb_len);\n\t\t\ty += mb_len;\n\t\t\tx += mb_len - 1;\n\t\t\tcontinue;\n\t\t}\n\t\tswitch (str[x])\n\t\t{\n#ifdef PHP_WIN32\n\t\tcase '\"':\n\t\tcase '%':\n\t\t\tcmd[y++] = ' ';\n\t\t\tbreak;\n#else\n\t\tcase '\\'':\n\t\t\tcmd[y++] = '\\'';\n\t\t\tcmd[y++] = '\\\\';\n\t\t\tcmd[y++] = '\\'';\n#endif\n\t\tdefault:\n\t\t\tcmd[y++] = str[x];\n\t\t}\n\t}\n\n#ifdef PHP_WIN32\n\tcmd[y++] = '\"';\n#else\n\tcmd[y++] = '\\'';\n#endif\n\n\treturn cmd;\n}\n",
        "question": "Given that the parameter or function `safe_emalloc` is modified before the execution of the function `php_mblen`, evaluate the potential impact on the outcomes of `php_mblen`. Consider how `safe_emalloc` could influence `php_mblen`, including its role as a direct parameter, its effect on controlling conditions, or its indirect impacts through other related variables or system states.",
        "choices": {
            "A": "The change to `safe_emalloc` directly alters the arguments passed to `php_mblen`.",
            "B": "There is neither a direct nor a significant indirect relationship between the changes to `safe_emalloc` and the behavior or output of `php_mblen`, suggesting no observable impact.",
            "C": "The modification of `safe_emalloc` might indirectly influence `php_mblen` by modifying the control statement that controls the behavior of `php_mblen`.",
            "D": "It is not possible to determine the effect without additional context."
        },
        "answer": "A, C",
        "distance": 4
    },
    {
        "case_id": "primevul_54",
        "code": "PHPAPI char *php_escape_shell_arg(char *str)\n{\n\tint x, y = 0, l = strlen(str);\n\tchar *cmd;\n\tsize_t estimate = (4 * l) + 3;\n\tTSRMLS_FETCH();\n\tcmd = safe_emalloc(4, l, 3);\n\n#ifdef PHP_WIN32\n\tcmd[y++] = '\"';\n#else\n\tcmd[y++] = '\\'';\n#endif\n\n\tfor (x = 0; x < l; x++)\n\t{\n\t\tint mb_len = php_mblen(str + x, (l - x));\n\t\tif (mb_len < 0)\n\t\t{\n\t\t\tcontinue;\n\t\t}\n\t\telse if (mb_len > 1)\n\t\t{\n\t\t\tmemcpy(cmd + y, str + x, mb_len);\n\t\t\ty += mb_len;\n\t\t\tx += mb_len - 1;\n\t\t\tcontinue;\n\t\t}\n\t\tswitch (str[x])\n\t\t{\n#ifdef PHP_WIN32\n\t\tcase '\"':\n\t\tcase '%':\n\t\t\tcmd[y++] = ' ';\n\t\t\tbreak;\n#else\n\t\tcase '\\'':\n\t\t\tcmd[y++] = '\\'';\n\t\t\tcmd[y++] = '\\\\';\n\t\t\tcmd[y++] = '\\'';\n#endif\n\t\tdefault:\n\t\t\tcmd[y++] = str[x];\n\t\t}\n\t}\n\n#ifdef PHP_WIN32\n\tcmd[y++] = '\"';\n#else\n\tcmd[y++] = '\\'';\n#endif\n\n\treturn cmd;\n}\n",
        "question": "Given that the parameter or function `strlen` is modified before the execution of the function `memcpy`, evaluate the potential impact on the outcomes of `memcpy`. Consider how `strlen` could influence `memcpy`, including its role as a direct parameter, its effect on controlling conditions, or its indirect impacts through other related variables or system states.",
        "choices": {
            "A": "The change to `strlen` directly alters the arguments passed to `memcpy`.",
            "B": "There is neither a direct nor a significant indirect relationship between the changes to `strlen` and the behavior or output of `memcpy`, suggesting no observable impact.",
            "C": "The modification of `strlen` might indirectly influence `memcpy` by modifying the control statement that controls the behavior of `memcpy`.",
            "D": "It is not possible to determine the effect without additional context."
        },
        "answer": "A, C",
        "distance": 4
    }
]