[
    {
        "case_id": "primevul_47",
        "code": "static bool ShouldAutofocus(const HTMLFormControlElement* element)\n{\n  if (!element->isConnected())\n  {\n    return false;\n  }\n  if (!element->IsAutofocusable())\n  {\n    return false;\n  }\n  Document& doc = element->GetDocument();\n  if (doc.IsSandboxed(WebSandboxFlags::kAutomaticFeatures))\n  {\n    doc.AddConsoleMessage(ConsoleMessage::Create(mojom::ConsoleMessageSource::kSecurity, mojom::ConsoleMessageLevel::kError, \"Blocked autofocusing on a form control because the form's frame is sandboxed and the 'allow-scripts' permission is not set.\"));\n    return false;\n  }\n  if (!doc.IsInMainFrame() && !doc.TopFrameOrigin()->CanAccess(doc.GetSecurityOrigin()))\n  {\n    doc.AddConsoleMessage(ConsoleMessage::Create(mojom::ConsoleMessageSource::kSecurity, mojom::ConsoleMessageLevel::kError, \"Blocked autofocusing on a form control in a cross-origin subframe.\"));\n    return false;\n  }\n  return true;\n}\n",
        "question": "Given that the parameter or function `element` is modified before the execution of the function `GetDocument`, evaluate the potential impact on the outcomes of `GetDocument`. Consider how `element` could influence `GetDocument`, including its role as a direct parameter, its effect on controlling conditions, or its indirect impacts through other related variables or system states.",
        "choices": {
            "A": "The change to `element` directly alters the arguments passed to `GetDocument`.",
            "B": "There is neither a direct nor a significant indirect relationship between the changes to `element` and the behavior or output of `GetDocument`, suggesting no observable impact.",
            "C": "The modification of `element` might indirectly influence `GetDocument` by modifying the control statement that controls the behavior of `GetDocument`.",
            "D": "It is not possible to determine the effect without additional context."
        },
        "answer": "A",
        "distance": 1
    },
    {
        "case_id": "primevul_47",
        "code": "static bool ShouldAutofocus(const HTMLFormControlElement* element)\n{\n  if (!element->isConnected())\n  {\n    return false;\n  }\n  if (!element->IsAutofocusable())\n  {\n    return false;\n  }\n  Document& doc = element->GetDocument();\n  if (doc.IsSandboxed(WebSandboxFlags::kAutomaticFeatures))\n  {\n    doc.AddConsoleMessage(ConsoleMessage::Create(mojom::ConsoleMessageSource::kSecurity, mojom::ConsoleMessageLevel::kError, \"Blocked autofocusing on a form control because the form's frame is sandboxed and the 'allow-scripts' permission is not set.\"));\n    return false;\n  }\n  if (!doc.IsInMainFrame() && !doc.TopFrameOrigin()->CanAccess(doc.GetSecurityOrigin()))\n  {\n    doc.AddConsoleMessage(ConsoleMessage::Create(mojom::ConsoleMessageSource::kSecurity, mojom::ConsoleMessageLevel::kError, \"Blocked autofocusing on a form control in a cross-origin subframe.\"));\n    return false;\n  }\n  return true;\n}\n",
        "question": "Given that the parameter or function `Create` is modified before the execution of the function `GetDocument`, evaluate the potential impact on the outcomes of `GetDocument`. Consider how `Create` could influence `GetDocument`, including its role as a direct parameter, its effect on controlling conditions, or its indirect impacts through other related variables or system states.",
        "choices": {
            "A": "The change to `Create` directly alters the arguments passed to `GetDocument`.",
            "B": "There is neither a direct nor a significant indirect relationship between the changes to `Create` and the behavior or output of `GetDocument`, suggesting no observable impact.",
            "C": "The modification of `Create` might indirectly influence `GetDocument` by modifying the control statement that controls the behavior of `GetDocument`.",
            "D": "It is not possible to determine the effect without additional context."
        },
        "answer": "B",
        "distance": 0
    },
    {
        "case_id": "primevul_47",
        "code": "static bool ShouldAutofocus(const HTMLFormControlElement* element)\n{\n  if (!element->isConnected())\n  {\n    return false;\n  }\n  if (!element->IsAutofocusable())\n  {\n    return false;\n  }\n  Document& doc = element->GetDocument();\n  if (doc.IsSandboxed(WebSandboxFlags::kAutomaticFeatures))\n  {\n    doc.AddConsoleMessage(ConsoleMessage::Create(mojom::ConsoleMessageSource::kSecurity, mojom::ConsoleMessageLevel::kError, \"Blocked autofocusing on a form control because the form's frame is sandboxed and the 'allow-scripts' permission is not set.\"));\n    return false;\n  }\n  if (!doc.IsInMainFrame() && !doc.TopFrameOrigin()->CanAccess(doc.GetSecurityOrigin()))\n  {\n    doc.AddConsoleMessage(ConsoleMessage::Create(mojom::ConsoleMessageSource::kSecurity, mojom::ConsoleMessageLevel::kError, \"Blocked autofocusing on a form control in a cross-origin subframe.\"));\n    return false;\n  }\n  return true;\n}\n",
        "question": "Given that the parameter or function `AddConsoleMessage` is modified before the execution of the function `GetDocument`, evaluate the potential impact on the outcomes of `GetDocument`. Consider how `AddConsoleMessage` could influence `GetDocument`, including its role as a direct parameter, its effect on controlling conditions, or its indirect impacts through other related variables or system states.",
        "choices": {
            "A": "The change to `AddConsoleMessage` directly alters the arguments passed to `GetDocument`.",
            "B": "There is neither a direct nor a significant indirect relationship between the changes to `AddConsoleMessage` and the behavior or output of `GetDocument`, suggesting no observable impact.",
            "C": "The modification of `AddConsoleMessage` might indirectly influence `GetDocument` by modifying the control statement that controls the behavior of `GetDocument`.",
            "D": "It is not possible to determine the effect without additional context."
        },
        "answer": "B",
        "distance": 0
    },
    {
        "case_id": "primevul_47",
        "code": "static bool ShouldAutofocus(const HTMLFormControlElement* element)\n{\n  if (!element->isConnected())\n  {\n    return false;\n  }\n  if (!element->IsAutofocusable())\n  {\n    return false;\n  }\n  Document& doc = element->GetDocument();\n  if (doc.IsSandboxed(WebSandboxFlags::kAutomaticFeatures))\n  {\n    doc.AddConsoleMessage(ConsoleMessage::Create(mojom::ConsoleMessageSource::kSecurity, mojom::ConsoleMessageLevel::kError, \"Blocked autofocusing on a form control because the form's frame is sandboxed and the 'allow-scripts' permission is not set.\"));\n    return false;\n  }\n  if (!doc.IsInMainFrame() && !doc.TopFrameOrigin()->CanAccess(doc.GetSecurityOrigin()))\n  {\n    doc.AddConsoleMessage(ConsoleMessage::Create(mojom::ConsoleMessageSource::kSecurity, mojom::ConsoleMessageLevel::kError, \"Blocked autofocusing on a form control in a cross-origin subframe.\"));\n    return false;\n  }\n  return true;\n}\n",
        "question": "Given that the parameter or function `mojom::ConsoleMessageSource::kSecurity` is modified before the execution of the function `GetDocument`, evaluate the potential impact on the outcomes of `GetDocument`. Consider how `mojom::ConsoleMessageSource::kSecurity` could influence `GetDocument`, including its role as a direct parameter, its effect on controlling conditions, or its indirect impacts through other related variables or system states.",
        "choices": {
            "A": "The change to `mojom::ConsoleMessageSource::kSecurity` directly alters the arguments passed to `GetDocument`.",
            "B": "There is neither a direct nor a significant indirect relationship between the changes to `mojom::ConsoleMessageSource::kSecurity` and the behavior or output of `GetDocument`, suggesting no observable impact.",
            "C": "The modification of `mojom::ConsoleMessageSource::kSecurity` might indirectly influence `GetDocument` by modifying the control statement that controls the behavior of `GetDocument`.",
            "D": "It is not possible to determine the effect without additional context."
        },
        "answer": "B",
        "distance": 0
    },
    {
        "case_id": "primevul_47",
        "code": "static bool ShouldAutofocus(const HTMLFormControlElement* element)\n{\n  if (!element->isConnected())\n  {\n    return false;\n  }\n  if (!element->IsAutofocusable())\n  {\n    return false;\n  }\n  Document& doc = element->GetDocument();\n  if (doc.IsSandboxed(WebSandboxFlags::kAutomaticFeatures))\n  {\n    doc.AddConsoleMessage(ConsoleMessage::Create(mojom::ConsoleMessageSource::kSecurity, mojom::ConsoleMessageLevel::kError, \"Blocked autofocusing on a form control because the form's frame is sandboxed and the 'allow-scripts' permission is not set.\"));\n    return false;\n  }\n  if (!doc.IsInMainFrame() && !doc.TopFrameOrigin()->CanAccess(doc.GetSecurityOrigin()))\n  {\n    doc.AddConsoleMessage(ConsoleMessage::Create(mojom::ConsoleMessageSource::kSecurity, mojom::ConsoleMessageLevel::kError, \"Blocked autofocusing on a form control in a cross-origin subframe.\"));\n    return false;\n  }\n  return true;\n}\n",
        "question": "Given that the parameter or function `mojom::ConsoleMessageLevel::kError` is modified before the execution of the function `GetDocument`, evaluate the potential impact on the outcomes of `GetDocument`. Consider how `mojom::ConsoleMessageLevel::kError` could influence `GetDocument`, including its role as a direct parameter, its effect on controlling conditions, or its indirect impacts through other related variables or system states.",
        "choices": {
            "A": "The change to `mojom::ConsoleMessageLevel::kError` directly alters the arguments passed to `GetDocument`.",
            "B": "There is neither a direct nor a significant indirect relationship between the changes to `mojom::ConsoleMessageLevel::kError` and the behavior or output of `GetDocument`, suggesting no observable impact.",
            "C": "The modification of `mojom::ConsoleMessageLevel::kError` might indirectly influence `GetDocument` by modifying the control statement that controls the behavior of `GetDocument`.",
            "D": "It is not possible to determine the effect without additional context."
        },
        "answer": "B",
        "distance": 0
    }
]