[
    {
        "case_id": "primevul_35",
        "code": "static int br_parse_ip_options(struct sk_buff *skb)\n{\n\tstruct ip_options *opt;\n\tstruct iphdr *iph;\n\tstruct net_device *dev = skb->dev;\n\tu32 len;\n\tiph = ip_hdr(skb);\n\topt = &(IPCB(skb)->opt);\n\tif (iph->ihl < 5 || iph->version != 4)\n\t{\n\t\tgoto inhdr_error;\n\t}\n\tif (!pskb_may_pull(skb, iph->ihl*4))\n\t{\n\t\tgoto inhdr_error;\n\t}\n\tiph = ip_hdr(skb);\n\tif (unlikely(ip_fast_csum((u8 *)iph, iph->ihl)))\n\t{\n\t\tgoto inhdr_error;\n\t}\n\tlen = ntohs(iph->tot_len);\n\tif (skb->len < len)\n\t{\n\t\tIP_INC_STATS_BH(dev_net(dev), IPSTATS_MIB_INTRUNCATEDPKTS);\n\t\tgoto drop;\n\t}\n\telse if (len < (iph->ihl*4))\n\t{\n\t\tgoto inhdr_error;\n\t}\n\tif (pskb_trim_rcsum(skb, len))\n\t{\n\t\tIP_INC_STATS_BH(dev_net(dev), IPSTATS_MIB_INDISCARDS);\n\t\tgoto drop;\n\t}\n\tif (iph->ihl == 5)\n\t{\n\t\tmemset(IPCB(skb), 0, sizeof(struct inet_skb_parm));\n\t\treturn 0;\n\t}\n\topt->optlen = iph->ihl*4 - sizeof(struct iphdr);\n\tif (ip_options_compile(dev_net(dev), opt, skb))\n\t{\n\t\tgoto inhdr_error;\n\t}\n\tif (unlikely(opt->srr))\n\t{\n\t\tstruct in_device *in_dev = __in_dev_get_rcu(dev);\n\t\tif (in_dev && !IN_DEV_SOURCE_ROUTE(in_dev))\n\t\t{\n\t\t\tgoto drop;\n\t\t}\n\t\tif (ip_options_rcv_srr(skb))\n\t\t{\n\t\t\tgoto drop;\n\t\t}\n\t}\n\treturn 0;\ninhdr_error:\n\tIP_INC_STATS_BH(dev_net(dev), IPSTATS_MIB_INHDRERRORS);\ndrop:\n\treturn -1;\n}",
        "question": "Given that the parameter or function `dev` is modified before the execution of the function `ntohs`, evaluate the potential impact on the outcomes of `ntohs`. Consider how `dev` could influence `ntohs`, including its role as a direct parameter, its effect on controlling conditions, or its indirect impacts through other related variables or system states.",
        "choices": {
            "A": "The change to `dev` directly alters the arguments passed to `ntohs`.",
            "B": "There is neither a direct nor a significant indirect relationship between the changes to `dev` and the behavior or output of `ntohs`, suggesting no observable impact.",
            "C": "The modification of `dev` might indirectly influence `ntohs` by modifying the control statement that controls the behavior of `ntohs`.",
            "D": "It is not possible to determine the effect without additional context."
        },
        "answer": "A",
        "distance": 2
    },
    {
        "case_id": "primevul_35",
        "code": "static int br_parse_ip_options(struct sk_buff *skb)\n{\n\tstruct ip_options *opt;\n\tstruct iphdr *iph;\n\tstruct net_device *dev = skb->dev;\n\tu32 len;\n\tiph = ip_hdr(skb);\n\topt = &(IPCB(skb)->opt);\n\tif (iph->ihl < 5 || iph->version != 4)\n\t{\n\t\tgoto inhdr_error;\n\t}\n\tif (!pskb_may_pull(skb, iph->ihl*4))\n\t{\n\t\tgoto inhdr_error;\n\t}\n\tiph = ip_hdr(skb);\n\tif (unlikely(ip_fast_csum((u8 *)iph, iph->ihl)))\n\t{\n\t\tgoto inhdr_error;\n\t}\n\tlen = ntohs(iph->tot_len);\n\tif (skb->len < len)\n\t{\n\t\tIP_INC_STATS_BH(dev_net(dev), IPSTATS_MIB_INTRUNCATEDPKTS);\n\t\tgoto drop;\n\t}\n\telse if (len < (iph->ihl*4))\n\t{\n\t\tgoto inhdr_error;\n\t}\n\tif (pskb_trim_rcsum(skb, len))\n\t{\n\t\tIP_INC_STATS_BH(dev_net(dev), IPSTATS_MIB_INDISCARDS);\n\t\tgoto drop;\n\t}\n\tif (iph->ihl == 5)\n\t{\n\t\tmemset(IPCB(skb), 0, sizeof(struct inet_skb_parm));\n\t\treturn 0;\n\t}\n\topt->optlen = iph->ihl*4 - sizeof(struct iphdr);\n\tif (ip_options_compile(dev_net(dev), opt, skb))\n\t{\n\t\tgoto inhdr_error;\n\t}\n\tif (unlikely(opt->srr))\n\t{\n\t\tstruct in_device *in_dev = __in_dev_get_rcu(dev);\n\t\tif (in_dev && !IN_DEV_SOURCE_ROUTE(in_dev))\n\t\t{\n\t\t\tgoto drop;\n\t\t}\n\t\tif (ip_options_rcv_srr(skb))\n\t\t{\n\t\t\tgoto drop;\n\t\t}\n\t}\n\treturn 0;\ninhdr_error:\n\tIP_INC_STATS_BH(dev_net(dev), IPSTATS_MIB_INHDRERRORS);\ndrop:\n\treturn -1;\n}",
        "question": "Given that the parameter or function `iph` is modified before the execution of the function `ntohs`, evaluate the potential impact on the outcomes of `ntohs`. Consider how `iph` could influence `ntohs`, including its role as a direct parameter, its effect on controlling conditions, or its indirect impacts through other related variables or system states.",
        "choices": {
            "A": "The change to `iph` directly alters the arguments passed to `ntohs`.",
            "B": "There is neither a direct nor a significant indirect relationship between the changes to `iph` and the behavior or output of `ntohs`, suggesting no observable impact.",
            "C": "The modification of `iph` might indirectly influence `ntohs` by modifying the control statement that controls the behavior of `ntohs`.",
            "D": "It is not possible to determine the effect without additional context."
        },
        "answer": "A",
        "distance": 1
    },
    {
        "case_id": "primevul_35",
        "code": "static int br_parse_ip_options(struct sk_buff *skb)\n{\n\tstruct ip_options *opt;\n\tstruct iphdr *iph;\n\tstruct net_device *dev = skb->dev;\n\tu32 len;\n\tiph = ip_hdr(skb);\n\topt = &(IPCB(skb)->opt);\n\tif (iph->ihl < 5 || iph->version != 4)\n\t{\n\t\tgoto inhdr_error;\n\t}\n\tif (!pskb_may_pull(skb, iph->ihl*4))\n\t{\n\t\tgoto inhdr_error;\n\t}\n\tiph = ip_hdr(skb);\n\tif (unlikely(ip_fast_csum((u8 *)iph, iph->ihl)))\n\t{\n\t\tgoto inhdr_error;\n\t}\n\tlen = ntohs(iph->tot_len);\n\tif (skb->len < len)\n\t{\n\t\tIP_INC_STATS_BH(dev_net(dev), IPSTATS_MIB_INTRUNCATEDPKTS);\n\t\tgoto drop;\n\t}\n\telse if (len < (iph->ihl*4))\n\t{\n\t\tgoto inhdr_error;\n\t}\n\tif (pskb_trim_rcsum(skb, len))\n\t{\n\t\tIP_INC_STATS_BH(dev_net(dev), IPSTATS_MIB_INDISCARDS);\n\t\tgoto drop;\n\t}\n\tif (iph->ihl == 5)\n\t{\n\t\tmemset(IPCB(skb), 0, sizeof(struct inet_skb_parm));\n\t\treturn 0;\n\t}\n\topt->optlen = iph->ihl*4 - sizeof(struct iphdr);\n\tif (ip_options_compile(dev_net(dev), opt, skb))\n\t{\n\t\tgoto inhdr_error;\n\t}\n\tif (unlikely(opt->srr))\n\t{\n\t\tstruct in_device *in_dev = __in_dev_get_rcu(dev);\n\t\tif (in_dev && !IN_DEV_SOURCE_ROUTE(in_dev))\n\t\t{\n\t\t\tgoto drop;\n\t\t}\n\t\tif (ip_options_rcv_srr(skb))\n\t\t{\n\t\t\tgoto drop;\n\t\t}\n\t}\n\treturn 0;\ninhdr_error:\n\tIP_INC_STATS_BH(dev_net(dev), IPSTATS_MIB_INHDRERRORS);\ndrop:\n\treturn -1;\n}",
        "question": "Given that the parameter or function `skb` is modified before the execution of the function `ntohs`, evaluate the potential impact on the outcomes of `ntohs`. Consider how `skb` could influence `ntohs`, including its role as a direct parameter, its effect on controlling conditions, or its indirect impacts through other related variables or system states.",
        "choices": {
            "A": "The change to `skb` directly alters the arguments passed to `ntohs`.",
            "B": "There is neither a direct nor a significant indirect relationship between the changes to `skb` and the behavior or output of `ntohs`, suggesting no observable impact.",
            "C": "The modification of `skb` might indirectly influence `ntohs` by modifying the control statement that controls the behavior of `ntohs`.",
            "D": "It is not possible to determine the effect without additional context."
        },
        "answer": "A",
        "distance": 1
    },
    {
        "case_id": "primevul_35",
        "code": "static int br_parse_ip_options(struct sk_buff *skb)\n{\n\tstruct ip_options *opt;\n\tstruct iphdr *iph;\n\tstruct net_device *dev = skb->dev;\n\tu32 len;\n\tiph = ip_hdr(skb);\n\topt = &(IPCB(skb)->opt);\n\tif (iph->ihl < 5 || iph->version != 4)\n\t{\n\t\tgoto inhdr_error;\n\t}\n\tif (!pskb_may_pull(skb, iph->ihl*4))\n\t{\n\t\tgoto inhdr_error;\n\t}\n\tiph = ip_hdr(skb);\n\tif (unlikely(ip_fast_csum((u8 *)iph, iph->ihl)))\n\t{\n\t\tgoto inhdr_error;\n\t}\n\tlen = ntohs(iph->tot_len);\n\tif (skb->len < len)\n\t{\n\t\tIP_INC_STATS_BH(dev_net(dev), IPSTATS_MIB_INTRUNCATEDPKTS);\n\t\tgoto drop;\n\t}\n\telse if (len < (iph->ihl*4))\n\t{\n\t\tgoto inhdr_error;\n\t}\n\tif (pskb_trim_rcsum(skb, len))\n\t{\n\t\tIP_INC_STATS_BH(dev_net(dev), IPSTATS_MIB_INDISCARDS);\n\t\tgoto drop;\n\t}\n\tif (iph->ihl == 5)\n\t{\n\t\tmemset(IPCB(skb), 0, sizeof(struct inet_skb_parm));\n\t\treturn 0;\n\t}\n\topt->optlen = iph->ihl*4 - sizeof(struct iphdr);\n\tif (ip_options_compile(dev_net(dev), opt, skb))\n\t{\n\t\tgoto inhdr_error;\n\t}\n\tif (unlikely(opt->srr))\n\t{\n\t\tstruct in_device *in_dev = __in_dev_get_rcu(dev);\n\t\tif (in_dev && !IN_DEV_SOURCE_ROUTE(in_dev))\n\t\t{\n\t\t\tgoto drop;\n\t\t}\n\t\tif (ip_options_rcv_srr(skb))\n\t\t{\n\t\t\tgoto drop;\n\t\t}\n\t}\n\treturn 0;\ninhdr_error:\n\tIP_INC_STATS_BH(dev_net(dev), IPSTATS_MIB_INHDRERRORS);\ndrop:\n\treturn -1;\n}",
        "question": "Given that the parameter or function `tot_len` is modified before the execution of the function `ntohs`, evaluate the potential impact on the outcomes of `ntohs`. Consider how `tot_len` could influence `ntohs`, including its role as a direct parameter, its effect on controlling conditions, or its indirect impacts through other related variables or system states.",
        "choices": {
            "A": "The change to `tot_len` directly alters the arguments passed to `ntohs`.",
            "B": "There is neither a direct nor a significant indirect relationship between the changes to `tot_len` and the behavior or output of `ntohs`, suggesting no observable impact.",
            "C": "The modification of `tot_len` might indirectly influence `ntohs` by modifying the control statement that controls the behavior of `ntohs`.",
            "D": "It is not possible to determine the effect without additional context."
        },
        "answer": "A",
        "distance": 1
    },
    {
        "case_id": "primevul_35",
        "code": "static int br_parse_ip_options(struct sk_buff *skb)\n{\n\tstruct ip_options *opt;\n\tstruct iphdr *iph;\n\tstruct net_device *dev = skb->dev;\n\tu32 len;\n\tiph = ip_hdr(skb);\n\topt = &(IPCB(skb)->opt);\n\tif (iph->ihl < 5 || iph->version != 4)\n\t{\n\t\tgoto inhdr_error;\n\t}\n\tif (!pskb_may_pull(skb, iph->ihl*4))\n\t{\n\t\tgoto inhdr_error;\n\t}\n\tiph = ip_hdr(skb);\n\tif (unlikely(ip_fast_csum((u8 *)iph, iph->ihl)))\n\t{\n\t\tgoto inhdr_error;\n\t}\n\tlen = ntohs(iph->tot_len);\n\tif (skb->len < len)\n\t{\n\t\tIP_INC_STATS_BH(dev_net(dev), IPSTATS_MIB_INTRUNCATEDPKTS);\n\t\tgoto drop;\n\t}\n\telse if (len < (iph->ihl*4))\n\t{\n\t\tgoto inhdr_error;\n\t}\n\tif (pskb_trim_rcsum(skb, len))\n\t{\n\t\tIP_INC_STATS_BH(dev_net(dev), IPSTATS_MIB_INDISCARDS);\n\t\tgoto drop;\n\t}\n\tif (iph->ihl == 5)\n\t{\n\t\tmemset(IPCB(skb), 0, sizeof(struct inet_skb_parm));\n\t\treturn 0;\n\t}\n\topt->optlen = iph->ihl*4 - sizeof(struct iphdr);\n\tif (ip_options_compile(dev_net(dev), opt, skb))\n\t{\n\t\tgoto inhdr_error;\n\t}\n\tif (unlikely(opt->srr))\n\t{\n\t\tstruct in_device *in_dev = __in_dev_get_rcu(dev);\n\t\tif (in_dev && !IN_DEV_SOURCE_ROUTE(in_dev))\n\t\t{\n\t\t\tgoto drop;\n\t\t}\n\t\tif (ip_options_rcv_srr(skb))\n\t\t{\n\t\t\tgoto drop;\n\t\t}\n\t}\n\treturn 0;\ninhdr_error:\n\tIP_INC_STATS_BH(dev_net(dev), IPSTATS_MIB_INHDRERRORS);\ndrop:\n\treturn -1;\n}",
        "question": "Given that the parameter or function `ntohs` is modified before the execution of the function `pskb_may_pull`, evaluate the potential impact on the outcomes of `pskb_may_pull`. Consider how `ntohs` could influence `pskb_may_pull`, including its role as a direct parameter, its effect on controlling conditions, or its indirect impacts through other related variables or system states.",
        "choices": {
            "A": "The change to `ntohs` directly alters the arguments passed to `pskb_may_pull`.",
            "B": "There is neither a direct nor a significant indirect relationship between the changes to `ntohs` and the behavior or output of `pskb_may_pull`, suggesting no observable impact.",
            "C": "The modification of `ntohs` might indirectly influence `pskb_may_pull` by modifying the control statement that controls the behavior of `pskb_may_pull`.",
            "D": "It is not possible to determine the effect without additional context."
        },
        "answer": "B",
        "distance": 0
    },
    {
        "case_id": "primevul_35",
        "code": "static int br_parse_ip_options(struct sk_buff *skb)\n{\n\tstruct ip_options *opt;\n\tstruct iphdr *iph;\n\tstruct net_device *dev = skb->dev;\n\tu32 len;\n\tiph = ip_hdr(skb);\n\topt = &(IPCB(skb)->opt);\n\tif (iph->ihl < 5 || iph->version != 4)\n\t{\n\t\tgoto inhdr_error;\n\t}\n\tif (!pskb_may_pull(skb, iph->ihl*4))\n\t{\n\t\tgoto inhdr_error;\n\t}\n\tiph = ip_hdr(skb);\n\tif (unlikely(ip_fast_csum((u8 *)iph, iph->ihl)))\n\t{\n\t\tgoto inhdr_error;\n\t}\n\tlen = ntohs(iph->tot_len);\n\tif (skb->len < len)\n\t{\n\t\tIP_INC_STATS_BH(dev_net(dev), IPSTATS_MIB_INTRUNCATEDPKTS);\n\t\tgoto drop;\n\t}\n\telse if (len < (iph->ihl*4))\n\t{\n\t\tgoto inhdr_error;\n\t}\n\tif (pskb_trim_rcsum(skb, len))\n\t{\n\t\tIP_INC_STATS_BH(dev_net(dev), IPSTATS_MIB_INDISCARDS);\n\t\tgoto drop;\n\t}\n\tif (iph->ihl == 5)\n\t{\n\t\tmemset(IPCB(skb), 0, sizeof(struct inet_skb_parm));\n\t\treturn 0;\n\t}\n\topt->optlen = iph->ihl*4 - sizeof(struct iphdr);\n\tif (ip_options_compile(dev_net(dev), opt, skb))\n\t{\n\t\tgoto inhdr_error;\n\t}\n\tif (unlikely(opt->srr))\n\t{\n\t\tstruct in_device *in_dev = __in_dev_get_rcu(dev);\n\t\tif (in_dev && !IN_DEV_SOURCE_ROUTE(in_dev))\n\t\t{\n\t\t\tgoto drop;\n\t\t}\n\t\tif (ip_options_rcv_srr(skb))\n\t\t{\n\t\t\tgoto drop;\n\t\t}\n\t}\n\treturn 0;\ninhdr_error:\n\tIP_INC_STATS_BH(dev_net(dev), IPSTATS_MIB_INHDRERRORS);\ndrop:\n\treturn -1;\n}",
        "question": "Given that the parameter or function `__in_dev_get_rcu` is modified before the execution of the function `pskb_may_pull`, evaluate the potential impact on the outcomes of `pskb_may_pull`. Consider how `__in_dev_get_rcu` could influence `pskb_may_pull`, including its role as a direct parameter, its effect on controlling conditions, or its indirect impacts through other related variables or system states.",
        "choices": {
            "A": "The change to `__in_dev_get_rcu` directly alters the arguments passed to `pskb_may_pull`.",
            "B": "There is neither a direct nor a significant indirect relationship between the changes to `__in_dev_get_rcu` and the behavior or output of `pskb_may_pull`, suggesting no observable impact.",
            "C": "The modification of `__in_dev_get_rcu` might indirectly influence `pskb_may_pull` by modifying the control statement that controls the behavior of `pskb_may_pull`.",
            "D": "It is not possible to determine the effect without additional context."
        },
        "answer": "B",
        "distance": 0
    },
    {
        "case_id": "primevul_35",
        "code": "static int br_parse_ip_options(struct sk_buff *skb)\n{\n\tstruct ip_options *opt;\n\tstruct iphdr *iph;\n\tstruct net_device *dev = skb->dev;\n\tu32 len;\n\tiph = ip_hdr(skb);\n\topt = &(IPCB(skb)->opt);\n\tif (iph->ihl < 5 || iph->version != 4)\n\t{\n\t\tgoto inhdr_error;\n\t}\n\tif (!pskb_may_pull(skb, iph->ihl*4))\n\t{\n\t\tgoto inhdr_error;\n\t}\n\tiph = ip_hdr(skb);\n\tif (unlikely(ip_fast_csum((u8 *)iph, iph->ihl)))\n\t{\n\t\tgoto inhdr_error;\n\t}\n\tlen = ntohs(iph->tot_len);\n\tif (skb->len < len)\n\t{\n\t\tIP_INC_STATS_BH(dev_net(dev), IPSTATS_MIB_INTRUNCATEDPKTS);\n\t\tgoto drop;\n\t}\n\telse if (len < (iph->ihl*4))\n\t{\n\t\tgoto inhdr_error;\n\t}\n\tif (pskb_trim_rcsum(skb, len))\n\t{\n\t\tIP_INC_STATS_BH(dev_net(dev), IPSTATS_MIB_INDISCARDS);\n\t\tgoto drop;\n\t}\n\tif (iph->ihl == 5)\n\t{\n\t\tmemset(IPCB(skb), 0, sizeof(struct inet_skb_parm));\n\t\treturn 0;\n\t}\n\topt->optlen = iph->ihl*4 - sizeof(struct iphdr);\n\tif (ip_options_compile(dev_net(dev), opt, skb))\n\t{\n\t\tgoto inhdr_error;\n\t}\n\tif (unlikely(opt->srr))\n\t{\n\t\tstruct in_device *in_dev = __in_dev_get_rcu(dev);\n\t\tif (in_dev && !IN_DEV_SOURCE_ROUTE(in_dev))\n\t\t{\n\t\t\tgoto drop;\n\t\t}\n\t\tif (ip_options_rcv_srr(skb))\n\t\t{\n\t\t\tgoto drop;\n\t\t}\n\t}\n\treturn 0;\ninhdr_error:\n\tIP_INC_STATS_BH(dev_net(dev), IPSTATS_MIB_INHDRERRORS);\ndrop:\n\treturn -1;\n}",
        "question": "Given that the parameter or function `memset` is modified before the execution of the function `pskb_may_pull`, evaluate the potential impact on the outcomes of `pskb_may_pull`. Consider how `memset` could influence `pskb_may_pull`, including its role as a direct parameter, its effect on controlling conditions, or its indirect impacts through other related variables or system states.",
        "choices": {
            "A": "The change to `memset` directly alters the arguments passed to `pskb_may_pull`.",
            "B": "There is neither a direct nor a significant indirect relationship between the changes to `memset` and the behavior or output of `pskb_may_pull`, suggesting no observable impact.",
            "C": "The modification of `memset` might indirectly influence `pskb_may_pull` by modifying the control statement that controls the behavior of `pskb_may_pull`.",
            "D": "It is not possible to determine the effect without additional context."
        },
        "answer": "B",
        "distance": 0
    },
    {
        "case_id": "primevul_35",
        "code": "static int br_parse_ip_options(struct sk_buff *skb)\n{\n\tstruct ip_options *opt;\n\tstruct iphdr *iph;\n\tstruct net_device *dev = skb->dev;\n\tu32 len;\n\tiph = ip_hdr(skb);\n\topt = &(IPCB(skb)->opt);\n\tif (iph->ihl < 5 || iph->version != 4)\n\t{\n\t\tgoto inhdr_error;\n\t}\n\tif (!pskb_may_pull(skb, iph->ihl*4))\n\t{\n\t\tgoto inhdr_error;\n\t}\n\tiph = ip_hdr(skb);\n\tif (unlikely(ip_fast_csum((u8 *)iph, iph->ihl)))\n\t{\n\t\tgoto inhdr_error;\n\t}\n\tlen = ntohs(iph->tot_len);\n\tif (skb->len < len)\n\t{\n\t\tIP_INC_STATS_BH(dev_net(dev), IPSTATS_MIB_INTRUNCATEDPKTS);\n\t\tgoto drop;\n\t}\n\telse if (len < (iph->ihl*4))\n\t{\n\t\tgoto inhdr_error;\n\t}\n\tif (pskb_trim_rcsum(skb, len))\n\t{\n\t\tIP_INC_STATS_BH(dev_net(dev), IPSTATS_MIB_INDISCARDS);\n\t\tgoto drop;\n\t}\n\tif (iph->ihl == 5)\n\t{\n\t\tmemset(IPCB(skb), 0, sizeof(struct inet_skb_parm));\n\t\treturn 0;\n\t}\n\topt->optlen = iph->ihl*4 - sizeof(struct iphdr);\n\tif (ip_options_compile(dev_net(dev), opt, skb))\n\t{\n\t\tgoto inhdr_error;\n\t}\n\tif (unlikely(opt->srr))\n\t{\n\t\tstruct in_device *in_dev = __in_dev_get_rcu(dev);\n\t\tif (in_dev && !IN_DEV_SOURCE_ROUTE(in_dev))\n\t\t{\n\t\t\tgoto drop;\n\t\t}\n\t\tif (ip_options_rcv_srr(skb))\n\t\t{\n\t\t\tgoto drop;\n\t\t}\n\t}\n\treturn 0;\ninhdr_error:\n\tIP_INC_STATS_BH(dev_net(dev), IPSTATS_MIB_INHDRERRORS);\ndrop:\n\treturn -1;\n}",
        "question": "Given that the parameter or function `iph` is modified before the execution of the function `pskb_may_pull`, evaluate the potential impact on the outcomes of `pskb_may_pull`. Consider how `iph` could influence `pskb_may_pull`, including its role as a direct parameter, its effect on controlling conditions, or its indirect impacts through other related variables or system states.",
        "choices": {
            "A": "The change to `iph` directly alters the arguments passed to `pskb_may_pull`.",
            "B": "There is neither a direct nor a significant indirect relationship between the changes to `iph` and the behavior or output of `pskb_may_pull`, suggesting no observable impact.",
            "C": "The modification of `iph` might indirectly influence `pskb_may_pull` by modifying the control statement that controls the behavior of `pskb_may_pull`.",
            "D": "It is not possible to determine the effect without additional context."
        },
        "answer": "B",
        "distance": 0
    },
    {
        "case_id": "primevul_35",
        "code": "static int br_parse_ip_options(struct sk_buff *skb)\n{\n\tstruct ip_options *opt;\n\tstruct iphdr *iph;\n\tstruct net_device *dev = skb->dev;\n\tu32 len;\n\tiph = ip_hdr(skb);\n\topt = &(IPCB(skb)->opt);\n\tif (iph->ihl < 5 || iph->version != 4)\n\t{\n\t\tgoto inhdr_error;\n\t}\n\tif (!pskb_may_pull(skb, iph->ihl*4))\n\t{\n\t\tgoto inhdr_error;\n\t}\n\tiph = ip_hdr(skb);\n\tif (unlikely(ip_fast_csum((u8 *)iph, iph->ihl)))\n\t{\n\t\tgoto inhdr_error;\n\t}\n\tlen = ntohs(iph->tot_len);\n\tif (skb->len < len)\n\t{\n\t\tIP_INC_STATS_BH(dev_net(dev), IPSTATS_MIB_INTRUNCATEDPKTS);\n\t\tgoto drop;\n\t}\n\telse if (len < (iph->ihl*4))\n\t{\n\t\tgoto inhdr_error;\n\t}\n\tif (pskb_trim_rcsum(skb, len))\n\t{\n\t\tIP_INC_STATS_BH(dev_net(dev), IPSTATS_MIB_INDISCARDS);\n\t\tgoto drop;\n\t}\n\tif (iph->ihl == 5)\n\t{\n\t\tmemset(IPCB(skb), 0, sizeof(struct inet_skb_parm));\n\t\treturn 0;\n\t}\n\topt->optlen = iph->ihl*4 - sizeof(struct iphdr);\n\tif (ip_options_compile(dev_net(dev), opt, skb))\n\t{\n\t\tgoto inhdr_error;\n\t}\n\tif (unlikely(opt->srr))\n\t{\n\t\tstruct in_device *in_dev = __in_dev_get_rcu(dev);\n\t\tif (in_dev && !IN_DEV_SOURCE_ROUTE(in_dev))\n\t\t{\n\t\t\tgoto drop;\n\t\t}\n\t\tif (ip_options_rcv_srr(skb))\n\t\t{\n\t\t\tgoto drop;\n\t\t}\n\t}\n\treturn 0;\ninhdr_error:\n\tIP_INC_STATS_BH(dev_net(dev), IPSTATS_MIB_INHDRERRORS);\ndrop:\n\treturn -1;\n}",
        "question": "Given that the parameter or function `memset` is modified before the execution of the function `__in_dev_get_rcu`, evaluate the potential impact on the outcomes of `__in_dev_get_rcu`. Consider how `memset` could influence `__in_dev_get_rcu`, including its role as a direct parameter, its effect on controlling conditions, or its indirect impacts through other related variables or system states.",
        "choices": {
            "A": "The change to `memset` directly alters the arguments passed to `__in_dev_get_rcu`.",
            "B": "There is neither a direct nor a significant indirect relationship between the changes to `memset` and the behavior or output of `__in_dev_get_rcu`, suggesting no observable impact.",
            "C": "The modification of `memset` might indirectly influence `__in_dev_get_rcu` by modifying the control statement that controls the behavior of `__in_dev_get_rcu`.",
            "D": "It is not possible to determine the effect without additional context."
        },
        "answer": "C",
        "distance": 2
    },
    {
        "case_id": "primevul_35",
        "code": "static int br_parse_ip_options(struct sk_buff *skb)\n{\n\tstruct ip_options *opt;\n\tstruct iphdr *iph;\n\tstruct net_device *dev = skb->dev;\n\tu32 len;\n\tiph = ip_hdr(skb);\n\topt = &(IPCB(skb)->opt);\n\tif (iph->ihl < 5 || iph->version != 4)\n\t{\n\t\tgoto inhdr_error;\n\t}\n\tif (!pskb_may_pull(skb, iph->ihl*4))\n\t{\n\t\tgoto inhdr_error;\n\t}\n\tiph = ip_hdr(skb);\n\tif (unlikely(ip_fast_csum((u8 *)iph, iph->ihl)))\n\t{\n\t\tgoto inhdr_error;\n\t}\n\tlen = ntohs(iph->tot_len);\n\tif (skb->len < len)\n\t{\n\t\tIP_INC_STATS_BH(dev_net(dev), IPSTATS_MIB_INTRUNCATEDPKTS);\n\t\tgoto drop;\n\t}\n\telse if (len < (iph->ihl*4))\n\t{\n\t\tgoto inhdr_error;\n\t}\n\tif (pskb_trim_rcsum(skb, len))\n\t{\n\t\tIP_INC_STATS_BH(dev_net(dev), IPSTATS_MIB_INDISCARDS);\n\t\tgoto drop;\n\t}\n\tif (iph->ihl == 5)\n\t{\n\t\tmemset(IPCB(skb), 0, sizeof(struct inet_skb_parm));\n\t\treturn 0;\n\t}\n\topt->optlen = iph->ihl*4 - sizeof(struct iphdr);\n\tif (ip_options_compile(dev_net(dev), opt, skb))\n\t{\n\t\tgoto inhdr_error;\n\t}\n\tif (unlikely(opt->srr))\n\t{\n\t\tstruct in_device *in_dev = __in_dev_get_rcu(dev);\n\t\tif (in_dev && !IN_DEV_SOURCE_ROUTE(in_dev))\n\t\t{\n\t\t\tgoto drop;\n\t\t}\n\t\tif (ip_options_rcv_srr(skb))\n\t\t{\n\t\t\tgoto drop;\n\t\t}\n\t}\n\treturn 0;\ninhdr_error:\n\tIP_INC_STATS_BH(dev_net(dev), IPSTATS_MIB_INHDRERRORS);\ndrop:\n\treturn -1;\n}",
        "question": "Given that the parameter or function `ip_hdr` is modified before the execution of the function `__in_dev_get_rcu`, evaluate the potential impact on the outcomes of `__in_dev_get_rcu`. Consider how `ip_hdr` could influence `__in_dev_get_rcu`, including its role as a direct parameter, its effect on controlling conditions, or its indirect impacts through other related variables or system states.",
        "choices": {
            "A": "The change to `ip_hdr` directly alters the arguments passed to `__in_dev_get_rcu`.",
            "B": "There is neither a direct nor a significant indirect relationship between the changes to `ip_hdr` and the behavior or output of `__in_dev_get_rcu`, suggesting no observable impact.",
            "C": "The modification of `ip_hdr` might indirectly influence `__in_dev_get_rcu` by modifying the control statement that controls the behavior of `__in_dev_get_rcu`.",
            "D": "It is not possible to determine the effect without additional context."
        },
        "answer": "C",
        "distance": 2
    },
    {
        "case_id": "primevul_35",
        "code": "static int br_parse_ip_options(struct sk_buff *skb)\n{\n\tstruct ip_options *opt;\n\tstruct iphdr *iph;\n\tstruct net_device *dev = skb->dev;\n\tu32 len;\n\tiph = ip_hdr(skb);\n\topt = &(IPCB(skb)->opt);\n\tif (iph->ihl < 5 || iph->version != 4)\n\t{\n\t\tgoto inhdr_error;\n\t}\n\tif (!pskb_may_pull(skb, iph->ihl*4))\n\t{\n\t\tgoto inhdr_error;\n\t}\n\tiph = ip_hdr(skb);\n\tif (unlikely(ip_fast_csum((u8 *)iph, iph->ihl)))\n\t{\n\t\tgoto inhdr_error;\n\t}\n\tlen = ntohs(iph->tot_len);\n\tif (skb->len < len)\n\t{\n\t\tIP_INC_STATS_BH(dev_net(dev), IPSTATS_MIB_INTRUNCATEDPKTS);\n\t\tgoto drop;\n\t}\n\telse if (len < (iph->ihl*4))\n\t{\n\t\tgoto inhdr_error;\n\t}\n\tif (pskb_trim_rcsum(skb, len))\n\t{\n\t\tIP_INC_STATS_BH(dev_net(dev), IPSTATS_MIB_INDISCARDS);\n\t\tgoto drop;\n\t}\n\tif (iph->ihl == 5)\n\t{\n\t\tmemset(IPCB(skb), 0, sizeof(struct inet_skb_parm));\n\t\treturn 0;\n\t}\n\topt->optlen = iph->ihl*4 - sizeof(struct iphdr);\n\tif (ip_options_compile(dev_net(dev), opt, skb))\n\t{\n\t\tgoto inhdr_error;\n\t}\n\tif (unlikely(opt->srr))\n\t{\n\t\tstruct in_device *in_dev = __in_dev_get_rcu(dev);\n\t\tif (in_dev && !IN_DEV_SOURCE_ROUTE(in_dev))\n\t\t{\n\t\t\tgoto drop;\n\t\t}\n\t\tif (ip_options_rcv_srr(skb))\n\t\t{\n\t\t\tgoto drop;\n\t\t}\n\t}\n\treturn 0;\ninhdr_error:\n\tIP_INC_STATS_BH(dev_net(dev), IPSTATS_MIB_INHDRERRORS);\ndrop:\n\treturn -1;\n}",
        "question": "Given that the parameter or function `dev` is modified before the execution of the function `memset`, evaluate the potential impact on the outcomes of `memset`. Consider how `dev` could influence `memset`, including its role as a direct parameter, its effect on controlling conditions, or its indirect impacts through other related variables or system states.",
        "choices": {
            "A": "The change to `dev` directly alters the arguments passed to `memset`.",
            "B": "There is neither a direct nor a significant indirect relationship between the changes to `dev` and the behavior or output of `memset`, suggesting no observable impact.",
            "C": "The modification of `dev` might indirectly influence `memset` by modifying the control statement that controls the behavior of `memset`.",
            "D": "It is not possible to determine the effect without additional context."
        },
        "answer": "C",
        "distance": 2
    },
    {
        "case_id": "primevul_35",
        "code": "static int br_parse_ip_options(struct sk_buff *skb)\n{\n\tstruct ip_options *opt;\n\tstruct iphdr *iph;\n\tstruct net_device *dev = skb->dev;\n\tu32 len;\n\tiph = ip_hdr(skb);\n\topt = &(IPCB(skb)->opt);\n\tif (iph->ihl < 5 || iph->version != 4)\n\t{\n\t\tgoto inhdr_error;\n\t}\n\tif (!pskb_may_pull(skb, iph->ihl*4))\n\t{\n\t\tgoto inhdr_error;\n\t}\n\tiph = ip_hdr(skb);\n\tif (unlikely(ip_fast_csum((u8 *)iph, iph->ihl)))\n\t{\n\t\tgoto inhdr_error;\n\t}\n\tlen = ntohs(iph->tot_len);\n\tif (skb->len < len)\n\t{\n\t\tIP_INC_STATS_BH(dev_net(dev), IPSTATS_MIB_INTRUNCATEDPKTS);\n\t\tgoto drop;\n\t}\n\telse if (len < (iph->ihl*4))\n\t{\n\t\tgoto inhdr_error;\n\t}\n\tif (pskb_trim_rcsum(skb, len))\n\t{\n\t\tIP_INC_STATS_BH(dev_net(dev), IPSTATS_MIB_INDISCARDS);\n\t\tgoto drop;\n\t}\n\tif (iph->ihl == 5)\n\t{\n\t\tmemset(IPCB(skb), 0, sizeof(struct inet_skb_parm));\n\t\treturn 0;\n\t}\n\topt->optlen = iph->ihl*4 - sizeof(struct iphdr);\n\tif (ip_options_compile(dev_net(dev), opt, skb))\n\t{\n\t\tgoto inhdr_error;\n\t}\n\tif (unlikely(opt->srr))\n\t{\n\t\tstruct in_device *in_dev = __in_dev_get_rcu(dev);\n\t\tif (in_dev && !IN_DEV_SOURCE_ROUTE(in_dev))\n\t\t{\n\t\t\tgoto drop;\n\t\t}\n\t\tif (ip_options_rcv_srr(skb))\n\t\t{\n\t\t\tgoto drop;\n\t\t}\n\t}\n\treturn 0;\ninhdr_error:\n\tIP_INC_STATS_BH(dev_net(dev), IPSTATS_MIB_INHDRERRORS);\ndrop:\n\treturn -1;\n}",
        "question": "Given that the parameter or function `iph` is modified before the execution of the function `__in_dev_get_rcu`, evaluate the potential impact on the outcomes of `__in_dev_get_rcu`. Consider how `iph` could influence `__in_dev_get_rcu`, including its role as a direct parameter, its effect on controlling conditions, or its indirect impacts through other related variables or system states.",
        "choices": {
            "A": "The change to `iph` directly alters the arguments passed to `__in_dev_get_rcu`.",
            "B": "There is neither a direct nor a significant indirect relationship between the changes to `iph` and the behavior or output of `__in_dev_get_rcu`, suggesting no observable impact.",
            "C": "The modification of `iph` might indirectly influence `__in_dev_get_rcu` by modifying the control statement that controls the behavior of `__in_dev_get_rcu`.",
            "D": "It is not possible to determine the effect without additional context."
        },
        "answer": "C",
        "distance": 1
    },
    {
        "case_id": "primevul_35",
        "code": "static int br_parse_ip_options(struct sk_buff *skb)\n{\n\tstruct ip_options *opt;\n\tstruct iphdr *iph;\n\tstruct net_device *dev = skb->dev;\n\tu32 len;\n\tiph = ip_hdr(skb);\n\topt = &(IPCB(skb)->opt);\n\tif (iph->ihl < 5 || iph->version != 4)\n\t{\n\t\tgoto inhdr_error;\n\t}\n\tif (!pskb_may_pull(skb, iph->ihl*4))\n\t{\n\t\tgoto inhdr_error;\n\t}\n\tiph = ip_hdr(skb);\n\tif (unlikely(ip_fast_csum((u8 *)iph, iph->ihl)))\n\t{\n\t\tgoto inhdr_error;\n\t}\n\tlen = ntohs(iph->tot_len);\n\tif (skb->len < len)\n\t{\n\t\tIP_INC_STATS_BH(dev_net(dev), IPSTATS_MIB_INTRUNCATEDPKTS);\n\t\tgoto drop;\n\t}\n\telse if (len < (iph->ihl*4))\n\t{\n\t\tgoto inhdr_error;\n\t}\n\tif (pskb_trim_rcsum(skb, len))\n\t{\n\t\tIP_INC_STATS_BH(dev_net(dev), IPSTATS_MIB_INDISCARDS);\n\t\tgoto drop;\n\t}\n\tif (iph->ihl == 5)\n\t{\n\t\tmemset(IPCB(skb), 0, sizeof(struct inet_skb_parm));\n\t\treturn 0;\n\t}\n\topt->optlen = iph->ihl*4 - sizeof(struct iphdr);\n\tif (ip_options_compile(dev_net(dev), opt, skb))\n\t{\n\t\tgoto inhdr_error;\n\t}\n\tif (unlikely(opt->srr))\n\t{\n\t\tstruct in_device *in_dev = __in_dev_get_rcu(dev);\n\t\tif (in_dev && !IN_DEV_SOURCE_ROUTE(in_dev))\n\t\t{\n\t\t\tgoto drop;\n\t\t}\n\t\tif (ip_options_rcv_srr(skb))\n\t\t{\n\t\t\tgoto drop;\n\t\t}\n\t}\n\treturn 0;\ninhdr_error:\n\tIP_INC_STATS_BH(dev_net(dev), IPSTATS_MIB_INHDRERRORS);\ndrop:\n\treturn -1;\n}",
        "question": "Given that the parameter or function `skb` is modified before the execution of the function `__in_dev_get_rcu`, evaluate the potential impact on the outcomes of `__in_dev_get_rcu`. Consider how `skb` could influence `__in_dev_get_rcu`, including its role as a direct parameter, its effect on controlling conditions, or its indirect impacts through other related variables or system states.",
        "choices": {
            "A": "The change to `skb` directly alters the arguments passed to `__in_dev_get_rcu`.",
            "B": "There is neither a direct nor a significant indirect relationship between the changes to `skb` and the behavior or output of `__in_dev_get_rcu`, suggesting no observable impact.",
            "C": "The modification of `skb` might indirectly influence `__in_dev_get_rcu` by modifying the control statement that controls the behavior of `__in_dev_get_rcu`.",
            "D": "It is not possible to determine the effect without additional context."
        },
        "answer": "A, C",
        "distance": 1
    }
]