[
    {
        "case_id": "primevul_14",
        "code": "bool CopyDirectory(const FilePath& from_path, const FilePath& to_path, bool recursive)\n{\n    base::ThreadRestrictions::AssertIOAllowed();\n    DCHECK(to_path.value().find('*') == std::string::npos);\n    DCHECK(from_path.value().find('*') == std::string::npos);\n    char top_dir[PATH_MAX];\n    if (base::strlcpy(top_dir, from_path.value().c_str(), arraysize(top_dir)) >= arraysize(top_dir))\n    {\n        return false;\n    }\n    FilePath real_to_path = to_path;\n    if (PathExists(real_to_path))\n    {\n        if (!AbsolutePath(&real_to_path))\n        {\n            return false;\n        }\n    }\n    else\n    {\n        real_to_path = real_to_path.DirName();\n        if (!AbsolutePath(&real_to_path))\n        {\n            return false;\n        }\n    }\n    FilePath real_from_path = from_path;\n    if (!AbsolutePath(&real_from_path))\n    {\n        return false;\n    }\n    if (real_to_path.value().size() >= real_from_path.value().size() && real_to_path.value().compare(0, real_from_path.value().size(), real_from_path.value()) == 0)\n    {\n        return false;\n    }\n    bool success = true;\n    int traverse_type = FileEnumerator::FILES | FileEnumerator::SHOW_SYM_LINKS;\n    if (recursive)\n    {\n        traverse_type |= FileEnumerator::DIRECTORIES;\n    }\n    FileEnumerator traversal(from_path, recursive, traverse_type);\n    FileEnumerator::FindInfo info;\n    FilePath current = from_path;\n    if (stat(from_path.value().c_str(), &info.stat) < 0)\n    {\n        DLOG(ERROR) << \"CopyDirectory() couldn't stat source directory: \" << from_path.value() << \" errno = \" << errno;\n        success = false;\n    }\n    struct stat to_path_stat;\n    FilePath from_path_base = from_path;\n    if (recursive && stat(to_path.value().c_str(), &to_path_stat) == 0 && S_ISDIR(to_path_stat.st_mode))\n    {\n        from_path_base = from_path.DirName();\n    }\n    DCHECK(recursive || S_ISDIR(info.stat.st_mode));\n    while (success && !current.empty())\n    {\n        std::string suffix(&current.value().c_str()[from_path_base.value().size()]);\n        if (!suffix.empty())\n        {\n            DCHECK_EQ('/', suffix[0]);\n            suffix.erase(0, 1);\n        }\n        const FilePath target_path = to_path.Append(suffix);\n        if (S_ISDIR(info.stat.st_mode))\n        {\n            if (mkdir(target_path.value().c_str(), info.stat.st_mode & 01777) != 0 && errno != EEXIST)\n            {\n                DLOG(ERROR) << \"CopyDirectory() couldn't create directory: \" << target_path.value() << \" errno = \" << errno;\n                success = false;\n            }\n        }\n        else if (S_ISREG(info.stat.st_mode))\n        {\n            if (!CopyFile(current, target_path))\n            {\n                DLOG(ERROR) << \"CopyDirectory() couldn't create file: \" << target_path.value();\n                success = false;\n            }\n        }\n        else\n        {\n            DLOG(WARNING) << \"CopyDirectory() skipping non-regular file: \" << current.value();\n        }\n        current = traversal.Next();\n        traversal.GetFindInfo(&info);\n    }\n    return success;\n}\n",
        "question": "Given that the parameter or function `info` is modified before the execution of the function `GetFindInfo`, evaluate the potential impact on the outcomes of `GetFindInfo`. Consider how `info` could influence `GetFindInfo`, including its role as a direct parameter, its effect on controlling conditions, or its indirect impacts through other related variables or system states.",
        "choices": {
            "A": "The change to `info` directly alters the arguments passed to `GetFindInfo`.",
            "B": "There is neither a direct nor a significant indirect relationship between the changes to `info` and the behavior or output of `GetFindInfo`, suggesting no observable impact.",
            "C": "The modification of `info` might indirectly influence `GetFindInfo` by modifying the control statement that controls the behavior of `GetFindInfo`.",
            "D": "It is not possible to determine the effect without additional context."
        },
        "answer": "A",
        "distance": 1
    },
    {
        "case_id": "primevul_14",
        "code": "bool CopyDirectory(const FilePath& from_path, const FilePath& to_path, bool recursive)\n{\n    base::ThreadRestrictions::AssertIOAllowed();\n    DCHECK(to_path.value().find('*') == std::string::npos);\n    DCHECK(from_path.value().find('*') == std::string::npos);\n    char top_dir[PATH_MAX];\n    if (base::strlcpy(top_dir, from_path.value().c_str(), arraysize(top_dir)) >= arraysize(top_dir))\n    {\n        return false;\n    }\n    FilePath real_to_path = to_path;\n    if (PathExists(real_to_path))\n    {\n        if (!AbsolutePath(&real_to_path))\n        {\n            return false;\n        }\n    }\n    else\n    {\n        real_to_path = real_to_path.DirName();\n        if (!AbsolutePath(&real_to_path))\n        {\n            return false;\n        }\n    }\n    FilePath real_from_path = from_path;\n    if (!AbsolutePath(&real_from_path))\n    {\n        return false;\n    }\n    if (real_to_path.value().size() >= real_from_path.value().size() && real_to_path.value().compare(0, real_from_path.value().size(), real_from_path.value()) == 0)\n    {\n        return false;\n    }\n    bool success = true;\n    int traverse_type = FileEnumerator::FILES | FileEnumerator::SHOW_SYM_LINKS;\n    if (recursive)\n    {\n        traverse_type |= FileEnumerator::DIRECTORIES;\n    }\n    FileEnumerator traversal(from_path, recursive, traverse_type);\n    FileEnumerator::FindInfo info;\n    FilePath current = from_path;\n    if (stat(from_path.value().c_str(), &info.stat) < 0)\n    {\n        DLOG(ERROR) << \"CopyDirectory() couldn't stat source directory: \" << from_path.value() << \" errno = \" << errno;\n        success = false;\n    }\n    struct stat to_path_stat;\n    FilePath from_path_base = from_path;\n    if (recursive && stat(to_path.value().c_str(), &to_path_stat) == 0 && S_ISDIR(to_path_stat.st_mode))\n    {\n        from_path_base = from_path.DirName();\n    }\n    DCHECK(recursive || S_ISDIR(info.stat.st_mode));\n    while (success && !current.empty())\n    {\n        std::string suffix(&current.value().c_str()[from_path_base.value().size()]);\n        if (!suffix.empty())\n        {\n            DCHECK_EQ('/', suffix[0]);\n            suffix.erase(0, 1);\n        }\n        const FilePath target_path = to_path.Append(suffix);\n        if (S_ISDIR(info.stat.st_mode))\n        {\n            if (mkdir(target_path.value().c_str(), info.stat.st_mode & 01777) != 0 && errno != EEXIST)\n            {\n                DLOG(ERROR) << \"CopyDirectory() couldn't create directory: \" << target_path.value() << \" errno = \" << errno;\n                success = false;\n            }\n        }\n        else if (S_ISREG(info.stat.st_mode))\n        {\n            if (!CopyFile(current, target_path))\n            {\n                DLOG(ERROR) << \"CopyDirectory() couldn't create file: \" << target_path.value();\n                success = false;\n            }\n        }\n        else\n        {\n            DLOG(WARNING) << \"CopyDirectory() skipping non-regular file: \" << current.value();\n        }\n        current = traversal.Next();\n        traversal.GetFindInfo(&info);\n    }\n    return success;\n}\n",
        "question": "Given that the parameter or function `suffix[0]` is modified before the execution of the function `DCHECK_EQ`, evaluate the potential impact on the outcomes of `DCHECK_EQ`. Consider how `suffix[0]` could influence `DCHECK_EQ`, including its role as a direct parameter, its effect on controlling conditions, or its indirect impacts through other related variables or system states.",
        "choices": {
            "A": "The change to `suffix[0]` directly alters the arguments passed to `DCHECK_EQ`.",
            "B": "There is neither a direct nor a significant indirect relationship between the changes to `suffix[0]` and the behavior or output of `DCHECK_EQ`, suggesting no observable impact.",
            "C": "The modification of `suffix[0]` might indirectly influence `DCHECK_EQ` by modifying the control statement that controls the behavior of `DCHECK_EQ`.",
            "D": "It is not possible to determine the effect without additional context."
        },
        "answer": "A",
        "distance": 1
    },
    {
        "case_id": "primevul_14",
        "code": "bool CopyDirectory(const FilePath& from_path, const FilePath& to_path, bool recursive)\n{\n    base::ThreadRestrictions::AssertIOAllowed();\n    DCHECK(to_path.value().find('*') == std::string::npos);\n    DCHECK(from_path.value().find('*') == std::string::npos);\n    char top_dir[PATH_MAX];\n    if (base::strlcpy(top_dir, from_path.value().c_str(), arraysize(top_dir)) >= arraysize(top_dir))\n    {\n        return false;\n    }\n    FilePath real_to_path = to_path;\n    if (PathExists(real_to_path))\n    {\n        if (!AbsolutePath(&real_to_path))\n        {\n            return false;\n        }\n    }\n    else\n    {\n        real_to_path = real_to_path.DirName();\n        if (!AbsolutePath(&real_to_path))\n        {\n            return false;\n        }\n    }\n    FilePath real_from_path = from_path;\n    if (!AbsolutePath(&real_from_path))\n    {\n        return false;\n    }\n    if (real_to_path.value().size() >= real_from_path.value().size() && real_to_path.value().compare(0, real_from_path.value().size(), real_from_path.value()) == 0)\n    {\n        return false;\n    }\n    bool success = true;\n    int traverse_type = FileEnumerator::FILES | FileEnumerator::SHOW_SYM_LINKS;\n    if (recursive)\n    {\n        traverse_type |= FileEnumerator::DIRECTORIES;\n    }\n    FileEnumerator traversal(from_path, recursive, traverse_type);\n    FileEnumerator::FindInfo info;\n    FilePath current = from_path;\n    if (stat(from_path.value().c_str(), &info.stat) < 0)\n    {\n        DLOG(ERROR) << \"CopyDirectory() couldn't stat source directory: \" << from_path.value() << \" errno = \" << errno;\n        success = false;\n    }\n    struct stat to_path_stat;\n    FilePath from_path_base = from_path;\n    if (recursive && stat(to_path.value().c_str(), &to_path_stat) == 0 && S_ISDIR(to_path_stat.st_mode))\n    {\n        from_path_base = from_path.DirName();\n    }\n    DCHECK(recursive || S_ISDIR(info.stat.st_mode));\n    while (success && !current.empty())\n    {\n        std::string suffix(&current.value().c_str()[from_path_base.value().size()]);\n        if (!suffix.empty())\n        {\n            DCHECK_EQ('/', suffix[0]);\n            suffix.erase(0, 1);\n        }\n        const FilePath target_path = to_path.Append(suffix);\n        if (S_ISDIR(info.stat.st_mode))\n        {\n            if (mkdir(target_path.value().c_str(), info.stat.st_mode & 01777) != 0 && errno != EEXIST)\n            {\n                DLOG(ERROR) << \"CopyDirectory() couldn't create directory: \" << target_path.value() << \" errno = \" << errno;\n                success = false;\n            }\n        }\n        else if (S_ISREG(info.stat.st_mode))\n        {\n            if (!CopyFile(current, target_path))\n            {\n                DLOG(ERROR) << \"CopyDirectory() couldn't create file: \" << target_path.value();\n                success = false;\n            }\n        }\n        else\n        {\n            DLOG(WARNING) << \"CopyDirectory() skipping non-regular file: \" << current.value();\n        }\n        current = traversal.Next();\n        traversal.GetFindInfo(&info);\n    }\n    return success;\n}\n",
        "question": "Given that the parameter or function `strlcpy` is modified before the execution of the function `erase`, evaluate the potential impact on the outcomes of `erase`. Consider how `strlcpy` could influence `erase`, including its role as a direct parameter, its effect on controlling conditions, or its indirect impacts through other related variables or system states.",
        "choices": {
            "A": "The change to `strlcpy` directly alters the arguments passed to `erase`.",
            "B": "There is neither a direct nor a significant indirect relationship between the changes to `strlcpy` and the behavior or output of `erase`, suggesting no observable impact.",
            "C": "The modification of `strlcpy` might indirectly influence `erase` by modifying the control statement that controls the behavior of `erase`.",
            "D": "It is not possible to determine the effect without additional context."
        },
        "answer": "B",
        "distance": 0
    },
    {
        "case_id": "primevul_14",
        "code": "bool CopyDirectory(const FilePath& from_path, const FilePath& to_path, bool recursive)\n{\n    base::ThreadRestrictions::AssertIOAllowed();\n    DCHECK(to_path.value().find('*') == std::string::npos);\n    DCHECK(from_path.value().find('*') == std::string::npos);\n    char top_dir[PATH_MAX];\n    if (base::strlcpy(top_dir, from_path.value().c_str(), arraysize(top_dir)) >= arraysize(top_dir))\n    {\n        return false;\n    }\n    FilePath real_to_path = to_path;\n    if (PathExists(real_to_path))\n    {\n        if (!AbsolutePath(&real_to_path))\n        {\n            return false;\n        }\n    }\n    else\n    {\n        real_to_path = real_to_path.DirName();\n        if (!AbsolutePath(&real_to_path))\n        {\n            return false;\n        }\n    }\n    FilePath real_from_path = from_path;\n    if (!AbsolutePath(&real_from_path))\n    {\n        return false;\n    }\n    if (real_to_path.value().size() >= real_from_path.value().size() && real_to_path.value().compare(0, real_from_path.value().size(), real_from_path.value()) == 0)\n    {\n        return false;\n    }\n    bool success = true;\n    int traverse_type = FileEnumerator::FILES | FileEnumerator::SHOW_SYM_LINKS;\n    if (recursive)\n    {\n        traverse_type |= FileEnumerator::DIRECTORIES;\n    }\n    FileEnumerator traversal(from_path, recursive, traverse_type);\n    FileEnumerator::FindInfo info;\n    FilePath current = from_path;\n    if (stat(from_path.value().c_str(), &info.stat) < 0)\n    {\n        DLOG(ERROR) << \"CopyDirectory() couldn't stat source directory: \" << from_path.value() << \" errno = \" << errno;\n        success = false;\n    }\n    struct stat to_path_stat;\n    FilePath from_path_base = from_path;\n    if (recursive && stat(to_path.value().c_str(), &to_path_stat) == 0 && S_ISDIR(to_path_stat.st_mode))\n    {\n        from_path_base = from_path.DirName();\n    }\n    DCHECK(recursive || S_ISDIR(info.stat.st_mode));\n    while (success && !current.empty())\n    {\n        std::string suffix(&current.value().c_str()[from_path_base.value().size()]);\n        if (!suffix.empty())\n        {\n            DCHECK_EQ('/', suffix[0]);\n            suffix.erase(0, 1);\n        }\n        const FilePath target_path = to_path.Append(suffix);\n        if (S_ISDIR(info.stat.st_mode))\n        {\n            if (mkdir(target_path.value().c_str(), info.stat.st_mode & 01777) != 0 && errno != EEXIST)\n            {\n                DLOG(ERROR) << \"CopyDirectory() couldn't create directory: \" << target_path.value() << \" errno = \" << errno;\n                success = false;\n            }\n        }\n        else if (S_ISREG(info.stat.st_mode))\n        {\n            if (!CopyFile(current, target_path))\n            {\n                DLOG(ERROR) << \"CopyDirectory() couldn't create file: \" << target_path.value();\n                success = false;\n            }\n        }\n        else\n        {\n            DLOG(WARNING) << \"CopyDirectory() skipping non-regular file: \" << current.value();\n        }\n        current = traversal.Next();\n        traversal.GetFindInfo(&info);\n    }\n    return success;\n}\n",
        "question": "Given that the parameter or function `GetFindInfo` is modified before the execution of the function `erase`, evaluate the potential impact on the outcomes of `erase`. Consider how `GetFindInfo` could influence `erase`, including its role as a direct parameter, its effect on controlling conditions, or its indirect impacts through other related variables or system states.",
        "choices": {
            "A": "The change to `GetFindInfo` directly alters the arguments passed to `erase`.",
            "B": "There is neither a direct nor a significant indirect relationship between the changes to `GetFindInfo` and the behavior or output of `erase`, suggesting no observable impact.",
            "C": "The modification of `GetFindInfo` might indirectly influence `erase` by modifying the control statement that controls the behavior of `erase`.",
            "D": "It is not possible to determine the effect without additional context."
        },
        "answer": "B",
        "distance": 0
    },
    {
        "case_id": "primevul_14",
        "code": "bool CopyDirectory(const FilePath& from_path, const FilePath& to_path, bool recursive)\n{\n    base::ThreadRestrictions::AssertIOAllowed();\n    DCHECK(to_path.value().find('*') == std::string::npos);\n    DCHECK(from_path.value().find('*') == std::string::npos);\n    char top_dir[PATH_MAX];\n    if (base::strlcpy(top_dir, from_path.value().c_str(), arraysize(top_dir)) >= arraysize(top_dir))\n    {\n        return false;\n    }\n    FilePath real_to_path = to_path;\n    if (PathExists(real_to_path))\n    {\n        if (!AbsolutePath(&real_to_path))\n        {\n            return false;\n        }\n    }\n    else\n    {\n        real_to_path = real_to_path.DirName();\n        if (!AbsolutePath(&real_to_path))\n        {\n            return false;\n        }\n    }\n    FilePath real_from_path = from_path;\n    if (!AbsolutePath(&real_from_path))\n    {\n        return false;\n    }\n    if (real_to_path.value().size() >= real_from_path.value().size() && real_to_path.value().compare(0, real_from_path.value().size(), real_from_path.value()) == 0)\n    {\n        return false;\n    }\n    bool success = true;\n    int traverse_type = FileEnumerator::FILES | FileEnumerator::SHOW_SYM_LINKS;\n    if (recursive)\n    {\n        traverse_type |= FileEnumerator::DIRECTORIES;\n    }\n    FileEnumerator traversal(from_path, recursive, traverse_type);\n    FileEnumerator::FindInfo info;\n    FilePath current = from_path;\n    if (stat(from_path.value().c_str(), &info.stat) < 0)\n    {\n        DLOG(ERROR) << \"CopyDirectory() couldn't stat source directory: \" << from_path.value() << \" errno = \" << errno;\n        success = false;\n    }\n    struct stat to_path_stat;\n    FilePath from_path_base = from_path;\n    if (recursive && stat(to_path.value().c_str(), &to_path_stat) == 0 && S_ISDIR(to_path_stat.st_mode))\n    {\n        from_path_base = from_path.DirName();\n    }\n    DCHECK(recursive || S_ISDIR(info.stat.st_mode));\n    while (success && !current.empty())\n    {\n        std::string suffix(&current.value().c_str()[from_path_base.value().size()]);\n        if (!suffix.empty())\n        {\n            DCHECK_EQ('/', suffix[0]);\n            suffix.erase(0, 1);\n        }\n        const FilePath target_path = to_path.Append(suffix);\n        if (S_ISDIR(info.stat.st_mode))\n        {\n            if (mkdir(target_path.value().c_str(), info.stat.st_mode & 01777) != 0 && errno != EEXIST)\n            {\n                DLOG(ERROR) << \"CopyDirectory() couldn't create directory: \" << target_path.value() << \" errno = \" << errno;\n                success = false;\n            }\n        }\n        else if (S_ISREG(info.stat.st_mode))\n        {\n            if (!CopyFile(current, target_path))\n            {\n                DLOG(ERROR) << \"CopyDirectory() couldn't create file: \" << target_path.value();\n                success = false;\n            }\n        }\n        else\n        {\n            DLOG(WARNING) << \"CopyDirectory() skipping non-regular file: \" << current.value();\n        }\n        current = traversal.Next();\n        traversal.GetFindInfo(&info);\n    }\n    return success;\n}\n",
        "question": "Given that the parameter or function `PathExists` is modified before the execution of the function `erase`, evaluate the potential impact on the outcomes of `erase`. Consider how `PathExists` could influence `erase`, including its role as a direct parameter, its effect on controlling conditions, or its indirect impacts through other related variables or system states.",
        "choices": {
            "A": "The change to `PathExists` directly alters the arguments passed to `erase`.",
            "B": "There is neither a direct nor a significant indirect relationship between the changes to `PathExists` and the behavior or output of `erase`, suggesting no observable impact.",
            "C": "The modification of `PathExists` might indirectly influence `erase` by modifying the control statement that controls the behavior of `erase`.",
            "D": "It is not possible to determine the effect without additional context."
        },
        "answer": "B",
        "distance": 0
    },
    {
        "case_id": "primevul_14",
        "code": "bool CopyDirectory(const FilePath& from_path, const FilePath& to_path, bool recursive)\n{\n    base::ThreadRestrictions::AssertIOAllowed();\n    DCHECK(to_path.value().find('*') == std::string::npos);\n    DCHECK(from_path.value().find('*') == std::string::npos);\n    char top_dir[PATH_MAX];\n    if (base::strlcpy(top_dir, from_path.value().c_str(), arraysize(top_dir)) >= arraysize(top_dir))\n    {\n        return false;\n    }\n    FilePath real_to_path = to_path;\n    if (PathExists(real_to_path))\n    {\n        if (!AbsolutePath(&real_to_path))\n        {\n            return false;\n        }\n    }\n    else\n    {\n        real_to_path = real_to_path.DirName();\n        if (!AbsolutePath(&real_to_path))\n        {\n            return false;\n        }\n    }\n    FilePath real_from_path = from_path;\n    if (!AbsolutePath(&real_from_path))\n    {\n        return false;\n    }\n    if (real_to_path.value().size() >= real_from_path.value().size() && real_to_path.value().compare(0, real_from_path.value().size(), real_from_path.value()) == 0)\n    {\n        return false;\n    }\n    bool success = true;\n    int traverse_type = FileEnumerator::FILES | FileEnumerator::SHOW_SYM_LINKS;\n    if (recursive)\n    {\n        traverse_type |= FileEnumerator::DIRECTORIES;\n    }\n    FileEnumerator traversal(from_path, recursive, traverse_type);\n    FileEnumerator::FindInfo info;\n    FilePath current = from_path;\n    if (stat(from_path.value().c_str(), &info.stat) < 0)\n    {\n        DLOG(ERROR) << \"CopyDirectory() couldn't stat source directory: \" << from_path.value() << \" errno = \" << errno;\n        success = false;\n    }\n    struct stat to_path_stat;\n    FilePath from_path_base = from_path;\n    if (recursive && stat(to_path.value().c_str(), &to_path_stat) == 0 && S_ISDIR(to_path_stat.st_mode))\n    {\n        from_path_base = from_path.DirName();\n    }\n    DCHECK(recursive || S_ISDIR(info.stat.st_mode));\n    while (success && !current.empty())\n    {\n        std::string suffix(&current.value().c_str()[from_path_base.value().size()]);\n        if (!suffix.empty())\n        {\n            DCHECK_EQ('/', suffix[0]);\n            suffix.erase(0, 1);\n        }\n        const FilePath target_path = to_path.Append(suffix);\n        if (S_ISDIR(info.stat.st_mode))\n        {\n            if (mkdir(target_path.value().c_str(), info.stat.st_mode & 01777) != 0 && errno != EEXIST)\n            {\n                DLOG(ERROR) << \"CopyDirectory() couldn't create directory: \" << target_path.value() << \" errno = \" << errno;\n                success = false;\n            }\n        }\n        else if (S_ISREG(info.stat.st_mode))\n        {\n            if (!CopyFile(current, target_path))\n            {\n                DLOG(ERROR) << \"CopyDirectory() couldn't create file: \" << target_path.value();\n                success = false;\n            }\n        }\n        else\n        {\n            DLOG(WARNING) << \"CopyDirectory() skipping non-regular file: \" << current.value();\n        }\n        current = traversal.Next();\n        traversal.GetFindInfo(&info);\n    }\n    return success;\n}\n",
        "question": "Given that the parameter or function `DCHECK_EQ` is modified before the execution of the function `erase`, evaluate the potential impact on the outcomes of `erase`. Consider how `DCHECK_EQ` could influence `erase`, including its role as a direct parameter, its effect on controlling conditions, or its indirect impacts through other related variables or system states.",
        "choices": {
            "A": "The change to `DCHECK_EQ` directly alters the arguments passed to `erase`.",
            "B": "There is neither a direct nor a significant indirect relationship between the changes to `DCHECK_EQ` and the behavior or output of `erase`, suggesting no observable impact.",
            "C": "The modification of `DCHECK_EQ` might indirectly influence `erase` by modifying the control statement that controls the behavior of `erase`.",
            "D": "It is not possible to determine the effect without additional context."
        },
        "answer": "B",
        "distance": 0
    },
    {
        "case_id": "primevul_14",
        "code": "bool CopyDirectory(const FilePath& from_path, const FilePath& to_path, bool recursive)\n{\n    base::ThreadRestrictions::AssertIOAllowed();\n    DCHECK(to_path.value().find('*') == std::string::npos);\n    DCHECK(from_path.value().find('*') == std::string::npos);\n    char top_dir[PATH_MAX];\n    if (base::strlcpy(top_dir, from_path.value().c_str(), arraysize(top_dir)) >= arraysize(top_dir))\n    {\n        return false;\n    }\n    FilePath real_to_path = to_path;\n    if (PathExists(real_to_path))\n    {\n        if (!AbsolutePath(&real_to_path))\n        {\n            return false;\n        }\n    }\n    else\n    {\n        real_to_path = real_to_path.DirName();\n        if (!AbsolutePath(&real_to_path))\n        {\n            return false;\n        }\n    }\n    FilePath real_from_path = from_path;\n    if (!AbsolutePath(&real_from_path))\n    {\n        return false;\n    }\n    if (real_to_path.value().size() >= real_from_path.value().size() && real_to_path.value().compare(0, real_from_path.value().size(), real_from_path.value()) == 0)\n    {\n        return false;\n    }\n    bool success = true;\n    int traverse_type = FileEnumerator::FILES | FileEnumerator::SHOW_SYM_LINKS;\n    if (recursive)\n    {\n        traverse_type |= FileEnumerator::DIRECTORIES;\n    }\n    FileEnumerator traversal(from_path, recursive, traverse_type);\n    FileEnumerator::FindInfo info;\n    FilePath current = from_path;\n    if (stat(from_path.value().c_str(), &info.stat) < 0)\n    {\n        DLOG(ERROR) << \"CopyDirectory() couldn't stat source directory: \" << from_path.value() << \" errno = \" << errno;\n        success = false;\n    }\n    struct stat to_path_stat;\n    FilePath from_path_base = from_path;\n    if (recursive && stat(to_path.value().c_str(), &to_path_stat) == 0 && S_ISDIR(to_path_stat.st_mode))\n    {\n        from_path_base = from_path.DirName();\n    }\n    DCHECK(recursive || S_ISDIR(info.stat.st_mode));\n    while (success && !current.empty())\n    {\n        std::string suffix(&current.value().c_str()[from_path_base.value().size()]);\n        if (!suffix.empty())\n        {\n            DCHECK_EQ('/', suffix[0]);\n            suffix.erase(0, 1);\n        }\n        const FilePath target_path = to_path.Append(suffix);\n        if (S_ISDIR(info.stat.st_mode))\n        {\n            if (mkdir(target_path.value().c_str(), info.stat.st_mode & 01777) != 0 && errno != EEXIST)\n            {\n                DLOG(ERROR) << \"CopyDirectory() couldn't create directory: \" << target_path.value() << \" errno = \" << errno;\n                success = false;\n            }\n        }\n        else if (S_ISREG(info.stat.st_mode))\n        {\n            if (!CopyFile(current, target_path))\n            {\n                DLOG(ERROR) << \"CopyDirectory() couldn't create file: \" << target_path.value();\n                success = false;\n            }\n        }\n        else\n        {\n            DLOG(WARNING) << \"CopyDirectory() skipping non-regular file: \" << current.value();\n        }\n        current = traversal.Next();\n        traversal.GetFindInfo(&info);\n    }\n    return success;\n}\n",
        "question": "Given that the parameter or function `FileEnumerator` is modified before the execution of the function `erase`, evaluate the potential impact on the outcomes of `erase`. Consider how `FileEnumerator` could influence `erase`, including its role as a direct parameter, its effect on controlling conditions, or its indirect impacts through other related variables or system states.",
        "choices": {
            "A": "The change to `FileEnumerator` directly alters the arguments passed to `erase`.",
            "B": "There is neither a direct nor a significant indirect relationship between the changes to `FileEnumerator` and the behavior or output of `erase`, suggesting no observable impact.",
            "C": "The modification of `FileEnumerator` might indirectly influence `erase` by modifying the control statement that controls the behavior of `erase`.",
            "D": "It is not possible to determine the effect without additional context."
        },
        "answer": "C",
        "distance": 4
    },
    {
        "case_id": "primevul_14",
        "code": "bool CopyDirectory(const FilePath& from_path, const FilePath& to_path, bool recursive)\n{\n    base::ThreadRestrictions::AssertIOAllowed();\n    DCHECK(to_path.value().find('*') == std::string::npos);\n    DCHECK(from_path.value().find('*') == std::string::npos);\n    char top_dir[PATH_MAX];\n    if (base::strlcpy(top_dir, from_path.value().c_str(), arraysize(top_dir)) >= arraysize(top_dir))\n    {\n        return false;\n    }\n    FilePath real_to_path = to_path;\n    if (PathExists(real_to_path))\n    {\n        if (!AbsolutePath(&real_to_path))\n        {\n            return false;\n        }\n    }\n    else\n    {\n        real_to_path = real_to_path.DirName();\n        if (!AbsolutePath(&real_to_path))\n        {\n            return false;\n        }\n    }\n    FilePath real_from_path = from_path;\n    if (!AbsolutePath(&real_from_path))\n    {\n        return false;\n    }\n    if (real_to_path.value().size() >= real_from_path.value().size() && real_to_path.value().compare(0, real_from_path.value().size(), real_from_path.value()) == 0)\n    {\n        return false;\n    }\n    bool success = true;\n    int traverse_type = FileEnumerator::FILES | FileEnumerator::SHOW_SYM_LINKS;\n    if (recursive)\n    {\n        traverse_type |= FileEnumerator::DIRECTORIES;\n    }\n    FileEnumerator traversal(from_path, recursive, traverse_type);\n    FileEnumerator::FindInfo info;\n    FilePath current = from_path;\n    if (stat(from_path.value().c_str(), &info.stat) < 0)\n    {\n        DLOG(ERROR) << \"CopyDirectory() couldn't stat source directory: \" << from_path.value() << \" errno = \" << errno;\n        success = false;\n    }\n    struct stat to_path_stat;\n    FilePath from_path_base = from_path;\n    if (recursive && stat(to_path.value().c_str(), &to_path_stat) == 0 && S_ISDIR(to_path_stat.st_mode))\n    {\n        from_path_base = from_path.DirName();\n    }\n    DCHECK(recursive || S_ISDIR(info.stat.st_mode));\n    while (success && !current.empty())\n    {\n        std::string suffix(&current.value().c_str()[from_path_base.value().size()]);\n        if (!suffix.empty())\n        {\n            DCHECK_EQ('/', suffix[0]);\n            suffix.erase(0, 1);\n        }\n        const FilePath target_path = to_path.Append(suffix);\n        if (S_ISDIR(info.stat.st_mode))\n        {\n            if (mkdir(target_path.value().c_str(), info.stat.st_mode & 01777) != 0 && errno != EEXIST)\n            {\n                DLOG(ERROR) << \"CopyDirectory() couldn't create directory: \" << target_path.value() << \" errno = \" << errno;\n                success = false;\n            }\n        }\n        else if (S_ISREG(info.stat.st_mode))\n        {\n            if (!CopyFile(current, target_path))\n            {\n                DLOG(ERROR) << \"CopyDirectory() couldn't create file: \" << target_path.value();\n                success = false;\n            }\n        }\n        else\n        {\n            DLOG(WARNING) << \"CopyDirectory() skipping non-regular file: \" << current.value();\n        }\n        current = traversal.Next();\n        traversal.GetFindInfo(&info);\n    }\n    return success;\n}\n",
        "question": "Given that the parameter or function `FILES` is modified before the execution of the function `erase`, evaluate the potential impact on the outcomes of `erase`. Consider how `FILES` could influence `erase`, including its role as a direct parameter, its effect on controlling conditions, or its indirect impacts through other related variables or system states.",
        "choices": {
            "A": "The change to `FILES` directly alters the arguments passed to `erase`.",
            "B": "There is neither a direct nor a significant indirect relationship between the changes to `FILES` and the behavior or output of `erase`, suggesting no observable impact.",
            "C": "The modification of `FILES` might indirectly influence `erase` by modifying the control statement that controls the behavior of `erase`.",
            "D": "It is not possible to determine the effect without additional context."
        },
        "answer": "C",
        "distance": 4
    },
    {
        "case_id": "primevul_14",
        "code": "bool CopyDirectory(const FilePath& from_path, const FilePath& to_path, bool recursive)\n{\n    base::ThreadRestrictions::AssertIOAllowed();\n    DCHECK(to_path.value().find('*') == std::string::npos);\n    DCHECK(from_path.value().find('*') == std::string::npos);\n    char top_dir[PATH_MAX];\n    if (base::strlcpy(top_dir, from_path.value().c_str(), arraysize(top_dir)) >= arraysize(top_dir))\n    {\n        return false;\n    }\n    FilePath real_to_path = to_path;\n    if (PathExists(real_to_path))\n    {\n        if (!AbsolutePath(&real_to_path))\n        {\n            return false;\n        }\n    }\n    else\n    {\n        real_to_path = real_to_path.DirName();\n        if (!AbsolutePath(&real_to_path))\n        {\n            return false;\n        }\n    }\n    FilePath real_from_path = from_path;\n    if (!AbsolutePath(&real_from_path))\n    {\n        return false;\n    }\n    if (real_to_path.value().size() >= real_from_path.value().size() && real_to_path.value().compare(0, real_from_path.value().size(), real_from_path.value()) == 0)\n    {\n        return false;\n    }\n    bool success = true;\n    int traverse_type = FileEnumerator::FILES | FileEnumerator::SHOW_SYM_LINKS;\n    if (recursive)\n    {\n        traverse_type |= FileEnumerator::DIRECTORIES;\n    }\n    FileEnumerator traversal(from_path, recursive, traverse_type);\n    FileEnumerator::FindInfo info;\n    FilePath current = from_path;\n    if (stat(from_path.value().c_str(), &info.stat) < 0)\n    {\n        DLOG(ERROR) << \"CopyDirectory() couldn't stat source directory: \" << from_path.value() << \" errno = \" << errno;\n        success = false;\n    }\n    struct stat to_path_stat;\n    FilePath from_path_base = from_path;\n    if (recursive && stat(to_path.value().c_str(), &to_path_stat) == 0 && S_ISDIR(to_path_stat.st_mode))\n    {\n        from_path_base = from_path.DirName();\n    }\n    DCHECK(recursive || S_ISDIR(info.stat.st_mode));\n    while (success && !current.empty())\n    {\n        std::string suffix(&current.value().c_str()[from_path_base.value().size()]);\n        if (!suffix.empty())\n        {\n            DCHECK_EQ('/', suffix[0]);\n            suffix.erase(0, 1);\n        }\n        const FilePath target_path = to_path.Append(suffix);\n        if (S_ISDIR(info.stat.st_mode))\n        {\n            if (mkdir(target_path.value().c_str(), info.stat.st_mode & 01777) != 0 && errno != EEXIST)\n            {\n                DLOG(ERROR) << \"CopyDirectory() couldn't create directory: \" << target_path.value() << \" errno = \" << errno;\n                success = false;\n            }\n        }\n        else if (S_ISREG(info.stat.st_mode))\n        {\n            if (!CopyFile(current, target_path))\n            {\n                DLOG(ERROR) << \"CopyDirectory() couldn't create file: \" << target_path.value();\n                success = false;\n            }\n        }\n        else\n        {\n            DLOG(WARNING) << \"CopyDirectory() skipping non-regular file: \" << current.value();\n        }\n        current = traversal.Next();\n        traversal.GetFindInfo(&info);\n    }\n    return success;\n}\n",
        "question": "Given that the parameter or function `FileEnumerator` is modified before the execution of the function `GetFindInfo`, evaluate the potential impact on the outcomes of `GetFindInfo`. Consider how `FileEnumerator` could influence `GetFindInfo`, including its role as a direct parameter, its effect on controlling conditions, or its indirect impacts through other related variables or system states.",
        "choices": {
            "A": "The change to `FileEnumerator` directly alters the arguments passed to `GetFindInfo`.",
            "B": "There is neither a direct nor a significant indirect relationship between the changes to `FileEnumerator` and the behavior or output of `GetFindInfo`, suggesting no observable impact.",
            "C": "The modification of `FileEnumerator` might indirectly influence `GetFindInfo` by modifying the control statement that controls the behavior of `GetFindInfo`.",
            "D": "It is not possible to determine the effect without additional context."
        },
        "answer": "C",
        "distance": 4
    },
    {
        "case_id": "primevul_14",
        "code": "bool CopyDirectory(const FilePath& from_path, const FilePath& to_path, bool recursive)\n{\n    base::ThreadRestrictions::AssertIOAllowed();\n    DCHECK(to_path.value().find('*') == std::string::npos);\n    DCHECK(from_path.value().find('*') == std::string::npos);\n    char top_dir[PATH_MAX];\n    if (base::strlcpy(top_dir, from_path.value().c_str(), arraysize(top_dir)) >= arraysize(top_dir))\n    {\n        return false;\n    }\n    FilePath real_to_path = to_path;\n    if (PathExists(real_to_path))\n    {\n        if (!AbsolutePath(&real_to_path))\n        {\n            return false;\n        }\n    }\n    else\n    {\n        real_to_path = real_to_path.DirName();\n        if (!AbsolutePath(&real_to_path))\n        {\n            return false;\n        }\n    }\n    FilePath real_from_path = from_path;\n    if (!AbsolutePath(&real_from_path))\n    {\n        return false;\n    }\n    if (real_to_path.value().size() >= real_from_path.value().size() && real_to_path.value().compare(0, real_from_path.value().size(), real_from_path.value()) == 0)\n    {\n        return false;\n    }\n    bool success = true;\n    int traverse_type = FileEnumerator::FILES | FileEnumerator::SHOW_SYM_LINKS;\n    if (recursive)\n    {\n        traverse_type |= FileEnumerator::DIRECTORIES;\n    }\n    FileEnumerator traversal(from_path, recursive, traverse_type);\n    FileEnumerator::FindInfo info;\n    FilePath current = from_path;\n    if (stat(from_path.value().c_str(), &info.stat) < 0)\n    {\n        DLOG(ERROR) << \"CopyDirectory() couldn't stat source directory: \" << from_path.value() << \" errno = \" << errno;\n        success = false;\n    }\n    struct stat to_path_stat;\n    FilePath from_path_base = from_path;\n    if (recursive && stat(to_path.value().c_str(), &to_path_stat) == 0 && S_ISDIR(to_path_stat.st_mode))\n    {\n        from_path_base = from_path.DirName();\n    }\n    DCHECK(recursive || S_ISDIR(info.stat.st_mode));\n    while (success && !current.empty())\n    {\n        std::string suffix(&current.value().c_str()[from_path_base.value().size()]);\n        if (!suffix.empty())\n        {\n            DCHECK_EQ('/', suffix[0]);\n            suffix.erase(0, 1);\n        }\n        const FilePath target_path = to_path.Append(suffix);\n        if (S_ISDIR(info.stat.st_mode))\n        {\n            if (mkdir(target_path.value().c_str(), info.stat.st_mode & 01777) != 0 && errno != EEXIST)\n            {\n                DLOG(ERROR) << \"CopyDirectory() couldn't create directory: \" << target_path.value() << \" errno = \" << errno;\n                success = false;\n            }\n        }\n        else if (S_ISREG(info.stat.st_mode))\n        {\n            if (!CopyFile(current, target_path))\n            {\n                DLOG(ERROR) << \"CopyDirectory() couldn't create file: \" << target_path.value();\n                success = false;\n            }\n        }\n        else\n        {\n            DLOG(WARNING) << \"CopyDirectory() skipping non-regular file: \" << current.value();\n        }\n        current = traversal.Next();\n        traversal.GetFindInfo(&info);\n    }\n    return success;\n}\n",
        "question": "Given that the parameter or function `FILES` is modified before the execution of the function `GetFindInfo`, evaluate the potential impact on the outcomes of `GetFindInfo`. Consider how `FILES` could influence `GetFindInfo`, including its role as a direct parameter, its effect on controlling conditions, or its indirect impacts through other related variables or system states.",
        "choices": {
            "A": "The change to `FILES` directly alters the arguments passed to `GetFindInfo`.",
            "B": "There is neither a direct nor a significant indirect relationship between the changes to `FILES` and the behavior or output of `GetFindInfo`, suggesting no observable impact.",
            "C": "The modification of `FILES` might indirectly influence `GetFindInfo` by modifying the control statement that controls the behavior of `GetFindInfo`.",
            "D": "It is not possible to determine the effect without additional context."
        },
        "answer": "C",
        "distance": 4
    }
]