[
    {
        "case_id": "primevul_58",
        "code": "static int read_tfra(MOVContext *mov, AVIOContext *f)\n{\n    MOVFragmentIndex* index = NULL;\n    int version, fieldlength, i, j;\n    int64_t pos = avio_tell(f);\n    uint32_t size = avio_rb32(f);\n    void *tmp;\n    if (avio_rb32(f) != MKBETAG('t', 'f', 'r', 'a'))\n    {\n        return 1;\n    }\n    av_log(mov->fc, AV_LOG_VERBOSE, \"found tfra\\n\");\n    index = av_mallocz(sizeof(MOVFragmentIndex));\n    if (!index)\n    {\n        return AVERROR(ENOMEM);\n    }\n    tmp = av_realloc_array(mov->fragment_index_data, mov->fragment_index_count + 1, sizeof(MOVFragmentIndex*));\n    if (!tmp)\n    {\n        av_freep(&index);\n        return AVERROR(ENOMEM);\n    }\n    mov->fragment_index_data = tmp;\n    mov->fragment_index_data[mov->fragment_index_count++] = index;\n    version = avio_r8(f);\n    avio_rb24(f);\n    index->track_id = avio_rb32(f);\n    fieldlength = avio_rb32(f);\n    index->item_count = avio_rb32(f);\n    index->items = av_mallocz_array(index->item_count, sizeof(MOVFragmentIndexItem));\n    if (!index->items)\n    {\n        index->item_count = 0;\n        return AVERROR(ENOMEM);\n    }\n    for (i = 0; i < index->item_count; i++)\n    {\n        int64_t time, offset;\n        if (version == 1)\n        {\n            time   = avio_rb64(f);\n            offset = avio_rb64(f);\n        }\n        else\n        {\n            time   = avio_rb32(f);\n            offset = avio_rb32(f);\n        }\n        index->items[i].time = time;\n        index->items[i].moof_offset = offset;\n        for (j = 0; j < ((fieldlength >> 4) & 3) + 1; j++)\n        {\n            avio_r8(f);\n        }\n        for (j = 0; j < ((fieldlength >> 2) & 3) + 1; j++)\n        {\n            avio_r8(f);\n        }\n        for (j = 0; j < ((fieldlength >> 0) & 3) + 1; j++)\n        {\n            avio_r8(f);\n        }\n    }\n    avio_seek(f, pos + size, SEEK_SET);\n    return 0;\n}\n",
        "question": "Given that the parameter or function `avio_rb24` is modified before the execution of the function `av_mallocz_array`, evaluate the potential impact on the outcomes of `av_mallocz_array`. Consider how `avio_rb24` could influence `av_mallocz_array`, including its role as a direct parameter, its effect on controlling conditions, or its indirect impacts through other related variables or system states.",
        "choices": {
            "A": "The change to `avio_rb24` directly alters the arguments passed to `av_mallocz_array`.",
            "B": "There is neither a direct nor a significant indirect relationship between the changes to `avio_rb24` and the behavior or output of `av_mallocz_array`, suggesting no observable impact.",
            "C": "The modification of `avio_rb24` might indirectly influence `av_mallocz_array` by modifying the control statement that controls the behavior of `av_mallocz_array`.",
            "D": "It is not possible to determine the effect without additional context."
        },
        "answer": "A",
        "distance": 2
    },
    {
        "case_id": "primevul_58",
        "code": "static int read_tfra(MOVContext *mov, AVIOContext *f)\n{\n    MOVFragmentIndex* index = NULL;\n    int version, fieldlength, i, j;\n    int64_t pos = avio_tell(f);\n    uint32_t size = avio_rb32(f);\n    void *tmp;\n    if (avio_rb32(f) != MKBETAG('t', 'f', 'r', 'a'))\n    {\n        return 1;\n    }\n    av_log(mov->fc, AV_LOG_VERBOSE, \"found tfra\\n\");\n    index = av_mallocz(sizeof(MOVFragmentIndex));\n    if (!index)\n    {\n        return AVERROR(ENOMEM);\n    }\n    tmp = av_realloc_array(mov->fragment_index_data, mov->fragment_index_count + 1, sizeof(MOVFragmentIndex*));\n    if (!tmp)\n    {\n        av_freep(&index);\n        return AVERROR(ENOMEM);\n    }\n    mov->fragment_index_data = tmp;\n    mov->fragment_index_data[mov->fragment_index_count++] = index;\n    version = avio_r8(f);\n    avio_rb24(f);\n    index->track_id = avio_rb32(f);\n    fieldlength = avio_rb32(f);\n    index->item_count = avio_rb32(f);\n    index->items = av_mallocz_array(index->item_count, sizeof(MOVFragmentIndexItem));\n    if (!index->items)\n    {\n        index->item_count = 0;\n        return AVERROR(ENOMEM);\n    }\n    for (i = 0; i < index->item_count; i++)\n    {\n        int64_t time, offset;\n        if (version == 1)\n        {\n            time   = avio_rb64(f);\n            offset = avio_rb64(f);\n        }\n        else\n        {\n            time   = avio_rb32(f);\n            offset = avio_rb32(f);\n        }\n        index->items[i].time = time;\n        index->items[i].moof_offset = offset;\n        for (j = 0; j < ((fieldlength >> 4) & 3) + 1; j++)\n        {\n            avio_r8(f);\n        }\n        for (j = 0; j < ((fieldlength >> 2) & 3) + 1; j++)\n        {\n            avio_r8(f);\n        }\n        for (j = 0; j < ((fieldlength >> 0) & 3) + 1; j++)\n        {\n            avio_r8(f);\n        }\n    }\n    avio_seek(f, pos + size, SEEK_SET);\n    return 0;\n}\n",
        "question": "Given that the parameter or function `SEEK_SET` is modified before the execution of the function `avio_seek`, evaluate the potential impact on the outcomes of `avio_seek`. Consider how `SEEK_SET` could influence `avio_seek`, including its role as a direct parameter, its effect on controlling conditions, or its indirect impacts through other related variables or system states.",
        "choices": {
            "A": "The change to `SEEK_SET` directly alters the arguments passed to `avio_seek`.",
            "B": "There is neither a direct nor a significant indirect relationship between the changes to `SEEK_SET` and the behavior or output of `avio_seek`, suggesting no observable impact.",
            "C": "The modification of `SEEK_SET` might indirectly influence `avio_seek` by modifying the control statement that controls the behavior of `avio_seek`.",
            "D": "It is not possible to determine the effect without additional context."
        },
        "answer": "A",
        "distance": 1
    },
    {
        "case_id": "primevul_58",
        "code": "static int read_tfra(MOVContext *mov, AVIOContext *f)\n{\n    MOVFragmentIndex* index = NULL;\n    int version, fieldlength, i, j;\n    int64_t pos = avio_tell(f);\n    uint32_t size = avio_rb32(f);\n    void *tmp;\n    if (avio_rb32(f) != MKBETAG('t', 'f', 'r', 'a'))\n    {\n        return 1;\n    }\n    av_log(mov->fc, AV_LOG_VERBOSE, \"found tfra\\n\");\n    index = av_mallocz(sizeof(MOVFragmentIndex));\n    if (!index)\n    {\n        return AVERROR(ENOMEM);\n    }\n    tmp = av_realloc_array(mov->fragment_index_data, mov->fragment_index_count + 1, sizeof(MOVFragmentIndex*));\n    if (!tmp)\n    {\n        av_freep(&index);\n        return AVERROR(ENOMEM);\n    }\n    mov->fragment_index_data = tmp;\n    mov->fragment_index_data[mov->fragment_index_count++] = index;\n    version = avio_r8(f);\n    avio_rb24(f);\n    index->track_id = avio_rb32(f);\n    fieldlength = avio_rb32(f);\n    index->item_count = avio_rb32(f);\n    index->items = av_mallocz_array(index->item_count, sizeof(MOVFragmentIndexItem));\n    if (!index->items)\n    {\n        index->item_count = 0;\n        return AVERROR(ENOMEM);\n    }\n    for (i = 0; i < index->item_count; i++)\n    {\n        int64_t time, offset;\n        if (version == 1)\n        {\n            time   = avio_rb64(f);\n            offset = avio_rb64(f);\n        }\n        else\n        {\n            time   = avio_rb32(f);\n            offset = avio_rb32(f);\n        }\n        index->items[i].time = time;\n        index->items[i].moof_offset = offset;\n        for (j = 0; j < ((fieldlength >> 4) & 3) + 1; j++)\n        {\n            avio_r8(f);\n        }\n        for (j = 0; j < ((fieldlength >> 2) & 3) + 1; j++)\n        {\n            avio_r8(f);\n        }\n        for (j = 0; j < ((fieldlength >> 0) & 3) + 1; j++)\n        {\n            avio_r8(f);\n        }\n    }\n    avio_seek(f, pos + size, SEEK_SET);\n    return 0;\n}\n",
        "question": "Given that the parameter or function `pos + size` is modified before the execution of the function `avio_seek`, evaluate the potential impact on the outcomes of `avio_seek`. Consider how `pos + size` could influence `avio_seek`, including its role as a direct parameter, its effect on controlling conditions, or its indirect impacts through other related variables or system states.",
        "choices": {
            "A": "The change to `pos + size` directly alters the arguments passed to `avio_seek`.",
            "B": "There is neither a direct nor a significant indirect relationship between the changes to `pos + size` and the behavior or output of `avio_seek`, suggesting no observable impact.",
            "C": "The modification of `pos + size` might indirectly influence `avio_seek` by modifying the control statement that controls the behavior of `avio_seek`.",
            "D": "It is not possible to determine the effect without additional context."
        },
        "answer": "A",
        "distance": 1
    },
    {
        "case_id": "primevul_58",
        "code": "static int read_tfra(MOVContext *mov, AVIOContext *f)\n{\n    MOVFragmentIndex* index = NULL;\n    int version, fieldlength, i, j;\n    int64_t pos = avio_tell(f);\n    uint32_t size = avio_rb32(f);\n    void *tmp;\n    if (avio_rb32(f) != MKBETAG('t', 'f', 'r', 'a'))\n    {\n        return 1;\n    }\n    av_log(mov->fc, AV_LOG_VERBOSE, \"found tfra\\n\");\n    index = av_mallocz(sizeof(MOVFragmentIndex));\n    if (!index)\n    {\n        return AVERROR(ENOMEM);\n    }\n    tmp = av_realloc_array(mov->fragment_index_data, mov->fragment_index_count + 1, sizeof(MOVFragmentIndex*));\n    if (!tmp)\n    {\n        av_freep(&index);\n        return AVERROR(ENOMEM);\n    }\n    mov->fragment_index_data = tmp;\n    mov->fragment_index_data[mov->fragment_index_count++] = index;\n    version = avio_r8(f);\n    avio_rb24(f);\n    index->track_id = avio_rb32(f);\n    fieldlength = avio_rb32(f);\n    index->item_count = avio_rb32(f);\n    index->items = av_mallocz_array(index->item_count, sizeof(MOVFragmentIndexItem));\n    if (!index->items)\n    {\n        index->item_count = 0;\n        return AVERROR(ENOMEM);\n    }\n    for (i = 0; i < index->item_count; i++)\n    {\n        int64_t time, offset;\n        if (version == 1)\n        {\n            time   = avio_rb64(f);\n            offset = avio_rb64(f);\n        }\n        else\n        {\n            time   = avio_rb32(f);\n            offset = avio_rb32(f);\n        }\n        index->items[i].time = time;\n        index->items[i].moof_offset = offset;\n        for (j = 0; j < ((fieldlength >> 4) & 3) + 1; j++)\n        {\n            avio_r8(f);\n        }\n        for (j = 0; j < ((fieldlength >> 2) & 3) + 1; j++)\n        {\n            avio_r8(f);\n        }\n        for (j = 0; j < ((fieldlength >> 0) & 3) + 1; j++)\n        {\n            avio_r8(f);\n        }\n    }\n    avio_seek(f, pos + size, SEEK_SET);\n    return 0;\n}\n",
        "question": "Given that the parameter or function `pos` is modified before the execution of the function `avio_tell`, evaluate the potential impact on the outcomes of `avio_tell`. Consider how `pos` could influence `avio_tell`, including its role as a direct parameter, its effect on controlling conditions, or its indirect impacts through other related variables or system states.",
        "choices": {
            "A": "The change to `pos` directly alters the arguments passed to `avio_tell`.",
            "B": "There is neither a direct nor a significant indirect relationship between the changes to `pos` and the behavior or output of `avio_tell`, suggesting no observable impact.",
            "C": "The modification of `pos` might indirectly influence `avio_tell` by modifying the control statement that controls the behavior of `avio_tell`.",
            "D": "It is not possible to determine the effect without additional context."
        },
        "answer": "A",
        "distance": 1
    },
    {
        "case_id": "primevul_58",
        "code": "static int read_tfra(MOVContext *mov, AVIOContext *f)\n{\n    MOVFragmentIndex* index = NULL;\n    int version, fieldlength, i, j;\n    int64_t pos = avio_tell(f);\n    uint32_t size = avio_rb32(f);\n    void *tmp;\n    if (avio_rb32(f) != MKBETAG('t', 'f', 'r', 'a'))\n    {\n        return 1;\n    }\n    av_log(mov->fc, AV_LOG_VERBOSE, \"found tfra\\n\");\n    index = av_mallocz(sizeof(MOVFragmentIndex));\n    if (!index)\n    {\n        return AVERROR(ENOMEM);\n    }\n    tmp = av_realloc_array(mov->fragment_index_data, mov->fragment_index_count + 1, sizeof(MOVFragmentIndex*));\n    if (!tmp)\n    {\n        av_freep(&index);\n        return AVERROR(ENOMEM);\n    }\n    mov->fragment_index_data = tmp;\n    mov->fragment_index_data[mov->fragment_index_count++] = index;\n    version = avio_r8(f);\n    avio_rb24(f);\n    index->track_id = avio_rb32(f);\n    fieldlength = avio_rb32(f);\n    index->item_count = avio_rb32(f);\n    index->items = av_mallocz_array(index->item_count, sizeof(MOVFragmentIndexItem));\n    if (!index->items)\n    {\n        index->item_count = 0;\n        return AVERROR(ENOMEM);\n    }\n    for (i = 0; i < index->item_count; i++)\n    {\n        int64_t time, offset;\n        if (version == 1)\n        {\n            time   = avio_rb64(f);\n            offset = avio_rb64(f);\n        }\n        else\n        {\n            time   = avio_rb32(f);\n            offset = avio_rb32(f);\n        }\n        index->items[i].time = time;\n        index->items[i].moof_offset = offset;\n        for (j = 0; j < ((fieldlength >> 4) & 3) + 1; j++)\n        {\n            avio_r8(f);\n        }\n        for (j = 0; j < ((fieldlength >> 2) & 3) + 1; j++)\n        {\n            avio_r8(f);\n        }\n        for (j = 0; j < ((fieldlength >> 0) & 3) + 1; j++)\n        {\n            avio_r8(f);\n        }\n    }\n    avio_seek(f, pos + size, SEEK_SET);\n    return 0;\n}\n",
        "question": "Given that the parameter or function `avio_tell` is modified before the execution of the function `avio_seek`, evaluate the potential impact on the outcomes of `avio_seek`. Consider how `avio_tell` could influence `avio_seek`, including its role as a direct parameter, its effect on controlling conditions, or its indirect impacts through other related variables or system states.",
        "choices": {
            "A": "The change to `avio_tell` directly alters the arguments passed to `avio_seek`.",
            "B": "There is neither a direct nor a significant indirect relationship between the changes to `avio_tell` and the behavior or output of `avio_seek`, suggesting no observable impact.",
            "C": "The modification of `avio_tell` might indirectly influence `avio_seek` by modifying the control statement that controls the behavior of `avio_seek`.",
            "D": "It is not possible to determine the effect without additional context."
        },
        "answer": "B",
        "distance": 0
    },
    {
        "case_id": "primevul_58",
        "code": "static int read_tfra(MOVContext *mov, AVIOContext *f)\n{\n    MOVFragmentIndex* index = NULL;\n    int version, fieldlength, i, j;\n    int64_t pos = avio_tell(f);\n    uint32_t size = avio_rb32(f);\n    void *tmp;\n    if (avio_rb32(f) != MKBETAG('t', 'f', 'r', 'a'))\n    {\n        return 1;\n    }\n    av_log(mov->fc, AV_LOG_VERBOSE, \"found tfra\\n\");\n    index = av_mallocz(sizeof(MOVFragmentIndex));\n    if (!index)\n    {\n        return AVERROR(ENOMEM);\n    }\n    tmp = av_realloc_array(mov->fragment_index_data, mov->fragment_index_count + 1, sizeof(MOVFragmentIndex*));\n    if (!tmp)\n    {\n        av_freep(&index);\n        return AVERROR(ENOMEM);\n    }\n    mov->fragment_index_data = tmp;\n    mov->fragment_index_data[mov->fragment_index_count++] = index;\n    version = avio_r8(f);\n    avio_rb24(f);\n    index->track_id = avio_rb32(f);\n    fieldlength = avio_rb32(f);\n    index->item_count = avio_rb32(f);\n    index->items = av_mallocz_array(index->item_count, sizeof(MOVFragmentIndexItem));\n    if (!index->items)\n    {\n        index->item_count = 0;\n        return AVERROR(ENOMEM);\n    }\n    for (i = 0; i < index->item_count; i++)\n    {\n        int64_t time, offset;\n        if (version == 1)\n        {\n            time   = avio_rb64(f);\n            offset = avio_rb64(f);\n        }\n        else\n        {\n            time   = avio_rb32(f);\n            offset = avio_rb32(f);\n        }\n        index->items[i].time = time;\n        index->items[i].moof_offset = offset;\n        for (j = 0; j < ((fieldlength >> 4) & 3) + 1; j++)\n        {\n            avio_r8(f);\n        }\n        for (j = 0; j < ((fieldlength >> 2) & 3) + 1; j++)\n        {\n            avio_r8(f);\n        }\n        for (j = 0; j < ((fieldlength >> 0) & 3) + 1; j++)\n        {\n            avio_r8(f);\n        }\n    }\n    avio_seek(f, pos + size, SEEK_SET);\n    return 0;\n}\n",
        "question": "Given that the parameter or function `av_realloc_array` is modified before the execution of the function `avio_seek`, evaluate the potential impact on the outcomes of `avio_seek`. Consider how `av_realloc_array` could influence `avio_seek`, including its role as a direct parameter, its effect on controlling conditions, or its indirect impacts through other related variables or system states.",
        "choices": {
            "A": "The change to `av_realloc_array` directly alters the arguments passed to `avio_seek`.",
            "B": "There is neither a direct nor a significant indirect relationship between the changes to `av_realloc_array` and the behavior or output of `avio_seek`, suggesting no observable impact.",
            "C": "The modification of `av_realloc_array` might indirectly influence `avio_seek` by modifying the control statement that controls the behavior of `avio_seek`.",
            "D": "It is not possible to determine the effect without additional context."
        },
        "answer": "B",
        "distance": 0
    },
    {
        "case_id": "primevul_58",
        "code": "static int read_tfra(MOVContext *mov, AVIOContext *f)\n{\n    MOVFragmentIndex* index = NULL;\n    int version, fieldlength, i, j;\n    int64_t pos = avio_tell(f);\n    uint32_t size = avio_rb32(f);\n    void *tmp;\n    if (avio_rb32(f) != MKBETAG('t', 'f', 'r', 'a'))\n    {\n        return 1;\n    }\n    av_log(mov->fc, AV_LOG_VERBOSE, \"found tfra\\n\");\n    index = av_mallocz(sizeof(MOVFragmentIndex));\n    if (!index)\n    {\n        return AVERROR(ENOMEM);\n    }\n    tmp = av_realloc_array(mov->fragment_index_data, mov->fragment_index_count + 1, sizeof(MOVFragmentIndex*));\n    if (!tmp)\n    {\n        av_freep(&index);\n        return AVERROR(ENOMEM);\n    }\n    mov->fragment_index_data = tmp;\n    mov->fragment_index_data[mov->fragment_index_count++] = index;\n    version = avio_r8(f);\n    avio_rb24(f);\n    index->track_id = avio_rb32(f);\n    fieldlength = avio_rb32(f);\n    index->item_count = avio_rb32(f);\n    index->items = av_mallocz_array(index->item_count, sizeof(MOVFragmentIndexItem));\n    if (!index->items)\n    {\n        index->item_count = 0;\n        return AVERROR(ENOMEM);\n    }\n    for (i = 0; i < index->item_count; i++)\n    {\n        int64_t time, offset;\n        if (version == 1)\n        {\n            time   = avio_rb64(f);\n            offset = avio_rb64(f);\n        }\n        else\n        {\n            time   = avio_rb32(f);\n            offset = avio_rb32(f);\n        }\n        index->items[i].time = time;\n        index->items[i].moof_offset = offset;\n        for (j = 0; j < ((fieldlength >> 4) & 3) + 1; j++)\n        {\n            avio_r8(f);\n        }\n        for (j = 0; j < ((fieldlength >> 2) & 3) + 1; j++)\n        {\n            avio_r8(f);\n        }\n        for (j = 0; j < ((fieldlength >> 0) & 3) + 1; j++)\n        {\n            avio_r8(f);\n        }\n    }\n    avio_seek(f, pos + size, SEEK_SET);\n    return 0;\n}\n",
        "question": "Given that the parameter or function `av_freep` is modified before the execution of the function `avio_seek`, evaluate the potential impact on the outcomes of `avio_seek`. Consider how `av_freep` could influence `avio_seek`, including its role as a direct parameter, its effect on controlling conditions, or its indirect impacts through other related variables or system states.",
        "choices": {
            "A": "The change to `av_freep` directly alters the arguments passed to `avio_seek`.",
            "B": "There is neither a direct nor a significant indirect relationship between the changes to `av_freep` and the behavior or output of `avio_seek`, suggesting no observable impact.",
            "C": "The modification of `av_freep` might indirectly influence `avio_seek` by modifying the control statement that controls the behavior of `avio_seek`.",
            "D": "It is not possible to determine the effect without additional context."
        },
        "answer": "B",
        "distance": 0
    },
    {
        "case_id": "primevul_58",
        "code": "static int read_tfra(MOVContext *mov, AVIOContext *f)\n{\n    MOVFragmentIndex* index = NULL;\n    int version, fieldlength, i, j;\n    int64_t pos = avio_tell(f);\n    uint32_t size = avio_rb32(f);\n    void *tmp;\n    if (avio_rb32(f) != MKBETAG('t', 'f', 'r', 'a'))\n    {\n        return 1;\n    }\n    av_log(mov->fc, AV_LOG_VERBOSE, \"found tfra\\n\");\n    index = av_mallocz(sizeof(MOVFragmentIndex));\n    if (!index)\n    {\n        return AVERROR(ENOMEM);\n    }\n    tmp = av_realloc_array(mov->fragment_index_data, mov->fragment_index_count + 1, sizeof(MOVFragmentIndex*));\n    if (!tmp)\n    {\n        av_freep(&index);\n        return AVERROR(ENOMEM);\n    }\n    mov->fragment_index_data = tmp;\n    mov->fragment_index_data[mov->fragment_index_count++] = index;\n    version = avio_r8(f);\n    avio_rb24(f);\n    index->track_id = avio_rb32(f);\n    fieldlength = avio_rb32(f);\n    index->item_count = avio_rb32(f);\n    index->items = av_mallocz_array(index->item_count, sizeof(MOVFragmentIndexItem));\n    if (!index->items)\n    {\n        index->item_count = 0;\n        return AVERROR(ENOMEM);\n    }\n    for (i = 0; i < index->item_count; i++)\n    {\n        int64_t time, offset;\n        if (version == 1)\n        {\n            time   = avio_rb64(f);\n            offset = avio_rb64(f);\n        }\n        else\n        {\n            time   = avio_rb32(f);\n            offset = avio_rb32(f);\n        }\n        index->items[i].time = time;\n        index->items[i].moof_offset = offset;\n        for (j = 0; j < ((fieldlength >> 4) & 3) + 1; j++)\n        {\n            avio_r8(f);\n        }\n        for (j = 0; j < ((fieldlength >> 2) & 3) + 1; j++)\n        {\n            avio_r8(f);\n        }\n        for (j = 0; j < ((fieldlength >> 0) & 3) + 1; j++)\n        {\n            avio_r8(f);\n        }\n    }\n    avio_seek(f, pos + size, SEEK_SET);\n    return 0;\n}\n",
        "question": "Given that the parameter or function `av_mallocz` is modified before the execution of the function `avio_seek`, evaluate the potential impact on the outcomes of `avio_seek`. Consider how `av_mallocz` could influence `avio_seek`, including its role as a direct parameter, its effect on controlling conditions, or its indirect impacts through other related variables or system states.",
        "choices": {
            "A": "The change to `av_mallocz` directly alters the arguments passed to `avio_seek`.",
            "B": "There is neither a direct nor a significant indirect relationship between the changes to `av_mallocz` and the behavior or output of `avio_seek`, suggesting no observable impact.",
            "C": "The modification of `av_mallocz` might indirectly influence `avio_seek` by modifying the control statement that controls the behavior of `avio_seek`.",
            "D": "It is not possible to determine the effect without additional context."
        },
        "answer": "B",
        "distance": 0
    },
    {
        "case_id": "primevul_58",
        "code": "static int read_tfra(MOVContext *mov, AVIOContext *f)\n{\n    MOVFragmentIndex* index = NULL;\n    int version, fieldlength, i, j;\n    int64_t pos = avio_tell(f);\n    uint32_t size = avio_rb32(f);\n    void *tmp;\n    if (avio_rb32(f) != MKBETAG('t', 'f', 'r', 'a'))\n    {\n        return 1;\n    }\n    av_log(mov->fc, AV_LOG_VERBOSE, \"found tfra\\n\");\n    index = av_mallocz(sizeof(MOVFragmentIndex));\n    if (!index)\n    {\n        return AVERROR(ENOMEM);\n    }\n    tmp = av_realloc_array(mov->fragment_index_data, mov->fragment_index_count + 1, sizeof(MOVFragmentIndex*));\n    if (!tmp)\n    {\n        av_freep(&index);\n        return AVERROR(ENOMEM);\n    }\n    mov->fragment_index_data = tmp;\n    mov->fragment_index_data[mov->fragment_index_count++] = index;\n    version = avio_r8(f);\n    avio_rb24(f);\n    index->track_id = avio_rb32(f);\n    fieldlength = avio_rb32(f);\n    index->item_count = avio_rb32(f);\n    index->items = av_mallocz_array(index->item_count, sizeof(MOVFragmentIndexItem));\n    if (!index->items)\n    {\n        index->item_count = 0;\n        return AVERROR(ENOMEM);\n    }\n    for (i = 0; i < index->item_count; i++)\n    {\n        int64_t time, offset;\n        if (version == 1)\n        {\n            time   = avio_rb64(f);\n            offset = avio_rb64(f);\n        }\n        else\n        {\n            time   = avio_rb32(f);\n            offset = avio_rb32(f);\n        }\n        index->items[i].time = time;\n        index->items[i].moof_offset = offset;\n        for (j = 0; j < ((fieldlength >> 4) & 3) + 1; j++)\n        {\n            avio_r8(f);\n        }\n        for (j = 0; j < ((fieldlength >> 2) & 3) + 1; j++)\n        {\n            avio_r8(f);\n        }\n        for (j = 0; j < ((fieldlength >> 0) & 3) + 1; j++)\n        {\n            avio_r8(f);\n        }\n    }\n    avio_seek(f, pos + size, SEEK_SET);\n    return 0;\n}\n",
        "question": "Given that the parameter or function `av_realloc_array` is modified before the execution of the function `av_freep`, evaluate the potential impact on the outcomes of `av_freep`. Consider how `av_realloc_array` could influence `av_freep`, including its role as a direct parameter, its effect on controlling conditions, or its indirect impacts through other related variables or system states.",
        "choices": {
            "A": "The change to `av_realloc_array` directly alters the arguments passed to `av_freep`.",
            "B": "There is neither a direct nor a significant indirect relationship between the changes to `av_realloc_array` and the behavior or output of `av_freep`, suggesting no observable impact.",
            "C": "The modification of `av_realloc_array` might indirectly influence `av_freep` by modifying the control statement that controls the behavior of `av_freep`.",
            "D": "It is not possible to determine the effect without additional context."
        },
        "answer": "C",
        "distance": 1
    },
    {
        "case_id": "primevul_58",
        "code": "static int read_tfra(MOVContext *mov, AVIOContext *f)\n{\n    MOVFragmentIndex* index = NULL;\n    int version, fieldlength, i, j;\n    int64_t pos = avio_tell(f);\n    uint32_t size = avio_rb32(f);\n    void *tmp;\n    if (avio_rb32(f) != MKBETAG('t', 'f', 'r', 'a'))\n    {\n        return 1;\n    }\n    av_log(mov->fc, AV_LOG_VERBOSE, \"found tfra\\n\");\n    index = av_mallocz(sizeof(MOVFragmentIndex));\n    if (!index)\n    {\n        return AVERROR(ENOMEM);\n    }\n    tmp = av_realloc_array(mov->fragment_index_data, mov->fragment_index_count + 1, sizeof(MOVFragmentIndex*));\n    if (!tmp)\n    {\n        av_freep(&index);\n        return AVERROR(ENOMEM);\n    }\n    mov->fragment_index_data = tmp;\n    mov->fragment_index_data[mov->fragment_index_count++] = index;\n    version = avio_r8(f);\n    avio_rb24(f);\n    index->track_id = avio_rb32(f);\n    fieldlength = avio_rb32(f);\n    index->item_count = avio_rb32(f);\n    index->items = av_mallocz_array(index->item_count, sizeof(MOVFragmentIndexItem));\n    if (!index->items)\n    {\n        index->item_count = 0;\n        return AVERROR(ENOMEM);\n    }\n    for (i = 0; i < index->item_count; i++)\n    {\n        int64_t time, offset;\n        if (version == 1)\n        {\n            time   = avio_rb64(f);\n            offset = avio_rb64(f);\n        }\n        else\n        {\n            time   = avio_rb32(f);\n            offset = avio_rb32(f);\n        }\n        index->items[i].time = time;\n        index->items[i].moof_offset = offset;\n        for (j = 0; j < ((fieldlength >> 4) & 3) + 1; j++)\n        {\n            avio_r8(f);\n        }\n        for (j = 0; j < ((fieldlength >> 2) & 3) + 1; j++)\n        {\n            avio_r8(f);\n        }\n        for (j = 0; j < ((fieldlength >> 0) & 3) + 1; j++)\n        {\n            avio_r8(f);\n        }\n    }\n    avio_seek(f, pos + size, SEEK_SET);\n    return 0;\n}\n",
        "question": "Given that the parameter or function `fragment_index_count` is modified before the execution of the function `av_freep`, evaluate the potential impact on the outcomes of `av_freep`. Consider how `fragment_index_count` could influence `av_freep`, including its role as a direct parameter, its effect on controlling conditions, or its indirect impacts through other related variables or system states.",
        "choices": {
            "A": "The change to `fragment_index_count` directly alters the arguments passed to `av_freep`.",
            "B": "There is neither a direct nor a significant indirect relationship between the changes to `fragment_index_count` and the behavior or output of `av_freep`, suggesting no observable impact.",
            "C": "The modification of `fragment_index_count` might indirectly influence `av_freep` by modifying the control statement that controls the behavior of `av_freep`.",
            "D": "It is not possible to determine the effect without additional context."
        },
        "answer": "C",
        "distance": 1
    },
    {
        "case_id": "primevul_58",
        "code": "static int read_tfra(MOVContext *mov, AVIOContext *f)\n{\n    MOVFragmentIndex* index = NULL;\n    int version, fieldlength, i, j;\n    int64_t pos = avio_tell(f);\n    uint32_t size = avio_rb32(f);\n    void *tmp;\n    if (avio_rb32(f) != MKBETAG('t', 'f', 'r', 'a'))\n    {\n        return 1;\n    }\n    av_log(mov->fc, AV_LOG_VERBOSE, \"found tfra\\n\");\n    index = av_mallocz(sizeof(MOVFragmentIndex));\n    if (!index)\n    {\n        return AVERROR(ENOMEM);\n    }\n    tmp = av_realloc_array(mov->fragment_index_data, mov->fragment_index_count + 1, sizeof(MOVFragmentIndex*));\n    if (!tmp)\n    {\n        av_freep(&index);\n        return AVERROR(ENOMEM);\n    }\n    mov->fragment_index_data = tmp;\n    mov->fragment_index_data[mov->fragment_index_count++] = index;\n    version = avio_r8(f);\n    avio_rb24(f);\n    index->track_id = avio_rb32(f);\n    fieldlength = avio_rb32(f);\n    index->item_count = avio_rb32(f);\n    index->items = av_mallocz_array(index->item_count, sizeof(MOVFragmentIndexItem));\n    if (!index->items)\n    {\n        index->item_count = 0;\n        return AVERROR(ENOMEM);\n    }\n    for (i = 0; i < index->item_count; i++)\n    {\n        int64_t time, offset;\n        if (version == 1)\n        {\n            time   = avio_rb64(f);\n            offset = avio_rb64(f);\n        }\n        else\n        {\n            time   = avio_rb32(f);\n            offset = avio_rb32(f);\n        }\n        index->items[i].time = time;\n        index->items[i].moof_offset = offset;\n        for (j = 0; j < ((fieldlength >> 4) & 3) + 1; j++)\n        {\n            avio_r8(f);\n        }\n        for (j = 0; j < ((fieldlength >> 2) & 3) + 1; j++)\n        {\n            avio_r8(f);\n        }\n        for (j = 0; j < ((fieldlength >> 0) & 3) + 1; j++)\n        {\n            avio_r8(f);\n        }\n    }\n    avio_seek(f, pos + size, SEEK_SET);\n    return 0;\n}\n",
        "question": "Given that the parameter or function `mov` is modified before the execution of the function `av_freep`, evaluate the potential impact on the outcomes of `av_freep`. Consider how `mov` could influence `av_freep`, including its role as a direct parameter, its effect on controlling conditions, or its indirect impacts through other related variables or system states.",
        "choices": {
            "A": "The change to `mov` directly alters the arguments passed to `av_freep`.",
            "B": "There is neither a direct nor a significant indirect relationship between the changes to `mov` and the behavior or output of `av_freep`, suggesting no observable impact.",
            "C": "The modification of `mov` might indirectly influence `av_freep` by modifying the control statement that controls the behavior of `av_freep`.",
            "D": "It is not possible to determine the effect without additional context."
        },
        "answer": "C",
        "distance": 1
    },
    {
        "case_id": "primevul_58",
        "code": "static int read_tfra(MOVContext *mov, AVIOContext *f)\n{\n    MOVFragmentIndex* index = NULL;\n    int version, fieldlength, i, j;\n    int64_t pos = avio_tell(f);\n    uint32_t size = avio_rb32(f);\n    void *tmp;\n    if (avio_rb32(f) != MKBETAG('t', 'f', 'r', 'a'))\n    {\n        return 1;\n    }\n    av_log(mov->fc, AV_LOG_VERBOSE, \"found tfra\\n\");\n    index = av_mallocz(sizeof(MOVFragmentIndex));\n    if (!index)\n    {\n        return AVERROR(ENOMEM);\n    }\n    tmp = av_realloc_array(mov->fragment_index_data, mov->fragment_index_count + 1, sizeof(MOVFragmentIndex*));\n    if (!tmp)\n    {\n        av_freep(&index);\n        return AVERROR(ENOMEM);\n    }\n    mov->fragment_index_data = tmp;\n    mov->fragment_index_data[mov->fragment_index_count++] = index;\n    version = avio_r8(f);\n    avio_rb24(f);\n    index->track_id = avio_rb32(f);\n    fieldlength = avio_rb32(f);\n    index->item_count = avio_rb32(f);\n    index->items = av_mallocz_array(index->item_count, sizeof(MOVFragmentIndexItem));\n    if (!index->items)\n    {\n        index->item_count = 0;\n        return AVERROR(ENOMEM);\n    }\n    for (i = 0; i < index->item_count; i++)\n    {\n        int64_t time, offset;\n        if (version == 1)\n        {\n            time   = avio_rb64(f);\n            offset = avio_rb64(f);\n        }\n        else\n        {\n            time   = avio_rb32(f);\n            offset = avio_rb32(f);\n        }\n        index->items[i].time = time;\n        index->items[i].moof_offset = offset;\n        for (j = 0; j < ((fieldlength >> 4) & 3) + 1; j++)\n        {\n            avio_r8(f);\n        }\n        for (j = 0; j < ((fieldlength >> 2) & 3) + 1; j++)\n        {\n            avio_r8(f);\n        }\n        for (j = 0; j < ((fieldlength >> 0) & 3) + 1; j++)\n        {\n            avio_r8(f);\n        }\n    }\n    avio_seek(f, pos + size, SEEK_SET);\n    return 0;\n}\n",
        "question": "Given that the parameter or function `fragment_index_data` is modified before the execution of the function `av_freep`, evaluate the potential impact on the outcomes of `av_freep`. Consider how `fragment_index_data` could influence `av_freep`, including its role as a direct parameter, its effect on controlling conditions, or its indirect impacts through other related variables or system states.",
        "choices": {
            "A": "The change to `fragment_index_data` directly alters the arguments passed to `av_freep`.",
            "B": "There is neither a direct nor a significant indirect relationship between the changes to `fragment_index_data` and the behavior or output of `av_freep`, suggesting no observable impact.",
            "C": "The modification of `fragment_index_data` might indirectly influence `av_freep` by modifying the control statement that controls the behavior of `av_freep`.",
            "D": "It is not possible to determine the effect without additional context."
        },
        "answer": "C",
        "distance": 1
    },
    {
        "case_id": "primevul_58",
        "code": "static int read_tfra(MOVContext *mov, AVIOContext *f)\n{\n    MOVFragmentIndex* index = NULL;\n    int version, fieldlength, i, j;\n    int64_t pos = avio_tell(f);\n    uint32_t size = avio_rb32(f);\n    void *tmp;\n    if (avio_rb32(f) != MKBETAG('t', 'f', 'r', 'a'))\n    {\n        return 1;\n    }\n    av_log(mov->fc, AV_LOG_VERBOSE, \"found tfra\\n\");\n    index = av_mallocz(sizeof(MOVFragmentIndex));\n    if (!index)\n    {\n        return AVERROR(ENOMEM);\n    }\n    tmp = av_realloc_array(mov->fragment_index_data, mov->fragment_index_count + 1, sizeof(MOVFragmentIndex*));\n    if (!tmp)\n    {\n        av_freep(&index);\n        return AVERROR(ENOMEM);\n    }\n    mov->fragment_index_data = tmp;\n    mov->fragment_index_data[mov->fragment_index_count++] = index;\n    version = avio_r8(f);\n    avio_rb24(f);\n    index->track_id = avio_rb32(f);\n    fieldlength = avio_rb32(f);\n    index->item_count = avio_rb32(f);\n    index->items = av_mallocz_array(index->item_count, sizeof(MOVFragmentIndexItem));\n    if (!index->items)\n    {\n        index->item_count = 0;\n        return AVERROR(ENOMEM);\n    }\n    for (i = 0; i < index->item_count; i++)\n    {\n        int64_t time, offset;\n        if (version == 1)\n        {\n            time   = avio_rb64(f);\n            offset = avio_rb64(f);\n        }\n        else\n        {\n            time   = avio_rb32(f);\n            offset = avio_rb32(f);\n        }\n        index->items[i].time = time;\n        index->items[i].moof_offset = offset;\n        for (j = 0; j < ((fieldlength >> 4) & 3) + 1; j++)\n        {\n            avio_r8(f);\n        }\n        for (j = 0; j < ((fieldlength >> 2) & 3) + 1; j++)\n        {\n            avio_r8(f);\n        }\n        for (j = 0; j < ((fieldlength >> 0) & 3) + 1; j++)\n        {\n            avio_r8(f);\n        }\n    }\n    avio_seek(f, pos + size, SEEK_SET);\n    return 0;\n}\n",
        "question": "Given that the parameter or function `MOVFragmentIndex` is modified before the execution of the function `av_freep`, evaluate the potential impact on the outcomes of `av_freep`. Consider how `MOVFragmentIndex` could influence `av_freep`, including its role as a direct parameter, its effect on controlling conditions, or its indirect impacts through other related variables or system states.",
        "choices": {
            "A": "The change to `MOVFragmentIndex` directly alters the arguments passed to `av_freep`.",
            "B": "There is neither a direct nor a significant indirect relationship between the changes to `MOVFragmentIndex` and the behavior or output of `av_freep`, suggesting no observable impact.",
            "C": "The modification of `MOVFragmentIndex` might indirectly influence `av_freep` by modifying the control statement that controls the behavior of `av_freep`.",
            "D": "It is not possible to determine the effect without additional context."
        },
        "answer": "A, C",
        "distance": 1
    }
]