[
    {
        "case_id": "primevul_50",
        "code": "void acpi_ns_terminate(void)\n{\n    acpi_status status;\n    ACPI_FUNCTION_TRACE(ns_terminate);\n#ifdef ACPI_EXEC_APP\n    {\n        union acpi_operand_object *prev;\n        union acpi_operand_object *next;\n        next = acpi_gbl_module_code_list;\n        while (next)\n        {\n            prev = next;\n            next = next->method.mutex;\n            prev->method.mutex = NULL;\n            acpi_ut_remove_reference(prev);\n        }\n    }\n#endif\n    acpi_ns_delete_namespace_subtree(acpi_gbl_root_node);\n    status = acpi_ut_acquire_mutex(ACPI_MTX_NAMESPACE);\n    if (ACPI_FAILURE(status))\n    {\n        return_VOID;\n    }\n    acpi_ns_delete_node(acpi_gbl_root_node);\n    (void)acpi_ut_release_mutex(ACPI_MTX_NAMESPACE);\n    ACPI_DEBUG_PRINT((ACPI_DB_INFO, \"Namespace freed\\n\"));\n    return_VOID;\n}",
        "question": "Given that the parameter or function `ns_terminate` is modified before the execution of the function `ACPI_FUNCTION_TRACE`, evaluate the potential impact on the outcomes of `ACPI_FUNCTION_TRACE`. Consider how `ns_terminate` could influence `ACPI_FUNCTION_TRACE`, including its role as a direct parameter, its effect on controlling conditions, or its indirect impacts through other related variables or system states.",
        "choices": {
            "A": "The change to `ns_terminate` directly alters the arguments passed to `ACPI_FUNCTION_TRACE`.",
            "B": "There is neither a direct nor a significant indirect relationship between the changes to `ns_terminate` and the behavior or output of `ACPI_FUNCTION_TRACE`, suggesting no observable impact.",
            "C": "The modification of `ns_terminate` might indirectly influence `ACPI_FUNCTION_TRACE` by modifying the control statement that controls the behavior of `ACPI_FUNCTION_TRACE`.",
            "D": "It is not possible to determine the effect without additional context."
        },
        "answer": "A",
        "distance": 1
    },
    {
        "case_id": "primevul_50",
        "code": "void acpi_ns_terminate(void)\n{\n    acpi_status status;\n    ACPI_FUNCTION_TRACE(ns_terminate);\n#ifdef ACPI_EXEC_APP\n    {\n        union acpi_operand_object *prev;\n        union acpi_operand_object *next;\n        next = acpi_gbl_module_code_list;\n        while (next)\n        {\n            prev = next;\n            next = next->method.mutex;\n            prev->method.mutex = NULL;\n            acpi_ut_remove_reference(prev);\n        }\n    }\n#endif\n    acpi_ns_delete_namespace_subtree(acpi_gbl_root_node);\n    status = acpi_ut_acquire_mutex(ACPI_MTX_NAMESPACE);\n    if (ACPI_FAILURE(status))\n    {\n        return_VOID;\n    }\n    acpi_ns_delete_node(acpi_gbl_root_node);\n    (void)acpi_ut_release_mutex(ACPI_MTX_NAMESPACE);\n    ACPI_DEBUG_PRINT((ACPI_DB_INFO, \"Namespace freed\\n\"));\n    return_VOID;\n}",
        "question": "Given that the parameter or function `acpi_ns_delete_namespace_subtree` is modified before the execution of the function `acpi_ns_delete_node`, evaluate the potential impact on the outcomes of `acpi_ns_delete_node`. Consider how `acpi_ns_delete_namespace_subtree` could influence `acpi_ns_delete_node`, including its role as a direct parameter, its effect on controlling conditions, or its indirect impacts through other related variables or system states.",
        "choices": {
            "A": "The change to `acpi_ns_delete_namespace_subtree` directly alters the arguments passed to `acpi_ns_delete_node`.",
            "B": "There is neither a direct nor a significant indirect relationship between the changes to `acpi_ns_delete_namespace_subtree` and the behavior or output of `acpi_ns_delete_node`, suggesting no observable impact.",
            "C": "The modification of `acpi_ns_delete_namespace_subtree` might indirectly influence `acpi_ns_delete_node` by modifying the control statement that controls the behavior of `acpi_ns_delete_node`.",
            "D": "It is not possible to determine the effect without additional context."
        },
        "answer": "A",
        "distance": 1
    },
    {
        "case_id": "primevul_50",
        "code": "void acpi_ns_terminate(void)\n{\n    acpi_status status;\n    ACPI_FUNCTION_TRACE(ns_terminate);\n#ifdef ACPI_EXEC_APP\n    {\n        union acpi_operand_object *prev;\n        union acpi_operand_object *next;\n        next = acpi_gbl_module_code_list;\n        while (next)\n        {\n            prev = next;\n            next = next->method.mutex;\n            prev->method.mutex = NULL;\n            acpi_ut_remove_reference(prev);\n        }\n    }\n#endif\n    acpi_ns_delete_namespace_subtree(acpi_gbl_root_node);\n    status = acpi_ut_acquire_mutex(ACPI_MTX_NAMESPACE);\n    if (ACPI_FAILURE(status))\n    {\n        return_VOID;\n    }\n    acpi_ns_delete_node(acpi_gbl_root_node);\n    (void)acpi_ut_release_mutex(ACPI_MTX_NAMESPACE);\n    ACPI_DEBUG_PRINT((ACPI_DB_INFO, \"Namespace freed\\n\"));\n    return_VOID;\n}",
        "question": "Given that the parameter or function `acpi_gbl_root_node` is modified before the execution of the function `acpi_ns_delete_node`, evaluate the potential impact on the outcomes of `acpi_ns_delete_node`. Consider how `acpi_gbl_root_node` could influence `acpi_ns_delete_node`, including its role as a direct parameter, its effect on controlling conditions, or its indirect impacts through other related variables or system states.",
        "choices": {
            "A": "The change to `acpi_gbl_root_node` directly alters the arguments passed to `acpi_ns_delete_node`.",
            "B": "There is neither a direct nor a significant indirect relationship between the changes to `acpi_gbl_root_node` and the behavior or output of `acpi_ns_delete_node`, suggesting no observable impact.",
            "C": "The modification of `acpi_gbl_root_node` might indirectly influence `acpi_ns_delete_node` by modifying the control statement that controls the behavior of `acpi_ns_delete_node`.",
            "D": "It is not possible to determine the effect without additional context."
        },
        "answer": "A",
        "distance": 1
    },
    {
        "case_id": "primevul_50",
        "code": "void acpi_ns_terminate(void)\n{\n    acpi_status status;\n    ACPI_FUNCTION_TRACE(ns_terminate);\n#ifdef ACPI_EXEC_APP\n    {\n        union acpi_operand_object *prev;\n        union acpi_operand_object *next;\n        next = acpi_gbl_module_code_list;\n        while (next)\n        {\n            prev = next;\n            next = next->method.mutex;\n            prev->method.mutex = NULL;\n            acpi_ut_remove_reference(prev);\n        }\n    }\n#endif\n    acpi_ns_delete_namespace_subtree(acpi_gbl_root_node);\n    status = acpi_ut_acquire_mutex(ACPI_MTX_NAMESPACE);\n    if (ACPI_FAILURE(status))\n    {\n        return_VOID;\n    }\n    acpi_ns_delete_node(acpi_gbl_root_node);\n    (void)acpi_ut_release_mutex(ACPI_MTX_NAMESPACE);\n    ACPI_DEBUG_PRINT((ACPI_DB_INFO, \"Namespace freed\\n\"));\n    return_VOID;\n}",
        "question": "Given that the parameter or function `ACPI_MTX_NAMESPACE` is modified before the execution of the function `acpi_ut_acquire_mutex`, evaluate the potential impact on the outcomes of `acpi_ut_acquire_mutex`. Consider how `ACPI_MTX_NAMESPACE` could influence `acpi_ut_acquire_mutex`, including its role as a direct parameter, its effect on controlling conditions, or its indirect impacts through other related variables or system states.",
        "choices": {
            "A": "The change to `ACPI_MTX_NAMESPACE` directly alters the arguments passed to `acpi_ut_acquire_mutex`.",
            "B": "There is neither a direct nor a significant indirect relationship between the changes to `ACPI_MTX_NAMESPACE` and the behavior or output of `acpi_ut_acquire_mutex`, suggesting no observable impact.",
            "C": "The modification of `ACPI_MTX_NAMESPACE` might indirectly influence `acpi_ut_acquire_mutex` by modifying the control statement that controls the behavior of `acpi_ut_acquire_mutex`.",
            "D": "It is not possible to determine the effect without additional context."
        },
        "answer": "A",
        "distance": 1
    },
    {
        "case_id": "primevul_50",
        "code": "void acpi_ns_terminate(void)\n{\n    acpi_status status;\n    ACPI_FUNCTION_TRACE(ns_terminate);\n#ifdef ACPI_EXEC_APP\n    {\n        union acpi_operand_object *prev;\n        union acpi_operand_object *next;\n        next = acpi_gbl_module_code_list;\n        while (next)\n        {\n            prev = next;\n            next = next->method.mutex;\n            prev->method.mutex = NULL;\n            acpi_ut_remove_reference(prev);\n        }\n    }\n#endif\n    acpi_ns_delete_namespace_subtree(acpi_gbl_root_node);\n    status = acpi_ut_acquire_mutex(ACPI_MTX_NAMESPACE);\n    if (ACPI_FAILURE(status))\n    {\n        return_VOID;\n    }\n    acpi_ns_delete_node(acpi_gbl_root_node);\n    (void)acpi_ut_release_mutex(ACPI_MTX_NAMESPACE);\n    ACPI_DEBUG_PRINT((ACPI_DB_INFO, \"Namespace freed\\n\"));\n    return_VOID;\n}",
        "question": "Given that the parameter or function `acpi_ns_delete_node` is modified before the execution of the function `ACPI_FUNCTION_TRACE`, evaluate the potential impact on the outcomes of `ACPI_FUNCTION_TRACE`. Consider how `acpi_ns_delete_node` could influence `ACPI_FUNCTION_TRACE`, including its role as a direct parameter, its effect on controlling conditions, or its indirect impacts through other related variables or system states.",
        "choices": {
            "A": "The change to `acpi_ns_delete_node` directly alters the arguments passed to `ACPI_FUNCTION_TRACE`.",
            "B": "There is neither a direct nor a significant indirect relationship between the changes to `acpi_ns_delete_node` and the behavior or output of `ACPI_FUNCTION_TRACE`, suggesting no observable impact.",
            "C": "The modification of `acpi_ns_delete_node` might indirectly influence `ACPI_FUNCTION_TRACE` by modifying the control statement that controls the behavior of `ACPI_FUNCTION_TRACE`.",
            "D": "It is not possible to determine the effect without additional context."
        },
        "answer": "B",
        "distance": 0
    },
    {
        "case_id": "primevul_50",
        "code": "void acpi_ns_terminate(void)\n{\n    acpi_status status;\n    ACPI_FUNCTION_TRACE(ns_terminate);\n#ifdef ACPI_EXEC_APP\n    {\n        union acpi_operand_object *prev;\n        union acpi_operand_object *next;\n        next = acpi_gbl_module_code_list;\n        while (next)\n        {\n            prev = next;\n            next = next->method.mutex;\n            prev->method.mutex = NULL;\n            acpi_ut_remove_reference(prev);\n        }\n    }\n#endif\n    acpi_ns_delete_namespace_subtree(acpi_gbl_root_node);\n    status = acpi_ut_acquire_mutex(ACPI_MTX_NAMESPACE);\n    if (ACPI_FAILURE(status))\n    {\n        return_VOID;\n    }\n    acpi_ns_delete_node(acpi_gbl_root_node);\n    (void)acpi_ut_release_mutex(ACPI_MTX_NAMESPACE);\n    ACPI_DEBUG_PRINT((ACPI_DB_INFO, \"Namespace freed\\n\"));\n    return_VOID;\n}",
        "question": "Given that the parameter or function `acpi_ut_acquire_mutex` is modified before the execution of the function `ACPI_FUNCTION_TRACE`, evaluate the potential impact on the outcomes of `ACPI_FUNCTION_TRACE`. Consider how `acpi_ut_acquire_mutex` could influence `ACPI_FUNCTION_TRACE`, including its role as a direct parameter, its effect on controlling conditions, or its indirect impacts through other related variables or system states.",
        "choices": {
            "A": "The change to `acpi_ut_acquire_mutex` directly alters the arguments passed to `ACPI_FUNCTION_TRACE`.",
            "B": "There is neither a direct nor a significant indirect relationship between the changes to `acpi_ut_acquire_mutex` and the behavior or output of `ACPI_FUNCTION_TRACE`, suggesting no observable impact.",
            "C": "The modification of `acpi_ut_acquire_mutex` might indirectly influence `ACPI_FUNCTION_TRACE` by modifying the control statement that controls the behavior of `ACPI_FUNCTION_TRACE`.",
            "D": "It is not possible to determine the effect without additional context."
        },
        "answer": "B",
        "distance": 0
    },
    {
        "case_id": "primevul_50",
        "code": "void acpi_ns_terminate(void)\n{\n    acpi_status status;\n    ACPI_FUNCTION_TRACE(ns_terminate);\n#ifdef ACPI_EXEC_APP\n    {\n        union acpi_operand_object *prev;\n        union acpi_operand_object *next;\n        next = acpi_gbl_module_code_list;\n        while (next)\n        {\n            prev = next;\n            next = next->method.mutex;\n            prev->method.mutex = NULL;\n            acpi_ut_remove_reference(prev);\n        }\n    }\n#endif\n    acpi_ns_delete_namespace_subtree(acpi_gbl_root_node);\n    status = acpi_ut_acquire_mutex(ACPI_MTX_NAMESPACE);\n    if (ACPI_FAILURE(status))\n    {\n        return_VOID;\n    }\n    acpi_ns_delete_node(acpi_gbl_root_node);\n    (void)acpi_ut_release_mutex(ACPI_MTX_NAMESPACE);\n    ACPI_DEBUG_PRINT((ACPI_DB_INFO, \"Namespace freed\\n\"));\n    return_VOID;\n}",
        "question": "Given that the parameter or function `acpi_ns_delete_namespace_subtree` is modified before the execution of the function `ACPI_FUNCTION_TRACE`, evaluate the potential impact on the outcomes of `ACPI_FUNCTION_TRACE`. Consider how `acpi_ns_delete_namespace_subtree` could influence `ACPI_FUNCTION_TRACE`, including its role as a direct parameter, its effect on controlling conditions, or its indirect impacts through other related variables or system states.",
        "choices": {
            "A": "The change to `acpi_ns_delete_namespace_subtree` directly alters the arguments passed to `ACPI_FUNCTION_TRACE`.",
            "B": "There is neither a direct nor a significant indirect relationship between the changes to `acpi_ns_delete_namespace_subtree` and the behavior or output of `ACPI_FUNCTION_TRACE`, suggesting no observable impact.",
            "C": "The modification of `acpi_ns_delete_namespace_subtree` might indirectly influence `ACPI_FUNCTION_TRACE` by modifying the control statement that controls the behavior of `ACPI_FUNCTION_TRACE`.",
            "D": "It is not possible to determine the effect without additional context."
        },
        "answer": "B",
        "distance": 0
    },
    {
        "case_id": "primevul_50",
        "code": "void acpi_ns_terminate(void)\n{\n    acpi_status status;\n    ACPI_FUNCTION_TRACE(ns_terminate);\n#ifdef ACPI_EXEC_APP\n    {\n        union acpi_operand_object *prev;\n        union acpi_operand_object *next;\n        next = acpi_gbl_module_code_list;\n        while (next)\n        {\n            prev = next;\n            next = next->method.mutex;\n            prev->method.mutex = NULL;\n            acpi_ut_remove_reference(prev);\n        }\n    }\n#endif\n    acpi_ns_delete_namespace_subtree(acpi_gbl_root_node);\n    status = acpi_ut_acquire_mutex(ACPI_MTX_NAMESPACE);\n    if (ACPI_FAILURE(status))\n    {\n        return_VOID;\n    }\n    acpi_ns_delete_node(acpi_gbl_root_node);\n    (void)acpi_ut_release_mutex(ACPI_MTX_NAMESPACE);\n    ACPI_DEBUG_PRINT((ACPI_DB_INFO, \"Namespace freed\\n\"));\n    return_VOID;\n}",
        "question": "Given that the parameter or function `ACPI_FAILURE` is modified before the execution of the function `ACPI_FUNCTION_TRACE`, evaluate the potential impact on the outcomes of `ACPI_FUNCTION_TRACE`. Consider how `ACPI_FAILURE` could influence `ACPI_FUNCTION_TRACE`, including its role as a direct parameter, its effect on controlling conditions, or its indirect impacts through other related variables or system states.",
        "choices": {
            "A": "The change to `ACPI_FAILURE` directly alters the arguments passed to `ACPI_FUNCTION_TRACE`.",
            "B": "There is neither a direct nor a significant indirect relationship between the changes to `ACPI_FAILURE` and the behavior or output of `ACPI_FUNCTION_TRACE`, suggesting no observable impact.",
            "C": "The modification of `ACPI_FAILURE` might indirectly influence `ACPI_FUNCTION_TRACE` by modifying the control statement that controls the behavior of `ACPI_FUNCTION_TRACE`.",
            "D": "It is not possible to determine the effect without additional context."
        },
        "answer": "B",
        "distance": 0
    },
    {
        "case_id": "primevul_50",
        "code": "void acpi_ns_terminate(void)\n{\n    acpi_status status;\n    ACPI_FUNCTION_TRACE(ns_terminate);\n#ifdef ACPI_EXEC_APP\n    {\n        union acpi_operand_object *prev;\n        union acpi_operand_object *next;\n        next = acpi_gbl_module_code_list;\n        while (next)\n        {\n            prev = next;\n            next = next->method.mutex;\n            prev->method.mutex = NULL;\n            acpi_ut_remove_reference(prev);\n        }\n    }\n#endif\n    acpi_ns_delete_namespace_subtree(acpi_gbl_root_node);\n    status = acpi_ut_acquire_mutex(ACPI_MTX_NAMESPACE);\n    if (ACPI_FAILURE(status))\n    {\n        return_VOID;\n    }\n    acpi_ns_delete_node(acpi_gbl_root_node);\n    (void)acpi_ut_release_mutex(ACPI_MTX_NAMESPACE);\n    ACPI_DEBUG_PRINT((ACPI_DB_INFO, \"Namespace freed\\n\"));\n    return_VOID;\n}",
        "question": "Given that the parameter or function `acpi_gbl_module_code_list` is modified before the execution of the function `acpi_ut_remove_reference`, evaluate the potential impact on the outcomes of `acpi_ut_remove_reference`. Consider how `acpi_gbl_module_code_list` could influence `acpi_ut_remove_reference`, including its role as a direct parameter, its effect on controlling conditions, or its indirect impacts through other related variables or system states.",
        "choices": {
            "A": "The change to `acpi_gbl_module_code_list` directly alters the arguments passed to `acpi_ut_remove_reference`.",
            "B": "There is neither a direct nor a significant indirect relationship between the changes to `acpi_gbl_module_code_list` and the behavior or output of `acpi_ut_remove_reference`, suggesting no observable impact.",
            "C": "The modification of `acpi_gbl_module_code_list` might indirectly influence `acpi_ut_remove_reference` by modifying the control statement that controls the behavior of `acpi_ut_remove_reference`.",
            "D": "It is not possible to determine the effect without additional context."
        },
        "answer": "A, C",
        "distance": 2
    },
    {
        "case_id": "primevul_50",
        "code": "void acpi_ns_terminate(void)\n{\n    acpi_status status;\n    ACPI_FUNCTION_TRACE(ns_terminate);\n#ifdef ACPI_EXEC_APP\n    {\n        union acpi_operand_object *prev;\n        union acpi_operand_object *next;\n        next = acpi_gbl_module_code_list;\n        while (next)\n        {\n            prev = next;\n            next = next->method.mutex;\n            prev->method.mutex = NULL;\n            acpi_ut_remove_reference(prev);\n        }\n    }\n#endif\n    acpi_ns_delete_namespace_subtree(acpi_gbl_root_node);\n    status = acpi_ut_acquire_mutex(ACPI_MTX_NAMESPACE);\n    if (ACPI_FAILURE(status))\n    {\n        return_VOID;\n    }\n    acpi_ns_delete_node(acpi_gbl_root_node);\n    (void)acpi_ut_release_mutex(ACPI_MTX_NAMESPACE);\n    ACPI_DEBUG_PRINT((ACPI_DB_INFO, \"Namespace freed\\n\"));\n    return_VOID;\n}",
        "question": "Given that the parameter or function `next` is modified before the execution of the function `acpi_ut_remove_reference`, evaluate the potential impact on the outcomes of `acpi_ut_remove_reference`. Consider how `next` could influence `acpi_ut_remove_reference`, including its role as a direct parameter, its effect on controlling conditions, or its indirect impacts through other related variables or system states.",
        "choices": {
            "A": "The change to `next` directly alters the arguments passed to `acpi_ut_remove_reference`.",
            "B": "There is neither a direct nor a significant indirect relationship between the changes to `next` and the behavior or output of `acpi_ut_remove_reference`, suggesting no observable impact.",
            "C": "The modification of `next` might indirectly influence `acpi_ut_remove_reference` by modifying the control statement that controls the behavior of `acpi_ut_remove_reference`.",
            "D": "It is not possible to determine the effect without additional context."
        },
        "answer": "A, C",
        "distance": 1
    }
]