[
    {
        "case_id": "primevul_32",
        "code": "SSL_SESSION *ssl_session_dup(SSL_SESSION *src, int ticket)\n{\n    SSL_SESSION *dest;\n    dest = OPENSSL_malloc(sizeof(*src));\n    if (dest == NULL)\n    {\n        goto err;\n    }\n    memcpy(dest, src, sizeof(*dest));\n#ifndef OPENSSL_NO_PSK\n    if (src->psk_identity_hint)\n    {\n        dest->psk_identity_hint = BUF_strdup(src->psk_identity_hint);\n        if (dest->psk_identity_hint == NULL)\n        {\n            goto err;\n        }\n    }\n    else\n    {\n        dest->psk_identity_hint = NULL;\n    }\n    if (src->psk_identity)\n    {\n        dest->psk_identity = BUF_strdup(src->psk_identity);\n        if (dest->psk_identity == NULL)\n        {\n            goto err;\n        }\n    }\n    else\n    {\n        dest->psk_identity = NULL;\n    }\n#endif\n    if (src->sess_cert != NULL)\n    {\n        CRYPTO_add(&src->sess_cert->references, 1, CRYPTO_LOCK_SSL_SESS_CERT);\n    }\n    if (src->peer != NULL)\n    {\n        CRYPTO_add(&src->peer->references, 1, CRYPTO_LOCK_X509);\n    }\n    dest->references = 1;\n    if(src->ciphers != NULL)\n    {\n        dest->ciphers = sk_SSL_CIPHER_dup(src->ciphers);\n        if (dest->ciphers == NULL)\n        {\n            goto err;\n        }\n    }\n    else\n    {\n        dest->ciphers = NULL;\n    }\n    if (!CRYPTO_dup_ex_data(CRYPTO_EX_INDEX_SSL_SESSION, &dest->ex_data, &src->ex_data))\n    {\n        goto err;\n    }\n    dest->prev = NULL;\n    dest->next = NULL;\n#ifndef OPENSSL_NO_TLSEXT\n    if (src->tlsext_hostname)\n    {\n        dest->tlsext_hostname = BUF_strdup(src->tlsext_hostname);\n        if (dest->tlsext_hostname == NULL)\n        {\n            goto err;\n        }\n    }\n    else\n    {\n        dest->tlsext_hostname = NULL;\n    }\n# ifndef OPENSSL_NO_EC\n    if (src->tlsext_ecpointformatlist)\n    {\n        dest->tlsext_ecpointformatlist = BUF_memdup(src->tlsext_ecpointformatlist, src->tlsext_ecpointformatlist_length);\n        if (dest->tlsext_ecpointformatlist == NULL)\n        {\n            goto err;\n        }\n        dest->tlsext_ecpointformatlist_length = src->tlsext_ecpointformatlist_length;\n    }\n    if (src->tlsext_ellipticcurvelist)\n    {\n        dest->tlsext_ellipticcurvelist = BUF_memdup(src->tlsext_ellipticcurvelist, src->tlsext_ellipticcurvelist_length);\n        if (dest->tlsext_ellipticcurvelist == NULL)\n        {\n            goto err;\n        }\n        dest->tlsext_ellipticcurvelist_length = src->tlsext_ellipticcurvelist_length;\n    }\n# endif\n#endif\n    if (ticket != 0)\n    {\n        dest->tlsext_tick_lifetime_hint = src->tlsext_tick_lifetime_hint;\n        dest->tlsext_ticklen = src->tlsext_ticklen;\n        if((dest->tlsext_tick = OPENSSL_malloc(src->tlsext_ticklen)) == NULL)\n        {\n            goto err;\n        }\n    }\n#ifndef OPENSSL_NO_SRP\n    dest->srp_username = NULL;\n    if (src->srp_username)\n    {\n        dest->srp_username = BUF_strdup(src->srp_username);\n        if (dest->srp_username == NULL)\n        {\n            goto err;\n        }\n    }\n    else\n    {\n        dest->srp_username = NULL;\n    }\n#endif\n    return dest;\nerr:\n    SSLerr(SSL_F_SSL_SESSION_DUP, ERR_R_MALLOC_FAILURE);\n    SSL_SESSION_free(dest);\n    return NULL;\n}\n",
        "question": "Given that the parameter or function `OPENSSL_malloc` is modified before the execution of the function `memcpy`, evaluate the potential impact on the outcomes of `memcpy`. Consider how `OPENSSL_malloc` could influence `memcpy`, including its role as a direct parameter, its effect on controlling conditions, or its indirect impacts through other related variables or system states.",
        "choices": {
            "A": "The change to `OPENSSL_malloc` directly alters the arguments passed to `memcpy`.",
            "B": "There is neither a direct nor a significant indirect relationship between the changes to `OPENSSL_malloc` and the behavior or output of `memcpy`, suggesting no observable impact.",
            "C": "The modification of `OPENSSL_malloc` might indirectly influence `memcpy` by modifying the control statement that controls the behavior of `memcpy`.",
            "D": "It is not possible to determine the effect without additional context."
        },
        "answer": "A",
        "distance": 1
    },
    {
        "case_id": "primevul_32",
        "code": "SSL_SESSION *ssl_session_dup(SSL_SESSION *src, int ticket)\n{\n    SSL_SESSION *dest;\n    dest = OPENSSL_malloc(sizeof(*src));\n    if (dest == NULL)\n    {\n        goto err;\n    }\n    memcpy(dest, src, sizeof(*dest));\n#ifndef OPENSSL_NO_PSK\n    if (src->psk_identity_hint)\n    {\n        dest->psk_identity_hint = BUF_strdup(src->psk_identity_hint);\n        if (dest->psk_identity_hint == NULL)\n        {\n            goto err;\n        }\n    }\n    else\n    {\n        dest->psk_identity_hint = NULL;\n    }\n    if (src->psk_identity)\n    {\n        dest->psk_identity = BUF_strdup(src->psk_identity);\n        if (dest->psk_identity == NULL)\n        {\n            goto err;\n        }\n    }\n    else\n    {\n        dest->psk_identity = NULL;\n    }\n#endif\n    if (src->sess_cert != NULL)\n    {\n        CRYPTO_add(&src->sess_cert->references, 1, CRYPTO_LOCK_SSL_SESS_CERT);\n    }\n    if (src->peer != NULL)\n    {\n        CRYPTO_add(&src->peer->references, 1, CRYPTO_LOCK_X509);\n    }\n    dest->references = 1;\n    if(src->ciphers != NULL)\n    {\n        dest->ciphers = sk_SSL_CIPHER_dup(src->ciphers);\n        if (dest->ciphers == NULL)\n        {\n            goto err;\n        }\n    }\n    else\n    {\n        dest->ciphers = NULL;\n    }\n    if (!CRYPTO_dup_ex_data(CRYPTO_EX_INDEX_SSL_SESSION, &dest->ex_data, &src->ex_data))\n    {\n        goto err;\n    }\n    dest->prev = NULL;\n    dest->next = NULL;\n#ifndef OPENSSL_NO_TLSEXT\n    if (src->tlsext_hostname)\n    {\n        dest->tlsext_hostname = BUF_strdup(src->tlsext_hostname);\n        if (dest->tlsext_hostname == NULL)\n        {\n            goto err;\n        }\n    }\n    else\n    {\n        dest->tlsext_hostname = NULL;\n    }\n# ifndef OPENSSL_NO_EC\n    if (src->tlsext_ecpointformatlist)\n    {\n        dest->tlsext_ecpointformatlist = BUF_memdup(src->tlsext_ecpointformatlist, src->tlsext_ecpointformatlist_length);\n        if (dest->tlsext_ecpointformatlist == NULL)\n        {\n            goto err;\n        }\n        dest->tlsext_ecpointformatlist_length = src->tlsext_ecpointformatlist_length;\n    }\n    if (src->tlsext_ellipticcurvelist)\n    {\n        dest->tlsext_ellipticcurvelist = BUF_memdup(src->tlsext_ellipticcurvelist, src->tlsext_ellipticcurvelist_length);\n        if (dest->tlsext_ellipticcurvelist == NULL)\n        {\n            goto err;\n        }\n        dest->tlsext_ellipticcurvelist_length = src->tlsext_ellipticcurvelist_length;\n    }\n# endif\n#endif\n    if (ticket != 0)\n    {\n        dest->tlsext_tick_lifetime_hint = src->tlsext_tick_lifetime_hint;\n        dest->tlsext_ticklen = src->tlsext_ticklen;\n        if((dest->tlsext_tick = OPENSSL_malloc(src->tlsext_ticklen)) == NULL)\n        {\n            goto err;\n        }\n    }\n#ifndef OPENSSL_NO_SRP\n    dest->srp_username = NULL;\n    if (src->srp_username)\n    {\n        dest->srp_username = BUF_strdup(src->srp_username);\n        if (dest->srp_username == NULL)\n        {\n            goto err;\n        }\n    }\n    else\n    {\n        dest->srp_username = NULL;\n    }\n#endif\n    return dest;\nerr:\n    SSLerr(SSL_F_SSL_SESSION_DUP, ERR_R_MALLOC_FAILURE);\n    SSL_SESSION_free(dest);\n    return NULL;\n}\n",
        "question": "Given that the parameter or function `dest` is modified before the execution of the function `memcpy`, evaluate the potential impact on the outcomes of `memcpy`. Consider how `dest` could influence `memcpy`, including its role as a direct parameter, its effect on controlling conditions, or its indirect impacts through other related variables or system states.",
        "choices": {
            "A": "The change to `dest` directly alters the arguments passed to `memcpy`.",
            "B": "There is neither a direct nor a significant indirect relationship between the changes to `dest` and the behavior or output of `memcpy`, suggesting no observable impact.",
            "C": "The modification of `dest` might indirectly influence `memcpy` by modifying the control statement that controls the behavior of `memcpy`.",
            "D": "It is not possible to determine the effect without additional context."
        },
        "answer": "A",
        "distance": 1
    },
    {
        "case_id": "primevul_32",
        "code": "SSL_SESSION *ssl_session_dup(SSL_SESSION *src, int ticket)\n{\n    SSL_SESSION *dest;\n    dest = OPENSSL_malloc(sizeof(*src));\n    if (dest == NULL)\n    {\n        goto err;\n    }\n    memcpy(dest, src, sizeof(*dest));\n#ifndef OPENSSL_NO_PSK\n    if (src->psk_identity_hint)\n    {\n        dest->psk_identity_hint = BUF_strdup(src->psk_identity_hint);\n        if (dest->psk_identity_hint == NULL)\n        {\n            goto err;\n        }\n    }\n    else\n    {\n        dest->psk_identity_hint = NULL;\n    }\n    if (src->psk_identity)\n    {\n        dest->psk_identity = BUF_strdup(src->psk_identity);\n        if (dest->psk_identity == NULL)\n        {\n            goto err;\n        }\n    }\n    else\n    {\n        dest->psk_identity = NULL;\n    }\n#endif\n    if (src->sess_cert != NULL)\n    {\n        CRYPTO_add(&src->sess_cert->references, 1, CRYPTO_LOCK_SSL_SESS_CERT);\n    }\n    if (src->peer != NULL)\n    {\n        CRYPTO_add(&src->peer->references, 1, CRYPTO_LOCK_X509);\n    }\n    dest->references = 1;\n    if(src->ciphers != NULL)\n    {\n        dest->ciphers = sk_SSL_CIPHER_dup(src->ciphers);\n        if (dest->ciphers == NULL)\n        {\n            goto err;\n        }\n    }\n    else\n    {\n        dest->ciphers = NULL;\n    }\n    if (!CRYPTO_dup_ex_data(CRYPTO_EX_INDEX_SSL_SESSION, &dest->ex_data, &src->ex_data))\n    {\n        goto err;\n    }\n    dest->prev = NULL;\n    dest->next = NULL;\n#ifndef OPENSSL_NO_TLSEXT\n    if (src->tlsext_hostname)\n    {\n        dest->tlsext_hostname = BUF_strdup(src->tlsext_hostname);\n        if (dest->tlsext_hostname == NULL)\n        {\n            goto err;\n        }\n    }\n    else\n    {\n        dest->tlsext_hostname = NULL;\n    }\n# ifndef OPENSSL_NO_EC\n    if (src->tlsext_ecpointformatlist)\n    {\n        dest->tlsext_ecpointformatlist = BUF_memdup(src->tlsext_ecpointformatlist, src->tlsext_ecpointformatlist_length);\n        if (dest->tlsext_ecpointformatlist == NULL)\n        {\n            goto err;\n        }\n        dest->tlsext_ecpointformatlist_length = src->tlsext_ecpointformatlist_length;\n    }\n    if (src->tlsext_ellipticcurvelist)\n    {\n        dest->tlsext_ellipticcurvelist = BUF_memdup(src->tlsext_ellipticcurvelist, src->tlsext_ellipticcurvelist_length);\n        if (dest->tlsext_ellipticcurvelist == NULL)\n        {\n            goto err;\n        }\n        dest->tlsext_ellipticcurvelist_length = src->tlsext_ellipticcurvelist_length;\n    }\n# endif\n#endif\n    if (ticket != 0)\n    {\n        dest->tlsext_tick_lifetime_hint = src->tlsext_tick_lifetime_hint;\n        dest->tlsext_ticklen = src->tlsext_ticklen;\n        if((dest->tlsext_tick = OPENSSL_malloc(src->tlsext_ticklen)) == NULL)\n        {\n            goto err;\n        }\n    }\n#ifndef OPENSSL_NO_SRP\n    dest->srp_username = NULL;\n    if (src->srp_username)\n    {\n        dest->srp_username = BUF_strdup(src->srp_username);\n        if (dest->srp_username == NULL)\n        {\n            goto err;\n        }\n    }\n    else\n    {\n        dest->srp_username = NULL;\n    }\n#endif\n    return dest;\nerr:\n    SSLerr(SSL_F_SSL_SESSION_DUP, ERR_R_MALLOC_FAILURE);\n    SSL_SESSION_free(dest);\n    return NULL;\n}\n",
        "question": "Given that the parameter or function `src` is modified before the execution of the function `memcpy`, evaluate the potential impact on the outcomes of `memcpy`. Consider how `src` could influence `memcpy`, including its role as a direct parameter, its effect on controlling conditions, or its indirect impacts through other related variables or system states.",
        "choices": {
            "A": "The change to `src` directly alters the arguments passed to `memcpy`.",
            "B": "There is neither a direct nor a significant indirect relationship between the changes to `src` and the behavior or output of `memcpy`, suggesting no observable impact.",
            "C": "The modification of `src` might indirectly influence `memcpy` by modifying the control statement that controls the behavior of `memcpy`.",
            "D": "It is not possible to determine the effect without additional context."
        },
        "answer": "A",
        "distance": 1
    },
    {
        "case_id": "primevul_32",
        "code": "SSL_SESSION *ssl_session_dup(SSL_SESSION *src, int ticket)\n{\n    SSL_SESSION *dest;\n    dest = OPENSSL_malloc(sizeof(*src));\n    if (dest == NULL)\n    {\n        goto err;\n    }\n    memcpy(dest, src, sizeof(*dest));\n#ifndef OPENSSL_NO_PSK\n    if (src->psk_identity_hint)\n    {\n        dest->psk_identity_hint = BUF_strdup(src->psk_identity_hint);\n        if (dest->psk_identity_hint == NULL)\n        {\n            goto err;\n        }\n    }\n    else\n    {\n        dest->psk_identity_hint = NULL;\n    }\n    if (src->psk_identity)\n    {\n        dest->psk_identity = BUF_strdup(src->psk_identity);\n        if (dest->psk_identity == NULL)\n        {\n            goto err;\n        }\n    }\n    else\n    {\n        dest->psk_identity = NULL;\n    }\n#endif\n    if (src->sess_cert != NULL)\n    {\n        CRYPTO_add(&src->sess_cert->references, 1, CRYPTO_LOCK_SSL_SESS_CERT);\n    }\n    if (src->peer != NULL)\n    {\n        CRYPTO_add(&src->peer->references, 1, CRYPTO_LOCK_X509);\n    }\n    dest->references = 1;\n    if(src->ciphers != NULL)\n    {\n        dest->ciphers = sk_SSL_CIPHER_dup(src->ciphers);\n        if (dest->ciphers == NULL)\n        {\n            goto err;\n        }\n    }\n    else\n    {\n        dest->ciphers = NULL;\n    }\n    if (!CRYPTO_dup_ex_data(CRYPTO_EX_INDEX_SSL_SESSION, &dest->ex_data, &src->ex_data))\n    {\n        goto err;\n    }\n    dest->prev = NULL;\n    dest->next = NULL;\n#ifndef OPENSSL_NO_TLSEXT\n    if (src->tlsext_hostname)\n    {\n        dest->tlsext_hostname = BUF_strdup(src->tlsext_hostname);\n        if (dest->tlsext_hostname == NULL)\n        {\n            goto err;\n        }\n    }\n    else\n    {\n        dest->tlsext_hostname = NULL;\n    }\n# ifndef OPENSSL_NO_EC\n    if (src->tlsext_ecpointformatlist)\n    {\n        dest->tlsext_ecpointformatlist = BUF_memdup(src->tlsext_ecpointformatlist, src->tlsext_ecpointformatlist_length);\n        if (dest->tlsext_ecpointformatlist == NULL)\n        {\n            goto err;\n        }\n        dest->tlsext_ecpointformatlist_length = src->tlsext_ecpointformatlist_length;\n    }\n    if (src->tlsext_ellipticcurvelist)\n    {\n        dest->tlsext_ellipticcurvelist = BUF_memdup(src->tlsext_ellipticcurvelist, src->tlsext_ellipticcurvelist_length);\n        if (dest->tlsext_ellipticcurvelist == NULL)\n        {\n            goto err;\n        }\n        dest->tlsext_ellipticcurvelist_length = src->tlsext_ellipticcurvelist_length;\n    }\n# endif\n#endif\n    if (ticket != 0)\n    {\n        dest->tlsext_tick_lifetime_hint = src->tlsext_tick_lifetime_hint;\n        dest->tlsext_ticklen = src->tlsext_ticklen;\n        if((dest->tlsext_tick = OPENSSL_malloc(src->tlsext_ticklen)) == NULL)\n        {\n            goto err;\n        }\n    }\n#ifndef OPENSSL_NO_SRP\n    dest->srp_username = NULL;\n    if (src->srp_username)\n    {\n        dest->srp_username = BUF_strdup(src->srp_username);\n        if (dest->srp_username == NULL)\n        {\n            goto err;\n        }\n    }\n    else\n    {\n        dest->srp_username = NULL;\n    }\n#endif\n    return dest;\nerr:\n    SSLerr(SSL_F_SSL_SESSION_DUP, ERR_R_MALLOC_FAILURE);\n    SSL_SESSION_free(dest);\n    return NULL;\n}\n",
        "question": "Given that the parameter or function `src->ciphers` is modified before the execution of the function `sk_SSL_CIPHER_dup`, evaluate the potential impact on the outcomes of `sk_SSL_CIPHER_dup`. Consider how `src->ciphers` could influence `sk_SSL_CIPHER_dup`, including its role as a direct parameter, its effect on controlling conditions, or its indirect impacts through other related variables or system states.",
        "choices": {
            "A": "The change to `src->ciphers` directly alters the arguments passed to `sk_SSL_CIPHER_dup`.",
            "B": "There is neither a direct nor a significant indirect relationship between the changes to `src->ciphers` and the behavior or output of `sk_SSL_CIPHER_dup`, suggesting no observable impact.",
            "C": "The modification of `src->ciphers` might indirectly influence `sk_SSL_CIPHER_dup` by modifying the control statement that controls the behavior of `sk_SSL_CIPHER_dup`.",
            "D": "It is not possible to determine the effect without additional context."
        },
        "answer": "A",
        "distance": 1
    },
    {
        "case_id": "primevul_32",
        "code": "SSL_SESSION *ssl_session_dup(SSL_SESSION *src, int ticket)\n{\n    SSL_SESSION *dest;\n    dest = OPENSSL_malloc(sizeof(*src));\n    if (dest == NULL)\n    {\n        goto err;\n    }\n    memcpy(dest, src, sizeof(*dest));\n#ifndef OPENSSL_NO_PSK\n    if (src->psk_identity_hint)\n    {\n        dest->psk_identity_hint = BUF_strdup(src->psk_identity_hint);\n        if (dest->psk_identity_hint == NULL)\n        {\n            goto err;\n        }\n    }\n    else\n    {\n        dest->psk_identity_hint = NULL;\n    }\n    if (src->psk_identity)\n    {\n        dest->psk_identity = BUF_strdup(src->psk_identity);\n        if (dest->psk_identity == NULL)\n        {\n            goto err;\n        }\n    }\n    else\n    {\n        dest->psk_identity = NULL;\n    }\n#endif\n    if (src->sess_cert != NULL)\n    {\n        CRYPTO_add(&src->sess_cert->references, 1, CRYPTO_LOCK_SSL_SESS_CERT);\n    }\n    if (src->peer != NULL)\n    {\n        CRYPTO_add(&src->peer->references, 1, CRYPTO_LOCK_X509);\n    }\n    dest->references = 1;\n    if(src->ciphers != NULL)\n    {\n        dest->ciphers = sk_SSL_CIPHER_dup(src->ciphers);\n        if (dest->ciphers == NULL)\n        {\n            goto err;\n        }\n    }\n    else\n    {\n        dest->ciphers = NULL;\n    }\n    if (!CRYPTO_dup_ex_data(CRYPTO_EX_INDEX_SSL_SESSION, &dest->ex_data, &src->ex_data))\n    {\n        goto err;\n    }\n    dest->prev = NULL;\n    dest->next = NULL;\n#ifndef OPENSSL_NO_TLSEXT\n    if (src->tlsext_hostname)\n    {\n        dest->tlsext_hostname = BUF_strdup(src->tlsext_hostname);\n        if (dest->tlsext_hostname == NULL)\n        {\n            goto err;\n        }\n    }\n    else\n    {\n        dest->tlsext_hostname = NULL;\n    }\n# ifndef OPENSSL_NO_EC\n    if (src->tlsext_ecpointformatlist)\n    {\n        dest->tlsext_ecpointformatlist = BUF_memdup(src->tlsext_ecpointformatlist, src->tlsext_ecpointformatlist_length);\n        if (dest->tlsext_ecpointformatlist == NULL)\n        {\n            goto err;\n        }\n        dest->tlsext_ecpointformatlist_length = src->tlsext_ecpointformatlist_length;\n    }\n    if (src->tlsext_ellipticcurvelist)\n    {\n        dest->tlsext_ellipticcurvelist = BUF_memdup(src->tlsext_ellipticcurvelist, src->tlsext_ellipticcurvelist_length);\n        if (dest->tlsext_ellipticcurvelist == NULL)\n        {\n            goto err;\n        }\n        dest->tlsext_ellipticcurvelist_length = src->tlsext_ellipticcurvelist_length;\n    }\n# endif\n#endif\n    if (ticket != 0)\n    {\n        dest->tlsext_tick_lifetime_hint = src->tlsext_tick_lifetime_hint;\n        dest->tlsext_ticklen = src->tlsext_ticklen;\n        if((dest->tlsext_tick = OPENSSL_malloc(src->tlsext_ticklen)) == NULL)\n        {\n            goto err;\n        }\n    }\n#ifndef OPENSSL_NO_SRP\n    dest->srp_username = NULL;\n    if (src->srp_username)\n    {\n        dest->srp_username = BUF_strdup(src->srp_username);\n        if (dest->srp_username == NULL)\n        {\n            goto err;\n        }\n    }\n    else\n    {\n        dest->srp_username = NULL;\n    }\n#endif\n    return dest;\nerr:\n    SSLerr(SSL_F_SSL_SESSION_DUP, ERR_R_MALLOC_FAILURE);\n    SSL_SESSION_free(dest);\n    return NULL;\n}\n",
        "question": "Given that the parameter or function `sk_SSL_CIPHER_dup` is modified before the execution of the function `memcpy`, evaluate the potential impact on the outcomes of `memcpy`. Consider how `sk_SSL_CIPHER_dup` could influence `memcpy`, including its role as a direct parameter, its effect on controlling conditions, or its indirect impacts through other related variables or system states.",
        "choices": {
            "A": "The change to `sk_SSL_CIPHER_dup` directly alters the arguments passed to `memcpy`.",
            "B": "There is neither a direct nor a significant indirect relationship between the changes to `sk_SSL_CIPHER_dup` and the behavior or output of `memcpy`, suggesting no observable impact.",
            "C": "The modification of `sk_SSL_CIPHER_dup` might indirectly influence `memcpy` by modifying the control statement that controls the behavior of `memcpy`.",
            "D": "It is not possible to determine the effect without additional context."
        },
        "answer": "B",
        "distance": 0
    },
    {
        "case_id": "primevul_32",
        "code": "SSL_SESSION *ssl_session_dup(SSL_SESSION *src, int ticket)\n{\n    SSL_SESSION *dest;\n    dest = OPENSSL_malloc(sizeof(*src));\n    if (dest == NULL)\n    {\n        goto err;\n    }\n    memcpy(dest, src, sizeof(*dest));\n#ifndef OPENSSL_NO_PSK\n    if (src->psk_identity_hint)\n    {\n        dest->psk_identity_hint = BUF_strdup(src->psk_identity_hint);\n        if (dest->psk_identity_hint == NULL)\n        {\n            goto err;\n        }\n    }\n    else\n    {\n        dest->psk_identity_hint = NULL;\n    }\n    if (src->psk_identity)\n    {\n        dest->psk_identity = BUF_strdup(src->psk_identity);\n        if (dest->psk_identity == NULL)\n        {\n            goto err;\n        }\n    }\n    else\n    {\n        dest->psk_identity = NULL;\n    }\n#endif\n    if (src->sess_cert != NULL)\n    {\n        CRYPTO_add(&src->sess_cert->references, 1, CRYPTO_LOCK_SSL_SESS_CERT);\n    }\n    if (src->peer != NULL)\n    {\n        CRYPTO_add(&src->peer->references, 1, CRYPTO_LOCK_X509);\n    }\n    dest->references = 1;\n    if(src->ciphers != NULL)\n    {\n        dest->ciphers = sk_SSL_CIPHER_dup(src->ciphers);\n        if (dest->ciphers == NULL)\n        {\n            goto err;\n        }\n    }\n    else\n    {\n        dest->ciphers = NULL;\n    }\n    if (!CRYPTO_dup_ex_data(CRYPTO_EX_INDEX_SSL_SESSION, &dest->ex_data, &src->ex_data))\n    {\n        goto err;\n    }\n    dest->prev = NULL;\n    dest->next = NULL;\n#ifndef OPENSSL_NO_TLSEXT\n    if (src->tlsext_hostname)\n    {\n        dest->tlsext_hostname = BUF_strdup(src->tlsext_hostname);\n        if (dest->tlsext_hostname == NULL)\n        {\n            goto err;\n        }\n    }\n    else\n    {\n        dest->tlsext_hostname = NULL;\n    }\n# ifndef OPENSSL_NO_EC\n    if (src->tlsext_ecpointformatlist)\n    {\n        dest->tlsext_ecpointformatlist = BUF_memdup(src->tlsext_ecpointformatlist, src->tlsext_ecpointformatlist_length);\n        if (dest->tlsext_ecpointformatlist == NULL)\n        {\n            goto err;\n        }\n        dest->tlsext_ecpointformatlist_length = src->tlsext_ecpointformatlist_length;\n    }\n    if (src->tlsext_ellipticcurvelist)\n    {\n        dest->tlsext_ellipticcurvelist = BUF_memdup(src->tlsext_ellipticcurvelist, src->tlsext_ellipticcurvelist_length);\n        if (dest->tlsext_ellipticcurvelist == NULL)\n        {\n            goto err;\n        }\n        dest->tlsext_ellipticcurvelist_length = src->tlsext_ellipticcurvelist_length;\n    }\n# endif\n#endif\n    if (ticket != 0)\n    {\n        dest->tlsext_tick_lifetime_hint = src->tlsext_tick_lifetime_hint;\n        dest->tlsext_ticklen = src->tlsext_ticklen;\n        if((dest->tlsext_tick = OPENSSL_malloc(src->tlsext_ticklen)) == NULL)\n        {\n            goto err;\n        }\n    }\n#ifndef OPENSSL_NO_SRP\n    dest->srp_username = NULL;\n    if (src->srp_username)\n    {\n        dest->srp_username = BUF_strdup(src->srp_username);\n        if (dest->srp_username == NULL)\n        {\n            goto err;\n        }\n    }\n    else\n    {\n        dest->srp_username = NULL;\n    }\n#endif\n    return dest;\nerr:\n    SSLerr(SSL_F_SSL_SESSION_DUP, ERR_R_MALLOC_FAILURE);\n    SSL_SESSION_free(dest);\n    return NULL;\n}\n",
        "question": "Given that the parameter or function `SSL_SESSION_free` is modified before the execution of the function `memcpy`, evaluate the potential impact on the outcomes of `memcpy`. Consider how `SSL_SESSION_free` could influence `memcpy`, including its role as a direct parameter, its effect on controlling conditions, or its indirect impacts through other related variables or system states.",
        "choices": {
            "A": "The change to `SSL_SESSION_free` directly alters the arguments passed to `memcpy`.",
            "B": "There is neither a direct nor a significant indirect relationship between the changes to `SSL_SESSION_free` and the behavior or output of `memcpy`, suggesting no observable impact.",
            "C": "The modification of `SSL_SESSION_free` might indirectly influence `memcpy` by modifying the control statement that controls the behavior of `memcpy`.",
            "D": "It is not possible to determine the effect without additional context."
        },
        "answer": "B",
        "distance": 0
    },
    {
        "case_id": "primevul_32",
        "code": "SSL_SESSION *ssl_session_dup(SSL_SESSION *src, int ticket)\n{\n    SSL_SESSION *dest;\n    dest = OPENSSL_malloc(sizeof(*src));\n    if (dest == NULL)\n    {\n        goto err;\n    }\n    memcpy(dest, src, sizeof(*dest));\n#ifndef OPENSSL_NO_PSK\n    if (src->psk_identity_hint)\n    {\n        dest->psk_identity_hint = BUF_strdup(src->psk_identity_hint);\n        if (dest->psk_identity_hint == NULL)\n        {\n            goto err;\n        }\n    }\n    else\n    {\n        dest->psk_identity_hint = NULL;\n    }\n    if (src->psk_identity)\n    {\n        dest->psk_identity = BUF_strdup(src->psk_identity);\n        if (dest->psk_identity == NULL)\n        {\n            goto err;\n        }\n    }\n    else\n    {\n        dest->psk_identity = NULL;\n    }\n#endif\n    if (src->sess_cert != NULL)\n    {\n        CRYPTO_add(&src->sess_cert->references, 1, CRYPTO_LOCK_SSL_SESS_CERT);\n    }\n    if (src->peer != NULL)\n    {\n        CRYPTO_add(&src->peer->references, 1, CRYPTO_LOCK_X509);\n    }\n    dest->references = 1;\n    if(src->ciphers != NULL)\n    {\n        dest->ciphers = sk_SSL_CIPHER_dup(src->ciphers);\n        if (dest->ciphers == NULL)\n        {\n            goto err;\n        }\n    }\n    else\n    {\n        dest->ciphers = NULL;\n    }\n    if (!CRYPTO_dup_ex_data(CRYPTO_EX_INDEX_SSL_SESSION, &dest->ex_data, &src->ex_data))\n    {\n        goto err;\n    }\n    dest->prev = NULL;\n    dest->next = NULL;\n#ifndef OPENSSL_NO_TLSEXT\n    if (src->tlsext_hostname)\n    {\n        dest->tlsext_hostname = BUF_strdup(src->tlsext_hostname);\n        if (dest->tlsext_hostname == NULL)\n        {\n            goto err;\n        }\n    }\n    else\n    {\n        dest->tlsext_hostname = NULL;\n    }\n# ifndef OPENSSL_NO_EC\n    if (src->tlsext_ecpointformatlist)\n    {\n        dest->tlsext_ecpointformatlist = BUF_memdup(src->tlsext_ecpointformatlist, src->tlsext_ecpointformatlist_length);\n        if (dest->tlsext_ecpointformatlist == NULL)\n        {\n            goto err;\n        }\n        dest->tlsext_ecpointformatlist_length = src->tlsext_ecpointformatlist_length;\n    }\n    if (src->tlsext_ellipticcurvelist)\n    {\n        dest->tlsext_ellipticcurvelist = BUF_memdup(src->tlsext_ellipticcurvelist, src->tlsext_ellipticcurvelist_length);\n        if (dest->tlsext_ellipticcurvelist == NULL)\n        {\n            goto err;\n        }\n        dest->tlsext_ellipticcurvelist_length = src->tlsext_ellipticcurvelist_length;\n    }\n# endif\n#endif\n    if (ticket != 0)\n    {\n        dest->tlsext_tick_lifetime_hint = src->tlsext_tick_lifetime_hint;\n        dest->tlsext_ticklen = src->tlsext_ticklen;\n        if((dest->tlsext_tick = OPENSSL_malloc(src->tlsext_ticklen)) == NULL)\n        {\n            goto err;\n        }\n    }\n#ifndef OPENSSL_NO_SRP\n    dest->srp_username = NULL;\n    if (src->srp_username)\n    {\n        dest->srp_username = BUF_strdup(src->srp_username);\n        if (dest->srp_username == NULL)\n        {\n            goto err;\n        }\n    }\n    else\n    {\n        dest->srp_username = NULL;\n    }\n#endif\n    return dest;\nerr:\n    SSLerr(SSL_F_SSL_SESSION_DUP, ERR_R_MALLOC_FAILURE);\n    SSL_SESSION_free(dest);\n    return NULL;\n}\n",
        "question": "Given that the parameter or function `CRYPTO_dup_ex_data` is modified before the execution of the function `memcpy`, evaluate the potential impact on the outcomes of `memcpy`. Consider how `CRYPTO_dup_ex_data` could influence `memcpy`, including its role as a direct parameter, its effect on controlling conditions, or its indirect impacts through other related variables or system states.",
        "choices": {
            "A": "The change to `CRYPTO_dup_ex_data` directly alters the arguments passed to `memcpy`.",
            "B": "There is neither a direct nor a significant indirect relationship between the changes to `CRYPTO_dup_ex_data` and the behavior or output of `memcpy`, suggesting no observable impact.",
            "C": "The modification of `CRYPTO_dup_ex_data` might indirectly influence `memcpy` by modifying the control statement that controls the behavior of `memcpy`.",
            "D": "It is not possible to determine the effect without additional context."
        },
        "answer": "B",
        "distance": 0
    },
    {
        "case_id": "primevul_32",
        "code": "SSL_SESSION *ssl_session_dup(SSL_SESSION *src, int ticket)\n{\n    SSL_SESSION *dest;\n    dest = OPENSSL_malloc(sizeof(*src));\n    if (dest == NULL)\n    {\n        goto err;\n    }\n    memcpy(dest, src, sizeof(*dest));\n#ifndef OPENSSL_NO_PSK\n    if (src->psk_identity_hint)\n    {\n        dest->psk_identity_hint = BUF_strdup(src->psk_identity_hint);\n        if (dest->psk_identity_hint == NULL)\n        {\n            goto err;\n        }\n    }\n    else\n    {\n        dest->psk_identity_hint = NULL;\n    }\n    if (src->psk_identity)\n    {\n        dest->psk_identity = BUF_strdup(src->psk_identity);\n        if (dest->psk_identity == NULL)\n        {\n            goto err;\n        }\n    }\n    else\n    {\n        dest->psk_identity = NULL;\n    }\n#endif\n    if (src->sess_cert != NULL)\n    {\n        CRYPTO_add(&src->sess_cert->references, 1, CRYPTO_LOCK_SSL_SESS_CERT);\n    }\n    if (src->peer != NULL)\n    {\n        CRYPTO_add(&src->peer->references, 1, CRYPTO_LOCK_X509);\n    }\n    dest->references = 1;\n    if(src->ciphers != NULL)\n    {\n        dest->ciphers = sk_SSL_CIPHER_dup(src->ciphers);\n        if (dest->ciphers == NULL)\n        {\n            goto err;\n        }\n    }\n    else\n    {\n        dest->ciphers = NULL;\n    }\n    if (!CRYPTO_dup_ex_data(CRYPTO_EX_INDEX_SSL_SESSION, &dest->ex_data, &src->ex_data))\n    {\n        goto err;\n    }\n    dest->prev = NULL;\n    dest->next = NULL;\n#ifndef OPENSSL_NO_TLSEXT\n    if (src->tlsext_hostname)\n    {\n        dest->tlsext_hostname = BUF_strdup(src->tlsext_hostname);\n        if (dest->tlsext_hostname == NULL)\n        {\n            goto err;\n        }\n    }\n    else\n    {\n        dest->tlsext_hostname = NULL;\n    }\n# ifndef OPENSSL_NO_EC\n    if (src->tlsext_ecpointformatlist)\n    {\n        dest->tlsext_ecpointformatlist = BUF_memdup(src->tlsext_ecpointformatlist, src->tlsext_ecpointformatlist_length);\n        if (dest->tlsext_ecpointformatlist == NULL)\n        {\n            goto err;\n        }\n        dest->tlsext_ecpointformatlist_length = src->tlsext_ecpointformatlist_length;\n    }\n    if (src->tlsext_ellipticcurvelist)\n    {\n        dest->tlsext_ellipticcurvelist = BUF_memdup(src->tlsext_ellipticcurvelist, src->tlsext_ellipticcurvelist_length);\n        if (dest->tlsext_ellipticcurvelist == NULL)\n        {\n            goto err;\n        }\n        dest->tlsext_ellipticcurvelist_length = src->tlsext_ellipticcurvelist_length;\n    }\n# endif\n#endif\n    if (ticket != 0)\n    {\n        dest->tlsext_tick_lifetime_hint = src->tlsext_tick_lifetime_hint;\n        dest->tlsext_ticklen = src->tlsext_ticklen;\n        if((dest->tlsext_tick = OPENSSL_malloc(src->tlsext_ticklen)) == NULL)\n        {\n            goto err;\n        }\n    }\n#ifndef OPENSSL_NO_SRP\n    dest->srp_username = NULL;\n    if (src->srp_username)\n    {\n        dest->srp_username = BUF_strdup(src->srp_username);\n        if (dest->srp_username == NULL)\n        {\n            goto err;\n        }\n    }\n    else\n    {\n        dest->srp_username = NULL;\n    }\n#endif\n    return dest;\nerr:\n    SSLerr(SSL_F_SSL_SESSION_DUP, ERR_R_MALLOC_FAILURE);\n    SSL_SESSION_free(dest);\n    return NULL;\n}\n",
        "question": "Given that the parameter or function `SSLerr` is modified before the execution of the function `memcpy`, evaluate the potential impact on the outcomes of `memcpy`. Consider how `SSLerr` could influence `memcpy`, including its role as a direct parameter, its effect on controlling conditions, or its indirect impacts through other related variables or system states.",
        "choices": {
            "A": "The change to `SSLerr` directly alters the arguments passed to `memcpy`.",
            "B": "There is neither a direct nor a significant indirect relationship between the changes to `SSLerr` and the behavior or output of `memcpy`, suggesting no observable impact.",
            "C": "The modification of `SSLerr` might indirectly influence `memcpy` by modifying the control statement that controls the behavior of `memcpy`.",
            "D": "It is not possible to determine the effect without additional context."
        },
        "answer": "B",
        "distance": 0
    }
]