[
    {
        "case_id": "primevul_13",
        "code": "int compat_get_timex(struct timex *txc, const struct compat_timex __user *utp)\n{\n    struct compat_timex tx32;\n    if (copy_from_user(&tx32, utp, sizeof(struct compat_timex)))\n    {\n        return -EFAULT;\n    }\n    txc->modes = tx32.modes;\n    txc->offset = tx32.offset;\n    txc->freq = tx32.freq;\n    txc->maxerror = tx32.maxerror;\n    txc->esterror = tx32.esterror;\n    txc->status = tx32.status;\n    txc->constant = tx32.constant;\n    txc->precision = tx32.precision;\n    txc->tolerance = tx32.tolerance;\n    txc->time.tv_sec = tx32.time.tv_sec;\n    txc->time.tv_usec = tx32.time.tv_usec;\n    txc->tick = tx32.tick;\n    txc->ppsfreq = tx32.ppsfreq;\n    txc->jitter = tx32.jitter;\n    txc->shift = tx32.shift;\n    txc->stabil = tx32.stabil;\n    txc->jitcnt = tx32.jitcnt;\n    txc->calcnt = tx32.calcnt;\n    txc->errcnt = tx32.errcnt;\n    txc->stbcnt = tx32.stbcnt;\n    return 0;\n}\n",
        "question": "Given that the parameter or function `constant` is modified before the execution of the function `copy_from_user`, evaluate the potential impact on the outcomes of `copy_from_user`. Consider how `constant` could influence `copy_from_user`, including its role as a direct parameter, its effect on controlling conditions, or its indirect impacts through other related variables or system states.",
        "choices": {
            "A": "The change to `constant` directly alters the arguments passed to `copy_from_user`.",
            "B": "There is neither a direct nor a significant indirect relationship between the changes to `constant` and the behavior or output of `copy_from_user`, suggesting no observable impact.",
            "C": "The modification of `constant` might indirectly influence `copy_from_user` by modifying the control statement that controls the behavior of `copy_from_user`.",
            "D": "It is not possible to determine the effect without additional context."
        },
        "answer": "B",
        "distance": 0
    },
    {
        "case_id": "primevul_13",
        "code": "int compat_get_timex(struct timex *txc, const struct compat_timex __user *utp)\n{\n    struct compat_timex tx32;\n    if (copy_from_user(&tx32, utp, sizeof(struct compat_timex)))\n    {\n        return -EFAULT;\n    }\n    txc->modes = tx32.modes;\n    txc->offset = tx32.offset;\n    txc->freq = tx32.freq;\n    txc->maxerror = tx32.maxerror;\n    txc->esterror = tx32.esterror;\n    txc->status = tx32.status;\n    txc->constant = tx32.constant;\n    txc->precision = tx32.precision;\n    txc->tolerance = tx32.tolerance;\n    txc->time.tv_sec = tx32.time.tv_sec;\n    txc->time.tv_usec = tx32.time.tv_usec;\n    txc->tick = tx32.tick;\n    txc->ppsfreq = tx32.ppsfreq;\n    txc->jitter = tx32.jitter;\n    txc->shift = tx32.shift;\n    txc->stabil = tx32.stabil;\n    txc->jitcnt = tx32.jitcnt;\n    txc->calcnt = tx32.calcnt;\n    txc->errcnt = tx32.errcnt;\n    txc->stbcnt = tx32.stbcnt;\n    return 0;\n}\n",
        "question": "Given that the parameter or function `jitter` is modified before the execution of the function `copy_from_user`, evaluate the potential impact on the outcomes of `copy_from_user`. Consider how `jitter` could influence `copy_from_user`, including its role as a direct parameter, its effect on controlling conditions, or its indirect impacts through other related variables or system states.",
        "choices": {
            "A": "The change to `jitter` directly alters the arguments passed to `copy_from_user`.",
            "B": "There is neither a direct nor a significant indirect relationship between the changes to `jitter` and the behavior or output of `copy_from_user`, suggesting no observable impact.",
            "C": "The modification of `jitter` might indirectly influence `copy_from_user` by modifying the control statement that controls the behavior of `copy_from_user`.",
            "D": "It is not possible to determine the effect without additional context."
        },
        "answer": "B",
        "distance": 0
    },
    {
        "case_id": "primevul_13",
        "code": "int compat_get_timex(struct timex *txc, const struct compat_timex __user *utp)\n{\n    struct compat_timex tx32;\n    if (copy_from_user(&tx32, utp, sizeof(struct compat_timex)))\n    {\n        return -EFAULT;\n    }\n    txc->modes = tx32.modes;\n    txc->offset = tx32.offset;\n    txc->freq = tx32.freq;\n    txc->maxerror = tx32.maxerror;\n    txc->esterror = tx32.esterror;\n    txc->status = tx32.status;\n    txc->constant = tx32.constant;\n    txc->precision = tx32.precision;\n    txc->tolerance = tx32.tolerance;\n    txc->time.tv_sec = tx32.time.tv_sec;\n    txc->time.tv_usec = tx32.time.tv_usec;\n    txc->tick = tx32.tick;\n    txc->ppsfreq = tx32.ppsfreq;\n    txc->jitter = tx32.jitter;\n    txc->shift = tx32.shift;\n    txc->stabil = tx32.stabil;\n    txc->jitcnt = tx32.jitcnt;\n    txc->calcnt = tx32.calcnt;\n    txc->errcnt = tx32.errcnt;\n    txc->stbcnt = tx32.stbcnt;\n    return 0;\n}\n",
        "question": "Given that the parameter or function `jitcnt` is modified before the execution of the function `copy_from_user`, evaluate the potential impact on the outcomes of `copy_from_user`. Consider how `jitcnt` could influence `copy_from_user`, including its role as a direct parameter, its effect on controlling conditions, or its indirect impacts through other related variables or system states.",
        "choices": {
            "A": "The change to `jitcnt` directly alters the arguments passed to `copy_from_user`.",
            "B": "There is neither a direct nor a significant indirect relationship between the changes to `jitcnt` and the behavior or output of `copy_from_user`, suggesting no observable impact.",
            "C": "The modification of `jitcnt` might indirectly influence `copy_from_user` by modifying the control statement that controls the behavior of `copy_from_user`.",
            "D": "It is not possible to determine the effect without additional context."
        },
        "answer": "B",
        "distance": 0
    },
    {
        "case_id": "primevul_13",
        "code": "int compat_get_timex(struct timex *txc, const struct compat_timex __user *utp)\n{\n    struct compat_timex tx32;\n    if (copy_from_user(&tx32, utp, sizeof(struct compat_timex)))\n    {\n        return -EFAULT;\n    }\n    txc->modes = tx32.modes;\n    txc->offset = tx32.offset;\n    txc->freq = tx32.freq;\n    txc->maxerror = tx32.maxerror;\n    txc->esterror = tx32.esterror;\n    txc->status = tx32.status;\n    txc->constant = tx32.constant;\n    txc->precision = tx32.precision;\n    txc->tolerance = tx32.tolerance;\n    txc->time.tv_sec = tx32.time.tv_sec;\n    txc->time.tv_usec = tx32.time.tv_usec;\n    txc->tick = tx32.tick;\n    txc->ppsfreq = tx32.ppsfreq;\n    txc->jitter = tx32.jitter;\n    txc->shift = tx32.shift;\n    txc->stabil = tx32.stabil;\n    txc->jitcnt = tx32.jitcnt;\n    txc->calcnt = tx32.calcnt;\n    txc->errcnt = tx32.errcnt;\n    txc->stbcnt = tx32.stbcnt;\n    return 0;\n}\n",
        "question": "Given that the parameter or function `tv_usec` is modified before the execution of the function `copy_from_user`, evaluate the potential impact on the outcomes of `copy_from_user`. Consider how `tv_usec` could influence `copy_from_user`, including its role as a direct parameter, its effect on controlling conditions, or its indirect impacts through other related variables or system states.",
        "choices": {
            "A": "The change to `tv_usec` directly alters the arguments passed to `copy_from_user`.",
            "B": "There is neither a direct nor a significant indirect relationship between the changes to `tv_usec` and the behavior or output of `copy_from_user`, suggesting no observable impact.",
            "C": "The modification of `tv_usec` might indirectly influence `copy_from_user` by modifying the control statement that controls the behavior of `copy_from_user`.",
            "D": "It is not possible to determine the effect without additional context."
        },
        "answer": "B",
        "distance": 0
    }
]