[
    {
        "case_id": "primevul_30",
        "code": "UNCURL_EXPORT int32_t uncurl_ws_accept(struct uncurl_conn *ucc, char **origins, int32_t n_origins)\n{\n    int32_t e;\n    e = uncurl_read_header(ucc);\n    if (e != UNCURL_OK)\n    {\n        return e;\n    }\n    uncurl_set_header_str(ucc, \"Upgrade\", \"websocket\");\n    uncurl_set_header_str(ucc, \"Connection\", \"Upgrade\");\n    char *origin = NULL;\n    e = uncurl_get_header_str(ucc, \"Origin\", &origin);\n    if (e != UNCURL_OK)\n    {\n        return e;\n    }\n    bool origin_ok = false;\n    for (int32_t x = 0; x < n_origins; x++)\n    {\n        if (strstr(origin, origins[x]))\n        {\n            origin_ok = true;\n            break;\n        }\n    }\n    if (!origin_ok)\n    {\n        return UNCURL_WS_ERR_ORIGIN;\n    }\n    char *sec_key = NULL;\n    e = uncurl_get_header_str(ucc, \"Sec-WebSocket-Key\", &sec_key);\n    if (e != UNCURL_OK)\n    {\n        return e;\n    }\n    char *accept_key = ws_create_accept_key(sec_key);\n    uncurl_set_header_str(ucc, \"Sec-WebSocket-Accept\", accept_key);\n    free(accept_key);\n    e = uncurl_write_header(ucc, \"101\", \"Switching Protocols\", UNCURL_RESPONSE);\n    if (e != UNCURL_OK)\n    {\n        return e;\n    }\n    ucc->ws_mask = 0;\n    return UNCURL_OK;\n}\n",
        "question": "Given that the parameter or function `ws_create_accept_key` is modified before the execution of the function `uncurl_write_header`, evaluate the potential impact on the outcomes of `uncurl_write_header`. Consider how `ws_create_accept_key` could influence `uncurl_write_header`, including its role as a direct parameter, its effect on controlling conditions, or its indirect impacts through other related variables or system states.",
        "choices": {
            "A": "The change to `ws_create_accept_key` directly alters the arguments passed to `uncurl_write_header`.",
            "B": "There is neither a direct nor a significant indirect relationship between the changes to `ws_create_accept_key` and the behavior or output of `uncurl_write_header`, suggesting no observable impact.",
            "C": "The modification of `ws_create_accept_key` might indirectly influence `uncurl_write_header` by modifying the control statement that controls the behavior of `uncurl_write_header`.",
            "D": "It is not possible to determine the effect without additional context."
        },
        "answer": "A",
        "distance": 3
    },
    {
        "case_id": "primevul_30",
        "code": "UNCURL_EXPORT int32_t uncurl_ws_accept(struct uncurl_conn *ucc, char **origins, int32_t n_origins)\n{\n    int32_t e;\n    e = uncurl_read_header(ucc);\n    if (e != UNCURL_OK)\n    {\n        return e;\n    }\n    uncurl_set_header_str(ucc, \"Upgrade\", \"websocket\");\n    uncurl_set_header_str(ucc, \"Connection\", \"Upgrade\");\n    char *origin = NULL;\n    e = uncurl_get_header_str(ucc, \"Origin\", &origin);\n    if (e != UNCURL_OK)\n    {\n        return e;\n    }\n    bool origin_ok = false;\n    for (int32_t x = 0; x < n_origins; x++)\n    {\n        if (strstr(origin, origins[x]))\n        {\n            origin_ok = true;\n            break;\n        }\n    }\n    if (!origin_ok)\n    {\n        return UNCURL_WS_ERR_ORIGIN;\n    }\n    char *sec_key = NULL;\n    e = uncurl_get_header_str(ucc, \"Sec-WebSocket-Key\", &sec_key);\n    if (e != UNCURL_OK)\n    {\n        return e;\n    }\n    char *accept_key = ws_create_accept_key(sec_key);\n    uncurl_set_header_str(ucc, \"Sec-WebSocket-Accept\", accept_key);\n    free(accept_key);\n    e = uncurl_write_header(ucc, \"101\", \"Switching Protocols\", UNCURL_RESPONSE);\n    if (e != UNCURL_OK)\n    {\n        return e;\n    }\n    ucc->ws_mask = 0;\n    return UNCURL_OK;\n}\n",
        "question": "Given that the parameter or function `free` is modified before the execution of the function `uncurl_write_header`, evaluate the potential impact on the outcomes of `uncurl_write_header`. Consider how `free` could influence `uncurl_write_header`, including its role as a direct parameter, its effect on controlling conditions, or its indirect impacts through other related variables or system states.",
        "choices": {
            "A": "The change to `free` directly alters the arguments passed to `uncurl_write_header`.",
            "B": "There is neither a direct nor a significant indirect relationship between the changes to `free` and the behavior or output of `uncurl_write_header`, suggesting no observable impact.",
            "C": "The modification of `free` might indirectly influence `uncurl_write_header` by modifying the control statement that controls the behavior of `uncurl_write_header`.",
            "D": "It is not possible to determine the effect without additional context."
        },
        "answer": "A",
        "distance": 3
    },
    {
        "case_id": "primevul_30",
        "code": "UNCURL_EXPORT int32_t uncurl_ws_accept(struct uncurl_conn *ucc, char **origins, int32_t n_origins)\n{\n    int32_t e;\n    e = uncurl_read_header(ucc);\n    if (e != UNCURL_OK)\n    {\n        return e;\n    }\n    uncurl_set_header_str(ucc, \"Upgrade\", \"websocket\");\n    uncurl_set_header_str(ucc, \"Connection\", \"Upgrade\");\n    char *origin = NULL;\n    e = uncurl_get_header_str(ucc, \"Origin\", &origin);\n    if (e != UNCURL_OK)\n    {\n        return e;\n    }\n    bool origin_ok = false;\n    for (int32_t x = 0; x < n_origins; x++)\n    {\n        if (strstr(origin, origins[x]))\n        {\n            origin_ok = true;\n            break;\n        }\n    }\n    if (!origin_ok)\n    {\n        return UNCURL_WS_ERR_ORIGIN;\n    }\n    char *sec_key = NULL;\n    e = uncurl_get_header_str(ucc, \"Sec-WebSocket-Key\", &sec_key);\n    if (e != UNCURL_OK)\n    {\n        return e;\n    }\n    char *accept_key = ws_create_accept_key(sec_key);\n    uncurl_set_header_str(ucc, \"Sec-WebSocket-Accept\", accept_key);\n    free(accept_key);\n    e = uncurl_write_header(ucc, \"101\", \"Switching Protocols\", UNCURL_RESPONSE);\n    if (e != UNCURL_OK)\n    {\n        return e;\n    }\n    ucc->ws_mask = 0;\n    return UNCURL_OK;\n}\n",
        "question": "Given that the parameter or function `sec_key` is modified before the execution of the function `uncurl_write_header`, evaluate the potential impact on the outcomes of `uncurl_write_header`. Consider how `sec_key` could influence `uncurl_write_header`, including its role as a direct parameter, its effect on controlling conditions, or its indirect impacts through other related variables or system states.",
        "choices": {
            "A": "The change to `sec_key` directly alters the arguments passed to `uncurl_write_header`.",
            "B": "There is neither a direct nor a significant indirect relationship between the changes to `sec_key` and the behavior or output of `uncurl_write_header`, suggesting no observable impact.",
            "C": "The modification of `sec_key` might indirectly influence `uncurl_write_header` by modifying the control statement that controls the behavior of `uncurl_write_header`.",
            "D": "It is not possible to determine the effect without additional context."
        },
        "answer": "A",
        "distance": 3
    },
    {
        "case_id": "primevul_30",
        "code": "UNCURL_EXPORT int32_t uncurl_ws_accept(struct uncurl_conn *ucc, char **origins, int32_t n_origins)\n{\n    int32_t e;\n    e = uncurl_read_header(ucc);\n    if (e != UNCURL_OK)\n    {\n        return e;\n    }\n    uncurl_set_header_str(ucc, \"Upgrade\", \"websocket\");\n    uncurl_set_header_str(ucc, \"Connection\", \"Upgrade\");\n    char *origin = NULL;\n    e = uncurl_get_header_str(ucc, \"Origin\", &origin);\n    if (e != UNCURL_OK)\n    {\n        return e;\n    }\n    bool origin_ok = false;\n    for (int32_t x = 0; x < n_origins; x++)\n    {\n        if (strstr(origin, origins[x]))\n        {\n            origin_ok = true;\n            break;\n        }\n    }\n    if (!origin_ok)\n    {\n        return UNCURL_WS_ERR_ORIGIN;\n    }\n    char *sec_key = NULL;\n    e = uncurl_get_header_str(ucc, \"Sec-WebSocket-Key\", &sec_key);\n    if (e != UNCURL_OK)\n    {\n        return e;\n    }\n    char *accept_key = ws_create_accept_key(sec_key);\n    uncurl_set_header_str(ucc, \"Sec-WebSocket-Accept\", accept_key);\n    free(accept_key);\n    e = uncurl_write_header(ucc, \"101\", \"Switching Protocols\", UNCURL_RESPONSE);\n    if (e != UNCURL_OK)\n    {\n        return e;\n    }\n    ucc->ws_mask = 0;\n    return UNCURL_OK;\n}\n",
        "question": "Given that the parameter or function `accept_key` is modified before the execution of the function `uncurl_write_header`, evaluate the potential impact on the outcomes of `uncurl_write_header`. Consider how `accept_key` could influence `uncurl_write_header`, including its role as a direct parameter, its effect on controlling conditions, or its indirect impacts through other related variables or system states.",
        "choices": {
            "A": "The change to `accept_key` directly alters the arguments passed to `uncurl_write_header`.",
            "B": "There is neither a direct nor a significant indirect relationship between the changes to `accept_key` and the behavior or output of `uncurl_write_header`, suggesting no observable impact.",
            "C": "The modification of `accept_key` might indirectly influence `uncurl_write_header` by modifying the control statement that controls the behavior of `uncurl_write_header`.",
            "D": "It is not possible to determine the effect without additional context."
        },
        "answer": "A",
        "distance": 2
    },
    {
        "case_id": "primevul_30",
        "code": "UNCURL_EXPORT int32_t uncurl_ws_accept(struct uncurl_conn *ucc, char **origins, int32_t n_origins)\n{\n    int32_t e;\n    e = uncurl_read_header(ucc);\n    if (e != UNCURL_OK)\n    {\n        return e;\n    }\n    uncurl_set_header_str(ucc, \"Upgrade\", \"websocket\");\n    uncurl_set_header_str(ucc, \"Connection\", \"Upgrade\");\n    char *origin = NULL;\n    e = uncurl_get_header_str(ucc, \"Origin\", &origin);\n    if (e != UNCURL_OK)\n    {\n        return e;\n    }\n    bool origin_ok = false;\n    for (int32_t x = 0; x < n_origins; x++)\n    {\n        if (strstr(origin, origins[x]))\n        {\n            origin_ok = true;\n            break;\n        }\n    }\n    if (!origin_ok)\n    {\n        return UNCURL_WS_ERR_ORIGIN;\n    }\n    char *sec_key = NULL;\n    e = uncurl_get_header_str(ucc, \"Sec-WebSocket-Key\", &sec_key);\n    if (e != UNCURL_OK)\n    {\n        return e;\n    }\n    char *accept_key = ws_create_accept_key(sec_key);\n    uncurl_set_header_str(ucc, \"Sec-WebSocket-Accept\", accept_key);\n    free(accept_key);\n    e = uncurl_write_header(ucc, \"101\", \"Switching Protocols\", UNCURL_RESPONSE);\n    if (e != UNCURL_OK)\n    {\n        return e;\n    }\n    ucc->ws_mask = 0;\n    return UNCURL_OK;\n}\n",
        "question": "Given that the parameter or function `strstr` is modified before the execution of the function `uncurl_write_header`, evaluate the potential impact on the outcomes of `uncurl_write_header`. Consider how `strstr` could influence `uncurl_write_header`, including its role as a direct parameter, its effect on controlling conditions, or its indirect impacts through other related variables or system states.",
        "choices": {
            "A": "The change to `strstr` directly alters the arguments passed to `uncurl_write_header`.",
            "B": "There is neither a direct nor a significant indirect relationship between the changes to `strstr` and the behavior or output of `uncurl_write_header`, suggesting no observable impact.",
            "C": "The modification of `strstr` might indirectly influence `uncurl_write_header` by modifying the control statement that controls the behavior of `uncurl_write_header`.",
            "D": "It is not possible to determine the effect without additional context."
        },
        "answer": "B",
        "distance": 0
    },
    {
        "case_id": "primevul_30",
        "code": "UNCURL_EXPORT int32_t uncurl_ws_accept(struct uncurl_conn *ucc, char **origins, int32_t n_origins)\n{\n    int32_t e;\n    e = uncurl_read_header(ucc);\n    if (e != UNCURL_OK)\n    {\n        return e;\n    }\n    uncurl_set_header_str(ucc, \"Upgrade\", \"websocket\");\n    uncurl_set_header_str(ucc, \"Connection\", \"Upgrade\");\n    char *origin = NULL;\n    e = uncurl_get_header_str(ucc, \"Origin\", &origin);\n    if (e != UNCURL_OK)\n    {\n        return e;\n    }\n    bool origin_ok = false;\n    for (int32_t x = 0; x < n_origins; x++)\n    {\n        if (strstr(origin, origins[x]))\n        {\n            origin_ok = true;\n            break;\n        }\n    }\n    if (!origin_ok)\n    {\n        return UNCURL_WS_ERR_ORIGIN;\n    }\n    char *sec_key = NULL;\n    e = uncurl_get_header_str(ucc, \"Sec-WebSocket-Key\", &sec_key);\n    if (e != UNCURL_OK)\n    {\n        return e;\n    }\n    char *accept_key = ws_create_accept_key(sec_key);\n    uncurl_set_header_str(ucc, \"Sec-WebSocket-Accept\", accept_key);\n    free(accept_key);\n    e = uncurl_write_header(ucc, \"101\", \"Switching Protocols\", UNCURL_RESPONSE);\n    if (e != UNCURL_OK)\n    {\n        return e;\n    }\n    ucc->ws_mask = 0;\n    return UNCURL_OK;\n}\n",
        "question": "Given that the parameter or function `uncurl_read_header` is modified before the execution of the function `uncurl_write_header`, evaluate the potential impact on the outcomes of `uncurl_write_header`. Consider how `uncurl_read_header` could influence `uncurl_write_header`, including its role as a direct parameter, its effect on controlling conditions, or its indirect impacts through other related variables or system states.",
        "choices": {
            "A": "The change to `uncurl_read_header` directly alters the arguments passed to `uncurl_write_header`.",
            "B": "There is neither a direct nor a significant indirect relationship between the changes to `uncurl_read_header` and the behavior or output of `uncurl_write_header`, suggesting no observable impact.",
            "C": "The modification of `uncurl_read_header` might indirectly influence `uncurl_write_header` by modifying the control statement that controls the behavior of `uncurl_write_header`.",
            "D": "It is not possible to determine the effect without additional context."
        },
        "answer": "B",
        "distance": 0
    },
    {
        "case_id": "primevul_30",
        "code": "UNCURL_EXPORT int32_t uncurl_ws_accept(struct uncurl_conn *ucc, char **origins, int32_t n_origins)\n{\n    int32_t e;\n    e = uncurl_read_header(ucc);\n    if (e != UNCURL_OK)\n    {\n        return e;\n    }\n    uncurl_set_header_str(ucc, \"Upgrade\", \"websocket\");\n    uncurl_set_header_str(ucc, \"Connection\", \"Upgrade\");\n    char *origin = NULL;\n    e = uncurl_get_header_str(ucc, \"Origin\", &origin);\n    if (e != UNCURL_OK)\n    {\n        return e;\n    }\n    bool origin_ok = false;\n    for (int32_t x = 0; x < n_origins; x++)\n    {\n        if (strstr(origin, origins[x]))\n        {\n            origin_ok = true;\n            break;\n        }\n    }\n    if (!origin_ok)\n    {\n        return UNCURL_WS_ERR_ORIGIN;\n    }\n    char *sec_key = NULL;\n    e = uncurl_get_header_str(ucc, \"Sec-WebSocket-Key\", &sec_key);\n    if (e != UNCURL_OK)\n    {\n        return e;\n    }\n    char *accept_key = ws_create_accept_key(sec_key);\n    uncurl_set_header_str(ucc, \"Sec-WebSocket-Accept\", accept_key);\n    free(accept_key);\n    e = uncurl_write_header(ucc, \"101\", \"Switching Protocols\", UNCURL_RESPONSE);\n    if (e != UNCURL_OK)\n    {\n        return e;\n    }\n    ucc->ws_mask = 0;\n    return UNCURL_OK;\n}\n",
        "question": "Given that the parameter or function `origin` is modified before the execution of the function `uncurl_write_header`, evaluate the potential impact on the outcomes of `uncurl_write_header`. Consider how `origin` could influence `uncurl_write_header`, including its role as a direct parameter, its effect on controlling conditions, or its indirect impacts through other related variables or system states.",
        "choices": {
            "A": "The change to `origin` directly alters the arguments passed to `uncurl_write_header`.",
            "B": "There is neither a direct nor a significant indirect relationship between the changes to `origin` and the behavior or output of `uncurl_write_header`, suggesting no observable impact.",
            "C": "The modification of `origin` might indirectly influence `uncurl_write_header` by modifying the control statement that controls the behavior of `uncurl_write_header`.",
            "D": "It is not possible to determine the effect without additional context."
        },
        "answer": "B",
        "distance": 0
    },
    {
        "case_id": "primevul_30",
        "code": "UNCURL_EXPORT int32_t uncurl_ws_accept(struct uncurl_conn *ucc, char **origins, int32_t n_origins)\n{\n    int32_t e;\n    e = uncurl_read_header(ucc);\n    if (e != UNCURL_OK)\n    {\n        return e;\n    }\n    uncurl_set_header_str(ucc, \"Upgrade\", \"websocket\");\n    uncurl_set_header_str(ucc, \"Connection\", \"Upgrade\");\n    char *origin = NULL;\n    e = uncurl_get_header_str(ucc, \"Origin\", &origin);\n    if (e != UNCURL_OK)\n    {\n        return e;\n    }\n    bool origin_ok = false;\n    for (int32_t x = 0; x < n_origins; x++)\n    {\n        if (strstr(origin, origins[x]))\n        {\n            origin_ok = true;\n            break;\n        }\n    }\n    if (!origin_ok)\n    {\n        return UNCURL_WS_ERR_ORIGIN;\n    }\n    char *sec_key = NULL;\n    e = uncurl_get_header_str(ucc, \"Sec-WebSocket-Key\", &sec_key);\n    if (e != UNCURL_OK)\n    {\n        return e;\n    }\n    char *accept_key = ws_create_accept_key(sec_key);\n    uncurl_set_header_str(ucc, \"Sec-WebSocket-Accept\", accept_key);\n    free(accept_key);\n    e = uncurl_write_header(ucc, \"101\", \"Switching Protocols\", UNCURL_RESPONSE);\n    if (e != UNCURL_OK)\n    {\n        return e;\n    }\n    ucc->ws_mask = 0;\n    return UNCURL_OK;\n}\n",
        "question": "Given that the parameter or function `uncurl_get_header_str` is modified before the execution of the function `uncurl_write_header`, evaluate the potential impact on the outcomes of `uncurl_write_header`. Consider how `uncurl_get_header_str` could influence `uncurl_write_header`, including its role as a direct parameter, its effect on controlling conditions, or its indirect impacts through other related variables or system states.",
        "choices": {
            "A": "The change to `uncurl_get_header_str` directly alters the arguments passed to `uncurl_write_header`.",
            "B": "There is neither a direct nor a significant indirect relationship between the changes to `uncurl_get_header_str` and the behavior or output of `uncurl_write_header`, suggesting no observable impact.",
            "C": "The modification of `uncurl_get_header_str` might indirectly influence `uncurl_write_header` by modifying the control statement that controls the behavior of `uncurl_write_header`.",
            "D": "It is not possible to determine the effect without additional context."
        },
        "answer": "B",
        "distance": 0
    }
]