[
    {
        "case_id": "primevul_46",
        "code": "xbstream_open(ds_ctxt_t *ctxt, const char *path, MY_STAT *mystat)\n{\n\tds_file_t *file;\n\tds_stream_file_t *stream_file;\n\tds_stream_ctxt_t *stream_ctxt;\n\tds_ctxt_t *dest_ctxt;\n\txb_wstream_t *xbstream;\n\txb_wstream_file_t *xbstream_file;\n\txb_ad(ctxt->pipe_ctxt != NULL);\n\tdest_ctxt = ctxt->pipe_ctxt;\n\tstream_ctxt = (ds_stream_ctxt_t *) ctxt->ptr;\n\tpthread_mutex_lock(&stream_ctxt->mutex);\n\tif (stream_ctxt->dest_file == NULL)\n\t{\n\t\tstream_ctxt->dest_file = ds_open(dest_ctxt, path, mystat);\n\t\tif (stream_ctxt->dest_file == NULL)\n\t\t{\n\t\t\treturn NULL;\n\t\t}\n\t}\n\tpthread_mutex_unlock(&stream_ctxt->mutex);\n\tfile = (ds_file_t *) my_malloc(sizeof(ds_file_t) + sizeof(ds_stream_file_t), MYF(MY_FAE));\n\tstream_file = (ds_stream_file_t *) (file + 1);\n\txbstream = stream_ctxt->xbstream;\n\txbstream_file = xb_stream_write_open(xbstream, path, mystat, stream_ctxt, my_xbstream_write_callback);\n\tif (xbstream_file == NULL)\n\t{\n\t\tmsg(\"xb_stream_write_open() failed.\");\n\t\tgoto err;\n\t}\n\tstream_file->xbstream_file = xbstream_file;\n\tstream_file->stream_ctxt = stream_ctxt;\n\tfile->ptr = stream_file;\n\tfile->path = stream_ctxt->dest_file->path;\n\treturn file;\nerr:\n\tif (stream_ctxt->dest_file)\n\t{\n\t\tds_close(stream_ctxt->dest_file);\n\t\tstream_ctxt->dest_file = NULL;\n\t}\n\tmy_free(file);\n\treturn NULL;\n}\n",
        "question": "Given that the parameter or function `mystat` is modified before the execution of the function `my_free`, evaluate the potential impact on the outcomes of `my_free`. Consider how `mystat` could influence `my_free`, including its role as a direct parameter, its effect on controlling conditions, or its indirect impacts through other related variables or system states.",
        "choices": {
            "A": "The change to `mystat` directly alters the arguments passed to `my_free`.",
            "B": "There is neither a direct nor a significant indirect relationship between the changes to `mystat` and the behavior or output of `my_free`, suggesting no observable impact.",
            "C": "The modification of `mystat` might indirectly influence `my_free` by modifying the control statement that controls the behavior of `my_free`.",
            "D": "It is not possible to determine the effect without additional context."
        },
        "answer": "A",
        "distance": 3
    },
    {
        "case_id": "primevul_46",
        "code": "xbstream_open(ds_ctxt_t *ctxt, const char *path, MY_STAT *mystat)\n{\n\tds_file_t *file;\n\tds_stream_file_t *stream_file;\n\tds_stream_ctxt_t *stream_ctxt;\n\tds_ctxt_t *dest_ctxt;\n\txb_wstream_t *xbstream;\n\txb_wstream_file_t *xbstream_file;\n\txb_ad(ctxt->pipe_ctxt != NULL);\n\tdest_ctxt = ctxt->pipe_ctxt;\n\tstream_ctxt = (ds_stream_ctxt_t *) ctxt->ptr;\n\tpthread_mutex_lock(&stream_ctxt->mutex);\n\tif (stream_ctxt->dest_file == NULL)\n\t{\n\t\tstream_ctxt->dest_file = ds_open(dest_ctxt, path, mystat);\n\t\tif (stream_ctxt->dest_file == NULL)\n\t\t{\n\t\t\treturn NULL;\n\t\t}\n\t}\n\tpthread_mutex_unlock(&stream_ctxt->mutex);\n\tfile = (ds_file_t *) my_malloc(sizeof(ds_file_t) + sizeof(ds_stream_file_t), MYF(MY_FAE));\n\tstream_file = (ds_stream_file_t *) (file + 1);\n\txbstream = stream_ctxt->xbstream;\n\txbstream_file = xb_stream_write_open(xbstream, path, mystat, stream_ctxt, my_xbstream_write_callback);\n\tif (xbstream_file == NULL)\n\t{\n\t\tmsg(\"xb_stream_write_open() failed.\");\n\t\tgoto err;\n\t}\n\tstream_file->xbstream_file = xbstream_file;\n\tstream_file->stream_ctxt = stream_ctxt;\n\tfile->ptr = stream_file;\n\tfile->path = stream_ctxt->dest_file->path;\n\treturn file;\nerr:\n\tif (stream_ctxt->dest_file)\n\t{\n\t\tds_close(stream_ctxt->dest_file);\n\t\tstream_ctxt->dest_file = NULL;\n\t}\n\tmy_free(file);\n\treturn NULL;\n}\n",
        "question": "Given that the parameter or function `my_xbstream_write_callback` is modified before the execution of the function `my_free`, evaluate the potential impact on the outcomes of `my_free`. Consider how `my_xbstream_write_callback` could influence `my_free`, including its role as a direct parameter, its effect on controlling conditions, or its indirect impacts through other related variables or system states.",
        "choices": {
            "A": "The change to `my_xbstream_write_callback` directly alters the arguments passed to `my_free`.",
            "B": "There is neither a direct nor a significant indirect relationship between the changes to `my_xbstream_write_callback` and the behavior or output of `my_free`, suggesting no observable impact.",
            "C": "The modification of `my_xbstream_write_callback` might indirectly influence `my_free` by modifying the control statement that controls the behavior of `my_free`.",
            "D": "It is not possible to determine the effect without additional context."
        },
        "answer": "A",
        "distance": 3
    },
    {
        "case_id": "primevul_46",
        "code": "xbstream_open(ds_ctxt_t *ctxt, const char *path, MY_STAT *mystat)\n{\n\tds_file_t *file;\n\tds_stream_file_t *stream_file;\n\tds_stream_ctxt_t *stream_ctxt;\n\tds_ctxt_t *dest_ctxt;\n\txb_wstream_t *xbstream;\n\txb_wstream_file_t *xbstream_file;\n\txb_ad(ctxt->pipe_ctxt != NULL);\n\tdest_ctxt = ctxt->pipe_ctxt;\n\tstream_ctxt = (ds_stream_ctxt_t *) ctxt->ptr;\n\tpthread_mutex_lock(&stream_ctxt->mutex);\n\tif (stream_ctxt->dest_file == NULL)\n\t{\n\t\tstream_ctxt->dest_file = ds_open(dest_ctxt, path, mystat);\n\t\tif (stream_ctxt->dest_file == NULL)\n\t\t{\n\t\t\treturn NULL;\n\t\t}\n\t}\n\tpthread_mutex_unlock(&stream_ctxt->mutex);\n\tfile = (ds_file_t *) my_malloc(sizeof(ds_file_t) + sizeof(ds_stream_file_t), MYF(MY_FAE));\n\tstream_file = (ds_stream_file_t *) (file + 1);\n\txbstream = stream_ctxt->xbstream;\n\txbstream_file = xb_stream_write_open(xbstream, path, mystat, stream_ctxt, my_xbstream_write_callback);\n\tif (xbstream_file == NULL)\n\t{\n\t\tmsg(\"xb_stream_write_open() failed.\");\n\t\tgoto err;\n\t}\n\tstream_file->xbstream_file = xbstream_file;\n\tstream_file->stream_ctxt = stream_ctxt;\n\tfile->ptr = stream_file;\n\tfile->path = stream_ctxt->dest_file->path;\n\treturn file;\nerr:\n\tif (stream_ctxt->dest_file)\n\t{\n\t\tds_close(stream_ctxt->dest_file);\n\t\tstream_ctxt->dest_file = NULL;\n\t}\n\tmy_free(file);\n\treturn NULL;\n}\n",
        "question": "Given that the parameter or function `xb_stream_write_open` is modified before the execution of the function `my_free`, evaluate the potential impact on the outcomes of `my_free`. Consider how `xb_stream_write_open` could influence `my_free`, including its role as a direct parameter, its effect on controlling conditions, or its indirect impacts through other related variables or system states.",
        "choices": {
            "A": "The change to `xb_stream_write_open` directly alters the arguments passed to `my_free`.",
            "B": "There is neither a direct nor a significant indirect relationship between the changes to `xb_stream_write_open` and the behavior or output of `my_free`, suggesting no observable impact.",
            "C": "The modification of `xb_stream_write_open` might indirectly influence `my_free` by modifying the control statement that controls the behavior of `my_free`.",
            "D": "It is not possible to determine the effect without additional context."
        },
        "answer": "A",
        "distance": 3
    },
    {
        "case_id": "primevul_46",
        "code": "xbstream_open(ds_ctxt_t *ctxt, const char *path, MY_STAT *mystat)\n{\n\tds_file_t *file;\n\tds_stream_file_t *stream_file;\n\tds_stream_ctxt_t *stream_ctxt;\n\tds_ctxt_t *dest_ctxt;\n\txb_wstream_t *xbstream;\n\txb_wstream_file_t *xbstream_file;\n\txb_ad(ctxt->pipe_ctxt != NULL);\n\tdest_ctxt = ctxt->pipe_ctxt;\n\tstream_ctxt = (ds_stream_ctxt_t *) ctxt->ptr;\n\tpthread_mutex_lock(&stream_ctxt->mutex);\n\tif (stream_ctxt->dest_file == NULL)\n\t{\n\t\tstream_ctxt->dest_file = ds_open(dest_ctxt, path, mystat);\n\t\tif (stream_ctxt->dest_file == NULL)\n\t\t{\n\t\t\treturn NULL;\n\t\t}\n\t}\n\tpthread_mutex_unlock(&stream_ctxt->mutex);\n\tfile = (ds_file_t *) my_malloc(sizeof(ds_file_t) + sizeof(ds_stream_file_t), MYF(MY_FAE));\n\tstream_file = (ds_stream_file_t *) (file + 1);\n\txbstream = stream_ctxt->xbstream;\n\txbstream_file = xb_stream_write_open(xbstream, path, mystat, stream_ctxt, my_xbstream_write_callback);\n\tif (xbstream_file == NULL)\n\t{\n\t\tmsg(\"xb_stream_write_open() failed.\");\n\t\tgoto err;\n\t}\n\tstream_file->xbstream_file = xbstream_file;\n\tstream_file->stream_ctxt = stream_ctxt;\n\tfile->ptr = stream_file;\n\tfile->path = stream_ctxt->dest_file->path;\n\treturn file;\nerr:\n\tif (stream_ctxt->dest_file)\n\t{\n\t\tds_close(stream_ctxt->dest_file);\n\t\tstream_ctxt->dest_file = NULL;\n\t}\n\tmy_free(file);\n\treturn NULL;\n}\n",
        "question": "Given that the parameter or function `ptr` is modified before the execution of the function `my_free`, evaluate the potential impact on the outcomes of `my_free`. Consider how `ptr` could influence `my_free`, including its role as a direct parameter, its effect on controlling conditions, or its indirect impacts through other related variables or system states.",
        "choices": {
            "A": "The change to `ptr` directly alters the arguments passed to `my_free`.",
            "B": "There is neither a direct nor a significant indirect relationship between the changes to `ptr` and the behavior or output of `my_free`, suggesting no observable impact.",
            "C": "The modification of `ptr` might indirectly influence `my_free` by modifying the control statement that controls the behavior of `my_free`.",
            "D": "It is not possible to determine the effect without additional context."
        },
        "answer": "A",
        "distance": 2
    },
    {
        "case_id": "primevul_46",
        "code": "xbstream_open(ds_ctxt_t *ctxt, const char *path, MY_STAT *mystat)\n{\n\tds_file_t *file;\n\tds_stream_file_t *stream_file;\n\tds_stream_ctxt_t *stream_ctxt;\n\tds_ctxt_t *dest_ctxt;\n\txb_wstream_t *xbstream;\n\txb_wstream_file_t *xbstream_file;\n\txb_ad(ctxt->pipe_ctxt != NULL);\n\tdest_ctxt = ctxt->pipe_ctxt;\n\tstream_ctxt = (ds_stream_ctxt_t *) ctxt->ptr;\n\tpthread_mutex_lock(&stream_ctxt->mutex);\n\tif (stream_ctxt->dest_file == NULL)\n\t{\n\t\tstream_ctxt->dest_file = ds_open(dest_ctxt, path, mystat);\n\t\tif (stream_ctxt->dest_file == NULL)\n\t\t{\n\t\t\treturn NULL;\n\t\t}\n\t}\n\tpthread_mutex_unlock(&stream_ctxt->mutex);\n\tfile = (ds_file_t *) my_malloc(sizeof(ds_file_t) + sizeof(ds_stream_file_t), MYF(MY_FAE));\n\tstream_file = (ds_stream_file_t *) (file + 1);\n\txbstream = stream_ctxt->xbstream;\n\txbstream_file = xb_stream_write_open(xbstream, path, mystat, stream_ctxt, my_xbstream_write_callback);\n\tif (xbstream_file == NULL)\n\t{\n\t\tmsg(\"xb_stream_write_open() failed.\");\n\t\tgoto err;\n\t}\n\tstream_file->xbstream_file = xbstream_file;\n\tstream_file->stream_ctxt = stream_ctxt;\n\tfile->ptr = stream_file;\n\tfile->path = stream_ctxt->dest_file->path;\n\treturn file;\nerr:\n\tif (stream_ctxt->dest_file)\n\t{\n\t\tds_close(stream_ctxt->dest_file);\n\t\tstream_ctxt->dest_file = NULL;\n\t}\n\tmy_free(file);\n\treturn NULL;\n}\n",
        "question": "Given that the parameter or function `ds_open` is modified before the execution of the function `pthread_mutex_unlock`, evaluate the potential impact on the outcomes of `pthread_mutex_unlock`. Consider how `ds_open` could influence `pthread_mutex_unlock`, including its role as a direct parameter, its effect on controlling conditions, or its indirect impacts through other related variables or system states.",
        "choices": {
            "A": "The change to `ds_open` directly alters the arguments passed to `pthread_mutex_unlock`.",
            "B": "There is neither a direct nor a significant indirect relationship between the changes to `ds_open` and the behavior or output of `pthread_mutex_unlock`, suggesting no observable impact.",
            "C": "The modification of `ds_open` might indirectly influence `pthread_mutex_unlock` by modifying the control statement that controls the behavior of `pthread_mutex_unlock`.",
            "D": "It is not possible to determine the effect without additional context."
        },
        "answer": "B",
        "distance": 0
    },
    {
        "case_id": "primevul_46",
        "code": "xbstream_open(ds_ctxt_t *ctxt, const char *path, MY_STAT *mystat)\n{\n\tds_file_t *file;\n\tds_stream_file_t *stream_file;\n\tds_stream_ctxt_t *stream_ctxt;\n\tds_ctxt_t *dest_ctxt;\n\txb_wstream_t *xbstream;\n\txb_wstream_file_t *xbstream_file;\n\txb_ad(ctxt->pipe_ctxt != NULL);\n\tdest_ctxt = ctxt->pipe_ctxt;\n\tstream_ctxt = (ds_stream_ctxt_t *) ctxt->ptr;\n\tpthread_mutex_lock(&stream_ctxt->mutex);\n\tif (stream_ctxt->dest_file == NULL)\n\t{\n\t\tstream_ctxt->dest_file = ds_open(dest_ctxt, path, mystat);\n\t\tif (stream_ctxt->dest_file == NULL)\n\t\t{\n\t\t\treturn NULL;\n\t\t}\n\t}\n\tpthread_mutex_unlock(&stream_ctxt->mutex);\n\tfile = (ds_file_t *) my_malloc(sizeof(ds_file_t) + sizeof(ds_stream_file_t), MYF(MY_FAE));\n\tstream_file = (ds_stream_file_t *) (file + 1);\n\txbstream = stream_ctxt->xbstream;\n\txbstream_file = xb_stream_write_open(xbstream, path, mystat, stream_ctxt, my_xbstream_write_callback);\n\tif (xbstream_file == NULL)\n\t{\n\t\tmsg(\"xb_stream_write_open() failed.\");\n\t\tgoto err;\n\t}\n\tstream_file->xbstream_file = xbstream_file;\n\tstream_file->stream_ctxt = stream_ctxt;\n\tfile->ptr = stream_file;\n\tfile->path = stream_ctxt->dest_file->path;\n\treturn file;\nerr:\n\tif (stream_ctxt->dest_file)\n\t{\n\t\tds_close(stream_ctxt->dest_file);\n\t\tstream_ctxt->dest_file = NULL;\n\t}\n\tmy_free(file);\n\treturn NULL;\n}\n",
        "question": "Given that the parameter or function `MYF` is modified before the execution of the function `pthread_mutex_unlock`, evaluate the potential impact on the outcomes of `pthread_mutex_unlock`. Consider how `MYF` could influence `pthread_mutex_unlock`, including its role as a direct parameter, its effect on controlling conditions, or its indirect impacts through other related variables or system states.",
        "choices": {
            "A": "The change to `MYF` directly alters the arguments passed to `pthread_mutex_unlock`.",
            "B": "There is neither a direct nor a significant indirect relationship between the changes to `MYF` and the behavior or output of `pthread_mutex_unlock`, suggesting no observable impact.",
            "C": "The modification of `MYF` might indirectly influence `pthread_mutex_unlock` by modifying the control statement that controls the behavior of `pthread_mutex_unlock`.",
            "D": "It is not possible to determine the effect without additional context."
        },
        "answer": "B",
        "distance": 0
    },
    {
        "case_id": "primevul_46",
        "code": "xbstream_open(ds_ctxt_t *ctxt, const char *path, MY_STAT *mystat)\n{\n\tds_file_t *file;\n\tds_stream_file_t *stream_file;\n\tds_stream_ctxt_t *stream_ctxt;\n\tds_ctxt_t *dest_ctxt;\n\txb_wstream_t *xbstream;\n\txb_wstream_file_t *xbstream_file;\n\txb_ad(ctxt->pipe_ctxt != NULL);\n\tdest_ctxt = ctxt->pipe_ctxt;\n\tstream_ctxt = (ds_stream_ctxt_t *) ctxt->ptr;\n\tpthread_mutex_lock(&stream_ctxt->mutex);\n\tif (stream_ctxt->dest_file == NULL)\n\t{\n\t\tstream_ctxt->dest_file = ds_open(dest_ctxt, path, mystat);\n\t\tif (stream_ctxt->dest_file == NULL)\n\t\t{\n\t\t\treturn NULL;\n\t\t}\n\t}\n\tpthread_mutex_unlock(&stream_ctxt->mutex);\n\tfile = (ds_file_t *) my_malloc(sizeof(ds_file_t) + sizeof(ds_stream_file_t), MYF(MY_FAE));\n\tstream_file = (ds_stream_file_t *) (file + 1);\n\txbstream = stream_ctxt->xbstream;\n\txbstream_file = xb_stream_write_open(xbstream, path, mystat, stream_ctxt, my_xbstream_write_callback);\n\tif (xbstream_file == NULL)\n\t{\n\t\tmsg(\"xb_stream_write_open() failed.\");\n\t\tgoto err;\n\t}\n\tstream_file->xbstream_file = xbstream_file;\n\tstream_file->stream_ctxt = stream_ctxt;\n\tfile->ptr = stream_file;\n\tfile->path = stream_ctxt->dest_file->path;\n\treturn file;\nerr:\n\tif (stream_ctxt->dest_file)\n\t{\n\t\tds_close(stream_ctxt->dest_file);\n\t\tstream_ctxt->dest_file = NULL;\n\t}\n\tmy_free(file);\n\treturn NULL;\n}\n",
        "question": "Given that the parameter or function `xb_ad` is modified before the execution of the function `pthread_mutex_unlock`, evaluate the potential impact on the outcomes of `pthread_mutex_unlock`. Consider how `xb_ad` could influence `pthread_mutex_unlock`, including its role as a direct parameter, its effect on controlling conditions, or its indirect impacts through other related variables or system states.",
        "choices": {
            "A": "The change to `xb_ad` directly alters the arguments passed to `pthread_mutex_unlock`.",
            "B": "There is neither a direct nor a significant indirect relationship between the changes to `xb_ad` and the behavior or output of `pthread_mutex_unlock`, suggesting no observable impact.",
            "C": "The modification of `xb_ad` might indirectly influence `pthread_mutex_unlock` by modifying the control statement that controls the behavior of `pthread_mutex_unlock`.",
            "D": "It is not possible to determine the effect without additional context."
        },
        "answer": "B",
        "distance": 0
    },
    {
        "case_id": "primevul_46",
        "code": "xbstream_open(ds_ctxt_t *ctxt, const char *path, MY_STAT *mystat)\n{\n\tds_file_t *file;\n\tds_stream_file_t *stream_file;\n\tds_stream_ctxt_t *stream_ctxt;\n\tds_ctxt_t *dest_ctxt;\n\txb_wstream_t *xbstream;\n\txb_wstream_file_t *xbstream_file;\n\txb_ad(ctxt->pipe_ctxt != NULL);\n\tdest_ctxt = ctxt->pipe_ctxt;\n\tstream_ctxt = (ds_stream_ctxt_t *) ctxt->ptr;\n\tpthread_mutex_lock(&stream_ctxt->mutex);\n\tif (stream_ctxt->dest_file == NULL)\n\t{\n\t\tstream_ctxt->dest_file = ds_open(dest_ctxt, path, mystat);\n\t\tif (stream_ctxt->dest_file == NULL)\n\t\t{\n\t\t\treturn NULL;\n\t\t}\n\t}\n\tpthread_mutex_unlock(&stream_ctxt->mutex);\n\tfile = (ds_file_t *) my_malloc(sizeof(ds_file_t) + sizeof(ds_stream_file_t), MYF(MY_FAE));\n\tstream_file = (ds_stream_file_t *) (file + 1);\n\txbstream = stream_ctxt->xbstream;\n\txbstream_file = xb_stream_write_open(xbstream, path, mystat, stream_ctxt, my_xbstream_write_callback);\n\tif (xbstream_file == NULL)\n\t{\n\t\tmsg(\"xb_stream_write_open() failed.\");\n\t\tgoto err;\n\t}\n\tstream_file->xbstream_file = xbstream_file;\n\tstream_file->stream_ctxt = stream_ctxt;\n\tfile->ptr = stream_file;\n\tfile->path = stream_ctxt->dest_file->path;\n\treturn file;\nerr:\n\tif (stream_ctxt->dest_file)\n\t{\n\t\tds_close(stream_ctxt->dest_file);\n\t\tstream_ctxt->dest_file = NULL;\n\t}\n\tmy_free(file);\n\treturn NULL;\n}\n",
        "question": "Given that the parameter or function `my_malloc` is modified before the execution of the function `pthread_mutex_unlock`, evaluate the potential impact on the outcomes of `pthread_mutex_unlock`. Consider how `my_malloc` could influence `pthread_mutex_unlock`, including its role as a direct parameter, its effect on controlling conditions, or its indirect impacts through other related variables or system states.",
        "choices": {
            "A": "The change to `my_malloc` directly alters the arguments passed to `pthread_mutex_unlock`.",
            "B": "There is neither a direct nor a significant indirect relationship between the changes to `my_malloc` and the behavior or output of `pthread_mutex_unlock`, suggesting no observable impact.",
            "C": "The modification of `my_malloc` might indirectly influence `pthread_mutex_unlock` by modifying the control statement that controls the behavior of `pthread_mutex_unlock`.",
            "D": "It is not possible to determine the effect without additional context."
        },
        "answer": "B",
        "distance": 0
    },
    {
        "case_id": "primevul_46",
        "code": "xbstream_open(ds_ctxt_t *ctxt, const char *path, MY_STAT *mystat)\n{\n\tds_file_t *file;\n\tds_stream_file_t *stream_file;\n\tds_stream_ctxt_t *stream_ctxt;\n\tds_ctxt_t *dest_ctxt;\n\txb_wstream_t *xbstream;\n\txb_wstream_file_t *xbstream_file;\n\txb_ad(ctxt->pipe_ctxt != NULL);\n\tdest_ctxt = ctxt->pipe_ctxt;\n\tstream_ctxt = (ds_stream_ctxt_t *) ctxt->ptr;\n\tpthread_mutex_lock(&stream_ctxt->mutex);\n\tif (stream_ctxt->dest_file == NULL)\n\t{\n\t\tstream_ctxt->dest_file = ds_open(dest_ctxt, path, mystat);\n\t\tif (stream_ctxt->dest_file == NULL)\n\t\t{\n\t\t\treturn NULL;\n\t\t}\n\t}\n\tpthread_mutex_unlock(&stream_ctxt->mutex);\n\tfile = (ds_file_t *) my_malloc(sizeof(ds_file_t) + sizeof(ds_stream_file_t), MYF(MY_FAE));\n\tstream_file = (ds_stream_file_t *) (file + 1);\n\txbstream = stream_ctxt->xbstream;\n\txbstream_file = xb_stream_write_open(xbstream, path, mystat, stream_ctxt, my_xbstream_write_callback);\n\tif (xbstream_file == NULL)\n\t{\n\t\tmsg(\"xb_stream_write_open() failed.\");\n\t\tgoto err;\n\t}\n\tstream_file->xbstream_file = xbstream_file;\n\tstream_file->stream_ctxt = stream_ctxt;\n\tfile->ptr = stream_file;\n\tfile->path = stream_ctxt->dest_file->path;\n\treturn file;\nerr:\n\tif (stream_ctxt->dest_file)\n\t{\n\t\tds_close(stream_ctxt->dest_file);\n\t\tstream_ctxt->dest_file = NULL;\n\t}\n\tmy_free(file);\n\treturn NULL;\n}\n",
        "question": "Given that the parameter or function `mystat` is modified before the execution of the function `ds_close`, evaluate the potential impact on the outcomes of `ds_close`. Consider how `mystat` could influence `ds_close`, including its role as a direct parameter, its effect on controlling conditions, or its indirect impacts through other related variables or system states.",
        "choices": {
            "A": "The change to `mystat` directly alters the arguments passed to `ds_close`.",
            "B": "There is neither a direct nor a significant indirect relationship between the changes to `mystat` and the behavior or output of `ds_close`, suggesting no observable impact.",
            "C": "The modification of `mystat` might indirectly influence `ds_close` by modifying the control statement that controls the behavior of `ds_close`.",
            "D": "It is not possible to determine the effect without additional context."
        },
        "answer": "C",
        "distance": 3
    },
    {
        "case_id": "primevul_46",
        "code": "xbstream_open(ds_ctxt_t *ctxt, const char *path, MY_STAT *mystat)\n{\n\tds_file_t *file;\n\tds_stream_file_t *stream_file;\n\tds_stream_ctxt_t *stream_ctxt;\n\tds_ctxt_t *dest_ctxt;\n\txb_wstream_t *xbstream;\n\txb_wstream_file_t *xbstream_file;\n\txb_ad(ctxt->pipe_ctxt != NULL);\n\tdest_ctxt = ctxt->pipe_ctxt;\n\tstream_ctxt = (ds_stream_ctxt_t *) ctxt->ptr;\n\tpthread_mutex_lock(&stream_ctxt->mutex);\n\tif (stream_ctxt->dest_file == NULL)\n\t{\n\t\tstream_ctxt->dest_file = ds_open(dest_ctxt, path, mystat);\n\t\tif (stream_ctxt->dest_file == NULL)\n\t\t{\n\t\t\treturn NULL;\n\t\t}\n\t}\n\tpthread_mutex_unlock(&stream_ctxt->mutex);\n\tfile = (ds_file_t *) my_malloc(sizeof(ds_file_t) + sizeof(ds_stream_file_t), MYF(MY_FAE));\n\tstream_file = (ds_stream_file_t *) (file + 1);\n\txbstream = stream_ctxt->xbstream;\n\txbstream_file = xb_stream_write_open(xbstream, path, mystat, stream_ctxt, my_xbstream_write_callback);\n\tif (xbstream_file == NULL)\n\t{\n\t\tmsg(\"xb_stream_write_open() failed.\");\n\t\tgoto err;\n\t}\n\tstream_file->xbstream_file = xbstream_file;\n\tstream_file->stream_ctxt = stream_ctxt;\n\tfile->ptr = stream_file;\n\tfile->path = stream_ctxt->dest_file->path;\n\treturn file;\nerr:\n\tif (stream_ctxt->dest_file)\n\t{\n\t\tds_close(stream_ctxt->dest_file);\n\t\tstream_ctxt->dest_file = NULL;\n\t}\n\tmy_free(file);\n\treturn NULL;\n}\n",
        "question": "Given that the parameter or function `my_xbstream_write_callback` is modified before the execution of the function `ds_close`, evaluate the potential impact on the outcomes of `ds_close`. Consider how `my_xbstream_write_callback` could influence `ds_close`, including its role as a direct parameter, its effect on controlling conditions, or its indirect impacts through other related variables or system states.",
        "choices": {
            "A": "The change to `my_xbstream_write_callback` directly alters the arguments passed to `ds_close`.",
            "B": "There is neither a direct nor a significant indirect relationship between the changes to `my_xbstream_write_callback` and the behavior or output of `ds_close`, suggesting no observable impact.",
            "C": "The modification of `my_xbstream_write_callback` might indirectly influence `ds_close` by modifying the control statement that controls the behavior of `ds_close`.",
            "D": "It is not possible to determine the effect without additional context."
        },
        "answer": "C",
        "distance": 3
    },
    {
        "case_id": "primevul_46",
        "code": "xbstream_open(ds_ctxt_t *ctxt, const char *path, MY_STAT *mystat)\n{\n\tds_file_t *file;\n\tds_stream_file_t *stream_file;\n\tds_stream_ctxt_t *stream_ctxt;\n\tds_ctxt_t *dest_ctxt;\n\txb_wstream_t *xbstream;\n\txb_wstream_file_t *xbstream_file;\n\txb_ad(ctxt->pipe_ctxt != NULL);\n\tdest_ctxt = ctxt->pipe_ctxt;\n\tstream_ctxt = (ds_stream_ctxt_t *) ctxt->ptr;\n\tpthread_mutex_lock(&stream_ctxt->mutex);\n\tif (stream_ctxt->dest_file == NULL)\n\t{\n\t\tstream_ctxt->dest_file = ds_open(dest_ctxt, path, mystat);\n\t\tif (stream_ctxt->dest_file == NULL)\n\t\t{\n\t\t\treturn NULL;\n\t\t}\n\t}\n\tpthread_mutex_unlock(&stream_ctxt->mutex);\n\tfile = (ds_file_t *) my_malloc(sizeof(ds_file_t) + sizeof(ds_stream_file_t), MYF(MY_FAE));\n\tstream_file = (ds_stream_file_t *) (file + 1);\n\txbstream = stream_ctxt->xbstream;\n\txbstream_file = xb_stream_write_open(xbstream, path, mystat, stream_ctxt, my_xbstream_write_callback);\n\tif (xbstream_file == NULL)\n\t{\n\t\tmsg(\"xb_stream_write_open() failed.\");\n\t\tgoto err;\n\t}\n\tstream_file->xbstream_file = xbstream_file;\n\tstream_file->stream_ctxt = stream_ctxt;\n\tfile->ptr = stream_file;\n\tfile->path = stream_ctxt->dest_file->path;\n\treturn file;\nerr:\n\tif (stream_ctxt->dest_file)\n\t{\n\t\tds_close(stream_ctxt->dest_file);\n\t\tstream_ctxt->dest_file = NULL;\n\t}\n\tmy_free(file);\n\treturn NULL;\n}\n",
        "question": "Given that the parameter or function `xb_stream_write_open` is modified before the execution of the function `ds_close`, evaluate the potential impact on the outcomes of `ds_close`. Consider how `xb_stream_write_open` could influence `ds_close`, including its role as a direct parameter, its effect on controlling conditions, or its indirect impacts through other related variables or system states.",
        "choices": {
            "A": "The change to `xb_stream_write_open` directly alters the arguments passed to `ds_close`.",
            "B": "There is neither a direct nor a significant indirect relationship between the changes to `xb_stream_write_open` and the behavior or output of `ds_close`, suggesting no observable impact.",
            "C": "The modification of `xb_stream_write_open` might indirectly influence `ds_close` by modifying the control statement that controls the behavior of `ds_close`.",
            "D": "It is not possible to determine the effect without additional context."
        },
        "answer": "C",
        "distance": 3
    },
    {
        "case_id": "primevul_46",
        "code": "xbstream_open(ds_ctxt_t *ctxt, const char *path, MY_STAT *mystat)\n{\n\tds_file_t *file;\n\tds_stream_file_t *stream_file;\n\tds_stream_ctxt_t *stream_ctxt;\n\tds_ctxt_t *dest_ctxt;\n\txb_wstream_t *xbstream;\n\txb_wstream_file_t *xbstream_file;\n\txb_ad(ctxt->pipe_ctxt != NULL);\n\tdest_ctxt = ctxt->pipe_ctxt;\n\tstream_ctxt = (ds_stream_ctxt_t *) ctxt->ptr;\n\tpthread_mutex_lock(&stream_ctxt->mutex);\n\tif (stream_ctxt->dest_file == NULL)\n\t{\n\t\tstream_ctxt->dest_file = ds_open(dest_ctxt, path, mystat);\n\t\tif (stream_ctxt->dest_file == NULL)\n\t\t{\n\t\t\treturn NULL;\n\t\t}\n\t}\n\tpthread_mutex_unlock(&stream_ctxt->mutex);\n\tfile = (ds_file_t *) my_malloc(sizeof(ds_file_t) + sizeof(ds_stream_file_t), MYF(MY_FAE));\n\tstream_file = (ds_stream_file_t *) (file + 1);\n\txbstream = stream_ctxt->xbstream;\n\txbstream_file = xb_stream_write_open(xbstream, path, mystat, stream_ctxt, my_xbstream_write_callback);\n\tif (xbstream_file == NULL)\n\t{\n\t\tmsg(\"xb_stream_write_open() failed.\");\n\t\tgoto err;\n\t}\n\tstream_file->xbstream_file = xbstream_file;\n\tstream_file->stream_ctxt = stream_ctxt;\n\tfile->ptr = stream_file;\n\tfile->path = stream_ctxt->dest_file->path;\n\treturn file;\nerr:\n\tif (stream_ctxt->dest_file)\n\t{\n\t\tds_close(stream_ctxt->dest_file);\n\t\tstream_ctxt->dest_file = NULL;\n\t}\n\tmy_free(file);\n\treturn NULL;\n}\n",
        "question": "Given that the parameter or function `pipe_ctxt` is modified before the execution of the function `msg`, evaluate the potential impact on the outcomes of `msg`. Consider how `pipe_ctxt` could influence `msg`, including its role as a direct parameter, its effect on controlling conditions, or its indirect impacts through other related variables or system states.",
        "choices": {
            "A": "The change to `pipe_ctxt` directly alters the arguments passed to `msg`.",
            "B": "There is neither a direct nor a significant indirect relationship between the changes to `pipe_ctxt` and the behavior or output of `msg`, suggesting no observable impact.",
            "C": "The modification of `pipe_ctxt` might indirectly influence `msg` by modifying the control statement that controls the behavior of `msg`.",
            "D": "It is not possible to determine the effect without additional context."
        },
        "answer": "C",
        "distance": 3
    },
    {
        "case_id": "primevul_46",
        "code": "xbstream_open(ds_ctxt_t *ctxt, const char *path, MY_STAT *mystat)\n{\n\tds_file_t *file;\n\tds_stream_file_t *stream_file;\n\tds_stream_ctxt_t *stream_ctxt;\n\tds_ctxt_t *dest_ctxt;\n\txb_wstream_t *xbstream;\n\txb_wstream_file_t *xbstream_file;\n\txb_ad(ctxt->pipe_ctxt != NULL);\n\tdest_ctxt = ctxt->pipe_ctxt;\n\tstream_ctxt = (ds_stream_ctxt_t *) ctxt->ptr;\n\tpthread_mutex_lock(&stream_ctxt->mutex);\n\tif (stream_ctxt->dest_file == NULL)\n\t{\n\t\tstream_ctxt->dest_file = ds_open(dest_ctxt, path, mystat);\n\t\tif (stream_ctxt->dest_file == NULL)\n\t\t{\n\t\t\treturn NULL;\n\t\t}\n\t}\n\tpthread_mutex_unlock(&stream_ctxt->mutex);\n\tfile = (ds_file_t *) my_malloc(sizeof(ds_file_t) + sizeof(ds_stream_file_t), MYF(MY_FAE));\n\tstream_file = (ds_stream_file_t *) (file + 1);\n\txbstream = stream_ctxt->xbstream;\n\txbstream_file = xb_stream_write_open(xbstream, path, mystat, stream_ctxt, my_xbstream_write_callback);\n\tif (xbstream_file == NULL)\n\t{\n\t\tmsg(\"xb_stream_write_open() failed.\");\n\t\tgoto err;\n\t}\n\tstream_file->xbstream_file = xbstream_file;\n\tstream_file->stream_ctxt = stream_ctxt;\n\tfile->ptr = stream_file;\n\tfile->path = stream_ctxt->dest_file->path;\n\treturn file;\nerr:\n\tif (stream_ctxt->dest_file)\n\t{\n\t\tds_close(stream_ctxt->dest_file);\n\t\tstream_ctxt->dest_file = NULL;\n\t}\n\tmy_free(file);\n\treturn NULL;\n}\n",
        "question": "Given that the parameter or function `pipe_ctxt` is modified before the execution of the function `ds_open`, evaluate the potential impact on the outcomes of `ds_open`. Consider how `pipe_ctxt` could influence `ds_open`, including its role as a direct parameter, its effect on controlling conditions, or its indirect impacts through other related variables or system states.",
        "choices": {
            "A": "The change to `pipe_ctxt` directly alters the arguments passed to `ds_open`.",
            "B": "There is neither a direct nor a significant indirect relationship between the changes to `pipe_ctxt` and the behavior or output of `ds_open`, suggesting no observable impact.",
            "C": "The modification of `pipe_ctxt` might indirectly influence `ds_open` by modifying the control statement that controls the behavior of `ds_open`.",
            "D": "It is not possible to determine the effect without additional context."
        },
        "answer": "A, C",
        "distance": 1
    },
    {
        "case_id": "primevul_46",
        "code": "xbstream_open(ds_ctxt_t *ctxt, const char *path, MY_STAT *mystat)\n{\n\tds_file_t *file;\n\tds_stream_file_t *stream_file;\n\tds_stream_ctxt_t *stream_ctxt;\n\tds_ctxt_t *dest_ctxt;\n\txb_wstream_t *xbstream;\n\txb_wstream_file_t *xbstream_file;\n\txb_ad(ctxt->pipe_ctxt != NULL);\n\tdest_ctxt = ctxt->pipe_ctxt;\n\tstream_ctxt = (ds_stream_ctxt_t *) ctxt->ptr;\n\tpthread_mutex_lock(&stream_ctxt->mutex);\n\tif (stream_ctxt->dest_file == NULL)\n\t{\n\t\tstream_ctxt->dest_file = ds_open(dest_ctxt, path, mystat);\n\t\tif (stream_ctxt->dest_file == NULL)\n\t\t{\n\t\t\treturn NULL;\n\t\t}\n\t}\n\tpthread_mutex_unlock(&stream_ctxt->mutex);\n\tfile = (ds_file_t *) my_malloc(sizeof(ds_file_t) + sizeof(ds_stream_file_t), MYF(MY_FAE));\n\tstream_file = (ds_stream_file_t *) (file + 1);\n\txbstream = stream_ctxt->xbstream;\n\txbstream_file = xb_stream_write_open(xbstream, path, mystat, stream_ctxt, my_xbstream_write_callback);\n\tif (xbstream_file == NULL)\n\t{\n\t\tmsg(\"xb_stream_write_open() failed.\");\n\t\tgoto err;\n\t}\n\tstream_file->xbstream_file = xbstream_file;\n\tstream_file->stream_ctxt = stream_ctxt;\n\tfile->ptr = stream_file;\n\tfile->path = stream_ctxt->dest_file->path;\n\treturn file;\nerr:\n\tif (stream_ctxt->dest_file)\n\t{\n\t\tds_close(stream_ctxt->dest_file);\n\t\tstream_ctxt->dest_file = NULL;\n\t}\n\tmy_free(file);\n\treturn NULL;\n}\n",
        "question": "Given that the parameter or function `ctxt` is modified before the execution of the function `ds_open`, evaluate the potential impact on the outcomes of `ds_open`. Consider how `ctxt` could influence `ds_open`, including its role as a direct parameter, its effect on controlling conditions, or its indirect impacts through other related variables or system states.",
        "choices": {
            "A": "The change to `ctxt` directly alters the arguments passed to `ds_open`.",
            "B": "There is neither a direct nor a significant indirect relationship between the changes to `ctxt` and the behavior or output of `ds_open`, suggesting no observable impact.",
            "C": "The modification of `ctxt` might indirectly influence `ds_open` by modifying the control statement that controls the behavior of `ds_open`.",
            "D": "It is not possible to determine the effect without additional context."
        },
        "answer": "A, C",
        "distance": 1
    }
]