[
    {
        "case_id": "primevul_51",
        "code": "static int do_hidp_sock_ioctl(struct socket *sock, unsigned int cmd, void __user *argp)\n{\n    struct hidp_connadd_req ca;\n    struct hidp_conndel_req cd;\n    struct hidp_connlist_req cl;\n    struct hidp_conninfo ci;\n    struct socket *csock;\n    struct socket *isock;\n    int err;\n    BT_DBG(\"cmd %x arg %p\", cmd, argp);\n    switch (cmd)\n    {\n        case HIDPCONNADD:\n            if (!capable(CAP_NET_ADMIN))\n            {\n                return -EPERM;\n            }\n            if (copy_from_user(&ca, argp, sizeof(ca)))\n            {\n                return -EFAULT;\n            }\n            csock = sockfd_lookup(ca.ctrl_sock, &err);\n            if (!csock)\n            {\n                return err;\n            }\n            isock = sockfd_lookup(ca.intr_sock, &err);\n            if (!isock)\n            {\n                sockfd_put(csock);\n                return err;\n            }\n            err = hidp_connection_add(&ca, csock, isock);\n            if (!err && copy_to_user(argp, &ca, sizeof(ca)))\n            {\n                err = -EFAULT;\n            }\n            sockfd_put(csock);\n            sockfd_put(isock);\n            return err;\n        case HIDPCONNDEL:\n            if (!capable(CAP_NET_ADMIN))\n            {\n                return -EPERM;\n            }\n            if (copy_from_user(&cd, argp, sizeof(cd)))\n            {\n                return -EFAULT;\n            }\n            return hidp_connection_del(&cd);\n        case HIDPGETCONNLIST:\n            if (copy_from_user(&cl, argp, sizeof(cl)))\n            {\n                return -EFAULT;\n            }\n            if (cl.cnum <= 0)\n            {\n                return -EINVAL;\n            }\n            err = hidp_get_connlist(&cl);\n            if (!err && copy_to_user(argp, &cl, sizeof(cl)))\n            {\n                return -EFAULT;\n            }\n            return err;\n        case HIDPGETCONNINFO:\n            if (copy_from_user(&ci, argp, sizeof(ci)))\n            {\n                return -EFAULT;\n            }\n            err = hidp_get_conninfo(&ci);\n            if (!err && copy_to_user(argp, &ci, sizeof(ci)))\n            {\n                return -EFAULT;\n            }\n            return err;\n    }\n    return -EINVAL;\n}\n",
        "question": "Given that the parameter or function `intr_sock` is modified before the execution of the function `hidp_connection_add`, evaluate the potential impact on the outcomes of `hidp_connection_add`. Consider how `intr_sock` could influence `hidp_connection_add`, including its role as a direct parameter, its effect on controlling conditions, or its indirect impacts through other related variables or system states.",
        "choices": {
            "A": "The change to `intr_sock` directly alters the arguments passed to `hidp_connection_add`.",
            "B": "There is neither a direct nor a significant indirect relationship between the changes to `intr_sock` and the behavior or output of `hidp_connection_add`, suggesting no observable impact.",
            "C": "The modification of `intr_sock` might indirectly influence `hidp_connection_add` by modifying the control statement that controls the behavior of `hidp_connection_add`.",
            "D": "It is not possible to determine the effect without additional context."
        },
        "answer": "A",
        "distance": 2
    },
    {
        "case_id": "primevul_51",
        "code": "static int do_hidp_sock_ioctl(struct socket *sock, unsigned int cmd, void __user *argp)\n{\n    struct hidp_connadd_req ca;\n    struct hidp_conndel_req cd;\n    struct hidp_connlist_req cl;\n    struct hidp_conninfo ci;\n    struct socket *csock;\n    struct socket *isock;\n    int err;\n    BT_DBG(\"cmd %x arg %p\", cmd, argp);\n    switch (cmd)\n    {\n        case HIDPCONNADD:\n            if (!capable(CAP_NET_ADMIN))\n            {\n                return -EPERM;\n            }\n            if (copy_from_user(&ca, argp, sizeof(ca)))\n            {\n                return -EFAULT;\n            }\n            csock = sockfd_lookup(ca.ctrl_sock, &err);\n            if (!csock)\n            {\n                return err;\n            }\n            isock = sockfd_lookup(ca.intr_sock, &err);\n            if (!isock)\n            {\n                sockfd_put(csock);\n                return err;\n            }\n            err = hidp_connection_add(&ca, csock, isock);\n            if (!err && copy_to_user(argp, &ca, sizeof(ca)))\n            {\n                err = -EFAULT;\n            }\n            sockfd_put(csock);\n            sockfd_put(isock);\n            return err;\n        case HIDPCONNDEL:\n            if (!capable(CAP_NET_ADMIN))\n            {\n                return -EPERM;\n            }\n            if (copy_from_user(&cd, argp, sizeof(cd)))\n            {\n                return -EFAULT;\n            }\n            return hidp_connection_del(&cd);\n        case HIDPGETCONNLIST:\n            if (copy_from_user(&cl, argp, sizeof(cl)))\n            {\n                return -EFAULT;\n            }\n            if (cl.cnum <= 0)\n            {\n                return -EINVAL;\n            }\n            err = hidp_get_connlist(&cl);\n            if (!err && copy_to_user(argp, &cl, sizeof(cl)))\n            {\n                return -EFAULT;\n            }\n            return err;\n        case HIDPGETCONNINFO:\n            if (copy_from_user(&ci, argp, sizeof(ci)))\n            {\n                return -EFAULT;\n            }\n            err = hidp_get_conninfo(&ci);\n            if (!err && copy_to_user(argp, &ci, sizeof(ci)))\n            {\n                return -EFAULT;\n            }\n            return err;\n    }\n    return -EINVAL;\n}\n",
        "question": "Given that the parameter or function `ci` is modified before the execution of the function `hidp_get_conninfo`, evaluate the potential impact on the outcomes of `hidp_get_conninfo`. Consider how `ci` could influence `hidp_get_conninfo`, including its role as a direct parameter, its effect on controlling conditions, or its indirect impacts through other related variables or system states.",
        "choices": {
            "A": "The change to `ci` directly alters the arguments passed to `hidp_get_conninfo`.",
            "B": "There is neither a direct nor a significant indirect relationship between the changes to `ci` and the behavior or output of `hidp_get_conninfo`, suggesting no observable impact.",
            "C": "The modification of `ci` might indirectly influence `hidp_get_conninfo` by modifying the control statement that controls the behavior of `hidp_get_conninfo`.",
            "D": "It is not possible to determine the effect without additional context."
        },
        "answer": "A",
        "distance": 1
    },
    {
        "case_id": "primevul_51",
        "code": "static int do_hidp_sock_ioctl(struct socket *sock, unsigned int cmd, void __user *argp)\n{\n    struct hidp_connadd_req ca;\n    struct hidp_conndel_req cd;\n    struct hidp_connlist_req cl;\n    struct hidp_conninfo ci;\n    struct socket *csock;\n    struct socket *isock;\n    int err;\n    BT_DBG(\"cmd %x arg %p\", cmd, argp);\n    switch (cmd)\n    {\n        case HIDPCONNADD:\n            if (!capable(CAP_NET_ADMIN))\n            {\n                return -EPERM;\n            }\n            if (copy_from_user(&ca, argp, sizeof(ca)))\n            {\n                return -EFAULT;\n            }\n            csock = sockfd_lookup(ca.ctrl_sock, &err);\n            if (!csock)\n            {\n                return err;\n            }\n            isock = sockfd_lookup(ca.intr_sock, &err);\n            if (!isock)\n            {\n                sockfd_put(csock);\n                return err;\n            }\n            err = hidp_connection_add(&ca, csock, isock);\n            if (!err && copy_to_user(argp, &ca, sizeof(ca)))\n            {\n                err = -EFAULT;\n            }\n            sockfd_put(csock);\n            sockfd_put(isock);\n            return err;\n        case HIDPCONNDEL:\n            if (!capable(CAP_NET_ADMIN))\n            {\n                return -EPERM;\n            }\n            if (copy_from_user(&cd, argp, sizeof(cd)))\n            {\n                return -EFAULT;\n            }\n            return hidp_connection_del(&cd);\n        case HIDPGETCONNLIST:\n            if (copy_from_user(&cl, argp, sizeof(cl)))\n            {\n                return -EFAULT;\n            }\n            if (cl.cnum <= 0)\n            {\n                return -EINVAL;\n            }\n            err = hidp_get_connlist(&cl);\n            if (!err && copy_to_user(argp, &cl, sizeof(cl)))\n            {\n                return -EFAULT;\n            }\n            return err;\n        case HIDPGETCONNINFO:\n            if (copy_from_user(&ci, argp, sizeof(ci)))\n            {\n                return -EFAULT;\n            }\n            err = hidp_get_conninfo(&ci);\n            if (!err && copy_to_user(argp, &ci, sizeof(ci)))\n            {\n                return -EFAULT;\n            }\n            return err;\n    }\n    return -EINVAL;\n}\n",
        "question": "Given that the parameter or function `cmd` is modified before the execution of the function `BT_DBG`, evaluate the potential impact on the outcomes of `BT_DBG`. Consider how `cmd` could influence `BT_DBG`, including its role as a direct parameter, its effect on controlling conditions, or its indirect impacts through other related variables or system states.",
        "choices": {
            "A": "The change to `cmd` directly alters the arguments passed to `BT_DBG`.",
            "B": "There is neither a direct nor a significant indirect relationship between the changes to `cmd` and the behavior or output of `BT_DBG`, suggesting no observable impact.",
            "C": "The modification of `cmd` might indirectly influence `BT_DBG` by modifying the control statement that controls the behavior of `BT_DBG`.",
            "D": "It is not possible to determine the effect without additional context."
        },
        "answer": "A",
        "distance": 1
    },
    {
        "case_id": "primevul_51",
        "code": "static int do_hidp_sock_ioctl(struct socket *sock, unsigned int cmd, void __user *argp)\n{\n    struct hidp_connadd_req ca;\n    struct hidp_conndel_req cd;\n    struct hidp_connlist_req cl;\n    struct hidp_conninfo ci;\n    struct socket *csock;\n    struct socket *isock;\n    int err;\n    BT_DBG(\"cmd %x arg %p\", cmd, argp);\n    switch (cmd)\n    {\n        case HIDPCONNADD:\n            if (!capable(CAP_NET_ADMIN))\n            {\n                return -EPERM;\n            }\n            if (copy_from_user(&ca, argp, sizeof(ca)))\n            {\n                return -EFAULT;\n            }\n            csock = sockfd_lookup(ca.ctrl_sock, &err);\n            if (!csock)\n            {\n                return err;\n            }\n            isock = sockfd_lookup(ca.intr_sock, &err);\n            if (!isock)\n            {\n                sockfd_put(csock);\n                return err;\n            }\n            err = hidp_connection_add(&ca, csock, isock);\n            if (!err && copy_to_user(argp, &ca, sizeof(ca)))\n            {\n                err = -EFAULT;\n            }\n            sockfd_put(csock);\n            sockfd_put(isock);\n            return err;\n        case HIDPCONNDEL:\n            if (!capable(CAP_NET_ADMIN))\n            {\n                return -EPERM;\n            }\n            if (copy_from_user(&cd, argp, sizeof(cd)))\n            {\n                return -EFAULT;\n            }\n            return hidp_connection_del(&cd);\n        case HIDPGETCONNLIST:\n            if (copy_from_user(&cl, argp, sizeof(cl)))\n            {\n                return -EFAULT;\n            }\n            if (cl.cnum <= 0)\n            {\n                return -EINVAL;\n            }\n            err = hidp_get_connlist(&cl);\n            if (!err && copy_to_user(argp, &cl, sizeof(cl)))\n            {\n                return -EFAULT;\n            }\n            return err;\n        case HIDPGETCONNINFO:\n            if (copy_from_user(&ci, argp, sizeof(ci)))\n            {\n                return -EFAULT;\n            }\n            err = hidp_get_conninfo(&ci);\n            if (!err && copy_to_user(argp, &ci, sizeof(ci)))\n            {\n                return -EFAULT;\n            }\n            return err;\n    }\n    return -EINVAL;\n}\n",
        "question": "Given that the parameter or function `argp` is modified before the execution of the function `BT_DBG`, evaluate the potential impact on the outcomes of `BT_DBG`. Consider how `argp` could influence `BT_DBG`, including its role as a direct parameter, its effect on controlling conditions, or its indirect impacts through other related variables or system states.",
        "choices": {
            "A": "The change to `argp` directly alters the arguments passed to `BT_DBG`.",
            "B": "There is neither a direct nor a significant indirect relationship between the changes to `argp` and the behavior or output of `BT_DBG`, suggesting no observable impact.",
            "C": "The modification of `argp` might indirectly influence `BT_DBG` by modifying the control statement that controls the behavior of `BT_DBG`.",
            "D": "It is not possible to determine the effect without additional context."
        },
        "answer": "A",
        "distance": 1
    },
    {
        "case_id": "primevul_51",
        "code": "static int do_hidp_sock_ioctl(struct socket *sock, unsigned int cmd, void __user *argp)\n{\n    struct hidp_connadd_req ca;\n    struct hidp_conndel_req cd;\n    struct hidp_connlist_req cl;\n    struct hidp_conninfo ci;\n    struct socket *csock;\n    struct socket *isock;\n    int err;\n    BT_DBG(\"cmd %x arg %p\", cmd, argp);\n    switch (cmd)\n    {\n        case HIDPCONNADD:\n            if (!capable(CAP_NET_ADMIN))\n            {\n                return -EPERM;\n            }\n            if (copy_from_user(&ca, argp, sizeof(ca)))\n            {\n                return -EFAULT;\n            }\n            csock = sockfd_lookup(ca.ctrl_sock, &err);\n            if (!csock)\n            {\n                return err;\n            }\n            isock = sockfd_lookup(ca.intr_sock, &err);\n            if (!isock)\n            {\n                sockfd_put(csock);\n                return err;\n            }\n            err = hidp_connection_add(&ca, csock, isock);\n            if (!err && copy_to_user(argp, &ca, sizeof(ca)))\n            {\n                err = -EFAULT;\n            }\n            sockfd_put(csock);\n            sockfd_put(isock);\n            return err;\n        case HIDPCONNDEL:\n            if (!capable(CAP_NET_ADMIN))\n            {\n                return -EPERM;\n            }\n            if (copy_from_user(&cd, argp, sizeof(cd)))\n            {\n                return -EFAULT;\n            }\n            return hidp_connection_del(&cd);\n        case HIDPGETCONNLIST:\n            if (copy_from_user(&cl, argp, sizeof(cl)))\n            {\n                return -EFAULT;\n            }\n            if (cl.cnum <= 0)\n            {\n                return -EINVAL;\n            }\n            err = hidp_get_connlist(&cl);\n            if (!err && copy_to_user(argp, &cl, sizeof(cl)))\n            {\n                return -EFAULT;\n            }\n            return err;\n        case HIDPGETCONNINFO:\n            if (copy_from_user(&ci, argp, sizeof(ci)))\n            {\n                return -EFAULT;\n            }\n            err = hidp_get_conninfo(&ci);\n            if (!err && copy_to_user(argp, &ci, sizeof(ci)))\n            {\n                return -EFAULT;\n            }\n            return err;\n    }\n    return -EINVAL;\n}\n",
        "question": "Given that the parameter or function `BT_DBG` is modified before the execution of the function `hidp_get_conninfo`, evaluate the potential impact on the outcomes of `hidp_get_conninfo`. Consider how `BT_DBG` could influence `hidp_get_conninfo`, including its role as a direct parameter, its effect on controlling conditions, or its indirect impacts through other related variables or system states.",
        "choices": {
            "A": "The change to `BT_DBG` directly alters the arguments passed to `hidp_get_conninfo`.",
            "B": "There is neither a direct nor a significant indirect relationship between the changes to `BT_DBG` and the behavior or output of `hidp_get_conninfo`, suggesting no observable impact.",
            "C": "The modification of `BT_DBG` might indirectly influence `hidp_get_conninfo` by modifying the control statement that controls the behavior of `hidp_get_conninfo`.",
            "D": "It is not possible to determine the effect without additional context."
        },
        "answer": "B",
        "distance": 0
    },
    {
        "case_id": "primevul_51",
        "code": "static int do_hidp_sock_ioctl(struct socket *sock, unsigned int cmd, void __user *argp)\n{\n    struct hidp_connadd_req ca;\n    struct hidp_conndel_req cd;\n    struct hidp_connlist_req cl;\n    struct hidp_conninfo ci;\n    struct socket *csock;\n    struct socket *isock;\n    int err;\n    BT_DBG(\"cmd %x arg %p\", cmd, argp);\n    switch (cmd)\n    {\n        case HIDPCONNADD:\n            if (!capable(CAP_NET_ADMIN))\n            {\n                return -EPERM;\n            }\n            if (copy_from_user(&ca, argp, sizeof(ca)))\n            {\n                return -EFAULT;\n            }\n            csock = sockfd_lookup(ca.ctrl_sock, &err);\n            if (!csock)\n            {\n                return err;\n            }\n            isock = sockfd_lookup(ca.intr_sock, &err);\n            if (!isock)\n            {\n                sockfd_put(csock);\n                return err;\n            }\n            err = hidp_connection_add(&ca, csock, isock);\n            if (!err && copy_to_user(argp, &ca, sizeof(ca)))\n            {\n                err = -EFAULT;\n            }\n            sockfd_put(csock);\n            sockfd_put(isock);\n            return err;\n        case HIDPCONNDEL:\n            if (!capable(CAP_NET_ADMIN))\n            {\n                return -EPERM;\n            }\n            if (copy_from_user(&cd, argp, sizeof(cd)))\n            {\n                return -EFAULT;\n            }\n            return hidp_connection_del(&cd);\n        case HIDPGETCONNLIST:\n            if (copy_from_user(&cl, argp, sizeof(cl)))\n            {\n                return -EFAULT;\n            }\n            if (cl.cnum <= 0)\n            {\n                return -EINVAL;\n            }\n            err = hidp_get_connlist(&cl);\n            if (!err && copy_to_user(argp, &cl, sizeof(cl)))\n            {\n                return -EFAULT;\n            }\n            return err;\n        case HIDPGETCONNINFO:\n            if (copy_from_user(&ci, argp, sizeof(ci)))\n            {\n                return -EFAULT;\n            }\n            err = hidp_get_conninfo(&ci);\n            if (!err && copy_to_user(argp, &ci, sizeof(ci)))\n            {\n                return -EFAULT;\n            }\n            return err;\n    }\n    return -EINVAL;\n}\n",
        "question": "Given that the parameter or function `hidp_connection_add` is modified before the execution of the function `hidp_get_conninfo`, evaluate the potential impact on the outcomes of `hidp_get_conninfo`. Consider how `hidp_connection_add` could influence `hidp_get_conninfo`, including its role as a direct parameter, its effect on controlling conditions, or its indirect impacts through other related variables or system states.",
        "choices": {
            "A": "The change to `hidp_connection_add` directly alters the arguments passed to `hidp_get_conninfo`.",
            "B": "There is neither a direct nor a significant indirect relationship between the changes to `hidp_connection_add` and the behavior or output of `hidp_get_conninfo`, suggesting no observable impact.",
            "C": "The modification of `hidp_connection_add` might indirectly influence `hidp_get_conninfo` by modifying the control statement that controls the behavior of `hidp_get_conninfo`.",
            "D": "It is not possible to determine the effect without additional context."
        },
        "answer": "B",
        "distance": 0
    },
    {
        "case_id": "primevul_51",
        "code": "static int do_hidp_sock_ioctl(struct socket *sock, unsigned int cmd, void __user *argp)\n{\n    struct hidp_connadd_req ca;\n    struct hidp_conndel_req cd;\n    struct hidp_connlist_req cl;\n    struct hidp_conninfo ci;\n    struct socket *csock;\n    struct socket *isock;\n    int err;\n    BT_DBG(\"cmd %x arg %p\", cmd, argp);\n    switch (cmd)\n    {\n        case HIDPCONNADD:\n            if (!capable(CAP_NET_ADMIN))\n            {\n                return -EPERM;\n            }\n            if (copy_from_user(&ca, argp, sizeof(ca)))\n            {\n                return -EFAULT;\n            }\n            csock = sockfd_lookup(ca.ctrl_sock, &err);\n            if (!csock)\n            {\n                return err;\n            }\n            isock = sockfd_lookup(ca.intr_sock, &err);\n            if (!isock)\n            {\n                sockfd_put(csock);\n                return err;\n            }\n            err = hidp_connection_add(&ca, csock, isock);\n            if (!err && copy_to_user(argp, &ca, sizeof(ca)))\n            {\n                err = -EFAULT;\n            }\n            sockfd_put(csock);\n            sockfd_put(isock);\n            return err;\n        case HIDPCONNDEL:\n            if (!capable(CAP_NET_ADMIN))\n            {\n                return -EPERM;\n            }\n            if (copy_from_user(&cd, argp, sizeof(cd)))\n            {\n                return -EFAULT;\n            }\n            return hidp_connection_del(&cd);\n        case HIDPGETCONNLIST:\n            if (copy_from_user(&cl, argp, sizeof(cl)))\n            {\n                return -EFAULT;\n            }\n            if (cl.cnum <= 0)\n            {\n                return -EINVAL;\n            }\n            err = hidp_get_connlist(&cl);\n            if (!err && copy_to_user(argp, &cl, sizeof(cl)))\n            {\n                return -EFAULT;\n            }\n            return err;\n        case HIDPGETCONNINFO:\n            if (copy_from_user(&ci, argp, sizeof(ci)))\n            {\n                return -EFAULT;\n            }\n            err = hidp_get_conninfo(&ci);\n            if (!err && copy_to_user(argp, &ci, sizeof(ci)))\n            {\n                return -EFAULT;\n            }\n            return err;\n    }\n    return -EINVAL;\n}\n",
        "question": "Given that the parameter or function `hidp_get_connlist` is modified before the execution of the function `hidp_get_conninfo`, evaluate the potential impact on the outcomes of `hidp_get_conninfo`. Consider how `hidp_get_connlist` could influence `hidp_get_conninfo`, including its role as a direct parameter, its effect on controlling conditions, or its indirect impacts through other related variables or system states.",
        "choices": {
            "A": "The change to `hidp_get_connlist` directly alters the arguments passed to `hidp_get_conninfo`.",
            "B": "There is neither a direct nor a significant indirect relationship between the changes to `hidp_get_connlist` and the behavior or output of `hidp_get_conninfo`, suggesting no observable impact.",
            "C": "The modification of `hidp_get_connlist` might indirectly influence `hidp_get_conninfo` by modifying the control statement that controls the behavior of `hidp_get_conninfo`.",
            "D": "It is not possible to determine the effect without additional context."
        },
        "answer": "B",
        "distance": 0
    },
    {
        "case_id": "primevul_51",
        "code": "static int do_hidp_sock_ioctl(struct socket *sock, unsigned int cmd, void __user *argp)\n{\n    struct hidp_connadd_req ca;\n    struct hidp_conndel_req cd;\n    struct hidp_connlist_req cl;\n    struct hidp_conninfo ci;\n    struct socket *csock;\n    struct socket *isock;\n    int err;\n    BT_DBG(\"cmd %x arg %p\", cmd, argp);\n    switch (cmd)\n    {\n        case HIDPCONNADD:\n            if (!capable(CAP_NET_ADMIN))\n            {\n                return -EPERM;\n            }\n            if (copy_from_user(&ca, argp, sizeof(ca)))\n            {\n                return -EFAULT;\n            }\n            csock = sockfd_lookup(ca.ctrl_sock, &err);\n            if (!csock)\n            {\n                return err;\n            }\n            isock = sockfd_lookup(ca.intr_sock, &err);\n            if (!isock)\n            {\n                sockfd_put(csock);\n                return err;\n            }\n            err = hidp_connection_add(&ca, csock, isock);\n            if (!err && copy_to_user(argp, &ca, sizeof(ca)))\n            {\n                err = -EFAULT;\n            }\n            sockfd_put(csock);\n            sockfd_put(isock);\n            return err;\n        case HIDPCONNDEL:\n            if (!capable(CAP_NET_ADMIN))\n            {\n                return -EPERM;\n            }\n            if (copy_from_user(&cd, argp, sizeof(cd)))\n            {\n                return -EFAULT;\n            }\n            return hidp_connection_del(&cd);\n        case HIDPGETCONNLIST:\n            if (copy_from_user(&cl, argp, sizeof(cl)))\n            {\n                return -EFAULT;\n            }\n            if (cl.cnum <= 0)\n            {\n                return -EINVAL;\n            }\n            err = hidp_get_connlist(&cl);\n            if (!err && copy_to_user(argp, &cl, sizeof(cl)))\n            {\n                return -EFAULT;\n            }\n            return err;\n        case HIDPGETCONNINFO:\n            if (copy_from_user(&ci, argp, sizeof(ci)))\n            {\n                return -EFAULT;\n            }\n            err = hidp_get_conninfo(&ci);\n            if (!err && copy_to_user(argp, &ci, sizeof(ci)))\n            {\n                return -EFAULT;\n            }\n            return err;\n    }\n    return -EINVAL;\n}\n",
        "question": "Given that the parameter or function `ctrl_sock` is modified before the execution of the function `hidp_get_conninfo`, evaluate the potential impact on the outcomes of `hidp_get_conninfo`. Consider how `ctrl_sock` could influence `hidp_get_conninfo`, including its role as a direct parameter, its effect on controlling conditions, or its indirect impacts through other related variables or system states.",
        "choices": {
            "A": "The change to `ctrl_sock` directly alters the arguments passed to `hidp_get_conninfo`.",
            "B": "There is neither a direct nor a significant indirect relationship between the changes to `ctrl_sock` and the behavior or output of `hidp_get_conninfo`, suggesting no observable impact.",
            "C": "The modification of `ctrl_sock` might indirectly influence `hidp_get_conninfo` by modifying the control statement that controls the behavior of `hidp_get_conninfo`.",
            "D": "It is not possible to determine the effect without additional context."
        },
        "answer": "B",
        "distance": 0
    }
]