[
    {
        "case_id": "primevul_17",
        "code": "process_open(u_int32_t id)\n{\n\tu_int32_t pflags;\n\tAttrib a;\n\tchar *name;\n\tint r, handle, fd, flags, mode, status = SSH2_FX_FAILURE;\n\tif ((r = sshbuf_get_cstring(iqueue, &name, NULL)) != 0 ||\n\t    (r = sshbuf_get_u32(iqueue, &pflags)) != 0 ||\n\t    (r = decode_attrib(iqueue, &a)) != 0)\n\t{\n\t\tfatal(\"%s: buffer error: %s\", __func__, ssh_err(r));\n\t}\n\tdebug3(\"request %u: open flags %d\", id, pflags);\n\tflags = flags_from_portable(pflags);\n\tmode = (a.flags & SSH2_FILEXFER_ATTR_PERMISSIONS) ? a.perm : 0666;\n\tlogit(\"open \\\"%s\\\" flags %s mode 0%o\",\n\t    name, string_from_portable(pflags), mode);\n\tif (readonly &&\n\t    ((flags & O_ACCMODE) == O_WRONLY ||\n\t    (flags & O_ACCMODE) == O_RDWR))\n\t{\n\t\tverbose(\"Refusing open request in read-only mode\");\n\t\tstatus = SSH2_FX_PERMISSION_DENIED;\n\t}\n\telse\n\t{\n\t\tfd = open(name, flags, mode);\n\t\tif (fd < 0)\n\t\t{\n\t\t\tstatus = errno_to_portable(errno);\n\t\t}\n\t\telse\n\t\t{\n\t\t\thandle = handle_new(HANDLE_FILE, name, fd, flags, NULL);\n\t\t\tif (handle < 0)\n\t\t\t{\n\t\t\t\tclose(fd);\n\t\t\t}\n\t\t\telse\n\t\t\t{\n\t\t\t\tsend_handle(id, handle);\n\t\t\t\tstatus = SSH2_FX_OK;\n\t\t\t}\n\t\t}\n\t}\n\tif (status != SSH2_FX_OK)\n\t{\n\t\tsend_status(id, status);\n\t}\n\tfree(name);\n}",
        "question": "Given that the parameter or function `close` is modified before the execution of the function `send_status`, evaluate the potential impact on the outcomes of `send_status`. Consider how `close` could influence `send_status`, including its role as a direct parameter, its effect on controlling conditions, or its indirect impacts through other related variables or system states.",
        "choices": {
            "A": "The change to `close` directly alters the arguments passed to `send_status`.",
            "B": "There is neither a direct nor a significant indirect relationship between the changes to `close` and the behavior or output of `send_status`, suggesting no observable impact.",
            "C": "The modification of `close` might indirectly influence `send_status` by modifying the control statement that controls the behavior of `send_status`.",
            "D": "It is not possible to determine the effect without additional context."
        },
        "answer": "A",
        "distance": 4
    },
    {
        "case_id": "primevul_17",
        "code": "process_open(u_int32_t id)\n{\n\tu_int32_t pflags;\n\tAttrib a;\n\tchar *name;\n\tint r, handle, fd, flags, mode, status = SSH2_FX_FAILURE;\n\tif ((r = sshbuf_get_cstring(iqueue, &name, NULL)) != 0 ||\n\t    (r = sshbuf_get_u32(iqueue, &pflags)) != 0 ||\n\t    (r = decode_attrib(iqueue, &a)) != 0)\n\t{\n\t\tfatal(\"%s: buffer error: %s\", __func__, ssh_err(r));\n\t}\n\tdebug3(\"request %u: open flags %d\", id, pflags);\n\tflags = flags_from_portable(pflags);\n\tmode = (a.flags & SSH2_FILEXFER_ATTR_PERMISSIONS) ? a.perm : 0666;\n\tlogit(\"open \\\"%s\\\" flags %s mode 0%o\",\n\t    name, string_from_portable(pflags), mode);\n\tif (readonly &&\n\t    ((flags & O_ACCMODE) == O_WRONLY ||\n\t    (flags & O_ACCMODE) == O_RDWR))\n\t{\n\t\tverbose(\"Refusing open request in read-only mode\");\n\t\tstatus = SSH2_FX_PERMISSION_DENIED;\n\t}\n\telse\n\t{\n\t\tfd = open(name, flags, mode);\n\t\tif (fd < 0)\n\t\t{\n\t\t\tstatus = errno_to_portable(errno);\n\t\t}\n\t\telse\n\t\t{\n\t\t\thandle = handle_new(HANDLE_FILE, name, fd, flags, NULL);\n\t\t\tif (handle < 0)\n\t\t\t{\n\t\t\t\tclose(fd);\n\t\t\t}\n\t\t\telse\n\t\t\t{\n\t\t\t\tsend_handle(id, handle);\n\t\t\t\tstatus = SSH2_FX_OK;\n\t\t\t}\n\t\t}\n\t}\n\tif (status != SSH2_FX_OK)\n\t{\n\t\tsend_status(id, status);\n\t}\n\tfree(name);\n}",
        "question": "Given that the parameter or function `mode` is modified before the execution of the function `send_status`, evaluate the potential impact on the outcomes of `send_status`. Consider how `mode` could influence `send_status`, including its role as a direct parameter, its effect on controlling conditions, or its indirect impacts through other related variables or system states.",
        "choices": {
            "A": "The change to `mode` directly alters the arguments passed to `send_status`.",
            "B": "There is neither a direct nor a significant indirect relationship between the changes to `mode` and the behavior or output of `send_status`, suggesting no observable impact.",
            "C": "The modification of `mode` might indirectly influence `send_status` by modifying the control statement that controls the behavior of `send_status`.",
            "D": "It is not possible to determine the effect without additional context."
        },
        "answer": "A",
        "distance": 4
    },
    {
        "case_id": "primevul_17",
        "code": "process_open(u_int32_t id)\n{\n\tu_int32_t pflags;\n\tAttrib a;\n\tchar *name;\n\tint r, handle, fd, flags, mode, status = SSH2_FX_FAILURE;\n\tif ((r = sshbuf_get_cstring(iqueue, &name, NULL)) != 0 ||\n\t    (r = sshbuf_get_u32(iqueue, &pflags)) != 0 ||\n\t    (r = decode_attrib(iqueue, &a)) != 0)\n\t{\n\t\tfatal(\"%s: buffer error: %s\", __func__, ssh_err(r));\n\t}\n\tdebug3(\"request %u: open flags %d\", id, pflags);\n\tflags = flags_from_portable(pflags);\n\tmode = (a.flags & SSH2_FILEXFER_ATTR_PERMISSIONS) ? a.perm : 0666;\n\tlogit(\"open \\\"%s\\\" flags %s mode 0%o\",\n\t    name, string_from_portable(pflags), mode);\n\tif (readonly &&\n\t    ((flags & O_ACCMODE) == O_WRONLY ||\n\t    (flags & O_ACCMODE) == O_RDWR))\n\t{\n\t\tverbose(\"Refusing open request in read-only mode\");\n\t\tstatus = SSH2_FX_PERMISSION_DENIED;\n\t}\n\telse\n\t{\n\t\tfd = open(name, flags, mode);\n\t\tif (fd < 0)\n\t\t{\n\t\t\tstatus = errno_to_portable(errno);\n\t\t}\n\t\telse\n\t\t{\n\t\t\thandle = handle_new(HANDLE_FILE, name, fd, flags, NULL);\n\t\t\tif (handle < 0)\n\t\t\t{\n\t\t\t\tclose(fd);\n\t\t\t}\n\t\t\telse\n\t\t\t{\n\t\t\t\tsend_handle(id, handle);\n\t\t\t\tstatus = SSH2_FX_OK;\n\t\t\t}\n\t\t}\n\t}\n\tif (status != SSH2_FX_OK)\n\t{\n\t\tsend_status(id, status);\n\t}\n\tfree(name);\n}",
        "question": "Given that the parameter or function `open` is modified before the execution of the function `send_status`, evaluate the potential impact on the outcomes of `send_status`. Consider how `open` could influence `send_status`, including its role as a direct parameter, its effect on controlling conditions, or its indirect impacts through other related variables or system states.",
        "choices": {
            "A": "The change to `open` directly alters the arguments passed to `send_status`.",
            "B": "There is neither a direct nor a significant indirect relationship between the changes to `open` and the behavior or output of `send_status`, suggesting no observable impact.",
            "C": "The modification of `open` might indirectly influence `send_status` by modifying the control statement that controls the behavior of `send_status`.",
            "D": "It is not possible to determine the effect without additional context."
        },
        "answer": "A",
        "distance": 4
    },
    {
        "case_id": "primevul_17",
        "code": "process_open(u_int32_t id)\n{\n\tu_int32_t pflags;\n\tAttrib a;\n\tchar *name;\n\tint r, handle, fd, flags, mode, status = SSH2_FX_FAILURE;\n\tif ((r = sshbuf_get_cstring(iqueue, &name, NULL)) != 0 ||\n\t    (r = sshbuf_get_u32(iqueue, &pflags)) != 0 ||\n\t    (r = decode_attrib(iqueue, &a)) != 0)\n\t{\n\t\tfatal(\"%s: buffer error: %s\", __func__, ssh_err(r));\n\t}\n\tdebug3(\"request %u: open flags %d\", id, pflags);\n\tflags = flags_from_portable(pflags);\n\tmode = (a.flags & SSH2_FILEXFER_ATTR_PERMISSIONS) ? a.perm : 0666;\n\tlogit(\"open \\\"%s\\\" flags %s mode 0%o\",\n\t    name, string_from_portable(pflags), mode);\n\tif (readonly &&\n\t    ((flags & O_ACCMODE) == O_WRONLY ||\n\t    (flags & O_ACCMODE) == O_RDWR))\n\t{\n\t\tverbose(\"Refusing open request in read-only mode\");\n\t\tstatus = SSH2_FX_PERMISSION_DENIED;\n\t}\n\telse\n\t{\n\t\tfd = open(name, flags, mode);\n\t\tif (fd < 0)\n\t\t{\n\t\t\tstatus = errno_to_portable(errno);\n\t\t}\n\t\telse\n\t\t{\n\t\t\thandle = handle_new(HANDLE_FILE, name, fd, flags, NULL);\n\t\t\tif (handle < 0)\n\t\t\t{\n\t\t\t\tclose(fd);\n\t\t\t}\n\t\t\telse\n\t\t\t{\n\t\t\t\tsend_handle(id, handle);\n\t\t\t\tstatus = SSH2_FX_OK;\n\t\t\t}\n\t\t}\n\t}\n\tif (status != SSH2_FX_OK)\n\t{\n\t\tsend_status(id, status);\n\t}\n\tfree(name);\n}",
        "question": "Given that the parameter or function `close` is modified before the execution of the function `send_handle`, evaluate the potential impact on the outcomes of `send_handle`. Consider how `close` could influence `send_handle`, including its role as a direct parameter, its effect on controlling conditions, or its indirect impacts through other related variables or system states.",
        "choices": {
            "A": "The change to `close` directly alters the arguments passed to `send_handle`.",
            "B": "There is neither a direct nor a significant indirect relationship between the changes to `close` and the behavior or output of `send_handle`, suggesting no observable impact.",
            "C": "The modification of `close` might indirectly influence `send_handle` by modifying the control statement that controls the behavior of `send_handle`.",
            "D": "It is not possible to determine the effect without additional context."
        },
        "answer": "A",
        "distance": 4
    },
    {
        "case_id": "primevul_17",
        "code": "process_open(u_int32_t id)\n{\n\tu_int32_t pflags;\n\tAttrib a;\n\tchar *name;\n\tint r, handle, fd, flags, mode, status = SSH2_FX_FAILURE;\n\tif ((r = sshbuf_get_cstring(iqueue, &name, NULL)) != 0 ||\n\t    (r = sshbuf_get_u32(iqueue, &pflags)) != 0 ||\n\t    (r = decode_attrib(iqueue, &a)) != 0)\n\t{\n\t\tfatal(\"%s: buffer error: %s\", __func__, ssh_err(r));\n\t}\n\tdebug3(\"request %u: open flags %d\", id, pflags);\n\tflags = flags_from_portable(pflags);\n\tmode = (a.flags & SSH2_FILEXFER_ATTR_PERMISSIONS) ? a.perm : 0666;\n\tlogit(\"open \\\"%s\\\" flags %s mode 0%o\",\n\t    name, string_from_portable(pflags), mode);\n\tif (readonly &&\n\t    ((flags & O_ACCMODE) == O_WRONLY ||\n\t    (flags & O_ACCMODE) == O_RDWR))\n\t{\n\t\tverbose(\"Refusing open request in read-only mode\");\n\t\tstatus = SSH2_FX_PERMISSION_DENIED;\n\t}\n\telse\n\t{\n\t\tfd = open(name, flags, mode);\n\t\tif (fd < 0)\n\t\t{\n\t\t\tstatus = errno_to_portable(errno);\n\t\t}\n\t\telse\n\t\t{\n\t\t\thandle = handle_new(HANDLE_FILE, name, fd, flags, NULL);\n\t\t\tif (handle < 0)\n\t\t\t{\n\t\t\t\tclose(fd);\n\t\t\t}\n\t\t\telse\n\t\t\t{\n\t\t\t\tsend_handle(id, handle);\n\t\t\t\tstatus = SSH2_FX_OK;\n\t\t\t}\n\t\t}\n\t}\n\tif (status != SSH2_FX_OK)\n\t{\n\t\tsend_status(id, status);\n\t}\n\tfree(name);\n}",
        "question": "Given that the parameter or function `send_status` is modified before the execution of the function `free`, evaluate the potential impact on the outcomes of `free`. Consider how `send_status` could influence `free`, including its role as a direct parameter, its effect on controlling conditions, or its indirect impacts through other related variables or system states.",
        "choices": {
            "A": "The change to `send_status` directly alters the arguments passed to `free`.",
            "B": "There is neither a direct nor a significant indirect relationship between the changes to `send_status` and the behavior or output of `free`, suggesting no observable impact.",
            "C": "The modification of `send_status` might indirectly influence `free` by modifying the control statement that controls the behavior of `free`.",
            "D": "It is not possible to determine the effect without additional context."
        },
        "answer": "B",
        "distance": 0
    },
    {
        "case_id": "primevul_17",
        "code": "process_open(u_int32_t id)\n{\n\tu_int32_t pflags;\n\tAttrib a;\n\tchar *name;\n\tint r, handle, fd, flags, mode, status = SSH2_FX_FAILURE;\n\tif ((r = sshbuf_get_cstring(iqueue, &name, NULL)) != 0 ||\n\t    (r = sshbuf_get_u32(iqueue, &pflags)) != 0 ||\n\t    (r = decode_attrib(iqueue, &a)) != 0)\n\t{\n\t\tfatal(\"%s: buffer error: %s\", __func__, ssh_err(r));\n\t}\n\tdebug3(\"request %u: open flags %d\", id, pflags);\n\tflags = flags_from_portable(pflags);\n\tmode = (a.flags & SSH2_FILEXFER_ATTR_PERMISSIONS) ? a.perm : 0666;\n\tlogit(\"open \\\"%s\\\" flags %s mode 0%o\",\n\t    name, string_from_portable(pflags), mode);\n\tif (readonly &&\n\t    ((flags & O_ACCMODE) == O_WRONLY ||\n\t    (flags & O_ACCMODE) == O_RDWR))\n\t{\n\t\tverbose(\"Refusing open request in read-only mode\");\n\t\tstatus = SSH2_FX_PERMISSION_DENIED;\n\t}\n\telse\n\t{\n\t\tfd = open(name, flags, mode);\n\t\tif (fd < 0)\n\t\t{\n\t\t\tstatus = errno_to_portable(errno);\n\t\t}\n\t\telse\n\t\t{\n\t\t\thandle = handle_new(HANDLE_FILE, name, fd, flags, NULL);\n\t\t\tif (handle < 0)\n\t\t\t{\n\t\t\t\tclose(fd);\n\t\t\t}\n\t\t\telse\n\t\t\t{\n\t\t\t\tsend_handle(id, handle);\n\t\t\t\tstatus = SSH2_FX_OK;\n\t\t\t}\n\t\t}\n\t}\n\tif (status != SSH2_FX_OK)\n\t{\n\t\tsend_status(id, status);\n\t}\n\tfree(name);\n}",
        "question": "Given that the parameter or function `sshbuf_get_u32` is modified before the execution of the function `free`, evaluate the potential impact on the outcomes of `free`. Consider how `sshbuf_get_u32` could influence `free`, including its role as a direct parameter, its effect on controlling conditions, or its indirect impacts through other related variables or system states.",
        "choices": {
            "A": "The change to `sshbuf_get_u32` directly alters the arguments passed to `free`.",
            "B": "There is neither a direct nor a significant indirect relationship between the changes to `sshbuf_get_u32` and the behavior or output of `free`, suggesting no observable impact.",
            "C": "The modification of `sshbuf_get_u32` might indirectly influence `free` by modifying the control statement that controls the behavior of `free`.",
            "D": "It is not possible to determine the effect without additional context."
        },
        "answer": "B",
        "distance": 0
    },
    {
        "case_id": "primevul_17",
        "code": "process_open(u_int32_t id)\n{\n\tu_int32_t pflags;\n\tAttrib a;\n\tchar *name;\n\tint r, handle, fd, flags, mode, status = SSH2_FX_FAILURE;\n\tif ((r = sshbuf_get_cstring(iqueue, &name, NULL)) != 0 ||\n\t    (r = sshbuf_get_u32(iqueue, &pflags)) != 0 ||\n\t    (r = decode_attrib(iqueue, &a)) != 0)\n\t{\n\t\tfatal(\"%s: buffer error: %s\", __func__, ssh_err(r));\n\t}\n\tdebug3(\"request %u: open flags %d\", id, pflags);\n\tflags = flags_from_portable(pflags);\n\tmode = (a.flags & SSH2_FILEXFER_ATTR_PERMISSIONS) ? a.perm : 0666;\n\tlogit(\"open \\\"%s\\\" flags %s mode 0%o\",\n\t    name, string_from_portable(pflags), mode);\n\tif (readonly &&\n\t    ((flags & O_ACCMODE) == O_WRONLY ||\n\t    (flags & O_ACCMODE) == O_RDWR))\n\t{\n\t\tverbose(\"Refusing open request in read-only mode\");\n\t\tstatus = SSH2_FX_PERMISSION_DENIED;\n\t}\n\telse\n\t{\n\t\tfd = open(name, flags, mode);\n\t\tif (fd < 0)\n\t\t{\n\t\t\tstatus = errno_to_portable(errno);\n\t\t}\n\t\telse\n\t\t{\n\t\t\thandle = handle_new(HANDLE_FILE, name, fd, flags, NULL);\n\t\t\tif (handle < 0)\n\t\t\t{\n\t\t\t\tclose(fd);\n\t\t\t}\n\t\t\telse\n\t\t\t{\n\t\t\t\tsend_handle(id, handle);\n\t\t\t\tstatus = SSH2_FX_OK;\n\t\t\t}\n\t\t}\n\t}\n\tif (status != SSH2_FX_OK)\n\t{\n\t\tsend_status(id, status);\n\t}\n\tfree(name);\n}",
        "question": "Given that the parameter or function `fatal` is modified before the execution of the function `free`, evaluate the potential impact on the outcomes of `free`. Consider how `fatal` could influence `free`, including its role as a direct parameter, its effect on controlling conditions, or its indirect impacts through other related variables or system states.",
        "choices": {
            "A": "The change to `fatal` directly alters the arguments passed to `free`.",
            "B": "There is neither a direct nor a significant indirect relationship between the changes to `fatal` and the behavior or output of `free`, suggesting no observable impact.",
            "C": "The modification of `fatal` might indirectly influence `free` by modifying the control statement that controls the behavior of `free`.",
            "D": "It is not possible to determine the effect without additional context."
        },
        "answer": "B",
        "distance": 0
    },
    {
        "case_id": "primevul_17",
        "code": "process_open(u_int32_t id)\n{\n\tu_int32_t pflags;\n\tAttrib a;\n\tchar *name;\n\tint r, handle, fd, flags, mode, status = SSH2_FX_FAILURE;\n\tif ((r = sshbuf_get_cstring(iqueue, &name, NULL)) != 0 ||\n\t    (r = sshbuf_get_u32(iqueue, &pflags)) != 0 ||\n\t    (r = decode_attrib(iqueue, &a)) != 0)\n\t{\n\t\tfatal(\"%s: buffer error: %s\", __func__, ssh_err(r));\n\t}\n\tdebug3(\"request %u: open flags %d\", id, pflags);\n\tflags = flags_from_portable(pflags);\n\tmode = (a.flags & SSH2_FILEXFER_ATTR_PERMISSIONS) ? a.perm : 0666;\n\tlogit(\"open \\\"%s\\\" flags %s mode 0%o\",\n\t    name, string_from_portable(pflags), mode);\n\tif (readonly &&\n\t    ((flags & O_ACCMODE) == O_WRONLY ||\n\t    (flags & O_ACCMODE) == O_RDWR))\n\t{\n\t\tverbose(\"Refusing open request in read-only mode\");\n\t\tstatus = SSH2_FX_PERMISSION_DENIED;\n\t}\n\telse\n\t{\n\t\tfd = open(name, flags, mode);\n\t\tif (fd < 0)\n\t\t{\n\t\t\tstatus = errno_to_portable(errno);\n\t\t}\n\t\telse\n\t\t{\n\t\t\thandle = handle_new(HANDLE_FILE, name, fd, flags, NULL);\n\t\t\tif (handle < 0)\n\t\t\t{\n\t\t\t\tclose(fd);\n\t\t\t}\n\t\t\telse\n\t\t\t{\n\t\t\t\tsend_handle(id, handle);\n\t\t\t\tstatus = SSH2_FX_OK;\n\t\t\t}\n\t\t}\n\t}\n\tif (status != SSH2_FX_OK)\n\t{\n\t\tsend_status(id, status);\n\t}\n\tfree(name);\n}",
        "question": "Given that the parameter or function `send_handle` is modified before the execution of the function `free`, evaluate the potential impact on the outcomes of `free`. Consider how `send_handle` could influence `free`, including its role as a direct parameter, its effect on controlling conditions, or its indirect impacts through other related variables or system states.",
        "choices": {
            "A": "The change to `send_handle` directly alters the arguments passed to `free`.",
            "B": "There is neither a direct nor a significant indirect relationship between the changes to `send_handle` and the behavior or output of `free`, suggesting no observable impact.",
            "C": "The modification of `send_handle` might indirectly influence `free` by modifying the control statement that controls the behavior of `free`.",
            "D": "It is not possible to determine the effect without additional context."
        },
        "answer": "B",
        "distance": 0
    },
    {
        "case_id": "primevul_17",
        "code": "process_open(u_int32_t id)\n{\n\tu_int32_t pflags;\n\tAttrib a;\n\tchar *name;\n\tint r, handle, fd, flags, mode, status = SSH2_FX_FAILURE;\n\tif ((r = sshbuf_get_cstring(iqueue, &name, NULL)) != 0 ||\n\t    (r = sshbuf_get_u32(iqueue, &pflags)) != 0 ||\n\t    (r = decode_attrib(iqueue, &a)) != 0)\n\t{\n\t\tfatal(\"%s: buffer error: %s\", __func__, ssh_err(r));\n\t}\n\tdebug3(\"request %u: open flags %d\", id, pflags);\n\tflags = flags_from_portable(pflags);\n\tmode = (a.flags & SSH2_FILEXFER_ATTR_PERMISSIONS) ? a.perm : 0666;\n\tlogit(\"open \\\"%s\\\" flags %s mode 0%o\",\n\t    name, string_from_portable(pflags), mode);\n\tif (readonly &&\n\t    ((flags & O_ACCMODE) == O_WRONLY ||\n\t    (flags & O_ACCMODE) == O_RDWR))\n\t{\n\t\tverbose(\"Refusing open request in read-only mode\");\n\t\tstatus = SSH2_FX_PERMISSION_DENIED;\n\t}\n\telse\n\t{\n\t\tfd = open(name, flags, mode);\n\t\tif (fd < 0)\n\t\t{\n\t\t\tstatus = errno_to_portable(errno);\n\t\t}\n\t\telse\n\t\t{\n\t\t\thandle = handle_new(HANDLE_FILE, name, fd, flags, NULL);\n\t\t\tif (handle < 0)\n\t\t\t{\n\t\t\t\tclose(fd);\n\t\t\t}\n\t\t\telse\n\t\t\t{\n\t\t\t\tsend_handle(id, handle);\n\t\t\t\tstatus = SSH2_FX_OK;\n\t\t\t}\n\t\t}\n\t}\n\tif (status != SSH2_FX_OK)\n\t{\n\t\tsend_status(id, status);\n\t}\n\tfree(name);\n}",
        "question": "Given that the parameter or function `string_from_portable` is modified before the execution of the function `send_status`, evaluate the potential impact on the outcomes of `send_status`. Consider how `string_from_portable` could influence `send_status`, including its role as a direct parameter, its effect on controlling conditions, or its indirect impacts through other related variables or system states.",
        "choices": {
            "A": "The change to `string_from_portable` directly alters the arguments passed to `send_status`.",
            "B": "There is neither a direct nor a significant indirect relationship between the changes to `string_from_portable` and the behavior or output of `send_status`, suggesting no observable impact.",
            "C": "The modification of `string_from_portable` might indirectly influence `send_status` by modifying the control statement that controls the behavior of `send_status`.",
            "D": "It is not possible to determine the effect without additional context."
        },
        "answer": "C",
        "distance": 3
    },
    {
        "case_id": "primevul_17",
        "code": "process_open(u_int32_t id)\n{\n\tu_int32_t pflags;\n\tAttrib a;\n\tchar *name;\n\tint r, handle, fd, flags, mode, status = SSH2_FX_FAILURE;\n\tif ((r = sshbuf_get_cstring(iqueue, &name, NULL)) != 0 ||\n\t    (r = sshbuf_get_u32(iqueue, &pflags)) != 0 ||\n\t    (r = decode_attrib(iqueue, &a)) != 0)\n\t{\n\t\tfatal(\"%s: buffer error: %s\", __func__, ssh_err(r));\n\t}\n\tdebug3(\"request %u: open flags %d\", id, pflags);\n\tflags = flags_from_portable(pflags);\n\tmode = (a.flags & SSH2_FILEXFER_ATTR_PERMISSIONS) ? a.perm : 0666;\n\tlogit(\"open \\\"%s\\\" flags %s mode 0%o\",\n\t    name, string_from_portable(pflags), mode);\n\tif (readonly &&\n\t    ((flags & O_ACCMODE) == O_WRONLY ||\n\t    (flags & O_ACCMODE) == O_RDWR))\n\t{\n\t\tverbose(\"Refusing open request in read-only mode\");\n\t\tstatus = SSH2_FX_PERMISSION_DENIED;\n\t}\n\telse\n\t{\n\t\tfd = open(name, flags, mode);\n\t\tif (fd < 0)\n\t\t{\n\t\t\tstatus = errno_to_portable(errno);\n\t\t}\n\t\telse\n\t\t{\n\t\t\thandle = handle_new(HANDLE_FILE, name, fd, flags, NULL);\n\t\t\tif (handle < 0)\n\t\t\t{\n\t\t\t\tclose(fd);\n\t\t\t}\n\t\t\telse\n\t\t\t{\n\t\t\t\tsend_handle(id, handle);\n\t\t\t\tstatus = SSH2_FX_OK;\n\t\t\t}\n\t\t}\n\t}\n\tif (status != SSH2_FX_OK)\n\t{\n\t\tsend_status(id, status);\n\t}\n\tfree(name);\n}",
        "question": "Given that the parameter or function `string_from_portable` is modified before the execution of the function `verbose`, evaluate the potential impact on the outcomes of `verbose`. Consider how `string_from_portable` could influence `verbose`, including its role as a direct parameter, its effect on controlling conditions, or its indirect impacts through other related variables or system states.",
        "choices": {
            "A": "The change to `string_from_portable` directly alters the arguments passed to `verbose`.",
            "B": "There is neither a direct nor a significant indirect relationship between the changes to `string_from_portable` and the behavior or output of `verbose`, suggesting no observable impact.",
            "C": "The modification of `string_from_portable` might indirectly influence `verbose` by modifying the control statement that controls the behavior of `verbose`.",
            "D": "It is not possible to determine the effect without additional context."
        },
        "answer": "C",
        "distance": 3
    },
    {
        "case_id": "primevul_17",
        "code": "process_open(u_int32_t id)\n{\n\tu_int32_t pflags;\n\tAttrib a;\n\tchar *name;\n\tint r, handle, fd, flags, mode, status = SSH2_FX_FAILURE;\n\tif ((r = sshbuf_get_cstring(iqueue, &name, NULL)) != 0 ||\n\t    (r = sshbuf_get_u32(iqueue, &pflags)) != 0 ||\n\t    (r = decode_attrib(iqueue, &a)) != 0)\n\t{\n\t\tfatal(\"%s: buffer error: %s\", __func__, ssh_err(r));\n\t}\n\tdebug3(\"request %u: open flags %d\", id, pflags);\n\tflags = flags_from_portable(pflags);\n\tmode = (a.flags & SSH2_FILEXFER_ATTR_PERMISSIONS) ? a.perm : 0666;\n\tlogit(\"open \\\"%s\\\" flags %s mode 0%o\",\n\t    name, string_from_portable(pflags), mode);\n\tif (readonly &&\n\t    ((flags & O_ACCMODE) == O_WRONLY ||\n\t    (flags & O_ACCMODE) == O_RDWR))\n\t{\n\t\tverbose(\"Refusing open request in read-only mode\");\n\t\tstatus = SSH2_FX_PERMISSION_DENIED;\n\t}\n\telse\n\t{\n\t\tfd = open(name, flags, mode);\n\t\tif (fd < 0)\n\t\t{\n\t\t\tstatus = errno_to_portable(errno);\n\t\t}\n\t\telse\n\t\t{\n\t\t\thandle = handle_new(HANDLE_FILE, name, fd, flags, NULL);\n\t\t\tif (handle < 0)\n\t\t\t{\n\t\t\t\tclose(fd);\n\t\t\t}\n\t\t\telse\n\t\t\t{\n\t\t\t\tsend_handle(id, handle);\n\t\t\t\tstatus = SSH2_FX_OK;\n\t\t\t}\n\t\t}\n\t}\n\tif (status != SSH2_FX_OK)\n\t{\n\t\tsend_status(id, status);\n\t}\n\tfree(name);\n}",
        "question": "Given that the parameter or function `flags_from_portable` is modified before the execution of the function `verbose`, evaluate the potential impact on the outcomes of `verbose`. Consider how `flags_from_portable` could influence `verbose`, including its role as a direct parameter, its effect on controlling conditions, or its indirect impacts through other related variables or system states.",
        "choices": {
            "A": "The change to `flags_from_portable` directly alters the arguments passed to `verbose`.",
            "B": "There is neither a direct nor a significant indirect relationship between the changes to `flags_from_portable` and the behavior or output of `verbose`, suggesting no observable impact.",
            "C": "The modification of `flags_from_portable` might indirectly influence `verbose` by modifying the control statement that controls the behavior of `verbose`.",
            "D": "It is not possible to determine the effect without additional context."
        },
        "answer": "C",
        "distance": 2
    },
    {
        "case_id": "primevul_17",
        "code": "process_open(u_int32_t id)\n{\n\tu_int32_t pflags;\n\tAttrib a;\n\tchar *name;\n\tint r, handle, fd, flags, mode, status = SSH2_FX_FAILURE;\n\tif ((r = sshbuf_get_cstring(iqueue, &name, NULL)) != 0 ||\n\t    (r = sshbuf_get_u32(iqueue, &pflags)) != 0 ||\n\t    (r = decode_attrib(iqueue, &a)) != 0)\n\t{\n\t\tfatal(\"%s: buffer error: %s\", __func__, ssh_err(r));\n\t}\n\tdebug3(\"request %u: open flags %d\", id, pflags);\n\tflags = flags_from_portable(pflags);\n\tmode = (a.flags & SSH2_FILEXFER_ATTR_PERMISSIONS) ? a.perm : 0666;\n\tlogit(\"open \\\"%s\\\" flags %s mode 0%o\",\n\t    name, string_from_portable(pflags), mode);\n\tif (readonly &&\n\t    ((flags & O_ACCMODE) == O_WRONLY ||\n\t    (flags & O_ACCMODE) == O_RDWR))\n\t{\n\t\tverbose(\"Refusing open request in read-only mode\");\n\t\tstatus = SSH2_FX_PERMISSION_DENIED;\n\t}\n\telse\n\t{\n\t\tfd = open(name, flags, mode);\n\t\tif (fd < 0)\n\t\t{\n\t\t\tstatus = errno_to_portable(errno);\n\t\t}\n\t\telse\n\t\t{\n\t\t\thandle = handle_new(HANDLE_FILE, name, fd, flags, NULL);\n\t\t\tif (handle < 0)\n\t\t\t{\n\t\t\t\tclose(fd);\n\t\t\t}\n\t\t\telse\n\t\t\t{\n\t\t\t\tsend_handle(id, handle);\n\t\t\t\tstatus = SSH2_FX_OK;\n\t\t\t}\n\t\t}\n\t}\n\tif (status != SSH2_FX_OK)\n\t{\n\t\tsend_status(id, status);\n\t}\n\tfree(name);\n}",
        "question": "Given that the parameter or function `pflags` is modified before the execution of the function `verbose`, evaluate the potential impact on the outcomes of `verbose`. Consider how `pflags` could influence `verbose`, including its role as a direct parameter, its effect on controlling conditions, or its indirect impacts through other related variables or system states.",
        "choices": {
            "A": "The change to `pflags` directly alters the arguments passed to `verbose`.",
            "B": "There is neither a direct nor a significant indirect relationship between the changes to `pflags` and the behavior or output of `verbose`, suggesting no observable impact.",
            "C": "The modification of `pflags` might indirectly influence `verbose` by modifying the control statement that controls the behavior of `verbose`.",
            "D": "It is not possible to determine the effect without additional context."
        },
        "answer": "C",
        "distance": 2
    },
    {
        "case_id": "primevul_17",
        "code": "process_open(u_int32_t id)\n{\n\tu_int32_t pflags;\n\tAttrib a;\n\tchar *name;\n\tint r, handle, fd, flags, mode, status = SSH2_FX_FAILURE;\n\tif ((r = sshbuf_get_cstring(iqueue, &name, NULL)) != 0 ||\n\t    (r = sshbuf_get_u32(iqueue, &pflags)) != 0 ||\n\t    (r = decode_attrib(iqueue, &a)) != 0)\n\t{\n\t\tfatal(\"%s: buffer error: %s\", __func__, ssh_err(r));\n\t}\n\tdebug3(\"request %u: open flags %d\", id, pflags);\n\tflags = flags_from_portable(pflags);\n\tmode = (a.flags & SSH2_FILEXFER_ATTR_PERMISSIONS) ? a.perm : 0666;\n\tlogit(\"open \\\"%s\\\" flags %s mode 0%o\",\n\t    name, string_from_portable(pflags), mode);\n\tif (readonly &&\n\t    ((flags & O_ACCMODE) == O_WRONLY ||\n\t    (flags & O_ACCMODE) == O_RDWR))\n\t{\n\t\tverbose(\"Refusing open request in read-only mode\");\n\t\tstatus = SSH2_FX_PERMISSION_DENIED;\n\t}\n\telse\n\t{\n\t\tfd = open(name, flags, mode);\n\t\tif (fd < 0)\n\t\t{\n\t\t\tstatus = errno_to_portable(errno);\n\t\t}\n\t\telse\n\t\t{\n\t\t\thandle = handle_new(HANDLE_FILE, name, fd, flags, NULL);\n\t\t\tif (handle < 0)\n\t\t\t{\n\t\t\t\tclose(fd);\n\t\t\t}\n\t\t\telse\n\t\t\t{\n\t\t\t\tsend_handle(id, handle);\n\t\t\t\tstatus = SSH2_FX_OK;\n\t\t\t}\n\t\t}\n\t}\n\tif (status != SSH2_FX_OK)\n\t{\n\t\tsend_status(id, status);\n\t}\n\tfree(name);\n}",
        "question": "Given that the parameter or function `flags_from_portable` is modified before the execution of the function `send_status`, evaluate the potential impact on the outcomes of `send_status`. Consider how `flags_from_portable` could influence `send_status`, including its role as a direct parameter, its effect on controlling conditions, or its indirect impacts through other related variables or system states.",
        "choices": {
            "A": "The change to `flags_from_portable` directly alters the arguments passed to `send_status`.",
            "B": "There is neither a direct nor a significant indirect relationship between the changes to `flags_from_portable` and the behavior or output of `send_status`, suggesting no observable impact.",
            "C": "The modification of `flags_from_portable` might indirectly influence `send_status` by modifying the control statement that controls the behavior of `send_status`.",
            "D": "It is not possible to determine the effect without additional context."
        },
        "answer": "A, C",
        "distance": 4
    },
    {
        "case_id": "primevul_17",
        "code": "process_open(u_int32_t id)\n{\n\tu_int32_t pflags;\n\tAttrib a;\n\tchar *name;\n\tint r, handle, fd, flags, mode, status = SSH2_FX_FAILURE;\n\tif ((r = sshbuf_get_cstring(iqueue, &name, NULL)) != 0 ||\n\t    (r = sshbuf_get_u32(iqueue, &pflags)) != 0 ||\n\t    (r = decode_attrib(iqueue, &a)) != 0)\n\t{\n\t\tfatal(\"%s: buffer error: %s\", __func__, ssh_err(r));\n\t}\n\tdebug3(\"request %u: open flags %d\", id, pflags);\n\tflags = flags_from_portable(pflags);\n\tmode = (a.flags & SSH2_FILEXFER_ATTR_PERMISSIONS) ? a.perm : 0666;\n\tlogit(\"open \\\"%s\\\" flags %s mode 0%o\",\n\t    name, string_from_portable(pflags), mode);\n\tif (readonly &&\n\t    ((flags & O_ACCMODE) == O_WRONLY ||\n\t    (flags & O_ACCMODE) == O_RDWR))\n\t{\n\t\tverbose(\"Refusing open request in read-only mode\");\n\t\tstatus = SSH2_FX_PERMISSION_DENIED;\n\t}\n\telse\n\t{\n\t\tfd = open(name, flags, mode);\n\t\tif (fd < 0)\n\t\t{\n\t\t\tstatus = errno_to_portable(errno);\n\t\t}\n\t\telse\n\t\t{\n\t\t\thandle = handle_new(HANDLE_FILE, name, fd, flags, NULL);\n\t\t\tif (handle < 0)\n\t\t\t{\n\t\t\t\tclose(fd);\n\t\t\t}\n\t\t\telse\n\t\t\t{\n\t\t\t\tsend_handle(id, handle);\n\t\t\t\tstatus = SSH2_FX_OK;\n\t\t\t}\n\t\t}\n\t}\n\tif (status != SSH2_FX_OK)\n\t{\n\t\tsend_status(id, status);\n\t}\n\tfree(name);\n}",
        "question": "Given that the parameter or function `pflags` is modified before the execution of the function `send_status`, evaluate the potential impact on the outcomes of `send_status`. Consider how `pflags` could influence `send_status`, including its role as a direct parameter, its effect on controlling conditions, or its indirect impacts through other related variables or system states.",
        "choices": {
            "A": "The change to `pflags` directly alters the arguments passed to `send_status`.",
            "B": "There is neither a direct nor a significant indirect relationship between the changes to `pflags` and the behavior or output of `send_status`, suggesting no observable impact.",
            "C": "The modification of `pflags` might indirectly influence `send_status` by modifying the control statement that controls the behavior of `send_status`.",
            "D": "It is not possible to determine the effect without additional context."
        },
        "answer": "A, C",
        "distance": 4
    },
    {
        "case_id": "primevul_17",
        "code": "process_open(u_int32_t id)\n{\n\tu_int32_t pflags;\n\tAttrib a;\n\tchar *name;\n\tint r, handle, fd, flags, mode, status = SSH2_FX_FAILURE;\n\tif ((r = sshbuf_get_cstring(iqueue, &name, NULL)) != 0 ||\n\t    (r = sshbuf_get_u32(iqueue, &pflags)) != 0 ||\n\t    (r = decode_attrib(iqueue, &a)) != 0)\n\t{\n\t\tfatal(\"%s: buffer error: %s\", __func__, ssh_err(r));\n\t}\n\tdebug3(\"request %u: open flags %d\", id, pflags);\n\tflags = flags_from_portable(pflags);\n\tmode = (a.flags & SSH2_FILEXFER_ATTR_PERMISSIONS) ? a.perm : 0666;\n\tlogit(\"open \\\"%s\\\" flags %s mode 0%o\",\n\t    name, string_from_portable(pflags), mode);\n\tif (readonly &&\n\t    ((flags & O_ACCMODE) == O_WRONLY ||\n\t    (flags & O_ACCMODE) == O_RDWR))\n\t{\n\t\tverbose(\"Refusing open request in read-only mode\");\n\t\tstatus = SSH2_FX_PERMISSION_DENIED;\n\t}\n\telse\n\t{\n\t\tfd = open(name, flags, mode);\n\t\tif (fd < 0)\n\t\t{\n\t\t\tstatus = errno_to_portable(errno);\n\t\t}\n\t\telse\n\t\t{\n\t\t\thandle = handle_new(HANDLE_FILE, name, fd, flags, NULL);\n\t\t\tif (handle < 0)\n\t\t\t{\n\t\t\t\tclose(fd);\n\t\t\t}\n\t\t\telse\n\t\t\t{\n\t\t\t\tsend_handle(id, handle);\n\t\t\t\tstatus = SSH2_FX_OK;\n\t\t\t}\n\t\t}\n\t}\n\tif (status != SSH2_FX_OK)\n\t{\n\t\tsend_status(id, status);\n\t}\n\tfree(name);\n}",
        "question": "Given that the parameter or function `flags` is modified before the execution of the function `send_status`, evaluate the potential impact on the outcomes of `send_status`. Consider how `flags` could influence `send_status`, including its role as a direct parameter, its effect on controlling conditions, or its indirect impacts through other related variables or system states.",
        "choices": {
            "A": "The change to `flags` directly alters the arguments passed to `send_status`.",
            "B": "There is neither a direct nor a significant indirect relationship between the changes to `flags` and the behavior or output of `send_status`, suggesting no observable impact.",
            "C": "The modification of `flags` might indirectly influence `send_status` by modifying the control statement that controls the behavior of `send_status`.",
            "D": "It is not possible to determine the effect without additional context."
        },
        "answer": "A, C",
        "distance": 3
    },
    {
        "case_id": "primevul_17",
        "code": "process_open(u_int32_t id)\n{\n\tu_int32_t pflags;\n\tAttrib a;\n\tchar *name;\n\tint r, handle, fd, flags, mode, status = SSH2_FX_FAILURE;\n\tif ((r = sshbuf_get_cstring(iqueue, &name, NULL)) != 0 ||\n\t    (r = sshbuf_get_u32(iqueue, &pflags)) != 0 ||\n\t    (r = decode_attrib(iqueue, &a)) != 0)\n\t{\n\t\tfatal(\"%s: buffer error: %s\", __func__, ssh_err(r));\n\t}\n\tdebug3(\"request %u: open flags %d\", id, pflags);\n\tflags = flags_from_portable(pflags);\n\tmode = (a.flags & SSH2_FILEXFER_ATTR_PERMISSIONS) ? a.perm : 0666;\n\tlogit(\"open \\\"%s\\\" flags %s mode 0%o\",\n\t    name, string_from_portable(pflags), mode);\n\tif (readonly &&\n\t    ((flags & O_ACCMODE) == O_WRONLY ||\n\t    (flags & O_ACCMODE) == O_RDWR))\n\t{\n\t\tverbose(\"Refusing open request in read-only mode\");\n\t\tstatus = SSH2_FX_PERMISSION_DENIED;\n\t}\n\telse\n\t{\n\t\tfd = open(name, flags, mode);\n\t\tif (fd < 0)\n\t\t{\n\t\t\tstatus = errno_to_portable(errno);\n\t\t}\n\t\telse\n\t\t{\n\t\t\thandle = handle_new(HANDLE_FILE, name, fd, flags, NULL);\n\t\t\tif (handle < 0)\n\t\t\t{\n\t\t\t\tclose(fd);\n\t\t\t}\n\t\t\telse\n\t\t\t{\n\t\t\t\tsend_handle(id, handle);\n\t\t\t\tstatus = SSH2_FX_OK;\n\t\t\t}\n\t\t}\n\t}\n\tif (status != SSH2_FX_OK)\n\t{\n\t\tsend_status(id, status);\n\t}\n\tfree(name);\n}",
        "question": "Given that the parameter or function `SSH2_FX_FAILURE` is modified before the execution of the function `send_status`, evaluate the potential impact on the outcomes of `send_status`. Consider how `SSH2_FX_FAILURE` could influence `send_status`, including its role as a direct parameter, its effect on controlling conditions, or its indirect impacts through other related variables or system states.",
        "choices": {
            "A": "The change to `SSH2_FX_FAILURE` directly alters the arguments passed to `send_status`.",
            "B": "There is neither a direct nor a significant indirect relationship between the changes to `SSH2_FX_FAILURE` and the behavior or output of `send_status`, suggesting no observable impact.",
            "C": "The modification of `SSH2_FX_FAILURE` might indirectly influence `send_status` by modifying the control statement that controls the behavior of `send_status`.",
            "D": "It is not possible to determine the effect without additional context."
        },
        "answer": "A, C",
        "distance": 3
    }
]