[
    {
        "case_id": "primevul_5",
        "code": "static void b43_request_firmware(struct work_struct *work)\n{\n\tstruct b43_wl *wl = container_of(work, struct b43_wl, firmware_load);\n\tstruct b43_wldev *dev = wl->current_dev;\n\tstruct b43_request_fw_context *ctx;\n\tunsigned int i;\n\tint err;\n\tconst char *errmsg;\n\tctx = kzalloc(sizeof(*ctx), GFP_KERNEL);\n\tif (!ctx)\n\t{\n\t\treturn;\n\t}\n\tctx->dev = dev;\n\tctx->req_type = B43_FWTYPE_PROPRIETARY;\n\terr = b43_try_request_fw(ctx);\n\tif (!err)\n\t{\n\t\tgoto start_ieee80211;\n\t}\n\tif (ctx->fatal_failure)\n\t{\n\t\tgoto out;\n\t}\n\tctx->req_type = B43_FWTYPE_OPENSOURCE;\n\terr = b43_try_request_fw(ctx);\n\tif (!err)\n\t{\n\t\tgoto start_ieee80211;\n\t}\n\tif(ctx->fatal_failure)\n\t{\n\t\tgoto out;\n\t}\n\tfor (i = 0; i < B43_NR_FWTYPES; i++)\n\t{\n\t\terrmsg = ctx->errors[i];\n\t\tif (strlen(errmsg))\n\t\t{\n\t\t\tb43err(dev->wl, errmsg);\n\t\t}\n\t}\n\tb43_print_fw_helptext(dev->wl, 1);\n\tgoto out;\nstart_ieee80211:\n\twl->hw->queues = B43_QOS_QUEUE_NUM;\n\tif (!modparam_qos || dev->fw.opensource)\n\t{\n\t\twl->hw->queues = 1;\n\t}\n\terr = ieee80211_register_hw(wl->hw);\n\tif (err)\n\t{\n\t\tgoto err_one_core_detach;\n\t}\n\twl->hw_registred = true;\n\tb43_leds_register(wl->current_dev);\n\tgoto out;\nerr_one_core_detach:\n\tb43_one_core_detach(dev->dev);\nout:\n\tkfree(ctx);\n}\n",
        "question": "Given that the parameter or function `container_of` is modified before the execution of the function `b43_print_fw_helptext`, evaluate the potential impact on the outcomes of `b43_print_fw_helptext`. Consider how `container_of` could influence `b43_print_fw_helptext`, including its role as a direct parameter, its effect on controlling conditions, or its indirect impacts through other related variables or system states.",
        "choices": {
            "A": "The change to `container_of` directly alters the arguments passed to `b43_print_fw_helptext`.",
            "B": "There is neither a direct nor a significant indirect relationship between the changes to `container_of` and the behavior or output of `b43_print_fw_helptext`, suggesting no observable impact.",
            "C": "The modification of `container_of` might indirectly influence `b43_print_fw_helptext` by modifying the control statement that controls the behavior of `b43_print_fw_helptext`.",
            "D": "It is not possible to determine the effect without additional context."
        },
        "answer": "A",
        "distance": 6
    },
    {
        "case_id": "primevul_5",
        "code": "static void b43_request_firmware(struct work_struct *work)\n{\n\tstruct b43_wl *wl = container_of(work, struct b43_wl, firmware_load);\n\tstruct b43_wldev *dev = wl->current_dev;\n\tstruct b43_request_fw_context *ctx;\n\tunsigned int i;\n\tint err;\n\tconst char *errmsg;\n\tctx = kzalloc(sizeof(*ctx), GFP_KERNEL);\n\tif (!ctx)\n\t{\n\t\treturn;\n\t}\n\tctx->dev = dev;\n\tctx->req_type = B43_FWTYPE_PROPRIETARY;\n\terr = b43_try_request_fw(ctx);\n\tif (!err)\n\t{\n\t\tgoto start_ieee80211;\n\t}\n\tif (ctx->fatal_failure)\n\t{\n\t\tgoto out;\n\t}\n\tctx->req_type = B43_FWTYPE_OPENSOURCE;\n\terr = b43_try_request_fw(ctx);\n\tif (!err)\n\t{\n\t\tgoto start_ieee80211;\n\t}\n\tif(ctx->fatal_failure)\n\t{\n\t\tgoto out;\n\t}\n\tfor (i = 0; i < B43_NR_FWTYPES; i++)\n\t{\n\t\terrmsg = ctx->errors[i];\n\t\tif (strlen(errmsg))\n\t\t{\n\t\t\tb43err(dev->wl, errmsg);\n\t\t}\n\t}\n\tb43_print_fw_helptext(dev->wl, 1);\n\tgoto out;\nstart_ieee80211:\n\twl->hw->queues = B43_QOS_QUEUE_NUM;\n\tif (!modparam_qos || dev->fw.opensource)\n\t{\n\t\twl->hw->queues = 1;\n\t}\n\terr = ieee80211_register_hw(wl->hw);\n\tif (err)\n\t{\n\t\tgoto err_one_core_detach;\n\t}\n\twl->hw_registred = true;\n\tb43_leds_register(wl->current_dev);\n\tgoto out;\nerr_one_core_detach:\n\tb43_one_core_detach(dev->dev);\nout:\n\tkfree(ctx);\n}\n",
        "question": "Given that the parameter or function `b43_wl` is modified before the execution of the function `b43_print_fw_helptext`, evaluate the potential impact on the outcomes of `b43_print_fw_helptext`. Consider how `b43_wl` could influence `b43_print_fw_helptext`, including its role as a direct parameter, its effect on controlling conditions, or its indirect impacts through other related variables or system states.",
        "choices": {
            "A": "The change to `b43_wl` directly alters the arguments passed to `b43_print_fw_helptext`.",
            "B": "There is neither a direct nor a significant indirect relationship between the changes to `b43_wl` and the behavior or output of `b43_print_fw_helptext`, suggesting no observable impact.",
            "C": "The modification of `b43_wl` might indirectly influence `b43_print_fw_helptext` by modifying the control statement that controls the behavior of `b43_print_fw_helptext`.",
            "D": "It is not possible to determine the effect without additional context."
        },
        "answer": "A",
        "distance": 6
    },
    {
        "case_id": "primevul_5",
        "code": "static void b43_request_firmware(struct work_struct *work)\n{\n\tstruct b43_wl *wl = container_of(work, struct b43_wl, firmware_load);\n\tstruct b43_wldev *dev = wl->current_dev;\n\tstruct b43_request_fw_context *ctx;\n\tunsigned int i;\n\tint err;\n\tconst char *errmsg;\n\tctx = kzalloc(sizeof(*ctx), GFP_KERNEL);\n\tif (!ctx)\n\t{\n\t\treturn;\n\t}\n\tctx->dev = dev;\n\tctx->req_type = B43_FWTYPE_PROPRIETARY;\n\terr = b43_try_request_fw(ctx);\n\tif (!err)\n\t{\n\t\tgoto start_ieee80211;\n\t}\n\tif (ctx->fatal_failure)\n\t{\n\t\tgoto out;\n\t}\n\tctx->req_type = B43_FWTYPE_OPENSOURCE;\n\terr = b43_try_request_fw(ctx);\n\tif (!err)\n\t{\n\t\tgoto start_ieee80211;\n\t}\n\tif(ctx->fatal_failure)\n\t{\n\t\tgoto out;\n\t}\n\tfor (i = 0; i < B43_NR_FWTYPES; i++)\n\t{\n\t\terrmsg = ctx->errors[i];\n\t\tif (strlen(errmsg))\n\t\t{\n\t\t\tb43err(dev->wl, errmsg);\n\t\t}\n\t}\n\tb43_print_fw_helptext(dev->wl, 1);\n\tgoto out;\nstart_ieee80211:\n\twl->hw->queues = B43_QOS_QUEUE_NUM;\n\tif (!modparam_qos || dev->fw.opensource)\n\t{\n\t\twl->hw->queues = 1;\n\t}\n\terr = ieee80211_register_hw(wl->hw);\n\tif (err)\n\t{\n\t\tgoto err_one_core_detach;\n\t}\n\twl->hw_registred = true;\n\tb43_leds_register(wl->current_dev);\n\tgoto out;\nerr_one_core_detach:\n\tb43_one_core_detach(dev->dev);\nout:\n\tkfree(ctx);\n}\n",
        "question": "Given that the parameter or function `work` is modified before the execution of the function `b43_print_fw_helptext`, evaluate the potential impact on the outcomes of `b43_print_fw_helptext`. Consider how `work` could influence `b43_print_fw_helptext`, including its role as a direct parameter, its effect on controlling conditions, or its indirect impacts through other related variables or system states.",
        "choices": {
            "A": "The change to `work` directly alters the arguments passed to `b43_print_fw_helptext`.",
            "B": "There is neither a direct nor a significant indirect relationship between the changes to `work` and the behavior or output of `b43_print_fw_helptext`, suggesting no observable impact.",
            "C": "The modification of `work` might indirectly influence `b43_print_fw_helptext` by modifying the control statement that controls the behavior of `b43_print_fw_helptext`.",
            "D": "It is not possible to determine the effect without additional context."
        },
        "answer": "A",
        "distance": 6
    },
    {
        "case_id": "primevul_5",
        "code": "static void b43_request_firmware(struct work_struct *work)\n{\n\tstruct b43_wl *wl = container_of(work, struct b43_wl, firmware_load);\n\tstruct b43_wldev *dev = wl->current_dev;\n\tstruct b43_request_fw_context *ctx;\n\tunsigned int i;\n\tint err;\n\tconst char *errmsg;\n\tctx = kzalloc(sizeof(*ctx), GFP_KERNEL);\n\tif (!ctx)\n\t{\n\t\treturn;\n\t}\n\tctx->dev = dev;\n\tctx->req_type = B43_FWTYPE_PROPRIETARY;\n\terr = b43_try_request_fw(ctx);\n\tif (!err)\n\t{\n\t\tgoto start_ieee80211;\n\t}\n\tif (ctx->fatal_failure)\n\t{\n\t\tgoto out;\n\t}\n\tctx->req_type = B43_FWTYPE_OPENSOURCE;\n\terr = b43_try_request_fw(ctx);\n\tif (!err)\n\t{\n\t\tgoto start_ieee80211;\n\t}\n\tif(ctx->fatal_failure)\n\t{\n\t\tgoto out;\n\t}\n\tfor (i = 0; i < B43_NR_FWTYPES; i++)\n\t{\n\t\terrmsg = ctx->errors[i];\n\t\tif (strlen(errmsg))\n\t\t{\n\t\t\tb43err(dev->wl, errmsg);\n\t\t}\n\t}\n\tb43_print_fw_helptext(dev->wl, 1);\n\tgoto out;\nstart_ieee80211:\n\twl->hw->queues = B43_QOS_QUEUE_NUM;\n\tif (!modparam_qos || dev->fw.opensource)\n\t{\n\t\twl->hw->queues = 1;\n\t}\n\terr = ieee80211_register_hw(wl->hw);\n\tif (err)\n\t{\n\t\tgoto err_one_core_detach;\n\t}\n\twl->hw_registred = true;\n\tb43_leds_register(wl->current_dev);\n\tgoto out;\nerr_one_core_detach:\n\tb43_one_core_detach(dev->dev);\nout:\n\tkfree(ctx);\n}\n",
        "question": "Given that the parameter or function `firmware_load` is modified before the execution of the function `b43_print_fw_helptext`, evaluate the potential impact on the outcomes of `b43_print_fw_helptext`. Consider how `firmware_load` could influence `b43_print_fw_helptext`, including its role as a direct parameter, its effect on controlling conditions, or its indirect impacts through other related variables or system states.",
        "choices": {
            "A": "The change to `firmware_load` directly alters the arguments passed to `b43_print_fw_helptext`.",
            "B": "There is neither a direct nor a significant indirect relationship between the changes to `firmware_load` and the behavior or output of `b43_print_fw_helptext`, suggesting no observable impact.",
            "C": "The modification of `firmware_load` might indirectly influence `b43_print_fw_helptext` by modifying the control statement that controls the behavior of `b43_print_fw_helptext`.",
            "D": "It is not possible to determine the effect without additional context."
        },
        "answer": "A",
        "distance": 6
    },
    {
        "case_id": "primevul_5",
        "code": "static void b43_request_firmware(struct work_struct *work)\n{\n\tstruct b43_wl *wl = container_of(work, struct b43_wl, firmware_load);\n\tstruct b43_wldev *dev = wl->current_dev;\n\tstruct b43_request_fw_context *ctx;\n\tunsigned int i;\n\tint err;\n\tconst char *errmsg;\n\tctx = kzalloc(sizeof(*ctx), GFP_KERNEL);\n\tif (!ctx)\n\t{\n\t\treturn;\n\t}\n\tctx->dev = dev;\n\tctx->req_type = B43_FWTYPE_PROPRIETARY;\n\terr = b43_try_request_fw(ctx);\n\tif (!err)\n\t{\n\t\tgoto start_ieee80211;\n\t}\n\tif (ctx->fatal_failure)\n\t{\n\t\tgoto out;\n\t}\n\tctx->req_type = B43_FWTYPE_OPENSOURCE;\n\terr = b43_try_request_fw(ctx);\n\tif (!err)\n\t{\n\t\tgoto start_ieee80211;\n\t}\n\tif(ctx->fatal_failure)\n\t{\n\t\tgoto out;\n\t}\n\tfor (i = 0; i < B43_NR_FWTYPES; i++)\n\t{\n\t\terrmsg = ctx->errors[i];\n\t\tif (strlen(errmsg))\n\t\t{\n\t\t\tb43err(dev->wl, errmsg);\n\t\t}\n\t}\n\tb43_print_fw_helptext(dev->wl, 1);\n\tgoto out;\nstart_ieee80211:\n\twl->hw->queues = B43_QOS_QUEUE_NUM;\n\tif (!modparam_qos || dev->fw.opensource)\n\t{\n\t\twl->hw->queues = 1;\n\t}\n\terr = ieee80211_register_hw(wl->hw);\n\tif (err)\n\t{\n\t\tgoto err_one_core_detach;\n\t}\n\twl->hw_registred = true;\n\tb43_leds_register(wl->current_dev);\n\tgoto out;\nerr_one_core_detach:\n\tb43_one_core_detach(dev->dev);\nout:\n\tkfree(ctx);\n}\n",
        "question": "Given that the parameter or function `ieee80211_register_hw` is modified before the execution of the function `strlen`, evaluate the potential impact on the outcomes of `strlen`. Consider how `ieee80211_register_hw` could influence `strlen`, including its role as a direct parameter, its effect on controlling conditions, or its indirect impacts through other related variables or system states.",
        "choices": {
            "A": "The change to `ieee80211_register_hw` directly alters the arguments passed to `strlen`.",
            "B": "There is neither a direct nor a significant indirect relationship between the changes to `ieee80211_register_hw` and the behavior or output of `strlen`, suggesting no observable impact.",
            "C": "The modification of `ieee80211_register_hw` might indirectly influence `strlen` by modifying the control statement that controls the behavior of `strlen`.",
            "D": "It is not possible to determine the effect without additional context."
        },
        "answer": "B",
        "distance": 0
    },
    {
        "case_id": "primevul_5",
        "code": "static void b43_request_firmware(struct work_struct *work)\n{\n\tstruct b43_wl *wl = container_of(work, struct b43_wl, firmware_load);\n\tstruct b43_wldev *dev = wl->current_dev;\n\tstruct b43_request_fw_context *ctx;\n\tunsigned int i;\n\tint err;\n\tconst char *errmsg;\n\tctx = kzalloc(sizeof(*ctx), GFP_KERNEL);\n\tif (!ctx)\n\t{\n\t\treturn;\n\t}\n\tctx->dev = dev;\n\tctx->req_type = B43_FWTYPE_PROPRIETARY;\n\terr = b43_try_request_fw(ctx);\n\tif (!err)\n\t{\n\t\tgoto start_ieee80211;\n\t}\n\tif (ctx->fatal_failure)\n\t{\n\t\tgoto out;\n\t}\n\tctx->req_type = B43_FWTYPE_OPENSOURCE;\n\terr = b43_try_request_fw(ctx);\n\tif (!err)\n\t{\n\t\tgoto start_ieee80211;\n\t}\n\tif(ctx->fatal_failure)\n\t{\n\t\tgoto out;\n\t}\n\tfor (i = 0; i < B43_NR_FWTYPES; i++)\n\t{\n\t\terrmsg = ctx->errors[i];\n\t\tif (strlen(errmsg))\n\t\t{\n\t\t\tb43err(dev->wl, errmsg);\n\t\t}\n\t}\n\tb43_print_fw_helptext(dev->wl, 1);\n\tgoto out;\nstart_ieee80211:\n\twl->hw->queues = B43_QOS_QUEUE_NUM;\n\tif (!modparam_qos || dev->fw.opensource)\n\t{\n\t\twl->hw->queues = 1;\n\t}\n\terr = ieee80211_register_hw(wl->hw);\n\tif (err)\n\t{\n\t\tgoto err_one_core_detach;\n\t}\n\twl->hw_registred = true;\n\tb43_leds_register(wl->current_dev);\n\tgoto out;\nerr_one_core_detach:\n\tb43_one_core_detach(dev->dev);\nout:\n\tkfree(ctx);\n}\n",
        "question": "Given that the parameter or function `b43_print_fw_helptext` is modified before the execution of the function `strlen`, evaluate the potential impact on the outcomes of `strlen`. Consider how `b43_print_fw_helptext` could influence `strlen`, including its role as a direct parameter, its effect on controlling conditions, or its indirect impacts through other related variables or system states.",
        "choices": {
            "A": "The change to `b43_print_fw_helptext` directly alters the arguments passed to `strlen`.",
            "B": "There is neither a direct nor a significant indirect relationship between the changes to `b43_print_fw_helptext` and the behavior or output of `strlen`, suggesting no observable impact.",
            "C": "The modification of `b43_print_fw_helptext` might indirectly influence `strlen` by modifying the control statement that controls the behavior of `strlen`.",
            "D": "It is not possible to determine the effect without additional context."
        },
        "answer": "B",
        "distance": 0
    },
    {
        "case_id": "primevul_5",
        "code": "static void b43_request_firmware(struct work_struct *work)\n{\n\tstruct b43_wl *wl = container_of(work, struct b43_wl, firmware_load);\n\tstruct b43_wldev *dev = wl->current_dev;\n\tstruct b43_request_fw_context *ctx;\n\tunsigned int i;\n\tint err;\n\tconst char *errmsg;\n\tctx = kzalloc(sizeof(*ctx), GFP_KERNEL);\n\tif (!ctx)\n\t{\n\t\treturn;\n\t}\n\tctx->dev = dev;\n\tctx->req_type = B43_FWTYPE_PROPRIETARY;\n\terr = b43_try_request_fw(ctx);\n\tif (!err)\n\t{\n\t\tgoto start_ieee80211;\n\t}\n\tif (ctx->fatal_failure)\n\t{\n\t\tgoto out;\n\t}\n\tctx->req_type = B43_FWTYPE_OPENSOURCE;\n\terr = b43_try_request_fw(ctx);\n\tif (!err)\n\t{\n\t\tgoto start_ieee80211;\n\t}\n\tif(ctx->fatal_failure)\n\t{\n\t\tgoto out;\n\t}\n\tfor (i = 0; i < B43_NR_FWTYPES; i++)\n\t{\n\t\terrmsg = ctx->errors[i];\n\t\tif (strlen(errmsg))\n\t\t{\n\t\t\tb43err(dev->wl, errmsg);\n\t\t}\n\t}\n\tb43_print_fw_helptext(dev->wl, 1);\n\tgoto out;\nstart_ieee80211:\n\twl->hw->queues = B43_QOS_QUEUE_NUM;\n\tif (!modparam_qos || dev->fw.opensource)\n\t{\n\t\twl->hw->queues = 1;\n\t}\n\terr = ieee80211_register_hw(wl->hw);\n\tif (err)\n\t{\n\t\tgoto err_one_core_detach;\n\t}\n\twl->hw_registred = true;\n\tb43_leds_register(wl->current_dev);\n\tgoto out;\nerr_one_core_detach:\n\tb43_one_core_detach(dev->dev);\nout:\n\tkfree(ctx);\n}\n",
        "question": "Given that the parameter or function `b43_leds_register` is modified before the execution of the function `strlen`, evaluate the potential impact on the outcomes of `strlen`. Consider how `b43_leds_register` could influence `strlen`, including its role as a direct parameter, its effect on controlling conditions, or its indirect impacts through other related variables or system states.",
        "choices": {
            "A": "The change to `b43_leds_register` directly alters the arguments passed to `strlen`.",
            "B": "There is neither a direct nor a significant indirect relationship between the changes to `b43_leds_register` and the behavior or output of `strlen`, suggesting no observable impact.",
            "C": "The modification of `b43_leds_register` might indirectly influence `strlen` by modifying the control statement that controls the behavior of `strlen`.",
            "D": "It is not possible to determine the effect without additional context."
        },
        "answer": "B",
        "distance": 0
    },
    {
        "case_id": "primevul_5",
        "code": "static void b43_request_firmware(struct work_struct *work)\n{\n\tstruct b43_wl *wl = container_of(work, struct b43_wl, firmware_load);\n\tstruct b43_wldev *dev = wl->current_dev;\n\tstruct b43_request_fw_context *ctx;\n\tunsigned int i;\n\tint err;\n\tconst char *errmsg;\n\tctx = kzalloc(sizeof(*ctx), GFP_KERNEL);\n\tif (!ctx)\n\t{\n\t\treturn;\n\t}\n\tctx->dev = dev;\n\tctx->req_type = B43_FWTYPE_PROPRIETARY;\n\terr = b43_try_request_fw(ctx);\n\tif (!err)\n\t{\n\t\tgoto start_ieee80211;\n\t}\n\tif (ctx->fatal_failure)\n\t{\n\t\tgoto out;\n\t}\n\tctx->req_type = B43_FWTYPE_OPENSOURCE;\n\terr = b43_try_request_fw(ctx);\n\tif (!err)\n\t{\n\t\tgoto start_ieee80211;\n\t}\n\tif(ctx->fatal_failure)\n\t{\n\t\tgoto out;\n\t}\n\tfor (i = 0; i < B43_NR_FWTYPES; i++)\n\t{\n\t\terrmsg = ctx->errors[i];\n\t\tif (strlen(errmsg))\n\t\t{\n\t\t\tb43err(dev->wl, errmsg);\n\t\t}\n\t}\n\tb43_print_fw_helptext(dev->wl, 1);\n\tgoto out;\nstart_ieee80211:\n\twl->hw->queues = B43_QOS_QUEUE_NUM;\n\tif (!modparam_qos || dev->fw.opensource)\n\t{\n\t\twl->hw->queues = 1;\n\t}\n\terr = ieee80211_register_hw(wl->hw);\n\tif (err)\n\t{\n\t\tgoto err_one_core_detach;\n\t}\n\twl->hw_registred = true;\n\tb43_leds_register(wl->current_dev);\n\tgoto out;\nerr_one_core_detach:\n\tb43_one_core_detach(dev->dev);\nout:\n\tkfree(ctx);\n}\n",
        "question": "Given that the parameter or function `kfree` is modified before the execution of the function `strlen`, evaluate the potential impact on the outcomes of `strlen`. Consider how `kfree` could influence `strlen`, including its role as a direct parameter, its effect on controlling conditions, or its indirect impacts through other related variables or system states.",
        "choices": {
            "A": "The change to `kfree` directly alters the arguments passed to `strlen`.",
            "B": "There is neither a direct nor a significant indirect relationship between the changes to `kfree` and the behavior or output of `strlen`, suggesting no observable impact.",
            "C": "The modification of `kfree` might indirectly influence `strlen` by modifying the control statement that controls the behavior of `strlen`.",
            "D": "It is not possible to determine the effect without additional context."
        },
        "answer": "B",
        "distance": 0
    }
]