[
    {
        "case_id": "primevul_9",
        "code": "static enum integrity_status evm_verify_hmac(struct dentry *dentry, const char *xattr_name, char *xattr_value, size_t xattr_value_len, struct integrity_iint_cache *iint)\n{\n    struct evm_ima_xattr_data *xattr_data = NULL;\n    struct evm_ima_xattr_data calc;\n    enum integrity_status evm_status = INTEGRITY_PASS;\n    int rc, xattr_len;\n    if (iint && iint->evm_status == INTEGRITY_PASS)\n    {\n        return iint->evm_status;\n    }\n    rc = vfs_getxattr_alloc(dentry, XATTR_NAME_EVM, (char **)&xattr_data, 0, GFP_NOFS);\n    if (rc <= 0)\n    {\n        evm_status = INTEGRITY_FAIL;\n        if (rc == -ENODATA)\n        {\n            rc = evm_find_protected_xattrs(dentry);\n            if (rc > 0)\n            {\n                evm_status = INTEGRITY_NOLABEL;\n            }\n            else if (rc == 0)\n            {\n                evm_status = INTEGRITY_NOXATTRS;\n            }\n        }\n        else if (rc == -EOPNOTSUPP)\n        {\n            evm_status = INTEGRITY_UNKNOWN;\n        }\n        goto out;\n    }\n    xattr_len = rc;\n    switch (xattr_data->type)\n    {\n        case EVM_XATTR_HMAC:\n            rc = evm_calc_hmac(dentry, xattr_name, xattr_value, xattr_value_len, calc.digest);\n            if (rc)\n            {\n                break;\n            }\n            rc = memcmp(xattr_data->digest, calc.digest, sizeof(calc.digest));\n            if (rc)\n            {\n                rc = -EINVAL;\n            }\n            break;\n        case EVM_IMA_XATTR_DIGSIG:\n            rc = evm_calc_hash(dentry, xattr_name, xattr_value, xattr_value_len, calc.digest);\n            if (rc)\n            {\n                break;\n            }\n            rc = integrity_digsig_verify(INTEGRITY_KEYRING_EVM, (const char *)xattr_data, xattr_len, calc.digest, sizeof(calc.digest));\n            if (!rc)\n            {\n                if (!IS_RDONLY(d_backing_inode(dentry)) && !IS_IMMUTABLE(d_backing_inode(dentry)))\n                {\n                    evm_update_evmxattr(dentry, xattr_name, xattr_value, xattr_value_len);\n                }\n            }\n            break;\n        default:\n            rc = -EINVAL;\n            break;\n    }\n    if (rc)\n    {\n        evm_status = (rc == -ENODATA) ? INTEGRITY_NOXATTRS : INTEGRITY_FAIL;\n    }\nout:\n    if (iint)\n    {\n        iint->evm_status = evm_status;\n    }\n    kfree(xattr_data);\n    return evm_status;\n}\n",
        "question": "Given that the parameter or function `evm_find_protected_xattrs` is modified before the execution of the function `integrity_digsig_verify`, evaluate the potential impact on the outcomes of `integrity_digsig_verify`. Consider how `evm_find_protected_xattrs` could influence `integrity_digsig_verify`, including its role as a direct parameter, its effect on controlling conditions, or its indirect impacts through other related variables or system states.",
        "choices": {
            "A": "The change to `evm_find_protected_xattrs` directly alters the arguments passed to `integrity_digsig_verify`.",
            "B": "There is neither a direct nor a significant indirect relationship between the changes to `evm_find_protected_xattrs` and the behavior or output of `integrity_digsig_verify`, suggesting no observable impact.",
            "C": "The modification of `evm_find_protected_xattrs` might indirectly influence `integrity_digsig_verify` by modifying the control statement that controls the behavior of `integrity_digsig_verify`.",
            "D": "It is not possible to determine the effect without additional context."
        },
        "answer": "A",
        "distance": 3
    },
    {
        "case_id": "primevul_9",
        "code": "static enum integrity_status evm_verify_hmac(struct dentry *dentry, const char *xattr_name, char *xattr_value, size_t xattr_value_len, struct integrity_iint_cache *iint)\n{\n    struct evm_ima_xattr_data *xattr_data = NULL;\n    struct evm_ima_xattr_data calc;\n    enum integrity_status evm_status = INTEGRITY_PASS;\n    int rc, xattr_len;\n    if (iint && iint->evm_status == INTEGRITY_PASS)\n    {\n        return iint->evm_status;\n    }\n    rc = vfs_getxattr_alloc(dentry, XATTR_NAME_EVM, (char **)&xattr_data, 0, GFP_NOFS);\n    if (rc <= 0)\n    {\n        evm_status = INTEGRITY_FAIL;\n        if (rc == -ENODATA)\n        {\n            rc = evm_find_protected_xattrs(dentry);\n            if (rc > 0)\n            {\n                evm_status = INTEGRITY_NOLABEL;\n            }\n            else if (rc == 0)\n            {\n                evm_status = INTEGRITY_NOXATTRS;\n            }\n        }\n        else if (rc == -EOPNOTSUPP)\n        {\n            evm_status = INTEGRITY_UNKNOWN;\n        }\n        goto out;\n    }\n    xattr_len = rc;\n    switch (xattr_data->type)\n    {\n        case EVM_XATTR_HMAC:\n            rc = evm_calc_hmac(dentry, xattr_name, xattr_value, xattr_value_len, calc.digest);\n            if (rc)\n            {\n                break;\n            }\n            rc = memcmp(xattr_data->digest, calc.digest, sizeof(calc.digest));\n            if (rc)\n            {\n                rc = -EINVAL;\n            }\n            break;\n        case EVM_IMA_XATTR_DIGSIG:\n            rc = evm_calc_hash(dentry, xattr_name, xattr_value, xattr_value_len, calc.digest);\n            if (rc)\n            {\n                break;\n            }\n            rc = integrity_digsig_verify(INTEGRITY_KEYRING_EVM, (const char *)xattr_data, xattr_len, calc.digest, sizeof(calc.digest));\n            if (!rc)\n            {\n                if (!IS_RDONLY(d_backing_inode(dentry)) && !IS_IMMUTABLE(d_backing_inode(dentry)))\n                {\n                    evm_update_evmxattr(dentry, xattr_name, xattr_value, xattr_value_len);\n                }\n            }\n            break;\n        default:\n            rc = -EINVAL;\n            break;\n    }\n    if (rc)\n    {\n        evm_status = (rc == -ENODATA) ? INTEGRITY_NOXATTRS : INTEGRITY_FAIL;\n    }\nout:\n    if (iint)\n    {\n        iint->evm_status = evm_status;\n    }\n    kfree(xattr_data);\n    return evm_status;\n}\n",
        "question": "Given that the parameter or function `memcmp` is modified before the execution of the function `integrity_digsig_verify`, evaluate the potential impact on the outcomes of `integrity_digsig_verify`. Consider how `memcmp` could influence `integrity_digsig_verify`, including its role as a direct parameter, its effect on controlling conditions, or its indirect impacts through other related variables or system states.",
        "choices": {
            "A": "The change to `memcmp` directly alters the arguments passed to `integrity_digsig_verify`.",
            "B": "There is neither a direct nor a significant indirect relationship between the changes to `memcmp` and the behavior or output of `integrity_digsig_verify`, suggesting no observable impact.",
            "C": "The modification of `memcmp` might indirectly influence `integrity_digsig_verify` by modifying the control statement that controls the behavior of `integrity_digsig_verify`.",
            "D": "It is not possible to determine the effect without additional context."
        },
        "answer": "A",
        "distance": 2
    },
    {
        "case_id": "primevul_9",
        "code": "static enum integrity_status evm_verify_hmac(struct dentry *dentry, const char *xattr_name, char *xattr_value, size_t xattr_value_len, struct integrity_iint_cache *iint)\n{\n    struct evm_ima_xattr_data *xattr_data = NULL;\n    struct evm_ima_xattr_data calc;\n    enum integrity_status evm_status = INTEGRITY_PASS;\n    int rc, xattr_len;\n    if (iint && iint->evm_status == INTEGRITY_PASS)\n    {\n        return iint->evm_status;\n    }\n    rc = vfs_getxattr_alloc(dentry, XATTR_NAME_EVM, (char **)&xattr_data, 0, GFP_NOFS);\n    if (rc <= 0)\n    {\n        evm_status = INTEGRITY_FAIL;\n        if (rc == -ENODATA)\n        {\n            rc = evm_find_protected_xattrs(dentry);\n            if (rc > 0)\n            {\n                evm_status = INTEGRITY_NOLABEL;\n            }\n            else if (rc == 0)\n            {\n                evm_status = INTEGRITY_NOXATTRS;\n            }\n        }\n        else if (rc == -EOPNOTSUPP)\n        {\n            evm_status = INTEGRITY_UNKNOWN;\n        }\n        goto out;\n    }\n    xattr_len = rc;\n    switch (xattr_data->type)\n    {\n        case EVM_XATTR_HMAC:\n            rc = evm_calc_hmac(dentry, xattr_name, xattr_value, xattr_value_len, calc.digest);\n            if (rc)\n            {\n                break;\n            }\n            rc = memcmp(xattr_data->digest, calc.digest, sizeof(calc.digest));\n            if (rc)\n            {\n                rc = -EINVAL;\n            }\n            break;\n        case EVM_IMA_XATTR_DIGSIG:\n            rc = evm_calc_hash(dentry, xattr_name, xattr_value, xattr_value_len, calc.digest);\n            if (rc)\n            {\n                break;\n            }\n            rc = integrity_digsig_verify(INTEGRITY_KEYRING_EVM, (const char *)xattr_data, xattr_len, calc.digest, sizeof(calc.digest));\n            if (!rc)\n            {\n                if (!IS_RDONLY(d_backing_inode(dentry)) && !IS_IMMUTABLE(d_backing_inode(dentry)))\n                {\n                    evm_update_evmxattr(dentry, xattr_name, xattr_value, xattr_value_len);\n                }\n            }\n            break;\n        default:\n            rc = -EINVAL;\n            break;\n    }\n    if (rc)\n    {\n        evm_status = (rc == -ENODATA) ? INTEGRITY_NOXATTRS : INTEGRITY_FAIL;\n    }\nout:\n    if (iint)\n    {\n        iint->evm_status = evm_status;\n    }\n    kfree(xattr_data);\n    return evm_status;\n}\n",
        "question": "Given that the parameter or function `evm_calc_hmac` is modified before the execution of the function `integrity_digsig_verify`, evaluate the potential impact on the outcomes of `integrity_digsig_verify`. Consider how `evm_calc_hmac` could influence `integrity_digsig_verify`, including its role as a direct parameter, its effect on controlling conditions, or its indirect impacts through other related variables or system states.",
        "choices": {
            "A": "The change to `evm_calc_hmac` directly alters the arguments passed to `integrity_digsig_verify`.",
            "B": "There is neither a direct nor a significant indirect relationship between the changes to `evm_calc_hmac` and the behavior or output of `integrity_digsig_verify`, suggesting no observable impact.",
            "C": "The modification of `evm_calc_hmac` might indirectly influence `integrity_digsig_verify` by modifying the control statement that controls the behavior of `integrity_digsig_verify`.",
            "D": "It is not possible to determine the effect without additional context."
        },
        "answer": "A",
        "distance": 2
    },
    {
        "case_id": "primevul_9",
        "code": "static enum integrity_status evm_verify_hmac(struct dentry *dentry, const char *xattr_name, char *xattr_value, size_t xattr_value_len, struct integrity_iint_cache *iint)\n{\n    struct evm_ima_xattr_data *xattr_data = NULL;\n    struct evm_ima_xattr_data calc;\n    enum integrity_status evm_status = INTEGRITY_PASS;\n    int rc, xattr_len;\n    if (iint && iint->evm_status == INTEGRITY_PASS)\n    {\n        return iint->evm_status;\n    }\n    rc = vfs_getxattr_alloc(dentry, XATTR_NAME_EVM, (char **)&xattr_data, 0, GFP_NOFS);\n    if (rc <= 0)\n    {\n        evm_status = INTEGRITY_FAIL;\n        if (rc == -ENODATA)\n        {\n            rc = evm_find_protected_xattrs(dentry);\n            if (rc > 0)\n            {\n                evm_status = INTEGRITY_NOLABEL;\n            }\n            else if (rc == 0)\n            {\n                evm_status = INTEGRITY_NOXATTRS;\n            }\n        }\n        else if (rc == -EOPNOTSUPP)\n        {\n            evm_status = INTEGRITY_UNKNOWN;\n        }\n        goto out;\n    }\n    xattr_len = rc;\n    switch (xattr_data->type)\n    {\n        case EVM_XATTR_HMAC:\n            rc = evm_calc_hmac(dentry, xattr_name, xattr_value, xattr_value_len, calc.digest);\n            if (rc)\n            {\n                break;\n            }\n            rc = memcmp(xattr_data->digest, calc.digest, sizeof(calc.digest));\n            if (rc)\n            {\n                rc = -EINVAL;\n            }\n            break;\n        case EVM_IMA_XATTR_DIGSIG:\n            rc = evm_calc_hash(dentry, xattr_name, xattr_value, xattr_value_len, calc.digest);\n            if (rc)\n            {\n                break;\n            }\n            rc = integrity_digsig_verify(INTEGRITY_KEYRING_EVM, (const char *)xattr_data, xattr_len, calc.digest, sizeof(calc.digest));\n            if (!rc)\n            {\n                if (!IS_RDONLY(d_backing_inode(dentry)) && !IS_IMMUTABLE(d_backing_inode(dentry)))\n                {\n                    evm_update_evmxattr(dentry, xattr_name, xattr_value, xattr_value_len);\n                }\n            }\n            break;\n        default:\n            rc = -EINVAL;\n            break;\n    }\n    if (rc)\n    {\n        evm_status = (rc == -ENODATA) ? INTEGRITY_NOXATTRS : INTEGRITY_FAIL;\n    }\nout:\n    if (iint)\n    {\n        iint->evm_status = evm_status;\n    }\n    kfree(xattr_data);\n    return evm_status;\n}\n",
        "question": "Given that the parameter or function `vfs_getxattr_alloc` is modified before the execution of the function `integrity_digsig_verify`, evaluate the potential impact on the outcomes of `integrity_digsig_verify`. Consider how `vfs_getxattr_alloc` could influence `integrity_digsig_verify`, including its role as a direct parameter, its effect on controlling conditions, or its indirect impacts through other related variables or system states.",
        "choices": {
            "A": "The change to `vfs_getxattr_alloc` directly alters the arguments passed to `integrity_digsig_verify`.",
            "B": "There is neither a direct nor a significant indirect relationship between the changes to `vfs_getxattr_alloc` and the behavior or output of `integrity_digsig_verify`, suggesting no observable impact.",
            "C": "The modification of `vfs_getxattr_alloc` might indirectly influence `integrity_digsig_verify` by modifying the control statement that controls the behavior of `integrity_digsig_verify`.",
            "D": "It is not possible to determine the effect without additional context."
        },
        "answer": "A",
        "distance": 2
    },
    {
        "case_id": "primevul_9",
        "code": "static enum integrity_status evm_verify_hmac(struct dentry *dentry, const char *xattr_name, char *xattr_value, size_t xattr_value_len, struct integrity_iint_cache *iint)\n{\n    struct evm_ima_xattr_data *xattr_data = NULL;\n    struct evm_ima_xattr_data calc;\n    enum integrity_status evm_status = INTEGRITY_PASS;\n    int rc, xattr_len;\n    if (iint && iint->evm_status == INTEGRITY_PASS)\n    {\n        return iint->evm_status;\n    }\n    rc = vfs_getxattr_alloc(dentry, XATTR_NAME_EVM, (char **)&xattr_data, 0, GFP_NOFS);\n    if (rc <= 0)\n    {\n        evm_status = INTEGRITY_FAIL;\n        if (rc == -ENODATA)\n        {\n            rc = evm_find_protected_xattrs(dentry);\n            if (rc > 0)\n            {\n                evm_status = INTEGRITY_NOLABEL;\n            }\n            else if (rc == 0)\n            {\n                evm_status = INTEGRITY_NOXATTRS;\n            }\n        }\n        else if (rc == -EOPNOTSUPP)\n        {\n            evm_status = INTEGRITY_UNKNOWN;\n        }\n        goto out;\n    }\n    xattr_len = rc;\n    switch (xattr_data->type)\n    {\n        case EVM_XATTR_HMAC:\n            rc = evm_calc_hmac(dentry, xattr_name, xattr_value, xattr_value_len, calc.digest);\n            if (rc)\n            {\n                break;\n            }\n            rc = memcmp(xattr_data->digest, calc.digest, sizeof(calc.digest));\n            if (rc)\n            {\n                rc = -EINVAL;\n            }\n            break;\n        case EVM_IMA_XATTR_DIGSIG:\n            rc = evm_calc_hash(dentry, xattr_name, xattr_value, xattr_value_len, calc.digest);\n            if (rc)\n            {\n                break;\n            }\n            rc = integrity_digsig_verify(INTEGRITY_KEYRING_EVM, (const char *)xattr_data, xattr_len, calc.digest, sizeof(calc.digest));\n            if (!rc)\n            {\n                if (!IS_RDONLY(d_backing_inode(dentry)) && !IS_IMMUTABLE(d_backing_inode(dentry)))\n                {\n                    evm_update_evmxattr(dentry, xattr_name, xattr_value, xattr_value_len);\n                }\n            }\n            break;\n        default:\n            rc = -EINVAL;\n            break;\n    }\n    if (rc)\n    {\n        evm_status = (rc == -ENODATA) ? INTEGRITY_NOXATTRS : INTEGRITY_FAIL;\n    }\nout:\n    if (iint)\n    {\n        iint->evm_status = evm_status;\n    }\n    kfree(xattr_data);\n    return evm_status;\n}\n",
        "question": "Given that the parameter or function `evm_update_evmxattr` is modified before the execution of the function `memcmp`, evaluate the potential impact on the outcomes of `memcmp`. Consider how `evm_update_evmxattr` could influence `memcmp`, including its role as a direct parameter, its effect on controlling conditions, or its indirect impacts through other related variables or system states.",
        "choices": {
            "A": "The change to `evm_update_evmxattr` directly alters the arguments passed to `memcmp`.",
            "B": "There is neither a direct nor a significant indirect relationship between the changes to `evm_update_evmxattr` and the behavior or output of `memcmp`, suggesting no observable impact.",
            "C": "The modification of `evm_update_evmxattr` might indirectly influence `memcmp` by modifying the control statement that controls the behavior of `memcmp`.",
            "D": "It is not possible to determine the effect without additional context."
        },
        "answer": "B",
        "distance": 0
    },
    {
        "case_id": "primevul_9",
        "code": "static enum integrity_status evm_verify_hmac(struct dentry *dentry, const char *xattr_name, char *xattr_value, size_t xattr_value_len, struct integrity_iint_cache *iint)\n{\n    struct evm_ima_xattr_data *xattr_data = NULL;\n    struct evm_ima_xattr_data calc;\n    enum integrity_status evm_status = INTEGRITY_PASS;\n    int rc, xattr_len;\n    if (iint && iint->evm_status == INTEGRITY_PASS)\n    {\n        return iint->evm_status;\n    }\n    rc = vfs_getxattr_alloc(dentry, XATTR_NAME_EVM, (char **)&xattr_data, 0, GFP_NOFS);\n    if (rc <= 0)\n    {\n        evm_status = INTEGRITY_FAIL;\n        if (rc == -ENODATA)\n        {\n            rc = evm_find_protected_xattrs(dentry);\n            if (rc > 0)\n            {\n                evm_status = INTEGRITY_NOLABEL;\n            }\n            else if (rc == 0)\n            {\n                evm_status = INTEGRITY_NOXATTRS;\n            }\n        }\n        else if (rc == -EOPNOTSUPP)\n        {\n            evm_status = INTEGRITY_UNKNOWN;\n        }\n        goto out;\n    }\n    xattr_len = rc;\n    switch (xattr_data->type)\n    {\n        case EVM_XATTR_HMAC:\n            rc = evm_calc_hmac(dentry, xattr_name, xattr_value, xattr_value_len, calc.digest);\n            if (rc)\n            {\n                break;\n            }\n            rc = memcmp(xattr_data->digest, calc.digest, sizeof(calc.digest));\n            if (rc)\n            {\n                rc = -EINVAL;\n            }\n            break;\n        case EVM_IMA_XATTR_DIGSIG:\n            rc = evm_calc_hash(dentry, xattr_name, xattr_value, xattr_value_len, calc.digest);\n            if (rc)\n            {\n                break;\n            }\n            rc = integrity_digsig_verify(INTEGRITY_KEYRING_EVM, (const char *)xattr_data, xattr_len, calc.digest, sizeof(calc.digest));\n            if (!rc)\n            {\n                if (!IS_RDONLY(d_backing_inode(dentry)) && !IS_IMMUTABLE(d_backing_inode(dentry)))\n                {\n                    evm_update_evmxattr(dentry, xattr_name, xattr_value, xattr_value_len);\n                }\n            }\n            break;\n        default:\n            rc = -EINVAL;\n            break;\n    }\n    if (rc)\n    {\n        evm_status = (rc == -ENODATA) ? INTEGRITY_NOXATTRS : INTEGRITY_FAIL;\n    }\nout:\n    if (iint)\n    {\n        iint->evm_status = evm_status;\n    }\n    kfree(xattr_data);\n    return evm_status;\n}\n",
        "question": "Given that the parameter or function `evm_calc_hmac` is modified before the execution of the function `memcmp`, evaluate the potential impact on the outcomes of `memcmp`. Consider how `evm_calc_hmac` could influence `memcmp`, including its role as a direct parameter, its effect on controlling conditions, or its indirect impacts through other related variables or system states.",
        "choices": {
            "A": "The change to `evm_calc_hmac` directly alters the arguments passed to `memcmp`.",
            "B": "There is neither a direct nor a significant indirect relationship between the changes to `evm_calc_hmac` and the behavior or output of `memcmp`, suggesting no observable impact.",
            "C": "The modification of `evm_calc_hmac` might indirectly influence `memcmp` by modifying the control statement that controls the behavior of `memcmp`.",
            "D": "It is not possible to determine the effect without additional context."
        },
        "answer": "B",
        "distance": 0
    },
    {
        "case_id": "primevul_9",
        "code": "static enum integrity_status evm_verify_hmac(struct dentry *dentry, const char *xattr_name, char *xattr_value, size_t xattr_value_len, struct integrity_iint_cache *iint)\n{\n    struct evm_ima_xattr_data *xattr_data = NULL;\n    struct evm_ima_xattr_data calc;\n    enum integrity_status evm_status = INTEGRITY_PASS;\n    int rc, xattr_len;\n    if (iint && iint->evm_status == INTEGRITY_PASS)\n    {\n        return iint->evm_status;\n    }\n    rc = vfs_getxattr_alloc(dentry, XATTR_NAME_EVM, (char **)&xattr_data, 0, GFP_NOFS);\n    if (rc <= 0)\n    {\n        evm_status = INTEGRITY_FAIL;\n        if (rc == -ENODATA)\n        {\n            rc = evm_find_protected_xattrs(dentry);\n            if (rc > 0)\n            {\n                evm_status = INTEGRITY_NOLABEL;\n            }\n            else if (rc == 0)\n            {\n                evm_status = INTEGRITY_NOXATTRS;\n            }\n        }\n        else if (rc == -EOPNOTSUPP)\n        {\n            evm_status = INTEGRITY_UNKNOWN;\n        }\n        goto out;\n    }\n    xattr_len = rc;\n    switch (xattr_data->type)\n    {\n        case EVM_XATTR_HMAC:\n            rc = evm_calc_hmac(dentry, xattr_name, xattr_value, xattr_value_len, calc.digest);\n            if (rc)\n            {\n                break;\n            }\n            rc = memcmp(xattr_data->digest, calc.digest, sizeof(calc.digest));\n            if (rc)\n            {\n                rc = -EINVAL;\n            }\n            break;\n        case EVM_IMA_XATTR_DIGSIG:\n            rc = evm_calc_hash(dentry, xattr_name, xattr_value, xattr_value_len, calc.digest);\n            if (rc)\n            {\n                break;\n            }\n            rc = integrity_digsig_verify(INTEGRITY_KEYRING_EVM, (const char *)xattr_data, xattr_len, calc.digest, sizeof(calc.digest));\n            if (!rc)\n            {\n                if (!IS_RDONLY(d_backing_inode(dentry)) && !IS_IMMUTABLE(d_backing_inode(dentry)))\n                {\n                    evm_update_evmxattr(dentry, xattr_name, xattr_value, xattr_value_len);\n                }\n            }\n            break;\n        default:\n            rc = -EINVAL;\n            break;\n    }\n    if (rc)\n    {\n        evm_status = (rc == -ENODATA) ? INTEGRITY_NOXATTRS : INTEGRITY_FAIL;\n    }\nout:\n    if (iint)\n    {\n        iint->evm_status = evm_status;\n    }\n    kfree(xattr_data);\n    return evm_status;\n}\n",
        "question": "Given that the parameter or function `kfree` is modified before the execution of the function `memcmp`, evaluate the potential impact on the outcomes of `memcmp`. Consider how `kfree` could influence `memcmp`, including its role as a direct parameter, its effect on controlling conditions, or its indirect impacts through other related variables or system states.",
        "choices": {
            "A": "The change to `kfree` directly alters the arguments passed to `memcmp`.",
            "B": "There is neither a direct nor a significant indirect relationship between the changes to `kfree` and the behavior or output of `memcmp`, suggesting no observable impact.",
            "C": "The modification of `kfree` might indirectly influence `memcmp` by modifying the control statement that controls the behavior of `memcmp`.",
            "D": "It is not possible to determine the effect without additional context."
        },
        "answer": "B",
        "distance": 0
    },
    {
        "case_id": "primevul_9",
        "code": "static enum integrity_status evm_verify_hmac(struct dentry *dentry, const char *xattr_name, char *xattr_value, size_t xattr_value_len, struct integrity_iint_cache *iint)\n{\n    struct evm_ima_xattr_data *xattr_data = NULL;\n    struct evm_ima_xattr_data calc;\n    enum integrity_status evm_status = INTEGRITY_PASS;\n    int rc, xattr_len;\n    if (iint && iint->evm_status == INTEGRITY_PASS)\n    {\n        return iint->evm_status;\n    }\n    rc = vfs_getxattr_alloc(dentry, XATTR_NAME_EVM, (char **)&xattr_data, 0, GFP_NOFS);\n    if (rc <= 0)\n    {\n        evm_status = INTEGRITY_FAIL;\n        if (rc == -ENODATA)\n        {\n            rc = evm_find_protected_xattrs(dentry);\n            if (rc > 0)\n            {\n                evm_status = INTEGRITY_NOLABEL;\n            }\n            else if (rc == 0)\n            {\n                evm_status = INTEGRITY_NOXATTRS;\n            }\n        }\n        else if (rc == -EOPNOTSUPP)\n        {\n            evm_status = INTEGRITY_UNKNOWN;\n        }\n        goto out;\n    }\n    xattr_len = rc;\n    switch (xattr_data->type)\n    {\n        case EVM_XATTR_HMAC:\n            rc = evm_calc_hmac(dentry, xattr_name, xattr_value, xattr_value_len, calc.digest);\n            if (rc)\n            {\n                break;\n            }\n            rc = memcmp(xattr_data->digest, calc.digest, sizeof(calc.digest));\n            if (rc)\n            {\n                rc = -EINVAL;\n            }\n            break;\n        case EVM_IMA_XATTR_DIGSIG:\n            rc = evm_calc_hash(dentry, xattr_name, xattr_value, xattr_value_len, calc.digest);\n            if (rc)\n            {\n                break;\n            }\n            rc = integrity_digsig_verify(INTEGRITY_KEYRING_EVM, (const char *)xattr_data, xattr_len, calc.digest, sizeof(calc.digest));\n            if (!rc)\n            {\n                if (!IS_RDONLY(d_backing_inode(dentry)) && !IS_IMMUTABLE(d_backing_inode(dentry)))\n                {\n                    evm_update_evmxattr(dentry, xattr_name, xattr_value, xattr_value_len);\n                }\n            }\n            break;\n        default:\n            rc = -EINVAL;\n            break;\n    }\n    if (rc)\n    {\n        evm_status = (rc == -ENODATA) ? INTEGRITY_NOXATTRS : INTEGRITY_FAIL;\n    }\nout:\n    if (iint)\n    {\n        iint->evm_status = evm_status;\n    }\n    kfree(xattr_data);\n    return evm_status;\n}\n",
        "question": "Given that the parameter or function `vfs_getxattr_alloc` is modified before the execution of the function `memcmp`, evaluate the potential impact on the outcomes of `memcmp`. Consider how `vfs_getxattr_alloc` could influence `memcmp`, including its role as a direct parameter, its effect on controlling conditions, or its indirect impacts through other related variables or system states.",
        "choices": {
            "A": "The change to `vfs_getxattr_alloc` directly alters the arguments passed to `memcmp`.",
            "B": "There is neither a direct nor a significant indirect relationship between the changes to `vfs_getxattr_alloc` and the behavior or output of `memcmp`, suggesting no observable impact.",
            "C": "The modification of `vfs_getxattr_alloc` might indirectly influence `memcmp` by modifying the control statement that controls the behavior of `memcmp`.",
            "D": "It is not possible to determine the effect without additional context."
        },
        "answer": "B",
        "distance": 0
    },
    {
        "case_id": "primevul_9",
        "code": "static enum integrity_status evm_verify_hmac(struct dentry *dentry, const char *xattr_name, char *xattr_value, size_t xattr_value_len, struct integrity_iint_cache *iint)\n{\n    struct evm_ima_xattr_data *xattr_data = NULL;\n    struct evm_ima_xattr_data calc;\n    enum integrity_status evm_status = INTEGRITY_PASS;\n    int rc, xattr_len;\n    if (iint && iint->evm_status == INTEGRITY_PASS)\n    {\n        return iint->evm_status;\n    }\n    rc = vfs_getxattr_alloc(dentry, XATTR_NAME_EVM, (char **)&xattr_data, 0, GFP_NOFS);\n    if (rc <= 0)\n    {\n        evm_status = INTEGRITY_FAIL;\n        if (rc == -ENODATA)\n        {\n            rc = evm_find_protected_xattrs(dentry);\n            if (rc > 0)\n            {\n                evm_status = INTEGRITY_NOLABEL;\n            }\n            else if (rc == 0)\n            {\n                evm_status = INTEGRITY_NOXATTRS;\n            }\n        }\n        else if (rc == -EOPNOTSUPP)\n        {\n            evm_status = INTEGRITY_UNKNOWN;\n        }\n        goto out;\n    }\n    xattr_len = rc;\n    switch (xattr_data->type)\n    {\n        case EVM_XATTR_HMAC:\n            rc = evm_calc_hmac(dentry, xattr_name, xattr_value, xattr_value_len, calc.digest);\n            if (rc)\n            {\n                break;\n            }\n            rc = memcmp(xattr_data->digest, calc.digest, sizeof(calc.digest));\n            if (rc)\n            {\n                rc = -EINVAL;\n            }\n            break;\n        case EVM_IMA_XATTR_DIGSIG:\n            rc = evm_calc_hash(dentry, xattr_name, xattr_value, xattr_value_len, calc.digest);\n            if (rc)\n            {\n                break;\n            }\n            rc = integrity_digsig_verify(INTEGRITY_KEYRING_EVM, (const char *)xattr_data, xattr_len, calc.digest, sizeof(calc.digest));\n            if (!rc)\n            {\n                if (!IS_RDONLY(d_backing_inode(dentry)) && !IS_IMMUTABLE(d_backing_inode(dentry)))\n                {\n                    evm_update_evmxattr(dentry, xattr_name, xattr_value, xattr_value_len);\n                }\n            }\n            break;\n        default:\n            rc = -EINVAL;\n            break;\n    }\n    if (rc)\n    {\n        evm_status = (rc == -ENODATA) ? INTEGRITY_NOXATTRS : INTEGRITY_FAIL;\n    }\nout:\n    if (iint)\n    {\n        iint->evm_status = evm_status;\n    }\n    kfree(xattr_data);\n    return evm_status;\n}\n",
        "question": "Given that the parameter or function `memcmp` is modified before the execution of the function `evm_update_evmxattr`, evaluate the potential impact on the outcomes of `evm_update_evmxattr`. Consider how `memcmp` could influence `evm_update_evmxattr`, including its role as a direct parameter, its effect on controlling conditions, or its indirect impacts through other related variables or system states.",
        "choices": {
            "A": "The change to `memcmp` directly alters the arguments passed to `evm_update_evmxattr`.",
            "B": "There is neither a direct nor a significant indirect relationship between the changes to `memcmp` and the behavior or output of `evm_update_evmxattr`, suggesting no observable impact.",
            "C": "The modification of `memcmp` might indirectly influence `evm_update_evmxattr` by modifying the control statement that controls the behavior of `evm_update_evmxattr`.",
            "D": "It is not possible to determine the effect without additional context."
        },
        "answer": "C",
        "distance": 1
    },
    {
        "case_id": "primevul_9",
        "code": "static enum integrity_status evm_verify_hmac(struct dentry *dentry, const char *xattr_name, char *xattr_value, size_t xattr_value_len, struct integrity_iint_cache *iint)\n{\n    struct evm_ima_xattr_data *xattr_data = NULL;\n    struct evm_ima_xattr_data calc;\n    enum integrity_status evm_status = INTEGRITY_PASS;\n    int rc, xattr_len;\n    if (iint && iint->evm_status == INTEGRITY_PASS)\n    {\n        return iint->evm_status;\n    }\n    rc = vfs_getxattr_alloc(dentry, XATTR_NAME_EVM, (char **)&xattr_data, 0, GFP_NOFS);\n    if (rc <= 0)\n    {\n        evm_status = INTEGRITY_FAIL;\n        if (rc == -ENODATA)\n        {\n            rc = evm_find_protected_xattrs(dentry);\n            if (rc > 0)\n            {\n                evm_status = INTEGRITY_NOLABEL;\n            }\n            else if (rc == 0)\n            {\n                evm_status = INTEGRITY_NOXATTRS;\n            }\n        }\n        else if (rc == -EOPNOTSUPP)\n        {\n            evm_status = INTEGRITY_UNKNOWN;\n        }\n        goto out;\n    }\n    xattr_len = rc;\n    switch (xattr_data->type)\n    {\n        case EVM_XATTR_HMAC:\n            rc = evm_calc_hmac(dentry, xattr_name, xattr_value, xattr_value_len, calc.digest);\n            if (rc)\n            {\n                break;\n            }\n            rc = memcmp(xattr_data->digest, calc.digest, sizeof(calc.digest));\n            if (rc)\n            {\n                rc = -EINVAL;\n            }\n            break;\n        case EVM_IMA_XATTR_DIGSIG:\n            rc = evm_calc_hash(dentry, xattr_name, xattr_value, xattr_value_len, calc.digest);\n            if (rc)\n            {\n                break;\n            }\n            rc = integrity_digsig_verify(INTEGRITY_KEYRING_EVM, (const char *)xattr_data, xattr_len, calc.digest, sizeof(calc.digest));\n            if (!rc)\n            {\n                if (!IS_RDONLY(d_backing_inode(dentry)) && !IS_IMMUTABLE(d_backing_inode(dentry)))\n                {\n                    evm_update_evmxattr(dentry, xattr_name, xattr_value, xattr_value_len);\n                }\n            }\n            break;\n        default:\n            rc = -EINVAL;\n            break;\n    }\n    if (rc)\n    {\n        evm_status = (rc == -ENODATA) ? INTEGRITY_NOXATTRS : INTEGRITY_FAIL;\n    }\nout:\n    if (iint)\n    {\n        iint->evm_status = evm_status;\n    }\n    kfree(xattr_data);\n    return evm_status;\n}\n",
        "question": "Given that the parameter or function `evm_calc_hmac` is modified before the execution of the function `evm_update_evmxattr`, evaluate the potential impact on the outcomes of `evm_update_evmxattr`. Consider how `evm_calc_hmac` could influence `evm_update_evmxattr`, including its role as a direct parameter, its effect on controlling conditions, or its indirect impacts through other related variables or system states.",
        "choices": {
            "A": "The change to `evm_calc_hmac` directly alters the arguments passed to `evm_update_evmxattr`.",
            "B": "There is neither a direct nor a significant indirect relationship between the changes to `evm_calc_hmac` and the behavior or output of `evm_update_evmxattr`, suggesting no observable impact.",
            "C": "The modification of `evm_calc_hmac` might indirectly influence `evm_update_evmxattr` by modifying the control statement that controls the behavior of `evm_update_evmxattr`.",
            "D": "It is not possible to determine the effect without additional context."
        },
        "answer": "C",
        "distance": 1
    },
    {
        "case_id": "primevul_9",
        "code": "static enum integrity_status evm_verify_hmac(struct dentry *dentry, const char *xattr_name, char *xattr_value, size_t xattr_value_len, struct integrity_iint_cache *iint)\n{\n    struct evm_ima_xattr_data *xattr_data = NULL;\n    struct evm_ima_xattr_data calc;\n    enum integrity_status evm_status = INTEGRITY_PASS;\n    int rc, xattr_len;\n    if (iint && iint->evm_status == INTEGRITY_PASS)\n    {\n        return iint->evm_status;\n    }\n    rc = vfs_getxattr_alloc(dentry, XATTR_NAME_EVM, (char **)&xattr_data, 0, GFP_NOFS);\n    if (rc <= 0)\n    {\n        evm_status = INTEGRITY_FAIL;\n        if (rc == -ENODATA)\n        {\n            rc = evm_find_protected_xattrs(dentry);\n            if (rc > 0)\n            {\n                evm_status = INTEGRITY_NOLABEL;\n            }\n            else if (rc == 0)\n            {\n                evm_status = INTEGRITY_NOXATTRS;\n            }\n        }\n        else if (rc == -EOPNOTSUPP)\n        {\n            evm_status = INTEGRITY_UNKNOWN;\n        }\n        goto out;\n    }\n    xattr_len = rc;\n    switch (xattr_data->type)\n    {\n        case EVM_XATTR_HMAC:\n            rc = evm_calc_hmac(dentry, xattr_name, xattr_value, xattr_value_len, calc.digest);\n            if (rc)\n            {\n                break;\n            }\n            rc = memcmp(xattr_data->digest, calc.digest, sizeof(calc.digest));\n            if (rc)\n            {\n                rc = -EINVAL;\n            }\n            break;\n        case EVM_IMA_XATTR_DIGSIG:\n            rc = evm_calc_hash(dentry, xattr_name, xattr_value, xattr_value_len, calc.digest);\n            if (rc)\n            {\n                break;\n            }\n            rc = integrity_digsig_verify(INTEGRITY_KEYRING_EVM, (const char *)xattr_data, xattr_len, calc.digest, sizeof(calc.digest));\n            if (!rc)\n            {\n                if (!IS_RDONLY(d_backing_inode(dentry)) && !IS_IMMUTABLE(d_backing_inode(dentry)))\n                {\n                    evm_update_evmxattr(dentry, xattr_name, xattr_value, xattr_value_len);\n                }\n            }\n            break;\n        default:\n            rc = -EINVAL;\n            break;\n    }\n    if (rc)\n    {\n        evm_status = (rc == -ENODATA) ? INTEGRITY_NOXATTRS : INTEGRITY_FAIL;\n    }\nout:\n    if (iint)\n    {\n        iint->evm_status = evm_status;\n    }\n    kfree(xattr_data);\n    return evm_status;\n}\n",
        "question": "Given that the parameter or function `vfs_getxattr_alloc` is modified before the execution of the function `evm_update_evmxattr`, evaluate the potential impact on the outcomes of `evm_update_evmxattr`. Consider how `vfs_getxattr_alloc` could influence `evm_update_evmxattr`, including its role as a direct parameter, its effect on controlling conditions, or its indirect impacts through other related variables or system states.",
        "choices": {
            "A": "The change to `vfs_getxattr_alloc` directly alters the arguments passed to `evm_update_evmxattr`.",
            "B": "There is neither a direct nor a significant indirect relationship between the changes to `vfs_getxattr_alloc` and the behavior or output of `evm_update_evmxattr`, suggesting no observable impact.",
            "C": "The modification of `vfs_getxattr_alloc` might indirectly influence `evm_update_evmxattr` by modifying the control statement that controls the behavior of `evm_update_evmxattr`.",
            "D": "It is not possible to determine the effect without additional context."
        },
        "answer": "C",
        "distance": 1
    },
    {
        "case_id": "primevul_9",
        "code": "static enum integrity_status evm_verify_hmac(struct dentry *dentry, const char *xattr_name, char *xattr_value, size_t xattr_value_len, struct integrity_iint_cache *iint)\n{\n    struct evm_ima_xattr_data *xattr_data = NULL;\n    struct evm_ima_xattr_data calc;\n    enum integrity_status evm_status = INTEGRITY_PASS;\n    int rc, xattr_len;\n    if (iint && iint->evm_status == INTEGRITY_PASS)\n    {\n        return iint->evm_status;\n    }\n    rc = vfs_getxattr_alloc(dentry, XATTR_NAME_EVM, (char **)&xattr_data, 0, GFP_NOFS);\n    if (rc <= 0)\n    {\n        evm_status = INTEGRITY_FAIL;\n        if (rc == -ENODATA)\n        {\n            rc = evm_find_protected_xattrs(dentry);\n            if (rc > 0)\n            {\n                evm_status = INTEGRITY_NOLABEL;\n            }\n            else if (rc == 0)\n            {\n                evm_status = INTEGRITY_NOXATTRS;\n            }\n        }\n        else if (rc == -EOPNOTSUPP)\n        {\n            evm_status = INTEGRITY_UNKNOWN;\n        }\n        goto out;\n    }\n    xattr_len = rc;\n    switch (xattr_data->type)\n    {\n        case EVM_XATTR_HMAC:\n            rc = evm_calc_hmac(dentry, xattr_name, xattr_value, xattr_value_len, calc.digest);\n            if (rc)\n            {\n                break;\n            }\n            rc = memcmp(xattr_data->digest, calc.digest, sizeof(calc.digest));\n            if (rc)\n            {\n                rc = -EINVAL;\n            }\n            break;\n        case EVM_IMA_XATTR_DIGSIG:\n            rc = evm_calc_hash(dentry, xattr_name, xattr_value, xattr_value_len, calc.digest);\n            if (rc)\n            {\n                break;\n            }\n            rc = integrity_digsig_verify(INTEGRITY_KEYRING_EVM, (const char *)xattr_data, xattr_len, calc.digest, sizeof(calc.digest));\n            if (!rc)\n            {\n                if (!IS_RDONLY(d_backing_inode(dentry)) && !IS_IMMUTABLE(d_backing_inode(dentry)))\n                {\n                    evm_update_evmxattr(dentry, xattr_name, xattr_value, xattr_value_len);\n                }\n            }\n            break;\n        default:\n            rc = -EINVAL;\n            break;\n    }\n    if (rc)\n    {\n        evm_status = (rc == -ENODATA) ? INTEGRITY_NOXATTRS : INTEGRITY_FAIL;\n    }\nout:\n    if (iint)\n    {\n        iint->evm_status = evm_status;\n    }\n    kfree(xattr_data);\n    return evm_status;\n}\n",
        "question": "Given that the parameter or function `integrity_digsig_verify` is modified before the execution of the function `evm_update_evmxattr`, evaluate the potential impact on the outcomes of `evm_update_evmxattr`. Consider how `integrity_digsig_verify` could influence `evm_update_evmxattr`, including its role as a direct parameter, its effect on controlling conditions, or its indirect impacts through other related variables or system states.",
        "choices": {
            "A": "The change to `integrity_digsig_verify` directly alters the arguments passed to `evm_update_evmxattr`.",
            "B": "There is neither a direct nor a significant indirect relationship between the changes to `integrity_digsig_verify` and the behavior or output of `evm_update_evmxattr`, suggesting no observable impact.",
            "C": "The modification of `integrity_digsig_verify` might indirectly influence `evm_update_evmxattr` by modifying the control statement that controls the behavior of `evm_update_evmxattr`.",
            "D": "It is not possible to determine the effect without additional context."
        },
        "answer": "C",
        "distance": 1
    },
    {
        "case_id": "primevul_9",
        "code": "static enum integrity_status evm_verify_hmac(struct dentry *dentry, const char *xattr_name, char *xattr_value, size_t xattr_value_len, struct integrity_iint_cache *iint)\n{\n    struct evm_ima_xattr_data *xattr_data = NULL;\n    struct evm_ima_xattr_data calc;\n    enum integrity_status evm_status = INTEGRITY_PASS;\n    int rc, xattr_len;\n    if (iint && iint->evm_status == INTEGRITY_PASS)\n    {\n        return iint->evm_status;\n    }\n    rc = vfs_getxattr_alloc(dentry, XATTR_NAME_EVM, (char **)&xattr_data, 0, GFP_NOFS);\n    if (rc <= 0)\n    {\n        evm_status = INTEGRITY_FAIL;\n        if (rc == -ENODATA)\n        {\n            rc = evm_find_protected_xattrs(dentry);\n            if (rc > 0)\n            {\n                evm_status = INTEGRITY_NOLABEL;\n            }\n            else if (rc == 0)\n            {\n                evm_status = INTEGRITY_NOXATTRS;\n            }\n        }\n        else if (rc == -EOPNOTSUPP)\n        {\n            evm_status = INTEGRITY_UNKNOWN;\n        }\n        goto out;\n    }\n    xattr_len = rc;\n    switch (xattr_data->type)\n    {\n        case EVM_XATTR_HMAC:\n            rc = evm_calc_hmac(dentry, xattr_name, xattr_value, xattr_value_len, calc.digest);\n            if (rc)\n            {\n                break;\n            }\n            rc = memcmp(xattr_data->digest, calc.digest, sizeof(calc.digest));\n            if (rc)\n            {\n                rc = -EINVAL;\n            }\n            break;\n        case EVM_IMA_XATTR_DIGSIG:\n            rc = evm_calc_hash(dentry, xattr_name, xattr_value, xattr_value_len, calc.digest);\n            if (rc)\n            {\n                break;\n            }\n            rc = integrity_digsig_verify(INTEGRITY_KEYRING_EVM, (const char *)xattr_data, xattr_len, calc.digest, sizeof(calc.digest));\n            if (!rc)\n            {\n                if (!IS_RDONLY(d_backing_inode(dentry)) && !IS_IMMUTABLE(d_backing_inode(dentry)))\n                {\n                    evm_update_evmxattr(dentry, xattr_name, xattr_value, xattr_value_len);\n                }\n            }\n            break;\n        default:\n            rc = -EINVAL;\n            break;\n    }\n    if (rc)\n    {\n        evm_status = (rc == -ENODATA) ? INTEGRITY_NOXATTRS : INTEGRITY_FAIL;\n    }\nout:\n    if (iint)\n    {\n        iint->evm_status = evm_status;\n    }\n    kfree(xattr_data);\n    return evm_status;\n}\n",
        "question": "Given that the parameter or function `evm_find_protected_xattrs` is modified before the execution of the function `evm_update_evmxattr`, evaluate the potential impact on the outcomes of `evm_update_evmxattr`. Consider how `evm_find_protected_xattrs` could influence `evm_update_evmxattr`, including its role as a direct parameter, its effect on controlling conditions, or its indirect impacts through other related variables or system states.",
        "choices": {
            "A": "The change to `evm_find_protected_xattrs` directly alters the arguments passed to `evm_update_evmxattr`.",
            "B": "There is neither a direct nor a significant indirect relationship between the changes to `evm_find_protected_xattrs` and the behavior or output of `evm_update_evmxattr`, suggesting no observable impact.",
            "C": "The modification of `evm_find_protected_xattrs` might indirectly influence `evm_update_evmxattr` by modifying the control statement that controls the behavior of `evm_update_evmxattr`.",
            "D": "It is not possible to determine the effect without additional context."
        },
        "answer": "A, C",
        "distance": 2
    }
]