[
    {
        "case_id": "primevul_26",
        "code": "static int rc4_hmac_md5_set_ctx_params(void *vctx, const OSSL_PARAM params[])\n{\n    PROV_RC4_HMAC_MD5_CTX *ctx = (PROV_RC4_HMAC_MD5_CTX *)vctx;\n    const OSSL_PARAM *p;\n    size_t sz;\n    if (params == NULL)\n    {\n        return 1;\n    }\n    p = OSSL_PARAM_locate_const(params, OSSL_CIPHER_PARAM_KEYLEN);\n    if (p != NULL)\n    {\n        if (!OSSL_PARAM_get_size_t(p, &sz))\n        {\n            ERR_raise(ERR_LIB_PROV, PROV_R_FAILED_TO_GET_PARAMETER);\n            return 0;\n        }\n        if (ctx->base.keylen != sz)\n        {\n            ERR_raise(ERR_LIB_PROV, PROV_R_INVALID_KEY_LENGTH);\n            return 0;\n        }\n    }\n    p = OSSL_PARAM_locate_const(params, OSSL_CIPHER_PARAM_IVLEN);\n    if (p != NULL)\n    {\n        if (!OSSL_PARAM_get_size_t(p, &sz))\n        {\n            ERR_raise(ERR_LIB_PROV, PROV_R_FAILED_TO_GET_PARAMETER);\n            return 0;\n        }\n        if (ctx->base.ivlen != sz)\n        {\n            ERR_raise(ERR_LIB_PROV, PROV_R_INVALID_IV_LENGTH);\n            return 0;\n        }\n    }\n    p = OSSL_PARAM_locate_const(params, OSSL_CIPHER_PARAM_AEAD_TLS1_AAD);\n    if (p != NULL)\n    {\n        if (p->data_type != OSSL_PARAM_OCTET_STRING)\n        {\n            ERR_raise(ERR_LIB_PROV, PROV_R_FAILED_TO_GET_PARAMETER);\n            return 0;\n        }\n        sz = GET_HW(ctx)->tls_init(&ctx->base, p->data, p->data_size);\n        if (sz == 0)\n        {\n            ERR_raise(ERR_LIB_PROV, PROV_R_INVALID_DATA);\n            return 0;\n        }\n        ctx->tls_aad_pad_sz = sz;\n    }\n    p = OSSL_PARAM_locate_const(params, OSSL_CIPHER_PARAM_AEAD_TLS1_AAD);\n    if (p != NULL)\n    {\n        if (p->data_type != OSSL_PARAM_OCTET_STRING)\n        {\n            ERR_raise(ERR_LIB_PROV, PROV_R_FAILED_TO_GET_PARAMETER);\n            return 0;\n        }\n        GET_HW(ctx)->init_mackey(&ctx->base, p->data, p->data_size);\n    }\n    p = OSSL_PARAM_locate_const(params, OSSL_CIPHER_PARAM_TLS_VERSION);\n    if (p != NULL)\n    {\n        if (!OSSL_PARAM_get_uint(p, &ctx->base.tlsversion))\n        {\n            ERR_raise(ERR_LIB_PROV, PROV_R_FAILED_TO_GET_PARAMETER);\n            return 0;\n        }\n    }\n    return 1;\n}\n",
        "question": "Given that the parameter or function `ctx->base` is modified before the execution of the function `tls_init`, evaluate the potential impact on the outcomes of `tls_init`. Consider how `ctx->base` could influence `tls_init`, including its role as a direct parameter, its effect on controlling conditions, or its indirect impacts through other related variables or system states.",
        "choices": {
            "A": "The change to `ctx->base` directly alters the arguments passed to `tls_init`.",
            "B": "There is neither a direct nor a significant indirect relationship between the changes to `ctx->base` and the behavior or output of `tls_init`, suggesting no observable impact.",
            "C": "The modification of `ctx->base` might indirectly influence `tls_init` by modifying the control statement that controls the behavior of `tls_init`.",
            "D": "It is not possible to determine the effect without additional context."
        },
        "answer": "A",
        "distance": 1
    },
    {
        "case_id": "primevul_26",
        "code": "static int rc4_hmac_md5_set_ctx_params(void *vctx, const OSSL_PARAM params[])\n{\n    PROV_RC4_HMAC_MD5_CTX *ctx = (PROV_RC4_HMAC_MD5_CTX *)vctx;\n    const OSSL_PARAM *p;\n    size_t sz;\n    if (params == NULL)\n    {\n        return 1;\n    }\n    p = OSSL_PARAM_locate_const(params, OSSL_CIPHER_PARAM_KEYLEN);\n    if (p != NULL)\n    {\n        if (!OSSL_PARAM_get_size_t(p, &sz))\n        {\n            ERR_raise(ERR_LIB_PROV, PROV_R_FAILED_TO_GET_PARAMETER);\n            return 0;\n        }\n        if (ctx->base.keylen != sz)\n        {\n            ERR_raise(ERR_LIB_PROV, PROV_R_INVALID_KEY_LENGTH);\n            return 0;\n        }\n    }\n    p = OSSL_PARAM_locate_const(params, OSSL_CIPHER_PARAM_IVLEN);\n    if (p != NULL)\n    {\n        if (!OSSL_PARAM_get_size_t(p, &sz))\n        {\n            ERR_raise(ERR_LIB_PROV, PROV_R_FAILED_TO_GET_PARAMETER);\n            return 0;\n        }\n        if (ctx->base.ivlen != sz)\n        {\n            ERR_raise(ERR_LIB_PROV, PROV_R_INVALID_IV_LENGTH);\n            return 0;\n        }\n    }\n    p = OSSL_PARAM_locate_const(params, OSSL_CIPHER_PARAM_AEAD_TLS1_AAD);\n    if (p != NULL)\n    {\n        if (p->data_type != OSSL_PARAM_OCTET_STRING)\n        {\n            ERR_raise(ERR_LIB_PROV, PROV_R_FAILED_TO_GET_PARAMETER);\n            return 0;\n        }\n        sz = GET_HW(ctx)->tls_init(&ctx->base, p->data, p->data_size);\n        if (sz == 0)\n        {\n            ERR_raise(ERR_LIB_PROV, PROV_R_INVALID_DATA);\n            return 0;\n        }\n        ctx->tls_aad_pad_sz = sz;\n    }\n    p = OSSL_PARAM_locate_const(params, OSSL_CIPHER_PARAM_AEAD_TLS1_AAD);\n    if (p != NULL)\n    {\n        if (p->data_type != OSSL_PARAM_OCTET_STRING)\n        {\n            ERR_raise(ERR_LIB_PROV, PROV_R_FAILED_TO_GET_PARAMETER);\n            return 0;\n        }\n        GET_HW(ctx)->init_mackey(&ctx->base, p->data, p->data_size);\n    }\n    p = OSSL_PARAM_locate_const(params, OSSL_CIPHER_PARAM_TLS_VERSION);\n    if (p != NULL)\n    {\n        if (!OSSL_PARAM_get_uint(p, &ctx->base.tlsversion))\n        {\n            ERR_raise(ERR_LIB_PROV, PROV_R_FAILED_TO_GET_PARAMETER);\n            return 0;\n        }\n    }\n    return 1;\n}\n",
        "question": "Given that the parameter or function `p->data` is modified before the execution of the function `tls_init`, evaluate the potential impact on the outcomes of `tls_init`. Consider how `p->data` could influence `tls_init`, including its role as a direct parameter, its effect on controlling conditions, or its indirect impacts through other related variables or system states.",
        "choices": {
            "A": "The change to `p->data` directly alters the arguments passed to `tls_init`.",
            "B": "There is neither a direct nor a significant indirect relationship between the changes to `p->data` and the behavior or output of `tls_init`, suggesting no observable impact.",
            "C": "The modification of `p->data` might indirectly influence `tls_init` by modifying the control statement that controls the behavior of `tls_init`.",
            "D": "It is not possible to determine the effect without additional context."
        },
        "answer": "A",
        "distance": 1
    },
    {
        "case_id": "primevul_26",
        "code": "static int rc4_hmac_md5_set_ctx_params(void *vctx, const OSSL_PARAM params[])\n{\n    PROV_RC4_HMAC_MD5_CTX *ctx = (PROV_RC4_HMAC_MD5_CTX *)vctx;\n    const OSSL_PARAM *p;\n    size_t sz;\n    if (params == NULL)\n    {\n        return 1;\n    }\n    p = OSSL_PARAM_locate_const(params, OSSL_CIPHER_PARAM_KEYLEN);\n    if (p != NULL)\n    {\n        if (!OSSL_PARAM_get_size_t(p, &sz))\n        {\n            ERR_raise(ERR_LIB_PROV, PROV_R_FAILED_TO_GET_PARAMETER);\n            return 0;\n        }\n        if (ctx->base.keylen != sz)\n        {\n            ERR_raise(ERR_LIB_PROV, PROV_R_INVALID_KEY_LENGTH);\n            return 0;\n        }\n    }\n    p = OSSL_PARAM_locate_const(params, OSSL_CIPHER_PARAM_IVLEN);\n    if (p != NULL)\n    {\n        if (!OSSL_PARAM_get_size_t(p, &sz))\n        {\n            ERR_raise(ERR_LIB_PROV, PROV_R_FAILED_TO_GET_PARAMETER);\n            return 0;\n        }\n        if (ctx->base.ivlen != sz)\n        {\n            ERR_raise(ERR_LIB_PROV, PROV_R_INVALID_IV_LENGTH);\n            return 0;\n        }\n    }\n    p = OSSL_PARAM_locate_const(params, OSSL_CIPHER_PARAM_AEAD_TLS1_AAD);\n    if (p != NULL)\n    {\n        if (p->data_type != OSSL_PARAM_OCTET_STRING)\n        {\n            ERR_raise(ERR_LIB_PROV, PROV_R_FAILED_TO_GET_PARAMETER);\n            return 0;\n        }\n        sz = GET_HW(ctx)->tls_init(&ctx->base, p->data, p->data_size);\n        if (sz == 0)\n        {\n            ERR_raise(ERR_LIB_PROV, PROV_R_INVALID_DATA);\n            return 0;\n        }\n        ctx->tls_aad_pad_sz = sz;\n    }\n    p = OSSL_PARAM_locate_const(params, OSSL_CIPHER_PARAM_AEAD_TLS1_AAD);\n    if (p != NULL)\n    {\n        if (p->data_type != OSSL_PARAM_OCTET_STRING)\n        {\n            ERR_raise(ERR_LIB_PROV, PROV_R_FAILED_TO_GET_PARAMETER);\n            return 0;\n        }\n        GET_HW(ctx)->init_mackey(&ctx->base, p->data, p->data_size);\n    }\n    p = OSSL_PARAM_locate_const(params, OSSL_CIPHER_PARAM_TLS_VERSION);\n    if (p != NULL)\n    {\n        if (!OSSL_PARAM_get_uint(p, &ctx->base.tlsversion))\n        {\n            ERR_raise(ERR_LIB_PROV, PROV_R_FAILED_TO_GET_PARAMETER);\n            return 0;\n        }\n    }\n    return 1;\n}\n",
        "question": "Given that the parameter or function `p->data_size` is modified before the execution of the function `tls_init`, evaluate the potential impact on the outcomes of `tls_init`. Consider how `p->data_size` could influence `tls_init`, including its role as a direct parameter, its effect on controlling conditions, or its indirect impacts through other related variables or system states.",
        "choices": {
            "A": "The change to `p->data_size` directly alters the arguments passed to `tls_init`.",
            "B": "There is neither a direct nor a significant indirect relationship between the changes to `p->data_size` and the behavior or output of `tls_init`, suggesting no observable impact.",
            "C": "The modification of `p->data_size` might indirectly influence `tls_init` by modifying the control statement that controls the behavior of `tls_init`.",
            "D": "It is not possible to determine the effect without additional context."
        },
        "answer": "A",
        "distance": 1
    },
    {
        "case_id": "primevul_26",
        "code": "static int rc4_hmac_md5_set_ctx_params(void *vctx, const OSSL_PARAM params[])\n{\n    PROV_RC4_HMAC_MD5_CTX *ctx = (PROV_RC4_HMAC_MD5_CTX *)vctx;\n    const OSSL_PARAM *p;\n    size_t sz;\n    if (params == NULL)\n    {\n        return 1;\n    }\n    p = OSSL_PARAM_locate_const(params, OSSL_CIPHER_PARAM_KEYLEN);\n    if (p != NULL)\n    {\n        if (!OSSL_PARAM_get_size_t(p, &sz))\n        {\n            ERR_raise(ERR_LIB_PROV, PROV_R_FAILED_TO_GET_PARAMETER);\n            return 0;\n        }\n        if (ctx->base.keylen != sz)\n        {\n            ERR_raise(ERR_LIB_PROV, PROV_R_INVALID_KEY_LENGTH);\n            return 0;\n        }\n    }\n    p = OSSL_PARAM_locate_const(params, OSSL_CIPHER_PARAM_IVLEN);\n    if (p != NULL)\n    {\n        if (!OSSL_PARAM_get_size_t(p, &sz))\n        {\n            ERR_raise(ERR_LIB_PROV, PROV_R_FAILED_TO_GET_PARAMETER);\n            return 0;\n        }\n        if (ctx->base.ivlen != sz)\n        {\n            ERR_raise(ERR_LIB_PROV, PROV_R_INVALID_IV_LENGTH);\n            return 0;\n        }\n    }\n    p = OSSL_PARAM_locate_const(params, OSSL_CIPHER_PARAM_AEAD_TLS1_AAD);\n    if (p != NULL)\n    {\n        if (p->data_type != OSSL_PARAM_OCTET_STRING)\n        {\n            ERR_raise(ERR_LIB_PROV, PROV_R_FAILED_TO_GET_PARAMETER);\n            return 0;\n        }\n        sz = GET_HW(ctx)->tls_init(&ctx->base, p->data, p->data_size);\n        if (sz == 0)\n        {\n            ERR_raise(ERR_LIB_PROV, PROV_R_INVALID_DATA);\n            return 0;\n        }\n        ctx->tls_aad_pad_sz = sz;\n    }\n    p = OSSL_PARAM_locate_const(params, OSSL_CIPHER_PARAM_AEAD_TLS1_AAD);\n    if (p != NULL)\n    {\n        if (p->data_type != OSSL_PARAM_OCTET_STRING)\n        {\n            ERR_raise(ERR_LIB_PROV, PROV_R_FAILED_TO_GET_PARAMETER);\n            return 0;\n        }\n        GET_HW(ctx)->init_mackey(&ctx->base, p->data, p->data_size);\n    }\n    p = OSSL_PARAM_locate_const(params, OSSL_CIPHER_PARAM_TLS_VERSION);\n    if (p != NULL)\n    {\n        if (!OSSL_PARAM_get_uint(p, &ctx->base.tlsversion))\n        {\n            ERR_raise(ERR_LIB_PROV, PROV_R_FAILED_TO_GET_PARAMETER);\n            return 0;\n        }\n    }\n    return 1;\n}\n",
        "question": "Given that the parameter or function `tls_init` is modified before the execution of the function `init_mackey`, evaluate the potential impact on the outcomes of `init_mackey`. Consider how `tls_init` could influence `init_mackey`, including its role as a direct parameter, its effect on controlling conditions, or its indirect impacts through other related variables or system states.",
        "choices": {
            "A": "The change to `tls_init` directly alters the arguments passed to `init_mackey`.",
            "B": "There is neither a direct nor a significant indirect relationship between the changes to `tls_init` and the behavior or output of `init_mackey`, suggesting no observable impact.",
            "C": "The modification of `tls_init` might indirectly influence `init_mackey` by modifying the control statement that controls the behavior of `init_mackey`.",
            "D": "It is not possible to determine the effect without additional context."
        },
        "answer": "A",
        "distance": 1
    },
    {
        "case_id": "primevul_26",
        "code": "static int rc4_hmac_md5_set_ctx_params(void *vctx, const OSSL_PARAM params[])\n{\n    PROV_RC4_HMAC_MD5_CTX *ctx = (PROV_RC4_HMAC_MD5_CTX *)vctx;\n    const OSSL_PARAM *p;\n    size_t sz;\n    if (params == NULL)\n    {\n        return 1;\n    }\n    p = OSSL_PARAM_locate_const(params, OSSL_CIPHER_PARAM_KEYLEN);\n    if (p != NULL)\n    {\n        if (!OSSL_PARAM_get_size_t(p, &sz))\n        {\n            ERR_raise(ERR_LIB_PROV, PROV_R_FAILED_TO_GET_PARAMETER);\n            return 0;\n        }\n        if (ctx->base.keylen != sz)\n        {\n            ERR_raise(ERR_LIB_PROV, PROV_R_INVALID_KEY_LENGTH);\n            return 0;\n        }\n    }\n    p = OSSL_PARAM_locate_const(params, OSSL_CIPHER_PARAM_IVLEN);\n    if (p != NULL)\n    {\n        if (!OSSL_PARAM_get_size_t(p, &sz))\n        {\n            ERR_raise(ERR_LIB_PROV, PROV_R_FAILED_TO_GET_PARAMETER);\n            return 0;\n        }\n        if (ctx->base.ivlen != sz)\n        {\n            ERR_raise(ERR_LIB_PROV, PROV_R_INVALID_IV_LENGTH);\n            return 0;\n        }\n    }\n    p = OSSL_PARAM_locate_const(params, OSSL_CIPHER_PARAM_AEAD_TLS1_AAD);\n    if (p != NULL)\n    {\n        if (p->data_type != OSSL_PARAM_OCTET_STRING)\n        {\n            ERR_raise(ERR_LIB_PROV, PROV_R_FAILED_TO_GET_PARAMETER);\n            return 0;\n        }\n        sz = GET_HW(ctx)->tls_init(&ctx->base, p->data, p->data_size);\n        if (sz == 0)\n        {\n            ERR_raise(ERR_LIB_PROV, PROV_R_INVALID_DATA);\n            return 0;\n        }\n        ctx->tls_aad_pad_sz = sz;\n    }\n    p = OSSL_PARAM_locate_const(params, OSSL_CIPHER_PARAM_AEAD_TLS1_AAD);\n    if (p != NULL)\n    {\n        if (p->data_type != OSSL_PARAM_OCTET_STRING)\n        {\n            ERR_raise(ERR_LIB_PROV, PROV_R_FAILED_TO_GET_PARAMETER);\n            return 0;\n        }\n        GET_HW(ctx)->init_mackey(&ctx->base, p->data, p->data_size);\n    }\n    p = OSSL_PARAM_locate_const(params, OSSL_CIPHER_PARAM_TLS_VERSION);\n    if (p != NULL)\n    {\n        if (!OSSL_PARAM_get_uint(p, &ctx->base.tlsversion))\n        {\n            ERR_raise(ERR_LIB_PROV, PROV_R_FAILED_TO_GET_PARAMETER);\n            return 0;\n        }\n    }\n    return 1;\n}\n",
        "question": "Given that the parameter or function `init_mackey` is modified before the execution of the function `tls_init`, evaluate the potential impact on the outcomes of `tls_init`. Consider how `init_mackey` could influence `tls_init`, including its role as a direct parameter, its effect on controlling conditions, or its indirect impacts through other related variables or system states.",
        "choices": {
            "A": "The change to `init_mackey` directly alters the arguments passed to `tls_init`.",
            "B": "There is neither a direct nor a significant indirect relationship between the changes to `init_mackey` and the behavior or output of `tls_init`, suggesting no observable impact.",
            "C": "The modification of `init_mackey` might indirectly influence `tls_init` by modifying the control statement that controls the behavior of `tls_init`.",
            "D": "It is not possible to determine the effect without additional context."
        },
        "answer": "B",
        "distance": 0
    },
    {
        "case_id": "primevul_26",
        "code": "static int rc4_hmac_md5_set_ctx_params(void *vctx, const OSSL_PARAM params[])\n{\n    PROV_RC4_HMAC_MD5_CTX *ctx = (PROV_RC4_HMAC_MD5_CTX *)vctx;\n    const OSSL_PARAM *p;\n    size_t sz;\n    if (params == NULL)\n    {\n        return 1;\n    }\n    p = OSSL_PARAM_locate_const(params, OSSL_CIPHER_PARAM_KEYLEN);\n    if (p != NULL)\n    {\n        if (!OSSL_PARAM_get_size_t(p, &sz))\n        {\n            ERR_raise(ERR_LIB_PROV, PROV_R_FAILED_TO_GET_PARAMETER);\n            return 0;\n        }\n        if (ctx->base.keylen != sz)\n        {\n            ERR_raise(ERR_LIB_PROV, PROV_R_INVALID_KEY_LENGTH);\n            return 0;\n        }\n    }\n    p = OSSL_PARAM_locate_const(params, OSSL_CIPHER_PARAM_IVLEN);\n    if (p != NULL)\n    {\n        if (!OSSL_PARAM_get_size_t(p, &sz))\n        {\n            ERR_raise(ERR_LIB_PROV, PROV_R_FAILED_TO_GET_PARAMETER);\n            return 0;\n        }\n        if (ctx->base.ivlen != sz)\n        {\n            ERR_raise(ERR_LIB_PROV, PROV_R_INVALID_IV_LENGTH);\n            return 0;\n        }\n    }\n    p = OSSL_PARAM_locate_const(params, OSSL_CIPHER_PARAM_AEAD_TLS1_AAD);\n    if (p != NULL)\n    {\n        if (p->data_type != OSSL_PARAM_OCTET_STRING)\n        {\n            ERR_raise(ERR_LIB_PROV, PROV_R_FAILED_TO_GET_PARAMETER);\n            return 0;\n        }\n        sz = GET_HW(ctx)->tls_init(&ctx->base, p->data, p->data_size);\n        if (sz == 0)\n        {\n            ERR_raise(ERR_LIB_PROV, PROV_R_INVALID_DATA);\n            return 0;\n        }\n        ctx->tls_aad_pad_sz = sz;\n    }\n    p = OSSL_PARAM_locate_const(params, OSSL_CIPHER_PARAM_AEAD_TLS1_AAD);\n    if (p != NULL)\n    {\n        if (p->data_type != OSSL_PARAM_OCTET_STRING)\n        {\n            ERR_raise(ERR_LIB_PROV, PROV_R_FAILED_TO_GET_PARAMETER);\n            return 0;\n        }\n        GET_HW(ctx)->init_mackey(&ctx->base, p->data, p->data_size);\n    }\n    p = OSSL_PARAM_locate_const(params, OSSL_CIPHER_PARAM_TLS_VERSION);\n    if (p != NULL)\n    {\n        if (!OSSL_PARAM_get_uint(p, &ctx->base.tlsversion))\n        {\n            ERR_raise(ERR_LIB_PROV, PROV_R_FAILED_TO_GET_PARAMETER);\n            return 0;\n        }\n    }\n    return 1;\n}\n",
        "question": "Given that the parameter or function `ctx` is modified before the execution of the function `tls_init`, evaluate the potential impact on the outcomes of `tls_init`. Consider how `ctx` could influence `tls_init`, including its role as a direct parameter, its effect on controlling conditions, or its indirect impacts through other related variables or system states.",
        "choices": {
            "A": "The change to `ctx` directly alters the arguments passed to `tls_init`.",
            "B": "There is neither a direct nor a significant indirect relationship between the changes to `ctx` and the behavior or output of `tls_init`, suggesting no observable impact.",
            "C": "The modification of `ctx` might indirectly influence `tls_init` by modifying the control statement that controls the behavior of `tls_init`.",
            "D": "It is not possible to determine the effect without additional context."
        },
        "answer": "B",
        "distance": 0
    },
    {
        "case_id": "primevul_26",
        "code": "static int rc4_hmac_md5_set_ctx_params(void *vctx, const OSSL_PARAM params[])\n{\n    PROV_RC4_HMAC_MD5_CTX *ctx = (PROV_RC4_HMAC_MD5_CTX *)vctx;\n    const OSSL_PARAM *p;\n    size_t sz;\n    if (params == NULL)\n    {\n        return 1;\n    }\n    p = OSSL_PARAM_locate_const(params, OSSL_CIPHER_PARAM_KEYLEN);\n    if (p != NULL)\n    {\n        if (!OSSL_PARAM_get_size_t(p, &sz))\n        {\n            ERR_raise(ERR_LIB_PROV, PROV_R_FAILED_TO_GET_PARAMETER);\n            return 0;\n        }\n        if (ctx->base.keylen != sz)\n        {\n            ERR_raise(ERR_LIB_PROV, PROV_R_INVALID_KEY_LENGTH);\n            return 0;\n        }\n    }\n    p = OSSL_PARAM_locate_const(params, OSSL_CIPHER_PARAM_IVLEN);\n    if (p != NULL)\n    {\n        if (!OSSL_PARAM_get_size_t(p, &sz))\n        {\n            ERR_raise(ERR_LIB_PROV, PROV_R_FAILED_TO_GET_PARAMETER);\n            return 0;\n        }\n        if (ctx->base.ivlen != sz)\n        {\n            ERR_raise(ERR_LIB_PROV, PROV_R_INVALID_IV_LENGTH);\n            return 0;\n        }\n    }\n    p = OSSL_PARAM_locate_const(params, OSSL_CIPHER_PARAM_AEAD_TLS1_AAD);\n    if (p != NULL)\n    {\n        if (p->data_type != OSSL_PARAM_OCTET_STRING)\n        {\n            ERR_raise(ERR_LIB_PROV, PROV_R_FAILED_TO_GET_PARAMETER);\n            return 0;\n        }\n        sz = GET_HW(ctx)->tls_init(&ctx->base, p->data, p->data_size);\n        if (sz == 0)\n        {\n            ERR_raise(ERR_LIB_PROV, PROV_R_INVALID_DATA);\n            return 0;\n        }\n        ctx->tls_aad_pad_sz = sz;\n    }\n    p = OSSL_PARAM_locate_const(params, OSSL_CIPHER_PARAM_AEAD_TLS1_AAD);\n    if (p != NULL)\n    {\n        if (p->data_type != OSSL_PARAM_OCTET_STRING)\n        {\n            ERR_raise(ERR_LIB_PROV, PROV_R_FAILED_TO_GET_PARAMETER);\n            return 0;\n        }\n        GET_HW(ctx)->init_mackey(&ctx->base, p->data, p->data_size);\n    }\n    p = OSSL_PARAM_locate_const(params, OSSL_CIPHER_PARAM_TLS_VERSION);\n    if (p != NULL)\n    {\n        if (!OSSL_PARAM_get_uint(p, &ctx->base.tlsversion))\n        {\n            ERR_raise(ERR_LIB_PROV, PROV_R_FAILED_TO_GET_PARAMETER);\n            return 0;\n        }\n    }\n    return 1;\n}\n",
        "question": "Given that the parameter or function `ERR_raise` is modified before the execution of the function `tls_init`, evaluate the potential impact on the outcomes of `tls_init`. Consider how `ERR_raise` could influence `tls_init`, including its role as a direct parameter, its effect on controlling conditions, or its indirect impacts through other related variables or system states.",
        "choices": {
            "A": "The change to `ERR_raise` directly alters the arguments passed to `tls_init`.",
            "B": "There is neither a direct nor a significant indirect relationship between the changes to `ERR_raise` and the behavior or output of `tls_init`, suggesting no observable impact.",
            "C": "The modification of `ERR_raise` might indirectly influence `tls_init` by modifying the control statement that controls the behavior of `tls_init`.",
            "D": "It is not possible to determine the effect without additional context."
        },
        "answer": "B",
        "distance": 0
    },
    {
        "case_id": "primevul_26",
        "code": "static int rc4_hmac_md5_set_ctx_params(void *vctx, const OSSL_PARAM params[])\n{\n    PROV_RC4_HMAC_MD5_CTX *ctx = (PROV_RC4_HMAC_MD5_CTX *)vctx;\n    const OSSL_PARAM *p;\n    size_t sz;\n    if (params == NULL)\n    {\n        return 1;\n    }\n    p = OSSL_PARAM_locate_const(params, OSSL_CIPHER_PARAM_KEYLEN);\n    if (p != NULL)\n    {\n        if (!OSSL_PARAM_get_size_t(p, &sz))\n        {\n            ERR_raise(ERR_LIB_PROV, PROV_R_FAILED_TO_GET_PARAMETER);\n            return 0;\n        }\n        if (ctx->base.keylen != sz)\n        {\n            ERR_raise(ERR_LIB_PROV, PROV_R_INVALID_KEY_LENGTH);\n            return 0;\n        }\n    }\n    p = OSSL_PARAM_locate_const(params, OSSL_CIPHER_PARAM_IVLEN);\n    if (p != NULL)\n    {\n        if (!OSSL_PARAM_get_size_t(p, &sz))\n        {\n            ERR_raise(ERR_LIB_PROV, PROV_R_FAILED_TO_GET_PARAMETER);\n            return 0;\n        }\n        if (ctx->base.ivlen != sz)\n        {\n            ERR_raise(ERR_LIB_PROV, PROV_R_INVALID_IV_LENGTH);\n            return 0;\n        }\n    }\n    p = OSSL_PARAM_locate_const(params, OSSL_CIPHER_PARAM_AEAD_TLS1_AAD);\n    if (p != NULL)\n    {\n        if (p->data_type != OSSL_PARAM_OCTET_STRING)\n        {\n            ERR_raise(ERR_LIB_PROV, PROV_R_FAILED_TO_GET_PARAMETER);\n            return 0;\n        }\n        sz = GET_HW(ctx)->tls_init(&ctx->base, p->data, p->data_size);\n        if (sz == 0)\n        {\n            ERR_raise(ERR_LIB_PROV, PROV_R_INVALID_DATA);\n            return 0;\n        }\n        ctx->tls_aad_pad_sz = sz;\n    }\n    p = OSSL_PARAM_locate_const(params, OSSL_CIPHER_PARAM_AEAD_TLS1_AAD);\n    if (p != NULL)\n    {\n        if (p->data_type != OSSL_PARAM_OCTET_STRING)\n        {\n            ERR_raise(ERR_LIB_PROV, PROV_R_FAILED_TO_GET_PARAMETER);\n            return 0;\n        }\n        GET_HW(ctx)->init_mackey(&ctx->base, p->data, p->data_size);\n    }\n    p = OSSL_PARAM_locate_const(params, OSSL_CIPHER_PARAM_TLS_VERSION);\n    if (p != NULL)\n    {\n        if (!OSSL_PARAM_get_uint(p, &ctx->base.tlsversion))\n        {\n            ERR_raise(ERR_LIB_PROV, PROV_R_FAILED_TO_GET_PARAMETER);\n            return 0;\n        }\n    }\n    return 1;\n}\n",
        "question": "Given that the parameter or function `OSSL_CIPHER_PARAM_TLS_VERSION` is modified before the execution of the function `tls_init`, evaluate the potential impact on the outcomes of `tls_init`. Consider how `OSSL_CIPHER_PARAM_TLS_VERSION` could influence `tls_init`, including its role as a direct parameter, its effect on controlling conditions, or its indirect impacts through other related variables or system states.",
        "choices": {
            "A": "The change to `OSSL_CIPHER_PARAM_TLS_VERSION` directly alters the arguments passed to `tls_init`.",
            "B": "There is neither a direct nor a significant indirect relationship between the changes to `OSSL_CIPHER_PARAM_TLS_VERSION` and the behavior or output of `tls_init`, suggesting no observable impact.",
            "C": "The modification of `OSSL_CIPHER_PARAM_TLS_VERSION` might indirectly influence `tls_init` by modifying the control statement that controls the behavior of `tls_init`.",
            "D": "It is not possible to determine the effect without additional context."
        },
        "answer": "B",
        "distance": 0
    },
    {
        "case_id": "primevul_26",
        "code": "static int rc4_hmac_md5_set_ctx_params(void *vctx, const OSSL_PARAM params[])\n{\n    PROV_RC4_HMAC_MD5_CTX *ctx = (PROV_RC4_HMAC_MD5_CTX *)vctx;\n    const OSSL_PARAM *p;\n    size_t sz;\n    if (params == NULL)\n    {\n        return 1;\n    }\n    p = OSSL_PARAM_locate_const(params, OSSL_CIPHER_PARAM_KEYLEN);\n    if (p != NULL)\n    {\n        if (!OSSL_PARAM_get_size_t(p, &sz))\n        {\n            ERR_raise(ERR_LIB_PROV, PROV_R_FAILED_TO_GET_PARAMETER);\n            return 0;\n        }\n        if (ctx->base.keylen != sz)\n        {\n            ERR_raise(ERR_LIB_PROV, PROV_R_INVALID_KEY_LENGTH);\n            return 0;\n        }\n    }\n    p = OSSL_PARAM_locate_const(params, OSSL_CIPHER_PARAM_IVLEN);\n    if (p != NULL)\n    {\n        if (!OSSL_PARAM_get_size_t(p, &sz))\n        {\n            ERR_raise(ERR_LIB_PROV, PROV_R_FAILED_TO_GET_PARAMETER);\n            return 0;\n        }\n        if (ctx->base.ivlen != sz)\n        {\n            ERR_raise(ERR_LIB_PROV, PROV_R_INVALID_IV_LENGTH);\n            return 0;\n        }\n    }\n    p = OSSL_PARAM_locate_const(params, OSSL_CIPHER_PARAM_AEAD_TLS1_AAD);\n    if (p != NULL)\n    {\n        if (p->data_type != OSSL_PARAM_OCTET_STRING)\n        {\n            ERR_raise(ERR_LIB_PROV, PROV_R_FAILED_TO_GET_PARAMETER);\n            return 0;\n        }\n        sz = GET_HW(ctx)->tls_init(&ctx->base, p->data, p->data_size);\n        if (sz == 0)\n        {\n            ERR_raise(ERR_LIB_PROV, PROV_R_INVALID_DATA);\n            return 0;\n        }\n        ctx->tls_aad_pad_sz = sz;\n    }\n    p = OSSL_PARAM_locate_const(params, OSSL_CIPHER_PARAM_AEAD_TLS1_AAD);\n    if (p != NULL)\n    {\n        if (p->data_type != OSSL_PARAM_OCTET_STRING)\n        {\n            ERR_raise(ERR_LIB_PROV, PROV_R_FAILED_TO_GET_PARAMETER);\n            return 0;\n        }\n        GET_HW(ctx)->init_mackey(&ctx->base, p->data, p->data_size);\n    }\n    p = OSSL_PARAM_locate_const(params, OSSL_CIPHER_PARAM_TLS_VERSION);\n    if (p != NULL)\n    {\n        if (!OSSL_PARAM_get_uint(p, &ctx->base.tlsversion))\n        {\n            ERR_raise(ERR_LIB_PROV, PROV_R_FAILED_TO_GET_PARAMETER);\n            return 0;\n        }\n    }\n    return 1;\n}\n",
        "question": "Given that the parameter or function `OSSL_CIPHER_PARAM_AEAD_TLS1_AAD` is modified before the execution of the function `tls_init`, evaluate the potential impact on the outcomes of `tls_init`. Consider how `OSSL_CIPHER_PARAM_AEAD_TLS1_AAD` could influence `tls_init`, including its role as a direct parameter, its effect on controlling conditions, or its indirect impacts through other related variables or system states.",
        "choices": {
            "A": "The change to `OSSL_CIPHER_PARAM_AEAD_TLS1_AAD` directly alters the arguments passed to `tls_init`.",
            "B": "There is neither a direct nor a significant indirect relationship between the changes to `OSSL_CIPHER_PARAM_AEAD_TLS1_AAD` and the behavior or output of `tls_init`, suggesting no observable impact.",
            "C": "The modification of `OSSL_CIPHER_PARAM_AEAD_TLS1_AAD` might indirectly influence `tls_init` by modifying the control statement that controls the behavior of `tls_init`.",
            "D": "It is not possible to determine the effect without additional context."
        },
        "answer": "C",
        "distance": 1
    },
    {
        "case_id": "primevul_26",
        "code": "static int rc4_hmac_md5_set_ctx_params(void *vctx, const OSSL_PARAM params[])\n{\n    PROV_RC4_HMAC_MD5_CTX *ctx = (PROV_RC4_HMAC_MD5_CTX *)vctx;\n    const OSSL_PARAM *p;\n    size_t sz;\n    if (params == NULL)\n    {\n        return 1;\n    }\n    p = OSSL_PARAM_locate_const(params, OSSL_CIPHER_PARAM_KEYLEN);\n    if (p != NULL)\n    {\n        if (!OSSL_PARAM_get_size_t(p, &sz))\n        {\n            ERR_raise(ERR_LIB_PROV, PROV_R_FAILED_TO_GET_PARAMETER);\n            return 0;\n        }\n        if (ctx->base.keylen != sz)\n        {\n            ERR_raise(ERR_LIB_PROV, PROV_R_INVALID_KEY_LENGTH);\n            return 0;\n        }\n    }\n    p = OSSL_PARAM_locate_const(params, OSSL_CIPHER_PARAM_IVLEN);\n    if (p != NULL)\n    {\n        if (!OSSL_PARAM_get_size_t(p, &sz))\n        {\n            ERR_raise(ERR_LIB_PROV, PROV_R_FAILED_TO_GET_PARAMETER);\n            return 0;\n        }\n        if (ctx->base.ivlen != sz)\n        {\n            ERR_raise(ERR_LIB_PROV, PROV_R_INVALID_IV_LENGTH);\n            return 0;\n        }\n    }\n    p = OSSL_PARAM_locate_const(params, OSSL_CIPHER_PARAM_AEAD_TLS1_AAD);\n    if (p != NULL)\n    {\n        if (p->data_type != OSSL_PARAM_OCTET_STRING)\n        {\n            ERR_raise(ERR_LIB_PROV, PROV_R_FAILED_TO_GET_PARAMETER);\n            return 0;\n        }\n        sz = GET_HW(ctx)->tls_init(&ctx->base, p->data, p->data_size);\n        if (sz == 0)\n        {\n            ERR_raise(ERR_LIB_PROV, PROV_R_INVALID_DATA);\n            return 0;\n        }\n        ctx->tls_aad_pad_sz = sz;\n    }\n    p = OSSL_PARAM_locate_const(params, OSSL_CIPHER_PARAM_AEAD_TLS1_AAD);\n    if (p != NULL)\n    {\n        if (p->data_type != OSSL_PARAM_OCTET_STRING)\n        {\n            ERR_raise(ERR_LIB_PROV, PROV_R_FAILED_TO_GET_PARAMETER);\n            return 0;\n        }\n        GET_HW(ctx)->init_mackey(&ctx->base, p->data, p->data_size);\n    }\n    p = OSSL_PARAM_locate_const(params, OSSL_CIPHER_PARAM_TLS_VERSION);\n    if (p != NULL)\n    {\n        if (!OSSL_PARAM_get_uint(p, &ctx->base.tlsversion))\n        {\n            ERR_raise(ERR_LIB_PROV, PROV_R_FAILED_TO_GET_PARAMETER);\n            return 0;\n        }\n    }\n    return 1;\n}\n",
        "question": "Given that the parameter or function `OSSL_CIPHER_PARAM_IVLEN` is modified before the execution of the function `tls_init`, evaluate the potential impact on the outcomes of `tls_init`. Consider how `OSSL_CIPHER_PARAM_IVLEN` could influence `tls_init`, including its role as a direct parameter, its effect on controlling conditions, or its indirect impacts through other related variables or system states.",
        "choices": {
            "A": "The change to `OSSL_CIPHER_PARAM_IVLEN` directly alters the arguments passed to `tls_init`.",
            "B": "There is neither a direct nor a significant indirect relationship between the changes to `OSSL_CIPHER_PARAM_IVLEN` and the behavior or output of `tls_init`, suggesting no observable impact.",
            "C": "The modification of `OSSL_CIPHER_PARAM_IVLEN` might indirectly influence `tls_init` by modifying the control statement that controls the behavior of `tls_init`.",
            "D": "It is not possible to determine the effect without additional context."
        },
        "answer": "C",
        "distance": 1
    },
    {
        "case_id": "primevul_26",
        "code": "static int rc4_hmac_md5_set_ctx_params(void *vctx, const OSSL_PARAM params[])\n{\n    PROV_RC4_HMAC_MD5_CTX *ctx = (PROV_RC4_HMAC_MD5_CTX *)vctx;\n    const OSSL_PARAM *p;\n    size_t sz;\n    if (params == NULL)\n    {\n        return 1;\n    }\n    p = OSSL_PARAM_locate_const(params, OSSL_CIPHER_PARAM_KEYLEN);\n    if (p != NULL)\n    {\n        if (!OSSL_PARAM_get_size_t(p, &sz))\n        {\n            ERR_raise(ERR_LIB_PROV, PROV_R_FAILED_TO_GET_PARAMETER);\n            return 0;\n        }\n        if (ctx->base.keylen != sz)\n        {\n            ERR_raise(ERR_LIB_PROV, PROV_R_INVALID_KEY_LENGTH);\n            return 0;\n        }\n    }\n    p = OSSL_PARAM_locate_const(params, OSSL_CIPHER_PARAM_IVLEN);\n    if (p != NULL)\n    {\n        if (!OSSL_PARAM_get_size_t(p, &sz))\n        {\n            ERR_raise(ERR_LIB_PROV, PROV_R_FAILED_TO_GET_PARAMETER);\n            return 0;\n        }\n        if (ctx->base.ivlen != sz)\n        {\n            ERR_raise(ERR_LIB_PROV, PROV_R_INVALID_IV_LENGTH);\n            return 0;\n        }\n    }\n    p = OSSL_PARAM_locate_const(params, OSSL_CIPHER_PARAM_AEAD_TLS1_AAD);\n    if (p != NULL)\n    {\n        if (p->data_type != OSSL_PARAM_OCTET_STRING)\n        {\n            ERR_raise(ERR_LIB_PROV, PROV_R_FAILED_TO_GET_PARAMETER);\n            return 0;\n        }\n        sz = GET_HW(ctx)->tls_init(&ctx->base, p->data, p->data_size);\n        if (sz == 0)\n        {\n            ERR_raise(ERR_LIB_PROV, PROV_R_INVALID_DATA);\n            return 0;\n        }\n        ctx->tls_aad_pad_sz = sz;\n    }\n    p = OSSL_PARAM_locate_const(params, OSSL_CIPHER_PARAM_AEAD_TLS1_AAD);\n    if (p != NULL)\n    {\n        if (p->data_type != OSSL_PARAM_OCTET_STRING)\n        {\n            ERR_raise(ERR_LIB_PROV, PROV_R_FAILED_TO_GET_PARAMETER);\n            return 0;\n        }\n        GET_HW(ctx)->init_mackey(&ctx->base, p->data, p->data_size);\n    }\n    p = OSSL_PARAM_locate_const(params, OSSL_CIPHER_PARAM_TLS_VERSION);\n    if (p != NULL)\n    {\n        if (!OSSL_PARAM_get_uint(p, &ctx->base.tlsversion))\n        {\n            ERR_raise(ERR_LIB_PROV, PROV_R_FAILED_TO_GET_PARAMETER);\n            return 0;\n        }\n    }\n    return 1;\n}\n",
        "question": "Given that the parameter or function `OSSL_PARAM_locate_const` is modified before the execution of the function `tls_init`, evaluate the potential impact on the outcomes of `tls_init`. Consider how `OSSL_PARAM_locate_const` could influence `tls_init`, including its role as a direct parameter, its effect on controlling conditions, or its indirect impacts through other related variables or system states.",
        "choices": {
            "A": "The change to `OSSL_PARAM_locate_const` directly alters the arguments passed to `tls_init`.",
            "B": "There is neither a direct nor a significant indirect relationship between the changes to `OSSL_PARAM_locate_const` and the behavior or output of `tls_init`, suggesting no observable impact.",
            "C": "The modification of `OSSL_PARAM_locate_const` might indirectly influence `tls_init` by modifying the control statement that controls the behavior of `tls_init`.",
            "D": "It is not possible to determine the effect without additional context."
        },
        "answer": "C",
        "distance": 1
    },
    {
        "case_id": "primevul_26",
        "code": "static int rc4_hmac_md5_set_ctx_params(void *vctx, const OSSL_PARAM params[])\n{\n    PROV_RC4_HMAC_MD5_CTX *ctx = (PROV_RC4_HMAC_MD5_CTX *)vctx;\n    const OSSL_PARAM *p;\n    size_t sz;\n    if (params == NULL)\n    {\n        return 1;\n    }\n    p = OSSL_PARAM_locate_const(params, OSSL_CIPHER_PARAM_KEYLEN);\n    if (p != NULL)\n    {\n        if (!OSSL_PARAM_get_size_t(p, &sz))\n        {\n            ERR_raise(ERR_LIB_PROV, PROV_R_FAILED_TO_GET_PARAMETER);\n            return 0;\n        }\n        if (ctx->base.keylen != sz)\n        {\n            ERR_raise(ERR_LIB_PROV, PROV_R_INVALID_KEY_LENGTH);\n            return 0;\n        }\n    }\n    p = OSSL_PARAM_locate_const(params, OSSL_CIPHER_PARAM_IVLEN);\n    if (p != NULL)\n    {\n        if (!OSSL_PARAM_get_size_t(p, &sz))\n        {\n            ERR_raise(ERR_LIB_PROV, PROV_R_FAILED_TO_GET_PARAMETER);\n            return 0;\n        }\n        if (ctx->base.ivlen != sz)\n        {\n            ERR_raise(ERR_LIB_PROV, PROV_R_INVALID_IV_LENGTH);\n            return 0;\n        }\n    }\n    p = OSSL_PARAM_locate_const(params, OSSL_CIPHER_PARAM_AEAD_TLS1_AAD);\n    if (p != NULL)\n    {\n        if (p->data_type != OSSL_PARAM_OCTET_STRING)\n        {\n            ERR_raise(ERR_LIB_PROV, PROV_R_FAILED_TO_GET_PARAMETER);\n            return 0;\n        }\n        sz = GET_HW(ctx)->tls_init(&ctx->base, p->data, p->data_size);\n        if (sz == 0)\n        {\n            ERR_raise(ERR_LIB_PROV, PROV_R_INVALID_DATA);\n            return 0;\n        }\n        ctx->tls_aad_pad_sz = sz;\n    }\n    p = OSSL_PARAM_locate_const(params, OSSL_CIPHER_PARAM_AEAD_TLS1_AAD);\n    if (p != NULL)\n    {\n        if (p->data_type != OSSL_PARAM_OCTET_STRING)\n        {\n            ERR_raise(ERR_LIB_PROV, PROV_R_FAILED_TO_GET_PARAMETER);\n            return 0;\n        }\n        GET_HW(ctx)->init_mackey(&ctx->base, p->data, p->data_size);\n    }\n    p = OSSL_PARAM_locate_const(params, OSSL_CIPHER_PARAM_TLS_VERSION);\n    if (p != NULL)\n    {\n        if (!OSSL_PARAM_get_uint(p, &ctx->base.tlsversion))\n        {\n            ERR_raise(ERR_LIB_PROV, PROV_R_FAILED_TO_GET_PARAMETER);\n            return 0;\n        }\n    }\n    return 1;\n}\n",
        "question": "Given that the parameter or function `OSSL_CIPHER_PARAM_KEYLEN` is modified before the execution of the function `tls_init`, evaluate the potential impact on the outcomes of `tls_init`. Consider how `OSSL_CIPHER_PARAM_KEYLEN` could influence `tls_init`, including its role as a direct parameter, its effect on controlling conditions, or its indirect impacts through other related variables or system states.",
        "choices": {
            "A": "The change to `OSSL_CIPHER_PARAM_KEYLEN` directly alters the arguments passed to `tls_init`.",
            "B": "There is neither a direct nor a significant indirect relationship between the changes to `OSSL_CIPHER_PARAM_KEYLEN` and the behavior or output of `tls_init`, suggesting no observable impact.",
            "C": "The modification of `OSSL_CIPHER_PARAM_KEYLEN` might indirectly influence `tls_init` by modifying the control statement that controls the behavior of `tls_init`.",
            "D": "It is not possible to determine the effect without additional context."
        },
        "answer": "C",
        "distance": 1
    }
]