[
    {
        "case_id": "primevul_38",
        "code": "static struct ucounts *get_ucounts(struct user_namespace *ns, kuid_t uid)\n{\n    struct hlist_head *hashent = ucounts_hashentry(ns, uid);\n    struct ucounts *ucounts, *new;\n    spin_lock_irq(&ucounts_lock);\n    ucounts = find_ucounts(ns, uid, hashent);\n    if (!ucounts)\n    {\n        spin_unlock_irq(&ucounts_lock);\n        new = kzalloc(sizeof(*new), GFP_KERNEL);\n        if (!new)\n        {\n            return NULL;\n        }\n        new->ns = ns;\n        new->uid = uid;\n        atomic_set(&new->count, 0);\n        spin_lock_irq(&ucounts_lock);\n        ucounts = find_ucounts(ns, uid, hashent);\n        if (ucounts)\n        {\n            kfree(new);\n        }\n        else\n        {\n            hlist_add_head(&new->node, hashent);\n            ucounts = new;\n        }\n    }\n    if (!atomic_add_unless(&ucounts->count, 1, INT_MAX))\n    {\n        ucounts = NULL;\n    }\n    spin_unlock_irq(&ucounts_lock);\n    return ucounts;\n}\n",
        "question": "Given that the parameter or function `GFP_KERNEL` is modified before the execution of the function `kzalloc`, evaluate the potential impact on the outcomes of `kzalloc`. Consider how `GFP_KERNEL` could influence `kzalloc`, including its role as a direct parameter, its effect on controlling conditions, or its indirect impacts through other related variables or system states.",
        "choices": {
            "A": "The change to `GFP_KERNEL` directly alters the arguments passed to `kzalloc`.",
            "B": "There is neither a direct nor a significant indirect relationship between the changes to `GFP_KERNEL` and the behavior or output of `kzalloc`, suggesting no observable impact.",
            "C": "The modification of `GFP_KERNEL` might indirectly influence `kzalloc` by modifying the control statement that controls the behavior of `kzalloc`.",
            "D": "It is not possible to determine the effect without additional context."
        },
        "answer": "A",
        "distance": 1
    },
    {
        "case_id": "primevul_38",
        "code": "static struct ucounts *get_ucounts(struct user_namespace *ns, kuid_t uid)\n{\n    struct hlist_head *hashent = ucounts_hashentry(ns, uid);\n    struct ucounts *ucounts, *new;\n    spin_lock_irq(&ucounts_lock);\n    ucounts = find_ucounts(ns, uid, hashent);\n    if (!ucounts)\n    {\n        spin_unlock_irq(&ucounts_lock);\n        new = kzalloc(sizeof(*new), GFP_KERNEL);\n        if (!new)\n        {\n            return NULL;\n        }\n        new->ns = ns;\n        new->uid = uid;\n        atomic_set(&new->count, 0);\n        spin_lock_irq(&ucounts_lock);\n        ucounts = find_ucounts(ns, uid, hashent);\n        if (ucounts)\n        {\n            kfree(new);\n        }\n        else\n        {\n            hlist_add_head(&new->node, hashent);\n            ucounts = new;\n        }\n    }\n    if (!atomic_add_unless(&ucounts->count, 1, INT_MAX))\n    {\n        ucounts = NULL;\n    }\n    spin_unlock_irq(&ucounts_lock);\n    return ucounts;\n}\n",
        "question": "Given that the parameter or function `new` is modified before the execution of the function `kfree`, evaluate the potential impact on the outcomes of `kfree`. Consider how `new` could influence `kfree`, including its role as a direct parameter, its effect on controlling conditions, or its indirect impacts through other related variables or system states.",
        "choices": {
            "A": "The change to `new` directly alters the arguments passed to `kfree`.",
            "B": "There is neither a direct nor a significant indirect relationship between the changes to `new` and the behavior or output of `kfree`, suggesting no observable impact.",
            "C": "The modification of `new` might indirectly influence `kfree` by modifying the control statement that controls the behavior of `kfree`.",
            "D": "It is not possible to determine the effect without additional context."
        },
        "answer": "A",
        "distance": 1
    },
    {
        "case_id": "primevul_38",
        "code": "static struct ucounts *get_ucounts(struct user_namespace *ns, kuid_t uid)\n{\n    struct hlist_head *hashent = ucounts_hashentry(ns, uid);\n    struct ucounts *ucounts, *new;\n    spin_lock_irq(&ucounts_lock);\n    ucounts = find_ucounts(ns, uid, hashent);\n    if (!ucounts)\n    {\n        spin_unlock_irq(&ucounts_lock);\n        new = kzalloc(sizeof(*new), GFP_KERNEL);\n        if (!new)\n        {\n            return NULL;\n        }\n        new->ns = ns;\n        new->uid = uid;\n        atomic_set(&new->count, 0);\n        spin_lock_irq(&ucounts_lock);\n        ucounts = find_ucounts(ns, uid, hashent);\n        if (ucounts)\n        {\n            kfree(new);\n        }\n        else\n        {\n            hlist_add_head(&new->node, hashent);\n            ucounts = new;\n        }\n    }\n    if (!atomic_add_unless(&ucounts->count, 1, INT_MAX))\n    {\n        ucounts = NULL;\n    }\n    spin_unlock_irq(&ucounts_lock);\n    return ucounts;\n}\n",
        "question": "Given that the parameter or function `hashent` is modified before the execution of the function `hlist_add_head`, evaluate the potential impact on the outcomes of `hlist_add_head`. Consider how `hashent` could influence `hlist_add_head`, including its role as a direct parameter, its effect on controlling conditions, or its indirect impacts through other related variables or system states.",
        "choices": {
            "A": "The change to `hashent` directly alters the arguments passed to `hlist_add_head`.",
            "B": "There is neither a direct nor a significant indirect relationship between the changes to `hashent` and the behavior or output of `hlist_add_head`, suggesting no observable impact.",
            "C": "The modification of `hashent` might indirectly influence `hlist_add_head` by modifying the control statement that controls the behavior of `hlist_add_head`.",
            "D": "It is not possible to determine the effect without additional context."
        },
        "answer": "A",
        "distance": 1
    },
    {
        "case_id": "primevul_38",
        "code": "static struct ucounts *get_ucounts(struct user_namespace *ns, kuid_t uid)\n{\n    struct hlist_head *hashent = ucounts_hashentry(ns, uid);\n    struct ucounts *ucounts, *new;\n    spin_lock_irq(&ucounts_lock);\n    ucounts = find_ucounts(ns, uid, hashent);\n    if (!ucounts)\n    {\n        spin_unlock_irq(&ucounts_lock);\n        new = kzalloc(sizeof(*new), GFP_KERNEL);\n        if (!new)\n        {\n            return NULL;\n        }\n        new->ns = ns;\n        new->uid = uid;\n        atomic_set(&new->count, 0);\n        spin_lock_irq(&ucounts_lock);\n        ucounts = find_ucounts(ns, uid, hashent);\n        if (ucounts)\n        {\n            kfree(new);\n        }\n        else\n        {\n            hlist_add_head(&new->node, hashent);\n            ucounts = new;\n        }\n    }\n    if (!atomic_add_unless(&ucounts->count, 1, INT_MAX))\n    {\n        ucounts = NULL;\n    }\n    spin_unlock_irq(&ucounts_lock);\n    return ucounts;\n}\n",
        "question": "Given that the parameter or function `new->node` is modified before the execution of the function `hlist_add_head`, evaluate the potential impact on the outcomes of `hlist_add_head`. Consider how `new->node` could influence `hlist_add_head`, including its role as a direct parameter, its effect on controlling conditions, or its indirect impacts through other related variables or system states.",
        "choices": {
            "A": "The change to `new->node` directly alters the arguments passed to `hlist_add_head`.",
            "B": "There is neither a direct nor a significant indirect relationship between the changes to `new->node` and the behavior or output of `hlist_add_head`, suggesting no observable impact.",
            "C": "The modification of `new->node` might indirectly influence `hlist_add_head` by modifying the control statement that controls the behavior of `hlist_add_head`.",
            "D": "It is not possible to determine the effect without additional context."
        },
        "answer": "A",
        "distance": 1
    },
    {
        "case_id": "primevul_38",
        "code": "static struct ucounts *get_ucounts(struct user_namespace *ns, kuid_t uid)\n{\n    struct hlist_head *hashent = ucounts_hashentry(ns, uid);\n    struct ucounts *ucounts, *new;\n    spin_lock_irq(&ucounts_lock);\n    ucounts = find_ucounts(ns, uid, hashent);\n    if (!ucounts)\n    {\n        spin_unlock_irq(&ucounts_lock);\n        new = kzalloc(sizeof(*new), GFP_KERNEL);\n        if (!new)\n        {\n            return NULL;\n        }\n        new->ns = ns;\n        new->uid = uid;\n        atomic_set(&new->count, 0);\n        spin_lock_irq(&ucounts_lock);\n        ucounts = find_ucounts(ns, uid, hashent);\n        if (ucounts)\n        {\n            kfree(new);\n        }\n        else\n        {\n            hlist_add_head(&new->node, hashent);\n            ucounts = new;\n        }\n    }\n    if (!atomic_add_unless(&ucounts->count, 1, INT_MAX))\n    {\n        ucounts = NULL;\n    }\n    spin_unlock_irq(&ucounts_lock);\n    return ucounts;\n}\n",
        "question": "Given that the parameter or function `kfree` is modified before the execution of the function `kzalloc`, evaluate the potential impact on the outcomes of `kzalloc`. Consider how `kfree` could influence `kzalloc`, including its role as a direct parameter, its effect on controlling conditions, or its indirect impacts through other related variables or system states.",
        "choices": {
            "A": "The change to `kfree` directly alters the arguments passed to `kzalloc`.",
            "B": "There is neither a direct nor a significant indirect relationship between the changes to `kfree` and the behavior or output of `kzalloc`, suggesting no observable impact.",
            "C": "The modification of `kfree` might indirectly influence `kzalloc` by modifying the control statement that controls the behavior of `kzalloc`.",
            "D": "It is not possible to determine the effect without additional context."
        },
        "answer": "B",
        "distance": 0
    },
    {
        "case_id": "primevul_38",
        "code": "static struct ucounts *get_ucounts(struct user_namespace *ns, kuid_t uid)\n{\n    struct hlist_head *hashent = ucounts_hashentry(ns, uid);\n    struct ucounts *ucounts, *new;\n    spin_lock_irq(&ucounts_lock);\n    ucounts = find_ucounts(ns, uid, hashent);\n    if (!ucounts)\n    {\n        spin_unlock_irq(&ucounts_lock);\n        new = kzalloc(sizeof(*new), GFP_KERNEL);\n        if (!new)\n        {\n            return NULL;\n        }\n        new->ns = ns;\n        new->uid = uid;\n        atomic_set(&new->count, 0);\n        spin_lock_irq(&ucounts_lock);\n        ucounts = find_ucounts(ns, uid, hashent);\n        if (ucounts)\n        {\n            kfree(new);\n        }\n        else\n        {\n            hlist_add_head(&new->node, hashent);\n            ucounts = new;\n        }\n    }\n    if (!atomic_add_unless(&ucounts->count, 1, INT_MAX))\n    {\n        ucounts = NULL;\n    }\n    spin_unlock_irq(&ucounts_lock);\n    return ucounts;\n}\n",
        "question": "Given that the parameter or function `hlist_add_head` is modified before the execution of the function `kzalloc`, evaluate the potential impact on the outcomes of `kzalloc`. Consider how `hlist_add_head` could influence `kzalloc`, including its role as a direct parameter, its effect on controlling conditions, or its indirect impacts through other related variables or system states.",
        "choices": {
            "A": "The change to `hlist_add_head` directly alters the arguments passed to `kzalloc`.",
            "B": "There is neither a direct nor a significant indirect relationship between the changes to `hlist_add_head` and the behavior or output of `kzalloc`, suggesting no observable impact.",
            "C": "The modification of `hlist_add_head` might indirectly influence `kzalloc` by modifying the control statement that controls the behavior of `kzalloc`.",
            "D": "It is not possible to determine the effect without additional context."
        },
        "answer": "B",
        "distance": 0
    },
    {
        "case_id": "primevul_38",
        "code": "static struct ucounts *get_ucounts(struct user_namespace *ns, kuid_t uid)\n{\n    struct hlist_head *hashent = ucounts_hashentry(ns, uid);\n    struct ucounts *ucounts, *new;\n    spin_lock_irq(&ucounts_lock);\n    ucounts = find_ucounts(ns, uid, hashent);\n    if (!ucounts)\n    {\n        spin_unlock_irq(&ucounts_lock);\n        new = kzalloc(sizeof(*new), GFP_KERNEL);\n        if (!new)\n        {\n            return NULL;\n        }\n        new->ns = ns;\n        new->uid = uid;\n        atomic_set(&new->count, 0);\n        spin_lock_irq(&ucounts_lock);\n        ucounts = find_ucounts(ns, uid, hashent);\n        if (ucounts)\n        {\n            kfree(new);\n        }\n        else\n        {\n            hlist_add_head(&new->node, hashent);\n            ucounts = new;\n        }\n    }\n    if (!atomic_add_unless(&ucounts->count, 1, INT_MAX))\n    {\n        ucounts = NULL;\n    }\n    spin_unlock_irq(&ucounts_lock);\n    return ucounts;\n}\n",
        "question": "Given that the parameter or function `atomic_set` is modified before the execution of the function `kzalloc`, evaluate the potential impact on the outcomes of `kzalloc`. Consider how `atomic_set` could influence `kzalloc`, including its role as a direct parameter, its effect on controlling conditions, or its indirect impacts through other related variables or system states.",
        "choices": {
            "A": "The change to `atomic_set` directly alters the arguments passed to `kzalloc`.",
            "B": "There is neither a direct nor a significant indirect relationship between the changes to `atomic_set` and the behavior or output of `kzalloc`, suggesting no observable impact.",
            "C": "The modification of `atomic_set` might indirectly influence `kzalloc` by modifying the control statement that controls the behavior of `kzalloc`.",
            "D": "It is not possible to determine the effect without additional context."
        },
        "answer": "B",
        "distance": 0
    },
    {
        "case_id": "primevul_38",
        "code": "static struct ucounts *get_ucounts(struct user_namespace *ns, kuid_t uid)\n{\n    struct hlist_head *hashent = ucounts_hashentry(ns, uid);\n    struct ucounts *ucounts, *new;\n    spin_lock_irq(&ucounts_lock);\n    ucounts = find_ucounts(ns, uid, hashent);\n    if (!ucounts)\n    {\n        spin_unlock_irq(&ucounts_lock);\n        new = kzalloc(sizeof(*new), GFP_KERNEL);\n        if (!new)\n        {\n            return NULL;\n        }\n        new->ns = ns;\n        new->uid = uid;\n        atomic_set(&new->count, 0);\n        spin_lock_irq(&ucounts_lock);\n        ucounts = find_ucounts(ns, uid, hashent);\n        if (ucounts)\n        {\n            kfree(new);\n        }\n        else\n        {\n            hlist_add_head(&new->node, hashent);\n            ucounts = new;\n        }\n    }\n    if (!atomic_add_unless(&ucounts->count, 1, INT_MAX))\n    {\n        ucounts = NULL;\n    }\n    spin_unlock_irq(&ucounts_lock);\n    return ucounts;\n}\n",
        "question": "Given that the parameter or function `spin_unlock_irq` is modified before the execution of the function `kzalloc`, evaluate the potential impact on the outcomes of `kzalloc`. Consider how `spin_unlock_irq` could influence `kzalloc`, including its role as a direct parameter, its effect on controlling conditions, or its indirect impacts through other related variables or system states.",
        "choices": {
            "A": "The change to `spin_unlock_irq` directly alters the arguments passed to `kzalloc`.",
            "B": "There is neither a direct nor a significant indirect relationship between the changes to `spin_unlock_irq` and the behavior or output of `kzalloc`, suggesting no observable impact.",
            "C": "The modification of `spin_unlock_irq` might indirectly influence `kzalloc` by modifying the control statement that controls the behavior of `kzalloc`.",
            "D": "It is not possible to determine the effect without additional context."
        },
        "answer": "B",
        "distance": 0
    },
    {
        "case_id": "primevul_38",
        "code": "static struct ucounts *get_ucounts(struct user_namespace *ns, kuid_t uid)\n{\n    struct hlist_head *hashent = ucounts_hashentry(ns, uid);\n    struct ucounts *ucounts, *new;\n    spin_lock_irq(&ucounts_lock);\n    ucounts = find_ucounts(ns, uid, hashent);\n    if (!ucounts)\n    {\n        spin_unlock_irq(&ucounts_lock);\n        new = kzalloc(sizeof(*new), GFP_KERNEL);\n        if (!new)\n        {\n            return NULL;\n        }\n        new->ns = ns;\n        new->uid = uid;\n        atomic_set(&new->count, 0);\n        spin_lock_irq(&ucounts_lock);\n        ucounts = find_ucounts(ns, uid, hashent);\n        if (ucounts)\n        {\n            kfree(new);\n        }\n        else\n        {\n            hlist_add_head(&new->node, hashent);\n            ucounts = new;\n        }\n    }\n    if (!atomic_add_unless(&ucounts->count, 1, INT_MAX))\n    {\n        ucounts = NULL;\n    }\n    spin_unlock_irq(&ucounts_lock);\n    return ucounts;\n}\n",
        "question": "Given that the parameter or function `ucounts_hashentry` is modified before the execution of the function `kzalloc`, evaluate the potential impact on the outcomes of `kzalloc`. Consider how `ucounts_hashentry` could influence `kzalloc`, including its role as a direct parameter, its effect on controlling conditions, or its indirect impacts through other related variables or system states.",
        "choices": {
            "A": "The change to `ucounts_hashentry` directly alters the arguments passed to `kzalloc`.",
            "B": "There is neither a direct nor a significant indirect relationship between the changes to `ucounts_hashentry` and the behavior or output of `kzalloc`, suggesting no observable impact.",
            "C": "The modification of `ucounts_hashentry` might indirectly influence `kzalloc` by modifying the control statement that controls the behavior of `kzalloc`.",
            "D": "It is not possible to determine the effect without additional context."
        },
        "answer": "C",
        "distance": 2
    },
    {
        "case_id": "primevul_38",
        "code": "static struct ucounts *get_ucounts(struct user_namespace *ns, kuid_t uid)\n{\n    struct hlist_head *hashent = ucounts_hashentry(ns, uid);\n    struct ucounts *ucounts, *new;\n    spin_lock_irq(&ucounts_lock);\n    ucounts = find_ucounts(ns, uid, hashent);\n    if (!ucounts)\n    {\n        spin_unlock_irq(&ucounts_lock);\n        new = kzalloc(sizeof(*new), GFP_KERNEL);\n        if (!new)\n        {\n            return NULL;\n        }\n        new->ns = ns;\n        new->uid = uid;\n        atomic_set(&new->count, 0);\n        spin_lock_irq(&ucounts_lock);\n        ucounts = find_ucounts(ns, uid, hashent);\n        if (ucounts)\n        {\n            kfree(new);\n        }\n        else\n        {\n            hlist_add_head(&new->node, hashent);\n            ucounts = new;\n        }\n    }\n    if (!atomic_add_unless(&ucounts->count, 1, INT_MAX))\n    {\n        ucounts = NULL;\n    }\n    spin_unlock_irq(&ucounts_lock);\n    return ucounts;\n}\n",
        "question": "Given that the parameter or function `ucounts_hashentry` is modified before the execution of the function `kfree`, evaluate the potential impact on the outcomes of `kfree`. Consider how `ucounts_hashentry` could influence `kfree`, including its role as a direct parameter, its effect on controlling conditions, or its indirect impacts through other related variables or system states.",
        "choices": {
            "A": "The change to `ucounts_hashentry` directly alters the arguments passed to `kfree`.",
            "B": "There is neither a direct nor a significant indirect relationship between the changes to `ucounts_hashentry` and the behavior or output of `kfree`, suggesting no observable impact.",
            "C": "The modification of `ucounts_hashentry` might indirectly influence `kfree` by modifying the control statement that controls the behavior of `kfree`.",
            "D": "It is not possible to determine the effect without additional context."
        },
        "answer": "C",
        "distance": 2
    },
    {
        "case_id": "primevul_38",
        "code": "static struct ucounts *get_ucounts(struct user_namespace *ns, kuid_t uid)\n{\n    struct hlist_head *hashent = ucounts_hashentry(ns, uid);\n    struct ucounts *ucounts, *new;\n    spin_lock_irq(&ucounts_lock);\n    ucounts = find_ucounts(ns, uid, hashent);\n    if (!ucounts)\n    {\n        spin_unlock_irq(&ucounts_lock);\n        new = kzalloc(sizeof(*new), GFP_KERNEL);\n        if (!new)\n        {\n            return NULL;\n        }\n        new->ns = ns;\n        new->uid = uid;\n        atomic_set(&new->count, 0);\n        spin_lock_irq(&ucounts_lock);\n        ucounts = find_ucounts(ns, uid, hashent);\n        if (ucounts)\n        {\n            kfree(new);\n        }\n        else\n        {\n            hlist_add_head(&new->node, hashent);\n            ucounts = new;\n        }\n    }\n    if (!atomic_add_unless(&ucounts->count, 1, INT_MAX))\n    {\n        ucounts = NULL;\n    }\n    spin_unlock_irq(&ucounts_lock);\n    return ucounts;\n}\n",
        "question": "Given that the parameter or function `ucounts_hashentry` is modified before the execution of the function `atomic_set`, evaluate the potential impact on the outcomes of `atomic_set`. Consider how `ucounts_hashentry` could influence `atomic_set`, including its role as a direct parameter, its effect on controlling conditions, or its indirect impacts through other related variables or system states.",
        "choices": {
            "A": "The change to `ucounts_hashentry` directly alters the arguments passed to `atomic_set`.",
            "B": "There is neither a direct nor a significant indirect relationship between the changes to `ucounts_hashentry` and the behavior or output of `atomic_set`, suggesting no observable impact.",
            "C": "The modification of `ucounts_hashentry` might indirectly influence `atomic_set` by modifying the control statement that controls the behavior of `atomic_set`.",
            "D": "It is not possible to determine the effect without additional context."
        },
        "answer": "C",
        "distance": 2
    },
    {
        "case_id": "primevul_38",
        "code": "static struct ucounts *get_ucounts(struct user_namespace *ns, kuid_t uid)\n{\n    struct hlist_head *hashent = ucounts_hashentry(ns, uid);\n    struct ucounts *ucounts, *new;\n    spin_lock_irq(&ucounts_lock);\n    ucounts = find_ucounts(ns, uid, hashent);\n    if (!ucounts)\n    {\n        spin_unlock_irq(&ucounts_lock);\n        new = kzalloc(sizeof(*new), GFP_KERNEL);\n        if (!new)\n        {\n            return NULL;\n        }\n        new->ns = ns;\n        new->uid = uid;\n        atomic_set(&new->count, 0);\n        spin_lock_irq(&ucounts_lock);\n        ucounts = find_ucounts(ns, uid, hashent);\n        if (ucounts)\n        {\n            kfree(new);\n        }\n        else\n        {\n            hlist_add_head(&new->node, hashent);\n            ucounts = new;\n        }\n    }\n    if (!atomic_add_unless(&ucounts->count, 1, INT_MAX))\n    {\n        ucounts = NULL;\n    }\n    spin_unlock_irq(&ucounts_lock);\n    return ucounts;\n}\n",
        "question": "Given that the parameter or function `uid` is modified before the execution of the function `kzalloc`, evaluate the potential impact on the outcomes of `kzalloc`. Consider how `uid` could influence `kzalloc`, including its role as a direct parameter, its effect on controlling conditions, or its indirect impacts through other related variables or system states.",
        "choices": {
            "A": "The change to `uid` directly alters the arguments passed to `kzalloc`.",
            "B": "There is neither a direct nor a significant indirect relationship between the changes to `uid` and the behavior or output of `kzalloc`, suggesting no observable impact.",
            "C": "The modification of `uid` might indirectly influence `kzalloc` by modifying the control statement that controls the behavior of `kzalloc`.",
            "D": "It is not possible to determine the effect without additional context."
        },
        "answer": "C",
        "distance": 1
    },
    {
        "case_id": "primevul_38",
        "code": "static struct ucounts *get_ucounts(struct user_namespace *ns, kuid_t uid)\n{\n    struct hlist_head *hashent = ucounts_hashentry(ns, uid);\n    struct ucounts *ucounts, *new;\n    spin_lock_irq(&ucounts_lock);\n    ucounts = find_ucounts(ns, uid, hashent);\n    if (!ucounts)\n    {\n        spin_unlock_irq(&ucounts_lock);\n        new = kzalloc(sizeof(*new), GFP_KERNEL);\n        if (!new)\n        {\n            return NULL;\n        }\n        new->ns = ns;\n        new->uid = uid;\n        atomic_set(&new->count, 0);\n        spin_lock_irq(&ucounts_lock);\n        ucounts = find_ucounts(ns, uid, hashent);\n        if (ucounts)\n        {\n            kfree(new);\n        }\n        else\n        {\n            hlist_add_head(&new->node, hashent);\n            ucounts = new;\n        }\n    }\n    if (!atomic_add_unless(&ucounts->count, 1, INT_MAX))\n    {\n        ucounts = NULL;\n    }\n    spin_unlock_irq(&ucounts_lock);\n    return ucounts;\n}\n",
        "question": "Given that the parameter or function `find_ucounts` is modified before the execution of the function `hlist_add_head`, evaluate the potential impact on the outcomes of `hlist_add_head`. Consider how `find_ucounts` could influence `hlist_add_head`, including its role as a direct parameter, its effect on controlling conditions, or its indirect impacts through other related variables or system states.",
        "choices": {
            "A": "The change to `find_ucounts` directly alters the arguments passed to `hlist_add_head`.",
            "B": "There is neither a direct nor a significant indirect relationship between the changes to `find_ucounts` and the behavior or output of `hlist_add_head`, suggesting no observable impact.",
            "C": "The modification of `find_ucounts` might indirectly influence `hlist_add_head` by modifying the control statement that controls the behavior of `hlist_add_head`.",
            "D": "It is not possible to determine the effect without additional context."
        },
        "answer": "A, C",
        "distance": 4
    },
    {
        "case_id": "primevul_38",
        "code": "static struct ucounts *get_ucounts(struct user_namespace *ns, kuid_t uid)\n{\n    struct hlist_head *hashent = ucounts_hashentry(ns, uid);\n    struct ucounts *ucounts, *new;\n    spin_lock_irq(&ucounts_lock);\n    ucounts = find_ucounts(ns, uid, hashent);\n    if (!ucounts)\n    {\n        spin_unlock_irq(&ucounts_lock);\n        new = kzalloc(sizeof(*new), GFP_KERNEL);\n        if (!new)\n        {\n            return NULL;\n        }\n        new->ns = ns;\n        new->uid = uid;\n        atomic_set(&new->count, 0);\n        spin_lock_irq(&ucounts_lock);\n        ucounts = find_ucounts(ns, uid, hashent);\n        if (ucounts)\n        {\n            kfree(new);\n        }\n        else\n        {\n            hlist_add_head(&new->node, hashent);\n            ucounts = new;\n        }\n    }\n    if (!atomic_add_unless(&ucounts->count, 1, INT_MAX))\n    {\n        ucounts = NULL;\n    }\n    spin_unlock_irq(&ucounts_lock);\n    return ucounts;\n}\n",
        "question": "Given that the parameter or function `ucounts_hashentry` is modified before the execution of the function `hlist_add_head`, evaluate the potential impact on the outcomes of `hlist_add_head`. Consider how `ucounts_hashentry` could influence `hlist_add_head`, including its role as a direct parameter, its effect on controlling conditions, or its indirect impacts through other related variables or system states.",
        "choices": {
            "A": "The change to `ucounts_hashentry` directly alters the arguments passed to `hlist_add_head`.",
            "B": "There is neither a direct nor a significant indirect relationship between the changes to `ucounts_hashentry` and the behavior or output of `hlist_add_head`, suggesting no observable impact.",
            "C": "The modification of `ucounts_hashentry` might indirectly influence `hlist_add_head` by modifying the control statement that controls the behavior of `hlist_add_head`.",
            "D": "It is not possible to determine the effect without additional context."
        },
        "answer": "A, C",
        "distance": 3
    },
    {
        "case_id": "primevul_38",
        "code": "static struct ucounts *get_ucounts(struct user_namespace *ns, kuid_t uid)\n{\n    struct hlist_head *hashent = ucounts_hashentry(ns, uid);\n    struct ucounts *ucounts, *new;\n    spin_lock_irq(&ucounts_lock);\n    ucounts = find_ucounts(ns, uid, hashent);\n    if (!ucounts)\n    {\n        spin_unlock_irq(&ucounts_lock);\n        new = kzalloc(sizeof(*new), GFP_KERNEL);\n        if (!new)\n        {\n            return NULL;\n        }\n        new->ns = ns;\n        new->uid = uid;\n        atomic_set(&new->count, 0);\n        spin_lock_irq(&ucounts_lock);\n        ucounts = find_ucounts(ns, uid, hashent);\n        if (ucounts)\n        {\n            kfree(new);\n        }\n        else\n        {\n            hlist_add_head(&new->node, hashent);\n            ucounts = new;\n        }\n    }\n    if (!atomic_add_unless(&ucounts->count, 1, INT_MAX))\n    {\n        ucounts = NULL;\n    }\n    spin_unlock_irq(&ucounts_lock);\n    return ucounts;\n}\n",
        "question": "Given that the parameter or function `uid` is modified before the execution of the function `hlist_add_head`, evaluate the potential impact on the outcomes of `hlist_add_head`. Consider how `uid` could influence `hlist_add_head`, including its role as a direct parameter, its effect on controlling conditions, or its indirect impacts through other related variables or system states.",
        "choices": {
            "A": "The change to `uid` directly alters the arguments passed to `hlist_add_head`.",
            "B": "There is neither a direct nor a significant indirect relationship between the changes to `uid` and the behavior or output of `hlist_add_head`, suggesting no observable impact.",
            "C": "The modification of `uid` might indirectly influence `hlist_add_head` by modifying the control statement that controls the behavior of `hlist_add_head`.",
            "D": "It is not possible to determine the effect without additional context."
        },
        "answer": "A, C",
        "distance": 3
    },
    {
        "case_id": "primevul_38",
        "code": "static struct ucounts *get_ucounts(struct user_namespace *ns, kuid_t uid)\n{\n    struct hlist_head *hashent = ucounts_hashentry(ns, uid);\n    struct ucounts *ucounts, *new;\n    spin_lock_irq(&ucounts_lock);\n    ucounts = find_ucounts(ns, uid, hashent);\n    if (!ucounts)\n    {\n        spin_unlock_irq(&ucounts_lock);\n        new = kzalloc(sizeof(*new), GFP_KERNEL);\n        if (!new)\n        {\n            return NULL;\n        }\n        new->ns = ns;\n        new->uid = uid;\n        atomic_set(&new->count, 0);\n        spin_lock_irq(&ucounts_lock);\n        ucounts = find_ucounts(ns, uid, hashent);\n        if (ucounts)\n        {\n            kfree(new);\n        }\n        else\n        {\n            hlist_add_head(&new->node, hashent);\n            ucounts = new;\n        }\n    }\n    if (!atomic_add_unless(&ucounts->count, 1, INT_MAX))\n    {\n        ucounts = NULL;\n    }\n    spin_unlock_irq(&ucounts_lock);\n    return ucounts;\n}\n",
        "question": "Given that the parameter or function `ns` is modified before the execution of the function `hlist_add_head`, evaluate the potential impact on the outcomes of `hlist_add_head`. Consider how `ns` could influence `hlist_add_head`, including its role as a direct parameter, its effect on controlling conditions, or its indirect impacts through other related variables or system states.",
        "choices": {
            "A": "The change to `ns` directly alters the arguments passed to `hlist_add_head`.",
            "B": "There is neither a direct nor a significant indirect relationship between the changes to `ns` and the behavior or output of `hlist_add_head`, suggesting no observable impact.",
            "C": "The modification of `ns` might indirectly influence `hlist_add_head` by modifying the control statement that controls the behavior of `hlist_add_head`.",
            "D": "It is not possible to determine the effect without additional context."
        },
        "answer": "A, C",
        "distance": 3
    }
]