[
    {
        "case_id": "primevul_10",
        "code": "status_t BnSoundTriggerHwService::onTransact(uint32_t code, const Parcel& data, Parcel* reply, uint32_t flags)\n{\n switch(code)\n {\n case LIST_MODULES:\n {\n CHECK_INTERFACE(ISoundTriggerHwService, data, reply);\n unsigned int numModulesReq = data.readInt32();\n unsigned int numModules = numModulesReq;\n struct sound_trigger_module_descriptor *modules = (struct sound_trigger_module_descriptor *)calloc(numModulesReq, sizeof(struct sound_trigger_module_descriptor));\n status_t status = listModules(modules, &numModules);\n reply->writeInt32(status);\n reply->writeInt32(numModules);\n ALOGV(\"LIST_MODULES status %d got numModules %d\", status, numModules);\n if (status == NO_ERROR)\n {\n if (numModulesReq > numModules)\n {\n numModulesReq = numModules;\n }\n reply->write(modules, numModulesReq * sizeof(struct sound_trigger_module_descriptor));\n }\n free(modules);\n return NO_ERROR;\n }\n case ATTACH:\n {\n CHECK_INTERFACE(ISoundTriggerHwService, data, reply);\n sound_trigger_module_handle_t handle;\n data.read(&handle, sizeof(sound_trigger_module_handle_t));\n sp<ISoundTriggerClient> client = interface_cast<ISoundTriggerClient>(data.readStrongBinder());\n sp<ISoundTrigger> module;\n status_t status = attach(handle, client, module);\n reply->writeInt32(status);\n if (module != 0)\n {\n reply->writeInt32(1);\n reply->writeStrongBinder(IInterface::asBinder(module));\n }\n else\n {\n reply->writeInt32(0);\n }\n return NO_ERROR;\n }\n break;\n case SET_CAPTURE_STATE:\n {\n CHECK_INTERFACE(ISoundTriggerHwService, data, reply);\n reply->writeInt32(setCaptureState((bool)data.readInt32()));\n return NO_ERROR;\n }\n break;\n default:\n return BBinder::onTransact(code, data, reply, flags);\n }\n}",
        "question": "Given that the parameter or function `data` is modified before the execution of the function `ALOGV`, evaluate the potential impact on the outcomes of `ALOGV`. Consider how `data` could influence `ALOGV`, including its role as a direct parameter, its effect on controlling conditions, or its indirect impacts through other related variables or system states.",
        "choices": {
            "A": "The change to `data` directly alters the arguments passed to `ALOGV`.",
            "B": "There is neither a direct nor a significant indirect relationship between the changes to `data` and the behavior or output of `ALOGV`, suggesting no observable impact.",
            "C": "The modification of `data` might indirectly influence `ALOGV` by modifying the control statement that controls the behavior of `ALOGV`.",
            "D": "It is not possible to determine the effect without additional context."
        },
        "answer": "A",
        "distance": 3
    },
    {
        "case_id": "primevul_10",
        "code": "status_t BnSoundTriggerHwService::onTransact(uint32_t code, const Parcel& data, Parcel* reply, uint32_t flags)\n{\n switch(code)\n {\n case LIST_MODULES:\n {\n CHECK_INTERFACE(ISoundTriggerHwService, data, reply);\n unsigned int numModulesReq = data.readInt32();\n unsigned int numModules = numModulesReq;\n struct sound_trigger_module_descriptor *modules = (struct sound_trigger_module_descriptor *)calloc(numModulesReq, sizeof(struct sound_trigger_module_descriptor));\n status_t status = listModules(modules, &numModules);\n reply->writeInt32(status);\n reply->writeInt32(numModules);\n ALOGV(\"LIST_MODULES status %d got numModules %d\", status, numModules);\n if (status == NO_ERROR)\n {\n if (numModulesReq > numModules)\n {\n numModulesReq = numModules;\n }\n reply->write(modules, numModulesReq * sizeof(struct sound_trigger_module_descriptor));\n }\n free(modules);\n return NO_ERROR;\n }\n case ATTACH:\n {\n CHECK_INTERFACE(ISoundTriggerHwService, data, reply);\n sound_trigger_module_handle_t handle;\n data.read(&handle, sizeof(sound_trigger_module_handle_t));\n sp<ISoundTriggerClient> client = interface_cast<ISoundTriggerClient>(data.readStrongBinder());\n sp<ISoundTrigger> module;\n status_t status = attach(handle, client, module);\n reply->writeInt32(status);\n if (module != 0)\n {\n reply->writeInt32(1);\n reply->writeStrongBinder(IInterface::asBinder(module));\n }\n else\n {\n reply->writeInt32(0);\n }\n return NO_ERROR;\n }\n break;\n case SET_CAPTURE_STATE:\n {\n CHECK_INTERFACE(ISoundTriggerHwService, data, reply);\n reply->writeInt32(setCaptureState((bool)data.readInt32()));\n return NO_ERROR;\n }\n break;\n default:\n return BBinder::onTransact(code, data, reply, flags);\n }\n}",
        "question": "Given that the parameter or function `readInt32` is modified before the execution of the function `ALOGV`, evaluate the potential impact on the outcomes of `ALOGV`. Consider how `readInt32` could influence `ALOGV`, including its role as a direct parameter, its effect on controlling conditions, or its indirect impacts through other related variables or system states.",
        "choices": {
            "A": "The change to `readInt32` directly alters the arguments passed to `ALOGV`.",
            "B": "There is neither a direct nor a significant indirect relationship between the changes to `readInt32` and the behavior or output of `ALOGV`, suggesting no observable impact.",
            "C": "The modification of `readInt32` might indirectly influence `ALOGV` by modifying the control statement that controls the behavior of `ALOGV`.",
            "D": "It is not possible to determine the effect without additional context."
        },
        "answer": "A",
        "distance": 3
    },
    {
        "case_id": "primevul_10",
        "code": "status_t BnSoundTriggerHwService::onTransact(uint32_t code, const Parcel& data, Parcel* reply, uint32_t flags)\n{\n switch(code)\n {\n case LIST_MODULES:\n {\n CHECK_INTERFACE(ISoundTriggerHwService, data, reply);\n unsigned int numModulesReq = data.readInt32();\n unsigned int numModules = numModulesReq;\n struct sound_trigger_module_descriptor *modules = (struct sound_trigger_module_descriptor *)calloc(numModulesReq, sizeof(struct sound_trigger_module_descriptor));\n status_t status = listModules(modules, &numModules);\n reply->writeInt32(status);\n reply->writeInt32(numModules);\n ALOGV(\"LIST_MODULES status %d got numModules %d\", status, numModules);\n if (status == NO_ERROR)\n {\n if (numModulesReq > numModules)\n {\n numModulesReq = numModules;\n }\n reply->write(modules, numModulesReq * sizeof(struct sound_trigger_module_descriptor));\n }\n free(modules);\n return NO_ERROR;\n }\n case ATTACH:\n {\n CHECK_INTERFACE(ISoundTriggerHwService, data, reply);\n sound_trigger_module_handle_t handle;\n data.read(&handle, sizeof(sound_trigger_module_handle_t));\n sp<ISoundTriggerClient> client = interface_cast<ISoundTriggerClient>(data.readStrongBinder());\n sp<ISoundTrigger> module;\n status_t status = attach(handle, client, module);\n reply->writeInt32(status);\n if (module != 0)\n {\n reply->writeInt32(1);\n reply->writeStrongBinder(IInterface::asBinder(module));\n }\n else\n {\n reply->writeInt32(0);\n }\n return NO_ERROR;\n }\n break;\n case SET_CAPTURE_STATE:\n {\n CHECK_INTERFACE(ISoundTriggerHwService, data, reply);\n reply->writeInt32(setCaptureState((bool)data.readInt32()));\n return NO_ERROR;\n }\n break;\n default:\n return BBinder::onTransact(code, data, reply, flags);\n }\n}",
        "question": "Given that the parameter or function `data` is modified before the execution of the function `listModules`, evaluate the potential impact on the outcomes of `listModules`. Consider how `data` could influence `listModules`, including its role as a direct parameter, its effect on controlling conditions, or its indirect impacts through other related variables or system states.",
        "choices": {
            "A": "The change to `data` directly alters the arguments passed to `listModules`.",
            "B": "There is neither a direct nor a significant indirect relationship between the changes to `data` and the behavior or output of `listModules`, suggesting no observable impact.",
            "C": "The modification of `data` might indirectly influence `listModules` by modifying the control statement that controls the behavior of `listModules`.",
            "D": "It is not possible to determine the effect without additional context."
        },
        "answer": "A",
        "distance": 3
    },
    {
        "case_id": "primevul_10",
        "code": "status_t BnSoundTriggerHwService::onTransact(uint32_t code, const Parcel& data, Parcel* reply, uint32_t flags)\n{\n switch(code)\n {\n case LIST_MODULES:\n {\n CHECK_INTERFACE(ISoundTriggerHwService, data, reply);\n unsigned int numModulesReq = data.readInt32();\n unsigned int numModules = numModulesReq;\n struct sound_trigger_module_descriptor *modules = (struct sound_trigger_module_descriptor *)calloc(numModulesReq, sizeof(struct sound_trigger_module_descriptor));\n status_t status = listModules(modules, &numModules);\n reply->writeInt32(status);\n reply->writeInt32(numModules);\n ALOGV(\"LIST_MODULES status %d got numModules %d\", status, numModules);\n if (status == NO_ERROR)\n {\n if (numModulesReq > numModules)\n {\n numModulesReq = numModules;\n }\n reply->write(modules, numModulesReq * sizeof(struct sound_trigger_module_descriptor));\n }\n free(modules);\n return NO_ERROR;\n }\n case ATTACH:\n {\n CHECK_INTERFACE(ISoundTriggerHwService, data, reply);\n sound_trigger_module_handle_t handle;\n data.read(&handle, sizeof(sound_trigger_module_handle_t));\n sp<ISoundTriggerClient> client = interface_cast<ISoundTriggerClient>(data.readStrongBinder());\n sp<ISoundTrigger> module;\n status_t status = attach(handle, client, module);\n reply->writeInt32(status);\n if (module != 0)\n {\n reply->writeInt32(1);\n reply->writeStrongBinder(IInterface::asBinder(module));\n }\n else\n {\n reply->writeInt32(0);\n }\n return NO_ERROR;\n }\n break;\n case SET_CAPTURE_STATE:\n {\n CHECK_INTERFACE(ISoundTriggerHwService, data, reply);\n reply->writeInt32(setCaptureState((bool)data.readInt32()));\n return NO_ERROR;\n }\n break;\n default:\n return BBinder::onTransact(code, data, reply, flags);\n }\n}",
        "question": "Given that the parameter or function `readInt32` is modified before the execution of the function `listModules`, evaluate the potential impact on the outcomes of `listModules`. Consider how `readInt32` could influence `listModules`, including its role as a direct parameter, its effect on controlling conditions, or its indirect impacts through other related variables or system states.",
        "choices": {
            "A": "The change to `readInt32` directly alters the arguments passed to `listModules`.",
            "B": "There is neither a direct nor a significant indirect relationship between the changes to `readInt32` and the behavior or output of `listModules`, suggesting no observable impact.",
            "C": "The modification of `readInt32` might indirectly influence `listModules` by modifying the control statement that controls the behavior of `listModules`.",
            "D": "It is not possible to determine the effect without additional context."
        },
        "answer": "A",
        "distance": 3
    },
    {
        "case_id": "primevul_10",
        "code": "status_t BnSoundTriggerHwService::onTransact(uint32_t code, const Parcel& data, Parcel* reply, uint32_t flags)\n{\n switch(code)\n {\n case LIST_MODULES:\n {\n CHECK_INTERFACE(ISoundTriggerHwService, data, reply);\n unsigned int numModulesReq = data.readInt32();\n unsigned int numModules = numModulesReq;\n struct sound_trigger_module_descriptor *modules = (struct sound_trigger_module_descriptor *)calloc(numModulesReq, sizeof(struct sound_trigger_module_descriptor));\n status_t status = listModules(modules, &numModules);\n reply->writeInt32(status);\n reply->writeInt32(numModules);\n ALOGV(\"LIST_MODULES status %d got numModules %d\", status, numModules);\n if (status == NO_ERROR)\n {\n if (numModulesReq > numModules)\n {\n numModulesReq = numModules;\n }\n reply->write(modules, numModulesReq * sizeof(struct sound_trigger_module_descriptor));\n }\n free(modules);\n return NO_ERROR;\n }\n case ATTACH:\n {\n CHECK_INTERFACE(ISoundTriggerHwService, data, reply);\n sound_trigger_module_handle_t handle;\n data.read(&handle, sizeof(sound_trigger_module_handle_t));\n sp<ISoundTriggerClient> client = interface_cast<ISoundTriggerClient>(data.readStrongBinder());\n sp<ISoundTrigger> module;\n status_t status = attach(handle, client, module);\n reply->writeInt32(status);\n if (module != 0)\n {\n reply->writeInt32(1);\n reply->writeStrongBinder(IInterface::asBinder(module));\n }\n else\n {\n reply->writeInt32(0);\n }\n return NO_ERROR;\n }\n break;\n case SET_CAPTURE_STATE:\n {\n CHECK_INTERFACE(ISoundTriggerHwService, data, reply);\n reply->writeInt32(setCaptureState((bool)data.readInt32()));\n return NO_ERROR;\n }\n break;\n default:\n return BBinder::onTransact(code, data, reply, flags);\n }\n}",
        "question": "Given that the parameter or function `write` is modified before the execution of the function `asBinder`, evaluate the potential impact on the outcomes of `asBinder`. Consider how `write` could influence `asBinder`, including its role as a direct parameter, its effect on controlling conditions, or its indirect impacts through other related variables or system states.",
        "choices": {
            "A": "The change to `write` directly alters the arguments passed to `asBinder`.",
            "B": "There is neither a direct nor a significant indirect relationship between the changes to `write` and the behavior or output of `asBinder`, suggesting no observable impact.",
            "C": "The modification of `write` might indirectly influence `asBinder` by modifying the control statement that controls the behavior of `asBinder`.",
            "D": "It is not possible to determine the effect without additional context."
        },
        "answer": "B",
        "distance": 0
    },
    {
        "case_id": "primevul_10",
        "code": "status_t BnSoundTriggerHwService::onTransact(uint32_t code, const Parcel& data, Parcel* reply, uint32_t flags)\n{\n switch(code)\n {\n case LIST_MODULES:\n {\n CHECK_INTERFACE(ISoundTriggerHwService, data, reply);\n unsigned int numModulesReq = data.readInt32();\n unsigned int numModules = numModulesReq;\n struct sound_trigger_module_descriptor *modules = (struct sound_trigger_module_descriptor *)calloc(numModulesReq, sizeof(struct sound_trigger_module_descriptor));\n status_t status = listModules(modules, &numModules);\n reply->writeInt32(status);\n reply->writeInt32(numModules);\n ALOGV(\"LIST_MODULES status %d got numModules %d\", status, numModules);\n if (status == NO_ERROR)\n {\n if (numModulesReq > numModules)\n {\n numModulesReq = numModules;\n }\n reply->write(modules, numModulesReq * sizeof(struct sound_trigger_module_descriptor));\n }\n free(modules);\n return NO_ERROR;\n }\n case ATTACH:\n {\n CHECK_INTERFACE(ISoundTriggerHwService, data, reply);\n sound_trigger_module_handle_t handle;\n data.read(&handle, sizeof(sound_trigger_module_handle_t));\n sp<ISoundTriggerClient> client = interface_cast<ISoundTriggerClient>(data.readStrongBinder());\n sp<ISoundTrigger> module;\n status_t status = attach(handle, client, module);\n reply->writeInt32(status);\n if (module != 0)\n {\n reply->writeInt32(1);\n reply->writeStrongBinder(IInterface::asBinder(module));\n }\n else\n {\n reply->writeInt32(0);\n }\n return NO_ERROR;\n }\n break;\n case SET_CAPTURE_STATE:\n {\n CHECK_INTERFACE(ISoundTriggerHwService, data, reply);\n reply->writeInt32(setCaptureState((bool)data.readInt32()));\n return NO_ERROR;\n }\n break;\n default:\n return BBinder::onTransact(code, data, reply, flags);\n }\n}",
        "question": "Given that the parameter or function `read` is modified before the execution of the function `asBinder`, evaluate the potential impact on the outcomes of `asBinder`. Consider how `read` could influence `asBinder`, including its role as a direct parameter, its effect on controlling conditions, or its indirect impacts through other related variables or system states.",
        "choices": {
            "A": "The change to `read` directly alters the arguments passed to `asBinder`.",
            "B": "There is neither a direct nor a significant indirect relationship between the changes to `read` and the behavior or output of `asBinder`, suggesting no observable impact.",
            "C": "The modification of `read` might indirectly influence `asBinder` by modifying the control statement that controls the behavior of `asBinder`.",
            "D": "It is not possible to determine the effect without additional context."
        },
        "answer": "B",
        "distance": 0
    },
    {
        "case_id": "primevul_10",
        "code": "status_t BnSoundTriggerHwService::onTransact(uint32_t code, const Parcel& data, Parcel* reply, uint32_t flags)\n{\n switch(code)\n {\n case LIST_MODULES:\n {\n CHECK_INTERFACE(ISoundTriggerHwService, data, reply);\n unsigned int numModulesReq = data.readInt32();\n unsigned int numModules = numModulesReq;\n struct sound_trigger_module_descriptor *modules = (struct sound_trigger_module_descriptor *)calloc(numModulesReq, sizeof(struct sound_trigger_module_descriptor));\n status_t status = listModules(modules, &numModules);\n reply->writeInt32(status);\n reply->writeInt32(numModules);\n ALOGV(\"LIST_MODULES status %d got numModules %d\", status, numModules);\n if (status == NO_ERROR)\n {\n if (numModulesReq > numModules)\n {\n numModulesReq = numModules;\n }\n reply->write(modules, numModulesReq * sizeof(struct sound_trigger_module_descriptor));\n }\n free(modules);\n return NO_ERROR;\n }\n case ATTACH:\n {\n CHECK_INTERFACE(ISoundTriggerHwService, data, reply);\n sound_trigger_module_handle_t handle;\n data.read(&handle, sizeof(sound_trigger_module_handle_t));\n sp<ISoundTriggerClient> client = interface_cast<ISoundTriggerClient>(data.readStrongBinder());\n sp<ISoundTrigger> module;\n status_t status = attach(handle, client, module);\n reply->writeInt32(status);\n if (module != 0)\n {\n reply->writeInt32(1);\n reply->writeStrongBinder(IInterface::asBinder(module));\n }\n else\n {\n reply->writeInt32(0);\n }\n return NO_ERROR;\n }\n break;\n case SET_CAPTURE_STATE:\n {\n CHECK_INTERFACE(ISoundTriggerHwService, data, reply);\n reply->writeInt32(setCaptureState((bool)data.readInt32()));\n return NO_ERROR;\n }\n break;\n default:\n return BBinder::onTransact(code, data, reply, flags);\n }\n}",
        "question": "Given that the parameter or function `ALOGV` is modified before the execution of the function `asBinder`, evaluate the potential impact on the outcomes of `asBinder`. Consider how `ALOGV` could influence `asBinder`, including its role as a direct parameter, its effect on controlling conditions, or its indirect impacts through other related variables or system states.",
        "choices": {
            "A": "The change to `ALOGV` directly alters the arguments passed to `asBinder`.",
            "B": "There is neither a direct nor a significant indirect relationship between the changes to `ALOGV` and the behavior or output of `asBinder`, suggesting no observable impact.",
            "C": "The modification of `ALOGV` might indirectly influence `asBinder` by modifying the control statement that controls the behavior of `asBinder`.",
            "D": "It is not possible to determine the effect without additional context."
        },
        "answer": "B",
        "distance": 0
    },
    {
        "case_id": "primevul_10",
        "code": "status_t BnSoundTriggerHwService::onTransact(uint32_t code, const Parcel& data, Parcel* reply, uint32_t flags)\n{\n switch(code)\n {\n case LIST_MODULES:\n {\n CHECK_INTERFACE(ISoundTriggerHwService, data, reply);\n unsigned int numModulesReq = data.readInt32();\n unsigned int numModules = numModulesReq;\n struct sound_trigger_module_descriptor *modules = (struct sound_trigger_module_descriptor *)calloc(numModulesReq, sizeof(struct sound_trigger_module_descriptor));\n status_t status = listModules(modules, &numModules);\n reply->writeInt32(status);\n reply->writeInt32(numModules);\n ALOGV(\"LIST_MODULES status %d got numModules %d\", status, numModules);\n if (status == NO_ERROR)\n {\n if (numModulesReq > numModules)\n {\n numModulesReq = numModules;\n }\n reply->write(modules, numModulesReq * sizeof(struct sound_trigger_module_descriptor));\n }\n free(modules);\n return NO_ERROR;\n }\n case ATTACH:\n {\n CHECK_INTERFACE(ISoundTriggerHwService, data, reply);\n sound_trigger_module_handle_t handle;\n data.read(&handle, sizeof(sound_trigger_module_handle_t));\n sp<ISoundTriggerClient> client = interface_cast<ISoundTriggerClient>(data.readStrongBinder());\n sp<ISoundTrigger> module;\n status_t status = attach(handle, client, module);\n reply->writeInt32(status);\n if (module != 0)\n {\n reply->writeInt32(1);\n reply->writeStrongBinder(IInterface::asBinder(module));\n }\n else\n {\n reply->writeInt32(0);\n }\n return NO_ERROR;\n }\n break;\n case SET_CAPTURE_STATE:\n {\n CHECK_INTERFACE(ISoundTriggerHwService, data, reply);\n reply->writeInt32(setCaptureState((bool)data.readInt32()));\n return NO_ERROR;\n }\n break;\n default:\n return BBinder::onTransact(code, data, reply, flags);\n }\n}",
        "question": "Given that the parameter or function `readStrongBinder` is modified before the execution of the function `asBinder`, evaluate the potential impact on the outcomes of `asBinder`. Consider how `readStrongBinder` could influence `asBinder`, including its role as a direct parameter, its effect on controlling conditions, or its indirect impacts through other related variables or system states.",
        "choices": {
            "A": "The change to `readStrongBinder` directly alters the arguments passed to `asBinder`.",
            "B": "There is neither a direct nor a significant indirect relationship between the changes to `readStrongBinder` and the behavior or output of `asBinder`, suggesting no observable impact.",
            "C": "The modification of `readStrongBinder` might indirectly influence `asBinder` by modifying the control statement that controls the behavior of `asBinder`.",
            "D": "It is not possible to determine the effect without additional context."
        },
        "answer": "B",
        "distance": 0
    },
    {
        "case_id": "primevul_10",
        "code": "status_t BnSoundTriggerHwService::onTransact(uint32_t code, const Parcel& data, Parcel* reply, uint32_t flags)\n{\n switch(code)\n {\n case LIST_MODULES:\n {\n CHECK_INTERFACE(ISoundTriggerHwService, data, reply);\n unsigned int numModulesReq = data.readInt32();\n unsigned int numModules = numModulesReq;\n struct sound_trigger_module_descriptor *modules = (struct sound_trigger_module_descriptor *)calloc(numModulesReq, sizeof(struct sound_trigger_module_descriptor));\n status_t status = listModules(modules, &numModules);\n reply->writeInt32(status);\n reply->writeInt32(numModules);\n ALOGV(\"LIST_MODULES status %d got numModules %d\", status, numModules);\n if (status == NO_ERROR)\n {\n if (numModulesReq > numModules)\n {\n numModulesReq = numModules;\n }\n reply->write(modules, numModulesReq * sizeof(struct sound_trigger_module_descriptor));\n }\n free(modules);\n return NO_ERROR;\n }\n case ATTACH:\n {\n CHECK_INTERFACE(ISoundTriggerHwService, data, reply);\n sound_trigger_module_handle_t handle;\n data.read(&handle, sizeof(sound_trigger_module_handle_t));\n sp<ISoundTriggerClient> client = interface_cast<ISoundTriggerClient>(data.readStrongBinder());\n sp<ISoundTrigger> module;\n status_t status = attach(handle, client, module);\n reply->writeInt32(status);\n if (module != 0)\n {\n reply->writeInt32(1);\n reply->writeStrongBinder(IInterface::asBinder(module));\n }\n else\n {\n reply->writeInt32(0);\n }\n return NO_ERROR;\n }\n break;\n case SET_CAPTURE_STATE:\n {\n CHECK_INTERFACE(ISoundTriggerHwService, data, reply);\n reply->writeInt32(setCaptureState((bool)data.readInt32()));\n return NO_ERROR;\n }\n break;\n default:\n return BBinder::onTransact(code, data, reply, flags);\n }\n}",
        "question": "Given that the parameter or function `listModules` is modified before the execution of the function `write`, evaluate the potential impact on the outcomes of `write`. Consider how `listModules` could influence `write`, including its role as a direct parameter, its effect on controlling conditions, or its indirect impacts through other related variables or system states.",
        "choices": {
            "A": "The change to `listModules` directly alters the arguments passed to `write`.",
            "B": "There is neither a direct nor a significant indirect relationship between the changes to `listModules` and the behavior or output of `write`, suggesting no observable impact.",
            "C": "The modification of `listModules` might indirectly influence `write` by modifying the control statement that controls the behavior of `write`.",
            "D": "It is not possible to determine the effect without additional context."
        },
        "answer": "C",
        "distance": 1
    },
    {
        "case_id": "primevul_10",
        "code": "status_t BnSoundTriggerHwService::onTransact(uint32_t code, const Parcel& data, Parcel* reply, uint32_t flags)\n{\n switch(code)\n {\n case LIST_MODULES:\n {\n CHECK_INTERFACE(ISoundTriggerHwService, data, reply);\n unsigned int numModulesReq = data.readInt32();\n unsigned int numModules = numModulesReq;\n struct sound_trigger_module_descriptor *modules = (struct sound_trigger_module_descriptor *)calloc(numModulesReq, sizeof(struct sound_trigger_module_descriptor));\n status_t status = listModules(modules, &numModules);\n reply->writeInt32(status);\n reply->writeInt32(numModules);\n ALOGV(\"LIST_MODULES status %d got numModules %d\", status, numModules);\n if (status == NO_ERROR)\n {\n if (numModulesReq > numModules)\n {\n numModulesReq = numModules;\n }\n reply->write(modules, numModulesReq * sizeof(struct sound_trigger_module_descriptor));\n }\n free(modules);\n return NO_ERROR;\n }\n case ATTACH:\n {\n CHECK_INTERFACE(ISoundTriggerHwService, data, reply);\n sound_trigger_module_handle_t handle;\n data.read(&handle, sizeof(sound_trigger_module_handle_t));\n sp<ISoundTriggerClient> client = interface_cast<ISoundTriggerClient>(data.readStrongBinder());\n sp<ISoundTrigger> module;\n status_t status = attach(handle, client, module);\n reply->writeInt32(status);\n if (module != 0)\n {\n reply->writeInt32(1);\n reply->writeStrongBinder(IInterface::asBinder(module));\n }\n else\n {\n reply->writeInt32(0);\n }\n return NO_ERROR;\n }\n break;\n case SET_CAPTURE_STATE:\n {\n CHECK_INTERFACE(ISoundTriggerHwService, data, reply);\n reply->writeInt32(setCaptureState((bool)data.readInt32()));\n return NO_ERROR;\n }\n break;\n default:\n return BBinder::onTransact(code, data, reply, flags);\n }\n}",
        "question": "Given that the parameter or function `writeInt32` is modified before the execution of the function `write`, evaluate the potential impact on the outcomes of `write`. Consider how `writeInt32` could influence `write`, including its role as a direct parameter, its effect on controlling conditions, or its indirect impacts through other related variables or system states.",
        "choices": {
            "A": "The change to `writeInt32` directly alters the arguments passed to `write`.",
            "B": "There is neither a direct nor a significant indirect relationship between the changes to `writeInt32` and the behavior or output of `write`, suggesting no observable impact.",
            "C": "The modification of `writeInt32` might indirectly influence `write` by modifying the control statement that controls the behavior of `write`.",
            "D": "It is not possible to determine the effect without additional context."
        },
        "answer": "C",
        "distance": 1
    },
    {
        "case_id": "primevul_10",
        "code": "status_t BnSoundTriggerHwService::onTransact(uint32_t code, const Parcel& data, Parcel* reply, uint32_t flags)\n{\n switch(code)\n {\n case LIST_MODULES:\n {\n CHECK_INTERFACE(ISoundTriggerHwService, data, reply);\n unsigned int numModulesReq = data.readInt32();\n unsigned int numModules = numModulesReq;\n struct sound_trigger_module_descriptor *modules = (struct sound_trigger_module_descriptor *)calloc(numModulesReq, sizeof(struct sound_trigger_module_descriptor));\n status_t status = listModules(modules, &numModules);\n reply->writeInt32(status);\n reply->writeInt32(numModules);\n ALOGV(\"LIST_MODULES status %d got numModules %d\", status, numModules);\n if (status == NO_ERROR)\n {\n if (numModulesReq > numModules)\n {\n numModulesReq = numModules;\n }\n reply->write(modules, numModulesReq * sizeof(struct sound_trigger_module_descriptor));\n }\n free(modules);\n return NO_ERROR;\n }\n case ATTACH:\n {\n CHECK_INTERFACE(ISoundTriggerHwService, data, reply);\n sound_trigger_module_handle_t handle;\n data.read(&handle, sizeof(sound_trigger_module_handle_t));\n sp<ISoundTriggerClient> client = interface_cast<ISoundTriggerClient>(data.readStrongBinder());\n sp<ISoundTrigger> module;\n status_t status = attach(handle, client, module);\n reply->writeInt32(status);\n if (module != 0)\n {\n reply->writeInt32(1);\n reply->writeStrongBinder(IInterface::asBinder(module));\n }\n else\n {\n reply->writeInt32(0);\n }\n return NO_ERROR;\n }\n break;\n case SET_CAPTURE_STATE:\n {\n CHECK_INTERFACE(ISoundTriggerHwService, data, reply);\n reply->writeInt32(setCaptureState((bool)data.readInt32()));\n return NO_ERROR;\n }\n break;\n default:\n return BBinder::onTransact(code, data, reply, flags);\n }\n}",
        "question": "Given that the parameter or function `numModules` is modified before the execution of the function `write`, evaluate the potential impact on the outcomes of `write`. Consider how `numModules` could influence `write`, including its role as a direct parameter, its effect on controlling conditions, or its indirect impacts through other related variables or system states.",
        "choices": {
            "A": "The change to `numModules` directly alters the arguments passed to `write`.",
            "B": "There is neither a direct nor a significant indirect relationship between the changes to `numModules` and the behavior or output of `write`, suggesting no observable impact.",
            "C": "The modification of `numModules` might indirectly influence `write` by modifying the control statement that controls the behavior of `write`.",
            "D": "It is not possible to determine the effect without additional context."
        },
        "answer": "C",
        "distance": 1
    },
    {
        "case_id": "primevul_10",
        "code": "status_t BnSoundTriggerHwService::onTransact(uint32_t code, const Parcel& data, Parcel* reply, uint32_t flags)\n{\n switch(code)\n {\n case LIST_MODULES:\n {\n CHECK_INTERFACE(ISoundTriggerHwService, data, reply);\n unsigned int numModulesReq = data.readInt32();\n unsigned int numModules = numModulesReq;\n struct sound_trigger_module_descriptor *modules = (struct sound_trigger_module_descriptor *)calloc(numModulesReq, sizeof(struct sound_trigger_module_descriptor));\n status_t status = listModules(modules, &numModules);\n reply->writeInt32(status);\n reply->writeInt32(numModules);\n ALOGV(\"LIST_MODULES status %d got numModules %d\", status, numModules);\n if (status == NO_ERROR)\n {\n if (numModulesReq > numModules)\n {\n numModulesReq = numModules;\n }\n reply->write(modules, numModulesReq * sizeof(struct sound_trigger_module_descriptor));\n }\n free(modules);\n return NO_ERROR;\n }\n case ATTACH:\n {\n CHECK_INTERFACE(ISoundTriggerHwService, data, reply);\n sound_trigger_module_handle_t handle;\n data.read(&handle, sizeof(sound_trigger_module_handle_t));\n sp<ISoundTriggerClient> client = interface_cast<ISoundTriggerClient>(data.readStrongBinder());\n sp<ISoundTrigger> module;\n status_t status = attach(handle, client, module);\n reply->writeInt32(status);\n if (module != 0)\n {\n reply->writeInt32(1);\n reply->writeStrongBinder(IInterface::asBinder(module));\n }\n else\n {\n reply->writeInt32(0);\n }\n return NO_ERROR;\n }\n break;\n case SET_CAPTURE_STATE:\n {\n CHECK_INTERFACE(ISoundTriggerHwService, data, reply);\n reply->writeInt32(setCaptureState((bool)data.readInt32()));\n return NO_ERROR;\n }\n break;\n default:\n return BBinder::onTransact(code, data, reply, flags);\n }\n}",
        "question": "Given that the parameter or function `status` is modified before the execution of the function `write`, evaluate the potential impact on the outcomes of `write`. Consider how `status` could influence `write`, including its role as a direct parameter, its effect on controlling conditions, or its indirect impacts through other related variables or system states.",
        "choices": {
            "A": "The change to `status` directly alters the arguments passed to `write`.",
            "B": "There is neither a direct nor a significant indirect relationship between the changes to `status` and the behavior or output of `write`, suggesting no observable impact.",
            "C": "The modification of `status` might indirectly influence `write` by modifying the control statement that controls the behavior of `write`.",
            "D": "It is not possible to determine the effect without additional context."
        },
        "answer": "C",
        "distance": 0
    },
    {
        "case_id": "primevul_10",
        "code": "status_t BnSoundTriggerHwService::onTransact(uint32_t code, const Parcel& data, Parcel* reply, uint32_t flags)\n{\n switch(code)\n {\n case LIST_MODULES:\n {\n CHECK_INTERFACE(ISoundTriggerHwService, data, reply);\n unsigned int numModulesReq = data.readInt32();\n unsigned int numModules = numModulesReq;\n struct sound_trigger_module_descriptor *modules = (struct sound_trigger_module_descriptor *)calloc(numModulesReq, sizeof(struct sound_trigger_module_descriptor));\n status_t status = listModules(modules, &numModules);\n reply->writeInt32(status);\n reply->writeInt32(numModules);\n ALOGV(\"LIST_MODULES status %d got numModules %d\", status, numModules);\n if (status == NO_ERROR)\n {\n if (numModulesReq > numModules)\n {\n numModulesReq = numModules;\n }\n reply->write(modules, numModulesReq * sizeof(struct sound_trigger_module_descriptor));\n }\n free(modules);\n return NO_ERROR;\n }\n case ATTACH:\n {\n CHECK_INTERFACE(ISoundTriggerHwService, data, reply);\n sound_trigger_module_handle_t handle;\n data.read(&handle, sizeof(sound_trigger_module_handle_t));\n sp<ISoundTriggerClient> client = interface_cast<ISoundTriggerClient>(data.readStrongBinder());\n sp<ISoundTrigger> module;\n status_t status = attach(handle, client, module);\n reply->writeInt32(status);\n if (module != 0)\n {\n reply->writeInt32(1);\n reply->writeStrongBinder(IInterface::asBinder(module));\n }\n else\n {\n reply->writeInt32(0);\n }\n return NO_ERROR;\n }\n break;\n case SET_CAPTURE_STATE:\n {\n CHECK_INTERFACE(ISoundTriggerHwService, data, reply);\n reply->writeInt32(setCaptureState((bool)data.readInt32()));\n return NO_ERROR;\n }\n break;\n default:\n return BBinder::onTransact(code, data, reply, flags);\n }\n}",
        "question": "Given that the parameter or function `data` is modified before the execution of the function `write`, evaluate the potential impact on the outcomes of `write`. Consider how `data` could influence `write`, including its role as a direct parameter, its effect on controlling conditions, or its indirect impacts through other related variables or system states.",
        "choices": {
            "A": "The change to `data` directly alters the arguments passed to `write`.",
            "B": "There is neither a direct nor a significant indirect relationship between the changes to `data` and the behavior or output of `write`, suggesting no observable impact.",
            "C": "The modification of `data` might indirectly influence `write` by modifying the control statement that controls the behavior of `write`.",
            "D": "It is not possible to determine the effect without additional context."
        },
        "answer": "A, C",
        "distance": 3
    },
    {
        "case_id": "primevul_10",
        "code": "status_t BnSoundTriggerHwService::onTransact(uint32_t code, const Parcel& data, Parcel* reply, uint32_t flags)\n{\n switch(code)\n {\n case LIST_MODULES:\n {\n CHECK_INTERFACE(ISoundTriggerHwService, data, reply);\n unsigned int numModulesReq = data.readInt32();\n unsigned int numModules = numModulesReq;\n struct sound_trigger_module_descriptor *modules = (struct sound_trigger_module_descriptor *)calloc(numModulesReq, sizeof(struct sound_trigger_module_descriptor));\n status_t status = listModules(modules, &numModules);\n reply->writeInt32(status);\n reply->writeInt32(numModules);\n ALOGV(\"LIST_MODULES status %d got numModules %d\", status, numModules);\n if (status == NO_ERROR)\n {\n if (numModulesReq > numModules)\n {\n numModulesReq = numModules;\n }\n reply->write(modules, numModulesReq * sizeof(struct sound_trigger_module_descriptor));\n }\n free(modules);\n return NO_ERROR;\n }\n case ATTACH:\n {\n CHECK_INTERFACE(ISoundTriggerHwService, data, reply);\n sound_trigger_module_handle_t handle;\n data.read(&handle, sizeof(sound_trigger_module_handle_t));\n sp<ISoundTriggerClient> client = interface_cast<ISoundTriggerClient>(data.readStrongBinder());\n sp<ISoundTrigger> module;\n status_t status = attach(handle, client, module);\n reply->writeInt32(status);\n if (module != 0)\n {\n reply->writeInt32(1);\n reply->writeStrongBinder(IInterface::asBinder(module));\n }\n else\n {\n reply->writeInt32(0);\n }\n return NO_ERROR;\n }\n break;\n case SET_CAPTURE_STATE:\n {\n CHECK_INTERFACE(ISoundTriggerHwService, data, reply);\n reply->writeInt32(setCaptureState((bool)data.readInt32()));\n return NO_ERROR;\n }\n break;\n default:\n return BBinder::onTransact(code, data, reply, flags);\n }\n}",
        "question": "Given that the parameter or function `readInt32` is modified before the execution of the function `write`, evaluate the potential impact on the outcomes of `write`. Consider how `readInt32` could influence `write`, including its role as a direct parameter, its effect on controlling conditions, or its indirect impacts through other related variables or system states.",
        "choices": {
            "A": "The change to `readInt32` directly alters the arguments passed to `write`.",
            "B": "There is neither a direct nor a significant indirect relationship between the changes to `readInt32` and the behavior or output of `write`, suggesting no observable impact.",
            "C": "The modification of `readInt32` might indirectly influence `write` by modifying the control statement that controls the behavior of `write`.",
            "D": "It is not possible to determine the effect without additional context."
        },
        "answer": "A, C",
        "distance": 3
    },
    {
        "case_id": "primevul_10",
        "code": "status_t BnSoundTriggerHwService::onTransact(uint32_t code, const Parcel& data, Parcel* reply, uint32_t flags)\n{\n switch(code)\n {\n case LIST_MODULES:\n {\n CHECK_INTERFACE(ISoundTriggerHwService, data, reply);\n unsigned int numModulesReq = data.readInt32();\n unsigned int numModules = numModulesReq;\n struct sound_trigger_module_descriptor *modules = (struct sound_trigger_module_descriptor *)calloc(numModulesReq, sizeof(struct sound_trigger_module_descriptor));\n status_t status = listModules(modules, &numModules);\n reply->writeInt32(status);\n reply->writeInt32(numModules);\n ALOGV(\"LIST_MODULES status %d got numModules %d\", status, numModules);\n if (status == NO_ERROR)\n {\n if (numModulesReq > numModules)\n {\n numModulesReq = numModules;\n }\n reply->write(modules, numModulesReq * sizeof(struct sound_trigger_module_descriptor));\n }\n free(modules);\n return NO_ERROR;\n }\n case ATTACH:\n {\n CHECK_INTERFACE(ISoundTriggerHwService, data, reply);\n sound_trigger_module_handle_t handle;\n data.read(&handle, sizeof(sound_trigger_module_handle_t));\n sp<ISoundTriggerClient> client = interface_cast<ISoundTriggerClient>(data.readStrongBinder());\n sp<ISoundTrigger> module;\n status_t status = attach(handle, client, module);\n reply->writeInt32(status);\n if (module != 0)\n {\n reply->writeInt32(1);\n reply->writeStrongBinder(IInterface::asBinder(module));\n }\n else\n {\n reply->writeInt32(0);\n }\n return NO_ERROR;\n }\n break;\n case SET_CAPTURE_STATE:\n {\n CHECK_INTERFACE(ISoundTriggerHwService, data, reply);\n reply->writeInt32(setCaptureState((bool)data.readInt32()));\n return NO_ERROR;\n }\n break;\n default:\n return BBinder::onTransact(code, data, reply, flags);\n }\n}",
        "question": "Given that the parameter or function `calloc` is modified before the execution of the function `write`, evaluate the potential impact on the outcomes of `write`. Consider how `calloc` could influence `write`, including its role as a direct parameter, its effect on controlling conditions, or its indirect impacts through other related variables or system states.",
        "choices": {
            "A": "The change to `calloc` directly alters the arguments passed to `write`.",
            "B": "There is neither a direct nor a significant indirect relationship between the changes to `calloc` and the behavior or output of `write`, suggesting no observable impact.",
            "C": "The modification of `calloc` might indirectly influence `write` by modifying the control statement that controls the behavior of `write`.",
            "D": "It is not possible to determine the effect without additional context."
        },
        "answer": "A, C",
        "distance": 2
    },
    {
        "case_id": "primevul_10",
        "code": "status_t BnSoundTriggerHwService::onTransact(uint32_t code, const Parcel& data, Parcel* reply, uint32_t flags)\n{\n switch(code)\n {\n case LIST_MODULES:\n {\n CHECK_INTERFACE(ISoundTriggerHwService, data, reply);\n unsigned int numModulesReq = data.readInt32();\n unsigned int numModules = numModulesReq;\n struct sound_trigger_module_descriptor *modules = (struct sound_trigger_module_descriptor *)calloc(numModulesReq, sizeof(struct sound_trigger_module_descriptor));\n status_t status = listModules(modules, &numModules);\n reply->writeInt32(status);\n reply->writeInt32(numModules);\n ALOGV(\"LIST_MODULES status %d got numModules %d\", status, numModules);\n if (status == NO_ERROR)\n {\n if (numModulesReq > numModules)\n {\n numModulesReq = numModules;\n }\n reply->write(modules, numModulesReq * sizeof(struct sound_trigger_module_descriptor));\n }\n free(modules);\n return NO_ERROR;\n }\n case ATTACH:\n {\n CHECK_INTERFACE(ISoundTriggerHwService, data, reply);\n sound_trigger_module_handle_t handle;\n data.read(&handle, sizeof(sound_trigger_module_handle_t));\n sp<ISoundTriggerClient> client = interface_cast<ISoundTriggerClient>(data.readStrongBinder());\n sp<ISoundTrigger> module;\n status_t status = attach(handle, client, module);\n reply->writeInt32(status);\n if (module != 0)\n {\n reply->writeInt32(1);\n reply->writeStrongBinder(IInterface::asBinder(module));\n }\n else\n {\n reply->writeInt32(0);\n }\n return NO_ERROR;\n }\n break;\n case SET_CAPTURE_STATE:\n {\n CHECK_INTERFACE(ISoundTriggerHwService, data, reply);\n reply->writeInt32(setCaptureState((bool)data.readInt32()));\n return NO_ERROR;\n }\n break;\n default:\n return BBinder::onTransact(code, data, reply, flags);\n }\n}",
        "question": "Given that the parameter or function `sound_trigger_module_descriptor` is modified before the execution of the function `write`, evaluate the potential impact on the outcomes of `write`. Consider how `sound_trigger_module_descriptor` could influence `write`, including its role as a direct parameter, its effect on controlling conditions, or its indirect impacts through other related variables or system states.",
        "choices": {
            "A": "The change to `sound_trigger_module_descriptor` directly alters the arguments passed to `write`.",
            "B": "There is neither a direct nor a significant indirect relationship between the changes to `sound_trigger_module_descriptor` and the behavior or output of `write`, suggesting no observable impact.",
            "C": "The modification of `sound_trigger_module_descriptor` might indirectly influence `write` by modifying the control statement that controls the behavior of `write`.",
            "D": "It is not possible to determine the effect without additional context."
        },
        "answer": "A, C",
        "distance": 2
    }
]