[
    {
        "case_id": "primevul_39",
        "code": "static bool check_client_passwd(PgSocket *client, const char *passwd)\n{\n\tchar md5[MD5_PASSWD_LEN + 1];\n\tconst char *correct;\n\tPgUser *user = client->auth_user;\n\tif (!*passwd || !*user->passwd)\n\t{\n\t\treturn false;\n\t}\n\tswitch (cf_auth_type)\n\t{\n\t\tcase AUTH_PLAIN:\n\t\t{\n\t\t\treturn strcmp(user->passwd, passwd) == 0;\n\t\t}\n\t\tcase AUTH_CRYPT:\n\t\t{\n\t\t\tcorrect = crypt(user->passwd, (char *)client->tmp_login_salt);\n\t\t\treturn correct && strcmp(correct, passwd) == 0;\n\t\t}\n\t\tcase AUTH_MD5:\n\t\t{\n\t\t\tif (strlen(passwd) != MD5_PASSWD_LEN)\n\t\t\t{\n\t\t\t\treturn false;\n\t\t\t}\n\t\t\tif (!isMD5(user->passwd))\n\t\t\t{\n\t\t\t\tpg_md5_encrypt(user->passwd, user->name, strlen(user->name), user->passwd);\n\t\t\t}\n\t\t\tpg_md5_encrypt(user->passwd + 3, (char *)client->tmp_login_salt, 4, md5);\n\t\t\treturn strcmp(md5, passwd) == 0;\n\t\t}\n\t}\n\treturn false;\n}\n",
        "question": "Given that the parameter or function `client` is modified before the execution of the function `crypt`, evaluate the potential impact on the outcomes of `crypt`. Consider how `client` could influence `crypt`, including its role as a direct parameter, its effect on controlling conditions, or its indirect impacts through other related variables or system states.",
        "choices": {
            "A": "The change to `client` directly alters the arguments passed to `crypt`.",
            "B": "There is neither a direct nor a significant indirect relationship between the changes to `client` and the behavior or output of `crypt`, suggesting no observable impact.",
            "C": "The modification of `client` might indirectly influence `crypt` by modifying the control statement that controls the behavior of `crypt`.",
            "D": "It is not possible to determine the effect without additional context."
        },
        "answer": "A",
        "distance": 1
    },
    {
        "case_id": "primevul_39",
        "code": "static bool check_client_passwd(PgSocket *client, const char *passwd)\n{\n\tchar md5[MD5_PASSWD_LEN + 1];\n\tconst char *correct;\n\tPgUser *user = client->auth_user;\n\tif (!*passwd || !*user->passwd)\n\t{\n\t\treturn false;\n\t}\n\tswitch (cf_auth_type)\n\t{\n\t\tcase AUTH_PLAIN:\n\t\t{\n\t\t\treturn strcmp(user->passwd, passwd) == 0;\n\t\t}\n\t\tcase AUTH_CRYPT:\n\t\t{\n\t\t\tcorrect = crypt(user->passwd, (char *)client->tmp_login_salt);\n\t\t\treturn correct && strcmp(correct, passwd) == 0;\n\t\t}\n\t\tcase AUTH_MD5:\n\t\t{\n\t\t\tif (strlen(passwd) != MD5_PASSWD_LEN)\n\t\t\t{\n\t\t\t\treturn false;\n\t\t\t}\n\t\t\tif (!isMD5(user->passwd))\n\t\t\t{\n\t\t\t\tpg_md5_encrypt(user->passwd, user->name, strlen(user->name), user->passwd);\n\t\t\t}\n\t\t\tpg_md5_encrypt(user->passwd + 3, (char *)client->tmp_login_salt, 4, md5);\n\t\t\treturn strcmp(md5, passwd) == 0;\n\t\t}\n\t}\n\treturn false;\n}\n",
        "question": "Given that the parameter or function `auth_user` is modified before the execution of the function `crypt`, evaluate the potential impact on the outcomes of `crypt`. Consider how `auth_user` could influence `crypt`, including its role as a direct parameter, its effect on controlling conditions, or its indirect impacts through other related variables or system states.",
        "choices": {
            "A": "The change to `auth_user` directly alters the arguments passed to `crypt`.",
            "B": "There is neither a direct nor a significant indirect relationship between the changes to `auth_user` and the behavior or output of `crypt`, suggesting no observable impact.",
            "C": "The modification of `auth_user` might indirectly influence `crypt` by modifying the control statement that controls the behavior of `crypt`.",
            "D": "It is not possible to determine the effect without additional context."
        },
        "answer": "A",
        "distance": 1
    },
    {
        "case_id": "primevul_39",
        "code": "static bool check_client_passwd(PgSocket *client, const char *passwd)\n{\n\tchar md5[MD5_PASSWD_LEN + 1];\n\tconst char *correct;\n\tPgUser *user = client->auth_user;\n\tif (!*passwd || !*user->passwd)\n\t{\n\t\treturn false;\n\t}\n\tswitch (cf_auth_type)\n\t{\n\t\tcase AUTH_PLAIN:\n\t\t{\n\t\t\treturn strcmp(user->passwd, passwd) == 0;\n\t\t}\n\t\tcase AUTH_CRYPT:\n\t\t{\n\t\t\tcorrect = crypt(user->passwd, (char *)client->tmp_login_salt);\n\t\t\treturn correct && strcmp(correct, passwd) == 0;\n\t\t}\n\t\tcase AUTH_MD5:\n\t\t{\n\t\t\tif (strlen(passwd) != MD5_PASSWD_LEN)\n\t\t\t{\n\t\t\t\treturn false;\n\t\t\t}\n\t\t\tif (!isMD5(user->passwd))\n\t\t\t{\n\t\t\t\tpg_md5_encrypt(user->passwd, user->name, strlen(user->name), user->passwd);\n\t\t\t}\n\t\t\tpg_md5_encrypt(user->passwd + 3, (char *)client->tmp_login_salt, 4, md5);\n\t\t\treturn strcmp(md5, passwd) == 0;\n\t\t}\n\t}\n\treturn false;\n}\n",
        "question": "Given that the parameter or function `user` is modified before the execution of the function `crypt`, evaluate the potential impact on the outcomes of `crypt`. Consider how `user` could influence `crypt`, including its role as a direct parameter, its effect on controlling conditions, or its indirect impacts through other related variables or system states.",
        "choices": {
            "A": "The change to `user` directly alters the arguments passed to `crypt`.",
            "B": "There is neither a direct nor a significant indirect relationship between the changes to `user` and the behavior or output of `crypt`, suggesting no observable impact.",
            "C": "The modification of `user` might indirectly influence `crypt` by modifying the control statement that controls the behavior of `crypt`.",
            "D": "It is not possible to determine the effect without additional context."
        },
        "answer": "A",
        "distance": 1
    },
    {
        "case_id": "primevul_39",
        "code": "static bool check_client_passwd(PgSocket *client, const char *passwd)\n{\n\tchar md5[MD5_PASSWD_LEN + 1];\n\tconst char *correct;\n\tPgUser *user = client->auth_user;\n\tif (!*passwd || !*user->passwd)\n\t{\n\t\treturn false;\n\t}\n\tswitch (cf_auth_type)\n\t{\n\t\tcase AUTH_PLAIN:\n\t\t{\n\t\t\treturn strcmp(user->passwd, passwd) == 0;\n\t\t}\n\t\tcase AUTH_CRYPT:\n\t\t{\n\t\t\tcorrect = crypt(user->passwd, (char *)client->tmp_login_salt);\n\t\t\treturn correct && strcmp(correct, passwd) == 0;\n\t\t}\n\t\tcase AUTH_MD5:\n\t\t{\n\t\t\tif (strlen(passwd) != MD5_PASSWD_LEN)\n\t\t\t{\n\t\t\t\treturn false;\n\t\t\t}\n\t\t\tif (!isMD5(user->passwd))\n\t\t\t{\n\t\t\t\tpg_md5_encrypt(user->passwd, user->name, strlen(user->name), user->passwd);\n\t\t\t}\n\t\t\tpg_md5_encrypt(user->passwd + 3, (char *)client->tmp_login_salt, 4, md5);\n\t\t\treturn strcmp(md5, passwd) == 0;\n\t\t}\n\t}\n\treturn false;\n}\n",
        "question": "Given that the parameter or function `char` is modified before the execution of the function `crypt`, evaluate the potential impact on the outcomes of `crypt`. Consider how `char` could influence `crypt`, including its role as a direct parameter, its effect on controlling conditions, or its indirect impacts through other related variables or system states.",
        "choices": {
            "A": "The change to `char` directly alters the arguments passed to `crypt`.",
            "B": "There is neither a direct nor a significant indirect relationship between the changes to `char` and the behavior or output of `crypt`, suggesting no observable impact.",
            "C": "The modification of `char` might indirectly influence `crypt` by modifying the control statement that controls the behavior of `crypt`.",
            "D": "It is not possible to determine the effect without additional context."
        },
        "answer": "A",
        "distance": 1
    },
    {
        "case_id": "primevul_39",
        "code": "static bool check_client_passwd(PgSocket *client, const char *passwd)\n{\n\tchar md5[MD5_PASSWD_LEN + 1];\n\tconst char *correct;\n\tPgUser *user = client->auth_user;\n\tif (!*passwd || !*user->passwd)\n\t{\n\t\treturn false;\n\t}\n\tswitch (cf_auth_type)\n\t{\n\t\tcase AUTH_PLAIN:\n\t\t{\n\t\t\treturn strcmp(user->passwd, passwd) == 0;\n\t\t}\n\t\tcase AUTH_CRYPT:\n\t\t{\n\t\t\tcorrect = crypt(user->passwd, (char *)client->tmp_login_salt);\n\t\t\treturn correct && strcmp(correct, passwd) == 0;\n\t\t}\n\t\tcase AUTH_MD5:\n\t\t{\n\t\t\tif (strlen(passwd) != MD5_PASSWD_LEN)\n\t\t\t{\n\t\t\t\treturn false;\n\t\t\t}\n\t\t\tif (!isMD5(user->passwd))\n\t\t\t{\n\t\t\t\tpg_md5_encrypt(user->passwd, user->name, strlen(user->name), user->passwd);\n\t\t\t}\n\t\t\tpg_md5_encrypt(user->passwd + 3, (char *)client->tmp_login_salt, 4, md5);\n\t\t\treturn strcmp(md5, passwd) == 0;\n\t\t}\n\t}\n\treturn false;\n}\n",
        "question": "Given that the parameter or function `correct` is modified before the execution of the function `crypt`, evaluate the potential impact on the outcomes of `crypt`. Consider how `correct` could influence `crypt`, including its role as a direct parameter, its effect on controlling conditions, or its indirect impacts through other related variables or system states.",
        "choices": {
            "A": "The change to `correct` directly alters the arguments passed to `crypt`.",
            "B": "There is neither a direct nor a significant indirect relationship between the changes to `correct` and the behavior or output of `crypt`, suggesting no observable impact.",
            "C": "The modification of `correct` might indirectly influence `crypt` by modifying the control statement that controls the behavior of `crypt`.",
            "D": "It is not possible to determine the effect without additional context."
        },
        "answer": "B",
        "distance": 0
    },
    {
        "case_id": "primevul_39",
        "code": "static bool check_client_passwd(PgSocket *client, const char *passwd)\n{\n\tchar md5[MD5_PASSWD_LEN + 1];\n\tconst char *correct;\n\tPgUser *user = client->auth_user;\n\tif (!*passwd || !*user->passwd)\n\t{\n\t\treturn false;\n\t}\n\tswitch (cf_auth_type)\n\t{\n\t\tcase AUTH_PLAIN:\n\t\t{\n\t\t\treturn strcmp(user->passwd, passwd) == 0;\n\t\t}\n\t\tcase AUTH_CRYPT:\n\t\t{\n\t\t\tcorrect = crypt(user->passwd, (char *)client->tmp_login_salt);\n\t\t\treturn correct && strcmp(correct, passwd) == 0;\n\t\t}\n\t\tcase AUTH_MD5:\n\t\t{\n\t\t\tif (strlen(passwd) != MD5_PASSWD_LEN)\n\t\t\t{\n\t\t\t\treturn false;\n\t\t\t}\n\t\t\tif (!isMD5(user->passwd))\n\t\t\t{\n\t\t\t\tpg_md5_encrypt(user->passwd, user->name, strlen(user->name), user->passwd);\n\t\t\t}\n\t\t\tpg_md5_encrypt(user->passwd + 3, (char *)client->tmp_login_salt, 4, md5);\n\t\t\treturn strcmp(md5, passwd) == 0;\n\t\t}\n\t}\n\treturn false;\n}\n",
        "question": "Given that the parameter or function `strlen` is modified before the execution of the function `crypt`, evaluate the potential impact on the outcomes of `crypt`. Consider how `strlen` could influence `crypt`, including its role as a direct parameter, its effect on controlling conditions, or its indirect impacts through other related variables or system states.",
        "choices": {
            "A": "The change to `strlen` directly alters the arguments passed to `crypt`.",
            "B": "There is neither a direct nor a significant indirect relationship between the changes to `strlen` and the behavior or output of `crypt`, suggesting no observable impact.",
            "C": "The modification of `strlen` might indirectly influence `crypt` by modifying the control statement that controls the behavior of `crypt`.",
            "D": "It is not possible to determine the effect without additional context."
        },
        "answer": "B",
        "distance": 0
    },
    {
        "case_id": "primevul_39",
        "code": "static bool check_client_passwd(PgSocket *client, const char *passwd)\n{\n\tchar md5[MD5_PASSWD_LEN + 1];\n\tconst char *correct;\n\tPgUser *user = client->auth_user;\n\tif (!*passwd || !*user->passwd)\n\t{\n\t\treturn false;\n\t}\n\tswitch (cf_auth_type)\n\t{\n\t\tcase AUTH_PLAIN:\n\t\t{\n\t\t\treturn strcmp(user->passwd, passwd) == 0;\n\t\t}\n\t\tcase AUTH_CRYPT:\n\t\t{\n\t\t\tcorrect = crypt(user->passwd, (char *)client->tmp_login_salt);\n\t\t\treturn correct && strcmp(correct, passwd) == 0;\n\t\t}\n\t\tcase AUTH_MD5:\n\t\t{\n\t\t\tif (strlen(passwd) != MD5_PASSWD_LEN)\n\t\t\t{\n\t\t\t\treturn false;\n\t\t\t}\n\t\t\tif (!isMD5(user->passwd))\n\t\t\t{\n\t\t\t\tpg_md5_encrypt(user->passwd, user->name, strlen(user->name), user->passwd);\n\t\t\t}\n\t\t\tpg_md5_encrypt(user->passwd + 3, (char *)client->tmp_login_salt, 4, md5);\n\t\t\treturn strcmp(md5, passwd) == 0;\n\t\t}\n\t}\n\treturn false;\n}\n",
        "question": "Given that the parameter or function `user->passwd` is modified before the execution of the function `crypt`, evaluate the potential impact on the outcomes of `crypt`. Consider how `user->passwd` could influence `crypt`, including its role as a direct parameter, its effect on controlling conditions, or its indirect impacts through other related variables or system states.",
        "choices": {
            "A": "The change to `user->passwd` directly alters the arguments passed to `crypt`.",
            "B": "There is neither a direct nor a significant indirect relationship between the changes to `user->passwd` and the behavior or output of `crypt`, suggesting no observable impact.",
            "C": "The modification of `user->passwd` might indirectly influence `crypt` by modifying the control statement that controls the behavior of `crypt`.",
            "D": "It is not possible to determine the effect without additional context."
        },
        "answer": "B",
        "distance": 0
    },
    {
        "case_id": "primevul_39",
        "code": "static bool check_client_passwd(PgSocket *client, const char *passwd)\n{\n\tchar md5[MD5_PASSWD_LEN + 1];\n\tconst char *correct;\n\tPgUser *user = client->auth_user;\n\tif (!*passwd || !*user->passwd)\n\t{\n\t\treturn false;\n\t}\n\tswitch (cf_auth_type)\n\t{\n\t\tcase AUTH_PLAIN:\n\t\t{\n\t\t\treturn strcmp(user->passwd, passwd) == 0;\n\t\t}\n\t\tcase AUTH_CRYPT:\n\t\t{\n\t\t\tcorrect = crypt(user->passwd, (char *)client->tmp_login_salt);\n\t\t\treturn correct && strcmp(correct, passwd) == 0;\n\t\t}\n\t\tcase AUTH_MD5:\n\t\t{\n\t\t\tif (strlen(passwd) != MD5_PASSWD_LEN)\n\t\t\t{\n\t\t\t\treturn false;\n\t\t\t}\n\t\t\tif (!isMD5(user->passwd))\n\t\t\t{\n\t\t\t\tpg_md5_encrypt(user->passwd, user->name, strlen(user->name), user->passwd);\n\t\t\t}\n\t\t\tpg_md5_encrypt(user->passwd + 3, (char *)client->tmp_login_salt, 4, md5);\n\t\t\treturn strcmp(md5, passwd) == 0;\n\t\t}\n\t}\n\treturn false;\n}\n",
        "question": "Given that the parameter or function `pg_md5_encrypt` is modified before the execution of the function `crypt`, evaluate the potential impact on the outcomes of `crypt`. Consider how `pg_md5_encrypt` could influence `crypt`, including its role as a direct parameter, its effect on controlling conditions, or its indirect impacts through other related variables or system states.",
        "choices": {
            "A": "The change to `pg_md5_encrypt` directly alters the arguments passed to `crypt`.",
            "B": "There is neither a direct nor a significant indirect relationship between the changes to `pg_md5_encrypt` and the behavior or output of `crypt`, suggesting no observable impact.",
            "C": "The modification of `pg_md5_encrypt` might indirectly influence `crypt` by modifying the control statement that controls the behavior of `crypt`.",
            "D": "It is not possible to determine the effect without additional context."
        },
        "answer": "B",
        "distance": 0
    }
]