[
    {
        "case_id": "primevul_18",
        "code": "int socket_create(uint16_t port)\n{\n\tint sfd = -1;\n\tint yes = 1;\n#ifdef WIN32\n\tWSADATA wsa_data;\n\tif (!wsa_init)\n\t{\n\t\tif (WSAStartup(MAKEWORD(2,2), &wsa_data) != ERROR_SUCCESS)\n\t\t{\n\t\t\tfprintf(stderr, \"WSAStartup failed!\\n\");\n\t\t\tExitProcess(-1);\n\t\t}\n\t\twsa_init = 1;\n\t}\n#endif\n\tstruct sockaddr_in saddr;\n\tif (0 > (sfd = socket(PF_INET, SOCK_STREAM, IPPROTO_TCP)))\n\t{\n\t\tperror(\"socket()\");\n\t\treturn -1;\n\t}\n\tif (setsockopt(sfd, SOL_SOCKET, SO_REUSEADDR, (void*)&yes, sizeof(int)) == -1)\n\t{\n\t\tperror(\"setsockopt()\");\n\t\tsocket_close(sfd);\n\t\treturn -1;\n\t}\n#ifdef SO_NOSIGPIPE\n\tif (setsockopt(sfd, SOL_SOCKET, SO_NOSIGPIPE, (void*)&yes, sizeof(int)) == -1)\n\t{\n\t\tperror(\"setsockopt()\");\n\t\tsocket_close(sfd);\n\t\treturn -1;\n\t}\n#endif\n\tmemset((void *) &saddr, 0, sizeof(saddr));\n\tsaddr.sin_family = AF_INET;\n\tsaddr.sin_addr.s_addr = htonl(INADDR_ANY);\n\tsaddr.sin_port = htons(port);\n\tif (0 > bind(sfd, (struct sockaddr *) &saddr, sizeof(saddr)))\n\t{\n\t\tperror(\"bind()\");\n\t\tsocket_close(sfd);\n\t\treturn -1;\n\t}\n\tif (listen(sfd, 1) == -1)\n\t{\n\t\tperror(\"listen()\");\n\t\tsocket_close(sfd);\n\t\treturn -1;\n\t}\n\treturn sfd;\n}\n",
        "question": "Given that the parameter or function `INADDR_ANY` is modified before the execution of the function `htonl`, evaluate the potential impact on the outcomes of `htonl`. Consider how `INADDR_ANY` could influence `htonl`, including its role as a direct parameter, its effect on controlling conditions, or its indirect impacts through other related variables or system states.",
        "choices": {
            "A": "The change to `INADDR_ANY` directly alters the arguments passed to `htonl`.",
            "B": "There is neither a direct nor a significant indirect relationship between the changes to `INADDR_ANY` and the behavior or output of `htonl`, suggesting no observable impact.",
            "C": "The modification of `INADDR_ANY` might indirectly influence `htonl` by modifying the control statement that controls the behavior of `htonl`.",
            "D": "It is not possible to determine the effect without additional context."
        },
        "answer": "A",
        "distance": 1
    },
    {
        "case_id": "primevul_18",
        "code": "int socket_create(uint16_t port)\n{\n\tint sfd = -1;\n\tint yes = 1;\n#ifdef WIN32\n\tWSADATA wsa_data;\n\tif (!wsa_init)\n\t{\n\t\tif (WSAStartup(MAKEWORD(2,2), &wsa_data) != ERROR_SUCCESS)\n\t\t{\n\t\t\tfprintf(stderr, \"WSAStartup failed!\\n\");\n\t\t\tExitProcess(-1);\n\t\t}\n\t\twsa_init = 1;\n\t}\n#endif\n\tstruct sockaddr_in saddr;\n\tif (0 > (sfd = socket(PF_INET, SOCK_STREAM, IPPROTO_TCP)))\n\t{\n\t\tperror(\"socket()\");\n\t\treturn -1;\n\t}\n\tif (setsockopt(sfd, SOL_SOCKET, SO_REUSEADDR, (void*)&yes, sizeof(int)) == -1)\n\t{\n\t\tperror(\"setsockopt()\");\n\t\tsocket_close(sfd);\n\t\treturn -1;\n\t}\n#ifdef SO_NOSIGPIPE\n\tif (setsockopt(sfd, SOL_SOCKET, SO_NOSIGPIPE, (void*)&yes, sizeof(int)) == -1)\n\t{\n\t\tperror(\"setsockopt()\");\n\t\tsocket_close(sfd);\n\t\treturn -1;\n\t}\n#endif\n\tmemset((void *) &saddr, 0, sizeof(saddr));\n\tsaddr.sin_family = AF_INET;\n\tsaddr.sin_addr.s_addr = htonl(INADDR_ANY);\n\tsaddr.sin_port = htons(port);\n\tif (0 > bind(sfd, (struct sockaddr *) &saddr, sizeof(saddr)))\n\t{\n\t\tperror(\"bind()\");\n\t\tsocket_close(sfd);\n\t\treturn -1;\n\t}\n\tif (listen(sfd, 1) == -1)\n\t{\n\t\tperror(\"listen()\");\n\t\tsocket_close(sfd);\n\t\treturn -1;\n\t}\n\treturn sfd;\n}\n",
        "question": "Given that the parameter or function `-1` is modified before the execution of the function `ExitProcess`, evaluate the potential impact on the outcomes of `ExitProcess`. Consider how `-1` could influence `ExitProcess`, including its role as a direct parameter, its effect on controlling conditions, or its indirect impacts through other related variables or system states.",
        "choices": {
            "A": "The change to `-1` directly alters the arguments passed to `ExitProcess`.",
            "B": "There is neither a direct nor a significant indirect relationship between the changes to `-1` and the behavior or output of `ExitProcess`, suggesting no observable impact.",
            "C": "The modification of `-1` might indirectly influence `ExitProcess` by modifying the control statement that controls the behavior of `ExitProcess`.",
            "D": "It is not possible to determine the effect without additional context."
        },
        "answer": "A",
        "distance": 1
    },
    {
        "case_id": "primevul_18",
        "code": "int socket_create(uint16_t port)\n{\n\tint sfd = -1;\n\tint yes = 1;\n#ifdef WIN32\n\tWSADATA wsa_data;\n\tif (!wsa_init)\n\t{\n\t\tif (WSAStartup(MAKEWORD(2,2), &wsa_data) != ERROR_SUCCESS)\n\t\t{\n\t\t\tfprintf(stderr, \"WSAStartup failed!\\n\");\n\t\t\tExitProcess(-1);\n\t\t}\n\t\twsa_init = 1;\n\t}\n#endif\n\tstruct sockaddr_in saddr;\n\tif (0 > (sfd = socket(PF_INET, SOCK_STREAM, IPPROTO_TCP)))\n\t{\n\t\tperror(\"socket()\");\n\t\treturn -1;\n\t}\n\tif (setsockopt(sfd, SOL_SOCKET, SO_REUSEADDR, (void*)&yes, sizeof(int)) == -1)\n\t{\n\t\tperror(\"setsockopt()\");\n\t\tsocket_close(sfd);\n\t\treturn -1;\n\t}\n#ifdef SO_NOSIGPIPE\n\tif (setsockopt(sfd, SOL_SOCKET, SO_NOSIGPIPE, (void*)&yes, sizeof(int)) == -1)\n\t{\n\t\tperror(\"setsockopt()\");\n\t\tsocket_close(sfd);\n\t\treturn -1;\n\t}\n#endif\n\tmemset((void *) &saddr, 0, sizeof(saddr));\n\tsaddr.sin_family = AF_INET;\n\tsaddr.sin_addr.s_addr = htonl(INADDR_ANY);\n\tsaddr.sin_port = htons(port);\n\tif (0 > bind(sfd, (struct sockaddr *) &saddr, sizeof(saddr)))\n\t{\n\t\tperror(\"bind()\");\n\t\tsocket_close(sfd);\n\t\treturn -1;\n\t}\n\tif (listen(sfd, 1) == -1)\n\t{\n\t\tperror(\"listen()\");\n\t\tsocket_close(sfd);\n\t\treturn -1;\n\t}\n\treturn sfd;\n}\n",
        "question": "Given that the parameter or function `port` is modified before the execution of the function `htons`, evaluate the potential impact on the outcomes of `htons`. Consider how `port` could influence `htons`, including its role as a direct parameter, its effect on controlling conditions, or its indirect impacts through other related variables or system states.",
        "choices": {
            "A": "The change to `port` directly alters the arguments passed to `htons`.",
            "B": "There is neither a direct nor a significant indirect relationship between the changes to `port` and the behavior or output of `htons`, suggesting no observable impact.",
            "C": "The modification of `port` might indirectly influence `htons` by modifying the control statement that controls the behavior of `htons`.",
            "D": "It is not possible to determine the effect without additional context."
        },
        "answer": "A",
        "distance": 1
    },
    {
        "case_id": "primevul_18",
        "code": "int socket_create(uint16_t port)\n{\n\tint sfd = -1;\n\tint yes = 1;\n#ifdef WIN32\n\tWSADATA wsa_data;\n\tif (!wsa_init)\n\t{\n\t\tif (WSAStartup(MAKEWORD(2,2), &wsa_data) != ERROR_SUCCESS)\n\t\t{\n\t\t\tfprintf(stderr, \"WSAStartup failed!\\n\");\n\t\t\tExitProcess(-1);\n\t\t}\n\t\twsa_init = 1;\n\t}\n#endif\n\tstruct sockaddr_in saddr;\n\tif (0 > (sfd = socket(PF_INET, SOCK_STREAM, IPPROTO_TCP)))\n\t{\n\t\tperror(\"socket()\");\n\t\treturn -1;\n\t}\n\tif (setsockopt(sfd, SOL_SOCKET, SO_REUSEADDR, (void*)&yes, sizeof(int)) == -1)\n\t{\n\t\tperror(\"setsockopt()\");\n\t\tsocket_close(sfd);\n\t\treturn -1;\n\t}\n#ifdef SO_NOSIGPIPE\n\tif (setsockopt(sfd, SOL_SOCKET, SO_NOSIGPIPE, (void*)&yes, sizeof(int)) == -1)\n\t{\n\t\tperror(\"setsockopt()\");\n\t\tsocket_close(sfd);\n\t\treturn -1;\n\t}\n#endif\n\tmemset((void *) &saddr, 0, sizeof(saddr));\n\tsaddr.sin_family = AF_INET;\n\tsaddr.sin_addr.s_addr = htonl(INADDR_ANY);\n\tsaddr.sin_port = htons(port);\n\tif (0 > bind(sfd, (struct sockaddr *) &saddr, sizeof(saddr)))\n\t{\n\t\tperror(\"bind()\");\n\t\tsocket_close(sfd);\n\t\treturn -1;\n\t}\n\tif (listen(sfd, 1) == -1)\n\t{\n\t\tperror(\"listen()\");\n\t\tsocket_close(sfd);\n\t\treturn -1;\n\t}\n\treturn sfd;\n}\n",
        "question": "Given that the parameter or function `stderr` is modified before the execution of the function `fprintf`, evaluate the potential impact on the outcomes of `fprintf`. Consider how `stderr` could influence `fprintf`, including its role as a direct parameter, its effect on controlling conditions, or its indirect impacts through other related variables or system states.",
        "choices": {
            "A": "The change to `stderr` directly alters the arguments passed to `fprintf`.",
            "B": "There is neither a direct nor a significant indirect relationship between the changes to `stderr` and the behavior or output of `fprintf`, suggesting no observable impact.",
            "C": "The modification of `stderr` might indirectly influence `fprintf` by modifying the control statement that controls the behavior of `fprintf`.",
            "D": "It is not possible to determine the effect without additional context."
        },
        "answer": "A",
        "distance": 1
    },
    {
        "case_id": "primevul_18",
        "code": "int socket_create(uint16_t port)\n{\n\tint sfd = -1;\n\tint yes = 1;\n#ifdef WIN32\n\tWSADATA wsa_data;\n\tif (!wsa_init)\n\t{\n\t\tif (WSAStartup(MAKEWORD(2,2), &wsa_data) != ERROR_SUCCESS)\n\t\t{\n\t\t\tfprintf(stderr, \"WSAStartup failed!\\n\");\n\t\t\tExitProcess(-1);\n\t\t}\n\t\twsa_init = 1;\n\t}\n#endif\n\tstruct sockaddr_in saddr;\n\tif (0 > (sfd = socket(PF_INET, SOCK_STREAM, IPPROTO_TCP)))\n\t{\n\t\tperror(\"socket()\");\n\t\treturn -1;\n\t}\n\tif (setsockopt(sfd, SOL_SOCKET, SO_REUSEADDR, (void*)&yes, sizeof(int)) == -1)\n\t{\n\t\tperror(\"setsockopt()\");\n\t\tsocket_close(sfd);\n\t\treturn -1;\n\t}\n#ifdef SO_NOSIGPIPE\n\tif (setsockopt(sfd, SOL_SOCKET, SO_NOSIGPIPE, (void*)&yes, sizeof(int)) == -1)\n\t{\n\t\tperror(\"setsockopt()\");\n\t\tsocket_close(sfd);\n\t\treturn -1;\n\t}\n#endif\n\tmemset((void *) &saddr, 0, sizeof(saddr));\n\tsaddr.sin_family = AF_INET;\n\tsaddr.sin_addr.s_addr = htonl(INADDR_ANY);\n\tsaddr.sin_port = htons(port);\n\tif (0 > bind(sfd, (struct sockaddr *) &saddr, sizeof(saddr)))\n\t{\n\t\tperror(\"bind()\");\n\t\tsocket_close(sfd);\n\t\treturn -1;\n\t}\n\tif (listen(sfd, 1) == -1)\n\t{\n\t\tperror(\"listen()\");\n\t\tsocket_close(sfd);\n\t\treturn -1;\n\t}\n\treturn sfd;\n}\n",
        "question": "Given that the parameter or function `ExitProcess` is modified before the execution of the function `htonl`, evaluate the potential impact on the outcomes of `htonl`. Consider how `ExitProcess` could influence `htonl`, including its role as a direct parameter, its effect on controlling conditions, or its indirect impacts through other related variables or system states.",
        "choices": {
            "A": "The change to `ExitProcess` directly alters the arguments passed to `htonl`.",
            "B": "There is neither a direct nor a significant indirect relationship between the changes to `ExitProcess` and the behavior or output of `htonl`, suggesting no observable impact.",
            "C": "The modification of `ExitProcess` might indirectly influence `htonl` by modifying the control statement that controls the behavior of `htonl`.",
            "D": "It is not possible to determine the effect without additional context."
        },
        "answer": "B",
        "distance": 0
    },
    {
        "case_id": "primevul_18",
        "code": "int socket_create(uint16_t port)\n{\n\tint sfd = -1;\n\tint yes = 1;\n#ifdef WIN32\n\tWSADATA wsa_data;\n\tif (!wsa_init)\n\t{\n\t\tif (WSAStartup(MAKEWORD(2,2), &wsa_data) != ERROR_SUCCESS)\n\t\t{\n\t\t\tfprintf(stderr, \"WSAStartup failed!\\n\");\n\t\t\tExitProcess(-1);\n\t\t}\n\t\twsa_init = 1;\n\t}\n#endif\n\tstruct sockaddr_in saddr;\n\tif (0 > (sfd = socket(PF_INET, SOCK_STREAM, IPPROTO_TCP)))\n\t{\n\t\tperror(\"socket()\");\n\t\treturn -1;\n\t}\n\tif (setsockopt(sfd, SOL_SOCKET, SO_REUSEADDR, (void*)&yes, sizeof(int)) == -1)\n\t{\n\t\tperror(\"setsockopt()\");\n\t\tsocket_close(sfd);\n\t\treturn -1;\n\t}\n#ifdef SO_NOSIGPIPE\n\tif (setsockopt(sfd, SOL_SOCKET, SO_NOSIGPIPE, (void*)&yes, sizeof(int)) == -1)\n\t{\n\t\tperror(\"setsockopt()\");\n\t\tsocket_close(sfd);\n\t\treturn -1;\n\t}\n#endif\n\tmemset((void *) &saddr, 0, sizeof(saddr));\n\tsaddr.sin_family = AF_INET;\n\tsaddr.sin_addr.s_addr = htonl(INADDR_ANY);\n\tsaddr.sin_port = htons(port);\n\tif (0 > bind(sfd, (struct sockaddr *) &saddr, sizeof(saddr)))\n\t{\n\t\tperror(\"bind()\");\n\t\tsocket_close(sfd);\n\t\treturn -1;\n\t}\n\tif (listen(sfd, 1) == -1)\n\t{\n\t\tperror(\"listen()\");\n\t\tsocket_close(sfd);\n\t\treturn -1;\n\t}\n\treturn sfd;\n}\n",
        "question": "Given that the parameter or function `htons` is modified before the execution of the function `htonl`, evaluate the potential impact on the outcomes of `htonl`. Consider how `htons` could influence `htonl`, including its role as a direct parameter, its effect on controlling conditions, or its indirect impacts through other related variables or system states.",
        "choices": {
            "A": "The change to `htons` directly alters the arguments passed to `htonl`.",
            "B": "There is neither a direct nor a significant indirect relationship between the changes to `htons` and the behavior or output of `htonl`, suggesting no observable impact.",
            "C": "The modification of `htons` might indirectly influence `htonl` by modifying the control statement that controls the behavior of `htonl`.",
            "D": "It is not possible to determine the effect without additional context."
        },
        "answer": "B",
        "distance": 0
    },
    {
        "case_id": "primevul_18",
        "code": "int socket_create(uint16_t port)\n{\n\tint sfd = -1;\n\tint yes = 1;\n#ifdef WIN32\n\tWSADATA wsa_data;\n\tif (!wsa_init)\n\t{\n\t\tif (WSAStartup(MAKEWORD(2,2), &wsa_data) != ERROR_SUCCESS)\n\t\t{\n\t\t\tfprintf(stderr, \"WSAStartup failed!\\n\");\n\t\t\tExitProcess(-1);\n\t\t}\n\t\twsa_init = 1;\n\t}\n#endif\n\tstruct sockaddr_in saddr;\n\tif (0 > (sfd = socket(PF_INET, SOCK_STREAM, IPPROTO_TCP)))\n\t{\n\t\tperror(\"socket()\");\n\t\treturn -1;\n\t}\n\tif (setsockopt(sfd, SOL_SOCKET, SO_REUSEADDR, (void*)&yes, sizeof(int)) == -1)\n\t{\n\t\tperror(\"setsockopt()\");\n\t\tsocket_close(sfd);\n\t\treturn -1;\n\t}\n#ifdef SO_NOSIGPIPE\n\tif (setsockopt(sfd, SOL_SOCKET, SO_NOSIGPIPE, (void*)&yes, sizeof(int)) == -1)\n\t{\n\t\tperror(\"setsockopt()\");\n\t\tsocket_close(sfd);\n\t\treturn -1;\n\t}\n#endif\n\tmemset((void *) &saddr, 0, sizeof(saddr));\n\tsaddr.sin_family = AF_INET;\n\tsaddr.sin_addr.s_addr = htonl(INADDR_ANY);\n\tsaddr.sin_port = htons(port);\n\tif (0 > bind(sfd, (struct sockaddr *) &saddr, sizeof(saddr)))\n\t{\n\t\tperror(\"bind()\");\n\t\tsocket_close(sfd);\n\t\treturn -1;\n\t}\n\tif (listen(sfd, 1) == -1)\n\t{\n\t\tperror(\"listen()\");\n\t\tsocket_close(sfd);\n\t\treturn -1;\n\t}\n\treturn sfd;\n}\n",
        "question": "Given that the parameter or function `fprintf` is modified before the execution of the function `htonl`, evaluate the potential impact on the outcomes of `htonl`. Consider how `fprintf` could influence `htonl`, including its role as a direct parameter, its effect on controlling conditions, or its indirect impacts through other related variables or system states.",
        "choices": {
            "A": "The change to `fprintf` directly alters the arguments passed to `htonl`.",
            "B": "There is neither a direct nor a significant indirect relationship between the changes to `fprintf` and the behavior or output of `htonl`, suggesting no observable impact.",
            "C": "The modification of `fprintf` might indirectly influence `htonl` by modifying the control statement that controls the behavior of `htonl`.",
            "D": "It is not possible to determine the effect without additional context."
        },
        "answer": "B",
        "distance": 0
    },
    {
        "case_id": "primevul_18",
        "code": "int socket_create(uint16_t port)\n{\n\tint sfd = -1;\n\tint yes = 1;\n#ifdef WIN32\n\tWSADATA wsa_data;\n\tif (!wsa_init)\n\t{\n\t\tif (WSAStartup(MAKEWORD(2,2), &wsa_data) != ERROR_SUCCESS)\n\t\t{\n\t\t\tfprintf(stderr, \"WSAStartup failed!\\n\");\n\t\t\tExitProcess(-1);\n\t\t}\n\t\twsa_init = 1;\n\t}\n#endif\n\tstruct sockaddr_in saddr;\n\tif (0 > (sfd = socket(PF_INET, SOCK_STREAM, IPPROTO_TCP)))\n\t{\n\t\tperror(\"socket()\");\n\t\treturn -1;\n\t}\n\tif (setsockopt(sfd, SOL_SOCKET, SO_REUSEADDR, (void*)&yes, sizeof(int)) == -1)\n\t{\n\t\tperror(\"setsockopt()\");\n\t\tsocket_close(sfd);\n\t\treturn -1;\n\t}\n#ifdef SO_NOSIGPIPE\n\tif (setsockopt(sfd, SOL_SOCKET, SO_NOSIGPIPE, (void*)&yes, sizeof(int)) == -1)\n\t{\n\t\tperror(\"setsockopt()\");\n\t\tsocket_close(sfd);\n\t\treturn -1;\n\t}\n#endif\n\tmemset((void *) &saddr, 0, sizeof(saddr));\n\tsaddr.sin_family = AF_INET;\n\tsaddr.sin_addr.s_addr = htonl(INADDR_ANY);\n\tsaddr.sin_port = htons(port);\n\tif (0 > bind(sfd, (struct sockaddr *) &saddr, sizeof(saddr)))\n\t{\n\t\tperror(\"bind()\");\n\t\tsocket_close(sfd);\n\t\treturn -1;\n\t}\n\tif (listen(sfd, 1) == -1)\n\t{\n\t\tperror(\"listen()\");\n\t\tsocket_close(sfd);\n\t\treturn -1;\n\t}\n\treturn sfd;\n}\n",
        "question": "Given that the parameter or function `memset` is modified before the execution of the function `htonl`, evaluate the potential impact on the outcomes of `htonl`. Consider how `memset` could influence `htonl`, including its role as a direct parameter, its effect on controlling conditions, or its indirect impacts through other related variables or system states.",
        "choices": {
            "A": "The change to `memset` directly alters the arguments passed to `htonl`.",
            "B": "There is neither a direct nor a significant indirect relationship between the changes to `memset` and the behavior or output of `htonl`, suggesting no observable impact.",
            "C": "The modification of `memset` might indirectly influence `htonl` by modifying the control statement that controls the behavior of `htonl`.",
            "D": "It is not possible to determine the effect without additional context."
        },
        "answer": "B",
        "distance": 0
    }
]