[
    {
        "case_id": "primevul_61",
        "code": "void CWebServer::GetFloorplanImage(WebEmSession & session, const request& req, reply & rep)\n{\n    std::string idx = request::findValue(&req, \"idx\");\n    if (idx == \"\")\n    {\n        return;\n    }\n    std::vector<std::vector<std::string> > result;\n    result = m_sql.safe_queryBlob(\"SELECT Image FROM Floorplans WHERE ID=%s\", idx.c_str());\n    if (result.empty())\n    {\n        return;\n    }\n    reply::set_content(&rep, result[0][0].begin(), result[0][0].end());\n    std::string oname = \"floorplan\";\n    if (result[0][0].size() > 10)\n    {\n        if (result[0][0][0] == 'P')\n        {\n            oname += \".png\";\n        }\n        else if (result[0][0][0] == -1)\n        {\n            oname += \".jpg\";\n        }\n        else if (result[0][0][0] == 'B')\n        {\n            oname += \".bmp\";\n        }\n        else if (result[0][0][0] == 'G')\n        {\n            oname += \".gif\";\n        }\n    }\n    reply::add_header_attachment(&rep, oname);\n}\n",
        "question": "Given that the parameter or function `request` is modified before the execution of the function `safe_queryBlob`, evaluate the potential impact on the outcomes of `safe_queryBlob`. Consider how `request` could influence `safe_queryBlob`, including its role as a direct parameter, its effect on controlling conditions, or its indirect impacts through other related variables or system states.",
        "choices": {
            "A": "The change to `request` directly alters the arguments passed to `safe_queryBlob`.",
            "B": "There is neither a direct nor a significant indirect relationship between the changes to `request` and the behavior or output of `safe_queryBlob`, suggesting no observable impact.",
            "C": "The modification of `request` might indirectly influence `safe_queryBlob` by modifying the control statement that controls the behavior of `safe_queryBlob`.",
            "D": "It is not possible to determine the effect without additional context."
        },
        "answer": "A",
        "distance": 2
    },
    {
        "case_id": "primevul_61",
        "code": "void CWebServer::GetFloorplanImage(WebEmSession & session, const request& req, reply & rep)\n{\n    std::string idx = request::findValue(&req, \"idx\");\n    if (idx == \"\")\n    {\n        return;\n    }\n    std::vector<std::vector<std::string> > result;\n    result = m_sql.safe_queryBlob(\"SELECT Image FROM Floorplans WHERE ID=%s\", idx.c_str());\n    if (result.empty())\n    {\n        return;\n    }\n    reply::set_content(&rep, result[0][0].begin(), result[0][0].end());\n    std::string oname = \"floorplan\";\n    if (result[0][0].size() > 10)\n    {\n        if (result[0][0][0] == 'P')\n        {\n            oname += \".png\";\n        }\n        else if (result[0][0][0] == -1)\n        {\n            oname += \".jpg\";\n        }\n        else if (result[0][0][0] == 'B')\n        {\n            oname += \".bmp\";\n        }\n        else if (result[0][0][0] == 'G')\n        {\n            oname += \".gif\";\n        }\n    }\n    reply::add_header_attachment(&rep, oname);\n}\n",
        "question": "Given that the parameter or function `request` is modified before the execution of the function `c_str`, evaluate the potential impact on the outcomes of `c_str`. Consider how `request` could influence `c_str`, including its role as a direct parameter, its effect on controlling conditions, or its indirect impacts through other related variables or system states.",
        "choices": {
            "A": "The change to `request` directly alters the arguments passed to `c_str`.",
            "B": "There is neither a direct nor a significant indirect relationship between the changes to `request` and the behavior or output of `c_str`, suggesting no observable impact.",
            "C": "The modification of `request` might indirectly influence `c_str` by modifying the control statement that controls the behavior of `c_str`.",
            "D": "It is not possible to determine the effect without additional context."
        },
        "answer": "A",
        "distance": 2
    },
    {
        "case_id": "primevul_61",
        "code": "void CWebServer::GetFloorplanImage(WebEmSession & session, const request& req, reply & rep)\n{\n    std::string idx = request::findValue(&req, \"idx\");\n    if (idx == \"\")\n    {\n        return;\n    }\n    std::vector<std::vector<std::string> > result;\n    result = m_sql.safe_queryBlob(\"SELECT Image FROM Floorplans WHERE ID=%s\", idx.c_str());\n    if (result.empty())\n    {\n        return;\n    }\n    reply::set_content(&rep, result[0][0].begin(), result[0][0].end());\n    std::string oname = \"floorplan\";\n    if (result[0][0].size() > 10)\n    {\n        if (result[0][0][0] == 'P')\n        {\n            oname += \".png\";\n        }\n        else if (result[0][0][0] == -1)\n        {\n            oname += \".jpg\";\n        }\n        else if (result[0][0][0] == 'B')\n        {\n            oname += \".bmp\";\n        }\n        else if (result[0][0][0] == 'G')\n        {\n            oname += \".gif\";\n        }\n    }\n    reply::add_header_attachment(&rep, oname);\n}\n",
        "question": "Given that the parameter or function `end` is modified before the execution of the function `add_header_attachment`, evaluate the potential impact on the outcomes of `add_header_attachment`. Consider how `end` could influence `add_header_attachment`, including its role as a direct parameter, its effect on controlling conditions, or its indirect impacts through other related variables or system states.",
        "choices": {
            "A": "The change to `end` directly alters the arguments passed to `add_header_attachment`.",
            "B": "There is neither a direct nor a significant indirect relationship between the changes to `end` and the behavior or output of `add_header_attachment`, suggesting no observable impact.",
            "C": "The modification of `end` might indirectly influence `add_header_attachment` by modifying the control statement that controls the behavior of `add_header_attachment`.",
            "D": "It is not possible to determine the effect without additional context."
        },
        "answer": "A",
        "distance": 2
    },
    {
        "case_id": "primevul_61",
        "code": "void CWebServer::GetFloorplanImage(WebEmSession & session, const request& req, reply & rep)\n{\n    std::string idx = request::findValue(&req, \"idx\");\n    if (idx == \"\")\n    {\n        return;\n    }\n    std::vector<std::vector<std::string> > result;\n    result = m_sql.safe_queryBlob(\"SELECT Image FROM Floorplans WHERE ID=%s\", idx.c_str());\n    if (result.empty())\n    {\n        return;\n    }\n    reply::set_content(&rep, result[0][0].begin(), result[0][0].end());\n    std::string oname = \"floorplan\";\n    if (result[0][0].size() > 10)\n    {\n        if (result[0][0][0] == 'P')\n        {\n            oname += \".png\";\n        }\n        else if (result[0][0][0] == -1)\n        {\n            oname += \".jpg\";\n        }\n        else if (result[0][0][0] == 'B')\n        {\n            oname += \".bmp\";\n        }\n        else if (result[0][0][0] == 'G')\n        {\n            oname += \".gif\";\n        }\n    }\n    reply::add_header_attachment(&rep, oname);\n}\n",
        "question": "Given that the parameter or function `begin` is modified before the execution of the function `add_header_attachment`, evaluate the potential impact on the outcomes of `add_header_attachment`. Consider how `begin` could influence `add_header_attachment`, including its role as a direct parameter, its effect on controlling conditions, or its indirect impacts through other related variables or system states.",
        "choices": {
            "A": "The change to `begin` directly alters the arguments passed to `add_header_attachment`.",
            "B": "There is neither a direct nor a significant indirect relationship between the changes to `begin` and the behavior or output of `add_header_attachment`, suggesting no observable impact.",
            "C": "The modification of `begin` might indirectly influence `add_header_attachment` by modifying the control statement that controls the behavior of `add_header_attachment`.",
            "D": "It is not possible to determine the effect without additional context."
        },
        "answer": "A",
        "distance": 2
    },
    {
        "case_id": "primevul_61",
        "code": "void CWebServer::GetFloorplanImage(WebEmSession & session, const request& req, reply & rep)\n{\n    std::string idx = request::findValue(&req, \"idx\");\n    if (idx == \"\")\n    {\n        return;\n    }\n    std::vector<std::vector<std::string> > result;\n    result = m_sql.safe_queryBlob(\"SELECT Image FROM Floorplans WHERE ID=%s\", idx.c_str());\n    if (result.empty())\n    {\n        return;\n    }\n    reply::set_content(&rep, result[0][0].begin(), result[0][0].end());\n    std::string oname = \"floorplan\";\n    if (result[0][0].size() > 10)\n    {\n        if (result[0][0][0] == 'P')\n        {\n            oname += \".png\";\n        }\n        else if (result[0][0][0] == -1)\n        {\n            oname += \".jpg\";\n        }\n        else if (result[0][0][0] == 'B')\n        {\n            oname += \".bmp\";\n        }\n        else if (result[0][0][0] == 'G')\n        {\n            oname += \".gif\";\n        }\n    }\n    reply::add_header_attachment(&rep, oname);\n}\n",
        "question": "Given that the parameter or function `end` is modified before the execution of the function `safe_queryBlob`, evaluate the potential impact on the outcomes of `safe_queryBlob`. Consider how `end` could influence `safe_queryBlob`, including its role as a direct parameter, its effect on controlling conditions, or its indirect impacts through other related variables or system states.",
        "choices": {
            "A": "The change to `end` directly alters the arguments passed to `safe_queryBlob`.",
            "B": "There is neither a direct nor a significant indirect relationship between the changes to `end` and the behavior or output of `safe_queryBlob`, suggesting no observable impact.",
            "C": "The modification of `end` might indirectly influence `safe_queryBlob` by modifying the control statement that controls the behavior of `safe_queryBlob`.",
            "D": "It is not possible to determine the effect without additional context."
        },
        "answer": "B",
        "distance": 0
    },
    {
        "case_id": "primevul_61",
        "code": "void CWebServer::GetFloorplanImage(WebEmSession & session, const request& req, reply & rep)\n{\n    std::string idx = request::findValue(&req, \"idx\");\n    if (idx == \"\")\n    {\n        return;\n    }\n    std::vector<std::vector<std::string> > result;\n    result = m_sql.safe_queryBlob(\"SELECT Image FROM Floorplans WHERE ID=%s\", idx.c_str());\n    if (result.empty())\n    {\n        return;\n    }\n    reply::set_content(&rep, result[0][0].begin(), result[0][0].end());\n    std::string oname = \"floorplan\";\n    if (result[0][0].size() > 10)\n    {\n        if (result[0][0][0] == 'P')\n        {\n            oname += \".png\";\n        }\n        else if (result[0][0][0] == -1)\n        {\n            oname += \".jpg\";\n        }\n        else if (result[0][0][0] == 'B')\n        {\n            oname += \".bmp\";\n        }\n        else if (result[0][0][0] == 'G')\n        {\n            oname += \".gif\";\n        }\n    }\n    reply::add_header_attachment(&rep, oname);\n}\n",
        "question": "Given that the parameter or function `begin` is modified before the execution of the function `safe_queryBlob`, evaluate the potential impact on the outcomes of `safe_queryBlob`. Consider how `begin` could influence `safe_queryBlob`, including its role as a direct parameter, its effect on controlling conditions, or its indirect impacts through other related variables or system states.",
        "choices": {
            "A": "The change to `begin` directly alters the arguments passed to `safe_queryBlob`.",
            "B": "There is neither a direct nor a significant indirect relationship between the changes to `begin` and the behavior or output of `safe_queryBlob`, suggesting no observable impact.",
            "C": "The modification of `begin` might indirectly influence `safe_queryBlob` by modifying the control statement that controls the behavior of `safe_queryBlob`.",
            "D": "It is not possible to determine the effect without additional context."
        },
        "answer": "B",
        "distance": 0
    },
    {
        "case_id": "primevul_61",
        "code": "void CWebServer::GetFloorplanImage(WebEmSession & session, const request& req, reply & rep)\n{\n    std::string idx = request::findValue(&req, \"idx\");\n    if (idx == \"\")\n    {\n        return;\n    }\n    std::vector<std::vector<std::string> > result;\n    result = m_sql.safe_queryBlob(\"SELECT Image FROM Floorplans WHERE ID=%s\", idx.c_str());\n    if (result.empty())\n    {\n        return;\n    }\n    reply::set_content(&rep, result[0][0].begin(), result[0][0].end());\n    std::string oname = \"floorplan\";\n    if (result[0][0].size() > 10)\n    {\n        if (result[0][0][0] == 'P')\n        {\n            oname += \".png\";\n        }\n        else if (result[0][0][0] == -1)\n        {\n            oname += \".jpg\";\n        }\n        else if (result[0][0][0] == 'B')\n        {\n            oname += \".bmp\";\n        }\n        else if (result[0][0][0] == 'G')\n        {\n            oname += \".gif\";\n        }\n    }\n    reply::add_header_attachment(&rep, oname);\n}\n",
        "question": "Given that the parameter or function `findValue` is modified before the execution of the function `safe_queryBlob`, evaluate the potential impact on the outcomes of `safe_queryBlob`. Consider how `findValue` could influence `safe_queryBlob`, including its role as a direct parameter, its effect on controlling conditions, or its indirect impacts through other related variables or system states.",
        "choices": {
            "A": "The change to `findValue` directly alters the arguments passed to `safe_queryBlob`.",
            "B": "There is neither a direct nor a significant indirect relationship between the changes to `findValue` and the behavior or output of `safe_queryBlob`, suggesting no observable impact.",
            "C": "The modification of `findValue` might indirectly influence `safe_queryBlob` by modifying the control statement that controls the behavior of `safe_queryBlob`.",
            "D": "It is not possible to determine the effect without additional context."
        },
        "answer": "B",
        "distance": 0
    },
    {
        "case_id": "primevul_61",
        "code": "void CWebServer::GetFloorplanImage(WebEmSession & session, const request& req, reply & rep)\n{\n    std::string idx = request::findValue(&req, \"idx\");\n    if (idx == \"\")\n    {\n        return;\n    }\n    std::vector<std::vector<std::string> > result;\n    result = m_sql.safe_queryBlob(\"SELECT Image FROM Floorplans WHERE ID=%s\", idx.c_str());\n    if (result.empty())\n    {\n        return;\n    }\n    reply::set_content(&rep, result[0][0].begin(), result[0][0].end());\n    std::string oname = \"floorplan\";\n    if (result[0][0].size() > 10)\n    {\n        if (result[0][0][0] == 'P')\n        {\n            oname += \".png\";\n        }\n        else if (result[0][0][0] == -1)\n        {\n            oname += \".jpg\";\n        }\n        else if (result[0][0][0] == 'B')\n        {\n            oname += \".bmp\";\n        }\n        else if (result[0][0][0] == 'G')\n        {\n            oname += \".gif\";\n        }\n    }\n    reply::add_header_attachment(&rep, oname);\n}\n",
        "question": "Given that the parameter or function `add_header_attachment` is modified before the execution of the function `safe_queryBlob`, evaluate the potential impact on the outcomes of `safe_queryBlob`. Consider how `add_header_attachment` could influence `safe_queryBlob`, including its role as a direct parameter, its effect on controlling conditions, or its indirect impacts through other related variables or system states.",
        "choices": {
            "A": "The change to `add_header_attachment` directly alters the arguments passed to `safe_queryBlob`.",
            "B": "There is neither a direct nor a significant indirect relationship between the changes to `add_header_attachment` and the behavior or output of `safe_queryBlob`, suggesting no observable impact.",
            "C": "The modification of `add_header_attachment` might indirectly influence `safe_queryBlob` by modifying the control statement that controls the behavior of `safe_queryBlob`.",
            "D": "It is not possible to determine the effect without additional context."
        },
        "answer": "B",
        "distance": 0
    }
]