[
    {
        "case_id": "primevul_59",
        "code": "int dns_read_name(unsigned char *buffer, unsigned char *bufend, unsigned char *name, char *destination, int dest_len, int *offset)\n{\n    int nb_bytes = 0, n = 0;\n    int label_len;\n    unsigned char *reader = name;\n    char *dest = destination;\n    while (1)\n    {\n        if ((*reader & 0xc0) == 0xc0)\n        {\n            if ((buffer + reader[1]) > reader)\n                goto err;\n            n = dns_read_name(buffer, bufend, buffer + reader[1], dest, dest_len - nb_bytes, offset);\n            if (n == 0)\n                goto err;\n        }\n        label_len = *reader;\n        if (label_len == 0)\n            goto out;\n        if ((reader + label_len >= bufend) || (nb_bytes + label_len >= dest_len))\n            goto err;\n        label_len++;\n        memcpy(dest, reader, label_len);\n        dest     += label_len;\n        nb_bytes += label_len;\n        reader   += label_len;\n    }\n    out:\n    reader  = name;\n    *offset = 0;\n    while (reader < bufend)\n    {\n        if ((reader[0] & 0xc0) == 0xc0)\n        {\n            *offset += 2;\n            break;\n        }\n        else if (*reader == 0)\n        {\n            *offset += 1;\n            break;\n        }\n        *offset += 1;\n        ++reader;\n    }\n    return nb_bytes;\n    err:\n    return 0;\n}\n",
        "question": "Given that the parameter or function `name` is modified before the execution of the function `memcpy`, evaluate the potential impact on the outcomes of `memcpy`. Consider how `name` could influence `memcpy`, including its role as a direct parameter, its effect on controlling conditions, or its indirect impacts through other related variables or system states.",
        "choices": {
            "A": "The change to `name` directly alters the arguments passed to `memcpy`.",
            "B": "There is neither a direct nor a significant indirect relationship between the changes to `name` and the behavior or output of `memcpy`, suggesting no observable impact.",
            "C": "The modification of `name` might indirectly influence `memcpy` by modifying the control statement that controls the behavior of `memcpy`.",
            "D": "It is not possible to determine the effect without additional context."
        },
        "answer": "A",
        "distance": 3
    },
    {
        "case_id": "primevul_59",
        "code": "int dns_read_name(unsigned char *buffer, unsigned char *bufend, unsigned char *name, char *destination, int dest_len, int *offset)\n{\n    int nb_bytes = 0, n = 0;\n    int label_len;\n    unsigned char *reader = name;\n    char *dest = destination;\n    while (1)\n    {\n        if ((*reader & 0xc0) == 0xc0)\n        {\n            if ((buffer + reader[1]) > reader)\n                goto err;\n            n = dns_read_name(buffer, bufend, buffer + reader[1], dest, dest_len - nb_bytes, offset);\n            if (n == 0)\n                goto err;\n        }\n        label_len = *reader;\n        if (label_len == 0)\n            goto out;\n        if ((reader + label_len >= bufend) || (nb_bytes + label_len >= dest_len))\n            goto err;\n        label_len++;\n        memcpy(dest, reader, label_len);\n        dest     += label_len;\n        nb_bytes += label_len;\n        reader   += label_len;\n    }\n    out:\n    reader  = name;\n    *offset = 0;\n    while (reader < bufend)\n    {\n        if ((reader[0] & 0xc0) == 0xc0)\n        {\n            *offset += 2;\n            break;\n        }\n        else if (*reader == 0)\n        {\n            *offset += 1;\n            break;\n        }\n        *offset += 1;\n        ++reader;\n    }\n    return nb_bytes;\n    err:\n    return 0;\n}\n",
        "question": "Given that the parameter or function `label_len` is modified before the execution of the function `memcpy`, evaluate the potential impact on the outcomes of `memcpy`. Consider how `label_len` could influence `memcpy`, including its role as a direct parameter, its effect on controlling conditions, or its indirect impacts through other related variables or system states.",
        "choices": {
            "A": "The change to `label_len` directly alters the arguments passed to `memcpy`.",
            "B": "There is neither a direct nor a significant indirect relationship between the changes to `label_len` and the behavior or output of `memcpy`, suggesting no observable impact.",
            "C": "The modification of `label_len` might indirectly influence `memcpy` by modifying the control statement that controls the behavior of `memcpy`.",
            "D": "It is not possible to determine the effect without additional context."
        },
        "answer": "A",
        "distance": 1
    },
    {
        "case_id": "primevul_59",
        "code": "int dns_read_name(unsigned char *buffer, unsigned char *bufend, unsigned char *name, char *destination, int dest_len, int *offset)\n{\n    int nb_bytes = 0, n = 0;\n    int label_len;\n    unsigned char *reader = name;\n    char *dest = destination;\n    while (1)\n    {\n        if ((*reader & 0xc0) == 0xc0)\n        {\n            if ((buffer + reader[1]) > reader)\n                goto err;\n            n = dns_read_name(buffer, bufend, buffer + reader[1], dest, dest_len - nb_bytes, offset);\n            if (n == 0)\n                goto err;\n        }\n        label_len = *reader;\n        if (label_len == 0)\n            goto out;\n        if ((reader + label_len >= bufend) || (nb_bytes + label_len >= dest_len))\n            goto err;\n        label_len++;\n        memcpy(dest, reader, label_len);\n        dest     += label_len;\n        nb_bytes += label_len;\n        reader   += label_len;\n    }\n    out:\n    reader  = name;\n    *offset = 0;\n    while (reader < bufend)\n    {\n        if ((reader[0] & 0xc0) == 0xc0)\n        {\n            *offset += 2;\n            break;\n        }\n        else if (*reader == 0)\n        {\n            *offset += 1;\n            break;\n        }\n        *offset += 1;\n        ++reader;\n    }\n    return nb_bytes;\n    err:\n    return 0;\n}\n",
        "question": "Given that the parameter or function `dest` is modified before the execution of the function `memcpy`, evaluate the potential impact on the outcomes of `memcpy`. Consider how `dest` could influence `memcpy`, including its role as a direct parameter, its effect on controlling conditions, or its indirect impacts through other related variables or system states.",
        "choices": {
            "A": "The change to `dest` directly alters the arguments passed to `memcpy`.",
            "B": "There is neither a direct nor a significant indirect relationship between the changes to `dest` and the behavior or output of `memcpy`, suggesting no observable impact.",
            "C": "The modification of `dest` might indirectly influence `memcpy` by modifying the control statement that controls the behavior of `memcpy`.",
            "D": "It is not possible to determine the effect without additional context."
        },
        "answer": "A",
        "distance": 1
    },
    {
        "case_id": "primevul_59",
        "code": "int dns_read_name(unsigned char *buffer, unsigned char *bufend, unsigned char *name, char *destination, int dest_len, int *offset)\n{\n    int nb_bytes = 0, n = 0;\n    int label_len;\n    unsigned char *reader = name;\n    char *dest = destination;\n    while (1)\n    {\n        if ((*reader & 0xc0) == 0xc0)\n        {\n            if ((buffer + reader[1]) > reader)\n                goto err;\n            n = dns_read_name(buffer, bufend, buffer + reader[1], dest, dest_len - nb_bytes, offset);\n            if (n == 0)\n                goto err;\n        }\n        label_len = *reader;\n        if (label_len == 0)\n            goto out;\n        if ((reader + label_len >= bufend) || (nb_bytes + label_len >= dest_len))\n            goto err;\n        label_len++;\n        memcpy(dest, reader, label_len);\n        dest     += label_len;\n        nb_bytes += label_len;\n        reader   += label_len;\n    }\n    out:\n    reader  = name;\n    *offset = 0;\n    while (reader < bufend)\n    {\n        if ((reader[0] & 0xc0) == 0xc0)\n        {\n            *offset += 2;\n            break;\n        }\n        else if (*reader == 0)\n        {\n            *offset += 1;\n            break;\n        }\n        *offset += 1;\n        ++reader;\n    }\n    return nb_bytes;\n    err:\n    return 0;\n}\n",
        "question": "Given that the parameter or function `destination` is modified before the execution of the function `memcpy`, evaluate the potential impact on the outcomes of `memcpy`. Consider how `destination` could influence `memcpy`, including its role as a direct parameter, its effect on controlling conditions, or its indirect impacts through other related variables or system states.",
        "choices": {
            "A": "The change to `destination` directly alters the arguments passed to `memcpy`.",
            "B": "There is neither a direct nor a significant indirect relationship between the changes to `destination` and the behavior or output of `memcpy`, suggesting no observable impact.",
            "C": "The modification of `destination` might indirectly influence `memcpy` by modifying the control statement that controls the behavior of `memcpy`.",
            "D": "It is not possible to determine the effect without additional context."
        },
        "answer": "A",
        "distance": 1
    },
    {
        "case_id": "primevul_59",
        "code": "int dns_read_name(unsigned char *buffer, unsigned char *bufend, unsigned char *name, char *destination, int dest_len, int *offset)\n{\n    int nb_bytes = 0, n = 0;\n    int label_len;\n    unsigned char *reader = name;\n    char *dest = destination;\n    while (1)\n    {\n        if ((*reader & 0xc0) == 0xc0)\n        {\n            if ((buffer + reader[1]) > reader)\n                goto err;\n            n = dns_read_name(buffer, bufend, buffer + reader[1], dest, dest_len - nb_bytes, offset);\n            if (n == 0)\n                goto err;\n        }\n        label_len = *reader;\n        if (label_len == 0)\n            goto out;\n        if ((reader + label_len >= bufend) || (nb_bytes + label_len >= dest_len))\n            goto err;\n        label_len++;\n        memcpy(dest, reader, label_len);\n        dest     += label_len;\n        nb_bytes += label_len;\n        reader   += label_len;\n    }\n    out:\n    reader  = name;\n    *offset = 0;\n    while (reader < bufend)\n    {\n        if ((reader[0] & 0xc0) == 0xc0)\n        {\n            *offset += 2;\n            break;\n        }\n        else if (*reader == 0)\n        {\n            *offset += 1;\n            break;\n        }\n        *offset += 1;\n        ++reader;\n    }\n    return nb_bytes;\n    err:\n    return 0;\n}\n",
        "question": "Given that the parameter or function `buffer` is modified before the execution of the function `memcpy`, evaluate the potential impact on the outcomes of `memcpy`. Consider how `buffer` could influence `memcpy`, including its role as a direct parameter, its effect on controlling conditions, or its indirect impacts through other related variables or system states.",
        "choices": {
            "A": "The change to `buffer` directly alters the arguments passed to `memcpy`.",
            "B": "There is neither a direct nor a significant indirect relationship between the changes to `buffer` and the behavior or output of `memcpy`, suggesting no observable impact.",
            "C": "The modification of `buffer` might indirectly influence `memcpy` by modifying the control statement that controls the behavior of `memcpy`.",
            "D": "It is not possible to determine the effect without additional context."
        },
        "answer": "B",
        "distance": 0
    },
    {
        "case_id": "primevul_59",
        "code": "int dns_read_name(unsigned char *buffer, unsigned char *bufend, unsigned char *name, char *destination, int dest_len, int *offset)\n{\n    int nb_bytes = 0, n = 0;\n    int label_len;\n    unsigned char *reader = name;\n    char *dest = destination;\n    while (1)\n    {\n        if ((*reader & 0xc0) == 0xc0)\n        {\n            if ((buffer + reader[1]) > reader)\n                goto err;\n            n = dns_read_name(buffer, bufend, buffer + reader[1], dest, dest_len - nb_bytes, offset);\n            if (n == 0)\n                goto err;\n        }\n        label_len = *reader;\n        if (label_len == 0)\n            goto out;\n        if ((reader + label_len >= bufend) || (nb_bytes + label_len >= dest_len))\n            goto err;\n        label_len++;\n        memcpy(dest, reader, label_len);\n        dest     += label_len;\n        nb_bytes += label_len;\n        reader   += label_len;\n    }\n    out:\n    reader  = name;\n    *offset = 0;\n    while (reader < bufend)\n    {\n        if ((reader[0] & 0xc0) == 0xc0)\n        {\n            *offset += 2;\n            break;\n        }\n        else if (*reader == 0)\n        {\n            *offset += 1;\n            break;\n        }\n        *offset += 1;\n        ++reader;\n    }\n    return nb_bytes;\n    err:\n    return 0;\n}\n",
        "question": "Given that the parameter or function `dest_len - nb_bytes` is modified before the execution of the function `memcpy`, evaluate the potential impact on the outcomes of `memcpy`. Consider how `dest_len - nb_bytes` could influence `memcpy`, including its role as a direct parameter, its effect on controlling conditions, or its indirect impacts through other related variables or system states.",
        "choices": {
            "A": "The change to `dest_len - nb_bytes` directly alters the arguments passed to `memcpy`.",
            "B": "There is neither a direct nor a significant indirect relationship between the changes to `dest_len - nb_bytes` and the behavior or output of `memcpy`, suggesting no observable impact.",
            "C": "The modification of `dest_len - nb_bytes` might indirectly influence `memcpy` by modifying the control statement that controls the behavior of `memcpy`.",
            "D": "It is not possible to determine the effect without additional context."
        },
        "answer": "B",
        "distance": 0
    },
    {
        "case_id": "primevul_59",
        "code": "int dns_read_name(unsigned char *buffer, unsigned char *bufend, unsigned char *name, char *destination, int dest_len, int *offset)\n{\n    int nb_bytes = 0, n = 0;\n    int label_len;\n    unsigned char *reader = name;\n    char *dest = destination;\n    while (1)\n    {\n        if ((*reader & 0xc0) == 0xc0)\n        {\n            if ((buffer + reader[1]) > reader)\n                goto err;\n            n = dns_read_name(buffer, bufend, buffer + reader[1], dest, dest_len - nb_bytes, offset);\n            if (n == 0)\n                goto err;\n        }\n        label_len = *reader;\n        if (label_len == 0)\n            goto out;\n        if ((reader + label_len >= bufend) || (nb_bytes + label_len >= dest_len))\n            goto err;\n        label_len++;\n        memcpy(dest, reader, label_len);\n        dest     += label_len;\n        nb_bytes += label_len;\n        reader   += label_len;\n    }\n    out:\n    reader  = name;\n    *offset = 0;\n    while (reader < bufend)\n    {\n        if ((reader[0] & 0xc0) == 0xc0)\n        {\n            *offset += 2;\n            break;\n        }\n        else if (*reader == 0)\n        {\n            *offset += 1;\n            break;\n        }\n        *offset += 1;\n        ++reader;\n    }\n    return nb_bytes;\n    err:\n    return 0;\n}\n",
        "question": "Given that the parameter or function `bufend` is modified before the execution of the function `memcpy`, evaluate the potential impact on the outcomes of `memcpy`. Consider how `bufend` could influence `memcpy`, including its role as a direct parameter, its effect on controlling conditions, or its indirect impacts through other related variables or system states.",
        "choices": {
            "A": "The change to `bufend` directly alters the arguments passed to `memcpy`.",
            "B": "There is neither a direct nor a significant indirect relationship between the changes to `bufend` and the behavior or output of `memcpy`, suggesting no observable impact.",
            "C": "The modification of `bufend` might indirectly influence `memcpy` by modifying the control statement that controls the behavior of `memcpy`.",
            "D": "It is not possible to determine the effect without additional context."
        },
        "answer": "B",
        "distance": 0
    },
    {
        "case_id": "primevul_59",
        "code": "int dns_read_name(unsigned char *buffer, unsigned char *bufend, unsigned char *name, char *destination, int dest_len, int *offset)\n{\n    int nb_bytes = 0, n = 0;\n    int label_len;\n    unsigned char *reader = name;\n    char *dest = destination;\n    while (1)\n    {\n        if ((*reader & 0xc0) == 0xc0)\n        {\n            if ((buffer + reader[1]) > reader)\n                goto err;\n            n = dns_read_name(buffer, bufend, buffer + reader[1], dest, dest_len - nb_bytes, offset);\n            if (n == 0)\n                goto err;\n        }\n        label_len = *reader;\n        if (label_len == 0)\n            goto out;\n        if ((reader + label_len >= bufend) || (nb_bytes + label_len >= dest_len))\n            goto err;\n        label_len++;\n        memcpy(dest, reader, label_len);\n        dest     += label_len;\n        nb_bytes += label_len;\n        reader   += label_len;\n    }\n    out:\n    reader  = name;\n    *offset = 0;\n    while (reader < bufend)\n    {\n        if ((reader[0] & 0xc0) == 0xc0)\n        {\n            *offset += 2;\n            break;\n        }\n        else if (*reader == 0)\n        {\n            *offset += 1;\n            break;\n        }\n        *offset += 1;\n        ++reader;\n    }\n    return nb_bytes;\n    err:\n    return 0;\n}\n",
        "question": "Given that the parameter or function `dns_read_name` is modified before the execution of the function `memcpy`, evaluate the potential impact on the outcomes of `memcpy`. Consider how `dns_read_name` could influence `memcpy`, including its role as a direct parameter, its effect on controlling conditions, or its indirect impacts through other related variables or system states.",
        "choices": {
            "A": "The change to `dns_read_name` directly alters the arguments passed to `memcpy`.",
            "B": "There is neither a direct nor a significant indirect relationship between the changes to `dns_read_name` and the behavior or output of `memcpy`, suggesting no observable impact.",
            "C": "The modification of `dns_read_name` might indirectly influence `memcpy` by modifying the control statement that controls the behavior of `memcpy`.",
            "D": "It is not possible to determine the effect without additional context."
        },
        "answer": "B",
        "distance": 0
    }
]