[
    {
        "case_id": "primevul_49",
        "code": "xfs_attr_shortform_addname(xfs_da_args_t *args)\n{\n    int newsize, forkoff, retval;\n    trace_xfs_attr_sf_addname(args);\n    retval = xfs_attr_shortform_lookup(args);\n    if ((args->flags & ATTR_REPLACE) && (retval == -ENOATTR))\n    {\n        return retval;\n    }\n    else if (retval == -EEXIST)\n    {\n        if (args->flags & ATTR_CREATE)\n        {\n            return retval;\n        }\n        retval = xfs_attr_shortform_remove(args);\n        ASSERT(retval == 0);\n    }\n    if (args->namelen >= XFS_ATTR_SF_ENTSIZE_MAX || args->valuelen >= XFS_ATTR_SF_ENTSIZE_MAX)\n    {\n        return -ENOSPC;\n    }\n    newsize = XFS_ATTR_SF_TOTSIZE(args->dp);\n    newsize += XFS_ATTR_SF_ENTSIZE_BYNAME(args->namelen, args->valuelen);\n    forkoff = xfs_attr_shortform_bytesfit(args->dp, newsize);\n    if (!forkoff)\n    {\n        return -ENOSPC;\n    }\n    xfs_attr_shortform_add(args, forkoff);\n    return 0;\n}\n",
        "question": "Given that the parameter or function `XFS_ATTR_SF_ENTSIZE_BYNAME` is modified before the execution of the function `xfs_attr_shortform_add`, evaluate the potential impact on the outcomes of `xfs_attr_shortform_add`. Consider how `XFS_ATTR_SF_ENTSIZE_BYNAME` could influence `xfs_attr_shortform_add`, including its role as a direct parameter, its effect on controlling conditions, or its indirect impacts through other related variables or system states.",
        "choices": {
            "A": "The change to `XFS_ATTR_SF_ENTSIZE_BYNAME` directly alters the arguments passed to `xfs_attr_shortform_add`.",
            "B": "There is neither a direct nor a significant indirect relationship between the changes to `XFS_ATTR_SF_ENTSIZE_BYNAME` and the behavior or output of `xfs_attr_shortform_add`, suggesting no observable impact.",
            "C": "The modification of `XFS_ATTR_SF_ENTSIZE_BYNAME` might indirectly influence `xfs_attr_shortform_add` by modifying the control statement that controls the behavior of `xfs_attr_shortform_add`.",
            "D": "It is not possible to determine the effect without additional context."
        },
        "answer": "A",
        "distance": 4
    },
    {
        "case_id": "primevul_49",
        "code": "xfs_attr_shortform_addname(xfs_da_args_t *args)\n{\n    int newsize, forkoff, retval;\n    trace_xfs_attr_sf_addname(args);\n    retval = xfs_attr_shortform_lookup(args);\n    if ((args->flags & ATTR_REPLACE) && (retval == -ENOATTR))\n    {\n        return retval;\n    }\n    else if (retval == -EEXIST)\n    {\n        if (args->flags & ATTR_CREATE)\n        {\n            return retval;\n        }\n        retval = xfs_attr_shortform_remove(args);\n        ASSERT(retval == 0);\n    }\n    if (args->namelen >= XFS_ATTR_SF_ENTSIZE_MAX || args->valuelen >= XFS_ATTR_SF_ENTSIZE_MAX)\n    {\n        return -ENOSPC;\n    }\n    newsize = XFS_ATTR_SF_TOTSIZE(args->dp);\n    newsize += XFS_ATTR_SF_ENTSIZE_BYNAME(args->namelen, args->valuelen);\n    forkoff = xfs_attr_shortform_bytesfit(args->dp, newsize);\n    if (!forkoff)\n    {\n        return -ENOSPC;\n    }\n    xfs_attr_shortform_add(args, forkoff);\n    return 0;\n}\n",
        "question": "Given that the parameter or function `XFS_ATTR_SF_TOTSIZE` is modified before the execution of the function `xfs_attr_shortform_add`, evaluate the potential impact on the outcomes of `xfs_attr_shortform_add`. Consider how `XFS_ATTR_SF_TOTSIZE` could influence `xfs_attr_shortform_add`, including its role as a direct parameter, its effect on controlling conditions, or its indirect impacts through other related variables or system states.",
        "choices": {
            "A": "The change to `XFS_ATTR_SF_TOTSIZE` directly alters the arguments passed to `xfs_attr_shortform_add`.",
            "B": "There is neither a direct nor a significant indirect relationship between the changes to `XFS_ATTR_SF_TOTSIZE` and the behavior or output of `xfs_attr_shortform_add`, suggesting no observable impact.",
            "C": "The modification of `XFS_ATTR_SF_TOTSIZE` might indirectly influence `xfs_attr_shortform_add` by modifying the control statement that controls the behavior of `xfs_attr_shortform_add`.",
            "D": "It is not possible to determine the effect without additional context."
        },
        "answer": "A",
        "distance": 4
    },
    {
        "case_id": "primevul_49",
        "code": "xfs_attr_shortform_addname(xfs_da_args_t *args)\n{\n    int newsize, forkoff, retval;\n    trace_xfs_attr_sf_addname(args);\n    retval = xfs_attr_shortform_lookup(args);\n    if ((args->flags & ATTR_REPLACE) && (retval == -ENOATTR))\n    {\n        return retval;\n    }\n    else if (retval == -EEXIST)\n    {\n        if (args->flags & ATTR_CREATE)\n        {\n            return retval;\n        }\n        retval = xfs_attr_shortform_remove(args);\n        ASSERT(retval == 0);\n    }\n    if (args->namelen >= XFS_ATTR_SF_ENTSIZE_MAX || args->valuelen >= XFS_ATTR_SF_ENTSIZE_MAX)\n    {\n        return -ENOSPC;\n    }\n    newsize = XFS_ATTR_SF_TOTSIZE(args->dp);\n    newsize += XFS_ATTR_SF_ENTSIZE_BYNAME(args->namelen, args->valuelen);\n    forkoff = xfs_attr_shortform_bytesfit(args->dp, newsize);\n    if (!forkoff)\n    {\n        return -ENOSPC;\n    }\n    xfs_attr_shortform_add(args, forkoff);\n    return 0;\n}\n",
        "question": "Given that the parameter or function `valuelen` is modified before the execution of the function `xfs_attr_shortform_add`, evaluate the potential impact on the outcomes of `xfs_attr_shortform_add`. Consider how `valuelen` could influence `xfs_attr_shortform_add`, including its role as a direct parameter, its effect on controlling conditions, or its indirect impacts through other related variables or system states.",
        "choices": {
            "A": "The change to `valuelen` directly alters the arguments passed to `xfs_attr_shortform_add`.",
            "B": "There is neither a direct nor a significant indirect relationship between the changes to `valuelen` and the behavior or output of `xfs_attr_shortform_add`, suggesting no observable impact.",
            "C": "The modification of `valuelen` might indirectly influence `xfs_attr_shortform_add` by modifying the control statement that controls the behavior of `xfs_attr_shortform_add`.",
            "D": "It is not possible to determine the effect without additional context."
        },
        "answer": "A",
        "distance": 4
    },
    {
        "case_id": "primevul_49",
        "code": "xfs_attr_shortform_addname(xfs_da_args_t *args)\n{\n    int newsize, forkoff, retval;\n    trace_xfs_attr_sf_addname(args);\n    retval = xfs_attr_shortform_lookup(args);\n    if ((args->flags & ATTR_REPLACE) && (retval == -ENOATTR))\n    {\n        return retval;\n    }\n    else if (retval == -EEXIST)\n    {\n        if (args->flags & ATTR_CREATE)\n        {\n            return retval;\n        }\n        retval = xfs_attr_shortform_remove(args);\n        ASSERT(retval == 0);\n    }\n    if (args->namelen >= XFS_ATTR_SF_ENTSIZE_MAX || args->valuelen >= XFS_ATTR_SF_ENTSIZE_MAX)\n    {\n        return -ENOSPC;\n    }\n    newsize = XFS_ATTR_SF_TOTSIZE(args->dp);\n    newsize += XFS_ATTR_SF_ENTSIZE_BYNAME(args->namelen, args->valuelen);\n    forkoff = xfs_attr_shortform_bytesfit(args->dp, newsize);\n    if (!forkoff)\n    {\n        return -ENOSPC;\n    }\n    xfs_attr_shortform_add(args, forkoff);\n    return 0;\n}\n",
        "question": "Given that the parameter or function `namelen` is modified before the execution of the function `xfs_attr_shortform_add`, evaluate the potential impact on the outcomes of `xfs_attr_shortform_add`. Consider how `namelen` could influence `xfs_attr_shortform_add`, including its role as a direct parameter, its effect on controlling conditions, or its indirect impacts through other related variables or system states.",
        "choices": {
            "A": "The change to `namelen` directly alters the arguments passed to `xfs_attr_shortform_add`.",
            "B": "There is neither a direct nor a significant indirect relationship between the changes to `namelen` and the behavior or output of `xfs_attr_shortform_add`, suggesting no observable impact.",
            "C": "The modification of `namelen` might indirectly influence `xfs_attr_shortform_add` by modifying the control statement that controls the behavior of `xfs_attr_shortform_add`.",
            "D": "It is not possible to determine the effect without additional context."
        },
        "answer": "A",
        "distance": 4
    },
    {
        "case_id": "primevul_49",
        "code": "xfs_attr_shortform_addname(xfs_da_args_t *args)\n{\n    int newsize, forkoff, retval;\n    trace_xfs_attr_sf_addname(args);\n    retval = xfs_attr_shortform_lookup(args);\n    if ((args->flags & ATTR_REPLACE) && (retval == -ENOATTR))\n    {\n        return retval;\n    }\n    else if (retval == -EEXIST)\n    {\n        if (args->flags & ATTR_CREATE)\n        {\n            return retval;\n        }\n        retval = xfs_attr_shortform_remove(args);\n        ASSERT(retval == 0);\n    }\n    if (args->namelen >= XFS_ATTR_SF_ENTSIZE_MAX || args->valuelen >= XFS_ATTR_SF_ENTSIZE_MAX)\n    {\n        return -ENOSPC;\n    }\n    newsize = XFS_ATTR_SF_TOTSIZE(args->dp);\n    newsize += XFS_ATTR_SF_ENTSIZE_BYNAME(args->namelen, args->valuelen);\n    forkoff = xfs_attr_shortform_bytesfit(args->dp, newsize);\n    if (!forkoff)\n    {\n        return -ENOSPC;\n    }\n    xfs_attr_shortform_add(args, forkoff);\n    return 0;\n}\n",
        "question": "Given that the parameter or function `XFS_ATTR_SF_ENTSIZE_BYNAME` is modified before the execution of the function `ASSERT`, evaluate the potential impact on the outcomes of `ASSERT`. Consider how `XFS_ATTR_SF_ENTSIZE_BYNAME` could influence `ASSERT`, including its role as a direct parameter, its effect on controlling conditions, or its indirect impacts through other related variables or system states.",
        "choices": {
            "A": "The change to `XFS_ATTR_SF_ENTSIZE_BYNAME` directly alters the arguments passed to `ASSERT`.",
            "B": "There is neither a direct nor a significant indirect relationship between the changes to `XFS_ATTR_SF_ENTSIZE_BYNAME` and the behavior or output of `ASSERT`, suggesting no observable impact.",
            "C": "The modification of `XFS_ATTR_SF_ENTSIZE_BYNAME` might indirectly influence `ASSERT` by modifying the control statement that controls the behavior of `ASSERT`.",
            "D": "It is not possible to determine the effect without additional context."
        },
        "answer": "B",
        "distance": 0
    },
    {
        "case_id": "primevul_49",
        "code": "xfs_attr_shortform_addname(xfs_da_args_t *args)\n{\n    int newsize, forkoff, retval;\n    trace_xfs_attr_sf_addname(args);\n    retval = xfs_attr_shortform_lookup(args);\n    if ((args->flags & ATTR_REPLACE) && (retval == -ENOATTR))\n    {\n        return retval;\n    }\n    else if (retval == -EEXIST)\n    {\n        if (args->flags & ATTR_CREATE)\n        {\n            return retval;\n        }\n        retval = xfs_attr_shortform_remove(args);\n        ASSERT(retval == 0);\n    }\n    if (args->namelen >= XFS_ATTR_SF_ENTSIZE_MAX || args->valuelen >= XFS_ATTR_SF_ENTSIZE_MAX)\n    {\n        return -ENOSPC;\n    }\n    newsize = XFS_ATTR_SF_TOTSIZE(args->dp);\n    newsize += XFS_ATTR_SF_ENTSIZE_BYNAME(args->namelen, args->valuelen);\n    forkoff = xfs_attr_shortform_bytesfit(args->dp, newsize);\n    if (!forkoff)\n    {\n        return -ENOSPC;\n    }\n    xfs_attr_shortform_add(args, forkoff);\n    return 0;\n}\n",
        "question": "Given that the parameter or function `xfs_attr_shortform_add` is modified before the execution of the function `ASSERT`, evaluate the potential impact on the outcomes of `ASSERT`. Consider how `xfs_attr_shortform_add` could influence `ASSERT`, including its role as a direct parameter, its effect on controlling conditions, or its indirect impacts through other related variables or system states.",
        "choices": {
            "A": "The change to `xfs_attr_shortform_add` directly alters the arguments passed to `ASSERT`.",
            "B": "There is neither a direct nor a significant indirect relationship between the changes to `xfs_attr_shortform_add` and the behavior or output of `ASSERT`, suggesting no observable impact.",
            "C": "The modification of `xfs_attr_shortform_add` might indirectly influence `ASSERT` by modifying the control statement that controls the behavior of `ASSERT`.",
            "D": "It is not possible to determine the effect without additional context."
        },
        "answer": "B",
        "distance": 0
    },
    {
        "case_id": "primevul_49",
        "code": "xfs_attr_shortform_addname(xfs_da_args_t *args)\n{\n    int newsize, forkoff, retval;\n    trace_xfs_attr_sf_addname(args);\n    retval = xfs_attr_shortform_lookup(args);\n    if ((args->flags & ATTR_REPLACE) && (retval == -ENOATTR))\n    {\n        return retval;\n    }\n    else if (retval == -EEXIST)\n    {\n        if (args->flags & ATTR_CREATE)\n        {\n            return retval;\n        }\n        retval = xfs_attr_shortform_remove(args);\n        ASSERT(retval == 0);\n    }\n    if (args->namelen >= XFS_ATTR_SF_ENTSIZE_MAX || args->valuelen >= XFS_ATTR_SF_ENTSIZE_MAX)\n    {\n        return -ENOSPC;\n    }\n    newsize = XFS_ATTR_SF_TOTSIZE(args->dp);\n    newsize += XFS_ATTR_SF_ENTSIZE_BYNAME(args->namelen, args->valuelen);\n    forkoff = xfs_attr_shortform_bytesfit(args->dp, newsize);\n    if (!forkoff)\n    {\n        return -ENOSPC;\n    }\n    xfs_attr_shortform_add(args, forkoff);\n    return 0;\n}\n",
        "question": "Given that the parameter or function `xfs_attr_shortform_remove` is modified before the execution of the function `ASSERT`, evaluate the potential impact on the outcomes of `ASSERT`. Consider how `xfs_attr_shortform_remove` could influence `ASSERT`, including its role as a direct parameter, its effect on controlling conditions, or its indirect impacts through other related variables or system states.",
        "choices": {
            "A": "The change to `xfs_attr_shortform_remove` directly alters the arguments passed to `ASSERT`.",
            "B": "There is neither a direct nor a significant indirect relationship between the changes to `xfs_attr_shortform_remove` and the behavior or output of `ASSERT`, suggesting no observable impact.",
            "C": "The modification of `xfs_attr_shortform_remove` might indirectly influence `ASSERT` by modifying the control statement that controls the behavior of `ASSERT`.",
            "D": "It is not possible to determine the effect without additional context."
        },
        "answer": "B",
        "distance": 0
    },
    {
        "case_id": "primevul_49",
        "code": "xfs_attr_shortform_addname(xfs_da_args_t *args)\n{\n    int newsize, forkoff, retval;\n    trace_xfs_attr_sf_addname(args);\n    retval = xfs_attr_shortform_lookup(args);\n    if ((args->flags & ATTR_REPLACE) && (retval == -ENOATTR))\n    {\n        return retval;\n    }\n    else if (retval == -EEXIST)\n    {\n        if (args->flags & ATTR_CREATE)\n        {\n            return retval;\n        }\n        retval = xfs_attr_shortform_remove(args);\n        ASSERT(retval == 0);\n    }\n    if (args->namelen >= XFS_ATTR_SF_ENTSIZE_MAX || args->valuelen >= XFS_ATTR_SF_ENTSIZE_MAX)\n    {\n        return -ENOSPC;\n    }\n    newsize = XFS_ATTR_SF_TOTSIZE(args->dp);\n    newsize += XFS_ATTR_SF_ENTSIZE_BYNAME(args->namelen, args->valuelen);\n    forkoff = xfs_attr_shortform_bytesfit(args->dp, newsize);\n    if (!forkoff)\n    {\n        return -ENOSPC;\n    }\n    xfs_attr_shortform_add(args, forkoff);\n    return 0;\n}\n",
        "question": "Given that the parameter or function `xfs_attr_shortform_bytesfit` is modified before the execution of the function `ASSERT`, evaluate the potential impact on the outcomes of `ASSERT`. Consider how `xfs_attr_shortform_bytesfit` could influence `ASSERT`, including its role as a direct parameter, its effect on controlling conditions, or its indirect impacts through other related variables or system states.",
        "choices": {
            "A": "The change to `xfs_attr_shortform_bytesfit` directly alters the arguments passed to `ASSERT`.",
            "B": "There is neither a direct nor a significant indirect relationship between the changes to `xfs_attr_shortform_bytesfit` and the behavior or output of `ASSERT`, suggesting no observable impact.",
            "C": "The modification of `xfs_attr_shortform_bytesfit` might indirectly influence `ASSERT` by modifying the control statement that controls the behavior of `ASSERT`.",
            "D": "It is not possible to determine the effect without additional context."
        },
        "answer": "B",
        "distance": 0
    },
    {
        "case_id": "primevul_49",
        "code": "xfs_attr_shortform_addname(xfs_da_args_t *args)\n{\n    int newsize, forkoff, retval;\n    trace_xfs_attr_sf_addname(args);\n    retval = xfs_attr_shortform_lookup(args);\n    if ((args->flags & ATTR_REPLACE) && (retval == -ENOATTR))\n    {\n        return retval;\n    }\n    else if (retval == -EEXIST)\n    {\n        if (args->flags & ATTR_CREATE)\n        {\n            return retval;\n        }\n        retval = xfs_attr_shortform_remove(args);\n        ASSERT(retval == 0);\n    }\n    if (args->namelen >= XFS_ATTR_SF_ENTSIZE_MAX || args->valuelen >= XFS_ATTR_SF_ENTSIZE_MAX)\n    {\n        return -ENOSPC;\n    }\n    newsize = XFS_ATTR_SF_TOTSIZE(args->dp);\n    newsize += XFS_ATTR_SF_ENTSIZE_BYNAME(args->namelen, args->valuelen);\n    forkoff = xfs_attr_shortform_bytesfit(args->dp, newsize);\n    if (!forkoff)\n    {\n        return -ENOSPC;\n    }\n    xfs_attr_shortform_add(args, forkoff);\n    return 0;\n}\n",
        "question": "Given that the parameter or function `trace_xfs_attr_sf_addname` is modified before the execution of the function `ASSERT`, evaluate the potential impact on the outcomes of `ASSERT`. Consider how `trace_xfs_attr_sf_addname` could influence `ASSERT`, including its role as a direct parameter, its effect on controlling conditions, or its indirect impacts through other related variables or system states.",
        "choices": {
            "A": "The change to `trace_xfs_attr_sf_addname` directly alters the arguments passed to `ASSERT`.",
            "B": "There is neither a direct nor a significant indirect relationship between the changes to `trace_xfs_attr_sf_addname` and the behavior or output of `ASSERT`, suggesting no observable impact.",
            "C": "The modification of `trace_xfs_attr_sf_addname` might indirectly influence `ASSERT` by modifying the control statement that controls the behavior of `ASSERT`.",
            "D": "It is not possible to determine the effect without additional context."
        },
        "answer": "C",
        "distance": 2
    },
    {
        "case_id": "primevul_49",
        "code": "xfs_attr_shortform_addname(xfs_da_args_t *args)\n{\n    int newsize, forkoff, retval;\n    trace_xfs_attr_sf_addname(args);\n    retval = xfs_attr_shortform_lookup(args);\n    if ((args->flags & ATTR_REPLACE) && (retval == -ENOATTR))\n    {\n        return retval;\n    }\n    else if (retval == -EEXIST)\n    {\n        if (args->flags & ATTR_CREATE)\n        {\n            return retval;\n        }\n        retval = xfs_attr_shortform_remove(args);\n        ASSERT(retval == 0);\n    }\n    if (args->namelen >= XFS_ATTR_SF_ENTSIZE_MAX || args->valuelen >= XFS_ATTR_SF_ENTSIZE_MAX)\n    {\n        return -ENOSPC;\n    }\n    newsize = XFS_ATTR_SF_TOTSIZE(args->dp);\n    newsize += XFS_ATTR_SF_ENTSIZE_BYNAME(args->namelen, args->valuelen);\n    forkoff = xfs_attr_shortform_bytesfit(args->dp, newsize);\n    if (!forkoff)\n    {\n        return -ENOSPC;\n    }\n    xfs_attr_shortform_add(args, forkoff);\n    return 0;\n}\n",
        "question": "Given that the parameter or function `xfs_attr_shortform_lookup` is modified before the execution of the function `ASSERT`, evaluate the potential impact on the outcomes of `ASSERT`. Consider how `xfs_attr_shortform_lookup` could influence `ASSERT`, including its role as a direct parameter, its effect on controlling conditions, or its indirect impacts through other related variables or system states.",
        "choices": {
            "A": "The change to `xfs_attr_shortform_lookup` directly alters the arguments passed to `ASSERT`.",
            "B": "There is neither a direct nor a significant indirect relationship between the changes to `xfs_attr_shortform_lookup` and the behavior or output of `ASSERT`, suggesting no observable impact.",
            "C": "The modification of `xfs_attr_shortform_lookup` might indirectly influence `ASSERT` by modifying the control statement that controls the behavior of `ASSERT`.",
            "D": "It is not possible to determine the effect without additional context."
        },
        "answer": "C",
        "distance": 1
    },
    {
        "case_id": "primevul_49",
        "code": "xfs_attr_shortform_addname(xfs_da_args_t *args)\n{\n    int newsize, forkoff, retval;\n    trace_xfs_attr_sf_addname(args);\n    retval = xfs_attr_shortform_lookup(args);\n    if ((args->flags & ATTR_REPLACE) && (retval == -ENOATTR))\n    {\n        return retval;\n    }\n    else if (retval == -EEXIST)\n    {\n        if (args->flags & ATTR_CREATE)\n        {\n            return retval;\n        }\n        retval = xfs_attr_shortform_remove(args);\n        ASSERT(retval == 0);\n    }\n    if (args->namelen >= XFS_ATTR_SF_ENTSIZE_MAX || args->valuelen >= XFS_ATTR_SF_ENTSIZE_MAX)\n    {\n        return -ENOSPC;\n    }\n    newsize = XFS_ATTR_SF_TOTSIZE(args->dp);\n    newsize += XFS_ATTR_SF_ENTSIZE_BYNAME(args->namelen, args->valuelen);\n    forkoff = xfs_attr_shortform_bytesfit(args->dp, newsize);\n    if (!forkoff)\n    {\n        return -ENOSPC;\n    }\n    xfs_attr_shortform_add(args, forkoff);\n    return 0;\n}\n",
        "question": "Given that the parameter or function `args` is modified before the execution of the function `ASSERT`, evaluate the potential impact on the outcomes of `ASSERT`. Consider how `args` could influence `ASSERT`, including its role as a direct parameter, its effect on controlling conditions, or its indirect impacts through other related variables or system states.",
        "choices": {
            "A": "The change to `args` directly alters the arguments passed to `ASSERT`.",
            "B": "There is neither a direct nor a significant indirect relationship between the changes to `args` and the behavior or output of `ASSERT`, suggesting no observable impact.",
            "C": "The modification of `args` might indirectly influence `ASSERT` by modifying the control statement that controls the behavior of `ASSERT`.",
            "D": "It is not possible to determine the effect without additional context."
        },
        "answer": "C",
        "distance": 1
    },
    {
        "case_id": "primevul_49",
        "code": "xfs_attr_shortform_addname(xfs_da_args_t *args)\n{\n    int newsize, forkoff, retval;\n    trace_xfs_attr_sf_addname(args);\n    retval = xfs_attr_shortform_lookup(args);\n    if ((args->flags & ATTR_REPLACE) && (retval == -ENOATTR))\n    {\n        return retval;\n    }\n    else if (retval == -EEXIST)\n    {\n        if (args->flags & ATTR_CREATE)\n        {\n            return retval;\n        }\n        retval = xfs_attr_shortform_remove(args);\n        ASSERT(retval == 0);\n    }\n    if (args->namelen >= XFS_ATTR_SF_ENTSIZE_MAX || args->valuelen >= XFS_ATTR_SF_ENTSIZE_MAX)\n    {\n        return -ENOSPC;\n    }\n    newsize = XFS_ATTR_SF_TOTSIZE(args->dp);\n    newsize += XFS_ATTR_SF_ENTSIZE_BYNAME(args->namelen, args->valuelen);\n    forkoff = xfs_attr_shortform_bytesfit(args->dp, newsize);\n    if (!forkoff)\n    {\n        return -ENOSPC;\n    }\n    xfs_attr_shortform_add(args, forkoff);\n    return 0;\n}\n",
        "question": "Given that the parameter or function `xfs_attr_shortform_lookup` is modified before the execution of the function `xfs_attr_shortform_remove`, evaluate the potential impact on the outcomes of `xfs_attr_shortform_remove`. Consider how `xfs_attr_shortform_lookup` could influence `xfs_attr_shortform_remove`, including its role as a direct parameter, its effect on controlling conditions, or its indirect impacts through other related variables or system states.",
        "choices": {
            "A": "The change to `xfs_attr_shortform_lookup` directly alters the arguments passed to `xfs_attr_shortform_remove`.",
            "B": "There is neither a direct nor a significant indirect relationship between the changes to `xfs_attr_shortform_lookup` and the behavior or output of `xfs_attr_shortform_remove`, suggesting no observable impact.",
            "C": "The modification of `xfs_attr_shortform_lookup` might indirectly influence `xfs_attr_shortform_remove` by modifying the control statement that controls the behavior of `xfs_attr_shortform_remove`.",
            "D": "It is not possible to determine the effect without additional context."
        },
        "answer": "C",
        "distance": 1
    },
    {
        "case_id": "primevul_49",
        "code": "xfs_attr_shortform_addname(xfs_da_args_t *args)\n{\n    int newsize, forkoff, retval;\n    trace_xfs_attr_sf_addname(args);\n    retval = xfs_attr_shortform_lookup(args);\n    if ((args->flags & ATTR_REPLACE) && (retval == -ENOATTR))\n    {\n        return retval;\n    }\n    else if (retval == -EEXIST)\n    {\n        if (args->flags & ATTR_CREATE)\n        {\n            return retval;\n        }\n        retval = xfs_attr_shortform_remove(args);\n        ASSERT(retval == 0);\n    }\n    if (args->namelen >= XFS_ATTR_SF_ENTSIZE_MAX || args->valuelen >= XFS_ATTR_SF_ENTSIZE_MAX)\n    {\n        return -ENOSPC;\n    }\n    newsize = XFS_ATTR_SF_TOTSIZE(args->dp);\n    newsize += XFS_ATTR_SF_ENTSIZE_BYNAME(args->namelen, args->valuelen);\n    forkoff = xfs_attr_shortform_bytesfit(args->dp, newsize);\n    if (!forkoff)\n    {\n        return -ENOSPC;\n    }\n    xfs_attr_shortform_add(args, forkoff);\n    return 0;\n}\n",
        "question": "Given that the parameter or function `trace_xfs_attr_sf_addname` is modified before the execution of the function `xfs_attr_shortform_remove`, evaluate the potential impact on the outcomes of `xfs_attr_shortform_remove`. Consider how `trace_xfs_attr_sf_addname` could influence `xfs_attr_shortform_remove`, including its role as a direct parameter, its effect on controlling conditions, or its indirect impacts through other related variables or system states.",
        "choices": {
            "A": "The change to `trace_xfs_attr_sf_addname` directly alters the arguments passed to `xfs_attr_shortform_remove`.",
            "B": "There is neither a direct nor a significant indirect relationship between the changes to `trace_xfs_attr_sf_addname` and the behavior or output of `xfs_attr_shortform_remove`, suggesting no observable impact.",
            "C": "The modification of `trace_xfs_attr_sf_addname` might indirectly influence `xfs_attr_shortform_remove` by modifying the control statement that controls the behavior of `xfs_attr_shortform_remove`.",
            "D": "It is not possible to determine the effect without additional context."
        },
        "answer": "A, C",
        "distance": 2
    }
]