[
    {
        "case_id": "primevul_7",
        "code": "void V8LazyEventListener::prepareListenerObject(ExecutionContext* executionContext)\n{\n    if (!executionContext)\n    {\n        return;\n    }\n    v8::HandleScope handleScope(toIsolate(executionContext));\n    v8::Local<v8::Context> v8Context = toV8Context(executionContext, world());\n    if (v8Context.IsEmpty())\n    {\n        return;\n    }\n    ScriptState* scriptState = ScriptState::from(v8Context);\n    if (!scriptState->contextIsValid())\n    {\n        return;\n    }\n    if (executionContext->isDocument() && !toDocument(executionContext)->allowInlineEventHandlers(m_node, this, m_sourceURL, m_position.m_line))\n    {\n        clearListenerObject();\n        return;\n    }\n    if (hasExistingListenerObject())\n    {\n        return;\n    }\n    ASSERT(executionContext->isDocument());\n    ScriptState::Scope scope(scriptState);\n    String listenerSource = InspectorInstrumentation::preprocessEventListener(toDocument(executionContext)->frame(), m_code, m_sourceURL, m_functionName);\n    String code = \"(function() {\"\n        \"with (this[2]) {\"\n        \"with (this[1]) {\"\n        \"with (this[0]) {\"\n            \"return function(\" + m_eventParameterName + \") {\" +\n                listenerSource + \"\\n\"  \n            \"};\"\n        \"}}}})\";\n    v8::Handle<v8::String> codeExternalString = v8String(isolate(), code);\n    v8::Local<v8::Value> result = V8ScriptRunner::compileAndRunInternalScript(codeExternalString, isolate(), m_sourceURL, m_position);\n    if (result.IsEmpty())\n    {\n        return;\n    }\n    ASSERT(result->IsFunction());\n    v8::Local<v8::Function> intermediateFunction = result.As<v8::Function>();\n    HTMLFormElement* formElement = 0;\n    if (m_node && m_node->isHTMLElement())\n    {\n        formElement = toHTMLElement(m_node)->formOwner();\n    }\n    v8::Handle<v8::Object> nodeWrapper = toObjectWrapper<Node>(m_node, scriptState);\n    v8::Handle<v8::Object> formWrapper = toObjectWrapper<HTMLFormElement>(formElement, scriptState);\n    v8::Handle<v8::Object> documentWrapper = toObjectWrapper<Document>(m_node ? m_node->ownerDocument() : 0, scriptState);\n    v8::Local<v8::Object> thisObject = v8::Object::New(isolate());\n    if (thisObject.IsEmpty())\n    {\n        return;\n    }\n    if (!thisObject->ForceSet(v8::Integer::New(isolate(), 0), nodeWrapper))\n    {\n        return;\n    }\n    if (!thisObject->ForceSet(v8::Integer::New(isolate(), 1), formWrapper))\n    {\n        return;\n    }\n    if (!thisObject->ForceSet(v8::Integer::New(isolate(), 2), documentWrapper))\n    {\n        return;\n    }\n    v8::Local<v8::Value> innerValue = V8ScriptRunner::callInternalFunction(intermediateFunction, thisObject, 0, 0, isolate());\n    if (innerValue.IsEmpty() || !innerValue->IsFunction())\n    {\n        return;\n    }\n    v8::Local<v8::Function> wrappedFunction = innerValue.As<v8::Function>();\n    v8::Local<v8::Function> toStringFunction = v8::Function::New(isolate(), V8LazyEventListenerToString);\n    ASSERT(!toStringFunction.IsEmpty());\n    String toStringString = \"function \" + m_functionName + \"(\" + m_eventParameterName + \") {\\n  \" + m_code + \"\\n}\";\n    V8HiddenValue::setHiddenValue(isolate(), wrappedFunction, V8HiddenValue::toStringString(isolate()), v8String(isolate(), toStringString));\n    wrappedFunction->Set(v8AtomicString(isolate(), \"toString\"), toStringFunction);\n    wrappedFunction->SetName(v8String(isolate(), m_functionName));\n    setListenerObject(wrappedFunction);\n}\n",
        "question": "Given that the parameter or function `toHTMLElement` is modified before the execution of the function `ownerDocument`, evaluate the potential impact on the outcomes of `ownerDocument`. Consider how `toHTMLElement` could influence `ownerDocument`, including its role as a direct parameter, its effect on controlling conditions, or its indirect impacts through other related variables or system states.",
        "choices": {
            "A": "The change to `toHTMLElement` directly alters the arguments passed to `ownerDocument`.",
            "B": "There is neither a direct nor a significant indirect relationship between the changes to `toHTMLElement` and the behavior or output of `ownerDocument`, suggesting no observable impact.",
            "C": "The modification of `toHTMLElement` might indirectly influence `ownerDocument` by modifying the control statement that controls the behavior of `ownerDocument`.",
            "D": "It is not possible to determine the effect without additional context."
        },
        "answer": "A",
        "distance": 2
    },
    {
        "case_id": "primevul_7",
        "code": "void V8LazyEventListener::prepareListenerObject(ExecutionContext* executionContext)\n{\n    if (!executionContext)\n    {\n        return;\n    }\n    v8::HandleScope handleScope(toIsolate(executionContext));\n    v8::Local<v8::Context> v8Context = toV8Context(executionContext, world());\n    if (v8Context.IsEmpty())\n    {\n        return;\n    }\n    ScriptState* scriptState = ScriptState::from(v8Context);\n    if (!scriptState->contextIsValid())\n    {\n        return;\n    }\n    if (executionContext->isDocument() && !toDocument(executionContext)->allowInlineEventHandlers(m_node, this, m_sourceURL, m_position.m_line))\n    {\n        clearListenerObject();\n        return;\n    }\n    if (hasExistingListenerObject())\n    {\n        return;\n    }\n    ASSERT(executionContext->isDocument());\n    ScriptState::Scope scope(scriptState);\n    String listenerSource = InspectorInstrumentation::preprocessEventListener(toDocument(executionContext)->frame(), m_code, m_sourceURL, m_functionName);\n    String code = \"(function() {\"\n        \"with (this[2]) {\"\n        \"with (this[1]) {\"\n        \"with (this[0]) {\"\n            \"return function(\" + m_eventParameterName + \") {\" +\n                listenerSource + \"\\n\"  \n            \"};\"\n        \"}}}})\";\n    v8::Handle<v8::String> codeExternalString = v8String(isolate(), code);\n    v8::Local<v8::Value> result = V8ScriptRunner::compileAndRunInternalScript(codeExternalString, isolate(), m_sourceURL, m_position);\n    if (result.IsEmpty())\n    {\n        return;\n    }\n    ASSERT(result->IsFunction());\n    v8::Local<v8::Function> intermediateFunction = result.As<v8::Function>();\n    HTMLFormElement* formElement = 0;\n    if (m_node && m_node->isHTMLElement())\n    {\n        formElement = toHTMLElement(m_node)->formOwner();\n    }\n    v8::Handle<v8::Object> nodeWrapper = toObjectWrapper<Node>(m_node, scriptState);\n    v8::Handle<v8::Object> formWrapper = toObjectWrapper<HTMLFormElement>(formElement, scriptState);\n    v8::Handle<v8::Object> documentWrapper = toObjectWrapper<Document>(m_node ? m_node->ownerDocument() : 0, scriptState);\n    v8::Local<v8::Object> thisObject = v8::Object::New(isolate());\n    if (thisObject.IsEmpty())\n    {\n        return;\n    }\n    if (!thisObject->ForceSet(v8::Integer::New(isolate(), 0), nodeWrapper))\n    {\n        return;\n    }\n    if (!thisObject->ForceSet(v8::Integer::New(isolate(), 1), formWrapper))\n    {\n        return;\n    }\n    if (!thisObject->ForceSet(v8::Integer::New(isolate(), 2), documentWrapper))\n    {\n        return;\n    }\n    v8::Local<v8::Value> innerValue = V8ScriptRunner::callInternalFunction(intermediateFunction, thisObject, 0, 0, isolate());\n    if (innerValue.IsEmpty() || !innerValue->IsFunction())\n    {\n        return;\n    }\n    v8::Local<v8::Function> wrappedFunction = innerValue.As<v8::Function>();\n    v8::Local<v8::Function> toStringFunction = v8::Function::New(isolate(), V8LazyEventListenerToString);\n    ASSERT(!toStringFunction.IsEmpty());\n    String toStringString = \"function \" + m_functionName + \"(\" + m_eventParameterName + \") {\\n  \" + m_code + \"\\n}\";\n    V8HiddenValue::setHiddenValue(isolate(), wrappedFunction, V8HiddenValue::toStringString(isolate()), v8String(isolate(), toStringString));\n    wrappedFunction->Set(v8AtomicString(isolate(), \"toString\"), toStringFunction);\n    wrappedFunction->SetName(v8String(isolate(), m_functionName));\n    setListenerObject(wrappedFunction);\n}\n",
        "question": "Given that the parameter or function `scope` is modified before the execution of the function `ownerDocument`, evaluate the potential impact on the outcomes of `ownerDocument`. Consider how `scope` could influence `ownerDocument`, including its role as a direct parameter, its effect on controlling conditions, or its indirect impacts through other related variables or system states.",
        "choices": {
            "A": "The change to `scope` directly alters the arguments passed to `ownerDocument`.",
            "B": "There is neither a direct nor a significant indirect relationship between the changes to `scope` and the behavior or output of `ownerDocument`, suggesting no observable impact.",
            "C": "The modification of `scope` might indirectly influence `ownerDocument` by modifying the control statement that controls the behavior of `ownerDocument`.",
            "D": "It is not possible to determine the effect without additional context."
        },
        "answer": "A",
        "distance": 2
    },
    {
        "case_id": "primevul_7",
        "code": "void V8LazyEventListener::prepareListenerObject(ExecutionContext* executionContext)\n{\n    if (!executionContext)\n    {\n        return;\n    }\n    v8::HandleScope handleScope(toIsolate(executionContext));\n    v8::Local<v8::Context> v8Context = toV8Context(executionContext, world());\n    if (v8Context.IsEmpty())\n    {\n        return;\n    }\n    ScriptState* scriptState = ScriptState::from(v8Context);\n    if (!scriptState->contextIsValid())\n    {\n        return;\n    }\n    if (executionContext->isDocument() && !toDocument(executionContext)->allowInlineEventHandlers(m_node, this, m_sourceURL, m_position.m_line))\n    {\n        clearListenerObject();\n        return;\n    }\n    if (hasExistingListenerObject())\n    {\n        return;\n    }\n    ASSERT(executionContext->isDocument());\n    ScriptState::Scope scope(scriptState);\n    String listenerSource = InspectorInstrumentation::preprocessEventListener(toDocument(executionContext)->frame(), m_code, m_sourceURL, m_functionName);\n    String code = \"(function() {\"\n        \"with (this[2]) {\"\n        \"with (this[1]) {\"\n        \"with (this[0]) {\"\n            \"return function(\" + m_eventParameterName + \") {\" +\n                listenerSource + \"\\n\"  \n            \"};\"\n        \"}}}})\";\n    v8::Handle<v8::String> codeExternalString = v8String(isolate(), code);\n    v8::Local<v8::Value> result = V8ScriptRunner::compileAndRunInternalScript(codeExternalString, isolate(), m_sourceURL, m_position);\n    if (result.IsEmpty())\n    {\n        return;\n    }\n    ASSERT(result->IsFunction());\n    v8::Local<v8::Function> intermediateFunction = result.As<v8::Function>();\n    HTMLFormElement* formElement = 0;\n    if (m_node && m_node->isHTMLElement())\n    {\n        formElement = toHTMLElement(m_node)->formOwner();\n    }\n    v8::Handle<v8::Object> nodeWrapper = toObjectWrapper<Node>(m_node, scriptState);\n    v8::Handle<v8::Object> formWrapper = toObjectWrapper<HTMLFormElement>(formElement, scriptState);\n    v8::Handle<v8::Object> documentWrapper = toObjectWrapper<Document>(m_node ? m_node->ownerDocument() : 0, scriptState);\n    v8::Local<v8::Object> thisObject = v8::Object::New(isolate());\n    if (thisObject.IsEmpty())\n    {\n        return;\n    }\n    if (!thisObject->ForceSet(v8::Integer::New(isolate(), 0), nodeWrapper))\n    {\n        return;\n    }\n    if (!thisObject->ForceSet(v8::Integer::New(isolate(), 1), formWrapper))\n    {\n        return;\n    }\n    if (!thisObject->ForceSet(v8::Integer::New(isolate(), 2), documentWrapper))\n    {\n        return;\n    }\n    v8::Local<v8::Value> innerValue = V8ScriptRunner::callInternalFunction(intermediateFunction, thisObject, 0, 0, isolate());\n    if (innerValue.IsEmpty() || !innerValue->IsFunction())\n    {\n        return;\n    }\n    v8::Local<v8::Function> wrappedFunction = innerValue.As<v8::Function>();\n    v8::Local<v8::Function> toStringFunction = v8::Function::New(isolate(), V8LazyEventListenerToString);\n    ASSERT(!toStringFunction.IsEmpty());\n    String toStringString = \"function \" + m_functionName + \"(\" + m_eventParameterName + \") {\\n  \" + m_code + \"\\n}\";\n    V8HiddenValue::setHiddenValue(isolate(), wrappedFunction, V8HiddenValue::toStringString(isolate()), v8String(isolate(), toStringString));\n    wrappedFunction->Set(v8AtomicString(isolate(), \"toString\"), toStringFunction);\n    wrappedFunction->SetName(v8String(isolate(), m_functionName));\n    setListenerObject(wrappedFunction);\n}\n",
        "question": "Given that the parameter or function `V8ScriptRunner` is modified before the execution of the function `setListenerObject`, evaluate the potential impact on the outcomes of `setListenerObject`. Consider how `V8ScriptRunner` could influence `setListenerObject`, including its role as a direct parameter, its effect on controlling conditions, or its indirect impacts through other related variables or system states.",
        "choices": {
            "A": "The change to `V8ScriptRunner` directly alters the arguments passed to `setListenerObject`.",
            "B": "There is neither a direct nor a significant indirect relationship between the changes to `V8ScriptRunner` and the behavior or output of `setListenerObject`, suggesting no observable impact.",
            "C": "The modification of `V8ScriptRunner` might indirectly influence `setListenerObject` by modifying the control statement that controls the behavior of `setListenerObject`.",
            "D": "It is not possible to determine the effect without additional context."
        },
        "answer": "A",
        "distance": 2
    },
    {
        "case_id": "primevul_7",
        "code": "void V8LazyEventListener::prepareListenerObject(ExecutionContext* executionContext)\n{\n    if (!executionContext)\n    {\n        return;\n    }\n    v8::HandleScope handleScope(toIsolate(executionContext));\n    v8::Local<v8::Context> v8Context = toV8Context(executionContext, world());\n    if (v8Context.IsEmpty())\n    {\n        return;\n    }\n    ScriptState* scriptState = ScriptState::from(v8Context);\n    if (!scriptState->contextIsValid())\n    {\n        return;\n    }\n    if (executionContext->isDocument() && !toDocument(executionContext)->allowInlineEventHandlers(m_node, this, m_sourceURL, m_position.m_line))\n    {\n        clearListenerObject();\n        return;\n    }\n    if (hasExistingListenerObject())\n    {\n        return;\n    }\n    ASSERT(executionContext->isDocument());\n    ScriptState::Scope scope(scriptState);\n    String listenerSource = InspectorInstrumentation::preprocessEventListener(toDocument(executionContext)->frame(), m_code, m_sourceURL, m_functionName);\n    String code = \"(function() {\"\n        \"with (this[2]) {\"\n        \"with (this[1]) {\"\n        \"with (this[0]) {\"\n            \"return function(\" + m_eventParameterName + \") {\" +\n                listenerSource + \"\\n\"  \n            \"};\"\n        \"}}}})\";\n    v8::Handle<v8::String> codeExternalString = v8String(isolate(), code);\n    v8::Local<v8::Value> result = V8ScriptRunner::compileAndRunInternalScript(codeExternalString, isolate(), m_sourceURL, m_position);\n    if (result.IsEmpty())\n    {\n        return;\n    }\n    ASSERT(result->IsFunction());\n    v8::Local<v8::Function> intermediateFunction = result.As<v8::Function>();\n    HTMLFormElement* formElement = 0;\n    if (m_node && m_node->isHTMLElement())\n    {\n        formElement = toHTMLElement(m_node)->formOwner();\n    }\n    v8::Handle<v8::Object> nodeWrapper = toObjectWrapper<Node>(m_node, scriptState);\n    v8::Handle<v8::Object> formWrapper = toObjectWrapper<HTMLFormElement>(formElement, scriptState);\n    v8::Handle<v8::Object> documentWrapper = toObjectWrapper<Document>(m_node ? m_node->ownerDocument() : 0, scriptState);\n    v8::Local<v8::Object> thisObject = v8::Object::New(isolate());\n    if (thisObject.IsEmpty())\n    {\n        return;\n    }\n    if (!thisObject->ForceSet(v8::Integer::New(isolate(), 0), nodeWrapper))\n    {\n        return;\n    }\n    if (!thisObject->ForceSet(v8::Integer::New(isolate(), 1), formWrapper))\n    {\n        return;\n    }\n    if (!thisObject->ForceSet(v8::Integer::New(isolate(), 2), documentWrapper))\n    {\n        return;\n    }\n    v8::Local<v8::Value> innerValue = V8ScriptRunner::callInternalFunction(intermediateFunction, thisObject, 0, 0, isolate());\n    if (innerValue.IsEmpty() || !innerValue->IsFunction())\n    {\n        return;\n    }\n    v8::Local<v8::Function> wrappedFunction = innerValue.As<v8::Function>();\n    v8::Local<v8::Function> toStringFunction = v8::Function::New(isolate(), V8LazyEventListenerToString);\n    ASSERT(!toStringFunction.IsEmpty());\n    String toStringString = \"function \" + m_functionName + \"(\" + m_eventParameterName + \") {\\n  \" + m_code + \"\\n}\";\n    V8HiddenValue::setHiddenValue(isolate(), wrappedFunction, V8HiddenValue::toStringString(isolate()), v8String(isolate(), toStringString));\n    wrappedFunction->Set(v8AtomicString(isolate(), \"toString\"), toStringFunction);\n    wrappedFunction->SetName(v8String(isolate(), m_functionName));\n    setListenerObject(wrappedFunction);\n}\n",
        "question": "Given that the parameter or function `V8ScriptRunner` is modified before the execution of the function `setHiddenValue`, evaluate the potential impact on the outcomes of `setHiddenValue`. Consider how `V8ScriptRunner` could influence `setHiddenValue`, including its role as a direct parameter, its effect on controlling conditions, or its indirect impacts through other related variables or system states.",
        "choices": {
            "A": "The change to `V8ScriptRunner` directly alters the arguments passed to `setHiddenValue`.",
            "B": "There is neither a direct nor a significant indirect relationship between the changes to `V8ScriptRunner` and the behavior or output of `setHiddenValue`, suggesting no observable impact.",
            "C": "The modification of `V8ScriptRunner` might indirectly influence `setHiddenValue` by modifying the control statement that controls the behavior of `setHiddenValue`.",
            "D": "It is not possible to determine the effect without additional context."
        },
        "answer": "A",
        "distance": 2
    },
    {
        "case_id": "primevul_7",
        "code": "void V8LazyEventListener::prepareListenerObject(ExecutionContext* executionContext)\n{\n    if (!executionContext)\n    {\n        return;\n    }\n    v8::HandleScope handleScope(toIsolate(executionContext));\n    v8::Local<v8::Context> v8Context = toV8Context(executionContext, world());\n    if (v8Context.IsEmpty())\n    {\n        return;\n    }\n    ScriptState* scriptState = ScriptState::from(v8Context);\n    if (!scriptState->contextIsValid())\n    {\n        return;\n    }\n    if (executionContext->isDocument() && !toDocument(executionContext)->allowInlineEventHandlers(m_node, this, m_sourceURL, m_position.m_line))\n    {\n        clearListenerObject();\n        return;\n    }\n    if (hasExistingListenerObject())\n    {\n        return;\n    }\n    ASSERT(executionContext->isDocument());\n    ScriptState::Scope scope(scriptState);\n    String listenerSource = InspectorInstrumentation::preprocessEventListener(toDocument(executionContext)->frame(), m_code, m_sourceURL, m_functionName);\n    String code = \"(function() {\"\n        \"with (this[2]) {\"\n        \"with (this[1]) {\"\n        \"with (this[0]) {\"\n            \"return function(\" + m_eventParameterName + \") {\" +\n                listenerSource + \"\\n\"  \n            \"};\"\n        \"}}}})\";\n    v8::Handle<v8::String> codeExternalString = v8String(isolate(), code);\n    v8::Local<v8::Value> result = V8ScriptRunner::compileAndRunInternalScript(codeExternalString, isolate(), m_sourceURL, m_position);\n    if (result.IsEmpty())\n    {\n        return;\n    }\n    ASSERT(result->IsFunction());\n    v8::Local<v8::Function> intermediateFunction = result.As<v8::Function>();\n    HTMLFormElement* formElement = 0;\n    if (m_node && m_node->isHTMLElement())\n    {\n        formElement = toHTMLElement(m_node)->formOwner();\n    }\n    v8::Handle<v8::Object> nodeWrapper = toObjectWrapper<Node>(m_node, scriptState);\n    v8::Handle<v8::Object> formWrapper = toObjectWrapper<HTMLFormElement>(formElement, scriptState);\n    v8::Handle<v8::Object> documentWrapper = toObjectWrapper<Document>(m_node ? m_node->ownerDocument() : 0, scriptState);\n    v8::Local<v8::Object> thisObject = v8::Object::New(isolate());\n    if (thisObject.IsEmpty())\n    {\n        return;\n    }\n    if (!thisObject->ForceSet(v8::Integer::New(isolate(), 0), nodeWrapper))\n    {\n        return;\n    }\n    if (!thisObject->ForceSet(v8::Integer::New(isolate(), 1), formWrapper))\n    {\n        return;\n    }\n    if (!thisObject->ForceSet(v8::Integer::New(isolate(), 2), documentWrapper))\n    {\n        return;\n    }\n    v8::Local<v8::Value> innerValue = V8ScriptRunner::callInternalFunction(intermediateFunction, thisObject, 0, 0, isolate());\n    if (innerValue.IsEmpty() || !innerValue->IsFunction())\n    {\n        return;\n    }\n    v8::Local<v8::Function> wrappedFunction = innerValue.As<v8::Function>();\n    v8::Local<v8::Function> toStringFunction = v8::Function::New(isolate(), V8LazyEventListenerToString);\n    ASSERT(!toStringFunction.IsEmpty());\n    String toStringString = \"function \" + m_functionName + \"(\" + m_eventParameterName + \") {\\n  \" + m_code + \"\\n}\";\n    V8HiddenValue::setHiddenValue(isolate(), wrappedFunction, V8HiddenValue::toStringString(isolate()), v8String(isolate(), toStringString));\n    wrappedFunction->Set(v8AtomicString(isolate(), \"toString\"), toStringFunction);\n    wrappedFunction->SetName(v8String(isolate(), m_functionName));\n    setListenerObject(wrappedFunction);\n}\n",
        "question": "Given that the parameter or function `ownerDocument` is modified before the execution of the function `toV8Context`, evaluate the potential impact on the outcomes of `toV8Context`. Consider how `ownerDocument` could influence `toV8Context`, including its role as a direct parameter, its effect on controlling conditions, or its indirect impacts through other related variables or system states.",
        "choices": {
            "A": "The change to `ownerDocument` directly alters the arguments passed to `toV8Context`.",
            "B": "There is neither a direct nor a significant indirect relationship between the changes to `ownerDocument` and the behavior or output of `toV8Context`, suggesting no observable impact.",
            "C": "The modification of `ownerDocument` might indirectly influence `toV8Context` by modifying the control statement that controls the behavior of `toV8Context`.",
            "D": "It is not possible to determine the effect without additional context."
        },
        "answer": "B",
        "distance": 0
    },
    {
        "case_id": "primevul_7",
        "code": "void V8LazyEventListener::prepareListenerObject(ExecutionContext* executionContext)\n{\n    if (!executionContext)\n    {\n        return;\n    }\n    v8::HandleScope handleScope(toIsolate(executionContext));\n    v8::Local<v8::Context> v8Context = toV8Context(executionContext, world());\n    if (v8Context.IsEmpty())\n    {\n        return;\n    }\n    ScriptState* scriptState = ScriptState::from(v8Context);\n    if (!scriptState->contextIsValid())\n    {\n        return;\n    }\n    if (executionContext->isDocument() && !toDocument(executionContext)->allowInlineEventHandlers(m_node, this, m_sourceURL, m_position.m_line))\n    {\n        clearListenerObject();\n        return;\n    }\n    if (hasExistingListenerObject())\n    {\n        return;\n    }\n    ASSERT(executionContext->isDocument());\n    ScriptState::Scope scope(scriptState);\n    String listenerSource = InspectorInstrumentation::preprocessEventListener(toDocument(executionContext)->frame(), m_code, m_sourceURL, m_functionName);\n    String code = \"(function() {\"\n        \"with (this[2]) {\"\n        \"with (this[1]) {\"\n        \"with (this[0]) {\"\n            \"return function(\" + m_eventParameterName + \") {\" +\n                listenerSource + \"\\n\"  \n            \"};\"\n        \"}}}})\";\n    v8::Handle<v8::String> codeExternalString = v8String(isolate(), code);\n    v8::Local<v8::Value> result = V8ScriptRunner::compileAndRunInternalScript(codeExternalString, isolate(), m_sourceURL, m_position);\n    if (result.IsEmpty())\n    {\n        return;\n    }\n    ASSERT(result->IsFunction());\n    v8::Local<v8::Function> intermediateFunction = result.As<v8::Function>();\n    HTMLFormElement* formElement = 0;\n    if (m_node && m_node->isHTMLElement())\n    {\n        formElement = toHTMLElement(m_node)->formOwner();\n    }\n    v8::Handle<v8::Object> nodeWrapper = toObjectWrapper<Node>(m_node, scriptState);\n    v8::Handle<v8::Object> formWrapper = toObjectWrapper<HTMLFormElement>(formElement, scriptState);\n    v8::Handle<v8::Object> documentWrapper = toObjectWrapper<Document>(m_node ? m_node->ownerDocument() : 0, scriptState);\n    v8::Local<v8::Object> thisObject = v8::Object::New(isolate());\n    if (thisObject.IsEmpty())\n    {\n        return;\n    }\n    if (!thisObject->ForceSet(v8::Integer::New(isolate(), 0), nodeWrapper))\n    {\n        return;\n    }\n    if (!thisObject->ForceSet(v8::Integer::New(isolate(), 1), formWrapper))\n    {\n        return;\n    }\n    if (!thisObject->ForceSet(v8::Integer::New(isolate(), 2), documentWrapper))\n    {\n        return;\n    }\n    v8::Local<v8::Value> innerValue = V8ScriptRunner::callInternalFunction(intermediateFunction, thisObject, 0, 0, isolate());\n    if (innerValue.IsEmpty() || !innerValue->IsFunction())\n    {\n        return;\n    }\n    v8::Local<v8::Function> wrappedFunction = innerValue.As<v8::Function>();\n    v8::Local<v8::Function> toStringFunction = v8::Function::New(isolate(), V8LazyEventListenerToString);\n    ASSERT(!toStringFunction.IsEmpty());\n    String toStringString = \"function \" + m_functionName + \"(\" + m_eventParameterName + \") {\\n  \" + m_code + \"\\n}\";\n    V8HiddenValue::setHiddenValue(isolate(), wrappedFunction, V8HiddenValue::toStringString(isolate()), v8String(isolate(), toStringString));\n    wrappedFunction->Set(v8AtomicString(isolate(), \"toString\"), toStringFunction);\n    wrappedFunction->SetName(v8String(isolate(), m_functionName));\n    setListenerObject(wrappedFunction);\n}\n",
        "question": "Given that the parameter or function `world` is modified before the execution of the function `toV8Context`, evaluate the potential impact on the outcomes of `toV8Context`. Consider how `world` could influence `toV8Context`, including its role as a direct parameter, its effect on controlling conditions, or its indirect impacts through other related variables or system states.",
        "choices": {
            "A": "The change to `world` directly alters the arguments passed to `toV8Context`.",
            "B": "There is neither a direct nor a significant indirect relationship between the changes to `world` and the behavior or output of `toV8Context`, suggesting no observable impact.",
            "C": "The modification of `world` might indirectly influence `toV8Context` by modifying the control statement that controls the behavior of `toV8Context`.",
            "D": "It is not possible to determine the effect without additional context."
        },
        "answer": "B",
        "distance": 0
    },
    {
        "case_id": "primevul_7",
        "code": "void V8LazyEventListener::prepareListenerObject(ExecutionContext* executionContext)\n{\n    if (!executionContext)\n    {\n        return;\n    }\n    v8::HandleScope handleScope(toIsolate(executionContext));\n    v8::Local<v8::Context> v8Context = toV8Context(executionContext, world());\n    if (v8Context.IsEmpty())\n    {\n        return;\n    }\n    ScriptState* scriptState = ScriptState::from(v8Context);\n    if (!scriptState->contextIsValid())\n    {\n        return;\n    }\n    if (executionContext->isDocument() && !toDocument(executionContext)->allowInlineEventHandlers(m_node, this, m_sourceURL, m_position.m_line))\n    {\n        clearListenerObject();\n        return;\n    }\n    if (hasExistingListenerObject())\n    {\n        return;\n    }\n    ASSERT(executionContext->isDocument());\n    ScriptState::Scope scope(scriptState);\n    String listenerSource = InspectorInstrumentation::preprocessEventListener(toDocument(executionContext)->frame(), m_code, m_sourceURL, m_functionName);\n    String code = \"(function() {\"\n        \"with (this[2]) {\"\n        \"with (this[1]) {\"\n        \"with (this[0]) {\"\n            \"return function(\" + m_eventParameterName + \") {\" +\n                listenerSource + \"\\n\"  \n            \"};\"\n        \"}}}})\";\n    v8::Handle<v8::String> codeExternalString = v8String(isolate(), code);\n    v8::Local<v8::Value> result = V8ScriptRunner::compileAndRunInternalScript(codeExternalString, isolate(), m_sourceURL, m_position);\n    if (result.IsEmpty())\n    {\n        return;\n    }\n    ASSERT(result->IsFunction());\n    v8::Local<v8::Function> intermediateFunction = result.As<v8::Function>();\n    HTMLFormElement* formElement = 0;\n    if (m_node && m_node->isHTMLElement())\n    {\n        formElement = toHTMLElement(m_node)->formOwner();\n    }\n    v8::Handle<v8::Object> nodeWrapper = toObjectWrapper<Node>(m_node, scriptState);\n    v8::Handle<v8::Object> formWrapper = toObjectWrapper<HTMLFormElement>(formElement, scriptState);\n    v8::Handle<v8::Object> documentWrapper = toObjectWrapper<Document>(m_node ? m_node->ownerDocument() : 0, scriptState);\n    v8::Local<v8::Object> thisObject = v8::Object::New(isolate());\n    if (thisObject.IsEmpty())\n    {\n        return;\n    }\n    if (!thisObject->ForceSet(v8::Integer::New(isolate(), 0), nodeWrapper))\n    {\n        return;\n    }\n    if (!thisObject->ForceSet(v8::Integer::New(isolate(), 1), formWrapper))\n    {\n        return;\n    }\n    if (!thisObject->ForceSet(v8::Integer::New(isolate(), 2), documentWrapper))\n    {\n        return;\n    }\n    v8::Local<v8::Value> innerValue = V8ScriptRunner::callInternalFunction(intermediateFunction, thisObject, 0, 0, isolate());\n    if (innerValue.IsEmpty() || !innerValue->IsFunction())\n    {\n        return;\n    }\n    v8::Local<v8::Function> wrappedFunction = innerValue.As<v8::Function>();\n    v8::Local<v8::Function> toStringFunction = v8::Function::New(isolate(), V8LazyEventListenerToString);\n    ASSERT(!toStringFunction.IsEmpty());\n    String toStringString = \"function \" + m_functionName + \"(\" + m_eventParameterName + \") {\\n  \" + m_code + \"\\n}\";\n    V8HiddenValue::setHiddenValue(isolate(), wrappedFunction, V8HiddenValue::toStringString(isolate()), v8String(isolate(), toStringString));\n    wrappedFunction->Set(v8AtomicString(isolate(), \"toString\"), toStringFunction);\n    wrappedFunction->SetName(v8String(isolate(), m_functionName));\n    setListenerObject(wrappedFunction);\n}\n",
        "question": "Given that the parameter or function `frame` is modified before the execution of the function `toV8Context`, evaluate the potential impact on the outcomes of `toV8Context`. Consider how `frame` could influence `toV8Context`, including its role as a direct parameter, its effect on controlling conditions, or its indirect impacts through other related variables or system states.",
        "choices": {
            "A": "The change to `frame` directly alters the arguments passed to `toV8Context`.",
            "B": "There is neither a direct nor a significant indirect relationship between the changes to `frame` and the behavior or output of `toV8Context`, suggesting no observable impact.",
            "C": "The modification of `frame` might indirectly influence `toV8Context` by modifying the control statement that controls the behavior of `toV8Context`.",
            "D": "It is not possible to determine the effect without additional context."
        },
        "answer": "B",
        "distance": 0
    },
    {
        "case_id": "primevul_7",
        "code": "void V8LazyEventListener::prepareListenerObject(ExecutionContext* executionContext)\n{\n    if (!executionContext)\n    {\n        return;\n    }\n    v8::HandleScope handleScope(toIsolate(executionContext));\n    v8::Local<v8::Context> v8Context = toV8Context(executionContext, world());\n    if (v8Context.IsEmpty())\n    {\n        return;\n    }\n    ScriptState* scriptState = ScriptState::from(v8Context);\n    if (!scriptState->contextIsValid())\n    {\n        return;\n    }\n    if (executionContext->isDocument() && !toDocument(executionContext)->allowInlineEventHandlers(m_node, this, m_sourceURL, m_position.m_line))\n    {\n        clearListenerObject();\n        return;\n    }\n    if (hasExistingListenerObject())\n    {\n        return;\n    }\n    ASSERT(executionContext->isDocument());\n    ScriptState::Scope scope(scriptState);\n    String listenerSource = InspectorInstrumentation::preprocessEventListener(toDocument(executionContext)->frame(), m_code, m_sourceURL, m_functionName);\n    String code = \"(function() {\"\n        \"with (this[2]) {\"\n        \"with (this[1]) {\"\n        \"with (this[0]) {\"\n            \"return function(\" + m_eventParameterName + \") {\" +\n                listenerSource + \"\\n\"  \n            \"};\"\n        \"}}}})\";\n    v8::Handle<v8::String> codeExternalString = v8String(isolate(), code);\n    v8::Local<v8::Value> result = V8ScriptRunner::compileAndRunInternalScript(codeExternalString, isolate(), m_sourceURL, m_position);\n    if (result.IsEmpty())\n    {\n        return;\n    }\n    ASSERT(result->IsFunction());\n    v8::Local<v8::Function> intermediateFunction = result.As<v8::Function>();\n    HTMLFormElement* formElement = 0;\n    if (m_node && m_node->isHTMLElement())\n    {\n        formElement = toHTMLElement(m_node)->formOwner();\n    }\n    v8::Handle<v8::Object> nodeWrapper = toObjectWrapper<Node>(m_node, scriptState);\n    v8::Handle<v8::Object> formWrapper = toObjectWrapper<HTMLFormElement>(formElement, scriptState);\n    v8::Handle<v8::Object> documentWrapper = toObjectWrapper<Document>(m_node ? m_node->ownerDocument() : 0, scriptState);\n    v8::Local<v8::Object> thisObject = v8::Object::New(isolate());\n    if (thisObject.IsEmpty())\n    {\n        return;\n    }\n    if (!thisObject->ForceSet(v8::Integer::New(isolate(), 0), nodeWrapper))\n    {\n        return;\n    }\n    if (!thisObject->ForceSet(v8::Integer::New(isolate(), 1), formWrapper))\n    {\n        return;\n    }\n    if (!thisObject->ForceSet(v8::Integer::New(isolate(), 2), documentWrapper))\n    {\n        return;\n    }\n    v8::Local<v8::Value> innerValue = V8ScriptRunner::callInternalFunction(intermediateFunction, thisObject, 0, 0, isolate());\n    if (innerValue.IsEmpty() || !innerValue->IsFunction())\n    {\n        return;\n    }\n    v8::Local<v8::Function> wrappedFunction = innerValue.As<v8::Function>();\n    v8::Local<v8::Function> toStringFunction = v8::Function::New(isolate(), V8LazyEventListenerToString);\n    ASSERT(!toStringFunction.IsEmpty());\n    String toStringString = \"function \" + m_functionName + \"(\" + m_eventParameterName + \") {\\n  \" + m_code + \"\\n}\";\n    V8HiddenValue::setHiddenValue(isolate(), wrappedFunction, V8HiddenValue::toStringString(isolate()), v8String(isolate(), toStringString));\n    wrappedFunction->Set(v8AtomicString(isolate(), \"toString\"), toStringFunction);\n    wrappedFunction->SetName(v8String(isolate(), m_functionName));\n    setListenerObject(wrappedFunction);\n}\n",
        "question": "Given that the parameter or function `Set` is modified before the execution of the function `toV8Context`, evaluate the potential impact on the outcomes of `toV8Context`. Consider how `Set` could influence `toV8Context`, including its role as a direct parameter, its effect on controlling conditions, or its indirect impacts through other related variables or system states.",
        "choices": {
            "A": "The change to `Set` directly alters the arguments passed to `toV8Context`.",
            "B": "There is neither a direct nor a significant indirect relationship between the changes to `Set` and the behavior or output of `toV8Context`, suggesting no observable impact.",
            "C": "The modification of `Set` might indirectly influence `toV8Context` by modifying the control statement that controls the behavior of `toV8Context`.",
            "D": "It is not possible to determine the effect without additional context."
        },
        "answer": "B",
        "distance": 0
    }
]