[
    {
        "case_id": "primevul_11",
        "code": "void iov_iter_advance(struct iov_iter *i, size_t bytes)\n{\n    BUG_ON(i->count < bytes);\n    if (likely(i->nr_segs == 1))\n    {\n        i->iov_offset += bytes;\n        i->count -= bytes;\n    }\n    else\n    {\n        const struct iovec *iov = i->iov;\n        size_t base = i->iov_offset;\n        while (bytes || unlikely(!iov->iov_len && i->count))\n        {\n            int copy;\n            copy = min(bytes, iov->iov_len - base);\n            BUG_ON(!i->count || i->count < copy);\n            i->count -= copy;\n            bytes -= copy;\n            base += copy;\n            if (iov->iov_len == base)\n            {\n                iov++;\n                base = 0;\n            }\n        }\n        i->iov = iov;\n        i->iov_offset = base;\n    }\n}\n",
        "question": "Given that the parameter or function `iov` is modified before the execution of the function `min`, evaluate the potential impact on the outcomes of `min`. Consider how `iov` could influence `min`, including its role as a direct parameter, its effect on controlling conditions, or its indirect impacts through other related variables or system states.",
        "choices": {
            "A": "The change to `iov` directly alters the arguments passed to `min`.",
            "B": "There is neither a direct nor a significant indirect relationship between the changes to `iov` and the behavior or output of `min`, suggesting no observable impact.",
            "C": "The modification of `iov` might indirectly influence `min` by modifying the control statement that controls the behavior of `min`.",
            "D": "It is not possible to determine the effect without additional context."
        },
        "answer": "B",
        "distance": 0
    },
    {
        "case_id": "primevul_11",
        "code": "void iov_iter_advance(struct iov_iter *i, size_t bytes)\n{\n    BUG_ON(i->count < bytes);\n    if (likely(i->nr_segs == 1))\n    {\n        i->iov_offset += bytes;\n        i->count -= bytes;\n    }\n    else\n    {\n        const struct iovec *iov = i->iov;\n        size_t base = i->iov_offset;\n        while (bytes || unlikely(!iov->iov_len && i->count))\n        {\n            int copy;\n            copy = min(bytes, iov->iov_len - base);\n            BUG_ON(!i->count || i->count < copy);\n            i->count -= copy;\n            bytes -= copy;\n            base += copy;\n            if (iov->iov_len == base)\n            {\n                iov++;\n                base = 0;\n            }\n        }\n        i->iov = iov;\n        i->iov_offset = base;\n    }\n}\n",
        "question": "Given that the parameter or function `count` is modified before the execution of the function `min`, evaluate the potential impact on the outcomes of `min`. Consider how `count` could influence `min`, including its role as a direct parameter, its effect on controlling conditions, or its indirect impacts through other related variables or system states.",
        "choices": {
            "A": "The change to `count` directly alters the arguments passed to `min`.",
            "B": "There is neither a direct nor a significant indirect relationship between the changes to `count` and the behavior or output of `min`, suggesting no observable impact.",
            "C": "The modification of `count` might indirectly influence `min` by modifying the control statement that controls the behavior of `min`.",
            "D": "It is not possible to determine the effect without additional context."
        },
        "answer": "B",
        "distance": 0
    },
    {
        "case_id": "primevul_11",
        "code": "void iov_iter_advance(struct iov_iter *i, size_t bytes)\n{\n    BUG_ON(i->count < bytes);\n    if (likely(i->nr_segs == 1))\n    {\n        i->iov_offset += bytes;\n        i->count -= bytes;\n    }\n    else\n    {\n        const struct iovec *iov = i->iov;\n        size_t base = i->iov_offset;\n        while (bytes || unlikely(!iov->iov_len && i->count))\n        {\n            int copy;\n            copy = min(bytes, iov->iov_len - base);\n            BUG_ON(!i->count || i->count < copy);\n            i->count -= copy;\n            bytes -= copy;\n            base += copy;\n            if (iov->iov_len == base)\n            {\n                iov++;\n                base = 0;\n            }\n        }\n        i->iov = iov;\n        i->iov_offset = base;\n    }\n}\n",
        "question": "Given that the parameter or function `base` is modified before the execution of the function `min`, evaluate the potential impact on the outcomes of `min`. Consider how `base` could influence `min`, including its role as a direct parameter, its effect on controlling conditions, or its indirect impacts through other related variables or system states.",
        "choices": {
            "A": "The change to `base` directly alters the arguments passed to `min`.",
            "B": "There is neither a direct nor a significant indirect relationship between the changes to `base` and the behavior or output of `min`, suggesting no observable impact.",
            "C": "The modification of `base` might indirectly influence `min` by modifying the control statement that controls the behavior of `min`.",
            "D": "It is not possible to determine the effect without additional context."
        },
        "answer": "B",
        "distance": 0
    },
    {
        "case_id": "primevul_11",
        "code": "void iov_iter_advance(struct iov_iter *i, size_t bytes)\n{\n    BUG_ON(i->count < bytes);\n    if (likely(i->nr_segs == 1))\n    {\n        i->iov_offset += bytes;\n        i->count -= bytes;\n    }\n    else\n    {\n        const struct iovec *iov = i->iov;\n        size_t base = i->iov_offset;\n        while (bytes || unlikely(!iov->iov_len && i->count))\n        {\n            int copy;\n            copy = min(bytes, iov->iov_len - base);\n            BUG_ON(!i->count || i->count < copy);\n            i->count -= copy;\n            bytes -= copy;\n            base += copy;\n            if (iov->iov_len == base)\n            {\n                iov++;\n                base = 0;\n            }\n        }\n        i->iov = iov;\n        i->iov_offset = base;\n    }\n}\n",
        "question": "Given that the parameter or function `!i->count || i->count < copy` is modified before the execution of the function `min`, evaluate the potential impact on the outcomes of `min`. Consider how `!i->count || i->count < copy` could influence `min`, including its role as a direct parameter, its effect on controlling conditions, or its indirect impacts through other related variables or system states.",
        "choices": {
            "A": "The change to `!i->count || i->count < copy` directly alters the arguments passed to `min`.",
            "B": "There is neither a direct nor a significant indirect relationship between the changes to `!i->count || i->count < copy` and the behavior or output of `min`, suggesting no observable impact.",
            "C": "The modification of `!i->count || i->count < copy` might indirectly influence `min` by modifying the control statement that controls the behavior of `min`.",
            "D": "It is not possible to determine the effect without additional context."
        },
        "answer": "B",
        "distance": 0
    }
]