[
    {
        "case_id": "primevul_8",
        "code": "static void recalculate_apic_map(struct kvm *kvm)\n{\n    struct kvm_apic_map *new, *old = NULL;\n    struct kvm_vcpu *vcpu;\n    int i;\n    new = kzalloc(sizeof(struct kvm_apic_map), GFP_KERNEL);\n    mutex_lock(&kvm->arch.apic_map_lock);\n    if (!new)\n    {\n        goto out;\n    }\n    new->ldr_bits = 8;\n    new->cid_shift = 8;\n    new->cid_mask = 0;\n    new->lid_mask = 0xff;\n    kvm_for_each_vcpu(i, vcpu, kvm)\n    {\n        struct kvm_lapic *apic = vcpu->arch.apic;\n        u16 cid, lid;\n        u32 ldr;\n        if (!kvm_apic_present(vcpu))\n        {\n            continue;\n        }\n        if (apic_x2apic_mode(apic))\n        {\n            new->ldr_bits = 32;\n            new->cid_shift = 16;\n            new->cid_mask = new->lid_mask = 0xffff;\n        }\n        else if (kvm_apic_sw_enabled(apic) &&\n                 !new->cid_mask &&\n                 kvm_apic_get_reg(apic, APIC_DFR) == APIC_DFR_CLUSTER)\n        {\n            new->cid_shift = 4;\n            new->cid_mask = 0xf;\n            new->lid_mask = 0xf;\n        }\n        new->phys_map[kvm_apic_id(apic)] = apic;\n        ldr = kvm_apic_get_reg(apic, APIC_LDR);\n        cid = apic_cluster_id(new, ldr);\n        lid = apic_logical_id(new, ldr);\n        if (lid)\n        {\n            new->logical_map[cid][ffs(lid) - 1] = apic;\n        }\n    }\nout:\n    old = rcu_dereference_protected(kvm->arch.apic_map,\n                                    lockdep_is_held(&kvm->arch.apic_map_lock));\n    rcu_assign_pointer(kvm->arch.apic_map, new);\n    mutex_unlock(&kvm->arch.apic_map_lock);\n    if (old)\n    {\n        kfree_rcu(old, rcu);\n    }\n    kvm_vcpu_request_scan_ioapic(kvm);\n}\n",
        "question": "Given that the parameter or function `APIC_LDR` is modified before the execution of the function `rcu_assign_pointer`, evaluate the potential impact on the outcomes of `rcu_assign_pointer`. Consider how `APIC_LDR` could influence `rcu_assign_pointer`, including its role as a direct parameter, its effect on controlling conditions, or its indirect impacts through other related variables or system states.",
        "choices": {
            "A": "The change to `APIC_LDR` directly alters the arguments passed to `rcu_assign_pointer`.",
            "B": "There is neither a direct nor a significant indirect relationship between the changes to `APIC_LDR` and the behavior or output of `rcu_assign_pointer`, suggesting no observable impact.",
            "C": "The modification of `APIC_LDR` might indirectly influence `rcu_assign_pointer` by modifying the control statement that controls the behavior of `rcu_assign_pointer`.",
            "D": "It is not possible to determine the effect without additional context."
        },
        "answer": "A",
        "distance": 5
    },
    {
        "case_id": "primevul_8",
        "code": "static void recalculate_apic_map(struct kvm *kvm)\n{\n    struct kvm_apic_map *new, *old = NULL;\n    struct kvm_vcpu *vcpu;\n    int i;\n    new = kzalloc(sizeof(struct kvm_apic_map), GFP_KERNEL);\n    mutex_lock(&kvm->arch.apic_map_lock);\n    if (!new)\n    {\n        goto out;\n    }\n    new->ldr_bits = 8;\n    new->cid_shift = 8;\n    new->cid_mask = 0;\n    new->lid_mask = 0xff;\n    kvm_for_each_vcpu(i, vcpu, kvm)\n    {\n        struct kvm_lapic *apic = vcpu->arch.apic;\n        u16 cid, lid;\n        u32 ldr;\n        if (!kvm_apic_present(vcpu))\n        {\n            continue;\n        }\n        if (apic_x2apic_mode(apic))\n        {\n            new->ldr_bits = 32;\n            new->cid_shift = 16;\n            new->cid_mask = new->lid_mask = 0xffff;\n        }\n        else if (kvm_apic_sw_enabled(apic) &&\n                 !new->cid_mask &&\n                 kvm_apic_get_reg(apic, APIC_DFR) == APIC_DFR_CLUSTER)\n        {\n            new->cid_shift = 4;\n            new->cid_mask = 0xf;\n            new->lid_mask = 0xf;\n        }\n        new->phys_map[kvm_apic_id(apic)] = apic;\n        ldr = kvm_apic_get_reg(apic, APIC_LDR);\n        cid = apic_cluster_id(new, ldr);\n        lid = apic_logical_id(new, ldr);\n        if (lid)\n        {\n            new->logical_map[cid][ffs(lid) - 1] = apic;\n        }\n    }\nout:\n    old = rcu_dereference_protected(kvm->arch.apic_map,\n                                    lockdep_is_held(&kvm->arch.apic_map_lock));\n    rcu_assign_pointer(kvm->arch.apic_map, new);\n    mutex_unlock(&kvm->arch.apic_map_lock);\n    if (old)\n    {\n        kfree_rcu(old, rcu);\n    }\n    kvm_vcpu_request_scan_ioapic(kvm);\n}\n",
        "question": "Given that the parameter or function `APIC_DFR` is modified before the execution of the function `rcu_assign_pointer`, evaluate the potential impact on the outcomes of `rcu_assign_pointer`. Consider how `APIC_DFR` could influence `rcu_assign_pointer`, including its role as a direct parameter, its effect on controlling conditions, or its indirect impacts through other related variables or system states.",
        "choices": {
            "A": "The change to `APIC_DFR` directly alters the arguments passed to `rcu_assign_pointer`.",
            "B": "There is neither a direct nor a significant indirect relationship between the changes to `APIC_DFR` and the behavior or output of `rcu_assign_pointer`, suggesting no observable impact.",
            "C": "The modification of `APIC_DFR` might indirectly influence `rcu_assign_pointer` by modifying the control statement that controls the behavior of `rcu_assign_pointer`.",
            "D": "It is not possible to determine the effect without additional context."
        },
        "answer": "A",
        "distance": 5
    },
    {
        "case_id": "primevul_8",
        "code": "static void recalculate_apic_map(struct kvm *kvm)\n{\n    struct kvm_apic_map *new, *old = NULL;\n    struct kvm_vcpu *vcpu;\n    int i;\n    new = kzalloc(sizeof(struct kvm_apic_map), GFP_KERNEL);\n    mutex_lock(&kvm->arch.apic_map_lock);\n    if (!new)\n    {\n        goto out;\n    }\n    new->ldr_bits = 8;\n    new->cid_shift = 8;\n    new->cid_mask = 0;\n    new->lid_mask = 0xff;\n    kvm_for_each_vcpu(i, vcpu, kvm)\n    {\n        struct kvm_lapic *apic = vcpu->arch.apic;\n        u16 cid, lid;\n        u32 ldr;\n        if (!kvm_apic_present(vcpu))\n        {\n            continue;\n        }\n        if (apic_x2apic_mode(apic))\n        {\n            new->ldr_bits = 32;\n            new->cid_shift = 16;\n            new->cid_mask = new->lid_mask = 0xffff;\n        }\n        else if (kvm_apic_sw_enabled(apic) &&\n                 !new->cid_mask &&\n                 kvm_apic_get_reg(apic, APIC_DFR) == APIC_DFR_CLUSTER)\n        {\n            new->cid_shift = 4;\n            new->cid_mask = 0xf;\n            new->lid_mask = 0xf;\n        }\n        new->phys_map[kvm_apic_id(apic)] = apic;\n        ldr = kvm_apic_get_reg(apic, APIC_LDR);\n        cid = apic_cluster_id(new, ldr);\n        lid = apic_logical_id(new, ldr);\n        if (lid)\n        {\n            new->logical_map[cid][ffs(lid) - 1] = apic;\n        }\n    }\nout:\n    old = rcu_dereference_protected(kvm->arch.apic_map,\n                                    lockdep_is_held(&kvm->arch.apic_map_lock));\n    rcu_assign_pointer(kvm->arch.apic_map, new);\n    mutex_unlock(&kvm->arch.apic_map_lock);\n    if (old)\n    {\n        kfree_rcu(old, rcu);\n    }\n    kvm_vcpu_request_scan_ioapic(kvm);\n}\n",
        "question": "Given that the parameter or function `kvm_apic_get_reg` is modified before the execution of the function `rcu_assign_pointer`, evaluate the potential impact on the outcomes of `rcu_assign_pointer`. Consider how `kvm_apic_get_reg` could influence `rcu_assign_pointer`, including its role as a direct parameter, its effect on controlling conditions, or its indirect impacts through other related variables or system states.",
        "choices": {
            "A": "The change to `kvm_apic_get_reg` directly alters the arguments passed to `rcu_assign_pointer`.",
            "B": "There is neither a direct nor a significant indirect relationship between the changes to `kvm_apic_get_reg` and the behavior or output of `rcu_assign_pointer`, suggesting no observable impact.",
            "C": "The modification of `kvm_apic_get_reg` might indirectly influence `rcu_assign_pointer` by modifying the control statement that controls the behavior of `rcu_assign_pointer`.",
            "D": "It is not possible to determine the effect without additional context."
        },
        "answer": "A",
        "distance": 4
    },
    {
        "case_id": "primevul_8",
        "code": "static void recalculate_apic_map(struct kvm *kvm)\n{\n    struct kvm_apic_map *new, *old = NULL;\n    struct kvm_vcpu *vcpu;\n    int i;\n    new = kzalloc(sizeof(struct kvm_apic_map), GFP_KERNEL);\n    mutex_lock(&kvm->arch.apic_map_lock);\n    if (!new)\n    {\n        goto out;\n    }\n    new->ldr_bits = 8;\n    new->cid_shift = 8;\n    new->cid_mask = 0;\n    new->lid_mask = 0xff;\n    kvm_for_each_vcpu(i, vcpu, kvm)\n    {\n        struct kvm_lapic *apic = vcpu->arch.apic;\n        u16 cid, lid;\n        u32 ldr;\n        if (!kvm_apic_present(vcpu))\n        {\n            continue;\n        }\n        if (apic_x2apic_mode(apic))\n        {\n            new->ldr_bits = 32;\n            new->cid_shift = 16;\n            new->cid_mask = new->lid_mask = 0xffff;\n        }\n        else if (kvm_apic_sw_enabled(apic) &&\n                 !new->cid_mask &&\n                 kvm_apic_get_reg(apic, APIC_DFR) == APIC_DFR_CLUSTER)\n        {\n            new->cid_shift = 4;\n            new->cid_mask = 0xf;\n            new->lid_mask = 0xf;\n        }\n        new->phys_map[kvm_apic_id(apic)] = apic;\n        ldr = kvm_apic_get_reg(apic, APIC_LDR);\n        cid = apic_cluster_id(new, ldr);\n        lid = apic_logical_id(new, ldr);\n        if (lid)\n        {\n            new->logical_map[cid][ffs(lid) - 1] = apic;\n        }\n    }\nout:\n    old = rcu_dereference_protected(kvm->arch.apic_map,\n                                    lockdep_is_held(&kvm->arch.apic_map_lock));\n    rcu_assign_pointer(kvm->arch.apic_map, new);\n    mutex_unlock(&kvm->arch.apic_map_lock);\n    if (old)\n    {\n        kfree_rcu(old, rcu);\n    }\n    kvm_vcpu_request_scan_ioapic(kvm);\n}\n",
        "question": "Given that the parameter or function `arch` is modified before the execution of the function `rcu_assign_pointer`, evaluate the potential impact on the outcomes of `rcu_assign_pointer`. Consider how `arch` could influence `rcu_assign_pointer`, including its role as a direct parameter, its effect on controlling conditions, or its indirect impacts through other related variables or system states.",
        "choices": {
            "A": "The change to `arch` directly alters the arguments passed to `rcu_assign_pointer`.",
            "B": "There is neither a direct nor a significant indirect relationship between the changes to `arch` and the behavior or output of `rcu_assign_pointer`, suggesting no observable impact.",
            "C": "The modification of `arch` might indirectly influence `rcu_assign_pointer` by modifying the control statement that controls the behavior of `rcu_assign_pointer`.",
            "D": "It is not possible to determine the effect without additional context."
        },
        "answer": "A",
        "distance": 4
    },
    {
        "case_id": "primevul_8",
        "code": "static void recalculate_apic_map(struct kvm *kvm)\n{\n    struct kvm_apic_map *new, *old = NULL;\n    struct kvm_vcpu *vcpu;\n    int i;\n    new = kzalloc(sizeof(struct kvm_apic_map), GFP_KERNEL);\n    mutex_lock(&kvm->arch.apic_map_lock);\n    if (!new)\n    {\n        goto out;\n    }\n    new->ldr_bits = 8;\n    new->cid_shift = 8;\n    new->cid_mask = 0;\n    new->lid_mask = 0xff;\n    kvm_for_each_vcpu(i, vcpu, kvm)\n    {\n        struct kvm_lapic *apic = vcpu->arch.apic;\n        u16 cid, lid;\n        u32 ldr;\n        if (!kvm_apic_present(vcpu))\n        {\n            continue;\n        }\n        if (apic_x2apic_mode(apic))\n        {\n            new->ldr_bits = 32;\n            new->cid_shift = 16;\n            new->cid_mask = new->lid_mask = 0xffff;\n        }\n        else if (kvm_apic_sw_enabled(apic) &&\n                 !new->cid_mask &&\n                 kvm_apic_get_reg(apic, APIC_DFR) == APIC_DFR_CLUSTER)\n        {\n            new->cid_shift = 4;\n            new->cid_mask = 0xf;\n            new->lid_mask = 0xf;\n        }\n        new->phys_map[kvm_apic_id(apic)] = apic;\n        ldr = kvm_apic_get_reg(apic, APIC_LDR);\n        cid = apic_cluster_id(new, ldr);\n        lid = apic_logical_id(new, ldr);\n        if (lid)\n        {\n            new->logical_map[cid][ffs(lid) - 1] = apic;\n        }\n    }\nout:\n    old = rcu_dereference_protected(kvm->arch.apic_map,\n                                    lockdep_is_held(&kvm->arch.apic_map_lock));\n    rcu_assign_pointer(kvm->arch.apic_map, new);\n    mutex_unlock(&kvm->arch.apic_map_lock);\n    if (old)\n    {\n        kfree_rcu(old, rcu);\n    }\n    kvm_vcpu_request_scan_ioapic(kvm);\n}\n",
        "question": "Given that the parameter or function `lockdep_is_held` is modified before the execution of the function `ffs`, evaluate the potential impact on the outcomes of `ffs`. Consider how `lockdep_is_held` could influence `ffs`, including its role as a direct parameter, its effect on controlling conditions, or its indirect impacts through other related variables or system states.",
        "choices": {
            "A": "The change to `lockdep_is_held` directly alters the arguments passed to `ffs`.",
            "B": "There is neither a direct nor a significant indirect relationship between the changes to `lockdep_is_held` and the behavior or output of `ffs`, suggesting no observable impact.",
            "C": "The modification of `lockdep_is_held` might indirectly influence `ffs` by modifying the control statement that controls the behavior of `ffs`.",
            "D": "It is not possible to determine the effect without additional context."
        },
        "answer": "B",
        "distance": 0
    },
    {
        "case_id": "primevul_8",
        "code": "static void recalculate_apic_map(struct kvm *kvm)\n{\n    struct kvm_apic_map *new, *old = NULL;\n    struct kvm_vcpu *vcpu;\n    int i;\n    new = kzalloc(sizeof(struct kvm_apic_map), GFP_KERNEL);\n    mutex_lock(&kvm->arch.apic_map_lock);\n    if (!new)\n    {\n        goto out;\n    }\n    new->ldr_bits = 8;\n    new->cid_shift = 8;\n    new->cid_mask = 0;\n    new->lid_mask = 0xff;\n    kvm_for_each_vcpu(i, vcpu, kvm)\n    {\n        struct kvm_lapic *apic = vcpu->arch.apic;\n        u16 cid, lid;\n        u32 ldr;\n        if (!kvm_apic_present(vcpu))\n        {\n            continue;\n        }\n        if (apic_x2apic_mode(apic))\n        {\n            new->ldr_bits = 32;\n            new->cid_shift = 16;\n            new->cid_mask = new->lid_mask = 0xffff;\n        }\n        else if (kvm_apic_sw_enabled(apic) &&\n                 !new->cid_mask &&\n                 kvm_apic_get_reg(apic, APIC_DFR) == APIC_DFR_CLUSTER)\n        {\n            new->cid_shift = 4;\n            new->cid_mask = 0xf;\n            new->lid_mask = 0xf;\n        }\n        new->phys_map[kvm_apic_id(apic)] = apic;\n        ldr = kvm_apic_get_reg(apic, APIC_LDR);\n        cid = apic_cluster_id(new, ldr);\n        lid = apic_logical_id(new, ldr);\n        if (lid)\n        {\n            new->logical_map[cid][ffs(lid) - 1] = apic;\n        }\n    }\nout:\n    old = rcu_dereference_protected(kvm->arch.apic_map,\n                                    lockdep_is_held(&kvm->arch.apic_map_lock));\n    rcu_assign_pointer(kvm->arch.apic_map, new);\n    mutex_unlock(&kvm->arch.apic_map_lock);\n    if (old)\n    {\n        kfree_rcu(old, rcu);\n    }\n    kvm_vcpu_request_scan_ioapic(kvm);\n}\n",
        "question": "Given that the parameter or function `kfree_rcu` is modified before the execution of the function `ffs`, evaluate the potential impact on the outcomes of `ffs`. Consider how `kfree_rcu` could influence `ffs`, including its role as a direct parameter, its effect on controlling conditions, or its indirect impacts through other related variables or system states.",
        "choices": {
            "A": "The change to `kfree_rcu` directly alters the arguments passed to `ffs`.",
            "B": "There is neither a direct nor a significant indirect relationship between the changes to `kfree_rcu` and the behavior or output of `ffs`, suggesting no observable impact.",
            "C": "The modification of `kfree_rcu` might indirectly influence `ffs` by modifying the control statement that controls the behavior of `ffs`.",
            "D": "It is not possible to determine the effect without additional context."
        },
        "answer": "B",
        "distance": 0
    },
    {
        "case_id": "primevul_8",
        "code": "static void recalculate_apic_map(struct kvm *kvm)\n{\n    struct kvm_apic_map *new, *old = NULL;\n    struct kvm_vcpu *vcpu;\n    int i;\n    new = kzalloc(sizeof(struct kvm_apic_map), GFP_KERNEL);\n    mutex_lock(&kvm->arch.apic_map_lock);\n    if (!new)\n    {\n        goto out;\n    }\n    new->ldr_bits = 8;\n    new->cid_shift = 8;\n    new->cid_mask = 0;\n    new->lid_mask = 0xff;\n    kvm_for_each_vcpu(i, vcpu, kvm)\n    {\n        struct kvm_lapic *apic = vcpu->arch.apic;\n        u16 cid, lid;\n        u32 ldr;\n        if (!kvm_apic_present(vcpu))\n        {\n            continue;\n        }\n        if (apic_x2apic_mode(apic))\n        {\n            new->ldr_bits = 32;\n            new->cid_shift = 16;\n            new->cid_mask = new->lid_mask = 0xffff;\n        }\n        else if (kvm_apic_sw_enabled(apic) &&\n                 !new->cid_mask &&\n                 kvm_apic_get_reg(apic, APIC_DFR) == APIC_DFR_CLUSTER)\n        {\n            new->cid_shift = 4;\n            new->cid_mask = 0xf;\n            new->lid_mask = 0xf;\n        }\n        new->phys_map[kvm_apic_id(apic)] = apic;\n        ldr = kvm_apic_get_reg(apic, APIC_LDR);\n        cid = apic_cluster_id(new, ldr);\n        lid = apic_logical_id(new, ldr);\n        if (lid)\n        {\n            new->logical_map[cid][ffs(lid) - 1] = apic;\n        }\n    }\nout:\n    old = rcu_dereference_protected(kvm->arch.apic_map,\n                                    lockdep_is_held(&kvm->arch.apic_map_lock));\n    rcu_assign_pointer(kvm->arch.apic_map, new);\n    mutex_unlock(&kvm->arch.apic_map_lock);\n    if (old)\n    {\n        kfree_rcu(old, rcu);\n    }\n    kvm_vcpu_request_scan_ioapic(kvm);\n}\n",
        "question": "Given that the parameter or function `kvm_vcpu_request_scan_ioapic` is modified before the execution of the function `ffs`, evaluate the potential impact on the outcomes of `ffs`. Consider how `kvm_vcpu_request_scan_ioapic` could influence `ffs`, including its role as a direct parameter, its effect on controlling conditions, or its indirect impacts through other related variables or system states.",
        "choices": {
            "A": "The change to `kvm_vcpu_request_scan_ioapic` directly alters the arguments passed to `ffs`.",
            "B": "There is neither a direct nor a significant indirect relationship between the changes to `kvm_vcpu_request_scan_ioapic` and the behavior or output of `ffs`, suggesting no observable impact.",
            "C": "The modification of `kvm_vcpu_request_scan_ioapic` might indirectly influence `ffs` by modifying the control statement that controls the behavior of `ffs`.",
            "D": "It is not possible to determine the effect without additional context."
        },
        "answer": "B",
        "distance": 0
    },
    {
        "case_id": "primevul_8",
        "code": "static void recalculate_apic_map(struct kvm *kvm)\n{\n    struct kvm_apic_map *new, *old = NULL;\n    struct kvm_vcpu *vcpu;\n    int i;\n    new = kzalloc(sizeof(struct kvm_apic_map), GFP_KERNEL);\n    mutex_lock(&kvm->arch.apic_map_lock);\n    if (!new)\n    {\n        goto out;\n    }\n    new->ldr_bits = 8;\n    new->cid_shift = 8;\n    new->cid_mask = 0;\n    new->lid_mask = 0xff;\n    kvm_for_each_vcpu(i, vcpu, kvm)\n    {\n        struct kvm_lapic *apic = vcpu->arch.apic;\n        u16 cid, lid;\n        u32 ldr;\n        if (!kvm_apic_present(vcpu))\n        {\n            continue;\n        }\n        if (apic_x2apic_mode(apic))\n        {\n            new->ldr_bits = 32;\n            new->cid_shift = 16;\n            new->cid_mask = new->lid_mask = 0xffff;\n        }\n        else if (kvm_apic_sw_enabled(apic) &&\n                 !new->cid_mask &&\n                 kvm_apic_get_reg(apic, APIC_DFR) == APIC_DFR_CLUSTER)\n        {\n            new->cid_shift = 4;\n            new->cid_mask = 0xf;\n            new->lid_mask = 0xf;\n        }\n        new->phys_map[kvm_apic_id(apic)] = apic;\n        ldr = kvm_apic_get_reg(apic, APIC_LDR);\n        cid = apic_cluster_id(new, ldr);\n        lid = apic_logical_id(new, ldr);\n        if (lid)\n        {\n            new->logical_map[cid][ffs(lid) - 1] = apic;\n        }\n    }\nout:\n    old = rcu_dereference_protected(kvm->arch.apic_map,\n                                    lockdep_is_held(&kvm->arch.apic_map_lock));\n    rcu_assign_pointer(kvm->arch.apic_map, new);\n    mutex_unlock(&kvm->arch.apic_map_lock);\n    if (old)\n    {\n        kfree_rcu(old, rcu);\n    }\n    kvm_vcpu_request_scan_ioapic(kvm);\n}\n",
        "question": "Given that the parameter or function `mutex_unlock` is modified before the execution of the function `ffs`, evaluate the potential impact on the outcomes of `ffs`. Consider how `mutex_unlock` could influence `ffs`, including its role as a direct parameter, its effect on controlling conditions, or its indirect impacts through other related variables or system states.",
        "choices": {
            "A": "The change to `mutex_unlock` directly alters the arguments passed to `ffs`.",
            "B": "There is neither a direct nor a significant indirect relationship between the changes to `mutex_unlock` and the behavior or output of `ffs`, suggesting no observable impact.",
            "C": "The modification of `mutex_unlock` might indirectly influence `ffs` by modifying the control statement that controls the behavior of `ffs`.",
            "D": "It is not possible to determine the effect without additional context."
        },
        "answer": "B",
        "distance": 0
    },
    {
        "case_id": "primevul_8",
        "code": "static void recalculate_apic_map(struct kvm *kvm)\n{\n    struct kvm_apic_map *new, *old = NULL;\n    struct kvm_vcpu *vcpu;\n    int i;\n    new = kzalloc(sizeof(struct kvm_apic_map), GFP_KERNEL);\n    mutex_lock(&kvm->arch.apic_map_lock);\n    if (!new)\n    {\n        goto out;\n    }\n    new->ldr_bits = 8;\n    new->cid_shift = 8;\n    new->cid_mask = 0;\n    new->lid_mask = 0xff;\n    kvm_for_each_vcpu(i, vcpu, kvm)\n    {\n        struct kvm_lapic *apic = vcpu->arch.apic;\n        u16 cid, lid;\n        u32 ldr;\n        if (!kvm_apic_present(vcpu))\n        {\n            continue;\n        }\n        if (apic_x2apic_mode(apic))\n        {\n            new->ldr_bits = 32;\n            new->cid_shift = 16;\n            new->cid_mask = new->lid_mask = 0xffff;\n        }\n        else if (kvm_apic_sw_enabled(apic) &&\n                 !new->cid_mask &&\n                 kvm_apic_get_reg(apic, APIC_DFR) == APIC_DFR_CLUSTER)\n        {\n            new->cid_shift = 4;\n            new->cid_mask = 0xf;\n            new->lid_mask = 0xf;\n        }\n        new->phys_map[kvm_apic_id(apic)] = apic;\n        ldr = kvm_apic_get_reg(apic, APIC_LDR);\n        cid = apic_cluster_id(new, ldr);\n        lid = apic_logical_id(new, ldr);\n        if (lid)\n        {\n            new->logical_map[cid][ffs(lid) - 1] = apic;\n        }\n    }\nout:\n    old = rcu_dereference_protected(kvm->arch.apic_map,\n                                    lockdep_is_held(&kvm->arch.apic_map_lock));\n    rcu_assign_pointer(kvm->arch.apic_map, new);\n    mutex_unlock(&kvm->arch.apic_map_lock);\n    if (old)\n    {\n        kfree_rcu(old, rcu);\n    }\n    kvm_vcpu_request_scan_ioapic(kvm);\n}\n",
        "question": "Given that the parameter or function `kzalloc` is modified before the execution of the function `kfree_rcu`, evaluate the potential impact on the outcomes of `kfree_rcu`. Consider how `kzalloc` could influence `kfree_rcu`, including its role as a direct parameter, its effect on controlling conditions, or its indirect impacts through other related variables or system states.",
        "choices": {
            "A": "The change to `kzalloc` directly alters the arguments passed to `kfree_rcu`.",
            "B": "There is neither a direct nor a significant indirect relationship between the changes to `kzalloc` and the behavior or output of `kfree_rcu`, suggesting no observable impact.",
            "C": "The modification of `kzalloc` might indirectly influence `kfree_rcu` by modifying the control statement that controls the behavior of `kfree_rcu`.",
            "D": "It is not possible to determine the effect without additional context."
        },
        "answer": "C",
        "distance": 5
    },
    {
        "case_id": "primevul_8",
        "code": "static void recalculate_apic_map(struct kvm *kvm)\n{\n    struct kvm_apic_map *new, *old = NULL;\n    struct kvm_vcpu *vcpu;\n    int i;\n    new = kzalloc(sizeof(struct kvm_apic_map), GFP_KERNEL);\n    mutex_lock(&kvm->arch.apic_map_lock);\n    if (!new)\n    {\n        goto out;\n    }\n    new->ldr_bits = 8;\n    new->cid_shift = 8;\n    new->cid_mask = 0;\n    new->lid_mask = 0xff;\n    kvm_for_each_vcpu(i, vcpu, kvm)\n    {\n        struct kvm_lapic *apic = vcpu->arch.apic;\n        u16 cid, lid;\n        u32 ldr;\n        if (!kvm_apic_present(vcpu))\n        {\n            continue;\n        }\n        if (apic_x2apic_mode(apic))\n        {\n            new->ldr_bits = 32;\n            new->cid_shift = 16;\n            new->cid_mask = new->lid_mask = 0xffff;\n        }\n        else if (kvm_apic_sw_enabled(apic) &&\n                 !new->cid_mask &&\n                 kvm_apic_get_reg(apic, APIC_DFR) == APIC_DFR_CLUSTER)\n        {\n            new->cid_shift = 4;\n            new->cid_mask = 0xf;\n            new->lid_mask = 0xf;\n        }\n        new->phys_map[kvm_apic_id(apic)] = apic;\n        ldr = kvm_apic_get_reg(apic, APIC_LDR);\n        cid = apic_cluster_id(new, ldr);\n        lid = apic_logical_id(new, ldr);\n        if (lid)\n        {\n            new->logical_map[cid][ffs(lid) - 1] = apic;\n        }\n    }\nout:\n    old = rcu_dereference_protected(kvm->arch.apic_map,\n                                    lockdep_is_held(&kvm->arch.apic_map_lock));\n    rcu_assign_pointer(kvm->arch.apic_map, new);\n    mutex_unlock(&kvm->arch.apic_map_lock);\n    if (old)\n    {\n        kfree_rcu(old, rcu);\n    }\n    kvm_vcpu_request_scan_ioapic(kvm);\n}\n",
        "question": "Given that the parameter or function `kvm_apic_map` is modified before the execution of the function `kfree_rcu`, evaluate the potential impact on the outcomes of `kfree_rcu`. Consider how `kvm_apic_map` could influence `kfree_rcu`, including its role as a direct parameter, its effect on controlling conditions, or its indirect impacts through other related variables or system states.",
        "choices": {
            "A": "The change to `kvm_apic_map` directly alters the arguments passed to `kfree_rcu`.",
            "B": "There is neither a direct nor a significant indirect relationship between the changes to `kvm_apic_map` and the behavior or output of `kfree_rcu`, suggesting no observable impact.",
            "C": "The modification of `kvm_apic_map` might indirectly influence `kfree_rcu` by modifying the control statement that controls the behavior of `kfree_rcu`.",
            "D": "It is not possible to determine the effect without additional context."
        },
        "answer": "C",
        "distance": 5
    },
    {
        "case_id": "primevul_8",
        "code": "static void recalculate_apic_map(struct kvm *kvm)\n{\n    struct kvm_apic_map *new, *old = NULL;\n    struct kvm_vcpu *vcpu;\n    int i;\n    new = kzalloc(sizeof(struct kvm_apic_map), GFP_KERNEL);\n    mutex_lock(&kvm->arch.apic_map_lock);\n    if (!new)\n    {\n        goto out;\n    }\n    new->ldr_bits = 8;\n    new->cid_shift = 8;\n    new->cid_mask = 0;\n    new->lid_mask = 0xff;\n    kvm_for_each_vcpu(i, vcpu, kvm)\n    {\n        struct kvm_lapic *apic = vcpu->arch.apic;\n        u16 cid, lid;\n        u32 ldr;\n        if (!kvm_apic_present(vcpu))\n        {\n            continue;\n        }\n        if (apic_x2apic_mode(apic))\n        {\n            new->ldr_bits = 32;\n            new->cid_shift = 16;\n            new->cid_mask = new->lid_mask = 0xffff;\n        }\n        else if (kvm_apic_sw_enabled(apic) &&\n                 !new->cid_mask &&\n                 kvm_apic_get_reg(apic, APIC_DFR) == APIC_DFR_CLUSTER)\n        {\n            new->cid_shift = 4;\n            new->cid_mask = 0xf;\n            new->lid_mask = 0xf;\n        }\n        new->phys_map[kvm_apic_id(apic)] = apic;\n        ldr = kvm_apic_get_reg(apic, APIC_LDR);\n        cid = apic_cluster_id(new, ldr);\n        lid = apic_logical_id(new, ldr);\n        if (lid)\n        {\n            new->logical_map[cid][ffs(lid) - 1] = apic;\n        }\n    }\nout:\n    old = rcu_dereference_protected(kvm->arch.apic_map,\n                                    lockdep_is_held(&kvm->arch.apic_map_lock));\n    rcu_assign_pointer(kvm->arch.apic_map, new);\n    mutex_unlock(&kvm->arch.apic_map_lock);\n    if (old)\n    {\n        kfree_rcu(old, rcu);\n    }\n    kvm_vcpu_request_scan_ioapic(kvm);\n}\n",
        "question": "Given that the parameter or function `APIC_LDR` is modified before the execution of the function `kfree_rcu`, evaluate the potential impact on the outcomes of `kfree_rcu`. Consider how `APIC_LDR` could influence `kfree_rcu`, including its role as a direct parameter, its effect on controlling conditions, or its indirect impacts through other related variables or system states.",
        "choices": {
            "A": "The change to `APIC_LDR` directly alters the arguments passed to `kfree_rcu`.",
            "B": "There is neither a direct nor a significant indirect relationship between the changes to `APIC_LDR` and the behavior or output of `kfree_rcu`, suggesting no observable impact.",
            "C": "The modification of `APIC_LDR` might indirectly influence `kfree_rcu` by modifying the control statement that controls the behavior of `kfree_rcu`.",
            "D": "It is not possible to determine the effect without additional context."
        },
        "answer": "C",
        "distance": 5
    },
    {
        "case_id": "primevul_8",
        "code": "static void recalculate_apic_map(struct kvm *kvm)\n{\n    struct kvm_apic_map *new, *old = NULL;\n    struct kvm_vcpu *vcpu;\n    int i;\n    new = kzalloc(sizeof(struct kvm_apic_map), GFP_KERNEL);\n    mutex_lock(&kvm->arch.apic_map_lock);\n    if (!new)\n    {\n        goto out;\n    }\n    new->ldr_bits = 8;\n    new->cid_shift = 8;\n    new->cid_mask = 0;\n    new->lid_mask = 0xff;\n    kvm_for_each_vcpu(i, vcpu, kvm)\n    {\n        struct kvm_lapic *apic = vcpu->arch.apic;\n        u16 cid, lid;\n        u32 ldr;\n        if (!kvm_apic_present(vcpu))\n        {\n            continue;\n        }\n        if (apic_x2apic_mode(apic))\n        {\n            new->ldr_bits = 32;\n            new->cid_shift = 16;\n            new->cid_mask = new->lid_mask = 0xffff;\n        }\n        else if (kvm_apic_sw_enabled(apic) &&\n                 !new->cid_mask &&\n                 kvm_apic_get_reg(apic, APIC_DFR) == APIC_DFR_CLUSTER)\n        {\n            new->cid_shift = 4;\n            new->cid_mask = 0xf;\n            new->lid_mask = 0xf;\n        }\n        new->phys_map[kvm_apic_id(apic)] = apic;\n        ldr = kvm_apic_get_reg(apic, APIC_LDR);\n        cid = apic_cluster_id(new, ldr);\n        lid = apic_logical_id(new, ldr);\n        if (lid)\n        {\n            new->logical_map[cid][ffs(lid) - 1] = apic;\n        }\n    }\nout:\n    old = rcu_dereference_protected(kvm->arch.apic_map,\n                                    lockdep_is_held(&kvm->arch.apic_map_lock));\n    rcu_assign_pointer(kvm->arch.apic_map, new);\n    mutex_unlock(&kvm->arch.apic_map_lock);\n    if (old)\n    {\n        kfree_rcu(old, rcu);\n    }\n    kvm_vcpu_request_scan_ioapic(kvm);\n}\n",
        "question": "Given that the parameter or function `GFP_KERNEL` is modified before the execution of the function `kfree_rcu`, evaluate the potential impact on the outcomes of `kfree_rcu`. Consider how `GFP_KERNEL` could influence `kfree_rcu`, including its role as a direct parameter, its effect on controlling conditions, or its indirect impacts through other related variables or system states.",
        "choices": {
            "A": "The change to `GFP_KERNEL` directly alters the arguments passed to `kfree_rcu`.",
            "B": "There is neither a direct nor a significant indirect relationship between the changes to `GFP_KERNEL` and the behavior or output of `kfree_rcu`, suggesting no observable impact.",
            "C": "The modification of `GFP_KERNEL` might indirectly influence `kfree_rcu` by modifying the control statement that controls the behavior of `kfree_rcu`.",
            "D": "It is not possible to determine the effect without additional context."
        },
        "answer": "C",
        "distance": 5
    },
    {
        "case_id": "primevul_8",
        "code": "static void recalculate_apic_map(struct kvm *kvm)\n{\n    struct kvm_apic_map *new, *old = NULL;\n    struct kvm_vcpu *vcpu;\n    int i;\n    new = kzalloc(sizeof(struct kvm_apic_map), GFP_KERNEL);\n    mutex_lock(&kvm->arch.apic_map_lock);\n    if (!new)\n    {\n        goto out;\n    }\n    new->ldr_bits = 8;\n    new->cid_shift = 8;\n    new->cid_mask = 0;\n    new->lid_mask = 0xff;\n    kvm_for_each_vcpu(i, vcpu, kvm)\n    {\n        struct kvm_lapic *apic = vcpu->arch.apic;\n        u16 cid, lid;\n        u32 ldr;\n        if (!kvm_apic_present(vcpu))\n        {\n            continue;\n        }\n        if (apic_x2apic_mode(apic))\n        {\n            new->ldr_bits = 32;\n            new->cid_shift = 16;\n            new->cid_mask = new->lid_mask = 0xffff;\n        }\n        else if (kvm_apic_sw_enabled(apic) &&\n                 !new->cid_mask &&\n                 kvm_apic_get_reg(apic, APIC_DFR) == APIC_DFR_CLUSTER)\n        {\n            new->cid_shift = 4;\n            new->cid_mask = 0xf;\n            new->lid_mask = 0xf;\n        }\n        new->phys_map[kvm_apic_id(apic)] = apic;\n        ldr = kvm_apic_get_reg(apic, APIC_LDR);\n        cid = apic_cluster_id(new, ldr);\n        lid = apic_logical_id(new, ldr);\n        if (lid)\n        {\n            new->logical_map[cid][ffs(lid) - 1] = apic;\n        }\n    }\nout:\n    old = rcu_dereference_protected(kvm->arch.apic_map,\n                                    lockdep_is_held(&kvm->arch.apic_map_lock));\n    rcu_assign_pointer(kvm->arch.apic_map, new);\n    mutex_unlock(&kvm->arch.apic_map_lock);\n    if (old)\n    {\n        kfree_rcu(old, rcu);\n    }\n    kvm_vcpu_request_scan_ioapic(kvm);\n}\n",
        "question": "Given that the parameter or function `arch` is modified before the execution of the function `ffs`, evaluate the potential impact on the outcomes of `ffs`. Consider how `arch` could influence `ffs`, including its role as a direct parameter, its effect on controlling conditions, or its indirect impacts through other related variables or system states.",
        "choices": {
            "A": "The change to `arch` directly alters the arguments passed to `ffs`.",
            "B": "There is neither a direct nor a significant indirect relationship between the changes to `arch` and the behavior or output of `ffs`, suggesting no observable impact.",
            "C": "The modification of `arch` might indirectly influence `ffs` by modifying the control statement that controls the behavior of `ffs`.",
            "D": "It is not possible to determine the effect without additional context."
        },
        "answer": "A, C",
        "distance": 3
    },
    {
        "case_id": "primevul_8",
        "code": "static void recalculate_apic_map(struct kvm *kvm)\n{\n    struct kvm_apic_map *new, *old = NULL;\n    struct kvm_vcpu *vcpu;\n    int i;\n    new = kzalloc(sizeof(struct kvm_apic_map), GFP_KERNEL);\n    mutex_lock(&kvm->arch.apic_map_lock);\n    if (!new)\n    {\n        goto out;\n    }\n    new->ldr_bits = 8;\n    new->cid_shift = 8;\n    new->cid_mask = 0;\n    new->lid_mask = 0xff;\n    kvm_for_each_vcpu(i, vcpu, kvm)\n    {\n        struct kvm_lapic *apic = vcpu->arch.apic;\n        u16 cid, lid;\n        u32 ldr;\n        if (!kvm_apic_present(vcpu))\n        {\n            continue;\n        }\n        if (apic_x2apic_mode(apic))\n        {\n            new->ldr_bits = 32;\n            new->cid_shift = 16;\n            new->cid_mask = new->lid_mask = 0xffff;\n        }\n        else if (kvm_apic_sw_enabled(apic) &&\n                 !new->cid_mask &&\n                 kvm_apic_get_reg(apic, APIC_DFR) == APIC_DFR_CLUSTER)\n        {\n            new->cid_shift = 4;\n            new->cid_mask = 0xf;\n            new->lid_mask = 0xf;\n        }\n        new->phys_map[kvm_apic_id(apic)] = apic;\n        ldr = kvm_apic_get_reg(apic, APIC_LDR);\n        cid = apic_cluster_id(new, ldr);\n        lid = apic_logical_id(new, ldr);\n        if (lid)\n        {\n            new->logical_map[cid][ffs(lid) - 1] = apic;\n        }\n    }\nout:\n    old = rcu_dereference_protected(kvm->arch.apic_map,\n                                    lockdep_is_held(&kvm->arch.apic_map_lock));\n    rcu_assign_pointer(kvm->arch.apic_map, new);\n    mutex_unlock(&kvm->arch.apic_map_lock);\n    if (old)\n    {\n        kfree_rcu(old, rcu);\n    }\n    kvm_vcpu_request_scan_ioapic(kvm);\n}\n",
        "question": "Given that the parameter or function `APIC_DFR` is modified before the execution of the function `ffs`, evaluate the potential impact on the outcomes of `ffs`. Consider how `APIC_DFR` could influence `ffs`, including its role as a direct parameter, its effect on controlling conditions, or its indirect impacts through other related variables or system states.",
        "choices": {
            "A": "The change to `APIC_DFR` directly alters the arguments passed to `ffs`.",
            "B": "There is neither a direct nor a significant indirect relationship between the changes to `APIC_DFR` and the behavior or output of `ffs`, suggesting no observable impact.",
            "C": "The modification of `APIC_DFR` might indirectly influence `ffs` by modifying the control statement that controls the behavior of `ffs`.",
            "D": "It is not possible to determine the effect without additional context."
        },
        "answer": "A, C",
        "distance": 3
    },
    {
        "case_id": "primevul_8",
        "code": "static void recalculate_apic_map(struct kvm *kvm)\n{\n    struct kvm_apic_map *new, *old = NULL;\n    struct kvm_vcpu *vcpu;\n    int i;\n    new = kzalloc(sizeof(struct kvm_apic_map), GFP_KERNEL);\n    mutex_lock(&kvm->arch.apic_map_lock);\n    if (!new)\n    {\n        goto out;\n    }\n    new->ldr_bits = 8;\n    new->cid_shift = 8;\n    new->cid_mask = 0;\n    new->lid_mask = 0xff;\n    kvm_for_each_vcpu(i, vcpu, kvm)\n    {\n        struct kvm_lapic *apic = vcpu->arch.apic;\n        u16 cid, lid;\n        u32 ldr;\n        if (!kvm_apic_present(vcpu))\n        {\n            continue;\n        }\n        if (apic_x2apic_mode(apic))\n        {\n            new->ldr_bits = 32;\n            new->cid_shift = 16;\n            new->cid_mask = new->lid_mask = 0xffff;\n        }\n        else if (kvm_apic_sw_enabled(apic) &&\n                 !new->cid_mask &&\n                 kvm_apic_get_reg(apic, APIC_DFR) == APIC_DFR_CLUSTER)\n        {\n            new->cid_shift = 4;\n            new->cid_mask = 0xf;\n            new->lid_mask = 0xf;\n        }\n        new->phys_map[kvm_apic_id(apic)] = apic;\n        ldr = kvm_apic_get_reg(apic, APIC_LDR);\n        cid = apic_cluster_id(new, ldr);\n        lid = apic_logical_id(new, ldr);\n        if (lid)\n        {\n            new->logical_map[cid][ffs(lid) - 1] = apic;\n        }\n    }\nout:\n    old = rcu_dereference_protected(kvm->arch.apic_map,\n                                    lockdep_is_held(&kvm->arch.apic_map_lock));\n    rcu_assign_pointer(kvm->arch.apic_map, new);\n    mutex_unlock(&kvm->arch.apic_map_lock);\n    if (old)\n    {\n        kfree_rcu(old, rcu);\n    }\n    kvm_vcpu_request_scan_ioapic(kvm);\n}\n",
        "question": "Given that the parameter or function `vcpu` is modified before the execution of the function `ffs`, evaluate the potential impact on the outcomes of `ffs`. Consider how `vcpu` could influence `ffs`, including its role as a direct parameter, its effect on controlling conditions, or its indirect impacts through other related variables or system states.",
        "choices": {
            "A": "The change to `vcpu` directly alters the arguments passed to `ffs`.",
            "B": "There is neither a direct nor a significant indirect relationship between the changes to `vcpu` and the behavior or output of `ffs`, suggesting no observable impact.",
            "C": "The modification of `vcpu` might indirectly influence `ffs` by modifying the control statement that controls the behavior of `ffs`.",
            "D": "It is not possible to determine the effect without additional context."
        },
        "answer": "A, C",
        "distance": 3
    },
    {
        "case_id": "primevul_8",
        "code": "static void recalculate_apic_map(struct kvm *kvm)\n{\n    struct kvm_apic_map *new, *old = NULL;\n    struct kvm_vcpu *vcpu;\n    int i;\n    new = kzalloc(sizeof(struct kvm_apic_map), GFP_KERNEL);\n    mutex_lock(&kvm->arch.apic_map_lock);\n    if (!new)\n    {\n        goto out;\n    }\n    new->ldr_bits = 8;\n    new->cid_shift = 8;\n    new->cid_mask = 0;\n    new->lid_mask = 0xff;\n    kvm_for_each_vcpu(i, vcpu, kvm)\n    {\n        struct kvm_lapic *apic = vcpu->arch.apic;\n        u16 cid, lid;\n        u32 ldr;\n        if (!kvm_apic_present(vcpu))\n        {\n            continue;\n        }\n        if (apic_x2apic_mode(apic))\n        {\n            new->ldr_bits = 32;\n            new->cid_shift = 16;\n            new->cid_mask = new->lid_mask = 0xffff;\n        }\n        else if (kvm_apic_sw_enabled(apic) &&\n                 !new->cid_mask &&\n                 kvm_apic_get_reg(apic, APIC_DFR) == APIC_DFR_CLUSTER)\n        {\n            new->cid_shift = 4;\n            new->cid_mask = 0xf;\n            new->lid_mask = 0xf;\n        }\n        new->phys_map[kvm_apic_id(apic)] = apic;\n        ldr = kvm_apic_get_reg(apic, APIC_LDR);\n        cid = apic_cluster_id(new, ldr);\n        lid = apic_logical_id(new, ldr);\n        if (lid)\n        {\n            new->logical_map[cid][ffs(lid) - 1] = apic;\n        }\n    }\nout:\n    old = rcu_dereference_protected(kvm->arch.apic_map,\n                                    lockdep_is_held(&kvm->arch.apic_map_lock));\n    rcu_assign_pointer(kvm->arch.apic_map, new);\n    mutex_unlock(&kvm->arch.apic_map_lock);\n    if (old)\n    {\n        kfree_rcu(old, rcu);\n    }\n    kvm_vcpu_request_scan_ioapic(kvm);\n}\n",
        "question": "Given that the parameter or function `arch` is modified before the execution of the function `kfree_rcu`, evaluate the potential impact on the outcomes of `kfree_rcu`. Consider how `arch` could influence `kfree_rcu`, including its role as a direct parameter, its effect on controlling conditions, or its indirect impacts through other related variables or system states.",
        "choices": {
            "A": "The change to `arch` directly alters the arguments passed to `kfree_rcu`.",
            "B": "There is neither a direct nor a significant indirect relationship between the changes to `arch` and the behavior or output of `kfree_rcu`, suggesting no observable impact.",
            "C": "The modification of `arch` might indirectly influence `kfree_rcu` by modifying the control statement that controls the behavior of `kfree_rcu`.",
            "D": "It is not possible to determine the effect without additional context."
        },
        "answer": "A, C",
        "distance": 3
    }
]