[
    {
        "case_id": "primevul_1",
        "code": "static void ssdp_recv(int sd)\n{\n    ssize_t len;\n    struct sockaddr sa;\n    socklen_t salen;\n    char buf[MAX_PKT_SIZE];\n    memset(buf, 0, sizeof(buf));\n    len = recvfrom(sd, buf, sizeof(buf), MSG_DONTWAIT, &sa, &salen);\n    if (len > 0)\n    {\n        buf[len] = 0;\n        if (sa.sa_family != AF_INET)\n        {\n            return;\n        }\n        if (strstr(buf, \"M-SEARCH *\"))\n        {\n            size_t i;\n            char *ptr, *type;\n            struct ifsock *ifs;\n            struct sockaddr_in *sin = (struct sockaddr_in *)&sa;\n            ifs = find_outbound(&sa);\n            if (!ifs)\n            {\n                logit(LOG_DEBUG, \"No matching socket for client %s\", inet_ntoa(sin->sin_addr));\n                return;\n            }\n            logit(LOG_DEBUG, \"Matching socket for client %s\", inet_ntoa(sin->sin_addr));\n            type = strcasestr(buf, \"\\r\\nST:\");\n            if (!type)\n            {\n                logit(LOG_DEBUG, \"No Search Type (ST:) found in M-SEARCH *, assuming \" SSDP_ST_ALL);\n                type = SSDP_ST_ALL;\n                send_message(ifs, type, &sa);\n                return;\n            }\n            type = strchr(type, ':');\n            if (!type)\n            {\n                return;\n            }\n            type++;\n            while (isspace(*type))\n            {\n                type++;\n            }\n            ptr = strstr(type, \"\\r\\n\");\n            if (!ptr)\n            {\n                return;\n            }\n            *ptr = 0;\n            for (i = 0; supported_types[i]; i++)\n            {\n                if (!strcmp(supported_types[i], type))\n                {\n                    logit(LOG_DEBUG, \"M-SEARCH * ST: %s from %s port %d\", type, inet_ntoa(sin->sin_addr), ntohs(sin->sin_port));\n                    send_message(ifs, type, &sa);\n                    return;\n                }\n            }\n            logit(LOG_DEBUG, \"M-SEARCH * for unsupported ST: %s from %s\", type, inet_ntoa(sin->sin_addr));\n        }\n    }\n}\n",
        "question": "Given that the parameter or function `type` is modified before the execution of the function `strchr`, evaluate the potential impact on the outcomes of `strchr`. Consider how `type` could influence `strchr`, including its role as a direct parameter, its effect on controlling conditions, or its indirect impacts through other related variables or system states.",
        "choices": {
            "A": "The change to `type` directly alters the arguments passed to `strchr`.",
            "B": "There is neither a direct nor a significant indirect relationship between the changes to `type` and the behavior or output of `strchr`, suggesting no observable impact.",
            "C": "The modification of `type` might indirectly influence `strchr` by modifying the control statement that controls the behavior of `strchr`.",
            "D": "It is not possible to determine the effect without additional context."
        },
        "answer": "A",
        "distance": 1
    },
    {
        "case_id": "primevul_1",
        "code": "static void ssdp_recv(int sd)\n{\n    ssize_t len;\n    struct sockaddr sa;\n    socklen_t salen;\n    char buf[MAX_PKT_SIZE];\n    memset(buf, 0, sizeof(buf));\n    len = recvfrom(sd, buf, sizeof(buf), MSG_DONTWAIT, &sa, &salen);\n    if (len > 0)\n    {\n        buf[len] = 0;\n        if (sa.sa_family != AF_INET)\n        {\n            return;\n        }\n        if (strstr(buf, \"M-SEARCH *\"))\n        {\n            size_t i;\n            char *ptr, *type;\n            struct ifsock *ifs;\n            struct sockaddr_in *sin = (struct sockaddr_in *)&sa;\n            ifs = find_outbound(&sa);\n            if (!ifs)\n            {\n                logit(LOG_DEBUG, \"No matching socket for client %s\", inet_ntoa(sin->sin_addr));\n                return;\n            }\n            logit(LOG_DEBUG, \"Matching socket for client %s\", inet_ntoa(sin->sin_addr));\n            type = strcasestr(buf, \"\\r\\nST:\");\n            if (!type)\n            {\n                logit(LOG_DEBUG, \"No Search Type (ST:) found in M-SEARCH *, assuming \" SSDP_ST_ALL);\n                type = SSDP_ST_ALL;\n                send_message(ifs, type, &sa);\n                return;\n            }\n            type = strchr(type, ':');\n            if (!type)\n            {\n                return;\n            }\n            type++;\n            while (isspace(*type))\n            {\n                type++;\n            }\n            ptr = strstr(type, \"\\r\\n\");\n            if (!ptr)\n            {\n                return;\n            }\n            *ptr = 0;\n            for (i = 0; supported_types[i]; i++)\n            {\n                if (!strcmp(supported_types[i], type))\n                {\n                    logit(LOG_DEBUG, \"M-SEARCH * ST: %s from %s port %d\", type, inet_ntoa(sin->sin_addr), ntohs(sin->sin_port));\n                    send_message(ifs, type, &sa);\n                    return;\n                }\n            }\n            logit(LOG_DEBUG, \"M-SEARCH * for unsupported ST: %s from %s\", type, inet_ntoa(sin->sin_addr));\n        }\n    }\n}\n",
        "question": "Given that the parameter or function `memset` is modified before the execution of the function `recvfrom`, evaluate the potential impact on the outcomes of `recvfrom`. Consider how `memset` could influence `recvfrom`, including its role as a direct parameter, its effect on controlling conditions, or its indirect impacts through other related variables or system states.",
        "choices": {
            "A": "The change to `memset` directly alters the arguments passed to `recvfrom`.",
            "B": "There is neither a direct nor a significant indirect relationship between the changes to `memset` and the behavior or output of `recvfrom`, suggesting no observable impact.",
            "C": "The modification of `memset` might indirectly influence `recvfrom` by modifying the control statement that controls the behavior of `recvfrom`.",
            "D": "It is not possible to determine the effect without additional context."
        },
        "answer": "A",
        "distance": 1
    },
    {
        "case_id": "primevul_1",
        "code": "static void ssdp_recv(int sd)\n{\n    ssize_t len;\n    struct sockaddr sa;\n    socklen_t salen;\n    char buf[MAX_PKT_SIZE];\n    memset(buf, 0, sizeof(buf));\n    len = recvfrom(sd, buf, sizeof(buf), MSG_DONTWAIT, &sa, &salen);\n    if (len > 0)\n    {\n        buf[len] = 0;\n        if (sa.sa_family != AF_INET)\n        {\n            return;\n        }\n        if (strstr(buf, \"M-SEARCH *\"))\n        {\n            size_t i;\n            char *ptr, *type;\n            struct ifsock *ifs;\n            struct sockaddr_in *sin = (struct sockaddr_in *)&sa;\n            ifs = find_outbound(&sa);\n            if (!ifs)\n            {\n                logit(LOG_DEBUG, \"No matching socket for client %s\", inet_ntoa(sin->sin_addr));\n                return;\n            }\n            logit(LOG_DEBUG, \"Matching socket for client %s\", inet_ntoa(sin->sin_addr));\n            type = strcasestr(buf, \"\\r\\nST:\");\n            if (!type)\n            {\n                logit(LOG_DEBUG, \"No Search Type (ST:) found in M-SEARCH *, assuming \" SSDP_ST_ALL);\n                type = SSDP_ST_ALL;\n                send_message(ifs, type, &sa);\n                return;\n            }\n            type = strchr(type, ':');\n            if (!type)\n            {\n                return;\n            }\n            type++;\n            while (isspace(*type))\n            {\n                type++;\n            }\n            ptr = strstr(type, \"\\r\\n\");\n            if (!ptr)\n            {\n                return;\n            }\n            *ptr = 0;\n            for (i = 0; supported_types[i]; i++)\n            {\n                if (!strcmp(supported_types[i], type))\n                {\n                    logit(LOG_DEBUG, \"M-SEARCH * ST: %s from %s port %d\", type, inet_ntoa(sin->sin_addr), ntohs(sin->sin_port));\n                    send_message(ifs, type, &sa);\n                    return;\n                }\n            }\n            logit(LOG_DEBUG, \"M-SEARCH * for unsupported ST: %s from %s\", type, inet_ntoa(sin->sin_addr));\n        }\n    }\n}\n",
        "question": "Given that the parameter or function `MSG_DONTWAIT` is modified before the execution of the function `recvfrom`, evaluate the potential impact on the outcomes of `recvfrom`. Consider how `MSG_DONTWAIT` could influence `recvfrom`, including its role as a direct parameter, its effect on controlling conditions, or its indirect impacts through other related variables or system states.",
        "choices": {
            "A": "The change to `MSG_DONTWAIT` directly alters the arguments passed to `recvfrom`.",
            "B": "There is neither a direct nor a significant indirect relationship between the changes to `MSG_DONTWAIT` and the behavior or output of `recvfrom`, suggesting no observable impact.",
            "C": "The modification of `MSG_DONTWAIT` might indirectly influence `recvfrom` by modifying the control statement that controls the behavior of `recvfrom`.",
            "D": "It is not possible to determine the effect without additional context."
        },
        "answer": "A",
        "distance": 1
    },
    {
        "case_id": "primevul_1",
        "code": "static void ssdp_recv(int sd)\n{\n    ssize_t len;\n    struct sockaddr sa;\n    socklen_t salen;\n    char buf[MAX_PKT_SIZE];\n    memset(buf, 0, sizeof(buf));\n    len = recvfrom(sd, buf, sizeof(buf), MSG_DONTWAIT, &sa, &salen);\n    if (len > 0)\n    {\n        buf[len] = 0;\n        if (sa.sa_family != AF_INET)\n        {\n            return;\n        }\n        if (strstr(buf, \"M-SEARCH *\"))\n        {\n            size_t i;\n            char *ptr, *type;\n            struct ifsock *ifs;\n            struct sockaddr_in *sin = (struct sockaddr_in *)&sa;\n            ifs = find_outbound(&sa);\n            if (!ifs)\n            {\n                logit(LOG_DEBUG, \"No matching socket for client %s\", inet_ntoa(sin->sin_addr));\n                return;\n            }\n            logit(LOG_DEBUG, \"Matching socket for client %s\", inet_ntoa(sin->sin_addr));\n            type = strcasestr(buf, \"\\r\\nST:\");\n            if (!type)\n            {\n                logit(LOG_DEBUG, \"No Search Type (ST:) found in M-SEARCH *, assuming \" SSDP_ST_ALL);\n                type = SSDP_ST_ALL;\n                send_message(ifs, type, &sa);\n                return;\n            }\n            type = strchr(type, ':');\n            if (!type)\n            {\n                return;\n            }\n            type++;\n            while (isspace(*type))\n            {\n                type++;\n            }\n            ptr = strstr(type, \"\\r\\n\");\n            if (!ptr)\n            {\n                return;\n            }\n            *ptr = 0;\n            for (i = 0; supported_types[i]; i++)\n            {\n                if (!strcmp(supported_types[i], type))\n                {\n                    logit(LOG_DEBUG, \"M-SEARCH * ST: %s from %s port %d\", type, inet_ntoa(sin->sin_addr), ntohs(sin->sin_port));\n                    send_message(ifs, type, &sa);\n                    return;\n                }\n            }\n            logit(LOG_DEBUG, \"M-SEARCH * for unsupported ST: %s from %s\", type, inet_ntoa(sin->sin_addr));\n        }\n    }\n}\n",
        "question": "Given that the parameter or function `salen` is modified before the execution of the function `recvfrom`, evaluate the potential impact on the outcomes of `recvfrom`. Consider how `salen` could influence `recvfrom`, including its role as a direct parameter, its effect on controlling conditions, or its indirect impacts through other related variables or system states.",
        "choices": {
            "A": "The change to `salen` directly alters the arguments passed to `recvfrom`.",
            "B": "There is neither a direct nor a significant indirect relationship between the changes to `salen` and the behavior or output of `recvfrom`, suggesting no observable impact.",
            "C": "The modification of `salen` might indirectly influence `recvfrom` by modifying the control statement that controls the behavior of `recvfrom`.",
            "D": "It is not possible to determine the effect without additional context."
        },
        "answer": "A",
        "distance": 1
    },
    {
        "case_id": "primevul_1",
        "code": "static void ssdp_recv(int sd)\n{\n    ssize_t len;\n    struct sockaddr sa;\n    socklen_t salen;\n    char buf[MAX_PKT_SIZE];\n    memset(buf, 0, sizeof(buf));\n    len = recvfrom(sd, buf, sizeof(buf), MSG_DONTWAIT, &sa, &salen);\n    if (len > 0)\n    {\n        buf[len] = 0;\n        if (sa.sa_family != AF_INET)\n        {\n            return;\n        }\n        if (strstr(buf, \"M-SEARCH *\"))\n        {\n            size_t i;\n            char *ptr, *type;\n            struct ifsock *ifs;\n            struct sockaddr_in *sin = (struct sockaddr_in *)&sa;\n            ifs = find_outbound(&sa);\n            if (!ifs)\n            {\n                logit(LOG_DEBUG, \"No matching socket for client %s\", inet_ntoa(sin->sin_addr));\n                return;\n            }\n            logit(LOG_DEBUG, \"Matching socket for client %s\", inet_ntoa(sin->sin_addr));\n            type = strcasestr(buf, \"\\r\\nST:\");\n            if (!type)\n            {\n                logit(LOG_DEBUG, \"No Search Type (ST:) found in M-SEARCH *, assuming \" SSDP_ST_ALL);\n                type = SSDP_ST_ALL;\n                send_message(ifs, type, &sa);\n                return;\n            }\n            type = strchr(type, ':');\n            if (!type)\n            {\n                return;\n            }\n            type++;\n            while (isspace(*type))\n            {\n                type++;\n            }\n            ptr = strstr(type, \"\\r\\n\");\n            if (!ptr)\n            {\n                return;\n            }\n            *ptr = 0;\n            for (i = 0; supported_types[i]; i++)\n            {\n                if (!strcmp(supported_types[i], type))\n                {\n                    logit(LOG_DEBUG, \"M-SEARCH * ST: %s from %s port %d\", type, inet_ntoa(sin->sin_addr), ntohs(sin->sin_port));\n                    send_message(ifs, type, &sa);\n                    return;\n                }\n            }\n            logit(LOG_DEBUG, \"M-SEARCH * for unsupported ST: %s from %s\", type, inet_ntoa(sin->sin_addr));\n        }\n    }\n}\n",
        "question": "Given that the parameter or function `find_outbound` is modified before the execution of the function `strchr`, evaluate the potential impact on the outcomes of `strchr`. Consider how `find_outbound` could influence `strchr`, including its role as a direct parameter, its effect on controlling conditions, or its indirect impacts through other related variables or system states.",
        "choices": {
            "A": "The change to `find_outbound` directly alters the arguments passed to `strchr`.",
            "B": "There is neither a direct nor a significant indirect relationship between the changes to `find_outbound` and the behavior or output of `strchr`, suggesting no observable impact.",
            "C": "The modification of `find_outbound` might indirectly influence `strchr` by modifying the control statement that controls the behavior of `strchr`.",
            "D": "It is not possible to determine the effect without additional context."
        },
        "answer": "B",
        "distance": 0
    },
    {
        "case_id": "primevul_1",
        "code": "static void ssdp_recv(int sd)\n{\n    ssize_t len;\n    struct sockaddr sa;\n    socklen_t salen;\n    char buf[MAX_PKT_SIZE];\n    memset(buf, 0, sizeof(buf));\n    len = recvfrom(sd, buf, sizeof(buf), MSG_DONTWAIT, &sa, &salen);\n    if (len > 0)\n    {\n        buf[len] = 0;\n        if (sa.sa_family != AF_INET)\n        {\n            return;\n        }\n        if (strstr(buf, \"M-SEARCH *\"))\n        {\n            size_t i;\n            char *ptr, *type;\n            struct ifsock *ifs;\n            struct sockaddr_in *sin = (struct sockaddr_in *)&sa;\n            ifs = find_outbound(&sa);\n            if (!ifs)\n            {\n                logit(LOG_DEBUG, \"No matching socket for client %s\", inet_ntoa(sin->sin_addr));\n                return;\n            }\n            logit(LOG_DEBUG, \"Matching socket for client %s\", inet_ntoa(sin->sin_addr));\n            type = strcasestr(buf, \"\\r\\nST:\");\n            if (!type)\n            {\n                logit(LOG_DEBUG, \"No Search Type (ST:) found in M-SEARCH *, assuming \" SSDP_ST_ALL);\n                type = SSDP_ST_ALL;\n                send_message(ifs, type, &sa);\n                return;\n            }\n            type = strchr(type, ':');\n            if (!type)\n            {\n                return;\n            }\n            type++;\n            while (isspace(*type))\n            {\n                type++;\n            }\n            ptr = strstr(type, \"\\r\\n\");\n            if (!ptr)\n            {\n                return;\n            }\n            *ptr = 0;\n            for (i = 0; supported_types[i]; i++)\n            {\n                if (!strcmp(supported_types[i], type))\n                {\n                    logit(LOG_DEBUG, \"M-SEARCH * ST: %s from %s port %d\", type, inet_ntoa(sin->sin_addr), ntohs(sin->sin_port));\n                    send_message(ifs, type, &sa);\n                    return;\n                }\n            }\n            logit(LOG_DEBUG, \"M-SEARCH * for unsupported ST: %s from %s\", type, inet_ntoa(sin->sin_addr));\n        }\n    }\n}\n",
        "question": "Given that the parameter or function `strcasestr` is modified before the execution of the function `strchr`, evaluate the potential impact on the outcomes of `strchr`. Consider how `strcasestr` could influence `strchr`, including its role as a direct parameter, its effect on controlling conditions, or its indirect impacts through other related variables or system states.",
        "choices": {
            "A": "The change to `strcasestr` directly alters the arguments passed to `strchr`.",
            "B": "There is neither a direct nor a significant indirect relationship between the changes to `strcasestr` and the behavior or output of `strchr`, suggesting no observable impact.",
            "C": "The modification of `strcasestr` might indirectly influence `strchr` by modifying the control statement that controls the behavior of `strchr`.",
            "D": "It is not possible to determine the effect without additional context."
        },
        "answer": "B",
        "distance": 0
    },
    {
        "case_id": "primevul_1",
        "code": "static void ssdp_recv(int sd)\n{\n    ssize_t len;\n    struct sockaddr sa;\n    socklen_t salen;\n    char buf[MAX_PKT_SIZE];\n    memset(buf, 0, sizeof(buf));\n    len = recvfrom(sd, buf, sizeof(buf), MSG_DONTWAIT, &sa, &salen);\n    if (len > 0)\n    {\n        buf[len] = 0;\n        if (sa.sa_family != AF_INET)\n        {\n            return;\n        }\n        if (strstr(buf, \"M-SEARCH *\"))\n        {\n            size_t i;\n            char *ptr, *type;\n            struct ifsock *ifs;\n            struct sockaddr_in *sin = (struct sockaddr_in *)&sa;\n            ifs = find_outbound(&sa);\n            if (!ifs)\n            {\n                logit(LOG_DEBUG, \"No matching socket for client %s\", inet_ntoa(sin->sin_addr));\n                return;\n            }\n            logit(LOG_DEBUG, \"Matching socket for client %s\", inet_ntoa(sin->sin_addr));\n            type = strcasestr(buf, \"\\r\\nST:\");\n            if (!type)\n            {\n                logit(LOG_DEBUG, \"No Search Type (ST:) found in M-SEARCH *, assuming \" SSDP_ST_ALL);\n                type = SSDP_ST_ALL;\n                send_message(ifs, type, &sa);\n                return;\n            }\n            type = strchr(type, ':');\n            if (!type)\n            {\n                return;\n            }\n            type++;\n            while (isspace(*type))\n            {\n                type++;\n            }\n            ptr = strstr(type, \"\\r\\n\");\n            if (!ptr)\n            {\n                return;\n            }\n            *ptr = 0;\n            for (i = 0; supported_types[i]; i++)\n            {\n                if (!strcmp(supported_types[i], type))\n                {\n                    logit(LOG_DEBUG, \"M-SEARCH * ST: %s from %s port %d\", type, inet_ntoa(sin->sin_addr), ntohs(sin->sin_port));\n                    send_message(ifs, type, &sa);\n                    return;\n                }\n            }\n            logit(LOG_DEBUG, \"M-SEARCH * for unsupported ST: %s from %s\", type, inet_ntoa(sin->sin_addr));\n        }\n    }\n}\n",
        "question": "Given that the parameter or function `ntohs` is modified before the execution of the function `strchr`, evaluate the potential impact on the outcomes of `strchr`. Consider how `ntohs` could influence `strchr`, including its role as a direct parameter, its effect on controlling conditions, or its indirect impacts through other related variables or system states.",
        "choices": {
            "A": "The change to `ntohs` directly alters the arguments passed to `strchr`.",
            "B": "There is neither a direct nor a significant indirect relationship between the changes to `ntohs` and the behavior or output of `strchr`, suggesting no observable impact.",
            "C": "The modification of `ntohs` might indirectly influence `strchr` by modifying the control statement that controls the behavior of `strchr`.",
            "D": "It is not possible to determine the effect without additional context."
        },
        "answer": "B",
        "distance": 0
    },
    {
        "case_id": "primevul_1",
        "code": "static void ssdp_recv(int sd)\n{\n    ssize_t len;\n    struct sockaddr sa;\n    socklen_t salen;\n    char buf[MAX_PKT_SIZE];\n    memset(buf, 0, sizeof(buf));\n    len = recvfrom(sd, buf, sizeof(buf), MSG_DONTWAIT, &sa, &salen);\n    if (len > 0)\n    {\n        buf[len] = 0;\n        if (sa.sa_family != AF_INET)\n        {\n            return;\n        }\n        if (strstr(buf, \"M-SEARCH *\"))\n        {\n            size_t i;\n            char *ptr, *type;\n            struct ifsock *ifs;\n            struct sockaddr_in *sin = (struct sockaddr_in *)&sa;\n            ifs = find_outbound(&sa);\n            if (!ifs)\n            {\n                logit(LOG_DEBUG, \"No matching socket for client %s\", inet_ntoa(sin->sin_addr));\n                return;\n            }\n            logit(LOG_DEBUG, \"Matching socket for client %s\", inet_ntoa(sin->sin_addr));\n            type = strcasestr(buf, \"\\r\\nST:\");\n            if (!type)\n            {\n                logit(LOG_DEBUG, \"No Search Type (ST:) found in M-SEARCH *, assuming \" SSDP_ST_ALL);\n                type = SSDP_ST_ALL;\n                send_message(ifs, type, &sa);\n                return;\n            }\n            type = strchr(type, ':');\n            if (!type)\n            {\n                return;\n            }\n            type++;\n            while (isspace(*type))\n            {\n                type++;\n            }\n            ptr = strstr(type, \"\\r\\n\");\n            if (!ptr)\n            {\n                return;\n            }\n            *ptr = 0;\n            for (i = 0; supported_types[i]; i++)\n            {\n                if (!strcmp(supported_types[i], type))\n                {\n                    logit(LOG_DEBUG, \"M-SEARCH * ST: %s from %s port %d\", type, inet_ntoa(sin->sin_addr), ntohs(sin->sin_port));\n                    send_message(ifs, type, &sa);\n                    return;\n                }\n            }\n            logit(LOG_DEBUG, \"M-SEARCH * for unsupported ST: %s from %s\", type, inet_ntoa(sin->sin_addr));\n        }\n    }\n}\n",
        "question": "Given that the parameter or function `ST:` is modified before the execution of the function `strchr`, evaluate the potential impact on the outcomes of `strchr`. Consider how `ST:` could influence `strchr`, including its role as a direct parameter, its effect on controlling conditions, or its indirect impacts through other related variables or system states.",
        "choices": {
            "A": "The change to `ST:` directly alters the arguments passed to `strchr`.",
            "B": "There is neither a direct nor a significant indirect relationship between the changes to `ST:` and the behavior or output of `strchr`, suggesting no observable impact.",
            "C": "The modification of `ST:` might indirectly influence `strchr` by modifying the control statement that controls the behavior of `strchr`.",
            "D": "It is not possible to determine the effect without additional context."
        },
        "answer": "B",
        "distance": 0
    },
    {
        "case_id": "primevul_1",
        "code": "static void ssdp_recv(int sd)\n{\n    ssize_t len;\n    struct sockaddr sa;\n    socklen_t salen;\n    char buf[MAX_PKT_SIZE];\n    memset(buf, 0, sizeof(buf));\n    len = recvfrom(sd, buf, sizeof(buf), MSG_DONTWAIT, &sa, &salen);\n    if (len > 0)\n    {\n        buf[len] = 0;\n        if (sa.sa_family != AF_INET)\n        {\n            return;\n        }\n        if (strstr(buf, \"M-SEARCH *\"))\n        {\n            size_t i;\n            char *ptr, *type;\n            struct ifsock *ifs;\n            struct sockaddr_in *sin = (struct sockaddr_in *)&sa;\n            ifs = find_outbound(&sa);\n            if (!ifs)\n            {\n                logit(LOG_DEBUG, \"No matching socket for client %s\", inet_ntoa(sin->sin_addr));\n                return;\n            }\n            logit(LOG_DEBUG, \"Matching socket for client %s\", inet_ntoa(sin->sin_addr));\n            type = strcasestr(buf, \"\\r\\nST:\");\n            if (!type)\n            {\n                logit(LOG_DEBUG, \"No Search Type (ST:) found in M-SEARCH *, assuming \" SSDP_ST_ALL);\n                type = SSDP_ST_ALL;\n                send_message(ifs, type, &sa);\n                return;\n            }\n            type = strchr(type, ':');\n            if (!type)\n            {\n                return;\n            }\n            type++;\n            while (isspace(*type))\n            {\n                type++;\n            }\n            ptr = strstr(type, \"\\r\\n\");\n            if (!ptr)\n            {\n                return;\n            }\n            *ptr = 0;\n            for (i = 0; supported_types[i]; i++)\n            {\n                if (!strcmp(supported_types[i], type))\n                {\n                    logit(LOG_DEBUG, \"M-SEARCH * ST: %s from %s port %d\", type, inet_ntoa(sin->sin_addr), ntohs(sin->sin_port));\n                    send_message(ifs, type, &sa);\n                    return;\n                }\n            }\n            logit(LOG_DEBUG, \"M-SEARCH * for unsupported ST: %s from %s\", type, inet_ntoa(sin->sin_addr));\n        }\n    }\n}\n",
        "question": "Given that the parameter or function `memset` is modified before the execution of the function `strchr`, evaluate the potential impact on the outcomes of `strchr`. Consider how `memset` could influence `strchr`, including its role as a direct parameter, its effect on controlling conditions, or its indirect impacts through other related variables or system states.",
        "choices": {
            "A": "The change to `memset` directly alters the arguments passed to `strchr`.",
            "B": "There is neither a direct nor a significant indirect relationship between the changes to `memset` and the behavior or output of `strchr`, suggesting no observable impact.",
            "C": "The modification of `memset` might indirectly influence `strchr` by modifying the control statement that controls the behavior of `strchr`.",
            "D": "It is not possible to determine the effect without additional context."
        },
        "answer": "C",
        "distance": 2
    },
    {
        "case_id": "primevul_1",
        "code": "static void ssdp_recv(int sd)\n{\n    ssize_t len;\n    struct sockaddr sa;\n    socklen_t salen;\n    char buf[MAX_PKT_SIZE];\n    memset(buf, 0, sizeof(buf));\n    len = recvfrom(sd, buf, sizeof(buf), MSG_DONTWAIT, &sa, &salen);\n    if (len > 0)\n    {\n        buf[len] = 0;\n        if (sa.sa_family != AF_INET)\n        {\n            return;\n        }\n        if (strstr(buf, \"M-SEARCH *\"))\n        {\n            size_t i;\n            char *ptr, *type;\n            struct ifsock *ifs;\n            struct sockaddr_in *sin = (struct sockaddr_in *)&sa;\n            ifs = find_outbound(&sa);\n            if (!ifs)\n            {\n                logit(LOG_DEBUG, \"No matching socket for client %s\", inet_ntoa(sin->sin_addr));\n                return;\n            }\n            logit(LOG_DEBUG, \"Matching socket for client %s\", inet_ntoa(sin->sin_addr));\n            type = strcasestr(buf, \"\\r\\nST:\");\n            if (!type)\n            {\n                logit(LOG_DEBUG, \"No Search Type (ST:) found in M-SEARCH *, assuming \" SSDP_ST_ALL);\n                type = SSDP_ST_ALL;\n                send_message(ifs, type, &sa);\n                return;\n            }\n            type = strchr(type, ':');\n            if (!type)\n            {\n                return;\n            }\n            type++;\n            while (isspace(*type))\n            {\n                type++;\n            }\n            ptr = strstr(type, \"\\r\\n\");\n            if (!ptr)\n            {\n                return;\n            }\n            *ptr = 0;\n            for (i = 0; supported_types[i]; i++)\n            {\n                if (!strcmp(supported_types[i], type))\n                {\n                    logit(LOG_DEBUG, \"M-SEARCH * ST: %s from %s port %d\", type, inet_ntoa(sin->sin_addr), ntohs(sin->sin_port));\n                    send_message(ifs, type, &sa);\n                    return;\n                }\n            }\n            logit(LOG_DEBUG, \"M-SEARCH * for unsupported ST: %s from %s\", type, inet_ntoa(sin->sin_addr));\n        }\n    }\n}\n",
        "question": "Given that the parameter or function `memset` is modified before the execution of the function `find_outbound`, evaluate the potential impact on the outcomes of `find_outbound`. Consider how `memset` could influence `find_outbound`, including its role as a direct parameter, its effect on controlling conditions, or its indirect impacts through other related variables or system states.",
        "choices": {
            "A": "The change to `memset` directly alters the arguments passed to `find_outbound`.",
            "B": "There is neither a direct nor a significant indirect relationship between the changes to `memset` and the behavior or output of `find_outbound`, suggesting no observable impact.",
            "C": "The modification of `memset` might indirectly influence `find_outbound` by modifying the control statement that controls the behavior of `find_outbound`.",
            "D": "It is not possible to determine the effect without additional context."
        },
        "answer": "C",
        "distance": 2
    },
    {
        "case_id": "primevul_1",
        "code": "static void ssdp_recv(int sd)\n{\n    ssize_t len;\n    struct sockaddr sa;\n    socklen_t salen;\n    char buf[MAX_PKT_SIZE];\n    memset(buf, 0, sizeof(buf));\n    len = recvfrom(sd, buf, sizeof(buf), MSG_DONTWAIT, &sa, &salen);\n    if (len > 0)\n    {\n        buf[len] = 0;\n        if (sa.sa_family != AF_INET)\n        {\n            return;\n        }\n        if (strstr(buf, \"M-SEARCH *\"))\n        {\n            size_t i;\n            char *ptr, *type;\n            struct ifsock *ifs;\n            struct sockaddr_in *sin = (struct sockaddr_in *)&sa;\n            ifs = find_outbound(&sa);\n            if (!ifs)\n            {\n                logit(LOG_DEBUG, \"No matching socket for client %s\", inet_ntoa(sin->sin_addr));\n                return;\n            }\n            logit(LOG_DEBUG, \"Matching socket for client %s\", inet_ntoa(sin->sin_addr));\n            type = strcasestr(buf, \"\\r\\nST:\");\n            if (!type)\n            {\n                logit(LOG_DEBUG, \"No Search Type (ST:) found in M-SEARCH *, assuming \" SSDP_ST_ALL);\n                type = SSDP_ST_ALL;\n                send_message(ifs, type, &sa);\n                return;\n            }\n            type = strchr(type, ':');\n            if (!type)\n            {\n                return;\n            }\n            type++;\n            while (isspace(*type))\n            {\n                type++;\n            }\n            ptr = strstr(type, \"\\r\\n\");\n            if (!ptr)\n            {\n                return;\n            }\n            *ptr = 0;\n            for (i = 0; supported_types[i]; i++)\n            {\n                if (!strcmp(supported_types[i], type))\n                {\n                    logit(LOG_DEBUG, \"M-SEARCH * ST: %s from %s port %d\", type, inet_ntoa(sin->sin_addr), ntohs(sin->sin_port));\n                    send_message(ifs, type, &sa);\n                    return;\n                }\n            }\n            logit(LOG_DEBUG, \"M-SEARCH * for unsupported ST: %s from %s\", type, inet_ntoa(sin->sin_addr));\n        }\n    }\n}\n",
        "question": "Given that the parameter or function `memset` is modified before the execution of the function `ntohs`, evaluate the potential impact on the outcomes of `ntohs`. Consider how `memset` could influence `ntohs`, including its role as a direct parameter, its effect on controlling conditions, or its indirect impacts through other related variables or system states.",
        "choices": {
            "A": "The change to `memset` directly alters the arguments passed to `ntohs`.",
            "B": "There is neither a direct nor a significant indirect relationship between the changes to `memset` and the behavior or output of `ntohs`, suggesting no observable impact.",
            "C": "The modification of `memset` might indirectly influence `ntohs` by modifying the control statement that controls the behavior of `ntohs`.",
            "D": "It is not possible to determine the effect without additional context."
        },
        "answer": "C",
        "distance": 2
    },
    {
        "case_id": "primevul_1",
        "code": "static void ssdp_recv(int sd)\n{\n    ssize_t len;\n    struct sockaddr sa;\n    socklen_t salen;\n    char buf[MAX_PKT_SIZE];\n    memset(buf, 0, sizeof(buf));\n    len = recvfrom(sd, buf, sizeof(buf), MSG_DONTWAIT, &sa, &salen);\n    if (len > 0)\n    {\n        buf[len] = 0;\n        if (sa.sa_family != AF_INET)\n        {\n            return;\n        }\n        if (strstr(buf, \"M-SEARCH *\"))\n        {\n            size_t i;\n            char *ptr, *type;\n            struct ifsock *ifs;\n            struct sockaddr_in *sin = (struct sockaddr_in *)&sa;\n            ifs = find_outbound(&sa);\n            if (!ifs)\n            {\n                logit(LOG_DEBUG, \"No matching socket for client %s\", inet_ntoa(sin->sin_addr));\n                return;\n            }\n            logit(LOG_DEBUG, \"Matching socket for client %s\", inet_ntoa(sin->sin_addr));\n            type = strcasestr(buf, \"\\r\\nST:\");\n            if (!type)\n            {\n                logit(LOG_DEBUG, \"No Search Type (ST:) found in M-SEARCH *, assuming \" SSDP_ST_ALL);\n                type = SSDP_ST_ALL;\n                send_message(ifs, type, &sa);\n                return;\n            }\n            type = strchr(type, ':');\n            if (!type)\n            {\n                return;\n            }\n            type++;\n            while (isspace(*type))\n            {\n                type++;\n            }\n            ptr = strstr(type, \"\\r\\n\");\n            if (!ptr)\n            {\n                return;\n            }\n            *ptr = 0;\n            for (i = 0; supported_types[i]; i++)\n            {\n                if (!strcmp(supported_types[i], type))\n                {\n                    logit(LOG_DEBUG, \"M-SEARCH * ST: %s from %s port %d\", type, inet_ntoa(sin->sin_addr), ntohs(sin->sin_port));\n                    send_message(ifs, type, &sa);\n                    return;\n                }\n            }\n            logit(LOG_DEBUG, \"M-SEARCH * for unsupported ST: %s from %s\", type, inet_ntoa(sin->sin_addr));\n        }\n    }\n}\n",
        "question": "Given that the parameter or function `recvfrom` is modified before the execution of the function `strchr`, evaluate the potential impact on the outcomes of `strchr`. Consider how `recvfrom` could influence `strchr`, including its role as a direct parameter, its effect on controlling conditions, or its indirect impacts through other related variables or system states.",
        "choices": {
            "A": "The change to `recvfrom` directly alters the arguments passed to `strchr`.",
            "B": "There is neither a direct nor a significant indirect relationship between the changes to `recvfrom` and the behavior or output of `strchr`, suggesting no observable impact.",
            "C": "The modification of `recvfrom` might indirectly influence `strchr` by modifying the control statement that controls the behavior of `strchr`.",
            "D": "It is not possible to determine the effect without additional context."
        },
        "answer": "C",
        "distance": 1
    },
    {
        "case_id": "primevul_1",
        "code": "static void ssdp_recv(int sd)\n{\n    ssize_t len;\n    struct sockaddr sa;\n    socklen_t salen;\n    char buf[MAX_PKT_SIZE];\n    memset(buf, 0, sizeof(buf));\n    len = recvfrom(sd, buf, sizeof(buf), MSG_DONTWAIT, &sa, &salen);\n    if (len > 0)\n    {\n        buf[len] = 0;\n        if (sa.sa_family != AF_INET)\n        {\n            return;\n        }\n        if (strstr(buf, \"M-SEARCH *\"))\n        {\n            size_t i;\n            char *ptr, *type;\n            struct ifsock *ifs;\n            struct sockaddr_in *sin = (struct sockaddr_in *)&sa;\n            ifs = find_outbound(&sa);\n            if (!ifs)\n            {\n                logit(LOG_DEBUG, \"No matching socket for client %s\", inet_ntoa(sin->sin_addr));\n                return;\n            }\n            logit(LOG_DEBUG, \"Matching socket for client %s\", inet_ntoa(sin->sin_addr));\n            type = strcasestr(buf, \"\\r\\nST:\");\n            if (!type)\n            {\n                logit(LOG_DEBUG, \"No Search Type (ST:) found in M-SEARCH *, assuming \" SSDP_ST_ALL);\n                type = SSDP_ST_ALL;\n                send_message(ifs, type, &sa);\n                return;\n            }\n            type = strchr(type, ':');\n            if (!type)\n            {\n                return;\n            }\n            type++;\n            while (isspace(*type))\n            {\n                type++;\n            }\n            ptr = strstr(type, \"\\r\\n\");\n            if (!ptr)\n            {\n                return;\n            }\n            *ptr = 0;\n            for (i = 0; supported_types[i]; i++)\n            {\n                if (!strcmp(supported_types[i], type))\n                {\n                    logit(LOG_DEBUG, \"M-SEARCH * ST: %s from %s port %d\", type, inet_ntoa(sin->sin_addr), ntohs(sin->sin_port));\n                    send_message(ifs, type, &sa);\n                    return;\n                }\n            }\n            logit(LOG_DEBUG, \"M-SEARCH * for unsupported ST: %s from %s\", type, inet_ntoa(sin->sin_addr));\n        }\n    }\n}\n",
        "question": "Given that the parameter or function `memset` is modified before the execution of the function `strcasestr`, evaluate the potential impact on the outcomes of `strcasestr`. Consider how `memset` could influence `strcasestr`, including its role as a direct parameter, its effect on controlling conditions, or its indirect impacts through other related variables or system states.",
        "choices": {
            "A": "The change to `memset` directly alters the arguments passed to `strcasestr`.",
            "B": "There is neither a direct nor a significant indirect relationship between the changes to `memset` and the behavior or output of `strcasestr`, suggesting no observable impact.",
            "C": "The modification of `memset` might indirectly influence `strcasestr` by modifying the control statement that controls the behavior of `strcasestr`.",
            "D": "It is not possible to determine the effect without additional context."
        },
        "answer": "A, C",
        "distance": 2
    }
]