[
    {
        "case_id": "primevul_40",
        "code": "rend_service_intro_established(origin_circuit_t *circuit, const uint8_t *request, size_t request_len)\n{\n  rend_service_t *service;\n  rend_intro_point_t *intro;\n  char serviceid[REND_SERVICE_ID_LEN_BASE32+1];\n  (void) request;\n  (void) request_len;\n  tor_assert(circuit->rend_data);\n  const char *rend_pk_digest = (char *) rend_data_get_pk_digest(circuit->rend_data, NULL);\n  if (circuit->base_.purpose != CIRCUIT_PURPOSE_S_ESTABLISH_INTRO)\n  {\n    log_warn(LD_PROTOCOL,\n             \"received INTRO_ESTABLISHED cell on non-intro circuit.\");\n    goto err;\n  }\n  service = rend_service_get_by_pk_digest(rend_pk_digest);\n  if (!service)\n  {\n    log_warn(LD_REND, \"Unknown service on introduction circuit %u.\",\n              (unsigned)circuit->base_.n_circ_id);\n    goto err;\n  }\n  intro = find_intro_point(circuit);\n  if (intro == NULL)\n  {\n    log_warn(LD_REND,\n             \"Introduction circuit established without a rend_intro_point_t \"\n             \"object for service %s on circuit %u\",\n             safe_str_client(serviceid), (unsigned)circuit->base_.n_circ_id);\n    goto err;\n  }\n  intro->circuit_established = 1;\n  service->desc_is_dirty = time(NULL);\n  circuit_change_purpose(TO_CIRCUIT(circuit), CIRCUIT_PURPOSE_S_INTRO);\n  base32_encode(serviceid, REND_SERVICE_ID_LEN_BASE32 + 1, rend_pk_digest, REND_SERVICE_ID_LEN);\n  log_info(LD_REND,\n           \"Received INTRO_ESTABLISHED cell on circuit %u for service %s\",\n           (unsigned)circuit->base_.n_circ_id, serviceid);\n  pathbias_mark_use_success(circuit);\n  return 0;\n err:\n  circuit_mark_for_close(TO_CIRCUIT(circuit), END_CIRC_REASON_TORPROTOCOL);\n  return -1;\n}\n",
        "question": "Given that the parameter or function `rend_data_get_pk_digest` is modified before the execution of the function `base32_encode`, evaluate the potential impact on the outcomes of `base32_encode`. Consider how `rend_data_get_pk_digest` could influence `base32_encode`, including its role as a direct parameter, its effect on controlling conditions, or its indirect impacts through other related variables or system states.",
        "choices": {
            "A": "The change to `rend_data_get_pk_digest` directly alters the arguments passed to `base32_encode`.",
            "B": "There is neither a direct nor a significant indirect relationship between the changes to `rend_data_get_pk_digest` and the behavior or output of `base32_encode`, suggesting no observable impact.",
            "C": "The modification of `rend_data_get_pk_digest` might indirectly influence `base32_encode` by modifying the control statement that controls the behavior of `base32_encode`.",
            "D": "It is not possible to determine the effect without additional context."
        },
        "answer": "A",
        "distance": 3
    },
    {
        "case_id": "primevul_40",
        "code": "rend_service_intro_established(origin_circuit_t *circuit, const uint8_t *request, size_t request_len)\n{\n  rend_service_t *service;\n  rend_intro_point_t *intro;\n  char serviceid[REND_SERVICE_ID_LEN_BASE32+1];\n  (void) request;\n  (void) request_len;\n  tor_assert(circuit->rend_data);\n  const char *rend_pk_digest = (char *) rend_data_get_pk_digest(circuit->rend_data, NULL);\n  if (circuit->base_.purpose != CIRCUIT_PURPOSE_S_ESTABLISH_INTRO)\n  {\n    log_warn(LD_PROTOCOL,\n             \"received INTRO_ESTABLISHED cell on non-intro circuit.\");\n    goto err;\n  }\n  service = rend_service_get_by_pk_digest(rend_pk_digest);\n  if (!service)\n  {\n    log_warn(LD_REND, \"Unknown service on introduction circuit %u.\",\n              (unsigned)circuit->base_.n_circ_id);\n    goto err;\n  }\n  intro = find_intro_point(circuit);\n  if (intro == NULL)\n  {\n    log_warn(LD_REND,\n             \"Introduction circuit established without a rend_intro_point_t \"\n             \"object for service %s on circuit %u\",\n             safe_str_client(serviceid), (unsigned)circuit->base_.n_circ_id);\n    goto err;\n  }\n  intro->circuit_established = 1;\n  service->desc_is_dirty = time(NULL);\n  circuit_change_purpose(TO_CIRCUIT(circuit), CIRCUIT_PURPOSE_S_INTRO);\n  base32_encode(serviceid, REND_SERVICE_ID_LEN_BASE32 + 1, rend_pk_digest, REND_SERVICE_ID_LEN);\n  log_info(LD_REND,\n           \"Received INTRO_ESTABLISHED cell on circuit %u for service %s\",\n           (unsigned)circuit->base_.n_circ_id, serviceid);\n  pathbias_mark_use_success(circuit);\n  return 0;\n err:\n  circuit_mark_for_close(TO_CIRCUIT(circuit), END_CIRC_REASON_TORPROTOCOL);\n  return -1;\n}\n",
        "question": "Given that the parameter or function `rend_data` is modified before the execution of the function `base32_encode`, evaluate the potential impact on the outcomes of `base32_encode`. Consider how `rend_data` could influence `base32_encode`, including its role as a direct parameter, its effect on controlling conditions, or its indirect impacts through other related variables or system states.",
        "choices": {
            "A": "The change to `rend_data` directly alters the arguments passed to `base32_encode`.",
            "B": "There is neither a direct nor a significant indirect relationship between the changes to `rend_data` and the behavior or output of `base32_encode`, suggesting no observable impact.",
            "C": "The modification of `rend_data` might indirectly influence `base32_encode` by modifying the control statement that controls the behavior of `base32_encode`.",
            "D": "It is not possible to determine the effect without additional context."
        },
        "answer": "A",
        "distance": 3
    },
    {
        "case_id": "primevul_40",
        "code": "rend_service_intro_established(origin_circuit_t *circuit, const uint8_t *request, size_t request_len)\n{\n  rend_service_t *service;\n  rend_intro_point_t *intro;\n  char serviceid[REND_SERVICE_ID_LEN_BASE32+1];\n  (void) request;\n  (void) request_len;\n  tor_assert(circuit->rend_data);\n  const char *rend_pk_digest = (char *) rend_data_get_pk_digest(circuit->rend_data, NULL);\n  if (circuit->base_.purpose != CIRCUIT_PURPOSE_S_ESTABLISH_INTRO)\n  {\n    log_warn(LD_PROTOCOL,\n             \"received INTRO_ESTABLISHED cell on non-intro circuit.\");\n    goto err;\n  }\n  service = rend_service_get_by_pk_digest(rend_pk_digest);\n  if (!service)\n  {\n    log_warn(LD_REND, \"Unknown service on introduction circuit %u.\",\n              (unsigned)circuit->base_.n_circ_id);\n    goto err;\n  }\n  intro = find_intro_point(circuit);\n  if (intro == NULL)\n  {\n    log_warn(LD_REND,\n             \"Introduction circuit established without a rend_intro_point_t \"\n             \"object for service %s on circuit %u\",\n             safe_str_client(serviceid), (unsigned)circuit->base_.n_circ_id);\n    goto err;\n  }\n  intro->circuit_established = 1;\n  service->desc_is_dirty = time(NULL);\n  circuit_change_purpose(TO_CIRCUIT(circuit), CIRCUIT_PURPOSE_S_INTRO);\n  base32_encode(serviceid, REND_SERVICE_ID_LEN_BASE32 + 1, rend_pk_digest, REND_SERVICE_ID_LEN);\n  log_info(LD_REND,\n           \"Received INTRO_ESTABLISHED cell on circuit %u for service %s\",\n           (unsigned)circuit->base_.n_circ_id, serviceid);\n  pathbias_mark_use_success(circuit);\n  return 0;\n err:\n  circuit_mark_for_close(TO_CIRCUIT(circuit), END_CIRC_REASON_TORPROTOCOL);\n  return -1;\n}\n",
        "question": "Given that the parameter or function `char` is modified before the execution of the function `base32_encode`, evaluate the potential impact on the outcomes of `base32_encode`. Consider how `char` could influence `base32_encode`, including its role as a direct parameter, its effect on controlling conditions, or its indirect impacts through other related variables or system states.",
        "choices": {
            "A": "The change to `char` directly alters the arguments passed to `base32_encode`.",
            "B": "There is neither a direct nor a significant indirect relationship between the changes to `char` and the behavior or output of `base32_encode`, suggesting no observable impact.",
            "C": "The modification of `char` might indirectly influence `base32_encode` by modifying the control statement that controls the behavior of `base32_encode`.",
            "D": "It is not possible to determine the effect without additional context."
        },
        "answer": "A",
        "distance": 3
    },
    {
        "case_id": "primevul_40",
        "code": "rend_service_intro_established(origin_circuit_t *circuit, const uint8_t *request, size_t request_len)\n{\n  rend_service_t *service;\n  rend_intro_point_t *intro;\n  char serviceid[REND_SERVICE_ID_LEN_BASE32+1];\n  (void) request;\n  (void) request_len;\n  tor_assert(circuit->rend_data);\n  const char *rend_pk_digest = (char *) rend_data_get_pk_digest(circuit->rend_data, NULL);\n  if (circuit->base_.purpose != CIRCUIT_PURPOSE_S_ESTABLISH_INTRO)\n  {\n    log_warn(LD_PROTOCOL,\n             \"received INTRO_ESTABLISHED cell on non-intro circuit.\");\n    goto err;\n  }\n  service = rend_service_get_by_pk_digest(rend_pk_digest);\n  if (!service)\n  {\n    log_warn(LD_REND, \"Unknown service on introduction circuit %u.\",\n              (unsigned)circuit->base_.n_circ_id);\n    goto err;\n  }\n  intro = find_intro_point(circuit);\n  if (intro == NULL)\n  {\n    log_warn(LD_REND,\n             \"Introduction circuit established without a rend_intro_point_t \"\n             \"object for service %s on circuit %u\",\n             safe_str_client(serviceid), (unsigned)circuit->base_.n_circ_id);\n    goto err;\n  }\n  intro->circuit_established = 1;\n  service->desc_is_dirty = time(NULL);\n  circuit_change_purpose(TO_CIRCUIT(circuit), CIRCUIT_PURPOSE_S_INTRO);\n  base32_encode(serviceid, REND_SERVICE_ID_LEN_BASE32 + 1, rend_pk_digest, REND_SERVICE_ID_LEN);\n  log_info(LD_REND,\n           \"Received INTRO_ESTABLISHED cell on circuit %u for service %s\",\n           (unsigned)circuit->base_.n_circ_id, serviceid);\n  pathbias_mark_use_success(circuit);\n  return 0;\n err:\n  circuit_mark_for_close(TO_CIRCUIT(circuit), END_CIRC_REASON_TORPROTOCOL);\n  return -1;\n}\n",
        "question": "Given that the parameter or function `circuit` is modified before the execution of the function `base32_encode`, evaluate the potential impact on the outcomes of `base32_encode`. Consider how `circuit` could influence `base32_encode`, including its role as a direct parameter, its effect on controlling conditions, or its indirect impacts through other related variables or system states.",
        "choices": {
            "A": "The change to `circuit` directly alters the arguments passed to `base32_encode`.",
            "B": "There is neither a direct nor a significant indirect relationship between the changes to `circuit` and the behavior or output of `base32_encode`, suggesting no observable impact.",
            "C": "The modification of `circuit` might indirectly influence `base32_encode` by modifying the control statement that controls the behavior of `base32_encode`.",
            "D": "It is not possible to determine the effect without additional context."
        },
        "answer": "A",
        "distance": 3
    },
    {
        "case_id": "primevul_40",
        "code": "rend_service_intro_established(origin_circuit_t *circuit, const uint8_t *request, size_t request_len)\n{\n  rend_service_t *service;\n  rend_intro_point_t *intro;\n  char serviceid[REND_SERVICE_ID_LEN_BASE32+1];\n  (void) request;\n  (void) request_len;\n  tor_assert(circuit->rend_data);\n  const char *rend_pk_digest = (char *) rend_data_get_pk_digest(circuit->rend_data, NULL);\n  if (circuit->base_.purpose != CIRCUIT_PURPOSE_S_ESTABLISH_INTRO)\n  {\n    log_warn(LD_PROTOCOL,\n             \"received INTRO_ESTABLISHED cell on non-intro circuit.\");\n    goto err;\n  }\n  service = rend_service_get_by_pk_digest(rend_pk_digest);\n  if (!service)\n  {\n    log_warn(LD_REND, \"Unknown service on introduction circuit %u.\",\n              (unsigned)circuit->base_.n_circ_id);\n    goto err;\n  }\n  intro = find_intro_point(circuit);\n  if (intro == NULL)\n  {\n    log_warn(LD_REND,\n             \"Introduction circuit established without a rend_intro_point_t \"\n             \"object for service %s on circuit %u\",\n             safe_str_client(serviceid), (unsigned)circuit->base_.n_circ_id);\n    goto err;\n  }\n  intro->circuit_established = 1;\n  service->desc_is_dirty = time(NULL);\n  circuit_change_purpose(TO_CIRCUIT(circuit), CIRCUIT_PURPOSE_S_INTRO);\n  base32_encode(serviceid, REND_SERVICE_ID_LEN_BASE32 + 1, rend_pk_digest, REND_SERVICE_ID_LEN);\n  log_info(LD_REND,\n           \"Received INTRO_ESTABLISHED cell on circuit %u for service %s\",\n           (unsigned)circuit->base_.n_circ_id, serviceid);\n  pathbias_mark_use_success(circuit);\n  return 0;\n err:\n  circuit_mark_for_close(TO_CIRCUIT(circuit), END_CIRC_REASON_TORPROTOCOL);\n  return -1;\n}\n",
        "question": "Given that the parameter or function `pathbias_mark_use_success` is modified before the execution of the function `rend_data_get_pk_digest`, evaluate the potential impact on the outcomes of `rend_data_get_pk_digest`. Consider how `pathbias_mark_use_success` could influence `rend_data_get_pk_digest`, including its role as a direct parameter, its effect on controlling conditions, or its indirect impacts through other related variables or system states.",
        "choices": {
            "A": "The change to `pathbias_mark_use_success` directly alters the arguments passed to `rend_data_get_pk_digest`.",
            "B": "There is neither a direct nor a significant indirect relationship between the changes to `pathbias_mark_use_success` and the behavior or output of `rend_data_get_pk_digest`, suggesting no observable impact.",
            "C": "The modification of `pathbias_mark_use_success` might indirectly influence `rend_data_get_pk_digest` by modifying the control statement that controls the behavior of `rend_data_get_pk_digest`.",
            "D": "It is not possible to determine the effect without additional context."
        },
        "answer": "B",
        "distance": 0
    },
    {
        "case_id": "primevul_40",
        "code": "rend_service_intro_established(origin_circuit_t *circuit, const uint8_t *request, size_t request_len)\n{\n  rend_service_t *service;\n  rend_intro_point_t *intro;\n  char serviceid[REND_SERVICE_ID_LEN_BASE32+1];\n  (void) request;\n  (void) request_len;\n  tor_assert(circuit->rend_data);\n  const char *rend_pk_digest = (char *) rend_data_get_pk_digest(circuit->rend_data, NULL);\n  if (circuit->base_.purpose != CIRCUIT_PURPOSE_S_ESTABLISH_INTRO)\n  {\n    log_warn(LD_PROTOCOL,\n             \"received INTRO_ESTABLISHED cell on non-intro circuit.\");\n    goto err;\n  }\n  service = rend_service_get_by_pk_digest(rend_pk_digest);\n  if (!service)\n  {\n    log_warn(LD_REND, \"Unknown service on introduction circuit %u.\",\n              (unsigned)circuit->base_.n_circ_id);\n    goto err;\n  }\n  intro = find_intro_point(circuit);\n  if (intro == NULL)\n  {\n    log_warn(LD_REND,\n             \"Introduction circuit established without a rend_intro_point_t \"\n             \"object for service %s on circuit %u\",\n             safe_str_client(serviceid), (unsigned)circuit->base_.n_circ_id);\n    goto err;\n  }\n  intro->circuit_established = 1;\n  service->desc_is_dirty = time(NULL);\n  circuit_change_purpose(TO_CIRCUIT(circuit), CIRCUIT_PURPOSE_S_INTRO);\n  base32_encode(serviceid, REND_SERVICE_ID_LEN_BASE32 + 1, rend_pk_digest, REND_SERVICE_ID_LEN);\n  log_info(LD_REND,\n           \"Received INTRO_ESTABLISHED cell on circuit %u for service %s\",\n           (unsigned)circuit->base_.n_circ_id, serviceid);\n  pathbias_mark_use_success(circuit);\n  return 0;\n err:\n  circuit_mark_for_close(TO_CIRCUIT(circuit), END_CIRC_REASON_TORPROTOCOL);\n  return -1;\n}\n",
        "question": "Given that the parameter or function `base32_encode` is modified before the execution of the function `rend_data_get_pk_digest`, evaluate the potential impact on the outcomes of `rend_data_get_pk_digest`. Consider how `base32_encode` could influence `rend_data_get_pk_digest`, including its role as a direct parameter, its effect on controlling conditions, or its indirect impacts through other related variables or system states.",
        "choices": {
            "A": "The change to `base32_encode` directly alters the arguments passed to `rend_data_get_pk_digest`.",
            "B": "There is neither a direct nor a significant indirect relationship between the changes to `base32_encode` and the behavior or output of `rend_data_get_pk_digest`, suggesting no observable impact.",
            "C": "The modification of `base32_encode` might indirectly influence `rend_data_get_pk_digest` by modifying the control statement that controls the behavior of `rend_data_get_pk_digest`.",
            "D": "It is not possible to determine the effect without additional context."
        },
        "answer": "B",
        "distance": 0
    },
    {
        "case_id": "primevul_40",
        "code": "rend_service_intro_established(origin_circuit_t *circuit, const uint8_t *request, size_t request_len)\n{\n  rend_service_t *service;\n  rend_intro_point_t *intro;\n  char serviceid[REND_SERVICE_ID_LEN_BASE32+1];\n  (void) request;\n  (void) request_len;\n  tor_assert(circuit->rend_data);\n  const char *rend_pk_digest = (char *) rend_data_get_pk_digest(circuit->rend_data, NULL);\n  if (circuit->base_.purpose != CIRCUIT_PURPOSE_S_ESTABLISH_INTRO)\n  {\n    log_warn(LD_PROTOCOL,\n             \"received INTRO_ESTABLISHED cell on non-intro circuit.\");\n    goto err;\n  }\n  service = rend_service_get_by_pk_digest(rend_pk_digest);\n  if (!service)\n  {\n    log_warn(LD_REND, \"Unknown service on introduction circuit %u.\",\n              (unsigned)circuit->base_.n_circ_id);\n    goto err;\n  }\n  intro = find_intro_point(circuit);\n  if (intro == NULL)\n  {\n    log_warn(LD_REND,\n             \"Introduction circuit established without a rend_intro_point_t \"\n             \"object for service %s on circuit %u\",\n             safe_str_client(serviceid), (unsigned)circuit->base_.n_circ_id);\n    goto err;\n  }\n  intro->circuit_established = 1;\n  service->desc_is_dirty = time(NULL);\n  circuit_change_purpose(TO_CIRCUIT(circuit), CIRCUIT_PURPOSE_S_INTRO);\n  base32_encode(serviceid, REND_SERVICE_ID_LEN_BASE32 + 1, rend_pk_digest, REND_SERVICE_ID_LEN);\n  log_info(LD_REND,\n           \"Received INTRO_ESTABLISHED cell on circuit %u for service %s\",\n           (unsigned)circuit->base_.n_circ_id, serviceid);\n  pathbias_mark_use_success(circuit);\n  return 0;\n err:\n  circuit_mark_for_close(TO_CIRCUIT(circuit), END_CIRC_REASON_TORPROTOCOL);\n  return -1;\n}\n",
        "question": "Given that the parameter or function `safe_str_client` is modified before the execution of the function `rend_data_get_pk_digest`, evaluate the potential impact on the outcomes of `rend_data_get_pk_digest`. Consider how `safe_str_client` could influence `rend_data_get_pk_digest`, including its role as a direct parameter, its effect on controlling conditions, or its indirect impacts through other related variables or system states.",
        "choices": {
            "A": "The change to `safe_str_client` directly alters the arguments passed to `rend_data_get_pk_digest`.",
            "B": "There is neither a direct nor a significant indirect relationship between the changes to `safe_str_client` and the behavior or output of `rend_data_get_pk_digest`, suggesting no observable impact.",
            "C": "The modification of `safe_str_client` might indirectly influence `rend_data_get_pk_digest` by modifying the control statement that controls the behavior of `rend_data_get_pk_digest`.",
            "D": "It is not possible to determine the effect without additional context."
        },
        "answer": "B",
        "distance": 0
    },
    {
        "case_id": "primevul_40",
        "code": "rend_service_intro_established(origin_circuit_t *circuit, const uint8_t *request, size_t request_len)\n{\n  rend_service_t *service;\n  rend_intro_point_t *intro;\n  char serviceid[REND_SERVICE_ID_LEN_BASE32+1];\n  (void) request;\n  (void) request_len;\n  tor_assert(circuit->rend_data);\n  const char *rend_pk_digest = (char *) rend_data_get_pk_digest(circuit->rend_data, NULL);\n  if (circuit->base_.purpose != CIRCUIT_PURPOSE_S_ESTABLISH_INTRO)\n  {\n    log_warn(LD_PROTOCOL,\n             \"received INTRO_ESTABLISHED cell on non-intro circuit.\");\n    goto err;\n  }\n  service = rend_service_get_by_pk_digest(rend_pk_digest);\n  if (!service)\n  {\n    log_warn(LD_REND, \"Unknown service on introduction circuit %u.\",\n              (unsigned)circuit->base_.n_circ_id);\n    goto err;\n  }\n  intro = find_intro_point(circuit);\n  if (intro == NULL)\n  {\n    log_warn(LD_REND,\n             \"Introduction circuit established without a rend_intro_point_t \"\n             \"object for service %s on circuit %u\",\n             safe_str_client(serviceid), (unsigned)circuit->base_.n_circ_id);\n    goto err;\n  }\n  intro->circuit_established = 1;\n  service->desc_is_dirty = time(NULL);\n  circuit_change_purpose(TO_CIRCUIT(circuit), CIRCUIT_PURPOSE_S_INTRO);\n  base32_encode(serviceid, REND_SERVICE_ID_LEN_BASE32 + 1, rend_pk_digest, REND_SERVICE_ID_LEN);\n  log_info(LD_REND,\n           \"Received INTRO_ESTABLISHED cell on circuit %u for service %s\",\n           (unsigned)circuit->base_.n_circ_id, serviceid);\n  pathbias_mark_use_success(circuit);\n  return 0;\n err:\n  circuit_mark_for_close(TO_CIRCUIT(circuit), END_CIRC_REASON_TORPROTOCOL);\n  return -1;\n}\n",
        "question": "Given that the parameter or function `circuit_change_purpose` is modified before the execution of the function `rend_data_get_pk_digest`, evaluate the potential impact on the outcomes of `rend_data_get_pk_digest`. Consider how `circuit_change_purpose` could influence `rend_data_get_pk_digest`, including its role as a direct parameter, its effect on controlling conditions, or its indirect impacts through other related variables or system states.",
        "choices": {
            "A": "The change to `circuit_change_purpose` directly alters the arguments passed to `rend_data_get_pk_digest`.",
            "B": "There is neither a direct nor a significant indirect relationship between the changes to `circuit_change_purpose` and the behavior or output of `rend_data_get_pk_digest`, suggesting no observable impact.",
            "C": "The modification of `circuit_change_purpose` might indirectly influence `rend_data_get_pk_digest` by modifying the control statement that controls the behavior of `rend_data_get_pk_digest`.",
            "D": "It is not possible to determine the effect without additional context."
        },
        "answer": "B",
        "distance": 0
    },
    {
        "case_id": "primevul_40",
        "code": "rend_service_intro_established(origin_circuit_t *circuit, const uint8_t *request, size_t request_len)\n{\n  rend_service_t *service;\n  rend_intro_point_t *intro;\n  char serviceid[REND_SERVICE_ID_LEN_BASE32+1];\n  (void) request;\n  (void) request_len;\n  tor_assert(circuit->rend_data);\n  const char *rend_pk_digest = (char *) rend_data_get_pk_digest(circuit->rend_data, NULL);\n  if (circuit->base_.purpose != CIRCUIT_PURPOSE_S_ESTABLISH_INTRO)\n  {\n    log_warn(LD_PROTOCOL,\n             \"received INTRO_ESTABLISHED cell on non-intro circuit.\");\n    goto err;\n  }\n  service = rend_service_get_by_pk_digest(rend_pk_digest);\n  if (!service)\n  {\n    log_warn(LD_REND, \"Unknown service on introduction circuit %u.\",\n              (unsigned)circuit->base_.n_circ_id);\n    goto err;\n  }\n  intro = find_intro_point(circuit);\n  if (intro == NULL)\n  {\n    log_warn(LD_REND,\n             \"Introduction circuit established without a rend_intro_point_t \"\n             \"object for service %s on circuit %u\",\n             safe_str_client(serviceid), (unsigned)circuit->base_.n_circ_id);\n    goto err;\n  }\n  intro->circuit_established = 1;\n  service->desc_is_dirty = time(NULL);\n  circuit_change_purpose(TO_CIRCUIT(circuit), CIRCUIT_PURPOSE_S_INTRO);\n  base32_encode(serviceid, REND_SERVICE_ID_LEN_BASE32 + 1, rend_pk_digest, REND_SERVICE_ID_LEN);\n  log_info(LD_REND,\n           \"Received INTRO_ESTABLISHED cell on circuit %u for service %s\",\n           (unsigned)circuit->base_.n_circ_id, serviceid);\n  pathbias_mark_use_success(circuit);\n  return 0;\n err:\n  circuit_mark_for_close(TO_CIRCUIT(circuit), END_CIRC_REASON_TORPROTOCOL);\n  return -1;\n}\n",
        "question": "Given that the parameter or function `find_intro_point` is modified before the execution of the function `safe_str_client`, evaluate the potential impact on the outcomes of `safe_str_client`. Consider how `find_intro_point` could influence `safe_str_client`, including its role as a direct parameter, its effect on controlling conditions, or its indirect impacts through other related variables or system states.",
        "choices": {
            "A": "The change to `find_intro_point` directly alters the arguments passed to `safe_str_client`.",
            "B": "There is neither a direct nor a significant indirect relationship between the changes to `find_intro_point` and the behavior or output of `safe_str_client`, suggesting no observable impact.",
            "C": "The modification of `find_intro_point` might indirectly influence `safe_str_client` by modifying the control statement that controls the behavior of `safe_str_client`.",
            "D": "It is not possible to determine the effect without additional context."
        },
        "answer": "C",
        "distance": 1
    },
    {
        "case_id": "primevul_40",
        "code": "rend_service_intro_established(origin_circuit_t *circuit, const uint8_t *request, size_t request_len)\n{\n  rend_service_t *service;\n  rend_intro_point_t *intro;\n  char serviceid[REND_SERVICE_ID_LEN_BASE32+1];\n  (void) request;\n  (void) request_len;\n  tor_assert(circuit->rend_data);\n  const char *rend_pk_digest = (char *) rend_data_get_pk_digest(circuit->rend_data, NULL);\n  if (circuit->base_.purpose != CIRCUIT_PURPOSE_S_ESTABLISH_INTRO)\n  {\n    log_warn(LD_PROTOCOL,\n             \"received INTRO_ESTABLISHED cell on non-intro circuit.\");\n    goto err;\n  }\n  service = rend_service_get_by_pk_digest(rend_pk_digest);\n  if (!service)\n  {\n    log_warn(LD_REND, \"Unknown service on introduction circuit %u.\",\n              (unsigned)circuit->base_.n_circ_id);\n    goto err;\n  }\n  intro = find_intro_point(circuit);\n  if (intro == NULL)\n  {\n    log_warn(LD_REND,\n             \"Introduction circuit established without a rend_intro_point_t \"\n             \"object for service %s on circuit %u\",\n             safe_str_client(serviceid), (unsigned)circuit->base_.n_circ_id);\n    goto err;\n  }\n  intro->circuit_established = 1;\n  service->desc_is_dirty = time(NULL);\n  circuit_change_purpose(TO_CIRCUIT(circuit), CIRCUIT_PURPOSE_S_INTRO);\n  base32_encode(serviceid, REND_SERVICE_ID_LEN_BASE32 + 1, rend_pk_digest, REND_SERVICE_ID_LEN);\n  log_info(LD_REND,\n           \"Received INTRO_ESTABLISHED cell on circuit %u for service %s\",\n           (unsigned)circuit->base_.n_circ_id, serviceid);\n  pathbias_mark_use_success(circuit);\n  return 0;\n err:\n  circuit_mark_for_close(TO_CIRCUIT(circuit), END_CIRC_REASON_TORPROTOCOL);\n  return -1;\n}\n",
        "question": "Given that the parameter or function `circuit` is modified before the execution of the function `safe_str_client`, evaluate the potential impact on the outcomes of `safe_str_client`. Consider how `circuit` could influence `safe_str_client`, including its role as a direct parameter, its effect on controlling conditions, or its indirect impacts through other related variables or system states.",
        "choices": {
            "A": "The change to `circuit` directly alters the arguments passed to `safe_str_client`.",
            "B": "There is neither a direct nor a significant indirect relationship between the changes to `circuit` and the behavior or output of `safe_str_client`, suggesting no observable impact.",
            "C": "The modification of `circuit` might indirectly influence `safe_str_client` by modifying the control statement that controls the behavior of `safe_str_client`.",
            "D": "It is not possible to determine the effect without additional context."
        },
        "answer": "C",
        "distance": 1
    },
    {
        "case_id": "primevul_40",
        "code": "rend_service_intro_established(origin_circuit_t *circuit, const uint8_t *request, size_t request_len)\n{\n  rend_service_t *service;\n  rend_intro_point_t *intro;\n  char serviceid[REND_SERVICE_ID_LEN_BASE32+1];\n  (void) request;\n  (void) request_len;\n  tor_assert(circuit->rend_data);\n  const char *rend_pk_digest = (char *) rend_data_get_pk_digest(circuit->rend_data, NULL);\n  if (circuit->base_.purpose != CIRCUIT_PURPOSE_S_ESTABLISH_INTRO)\n  {\n    log_warn(LD_PROTOCOL,\n             \"received INTRO_ESTABLISHED cell on non-intro circuit.\");\n    goto err;\n  }\n  service = rend_service_get_by_pk_digest(rend_pk_digest);\n  if (!service)\n  {\n    log_warn(LD_REND, \"Unknown service on introduction circuit %u.\",\n              (unsigned)circuit->base_.n_circ_id);\n    goto err;\n  }\n  intro = find_intro_point(circuit);\n  if (intro == NULL)\n  {\n    log_warn(LD_REND,\n             \"Introduction circuit established without a rend_intro_point_t \"\n             \"object for service %s on circuit %u\",\n             safe_str_client(serviceid), (unsigned)circuit->base_.n_circ_id);\n    goto err;\n  }\n  intro->circuit_established = 1;\n  service->desc_is_dirty = time(NULL);\n  circuit_change_purpose(TO_CIRCUIT(circuit), CIRCUIT_PURPOSE_S_INTRO);\n  base32_encode(serviceid, REND_SERVICE_ID_LEN_BASE32 + 1, rend_pk_digest, REND_SERVICE_ID_LEN);\n  log_info(LD_REND,\n           \"Received INTRO_ESTABLISHED cell on circuit %u for service %s\",\n           (unsigned)circuit->base_.n_circ_id, serviceid);\n  pathbias_mark_use_success(circuit);\n  return 0;\n err:\n  circuit_mark_for_close(TO_CIRCUIT(circuit), END_CIRC_REASON_TORPROTOCOL);\n  return -1;\n}\n",
        "question": "Given that the parameter or function `intro` is modified before the execution of the function `safe_str_client`, evaluate the potential impact on the outcomes of `safe_str_client`. Consider how `intro` could influence `safe_str_client`, including its role as a direct parameter, its effect on controlling conditions, or its indirect impacts through other related variables or system states.",
        "choices": {
            "A": "The change to `intro` directly alters the arguments passed to `safe_str_client`.",
            "B": "There is neither a direct nor a significant indirect relationship between the changes to `intro` and the behavior or output of `safe_str_client`, suggesting no observable impact.",
            "C": "The modification of `intro` might indirectly influence `safe_str_client` by modifying the control statement that controls the behavior of `safe_str_client`.",
            "D": "It is not possible to determine the effect without additional context."
        },
        "answer": "C",
        "distance": 0
    }
]