[
    {
        "case_id": "primevul_48",
        "code": "static int einj_error_inject(u32 type, u32 flags, u64 param1, u64 param2, u64 param3, u64 param4)\n{\n    int rc;\n    u64 base_addr, size;\n    if (flags && (flags & ~(SETWA_FLAGS_APICID|SETWA_FLAGS_MEM|SETWA_FLAGS_PCIE_SBDF)))\n    {\n        return -EINVAL;\n    }\n    if (!(param_extension || acpi5))\n    {\n        goto inject;\n    }\n    if (type & ACPI5_VENDOR_BIT)\n    {\n        if (vendor_flags != SETWA_FLAGS_MEM)\n        {\n            goto inject;\n        }\n    }\n    else if (!(type & MEM_ERROR_MASK) && !(flags & SETWA_FLAGS_MEM))\n    {\n        goto inject;\n    }\n    base_addr = param1 & param2;\n    size = ~param2 + 1;\n    if (((param2 & PAGE_MASK) != PAGE_MASK) ||\n        ((region_intersects(base_addr, size, IORESOURCE_SYSTEM_RAM, IORES_DESC_NONE) != REGION_INTERSECTS) &&\n         (region_intersects(base_addr, size, IORESOURCE_MEM, IORES_DESC_PERSISTENT_MEMORY) != REGION_INTERSECTS)))\n    {\n        return -EINVAL;\n    }\n    inject:\n    mutex_lock(&einj_mutex);\n    rc = __einj_error_inject(type, flags, param1, param2, param3, param4);\n    mutex_unlock(&einj_mutex);\n    return rc;\n}\n",
        "question": "Given that the parameter or function `mutex_lock` is modified before the execution of the function `mutex_unlock`, evaluate the potential impact on the outcomes of `mutex_unlock`. Consider how `mutex_lock` could influence `mutex_unlock`, including its role as a direct parameter, its effect on controlling conditions, or its indirect impacts through other related variables or system states.",
        "choices": {
            "A": "The change to `mutex_lock` directly alters the arguments passed to `mutex_unlock`.",
            "B": "There is neither a direct nor a significant indirect relationship between the changes to `mutex_lock` and the behavior or output of `mutex_unlock`, suggesting no observable impact.",
            "C": "The modification of `mutex_lock` might indirectly influence `mutex_unlock` by modifying the control statement that controls the behavior of `mutex_unlock`.",
            "D": "It is not possible to determine the effect without additional context."
        },
        "answer": "A",
        "distance": 1
    },
    {
        "case_id": "primevul_48",
        "code": "static int einj_error_inject(u32 type, u32 flags, u64 param1, u64 param2, u64 param3, u64 param4)\n{\n    int rc;\n    u64 base_addr, size;\n    if (flags && (flags & ~(SETWA_FLAGS_APICID|SETWA_FLAGS_MEM|SETWA_FLAGS_PCIE_SBDF)))\n    {\n        return -EINVAL;\n    }\n    if (!(param_extension || acpi5))\n    {\n        goto inject;\n    }\n    if (type & ACPI5_VENDOR_BIT)\n    {\n        if (vendor_flags != SETWA_FLAGS_MEM)\n        {\n            goto inject;\n        }\n    }\n    else if (!(type & MEM_ERROR_MASK) && !(flags & SETWA_FLAGS_MEM))\n    {\n        goto inject;\n    }\n    base_addr = param1 & param2;\n    size = ~param2 + 1;\n    if (((param2 & PAGE_MASK) != PAGE_MASK) ||\n        ((region_intersects(base_addr, size, IORESOURCE_SYSTEM_RAM, IORES_DESC_NONE) != REGION_INTERSECTS) &&\n         (region_intersects(base_addr, size, IORESOURCE_MEM, IORES_DESC_PERSISTENT_MEMORY) != REGION_INTERSECTS)))\n    {\n        return -EINVAL;\n    }\n    inject:\n    mutex_lock(&einj_mutex);\n    rc = __einj_error_inject(type, flags, param1, param2, param3, param4);\n    mutex_unlock(&einj_mutex);\n    return rc;\n}\n",
        "question": "Given that the parameter or function `einj_mutex` is modified before the execution of the function `mutex_unlock`, evaluate the potential impact on the outcomes of `mutex_unlock`. Consider how `einj_mutex` could influence `mutex_unlock`, including its role as a direct parameter, its effect on controlling conditions, or its indirect impacts through other related variables or system states.",
        "choices": {
            "A": "The change to `einj_mutex` directly alters the arguments passed to `mutex_unlock`.",
            "B": "There is neither a direct nor a significant indirect relationship between the changes to `einj_mutex` and the behavior or output of `mutex_unlock`, suggesting no observable impact.",
            "C": "The modification of `einj_mutex` might indirectly influence `mutex_unlock` by modifying the control statement that controls the behavior of `mutex_unlock`.",
            "D": "It is not possible to determine the effect without additional context."
        },
        "answer": "A",
        "distance": 1
    },
    {
        "case_id": "primevul_48",
        "code": "static int einj_error_inject(u32 type, u32 flags, u64 param1, u64 param2, u64 param3, u64 param4)\n{\n    int rc;\n    u64 base_addr, size;\n    if (flags && (flags & ~(SETWA_FLAGS_APICID|SETWA_FLAGS_MEM|SETWA_FLAGS_PCIE_SBDF)))\n    {\n        return -EINVAL;\n    }\n    if (!(param_extension || acpi5))\n    {\n        goto inject;\n    }\n    if (type & ACPI5_VENDOR_BIT)\n    {\n        if (vendor_flags != SETWA_FLAGS_MEM)\n        {\n            goto inject;\n        }\n    }\n    else if (!(type & MEM_ERROR_MASK) && !(flags & SETWA_FLAGS_MEM))\n    {\n        goto inject;\n    }\n    base_addr = param1 & param2;\n    size = ~param2 + 1;\n    if (((param2 & PAGE_MASK) != PAGE_MASK) ||\n        ((region_intersects(base_addr, size, IORESOURCE_SYSTEM_RAM, IORES_DESC_NONE) != REGION_INTERSECTS) &&\n         (region_intersects(base_addr, size, IORESOURCE_MEM, IORES_DESC_PERSISTENT_MEMORY) != REGION_INTERSECTS)))\n    {\n        return -EINVAL;\n    }\n    inject:\n    mutex_lock(&einj_mutex);\n    rc = __einj_error_inject(type, flags, param1, param2, param3, param4);\n    mutex_unlock(&einj_mutex);\n    return rc;\n}\n",
        "question": "Given that the parameter or function `einj_mutex` is modified before the execution of the function `mutex_lock`, evaluate the potential impact on the outcomes of `mutex_lock`. Consider how `einj_mutex` could influence `mutex_lock`, including its role as a direct parameter, its effect on controlling conditions, or its indirect impacts through other related variables or system states.",
        "choices": {
            "A": "The change to `einj_mutex` directly alters the arguments passed to `mutex_lock`.",
            "B": "There is neither a direct nor a significant indirect relationship between the changes to `einj_mutex` and the behavior or output of `mutex_lock`, suggesting no observable impact.",
            "C": "The modification of `einj_mutex` might indirectly influence `mutex_lock` by modifying the control statement that controls the behavior of `mutex_lock`.",
            "D": "It is not possible to determine the effect without additional context."
        },
        "answer": "A",
        "distance": 1
    },
    {
        "case_id": "primevul_48",
        "code": "static int einj_error_inject(u32 type, u32 flags, u64 param1, u64 param2, u64 param3, u64 param4)\n{\n    int rc;\n    u64 base_addr, size;\n    if (flags && (flags & ~(SETWA_FLAGS_APICID|SETWA_FLAGS_MEM|SETWA_FLAGS_PCIE_SBDF)))\n    {\n        return -EINVAL;\n    }\n    if (!(param_extension || acpi5))\n    {\n        goto inject;\n    }\n    if (type & ACPI5_VENDOR_BIT)\n    {\n        if (vendor_flags != SETWA_FLAGS_MEM)\n        {\n            goto inject;\n        }\n    }\n    else if (!(type & MEM_ERROR_MASK) && !(flags & SETWA_FLAGS_MEM))\n    {\n        goto inject;\n    }\n    base_addr = param1 & param2;\n    size = ~param2 + 1;\n    if (((param2 & PAGE_MASK) != PAGE_MASK) ||\n        ((region_intersects(base_addr, size, IORESOURCE_SYSTEM_RAM, IORES_DESC_NONE) != REGION_INTERSECTS) &&\n         (region_intersects(base_addr, size, IORESOURCE_MEM, IORES_DESC_PERSISTENT_MEMORY) != REGION_INTERSECTS)))\n    {\n        return -EINVAL;\n    }\n    inject:\n    mutex_lock(&einj_mutex);\n    rc = __einj_error_inject(type, flags, param1, param2, param3, param4);\n    mutex_unlock(&einj_mutex);\n    return rc;\n}\n",
        "question": "Given that the parameter or function `param1` is modified before the execution of the function `__einj_error_inject`, evaluate the potential impact on the outcomes of `__einj_error_inject`. Consider how `param1` could influence `__einj_error_inject`, including its role as a direct parameter, its effect on controlling conditions, or its indirect impacts through other related variables or system states.",
        "choices": {
            "A": "The change to `param1` directly alters the arguments passed to `__einj_error_inject`.",
            "B": "There is neither a direct nor a significant indirect relationship between the changes to `param1` and the behavior or output of `__einj_error_inject`, suggesting no observable impact.",
            "C": "The modification of `param1` might indirectly influence `__einj_error_inject` by modifying the control statement that controls the behavior of `__einj_error_inject`.",
            "D": "It is not possible to determine the effect without additional context."
        },
        "answer": "A",
        "distance": 1
    },
    {
        "case_id": "primevul_48",
        "code": "static int einj_error_inject(u32 type, u32 flags, u64 param1, u64 param2, u64 param3, u64 param4)\n{\n    int rc;\n    u64 base_addr, size;\n    if (flags && (flags & ~(SETWA_FLAGS_APICID|SETWA_FLAGS_MEM|SETWA_FLAGS_PCIE_SBDF)))\n    {\n        return -EINVAL;\n    }\n    if (!(param_extension || acpi5))\n    {\n        goto inject;\n    }\n    if (type & ACPI5_VENDOR_BIT)\n    {\n        if (vendor_flags != SETWA_FLAGS_MEM)\n        {\n            goto inject;\n        }\n    }\n    else if (!(type & MEM_ERROR_MASK) && !(flags & SETWA_FLAGS_MEM))\n    {\n        goto inject;\n    }\n    base_addr = param1 & param2;\n    size = ~param2 + 1;\n    if (((param2 & PAGE_MASK) != PAGE_MASK) ||\n        ((region_intersects(base_addr, size, IORESOURCE_SYSTEM_RAM, IORES_DESC_NONE) != REGION_INTERSECTS) &&\n         (region_intersects(base_addr, size, IORESOURCE_MEM, IORES_DESC_PERSISTENT_MEMORY) != REGION_INTERSECTS)))\n    {\n        return -EINVAL;\n    }\n    inject:\n    mutex_lock(&einj_mutex);\n    rc = __einj_error_inject(type, flags, param1, param2, param3, param4);\n    mutex_unlock(&einj_mutex);\n    return rc;\n}\n",
        "question": "Given that the parameter or function `__einj_error_inject` is modified before the execution of the function `mutex_unlock`, evaluate the potential impact on the outcomes of `mutex_unlock`. Consider how `__einj_error_inject` could influence `mutex_unlock`, including its role as a direct parameter, its effect on controlling conditions, or its indirect impacts through other related variables or system states.",
        "choices": {
            "A": "The change to `__einj_error_inject` directly alters the arguments passed to `mutex_unlock`.",
            "B": "There is neither a direct nor a significant indirect relationship between the changes to `__einj_error_inject` and the behavior or output of `mutex_unlock`, suggesting no observable impact.",
            "C": "The modification of `__einj_error_inject` might indirectly influence `mutex_unlock` by modifying the control statement that controls the behavior of `mutex_unlock`.",
            "D": "It is not possible to determine the effect without additional context."
        },
        "answer": "B",
        "distance": 0
    },
    {
        "case_id": "primevul_48",
        "code": "static int einj_error_inject(u32 type, u32 flags, u64 param1, u64 param2, u64 param3, u64 param4)\n{\n    int rc;\n    u64 base_addr, size;\n    if (flags && (flags & ~(SETWA_FLAGS_APICID|SETWA_FLAGS_MEM|SETWA_FLAGS_PCIE_SBDF)))\n    {\n        return -EINVAL;\n    }\n    if (!(param_extension || acpi5))\n    {\n        goto inject;\n    }\n    if (type & ACPI5_VENDOR_BIT)\n    {\n        if (vendor_flags != SETWA_FLAGS_MEM)\n        {\n            goto inject;\n        }\n    }\n    else if (!(type & MEM_ERROR_MASK) && !(flags & SETWA_FLAGS_MEM))\n    {\n        goto inject;\n    }\n    base_addr = param1 & param2;\n    size = ~param2 + 1;\n    if (((param2 & PAGE_MASK) != PAGE_MASK) ||\n        ((region_intersects(base_addr, size, IORESOURCE_SYSTEM_RAM, IORES_DESC_NONE) != REGION_INTERSECTS) &&\n         (region_intersects(base_addr, size, IORESOURCE_MEM, IORES_DESC_PERSISTENT_MEMORY) != REGION_INTERSECTS)))\n    {\n        return -EINVAL;\n    }\n    inject:\n    mutex_lock(&einj_mutex);\n    rc = __einj_error_inject(type, flags, param1, param2, param3, param4);\n    mutex_unlock(&einj_mutex);\n    return rc;\n}\n",
        "question": "Given that the parameter or function `param1` is modified before the execution of the function `mutex_unlock`, evaluate the potential impact on the outcomes of `mutex_unlock`. Consider how `param1` could influence `mutex_unlock`, including its role as a direct parameter, its effect on controlling conditions, or its indirect impacts through other related variables or system states.",
        "choices": {
            "A": "The change to `param1` directly alters the arguments passed to `mutex_unlock`.",
            "B": "There is neither a direct nor a significant indirect relationship between the changes to `param1` and the behavior or output of `mutex_unlock`, suggesting no observable impact.",
            "C": "The modification of `param1` might indirectly influence `mutex_unlock` by modifying the control statement that controls the behavior of `mutex_unlock`.",
            "D": "It is not possible to determine the effect without additional context."
        },
        "answer": "B",
        "distance": 0
    },
    {
        "case_id": "primevul_48",
        "code": "static int einj_error_inject(u32 type, u32 flags, u64 param1, u64 param2, u64 param3, u64 param4)\n{\n    int rc;\n    u64 base_addr, size;\n    if (flags && (flags & ~(SETWA_FLAGS_APICID|SETWA_FLAGS_MEM|SETWA_FLAGS_PCIE_SBDF)))\n    {\n        return -EINVAL;\n    }\n    if (!(param_extension || acpi5))\n    {\n        goto inject;\n    }\n    if (type & ACPI5_VENDOR_BIT)\n    {\n        if (vendor_flags != SETWA_FLAGS_MEM)\n        {\n            goto inject;\n        }\n    }\n    else if (!(type & MEM_ERROR_MASK) && !(flags & SETWA_FLAGS_MEM))\n    {\n        goto inject;\n    }\n    base_addr = param1 & param2;\n    size = ~param2 + 1;\n    if (((param2 & PAGE_MASK) != PAGE_MASK) ||\n        ((region_intersects(base_addr, size, IORESOURCE_SYSTEM_RAM, IORES_DESC_NONE) != REGION_INTERSECTS) &&\n         (region_intersects(base_addr, size, IORESOURCE_MEM, IORES_DESC_PERSISTENT_MEMORY) != REGION_INTERSECTS)))\n    {\n        return -EINVAL;\n    }\n    inject:\n    mutex_lock(&einj_mutex);\n    rc = __einj_error_inject(type, flags, param1, param2, param3, param4);\n    mutex_unlock(&einj_mutex);\n    return rc;\n}\n",
        "question": "Given that the parameter or function `IORES_DESC_PERSISTENT_MEMORY` is modified before the execution of the function `mutex_unlock`, evaluate the potential impact on the outcomes of `mutex_unlock`. Consider how `IORES_DESC_PERSISTENT_MEMORY` could influence `mutex_unlock`, including its role as a direct parameter, its effect on controlling conditions, or its indirect impacts through other related variables or system states.",
        "choices": {
            "A": "The change to `IORES_DESC_PERSISTENT_MEMORY` directly alters the arguments passed to `mutex_unlock`.",
            "B": "There is neither a direct nor a significant indirect relationship between the changes to `IORES_DESC_PERSISTENT_MEMORY` and the behavior or output of `mutex_unlock`, suggesting no observable impact.",
            "C": "The modification of `IORES_DESC_PERSISTENT_MEMORY` might indirectly influence `mutex_unlock` by modifying the control statement that controls the behavior of `mutex_unlock`.",
            "D": "It is not possible to determine the effect without additional context."
        },
        "answer": "B",
        "distance": 0
    },
    {
        "case_id": "primevul_48",
        "code": "static int einj_error_inject(u32 type, u32 flags, u64 param1, u64 param2, u64 param3, u64 param4)\n{\n    int rc;\n    u64 base_addr, size;\n    if (flags && (flags & ~(SETWA_FLAGS_APICID|SETWA_FLAGS_MEM|SETWA_FLAGS_PCIE_SBDF)))\n    {\n        return -EINVAL;\n    }\n    if (!(param_extension || acpi5))\n    {\n        goto inject;\n    }\n    if (type & ACPI5_VENDOR_BIT)\n    {\n        if (vendor_flags != SETWA_FLAGS_MEM)\n        {\n            goto inject;\n        }\n    }\n    else if (!(type & MEM_ERROR_MASK) && !(flags & SETWA_FLAGS_MEM))\n    {\n        goto inject;\n    }\n    base_addr = param1 & param2;\n    size = ~param2 + 1;\n    if (((param2 & PAGE_MASK) != PAGE_MASK) ||\n        ((region_intersects(base_addr, size, IORESOURCE_SYSTEM_RAM, IORES_DESC_NONE) != REGION_INTERSECTS) &&\n         (region_intersects(base_addr, size, IORESOURCE_MEM, IORES_DESC_PERSISTENT_MEMORY) != REGION_INTERSECTS)))\n    {\n        return -EINVAL;\n    }\n    inject:\n    mutex_lock(&einj_mutex);\n    rc = __einj_error_inject(type, flags, param1, param2, param3, param4);\n    mutex_unlock(&einj_mutex);\n    return rc;\n}\n",
        "question": "Given that the parameter or function `param3` is modified before the execution of the function `mutex_unlock`, evaluate the potential impact on the outcomes of `mutex_unlock`. Consider how `param3` could influence `mutex_unlock`, including its role as a direct parameter, its effect on controlling conditions, or its indirect impacts through other related variables or system states.",
        "choices": {
            "A": "The change to `param3` directly alters the arguments passed to `mutex_unlock`.",
            "B": "There is neither a direct nor a significant indirect relationship between the changes to `param3` and the behavior or output of `mutex_unlock`, suggesting no observable impact.",
            "C": "The modification of `param3` might indirectly influence `mutex_unlock` by modifying the control statement that controls the behavior of `mutex_unlock`.",
            "D": "It is not possible to determine the effect without additional context."
        },
        "answer": "B",
        "distance": 0
    }
]