[
    {
        "case_id": "primevul_52",
        "code": "WORD32 ihevcd_create(iv_obj_t *ps_codec_obj, void *pv_api_ip, void *pv_api_op)\n{\n    ihevcd_cxa_create_op_t *ps_create_op;\n    WORD32 ret;\n    codec_t *ps_codec;\n    ps_create_op = (ihevcd_cxa_create_op_t *)pv_api_op;\n    ps_create_op->s_ivd_create_op_t.u4_error_code = 0;\n    ret = ihevcd_allocate_static_bufs(&ps_codec_obj, pv_api_ip, pv_api_op);\n    if((IV_FAIL == ret) && (NULL != ps_codec_obj))\n    {\n        ihevcd_free_static_bufs(ps_codec_obj);\n        ps_create_op->s_ivd_create_op_t.u4_error_code = IVD_MEM_ALLOC_FAILED;\n        ps_create_op->s_ivd_create_op_t.u4_error_code = 1 << IVD_FATALERROR;\n        return IV_FAIL;\n    }\n    ps_codec = (codec_t *)ps_codec_obj->pv_codec_handle;\n    ret = ihevcd_init(ps_codec);\n    TRACE_INIT(NULL);\n    STATS_INIT();\n    return ret;\n}\n",
        "question": "Given that the parameter or function `ihevcd_free_static_bufs` is modified before the execution of the function `ihevcd_init`, evaluate the potential impact on the outcomes of `ihevcd_init`. Consider how `ihevcd_free_static_bufs` could influence `ihevcd_init`, including its role as a direct parameter, its effect on controlling conditions, or its indirect impacts through other related variables or system states.",
        "choices": {
            "A": "The change to `ihevcd_free_static_bufs` directly alters the arguments passed to `ihevcd_init`.",
            "B": "There is neither a direct nor a significant indirect relationship between the changes to `ihevcd_free_static_bufs` and the behavior or output of `ihevcd_init`, suggesting no observable impact.",
            "C": "The modification of `ihevcd_free_static_bufs` might indirectly influence `ihevcd_init` by modifying the control statement that controls the behavior of `ihevcd_init`.",
            "D": "It is not possible to determine the effect without additional context."
        },
        "answer": "A",
        "distance": 2
    },
    {
        "case_id": "primevul_52",
        "code": "WORD32 ihevcd_create(iv_obj_t *ps_codec_obj, void *pv_api_ip, void *pv_api_op)\n{\n    ihevcd_cxa_create_op_t *ps_create_op;\n    WORD32 ret;\n    codec_t *ps_codec;\n    ps_create_op = (ihevcd_cxa_create_op_t *)pv_api_op;\n    ps_create_op->s_ivd_create_op_t.u4_error_code = 0;\n    ret = ihevcd_allocate_static_bufs(&ps_codec_obj, pv_api_ip, pv_api_op);\n    if((IV_FAIL == ret) && (NULL != ps_codec_obj))\n    {\n        ihevcd_free_static_bufs(ps_codec_obj);\n        ps_create_op->s_ivd_create_op_t.u4_error_code = IVD_MEM_ALLOC_FAILED;\n        ps_create_op->s_ivd_create_op_t.u4_error_code = 1 << IVD_FATALERROR;\n        return IV_FAIL;\n    }\n    ps_codec = (codec_t *)ps_codec_obj->pv_codec_handle;\n    ret = ihevcd_init(ps_codec);\n    TRACE_INIT(NULL);\n    STATS_INIT();\n    return ret;\n}\n",
        "question": "Given that the parameter or function `ps_codec_obj` is modified before the execution of the function `ihevcd_free_static_bufs`, evaluate the potential impact on the outcomes of `ihevcd_free_static_bufs`. Consider how `ps_codec_obj` could influence `ihevcd_free_static_bufs`, including its role as a direct parameter, its effect on controlling conditions, or its indirect impacts through other related variables or system states.",
        "choices": {
            "A": "The change to `ps_codec_obj` directly alters the arguments passed to `ihevcd_free_static_bufs`.",
            "B": "There is neither a direct nor a significant indirect relationship between the changes to `ps_codec_obj` and the behavior or output of `ihevcd_free_static_bufs`, suggesting no observable impact.",
            "C": "The modification of `ps_codec_obj` might indirectly influence `ihevcd_free_static_bufs` by modifying the control statement that controls the behavior of `ihevcd_free_static_bufs`.",
            "D": "It is not possible to determine the effect without additional context."
        },
        "answer": "A",
        "distance": 1
    },
    {
        "case_id": "primevul_52",
        "code": "WORD32 ihevcd_create(iv_obj_t *ps_codec_obj, void *pv_api_ip, void *pv_api_op)\n{\n    ihevcd_cxa_create_op_t *ps_create_op;\n    WORD32 ret;\n    codec_t *ps_codec;\n    ps_create_op = (ihevcd_cxa_create_op_t *)pv_api_op;\n    ps_create_op->s_ivd_create_op_t.u4_error_code = 0;\n    ret = ihevcd_allocate_static_bufs(&ps_codec_obj, pv_api_ip, pv_api_op);\n    if((IV_FAIL == ret) && (NULL != ps_codec_obj))\n    {\n        ihevcd_free_static_bufs(ps_codec_obj);\n        ps_create_op->s_ivd_create_op_t.u4_error_code = IVD_MEM_ALLOC_FAILED;\n        ps_create_op->s_ivd_create_op_t.u4_error_code = 1 << IVD_FATALERROR;\n        return IV_FAIL;\n    }\n    ps_codec = (codec_t *)ps_codec_obj->pv_codec_handle;\n    ret = ihevcd_init(ps_codec);\n    TRACE_INIT(NULL);\n    STATS_INIT();\n    return ret;\n}\n",
        "question": "Given that the parameter or function `pv_api_op` is modified before the execution of the function `ihevcd_allocate_static_bufs`, evaluate the potential impact on the outcomes of `ihevcd_allocate_static_bufs`. Consider how `pv_api_op` could influence `ihevcd_allocate_static_bufs`, including its role as a direct parameter, its effect on controlling conditions, or its indirect impacts through other related variables or system states.",
        "choices": {
            "A": "The change to `pv_api_op` directly alters the arguments passed to `ihevcd_allocate_static_bufs`.",
            "B": "There is neither a direct nor a significant indirect relationship between the changes to `pv_api_op` and the behavior or output of `ihevcd_allocate_static_bufs`, suggesting no observable impact.",
            "C": "The modification of `pv_api_op` might indirectly influence `ihevcd_allocate_static_bufs` by modifying the control statement that controls the behavior of `ihevcd_allocate_static_bufs`.",
            "D": "It is not possible to determine the effect without additional context."
        },
        "answer": "A",
        "distance": 1
    },
    {
        "case_id": "primevul_52",
        "code": "WORD32 ihevcd_create(iv_obj_t *ps_codec_obj, void *pv_api_ip, void *pv_api_op)\n{\n    ihevcd_cxa_create_op_t *ps_create_op;\n    WORD32 ret;\n    codec_t *ps_codec;\n    ps_create_op = (ihevcd_cxa_create_op_t *)pv_api_op;\n    ps_create_op->s_ivd_create_op_t.u4_error_code = 0;\n    ret = ihevcd_allocate_static_bufs(&ps_codec_obj, pv_api_ip, pv_api_op);\n    if((IV_FAIL == ret) && (NULL != ps_codec_obj))\n    {\n        ihevcd_free_static_bufs(ps_codec_obj);\n        ps_create_op->s_ivd_create_op_t.u4_error_code = IVD_MEM_ALLOC_FAILED;\n        ps_create_op->s_ivd_create_op_t.u4_error_code = 1 << IVD_FATALERROR;\n        return IV_FAIL;\n    }\n    ps_codec = (codec_t *)ps_codec_obj->pv_codec_handle;\n    ret = ihevcd_init(ps_codec);\n    TRACE_INIT(NULL);\n    STATS_INIT();\n    return ret;\n}\n",
        "question": "Given that the parameter or function `ps_codec_obj` is modified before the execution of the function `ihevcd_allocate_static_bufs`, evaluate the potential impact on the outcomes of `ihevcd_allocate_static_bufs`. Consider how `ps_codec_obj` could influence `ihevcd_allocate_static_bufs`, including its role as a direct parameter, its effect on controlling conditions, or its indirect impacts through other related variables or system states.",
        "choices": {
            "A": "The change to `ps_codec_obj` directly alters the arguments passed to `ihevcd_allocate_static_bufs`.",
            "B": "There is neither a direct nor a significant indirect relationship between the changes to `ps_codec_obj` and the behavior or output of `ihevcd_allocate_static_bufs`, suggesting no observable impact.",
            "C": "The modification of `ps_codec_obj` might indirectly influence `ihevcd_allocate_static_bufs` by modifying the control statement that controls the behavior of `ihevcd_allocate_static_bufs`.",
            "D": "It is not possible to determine the effect without additional context."
        },
        "answer": "A",
        "distance": 1
    },
    {
        "case_id": "primevul_52",
        "code": "WORD32 ihevcd_create(iv_obj_t *ps_codec_obj, void *pv_api_ip, void *pv_api_op)\n{\n    ihevcd_cxa_create_op_t *ps_create_op;\n    WORD32 ret;\n    codec_t *ps_codec;\n    ps_create_op = (ihevcd_cxa_create_op_t *)pv_api_op;\n    ps_create_op->s_ivd_create_op_t.u4_error_code = 0;\n    ret = ihevcd_allocate_static_bufs(&ps_codec_obj, pv_api_ip, pv_api_op);\n    if((IV_FAIL == ret) && (NULL != ps_codec_obj))\n    {\n        ihevcd_free_static_bufs(ps_codec_obj);\n        ps_create_op->s_ivd_create_op_t.u4_error_code = IVD_MEM_ALLOC_FAILED;\n        ps_create_op->s_ivd_create_op_t.u4_error_code = 1 << IVD_FATALERROR;\n        return IV_FAIL;\n    }\n    ps_codec = (codec_t *)ps_codec_obj->pv_codec_handle;\n    ret = ihevcd_init(ps_codec);\n    TRACE_INIT(NULL);\n    STATS_INIT();\n    return ret;\n}\n",
        "question": "Given that the parameter or function `ihevcd_free_static_bufs` is modified before the execution of the function `STATS_INIT`, evaluate the potential impact on the outcomes of `STATS_INIT`. Consider how `ihevcd_free_static_bufs` could influence `STATS_INIT`, including its role as a direct parameter, its effect on controlling conditions, or its indirect impacts through other related variables or system states.",
        "choices": {
            "A": "The change to `ihevcd_free_static_bufs` directly alters the arguments passed to `STATS_INIT`.",
            "B": "There is neither a direct nor a significant indirect relationship between the changes to `ihevcd_free_static_bufs` and the behavior or output of `STATS_INIT`, suggesting no observable impact.",
            "C": "The modification of `ihevcd_free_static_bufs` might indirectly influence `STATS_INIT` by modifying the control statement that controls the behavior of `STATS_INIT`.",
            "D": "It is not possible to determine the effect without additional context."
        },
        "answer": "B",
        "distance": 0
    },
    {
        "case_id": "primevul_52",
        "code": "WORD32 ihevcd_create(iv_obj_t *ps_codec_obj, void *pv_api_ip, void *pv_api_op)\n{\n    ihevcd_cxa_create_op_t *ps_create_op;\n    WORD32 ret;\n    codec_t *ps_codec;\n    ps_create_op = (ihevcd_cxa_create_op_t *)pv_api_op;\n    ps_create_op->s_ivd_create_op_t.u4_error_code = 0;\n    ret = ihevcd_allocate_static_bufs(&ps_codec_obj, pv_api_ip, pv_api_op);\n    if((IV_FAIL == ret) && (NULL != ps_codec_obj))\n    {\n        ihevcd_free_static_bufs(ps_codec_obj);\n        ps_create_op->s_ivd_create_op_t.u4_error_code = IVD_MEM_ALLOC_FAILED;\n        ps_create_op->s_ivd_create_op_t.u4_error_code = 1 << IVD_FATALERROR;\n        return IV_FAIL;\n    }\n    ps_codec = (codec_t *)ps_codec_obj->pv_codec_handle;\n    ret = ihevcd_init(ps_codec);\n    TRACE_INIT(NULL);\n    STATS_INIT();\n    return ret;\n}\n",
        "question": "Given that the parameter or function `ihevcd_allocate_static_bufs` is modified before the execution of the function `STATS_INIT`, evaluate the potential impact on the outcomes of `STATS_INIT`. Consider how `ihevcd_allocate_static_bufs` could influence `STATS_INIT`, including its role as a direct parameter, its effect on controlling conditions, or its indirect impacts through other related variables or system states.",
        "choices": {
            "A": "The change to `ihevcd_allocate_static_bufs` directly alters the arguments passed to `STATS_INIT`.",
            "B": "There is neither a direct nor a significant indirect relationship between the changes to `ihevcd_allocate_static_bufs` and the behavior or output of `STATS_INIT`, suggesting no observable impact.",
            "C": "The modification of `ihevcd_allocate_static_bufs` might indirectly influence `STATS_INIT` by modifying the control statement that controls the behavior of `STATS_INIT`.",
            "D": "It is not possible to determine the effect without additional context."
        },
        "answer": "B",
        "distance": 0
    },
    {
        "case_id": "primevul_52",
        "code": "WORD32 ihevcd_create(iv_obj_t *ps_codec_obj, void *pv_api_ip, void *pv_api_op)\n{\n    ihevcd_cxa_create_op_t *ps_create_op;\n    WORD32 ret;\n    codec_t *ps_codec;\n    ps_create_op = (ihevcd_cxa_create_op_t *)pv_api_op;\n    ps_create_op->s_ivd_create_op_t.u4_error_code = 0;\n    ret = ihevcd_allocate_static_bufs(&ps_codec_obj, pv_api_ip, pv_api_op);\n    if((IV_FAIL == ret) && (NULL != ps_codec_obj))\n    {\n        ihevcd_free_static_bufs(ps_codec_obj);\n        ps_create_op->s_ivd_create_op_t.u4_error_code = IVD_MEM_ALLOC_FAILED;\n        ps_create_op->s_ivd_create_op_t.u4_error_code = 1 << IVD_FATALERROR;\n        return IV_FAIL;\n    }\n    ps_codec = (codec_t *)ps_codec_obj->pv_codec_handle;\n    ret = ihevcd_init(ps_codec);\n    TRACE_INIT(NULL);\n    STATS_INIT();\n    return ret;\n}\n",
        "question": "Given that the parameter or function `TRACE_INIT` is modified before the execution of the function `STATS_INIT`, evaluate the potential impact on the outcomes of `STATS_INIT`. Consider how `TRACE_INIT` could influence `STATS_INIT`, including its role as a direct parameter, its effect on controlling conditions, or its indirect impacts through other related variables or system states.",
        "choices": {
            "A": "The change to `TRACE_INIT` directly alters the arguments passed to `STATS_INIT`.",
            "B": "There is neither a direct nor a significant indirect relationship between the changes to `TRACE_INIT` and the behavior or output of `STATS_INIT`, suggesting no observable impact.",
            "C": "The modification of `TRACE_INIT` might indirectly influence `STATS_INIT` by modifying the control statement that controls the behavior of `STATS_INIT`.",
            "D": "It is not possible to determine the effect without additional context."
        },
        "answer": "B",
        "distance": 0
    },
    {
        "case_id": "primevul_52",
        "code": "WORD32 ihevcd_create(iv_obj_t *ps_codec_obj, void *pv_api_ip, void *pv_api_op)\n{\n    ihevcd_cxa_create_op_t *ps_create_op;\n    WORD32 ret;\n    codec_t *ps_codec;\n    ps_create_op = (ihevcd_cxa_create_op_t *)pv_api_op;\n    ps_create_op->s_ivd_create_op_t.u4_error_code = 0;\n    ret = ihevcd_allocate_static_bufs(&ps_codec_obj, pv_api_ip, pv_api_op);\n    if((IV_FAIL == ret) && (NULL != ps_codec_obj))\n    {\n        ihevcd_free_static_bufs(ps_codec_obj);\n        ps_create_op->s_ivd_create_op_t.u4_error_code = IVD_MEM_ALLOC_FAILED;\n        ps_create_op->s_ivd_create_op_t.u4_error_code = 1 << IVD_FATALERROR;\n        return IV_FAIL;\n    }\n    ps_codec = (codec_t *)ps_codec_obj->pv_codec_handle;\n    ret = ihevcd_init(ps_codec);\n    TRACE_INIT(NULL);\n    STATS_INIT();\n    return ret;\n}\n",
        "question": "Given that the parameter or function `ihevcd_init` is modified before the execution of the function `STATS_INIT`, evaluate the potential impact on the outcomes of `STATS_INIT`. Consider how `ihevcd_init` could influence `STATS_INIT`, including its role as a direct parameter, its effect on controlling conditions, or its indirect impacts through other related variables or system states.",
        "choices": {
            "A": "The change to `ihevcd_init` directly alters the arguments passed to `STATS_INIT`.",
            "B": "There is neither a direct nor a significant indirect relationship between the changes to `ihevcd_init` and the behavior or output of `STATS_INIT`, suggesting no observable impact.",
            "C": "The modification of `ihevcd_init` might indirectly influence `STATS_INIT` by modifying the control statement that controls the behavior of `STATS_INIT`.",
            "D": "It is not possible to determine the effect without additional context."
        },
        "answer": "B",
        "distance": 0
    },
    {
        "case_id": "primevul_52",
        "code": "WORD32 ihevcd_create(iv_obj_t *ps_codec_obj, void *pv_api_ip, void *pv_api_op)\n{\n    ihevcd_cxa_create_op_t *ps_create_op;\n    WORD32 ret;\n    codec_t *ps_codec;\n    ps_create_op = (ihevcd_cxa_create_op_t *)pv_api_op;\n    ps_create_op->s_ivd_create_op_t.u4_error_code = 0;\n    ret = ihevcd_allocate_static_bufs(&ps_codec_obj, pv_api_ip, pv_api_op);\n    if((IV_FAIL == ret) && (NULL != ps_codec_obj))\n    {\n        ihevcd_free_static_bufs(ps_codec_obj);\n        ps_create_op->s_ivd_create_op_t.u4_error_code = IVD_MEM_ALLOC_FAILED;\n        ps_create_op->s_ivd_create_op_t.u4_error_code = 1 << IVD_FATALERROR;\n        return IV_FAIL;\n    }\n    ps_codec = (codec_t *)ps_codec_obj->pv_codec_handle;\n    ret = ihevcd_init(ps_codec);\n    TRACE_INIT(NULL);\n    STATS_INIT();\n    return ret;\n}\n",
        "question": "Given that the parameter or function `ihevcd_allocate_static_bufs` is modified before the execution of the function `ihevcd_free_static_bufs`, evaluate the potential impact on the outcomes of `ihevcd_free_static_bufs`. Consider how `ihevcd_allocate_static_bufs` could influence `ihevcd_free_static_bufs`, including its role as a direct parameter, its effect on controlling conditions, or its indirect impacts through other related variables or system states.",
        "choices": {
            "A": "The change to `ihevcd_allocate_static_bufs` directly alters the arguments passed to `ihevcd_free_static_bufs`.",
            "B": "There is neither a direct nor a significant indirect relationship between the changes to `ihevcd_allocate_static_bufs` and the behavior or output of `ihevcd_free_static_bufs`, suggesting no observable impact.",
            "C": "The modification of `ihevcd_allocate_static_bufs` might indirectly influence `ihevcd_free_static_bufs` by modifying the control statement that controls the behavior of `ihevcd_free_static_bufs`.",
            "D": "It is not possible to determine the effect without additional context."
        },
        "answer": "C",
        "distance": 1
    },
    {
        "case_id": "primevul_52",
        "code": "WORD32 ihevcd_create(iv_obj_t *ps_codec_obj, void *pv_api_ip, void *pv_api_op)\n{\n    ihevcd_cxa_create_op_t *ps_create_op;\n    WORD32 ret;\n    codec_t *ps_codec;\n    ps_create_op = (ihevcd_cxa_create_op_t *)pv_api_op;\n    ps_create_op->s_ivd_create_op_t.u4_error_code = 0;\n    ret = ihevcd_allocate_static_bufs(&ps_codec_obj, pv_api_ip, pv_api_op);\n    if((IV_FAIL == ret) && (NULL != ps_codec_obj))\n    {\n        ihevcd_free_static_bufs(ps_codec_obj);\n        ps_create_op->s_ivd_create_op_t.u4_error_code = IVD_MEM_ALLOC_FAILED;\n        ps_create_op->s_ivd_create_op_t.u4_error_code = 1 << IVD_FATALERROR;\n        return IV_FAIL;\n    }\n    ps_codec = (codec_t *)ps_codec_obj->pv_codec_handle;\n    ret = ihevcd_init(ps_codec);\n    TRACE_INIT(NULL);\n    STATS_INIT();\n    return ret;\n}\n",
        "question": "Given that the parameter or function `pv_api_op` is modified before the execution of the function `ihevcd_free_static_bufs`, evaluate the potential impact on the outcomes of `ihevcd_free_static_bufs`. Consider how `pv_api_op` could influence `ihevcd_free_static_bufs`, including its role as a direct parameter, its effect on controlling conditions, or its indirect impacts through other related variables or system states.",
        "choices": {
            "A": "The change to `pv_api_op` directly alters the arguments passed to `ihevcd_free_static_bufs`.",
            "B": "There is neither a direct nor a significant indirect relationship between the changes to `pv_api_op` and the behavior or output of `ihevcd_free_static_bufs`, suggesting no observable impact.",
            "C": "The modification of `pv_api_op` might indirectly influence `ihevcd_free_static_bufs` by modifying the control statement that controls the behavior of `ihevcd_free_static_bufs`.",
            "D": "It is not possible to determine the effect without additional context."
        },
        "answer": "C",
        "distance": 1
    },
    {
        "case_id": "primevul_52",
        "code": "WORD32 ihevcd_create(iv_obj_t *ps_codec_obj, void *pv_api_ip, void *pv_api_op)\n{\n    ihevcd_cxa_create_op_t *ps_create_op;\n    WORD32 ret;\n    codec_t *ps_codec;\n    ps_create_op = (ihevcd_cxa_create_op_t *)pv_api_op;\n    ps_create_op->s_ivd_create_op_t.u4_error_code = 0;\n    ret = ihevcd_allocate_static_bufs(&ps_codec_obj, pv_api_ip, pv_api_op);\n    if((IV_FAIL == ret) && (NULL != ps_codec_obj))\n    {\n        ihevcd_free_static_bufs(ps_codec_obj);\n        ps_create_op->s_ivd_create_op_t.u4_error_code = IVD_MEM_ALLOC_FAILED;\n        ps_create_op->s_ivd_create_op_t.u4_error_code = 1 << IVD_FATALERROR;\n        return IV_FAIL;\n    }\n    ps_codec = (codec_t *)ps_codec_obj->pv_codec_handle;\n    ret = ihevcd_init(ps_codec);\n    TRACE_INIT(NULL);\n    STATS_INIT();\n    return ret;\n}\n",
        "question": "Given that the parameter or function `pv_api_ip` is modified before the execution of the function `ihevcd_free_static_bufs`, evaluate the potential impact on the outcomes of `ihevcd_free_static_bufs`. Consider how `pv_api_ip` could influence `ihevcd_free_static_bufs`, including its role as a direct parameter, its effect on controlling conditions, or its indirect impacts through other related variables or system states.",
        "choices": {
            "A": "The change to `pv_api_ip` directly alters the arguments passed to `ihevcd_free_static_bufs`.",
            "B": "There is neither a direct nor a significant indirect relationship between the changes to `pv_api_ip` and the behavior or output of `ihevcd_free_static_bufs`, suggesting no observable impact.",
            "C": "The modification of `pv_api_ip` might indirectly influence `ihevcd_free_static_bufs` by modifying the control statement that controls the behavior of `ihevcd_free_static_bufs`.",
            "D": "It is not possible to determine the effect without additional context."
        },
        "answer": "C",
        "distance": 1
    },
    {
        "case_id": "primevul_52",
        "code": "WORD32 ihevcd_create(iv_obj_t *ps_codec_obj, void *pv_api_ip, void *pv_api_op)\n{\n    ihevcd_cxa_create_op_t *ps_create_op;\n    WORD32 ret;\n    codec_t *ps_codec;\n    ps_create_op = (ihevcd_cxa_create_op_t *)pv_api_op;\n    ps_create_op->s_ivd_create_op_t.u4_error_code = 0;\n    ret = ihevcd_allocate_static_bufs(&ps_codec_obj, pv_api_ip, pv_api_op);\n    if((IV_FAIL == ret) && (NULL != ps_codec_obj))\n    {\n        ihevcd_free_static_bufs(ps_codec_obj);\n        ps_create_op->s_ivd_create_op_t.u4_error_code = IVD_MEM_ALLOC_FAILED;\n        ps_create_op->s_ivd_create_op_t.u4_error_code = 1 << IVD_FATALERROR;\n        return IV_FAIL;\n    }\n    ps_codec = (codec_t *)ps_codec_obj->pv_codec_handle;\n    ret = ihevcd_init(ps_codec);\n    TRACE_INIT(NULL);\n    STATS_INIT();\n    return ret;\n}\n",
        "question": "Given that the parameter or function `ret` is modified before the execution of the function `ihevcd_free_static_bufs`, evaluate the potential impact on the outcomes of `ihevcd_free_static_bufs`. Consider how `ret` could influence `ihevcd_free_static_bufs`, including its role as a direct parameter, its effect on controlling conditions, or its indirect impacts through other related variables or system states.",
        "choices": {
            "A": "The change to `ret` directly alters the arguments passed to `ihevcd_free_static_bufs`.",
            "B": "There is neither a direct nor a significant indirect relationship between the changes to `ret` and the behavior or output of `ihevcd_free_static_bufs`, suggesting no observable impact.",
            "C": "The modification of `ret` might indirectly influence `ihevcd_free_static_bufs` by modifying the control statement that controls the behavior of `ihevcd_free_static_bufs`.",
            "D": "It is not possible to determine the effect without additional context."
        },
        "answer": "C",
        "distance": 0
    }
]