[
    {
        "case_id": "primevul_24",
        "code": "sshkey_load_file(int fd, struct sshbuf *blob)\n{\n\tu_char buf[1024];\n\tsize_t len;\n\tstruct stat st;\n\tint r;\n\tif (fstat(fd, &st) < 0)\n\t{\n\t\treturn SSH_ERR_SYSTEM_ERROR;\n\t}\n\tif ((st.st_mode & (S_IFSOCK|S_IFCHR|S_IFIFO)) == 0 && st.st_size > MAX_KEY_FILE_SIZE)\n\t{\n\t\treturn SSH_ERR_INVALID_FORMAT;\n\t}\n\tfor (;;)\n\t{\n\t\tif ((len = atomicio(read, fd, buf, sizeof(buf))) == 0)\n\t\t{\n\t\t\tif (errno == EPIPE)\n\t\t\t{\n\t\t\t\tbreak;\n\t\t\t}\n\t\t\tr = SSH_ERR_SYSTEM_ERROR;\n\t\t\tgoto out;\n\t\t}\n\t\tif ((r = sshbuf_put(blob, buf, len)) != 0)\n\t\t{\n\t\t\tgoto out;\n\t\t}\n\t\tif (sshbuf_len(blob) > MAX_KEY_FILE_SIZE)\n\t\t{\n\t\t\tr = SSH_ERR_INVALID_FORMAT;\n\t\t\tgoto out;\n\t\t}\n\t}\n\tif ((st.st_mode & (S_IFSOCK|S_IFCHR|S_IFIFO)) == 0 && st.st_size != (off_t)sshbuf_len(blob))\n\t{\n\t\tr = SSH_ERR_FILE_CHANGED;\n\t\tgoto out;\n\t}\n\tr = 0;\n out:\n\texplicit_bzero(buf, sizeof(buf));\n\tif (r != 0)\n\t{\n\t\tsshbuf_reset(blob);\n\t}\n\treturn r;\n}\n",
        "question": "Given that the parameter or function `buf` is modified before the execution of the function `sshbuf_put`, evaluate the potential impact on the outcomes of `sshbuf_put`. Consider how `buf` could influence `sshbuf_put`, including its role as a direct parameter, its effect on controlling conditions, or its indirect impacts through other related variables or system states.",
        "choices": {
            "A": "The change to `buf` directly alters the arguments passed to `sshbuf_put`.",
            "B": "There is neither a direct nor a significant indirect relationship between the changes to `buf` and the behavior or output of `sshbuf_put`, suggesting no observable impact.",
            "C": "The modification of `buf` might indirectly influence `sshbuf_put` by modifying the control statement that controls the behavior of `sshbuf_put`.",
            "D": "It is not possible to determine the effect without additional context."
        },
        "answer": "A",
        "distance": 1
    },
    {
        "case_id": "primevul_24",
        "code": "sshkey_load_file(int fd, struct sshbuf *blob)\n{\n\tu_char buf[1024];\n\tsize_t len;\n\tstruct stat st;\n\tint r;\n\tif (fstat(fd, &st) < 0)\n\t{\n\t\treturn SSH_ERR_SYSTEM_ERROR;\n\t}\n\tif ((st.st_mode & (S_IFSOCK|S_IFCHR|S_IFIFO)) == 0 && st.st_size > MAX_KEY_FILE_SIZE)\n\t{\n\t\treturn SSH_ERR_INVALID_FORMAT;\n\t}\n\tfor (;;)\n\t{\n\t\tif ((len = atomicio(read, fd, buf, sizeof(buf))) == 0)\n\t\t{\n\t\t\tif (errno == EPIPE)\n\t\t\t{\n\t\t\t\tbreak;\n\t\t\t}\n\t\t\tr = SSH_ERR_SYSTEM_ERROR;\n\t\t\tgoto out;\n\t\t}\n\t\tif ((r = sshbuf_put(blob, buf, len)) != 0)\n\t\t{\n\t\t\tgoto out;\n\t\t}\n\t\tif (sshbuf_len(blob) > MAX_KEY_FILE_SIZE)\n\t\t{\n\t\t\tr = SSH_ERR_INVALID_FORMAT;\n\t\t\tgoto out;\n\t\t}\n\t}\n\tif ((st.st_mode & (S_IFSOCK|S_IFCHR|S_IFIFO)) == 0 && st.st_size != (off_t)sshbuf_len(blob))\n\t{\n\t\tr = SSH_ERR_FILE_CHANGED;\n\t\tgoto out;\n\t}\n\tr = 0;\n out:\n\texplicit_bzero(buf, sizeof(buf));\n\tif (r != 0)\n\t{\n\t\tsshbuf_reset(blob);\n\t}\n\treturn r;\n}\n",
        "question": "Given that the parameter or function `blob` is modified before the execution of the function `sshbuf_put`, evaluate the potential impact on the outcomes of `sshbuf_put`. Consider how `blob` could influence `sshbuf_put`, including its role as a direct parameter, its effect on controlling conditions, or its indirect impacts through other related variables or system states.",
        "choices": {
            "A": "The change to `blob` directly alters the arguments passed to `sshbuf_put`.",
            "B": "There is neither a direct nor a significant indirect relationship between the changes to `blob` and the behavior or output of `sshbuf_put`, suggesting no observable impact.",
            "C": "The modification of `blob` might indirectly influence `sshbuf_put` by modifying the control statement that controls the behavior of `sshbuf_put`.",
            "D": "It is not possible to determine the effect without additional context."
        },
        "answer": "A",
        "distance": 1
    },
    {
        "case_id": "primevul_24",
        "code": "sshkey_load_file(int fd, struct sshbuf *blob)\n{\n\tu_char buf[1024];\n\tsize_t len;\n\tstruct stat st;\n\tint r;\n\tif (fstat(fd, &st) < 0)\n\t{\n\t\treturn SSH_ERR_SYSTEM_ERROR;\n\t}\n\tif ((st.st_mode & (S_IFSOCK|S_IFCHR|S_IFIFO)) == 0 && st.st_size > MAX_KEY_FILE_SIZE)\n\t{\n\t\treturn SSH_ERR_INVALID_FORMAT;\n\t}\n\tfor (;;)\n\t{\n\t\tif ((len = atomicio(read, fd, buf, sizeof(buf))) == 0)\n\t\t{\n\t\t\tif (errno == EPIPE)\n\t\t\t{\n\t\t\t\tbreak;\n\t\t\t}\n\t\t\tr = SSH_ERR_SYSTEM_ERROR;\n\t\t\tgoto out;\n\t\t}\n\t\tif ((r = sshbuf_put(blob, buf, len)) != 0)\n\t\t{\n\t\t\tgoto out;\n\t\t}\n\t\tif (sshbuf_len(blob) > MAX_KEY_FILE_SIZE)\n\t\t{\n\t\t\tr = SSH_ERR_INVALID_FORMAT;\n\t\t\tgoto out;\n\t\t}\n\t}\n\tif ((st.st_mode & (S_IFSOCK|S_IFCHR|S_IFIFO)) == 0 && st.st_size != (off_t)sshbuf_len(blob))\n\t{\n\t\tr = SSH_ERR_FILE_CHANGED;\n\t\tgoto out;\n\t}\n\tr = 0;\n out:\n\texplicit_bzero(buf, sizeof(buf));\n\tif (r != 0)\n\t{\n\t\tsshbuf_reset(blob);\n\t}\n\treturn r;\n}\n",
        "question": "Given that the parameter or function `read` is modified before the execution of the function `atomicio`, evaluate the potential impact on the outcomes of `atomicio`. Consider how `read` could influence `atomicio`, including its role as a direct parameter, its effect on controlling conditions, or its indirect impacts through other related variables or system states.",
        "choices": {
            "A": "The change to `read` directly alters the arguments passed to `atomicio`.",
            "B": "There is neither a direct nor a significant indirect relationship between the changes to `read` and the behavior or output of `atomicio`, suggesting no observable impact.",
            "C": "The modification of `read` might indirectly influence `atomicio` by modifying the control statement that controls the behavior of `atomicio`.",
            "D": "It is not possible to determine the effect without additional context."
        },
        "answer": "A",
        "distance": 1
    },
    {
        "case_id": "primevul_24",
        "code": "sshkey_load_file(int fd, struct sshbuf *blob)\n{\n\tu_char buf[1024];\n\tsize_t len;\n\tstruct stat st;\n\tint r;\n\tif (fstat(fd, &st) < 0)\n\t{\n\t\treturn SSH_ERR_SYSTEM_ERROR;\n\t}\n\tif ((st.st_mode & (S_IFSOCK|S_IFCHR|S_IFIFO)) == 0 && st.st_size > MAX_KEY_FILE_SIZE)\n\t{\n\t\treturn SSH_ERR_INVALID_FORMAT;\n\t}\n\tfor (;;)\n\t{\n\t\tif ((len = atomicio(read, fd, buf, sizeof(buf))) == 0)\n\t\t{\n\t\t\tif (errno == EPIPE)\n\t\t\t{\n\t\t\t\tbreak;\n\t\t\t}\n\t\t\tr = SSH_ERR_SYSTEM_ERROR;\n\t\t\tgoto out;\n\t\t}\n\t\tif ((r = sshbuf_put(blob, buf, len)) != 0)\n\t\t{\n\t\t\tgoto out;\n\t\t}\n\t\tif (sshbuf_len(blob) > MAX_KEY_FILE_SIZE)\n\t\t{\n\t\t\tr = SSH_ERR_INVALID_FORMAT;\n\t\t\tgoto out;\n\t\t}\n\t}\n\tif ((st.st_mode & (S_IFSOCK|S_IFCHR|S_IFIFO)) == 0 && st.st_size != (off_t)sshbuf_len(blob))\n\t{\n\t\tr = SSH_ERR_FILE_CHANGED;\n\t\tgoto out;\n\t}\n\tr = 0;\n out:\n\texplicit_bzero(buf, sizeof(buf));\n\tif (r != 0)\n\t{\n\t\tsshbuf_reset(blob);\n\t}\n\treturn r;\n}\n",
        "question": "Given that the parameter or function `fd` is modified before the execution of the function `atomicio`, evaluate the potential impact on the outcomes of `atomicio`. Consider how `fd` could influence `atomicio`, including its role as a direct parameter, its effect on controlling conditions, or its indirect impacts through other related variables or system states.",
        "choices": {
            "A": "The change to `fd` directly alters the arguments passed to `atomicio`.",
            "B": "There is neither a direct nor a significant indirect relationship between the changes to `fd` and the behavior or output of `atomicio`, suggesting no observable impact.",
            "C": "The modification of `fd` might indirectly influence `atomicio` by modifying the control statement that controls the behavior of `atomicio`.",
            "D": "It is not possible to determine the effect without additional context."
        },
        "answer": "A",
        "distance": 1
    },
    {
        "case_id": "primevul_24",
        "code": "sshkey_load_file(int fd, struct sshbuf *blob)\n{\n\tu_char buf[1024];\n\tsize_t len;\n\tstruct stat st;\n\tint r;\n\tif (fstat(fd, &st) < 0)\n\t{\n\t\treturn SSH_ERR_SYSTEM_ERROR;\n\t}\n\tif ((st.st_mode & (S_IFSOCK|S_IFCHR|S_IFIFO)) == 0 && st.st_size > MAX_KEY_FILE_SIZE)\n\t{\n\t\treturn SSH_ERR_INVALID_FORMAT;\n\t}\n\tfor (;;)\n\t{\n\t\tif ((len = atomicio(read, fd, buf, sizeof(buf))) == 0)\n\t\t{\n\t\t\tif (errno == EPIPE)\n\t\t\t{\n\t\t\t\tbreak;\n\t\t\t}\n\t\t\tr = SSH_ERR_SYSTEM_ERROR;\n\t\t\tgoto out;\n\t\t}\n\t\tif ((r = sshbuf_put(blob, buf, len)) != 0)\n\t\t{\n\t\t\tgoto out;\n\t\t}\n\t\tif (sshbuf_len(blob) > MAX_KEY_FILE_SIZE)\n\t\t{\n\t\t\tr = SSH_ERR_INVALID_FORMAT;\n\t\t\tgoto out;\n\t\t}\n\t}\n\tif ((st.st_mode & (S_IFSOCK|S_IFCHR|S_IFIFO)) == 0 && st.st_size != (off_t)sshbuf_len(blob))\n\t{\n\t\tr = SSH_ERR_FILE_CHANGED;\n\t\tgoto out;\n\t}\n\tr = 0;\n out:\n\texplicit_bzero(buf, sizeof(buf));\n\tif (r != 0)\n\t{\n\t\tsshbuf_reset(blob);\n\t}\n\treturn r;\n}\n",
        "question": "Given that the parameter or function `sshbuf_put` is modified before the execution of the function `fstat`, evaluate the potential impact on the outcomes of `fstat`. Consider how `sshbuf_put` could influence `fstat`, including its role as a direct parameter, its effect on controlling conditions, or its indirect impacts through other related variables or system states.",
        "choices": {
            "A": "The change to `sshbuf_put` directly alters the arguments passed to `fstat`.",
            "B": "There is neither a direct nor a significant indirect relationship between the changes to `sshbuf_put` and the behavior or output of `fstat`, suggesting no observable impact.",
            "C": "The modification of `sshbuf_put` might indirectly influence `fstat` by modifying the control statement that controls the behavior of `fstat`.",
            "D": "It is not possible to determine the effect without additional context."
        },
        "answer": "B",
        "distance": 0
    },
    {
        "case_id": "primevul_24",
        "code": "sshkey_load_file(int fd, struct sshbuf *blob)\n{\n\tu_char buf[1024];\n\tsize_t len;\n\tstruct stat st;\n\tint r;\n\tif (fstat(fd, &st) < 0)\n\t{\n\t\treturn SSH_ERR_SYSTEM_ERROR;\n\t}\n\tif ((st.st_mode & (S_IFSOCK|S_IFCHR|S_IFIFO)) == 0 && st.st_size > MAX_KEY_FILE_SIZE)\n\t{\n\t\treturn SSH_ERR_INVALID_FORMAT;\n\t}\n\tfor (;;)\n\t{\n\t\tif ((len = atomicio(read, fd, buf, sizeof(buf))) == 0)\n\t\t{\n\t\t\tif (errno == EPIPE)\n\t\t\t{\n\t\t\t\tbreak;\n\t\t\t}\n\t\t\tr = SSH_ERR_SYSTEM_ERROR;\n\t\t\tgoto out;\n\t\t}\n\t\tif ((r = sshbuf_put(blob, buf, len)) != 0)\n\t\t{\n\t\t\tgoto out;\n\t\t}\n\t\tif (sshbuf_len(blob) > MAX_KEY_FILE_SIZE)\n\t\t{\n\t\t\tr = SSH_ERR_INVALID_FORMAT;\n\t\t\tgoto out;\n\t\t}\n\t}\n\tif ((st.st_mode & (S_IFSOCK|S_IFCHR|S_IFIFO)) == 0 && st.st_size != (off_t)sshbuf_len(blob))\n\t{\n\t\tr = SSH_ERR_FILE_CHANGED;\n\t\tgoto out;\n\t}\n\tr = 0;\n out:\n\texplicit_bzero(buf, sizeof(buf));\n\tif (r != 0)\n\t{\n\t\tsshbuf_reset(blob);\n\t}\n\treturn r;\n}\n",
        "question": "Given that the parameter or function `atomicio` is modified before the execution of the function `fstat`, evaluate the potential impact on the outcomes of `fstat`. Consider how `atomicio` could influence `fstat`, including its role as a direct parameter, its effect on controlling conditions, or its indirect impacts through other related variables or system states.",
        "choices": {
            "A": "The change to `atomicio` directly alters the arguments passed to `fstat`.",
            "B": "There is neither a direct nor a significant indirect relationship between the changes to `atomicio` and the behavior or output of `fstat`, suggesting no observable impact.",
            "C": "The modification of `atomicio` might indirectly influence `fstat` by modifying the control statement that controls the behavior of `fstat`.",
            "D": "It is not possible to determine the effect without additional context."
        },
        "answer": "B",
        "distance": 0
    },
    {
        "case_id": "primevul_24",
        "code": "sshkey_load_file(int fd, struct sshbuf *blob)\n{\n\tu_char buf[1024];\n\tsize_t len;\n\tstruct stat st;\n\tint r;\n\tif (fstat(fd, &st) < 0)\n\t{\n\t\treturn SSH_ERR_SYSTEM_ERROR;\n\t}\n\tif ((st.st_mode & (S_IFSOCK|S_IFCHR|S_IFIFO)) == 0 && st.st_size > MAX_KEY_FILE_SIZE)\n\t{\n\t\treturn SSH_ERR_INVALID_FORMAT;\n\t}\n\tfor (;;)\n\t{\n\t\tif ((len = atomicio(read, fd, buf, sizeof(buf))) == 0)\n\t\t{\n\t\t\tif (errno == EPIPE)\n\t\t\t{\n\t\t\t\tbreak;\n\t\t\t}\n\t\t\tr = SSH_ERR_SYSTEM_ERROR;\n\t\t\tgoto out;\n\t\t}\n\t\tif ((r = sshbuf_put(blob, buf, len)) != 0)\n\t\t{\n\t\t\tgoto out;\n\t\t}\n\t\tif (sshbuf_len(blob) > MAX_KEY_FILE_SIZE)\n\t\t{\n\t\t\tr = SSH_ERR_INVALID_FORMAT;\n\t\t\tgoto out;\n\t\t}\n\t}\n\tif ((st.st_mode & (S_IFSOCK|S_IFCHR|S_IFIFO)) == 0 && st.st_size != (off_t)sshbuf_len(blob))\n\t{\n\t\tr = SSH_ERR_FILE_CHANGED;\n\t\tgoto out;\n\t}\n\tr = 0;\n out:\n\texplicit_bzero(buf, sizeof(buf));\n\tif (r != 0)\n\t{\n\t\tsshbuf_reset(blob);\n\t}\n\treturn r;\n}\n",
        "question": "Given that the parameter or function `explicit_bzero` is modified before the execution of the function `fstat`, evaluate the potential impact on the outcomes of `fstat`. Consider how `explicit_bzero` could influence `fstat`, including its role as a direct parameter, its effect on controlling conditions, or its indirect impacts through other related variables or system states.",
        "choices": {
            "A": "The change to `explicit_bzero` directly alters the arguments passed to `fstat`.",
            "B": "There is neither a direct nor a significant indirect relationship between the changes to `explicit_bzero` and the behavior or output of `fstat`, suggesting no observable impact.",
            "C": "The modification of `explicit_bzero` might indirectly influence `fstat` by modifying the control statement that controls the behavior of `fstat`.",
            "D": "It is not possible to determine the effect without additional context."
        },
        "answer": "B",
        "distance": 0
    },
    {
        "case_id": "primevul_24",
        "code": "sshkey_load_file(int fd, struct sshbuf *blob)\n{\n\tu_char buf[1024];\n\tsize_t len;\n\tstruct stat st;\n\tint r;\n\tif (fstat(fd, &st) < 0)\n\t{\n\t\treturn SSH_ERR_SYSTEM_ERROR;\n\t}\n\tif ((st.st_mode & (S_IFSOCK|S_IFCHR|S_IFIFO)) == 0 && st.st_size > MAX_KEY_FILE_SIZE)\n\t{\n\t\treturn SSH_ERR_INVALID_FORMAT;\n\t}\n\tfor (;;)\n\t{\n\t\tif ((len = atomicio(read, fd, buf, sizeof(buf))) == 0)\n\t\t{\n\t\t\tif (errno == EPIPE)\n\t\t\t{\n\t\t\t\tbreak;\n\t\t\t}\n\t\t\tr = SSH_ERR_SYSTEM_ERROR;\n\t\t\tgoto out;\n\t\t}\n\t\tif ((r = sshbuf_put(blob, buf, len)) != 0)\n\t\t{\n\t\t\tgoto out;\n\t\t}\n\t\tif (sshbuf_len(blob) > MAX_KEY_FILE_SIZE)\n\t\t{\n\t\t\tr = SSH_ERR_INVALID_FORMAT;\n\t\t\tgoto out;\n\t\t}\n\t}\n\tif ((st.st_mode & (S_IFSOCK|S_IFCHR|S_IFIFO)) == 0 && st.st_size != (off_t)sshbuf_len(blob))\n\t{\n\t\tr = SSH_ERR_FILE_CHANGED;\n\t\tgoto out;\n\t}\n\tr = 0;\n out:\n\texplicit_bzero(buf, sizeof(buf));\n\tif (r != 0)\n\t{\n\t\tsshbuf_reset(blob);\n\t}\n\treturn r;\n}\n",
        "question": "Given that the parameter or function `sshbuf_reset` is modified before the execution of the function `fstat`, evaluate the potential impact on the outcomes of `fstat`. Consider how `sshbuf_reset` could influence `fstat`, including its role as a direct parameter, its effect on controlling conditions, or its indirect impacts through other related variables or system states.",
        "choices": {
            "A": "The change to `sshbuf_reset` directly alters the arguments passed to `fstat`.",
            "B": "There is neither a direct nor a significant indirect relationship between the changes to `sshbuf_reset` and the behavior or output of `fstat`, suggesting no observable impact.",
            "C": "The modification of `sshbuf_reset` might indirectly influence `fstat` by modifying the control statement that controls the behavior of `fstat`.",
            "D": "It is not possible to determine the effect without additional context."
        },
        "answer": "B",
        "distance": 0
    },
    {
        "case_id": "primevul_24",
        "code": "sshkey_load_file(int fd, struct sshbuf *blob)\n{\n\tu_char buf[1024];\n\tsize_t len;\n\tstruct stat st;\n\tint r;\n\tif (fstat(fd, &st) < 0)\n\t{\n\t\treturn SSH_ERR_SYSTEM_ERROR;\n\t}\n\tif ((st.st_mode & (S_IFSOCK|S_IFCHR|S_IFIFO)) == 0 && st.st_size > MAX_KEY_FILE_SIZE)\n\t{\n\t\treturn SSH_ERR_INVALID_FORMAT;\n\t}\n\tfor (;;)\n\t{\n\t\tif ((len = atomicio(read, fd, buf, sizeof(buf))) == 0)\n\t\t{\n\t\t\tif (errno == EPIPE)\n\t\t\t{\n\t\t\t\tbreak;\n\t\t\t}\n\t\t\tr = SSH_ERR_SYSTEM_ERROR;\n\t\t\tgoto out;\n\t\t}\n\t\tif ((r = sshbuf_put(blob, buf, len)) != 0)\n\t\t{\n\t\t\tgoto out;\n\t\t}\n\t\tif (sshbuf_len(blob) > MAX_KEY_FILE_SIZE)\n\t\t{\n\t\t\tr = SSH_ERR_INVALID_FORMAT;\n\t\t\tgoto out;\n\t\t}\n\t}\n\tif ((st.st_mode & (S_IFSOCK|S_IFCHR|S_IFIFO)) == 0 && st.st_size != (off_t)sshbuf_len(blob))\n\t{\n\t\tr = SSH_ERR_FILE_CHANGED;\n\t\tgoto out;\n\t}\n\tr = 0;\n out:\n\texplicit_bzero(buf, sizeof(buf));\n\tif (r != 0)\n\t{\n\t\tsshbuf_reset(blob);\n\t}\n\treturn r;\n}\n",
        "question": "Given that the parameter or function `atomicio` is modified before the execution of the function `sshbuf_reset`, evaluate the potential impact on the outcomes of `sshbuf_reset`. Consider how `atomicio` could influence `sshbuf_reset`, including its role as a direct parameter, its effect on controlling conditions, or its indirect impacts through other related variables or system states.",
        "choices": {
            "A": "The change to `atomicio` directly alters the arguments passed to `sshbuf_reset`.",
            "B": "There is neither a direct nor a significant indirect relationship between the changes to `atomicio` and the behavior or output of `sshbuf_reset`, suggesting no observable impact.",
            "C": "The modification of `atomicio` might indirectly influence `sshbuf_reset` by modifying the control statement that controls the behavior of `sshbuf_reset`.",
            "D": "It is not possible to determine the effect without additional context."
        },
        "answer": "C",
        "distance": 2
    },
    {
        "case_id": "primevul_24",
        "code": "sshkey_load_file(int fd, struct sshbuf *blob)\n{\n\tu_char buf[1024];\n\tsize_t len;\n\tstruct stat st;\n\tint r;\n\tif (fstat(fd, &st) < 0)\n\t{\n\t\treturn SSH_ERR_SYSTEM_ERROR;\n\t}\n\tif ((st.st_mode & (S_IFSOCK|S_IFCHR|S_IFIFO)) == 0 && st.st_size > MAX_KEY_FILE_SIZE)\n\t{\n\t\treturn SSH_ERR_INVALID_FORMAT;\n\t}\n\tfor (;;)\n\t{\n\t\tif ((len = atomicio(read, fd, buf, sizeof(buf))) == 0)\n\t\t{\n\t\t\tif (errno == EPIPE)\n\t\t\t{\n\t\t\t\tbreak;\n\t\t\t}\n\t\t\tr = SSH_ERR_SYSTEM_ERROR;\n\t\t\tgoto out;\n\t\t}\n\t\tif ((r = sshbuf_put(blob, buf, len)) != 0)\n\t\t{\n\t\t\tgoto out;\n\t\t}\n\t\tif (sshbuf_len(blob) > MAX_KEY_FILE_SIZE)\n\t\t{\n\t\t\tr = SSH_ERR_INVALID_FORMAT;\n\t\t\tgoto out;\n\t\t}\n\t}\n\tif ((st.st_mode & (S_IFSOCK|S_IFCHR|S_IFIFO)) == 0 && st.st_size != (off_t)sshbuf_len(blob))\n\t{\n\t\tr = SSH_ERR_FILE_CHANGED;\n\t\tgoto out;\n\t}\n\tr = 0;\n out:\n\texplicit_bzero(buf, sizeof(buf));\n\tif (r != 0)\n\t{\n\t\tsshbuf_reset(blob);\n\t}\n\treturn r;\n}\n",
        "question": "Given that the parameter or function `explicit_bzero` is modified before the execution of the function `sshbuf_reset`, evaluate the potential impact on the outcomes of `sshbuf_reset`. Consider how `explicit_bzero` could influence `sshbuf_reset`, including its role as a direct parameter, its effect on controlling conditions, or its indirect impacts through other related variables or system states.",
        "choices": {
            "A": "The change to `explicit_bzero` directly alters the arguments passed to `sshbuf_reset`.",
            "B": "There is neither a direct nor a significant indirect relationship between the changes to `explicit_bzero` and the behavior or output of `sshbuf_reset`, suggesting no observable impact.",
            "C": "The modification of `explicit_bzero` might indirectly influence `sshbuf_reset` by modifying the control statement that controls the behavior of `sshbuf_reset`.",
            "D": "It is not possible to determine the effect without additional context."
        },
        "answer": "C",
        "distance": 2
    },
    {
        "case_id": "primevul_24",
        "code": "sshkey_load_file(int fd, struct sshbuf *blob)\n{\n\tu_char buf[1024];\n\tsize_t len;\n\tstruct stat st;\n\tint r;\n\tif (fstat(fd, &st) < 0)\n\t{\n\t\treturn SSH_ERR_SYSTEM_ERROR;\n\t}\n\tif ((st.st_mode & (S_IFSOCK|S_IFCHR|S_IFIFO)) == 0 && st.st_size > MAX_KEY_FILE_SIZE)\n\t{\n\t\treturn SSH_ERR_INVALID_FORMAT;\n\t}\n\tfor (;;)\n\t{\n\t\tif ((len = atomicio(read, fd, buf, sizeof(buf))) == 0)\n\t\t{\n\t\t\tif (errno == EPIPE)\n\t\t\t{\n\t\t\t\tbreak;\n\t\t\t}\n\t\t\tr = SSH_ERR_SYSTEM_ERROR;\n\t\t\tgoto out;\n\t\t}\n\t\tif ((r = sshbuf_put(blob, buf, len)) != 0)\n\t\t{\n\t\t\tgoto out;\n\t\t}\n\t\tif (sshbuf_len(blob) > MAX_KEY_FILE_SIZE)\n\t\t{\n\t\t\tr = SSH_ERR_INVALID_FORMAT;\n\t\t\tgoto out;\n\t\t}\n\t}\n\tif ((st.st_mode & (S_IFSOCK|S_IFCHR|S_IFIFO)) == 0 && st.st_size != (off_t)sshbuf_len(blob))\n\t{\n\t\tr = SSH_ERR_FILE_CHANGED;\n\t\tgoto out;\n\t}\n\tr = 0;\n out:\n\texplicit_bzero(buf, sizeof(buf));\n\tif (r != 0)\n\t{\n\t\tsshbuf_reset(blob);\n\t}\n\treturn r;\n}\n",
        "question": "Given that the parameter or function `read` is modified before the execution of the function `sshbuf_reset`, evaluate the potential impact on the outcomes of `sshbuf_reset`. Consider how `read` could influence `sshbuf_reset`, including its role as a direct parameter, its effect on controlling conditions, or its indirect impacts through other related variables or system states.",
        "choices": {
            "A": "The change to `read` directly alters the arguments passed to `sshbuf_reset`.",
            "B": "There is neither a direct nor a significant indirect relationship between the changes to `read` and the behavior or output of `sshbuf_reset`, suggesting no observable impact.",
            "C": "The modification of `read` might indirectly influence `sshbuf_reset` by modifying the control statement that controls the behavior of `sshbuf_reset`.",
            "D": "It is not possible to determine the effect without additional context."
        },
        "answer": "C",
        "distance": 2
    },
    {
        "case_id": "primevul_24",
        "code": "sshkey_load_file(int fd, struct sshbuf *blob)\n{\n\tu_char buf[1024];\n\tsize_t len;\n\tstruct stat st;\n\tint r;\n\tif (fstat(fd, &st) < 0)\n\t{\n\t\treturn SSH_ERR_SYSTEM_ERROR;\n\t}\n\tif ((st.st_mode & (S_IFSOCK|S_IFCHR|S_IFIFO)) == 0 && st.st_size > MAX_KEY_FILE_SIZE)\n\t{\n\t\treturn SSH_ERR_INVALID_FORMAT;\n\t}\n\tfor (;;)\n\t{\n\t\tif ((len = atomicio(read, fd, buf, sizeof(buf))) == 0)\n\t\t{\n\t\t\tif (errno == EPIPE)\n\t\t\t{\n\t\t\t\tbreak;\n\t\t\t}\n\t\t\tr = SSH_ERR_SYSTEM_ERROR;\n\t\t\tgoto out;\n\t\t}\n\t\tif ((r = sshbuf_put(blob, buf, len)) != 0)\n\t\t{\n\t\t\tgoto out;\n\t\t}\n\t\tif (sshbuf_len(blob) > MAX_KEY_FILE_SIZE)\n\t\t{\n\t\t\tr = SSH_ERR_INVALID_FORMAT;\n\t\t\tgoto out;\n\t\t}\n\t}\n\tif ((st.st_mode & (S_IFSOCK|S_IFCHR|S_IFIFO)) == 0 && st.st_size != (off_t)sshbuf_len(blob))\n\t{\n\t\tr = SSH_ERR_FILE_CHANGED;\n\t\tgoto out;\n\t}\n\tr = 0;\n out:\n\texplicit_bzero(buf, sizeof(buf));\n\tif (r != 0)\n\t{\n\t\tsshbuf_reset(blob);\n\t}\n\treturn r;\n}\n",
        "question": "Given that the parameter or function `fd` is modified before the execution of the function `sshbuf_reset`, evaluate the potential impact on the outcomes of `sshbuf_reset`. Consider how `fd` could influence `sshbuf_reset`, including its role as a direct parameter, its effect on controlling conditions, or its indirect impacts through other related variables or system states.",
        "choices": {
            "A": "The change to `fd` directly alters the arguments passed to `sshbuf_reset`.",
            "B": "There is neither a direct nor a significant indirect relationship between the changes to `fd` and the behavior or output of `sshbuf_reset`, suggesting no observable impact.",
            "C": "The modification of `fd` might indirectly influence `sshbuf_reset` by modifying the control statement that controls the behavior of `sshbuf_reset`.",
            "D": "It is not possible to determine the effect without additional context."
        },
        "answer": "C",
        "distance": 2
    }
]