[
    {
        "case_id": "primevul_12",
        "code": "static int apparmor_setprocattr(struct task_struct *task, char *name, void *value, size_t size)\n{\n    char *command, *args = value;\n    size_t arg_size;\n    int error;\n    if (size == 0)\n    {\n        return -EINVAL;\n    }\n    if (args[size - 1] != '\\0')\n    {\n        if (size == PAGE_SIZE)\n        {\n            return -EINVAL;\n        }\n        args[size] = '\\0';\n    }\n    if (current != task)\n    {\n        return -EACCES;\n    }\n    args = value;\n    args = strim(args);\n    command = strsep(&args, \" \");\n    if (!args)\n    {\n        return -EINVAL;\n    }\n    args = skip_spaces(args);\n    if (!*args)\n    {\n        return -EINVAL;\n    }\n    arg_size = size - (args - (char *) value);\n    if (strcmp(name, \"current\") == 0)\n    {\n        if (strcmp(command, \"changehat\") == 0)\n        {\n            error = aa_setprocattr_changehat(args, arg_size, !AA_DO_TEST);\n        }\n        else if (strcmp(command, \"permhat\") == 0)\n        {\n            error = aa_setprocattr_changehat(args, arg_size, AA_DO_TEST);\n        }\n        else if (strcmp(command, \"changeprofile\") == 0)\n        {\n            error = aa_setprocattr_changeprofile(args, !AA_ONEXEC, !AA_DO_TEST);\n        }\n        else if (strcmp(command, \"permprofile\") == 0)\n        {\n            error = aa_setprocattr_changeprofile(args, !AA_ONEXEC, AA_DO_TEST);\n        }\n        else if (strcmp(command, \"permipc\") == 0)\n        {\n            error = aa_setprocattr_permipc(args);\n        }\n        else\n        {\n            struct common_audit_data sa;\n            COMMON_AUDIT_DATA_INIT(&sa, NONE);\n            sa.aad.op = OP_SETPROCATTR;\n            sa.aad.info = name;\n            sa.aad.error = -EINVAL;\n            return aa_audit(AUDIT_APPARMOR_DENIED, NULL, GFP_KERNEL, &sa, NULL);\n        }\n    }\n    else if (strcmp(name, \"exec\") == 0)\n    {\n        error = aa_setprocattr_changeprofile(args, AA_ONEXEC, !AA_DO_TEST);\n    }\n    else\n    {\n        return -EINVAL;\n    }\n    if (!error)\n    {\n        error = size;\n    }\n    return error;\n}\n",
        "question": "Given that the parameter or function `size` is modified before the execution of the function `aa_setprocattr_permipc`, evaluate the potential impact on the outcomes of `aa_setprocattr_permipc`. Consider how `size` could influence `aa_setprocattr_permipc`, including its role as a direct parameter, its effect on controlling conditions, or its indirect impacts through other related variables or system states.",
        "choices": {
            "A": "The change to `size` directly alters the arguments passed to `aa_setprocattr_permipc`.",
            "B": "There is neither a direct nor a significant indirect relationship between the changes to `size` and the behavior or output of `aa_setprocattr_permipc`, suggesting no observable impact.",
            "C": "The modification of `size` might indirectly influence `aa_setprocattr_permipc` by modifying the control statement that controls the behavior of `aa_setprocattr_permipc`.",
            "D": "It is not possible to determine the effect without additional context."
        },
        "answer": "A",
        "distance": 3
    },
    {
        "case_id": "primevul_12",
        "code": "static int apparmor_setprocattr(struct task_struct *task, char *name, void *value, size_t size)\n{\n    char *command, *args = value;\n    size_t arg_size;\n    int error;\n    if (size == 0)\n    {\n        return -EINVAL;\n    }\n    if (args[size - 1] != '\\0')\n    {\n        if (size == PAGE_SIZE)\n        {\n            return -EINVAL;\n        }\n        args[size] = '\\0';\n    }\n    if (current != task)\n    {\n        return -EACCES;\n    }\n    args = value;\n    args = strim(args);\n    command = strsep(&args, \" \");\n    if (!args)\n    {\n        return -EINVAL;\n    }\n    args = skip_spaces(args);\n    if (!*args)\n    {\n        return -EINVAL;\n    }\n    arg_size = size - (args - (char *) value);\n    if (strcmp(name, \"current\") == 0)\n    {\n        if (strcmp(command, \"changehat\") == 0)\n        {\n            error = aa_setprocattr_changehat(args, arg_size, !AA_DO_TEST);\n        }\n        else if (strcmp(command, \"permhat\") == 0)\n        {\n            error = aa_setprocattr_changehat(args, arg_size, AA_DO_TEST);\n        }\n        else if (strcmp(command, \"changeprofile\") == 0)\n        {\n            error = aa_setprocattr_changeprofile(args, !AA_ONEXEC, !AA_DO_TEST);\n        }\n        else if (strcmp(command, \"permprofile\") == 0)\n        {\n            error = aa_setprocattr_changeprofile(args, !AA_ONEXEC, AA_DO_TEST);\n        }\n        else if (strcmp(command, \"permipc\") == 0)\n        {\n            error = aa_setprocattr_permipc(args);\n        }\n        else\n        {\n            struct common_audit_data sa;\n            COMMON_AUDIT_DATA_INIT(&sa, NONE);\n            sa.aad.op = OP_SETPROCATTR;\n            sa.aad.info = name;\n            sa.aad.error = -EINVAL;\n            return aa_audit(AUDIT_APPARMOR_DENIED, NULL, GFP_KERNEL, &sa, NULL);\n        }\n    }\n    else if (strcmp(name, \"exec\") == 0)\n    {\n        error = aa_setprocattr_changeprofile(args, AA_ONEXEC, !AA_DO_TEST);\n    }\n    else\n    {\n        return -EINVAL;\n    }\n    if (!error)\n    {\n        error = size;\n    }\n    return error;\n}\n",
        "question": "Given that the parameter or function `char` is modified before the execution of the function `aa_setprocattr_permipc`, evaluate the potential impact on the outcomes of `aa_setprocattr_permipc`. Consider how `char` could influence `aa_setprocattr_permipc`, including its role as a direct parameter, its effect on controlling conditions, or its indirect impacts through other related variables or system states.",
        "choices": {
            "A": "The change to `char` directly alters the arguments passed to `aa_setprocattr_permipc`.",
            "B": "There is neither a direct nor a significant indirect relationship between the changes to `char` and the behavior or output of `aa_setprocattr_permipc`, suggesting no observable impact.",
            "C": "The modification of `char` might indirectly influence `aa_setprocattr_permipc` by modifying the control statement that controls the behavior of `aa_setprocattr_permipc`.",
            "D": "It is not possible to determine the effect without additional context."
        },
        "answer": "A",
        "distance": 3
    },
    {
        "case_id": "primevul_12",
        "code": "static int apparmor_setprocattr(struct task_struct *task, char *name, void *value, size_t size)\n{\n    char *command, *args = value;\n    size_t arg_size;\n    int error;\n    if (size == 0)\n    {\n        return -EINVAL;\n    }\n    if (args[size - 1] != '\\0')\n    {\n        if (size == PAGE_SIZE)\n        {\n            return -EINVAL;\n        }\n        args[size] = '\\0';\n    }\n    if (current != task)\n    {\n        return -EACCES;\n    }\n    args = value;\n    args = strim(args);\n    command = strsep(&args, \" \");\n    if (!args)\n    {\n        return -EINVAL;\n    }\n    args = skip_spaces(args);\n    if (!*args)\n    {\n        return -EINVAL;\n    }\n    arg_size = size - (args - (char *) value);\n    if (strcmp(name, \"current\") == 0)\n    {\n        if (strcmp(command, \"changehat\") == 0)\n        {\n            error = aa_setprocattr_changehat(args, arg_size, !AA_DO_TEST);\n        }\n        else if (strcmp(command, \"permhat\") == 0)\n        {\n            error = aa_setprocattr_changehat(args, arg_size, AA_DO_TEST);\n        }\n        else if (strcmp(command, \"changeprofile\") == 0)\n        {\n            error = aa_setprocattr_changeprofile(args, !AA_ONEXEC, !AA_DO_TEST);\n        }\n        else if (strcmp(command, \"permprofile\") == 0)\n        {\n            error = aa_setprocattr_changeprofile(args, !AA_ONEXEC, AA_DO_TEST);\n        }\n        else if (strcmp(command, \"permipc\") == 0)\n        {\n            error = aa_setprocattr_permipc(args);\n        }\n        else\n        {\n            struct common_audit_data sa;\n            COMMON_AUDIT_DATA_INIT(&sa, NONE);\n            sa.aad.op = OP_SETPROCATTR;\n            sa.aad.info = name;\n            sa.aad.error = -EINVAL;\n            return aa_audit(AUDIT_APPARMOR_DENIED, NULL, GFP_KERNEL, &sa, NULL);\n        }\n    }\n    else if (strcmp(name, \"exec\") == 0)\n    {\n        error = aa_setprocattr_changeprofile(args, AA_ONEXEC, !AA_DO_TEST);\n    }\n    else\n    {\n        return -EINVAL;\n    }\n    if (!error)\n    {\n        error = size;\n    }\n    return error;\n}\n",
        "question": "Given that the parameter or function `!AA_DO_TEST` is modified before the execution of the function `aa_setprocattr_permipc`, evaluate the potential impact on the outcomes of `aa_setprocattr_permipc`. Consider how `!AA_DO_TEST` could influence `aa_setprocattr_permipc`, including its role as a direct parameter, its effect on controlling conditions, or its indirect impacts through other related variables or system states.",
        "choices": {
            "A": "The change to `!AA_DO_TEST` directly alters the arguments passed to `aa_setprocattr_permipc`.",
            "B": "There is neither a direct nor a significant indirect relationship between the changes to `!AA_DO_TEST` and the behavior or output of `aa_setprocattr_permipc`, suggesting no observable impact.",
            "C": "The modification of `!AA_DO_TEST` might indirectly influence `aa_setprocattr_permipc` by modifying the control statement that controls the behavior of `aa_setprocattr_permipc`.",
            "D": "It is not possible to determine the effect without additional context."
        },
        "answer": "A",
        "distance": 2
    },
    {
        "case_id": "primevul_12",
        "code": "static int apparmor_setprocattr(struct task_struct *task, char *name, void *value, size_t size)\n{\n    char *command, *args = value;\n    size_t arg_size;\n    int error;\n    if (size == 0)\n    {\n        return -EINVAL;\n    }\n    if (args[size - 1] != '\\0')\n    {\n        if (size == PAGE_SIZE)\n        {\n            return -EINVAL;\n        }\n        args[size] = '\\0';\n    }\n    if (current != task)\n    {\n        return -EACCES;\n    }\n    args = value;\n    args = strim(args);\n    command = strsep(&args, \" \");\n    if (!args)\n    {\n        return -EINVAL;\n    }\n    args = skip_spaces(args);\n    if (!*args)\n    {\n        return -EINVAL;\n    }\n    arg_size = size - (args - (char *) value);\n    if (strcmp(name, \"current\") == 0)\n    {\n        if (strcmp(command, \"changehat\") == 0)\n        {\n            error = aa_setprocattr_changehat(args, arg_size, !AA_DO_TEST);\n        }\n        else if (strcmp(command, \"permhat\") == 0)\n        {\n            error = aa_setprocattr_changehat(args, arg_size, AA_DO_TEST);\n        }\n        else if (strcmp(command, \"changeprofile\") == 0)\n        {\n            error = aa_setprocattr_changeprofile(args, !AA_ONEXEC, !AA_DO_TEST);\n        }\n        else if (strcmp(command, \"permprofile\") == 0)\n        {\n            error = aa_setprocattr_changeprofile(args, !AA_ONEXEC, AA_DO_TEST);\n        }\n        else if (strcmp(command, \"permipc\") == 0)\n        {\n            error = aa_setprocattr_permipc(args);\n        }\n        else\n        {\n            struct common_audit_data sa;\n            COMMON_AUDIT_DATA_INIT(&sa, NONE);\n            sa.aad.op = OP_SETPROCATTR;\n            sa.aad.info = name;\n            sa.aad.error = -EINVAL;\n            return aa_audit(AUDIT_APPARMOR_DENIED, NULL, GFP_KERNEL, &sa, NULL);\n        }\n    }\n    else if (strcmp(name, \"exec\") == 0)\n    {\n        error = aa_setprocattr_changeprofile(args, AA_ONEXEC, !AA_DO_TEST);\n    }\n    else\n    {\n        return -EINVAL;\n    }\n    if (!error)\n    {\n        error = size;\n    }\n    return error;\n}\n",
        "question": "Given that the parameter or function `arg_size` is modified before the execution of the function `aa_setprocattr_permipc`, evaluate the potential impact on the outcomes of `aa_setprocattr_permipc`. Consider how `arg_size` could influence `aa_setprocattr_permipc`, including its role as a direct parameter, its effect on controlling conditions, or its indirect impacts through other related variables or system states.",
        "choices": {
            "A": "The change to `arg_size` directly alters the arguments passed to `aa_setprocattr_permipc`.",
            "B": "There is neither a direct nor a significant indirect relationship between the changes to `arg_size` and the behavior or output of `aa_setprocattr_permipc`, suggesting no observable impact.",
            "C": "The modification of `arg_size` might indirectly influence `aa_setprocattr_permipc` by modifying the control statement that controls the behavior of `aa_setprocattr_permipc`.",
            "D": "It is not possible to determine the effect without additional context."
        },
        "answer": "A",
        "distance": 2
    },
    {
        "case_id": "primevul_12",
        "code": "static int apparmor_setprocattr(struct task_struct *task, char *name, void *value, size_t size)\n{\n    char *command, *args = value;\n    size_t arg_size;\n    int error;\n    if (size == 0)\n    {\n        return -EINVAL;\n    }\n    if (args[size - 1] != '\\0')\n    {\n        if (size == PAGE_SIZE)\n        {\n            return -EINVAL;\n        }\n        args[size] = '\\0';\n    }\n    if (current != task)\n    {\n        return -EACCES;\n    }\n    args = value;\n    args = strim(args);\n    command = strsep(&args, \" \");\n    if (!args)\n    {\n        return -EINVAL;\n    }\n    args = skip_spaces(args);\n    if (!*args)\n    {\n        return -EINVAL;\n    }\n    arg_size = size - (args - (char *) value);\n    if (strcmp(name, \"current\") == 0)\n    {\n        if (strcmp(command, \"changehat\") == 0)\n        {\n            error = aa_setprocattr_changehat(args, arg_size, !AA_DO_TEST);\n        }\n        else if (strcmp(command, \"permhat\") == 0)\n        {\n            error = aa_setprocattr_changehat(args, arg_size, AA_DO_TEST);\n        }\n        else if (strcmp(command, \"changeprofile\") == 0)\n        {\n            error = aa_setprocattr_changeprofile(args, !AA_ONEXEC, !AA_DO_TEST);\n        }\n        else if (strcmp(command, \"permprofile\") == 0)\n        {\n            error = aa_setprocattr_changeprofile(args, !AA_ONEXEC, AA_DO_TEST);\n        }\n        else if (strcmp(command, \"permipc\") == 0)\n        {\n            error = aa_setprocattr_permipc(args);\n        }\n        else\n        {\n            struct common_audit_data sa;\n            COMMON_AUDIT_DATA_INIT(&sa, NONE);\n            sa.aad.op = OP_SETPROCATTR;\n            sa.aad.info = name;\n            sa.aad.error = -EINVAL;\n            return aa_audit(AUDIT_APPARMOR_DENIED, NULL, GFP_KERNEL, &sa, NULL);\n        }\n    }\n    else if (strcmp(name, \"exec\") == 0)\n    {\n        error = aa_setprocattr_changeprofile(args, AA_ONEXEC, !AA_DO_TEST);\n    }\n    else\n    {\n        return -EINVAL;\n    }\n    if (!error)\n    {\n        error = size;\n    }\n    return error;\n}\n",
        "question": "Given that the parameter or function `strsep` is modified before the execution of the function `aa_setprocattr_permipc`, evaluate the potential impact on the outcomes of `aa_setprocattr_permipc`. Consider how `strsep` could influence `aa_setprocattr_permipc`, including its role as a direct parameter, its effect on controlling conditions, or its indirect impacts through other related variables or system states.",
        "choices": {
            "A": "The change to `strsep` directly alters the arguments passed to `aa_setprocattr_permipc`.",
            "B": "There is neither a direct nor a significant indirect relationship between the changes to `strsep` and the behavior or output of `aa_setprocattr_permipc`, suggesting no observable impact.",
            "C": "The modification of `strsep` might indirectly influence `aa_setprocattr_permipc` by modifying the control statement that controls the behavior of `aa_setprocattr_permipc`.",
            "D": "It is not possible to determine the effect without additional context."
        },
        "answer": "B",
        "distance": 0
    },
    {
        "case_id": "primevul_12",
        "code": "static int apparmor_setprocattr(struct task_struct *task, char *name, void *value, size_t size)\n{\n    char *command, *args = value;\n    size_t arg_size;\n    int error;\n    if (size == 0)\n    {\n        return -EINVAL;\n    }\n    if (args[size - 1] != '\\0')\n    {\n        if (size == PAGE_SIZE)\n        {\n            return -EINVAL;\n        }\n        args[size] = '\\0';\n    }\n    if (current != task)\n    {\n        return -EACCES;\n    }\n    args = value;\n    args = strim(args);\n    command = strsep(&args, \" \");\n    if (!args)\n    {\n        return -EINVAL;\n    }\n    args = skip_spaces(args);\n    if (!*args)\n    {\n        return -EINVAL;\n    }\n    arg_size = size - (args - (char *) value);\n    if (strcmp(name, \"current\") == 0)\n    {\n        if (strcmp(command, \"changehat\") == 0)\n        {\n            error = aa_setprocattr_changehat(args, arg_size, !AA_DO_TEST);\n        }\n        else if (strcmp(command, \"permhat\") == 0)\n        {\n            error = aa_setprocattr_changehat(args, arg_size, AA_DO_TEST);\n        }\n        else if (strcmp(command, \"changeprofile\") == 0)\n        {\n            error = aa_setprocattr_changeprofile(args, !AA_ONEXEC, !AA_DO_TEST);\n        }\n        else if (strcmp(command, \"permprofile\") == 0)\n        {\n            error = aa_setprocattr_changeprofile(args, !AA_ONEXEC, AA_DO_TEST);\n        }\n        else if (strcmp(command, \"permipc\") == 0)\n        {\n            error = aa_setprocattr_permipc(args);\n        }\n        else\n        {\n            struct common_audit_data sa;\n            COMMON_AUDIT_DATA_INIT(&sa, NONE);\n            sa.aad.op = OP_SETPROCATTR;\n            sa.aad.info = name;\n            sa.aad.error = -EINVAL;\n            return aa_audit(AUDIT_APPARMOR_DENIED, NULL, GFP_KERNEL, &sa, NULL);\n        }\n    }\n    else if (strcmp(name, \"exec\") == 0)\n    {\n        error = aa_setprocattr_changeprofile(args, AA_ONEXEC, !AA_DO_TEST);\n    }\n    else\n    {\n        return -EINVAL;\n    }\n    if (!error)\n    {\n        error = size;\n    }\n    return error;\n}\n",
        "question": "Given that the parameter or function `COMMON_AUDIT_DATA_INIT` is modified before the execution of the function `aa_setprocattr_permipc`, evaluate the potential impact on the outcomes of `aa_setprocattr_permipc`. Consider how `COMMON_AUDIT_DATA_INIT` could influence `aa_setprocattr_permipc`, including its role as a direct parameter, its effect on controlling conditions, or its indirect impacts through other related variables or system states.",
        "choices": {
            "A": "The change to `COMMON_AUDIT_DATA_INIT` directly alters the arguments passed to `aa_setprocattr_permipc`.",
            "B": "There is neither a direct nor a significant indirect relationship between the changes to `COMMON_AUDIT_DATA_INIT` and the behavior or output of `aa_setprocattr_permipc`, suggesting no observable impact.",
            "C": "The modification of `COMMON_AUDIT_DATA_INIT` might indirectly influence `aa_setprocattr_permipc` by modifying the control statement that controls the behavior of `aa_setprocattr_permipc`.",
            "D": "It is not possible to determine the effect without additional context."
        },
        "answer": "B",
        "distance": 0
    },
    {
        "case_id": "primevul_12",
        "code": "static int apparmor_setprocattr(struct task_struct *task, char *name, void *value, size_t size)\n{\n    char *command, *args = value;\n    size_t arg_size;\n    int error;\n    if (size == 0)\n    {\n        return -EINVAL;\n    }\n    if (args[size - 1] != '\\0')\n    {\n        if (size == PAGE_SIZE)\n        {\n            return -EINVAL;\n        }\n        args[size] = '\\0';\n    }\n    if (current != task)\n    {\n        return -EACCES;\n    }\n    args = value;\n    args = strim(args);\n    command = strsep(&args, \" \");\n    if (!args)\n    {\n        return -EINVAL;\n    }\n    args = skip_spaces(args);\n    if (!*args)\n    {\n        return -EINVAL;\n    }\n    arg_size = size - (args - (char *) value);\n    if (strcmp(name, \"current\") == 0)\n    {\n        if (strcmp(command, \"changehat\") == 0)\n        {\n            error = aa_setprocattr_changehat(args, arg_size, !AA_DO_TEST);\n        }\n        else if (strcmp(command, \"permhat\") == 0)\n        {\n            error = aa_setprocattr_changehat(args, arg_size, AA_DO_TEST);\n        }\n        else if (strcmp(command, \"changeprofile\") == 0)\n        {\n            error = aa_setprocattr_changeprofile(args, !AA_ONEXEC, !AA_DO_TEST);\n        }\n        else if (strcmp(command, \"permprofile\") == 0)\n        {\n            error = aa_setprocattr_changeprofile(args, !AA_ONEXEC, AA_DO_TEST);\n        }\n        else if (strcmp(command, \"permipc\") == 0)\n        {\n            error = aa_setprocattr_permipc(args);\n        }\n        else\n        {\n            struct common_audit_data sa;\n            COMMON_AUDIT_DATA_INIT(&sa, NONE);\n            sa.aad.op = OP_SETPROCATTR;\n            sa.aad.info = name;\n            sa.aad.error = -EINVAL;\n            return aa_audit(AUDIT_APPARMOR_DENIED, NULL, GFP_KERNEL, &sa, NULL);\n        }\n    }\n    else if (strcmp(name, \"exec\") == 0)\n    {\n        error = aa_setprocattr_changeprofile(args, AA_ONEXEC, !AA_DO_TEST);\n    }\n    else\n    {\n        return -EINVAL;\n    }\n    if (!error)\n    {\n        error = size;\n    }\n    return error;\n}\n",
        "question": "Given that the parameter or function `command` is modified before the execution of the function `aa_setprocattr_permipc`, evaluate the potential impact on the outcomes of `aa_setprocattr_permipc`. Consider how `command` could influence `aa_setprocattr_permipc`, including its role as a direct parameter, its effect on controlling conditions, or its indirect impacts through other related variables or system states.",
        "choices": {
            "A": "The change to `command` directly alters the arguments passed to `aa_setprocattr_permipc`.",
            "B": "There is neither a direct nor a significant indirect relationship between the changes to `command` and the behavior or output of `aa_setprocattr_permipc`, suggesting no observable impact.",
            "C": "The modification of `command` might indirectly influence `aa_setprocattr_permipc` by modifying the control statement that controls the behavior of `aa_setprocattr_permipc`.",
            "D": "It is not possible to determine the effect without additional context."
        },
        "answer": "B",
        "distance": 0
    },
    {
        "case_id": "primevul_12",
        "code": "static int apparmor_setprocattr(struct task_struct *task, char *name, void *value, size_t size)\n{\n    char *command, *args = value;\n    size_t arg_size;\n    int error;\n    if (size == 0)\n    {\n        return -EINVAL;\n    }\n    if (args[size - 1] != '\\0')\n    {\n        if (size == PAGE_SIZE)\n        {\n            return -EINVAL;\n        }\n        args[size] = '\\0';\n    }\n    if (current != task)\n    {\n        return -EACCES;\n    }\n    args = value;\n    args = strim(args);\n    command = strsep(&args, \" \");\n    if (!args)\n    {\n        return -EINVAL;\n    }\n    args = skip_spaces(args);\n    if (!*args)\n    {\n        return -EINVAL;\n    }\n    arg_size = size - (args - (char *) value);\n    if (strcmp(name, \"current\") == 0)\n    {\n        if (strcmp(command, \"changehat\") == 0)\n        {\n            error = aa_setprocattr_changehat(args, arg_size, !AA_DO_TEST);\n        }\n        else if (strcmp(command, \"permhat\") == 0)\n        {\n            error = aa_setprocattr_changehat(args, arg_size, AA_DO_TEST);\n        }\n        else if (strcmp(command, \"changeprofile\") == 0)\n        {\n            error = aa_setprocattr_changeprofile(args, !AA_ONEXEC, !AA_DO_TEST);\n        }\n        else if (strcmp(command, \"permprofile\") == 0)\n        {\n            error = aa_setprocattr_changeprofile(args, !AA_ONEXEC, AA_DO_TEST);\n        }\n        else if (strcmp(command, \"permipc\") == 0)\n        {\n            error = aa_setprocattr_permipc(args);\n        }\n        else\n        {\n            struct common_audit_data sa;\n            COMMON_AUDIT_DATA_INIT(&sa, NONE);\n            sa.aad.op = OP_SETPROCATTR;\n            sa.aad.info = name;\n            sa.aad.error = -EINVAL;\n            return aa_audit(AUDIT_APPARMOR_DENIED, NULL, GFP_KERNEL, &sa, NULL);\n        }\n    }\n    else if (strcmp(name, \"exec\") == 0)\n    {\n        error = aa_setprocattr_changeprofile(args, AA_ONEXEC, !AA_DO_TEST);\n    }\n    else\n    {\n        return -EINVAL;\n    }\n    if (!error)\n    {\n        error = size;\n    }\n    return error;\n}\n",
        "question": "Given that the parameter or function `AA_ONEXEC` is modified before the execution of the function `aa_setprocattr_permipc`, evaluate the potential impact on the outcomes of `aa_setprocattr_permipc`. Consider how `AA_ONEXEC` could influence `aa_setprocattr_permipc`, including its role as a direct parameter, its effect on controlling conditions, or its indirect impacts through other related variables or system states.",
        "choices": {
            "A": "The change to `AA_ONEXEC` directly alters the arguments passed to `aa_setprocattr_permipc`.",
            "B": "There is neither a direct nor a significant indirect relationship between the changes to `AA_ONEXEC` and the behavior or output of `aa_setprocattr_permipc`, suggesting no observable impact.",
            "C": "The modification of `AA_ONEXEC` might indirectly influence `aa_setprocattr_permipc` by modifying the control statement that controls the behavior of `aa_setprocattr_permipc`.",
            "D": "It is not possible to determine the effect without additional context."
        },
        "answer": "B",
        "distance": 0
    }
]