[
    {
        "case_id": "primevul_25",
        "code": "int ssl3_do_change_cipher_spec(SSL *s)\n{\n    int i;\n    const char *sender;\n    int slen;\n    if (s->state & SSL_ST_ACCEPT)\n    {\n        i = SSL3_CHANGE_CIPHER_SERVER_READ;\n    }\n    else\n    {\n        i = SSL3_CHANGE_CIPHER_CLIENT_READ;\n    }\n    if (s->s3->tmp.key_block == NULL)\n    {\n        if (s->session == NULL)\n        {\n            SSLerr(SSL_F_SSL3_DO_CHANGE_CIPHER_SPEC, SSL_R_CCS_RECEIVED_EARLY);\n            return (0);\n        }\n        s->session->cipher = s->s3->tmp.new_cipher;\n        if (!s->method->ssl3_enc->setup_key_block(s))\n        {\n            return (0);\n        }\n    }\n    if (!s->method->ssl3_enc->change_cipher_state(s, i))\n    {\n        return (0);\n    }\n    if (s->state & SSL_ST_CONNECT)\n    {\n        sender = s->method->ssl3_enc->server_finished_label;\n        slen = s->method->ssl3_enc->server_finished_label_len;\n    }\n    else\n    {\n        sender = s->method->ssl3_enc->client_finished_label;\n        slen = s->method->ssl3_enc->client_finished_label_len;\n    }\n    i = s->method->ssl3_enc->final_finish_mac(s, sender, slen, s->s3->tmp.peer_finish_md);\n    if (i == 0)\n    {\n        SSLerr(SSL_F_SSL3_DO_CHANGE_CIPHER_SPEC, ERR_R_INTERNAL_ERROR);\n        return 0;\n    }\n    s->s3->tmp.peer_finish_md_len = i;\n    return (1);\n}\n",
        "question": "Given that the parameter or function `s3` is modified before the execution of the function `final_finish_mac`, evaluate the potential impact on the outcomes of `final_finish_mac`. Consider how `s3` could influence `final_finish_mac`, including its role as a direct parameter, its effect on controlling conditions, or its indirect impacts through other related variables or system states.",
        "choices": {
            "A": "The change to `s3` directly alters the arguments passed to `final_finish_mac`.",
            "B": "There is neither a direct nor a significant indirect relationship between the changes to `s3` and the behavior or output of `final_finish_mac`, suggesting no observable impact.",
            "C": "The modification of `s3` might indirectly influence `final_finish_mac` by modifying the control statement that controls the behavior of `final_finish_mac`.",
            "D": "It is not possible to determine the effect without additional context."
        },
        "answer": "A",
        "distance": 1
    },
    {
        "case_id": "primevul_25",
        "code": "int ssl3_do_change_cipher_spec(SSL *s)\n{\n    int i;\n    const char *sender;\n    int slen;\n    if (s->state & SSL_ST_ACCEPT)\n    {\n        i = SSL3_CHANGE_CIPHER_SERVER_READ;\n    }\n    else\n    {\n        i = SSL3_CHANGE_CIPHER_CLIENT_READ;\n    }\n    if (s->s3->tmp.key_block == NULL)\n    {\n        if (s->session == NULL)\n        {\n            SSLerr(SSL_F_SSL3_DO_CHANGE_CIPHER_SPEC, SSL_R_CCS_RECEIVED_EARLY);\n            return (0);\n        }\n        s->session->cipher = s->s3->tmp.new_cipher;\n        if (!s->method->ssl3_enc->setup_key_block(s))\n        {\n            return (0);\n        }\n    }\n    if (!s->method->ssl3_enc->change_cipher_state(s, i))\n    {\n        return (0);\n    }\n    if (s->state & SSL_ST_CONNECT)\n    {\n        sender = s->method->ssl3_enc->server_finished_label;\n        slen = s->method->ssl3_enc->server_finished_label_len;\n    }\n    else\n    {\n        sender = s->method->ssl3_enc->client_finished_label;\n        slen = s->method->ssl3_enc->client_finished_label_len;\n    }\n    i = s->method->ssl3_enc->final_finish_mac(s, sender, slen, s->s3->tmp.peer_finish_md);\n    if (i == 0)\n    {\n        SSLerr(SSL_F_SSL3_DO_CHANGE_CIPHER_SPEC, ERR_R_INTERNAL_ERROR);\n        return 0;\n    }\n    s->s3->tmp.peer_finish_md_len = i;\n    return (1);\n}\n",
        "question": "Given that the parameter or function `sender` is modified before the execution of the function `final_finish_mac`, evaluate the potential impact on the outcomes of `final_finish_mac`. Consider how `sender` could influence `final_finish_mac`, including its role as a direct parameter, its effect on controlling conditions, or its indirect impacts through other related variables or system states.",
        "choices": {
            "A": "The change to `sender` directly alters the arguments passed to `final_finish_mac`.",
            "B": "There is neither a direct nor a significant indirect relationship between the changes to `sender` and the behavior or output of `final_finish_mac`, suggesting no observable impact.",
            "C": "The modification of `sender` might indirectly influence `final_finish_mac` by modifying the control statement that controls the behavior of `final_finish_mac`.",
            "D": "It is not possible to determine the effect without additional context."
        },
        "answer": "A",
        "distance": 1
    },
    {
        "case_id": "primevul_25",
        "code": "int ssl3_do_change_cipher_spec(SSL *s)\n{\n    int i;\n    const char *sender;\n    int slen;\n    if (s->state & SSL_ST_ACCEPT)\n    {\n        i = SSL3_CHANGE_CIPHER_SERVER_READ;\n    }\n    else\n    {\n        i = SSL3_CHANGE_CIPHER_CLIENT_READ;\n    }\n    if (s->s3->tmp.key_block == NULL)\n    {\n        if (s->session == NULL)\n        {\n            SSLerr(SSL_F_SSL3_DO_CHANGE_CIPHER_SPEC, SSL_R_CCS_RECEIVED_EARLY);\n            return (0);\n        }\n        s->session->cipher = s->s3->tmp.new_cipher;\n        if (!s->method->ssl3_enc->setup_key_block(s))\n        {\n            return (0);\n        }\n    }\n    if (!s->method->ssl3_enc->change_cipher_state(s, i))\n    {\n        return (0);\n    }\n    if (s->state & SSL_ST_CONNECT)\n    {\n        sender = s->method->ssl3_enc->server_finished_label;\n        slen = s->method->ssl3_enc->server_finished_label_len;\n    }\n    else\n    {\n        sender = s->method->ssl3_enc->client_finished_label;\n        slen = s->method->ssl3_enc->client_finished_label_len;\n    }\n    i = s->method->ssl3_enc->final_finish_mac(s, sender, slen, s->s3->tmp.peer_finish_md);\n    if (i == 0)\n    {\n        SSLerr(SSL_F_SSL3_DO_CHANGE_CIPHER_SPEC, ERR_R_INTERNAL_ERROR);\n        return 0;\n    }\n    s->s3->tmp.peer_finish_md_len = i;\n    return (1);\n}\n",
        "question": "Given that the parameter or function `ssl3_enc` is modified before the execution of the function `final_finish_mac`, evaluate the potential impact on the outcomes of `final_finish_mac`. Consider how `ssl3_enc` could influence `final_finish_mac`, including its role as a direct parameter, its effect on controlling conditions, or its indirect impacts through other related variables or system states.",
        "choices": {
            "A": "The change to `ssl3_enc` directly alters the arguments passed to `final_finish_mac`.",
            "B": "There is neither a direct nor a significant indirect relationship between the changes to `ssl3_enc` and the behavior or output of `final_finish_mac`, suggesting no observable impact.",
            "C": "The modification of `ssl3_enc` might indirectly influence `final_finish_mac` by modifying the control statement that controls the behavior of `final_finish_mac`.",
            "D": "It is not possible to determine the effect without additional context."
        },
        "answer": "A",
        "distance": 1
    },
    {
        "case_id": "primevul_25",
        "code": "int ssl3_do_change_cipher_spec(SSL *s)\n{\n    int i;\n    const char *sender;\n    int slen;\n    if (s->state & SSL_ST_ACCEPT)\n    {\n        i = SSL3_CHANGE_CIPHER_SERVER_READ;\n    }\n    else\n    {\n        i = SSL3_CHANGE_CIPHER_CLIENT_READ;\n    }\n    if (s->s3->tmp.key_block == NULL)\n    {\n        if (s->session == NULL)\n        {\n            SSLerr(SSL_F_SSL3_DO_CHANGE_CIPHER_SPEC, SSL_R_CCS_RECEIVED_EARLY);\n            return (0);\n        }\n        s->session->cipher = s->s3->tmp.new_cipher;\n        if (!s->method->ssl3_enc->setup_key_block(s))\n        {\n            return (0);\n        }\n    }\n    if (!s->method->ssl3_enc->change_cipher_state(s, i))\n    {\n        return (0);\n    }\n    if (s->state & SSL_ST_CONNECT)\n    {\n        sender = s->method->ssl3_enc->server_finished_label;\n        slen = s->method->ssl3_enc->server_finished_label_len;\n    }\n    else\n    {\n        sender = s->method->ssl3_enc->client_finished_label;\n        slen = s->method->ssl3_enc->client_finished_label_len;\n    }\n    i = s->method->ssl3_enc->final_finish_mac(s, sender, slen, s->s3->tmp.peer_finish_md);\n    if (i == 0)\n    {\n        SSLerr(SSL_F_SSL3_DO_CHANGE_CIPHER_SPEC, ERR_R_INTERNAL_ERROR);\n        return 0;\n    }\n    s->s3->tmp.peer_finish_md_len = i;\n    return (1);\n}\n",
        "question": "Given that the parameter or function `method` is modified before the execution of the function `final_finish_mac`, evaluate the potential impact on the outcomes of `final_finish_mac`. Consider how `method` could influence `final_finish_mac`, including its role as a direct parameter, its effect on controlling conditions, or its indirect impacts through other related variables or system states.",
        "choices": {
            "A": "The change to `method` directly alters the arguments passed to `final_finish_mac`.",
            "B": "There is neither a direct nor a significant indirect relationship between the changes to `method` and the behavior or output of `final_finish_mac`, suggesting no observable impact.",
            "C": "The modification of `method` might indirectly influence `final_finish_mac` by modifying the control statement that controls the behavior of `final_finish_mac`.",
            "D": "It is not possible to determine the effect without additional context."
        },
        "answer": "A",
        "distance": 1
    },
    {
        "case_id": "primevul_25",
        "code": "int ssl3_do_change_cipher_spec(SSL *s)\n{\n    int i;\n    const char *sender;\n    int slen;\n    if (s->state & SSL_ST_ACCEPT)\n    {\n        i = SSL3_CHANGE_CIPHER_SERVER_READ;\n    }\n    else\n    {\n        i = SSL3_CHANGE_CIPHER_CLIENT_READ;\n    }\n    if (s->s3->tmp.key_block == NULL)\n    {\n        if (s->session == NULL)\n        {\n            SSLerr(SSL_F_SSL3_DO_CHANGE_CIPHER_SPEC, SSL_R_CCS_RECEIVED_EARLY);\n            return (0);\n        }\n        s->session->cipher = s->s3->tmp.new_cipher;\n        if (!s->method->ssl3_enc->setup_key_block(s))\n        {\n            return (0);\n        }\n    }\n    if (!s->method->ssl3_enc->change_cipher_state(s, i))\n    {\n        return (0);\n    }\n    if (s->state & SSL_ST_CONNECT)\n    {\n        sender = s->method->ssl3_enc->server_finished_label;\n        slen = s->method->ssl3_enc->server_finished_label_len;\n    }\n    else\n    {\n        sender = s->method->ssl3_enc->client_finished_label;\n        slen = s->method->ssl3_enc->client_finished_label_len;\n    }\n    i = s->method->ssl3_enc->final_finish_mac(s, sender, slen, s->s3->tmp.peer_finish_md);\n    if (i == 0)\n    {\n        SSLerr(SSL_F_SSL3_DO_CHANGE_CIPHER_SPEC, ERR_R_INTERNAL_ERROR);\n        return 0;\n    }\n    s->s3->tmp.peer_finish_md_len = i;\n    return (1);\n}\n",
        "question": "Given that the parameter or function `SSLerr` is modified before the execution of the function `final_finish_mac`, evaluate the potential impact on the outcomes of `final_finish_mac`. Consider how `SSLerr` could influence `final_finish_mac`, including its role as a direct parameter, its effect on controlling conditions, or its indirect impacts through other related variables or system states.",
        "choices": {
            "A": "The change to `SSLerr` directly alters the arguments passed to `final_finish_mac`.",
            "B": "There is neither a direct nor a significant indirect relationship between the changes to `SSLerr` and the behavior or output of `final_finish_mac`, suggesting no observable impact.",
            "C": "The modification of `SSLerr` might indirectly influence `final_finish_mac` by modifying the control statement that controls the behavior of `final_finish_mac`.",
            "D": "It is not possible to determine the effect without additional context."
        },
        "answer": "B",
        "distance": 0
    },
    {
        "case_id": "primevul_25",
        "code": "int ssl3_do_change_cipher_spec(SSL *s)\n{\n    int i;\n    const char *sender;\n    int slen;\n    if (s->state & SSL_ST_ACCEPT)\n    {\n        i = SSL3_CHANGE_CIPHER_SERVER_READ;\n    }\n    else\n    {\n        i = SSL3_CHANGE_CIPHER_CLIENT_READ;\n    }\n    if (s->s3->tmp.key_block == NULL)\n    {\n        if (s->session == NULL)\n        {\n            SSLerr(SSL_F_SSL3_DO_CHANGE_CIPHER_SPEC, SSL_R_CCS_RECEIVED_EARLY);\n            return (0);\n        }\n        s->session->cipher = s->s3->tmp.new_cipher;\n        if (!s->method->ssl3_enc->setup_key_block(s))\n        {\n            return (0);\n        }\n    }\n    if (!s->method->ssl3_enc->change_cipher_state(s, i))\n    {\n        return (0);\n    }\n    if (s->state & SSL_ST_CONNECT)\n    {\n        sender = s->method->ssl3_enc->server_finished_label;\n        slen = s->method->ssl3_enc->server_finished_label_len;\n    }\n    else\n    {\n        sender = s->method->ssl3_enc->client_finished_label;\n        slen = s->method->ssl3_enc->client_finished_label_len;\n    }\n    i = s->method->ssl3_enc->final_finish_mac(s, sender, slen, s->s3->tmp.peer_finish_md);\n    if (i == 0)\n    {\n        SSLerr(SSL_F_SSL3_DO_CHANGE_CIPHER_SPEC, ERR_R_INTERNAL_ERROR);\n        return 0;\n    }\n    s->s3->tmp.peer_finish_md_len = i;\n    return (1);\n}\n",
        "question": "Given that the parameter or function `i` is modified before the execution of the function `final_finish_mac`, evaluate the potential impact on the outcomes of `final_finish_mac`. Consider how `i` could influence `final_finish_mac`, including its role as a direct parameter, its effect on controlling conditions, or its indirect impacts through other related variables or system states.",
        "choices": {
            "A": "The change to `i` directly alters the arguments passed to `final_finish_mac`.",
            "B": "There is neither a direct nor a significant indirect relationship between the changes to `i` and the behavior or output of `final_finish_mac`, suggesting no observable impact.",
            "C": "The modification of `i` might indirectly influence `final_finish_mac` by modifying the control statement that controls the behavior of `final_finish_mac`.",
            "D": "It is not possible to determine the effect without additional context."
        },
        "answer": "B",
        "distance": 0
    },
    {
        "case_id": "primevul_25",
        "code": "int ssl3_do_change_cipher_spec(SSL *s)\n{\n    int i;\n    const char *sender;\n    int slen;\n    if (s->state & SSL_ST_ACCEPT)\n    {\n        i = SSL3_CHANGE_CIPHER_SERVER_READ;\n    }\n    else\n    {\n        i = SSL3_CHANGE_CIPHER_CLIENT_READ;\n    }\n    if (s->s3->tmp.key_block == NULL)\n    {\n        if (s->session == NULL)\n        {\n            SSLerr(SSL_F_SSL3_DO_CHANGE_CIPHER_SPEC, SSL_R_CCS_RECEIVED_EARLY);\n            return (0);\n        }\n        s->session->cipher = s->s3->tmp.new_cipher;\n        if (!s->method->ssl3_enc->setup_key_block(s))\n        {\n            return (0);\n        }\n    }\n    if (!s->method->ssl3_enc->change_cipher_state(s, i))\n    {\n        return (0);\n    }\n    if (s->state & SSL_ST_CONNECT)\n    {\n        sender = s->method->ssl3_enc->server_finished_label;\n        slen = s->method->ssl3_enc->server_finished_label_len;\n    }\n    else\n    {\n        sender = s->method->ssl3_enc->client_finished_label;\n        slen = s->method->ssl3_enc->client_finished_label_len;\n    }\n    i = s->method->ssl3_enc->final_finish_mac(s, sender, slen, s->s3->tmp.peer_finish_md);\n    if (i == 0)\n    {\n        SSLerr(SSL_F_SSL3_DO_CHANGE_CIPHER_SPEC, ERR_R_INTERNAL_ERROR);\n        return 0;\n    }\n    s->s3->tmp.peer_finish_md_len = i;\n    return (1);\n}\n",
        "question": "Given that the parameter or function `SSL3_CHANGE_CIPHER_CLIENT_READ` is modified before the execution of the function `final_finish_mac`, evaluate the potential impact on the outcomes of `final_finish_mac`. Consider how `SSL3_CHANGE_CIPHER_CLIENT_READ` could influence `final_finish_mac`, including its role as a direct parameter, its effect on controlling conditions, or its indirect impacts through other related variables or system states.",
        "choices": {
            "A": "The change to `SSL3_CHANGE_CIPHER_CLIENT_READ` directly alters the arguments passed to `final_finish_mac`.",
            "B": "There is neither a direct nor a significant indirect relationship between the changes to `SSL3_CHANGE_CIPHER_CLIENT_READ` and the behavior or output of `final_finish_mac`, suggesting no observable impact.",
            "C": "The modification of `SSL3_CHANGE_CIPHER_CLIENT_READ` might indirectly influence `final_finish_mac` by modifying the control statement that controls the behavior of `final_finish_mac`.",
            "D": "It is not possible to determine the effect without additional context."
        },
        "answer": "B",
        "distance": 0
    },
    {
        "case_id": "primevul_25",
        "code": "int ssl3_do_change_cipher_spec(SSL *s)\n{\n    int i;\n    const char *sender;\n    int slen;\n    if (s->state & SSL_ST_ACCEPT)\n    {\n        i = SSL3_CHANGE_CIPHER_SERVER_READ;\n    }\n    else\n    {\n        i = SSL3_CHANGE_CIPHER_CLIENT_READ;\n    }\n    if (s->s3->tmp.key_block == NULL)\n    {\n        if (s->session == NULL)\n        {\n            SSLerr(SSL_F_SSL3_DO_CHANGE_CIPHER_SPEC, SSL_R_CCS_RECEIVED_EARLY);\n            return (0);\n        }\n        s->session->cipher = s->s3->tmp.new_cipher;\n        if (!s->method->ssl3_enc->setup_key_block(s))\n        {\n            return (0);\n        }\n    }\n    if (!s->method->ssl3_enc->change_cipher_state(s, i))\n    {\n        return (0);\n    }\n    if (s->state & SSL_ST_CONNECT)\n    {\n        sender = s->method->ssl3_enc->server_finished_label;\n        slen = s->method->ssl3_enc->server_finished_label_len;\n    }\n    else\n    {\n        sender = s->method->ssl3_enc->client_finished_label;\n        slen = s->method->ssl3_enc->client_finished_label_len;\n    }\n    i = s->method->ssl3_enc->final_finish_mac(s, sender, slen, s->s3->tmp.peer_finish_md);\n    if (i == 0)\n    {\n        SSLerr(SSL_F_SSL3_DO_CHANGE_CIPHER_SPEC, ERR_R_INTERNAL_ERROR);\n        return 0;\n    }\n    s->s3->tmp.peer_finish_md_len = i;\n    return (1);\n}\n",
        "question": "Given that the parameter or function `SSL_F_SSL3_DO_CHANGE_CIPHER_SPEC` is modified before the execution of the function `final_finish_mac`, evaluate the potential impact on the outcomes of `final_finish_mac`. Consider how `SSL_F_SSL3_DO_CHANGE_CIPHER_SPEC` could influence `final_finish_mac`, including its role as a direct parameter, its effect on controlling conditions, or its indirect impacts through other related variables or system states.",
        "choices": {
            "A": "The change to `SSL_F_SSL3_DO_CHANGE_CIPHER_SPEC` directly alters the arguments passed to `final_finish_mac`.",
            "B": "There is neither a direct nor a significant indirect relationship between the changes to `SSL_F_SSL3_DO_CHANGE_CIPHER_SPEC` and the behavior or output of `final_finish_mac`, suggesting no observable impact.",
            "C": "The modification of `SSL_F_SSL3_DO_CHANGE_CIPHER_SPEC` might indirectly influence `final_finish_mac` by modifying the control statement that controls the behavior of `final_finish_mac`.",
            "D": "It is not possible to determine the effect without additional context."
        },
        "answer": "B",
        "distance": 0
    }
]