[
    {
        "case_id": "primevul_37",
        "code": "snd_seq_oss_open(struct file *file, int level)\n{\n\tint i, rc;\n\tstruct seq_oss_devinfo *dp;\n\tdp = kzalloc(sizeof(*dp), GFP_KERNEL);\n\tif (!dp)\n\t{\n\t\tsnd_printk(KERN_ERR \"can't malloc device info\\n\");\n\t\treturn -ENOMEM;\n\t}\n\tdebug_printk((\"oss_open: dp = %p\\n\", dp));\n\tdp->cseq = system_client;\n\tdp->port = -1;\n\tdp->queue = -1;\n\tfor (i = 0; i < SNDRV_SEQ_OSS_MAX_CLIENTS; i++)\n\t{\n\t\tif (client_table[i] == NULL)\n\t\t{\n\t\t\tbreak;\n\t\t}\n\t}\n\tdp->index = i;\n\tif (i >= SNDRV_SEQ_OSS_MAX_CLIENTS)\n\t{\n\t\tsnd_printk(KERN_ERR \"too many applications\\n\");\n\t\trc = -ENOMEM;\n\t\tgoto _error;\n\t}\n\tsnd_seq_oss_synth_setup(dp);\n\tsnd_seq_oss_midi_setup(dp);\n\tif (dp->synth_opened == 0 && dp->max_mididev == 0)\n\t{\n\t\trc = -ENODEV;\n\t\tgoto _error;\n\t}\n\tdebug_printk((\"create new port\\n\"));\n\trc = create_port(dp);\n\tif (rc < 0)\n\t{\n\t\tsnd_printk(KERN_ERR \"can't create port\\n\");\n\t\tgoto _error;\n\t}\n\tdebug_printk((\"allocate queue\\n\"));\n\trc = alloc_seq_queue(dp);\n\tif (rc < 0)\n\t{\n\t\tgoto _error;\n\t}\n\tdp->addr.client = dp->cseq;\n\tdp->addr.port = dp->port;\n\tdp->seq_mode = level;\n\tdp->file_mode = translate_mode(file);\n\tdebug_printk((\"initialize read queue\\n\"));\n\tif (is_read_mode(dp->file_mode))\n\t{\n\t\tdp->readq = snd_seq_oss_readq_new(dp, maxqlen);\n\t\tif (!dp->readq)\n\t\t{\n\t\t\trc = -ENOMEM;\n\t\t\tgoto _error;\n\t\t}\n\t}\n\tdebug_printk((\"initialize write queue\\n\"));\n\tif (is_write_mode(dp->file_mode))\n\t{\n\t\tdp->writeq = snd_seq_oss_writeq_new(dp, maxqlen);\n\t\tif (!dp->writeq)\n\t\t{\n\t\t\trc = -ENOMEM;\n\t\t\tgoto _error;\n\t\t}\n\t}\n\tdebug_printk((\"initialize timer\\n\"));\n\tdp->timer = snd_seq_oss_timer_new(dp);\n\tif (!dp->timer)\n\t{\n\t\tsnd_printk(KERN_ERR \"can't alloc timer\\n\");\n\t\trc = -ENOMEM;\n\t\tgoto _error;\n\t}\n\tdebug_printk((\"timer initialized\\n\"));\n\tfile->private_data = dp;\n\tif (level == SNDRV_SEQ_OSS_MODE_MUSIC)\n\t{\n\t\tsnd_seq_oss_synth_setup_midi(dp);\n\t}\n\telse if (is_read_mode(dp->file_mode))\n\t{\n\t\tsnd_seq_oss_midi_open_all(dp, SNDRV_SEQ_OSS_FILE_READ);\n\t}\n\tclient_table[dp->index] = dp;\n\tnum_clients++;\n\tdebug_printk((\"open done\\n\"));\n\treturn 0;\n _error:\n\tsnd_seq_oss_writeq_delete(dp->writeq);\n\tsnd_seq_oss_readq_delete(dp->readq);\n\tsnd_seq_oss_synth_cleanup(dp);\n\tsnd_seq_oss_midi_cleanup(dp);\n\tdelete_port(dp);\n\tdelete_seq_queue(dp->queue);\n\tkfree(dp);\n\treturn rc;\n}\n",
        "question": "Given that the parameter or function `client` is modified before the execution of the function `delete_port`, evaluate the potential impact on the outcomes of `delete_port`. Consider how `client` could influence `delete_port`, including its role as a direct parameter, its effect on controlling conditions, or its indirect impacts through other related variables or system states.",
        "choices": {
            "A": "The change to `client` directly alters the arguments passed to `delete_port`.",
            "B": "There is neither a direct nor a significant indirect relationship between the changes to `client` and the behavior or output of `delete_port`, suggesting no observable impact.",
            "C": "The modification of `client` might indirectly influence `delete_port` by modifying the control statement that controls the behavior of `delete_port`.",
            "D": "It is not possible to determine the effect without additional context."
        },
        "answer": "A",
        "distance": 2
    },
    {
        "case_id": "primevul_37",
        "code": "snd_seq_oss_open(struct file *file, int level)\n{\n\tint i, rc;\n\tstruct seq_oss_devinfo *dp;\n\tdp = kzalloc(sizeof(*dp), GFP_KERNEL);\n\tif (!dp)\n\t{\n\t\tsnd_printk(KERN_ERR \"can't malloc device info\\n\");\n\t\treturn -ENOMEM;\n\t}\n\tdebug_printk((\"oss_open: dp = %p\\n\", dp));\n\tdp->cseq = system_client;\n\tdp->port = -1;\n\tdp->queue = -1;\n\tfor (i = 0; i < SNDRV_SEQ_OSS_MAX_CLIENTS; i++)\n\t{\n\t\tif (client_table[i] == NULL)\n\t\t{\n\t\t\tbreak;\n\t\t}\n\t}\n\tdp->index = i;\n\tif (i >= SNDRV_SEQ_OSS_MAX_CLIENTS)\n\t{\n\t\tsnd_printk(KERN_ERR \"too many applications\\n\");\n\t\trc = -ENOMEM;\n\t\tgoto _error;\n\t}\n\tsnd_seq_oss_synth_setup(dp);\n\tsnd_seq_oss_midi_setup(dp);\n\tif (dp->synth_opened == 0 && dp->max_mididev == 0)\n\t{\n\t\trc = -ENODEV;\n\t\tgoto _error;\n\t}\n\tdebug_printk((\"create new port\\n\"));\n\trc = create_port(dp);\n\tif (rc < 0)\n\t{\n\t\tsnd_printk(KERN_ERR \"can't create port\\n\");\n\t\tgoto _error;\n\t}\n\tdebug_printk((\"allocate queue\\n\"));\n\trc = alloc_seq_queue(dp);\n\tif (rc < 0)\n\t{\n\t\tgoto _error;\n\t}\n\tdp->addr.client = dp->cseq;\n\tdp->addr.port = dp->port;\n\tdp->seq_mode = level;\n\tdp->file_mode = translate_mode(file);\n\tdebug_printk((\"initialize read queue\\n\"));\n\tif (is_read_mode(dp->file_mode))\n\t{\n\t\tdp->readq = snd_seq_oss_readq_new(dp, maxqlen);\n\t\tif (!dp->readq)\n\t\t{\n\t\t\trc = -ENOMEM;\n\t\t\tgoto _error;\n\t\t}\n\t}\n\tdebug_printk((\"initialize write queue\\n\"));\n\tif (is_write_mode(dp->file_mode))\n\t{\n\t\tdp->writeq = snd_seq_oss_writeq_new(dp, maxqlen);\n\t\tif (!dp->writeq)\n\t\t{\n\t\t\trc = -ENOMEM;\n\t\t\tgoto _error;\n\t\t}\n\t}\n\tdebug_printk((\"initialize timer\\n\"));\n\tdp->timer = snd_seq_oss_timer_new(dp);\n\tif (!dp->timer)\n\t{\n\t\tsnd_printk(KERN_ERR \"can't alloc timer\\n\");\n\t\trc = -ENOMEM;\n\t\tgoto _error;\n\t}\n\tdebug_printk((\"timer initialized\\n\"));\n\tfile->private_data = dp;\n\tif (level == SNDRV_SEQ_OSS_MODE_MUSIC)\n\t{\n\t\tsnd_seq_oss_synth_setup_midi(dp);\n\t}\n\telse if (is_read_mode(dp->file_mode))\n\t{\n\t\tsnd_seq_oss_midi_open_all(dp, SNDRV_SEQ_OSS_FILE_READ);\n\t}\n\tclient_table[dp->index] = dp;\n\tnum_clients++;\n\tdebug_printk((\"open done\\n\"));\n\treturn 0;\n _error:\n\tsnd_seq_oss_writeq_delete(dp->writeq);\n\tsnd_seq_oss_readq_delete(dp->readq);\n\tsnd_seq_oss_synth_cleanup(dp);\n\tsnd_seq_oss_midi_cleanup(dp);\n\tdelete_port(dp);\n\tdelete_seq_queue(dp->queue);\n\tkfree(dp);\n\treturn rc;\n}\n",
        "question": "Given that the parameter or function `SNDRV_SEQ_OSS_FILE_READ` is modified before the execution of the function `delete_port`, evaluate the potential impact on the outcomes of `delete_port`. Consider how `SNDRV_SEQ_OSS_FILE_READ` could influence `delete_port`, including its role as a direct parameter, its effect on controlling conditions, or its indirect impacts through other related variables or system states.",
        "choices": {
            "A": "The change to `SNDRV_SEQ_OSS_FILE_READ` directly alters the arguments passed to `delete_port`.",
            "B": "There is neither a direct nor a significant indirect relationship between the changes to `SNDRV_SEQ_OSS_FILE_READ` and the behavior or output of `delete_port`, suggesting no observable impact.",
            "C": "The modification of `SNDRV_SEQ_OSS_FILE_READ` might indirectly influence `delete_port` by modifying the control statement that controls the behavior of `delete_port`.",
            "D": "It is not possible to determine the effect without additional context."
        },
        "answer": "A",
        "distance": 2
    },
    {
        "case_id": "primevul_37",
        "code": "snd_seq_oss_open(struct file *file, int level)\n{\n\tint i, rc;\n\tstruct seq_oss_devinfo *dp;\n\tdp = kzalloc(sizeof(*dp), GFP_KERNEL);\n\tif (!dp)\n\t{\n\t\tsnd_printk(KERN_ERR \"can't malloc device info\\n\");\n\t\treturn -ENOMEM;\n\t}\n\tdebug_printk((\"oss_open: dp = %p\\n\", dp));\n\tdp->cseq = system_client;\n\tdp->port = -1;\n\tdp->queue = -1;\n\tfor (i = 0; i < SNDRV_SEQ_OSS_MAX_CLIENTS; i++)\n\t{\n\t\tif (client_table[i] == NULL)\n\t\t{\n\t\t\tbreak;\n\t\t}\n\t}\n\tdp->index = i;\n\tif (i >= SNDRV_SEQ_OSS_MAX_CLIENTS)\n\t{\n\t\tsnd_printk(KERN_ERR \"too many applications\\n\");\n\t\trc = -ENOMEM;\n\t\tgoto _error;\n\t}\n\tsnd_seq_oss_synth_setup(dp);\n\tsnd_seq_oss_midi_setup(dp);\n\tif (dp->synth_opened == 0 && dp->max_mididev == 0)\n\t{\n\t\trc = -ENODEV;\n\t\tgoto _error;\n\t}\n\tdebug_printk((\"create new port\\n\"));\n\trc = create_port(dp);\n\tif (rc < 0)\n\t{\n\t\tsnd_printk(KERN_ERR \"can't create port\\n\");\n\t\tgoto _error;\n\t}\n\tdebug_printk((\"allocate queue\\n\"));\n\trc = alloc_seq_queue(dp);\n\tif (rc < 0)\n\t{\n\t\tgoto _error;\n\t}\n\tdp->addr.client = dp->cseq;\n\tdp->addr.port = dp->port;\n\tdp->seq_mode = level;\n\tdp->file_mode = translate_mode(file);\n\tdebug_printk((\"initialize read queue\\n\"));\n\tif (is_read_mode(dp->file_mode))\n\t{\n\t\tdp->readq = snd_seq_oss_readq_new(dp, maxqlen);\n\t\tif (!dp->readq)\n\t\t{\n\t\t\trc = -ENOMEM;\n\t\t\tgoto _error;\n\t\t}\n\t}\n\tdebug_printk((\"initialize write queue\\n\"));\n\tif (is_write_mode(dp->file_mode))\n\t{\n\t\tdp->writeq = snd_seq_oss_writeq_new(dp, maxqlen);\n\t\tif (!dp->writeq)\n\t\t{\n\t\t\trc = -ENOMEM;\n\t\t\tgoto _error;\n\t\t}\n\t}\n\tdebug_printk((\"initialize timer\\n\"));\n\tdp->timer = snd_seq_oss_timer_new(dp);\n\tif (!dp->timer)\n\t{\n\t\tsnd_printk(KERN_ERR \"can't alloc timer\\n\");\n\t\trc = -ENOMEM;\n\t\tgoto _error;\n\t}\n\tdebug_printk((\"timer initialized\\n\"));\n\tfile->private_data = dp;\n\tif (level == SNDRV_SEQ_OSS_MODE_MUSIC)\n\t{\n\t\tsnd_seq_oss_synth_setup_midi(dp);\n\t}\n\telse if (is_read_mode(dp->file_mode))\n\t{\n\t\tsnd_seq_oss_midi_open_all(dp, SNDRV_SEQ_OSS_FILE_READ);\n\t}\n\tclient_table[dp->index] = dp;\n\tnum_clients++;\n\tdebug_printk((\"open done\\n\"));\n\treturn 0;\n _error:\n\tsnd_seq_oss_writeq_delete(dp->writeq);\n\tsnd_seq_oss_readq_delete(dp->readq);\n\tsnd_seq_oss_synth_cleanup(dp);\n\tsnd_seq_oss_midi_cleanup(dp);\n\tdelete_port(dp);\n\tdelete_seq_queue(dp->queue);\n\tkfree(dp);\n\treturn rc;\n}\n",
        "question": "Given that the parameter or function `maxqlen` is modified before the execution of the function `delete_port`, evaluate the potential impact on the outcomes of `delete_port`. Consider how `maxqlen` could influence `delete_port`, including its role as a direct parameter, its effect on controlling conditions, or its indirect impacts through other related variables or system states.",
        "choices": {
            "A": "The change to `maxqlen` directly alters the arguments passed to `delete_port`.",
            "B": "There is neither a direct nor a significant indirect relationship between the changes to `maxqlen` and the behavior or output of `delete_port`, suggesting no observable impact.",
            "C": "The modification of `maxqlen` might indirectly influence `delete_port` by modifying the control statement that controls the behavior of `delete_port`.",
            "D": "It is not possible to determine the effect without additional context."
        },
        "answer": "A",
        "distance": 2
    },
    {
        "case_id": "primevul_37",
        "code": "snd_seq_oss_open(struct file *file, int level)\n{\n\tint i, rc;\n\tstruct seq_oss_devinfo *dp;\n\tdp = kzalloc(sizeof(*dp), GFP_KERNEL);\n\tif (!dp)\n\t{\n\t\tsnd_printk(KERN_ERR \"can't malloc device info\\n\");\n\t\treturn -ENOMEM;\n\t}\n\tdebug_printk((\"oss_open: dp = %p\\n\", dp));\n\tdp->cseq = system_client;\n\tdp->port = -1;\n\tdp->queue = -1;\n\tfor (i = 0; i < SNDRV_SEQ_OSS_MAX_CLIENTS; i++)\n\t{\n\t\tif (client_table[i] == NULL)\n\t\t{\n\t\t\tbreak;\n\t\t}\n\t}\n\tdp->index = i;\n\tif (i >= SNDRV_SEQ_OSS_MAX_CLIENTS)\n\t{\n\t\tsnd_printk(KERN_ERR \"too many applications\\n\");\n\t\trc = -ENOMEM;\n\t\tgoto _error;\n\t}\n\tsnd_seq_oss_synth_setup(dp);\n\tsnd_seq_oss_midi_setup(dp);\n\tif (dp->synth_opened == 0 && dp->max_mididev == 0)\n\t{\n\t\trc = -ENODEV;\n\t\tgoto _error;\n\t}\n\tdebug_printk((\"create new port\\n\"));\n\trc = create_port(dp);\n\tif (rc < 0)\n\t{\n\t\tsnd_printk(KERN_ERR \"can't create port\\n\");\n\t\tgoto _error;\n\t}\n\tdebug_printk((\"allocate queue\\n\"));\n\trc = alloc_seq_queue(dp);\n\tif (rc < 0)\n\t{\n\t\tgoto _error;\n\t}\n\tdp->addr.client = dp->cseq;\n\tdp->addr.port = dp->port;\n\tdp->seq_mode = level;\n\tdp->file_mode = translate_mode(file);\n\tdebug_printk((\"initialize read queue\\n\"));\n\tif (is_read_mode(dp->file_mode))\n\t{\n\t\tdp->readq = snd_seq_oss_readq_new(dp, maxqlen);\n\t\tif (!dp->readq)\n\t\t{\n\t\t\trc = -ENOMEM;\n\t\t\tgoto _error;\n\t\t}\n\t}\n\tdebug_printk((\"initialize write queue\\n\"));\n\tif (is_write_mode(dp->file_mode))\n\t{\n\t\tdp->writeq = snd_seq_oss_writeq_new(dp, maxqlen);\n\t\tif (!dp->writeq)\n\t\t{\n\t\t\trc = -ENOMEM;\n\t\t\tgoto _error;\n\t\t}\n\t}\n\tdebug_printk((\"initialize timer\\n\"));\n\tdp->timer = snd_seq_oss_timer_new(dp);\n\tif (!dp->timer)\n\t{\n\t\tsnd_printk(KERN_ERR \"can't alloc timer\\n\");\n\t\trc = -ENOMEM;\n\t\tgoto _error;\n\t}\n\tdebug_printk((\"timer initialized\\n\"));\n\tfile->private_data = dp;\n\tif (level == SNDRV_SEQ_OSS_MODE_MUSIC)\n\t{\n\t\tsnd_seq_oss_synth_setup_midi(dp);\n\t}\n\telse if (is_read_mode(dp->file_mode))\n\t{\n\t\tsnd_seq_oss_midi_open_all(dp, SNDRV_SEQ_OSS_FILE_READ);\n\t}\n\tclient_table[dp->index] = dp;\n\tnum_clients++;\n\tdebug_printk((\"open done\\n\"));\n\treturn 0;\n _error:\n\tsnd_seq_oss_writeq_delete(dp->writeq);\n\tsnd_seq_oss_readq_delete(dp->readq);\n\tsnd_seq_oss_synth_cleanup(dp);\n\tsnd_seq_oss_midi_cleanup(dp);\n\tdelete_port(dp);\n\tdelete_seq_queue(dp->queue);\n\tkfree(dp);\n\treturn rc;\n}\n",
        "question": "Given that the parameter or function `addr` is modified before the execution of the function `delete_port`, evaluate the potential impact on the outcomes of `delete_port`. Consider how `addr` could influence `delete_port`, including its role as a direct parameter, its effect on controlling conditions, or its indirect impacts through other related variables or system states.",
        "choices": {
            "A": "The change to `addr` directly alters the arguments passed to `delete_port`.",
            "B": "There is neither a direct nor a significant indirect relationship between the changes to `addr` and the behavior or output of `delete_port`, suggesting no observable impact.",
            "C": "The modification of `addr` might indirectly influence `delete_port` by modifying the control statement that controls the behavior of `delete_port`.",
            "D": "It is not possible to determine the effect without additional context."
        },
        "answer": "A",
        "distance": 2
    },
    {
        "case_id": "primevul_37",
        "code": "snd_seq_oss_open(struct file *file, int level)\n{\n\tint i, rc;\n\tstruct seq_oss_devinfo *dp;\n\tdp = kzalloc(sizeof(*dp), GFP_KERNEL);\n\tif (!dp)\n\t{\n\t\tsnd_printk(KERN_ERR \"can't malloc device info\\n\");\n\t\treturn -ENOMEM;\n\t}\n\tdebug_printk((\"oss_open: dp = %p\\n\", dp));\n\tdp->cseq = system_client;\n\tdp->port = -1;\n\tdp->queue = -1;\n\tfor (i = 0; i < SNDRV_SEQ_OSS_MAX_CLIENTS; i++)\n\t{\n\t\tif (client_table[i] == NULL)\n\t\t{\n\t\t\tbreak;\n\t\t}\n\t}\n\tdp->index = i;\n\tif (i >= SNDRV_SEQ_OSS_MAX_CLIENTS)\n\t{\n\t\tsnd_printk(KERN_ERR \"too many applications\\n\");\n\t\trc = -ENOMEM;\n\t\tgoto _error;\n\t}\n\tsnd_seq_oss_synth_setup(dp);\n\tsnd_seq_oss_midi_setup(dp);\n\tif (dp->synth_opened == 0 && dp->max_mididev == 0)\n\t{\n\t\trc = -ENODEV;\n\t\tgoto _error;\n\t}\n\tdebug_printk((\"create new port\\n\"));\n\trc = create_port(dp);\n\tif (rc < 0)\n\t{\n\t\tsnd_printk(KERN_ERR \"can't create port\\n\");\n\t\tgoto _error;\n\t}\n\tdebug_printk((\"allocate queue\\n\"));\n\trc = alloc_seq_queue(dp);\n\tif (rc < 0)\n\t{\n\t\tgoto _error;\n\t}\n\tdp->addr.client = dp->cseq;\n\tdp->addr.port = dp->port;\n\tdp->seq_mode = level;\n\tdp->file_mode = translate_mode(file);\n\tdebug_printk((\"initialize read queue\\n\"));\n\tif (is_read_mode(dp->file_mode))\n\t{\n\t\tdp->readq = snd_seq_oss_readq_new(dp, maxqlen);\n\t\tif (!dp->readq)\n\t\t{\n\t\t\trc = -ENOMEM;\n\t\t\tgoto _error;\n\t\t}\n\t}\n\tdebug_printk((\"initialize write queue\\n\"));\n\tif (is_write_mode(dp->file_mode))\n\t{\n\t\tdp->writeq = snd_seq_oss_writeq_new(dp, maxqlen);\n\t\tif (!dp->writeq)\n\t\t{\n\t\t\trc = -ENOMEM;\n\t\t\tgoto _error;\n\t\t}\n\t}\n\tdebug_printk((\"initialize timer\\n\"));\n\tdp->timer = snd_seq_oss_timer_new(dp);\n\tif (!dp->timer)\n\t{\n\t\tsnd_printk(KERN_ERR \"can't alloc timer\\n\");\n\t\trc = -ENOMEM;\n\t\tgoto _error;\n\t}\n\tdebug_printk((\"timer initialized\\n\"));\n\tfile->private_data = dp;\n\tif (level == SNDRV_SEQ_OSS_MODE_MUSIC)\n\t{\n\t\tsnd_seq_oss_synth_setup_midi(dp);\n\t}\n\telse if (is_read_mode(dp->file_mode))\n\t{\n\t\tsnd_seq_oss_midi_open_all(dp, SNDRV_SEQ_OSS_FILE_READ);\n\t}\n\tclient_table[dp->index] = dp;\n\tnum_clients++;\n\tdebug_printk((\"open done\\n\"));\n\treturn 0;\n _error:\n\tsnd_seq_oss_writeq_delete(dp->writeq);\n\tsnd_seq_oss_readq_delete(dp->readq);\n\tsnd_seq_oss_synth_cleanup(dp);\n\tsnd_seq_oss_midi_cleanup(dp);\n\tdelete_port(dp);\n\tdelete_seq_queue(dp->queue);\n\tkfree(dp);\n\treturn rc;\n}\n",
        "question": "Given that the parameter or function `snd_seq_oss_readq_delete` is modified before the execution of the function `delete_port`, evaluate the potential impact on the outcomes of `delete_port`. Consider how `snd_seq_oss_readq_delete` could influence `delete_port`, including its role as a direct parameter, its effect on controlling conditions, or its indirect impacts through other related variables or system states.",
        "choices": {
            "A": "The change to `snd_seq_oss_readq_delete` directly alters the arguments passed to `delete_port`.",
            "B": "There is neither a direct nor a significant indirect relationship between the changes to `snd_seq_oss_readq_delete` and the behavior or output of `delete_port`, suggesting no observable impact.",
            "C": "The modification of `snd_seq_oss_readq_delete` might indirectly influence `delete_port` by modifying the control statement that controls the behavior of `delete_port`.",
            "D": "It is not possible to determine the effect without additional context."
        },
        "answer": "B",
        "distance": 0
    },
    {
        "case_id": "primevul_37",
        "code": "snd_seq_oss_open(struct file *file, int level)\n{\n\tint i, rc;\n\tstruct seq_oss_devinfo *dp;\n\tdp = kzalloc(sizeof(*dp), GFP_KERNEL);\n\tif (!dp)\n\t{\n\t\tsnd_printk(KERN_ERR \"can't malloc device info\\n\");\n\t\treturn -ENOMEM;\n\t}\n\tdebug_printk((\"oss_open: dp = %p\\n\", dp));\n\tdp->cseq = system_client;\n\tdp->port = -1;\n\tdp->queue = -1;\n\tfor (i = 0; i < SNDRV_SEQ_OSS_MAX_CLIENTS; i++)\n\t{\n\t\tif (client_table[i] == NULL)\n\t\t{\n\t\t\tbreak;\n\t\t}\n\t}\n\tdp->index = i;\n\tif (i >= SNDRV_SEQ_OSS_MAX_CLIENTS)\n\t{\n\t\tsnd_printk(KERN_ERR \"too many applications\\n\");\n\t\trc = -ENOMEM;\n\t\tgoto _error;\n\t}\n\tsnd_seq_oss_synth_setup(dp);\n\tsnd_seq_oss_midi_setup(dp);\n\tif (dp->synth_opened == 0 && dp->max_mididev == 0)\n\t{\n\t\trc = -ENODEV;\n\t\tgoto _error;\n\t}\n\tdebug_printk((\"create new port\\n\"));\n\trc = create_port(dp);\n\tif (rc < 0)\n\t{\n\t\tsnd_printk(KERN_ERR \"can't create port\\n\");\n\t\tgoto _error;\n\t}\n\tdebug_printk((\"allocate queue\\n\"));\n\trc = alloc_seq_queue(dp);\n\tif (rc < 0)\n\t{\n\t\tgoto _error;\n\t}\n\tdp->addr.client = dp->cseq;\n\tdp->addr.port = dp->port;\n\tdp->seq_mode = level;\n\tdp->file_mode = translate_mode(file);\n\tdebug_printk((\"initialize read queue\\n\"));\n\tif (is_read_mode(dp->file_mode))\n\t{\n\t\tdp->readq = snd_seq_oss_readq_new(dp, maxqlen);\n\t\tif (!dp->readq)\n\t\t{\n\t\t\trc = -ENOMEM;\n\t\t\tgoto _error;\n\t\t}\n\t}\n\tdebug_printk((\"initialize write queue\\n\"));\n\tif (is_write_mode(dp->file_mode))\n\t{\n\t\tdp->writeq = snd_seq_oss_writeq_new(dp, maxqlen);\n\t\tif (!dp->writeq)\n\t\t{\n\t\t\trc = -ENOMEM;\n\t\t\tgoto _error;\n\t\t}\n\t}\n\tdebug_printk((\"initialize timer\\n\"));\n\tdp->timer = snd_seq_oss_timer_new(dp);\n\tif (!dp->timer)\n\t{\n\t\tsnd_printk(KERN_ERR \"can't alloc timer\\n\");\n\t\trc = -ENOMEM;\n\t\tgoto _error;\n\t}\n\tdebug_printk((\"timer initialized\\n\"));\n\tfile->private_data = dp;\n\tif (level == SNDRV_SEQ_OSS_MODE_MUSIC)\n\t{\n\t\tsnd_seq_oss_synth_setup_midi(dp);\n\t}\n\telse if (is_read_mode(dp->file_mode))\n\t{\n\t\tsnd_seq_oss_midi_open_all(dp, SNDRV_SEQ_OSS_FILE_READ);\n\t}\n\tclient_table[dp->index] = dp;\n\tnum_clients++;\n\tdebug_printk((\"open done\\n\"));\n\treturn 0;\n _error:\n\tsnd_seq_oss_writeq_delete(dp->writeq);\n\tsnd_seq_oss_readq_delete(dp->readq);\n\tsnd_seq_oss_synth_cleanup(dp);\n\tsnd_seq_oss_midi_cleanup(dp);\n\tdelete_port(dp);\n\tdelete_seq_queue(dp->queue);\n\tkfree(dp);\n\treturn rc;\n}\n",
        "question": "Given that the parameter or function `snd_seq_oss_writeq_delete` is modified before the execution of the function `delete_port`, evaluate the potential impact on the outcomes of `delete_port`. Consider how `snd_seq_oss_writeq_delete` could influence `delete_port`, including its role as a direct parameter, its effect on controlling conditions, or its indirect impacts through other related variables or system states.",
        "choices": {
            "A": "The change to `snd_seq_oss_writeq_delete` directly alters the arguments passed to `delete_port`.",
            "B": "There is neither a direct nor a significant indirect relationship between the changes to `snd_seq_oss_writeq_delete` and the behavior or output of `delete_port`, suggesting no observable impact.",
            "C": "The modification of `snd_seq_oss_writeq_delete` might indirectly influence `delete_port` by modifying the control statement that controls the behavior of `delete_port`.",
            "D": "It is not possible to determine the effect without additional context."
        },
        "answer": "B",
        "distance": 0
    },
    {
        "case_id": "primevul_37",
        "code": "snd_seq_oss_open(struct file *file, int level)\n{\n\tint i, rc;\n\tstruct seq_oss_devinfo *dp;\n\tdp = kzalloc(sizeof(*dp), GFP_KERNEL);\n\tif (!dp)\n\t{\n\t\tsnd_printk(KERN_ERR \"can't malloc device info\\n\");\n\t\treturn -ENOMEM;\n\t}\n\tdebug_printk((\"oss_open: dp = %p\\n\", dp));\n\tdp->cseq = system_client;\n\tdp->port = -1;\n\tdp->queue = -1;\n\tfor (i = 0; i < SNDRV_SEQ_OSS_MAX_CLIENTS; i++)\n\t{\n\t\tif (client_table[i] == NULL)\n\t\t{\n\t\t\tbreak;\n\t\t}\n\t}\n\tdp->index = i;\n\tif (i >= SNDRV_SEQ_OSS_MAX_CLIENTS)\n\t{\n\t\tsnd_printk(KERN_ERR \"too many applications\\n\");\n\t\trc = -ENOMEM;\n\t\tgoto _error;\n\t}\n\tsnd_seq_oss_synth_setup(dp);\n\tsnd_seq_oss_midi_setup(dp);\n\tif (dp->synth_opened == 0 && dp->max_mididev == 0)\n\t{\n\t\trc = -ENODEV;\n\t\tgoto _error;\n\t}\n\tdebug_printk((\"create new port\\n\"));\n\trc = create_port(dp);\n\tif (rc < 0)\n\t{\n\t\tsnd_printk(KERN_ERR \"can't create port\\n\");\n\t\tgoto _error;\n\t}\n\tdebug_printk((\"allocate queue\\n\"));\n\trc = alloc_seq_queue(dp);\n\tif (rc < 0)\n\t{\n\t\tgoto _error;\n\t}\n\tdp->addr.client = dp->cseq;\n\tdp->addr.port = dp->port;\n\tdp->seq_mode = level;\n\tdp->file_mode = translate_mode(file);\n\tdebug_printk((\"initialize read queue\\n\"));\n\tif (is_read_mode(dp->file_mode))\n\t{\n\t\tdp->readq = snd_seq_oss_readq_new(dp, maxqlen);\n\t\tif (!dp->readq)\n\t\t{\n\t\t\trc = -ENOMEM;\n\t\t\tgoto _error;\n\t\t}\n\t}\n\tdebug_printk((\"initialize write queue\\n\"));\n\tif (is_write_mode(dp->file_mode))\n\t{\n\t\tdp->writeq = snd_seq_oss_writeq_new(dp, maxqlen);\n\t\tif (!dp->writeq)\n\t\t{\n\t\t\trc = -ENOMEM;\n\t\t\tgoto _error;\n\t\t}\n\t}\n\tdebug_printk((\"initialize timer\\n\"));\n\tdp->timer = snd_seq_oss_timer_new(dp);\n\tif (!dp->timer)\n\t{\n\t\tsnd_printk(KERN_ERR \"can't alloc timer\\n\");\n\t\trc = -ENOMEM;\n\t\tgoto _error;\n\t}\n\tdebug_printk((\"timer initialized\\n\"));\n\tfile->private_data = dp;\n\tif (level == SNDRV_SEQ_OSS_MODE_MUSIC)\n\t{\n\t\tsnd_seq_oss_synth_setup_midi(dp);\n\t}\n\telse if (is_read_mode(dp->file_mode))\n\t{\n\t\tsnd_seq_oss_midi_open_all(dp, SNDRV_SEQ_OSS_FILE_READ);\n\t}\n\tclient_table[dp->index] = dp;\n\tnum_clients++;\n\tdebug_printk((\"open done\\n\"));\n\treturn 0;\n _error:\n\tsnd_seq_oss_writeq_delete(dp->writeq);\n\tsnd_seq_oss_readq_delete(dp->readq);\n\tsnd_seq_oss_synth_cleanup(dp);\n\tsnd_seq_oss_midi_cleanup(dp);\n\tdelete_port(dp);\n\tdelete_seq_queue(dp->queue);\n\tkfree(dp);\n\treturn rc;\n}\n",
        "question": "Given that the parameter or function `alloc_seq_queue` is modified before the execution of the function `delete_port`, evaluate the potential impact on the outcomes of `delete_port`. Consider how `alloc_seq_queue` could influence `delete_port`, including its role as a direct parameter, its effect on controlling conditions, or its indirect impacts through other related variables or system states.",
        "choices": {
            "A": "The change to `alloc_seq_queue` directly alters the arguments passed to `delete_port`.",
            "B": "There is neither a direct nor a significant indirect relationship between the changes to `alloc_seq_queue` and the behavior or output of `delete_port`, suggesting no observable impact.",
            "C": "The modification of `alloc_seq_queue` might indirectly influence `delete_port` by modifying the control statement that controls the behavior of `delete_port`.",
            "D": "It is not possible to determine the effect without additional context."
        },
        "answer": "B",
        "distance": 0
    },
    {
        "case_id": "primevul_37",
        "code": "snd_seq_oss_open(struct file *file, int level)\n{\n\tint i, rc;\n\tstruct seq_oss_devinfo *dp;\n\tdp = kzalloc(sizeof(*dp), GFP_KERNEL);\n\tif (!dp)\n\t{\n\t\tsnd_printk(KERN_ERR \"can't malloc device info\\n\");\n\t\treturn -ENOMEM;\n\t}\n\tdebug_printk((\"oss_open: dp = %p\\n\", dp));\n\tdp->cseq = system_client;\n\tdp->port = -1;\n\tdp->queue = -1;\n\tfor (i = 0; i < SNDRV_SEQ_OSS_MAX_CLIENTS; i++)\n\t{\n\t\tif (client_table[i] == NULL)\n\t\t{\n\t\t\tbreak;\n\t\t}\n\t}\n\tdp->index = i;\n\tif (i >= SNDRV_SEQ_OSS_MAX_CLIENTS)\n\t{\n\t\tsnd_printk(KERN_ERR \"too many applications\\n\");\n\t\trc = -ENOMEM;\n\t\tgoto _error;\n\t}\n\tsnd_seq_oss_synth_setup(dp);\n\tsnd_seq_oss_midi_setup(dp);\n\tif (dp->synth_opened == 0 && dp->max_mididev == 0)\n\t{\n\t\trc = -ENODEV;\n\t\tgoto _error;\n\t}\n\tdebug_printk((\"create new port\\n\"));\n\trc = create_port(dp);\n\tif (rc < 0)\n\t{\n\t\tsnd_printk(KERN_ERR \"can't create port\\n\");\n\t\tgoto _error;\n\t}\n\tdebug_printk((\"allocate queue\\n\"));\n\trc = alloc_seq_queue(dp);\n\tif (rc < 0)\n\t{\n\t\tgoto _error;\n\t}\n\tdp->addr.client = dp->cseq;\n\tdp->addr.port = dp->port;\n\tdp->seq_mode = level;\n\tdp->file_mode = translate_mode(file);\n\tdebug_printk((\"initialize read queue\\n\"));\n\tif (is_read_mode(dp->file_mode))\n\t{\n\t\tdp->readq = snd_seq_oss_readq_new(dp, maxqlen);\n\t\tif (!dp->readq)\n\t\t{\n\t\t\trc = -ENOMEM;\n\t\t\tgoto _error;\n\t\t}\n\t}\n\tdebug_printk((\"initialize write queue\\n\"));\n\tif (is_write_mode(dp->file_mode))\n\t{\n\t\tdp->writeq = snd_seq_oss_writeq_new(dp, maxqlen);\n\t\tif (!dp->writeq)\n\t\t{\n\t\t\trc = -ENOMEM;\n\t\t\tgoto _error;\n\t\t}\n\t}\n\tdebug_printk((\"initialize timer\\n\"));\n\tdp->timer = snd_seq_oss_timer_new(dp);\n\tif (!dp->timer)\n\t{\n\t\tsnd_printk(KERN_ERR \"can't alloc timer\\n\");\n\t\trc = -ENOMEM;\n\t\tgoto _error;\n\t}\n\tdebug_printk((\"timer initialized\\n\"));\n\tfile->private_data = dp;\n\tif (level == SNDRV_SEQ_OSS_MODE_MUSIC)\n\t{\n\t\tsnd_seq_oss_synth_setup_midi(dp);\n\t}\n\telse if (is_read_mode(dp->file_mode))\n\t{\n\t\tsnd_seq_oss_midi_open_all(dp, SNDRV_SEQ_OSS_FILE_READ);\n\t}\n\tclient_table[dp->index] = dp;\n\tnum_clients++;\n\tdebug_printk((\"open done\\n\"));\n\treturn 0;\n _error:\n\tsnd_seq_oss_writeq_delete(dp->writeq);\n\tsnd_seq_oss_readq_delete(dp->readq);\n\tsnd_seq_oss_synth_cleanup(dp);\n\tsnd_seq_oss_midi_cleanup(dp);\n\tdelete_port(dp);\n\tdelete_seq_queue(dp->queue);\n\tkfree(dp);\n\treturn rc;\n}\n",
        "question": "Given that the parameter or function `create_port` is modified before the execution of the function `delete_port`, evaluate the potential impact on the outcomes of `delete_port`. Consider how `create_port` could influence `delete_port`, including its role as a direct parameter, its effect on controlling conditions, or its indirect impacts through other related variables or system states.",
        "choices": {
            "A": "The change to `create_port` directly alters the arguments passed to `delete_port`.",
            "B": "There is neither a direct nor a significant indirect relationship between the changes to `create_port` and the behavior or output of `delete_port`, suggesting no observable impact.",
            "C": "The modification of `create_port` might indirectly influence `delete_port` by modifying the control statement that controls the behavior of `delete_port`.",
            "D": "It is not possible to determine the effect without additional context."
        },
        "answer": "B",
        "distance": 0
    },
    {
        "case_id": "primevul_37",
        "code": "snd_seq_oss_open(struct file *file, int level)\n{\n\tint i, rc;\n\tstruct seq_oss_devinfo *dp;\n\tdp = kzalloc(sizeof(*dp), GFP_KERNEL);\n\tif (!dp)\n\t{\n\t\tsnd_printk(KERN_ERR \"can't malloc device info\\n\");\n\t\treturn -ENOMEM;\n\t}\n\tdebug_printk((\"oss_open: dp = %p\\n\", dp));\n\tdp->cseq = system_client;\n\tdp->port = -1;\n\tdp->queue = -1;\n\tfor (i = 0; i < SNDRV_SEQ_OSS_MAX_CLIENTS; i++)\n\t{\n\t\tif (client_table[i] == NULL)\n\t\t{\n\t\t\tbreak;\n\t\t}\n\t}\n\tdp->index = i;\n\tif (i >= SNDRV_SEQ_OSS_MAX_CLIENTS)\n\t{\n\t\tsnd_printk(KERN_ERR \"too many applications\\n\");\n\t\trc = -ENOMEM;\n\t\tgoto _error;\n\t}\n\tsnd_seq_oss_synth_setup(dp);\n\tsnd_seq_oss_midi_setup(dp);\n\tif (dp->synth_opened == 0 && dp->max_mididev == 0)\n\t{\n\t\trc = -ENODEV;\n\t\tgoto _error;\n\t}\n\tdebug_printk((\"create new port\\n\"));\n\trc = create_port(dp);\n\tif (rc < 0)\n\t{\n\t\tsnd_printk(KERN_ERR \"can't create port\\n\");\n\t\tgoto _error;\n\t}\n\tdebug_printk((\"allocate queue\\n\"));\n\trc = alloc_seq_queue(dp);\n\tif (rc < 0)\n\t{\n\t\tgoto _error;\n\t}\n\tdp->addr.client = dp->cseq;\n\tdp->addr.port = dp->port;\n\tdp->seq_mode = level;\n\tdp->file_mode = translate_mode(file);\n\tdebug_printk((\"initialize read queue\\n\"));\n\tif (is_read_mode(dp->file_mode))\n\t{\n\t\tdp->readq = snd_seq_oss_readq_new(dp, maxqlen);\n\t\tif (!dp->readq)\n\t\t{\n\t\t\trc = -ENOMEM;\n\t\t\tgoto _error;\n\t\t}\n\t}\n\tdebug_printk((\"initialize write queue\\n\"));\n\tif (is_write_mode(dp->file_mode))\n\t{\n\t\tdp->writeq = snd_seq_oss_writeq_new(dp, maxqlen);\n\t\tif (!dp->writeq)\n\t\t{\n\t\t\trc = -ENOMEM;\n\t\t\tgoto _error;\n\t\t}\n\t}\n\tdebug_printk((\"initialize timer\\n\"));\n\tdp->timer = snd_seq_oss_timer_new(dp);\n\tif (!dp->timer)\n\t{\n\t\tsnd_printk(KERN_ERR \"can't alloc timer\\n\");\n\t\trc = -ENOMEM;\n\t\tgoto _error;\n\t}\n\tdebug_printk((\"timer initialized\\n\"));\n\tfile->private_data = dp;\n\tif (level == SNDRV_SEQ_OSS_MODE_MUSIC)\n\t{\n\t\tsnd_seq_oss_synth_setup_midi(dp);\n\t}\n\telse if (is_read_mode(dp->file_mode))\n\t{\n\t\tsnd_seq_oss_midi_open_all(dp, SNDRV_SEQ_OSS_FILE_READ);\n\t}\n\tclient_table[dp->index] = dp;\n\tnum_clients++;\n\tdebug_printk((\"open done\\n\"));\n\treturn 0;\n _error:\n\tsnd_seq_oss_writeq_delete(dp->writeq);\n\tsnd_seq_oss_readq_delete(dp->readq);\n\tsnd_seq_oss_synth_cleanup(dp);\n\tsnd_seq_oss_midi_cleanup(dp);\n\tdelete_port(dp);\n\tdelete_seq_queue(dp->queue);\n\tkfree(dp);\n\treturn rc;\n}\n",
        "question": "Given that the parameter or function `private_data` is modified before the execution of the function `snd_seq_oss_midi_open_all`, evaluate the potential impact on the outcomes of `snd_seq_oss_midi_open_all`. Consider how `private_data` could influence `snd_seq_oss_midi_open_all`, including its role as a direct parameter, its effect on controlling conditions, or its indirect impacts through other related variables or system states.",
        "choices": {
            "A": "The change to `private_data` directly alters the arguments passed to `snd_seq_oss_midi_open_all`.",
            "B": "There is neither a direct nor a significant indirect relationship between the changes to `private_data` and the behavior or output of `snd_seq_oss_midi_open_all`, suggesting no observable impact.",
            "C": "The modification of `private_data` might indirectly influence `snd_seq_oss_midi_open_all` by modifying the control statement that controls the behavior of `snd_seq_oss_midi_open_all`.",
            "D": "It is not possible to determine the effect without additional context."
        },
        "answer": "C",
        "distance": 1
    },
    {
        "case_id": "primevul_37",
        "code": "snd_seq_oss_open(struct file *file, int level)\n{\n\tint i, rc;\n\tstruct seq_oss_devinfo *dp;\n\tdp = kzalloc(sizeof(*dp), GFP_KERNEL);\n\tif (!dp)\n\t{\n\t\tsnd_printk(KERN_ERR \"can't malloc device info\\n\");\n\t\treturn -ENOMEM;\n\t}\n\tdebug_printk((\"oss_open: dp = %p\\n\", dp));\n\tdp->cseq = system_client;\n\tdp->port = -1;\n\tdp->queue = -1;\n\tfor (i = 0; i < SNDRV_SEQ_OSS_MAX_CLIENTS; i++)\n\t{\n\t\tif (client_table[i] == NULL)\n\t\t{\n\t\t\tbreak;\n\t\t}\n\t}\n\tdp->index = i;\n\tif (i >= SNDRV_SEQ_OSS_MAX_CLIENTS)\n\t{\n\t\tsnd_printk(KERN_ERR \"too many applications\\n\");\n\t\trc = -ENOMEM;\n\t\tgoto _error;\n\t}\n\tsnd_seq_oss_synth_setup(dp);\n\tsnd_seq_oss_midi_setup(dp);\n\tif (dp->synth_opened == 0 && dp->max_mididev == 0)\n\t{\n\t\trc = -ENODEV;\n\t\tgoto _error;\n\t}\n\tdebug_printk((\"create new port\\n\"));\n\trc = create_port(dp);\n\tif (rc < 0)\n\t{\n\t\tsnd_printk(KERN_ERR \"can't create port\\n\");\n\t\tgoto _error;\n\t}\n\tdebug_printk((\"allocate queue\\n\"));\n\trc = alloc_seq_queue(dp);\n\tif (rc < 0)\n\t{\n\t\tgoto _error;\n\t}\n\tdp->addr.client = dp->cseq;\n\tdp->addr.port = dp->port;\n\tdp->seq_mode = level;\n\tdp->file_mode = translate_mode(file);\n\tdebug_printk((\"initialize read queue\\n\"));\n\tif (is_read_mode(dp->file_mode))\n\t{\n\t\tdp->readq = snd_seq_oss_readq_new(dp, maxqlen);\n\t\tif (!dp->readq)\n\t\t{\n\t\t\trc = -ENOMEM;\n\t\t\tgoto _error;\n\t\t}\n\t}\n\tdebug_printk((\"initialize write queue\\n\"));\n\tif (is_write_mode(dp->file_mode))\n\t{\n\t\tdp->writeq = snd_seq_oss_writeq_new(dp, maxqlen);\n\t\tif (!dp->writeq)\n\t\t{\n\t\t\trc = -ENOMEM;\n\t\t\tgoto _error;\n\t\t}\n\t}\n\tdebug_printk((\"initialize timer\\n\"));\n\tdp->timer = snd_seq_oss_timer_new(dp);\n\tif (!dp->timer)\n\t{\n\t\tsnd_printk(KERN_ERR \"can't alloc timer\\n\");\n\t\trc = -ENOMEM;\n\t\tgoto _error;\n\t}\n\tdebug_printk((\"timer initialized\\n\"));\n\tfile->private_data = dp;\n\tif (level == SNDRV_SEQ_OSS_MODE_MUSIC)\n\t{\n\t\tsnd_seq_oss_synth_setup_midi(dp);\n\t}\n\telse if (is_read_mode(dp->file_mode))\n\t{\n\t\tsnd_seq_oss_midi_open_all(dp, SNDRV_SEQ_OSS_FILE_READ);\n\t}\n\tclient_table[dp->index] = dp;\n\tnum_clients++;\n\tdebug_printk((\"open done\\n\"));\n\treturn 0;\n _error:\n\tsnd_seq_oss_writeq_delete(dp->writeq);\n\tsnd_seq_oss_readq_delete(dp->readq);\n\tsnd_seq_oss_synth_cleanup(dp);\n\tsnd_seq_oss_midi_cleanup(dp);\n\tdelete_port(dp);\n\tdelete_seq_queue(dp->queue);\n\tkfree(dp);\n\treturn rc;\n}\n",
        "question": "Given that the parameter or function `addr` is modified before the execution of the function `snd_seq_oss_writeq_new`, evaluate the potential impact on the outcomes of `snd_seq_oss_writeq_new`. Consider how `addr` could influence `snd_seq_oss_writeq_new`, including its role as a direct parameter, its effect on controlling conditions, or its indirect impacts through other related variables or system states.",
        "choices": {
            "A": "The change to `addr` directly alters the arguments passed to `snd_seq_oss_writeq_new`.",
            "B": "There is neither a direct nor a significant indirect relationship between the changes to `addr` and the behavior or output of `snd_seq_oss_writeq_new`, suggesting no observable impact.",
            "C": "The modification of `addr` might indirectly influence `snd_seq_oss_writeq_new` by modifying the control statement that controls the behavior of `snd_seq_oss_writeq_new`.",
            "D": "It is not possible to determine the effect without additional context."
        },
        "answer": "A, C",
        "distance": 3
    },
    {
        "case_id": "primevul_37",
        "code": "snd_seq_oss_open(struct file *file, int level)\n{\n\tint i, rc;\n\tstruct seq_oss_devinfo *dp;\n\tdp = kzalloc(sizeof(*dp), GFP_KERNEL);\n\tif (!dp)\n\t{\n\t\tsnd_printk(KERN_ERR \"can't malloc device info\\n\");\n\t\treturn -ENOMEM;\n\t}\n\tdebug_printk((\"oss_open: dp = %p\\n\", dp));\n\tdp->cseq = system_client;\n\tdp->port = -1;\n\tdp->queue = -1;\n\tfor (i = 0; i < SNDRV_SEQ_OSS_MAX_CLIENTS; i++)\n\t{\n\t\tif (client_table[i] == NULL)\n\t\t{\n\t\t\tbreak;\n\t\t}\n\t}\n\tdp->index = i;\n\tif (i >= SNDRV_SEQ_OSS_MAX_CLIENTS)\n\t{\n\t\tsnd_printk(KERN_ERR \"too many applications\\n\");\n\t\trc = -ENOMEM;\n\t\tgoto _error;\n\t}\n\tsnd_seq_oss_synth_setup(dp);\n\tsnd_seq_oss_midi_setup(dp);\n\tif (dp->synth_opened == 0 && dp->max_mididev == 0)\n\t{\n\t\trc = -ENODEV;\n\t\tgoto _error;\n\t}\n\tdebug_printk((\"create new port\\n\"));\n\trc = create_port(dp);\n\tif (rc < 0)\n\t{\n\t\tsnd_printk(KERN_ERR \"can't create port\\n\");\n\t\tgoto _error;\n\t}\n\tdebug_printk((\"allocate queue\\n\"));\n\trc = alloc_seq_queue(dp);\n\tif (rc < 0)\n\t{\n\t\tgoto _error;\n\t}\n\tdp->addr.client = dp->cseq;\n\tdp->addr.port = dp->port;\n\tdp->seq_mode = level;\n\tdp->file_mode = translate_mode(file);\n\tdebug_printk((\"initialize read queue\\n\"));\n\tif (is_read_mode(dp->file_mode))\n\t{\n\t\tdp->readq = snd_seq_oss_readq_new(dp, maxqlen);\n\t\tif (!dp->readq)\n\t\t{\n\t\t\trc = -ENOMEM;\n\t\t\tgoto _error;\n\t\t}\n\t}\n\tdebug_printk((\"initialize write queue\\n\"));\n\tif (is_write_mode(dp->file_mode))\n\t{\n\t\tdp->writeq = snd_seq_oss_writeq_new(dp, maxqlen);\n\t\tif (!dp->writeq)\n\t\t{\n\t\t\trc = -ENOMEM;\n\t\t\tgoto _error;\n\t\t}\n\t}\n\tdebug_printk((\"initialize timer\\n\"));\n\tdp->timer = snd_seq_oss_timer_new(dp);\n\tif (!dp->timer)\n\t{\n\t\tsnd_printk(KERN_ERR \"can't alloc timer\\n\");\n\t\trc = -ENOMEM;\n\t\tgoto _error;\n\t}\n\tdebug_printk((\"timer initialized\\n\"));\n\tfile->private_data = dp;\n\tif (level == SNDRV_SEQ_OSS_MODE_MUSIC)\n\t{\n\t\tsnd_seq_oss_synth_setup_midi(dp);\n\t}\n\telse if (is_read_mode(dp->file_mode))\n\t{\n\t\tsnd_seq_oss_midi_open_all(dp, SNDRV_SEQ_OSS_FILE_READ);\n\t}\n\tclient_table[dp->index] = dp;\n\tnum_clients++;\n\tdebug_printk((\"open done\\n\"));\n\treturn 0;\n _error:\n\tsnd_seq_oss_writeq_delete(dp->writeq);\n\tsnd_seq_oss_readq_delete(dp->readq);\n\tsnd_seq_oss_synth_cleanup(dp);\n\tsnd_seq_oss_midi_cleanup(dp);\n\tdelete_port(dp);\n\tdelete_seq_queue(dp->queue);\n\tkfree(dp);\n\treturn rc;\n}\n",
        "question": "Given that the parameter or function `maxqlen` is modified before the execution of the function `snd_seq_oss_midi_open_all`, evaluate the potential impact on the outcomes of `snd_seq_oss_midi_open_all`. Consider how `maxqlen` could influence `snd_seq_oss_midi_open_all`, including its role as a direct parameter, its effect on controlling conditions, or its indirect impacts through other related variables or system states.",
        "choices": {
            "A": "The change to `maxqlen` directly alters the arguments passed to `snd_seq_oss_midi_open_all`.",
            "B": "There is neither a direct nor a significant indirect relationship between the changes to `maxqlen` and the behavior or output of `snd_seq_oss_midi_open_all`, suggesting no observable impact.",
            "C": "The modification of `maxqlen` might indirectly influence `snd_seq_oss_midi_open_all` by modifying the control statement that controls the behavior of `snd_seq_oss_midi_open_all`.",
            "D": "It is not possible to determine the effect without additional context."
        },
        "answer": "A, C",
        "distance": 3
    },
    {
        "case_id": "primevul_37",
        "code": "snd_seq_oss_open(struct file *file, int level)\n{\n\tint i, rc;\n\tstruct seq_oss_devinfo *dp;\n\tdp = kzalloc(sizeof(*dp), GFP_KERNEL);\n\tif (!dp)\n\t{\n\t\tsnd_printk(KERN_ERR \"can't malloc device info\\n\");\n\t\treturn -ENOMEM;\n\t}\n\tdebug_printk((\"oss_open: dp = %p\\n\", dp));\n\tdp->cseq = system_client;\n\tdp->port = -1;\n\tdp->queue = -1;\n\tfor (i = 0; i < SNDRV_SEQ_OSS_MAX_CLIENTS; i++)\n\t{\n\t\tif (client_table[i] == NULL)\n\t\t{\n\t\t\tbreak;\n\t\t}\n\t}\n\tdp->index = i;\n\tif (i >= SNDRV_SEQ_OSS_MAX_CLIENTS)\n\t{\n\t\tsnd_printk(KERN_ERR \"too many applications\\n\");\n\t\trc = -ENOMEM;\n\t\tgoto _error;\n\t}\n\tsnd_seq_oss_synth_setup(dp);\n\tsnd_seq_oss_midi_setup(dp);\n\tif (dp->synth_opened == 0 && dp->max_mididev == 0)\n\t{\n\t\trc = -ENODEV;\n\t\tgoto _error;\n\t}\n\tdebug_printk((\"create new port\\n\"));\n\trc = create_port(dp);\n\tif (rc < 0)\n\t{\n\t\tsnd_printk(KERN_ERR \"can't create port\\n\");\n\t\tgoto _error;\n\t}\n\tdebug_printk((\"allocate queue\\n\"));\n\trc = alloc_seq_queue(dp);\n\tif (rc < 0)\n\t{\n\t\tgoto _error;\n\t}\n\tdp->addr.client = dp->cseq;\n\tdp->addr.port = dp->port;\n\tdp->seq_mode = level;\n\tdp->file_mode = translate_mode(file);\n\tdebug_printk((\"initialize read queue\\n\"));\n\tif (is_read_mode(dp->file_mode))\n\t{\n\t\tdp->readq = snd_seq_oss_readq_new(dp, maxqlen);\n\t\tif (!dp->readq)\n\t\t{\n\t\t\trc = -ENOMEM;\n\t\t\tgoto _error;\n\t\t}\n\t}\n\tdebug_printk((\"initialize write queue\\n\"));\n\tif (is_write_mode(dp->file_mode))\n\t{\n\t\tdp->writeq = snd_seq_oss_writeq_new(dp, maxqlen);\n\t\tif (!dp->writeq)\n\t\t{\n\t\t\trc = -ENOMEM;\n\t\t\tgoto _error;\n\t\t}\n\t}\n\tdebug_printk((\"initialize timer\\n\"));\n\tdp->timer = snd_seq_oss_timer_new(dp);\n\tif (!dp->timer)\n\t{\n\t\tsnd_printk(KERN_ERR \"can't alloc timer\\n\");\n\t\trc = -ENOMEM;\n\t\tgoto _error;\n\t}\n\tdebug_printk((\"timer initialized\\n\"));\n\tfile->private_data = dp;\n\tif (level == SNDRV_SEQ_OSS_MODE_MUSIC)\n\t{\n\t\tsnd_seq_oss_synth_setup_midi(dp);\n\t}\n\telse if (is_read_mode(dp->file_mode))\n\t{\n\t\tsnd_seq_oss_midi_open_all(dp, SNDRV_SEQ_OSS_FILE_READ);\n\t}\n\tclient_table[dp->index] = dp;\n\tnum_clients++;\n\tdebug_printk((\"open done\\n\"));\n\treturn 0;\n _error:\n\tsnd_seq_oss_writeq_delete(dp->writeq);\n\tsnd_seq_oss_readq_delete(dp->readq);\n\tsnd_seq_oss_synth_cleanup(dp);\n\tsnd_seq_oss_midi_cleanup(dp);\n\tdelete_port(dp);\n\tdelete_seq_queue(dp->queue);\n\tkfree(dp);\n\treturn rc;\n}\n",
        "question": "Given that the parameter or function `addr` is modified before the execution of the function `snd_seq_oss_midi_open_all`, evaluate the potential impact on the outcomes of `snd_seq_oss_midi_open_all`. Consider how `addr` could influence `snd_seq_oss_midi_open_all`, including its role as a direct parameter, its effect on controlling conditions, or its indirect impacts through other related variables or system states.",
        "choices": {
            "A": "The change to `addr` directly alters the arguments passed to `snd_seq_oss_midi_open_all`.",
            "B": "There is neither a direct nor a significant indirect relationship between the changes to `addr` and the behavior or output of `snd_seq_oss_midi_open_all`, suggesting no observable impact.",
            "C": "The modification of `addr` might indirectly influence `snd_seq_oss_midi_open_all` by modifying the control statement that controls the behavior of `snd_seq_oss_midi_open_all`.",
            "D": "It is not possible to determine the effect without additional context."
        },
        "answer": "A, C",
        "distance": 3
    },
    {
        "case_id": "primevul_37",
        "code": "snd_seq_oss_open(struct file *file, int level)\n{\n\tint i, rc;\n\tstruct seq_oss_devinfo *dp;\n\tdp = kzalloc(sizeof(*dp), GFP_KERNEL);\n\tif (!dp)\n\t{\n\t\tsnd_printk(KERN_ERR \"can't malloc device info\\n\");\n\t\treturn -ENOMEM;\n\t}\n\tdebug_printk((\"oss_open: dp = %p\\n\", dp));\n\tdp->cseq = system_client;\n\tdp->port = -1;\n\tdp->queue = -1;\n\tfor (i = 0; i < SNDRV_SEQ_OSS_MAX_CLIENTS; i++)\n\t{\n\t\tif (client_table[i] == NULL)\n\t\t{\n\t\t\tbreak;\n\t\t}\n\t}\n\tdp->index = i;\n\tif (i >= SNDRV_SEQ_OSS_MAX_CLIENTS)\n\t{\n\t\tsnd_printk(KERN_ERR \"too many applications\\n\");\n\t\trc = -ENOMEM;\n\t\tgoto _error;\n\t}\n\tsnd_seq_oss_synth_setup(dp);\n\tsnd_seq_oss_midi_setup(dp);\n\tif (dp->synth_opened == 0 && dp->max_mididev == 0)\n\t{\n\t\trc = -ENODEV;\n\t\tgoto _error;\n\t}\n\tdebug_printk((\"create new port\\n\"));\n\trc = create_port(dp);\n\tif (rc < 0)\n\t{\n\t\tsnd_printk(KERN_ERR \"can't create port\\n\");\n\t\tgoto _error;\n\t}\n\tdebug_printk((\"allocate queue\\n\"));\n\trc = alloc_seq_queue(dp);\n\tif (rc < 0)\n\t{\n\t\tgoto _error;\n\t}\n\tdp->addr.client = dp->cseq;\n\tdp->addr.port = dp->port;\n\tdp->seq_mode = level;\n\tdp->file_mode = translate_mode(file);\n\tdebug_printk((\"initialize read queue\\n\"));\n\tif (is_read_mode(dp->file_mode))\n\t{\n\t\tdp->readq = snd_seq_oss_readq_new(dp, maxqlen);\n\t\tif (!dp->readq)\n\t\t{\n\t\t\trc = -ENOMEM;\n\t\t\tgoto _error;\n\t\t}\n\t}\n\tdebug_printk((\"initialize write queue\\n\"));\n\tif (is_write_mode(dp->file_mode))\n\t{\n\t\tdp->writeq = snd_seq_oss_writeq_new(dp, maxqlen);\n\t\tif (!dp->writeq)\n\t\t{\n\t\t\trc = -ENOMEM;\n\t\t\tgoto _error;\n\t\t}\n\t}\n\tdebug_printk((\"initialize timer\\n\"));\n\tdp->timer = snd_seq_oss_timer_new(dp);\n\tif (!dp->timer)\n\t{\n\t\tsnd_printk(KERN_ERR \"can't alloc timer\\n\");\n\t\trc = -ENOMEM;\n\t\tgoto _error;\n\t}\n\tdebug_printk((\"timer initialized\\n\"));\n\tfile->private_data = dp;\n\tif (level == SNDRV_SEQ_OSS_MODE_MUSIC)\n\t{\n\t\tsnd_seq_oss_synth_setup_midi(dp);\n\t}\n\telse if (is_read_mode(dp->file_mode))\n\t{\n\t\tsnd_seq_oss_midi_open_all(dp, SNDRV_SEQ_OSS_FILE_READ);\n\t}\n\tclient_table[dp->index] = dp;\n\tnum_clients++;\n\tdebug_printk((\"open done\\n\"));\n\treturn 0;\n _error:\n\tsnd_seq_oss_writeq_delete(dp->writeq);\n\tsnd_seq_oss_readq_delete(dp->readq);\n\tsnd_seq_oss_synth_cleanup(dp);\n\tsnd_seq_oss_midi_cleanup(dp);\n\tdelete_port(dp);\n\tdelete_seq_queue(dp->queue);\n\tkfree(dp);\n\treturn rc;\n}\n",
        "question": "Given that the parameter or function `addr` is modified before the execution of the function `snd_seq_oss_readq_new`, evaluate the potential impact on the outcomes of `snd_seq_oss_readq_new`. Consider how `addr` could influence `snd_seq_oss_readq_new`, including its role as a direct parameter, its effect on controlling conditions, or its indirect impacts through other related variables or system states.",
        "choices": {
            "A": "The change to `addr` directly alters the arguments passed to `snd_seq_oss_readq_new`.",
            "B": "There is neither a direct nor a significant indirect relationship between the changes to `addr` and the behavior or output of `snd_seq_oss_readq_new`, suggesting no observable impact.",
            "C": "The modification of `addr` might indirectly influence `snd_seq_oss_readq_new` by modifying the control statement that controls the behavior of `snd_seq_oss_readq_new`.",
            "D": "It is not possible to determine the effect without additional context."
        },
        "answer": "A, C",
        "distance": 3
    }
]