[
    {
        "case_id": "primevul_36",
        "code": "static int asn1_d2i_ex_primitive(ASN1_VALUE **pval, const unsigned char **in, long len, const ASN1_ITEM *it, B_ASN1_OCTET_STRING, 0, 0, B_ASN1_UNKNOWN, B_ASN1_UNKNOWN, B_ASN1_UNKNOWN, B_ASN1_UNKNOWN, B_ASN1_UNKNOWN, B_ASN1_UTF8STRING, B_ASN1_UNKNOWN, B_ASN1_UNKNOWN, B_ASN1_UNKNOWN, B_ASN1_SEQUENCE, 0, B_ASN1_NUMERICSTRING, B_ASN1_PRINTABLESTRING, B_ASN1_T61STRING, B_ASN1_VIDEOTEXSTRING, B_ASN1_IA5STRING, B_ASN1_UTCTIME, B_ASN1_GENERALIZEDTIME, B_ASN1_GRAPHICSTRING, B_ASN1_ISO64STRING, B_ASN1_GENERALSTRING, B_ASN1_UNIVERSALSTRING, B_ASN1_UNKNOWN, B_ASN1_BMPSTRING, B_ASN1_UNKNOWN);\n\nstatic int asn1_template_ex_d2i(ASN1_VALUE **pval, const unsigned char **in, long len, const ASN1_TEMPLATE *tt, char opt, ASN1_TLC *ctx);\n\nstatic int asn1_template_noexp_d2i(ASN1_VALUE **val, const unsigned char **in, long len, const ASN1_TEMPLATE *tt, char opt, ASN1_TLC *ctx);\n\nunsigned long ASN1_tag2bit(int tag)\n{\n\n}",
        "question": "Given that the parameter or function `int tag` is modified before the execution of the function `ASN1_tag2bit`, evaluate the potential impact on the outcomes of `ASN1_tag2bit`. Consider how `int tag` could influence `ASN1_tag2bit`, including its role as a direct parameter, its effect on controlling conditions, or its indirect impacts through other related variables or system states.",
        "choices": {
            "A": "The change to `int tag` directly alters the arguments passed to `ASN1_tag2bit`.",
            "B": "There is neither a direct nor a significant indirect relationship between the changes to `int tag` and the behavior or output of `ASN1_tag2bit`, suggesting no observable impact.",
            "C": "The modification of `int tag` might indirectly influence `ASN1_tag2bit` by modifying the control statement that controls the behavior of `ASN1_tag2bit`.",
            "D": "It is not possible to determine the effect without additional context."
        },
        "answer": "A",
        "distance": 1
    }
]