[
    {
        "case_id": "primevul_64",
        "code": "int virtio_load(VirtIODevice *vdev, QEMUFile *f)\n{\n    int i, ret;\n    uint32_t num;\n    uint32_t features;\n    uint32_t supported_features;\n    BusState *qbus = qdev_get_parent_bus(DEVICE(vdev));\n    VirtioBusClass *k = VIRTIO_BUS_GET_CLASS(qbus);\n    if (k->load_config)\n    {\n        ret = k->load_config(qbus->parent, f);\n        if (ret)\n        {\n            return ret;\n        }\n    }\n    qemu_get_8s(f, &vdev->status);\n    qemu_get_8s(f, &vdev->isr);\n    qemu_get_be16s(f, &vdev->queue_sel);\n    qemu_get_be32s(f, &features);\n    if (virtio_set_features(vdev, features) < 0)\n    {\n        return -1;\n    }\n    vdev->config_len = qemu_get_be32(f);\n    qemu_get_buffer(f, vdev->config, vdev->config_len);\n    num = qemu_get_be32(f);\n    if (num > VIRTIO_PCI_QUEUE_MAX)\n    {\n        error_report(\"Invalid number of PCI queues: 0x%x\", num);\n        return -1;\n    }\n    for (i = 0; i < num; i++)\n    {\n        vdev->vq[i].vring.num = qemu_get_be32(f);\n        if (k->has_variable_vring_alignment)\n        {\n            vdev->vq[i].vring.align = qemu_get_be32(f);\n        }\n        vdev->vq[i].pa = qemu_get_be64(f);\n        qemu_get_be16s(f, &vdev->vq[i].last_avail_idx);\n        vdev->vq[i].signalled_used_valid = false;\n        vdev->vq[i].notification = true;\n        if (vdev->vq[i].pa)\n        {\n            uint16_t nheads;\n            virtqueue_init(&vdev->vq[i]);\n            nheads = vring_avail_idx(&vdev->vq[i]) - vdev->vq[i].last_avail_idx;\n            if (nheads > vdev->vq[i].vring.num)\n            {\n                error_report(\"VQ %d size 0x%x Guest index 0x%x \"\n                             \"inconsistent with Host index 0x%x: delta 0x%x\",\n                             i, vdev->vq[i].vring.num,\n                             vring_avail_idx(&vdev->vq[i]),\n                             vdev->vq[i].last_avail_idx, nheads);\n                return -1;\n            }\n        }\n        else if (vdev->vq[i].last_avail_idx)\n        {\n            error_report(\"VQ %d address 0x0 \"\n                         \"inconsistent with Host index 0x%x\",\n                         i, vdev->vq[i].last_avail_idx);\n            return -1;\n        }\n        if (k->load_queue)\n        {\n            ret = k->load_queue(qbus->parent, i, f);\n            if (ret)\n            {\n                return ret;\n            }\n        }\n    }\n    virtio_notify_vector(vdev, VIRTIO_NO_VECTOR);\n    return 0;\n}\n",
        "question": "Given that the parameter or function `num` is modified before the execution of the function `virtio_notify_vector`, evaluate the potential impact on the outcomes of `virtio_notify_vector`. Consider how `num` could influence `virtio_notify_vector`, including its role as a direct parameter, its effect on controlling conditions, or its indirect impacts through other related variables or system states.",
        "choices": {
            "A": "The change to `num` directly alters the arguments passed to `virtio_notify_vector`.",
            "B": "There is neither a direct nor a significant indirect relationship between the changes to `num` and the behavior or output of `virtio_notify_vector`, suggesting no observable impact.",
            "C": "The modification of `num` might indirectly influence `virtio_notify_vector` by modifying the control statement that controls the behavior of `virtio_notify_vector`.",
            "D": "It is not possible to determine the effect without additional context."
        },
        "answer": "A",
        "distance": 4
    },
    {
        "case_id": "primevul_64",
        "code": "int virtio_load(VirtIODevice *vdev, QEMUFile *f)\n{\n    int i, ret;\n    uint32_t num;\n    uint32_t features;\n    uint32_t supported_features;\n    BusState *qbus = qdev_get_parent_bus(DEVICE(vdev));\n    VirtioBusClass *k = VIRTIO_BUS_GET_CLASS(qbus);\n    if (k->load_config)\n    {\n        ret = k->load_config(qbus->parent, f);\n        if (ret)\n        {\n            return ret;\n        }\n    }\n    qemu_get_8s(f, &vdev->status);\n    qemu_get_8s(f, &vdev->isr);\n    qemu_get_be16s(f, &vdev->queue_sel);\n    qemu_get_be32s(f, &features);\n    if (virtio_set_features(vdev, features) < 0)\n    {\n        return -1;\n    }\n    vdev->config_len = qemu_get_be32(f);\n    qemu_get_buffer(f, vdev->config, vdev->config_len);\n    num = qemu_get_be32(f);\n    if (num > VIRTIO_PCI_QUEUE_MAX)\n    {\n        error_report(\"Invalid number of PCI queues: 0x%x\", num);\n        return -1;\n    }\n    for (i = 0; i < num; i++)\n    {\n        vdev->vq[i].vring.num = qemu_get_be32(f);\n        if (k->has_variable_vring_alignment)\n        {\n            vdev->vq[i].vring.align = qemu_get_be32(f);\n        }\n        vdev->vq[i].pa = qemu_get_be64(f);\n        qemu_get_be16s(f, &vdev->vq[i].last_avail_idx);\n        vdev->vq[i].signalled_used_valid = false;\n        vdev->vq[i].notification = true;\n        if (vdev->vq[i].pa)\n        {\n            uint16_t nheads;\n            virtqueue_init(&vdev->vq[i]);\n            nheads = vring_avail_idx(&vdev->vq[i]) - vdev->vq[i].last_avail_idx;\n            if (nheads > vdev->vq[i].vring.num)\n            {\n                error_report(\"VQ %d size 0x%x Guest index 0x%x \"\n                             \"inconsistent with Host index 0x%x: delta 0x%x\",\n                             i, vdev->vq[i].vring.num,\n                             vring_avail_idx(&vdev->vq[i]),\n                             vdev->vq[i].last_avail_idx, nheads);\n                return -1;\n            }\n        }\n        else if (vdev->vq[i].last_avail_idx)\n        {\n            error_report(\"VQ %d address 0x0 \"\n                         \"inconsistent with Host index 0x%x\",\n                         i, vdev->vq[i].last_avail_idx);\n            return -1;\n        }\n        if (k->load_queue)\n        {\n            ret = k->load_queue(qbus->parent, i, f);\n            if (ret)\n            {\n                return ret;\n            }\n        }\n    }\n    virtio_notify_vector(vdev, VIRTIO_NO_VECTOR);\n    return 0;\n}\n",
        "question": "Given that the parameter or function `vdev->config_len` is modified before the execution of the function `virtio_notify_vector`, evaluate the potential impact on the outcomes of `virtio_notify_vector`. Consider how `vdev->config_len` could influence `virtio_notify_vector`, including its role as a direct parameter, its effect on controlling conditions, or its indirect impacts through other related variables or system states.",
        "choices": {
            "A": "The change to `vdev->config_len` directly alters the arguments passed to `virtio_notify_vector`.",
            "B": "There is neither a direct nor a significant indirect relationship between the changes to `vdev->config_len` and the behavior or output of `virtio_notify_vector`, suggesting no observable impact.",
            "C": "The modification of `vdev->config_len` might indirectly influence `virtio_notify_vector` by modifying the control statement that controls the behavior of `virtio_notify_vector`.",
            "D": "It is not possible to determine the effect without additional context."
        },
        "answer": "A",
        "distance": 3
    },
    {
        "case_id": "primevul_64",
        "code": "int virtio_load(VirtIODevice *vdev, QEMUFile *f)\n{\n    int i, ret;\n    uint32_t num;\n    uint32_t features;\n    uint32_t supported_features;\n    BusState *qbus = qdev_get_parent_bus(DEVICE(vdev));\n    VirtioBusClass *k = VIRTIO_BUS_GET_CLASS(qbus);\n    if (k->load_config)\n    {\n        ret = k->load_config(qbus->parent, f);\n        if (ret)\n        {\n            return ret;\n        }\n    }\n    qemu_get_8s(f, &vdev->status);\n    qemu_get_8s(f, &vdev->isr);\n    qemu_get_be16s(f, &vdev->queue_sel);\n    qemu_get_be32s(f, &features);\n    if (virtio_set_features(vdev, features) < 0)\n    {\n        return -1;\n    }\n    vdev->config_len = qemu_get_be32(f);\n    qemu_get_buffer(f, vdev->config, vdev->config_len);\n    num = qemu_get_be32(f);\n    if (num > VIRTIO_PCI_QUEUE_MAX)\n    {\n        error_report(\"Invalid number of PCI queues: 0x%x\", num);\n        return -1;\n    }\n    for (i = 0; i < num; i++)\n    {\n        vdev->vq[i].vring.num = qemu_get_be32(f);\n        if (k->has_variable_vring_alignment)\n        {\n            vdev->vq[i].vring.align = qemu_get_be32(f);\n        }\n        vdev->vq[i].pa = qemu_get_be64(f);\n        qemu_get_be16s(f, &vdev->vq[i].last_avail_idx);\n        vdev->vq[i].signalled_used_valid = false;\n        vdev->vq[i].notification = true;\n        if (vdev->vq[i].pa)\n        {\n            uint16_t nheads;\n            virtqueue_init(&vdev->vq[i]);\n            nheads = vring_avail_idx(&vdev->vq[i]) - vdev->vq[i].last_avail_idx;\n            if (nheads > vdev->vq[i].vring.num)\n            {\n                error_report(\"VQ %d size 0x%x Guest index 0x%x \"\n                             \"inconsistent with Host index 0x%x: delta 0x%x\",\n                             i, vdev->vq[i].vring.num,\n                             vring_avail_idx(&vdev->vq[i]),\n                             vdev->vq[i].last_avail_idx, nheads);\n                return -1;\n            }\n        }\n        else if (vdev->vq[i].last_avail_idx)\n        {\n            error_report(\"VQ %d address 0x0 \"\n                         \"inconsistent with Host index 0x%x\",\n                         i, vdev->vq[i].last_avail_idx);\n            return -1;\n        }\n        if (k->load_queue)\n        {\n            ret = k->load_queue(qbus->parent, i, f);\n            if (ret)\n            {\n                return ret;\n            }\n        }\n    }\n    virtio_notify_vector(vdev, VIRTIO_NO_VECTOR);\n    return 0;\n}\n",
        "question": "Given that the parameter or function `vdev->status` is modified before the execution of the function `virtio_notify_vector`, evaluate the potential impact on the outcomes of `virtio_notify_vector`. Consider how `vdev->status` could influence `virtio_notify_vector`, including its role as a direct parameter, its effect on controlling conditions, or its indirect impacts through other related variables or system states.",
        "choices": {
            "A": "The change to `vdev->status` directly alters the arguments passed to `virtio_notify_vector`.",
            "B": "There is neither a direct nor a significant indirect relationship between the changes to `vdev->status` and the behavior or output of `virtio_notify_vector`, suggesting no observable impact.",
            "C": "The modification of `vdev->status` might indirectly influence `virtio_notify_vector` by modifying the control statement that controls the behavior of `virtio_notify_vector`.",
            "D": "It is not possible to determine the effect without additional context."
        },
        "answer": "A",
        "distance": 3
    },
    {
        "case_id": "primevul_64",
        "code": "int virtio_load(VirtIODevice *vdev, QEMUFile *f)\n{\n    int i, ret;\n    uint32_t num;\n    uint32_t features;\n    uint32_t supported_features;\n    BusState *qbus = qdev_get_parent_bus(DEVICE(vdev));\n    VirtioBusClass *k = VIRTIO_BUS_GET_CLASS(qbus);\n    if (k->load_config)\n    {\n        ret = k->load_config(qbus->parent, f);\n        if (ret)\n        {\n            return ret;\n        }\n    }\n    qemu_get_8s(f, &vdev->status);\n    qemu_get_8s(f, &vdev->isr);\n    qemu_get_be16s(f, &vdev->queue_sel);\n    qemu_get_be32s(f, &features);\n    if (virtio_set_features(vdev, features) < 0)\n    {\n        return -1;\n    }\n    vdev->config_len = qemu_get_be32(f);\n    qemu_get_buffer(f, vdev->config, vdev->config_len);\n    num = qemu_get_be32(f);\n    if (num > VIRTIO_PCI_QUEUE_MAX)\n    {\n        error_report(\"Invalid number of PCI queues: 0x%x\", num);\n        return -1;\n    }\n    for (i = 0; i < num; i++)\n    {\n        vdev->vq[i].vring.num = qemu_get_be32(f);\n        if (k->has_variable_vring_alignment)\n        {\n            vdev->vq[i].vring.align = qemu_get_be32(f);\n        }\n        vdev->vq[i].pa = qemu_get_be64(f);\n        qemu_get_be16s(f, &vdev->vq[i].last_avail_idx);\n        vdev->vq[i].signalled_used_valid = false;\n        vdev->vq[i].notification = true;\n        if (vdev->vq[i].pa)\n        {\n            uint16_t nheads;\n            virtqueue_init(&vdev->vq[i]);\n            nheads = vring_avail_idx(&vdev->vq[i]) - vdev->vq[i].last_avail_idx;\n            if (nheads > vdev->vq[i].vring.num)\n            {\n                error_report(\"VQ %d size 0x%x Guest index 0x%x \"\n                             \"inconsistent with Host index 0x%x: delta 0x%x\",\n                             i, vdev->vq[i].vring.num,\n                             vring_avail_idx(&vdev->vq[i]),\n                             vdev->vq[i].last_avail_idx, nheads);\n                return -1;\n            }\n        }\n        else if (vdev->vq[i].last_avail_idx)\n        {\n            error_report(\"VQ %d address 0x0 \"\n                         \"inconsistent with Host index 0x%x\",\n                         i, vdev->vq[i].last_avail_idx);\n            return -1;\n        }\n        if (k->load_queue)\n        {\n            ret = k->load_queue(qbus->parent, i, f);\n            if (ret)\n            {\n                return ret;\n            }\n        }\n    }\n    virtio_notify_vector(vdev, VIRTIO_NO_VECTOR);\n    return 0;\n}\n",
        "question": "Given that the parameter or function `vdev->isr` is modified before the execution of the function `virtio_notify_vector`, evaluate the potential impact on the outcomes of `virtio_notify_vector`. Consider how `vdev->isr` could influence `virtio_notify_vector`, including its role as a direct parameter, its effect on controlling conditions, or its indirect impacts through other related variables or system states.",
        "choices": {
            "A": "The change to `vdev->isr` directly alters the arguments passed to `virtio_notify_vector`.",
            "B": "There is neither a direct nor a significant indirect relationship between the changes to `vdev->isr` and the behavior or output of `virtio_notify_vector`, suggesting no observable impact.",
            "C": "The modification of `vdev->isr` might indirectly influence `virtio_notify_vector` by modifying the control statement that controls the behavior of `virtio_notify_vector`.",
            "D": "It is not possible to determine the effect without additional context."
        },
        "answer": "A",
        "distance": 3
    },
    {
        "case_id": "primevul_64",
        "code": "int virtio_load(VirtIODevice *vdev, QEMUFile *f)\n{\n    int i, ret;\n    uint32_t num;\n    uint32_t features;\n    uint32_t supported_features;\n    BusState *qbus = qdev_get_parent_bus(DEVICE(vdev));\n    VirtioBusClass *k = VIRTIO_BUS_GET_CLASS(qbus);\n    if (k->load_config)\n    {\n        ret = k->load_config(qbus->parent, f);\n        if (ret)\n        {\n            return ret;\n        }\n    }\n    qemu_get_8s(f, &vdev->status);\n    qemu_get_8s(f, &vdev->isr);\n    qemu_get_be16s(f, &vdev->queue_sel);\n    qemu_get_be32s(f, &features);\n    if (virtio_set_features(vdev, features) < 0)\n    {\n        return -1;\n    }\n    vdev->config_len = qemu_get_be32(f);\n    qemu_get_buffer(f, vdev->config, vdev->config_len);\n    num = qemu_get_be32(f);\n    if (num > VIRTIO_PCI_QUEUE_MAX)\n    {\n        error_report(\"Invalid number of PCI queues: 0x%x\", num);\n        return -1;\n    }\n    for (i = 0; i < num; i++)\n    {\n        vdev->vq[i].vring.num = qemu_get_be32(f);\n        if (k->has_variable_vring_alignment)\n        {\n            vdev->vq[i].vring.align = qemu_get_be32(f);\n        }\n        vdev->vq[i].pa = qemu_get_be64(f);\n        qemu_get_be16s(f, &vdev->vq[i].last_avail_idx);\n        vdev->vq[i].signalled_used_valid = false;\n        vdev->vq[i].notification = true;\n        if (vdev->vq[i].pa)\n        {\n            uint16_t nheads;\n            virtqueue_init(&vdev->vq[i]);\n            nheads = vring_avail_idx(&vdev->vq[i]) - vdev->vq[i].last_avail_idx;\n            if (nheads > vdev->vq[i].vring.num)\n            {\n                error_report(\"VQ %d size 0x%x Guest index 0x%x \"\n                             \"inconsistent with Host index 0x%x: delta 0x%x\",\n                             i, vdev->vq[i].vring.num,\n                             vring_avail_idx(&vdev->vq[i]),\n                             vdev->vq[i].last_avail_idx, nheads);\n                return -1;\n            }\n        }\n        else if (vdev->vq[i].last_avail_idx)\n        {\n            error_report(\"VQ %d address 0x0 \"\n                         \"inconsistent with Host index 0x%x\",\n                         i, vdev->vq[i].last_avail_idx);\n            return -1;\n        }\n        if (k->load_queue)\n        {\n            ret = k->load_queue(qbus->parent, i, f);\n            if (ret)\n            {\n                return ret;\n            }\n        }\n    }\n    virtio_notify_vector(vdev, VIRTIO_NO_VECTOR);\n    return 0;\n}\n",
        "question": "Given that the parameter or function `virtio_notify_vector` is modified before the execution of the function `VIRTIO_BUS_GET_CLASS`, evaluate the potential impact on the outcomes of `VIRTIO_BUS_GET_CLASS`. Consider how `virtio_notify_vector` could influence `VIRTIO_BUS_GET_CLASS`, including its role as a direct parameter, its effect on controlling conditions, or its indirect impacts through other related variables or system states.",
        "choices": {
            "A": "The change to `virtio_notify_vector` directly alters the arguments passed to `VIRTIO_BUS_GET_CLASS`.",
            "B": "There is neither a direct nor a significant indirect relationship between the changes to `virtio_notify_vector` and the behavior or output of `VIRTIO_BUS_GET_CLASS`, suggesting no observable impact.",
            "C": "The modification of `virtio_notify_vector` might indirectly influence `VIRTIO_BUS_GET_CLASS` by modifying the control statement that controls the behavior of `VIRTIO_BUS_GET_CLASS`.",
            "D": "It is not possible to determine the effect without additional context."
        },
        "answer": "B",
        "distance": 0
    },
    {
        "case_id": "primevul_64",
        "code": "int virtio_load(VirtIODevice *vdev, QEMUFile *f)\n{\n    int i, ret;\n    uint32_t num;\n    uint32_t features;\n    uint32_t supported_features;\n    BusState *qbus = qdev_get_parent_bus(DEVICE(vdev));\n    VirtioBusClass *k = VIRTIO_BUS_GET_CLASS(qbus);\n    if (k->load_config)\n    {\n        ret = k->load_config(qbus->parent, f);\n        if (ret)\n        {\n            return ret;\n        }\n    }\n    qemu_get_8s(f, &vdev->status);\n    qemu_get_8s(f, &vdev->isr);\n    qemu_get_be16s(f, &vdev->queue_sel);\n    qemu_get_be32s(f, &features);\n    if (virtio_set_features(vdev, features) < 0)\n    {\n        return -1;\n    }\n    vdev->config_len = qemu_get_be32(f);\n    qemu_get_buffer(f, vdev->config, vdev->config_len);\n    num = qemu_get_be32(f);\n    if (num > VIRTIO_PCI_QUEUE_MAX)\n    {\n        error_report(\"Invalid number of PCI queues: 0x%x\", num);\n        return -1;\n    }\n    for (i = 0; i < num; i++)\n    {\n        vdev->vq[i].vring.num = qemu_get_be32(f);\n        if (k->has_variable_vring_alignment)\n        {\n            vdev->vq[i].vring.align = qemu_get_be32(f);\n        }\n        vdev->vq[i].pa = qemu_get_be64(f);\n        qemu_get_be16s(f, &vdev->vq[i].last_avail_idx);\n        vdev->vq[i].signalled_used_valid = false;\n        vdev->vq[i].notification = true;\n        if (vdev->vq[i].pa)\n        {\n            uint16_t nheads;\n            virtqueue_init(&vdev->vq[i]);\n            nheads = vring_avail_idx(&vdev->vq[i]) - vdev->vq[i].last_avail_idx;\n            if (nheads > vdev->vq[i].vring.num)\n            {\n                error_report(\"VQ %d size 0x%x Guest index 0x%x \"\n                             \"inconsistent with Host index 0x%x: delta 0x%x\",\n                             i, vdev->vq[i].vring.num,\n                             vring_avail_idx(&vdev->vq[i]),\n                             vdev->vq[i].last_avail_idx, nheads);\n                return -1;\n            }\n        }\n        else if (vdev->vq[i].last_avail_idx)\n        {\n            error_report(\"VQ %d address 0x0 \"\n                         \"inconsistent with Host index 0x%x\",\n                         i, vdev->vq[i].last_avail_idx);\n            return -1;\n        }\n        if (k->load_queue)\n        {\n            ret = k->load_queue(qbus->parent, i, f);\n            if (ret)\n            {\n                return ret;\n            }\n        }\n    }\n    virtio_notify_vector(vdev, VIRTIO_NO_VECTOR);\n    return 0;\n}\n",
        "question": "Given that the parameter or function `virtqueue_init` is modified before the execution of the function `VIRTIO_BUS_GET_CLASS`, evaluate the potential impact on the outcomes of `VIRTIO_BUS_GET_CLASS`. Consider how `virtqueue_init` could influence `VIRTIO_BUS_GET_CLASS`, including its role as a direct parameter, its effect on controlling conditions, or its indirect impacts through other related variables or system states.",
        "choices": {
            "A": "The change to `virtqueue_init` directly alters the arguments passed to `VIRTIO_BUS_GET_CLASS`.",
            "B": "There is neither a direct nor a significant indirect relationship between the changes to `virtqueue_init` and the behavior or output of `VIRTIO_BUS_GET_CLASS`, suggesting no observable impact.",
            "C": "The modification of `virtqueue_init` might indirectly influence `VIRTIO_BUS_GET_CLASS` by modifying the control statement that controls the behavior of `VIRTIO_BUS_GET_CLASS`.",
            "D": "It is not possible to determine the effect without additional context."
        },
        "answer": "B",
        "distance": 0
    },
    {
        "case_id": "primevul_64",
        "code": "int virtio_load(VirtIODevice *vdev, QEMUFile *f)\n{\n    int i, ret;\n    uint32_t num;\n    uint32_t features;\n    uint32_t supported_features;\n    BusState *qbus = qdev_get_parent_bus(DEVICE(vdev));\n    VirtioBusClass *k = VIRTIO_BUS_GET_CLASS(qbus);\n    if (k->load_config)\n    {\n        ret = k->load_config(qbus->parent, f);\n        if (ret)\n        {\n            return ret;\n        }\n    }\n    qemu_get_8s(f, &vdev->status);\n    qemu_get_8s(f, &vdev->isr);\n    qemu_get_be16s(f, &vdev->queue_sel);\n    qemu_get_be32s(f, &features);\n    if (virtio_set_features(vdev, features) < 0)\n    {\n        return -1;\n    }\n    vdev->config_len = qemu_get_be32(f);\n    qemu_get_buffer(f, vdev->config, vdev->config_len);\n    num = qemu_get_be32(f);\n    if (num > VIRTIO_PCI_QUEUE_MAX)\n    {\n        error_report(\"Invalid number of PCI queues: 0x%x\", num);\n        return -1;\n    }\n    for (i = 0; i < num; i++)\n    {\n        vdev->vq[i].vring.num = qemu_get_be32(f);\n        if (k->has_variable_vring_alignment)\n        {\n            vdev->vq[i].vring.align = qemu_get_be32(f);\n        }\n        vdev->vq[i].pa = qemu_get_be64(f);\n        qemu_get_be16s(f, &vdev->vq[i].last_avail_idx);\n        vdev->vq[i].signalled_used_valid = false;\n        vdev->vq[i].notification = true;\n        if (vdev->vq[i].pa)\n        {\n            uint16_t nheads;\n            virtqueue_init(&vdev->vq[i]);\n            nheads = vring_avail_idx(&vdev->vq[i]) - vdev->vq[i].last_avail_idx;\n            if (nheads > vdev->vq[i].vring.num)\n            {\n                error_report(\"VQ %d size 0x%x Guest index 0x%x \"\n                             \"inconsistent with Host index 0x%x: delta 0x%x\",\n                             i, vdev->vq[i].vring.num,\n                             vring_avail_idx(&vdev->vq[i]),\n                             vdev->vq[i].last_avail_idx, nheads);\n                return -1;\n            }\n        }\n        else if (vdev->vq[i].last_avail_idx)\n        {\n            error_report(\"VQ %d address 0x0 \"\n                         \"inconsistent with Host index 0x%x\",\n                         i, vdev->vq[i].last_avail_idx);\n            return -1;\n        }\n        if (k->load_queue)\n        {\n            ret = k->load_queue(qbus->parent, i, f);\n            if (ret)\n            {\n                return ret;\n            }\n        }\n    }\n    virtio_notify_vector(vdev, VIRTIO_NO_VECTOR);\n    return 0;\n}\n",
        "question": "Given that the parameter or function `qemu_get_be32s` is modified before the execution of the function `VIRTIO_BUS_GET_CLASS`, evaluate the potential impact on the outcomes of `VIRTIO_BUS_GET_CLASS`. Consider how `qemu_get_be32s` could influence `VIRTIO_BUS_GET_CLASS`, including its role as a direct parameter, its effect on controlling conditions, or its indirect impacts through other related variables or system states.",
        "choices": {
            "A": "The change to `qemu_get_be32s` directly alters the arguments passed to `VIRTIO_BUS_GET_CLASS`.",
            "B": "There is neither a direct nor a significant indirect relationship between the changes to `qemu_get_be32s` and the behavior or output of `VIRTIO_BUS_GET_CLASS`, suggesting no observable impact.",
            "C": "The modification of `qemu_get_be32s` might indirectly influence `VIRTIO_BUS_GET_CLASS` by modifying the control statement that controls the behavior of `VIRTIO_BUS_GET_CLASS`.",
            "D": "It is not possible to determine the effect without additional context."
        },
        "answer": "B",
        "distance": 0
    },
    {
        "case_id": "primevul_64",
        "code": "int virtio_load(VirtIODevice *vdev, QEMUFile *f)\n{\n    int i, ret;\n    uint32_t num;\n    uint32_t features;\n    uint32_t supported_features;\n    BusState *qbus = qdev_get_parent_bus(DEVICE(vdev));\n    VirtioBusClass *k = VIRTIO_BUS_GET_CLASS(qbus);\n    if (k->load_config)\n    {\n        ret = k->load_config(qbus->parent, f);\n        if (ret)\n        {\n            return ret;\n        }\n    }\n    qemu_get_8s(f, &vdev->status);\n    qemu_get_8s(f, &vdev->isr);\n    qemu_get_be16s(f, &vdev->queue_sel);\n    qemu_get_be32s(f, &features);\n    if (virtio_set_features(vdev, features) < 0)\n    {\n        return -1;\n    }\n    vdev->config_len = qemu_get_be32(f);\n    qemu_get_buffer(f, vdev->config, vdev->config_len);\n    num = qemu_get_be32(f);\n    if (num > VIRTIO_PCI_QUEUE_MAX)\n    {\n        error_report(\"Invalid number of PCI queues: 0x%x\", num);\n        return -1;\n    }\n    for (i = 0; i < num; i++)\n    {\n        vdev->vq[i].vring.num = qemu_get_be32(f);\n        if (k->has_variable_vring_alignment)\n        {\n            vdev->vq[i].vring.align = qemu_get_be32(f);\n        }\n        vdev->vq[i].pa = qemu_get_be64(f);\n        qemu_get_be16s(f, &vdev->vq[i].last_avail_idx);\n        vdev->vq[i].signalled_used_valid = false;\n        vdev->vq[i].notification = true;\n        if (vdev->vq[i].pa)\n        {\n            uint16_t nheads;\n            virtqueue_init(&vdev->vq[i]);\n            nheads = vring_avail_idx(&vdev->vq[i]) - vdev->vq[i].last_avail_idx;\n            if (nheads > vdev->vq[i].vring.num)\n            {\n                error_report(\"VQ %d size 0x%x Guest index 0x%x \"\n                             \"inconsistent with Host index 0x%x: delta 0x%x\",\n                             i, vdev->vq[i].vring.num,\n                             vring_avail_idx(&vdev->vq[i]),\n                             vdev->vq[i].last_avail_idx, nheads);\n                return -1;\n            }\n        }\n        else if (vdev->vq[i].last_avail_idx)\n        {\n            error_report(\"VQ %d address 0x0 \"\n                         \"inconsistent with Host index 0x%x\",\n                         i, vdev->vq[i].last_avail_idx);\n            return -1;\n        }\n        if (k->load_queue)\n        {\n            ret = k->load_queue(qbus->parent, i, f);\n            if (ret)\n            {\n                return ret;\n            }\n        }\n    }\n    virtio_notify_vector(vdev, VIRTIO_NO_VECTOR);\n    return 0;\n}\n",
        "question": "Given that the parameter or function `qemu_get_be64` is modified before the execution of the function `VIRTIO_BUS_GET_CLASS`, evaluate the potential impact on the outcomes of `VIRTIO_BUS_GET_CLASS`. Consider how `qemu_get_be64` could influence `VIRTIO_BUS_GET_CLASS`, including its role as a direct parameter, its effect on controlling conditions, or its indirect impacts through other related variables or system states.",
        "choices": {
            "A": "The change to `qemu_get_be64` directly alters the arguments passed to `VIRTIO_BUS_GET_CLASS`.",
            "B": "There is neither a direct nor a significant indirect relationship between the changes to `qemu_get_be64` and the behavior or output of `VIRTIO_BUS_GET_CLASS`, suggesting no observable impact.",
            "C": "The modification of `qemu_get_be64` might indirectly influence `VIRTIO_BUS_GET_CLASS` by modifying the control statement that controls the behavior of `VIRTIO_BUS_GET_CLASS`.",
            "D": "It is not possible to determine the effect without additional context."
        },
        "answer": "B",
        "distance": 0
    },
    {
        "case_id": "primevul_64",
        "code": "int virtio_load(VirtIODevice *vdev, QEMUFile *f)\n{\n    int i, ret;\n    uint32_t num;\n    uint32_t features;\n    uint32_t supported_features;\n    BusState *qbus = qdev_get_parent_bus(DEVICE(vdev));\n    VirtioBusClass *k = VIRTIO_BUS_GET_CLASS(qbus);\n    if (k->load_config)\n    {\n        ret = k->load_config(qbus->parent, f);\n        if (ret)\n        {\n            return ret;\n        }\n    }\n    qemu_get_8s(f, &vdev->status);\n    qemu_get_8s(f, &vdev->isr);\n    qemu_get_be16s(f, &vdev->queue_sel);\n    qemu_get_be32s(f, &features);\n    if (virtio_set_features(vdev, features) < 0)\n    {\n        return -1;\n    }\n    vdev->config_len = qemu_get_be32(f);\n    qemu_get_buffer(f, vdev->config, vdev->config_len);\n    num = qemu_get_be32(f);\n    if (num > VIRTIO_PCI_QUEUE_MAX)\n    {\n        error_report(\"Invalid number of PCI queues: 0x%x\", num);\n        return -1;\n    }\n    for (i = 0; i < num; i++)\n    {\n        vdev->vq[i].vring.num = qemu_get_be32(f);\n        if (k->has_variable_vring_alignment)\n        {\n            vdev->vq[i].vring.align = qemu_get_be32(f);\n        }\n        vdev->vq[i].pa = qemu_get_be64(f);\n        qemu_get_be16s(f, &vdev->vq[i].last_avail_idx);\n        vdev->vq[i].signalled_used_valid = false;\n        vdev->vq[i].notification = true;\n        if (vdev->vq[i].pa)\n        {\n            uint16_t nheads;\n            virtqueue_init(&vdev->vq[i]);\n            nheads = vring_avail_idx(&vdev->vq[i]) - vdev->vq[i].last_avail_idx;\n            if (nheads > vdev->vq[i].vring.num)\n            {\n                error_report(\"VQ %d size 0x%x Guest index 0x%x \"\n                             \"inconsistent with Host index 0x%x: delta 0x%x\",\n                             i, vdev->vq[i].vring.num,\n                             vring_avail_idx(&vdev->vq[i]),\n                             vdev->vq[i].last_avail_idx, nheads);\n                return -1;\n            }\n        }\n        else if (vdev->vq[i].last_avail_idx)\n        {\n            error_report(\"VQ %d address 0x0 \"\n                         \"inconsistent with Host index 0x%x\",\n                         i, vdev->vq[i].last_avail_idx);\n            return -1;\n        }\n        if (k->load_queue)\n        {\n            ret = k->load_queue(qbus->parent, i, f);\n            if (ret)\n            {\n                return ret;\n            }\n        }\n    }\n    virtio_notify_vector(vdev, VIRTIO_NO_VECTOR);\n    return 0;\n}\n",
        "question": "Given that the parameter or function `vdev->config_len` is modified before the execution of the function `virtqueue_init`, evaluate the potential impact on the outcomes of `virtqueue_init`. Consider how `vdev->config_len` could influence `virtqueue_init`, including its role as a direct parameter, its effect on controlling conditions, or its indirect impacts through other related variables or system states.",
        "choices": {
            "A": "The change to `vdev->config_len` directly alters the arguments passed to `virtqueue_init`.",
            "B": "There is neither a direct nor a significant indirect relationship between the changes to `vdev->config_len` and the behavior or output of `virtqueue_init`, suggesting no observable impact.",
            "C": "The modification of `vdev->config_len` might indirectly influence `virtqueue_init` by modifying the control statement that controls the behavior of `virtqueue_init`.",
            "D": "It is not possible to determine the effect without additional context."
        },
        "answer": "C",
        "distance": 3
    },
    {
        "case_id": "primevul_64",
        "code": "int virtio_load(VirtIODevice *vdev, QEMUFile *f)\n{\n    int i, ret;\n    uint32_t num;\n    uint32_t features;\n    uint32_t supported_features;\n    BusState *qbus = qdev_get_parent_bus(DEVICE(vdev));\n    VirtioBusClass *k = VIRTIO_BUS_GET_CLASS(qbus);\n    if (k->load_config)\n    {\n        ret = k->load_config(qbus->parent, f);\n        if (ret)\n        {\n            return ret;\n        }\n    }\n    qemu_get_8s(f, &vdev->status);\n    qemu_get_8s(f, &vdev->isr);\n    qemu_get_be16s(f, &vdev->queue_sel);\n    qemu_get_be32s(f, &features);\n    if (virtio_set_features(vdev, features) < 0)\n    {\n        return -1;\n    }\n    vdev->config_len = qemu_get_be32(f);\n    qemu_get_buffer(f, vdev->config, vdev->config_len);\n    num = qemu_get_be32(f);\n    if (num > VIRTIO_PCI_QUEUE_MAX)\n    {\n        error_report(\"Invalid number of PCI queues: 0x%x\", num);\n        return -1;\n    }\n    for (i = 0; i < num; i++)\n    {\n        vdev->vq[i].vring.num = qemu_get_be32(f);\n        if (k->has_variable_vring_alignment)\n        {\n            vdev->vq[i].vring.align = qemu_get_be32(f);\n        }\n        vdev->vq[i].pa = qemu_get_be64(f);\n        qemu_get_be16s(f, &vdev->vq[i].last_avail_idx);\n        vdev->vq[i].signalled_used_valid = false;\n        vdev->vq[i].notification = true;\n        if (vdev->vq[i].pa)\n        {\n            uint16_t nheads;\n            virtqueue_init(&vdev->vq[i]);\n            nheads = vring_avail_idx(&vdev->vq[i]) - vdev->vq[i].last_avail_idx;\n            if (nheads > vdev->vq[i].vring.num)\n            {\n                error_report(\"VQ %d size 0x%x Guest index 0x%x \"\n                             \"inconsistent with Host index 0x%x: delta 0x%x\",\n                             i, vdev->vq[i].vring.num,\n                             vring_avail_idx(&vdev->vq[i]),\n                             vdev->vq[i].last_avail_idx, nheads);\n                return -1;\n            }\n        }\n        else if (vdev->vq[i].last_avail_idx)\n        {\n            error_report(\"VQ %d address 0x0 \"\n                         \"inconsistent with Host index 0x%x\",\n                         i, vdev->vq[i].last_avail_idx);\n            return -1;\n        }\n        if (k->load_queue)\n        {\n            ret = k->load_queue(qbus->parent, i, f);\n            if (ret)\n            {\n                return ret;\n            }\n        }\n    }\n    virtio_notify_vector(vdev, VIRTIO_NO_VECTOR);\n    return 0;\n}\n",
        "question": "Given that the parameter or function `vdev->status` is modified before the execution of the function `virtqueue_init`, evaluate the potential impact on the outcomes of `virtqueue_init`. Consider how `vdev->status` could influence `virtqueue_init`, including its role as a direct parameter, its effect on controlling conditions, or its indirect impacts through other related variables or system states.",
        "choices": {
            "A": "The change to `vdev->status` directly alters the arguments passed to `virtqueue_init`.",
            "B": "There is neither a direct nor a significant indirect relationship between the changes to `vdev->status` and the behavior or output of `virtqueue_init`, suggesting no observable impact.",
            "C": "The modification of `vdev->status` might indirectly influence `virtqueue_init` by modifying the control statement that controls the behavior of `virtqueue_init`.",
            "D": "It is not possible to determine the effect without additional context."
        },
        "answer": "C",
        "distance": 3
    },
    {
        "case_id": "primevul_64",
        "code": "int virtio_load(VirtIODevice *vdev, QEMUFile *f)\n{\n    int i, ret;\n    uint32_t num;\n    uint32_t features;\n    uint32_t supported_features;\n    BusState *qbus = qdev_get_parent_bus(DEVICE(vdev));\n    VirtioBusClass *k = VIRTIO_BUS_GET_CLASS(qbus);\n    if (k->load_config)\n    {\n        ret = k->load_config(qbus->parent, f);\n        if (ret)\n        {\n            return ret;\n        }\n    }\n    qemu_get_8s(f, &vdev->status);\n    qemu_get_8s(f, &vdev->isr);\n    qemu_get_be16s(f, &vdev->queue_sel);\n    qemu_get_be32s(f, &features);\n    if (virtio_set_features(vdev, features) < 0)\n    {\n        return -1;\n    }\n    vdev->config_len = qemu_get_be32(f);\n    qemu_get_buffer(f, vdev->config, vdev->config_len);\n    num = qemu_get_be32(f);\n    if (num > VIRTIO_PCI_QUEUE_MAX)\n    {\n        error_report(\"Invalid number of PCI queues: 0x%x\", num);\n        return -1;\n    }\n    for (i = 0; i < num; i++)\n    {\n        vdev->vq[i].vring.num = qemu_get_be32(f);\n        if (k->has_variable_vring_alignment)\n        {\n            vdev->vq[i].vring.align = qemu_get_be32(f);\n        }\n        vdev->vq[i].pa = qemu_get_be64(f);\n        qemu_get_be16s(f, &vdev->vq[i].last_avail_idx);\n        vdev->vq[i].signalled_used_valid = false;\n        vdev->vq[i].notification = true;\n        if (vdev->vq[i].pa)\n        {\n            uint16_t nheads;\n            virtqueue_init(&vdev->vq[i]);\n            nheads = vring_avail_idx(&vdev->vq[i]) - vdev->vq[i].last_avail_idx;\n            if (nheads > vdev->vq[i].vring.num)\n            {\n                error_report(\"VQ %d size 0x%x Guest index 0x%x \"\n                             \"inconsistent with Host index 0x%x: delta 0x%x\",\n                             i, vdev->vq[i].vring.num,\n                             vring_avail_idx(&vdev->vq[i]),\n                             vdev->vq[i].last_avail_idx, nheads);\n                return -1;\n            }\n        }\n        else if (vdev->vq[i].last_avail_idx)\n        {\n            error_report(\"VQ %d address 0x0 \"\n                         \"inconsistent with Host index 0x%x\",\n                         i, vdev->vq[i].last_avail_idx);\n            return -1;\n        }\n        if (k->load_queue)\n        {\n            ret = k->load_queue(qbus->parent, i, f);\n            if (ret)\n            {\n                return ret;\n            }\n        }\n    }\n    virtio_notify_vector(vdev, VIRTIO_NO_VECTOR);\n    return 0;\n}\n",
        "question": "Given that the parameter or function `vdev->isr` is modified before the execution of the function `virtqueue_init`, evaluate the potential impact on the outcomes of `virtqueue_init`. Consider how `vdev->isr` could influence `virtqueue_init`, including its role as a direct parameter, its effect on controlling conditions, or its indirect impacts through other related variables or system states.",
        "choices": {
            "A": "The change to `vdev->isr` directly alters the arguments passed to `virtqueue_init`.",
            "B": "There is neither a direct nor a significant indirect relationship between the changes to `vdev->isr` and the behavior or output of `virtqueue_init`, suggesting no observable impact.",
            "C": "The modification of `vdev->isr` might indirectly influence `virtqueue_init` by modifying the control statement that controls the behavior of `virtqueue_init`.",
            "D": "It is not possible to determine the effect without additional context."
        },
        "answer": "C",
        "distance": 3
    },
    {
        "case_id": "primevul_64",
        "code": "int virtio_load(VirtIODevice *vdev, QEMUFile *f)\n{\n    int i, ret;\n    uint32_t num;\n    uint32_t features;\n    uint32_t supported_features;\n    BusState *qbus = qdev_get_parent_bus(DEVICE(vdev));\n    VirtioBusClass *k = VIRTIO_BUS_GET_CLASS(qbus);\n    if (k->load_config)\n    {\n        ret = k->load_config(qbus->parent, f);\n        if (ret)\n        {\n            return ret;\n        }\n    }\n    qemu_get_8s(f, &vdev->status);\n    qemu_get_8s(f, &vdev->isr);\n    qemu_get_be16s(f, &vdev->queue_sel);\n    qemu_get_be32s(f, &features);\n    if (virtio_set_features(vdev, features) < 0)\n    {\n        return -1;\n    }\n    vdev->config_len = qemu_get_be32(f);\n    qemu_get_buffer(f, vdev->config, vdev->config_len);\n    num = qemu_get_be32(f);\n    if (num > VIRTIO_PCI_QUEUE_MAX)\n    {\n        error_report(\"Invalid number of PCI queues: 0x%x\", num);\n        return -1;\n    }\n    for (i = 0; i < num; i++)\n    {\n        vdev->vq[i].vring.num = qemu_get_be32(f);\n        if (k->has_variable_vring_alignment)\n        {\n            vdev->vq[i].vring.align = qemu_get_be32(f);\n        }\n        vdev->vq[i].pa = qemu_get_be64(f);\n        qemu_get_be16s(f, &vdev->vq[i].last_avail_idx);\n        vdev->vq[i].signalled_used_valid = false;\n        vdev->vq[i].notification = true;\n        if (vdev->vq[i].pa)\n        {\n            uint16_t nheads;\n            virtqueue_init(&vdev->vq[i]);\n            nheads = vring_avail_idx(&vdev->vq[i]) - vdev->vq[i].last_avail_idx;\n            if (nheads > vdev->vq[i].vring.num)\n            {\n                error_report(\"VQ %d size 0x%x Guest index 0x%x \"\n                             \"inconsistent with Host index 0x%x: delta 0x%x\",\n                             i, vdev->vq[i].vring.num,\n                             vring_avail_idx(&vdev->vq[i]),\n                             vdev->vq[i].last_avail_idx, nheads);\n                return -1;\n            }\n        }\n        else if (vdev->vq[i].last_avail_idx)\n        {\n            error_report(\"VQ %d address 0x0 \"\n                         \"inconsistent with Host index 0x%x\",\n                         i, vdev->vq[i].last_avail_idx);\n            return -1;\n        }\n        if (k->load_queue)\n        {\n            ret = k->load_queue(qbus->parent, i, f);\n            if (ret)\n            {\n                return ret;\n            }\n        }\n    }\n    virtio_notify_vector(vdev, VIRTIO_NO_VECTOR);\n    return 0;\n}\n",
        "question": "Given that the parameter or function `vdev->queue_sel` is modified before the execution of the function `virtqueue_init`, evaluate the potential impact on the outcomes of `virtqueue_init`. Consider how `vdev->queue_sel` could influence `virtqueue_init`, including its role as a direct parameter, its effect on controlling conditions, or its indirect impacts through other related variables or system states.",
        "choices": {
            "A": "The change to `vdev->queue_sel` directly alters the arguments passed to `virtqueue_init`.",
            "B": "There is neither a direct nor a significant indirect relationship between the changes to `vdev->queue_sel` and the behavior or output of `virtqueue_init`, suggesting no observable impact.",
            "C": "The modification of `vdev->queue_sel` might indirectly influence `virtqueue_init` by modifying the control statement that controls the behavior of `virtqueue_init`.",
            "D": "It is not possible to determine the effect without additional context."
        },
        "answer": "C",
        "distance": 3
    },
    {
        "case_id": "primevul_64",
        "code": "int virtio_load(VirtIODevice *vdev, QEMUFile *f)\n{\n    int i, ret;\n    uint32_t num;\n    uint32_t features;\n    uint32_t supported_features;\n    BusState *qbus = qdev_get_parent_bus(DEVICE(vdev));\n    VirtioBusClass *k = VIRTIO_BUS_GET_CLASS(qbus);\n    if (k->load_config)\n    {\n        ret = k->load_config(qbus->parent, f);\n        if (ret)\n        {\n            return ret;\n        }\n    }\n    qemu_get_8s(f, &vdev->status);\n    qemu_get_8s(f, &vdev->isr);\n    qemu_get_be16s(f, &vdev->queue_sel);\n    qemu_get_be32s(f, &features);\n    if (virtio_set_features(vdev, features) < 0)\n    {\n        return -1;\n    }\n    vdev->config_len = qemu_get_be32(f);\n    qemu_get_buffer(f, vdev->config, vdev->config_len);\n    num = qemu_get_be32(f);\n    if (num > VIRTIO_PCI_QUEUE_MAX)\n    {\n        error_report(\"Invalid number of PCI queues: 0x%x\", num);\n        return -1;\n    }\n    for (i = 0; i < num; i++)\n    {\n        vdev->vq[i].vring.num = qemu_get_be32(f);\n        if (k->has_variable_vring_alignment)\n        {\n            vdev->vq[i].vring.align = qemu_get_be32(f);\n        }\n        vdev->vq[i].pa = qemu_get_be64(f);\n        qemu_get_be16s(f, &vdev->vq[i].last_avail_idx);\n        vdev->vq[i].signalled_used_valid = false;\n        vdev->vq[i].notification = true;\n        if (vdev->vq[i].pa)\n        {\n            uint16_t nheads;\n            virtqueue_init(&vdev->vq[i]);\n            nheads = vring_avail_idx(&vdev->vq[i]) - vdev->vq[i].last_avail_idx;\n            if (nheads > vdev->vq[i].vring.num)\n            {\n                error_report(\"VQ %d size 0x%x Guest index 0x%x \"\n                             \"inconsistent with Host index 0x%x: delta 0x%x\",\n                             i, vdev->vq[i].vring.num,\n                             vring_avail_idx(&vdev->vq[i]),\n                             vdev->vq[i].last_avail_idx, nheads);\n                return -1;\n            }\n        }\n        else if (vdev->vq[i].last_avail_idx)\n        {\n            error_report(\"VQ %d address 0x0 \"\n                         \"inconsistent with Host index 0x%x\",\n                         i, vdev->vq[i].last_avail_idx);\n            return -1;\n        }\n        if (k->load_queue)\n        {\n            ret = k->load_queue(qbus->parent, i, f);\n            if (ret)\n            {\n                return ret;\n            }\n        }\n    }\n    virtio_notify_vector(vdev, VIRTIO_NO_VECTOR);\n    return 0;\n}\n",
        "question": "Given that the parameter or function `vdev->config_len` is modified before the execution of the function `qemu_get_be64`, evaluate the potential impact on the outcomes of `qemu_get_be64`. Consider how `vdev->config_len` could influence `qemu_get_be64`, including its role as a direct parameter, its effect on controlling conditions, or its indirect impacts through other related variables or system states.",
        "choices": {
            "A": "The change to `vdev->config_len` directly alters the arguments passed to `qemu_get_be64`.",
            "B": "There is neither a direct nor a significant indirect relationship between the changes to `vdev->config_len` and the behavior or output of `qemu_get_be64`, suggesting no observable impact.",
            "C": "The modification of `vdev->config_len` might indirectly influence `qemu_get_be64` by modifying the control statement that controls the behavior of `qemu_get_be64`.",
            "D": "It is not possible to determine the effect without additional context."
        },
        "answer": "A, C",
        "distance": 3
    },
    {
        "case_id": "primevul_64",
        "code": "int virtio_load(VirtIODevice *vdev, QEMUFile *f)\n{\n    int i, ret;\n    uint32_t num;\n    uint32_t features;\n    uint32_t supported_features;\n    BusState *qbus = qdev_get_parent_bus(DEVICE(vdev));\n    VirtioBusClass *k = VIRTIO_BUS_GET_CLASS(qbus);\n    if (k->load_config)\n    {\n        ret = k->load_config(qbus->parent, f);\n        if (ret)\n        {\n            return ret;\n        }\n    }\n    qemu_get_8s(f, &vdev->status);\n    qemu_get_8s(f, &vdev->isr);\n    qemu_get_be16s(f, &vdev->queue_sel);\n    qemu_get_be32s(f, &features);\n    if (virtio_set_features(vdev, features) < 0)\n    {\n        return -1;\n    }\n    vdev->config_len = qemu_get_be32(f);\n    qemu_get_buffer(f, vdev->config, vdev->config_len);\n    num = qemu_get_be32(f);\n    if (num > VIRTIO_PCI_QUEUE_MAX)\n    {\n        error_report(\"Invalid number of PCI queues: 0x%x\", num);\n        return -1;\n    }\n    for (i = 0; i < num; i++)\n    {\n        vdev->vq[i].vring.num = qemu_get_be32(f);\n        if (k->has_variable_vring_alignment)\n        {\n            vdev->vq[i].vring.align = qemu_get_be32(f);\n        }\n        vdev->vq[i].pa = qemu_get_be64(f);\n        qemu_get_be16s(f, &vdev->vq[i].last_avail_idx);\n        vdev->vq[i].signalled_used_valid = false;\n        vdev->vq[i].notification = true;\n        if (vdev->vq[i].pa)\n        {\n            uint16_t nheads;\n            virtqueue_init(&vdev->vq[i]);\n            nheads = vring_avail_idx(&vdev->vq[i]) - vdev->vq[i].last_avail_idx;\n            if (nheads > vdev->vq[i].vring.num)\n            {\n                error_report(\"VQ %d size 0x%x Guest index 0x%x \"\n                             \"inconsistent with Host index 0x%x: delta 0x%x\",\n                             i, vdev->vq[i].vring.num,\n                             vring_avail_idx(&vdev->vq[i]),\n                             vdev->vq[i].last_avail_idx, nheads);\n                return -1;\n            }\n        }\n        else if (vdev->vq[i].last_avail_idx)\n        {\n            error_report(\"VQ %d address 0x0 \"\n                         \"inconsistent with Host index 0x%x\",\n                         i, vdev->vq[i].last_avail_idx);\n            return -1;\n        }\n        if (k->load_queue)\n        {\n            ret = k->load_queue(qbus->parent, i, f);\n            if (ret)\n            {\n                return ret;\n            }\n        }\n    }\n    virtio_notify_vector(vdev, VIRTIO_NO_VECTOR);\n    return 0;\n}\n",
        "question": "Given that the parameter or function `vdev->status` is modified before the execution of the function `qemu_get_be64`, evaluate the potential impact on the outcomes of `qemu_get_be64`. Consider how `vdev->status` could influence `qemu_get_be64`, including its role as a direct parameter, its effect on controlling conditions, or its indirect impacts through other related variables or system states.",
        "choices": {
            "A": "The change to `vdev->status` directly alters the arguments passed to `qemu_get_be64`.",
            "B": "There is neither a direct nor a significant indirect relationship between the changes to `vdev->status` and the behavior or output of `qemu_get_be64`, suggesting no observable impact.",
            "C": "The modification of `vdev->status` might indirectly influence `qemu_get_be64` by modifying the control statement that controls the behavior of `qemu_get_be64`.",
            "D": "It is not possible to determine the effect without additional context."
        },
        "answer": "A, C",
        "distance": 3
    },
    {
        "case_id": "primevul_64",
        "code": "int virtio_load(VirtIODevice *vdev, QEMUFile *f)\n{\n    int i, ret;\n    uint32_t num;\n    uint32_t features;\n    uint32_t supported_features;\n    BusState *qbus = qdev_get_parent_bus(DEVICE(vdev));\n    VirtioBusClass *k = VIRTIO_BUS_GET_CLASS(qbus);\n    if (k->load_config)\n    {\n        ret = k->load_config(qbus->parent, f);\n        if (ret)\n        {\n            return ret;\n        }\n    }\n    qemu_get_8s(f, &vdev->status);\n    qemu_get_8s(f, &vdev->isr);\n    qemu_get_be16s(f, &vdev->queue_sel);\n    qemu_get_be32s(f, &features);\n    if (virtio_set_features(vdev, features) < 0)\n    {\n        return -1;\n    }\n    vdev->config_len = qemu_get_be32(f);\n    qemu_get_buffer(f, vdev->config, vdev->config_len);\n    num = qemu_get_be32(f);\n    if (num > VIRTIO_PCI_QUEUE_MAX)\n    {\n        error_report(\"Invalid number of PCI queues: 0x%x\", num);\n        return -1;\n    }\n    for (i = 0; i < num; i++)\n    {\n        vdev->vq[i].vring.num = qemu_get_be32(f);\n        if (k->has_variable_vring_alignment)\n        {\n            vdev->vq[i].vring.align = qemu_get_be32(f);\n        }\n        vdev->vq[i].pa = qemu_get_be64(f);\n        qemu_get_be16s(f, &vdev->vq[i].last_avail_idx);\n        vdev->vq[i].signalled_used_valid = false;\n        vdev->vq[i].notification = true;\n        if (vdev->vq[i].pa)\n        {\n            uint16_t nheads;\n            virtqueue_init(&vdev->vq[i]);\n            nheads = vring_avail_idx(&vdev->vq[i]) - vdev->vq[i].last_avail_idx;\n            if (nheads > vdev->vq[i].vring.num)\n            {\n                error_report(\"VQ %d size 0x%x Guest index 0x%x \"\n                             \"inconsistent with Host index 0x%x: delta 0x%x\",\n                             i, vdev->vq[i].vring.num,\n                             vring_avail_idx(&vdev->vq[i]),\n                             vdev->vq[i].last_avail_idx, nheads);\n                return -1;\n            }\n        }\n        else if (vdev->vq[i].last_avail_idx)\n        {\n            error_report(\"VQ %d address 0x0 \"\n                         \"inconsistent with Host index 0x%x\",\n                         i, vdev->vq[i].last_avail_idx);\n            return -1;\n        }\n        if (k->load_queue)\n        {\n            ret = k->load_queue(qbus->parent, i, f);\n            if (ret)\n            {\n                return ret;\n            }\n        }\n    }\n    virtio_notify_vector(vdev, VIRTIO_NO_VECTOR);\n    return 0;\n}\n",
        "question": "Given that the parameter or function `vdev->isr` is modified before the execution of the function `qemu_get_be64`, evaluate the potential impact on the outcomes of `qemu_get_be64`. Consider how `vdev->isr` could influence `qemu_get_be64`, including its role as a direct parameter, its effect on controlling conditions, or its indirect impacts through other related variables or system states.",
        "choices": {
            "A": "The change to `vdev->isr` directly alters the arguments passed to `qemu_get_be64`.",
            "B": "There is neither a direct nor a significant indirect relationship between the changes to `vdev->isr` and the behavior or output of `qemu_get_be64`, suggesting no observable impact.",
            "C": "The modification of `vdev->isr` might indirectly influence `qemu_get_be64` by modifying the control statement that controls the behavior of `qemu_get_be64`.",
            "D": "It is not possible to determine the effect without additional context."
        },
        "answer": "A, C",
        "distance": 3
    },
    {
        "case_id": "primevul_64",
        "code": "int virtio_load(VirtIODevice *vdev, QEMUFile *f)\n{\n    int i, ret;\n    uint32_t num;\n    uint32_t features;\n    uint32_t supported_features;\n    BusState *qbus = qdev_get_parent_bus(DEVICE(vdev));\n    VirtioBusClass *k = VIRTIO_BUS_GET_CLASS(qbus);\n    if (k->load_config)\n    {\n        ret = k->load_config(qbus->parent, f);\n        if (ret)\n        {\n            return ret;\n        }\n    }\n    qemu_get_8s(f, &vdev->status);\n    qemu_get_8s(f, &vdev->isr);\n    qemu_get_be16s(f, &vdev->queue_sel);\n    qemu_get_be32s(f, &features);\n    if (virtio_set_features(vdev, features) < 0)\n    {\n        return -1;\n    }\n    vdev->config_len = qemu_get_be32(f);\n    qemu_get_buffer(f, vdev->config, vdev->config_len);\n    num = qemu_get_be32(f);\n    if (num > VIRTIO_PCI_QUEUE_MAX)\n    {\n        error_report(\"Invalid number of PCI queues: 0x%x\", num);\n        return -1;\n    }\n    for (i = 0; i < num; i++)\n    {\n        vdev->vq[i].vring.num = qemu_get_be32(f);\n        if (k->has_variable_vring_alignment)\n        {\n            vdev->vq[i].vring.align = qemu_get_be32(f);\n        }\n        vdev->vq[i].pa = qemu_get_be64(f);\n        qemu_get_be16s(f, &vdev->vq[i].last_avail_idx);\n        vdev->vq[i].signalled_used_valid = false;\n        vdev->vq[i].notification = true;\n        if (vdev->vq[i].pa)\n        {\n            uint16_t nheads;\n            virtqueue_init(&vdev->vq[i]);\n            nheads = vring_avail_idx(&vdev->vq[i]) - vdev->vq[i].last_avail_idx;\n            if (nheads > vdev->vq[i].vring.num)\n            {\n                error_report(\"VQ %d size 0x%x Guest index 0x%x \"\n                             \"inconsistent with Host index 0x%x: delta 0x%x\",\n                             i, vdev->vq[i].vring.num,\n                             vring_avail_idx(&vdev->vq[i]),\n                             vdev->vq[i].last_avail_idx, nheads);\n                return -1;\n            }\n        }\n        else if (vdev->vq[i].last_avail_idx)\n        {\n            error_report(\"VQ %d address 0x0 \"\n                         \"inconsistent with Host index 0x%x\",\n                         i, vdev->vq[i].last_avail_idx);\n            return -1;\n        }\n        if (k->load_queue)\n        {\n            ret = k->load_queue(qbus->parent, i, f);\n            if (ret)\n            {\n                return ret;\n            }\n        }\n    }\n    virtio_notify_vector(vdev, VIRTIO_NO_VECTOR);\n    return 0;\n}\n",
        "question": "Given that the parameter or function `vdev->queue_sel` is modified before the execution of the function `qemu_get_be64`, evaluate the potential impact on the outcomes of `qemu_get_be64`. Consider how `vdev->queue_sel` could influence `qemu_get_be64`, including its role as a direct parameter, its effect on controlling conditions, or its indirect impacts through other related variables or system states.",
        "choices": {
            "A": "The change to `vdev->queue_sel` directly alters the arguments passed to `qemu_get_be64`.",
            "B": "There is neither a direct nor a significant indirect relationship between the changes to `vdev->queue_sel` and the behavior or output of `qemu_get_be64`, suggesting no observable impact.",
            "C": "The modification of `vdev->queue_sel` might indirectly influence `qemu_get_be64` by modifying the control statement that controls the behavior of `qemu_get_be64`.",
            "D": "It is not possible to determine the effect without additional context."
        },
        "answer": "A, C",
        "distance": 3
    }
]