[
    {
        "case_id": "primevul_3",
        "code": "walk_string(fz_context *ctx, int uni, int remove, editable_str *str)\n{\n    int rune;\n    if (str->utf8 == NULL)\n    {\n        return;\n    }\n    do\n    {\n        char *s = &str->utf8[str->pos];\n        size_t len;\n        int n = fz_chartorune(&rune, s);\n        if (rune == uni)\n        {\n            str->pos += n;\n        }\n        else if (uni == 32)\n        {\n            break;\n        }\n        else if (rune == 32)\n        {\n        }\n        else\n        {\n            str->pos = -1;\n            break;\n        }\n        if (remove)\n        {\n            len = strlen(s+n);\n            memmove(s, s+n, len+1);\n            str->edited = 1;\n        }\n    }\n    while (rune != uni);\n}",
        "question": "Given that the parameter or function `strlen` is modified before the execution of the function `memmove`, evaluate the potential impact on the outcomes of `memmove`. Consider how `strlen` could influence `memmove`, including its role as a direct parameter, its effect on controlling conditions, or its indirect impacts through other related variables or system states.",
        "choices": {
            "A": "The change to `strlen` directly alters the arguments passed to `memmove`.",
            "B": "There is neither a direct nor a significant indirect relationship between the changes to `strlen` and the behavior or output of `memmove`, suggesting no observable impact.",
            "C": "The modification of `strlen` might indirectly influence `memmove` by modifying the control statement that controls the behavior of `memmove`.",
            "D": "It is not possible to determine the effect without additional context."
        },
        "answer": "A",
        "distance": 3
    },
    {
        "case_id": "primevul_3",
        "code": "walk_string(fz_context *ctx, int uni, int remove, editable_str *str)\n{\n    int rune;\n    if (str->utf8 == NULL)\n    {\n        return;\n    }\n    do\n    {\n        char *s = &str->utf8[str->pos];\n        size_t len;\n        int n = fz_chartorune(&rune, s);\n        if (rune == uni)\n        {\n            str->pos += n;\n        }\n        else if (uni == 32)\n        {\n            break;\n        }\n        else if (rune == 32)\n        {\n        }\n        else\n        {\n            str->pos = -1;\n            break;\n        }\n        if (remove)\n        {\n            len = strlen(s+n);\n            memmove(s, s+n, len+1);\n            str->edited = 1;\n        }\n    }\n    while (rune != uni);\n}",
        "question": "Given that the parameter or function `pos` is modified before the execution of the function `fz_chartorune`, evaluate the potential impact on the outcomes of `fz_chartorune`. Consider how `pos` could influence `fz_chartorune`, including its role as a direct parameter, its effect on controlling conditions, or its indirect impacts through other related variables or system states.",
        "choices": {
            "A": "The change to `pos` directly alters the arguments passed to `fz_chartorune`.",
            "B": "There is neither a direct nor a significant indirect relationship between the changes to `pos` and the behavior or output of `fz_chartorune`, suggesting no observable impact.",
            "C": "The modification of `pos` might indirectly influence `fz_chartorune` by modifying the control statement that controls the behavior of `fz_chartorune`.",
            "D": "It is not possible to determine the effect without additional context."
        },
        "answer": "A",
        "distance": 2
    },
    {
        "case_id": "primevul_3",
        "code": "walk_string(fz_context *ctx, int uni, int remove, editable_str *str)\n{\n    int rune;\n    if (str->utf8 == NULL)\n    {\n        return;\n    }\n    do\n    {\n        char *s = &str->utf8[str->pos];\n        size_t len;\n        int n = fz_chartorune(&rune, s);\n        if (rune == uni)\n        {\n            str->pos += n;\n        }\n        else if (uni == 32)\n        {\n            break;\n        }\n        else if (rune == 32)\n        {\n        }\n        else\n        {\n            str->pos = -1;\n            break;\n        }\n        if (remove)\n        {\n            len = strlen(s+n);\n            memmove(s, s+n, len+1);\n            str->edited = 1;\n        }\n    }\n    while (rune != uni);\n}",
        "question": "Given that the parameter or function `utf8` is modified before the execution of the function `fz_chartorune`, evaluate the potential impact on the outcomes of `fz_chartorune`. Consider how `utf8` could influence `fz_chartorune`, including its role as a direct parameter, its effect on controlling conditions, or its indirect impacts through other related variables or system states.",
        "choices": {
            "A": "The change to `utf8` directly alters the arguments passed to `fz_chartorune`.",
            "B": "There is neither a direct nor a significant indirect relationship between the changes to `utf8` and the behavior or output of `fz_chartorune`, suggesting no observable impact.",
            "C": "The modification of `utf8` might indirectly influence `fz_chartorune` by modifying the control statement that controls the behavior of `fz_chartorune`.",
            "D": "It is not possible to determine the effect without additional context."
        },
        "answer": "A",
        "distance": 2
    },
    {
        "case_id": "primevul_3",
        "code": "walk_string(fz_context *ctx, int uni, int remove, editable_str *str)\n{\n    int rune;\n    if (str->utf8 == NULL)\n    {\n        return;\n    }\n    do\n    {\n        char *s = &str->utf8[str->pos];\n        size_t len;\n        int n = fz_chartorune(&rune, s);\n        if (rune == uni)\n        {\n            str->pos += n;\n        }\n        else if (uni == 32)\n        {\n            break;\n        }\n        else if (rune == 32)\n        {\n        }\n        else\n        {\n            str->pos = -1;\n            break;\n        }\n        if (remove)\n        {\n            len = strlen(s+n);\n            memmove(s, s+n, len+1);\n            str->edited = 1;\n        }\n    }\n    while (rune != uni);\n}",
        "question": "Given that the parameter or function `str` is modified before the execution of the function `fz_chartorune`, evaluate the potential impact on the outcomes of `fz_chartorune`. Consider how `str` could influence `fz_chartorune`, including its role as a direct parameter, its effect on controlling conditions, or its indirect impacts through other related variables or system states.",
        "choices": {
            "A": "The change to `str` directly alters the arguments passed to `fz_chartorune`.",
            "B": "There is neither a direct nor a significant indirect relationship between the changes to `str` and the behavior or output of `fz_chartorune`, suggesting no observable impact.",
            "C": "The modification of `str` might indirectly influence `fz_chartorune` by modifying the control statement that controls the behavior of `fz_chartorune`.",
            "D": "It is not possible to determine the effect without additional context."
        },
        "answer": "A",
        "distance": 2
    },
    {
        "case_id": "primevul_3",
        "code": "walk_string(fz_context *ctx, int uni, int remove, editable_str *str)\n{\n    int rune;\n    if (str->utf8 == NULL)\n    {\n        return;\n    }\n    do\n    {\n        char *s = &str->utf8[str->pos];\n        size_t len;\n        int n = fz_chartorune(&rune, s);\n        if (rune == uni)\n        {\n            str->pos += n;\n        }\n        else if (uni == 32)\n        {\n            break;\n        }\n        else if (rune == 32)\n        {\n        }\n        else\n        {\n            str->pos = -1;\n            break;\n        }\n        if (remove)\n        {\n            len = strlen(s+n);\n            memmove(s, s+n, len+1);\n            str->edited = 1;\n        }\n    }\n    while (rune != uni);\n}",
        "question": "Given that the parameter or function `strlen` is modified before the execution of the function `fz_chartorune`, evaluate the potential impact on the outcomes of `fz_chartorune`. Consider how `strlen` could influence `fz_chartorune`, including its role as a direct parameter, its effect on controlling conditions, or its indirect impacts through other related variables or system states.",
        "choices": {
            "A": "The change to `strlen` directly alters the arguments passed to `fz_chartorune`.",
            "B": "There is neither a direct nor a significant indirect relationship between the changes to `strlen` and the behavior or output of `fz_chartorune`, suggesting no observable impact.",
            "C": "The modification of `strlen` might indirectly influence `fz_chartorune` by modifying the control statement that controls the behavior of `fz_chartorune`.",
            "D": "It is not possible to determine the effect without additional context."
        },
        "answer": "B",
        "distance": 0
    },
    {
        "case_id": "primevul_3",
        "code": "walk_string(fz_context *ctx, int uni, int remove, editable_str *str)\n{\n    int rune;\n    if (str->utf8 == NULL)\n    {\n        return;\n    }\n    do\n    {\n        char *s = &str->utf8[str->pos];\n        size_t len;\n        int n = fz_chartorune(&rune, s);\n        if (rune == uni)\n        {\n            str->pos += n;\n        }\n        else if (uni == 32)\n        {\n            break;\n        }\n        else if (rune == 32)\n        {\n        }\n        else\n        {\n            str->pos = -1;\n            break;\n        }\n        if (remove)\n        {\n            len = strlen(s+n);\n            memmove(s, s+n, len+1);\n            str->edited = 1;\n        }\n    }\n    while (rune != uni);\n}",
        "question": "Given that the parameter or function `memmove` is modified before the execution of the function `fz_chartorune`, evaluate the potential impact on the outcomes of `fz_chartorune`. Consider how `memmove` could influence `fz_chartorune`, including its role as a direct parameter, its effect on controlling conditions, or its indirect impacts through other related variables or system states.",
        "choices": {
            "A": "The change to `memmove` directly alters the arguments passed to `fz_chartorune`.",
            "B": "There is neither a direct nor a significant indirect relationship between the changes to `memmove` and the behavior or output of `fz_chartorune`, suggesting no observable impact.",
            "C": "The modification of `memmove` might indirectly influence `fz_chartorune` by modifying the control statement that controls the behavior of `fz_chartorune`.",
            "D": "It is not possible to determine the effect without additional context."
        },
        "answer": "B",
        "distance": 0
    },
    {
        "case_id": "primevul_3",
        "code": "walk_string(fz_context *ctx, int uni, int remove, editable_str *str)\n{\n    int rune;\n    if (str->utf8 == NULL)\n    {\n        return;\n    }\n    do\n    {\n        char *s = &str->utf8[str->pos];\n        size_t len;\n        int n = fz_chartorune(&rune, s);\n        if (rune == uni)\n        {\n            str->pos += n;\n        }\n        else if (uni == 32)\n        {\n            break;\n        }\n        else if (rune == 32)\n        {\n        }\n        else\n        {\n            str->pos = -1;\n            break;\n        }\n        if (remove)\n        {\n            len = strlen(s+n);\n            memmove(s, s+n, len+1);\n            str->edited = 1;\n        }\n    }\n    while (rune != uni);\n}",
        "question": "Given that the parameter or function `len+1` is modified before the execution of the function `fz_chartorune`, evaluate the potential impact on the outcomes of `fz_chartorune`. Consider how `len+1` could influence `fz_chartorune`, including its role as a direct parameter, its effect on controlling conditions, or its indirect impacts through other related variables or system states.",
        "choices": {
            "A": "The change to `len+1` directly alters the arguments passed to `fz_chartorune`.",
            "B": "There is neither a direct nor a significant indirect relationship between the changes to `len+1` and the behavior or output of `fz_chartorune`, suggesting no observable impact.",
            "C": "The modification of `len+1` might indirectly influence `fz_chartorune` by modifying the control statement that controls the behavior of `fz_chartorune`.",
            "D": "It is not possible to determine the effect without additional context."
        },
        "answer": "B",
        "distance": 0
    },
    {
        "case_id": "primevul_3",
        "code": "walk_string(fz_context *ctx, int uni, int remove, editable_str *str)\n{\n    int rune;\n    if (str->utf8 == NULL)\n    {\n        return;\n    }\n    do\n    {\n        char *s = &str->utf8[str->pos];\n        size_t len;\n        int n = fz_chartorune(&rune, s);\n        if (rune == uni)\n        {\n            str->pos += n;\n        }\n        else if (uni == 32)\n        {\n            break;\n        }\n        else if (rune == 32)\n        {\n        }\n        else\n        {\n            str->pos = -1;\n            break;\n        }\n        if (remove)\n        {\n            len = strlen(s+n);\n            memmove(s, s+n, len+1);\n            str->edited = 1;\n        }\n    }\n    while (rune != uni);\n}",
        "question": "Given that the parameter or function `-1` is modified before the execution of the function `fz_chartorune`, evaluate the potential impact on the outcomes of `fz_chartorune`. Consider how `-1` could influence `fz_chartorune`, including its role as a direct parameter, its effect on controlling conditions, or its indirect impacts through other related variables or system states.",
        "choices": {
            "A": "The change to `-1` directly alters the arguments passed to `fz_chartorune`.",
            "B": "There is neither a direct nor a significant indirect relationship between the changes to `-1` and the behavior or output of `fz_chartorune`, suggesting no observable impact.",
            "C": "The modification of `-1` might indirectly influence `fz_chartorune` by modifying the control statement that controls the behavior of `fz_chartorune`.",
            "D": "It is not possible to determine the effect without additional context."
        },
        "answer": "B",
        "distance": 0
    }
]