[
    {
        "case_id": "primevul_62",
        "code": "static int tc_fill_tclass(struct sk_buff *skb, struct Qdisc *q, unsigned long cl, u32 pid, u32 seq, u16 flags, int event)\n{\n    struct tcmsg *tcm;\n    struct nlmsghdr  *nlh;\n    unsigned char *b = skb_tail_pointer(skb);\n    struct gnet_dump d;\n    const struct Qdisc_class_ops *cl_ops = q->ops->cl_ops;\n\n    nlh = NLMSG_NEW(skb, pid, seq, event, sizeof(*tcm), flags);\n    tcm = NLMSG_DATA(nlh);\n    tcm->tcm_family = AF_UNSPEC;\n    tcm->tcm_ifindex = qdisc_dev(q)->ifindex;\n    tcm->tcm_parent = q->handle;\n    tcm->tcm_handle = q->handle;\n    tcm->tcm_info = 0;\n\n    NLA_PUT_STRING(skb, TCA_KIND, q->ops->id);\n\n    if (cl_ops->dump && cl_ops->dump(q, cl, skb, tcm) < 0)\n    {\n        goto nla_put_failure;\n    }\n\n    if (gnet_stats_start_copy_compat(skb, TCA_STATS2, TCA_STATS, TCA_XSTATS, qdisc_root_sleeping_lock(q), &d) < 0)\n    {\n        goto nla_put_failure;\n    }\n\n    if (cl_ops->dump_stats && cl_ops->dump_stats(q, cl, &d) < 0)\n    {\n        goto nla_put_failure;\n    }\n\n    if (gnet_stats_finish_copy(&d) < 0)\n    {\n        goto nla_put_failure;\n    }\n\n    nlh->nlmsg_len = skb_tail_pointer(skb) - b;\n    return skb->len;\n\nnlmsg_failure:\nnla_put_failure:\n    nlmsg_trim(skb, b);\n    return -1;\n}\n",
        "question": "Given that the parameter or function `skb_tail_pointer` is modified before the execution of the function `nlmsg_trim`, evaluate the potential impact on the outcomes of `nlmsg_trim`. Consider how `skb_tail_pointer` could influence `nlmsg_trim`, including its role as a direct parameter, its effect on controlling conditions, or its indirect impacts through other related variables or system states.",
        "choices": {
            "A": "The change to `skb_tail_pointer` directly alters the arguments passed to `nlmsg_trim`.",
            "B": "There is neither a direct nor a significant indirect relationship between the changes to `skb_tail_pointer` and the behavior or output of `nlmsg_trim`, suggesting no observable impact.",
            "C": "The modification of `skb_tail_pointer` might indirectly influence `nlmsg_trim` by modifying the control statement that controls the behavior of `nlmsg_trim`.",
            "D": "It is not possible to determine the effect without additional context."
        },
        "answer": "A",
        "distance": 3
    },
    {
        "case_id": "primevul_62",
        "code": "static int tc_fill_tclass(struct sk_buff *skb, struct Qdisc *q, unsigned long cl, u32 pid, u32 seq, u16 flags, int event)\n{\n    struct tcmsg *tcm;\n    struct nlmsghdr  *nlh;\n    unsigned char *b = skb_tail_pointer(skb);\n    struct gnet_dump d;\n    const struct Qdisc_class_ops *cl_ops = q->ops->cl_ops;\n\n    nlh = NLMSG_NEW(skb, pid, seq, event, sizeof(*tcm), flags);\n    tcm = NLMSG_DATA(nlh);\n    tcm->tcm_family = AF_UNSPEC;\n    tcm->tcm_ifindex = qdisc_dev(q)->ifindex;\n    tcm->tcm_parent = q->handle;\n    tcm->tcm_handle = q->handle;\n    tcm->tcm_info = 0;\n\n    NLA_PUT_STRING(skb, TCA_KIND, q->ops->id);\n\n    if (cl_ops->dump && cl_ops->dump(q, cl, skb, tcm) < 0)\n    {\n        goto nla_put_failure;\n    }\n\n    if (gnet_stats_start_copy_compat(skb, TCA_STATS2, TCA_STATS, TCA_XSTATS, qdisc_root_sleeping_lock(q), &d) < 0)\n    {\n        goto nla_put_failure;\n    }\n\n    if (cl_ops->dump_stats && cl_ops->dump_stats(q, cl, &d) < 0)\n    {\n        goto nla_put_failure;\n    }\n\n    if (gnet_stats_finish_copy(&d) < 0)\n    {\n        goto nla_put_failure;\n    }\n\n    nlh->nlmsg_len = skb_tail_pointer(skb) - b;\n    return skb->len;\n\nnlmsg_failure:\nnla_put_failure:\n    nlmsg_trim(skb, b);\n    return -1;\n}\n",
        "question": "Given that the parameter or function `q->ops->id` is modified before the execution of the function `nlmsg_trim`, evaluate the potential impact on the outcomes of `nlmsg_trim`. Consider how `q->ops->id` could influence `nlmsg_trim`, including its role as a direct parameter, its effect on controlling conditions, or its indirect impacts through other related variables or system states.",
        "choices": {
            "A": "The change to `q->ops->id` directly alters the arguments passed to `nlmsg_trim`.",
            "B": "There is neither a direct nor a significant indirect relationship between the changes to `q->ops->id` and the behavior or output of `nlmsg_trim`, suggesting no observable impact.",
            "C": "The modification of `q->ops->id` might indirectly influence `nlmsg_trim` by modifying the control statement that controls the behavior of `nlmsg_trim`.",
            "D": "It is not possible to determine the effect without additional context."
        },
        "answer": "A",
        "distance": 2
    },
    {
        "case_id": "primevul_62",
        "code": "static int tc_fill_tclass(struct sk_buff *skb, struct Qdisc *q, unsigned long cl, u32 pid, u32 seq, u16 flags, int event)\n{\n    struct tcmsg *tcm;\n    struct nlmsghdr  *nlh;\n    unsigned char *b = skb_tail_pointer(skb);\n    struct gnet_dump d;\n    const struct Qdisc_class_ops *cl_ops = q->ops->cl_ops;\n\n    nlh = NLMSG_NEW(skb, pid, seq, event, sizeof(*tcm), flags);\n    tcm = NLMSG_DATA(nlh);\n    tcm->tcm_family = AF_UNSPEC;\n    tcm->tcm_ifindex = qdisc_dev(q)->ifindex;\n    tcm->tcm_parent = q->handle;\n    tcm->tcm_handle = q->handle;\n    tcm->tcm_info = 0;\n\n    NLA_PUT_STRING(skb, TCA_KIND, q->ops->id);\n\n    if (cl_ops->dump && cl_ops->dump(q, cl, skb, tcm) < 0)\n    {\n        goto nla_put_failure;\n    }\n\n    if (gnet_stats_start_copy_compat(skb, TCA_STATS2, TCA_STATS, TCA_XSTATS, qdisc_root_sleeping_lock(q), &d) < 0)\n    {\n        goto nla_put_failure;\n    }\n\n    if (cl_ops->dump_stats && cl_ops->dump_stats(q, cl, &d) < 0)\n    {\n        goto nla_put_failure;\n    }\n\n    if (gnet_stats_finish_copy(&d) < 0)\n    {\n        goto nla_put_failure;\n    }\n\n    nlh->nlmsg_len = skb_tail_pointer(skb) - b;\n    return skb->len;\n\nnlmsg_failure:\nnla_put_failure:\n    nlmsg_trim(skb, b);\n    return -1;\n}\n",
        "question": "Given that the parameter or function `TCA_KIND` is modified before the execution of the function `nlmsg_trim`, evaluate the potential impact on the outcomes of `nlmsg_trim`. Consider how `TCA_KIND` could influence `nlmsg_trim`, including its role as a direct parameter, its effect on controlling conditions, or its indirect impacts through other related variables or system states.",
        "choices": {
            "A": "The change to `TCA_KIND` directly alters the arguments passed to `nlmsg_trim`.",
            "B": "There is neither a direct nor a significant indirect relationship between the changes to `TCA_KIND` and the behavior or output of `nlmsg_trim`, suggesting no observable impact.",
            "C": "The modification of `TCA_KIND` might indirectly influence `nlmsg_trim` by modifying the control statement that controls the behavior of `nlmsg_trim`.",
            "D": "It is not possible to determine the effect without additional context."
        },
        "answer": "A",
        "distance": 2
    },
    {
        "case_id": "primevul_62",
        "code": "static int tc_fill_tclass(struct sk_buff *skb, struct Qdisc *q, unsigned long cl, u32 pid, u32 seq, u16 flags, int event)\n{\n    struct tcmsg *tcm;\n    struct nlmsghdr  *nlh;\n    unsigned char *b = skb_tail_pointer(skb);\n    struct gnet_dump d;\n    const struct Qdisc_class_ops *cl_ops = q->ops->cl_ops;\n\n    nlh = NLMSG_NEW(skb, pid, seq, event, sizeof(*tcm), flags);\n    tcm = NLMSG_DATA(nlh);\n    tcm->tcm_family = AF_UNSPEC;\n    tcm->tcm_ifindex = qdisc_dev(q)->ifindex;\n    tcm->tcm_parent = q->handle;\n    tcm->tcm_handle = q->handle;\n    tcm->tcm_info = 0;\n\n    NLA_PUT_STRING(skb, TCA_KIND, q->ops->id);\n\n    if (cl_ops->dump && cl_ops->dump(q, cl, skb, tcm) < 0)\n    {\n        goto nla_put_failure;\n    }\n\n    if (gnet_stats_start_copy_compat(skb, TCA_STATS2, TCA_STATS, TCA_XSTATS, qdisc_root_sleeping_lock(q), &d) < 0)\n    {\n        goto nla_put_failure;\n    }\n\n    if (cl_ops->dump_stats && cl_ops->dump_stats(q, cl, &d) < 0)\n    {\n        goto nla_put_failure;\n    }\n\n    if (gnet_stats_finish_copy(&d) < 0)\n    {\n        goto nla_put_failure;\n    }\n\n    nlh->nlmsg_len = skb_tail_pointer(skb) - b;\n    return skb->len;\n\nnlmsg_failure:\nnla_put_failure:\n    nlmsg_trim(skb, b);\n    return -1;\n}\n",
        "question": "Given that the parameter or function `ifindex` is modified before the execution of the function `qdisc_dev`, evaluate the potential impact on the outcomes of `qdisc_dev`. Consider how `ifindex` could influence `qdisc_dev`, including its role as a direct parameter, its effect on controlling conditions, or its indirect impacts through other related variables or system states.",
        "choices": {
            "A": "The change to `ifindex` directly alters the arguments passed to `qdisc_dev`.",
            "B": "There is neither a direct nor a significant indirect relationship between the changes to `ifindex` and the behavior or output of `qdisc_dev`, suggesting no observable impact.",
            "C": "The modification of `ifindex` might indirectly influence `qdisc_dev` by modifying the control statement that controls the behavior of `qdisc_dev`.",
            "D": "It is not possible to determine the effect without additional context."
        },
        "answer": "A",
        "distance": 1
    },
    {
        "case_id": "primevul_62",
        "code": "static int tc_fill_tclass(struct sk_buff *skb, struct Qdisc *q, unsigned long cl, u32 pid, u32 seq, u16 flags, int event)\n{\n    struct tcmsg *tcm;\n    struct nlmsghdr  *nlh;\n    unsigned char *b = skb_tail_pointer(skb);\n    struct gnet_dump d;\n    const struct Qdisc_class_ops *cl_ops = q->ops->cl_ops;\n\n    nlh = NLMSG_NEW(skb, pid, seq, event, sizeof(*tcm), flags);\n    tcm = NLMSG_DATA(nlh);\n    tcm->tcm_family = AF_UNSPEC;\n    tcm->tcm_ifindex = qdisc_dev(q)->ifindex;\n    tcm->tcm_parent = q->handle;\n    tcm->tcm_handle = q->handle;\n    tcm->tcm_info = 0;\n\n    NLA_PUT_STRING(skb, TCA_KIND, q->ops->id);\n\n    if (cl_ops->dump && cl_ops->dump(q, cl, skb, tcm) < 0)\n    {\n        goto nla_put_failure;\n    }\n\n    if (gnet_stats_start_copy_compat(skb, TCA_STATS2, TCA_STATS, TCA_XSTATS, qdisc_root_sleeping_lock(q), &d) < 0)\n    {\n        goto nla_put_failure;\n    }\n\n    if (cl_ops->dump_stats && cl_ops->dump_stats(q, cl, &d) < 0)\n    {\n        goto nla_put_failure;\n    }\n\n    if (gnet_stats_finish_copy(&d) < 0)\n    {\n        goto nla_put_failure;\n    }\n\n    nlh->nlmsg_len = skb_tail_pointer(skb) - b;\n    return skb->len;\n\nnlmsg_failure:\nnla_put_failure:\n    nlmsg_trim(skb, b);\n    return -1;\n}\n",
        "question": "Given that the parameter or function `NLMSG_DATA` is modified before the execution of the function `qdisc_dev`, evaluate the potential impact on the outcomes of `qdisc_dev`. Consider how `NLMSG_DATA` could influence `qdisc_dev`, including its role as a direct parameter, its effect on controlling conditions, or its indirect impacts through other related variables or system states.",
        "choices": {
            "A": "The change to `NLMSG_DATA` directly alters the arguments passed to `qdisc_dev`.",
            "B": "There is neither a direct nor a significant indirect relationship between the changes to `NLMSG_DATA` and the behavior or output of `qdisc_dev`, suggesting no observable impact.",
            "C": "The modification of `NLMSG_DATA` might indirectly influence `qdisc_dev` by modifying the control statement that controls the behavior of `qdisc_dev`.",
            "D": "It is not possible to determine the effect without additional context."
        },
        "answer": "B",
        "distance": 0
    },
    {
        "case_id": "primevul_62",
        "code": "static int tc_fill_tclass(struct sk_buff *skb, struct Qdisc *q, unsigned long cl, u32 pid, u32 seq, u16 flags, int event)\n{\n    struct tcmsg *tcm;\n    struct nlmsghdr  *nlh;\n    unsigned char *b = skb_tail_pointer(skb);\n    struct gnet_dump d;\n    const struct Qdisc_class_ops *cl_ops = q->ops->cl_ops;\n\n    nlh = NLMSG_NEW(skb, pid, seq, event, sizeof(*tcm), flags);\n    tcm = NLMSG_DATA(nlh);\n    tcm->tcm_family = AF_UNSPEC;\n    tcm->tcm_ifindex = qdisc_dev(q)->ifindex;\n    tcm->tcm_parent = q->handle;\n    tcm->tcm_handle = q->handle;\n    tcm->tcm_info = 0;\n\n    NLA_PUT_STRING(skb, TCA_KIND, q->ops->id);\n\n    if (cl_ops->dump && cl_ops->dump(q, cl, skb, tcm) < 0)\n    {\n        goto nla_put_failure;\n    }\n\n    if (gnet_stats_start_copy_compat(skb, TCA_STATS2, TCA_STATS, TCA_XSTATS, qdisc_root_sleeping_lock(q), &d) < 0)\n    {\n        goto nla_put_failure;\n    }\n\n    if (cl_ops->dump_stats && cl_ops->dump_stats(q, cl, &d) < 0)\n    {\n        goto nla_put_failure;\n    }\n\n    if (gnet_stats_finish_copy(&d) < 0)\n    {\n        goto nla_put_failure;\n    }\n\n    nlh->nlmsg_len = skb_tail_pointer(skb) - b;\n    return skb->len;\n\nnlmsg_failure:\nnla_put_failure:\n    nlmsg_trim(skb, b);\n    return -1;\n}\n",
        "question": "Given that the parameter or function `NLMSG_NEW` is modified before the execution of the function `qdisc_dev`, evaluate the potential impact on the outcomes of `qdisc_dev`. Consider how `NLMSG_NEW` could influence `qdisc_dev`, including its role as a direct parameter, its effect on controlling conditions, or its indirect impacts through other related variables or system states.",
        "choices": {
            "A": "The change to `NLMSG_NEW` directly alters the arguments passed to `qdisc_dev`.",
            "B": "There is neither a direct nor a significant indirect relationship between the changes to `NLMSG_NEW` and the behavior or output of `qdisc_dev`, suggesting no observable impact.",
            "C": "The modification of `NLMSG_NEW` might indirectly influence `qdisc_dev` by modifying the control statement that controls the behavior of `qdisc_dev`.",
            "D": "It is not possible to determine the effect without additional context."
        },
        "answer": "B",
        "distance": 0
    },
    {
        "case_id": "primevul_62",
        "code": "static int tc_fill_tclass(struct sk_buff *skb, struct Qdisc *q, unsigned long cl, u32 pid, u32 seq, u16 flags, int event)\n{\n    struct tcmsg *tcm;\n    struct nlmsghdr  *nlh;\n    unsigned char *b = skb_tail_pointer(skb);\n    struct gnet_dump d;\n    const struct Qdisc_class_ops *cl_ops = q->ops->cl_ops;\n\n    nlh = NLMSG_NEW(skb, pid, seq, event, sizeof(*tcm), flags);\n    tcm = NLMSG_DATA(nlh);\n    tcm->tcm_family = AF_UNSPEC;\n    tcm->tcm_ifindex = qdisc_dev(q)->ifindex;\n    tcm->tcm_parent = q->handle;\n    tcm->tcm_handle = q->handle;\n    tcm->tcm_info = 0;\n\n    NLA_PUT_STRING(skb, TCA_KIND, q->ops->id);\n\n    if (cl_ops->dump && cl_ops->dump(q, cl, skb, tcm) < 0)\n    {\n        goto nla_put_failure;\n    }\n\n    if (gnet_stats_start_copy_compat(skb, TCA_STATS2, TCA_STATS, TCA_XSTATS, qdisc_root_sleeping_lock(q), &d) < 0)\n    {\n        goto nla_put_failure;\n    }\n\n    if (cl_ops->dump_stats && cl_ops->dump_stats(q, cl, &d) < 0)\n    {\n        goto nla_put_failure;\n    }\n\n    if (gnet_stats_finish_copy(&d) < 0)\n    {\n        goto nla_put_failure;\n    }\n\n    nlh->nlmsg_len = skb_tail_pointer(skb) - b;\n    return skb->len;\n\nnlmsg_failure:\nnla_put_failure:\n    nlmsg_trim(skb, b);\n    return -1;\n}\n",
        "question": "Given that the parameter or function `nlmsg_trim` is modified before the execution of the function `qdisc_dev`, evaluate the potential impact on the outcomes of `qdisc_dev`. Consider how `nlmsg_trim` could influence `qdisc_dev`, including its role as a direct parameter, its effect on controlling conditions, or its indirect impacts through other related variables or system states.",
        "choices": {
            "A": "The change to `nlmsg_trim` directly alters the arguments passed to `qdisc_dev`.",
            "B": "There is neither a direct nor a significant indirect relationship between the changes to `nlmsg_trim` and the behavior or output of `qdisc_dev`, suggesting no observable impact.",
            "C": "The modification of `nlmsg_trim` might indirectly influence `qdisc_dev` by modifying the control statement that controls the behavior of `qdisc_dev`.",
            "D": "It is not possible to determine the effect without additional context."
        },
        "answer": "B",
        "distance": 0
    },
    {
        "case_id": "primevul_62",
        "code": "static int tc_fill_tclass(struct sk_buff *skb, struct Qdisc *q, unsigned long cl, u32 pid, u32 seq, u16 flags, int event)\n{\n    struct tcmsg *tcm;\n    struct nlmsghdr  *nlh;\n    unsigned char *b = skb_tail_pointer(skb);\n    struct gnet_dump d;\n    const struct Qdisc_class_ops *cl_ops = q->ops->cl_ops;\n\n    nlh = NLMSG_NEW(skb, pid, seq, event, sizeof(*tcm), flags);\n    tcm = NLMSG_DATA(nlh);\n    tcm->tcm_family = AF_UNSPEC;\n    tcm->tcm_ifindex = qdisc_dev(q)->ifindex;\n    tcm->tcm_parent = q->handle;\n    tcm->tcm_handle = q->handle;\n    tcm->tcm_info = 0;\n\n    NLA_PUT_STRING(skb, TCA_KIND, q->ops->id);\n\n    if (cl_ops->dump && cl_ops->dump(q, cl, skb, tcm) < 0)\n    {\n        goto nla_put_failure;\n    }\n\n    if (gnet_stats_start_copy_compat(skb, TCA_STATS2, TCA_STATS, TCA_XSTATS, qdisc_root_sleeping_lock(q), &d) < 0)\n    {\n        goto nla_put_failure;\n    }\n\n    if (cl_ops->dump_stats && cl_ops->dump_stats(q, cl, &d) < 0)\n    {\n        goto nla_put_failure;\n    }\n\n    if (gnet_stats_finish_copy(&d) < 0)\n    {\n        goto nla_put_failure;\n    }\n\n    nlh->nlmsg_len = skb_tail_pointer(skb) - b;\n    return skb->len;\n\nnlmsg_failure:\nnla_put_failure:\n    nlmsg_trim(skb, b);\n    return -1;\n}\n",
        "question": "Given that the parameter or function `NLA_PUT_STRING` is modified before the execution of the function `qdisc_dev`, evaluate the potential impact on the outcomes of `qdisc_dev`. Consider how `NLA_PUT_STRING` could influence `qdisc_dev`, including its role as a direct parameter, its effect on controlling conditions, or its indirect impacts through other related variables or system states.",
        "choices": {
            "A": "The change to `NLA_PUT_STRING` directly alters the arguments passed to `qdisc_dev`.",
            "B": "There is neither a direct nor a significant indirect relationship between the changes to `NLA_PUT_STRING` and the behavior or output of `qdisc_dev`, suggesting no observable impact.",
            "C": "The modification of `NLA_PUT_STRING` might indirectly influence `qdisc_dev` by modifying the control statement that controls the behavior of `qdisc_dev`.",
            "D": "It is not possible to determine the effect without additional context."
        },
        "answer": "B",
        "distance": 0
    }
]