[
    {
        "case_id": "primevul_33",
        "code": "int main(int, char **argv)\n{\n  InitializeMagick(*argv);\n  int failures = 0;\n  try\n  {\n    string srcdir(\"\");\n    if (getenv(\"SRCDIR\") != 0)\n    {\n      srcdir = getenv(\"SRCDIR\");\n    }\n    list<Image> imageList;\n    readImages(&imageList, srcdir + \"test_image_anim.miff\");\n    Image appended;\n    appendImages(&appended, imageList.begin(), imageList.end());\n    if ((appended.signature() != \"3a90bb0bb8f69f6788ab99e9e25598a0d6c5cdbbb797f77ad68011e0a8b1689d\") &&\n        (appended.signature() != \"c15fcd1e739b73638dc4e36837bdb53f7087359544664caf7b1763928129f3c7\") &&\n        (appended.signature() != \"229ff72f812e5f536245dc3b4502a0bc2ab2363f67c545863a85ab91ebfbfb83\") &&\n        (appended.signature() != \"b98c42c55fc4e661cb3684154256809c03c0c6b53da2738b6ce8066e1b6ddef0\"))\n    {\n      ++failures;\n      cout << \"Line: \" << __LINE__\n           << \"  Horizontal append failed, signature = \"\n           << appended.signature() << endl;\n      appended.write(\"appendImages_horizontal_out.miff\");\n    }\n    appendImages(&appended, imageList.begin(), imageList.end(), true);\n    if ((appended.signature() != \"d73d25ccd6011936d08b6d0d89183b7a61790544c2195269aff4db2f782ffc08\") &&\n        (appended.signature() != \"0909f7ffa7c6ea410fb2ebfdbcb19d61b19c4bd271851ce3bd51662519dc2b58\") &&\n        (appended.signature() != \"11b97ba6ac1664aa1c2faed4c86195472ae9cce2ed75402d975bb4ffcf1de751\") &&\n        (appended.signature() != \"cae4815eeb3cb689e73b94d897a9957d3414d1d4f513e8b5e52579b05d164bfe\"))\n    {\n      ++failures;\n      cout << \"Line: \" << __LINE__\n           << \"  Vertical append failed, signature = \"\n           << appended.signature() << endl;\n      appended.write(\"appendImages_vertical_out.miff\");\n    }\n  }\n  catch (Exception &error_)\n  {\n    cout << \"Caught exception: \" << error_.what() << endl;\n    return 1;\n  }\n  catch (exception &error_)\n  {\n    cout << \"Caught exception: \" << error_.what() << endl;\n    return 1;\n  }\n  if (failures)\n  {\n    cout << failures << \" failures\" << endl;\n    return 1;\n  }\n  return 0;\n}\n",
        "question": "Given that the parameter or function `imageList` is modified before the execution of the function `readImages`, evaluate the potential impact on the outcomes of `readImages`. Consider how `imageList` could influence `readImages`, including its role as a direct parameter, its effect on controlling conditions, or its indirect impacts through other related variables or system states.",
        "choices": {
            "A": "The change to `imageList` directly alters the arguments passed to `readImages`.",
            "B": "There is neither a direct nor a significant indirect relationship between the changes to `imageList` and the behavior or output of `readImages`, suggesting no observable impact.",
            "C": "The modification of `imageList` might indirectly influence `readImages` by modifying the control statement that controls the behavior of `readImages`.",
            "D": "It is not possible to determine the effect without additional context."
        },
        "answer": "A",
        "distance": 1
    },
    {
        "case_id": "primevul_33",
        "code": "int main(int, char **argv)\n{\n  InitializeMagick(*argv);\n  int failures = 0;\n  try\n  {\n    string srcdir(\"\");\n    if (getenv(\"SRCDIR\") != 0)\n    {\n      srcdir = getenv(\"SRCDIR\");\n    }\n    list<Image> imageList;\n    readImages(&imageList, srcdir + \"test_image_anim.miff\");\n    Image appended;\n    appendImages(&appended, imageList.begin(), imageList.end());\n    if ((appended.signature() != \"3a90bb0bb8f69f6788ab99e9e25598a0d6c5cdbbb797f77ad68011e0a8b1689d\") &&\n        (appended.signature() != \"c15fcd1e739b73638dc4e36837bdb53f7087359544664caf7b1763928129f3c7\") &&\n        (appended.signature() != \"229ff72f812e5f536245dc3b4502a0bc2ab2363f67c545863a85ab91ebfbfb83\") &&\n        (appended.signature() != \"b98c42c55fc4e661cb3684154256809c03c0c6b53da2738b6ce8066e1b6ddef0\"))\n    {\n      ++failures;\n      cout << \"Line: \" << __LINE__\n           << \"  Horizontal append failed, signature = \"\n           << appended.signature() << endl;\n      appended.write(\"appendImages_horizontal_out.miff\");\n    }\n    appendImages(&appended, imageList.begin(), imageList.end(), true);\n    if ((appended.signature() != \"d73d25ccd6011936d08b6d0d89183b7a61790544c2195269aff4db2f782ffc08\") &&\n        (appended.signature() != \"0909f7ffa7c6ea410fb2ebfdbcb19d61b19c4bd271851ce3bd51662519dc2b58\") &&\n        (appended.signature() != \"11b97ba6ac1664aa1c2faed4c86195472ae9cce2ed75402d975bb4ffcf1de751\") &&\n        (appended.signature() != \"cae4815eeb3cb689e73b94d897a9957d3414d1d4f513e8b5e52579b05d164bfe\"))\n    {\n      ++failures;\n      cout << \"Line: \" << __LINE__\n           << \"  Vertical append failed, signature = \"\n           << appended.signature() << endl;\n      appended.write(\"appendImages_vertical_out.miff\");\n    }\n  }\n  catch (Exception &error_)\n  {\n    cout << \"Caught exception: \" << error_.what() << endl;\n    return 1;\n  }\n  catch (exception &error_)\n  {\n    cout << \"Caught exception: \" << error_.what() << endl;\n    return 1;\n  }\n  if (failures)\n  {\n    cout << failures << \" failures\" << endl;\n    return 1;\n  }\n  return 0;\n}\n",
        "question": "Given that the parameter or function `appendImages` is modified before the execution of the function `readImages`, evaluate the potential impact on the outcomes of `readImages`. Consider how `appendImages` could influence `readImages`, including its role as a direct parameter, its effect on controlling conditions, or its indirect impacts through other related variables or system states.",
        "choices": {
            "A": "The change to `appendImages` directly alters the arguments passed to `readImages`.",
            "B": "There is neither a direct nor a significant indirect relationship between the changes to `appendImages` and the behavior or output of `readImages`, suggesting no observable impact.",
            "C": "The modification of `appendImages` might indirectly influence `readImages` by modifying the control statement that controls the behavior of `readImages`.",
            "D": "It is not possible to determine the effect without additional context."
        },
        "answer": "B",
        "distance": 0
    },
    {
        "case_id": "primevul_33",
        "code": "int main(int, char **argv)\n{\n  InitializeMagick(*argv);\n  int failures = 0;\n  try\n  {\n    string srcdir(\"\");\n    if (getenv(\"SRCDIR\") != 0)\n    {\n      srcdir = getenv(\"SRCDIR\");\n    }\n    list<Image> imageList;\n    readImages(&imageList, srcdir + \"test_image_anim.miff\");\n    Image appended;\n    appendImages(&appended, imageList.begin(), imageList.end());\n    if ((appended.signature() != \"3a90bb0bb8f69f6788ab99e9e25598a0d6c5cdbbb797f77ad68011e0a8b1689d\") &&\n        (appended.signature() != \"c15fcd1e739b73638dc4e36837bdb53f7087359544664caf7b1763928129f3c7\") &&\n        (appended.signature() != \"229ff72f812e5f536245dc3b4502a0bc2ab2363f67c545863a85ab91ebfbfb83\") &&\n        (appended.signature() != \"b98c42c55fc4e661cb3684154256809c03c0c6b53da2738b6ce8066e1b6ddef0\"))\n    {\n      ++failures;\n      cout << \"Line: \" << __LINE__\n           << \"  Horizontal append failed, signature = \"\n           << appended.signature() << endl;\n      appended.write(\"appendImages_horizontal_out.miff\");\n    }\n    appendImages(&appended, imageList.begin(), imageList.end(), true);\n    if ((appended.signature() != \"d73d25ccd6011936d08b6d0d89183b7a61790544c2195269aff4db2f782ffc08\") &&\n        (appended.signature() != \"0909f7ffa7c6ea410fb2ebfdbcb19d61b19c4bd271851ce3bd51662519dc2b58\") &&\n        (appended.signature() != \"11b97ba6ac1664aa1c2faed4c86195472ae9cce2ed75402d975bb4ffcf1de751\") &&\n        (appended.signature() != \"cae4815eeb3cb689e73b94d897a9957d3414d1d4f513e8b5e52579b05d164bfe\"))\n    {\n      ++failures;\n      cout << \"Line: \" << __LINE__\n           << \"  Vertical append failed, signature = \"\n           << appended.signature() << endl;\n      appended.write(\"appendImages_vertical_out.miff\");\n    }\n  }\n  catch (Exception &error_)\n  {\n    cout << \"Caught exception: \" << error_.what() << endl;\n    return 1;\n  }\n  catch (exception &error_)\n  {\n    cout << \"Caught exception: \" << error_.what() << endl;\n    return 1;\n  }\n  if (failures)\n  {\n    cout << failures << \" failures\" << endl;\n    return 1;\n  }\n  return 0;\n}\n",
        "question": "Given that the parameter or function `getenv` is modified before the execution of the function `readImages`, evaluate the potential impact on the outcomes of `readImages`. Consider how `getenv` could influence `readImages`, including its role as a direct parameter, its effect on controlling conditions, or its indirect impacts through other related variables or system states.",
        "choices": {
            "A": "The change to `getenv` directly alters the arguments passed to `readImages`.",
            "B": "There is neither a direct nor a significant indirect relationship between the changes to `getenv` and the behavior or output of `readImages`, suggesting no observable impact.",
            "C": "The modification of `getenv` might indirectly influence `readImages` by modifying the control statement that controls the behavior of `readImages`.",
            "D": "It is not possible to determine the effect without additional context."
        },
        "answer": "B",
        "distance": 0
    },
    {
        "case_id": "primevul_33",
        "code": "int main(int, char **argv)\n{\n  InitializeMagick(*argv);\n  int failures = 0;\n  try\n  {\n    string srcdir(\"\");\n    if (getenv(\"SRCDIR\") != 0)\n    {\n      srcdir = getenv(\"SRCDIR\");\n    }\n    list<Image> imageList;\n    readImages(&imageList, srcdir + \"test_image_anim.miff\");\n    Image appended;\n    appendImages(&appended, imageList.begin(), imageList.end());\n    if ((appended.signature() != \"3a90bb0bb8f69f6788ab99e9e25598a0d6c5cdbbb797f77ad68011e0a8b1689d\") &&\n        (appended.signature() != \"c15fcd1e739b73638dc4e36837bdb53f7087359544664caf7b1763928129f3c7\") &&\n        (appended.signature() != \"229ff72f812e5f536245dc3b4502a0bc2ab2363f67c545863a85ab91ebfbfb83\") &&\n        (appended.signature() != \"b98c42c55fc4e661cb3684154256809c03c0c6b53da2738b6ce8066e1b6ddef0\"))\n    {\n      ++failures;\n      cout << \"Line: \" << __LINE__\n           << \"  Horizontal append failed, signature = \"\n           << appended.signature() << endl;\n      appended.write(\"appendImages_horizontal_out.miff\");\n    }\n    appendImages(&appended, imageList.begin(), imageList.end(), true);\n    if ((appended.signature() != \"d73d25ccd6011936d08b6d0d89183b7a61790544c2195269aff4db2f782ffc08\") &&\n        (appended.signature() != \"0909f7ffa7c6ea410fb2ebfdbcb19d61b19c4bd271851ce3bd51662519dc2b58\") &&\n        (appended.signature() != \"11b97ba6ac1664aa1c2faed4c86195472ae9cce2ed75402d975bb4ffcf1de751\") &&\n        (appended.signature() != \"cae4815eeb3cb689e73b94d897a9957d3414d1d4f513e8b5e52579b05d164bfe\"))\n    {\n      ++failures;\n      cout << \"Line: \" << __LINE__\n           << \"  Vertical append failed, signature = \"\n           << appended.signature() << endl;\n      appended.write(\"appendImages_vertical_out.miff\");\n    }\n  }\n  catch (Exception &error_)\n  {\n    cout << \"Caught exception: \" << error_.what() << endl;\n    return 1;\n  }\n  catch (exception &error_)\n  {\n    cout << \"Caught exception: \" << error_.what() << endl;\n    return 1;\n  }\n  if (failures)\n  {\n    cout << failures << \" failures\" << endl;\n    return 1;\n  }\n  return 0;\n}\n",
        "question": "Given that the parameter or function `appended` is modified before the execution of the function `readImages`, evaluate the potential impact on the outcomes of `readImages`. Consider how `appended` could influence `readImages`, including its role as a direct parameter, its effect on controlling conditions, or its indirect impacts through other related variables or system states.",
        "choices": {
            "A": "The change to `appended` directly alters the arguments passed to `readImages`.",
            "B": "There is neither a direct nor a significant indirect relationship between the changes to `appended` and the behavior or output of `readImages`, suggesting no observable impact.",
            "C": "The modification of `appended` might indirectly influence `readImages` by modifying the control statement that controls the behavior of `readImages`.",
            "D": "It is not possible to determine the effect without additional context."
        },
        "answer": "B",
        "distance": 0
    },
    {
        "case_id": "primevul_33",
        "code": "int main(int, char **argv)\n{\n  InitializeMagick(*argv);\n  int failures = 0;\n  try\n  {\n    string srcdir(\"\");\n    if (getenv(\"SRCDIR\") != 0)\n    {\n      srcdir = getenv(\"SRCDIR\");\n    }\n    list<Image> imageList;\n    readImages(&imageList, srcdir + \"test_image_anim.miff\");\n    Image appended;\n    appendImages(&appended, imageList.begin(), imageList.end());\n    if ((appended.signature() != \"3a90bb0bb8f69f6788ab99e9e25598a0d6c5cdbbb797f77ad68011e0a8b1689d\") &&\n        (appended.signature() != \"c15fcd1e739b73638dc4e36837bdb53f7087359544664caf7b1763928129f3c7\") &&\n        (appended.signature() != \"229ff72f812e5f536245dc3b4502a0bc2ab2363f67c545863a85ab91ebfbfb83\") &&\n        (appended.signature() != \"b98c42c55fc4e661cb3684154256809c03c0c6b53da2738b6ce8066e1b6ddef0\"))\n    {\n      ++failures;\n      cout << \"Line: \" << __LINE__\n           << \"  Horizontal append failed, signature = \"\n           << appended.signature() << endl;\n      appended.write(\"appendImages_horizontal_out.miff\");\n    }\n    appendImages(&appended, imageList.begin(), imageList.end(), true);\n    if ((appended.signature() != \"d73d25ccd6011936d08b6d0d89183b7a61790544c2195269aff4db2f782ffc08\") &&\n        (appended.signature() != \"0909f7ffa7c6ea410fb2ebfdbcb19d61b19c4bd271851ce3bd51662519dc2b58\") &&\n        (appended.signature() != \"11b97ba6ac1664aa1c2faed4c86195472ae9cce2ed75402d975bb4ffcf1de751\") &&\n        (appended.signature() != \"cae4815eeb3cb689e73b94d897a9957d3414d1d4f513e8b5e52579b05d164bfe\"))\n    {\n      ++failures;\n      cout << \"Line: \" << __LINE__\n           << \"  Vertical append failed, signature = \"\n           << appended.signature() << endl;\n      appended.write(\"appendImages_vertical_out.miff\");\n    }\n  }\n  catch (Exception &error_)\n  {\n    cout << \"Caught exception: \" << error_.what() << endl;\n    return 1;\n  }\n  catch (exception &error_)\n  {\n    cout << \"Caught exception: \" << error_.what() << endl;\n    return 1;\n  }\n  if (failures)\n  {\n    cout << failures << \" failures\" << endl;\n    return 1;\n  }\n  return 0;\n}\n",
        "question": "Given that the parameter or function `Exception &error_` is modified before the execution of the function `readImages`, evaluate the potential impact on the outcomes of `readImages`. Consider how `Exception &error_` could influence `readImages`, including its role as a direct parameter, its effect on controlling conditions, or its indirect impacts through other related variables or system states.",
        "choices": {
            "A": "The change to `Exception &error_` directly alters the arguments passed to `readImages`.",
            "B": "There is neither a direct nor a significant indirect relationship between the changes to `Exception &error_` and the behavior or output of `readImages`, suggesting no observable impact.",
            "C": "The modification of `Exception &error_` might indirectly influence `readImages` by modifying the control statement that controls the behavior of `readImages`.",
            "D": "It is not possible to determine the effect without additional context."
        },
        "answer": "B",
        "distance": 0
    }
]