[
    {
        "case_id": "primevul_19",
        "code": "m_authenticate(struct Client *client_p, struct Client *source_p, int parc, const char *parv[])\n{\n    struct Client *agent_p = NULL;\n    struct Client *saslserv_p = NULL;\n    if (!IsCapable(source_p, CLICAP_SASL))\n    {\n        return 0;\n    }\n    if (strlen(client_p->id) == 3)\n    {\n        exit_client(client_p, client_p, client_p, \"Mixing client and server protocol\");\n        return 0;\n    }\n    saslserv_p = find_named_client(ConfigFileEntry.sasl_service);\n    if (saslserv_p == NULL || !IsService(saslserv_p))\n    {\n        sendto_one(source_p, form_str(ERR_SASLABORTED), me.name, EmptyString(source_p->name) ? \"*\" : source_p->name);\n        return 0;\n    }\n    if (source_p->localClient->sasl_complete)\n    {\n        *source_p->localClient->sasl_agent = '\\0';\n        source_p->localClient->sasl_complete = 0;\n    }\n    if (strlen(parv[1]) > 400)\n    {\n        sendto_one(source_p, form_str(ERR_SASLTOOLONG), me.name, EmptyString(source_p->name) ? \"*\" : source_p->name);\n        return 0;\n    }\n    if (!*source_p->id)\n    {\n        strcpy(source_p->id, generate_uid());\n        add_to_id_hash(source_p->id, source_p);\n    }\n    if (*source_p->localClient->sasl_agent)\n    {\n        agent_p = find_id(source_p->localClient->sasl_agent);\n    }\n    if (agent_p == NULL)\n    {\n        sendto_one(saslserv_p, \":%s ENCAP %s SASL %s %s H %s %s\",\n                   me.id, saslserv_p->servptr->name, source_p->id, saslserv_p->id,\n                   source_p->host, source_p->sockhost);\n        if (!strcmp(parv[1], \"EXTERNAL\") && source_p->certfp != NULL)\n        {\n            sendto_one(saslserv_p, \":%s ENCAP %s SASL %s %s S %s %s\",\n                       me.id, saslserv_p->servptr->name, source_p->id, saslserv_p->id,\n                       parv[1], source_p->certfp);\n        }\n        else\n        {\n            sendto_one(saslserv_p, \":%s ENCAP %s SASL %s %s S %s\",\n                       me.id, saslserv_p->servptr->name, source_p->id, saslserv_p->id,\n                       parv[1]);\n        }\n        rb_strlcpy(source_p->localClient->sasl_agent, saslserv_p->id, IDLEN);\n    }\n    else\n    {\n        sendto_one(agent_p, \":%s ENCAP %s SASL %s %s C %s\",\n                   me.id, agent_p->servptr->name, source_p->id, agent_p->id,\n                   parv[1]);\n    }\n    source_p->localClient->sasl_out++;\n    return 0;\n}\n",
        "question": "Given that the parameter or function `generate_uid` is modified before the execution of the function `add_to_id_hash`, evaluate the potential impact on the outcomes of `add_to_id_hash`. Consider how `generate_uid` could influence `add_to_id_hash`, including its role as a direct parameter, its effect on controlling conditions, or its indirect impacts through other related variables or system states.",
        "choices": {
            "A": "The change to `generate_uid` directly alters the arguments passed to `add_to_id_hash`.",
            "B": "There is neither a direct nor a significant indirect relationship between the changes to `generate_uid` and the behavior or output of `add_to_id_hash`, suggesting no observable impact.",
            "C": "The modification of `generate_uid` might indirectly influence `add_to_id_hash` by modifying the control statement that controls the behavior of `add_to_id_hash`.",
            "D": "It is not possible to determine the effect without additional context."
        },
        "answer": "A",
        "distance": 2
    },
    {
        "case_id": "primevul_19",
        "code": "m_authenticate(struct Client *client_p, struct Client *source_p, int parc, const char *parv[])\n{\n    struct Client *agent_p = NULL;\n    struct Client *saslserv_p = NULL;\n    if (!IsCapable(source_p, CLICAP_SASL))\n    {\n        return 0;\n    }\n    if (strlen(client_p->id) == 3)\n    {\n        exit_client(client_p, client_p, client_p, \"Mixing client and server protocol\");\n        return 0;\n    }\n    saslserv_p = find_named_client(ConfigFileEntry.sasl_service);\n    if (saslserv_p == NULL || !IsService(saslserv_p))\n    {\n        sendto_one(source_p, form_str(ERR_SASLABORTED), me.name, EmptyString(source_p->name) ? \"*\" : source_p->name);\n        return 0;\n    }\n    if (source_p->localClient->sasl_complete)\n    {\n        *source_p->localClient->sasl_agent = '\\0';\n        source_p->localClient->sasl_complete = 0;\n    }\n    if (strlen(parv[1]) > 400)\n    {\n        sendto_one(source_p, form_str(ERR_SASLTOOLONG), me.name, EmptyString(source_p->name) ? \"*\" : source_p->name);\n        return 0;\n    }\n    if (!*source_p->id)\n    {\n        strcpy(source_p->id, generate_uid());\n        add_to_id_hash(source_p->id, source_p);\n    }\n    if (*source_p->localClient->sasl_agent)\n    {\n        agent_p = find_id(source_p->localClient->sasl_agent);\n    }\n    if (agent_p == NULL)\n    {\n        sendto_one(saslserv_p, \":%s ENCAP %s SASL %s %s H %s %s\",\n                   me.id, saslserv_p->servptr->name, source_p->id, saslserv_p->id,\n                   source_p->host, source_p->sockhost);\n        if (!strcmp(parv[1], \"EXTERNAL\") && source_p->certfp != NULL)\n        {\n            sendto_one(saslserv_p, \":%s ENCAP %s SASL %s %s S %s %s\",\n                       me.id, saslserv_p->servptr->name, source_p->id, saslserv_p->id,\n                       parv[1], source_p->certfp);\n        }\n        else\n        {\n            sendto_one(saslserv_p, \":%s ENCAP %s SASL %s %s S %s\",\n                       me.id, saslserv_p->servptr->name, source_p->id, saslserv_p->id,\n                       parv[1]);\n        }\n        rb_strlcpy(source_p->localClient->sasl_agent, saslserv_p->id, IDLEN);\n    }\n    else\n    {\n        sendto_one(agent_p, \":%s ENCAP %s SASL %s %s C %s\",\n                   me.id, agent_p->servptr->name, source_p->id, agent_p->id,\n                   parv[1]);\n    }\n    source_p->localClient->sasl_out++;\n    return 0;\n}\n",
        "question": "Given that the parameter or function `generate_uid` is modified before the execution of the function `strcpy`, evaluate the potential impact on the outcomes of `strcpy`. Consider how `generate_uid` could influence `strcpy`, including its role as a direct parameter, its effect on controlling conditions, or its indirect impacts through other related variables or system states.",
        "choices": {
            "A": "The change to `generate_uid` directly alters the arguments passed to `strcpy`.",
            "B": "There is neither a direct nor a significant indirect relationship between the changes to `generate_uid` and the behavior or output of `strcpy`, suggesting no observable impact.",
            "C": "The modification of `generate_uid` might indirectly influence `strcpy` by modifying the control statement that controls the behavior of `strcpy`.",
            "D": "It is not possible to determine the effect without additional context."
        },
        "answer": "A",
        "distance": 2
    },
    {
        "case_id": "primevul_19",
        "code": "m_authenticate(struct Client *client_p, struct Client *source_p, int parc, const char *parv[])\n{\n    struct Client *agent_p = NULL;\n    struct Client *saslserv_p = NULL;\n    if (!IsCapable(source_p, CLICAP_SASL))\n    {\n        return 0;\n    }\n    if (strlen(client_p->id) == 3)\n    {\n        exit_client(client_p, client_p, client_p, \"Mixing client and server protocol\");\n        return 0;\n    }\n    saslserv_p = find_named_client(ConfigFileEntry.sasl_service);\n    if (saslserv_p == NULL || !IsService(saslserv_p))\n    {\n        sendto_one(source_p, form_str(ERR_SASLABORTED), me.name, EmptyString(source_p->name) ? \"*\" : source_p->name);\n        return 0;\n    }\n    if (source_p->localClient->sasl_complete)\n    {\n        *source_p->localClient->sasl_agent = '\\0';\n        source_p->localClient->sasl_complete = 0;\n    }\n    if (strlen(parv[1]) > 400)\n    {\n        sendto_one(source_p, form_str(ERR_SASLTOOLONG), me.name, EmptyString(source_p->name) ? \"*\" : source_p->name);\n        return 0;\n    }\n    if (!*source_p->id)\n    {\n        strcpy(source_p->id, generate_uid());\n        add_to_id_hash(source_p->id, source_p);\n    }\n    if (*source_p->localClient->sasl_agent)\n    {\n        agent_p = find_id(source_p->localClient->sasl_agent);\n    }\n    if (agent_p == NULL)\n    {\n        sendto_one(saslserv_p, \":%s ENCAP %s SASL %s %s H %s %s\",\n                   me.id, saslserv_p->servptr->name, source_p->id, saslserv_p->id,\n                   source_p->host, source_p->sockhost);\n        if (!strcmp(parv[1], \"EXTERNAL\") && source_p->certfp != NULL)\n        {\n            sendto_one(saslserv_p, \":%s ENCAP %s SASL %s %s S %s %s\",\n                       me.id, saslserv_p->servptr->name, source_p->id, saslserv_p->id,\n                       parv[1], source_p->certfp);\n        }\n        else\n        {\n            sendto_one(saslserv_p, \":%s ENCAP %s SASL %s %s S %s\",\n                       me.id, saslserv_p->servptr->name, source_p->id, saslserv_p->id,\n                       parv[1]);\n        }\n        rb_strlcpy(source_p->localClient->sasl_agent, saslserv_p->id, IDLEN);\n    }\n    else\n    {\n        sendto_one(agent_p, \":%s ENCAP %s SASL %s %s C %s\",\n                   me.id, agent_p->servptr->name, source_p->id, agent_p->id,\n                   parv[1]);\n    }\n    source_p->localClient->sasl_out++;\n    return 0;\n}\n",
        "question": "Given that the parameter or function `strcpy` is modified before the execution of the function `add_to_id_hash`, evaluate the potential impact on the outcomes of `add_to_id_hash`. Consider how `strcpy` could influence `add_to_id_hash`, including its role as a direct parameter, its effect on controlling conditions, or its indirect impacts through other related variables or system states.",
        "choices": {
            "A": "The change to `strcpy` directly alters the arguments passed to `add_to_id_hash`.",
            "B": "There is neither a direct nor a significant indirect relationship between the changes to `strcpy` and the behavior or output of `add_to_id_hash`, suggesting no observable impact.",
            "C": "The modification of `strcpy` might indirectly influence `add_to_id_hash` by modifying the control statement that controls the behavior of `add_to_id_hash`.",
            "D": "It is not possible to determine the effect without additional context."
        },
        "answer": "A",
        "distance": 1
    },
    {
        "case_id": "primevul_19",
        "code": "m_authenticate(struct Client *client_p, struct Client *source_p, int parc, const char *parv[])\n{\n    struct Client *agent_p = NULL;\n    struct Client *saslserv_p = NULL;\n    if (!IsCapable(source_p, CLICAP_SASL))\n    {\n        return 0;\n    }\n    if (strlen(client_p->id) == 3)\n    {\n        exit_client(client_p, client_p, client_p, \"Mixing client and server protocol\");\n        return 0;\n    }\n    saslserv_p = find_named_client(ConfigFileEntry.sasl_service);\n    if (saslserv_p == NULL || !IsService(saslserv_p))\n    {\n        sendto_one(source_p, form_str(ERR_SASLABORTED), me.name, EmptyString(source_p->name) ? \"*\" : source_p->name);\n        return 0;\n    }\n    if (source_p->localClient->sasl_complete)\n    {\n        *source_p->localClient->sasl_agent = '\\0';\n        source_p->localClient->sasl_complete = 0;\n    }\n    if (strlen(parv[1]) > 400)\n    {\n        sendto_one(source_p, form_str(ERR_SASLTOOLONG), me.name, EmptyString(source_p->name) ? \"*\" : source_p->name);\n        return 0;\n    }\n    if (!*source_p->id)\n    {\n        strcpy(source_p->id, generate_uid());\n        add_to_id_hash(source_p->id, source_p);\n    }\n    if (*source_p->localClient->sasl_agent)\n    {\n        agent_p = find_id(source_p->localClient->sasl_agent);\n    }\n    if (agent_p == NULL)\n    {\n        sendto_one(saslserv_p, \":%s ENCAP %s SASL %s %s H %s %s\",\n                   me.id, saslserv_p->servptr->name, source_p->id, saslserv_p->id,\n                   source_p->host, source_p->sockhost);\n        if (!strcmp(parv[1], \"EXTERNAL\") && source_p->certfp != NULL)\n        {\n            sendto_one(saslserv_p, \":%s ENCAP %s SASL %s %s S %s %s\",\n                       me.id, saslserv_p->servptr->name, source_p->id, saslserv_p->id,\n                       parv[1], source_p->certfp);\n        }\n        else\n        {\n            sendto_one(saslserv_p, \":%s ENCAP %s SASL %s %s S %s\",\n                       me.id, saslserv_p->servptr->name, source_p->id, saslserv_p->id,\n                       parv[1]);\n        }\n        rb_strlcpy(source_p->localClient->sasl_agent, saslserv_p->id, IDLEN);\n    }\n    else\n    {\n        sendto_one(agent_p, \":%s ENCAP %s SASL %s %s C %s\",\n                   me.id, agent_p->servptr->name, source_p->id, agent_p->id,\n                   parv[1]);\n    }\n    source_p->localClient->sasl_out++;\n    return 0;\n}\n",
        "question": "Given that the parameter or function `source_p` is modified before the execution of the function `add_to_id_hash`, evaluate the potential impact on the outcomes of `add_to_id_hash`. Consider how `source_p` could influence `add_to_id_hash`, including its role as a direct parameter, its effect on controlling conditions, or its indirect impacts through other related variables or system states.",
        "choices": {
            "A": "The change to `source_p` directly alters the arguments passed to `add_to_id_hash`.",
            "B": "There is neither a direct nor a significant indirect relationship between the changes to `source_p` and the behavior or output of `add_to_id_hash`, suggesting no observable impact.",
            "C": "The modification of `source_p` might indirectly influence `add_to_id_hash` by modifying the control statement that controls the behavior of `add_to_id_hash`.",
            "D": "It is not possible to determine the effect without additional context."
        },
        "answer": "A",
        "distance": 1
    },
    {
        "case_id": "primevul_19",
        "code": "m_authenticate(struct Client *client_p, struct Client *source_p, int parc, const char *parv[])\n{\n    struct Client *agent_p = NULL;\n    struct Client *saslserv_p = NULL;\n    if (!IsCapable(source_p, CLICAP_SASL))\n    {\n        return 0;\n    }\n    if (strlen(client_p->id) == 3)\n    {\n        exit_client(client_p, client_p, client_p, \"Mixing client and server protocol\");\n        return 0;\n    }\n    saslserv_p = find_named_client(ConfigFileEntry.sasl_service);\n    if (saslserv_p == NULL || !IsService(saslserv_p))\n    {\n        sendto_one(source_p, form_str(ERR_SASLABORTED), me.name, EmptyString(source_p->name) ? \"*\" : source_p->name);\n        return 0;\n    }\n    if (source_p->localClient->sasl_complete)\n    {\n        *source_p->localClient->sasl_agent = '\\0';\n        source_p->localClient->sasl_complete = 0;\n    }\n    if (strlen(parv[1]) > 400)\n    {\n        sendto_one(source_p, form_str(ERR_SASLTOOLONG), me.name, EmptyString(source_p->name) ? \"*\" : source_p->name);\n        return 0;\n    }\n    if (!*source_p->id)\n    {\n        strcpy(source_p->id, generate_uid());\n        add_to_id_hash(source_p->id, source_p);\n    }\n    if (*source_p->localClient->sasl_agent)\n    {\n        agent_p = find_id(source_p->localClient->sasl_agent);\n    }\n    if (agent_p == NULL)\n    {\n        sendto_one(saslserv_p, \":%s ENCAP %s SASL %s %s H %s %s\",\n                   me.id, saslserv_p->servptr->name, source_p->id, saslserv_p->id,\n                   source_p->host, source_p->sockhost);\n        if (!strcmp(parv[1], \"EXTERNAL\") && source_p->certfp != NULL)\n        {\n            sendto_one(saslserv_p, \":%s ENCAP %s SASL %s %s S %s %s\",\n                       me.id, saslserv_p->servptr->name, source_p->id, saslserv_p->id,\n                       parv[1], source_p->certfp);\n        }\n        else\n        {\n            sendto_one(saslserv_p, \":%s ENCAP %s SASL %s %s S %s\",\n                       me.id, saslserv_p->servptr->name, source_p->id, saslserv_p->id,\n                       parv[1]);\n        }\n        rb_strlcpy(source_p->localClient->sasl_agent, saslserv_p->id, IDLEN);\n    }\n    else\n    {\n        sendto_one(agent_p, \":%s ENCAP %s SASL %s %s C %s\",\n                   me.id, agent_p->servptr->name, source_p->id, agent_p->id,\n                   parv[1]);\n    }\n    source_p->localClient->sasl_out++;\n    return 0;\n}\n",
        "question": "Given that the parameter or function `find_id` is modified before the execution of the function `add_to_id_hash`, evaluate the potential impact on the outcomes of `add_to_id_hash`. Consider how `find_id` could influence `add_to_id_hash`, including its role as a direct parameter, its effect on controlling conditions, or its indirect impacts through other related variables or system states.",
        "choices": {
            "A": "The change to `find_id` directly alters the arguments passed to `add_to_id_hash`.",
            "B": "There is neither a direct nor a significant indirect relationship between the changes to `find_id` and the behavior or output of `add_to_id_hash`, suggesting no observable impact.",
            "C": "The modification of `find_id` might indirectly influence `add_to_id_hash` by modifying the control statement that controls the behavior of `add_to_id_hash`.",
            "D": "It is not possible to determine the effect without additional context."
        },
        "answer": "B",
        "distance": 0
    },
    {
        "case_id": "primevul_19",
        "code": "m_authenticate(struct Client *client_p, struct Client *source_p, int parc, const char *parv[])\n{\n    struct Client *agent_p = NULL;\n    struct Client *saslserv_p = NULL;\n    if (!IsCapable(source_p, CLICAP_SASL))\n    {\n        return 0;\n    }\n    if (strlen(client_p->id) == 3)\n    {\n        exit_client(client_p, client_p, client_p, \"Mixing client and server protocol\");\n        return 0;\n    }\n    saslserv_p = find_named_client(ConfigFileEntry.sasl_service);\n    if (saslserv_p == NULL || !IsService(saslserv_p))\n    {\n        sendto_one(source_p, form_str(ERR_SASLABORTED), me.name, EmptyString(source_p->name) ? \"*\" : source_p->name);\n        return 0;\n    }\n    if (source_p->localClient->sasl_complete)\n    {\n        *source_p->localClient->sasl_agent = '\\0';\n        source_p->localClient->sasl_complete = 0;\n    }\n    if (strlen(parv[1]) > 400)\n    {\n        sendto_one(source_p, form_str(ERR_SASLTOOLONG), me.name, EmptyString(source_p->name) ? \"*\" : source_p->name);\n        return 0;\n    }\n    if (!*source_p->id)\n    {\n        strcpy(source_p->id, generate_uid());\n        add_to_id_hash(source_p->id, source_p);\n    }\n    if (*source_p->localClient->sasl_agent)\n    {\n        agent_p = find_id(source_p->localClient->sasl_agent);\n    }\n    if (agent_p == NULL)\n    {\n        sendto_one(saslserv_p, \":%s ENCAP %s SASL %s %s H %s %s\",\n                   me.id, saslserv_p->servptr->name, source_p->id, saslserv_p->id,\n                   source_p->host, source_p->sockhost);\n        if (!strcmp(parv[1], \"EXTERNAL\") && source_p->certfp != NULL)\n        {\n            sendto_one(saslserv_p, \":%s ENCAP %s SASL %s %s S %s %s\",\n                       me.id, saslserv_p->servptr->name, source_p->id, saslserv_p->id,\n                       parv[1], source_p->certfp);\n        }\n        else\n        {\n            sendto_one(saslserv_p, \":%s ENCAP %s SASL %s %s S %s\",\n                       me.id, saslserv_p->servptr->name, source_p->id, saslserv_p->id,\n                       parv[1]);\n        }\n        rb_strlcpy(source_p->localClient->sasl_agent, saslserv_p->id, IDLEN);\n    }\n    else\n    {\n        sendto_one(agent_p, \":%s ENCAP %s SASL %s %s C %s\",\n                   me.id, agent_p->servptr->name, source_p->id, agent_p->id,\n                   parv[1]);\n    }\n    source_p->localClient->sasl_out++;\n    return 0;\n}\n",
        "question": "Given that the parameter or function `rb_strlcpy` is modified before the execution of the function `add_to_id_hash`, evaluate the potential impact on the outcomes of `add_to_id_hash`. Consider how `rb_strlcpy` could influence `add_to_id_hash`, including its role as a direct parameter, its effect on controlling conditions, or its indirect impacts through other related variables or system states.",
        "choices": {
            "A": "The change to `rb_strlcpy` directly alters the arguments passed to `add_to_id_hash`.",
            "B": "There is neither a direct nor a significant indirect relationship between the changes to `rb_strlcpy` and the behavior or output of `add_to_id_hash`, suggesting no observable impact.",
            "C": "The modification of `rb_strlcpy` might indirectly influence `add_to_id_hash` by modifying the control statement that controls the behavior of `add_to_id_hash`.",
            "D": "It is not possible to determine the effect without additional context."
        },
        "answer": "B",
        "distance": 0
    },
    {
        "case_id": "primevul_19",
        "code": "m_authenticate(struct Client *client_p, struct Client *source_p, int parc, const char *parv[])\n{\n    struct Client *agent_p = NULL;\n    struct Client *saslserv_p = NULL;\n    if (!IsCapable(source_p, CLICAP_SASL))\n    {\n        return 0;\n    }\n    if (strlen(client_p->id) == 3)\n    {\n        exit_client(client_p, client_p, client_p, \"Mixing client and server protocol\");\n        return 0;\n    }\n    saslserv_p = find_named_client(ConfigFileEntry.sasl_service);\n    if (saslserv_p == NULL || !IsService(saslserv_p))\n    {\n        sendto_one(source_p, form_str(ERR_SASLABORTED), me.name, EmptyString(source_p->name) ? \"*\" : source_p->name);\n        return 0;\n    }\n    if (source_p->localClient->sasl_complete)\n    {\n        *source_p->localClient->sasl_agent = '\\0';\n        source_p->localClient->sasl_complete = 0;\n    }\n    if (strlen(parv[1]) > 400)\n    {\n        sendto_one(source_p, form_str(ERR_SASLTOOLONG), me.name, EmptyString(source_p->name) ? \"*\" : source_p->name);\n        return 0;\n    }\n    if (!*source_p->id)\n    {\n        strcpy(source_p->id, generate_uid());\n        add_to_id_hash(source_p->id, source_p);\n    }\n    if (*source_p->localClient->sasl_agent)\n    {\n        agent_p = find_id(source_p->localClient->sasl_agent);\n    }\n    if (agent_p == NULL)\n    {\n        sendto_one(saslserv_p, \":%s ENCAP %s SASL %s %s H %s %s\",\n                   me.id, saslserv_p->servptr->name, source_p->id, saslserv_p->id,\n                   source_p->host, source_p->sockhost);\n        if (!strcmp(parv[1], \"EXTERNAL\") && source_p->certfp != NULL)\n        {\n            sendto_one(saslserv_p, \":%s ENCAP %s SASL %s %s S %s %s\",\n                       me.id, saslserv_p->servptr->name, source_p->id, saslserv_p->id,\n                       parv[1], source_p->certfp);\n        }\n        else\n        {\n            sendto_one(saslserv_p, \":%s ENCAP %s SASL %s %s S %s\",\n                       me.id, saslserv_p->servptr->name, source_p->id, saslserv_p->id,\n                       parv[1]);\n        }\n        rb_strlcpy(source_p->localClient->sasl_agent, saslserv_p->id, IDLEN);\n    }\n    else\n    {\n        sendto_one(agent_p, \":%s ENCAP %s SASL %s %s C %s\",\n                   me.id, agent_p->servptr->name, source_p->id, agent_p->id,\n                   parv[1]);\n    }\n    source_p->localClient->sasl_out++;\n    return 0;\n}\n",
        "question": "Given that the parameter or function `exit_client` is modified before the execution of the function `add_to_id_hash`, evaluate the potential impact on the outcomes of `add_to_id_hash`. Consider how `exit_client` could influence `add_to_id_hash`, including its role as a direct parameter, its effect on controlling conditions, or its indirect impacts through other related variables or system states.",
        "choices": {
            "A": "The change to `exit_client` directly alters the arguments passed to `add_to_id_hash`.",
            "B": "There is neither a direct nor a significant indirect relationship between the changes to `exit_client` and the behavior or output of `add_to_id_hash`, suggesting no observable impact.",
            "C": "The modification of `exit_client` might indirectly influence `add_to_id_hash` by modifying the control statement that controls the behavior of `add_to_id_hash`.",
            "D": "It is not possible to determine the effect without additional context."
        },
        "answer": "B",
        "distance": 0
    },
    {
        "case_id": "primevul_19",
        "code": "m_authenticate(struct Client *client_p, struct Client *source_p, int parc, const char *parv[])\n{\n    struct Client *agent_p = NULL;\n    struct Client *saslserv_p = NULL;\n    if (!IsCapable(source_p, CLICAP_SASL))\n    {\n        return 0;\n    }\n    if (strlen(client_p->id) == 3)\n    {\n        exit_client(client_p, client_p, client_p, \"Mixing client and server protocol\");\n        return 0;\n    }\n    saslserv_p = find_named_client(ConfigFileEntry.sasl_service);\n    if (saslserv_p == NULL || !IsService(saslserv_p))\n    {\n        sendto_one(source_p, form_str(ERR_SASLABORTED), me.name, EmptyString(source_p->name) ? \"*\" : source_p->name);\n        return 0;\n    }\n    if (source_p->localClient->sasl_complete)\n    {\n        *source_p->localClient->sasl_agent = '\\0';\n        source_p->localClient->sasl_complete = 0;\n    }\n    if (strlen(parv[1]) > 400)\n    {\n        sendto_one(source_p, form_str(ERR_SASLTOOLONG), me.name, EmptyString(source_p->name) ? \"*\" : source_p->name);\n        return 0;\n    }\n    if (!*source_p->id)\n    {\n        strcpy(source_p->id, generate_uid());\n        add_to_id_hash(source_p->id, source_p);\n    }\n    if (*source_p->localClient->sasl_agent)\n    {\n        agent_p = find_id(source_p->localClient->sasl_agent);\n    }\n    if (agent_p == NULL)\n    {\n        sendto_one(saslserv_p, \":%s ENCAP %s SASL %s %s H %s %s\",\n                   me.id, saslserv_p->servptr->name, source_p->id, saslserv_p->id,\n                   source_p->host, source_p->sockhost);\n        if (!strcmp(parv[1], \"EXTERNAL\") && source_p->certfp != NULL)\n        {\n            sendto_one(saslserv_p, \":%s ENCAP %s SASL %s %s S %s %s\",\n                       me.id, saslserv_p->servptr->name, source_p->id, saslserv_p->id,\n                       parv[1], source_p->certfp);\n        }\n        else\n        {\n            sendto_one(saslserv_p, \":%s ENCAP %s SASL %s %s S %s\",\n                       me.id, saslserv_p->servptr->name, source_p->id, saslserv_p->id,\n                       parv[1]);\n        }\n        rb_strlcpy(source_p->localClient->sasl_agent, saslserv_p->id, IDLEN);\n    }\n    else\n    {\n        sendto_one(agent_p, \":%s ENCAP %s SASL %s %s C %s\",\n                   me.id, agent_p->servptr->name, source_p->id, agent_p->id,\n                   parv[1]);\n    }\n    source_p->localClient->sasl_out++;\n    return 0;\n}\n",
        "question": "Given that the parameter or function `find_named_client` is modified before the execution of the function `add_to_id_hash`, evaluate the potential impact on the outcomes of `add_to_id_hash`. Consider how `find_named_client` could influence `add_to_id_hash`, including its role as a direct parameter, its effect on controlling conditions, or its indirect impacts through other related variables or system states.",
        "choices": {
            "A": "The change to `find_named_client` directly alters the arguments passed to `add_to_id_hash`.",
            "B": "There is neither a direct nor a significant indirect relationship between the changes to `find_named_client` and the behavior or output of `add_to_id_hash`, suggesting no observable impact.",
            "C": "The modification of `find_named_client` might indirectly influence `add_to_id_hash` by modifying the control statement that controls the behavior of `add_to_id_hash`.",
            "D": "It is not possible to determine the effect without additional context."
        },
        "answer": "B",
        "distance": 0
    },
    {
        "case_id": "primevul_19",
        "code": "m_authenticate(struct Client *client_p, struct Client *source_p, int parc, const char *parv[])\n{\n    struct Client *agent_p = NULL;\n    struct Client *saslserv_p = NULL;\n    if (!IsCapable(source_p, CLICAP_SASL))\n    {\n        return 0;\n    }\n    if (strlen(client_p->id) == 3)\n    {\n        exit_client(client_p, client_p, client_p, \"Mixing client and server protocol\");\n        return 0;\n    }\n    saslserv_p = find_named_client(ConfigFileEntry.sasl_service);\n    if (saslserv_p == NULL || !IsService(saslserv_p))\n    {\n        sendto_one(source_p, form_str(ERR_SASLABORTED), me.name, EmptyString(source_p->name) ? \"*\" : source_p->name);\n        return 0;\n    }\n    if (source_p->localClient->sasl_complete)\n    {\n        *source_p->localClient->sasl_agent = '\\0';\n        source_p->localClient->sasl_complete = 0;\n    }\n    if (strlen(parv[1]) > 400)\n    {\n        sendto_one(source_p, form_str(ERR_SASLTOOLONG), me.name, EmptyString(source_p->name) ? \"*\" : source_p->name);\n        return 0;\n    }\n    if (!*source_p->id)\n    {\n        strcpy(source_p->id, generate_uid());\n        add_to_id_hash(source_p->id, source_p);\n    }\n    if (*source_p->localClient->sasl_agent)\n    {\n        agent_p = find_id(source_p->localClient->sasl_agent);\n    }\n    if (agent_p == NULL)\n    {\n        sendto_one(saslserv_p, \":%s ENCAP %s SASL %s %s H %s %s\",\n                   me.id, saslserv_p->servptr->name, source_p->id, saslserv_p->id,\n                   source_p->host, source_p->sockhost);\n        if (!strcmp(parv[1], \"EXTERNAL\") && source_p->certfp != NULL)\n        {\n            sendto_one(saslserv_p, \":%s ENCAP %s SASL %s %s S %s %s\",\n                       me.id, saslserv_p->servptr->name, source_p->id, saslserv_p->id,\n                       parv[1], source_p->certfp);\n        }\n        else\n        {\n            sendto_one(saslserv_p, \":%s ENCAP %s SASL %s %s S %s\",\n                       me.id, saslserv_p->servptr->name, source_p->id, saslserv_p->id,\n                       parv[1]);\n        }\n        rb_strlcpy(source_p->localClient->sasl_agent, saslserv_p->id, IDLEN);\n    }\n    else\n    {\n        sendto_one(agent_p, \":%s ENCAP %s SASL %s %s C %s\",\n                   me.id, agent_p->servptr->name, source_p->id, agent_p->id,\n                   parv[1]);\n    }\n    source_p->localClient->sasl_out++;\n    return 0;\n}\n",
        "question": "Given that the parameter or function `ERR_SASLABORTED` is modified before the execution of the function `find_id`, evaluate the potential impact on the outcomes of `find_id`. Consider how `ERR_SASLABORTED` could influence `find_id`, including its role as a direct parameter, its effect on controlling conditions, or its indirect impacts through other related variables or system states.",
        "choices": {
            "A": "The change to `ERR_SASLABORTED` directly alters the arguments passed to `find_id`.",
            "B": "There is neither a direct nor a significant indirect relationship between the changes to `ERR_SASLABORTED` and the behavior or output of `find_id`, suggesting no observable impact.",
            "C": "The modification of `ERR_SASLABORTED` might indirectly influence `find_id` by modifying the control statement that controls the behavior of `find_id`.",
            "D": "It is not possible to determine the effect without additional context."
        },
        "answer": "C",
        "distance": 3
    },
    {
        "case_id": "primevul_19",
        "code": "m_authenticate(struct Client *client_p, struct Client *source_p, int parc, const char *parv[])\n{\n    struct Client *agent_p = NULL;\n    struct Client *saslserv_p = NULL;\n    if (!IsCapable(source_p, CLICAP_SASL))\n    {\n        return 0;\n    }\n    if (strlen(client_p->id) == 3)\n    {\n        exit_client(client_p, client_p, client_p, \"Mixing client and server protocol\");\n        return 0;\n    }\n    saslserv_p = find_named_client(ConfigFileEntry.sasl_service);\n    if (saslserv_p == NULL || !IsService(saslserv_p))\n    {\n        sendto_one(source_p, form_str(ERR_SASLABORTED), me.name, EmptyString(source_p->name) ? \"*\" : source_p->name);\n        return 0;\n    }\n    if (source_p->localClient->sasl_complete)\n    {\n        *source_p->localClient->sasl_agent = '\\0';\n        source_p->localClient->sasl_complete = 0;\n    }\n    if (strlen(parv[1]) > 400)\n    {\n        sendto_one(source_p, form_str(ERR_SASLTOOLONG), me.name, EmptyString(source_p->name) ? \"*\" : source_p->name);\n        return 0;\n    }\n    if (!*source_p->id)\n    {\n        strcpy(source_p->id, generate_uid());\n        add_to_id_hash(source_p->id, source_p);\n    }\n    if (*source_p->localClient->sasl_agent)\n    {\n        agent_p = find_id(source_p->localClient->sasl_agent);\n    }\n    if (agent_p == NULL)\n    {\n        sendto_one(saslserv_p, \":%s ENCAP %s SASL %s %s H %s %s\",\n                   me.id, saslserv_p->servptr->name, source_p->id, saslserv_p->id,\n                   source_p->host, source_p->sockhost);\n        if (!strcmp(parv[1], \"EXTERNAL\") && source_p->certfp != NULL)\n        {\n            sendto_one(saslserv_p, \":%s ENCAP %s SASL %s %s S %s %s\",\n                       me.id, saslserv_p->servptr->name, source_p->id, saslserv_p->id,\n                       parv[1], source_p->certfp);\n        }\n        else\n        {\n            sendto_one(saslserv_p, \":%s ENCAP %s SASL %s %s S %s\",\n                       me.id, saslserv_p->servptr->name, source_p->id, saslserv_p->id,\n                       parv[1]);\n        }\n        rb_strlcpy(source_p->localClient->sasl_agent, saslserv_p->id, IDLEN);\n    }\n    else\n    {\n        sendto_one(agent_p, \":%s ENCAP %s SASL %s %s C %s\",\n                   me.id, agent_p->servptr->name, source_p->id, agent_p->id,\n                   parv[1]);\n    }\n    source_p->localClient->sasl_out++;\n    return 0;\n}\n",
        "question": "Given that the parameter or function `ERR_SASLTOOLONG` is modified before the execution of the function `find_id`, evaluate the potential impact on the outcomes of `find_id`. Consider how `ERR_SASLTOOLONG` could influence `find_id`, including its role as a direct parameter, its effect on controlling conditions, or its indirect impacts through other related variables or system states.",
        "choices": {
            "A": "The change to `ERR_SASLTOOLONG` directly alters the arguments passed to `find_id`.",
            "B": "There is neither a direct nor a significant indirect relationship between the changes to `ERR_SASLTOOLONG` and the behavior or output of `find_id`, suggesting no observable impact.",
            "C": "The modification of `ERR_SASLTOOLONG` might indirectly influence `find_id` by modifying the control statement that controls the behavior of `find_id`.",
            "D": "It is not possible to determine the effect without additional context."
        },
        "answer": "C",
        "distance": 3
    },
    {
        "case_id": "primevul_19",
        "code": "m_authenticate(struct Client *client_p, struct Client *source_p, int parc, const char *parv[])\n{\n    struct Client *agent_p = NULL;\n    struct Client *saslserv_p = NULL;\n    if (!IsCapable(source_p, CLICAP_SASL))\n    {\n        return 0;\n    }\n    if (strlen(client_p->id) == 3)\n    {\n        exit_client(client_p, client_p, client_p, \"Mixing client and server protocol\");\n        return 0;\n    }\n    saslserv_p = find_named_client(ConfigFileEntry.sasl_service);\n    if (saslserv_p == NULL || !IsService(saslserv_p))\n    {\n        sendto_one(source_p, form_str(ERR_SASLABORTED), me.name, EmptyString(source_p->name) ? \"*\" : source_p->name);\n        return 0;\n    }\n    if (source_p->localClient->sasl_complete)\n    {\n        *source_p->localClient->sasl_agent = '\\0';\n        source_p->localClient->sasl_complete = 0;\n    }\n    if (strlen(parv[1]) > 400)\n    {\n        sendto_one(source_p, form_str(ERR_SASLTOOLONG), me.name, EmptyString(source_p->name) ? \"*\" : source_p->name);\n        return 0;\n    }\n    if (!*source_p->id)\n    {\n        strcpy(source_p->id, generate_uid());\n        add_to_id_hash(source_p->id, source_p);\n    }\n    if (*source_p->localClient->sasl_agent)\n    {\n        agent_p = find_id(source_p->localClient->sasl_agent);\n    }\n    if (agent_p == NULL)\n    {\n        sendto_one(saslserv_p, \":%s ENCAP %s SASL %s %s H %s %s\",\n                   me.id, saslserv_p->servptr->name, source_p->id, saslserv_p->id,\n                   source_p->host, source_p->sockhost);\n        if (!strcmp(parv[1], \"EXTERNAL\") && source_p->certfp != NULL)\n        {\n            sendto_one(saslserv_p, \":%s ENCAP %s SASL %s %s S %s %s\",\n                       me.id, saslserv_p->servptr->name, source_p->id, saslserv_p->id,\n                       parv[1], source_p->certfp);\n        }\n        else\n        {\n            sendto_one(saslserv_p, \":%s ENCAP %s SASL %s %s S %s\",\n                       me.id, saslserv_p->servptr->name, source_p->id, saslserv_p->id,\n                       parv[1]);\n        }\n        rb_strlcpy(source_p->localClient->sasl_agent, saslserv_p->id, IDLEN);\n    }\n    else\n    {\n        sendto_one(agent_p, \":%s ENCAP %s SASL %s %s C %s\",\n                   me.id, agent_p->servptr->name, source_p->id, agent_p->id,\n                   parv[1]);\n    }\n    source_p->localClient->sasl_out++;\n    return 0;\n}\n",
        "question": "Given that the parameter or function `ERR_SASLABORTED` is modified before the execution of the function `generate_uid`, evaluate the potential impact on the outcomes of `generate_uid`. Consider how `ERR_SASLABORTED` could influence `generate_uid`, including its role as a direct parameter, its effect on controlling conditions, or its indirect impacts through other related variables or system states.",
        "choices": {
            "A": "The change to `ERR_SASLABORTED` directly alters the arguments passed to `generate_uid`.",
            "B": "There is neither a direct nor a significant indirect relationship between the changes to `ERR_SASLABORTED` and the behavior or output of `generate_uid`, suggesting no observable impact.",
            "C": "The modification of `ERR_SASLABORTED` might indirectly influence `generate_uid` by modifying the control statement that controls the behavior of `generate_uid`.",
            "D": "It is not possible to determine the effect without additional context."
        },
        "answer": "C",
        "distance": 3
    },
    {
        "case_id": "primevul_19",
        "code": "m_authenticate(struct Client *client_p, struct Client *source_p, int parc, const char *parv[])\n{\n    struct Client *agent_p = NULL;\n    struct Client *saslserv_p = NULL;\n    if (!IsCapable(source_p, CLICAP_SASL))\n    {\n        return 0;\n    }\n    if (strlen(client_p->id) == 3)\n    {\n        exit_client(client_p, client_p, client_p, \"Mixing client and server protocol\");\n        return 0;\n    }\n    saslserv_p = find_named_client(ConfigFileEntry.sasl_service);\n    if (saslserv_p == NULL || !IsService(saslserv_p))\n    {\n        sendto_one(source_p, form_str(ERR_SASLABORTED), me.name, EmptyString(source_p->name) ? \"*\" : source_p->name);\n        return 0;\n    }\n    if (source_p->localClient->sasl_complete)\n    {\n        *source_p->localClient->sasl_agent = '\\0';\n        source_p->localClient->sasl_complete = 0;\n    }\n    if (strlen(parv[1]) > 400)\n    {\n        sendto_one(source_p, form_str(ERR_SASLTOOLONG), me.name, EmptyString(source_p->name) ? \"*\" : source_p->name);\n        return 0;\n    }\n    if (!*source_p->id)\n    {\n        strcpy(source_p->id, generate_uid());\n        add_to_id_hash(source_p->id, source_p);\n    }\n    if (*source_p->localClient->sasl_agent)\n    {\n        agent_p = find_id(source_p->localClient->sasl_agent);\n    }\n    if (agent_p == NULL)\n    {\n        sendto_one(saslserv_p, \":%s ENCAP %s SASL %s %s H %s %s\",\n                   me.id, saslserv_p->servptr->name, source_p->id, saslserv_p->id,\n                   source_p->host, source_p->sockhost);\n        if (!strcmp(parv[1], \"EXTERNAL\") && source_p->certfp != NULL)\n        {\n            sendto_one(saslserv_p, \":%s ENCAP %s SASL %s %s S %s %s\",\n                       me.id, saslserv_p->servptr->name, source_p->id, saslserv_p->id,\n                       parv[1], source_p->certfp);\n        }\n        else\n        {\n            sendto_one(saslserv_p, \":%s ENCAP %s SASL %s %s S %s\",\n                       me.id, saslserv_p->servptr->name, source_p->id, saslserv_p->id,\n                       parv[1]);\n        }\n        rb_strlcpy(source_p->localClient->sasl_agent, saslserv_p->id, IDLEN);\n    }\n    else\n    {\n        sendto_one(agent_p, \":%s ENCAP %s SASL %s %s C %s\",\n                   me.id, agent_p->servptr->name, source_p->id, agent_p->id,\n                   parv[1]);\n    }\n    source_p->localClient->sasl_out++;\n    return 0;\n}\n",
        "question": "Given that the parameter or function `ERR_SASLTOOLONG` is modified before the execution of the function `generate_uid`, evaluate the potential impact on the outcomes of `generate_uid`. Consider how `ERR_SASLTOOLONG` could influence `generate_uid`, including its role as a direct parameter, its effect on controlling conditions, or its indirect impacts through other related variables or system states.",
        "choices": {
            "A": "The change to `ERR_SASLTOOLONG` directly alters the arguments passed to `generate_uid`.",
            "B": "There is neither a direct nor a significant indirect relationship between the changes to `ERR_SASLTOOLONG` and the behavior or output of `generate_uid`, suggesting no observable impact.",
            "C": "The modification of `ERR_SASLTOOLONG` might indirectly influence `generate_uid` by modifying the control statement that controls the behavior of `generate_uid`.",
            "D": "It is not possible to determine the effect without additional context."
        },
        "answer": "C",
        "distance": 3
    },
    {
        "case_id": "primevul_19",
        "code": "m_authenticate(struct Client *client_p, struct Client *source_p, int parc, const char *parv[])\n{\n    struct Client *agent_p = NULL;\n    struct Client *saslserv_p = NULL;\n    if (!IsCapable(source_p, CLICAP_SASL))\n    {\n        return 0;\n    }\n    if (strlen(client_p->id) == 3)\n    {\n        exit_client(client_p, client_p, client_p, \"Mixing client and server protocol\");\n        return 0;\n    }\n    saslserv_p = find_named_client(ConfigFileEntry.sasl_service);\n    if (saslserv_p == NULL || !IsService(saslserv_p))\n    {\n        sendto_one(source_p, form_str(ERR_SASLABORTED), me.name, EmptyString(source_p->name) ? \"*\" : source_p->name);\n        return 0;\n    }\n    if (source_p->localClient->sasl_complete)\n    {\n        *source_p->localClient->sasl_agent = '\\0';\n        source_p->localClient->sasl_complete = 0;\n    }\n    if (strlen(parv[1]) > 400)\n    {\n        sendto_one(source_p, form_str(ERR_SASLTOOLONG), me.name, EmptyString(source_p->name) ? \"*\" : source_p->name);\n        return 0;\n    }\n    if (!*source_p->id)\n    {\n        strcpy(source_p->id, generate_uid());\n        add_to_id_hash(source_p->id, source_p);\n    }\n    if (*source_p->localClient->sasl_agent)\n    {\n        agent_p = find_id(source_p->localClient->sasl_agent);\n    }\n    if (agent_p == NULL)\n    {\n        sendto_one(saslserv_p, \":%s ENCAP %s SASL %s %s H %s %s\",\n                   me.id, saslserv_p->servptr->name, source_p->id, saslserv_p->id,\n                   source_p->host, source_p->sockhost);\n        if (!strcmp(parv[1], \"EXTERNAL\") && source_p->certfp != NULL)\n        {\n            sendto_one(saslserv_p, \":%s ENCAP %s SASL %s %s S %s %s\",\n                       me.id, saslserv_p->servptr->name, source_p->id, saslserv_p->id,\n                       parv[1], source_p->certfp);\n        }\n        else\n        {\n            sendto_one(saslserv_p, \":%s ENCAP %s SASL %s %s S %s\",\n                       me.id, saslserv_p->servptr->name, source_p->id, saslserv_p->id,\n                       parv[1]);\n        }\n        rb_strlcpy(source_p->localClient->sasl_agent, saslserv_p->id, IDLEN);\n    }\n    else\n    {\n        sendto_one(agent_p, \":%s ENCAP %s SASL %s %s C %s\",\n                   me.id, agent_p->servptr->name, source_p->id, agent_p->id,\n                   parv[1]);\n    }\n    source_p->localClient->sasl_out++;\n    return 0;\n}\n",
        "question": "Given that the parameter or function `ERR_SASLABORTED` is modified before the execution of the function `add_to_id_hash`, evaluate the potential impact on the outcomes of `add_to_id_hash`. Consider how `ERR_SASLABORTED` could influence `add_to_id_hash`, including its role as a direct parameter, its effect on controlling conditions, or its indirect impacts through other related variables or system states.",
        "choices": {
            "A": "The change to `ERR_SASLABORTED` directly alters the arguments passed to `add_to_id_hash`.",
            "B": "There is neither a direct nor a significant indirect relationship between the changes to `ERR_SASLABORTED` and the behavior or output of `add_to_id_hash`, suggesting no observable impact.",
            "C": "The modification of `ERR_SASLABORTED` might indirectly influence `add_to_id_hash` by modifying the control statement that controls the behavior of `add_to_id_hash`.",
            "D": "It is not possible to determine the effect without additional context."
        },
        "answer": "A, C",
        "distance": 5
    },
    {
        "case_id": "primevul_19",
        "code": "m_authenticate(struct Client *client_p, struct Client *source_p, int parc, const char *parv[])\n{\n    struct Client *agent_p = NULL;\n    struct Client *saslserv_p = NULL;\n    if (!IsCapable(source_p, CLICAP_SASL))\n    {\n        return 0;\n    }\n    if (strlen(client_p->id) == 3)\n    {\n        exit_client(client_p, client_p, client_p, \"Mixing client and server protocol\");\n        return 0;\n    }\n    saslserv_p = find_named_client(ConfigFileEntry.sasl_service);\n    if (saslserv_p == NULL || !IsService(saslserv_p))\n    {\n        sendto_one(source_p, form_str(ERR_SASLABORTED), me.name, EmptyString(source_p->name) ? \"*\" : source_p->name);\n        return 0;\n    }\n    if (source_p->localClient->sasl_complete)\n    {\n        *source_p->localClient->sasl_agent = '\\0';\n        source_p->localClient->sasl_complete = 0;\n    }\n    if (strlen(parv[1]) > 400)\n    {\n        sendto_one(source_p, form_str(ERR_SASLTOOLONG), me.name, EmptyString(source_p->name) ? \"*\" : source_p->name);\n        return 0;\n    }\n    if (!*source_p->id)\n    {\n        strcpy(source_p->id, generate_uid());\n        add_to_id_hash(source_p->id, source_p);\n    }\n    if (*source_p->localClient->sasl_agent)\n    {\n        agent_p = find_id(source_p->localClient->sasl_agent);\n    }\n    if (agent_p == NULL)\n    {\n        sendto_one(saslserv_p, \":%s ENCAP %s SASL %s %s H %s %s\",\n                   me.id, saslserv_p->servptr->name, source_p->id, saslserv_p->id,\n                   source_p->host, source_p->sockhost);\n        if (!strcmp(parv[1], \"EXTERNAL\") && source_p->certfp != NULL)\n        {\n            sendto_one(saslserv_p, \":%s ENCAP %s SASL %s %s S %s %s\",\n                       me.id, saslserv_p->servptr->name, source_p->id, saslserv_p->id,\n                       parv[1], source_p->certfp);\n        }\n        else\n        {\n            sendto_one(saslserv_p, \":%s ENCAP %s SASL %s %s S %s\",\n                       me.id, saslserv_p->servptr->name, source_p->id, saslserv_p->id,\n                       parv[1]);\n        }\n        rb_strlcpy(source_p->localClient->sasl_agent, saslserv_p->id, IDLEN);\n    }\n    else\n    {\n        sendto_one(agent_p, \":%s ENCAP %s SASL %s %s C %s\",\n                   me.id, agent_p->servptr->name, source_p->id, agent_p->id,\n                   parv[1]);\n    }\n    source_p->localClient->sasl_out++;\n    return 0;\n}\n",
        "question": "Given that the parameter or function `ERR_SASLTOOLONG` is modified before the execution of the function `add_to_id_hash`, evaluate the potential impact on the outcomes of `add_to_id_hash`. Consider how `ERR_SASLTOOLONG` could influence `add_to_id_hash`, including its role as a direct parameter, its effect on controlling conditions, or its indirect impacts through other related variables or system states.",
        "choices": {
            "A": "The change to `ERR_SASLTOOLONG` directly alters the arguments passed to `add_to_id_hash`.",
            "B": "There is neither a direct nor a significant indirect relationship between the changes to `ERR_SASLTOOLONG` and the behavior or output of `add_to_id_hash`, suggesting no observable impact.",
            "C": "The modification of `ERR_SASLTOOLONG` might indirectly influence `add_to_id_hash` by modifying the control statement that controls the behavior of `add_to_id_hash`.",
            "D": "It is not possible to determine the effect without additional context."
        },
        "answer": "A, C",
        "distance": 5
    },
    {
        "case_id": "primevul_19",
        "code": "m_authenticate(struct Client *client_p, struct Client *source_p, int parc, const char *parv[])\n{\n    struct Client *agent_p = NULL;\n    struct Client *saslserv_p = NULL;\n    if (!IsCapable(source_p, CLICAP_SASL))\n    {\n        return 0;\n    }\n    if (strlen(client_p->id) == 3)\n    {\n        exit_client(client_p, client_p, client_p, \"Mixing client and server protocol\");\n        return 0;\n    }\n    saslserv_p = find_named_client(ConfigFileEntry.sasl_service);\n    if (saslserv_p == NULL || !IsService(saslserv_p))\n    {\n        sendto_one(source_p, form_str(ERR_SASLABORTED), me.name, EmptyString(source_p->name) ? \"*\" : source_p->name);\n        return 0;\n    }\n    if (source_p->localClient->sasl_complete)\n    {\n        *source_p->localClient->sasl_agent = '\\0';\n        source_p->localClient->sasl_complete = 0;\n    }\n    if (strlen(parv[1]) > 400)\n    {\n        sendto_one(source_p, form_str(ERR_SASLTOOLONG), me.name, EmptyString(source_p->name) ? \"*\" : source_p->name);\n        return 0;\n    }\n    if (!*source_p->id)\n    {\n        strcpy(source_p->id, generate_uid());\n        add_to_id_hash(source_p->id, source_p);\n    }\n    if (*source_p->localClient->sasl_agent)\n    {\n        agent_p = find_id(source_p->localClient->sasl_agent);\n    }\n    if (agent_p == NULL)\n    {\n        sendto_one(saslserv_p, \":%s ENCAP %s SASL %s %s H %s %s\",\n                   me.id, saslserv_p->servptr->name, source_p->id, saslserv_p->id,\n                   source_p->host, source_p->sockhost);\n        if (!strcmp(parv[1], \"EXTERNAL\") && source_p->certfp != NULL)\n        {\n            sendto_one(saslserv_p, \":%s ENCAP %s SASL %s %s S %s %s\",\n                       me.id, saslserv_p->servptr->name, source_p->id, saslserv_p->id,\n                       parv[1], source_p->certfp);\n        }\n        else\n        {\n            sendto_one(saslserv_p, \":%s ENCAP %s SASL %s %s S %s\",\n                       me.id, saslserv_p->servptr->name, source_p->id, saslserv_p->id,\n                       parv[1]);\n        }\n        rb_strlcpy(source_p->localClient->sasl_agent, saslserv_p->id, IDLEN);\n    }\n    else\n    {\n        sendto_one(agent_p, \":%s ENCAP %s SASL %s %s C %s\",\n                   me.id, agent_p->servptr->name, source_p->id, agent_p->id,\n                   parv[1]);\n    }\n    source_p->localClient->sasl_out++;\n    return 0;\n}\n",
        "question": "Given that the parameter or function `me.name` is modified before the execution of the function `add_to_id_hash`, evaluate the potential impact on the outcomes of `add_to_id_hash`. Consider how `me.name` could influence `add_to_id_hash`, including its role as a direct parameter, its effect on controlling conditions, or its indirect impacts through other related variables or system states.",
        "choices": {
            "A": "The change to `me.name` directly alters the arguments passed to `add_to_id_hash`.",
            "B": "There is neither a direct nor a significant indirect relationship between the changes to `me.name` and the behavior or output of `add_to_id_hash`, suggesting no observable impact.",
            "C": "The modification of `me.name` might indirectly influence `add_to_id_hash` by modifying the control statement that controls the behavior of `add_to_id_hash`.",
            "D": "It is not possible to determine the effect without additional context."
        },
        "answer": "A, C",
        "distance": 4
    },
    {
        "case_id": "primevul_19",
        "code": "m_authenticate(struct Client *client_p, struct Client *source_p, int parc, const char *parv[])\n{\n    struct Client *agent_p = NULL;\n    struct Client *saslserv_p = NULL;\n    if (!IsCapable(source_p, CLICAP_SASL))\n    {\n        return 0;\n    }\n    if (strlen(client_p->id) == 3)\n    {\n        exit_client(client_p, client_p, client_p, \"Mixing client and server protocol\");\n        return 0;\n    }\n    saslserv_p = find_named_client(ConfigFileEntry.sasl_service);\n    if (saslserv_p == NULL || !IsService(saslserv_p))\n    {\n        sendto_one(source_p, form_str(ERR_SASLABORTED), me.name, EmptyString(source_p->name) ? \"*\" : source_p->name);\n        return 0;\n    }\n    if (source_p->localClient->sasl_complete)\n    {\n        *source_p->localClient->sasl_agent = '\\0';\n        source_p->localClient->sasl_complete = 0;\n    }\n    if (strlen(parv[1]) > 400)\n    {\n        sendto_one(source_p, form_str(ERR_SASLTOOLONG), me.name, EmptyString(source_p->name) ? \"*\" : source_p->name);\n        return 0;\n    }\n    if (!*source_p->id)\n    {\n        strcpy(source_p->id, generate_uid());\n        add_to_id_hash(source_p->id, source_p);\n    }\n    if (*source_p->localClient->sasl_agent)\n    {\n        agent_p = find_id(source_p->localClient->sasl_agent);\n    }\n    if (agent_p == NULL)\n    {\n        sendto_one(saslserv_p, \":%s ENCAP %s SASL %s %s H %s %s\",\n                   me.id, saslserv_p->servptr->name, source_p->id, saslserv_p->id,\n                   source_p->host, source_p->sockhost);\n        if (!strcmp(parv[1], \"EXTERNAL\") && source_p->certfp != NULL)\n        {\n            sendto_one(saslserv_p, \":%s ENCAP %s SASL %s %s S %s %s\",\n                       me.id, saslserv_p->servptr->name, source_p->id, saslserv_p->id,\n                       parv[1], source_p->certfp);\n        }\n        else\n        {\n            sendto_one(saslserv_p, \":%s ENCAP %s SASL %s %s S %s\",\n                       me.id, saslserv_p->servptr->name, source_p->id, saslserv_p->id,\n                       parv[1]);\n        }\n        rb_strlcpy(source_p->localClient->sasl_agent, saslserv_p->id, IDLEN);\n    }\n    else\n    {\n        sendto_one(agent_p, \":%s ENCAP %s SASL %s %s C %s\",\n                   me.id, agent_p->servptr->name, source_p->id, agent_p->id,\n                   parv[1]);\n    }\n    source_p->localClient->sasl_out++;\n    return 0;\n}\n",
        "question": "Given that the parameter or function `form_str` is modified before the execution of the function `add_to_id_hash`, evaluate the potential impact on the outcomes of `add_to_id_hash`. Consider how `form_str` could influence `add_to_id_hash`, including its role as a direct parameter, its effect on controlling conditions, or its indirect impacts through other related variables or system states.",
        "choices": {
            "A": "The change to `form_str` directly alters the arguments passed to `add_to_id_hash`.",
            "B": "There is neither a direct nor a significant indirect relationship between the changes to `form_str` and the behavior or output of `add_to_id_hash`, suggesting no observable impact.",
            "C": "The modification of `form_str` might indirectly influence `add_to_id_hash` by modifying the control statement that controls the behavior of `add_to_id_hash`.",
            "D": "It is not possible to determine the effect without additional context."
        },
        "answer": "A, C",
        "distance": 4
    }
]