[
    {
        "case_id": "primevul_21",
        "code": "static int spawn_https_helper_openssl(const char *host, unsigned port)\n{\n    char *allocated = NULL;\n    char *servername;\n    int sp[2];\n    int pid;\n    IF_FEATURE_WGET_HTTPS(volatile int child_failed = 0;)\n    if (socketpair(AF_UNIX, SOCK_STREAM, 0, sp) != 0)\n    {\n        bb_simple_perror_msg_and_die(\"socketpair\");\n    }\n    if (!strchr(host, ':'))\n    {\n        host = allocated = xasprintf(\"%s:%u\", host, port);\n    }\n    servername = xstrdup(host);\n    strrchr(servername, ':')[0] = '\\0';\n    fflush_all();\n    pid = xvfork();\n    if (pid == 0)\n    {\n        char *argv[8];\n        close(sp[0]);\n        xmove_fd(sp[1], 0);\n        xdup2(0, 1);\n        xmove_fd(2, 3);\n        xopen(\"/dev/null\", O_RDWR);\n        memset(&argv, 0, sizeof(argv));\n        argv[0] = (char*)\"openssl\";\n        argv[1] = (char*)\"s_client\";\n        argv[2] = (char*)\"-quiet\";\n        argv[3] = (char*)\"-connect\";\n        argv[4] = (char*)host;\n        if (!is_ip_address(servername))\n        {\n            argv[5] = (char*)\"-servername\";\n            argv[6] = (char*)servername;\n        }\n        BB_EXECVP(argv[0], argv);\n        xmove_fd(3, 2);\n# if ENABLE_FEATURE_WGET_HTTPS\n        child_failed = 1;\n        xfunc_die();\n# else\n        bb_perror_msg_and_die(\"can't execute '%s'\", argv[0]);\n# endif\n    }\n    free(servername);\n    free(allocated);\n    close(sp[1]);\n# if ENABLE_FEATURE_WGET_HTTPS\n    if (child_failed)\n    {\n        close(sp[0]);\n        return -1;\n    }\n# endif\n    return sp[0];\n}\n",
        "question": "Given that the parameter or function `memset` is modified before the execution of the function `BB_EXECVP`, evaluate the potential impact on the outcomes of `BB_EXECVP`. Consider how `memset` could influence `BB_EXECVP`, including its role as a direct parameter, its effect on controlling conditions, or its indirect impacts through other related variables or system states.",
        "choices": {
            "A": "The change to `memset` directly alters the arguments passed to `BB_EXECVP`.",
            "B": "There is neither a direct nor a significant indirect relationship between the changes to `memset` and the behavior or output of `BB_EXECVP`, suggesting no observable impact.",
            "C": "The modification of `memset` might indirectly influence `BB_EXECVP` by modifying the control statement that controls the behavior of `BB_EXECVP`.",
            "D": "It is not possible to determine the effect without additional context."
        },
        "answer": "A",
        "distance": 3
    },
    {
        "case_id": "primevul_21",
        "code": "static int spawn_https_helper_openssl(const char *host, unsigned port)\n{\n    char *allocated = NULL;\n    char *servername;\n    int sp[2];\n    int pid;\n    IF_FEATURE_WGET_HTTPS(volatile int child_failed = 0;)\n    if (socketpair(AF_UNIX, SOCK_STREAM, 0, sp) != 0)\n    {\n        bb_simple_perror_msg_and_die(\"socketpair\");\n    }\n    if (!strchr(host, ':'))\n    {\n        host = allocated = xasprintf(\"%s:%u\", host, port);\n    }\n    servername = xstrdup(host);\n    strrchr(servername, ':')[0] = '\\0';\n    fflush_all();\n    pid = xvfork();\n    if (pid == 0)\n    {\n        char *argv[8];\n        close(sp[0]);\n        xmove_fd(sp[1], 0);\n        xdup2(0, 1);\n        xmove_fd(2, 3);\n        xopen(\"/dev/null\", O_RDWR);\n        memset(&argv, 0, sizeof(argv));\n        argv[0] = (char*)\"openssl\";\n        argv[1] = (char*)\"s_client\";\n        argv[2] = (char*)\"-quiet\";\n        argv[3] = (char*)\"-connect\";\n        argv[4] = (char*)host;\n        if (!is_ip_address(servername))\n        {\n            argv[5] = (char*)\"-servername\";\n            argv[6] = (char*)servername;\n        }\n        BB_EXECVP(argv[0], argv);\n        xmove_fd(3, 2);\n# if ENABLE_FEATURE_WGET_HTTPS\n        child_failed = 1;\n        xfunc_die();\n# else\n        bb_perror_msg_and_die(\"can't execute '%s'\", argv[0]);\n# endif\n    }\n    free(servername);\n    free(allocated);\n    close(sp[1]);\n# if ENABLE_FEATURE_WGET_HTTPS\n    if (child_failed)\n    {\n        close(sp[0]);\n        return -1;\n    }\n# endif\n    return sp[0];\n}\n",
        "question": "Given that the parameter or function `memset` is modified before the execution of the function `bb_perror_msg_and_die`, evaluate the potential impact on the outcomes of `bb_perror_msg_and_die`. Consider how `memset` could influence `bb_perror_msg_and_die`, including its role as a direct parameter, its effect on controlling conditions, or its indirect impacts through other related variables or system states.",
        "choices": {
            "A": "The change to `memset` directly alters the arguments passed to `bb_perror_msg_and_die`.",
            "B": "There is neither a direct nor a significant indirect relationship between the changes to `memset` and the behavior or output of `bb_perror_msg_and_die`, suggesting no observable impact.",
            "C": "The modification of `memset` might indirectly influence `bb_perror_msg_and_die` by modifying the control statement that controls the behavior of `bb_perror_msg_and_die`.",
            "D": "It is not possible to determine the effect without additional context."
        },
        "answer": "A",
        "distance": 3
    },
    {
        "case_id": "primevul_21",
        "code": "static int spawn_https_helper_openssl(const char *host, unsigned port)\n{\n    char *allocated = NULL;\n    char *servername;\n    int sp[2];\n    int pid;\n    IF_FEATURE_WGET_HTTPS(volatile int child_failed = 0;)\n    if (socketpair(AF_UNIX, SOCK_STREAM, 0, sp) != 0)\n    {\n        bb_simple_perror_msg_and_die(\"socketpair\");\n    }\n    if (!strchr(host, ':'))\n    {\n        host = allocated = xasprintf(\"%s:%u\", host, port);\n    }\n    servername = xstrdup(host);\n    strrchr(servername, ':')[0] = '\\0';\n    fflush_all();\n    pid = xvfork();\n    if (pid == 0)\n    {\n        char *argv[8];\n        close(sp[0]);\n        xmove_fd(sp[1], 0);\n        xdup2(0, 1);\n        xmove_fd(2, 3);\n        xopen(\"/dev/null\", O_RDWR);\n        memset(&argv, 0, sizeof(argv));\n        argv[0] = (char*)\"openssl\";\n        argv[1] = (char*)\"s_client\";\n        argv[2] = (char*)\"-quiet\";\n        argv[3] = (char*)\"-connect\";\n        argv[4] = (char*)host;\n        if (!is_ip_address(servername))\n        {\n            argv[5] = (char*)\"-servername\";\n            argv[6] = (char*)servername;\n        }\n        BB_EXECVP(argv[0], argv);\n        xmove_fd(3, 2);\n# if ENABLE_FEATURE_WGET_HTTPS\n        child_failed = 1;\n        xfunc_die();\n# else\n        bb_perror_msg_and_die(\"can't execute '%s'\", argv[0]);\n# endif\n    }\n    free(servername);\n    free(allocated);\n    close(sp[1]);\n# if ENABLE_FEATURE_WGET_HTTPS\n    if (child_failed)\n    {\n        close(sp[0]);\n        return -1;\n    }\n# endif\n    return sp[0];\n}\n",
        "question": "Given that the parameter or function `argv` is modified before the execution of the function `bb_perror_msg_and_die`, evaluate the potential impact on the outcomes of `bb_perror_msg_and_die`. Consider how `argv` could influence `bb_perror_msg_and_die`, including its role as a direct parameter, its effect on controlling conditions, or its indirect impacts through other related variables or system states.",
        "choices": {
            "A": "The change to `argv` directly alters the arguments passed to `bb_perror_msg_and_die`.",
            "B": "There is neither a direct nor a significant indirect relationship between the changes to `argv` and the behavior or output of `bb_perror_msg_and_die`, suggesting no observable impact.",
            "C": "The modification of `argv` might indirectly influence `bb_perror_msg_and_die` by modifying the control statement that controls the behavior of `bb_perror_msg_and_die`.",
            "D": "It is not possible to determine the effect without additional context."
        },
        "answer": "A",
        "distance": 2
    },
    {
        "case_id": "primevul_21",
        "code": "static int spawn_https_helper_openssl(const char *host, unsigned port)\n{\n    char *allocated = NULL;\n    char *servername;\n    int sp[2];\n    int pid;\n    IF_FEATURE_WGET_HTTPS(volatile int child_failed = 0;)\n    if (socketpair(AF_UNIX, SOCK_STREAM, 0, sp) != 0)\n    {\n        bb_simple_perror_msg_and_die(\"socketpair\");\n    }\n    if (!strchr(host, ':'))\n    {\n        host = allocated = xasprintf(\"%s:%u\", host, port);\n    }\n    servername = xstrdup(host);\n    strrchr(servername, ':')[0] = '\\0';\n    fflush_all();\n    pid = xvfork();\n    if (pid == 0)\n    {\n        char *argv[8];\n        close(sp[0]);\n        xmove_fd(sp[1], 0);\n        xdup2(0, 1);\n        xmove_fd(2, 3);\n        xopen(\"/dev/null\", O_RDWR);\n        memset(&argv, 0, sizeof(argv));\n        argv[0] = (char*)\"openssl\";\n        argv[1] = (char*)\"s_client\";\n        argv[2] = (char*)\"-quiet\";\n        argv[3] = (char*)\"-connect\";\n        argv[4] = (char*)host;\n        if (!is_ip_address(servername))\n        {\n            argv[5] = (char*)\"-servername\";\n            argv[6] = (char*)servername;\n        }\n        BB_EXECVP(argv[0], argv);\n        xmove_fd(3, 2);\n# if ENABLE_FEATURE_WGET_HTTPS\n        child_failed = 1;\n        xfunc_die();\n# else\n        bb_perror_msg_and_die(\"can't execute '%s'\", argv[0]);\n# endif\n    }\n    free(servername);\n    free(allocated);\n    close(sp[1]);\n# if ENABLE_FEATURE_WGET_HTTPS\n    if (child_failed)\n    {\n        close(sp[0]);\n        return -1;\n    }\n# endif\n    return sp[0];\n}\n",
        "question": "Given that the parameter or function `argv[0]` is modified before the execution of the function `BB_EXECVP`, evaluate the potential impact on the outcomes of `BB_EXECVP`. Consider how `argv[0]` could influence `BB_EXECVP`, including its role as a direct parameter, its effect on controlling conditions, or its indirect impacts through other related variables or system states.",
        "choices": {
            "A": "The change to `argv[0]` directly alters the arguments passed to `BB_EXECVP`.",
            "B": "There is neither a direct nor a significant indirect relationship between the changes to `argv[0]` and the behavior or output of `BB_EXECVP`, suggesting no observable impact.",
            "C": "The modification of `argv[0]` might indirectly influence `BB_EXECVP` by modifying the control statement that controls the behavior of `BB_EXECVP`.",
            "D": "It is not possible to determine the effect without additional context."
        },
        "answer": "A",
        "distance": 1
    },
    {
        "case_id": "primevul_21",
        "code": "static int spawn_https_helper_openssl(const char *host, unsigned port)\n{\n    char *allocated = NULL;\n    char *servername;\n    int sp[2];\n    int pid;\n    IF_FEATURE_WGET_HTTPS(volatile int child_failed = 0;)\n    if (socketpair(AF_UNIX, SOCK_STREAM, 0, sp) != 0)\n    {\n        bb_simple_perror_msg_and_die(\"socketpair\");\n    }\n    if (!strchr(host, ':'))\n    {\n        host = allocated = xasprintf(\"%s:%u\", host, port);\n    }\n    servername = xstrdup(host);\n    strrchr(servername, ':')[0] = '\\0';\n    fflush_all();\n    pid = xvfork();\n    if (pid == 0)\n    {\n        char *argv[8];\n        close(sp[0]);\n        xmove_fd(sp[1], 0);\n        xdup2(0, 1);\n        xmove_fd(2, 3);\n        xopen(\"/dev/null\", O_RDWR);\n        memset(&argv, 0, sizeof(argv));\n        argv[0] = (char*)\"openssl\";\n        argv[1] = (char*)\"s_client\";\n        argv[2] = (char*)\"-quiet\";\n        argv[3] = (char*)\"-connect\";\n        argv[4] = (char*)host;\n        if (!is_ip_address(servername))\n        {\n            argv[5] = (char*)\"-servername\";\n            argv[6] = (char*)servername;\n        }\n        BB_EXECVP(argv[0], argv);\n        xmove_fd(3, 2);\n# if ENABLE_FEATURE_WGET_HTTPS\n        child_failed = 1;\n        xfunc_die();\n# else\n        bb_perror_msg_and_die(\"can't execute '%s'\", argv[0]);\n# endif\n    }\n    free(servername);\n    free(allocated);\n    close(sp[1]);\n# if ENABLE_FEATURE_WGET_HTTPS\n    if (child_failed)\n    {\n        close(sp[0]);\n        return -1;\n    }\n# endif\n    return sp[0];\n}\n",
        "question": "Given that the parameter or function `xdup2` is modified before the execution of the function `BB_EXECVP`, evaluate the potential impact on the outcomes of `BB_EXECVP`. Consider how `xdup2` could influence `BB_EXECVP`, including its role as a direct parameter, its effect on controlling conditions, or its indirect impacts through other related variables or system states.",
        "choices": {
            "A": "The change to `xdup2` directly alters the arguments passed to `BB_EXECVP`.",
            "B": "There is neither a direct nor a significant indirect relationship between the changes to `xdup2` and the behavior or output of `BB_EXECVP`, suggesting no observable impact.",
            "C": "The modification of `xdup2` might indirectly influence `BB_EXECVP` by modifying the control statement that controls the behavior of `BB_EXECVP`.",
            "D": "It is not possible to determine the effect without additional context."
        },
        "answer": "B",
        "distance": 0
    },
    {
        "case_id": "primevul_21",
        "code": "static int spawn_https_helper_openssl(const char *host, unsigned port)\n{\n    char *allocated = NULL;\n    char *servername;\n    int sp[2];\n    int pid;\n    IF_FEATURE_WGET_HTTPS(volatile int child_failed = 0;)\n    if (socketpair(AF_UNIX, SOCK_STREAM, 0, sp) != 0)\n    {\n        bb_simple_perror_msg_and_die(\"socketpair\");\n    }\n    if (!strchr(host, ':'))\n    {\n        host = allocated = xasprintf(\"%s:%u\", host, port);\n    }\n    servername = xstrdup(host);\n    strrchr(servername, ':')[0] = '\\0';\n    fflush_all();\n    pid = xvfork();\n    if (pid == 0)\n    {\n        char *argv[8];\n        close(sp[0]);\n        xmove_fd(sp[1], 0);\n        xdup2(0, 1);\n        xmove_fd(2, 3);\n        xopen(\"/dev/null\", O_RDWR);\n        memset(&argv, 0, sizeof(argv));\n        argv[0] = (char*)\"openssl\";\n        argv[1] = (char*)\"s_client\";\n        argv[2] = (char*)\"-quiet\";\n        argv[3] = (char*)\"-connect\";\n        argv[4] = (char*)host;\n        if (!is_ip_address(servername))\n        {\n            argv[5] = (char*)\"-servername\";\n            argv[6] = (char*)servername;\n        }\n        BB_EXECVP(argv[0], argv);\n        xmove_fd(3, 2);\n# if ENABLE_FEATURE_WGET_HTTPS\n        child_failed = 1;\n        xfunc_die();\n# else\n        bb_perror_msg_and_die(\"can't execute '%s'\", argv[0]);\n# endif\n    }\n    free(servername);\n    free(allocated);\n    close(sp[1]);\n# if ENABLE_FEATURE_WGET_HTTPS\n    if (child_failed)\n    {\n        close(sp[0]);\n        return -1;\n    }\n# endif\n    return sp[0];\n}\n",
        "question": "Given that the parameter or function `bb_perror_msg_and_die` is modified before the execution of the function `BB_EXECVP`, evaluate the potential impact on the outcomes of `BB_EXECVP`. Consider how `bb_perror_msg_and_die` could influence `BB_EXECVP`, including its role as a direct parameter, its effect on controlling conditions, or its indirect impacts through other related variables or system states.",
        "choices": {
            "A": "The change to `bb_perror_msg_and_die` directly alters the arguments passed to `BB_EXECVP`.",
            "B": "There is neither a direct nor a significant indirect relationship between the changes to `bb_perror_msg_and_die` and the behavior or output of `BB_EXECVP`, suggesting no observable impact.",
            "C": "The modification of `bb_perror_msg_and_die` might indirectly influence `BB_EXECVP` by modifying the control statement that controls the behavior of `BB_EXECVP`.",
            "D": "It is not possible to determine the effect without additional context."
        },
        "answer": "B",
        "distance": 0
    },
    {
        "case_id": "primevul_21",
        "code": "static int spawn_https_helper_openssl(const char *host, unsigned port)\n{\n    char *allocated = NULL;\n    char *servername;\n    int sp[2];\n    int pid;\n    IF_FEATURE_WGET_HTTPS(volatile int child_failed = 0;)\n    if (socketpair(AF_UNIX, SOCK_STREAM, 0, sp) != 0)\n    {\n        bb_simple_perror_msg_and_die(\"socketpair\");\n    }\n    if (!strchr(host, ':'))\n    {\n        host = allocated = xasprintf(\"%s:%u\", host, port);\n    }\n    servername = xstrdup(host);\n    strrchr(servername, ':')[0] = '\\0';\n    fflush_all();\n    pid = xvfork();\n    if (pid == 0)\n    {\n        char *argv[8];\n        close(sp[0]);\n        xmove_fd(sp[1], 0);\n        xdup2(0, 1);\n        xmove_fd(2, 3);\n        xopen(\"/dev/null\", O_RDWR);\n        memset(&argv, 0, sizeof(argv));\n        argv[0] = (char*)\"openssl\";\n        argv[1] = (char*)\"s_client\";\n        argv[2] = (char*)\"-quiet\";\n        argv[3] = (char*)\"-connect\";\n        argv[4] = (char*)host;\n        if (!is_ip_address(servername))\n        {\n            argv[5] = (char*)\"-servername\";\n            argv[6] = (char*)servername;\n        }\n        BB_EXECVP(argv[0], argv);\n        xmove_fd(3, 2);\n# if ENABLE_FEATURE_WGET_HTTPS\n        child_failed = 1;\n        xfunc_die();\n# else\n        bb_perror_msg_and_die(\"can't execute '%s'\", argv[0]);\n# endif\n    }\n    free(servername);\n    free(allocated);\n    close(sp[1]);\n# if ENABLE_FEATURE_WGET_HTTPS\n    if (child_failed)\n    {\n        close(sp[0]);\n        return -1;\n    }\n# endif\n    return sp[0];\n}\n",
        "question": "Given that the parameter or function `bb_simple_perror_msg_and_die` is modified before the execution of the function `BB_EXECVP`, evaluate the potential impact on the outcomes of `BB_EXECVP`. Consider how `bb_simple_perror_msg_and_die` could influence `BB_EXECVP`, including its role as a direct parameter, its effect on controlling conditions, or its indirect impacts through other related variables or system states.",
        "choices": {
            "A": "The change to `bb_simple_perror_msg_and_die` directly alters the arguments passed to `BB_EXECVP`.",
            "B": "There is neither a direct nor a significant indirect relationship between the changes to `bb_simple_perror_msg_and_die` and the behavior or output of `BB_EXECVP`, suggesting no observable impact.",
            "C": "The modification of `bb_simple_perror_msg_and_die` might indirectly influence `BB_EXECVP` by modifying the control statement that controls the behavior of `BB_EXECVP`.",
            "D": "It is not possible to determine the effect without additional context."
        },
        "answer": "B",
        "distance": 0
    },
    {
        "case_id": "primevul_21",
        "code": "static int spawn_https_helper_openssl(const char *host, unsigned port)\n{\n    char *allocated = NULL;\n    char *servername;\n    int sp[2];\n    int pid;\n    IF_FEATURE_WGET_HTTPS(volatile int child_failed = 0;)\n    if (socketpair(AF_UNIX, SOCK_STREAM, 0, sp) != 0)\n    {\n        bb_simple_perror_msg_and_die(\"socketpair\");\n    }\n    if (!strchr(host, ':'))\n    {\n        host = allocated = xasprintf(\"%s:%u\", host, port);\n    }\n    servername = xstrdup(host);\n    strrchr(servername, ':')[0] = '\\0';\n    fflush_all();\n    pid = xvfork();\n    if (pid == 0)\n    {\n        char *argv[8];\n        close(sp[0]);\n        xmove_fd(sp[1], 0);\n        xdup2(0, 1);\n        xmove_fd(2, 3);\n        xopen(\"/dev/null\", O_RDWR);\n        memset(&argv, 0, sizeof(argv));\n        argv[0] = (char*)\"openssl\";\n        argv[1] = (char*)\"s_client\";\n        argv[2] = (char*)\"-quiet\";\n        argv[3] = (char*)\"-connect\";\n        argv[4] = (char*)host;\n        if (!is_ip_address(servername))\n        {\n            argv[5] = (char*)\"-servername\";\n            argv[6] = (char*)servername;\n        }\n        BB_EXECVP(argv[0], argv);\n        xmove_fd(3, 2);\n# if ENABLE_FEATURE_WGET_HTTPS\n        child_failed = 1;\n        xfunc_die();\n# else\n        bb_perror_msg_and_die(\"can't execute '%s'\", argv[0]);\n# endif\n    }\n    free(servername);\n    free(allocated);\n    close(sp[1]);\n# if ENABLE_FEATURE_WGET_HTTPS\n    if (child_failed)\n    {\n        close(sp[0]);\n        return -1;\n    }\n# endif\n    return sp[0];\n}\n",
        "question": "Given that the parameter or function `fflush_all` is modified before the execution of the function `BB_EXECVP`, evaluate the potential impact on the outcomes of `BB_EXECVP`. Consider how `fflush_all` could influence `BB_EXECVP`, including its role as a direct parameter, its effect on controlling conditions, or its indirect impacts through other related variables or system states.",
        "choices": {
            "A": "The change to `fflush_all` directly alters the arguments passed to `BB_EXECVP`.",
            "B": "There is neither a direct nor a significant indirect relationship between the changes to `fflush_all` and the behavior or output of `BB_EXECVP`, suggesting no observable impact.",
            "C": "The modification of `fflush_all` might indirectly influence `BB_EXECVP` by modifying the control statement that controls the behavior of `BB_EXECVP`.",
            "D": "It is not possible to determine the effect without additional context."
        },
        "answer": "B",
        "distance": 0
    },
    {
        "case_id": "primevul_21",
        "code": "static int spawn_https_helper_openssl(const char *host, unsigned port)\n{\n    char *allocated = NULL;\n    char *servername;\n    int sp[2];\n    int pid;\n    IF_FEATURE_WGET_HTTPS(volatile int child_failed = 0;)\n    if (socketpair(AF_UNIX, SOCK_STREAM, 0, sp) != 0)\n    {\n        bb_simple_perror_msg_and_die(\"socketpair\");\n    }\n    if (!strchr(host, ':'))\n    {\n        host = allocated = xasprintf(\"%s:%u\", host, port);\n    }\n    servername = xstrdup(host);\n    strrchr(servername, ':')[0] = '\\0';\n    fflush_all();\n    pid = xvfork();\n    if (pid == 0)\n    {\n        char *argv[8];\n        close(sp[0]);\n        xmove_fd(sp[1], 0);\n        xdup2(0, 1);\n        xmove_fd(2, 3);\n        xopen(\"/dev/null\", O_RDWR);\n        memset(&argv, 0, sizeof(argv));\n        argv[0] = (char*)\"openssl\";\n        argv[1] = (char*)\"s_client\";\n        argv[2] = (char*)\"-quiet\";\n        argv[3] = (char*)\"-connect\";\n        argv[4] = (char*)host;\n        if (!is_ip_address(servername))\n        {\n            argv[5] = (char*)\"-servername\";\n            argv[6] = (char*)servername;\n        }\n        BB_EXECVP(argv[0], argv);\n        xmove_fd(3, 2);\n# if ENABLE_FEATURE_WGET_HTTPS\n        child_failed = 1;\n        xfunc_die();\n# else\n        bb_perror_msg_and_die(\"can't execute '%s'\", argv[0]);\n# endif\n    }\n    free(servername);\n    free(allocated);\n    close(sp[1]);\n# if ENABLE_FEATURE_WGET_HTTPS\n    if (child_failed)\n    {\n        close(sp[0]);\n        return -1;\n    }\n# endif\n    return sp[0];\n}\n",
        "question": "Given that the parameter or function `xvfork` is modified before the execution of the function `BB_EXECVP`, evaluate the potential impact on the outcomes of `BB_EXECVP`. Consider how `xvfork` could influence `BB_EXECVP`, including its role as a direct parameter, its effect on controlling conditions, or its indirect impacts through other related variables or system states.",
        "choices": {
            "A": "The change to `xvfork` directly alters the arguments passed to `BB_EXECVP`.",
            "B": "There is neither a direct nor a significant indirect relationship between the changes to `xvfork` and the behavior or output of `BB_EXECVP`, suggesting no observable impact.",
            "C": "The modification of `xvfork` might indirectly influence `BB_EXECVP` by modifying the control statement that controls the behavior of `BB_EXECVP`.",
            "D": "It is not possible to determine the effect without additional context."
        },
        "answer": "C",
        "distance": 1
    },
    {
        "case_id": "primevul_21",
        "code": "static int spawn_https_helper_openssl(const char *host, unsigned port)\n{\n    char *allocated = NULL;\n    char *servername;\n    int sp[2];\n    int pid;\n    IF_FEATURE_WGET_HTTPS(volatile int child_failed = 0;)\n    if (socketpair(AF_UNIX, SOCK_STREAM, 0, sp) != 0)\n    {\n        bb_simple_perror_msg_and_die(\"socketpair\");\n    }\n    if (!strchr(host, ':'))\n    {\n        host = allocated = xasprintf(\"%s:%u\", host, port);\n    }\n    servername = xstrdup(host);\n    strrchr(servername, ':')[0] = '\\0';\n    fflush_all();\n    pid = xvfork();\n    if (pid == 0)\n    {\n        char *argv[8];\n        close(sp[0]);\n        xmove_fd(sp[1], 0);\n        xdup2(0, 1);\n        xmove_fd(2, 3);\n        xopen(\"/dev/null\", O_RDWR);\n        memset(&argv, 0, sizeof(argv));\n        argv[0] = (char*)\"openssl\";\n        argv[1] = (char*)\"s_client\";\n        argv[2] = (char*)\"-quiet\";\n        argv[3] = (char*)\"-connect\";\n        argv[4] = (char*)host;\n        if (!is_ip_address(servername))\n        {\n            argv[5] = (char*)\"-servername\";\n            argv[6] = (char*)servername;\n        }\n        BB_EXECVP(argv[0], argv);\n        xmove_fd(3, 2);\n# if ENABLE_FEATURE_WGET_HTTPS\n        child_failed = 1;\n        xfunc_die();\n# else\n        bb_perror_msg_and_die(\"can't execute '%s'\", argv[0]);\n# endif\n    }\n    free(servername);\n    free(allocated);\n    close(sp[1]);\n# if ENABLE_FEATURE_WGET_HTTPS\n    if (child_failed)\n    {\n        close(sp[0]);\n        return -1;\n    }\n# endif\n    return sp[0];\n}\n",
        "question": "Given that the parameter or function `xvfork` is modified before the execution of the function `xdup2`, evaluate the potential impact on the outcomes of `xdup2`. Consider how `xvfork` could influence `xdup2`, including its role as a direct parameter, its effect on controlling conditions, or its indirect impacts through other related variables or system states.",
        "choices": {
            "A": "The change to `xvfork` directly alters the arguments passed to `xdup2`.",
            "B": "There is neither a direct nor a significant indirect relationship between the changes to `xvfork` and the behavior or output of `xdup2`, suggesting no observable impact.",
            "C": "The modification of `xvfork` might indirectly influence `xdup2` by modifying the control statement that controls the behavior of `xdup2`.",
            "D": "It is not possible to determine the effect without additional context."
        },
        "answer": "C",
        "distance": 1
    },
    {
        "case_id": "primevul_21",
        "code": "static int spawn_https_helper_openssl(const char *host, unsigned port)\n{\n    char *allocated = NULL;\n    char *servername;\n    int sp[2];\n    int pid;\n    IF_FEATURE_WGET_HTTPS(volatile int child_failed = 0;)\n    if (socketpair(AF_UNIX, SOCK_STREAM, 0, sp) != 0)\n    {\n        bb_simple_perror_msg_and_die(\"socketpair\");\n    }\n    if (!strchr(host, ':'))\n    {\n        host = allocated = xasprintf(\"%s:%u\", host, port);\n    }\n    servername = xstrdup(host);\n    strrchr(servername, ':')[0] = '\\0';\n    fflush_all();\n    pid = xvfork();\n    if (pid == 0)\n    {\n        char *argv[8];\n        close(sp[0]);\n        xmove_fd(sp[1], 0);\n        xdup2(0, 1);\n        xmove_fd(2, 3);\n        xopen(\"/dev/null\", O_RDWR);\n        memset(&argv, 0, sizeof(argv));\n        argv[0] = (char*)\"openssl\";\n        argv[1] = (char*)\"s_client\";\n        argv[2] = (char*)\"-quiet\";\n        argv[3] = (char*)\"-connect\";\n        argv[4] = (char*)host;\n        if (!is_ip_address(servername))\n        {\n            argv[5] = (char*)\"-servername\";\n            argv[6] = (char*)servername;\n        }\n        BB_EXECVP(argv[0], argv);\n        xmove_fd(3, 2);\n# if ENABLE_FEATURE_WGET_HTTPS\n        child_failed = 1;\n        xfunc_die();\n# else\n        bb_perror_msg_and_die(\"can't execute '%s'\", argv[0]);\n# endif\n    }\n    free(servername);\n    free(allocated);\n    close(sp[1]);\n# if ENABLE_FEATURE_WGET_HTTPS\n    if (child_failed)\n    {\n        close(sp[0]);\n        return -1;\n    }\n# endif\n    return sp[0];\n}\n",
        "question": "Given that the parameter or function `xvfork` is modified before the execution of the function `bb_perror_msg_and_die`, evaluate the potential impact on the outcomes of `bb_perror_msg_and_die`. Consider how `xvfork` could influence `bb_perror_msg_and_die`, including its role as a direct parameter, its effect on controlling conditions, or its indirect impacts through other related variables or system states.",
        "choices": {
            "A": "The change to `xvfork` directly alters the arguments passed to `bb_perror_msg_and_die`.",
            "B": "There is neither a direct nor a significant indirect relationship between the changes to `xvfork` and the behavior or output of `bb_perror_msg_and_die`, suggesting no observable impact.",
            "C": "The modification of `xvfork` might indirectly influence `bb_perror_msg_and_die` by modifying the control statement that controls the behavior of `bb_perror_msg_and_die`.",
            "D": "It is not possible to determine the effect without additional context."
        },
        "answer": "C",
        "distance": 1
    },
    {
        "case_id": "primevul_21",
        "code": "static int spawn_https_helper_openssl(const char *host, unsigned port)\n{\n    char *allocated = NULL;\n    char *servername;\n    int sp[2];\n    int pid;\n    IF_FEATURE_WGET_HTTPS(volatile int child_failed = 0;)\n    if (socketpair(AF_UNIX, SOCK_STREAM, 0, sp) != 0)\n    {\n        bb_simple_perror_msg_and_die(\"socketpair\");\n    }\n    if (!strchr(host, ':'))\n    {\n        host = allocated = xasprintf(\"%s:%u\", host, port);\n    }\n    servername = xstrdup(host);\n    strrchr(servername, ':')[0] = '\\0';\n    fflush_all();\n    pid = xvfork();\n    if (pid == 0)\n    {\n        char *argv[8];\n        close(sp[0]);\n        xmove_fd(sp[1], 0);\n        xdup2(0, 1);\n        xmove_fd(2, 3);\n        xopen(\"/dev/null\", O_RDWR);\n        memset(&argv, 0, sizeof(argv));\n        argv[0] = (char*)\"openssl\";\n        argv[1] = (char*)\"s_client\";\n        argv[2] = (char*)\"-quiet\";\n        argv[3] = (char*)\"-connect\";\n        argv[4] = (char*)host;\n        if (!is_ip_address(servername))\n        {\n            argv[5] = (char*)\"-servername\";\n            argv[6] = (char*)servername;\n        }\n        BB_EXECVP(argv[0], argv);\n        xmove_fd(3, 2);\n# if ENABLE_FEATURE_WGET_HTTPS\n        child_failed = 1;\n        xfunc_die();\n# else\n        bb_perror_msg_and_die(\"can't execute '%s'\", argv[0]);\n# endif\n    }\n    free(servername);\n    free(allocated);\n    close(sp[1]);\n# if ENABLE_FEATURE_WGET_HTTPS\n    if (child_failed)\n    {\n        close(sp[0]);\n        return -1;\n    }\n# endif\n    return sp[0];\n}\n",
        "question": "Given that the parameter or function `xvfork` is modified before the execution of the function `memset`, evaluate the potential impact on the outcomes of `memset`. Consider how `xvfork` could influence `memset`, including its role as a direct parameter, its effect on controlling conditions, or its indirect impacts through other related variables or system states.",
        "choices": {
            "A": "The change to `xvfork` directly alters the arguments passed to `memset`.",
            "B": "There is neither a direct nor a significant indirect relationship between the changes to `xvfork` and the behavior or output of `memset`, suggesting no observable impact.",
            "C": "The modification of `xvfork` might indirectly influence `memset` by modifying the control statement that controls the behavior of `memset`.",
            "D": "It is not possible to determine the effect without additional context."
        },
        "answer": "C",
        "distance": 1
    }
]