[
    {
        "case_id": "CWE427_Uncontrolled_Search_Path_Element__char_console_01_bad",
        "org_code": "Original Code Snippet:\nvoid Sample_Func()\n{\n    char * data;\n    char dataBuffer[250] = \"PATH=\";\n    data = dataBuffer;\n    {\n        size_t dataLen = strlen(data);\n        if (250-dataLen > 1)\n        {\n            if (fgets(data+dataLen, (int)(250-dataLen), stdin) != NULL)\n            {\n                dataLen = strlen(data);\n                if (dataLen > 0 && data[dataLen-1] == '\\n')\n                {\n                    data[dataLen-1] = '\\0';\n                }\n            }\n            else\n            {\n                printLine(\"fgets() failed\");\n                data[dataLen] = '\\0';\n            }\n        }\n    }\n    PUTENV(data);\n}\n",
        "new_code": "Code Snippet Variant:\nstatic int StaticValue = 775;\nvoid Sample_Func()\n{\n    char * data;\n    char dataBuffer[250] = \"PATH=\";\n    data = dataBuffer;\n    if (StaticValue==971)\n    {\n        strcat(data, NEW_PATH);\n    }\n    if (StaticValue==775)\n    {\n        strcat(data, NEW_PATH);\n    }\n    if (StaticValue==579)\n    {\n        {\n            size_t dataLen = strlen(data);\n            if (250-dataLen > 1)\n            {\n                if (fgets(data+dataLen, (int)(250-dataLen), stdin) != NULL)\n                {\n                    dataLen = strlen(data);\n                    if (dataLen > 0 && data[dataLen-1] == '\\n')\n                    {\n                        data[dataLen-1] = '\\0';\n                    }\n                }\n                else\n                {\n                    printLine(\"fgets() failed\");\n                    data[dataLen] = '\\0';\n                }\n            }\n        }\n    }\n    PUTENV(data);\n}\n",
        "CWE_ID": "CWE427",
        "question": "Question: What happens if we replace the following original code snippet with the proposed variants? Will the vulnerability CWE427 be triggered, and how does it affect the functionality of the code?",
        "choices": {
            "A": "No, Function Preserved: The vulnerability CWE427 will not be triggered, and the original functionality is fully preserved.",
            "B": "No, Function Impaired: The vulnerability CWE427 will not be triggered, but the functionality of the original code is impaired.",
            "C": "Yes: The vulnerability CWE427 will still be triggered.",
            "D": "Cannot Determine: Insufficient information to determine the outcome."
        },
        "answer": "A",
        "distance": "inner_0"
    },
    {
        "case_id": "CWE427_Uncontrolled_Search_Path_Element__char_console_01_bad",
        "org_code": "Original Code Snippet:\nvoid Sample_Func()\n{\n    char * data;\n    char dataBuffer[250] = \"PATH=\";\n    data = dataBuffer;\n    {\n        size_t dataLen = strlen(data);\n        if (250-dataLen > 1)\n        {\n            if (fgets(data+dataLen, (int)(250-dataLen), stdin) != NULL)\n            {\n                dataLen = strlen(data);\n                if (dataLen > 0 && data[dataLen-1] == '\\n')\n                {\n                    data[dataLen-1] = '\\0';\n                }\n            }\n            else\n            {\n                printLine(\"fgets() failed\");\n                data[dataLen] = '\\0';\n            }\n        }\n    }\n    PUTENV(data);\n}\n",
        "new_code": "Code Snippet Variant:\nstatic int StaticValue = 775;\nvoid Sample_Func()\n{\n    if (StaticValue==697)\n    {\n        {\n            char * data;\n            char dataBuffer[250] = \"PATH=\";\n            data = dataBuffer;\n            {\n                size_t dataLen = strlen(data);\n                if (250-dataLen > 1)\n                {\n                    if (fgets(data+dataLen, (int)(250-dataLen), stdin) != NULL)\n                    {\n                        dataLen = strlen(data);\n                        if (dataLen > 0 && data[dataLen-1] == '\\n')\n                        {\n                            data[dataLen-1] = '\\0';\n                        }\n                    }\n                    else\n                    {\n                        printLine(\"fgets() failed\");\n                        data[dataLen] = '\\0';\n                    }\n                }\n            }\n            PUTENV(data);\n        }\n    }\n    if (StaticValue==853)\n    {\n        {\n            char * data;\n            char dataBuffer[250] = \"PATH=\";\n            data = dataBuffer;\n            strcat(data, NEW_PATH);\n            PUTENV(data);\n        }\n    }\n    if (StaticValue==775)\n    {\n        {\n            char * data;\n            char dataBuffer[250] = \"PATH=\";\n            data = dataBuffer;\n            if (StaticValue==971)\n            {\n                strcat(data, NEW_PATH);\n            }\n            if (StaticValue==775)\n            {\n                strcat(data, NEW_PATH);\n            }\n            if (StaticValue==579)\n            {\n                {\n                    size_t dataLen = strlen(data);\n                    if (250-dataLen > 1)\n                    {\n                        if (fgets(data+dataLen, (int)(250-dataLen), stdin) != NULL)\n                        {\n                            dataLen = strlen(data);\n                            if (dataLen > 0 && data[dataLen-1] == '\\n')\n                            {\n                                data[dataLen-1] = '\\0';\n                            }\n                        }\n                        else\n                        {\n                            printLine(\"fgets() failed\");\n                            data[dataLen] = '\\0';\n                        }\n                    }\n                }\n            }\n            PUTENV(data);\n        }\n    }\n}\n",
        "CWE_ID": "CWE427",
        "question": "Question: What happens if we replace the following original code snippet with the proposed variants? Will the vulnerability CWE427 be triggered, and how does it affect the functionality of the code?",
        "choices": {
            "A": "No, Function Preserved: The vulnerability CWE427 will not be triggered, and the original functionality is fully preserved.",
            "B": "No, Function Impaired: The vulnerability CWE427 will not be triggered, but the functionality of the original code is impaired.",
            "C": "Yes: The vulnerability CWE427 will still be triggered.",
            "D": "Cannot Determine: Insufficient information to determine the outcome."
        },
        "answer": "A",
        "distance": "inner_outer_0"
    },
    {
        "case_id": "CWE427_Uncontrolled_Search_Path_Element__char_console_01_bad",
        "org_code": "Original Code Snippet:\nvoid Sample_Func()\n{\n    char * data;\n    char dataBuffer[250] = \"PATH=\";\n    data = dataBuffer;\n    {\n        size_t dataLen = strlen(data);\n        if (250-dataLen > 1)\n        {\n            if (fgets(data+dataLen, (int)(250-dataLen), stdin) != NULL)\n            {\n                dataLen = strlen(data);\n                if (dataLen > 0 && data[dataLen-1] == '\\n')\n                {\n                    data[dataLen-1] = '\\0';\n                }\n            }\n            else\n            {\n                printLine(\"fgets() failed\");\n                data[dataLen] = '\\0';\n            }\n        }\n    }\n    PUTENV(data);\n}\n",
        "new_code": "Code Snippet Variant:\nstatic int StaticValue = 775;\nvoid Sample_Func()\n{\n    if (StaticValue==697)\n    {\n        int DogCat;\n        {\n            char * data;\n            char dataBuffer[250] = \"PATH=\";\n            data = dataBuffer;\n            {\n                size_t dataLen = strlen(data);\n                if (250-dataLen > 1)\n                {\n                    if (fgets(data+dataLen, (int)(250-dataLen), stdin) != NULL)\n                    {\n                        dataLen = strlen(data);\n                        for(DogCat = 0; DogCat < 1; DogCat++)\n                        {\n                            if (dataLen > 0 && data[dataLen-1] == '\\n')\n                            {\n                                data[dataLen-1] = '\\0';\n                            }\n                        }\n                    }\n                    else\n                    {\n                        if(775==775)\n                        {\n                            printLine(\"fgets() failed\");\n                            data[dataLen] = '\\0';\n                        }\n                    }\n                }\n            }\n            PUTENV(data);\n        }\n    }\n    if (StaticValue==853)\n    {\n        {\n            char * data;\n            char dataBuffer[250] = \"PATH=\";\n            data = dataBuffer;\n            strcat(data, NEW_PATH);\n            PUTENV(data);\n        }\n    }\n    if (StaticValue==775)\n    {\n        {\n            char * data;\n            char dataBuffer[250] = \"PATH=\";\n            data = dataBuffer;\n            if(1)\n            {\n                if (StaticValue==971)\n                {\n                    strcat(data, NEW_PATH);\n                }\n            }\n            if (StaticValue==775)\n            {\n                strcat(data, NEW_PATH);\n            }\n            if(775==775)\n            {\n                if (StaticValue==579)\n                {\n                    {\n                        size_t dataLen = strlen(data);\n                        if (250-dataLen > 1)\n                        {\n                            if (fgets(data+dataLen, (int)(250-dataLen), stdin) != NULL)\n                            {\n                                dataLen = strlen(data);\n                                if (dataLen > 0 && data[dataLen-1] == '\\n')\n                                {\n                                    data[dataLen-1] = '\\0';\n                                }\n                            }\n                            else\n                            {\n                                printLine(\"fgets() failed\");\n                                data[dataLen] = '\\0';\n                            }\n                        }\n                    }\n                }\n            }\n            PUTENV(data);\n        }\n    }\n}\n",
        "CWE_ID": "CWE427",
        "question": "Question: What happens if we replace the following original code snippet with the proposed variants? Will the vulnerability CWE427 be triggered, and how does it affect the functionality of the code?",
        "choices": {
            "A": "No, Function Preserved: The vulnerability CWE427 will not be triggered, and the original functionality is fully preserved.",
            "B": "No, Function Impaired: The vulnerability CWE427 will not be triggered, but the functionality of the original code is impaired.",
            "C": "Yes: The vulnerability CWE427 will still be triggered.",
            "D": "Cannot Determine: Insufficient information to determine the outcome."
        },
        "answer": "A",
        "distance": "inner_outer_variant_0"
    },
    {
        "case_id": "CWE427_Uncontrolled_Search_Path_Element__char_console_01_bad",
        "org_code": "Original Code Snippet:\nvoid Sample_Func()\n{\n    char * data;\n    char dataBuffer[250] = \"PATH=\";\n    data = dataBuffer;\n    {\n        size_t dataLen = strlen(data);\n        if (250-dataLen > 1)\n        {\n            if (fgets(data+dataLen, (int)(250-dataLen), stdin) != NULL)\n            {\n                dataLen = strlen(data);\n                if (dataLen > 0 && data[dataLen-1] == '\\n')\n                {\n                    data[dataLen-1] = '\\0';\n                }\n            }\n            else\n            {\n                printLine(\"fgets() failed\");\n                data[dataLen] = '\\0';\n            }\n        }\n    }\n    PUTENV(data);\n}\n",
        "new_code": "Code Snippet Variant:\nstatic int StaticValue = 775;\nvoid Sample_Func()\n{\n    char * data;\n    char dataBuffer[250] = \"PATH=\";\n    data = dataBuffer;\n    if(775==775)\n    {\n        if (StaticValue==971)\n        {\n            strcat(data, NEW_PATH);\n        }\n    }\n    if (StaticValue==775)\n    {\n        strcat(data, NEW_PATH);\n    }\n    if (StaticValue==579)\n    {\n        if(1)\n        {\n            {\n                size_t dataLen = strlen(data);\n                if (250-dataLen > 1)\n                {\n                    if (fgets(data+dataLen, (int)(250-dataLen), stdin) != NULL)\n                    {\n                        dataLen = strlen(data);\n                        if (dataLen > 0 && data[dataLen-1] == '\\n')\n                        {\n                            data[dataLen-1] = '\\0';\n                        }\n                    }\n                    else\n                    {\n                        printLine(\"fgets() failed\");\n                        data[dataLen] = '\\0';\n                    }\n                }\n            }\n        }\n    }\n    PUTENV(data);\n}\n",
        "CWE_ID": "CWE427",
        "question": "Question: What happens if we replace the following original code snippet with the proposed variants? Will the vulnerability CWE427 be triggered, and how does it affect the functionality of the code?",
        "choices": {
            "A": "No, Function Preserved: The vulnerability CWE427 will not be triggered, and the original functionality is fully preserved.",
            "B": "No, Function Impaired: The vulnerability CWE427 will not be triggered, but the functionality of the original code is impaired.",
            "C": "Yes: The vulnerability CWE427 will still be triggered.",
            "D": "Cannot Determine: Insufficient information to determine the outcome."
        },
        "answer": "A",
        "distance": "inner_variant_0"
    },
    {
        "case_id": "CWE427_Uncontrolled_Search_Path_Element__char_console_01_bad",
        "org_code": "Original Code Snippet:\nvoid Sample_Func()\n{\n    char * data;\n    char dataBuffer[250] = \"PATH=\";\n    data = dataBuffer;\n    {\n        size_t dataLen = strlen(data);\n        if (250-dataLen > 1)\n        {\n            if (fgets(data+dataLen, (int)(250-dataLen), stdin) != NULL)\n            {\n                dataLen = strlen(data);\n                if (dataLen > 0 && data[dataLen-1] == '\\n')\n                {\n                    data[dataLen-1] = '\\0';\n                }\n            }\n            else\n            {\n                printLine(\"fgets() failed\");\n                data[dataLen] = '\\0';\n            }\n        }\n    }\n    PUTENV(data);\n}\n",
        "new_code": "Code Snippet Variant:\nstatic int StaticValue = 775;\nvoid Sample_Func()\n{\n    if (StaticValue==697)\n    {\n        {\n            char * data;\n            char dataBuffer[250] = \"PATH=\";\n            data = dataBuffer;\n            {\n                size_t dataLen = strlen(data);\n                if (250-dataLen > 1)\n                {\n                    if (fgets(data+dataLen, (int)(250-dataLen), stdin) != NULL)\n                    {\n                        dataLen = strlen(data);\n                        if (dataLen > 0 && data[dataLen-1] == '\\n')\n                        {\n                            data[dataLen-1] = '\\0';\n                        }\n                    }\n                    else\n                    {\n                        printLine(\"fgets() failed\");\n                        data[dataLen] = '\\0';\n                    }\n                }\n            }\n            PUTENV(data);\n        }\n    }\n    if (StaticValue==853)\n    {\n        {\n            char * data;\n            char dataBuffer[250] = \"PATH=\";\n            data = dataBuffer;\n            strcat(data, NEW_PATH);\n            PUTENV(data);\n        }\n    }\n    if (StaticValue==775)\n    {\n        {\n            char * data;\n            char dataBuffer[250] = \"PATH=\";\n            data = dataBuffer;\n            strcat(data, NEW_PATH);\n            PUTENV(data);\n        }\n    }\n}\n",
        "CWE_ID": "CWE427",
        "question": "Question: What happens if we replace the following original code snippet with the proposed variants? Will the vulnerability CWE427 be triggered, and how does it affect the functionality of the code?",
        "choices": {
            "A": "No, Function Preserved: The vulnerability CWE427 will not be triggered, and the original functionality is fully preserved.",
            "B": "No, Function Impaired: The vulnerability CWE427 will not be triggered, but the functionality of the original code is impaired.",
            "C": "Yes: The vulnerability CWE427 will still be triggered.",
            "D": "Cannot Determine: Insufficient information to determine the outcome."
        },
        "answer": "A",
        "distance": "outer"
    },
    {
        "case_id": "CWE427_Uncontrolled_Search_Path_Element__char_console_01_bad",
        "org_code": "Original Code Snippet:\nvoid Sample_Func()\n{\n    char * data;\n    char dataBuffer[250] = \"PATH=\";\n    data = dataBuffer;\n    {\n        size_t dataLen = strlen(data);\n        if (250-dataLen > 1)\n        {\n            if (fgets(data+dataLen, (int)(250-dataLen), stdin) != NULL)\n            {\n                dataLen = strlen(data);\n                if (dataLen > 0 && data[dataLen-1] == '\\n')\n                {\n                    data[dataLen-1] = '\\0';\n                }\n            }\n            else\n            {\n                printLine(\"fgets() failed\");\n                data[dataLen] = '\\0';\n            }\n        }\n    }\n    PUTENV(data);\n}\n",
        "new_code": "Code Snippet Variant:\nstatic int StaticValue = 775;\nvoid Sample_Func()\n{\n    if (StaticValue==697)\n    {\n        {\n            char * data;\n            char dataBuffer[250] = \"PATH=\";\n            data = dataBuffer;\n            {\n                size_t dataLen = strlen(data);\n                if (250-dataLen > 1)\n                {\n                    if (fgets(data+dataLen, (int)(250-dataLen), stdin) != NULL)\n                    {\n                        dataLen = strlen(data);\n                        if(1)\n                        {\n                            if (dataLen > 0 && data[dataLen-1] == '\\n')\n                            {\n                                data[dataLen-1] = '\\0';\n                            }\n                        }\n                    }\n                    else\n                    {\n                        if(775==775)\n                        {\n                            printLine(\"fgets() failed\");\n                            data[dataLen] = '\\0';\n                        }\n                    }\n                }\n            }\n            PUTENV(data);\n        }\n    }\n    if (StaticValue==853)\n    {\n        {\n            char * data;\n            char dataBuffer[250] = \"PATH=\";\n            data = dataBuffer;\n            strcat(data, NEW_PATH);\n            PUTENV(data);\n        }\n    }\n    if (StaticValue==775)\n    {\n        {\n            char * data;\n            char dataBuffer[250] = \"PATH=\";\n            data = dataBuffer;\n            strcat(data, NEW_PATH);\n            PUTENV(data);\n        }\n    }\n}\n",
        "CWE_ID": "CWE427",
        "question": "Question: What happens if we replace the following original code snippet with the proposed variants? Will the vulnerability CWE427 be triggered, and how does it affect the functionality of the code?",
        "choices": {
            "A": "No, Function Preserved: The vulnerability CWE427 will not be triggered, and the original functionality is fully preserved.",
            "B": "No, Function Impaired: The vulnerability CWE427 will not be triggered, but the functionality of the original code is impaired.",
            "C": "Yes: The vulnerability CWE427 will still be triggered.",
            "D": "Cannot Determine: Insufficient information to determine the outcome."
        },
        "answer": "A",
        "distance": "outer_variant"
    },
    {
        "case_id": "CWE427_Uncontrolled_Search_Path_Element__char_console_01_bad",
        "org_code": "Original Code Snippet:\nvoid Sample_Func()\n{\n    char * data;\n    char dataBuffer[250] = \"PATH=\";\n    data = dataBuffer;\n    {\n        size_t dataLen = strlen(data);\n        if (250-dataLen > 1)\n        {\n            if (fgets(data+dataLen, (int)(250-dataLen), stdin) != NULL)\n            {\n                dataLen = strlen(data);\n                if (dataLen > 0 && data[dataLen-1] == '\\n')\n                {\n                    data[dataLen-1] = '\\0';\n                }\n            }\n            else\n            {\n                printLine(\"fgets() failed\");\n                data[dataLen] = '\\0';\n            }\n        }\n    }\n    PUTENV(data);\n}\n",
        "new_code": "Code Snippet Variant:\nstatic int StaticValue = 795;\nvoid Sample_Func()\n{\n    char * data;\n    char dataBuffer[250] = \"PATH=\";\n    data = dataBuffer;\n    if (StaticValue==971)\n    {\n        strcat(data, NEW_PATH);\n    }\n    if (StaticValue==775)\n    {\n        strcat(data, NEW_PATH);\n    }\n    if (StaticValue==579)\n    {\n        {\n            size_t dataLen = strlen(data);\n            if (250-dataLen > 1)\n            {\n                if (fgets(data+dataLen, (int)(250-dataLen), stdin) != NULL)\n                {\n                    dataLen = strlen(data);\n                    if (dataLen > 0 && data[dataLen-1] == '\\n')\n                    {\n                        data[dataLen-1] = '\\0';\n                    }\n                }\n                else\n                {\n                    printLine(\"fgets() failed\");\n                    data[dataLen] = '\\0';\n                }\n            }\n        }\n    }\n    if(StaticValue==795)\n    {\n        int socketDescriptor;\n        int connectionStatus = 0;\n        char networkBuffer[256];\n        for (socketDescriptor = 0; socketDescriptor < 5; socketDescriptor++) {\n            if (connectionStatus == 0) {\n                networkBuffer[socketDescriptor] = 'A';\n            } else {\n                networkBuffer[socketDescriptor] = '0';\n            }\n        }\n        printLine(\"Successful! Problem Resolved!\");\n    }\n    PUTENV(data);\n}\n",
        "CWE_ID": "CWE427",
        "question": "Question: What happens if we replace the following original code snippet with the proposed variants? Will the vulnerability CWE427 be triggered, and how does it affect the functionality of the code?",
        "choices": {
            "A": "No, Function Preserved: The vulnerability CWE427 will not be triggered, and the original functionality is fully preserved.",
            "B": "No, Function Impaired: The vulnerability CWE427 will not be triggered, but the functionality of the original code is impaired.",
            "C": "Yes: The vulnerability CWE427 will still be triggered.",
            "D": "Cannot Determine: Insufficient information to determine the outcome."
        },
        "answer": "B",
        "distance": "inner_0"
    },
    {
        "case_id": "CWE427_Uncontrolled_Search_Path_Element__char_console_01_bad",
        "org_code": "Original Code Snippet:\nvoid Sample_Func()\n{\n    char * data;\n    char dataBuffer[250] = \"PATH=\";\n    data = dataBuffer;\n    {\n        size_t dataLen = strlen(data);\n        if (250-dataLen > 1)\n        {\n            if (fgets(data+dataLen, (int)(250-dataLen), stdin) != NULL)\n            {\n                dataLen = strlen(data);\n                if (dataLen > 0 && data[dataLen-1] == '\\n')\n                {\n                    data[dataLen-1] = '\\0';\n                }\n            }\n            else\n            {\n                printLine(\"fgets() failed\");\n                data[dataLen] = '\\0';\n            }\n        }\n    }\n    PUTENV(data);\n}\n",
        "new_code": "Code Snippet Variant:\nstatic int StaticValue = 785;\nvoid Sample_Func()\n{\n    if (StaticValue==697)\n    {\n        {\n            char * data;\n            char dataBuffer[250] = \"PATH=\";\n            data = dataBuffer;\n            {\n                size_t dataLen = strlen(data);\n                if (250-dataLen > 1)\n                {\n                    if (fgets(data+dataLen, (int)(250-dataLen), stdin) != NULL)\n                    {\n                        dataLen = strlen(data);\n                        if (dataLen > 0 && data[dataLen-1] == '\\n')\n                        {\n                            data[dataLen-1] = '\\0';\n                        }\n                    }\n                    else\n                    {\n                        printLine(\"fgets() failed\");\n                        data[dataLen] = '\\0';\n                    }\n                }\n            }\n            PUTENV(data);\n        }\n    }\n    if (StaticValue==853)\n    {\n        {\n            char * data;\n            char dataBuffer[250] = \"PATH=\";\n            data = dataBuffer;\n            strcat(data, NEW_PATH);\n            PUTENV(data);\n        }\n    }\n    if (StaticValue==775)\n    {\n        {\n            char * data;\n            char dataBuffer[250] = \"PATH=\";\n            data = dataBuffer;\n            if (StaticValue==971)\n            {\n                strcat(data, NEW_PATH);\n            }\n            if (StaticValue==775)\n            {\n                strcat(data, NEW_PATH);\n            }\n            if (StaticValue==579)\n            {\n                {\n                    size_t dataLen = strlen(data);\n                    if (250-dataLen > 1)\n                    {\n                        if (fgets(data+dataLen, (int)(250-dataLen), stdin) != NULL)\n                        {\n                            dataLen = strlen(data);\n                            if (dataLen > 0 && data[dataLen-1] == '\\n')\n                            {\n                                data[dataLen-1] = '\\0';\n                            }\n                        }\n                        else\n                        {\n                            printLine(\"fgets() failed\");\n                            data[dataLen] = '\\0';\n                        }\n                    }\n                }\n            }\n            PUTENV(data);\n        }\n    }\n    if(StaticValue==785)\n    {\n        int socketDescriptor;\n        int connectionStatus = 0;\n        char networkBuffer[256];\n        for (socketDescriptor = 0; socketDescriptor < 5; socketDescriptor++) {\n            if (connectionStatus == 0) {\n                networkBuffer[socketDescriptor] = 'A';\n            } else {\n                networkBuffer[socketDescriptor] = '0';\n            }\n        }\n        printLine(\"Successful! Problem Resolved!\");\n    }\n}\n",
        "CWE_ID": "CWE427",
        "question": "Question: What happens if we replace the following original code snippet with the proposed variants? Will the vulnerability CWE427 be triggered, and how does it affect the functionality of the code?",
        "choices": {
            "A": "No, Function Preserved: The vulnerability CWE427 will not be triggered, and the original functionality is fully preserved.",
            "B": "No, Function Impaired: The vulnerability CWE427 will not be triggered, but the functionality of the original code is impaired.",
            "C": "Yes: The vulnerability CWE427 will still be triggered.",
            "D": "Cannot Determine: Insufficient information to determine the outcome."
        },
        "answer": "B",
        "distance": "inner_outer_0"
    },
    {
        "case_id": "CWE427_Uncontrolled_Search_Path_Element__char_console_01_bad",
        "org_code": "Original Code Snippet:\nvoid Sample_Func()\n{\n    char * data;\n    char dataBuffer[250] = \"PATH=\";\n    data = dataBuffer;\n    {\n        size_t dataLen = strlen(data);\n        if (250-dataLen > 1)\n        {\n            if (fgets(data+dataLen, (int)(250-dataLen), stdin) != NULL)\n            {\n                dataLen = strlen(data);\n                if (dataLen > 0 && data[dataLen-1] == '\\n')\n                {\n                    data[dataLen-1] = '\\0';\n                }\n            }\n            else\n            {\n                printLine(\"fgets() failed\");\n                data[dataLen] = '\\0';\n            }\n        }\n    }\n    PUTENV(data);\n}\n",
        "new_code": "Code Snippet Variant:\nstatic int StaticValue = 787;\nvoid Sample_Func()\n{\n    if (StaticValue==697)\n    {\n        int DogCat;\n        {\n            char * data;\n            char dataBuffer[250] = \"PATH=\";\n            data = dataBuffer;\n            {\n                size_t dataLen = strlen(data);\n                if (250-dataLen > 1)\n                {\n                    if (fgets(data+dataLen, (int)(250-dataLen), stdin) != NULL)\n                    {\n                        dataLen = strlen(data);\n                        for(DogCat = 0; DogCat < 1; DogCat++)\n                        {\n                            if (dataLen > 0 && data[dataLen-1] == '\\n')\n                            {\n                                data[dataLen-1] = '\\0';\n                            }\n                        }\n                    }\n                    else\n                    {\n                        if(775==775)\n                        {\n                            printLine(\"fgets() failed\");\n                            data[dataLen] = '\\0';\n                        }\n                    }\n                }\n            }\n            PUTENV(data);\n        }\n    }\n    if (StaticValue==853)\n    {\n        {\n            char * data;\n            char dataBuffer[250] = \"PATH=\";\n            data = dataBuffer;\n            strcat(data, NEW_PATH);\n            PUTENV(data);\n        }\n    }\n    if (StaticValue==775)\n    {\n        {\n            char * data;\n            char dataBuffer[250] = \"PATH=\";\n            data = dataBuffer;\n            if(1)\n            {\n                if (StaticValue==971)\n                {\n                    strcat(data, NEW_PATH);\n                }\n            }\n            if (StaticValue==775)\n            {\n                strcat(data, NEW_PATH);\n            }\n            if(775==775)\n            {\n                if (StaticValue==579)\n                {\n                    {\n                        size_t dataLen = strlen(data);\n                        if (250-dataLen > 1)\n                        {\n                            if (fgets(data+dataLen, (int)(250-dataLen), stdin) != NULL)\n                            {\n                                dataLen = strlen(data);\n                                if (dataLen > 0 && data[dataLen-1] == '\\n')\n                                {\n                                    data[dataLen-1] = '\\0';\n                                }\n                            }\n                            else\n                            {\n                                printLine(\"fgets() failed\");\n                                data[dataLen] = '\\0';\n                            }\n                        }\n                    }\n                }\n            }\n            PUTENV(data);\n        }\n    }\n    if(StaticValue==787)\n    {\n        int socketDescriptor;\n        int connectionStatus = 0;\n        char networkBuffer[256];\n        for (socketDescriptor = 0; socketDescriptor < 5; socketDescriptor++) {\n            if (connectionStatus == 0) {\n                networkBuffer[socketDescriptor] = 'A';\n            } else {\n                networkBuffer[socketDescriptor] = '0';\n            }\n        }\n        printLine(\"Successful! Problem Resolved!\");\n    }\n}\n",
        "CWE_ID": "CWE427",
        "question": "Question: What happens if we replace the following original code snippet with the proposed variants? Will the vulnerability CWE427 be triggered, and how does it affect the functionality of the code?",
        "choices": {
            "A": "No, Function Preserved: The vulnerability CWE427 will not be triggered, and the original functionality is fully preserved.",
            "B": "No, Function Impaired: The vulnerability CWE427 will not be triggered, but the functionality of the original code is impaired.",
            "C": "Yes: The vulnerability CWE427 will still be triggered.",
            "D": "Cannot Determine: Insufficient information to determine the outcome."
        },
        "answer": "B",
        "distance": "inner_outer_variant_0"
    },
    {
        "case_id": "CWE427_Uncontrolled_Search_Path_Element__char_console_01_bad",
        "org_code": "Original Code Snippet:\nvoid Sample_Func()\n{\n    char * data;\n    char dataBuffer[250] = \"PATH=\";\n    data = dataBuffer;\n    {\n        size_t dataLen = strlen(data);\n        if (250-dataLen > 1)\n        {\n            if (fgets(data+dataLen, (int)(250-dataLen), stdin) != NULL)\n            {\n                dataLen = strlen(data);\n                if (dataLen > 0 && data[dataLen-1] == '\\n')\n                {\n                    data[dataLen-1] = '\\0';\n                }\n            }\n            else\n            {\n                printLine(\"fgets() failed\");\n                data[dataLen] = '\\0';\n            }\n        }\n    }\n    PUTENV(data);\n}\n",
        "new_code": "Code Snippet Variant:\nstatic int StaticValue = 795;\nvoid Sample_Func()\n{\n    char * data;\n    char dataBuffer[250] = \"PATH=\";\n    data = dataBuffer;\n    if(775==775)\n    {\n        if (StaticValue==971)\n        {\n            strcat(data, NEW_PATH);\n        }\n    }\n    if (StaticValue==775)\n    {\n        strcat(data, NEW_PATH);\n    }\n    if (StaticValue==579)\n    {\n        if(1)\n        {\n            {\n                size_t dataLen = strlen(data);\n                if (250-dataLen > 1)\n                {\n                    if (fgets(data+dataLen, (int)(250-dataLen), stdin) != NULL)\n                    {\n                        dataLen = strlen(data);\n                        if (dataLen > 0 && data[dataLen-1] == '\\n')\n                        {\n                            data[dataLen-1] = '\\0';\n                        }\n                    }\n                    else\n                    {\n                        printLine(\"fgets() failed\");\n                        data[dataLen] = '\\0';\n                    }\n                }\n            }\n        }\n    }\n    if(StaticValue==795)\n    {\n        int socketDescriptor;\n        int connectionStatus = 0;\n        char networkBuffer[256];\n        for (socketDescriptor = 0; socketDescriptor < 5; socketDescriptor++) {\n            if (connectionStatus == 0) {\n                networkBuffer[socketDescriptor] = 'A';\n            } else {\n                networkBuffer[socketDescriptor] = '0';\n            }\n        }\n        printLine(\"Successful! Problem Resolved!\");\n    }\n    PUTENV(data);\n}\n",
        "CWE_ID": "CWE427",
        "question": "Question: What happens if we replace the following original code snippet with the proposed variants? Will the vulnerability CWE427 be triggered, and how does it affect the functionality of the code?",
        "choices": {
            "A": "No, Function Preserved: The vulnerability CWE427 will not be triggered, and the original functionality is fully preserved.",
            "B": "No, Function Impaired: The vulnerability CWE427 will not be triggered, but the functionality of the original code is impaired.",
            "C": "Yes: The vulnerability CWE427 will still be triggered.",
            "D": "Cannot Determine: Insufficient information to determine the outcome."
        },
        "answer": "B",
        "distance": "inner_variant_0"
    },
    {
        "case_id": "CWE427_Uncontrolled_Search_Path_Element__char_console_01_bad",
        "org_code": "Original Code Snippet:\nvoid Sample_Func()\n{\n    char * data;\n    char dataBuffer[250] = \"PATH=\";\n    data = dataBuffer;\n    {\n        size_t dataLen = strlen(data);\n        if (250-dataLen > 1)\n        {\n            if (fgets(data+dataLen, (int)(250-dataLen), stdin) != NULL)\n            {\n                dataLen = strlen(data);\n                if (dataLen > 0 && data[dataLen-1] == '\\n')\n                {\n                    data[dataLen-1] = '\\0';\n                }\n            }\n            else\n            {\n                printLine(\"fgets() failed\");\n                data[dataLen] = '\\0';\n            }\n        }\n    }\n    PUTENV(data);\n}\n",
        "new_code": "Code Snippet Variant:\nstatic int StaticValue = 787;\nvoid Sample_Func()\n{\n    if (StaticValue==697)\n    {\n        {\n            char * data;\n            char dataBuffer[250] = \"PATH=\";\n            data = dataBuffer;\n            {\n                size_t dataLen = strlen(data);\n                if (250-dataLen > 1)\n                {\n                    if (fgets(data+dataLen, (int)(250-dataLen), stdin) != NULL)\n                    {\n                        dataLen = strlen(data);\n                        if (dataLen > 0 && data[dataLen-1] == '\\n')\n                        {\n                            data[dataLen-1] = '\\0';\n                        }\n                    }\n                    else\n                    {\n                        printLine(\"fgets() failed\");\n                        data[dataLen] = '\\0';\n                    }\n                }\n            }\n            PUTENV(data);\n        }\n    }\n    if (StaticValue==853)\n    {\n        {\n            char * data;\n            char dataBuffer[250] = \"PATH=\";\n            data = dataBuffer;\n            strcat(data, NEW_PATH);\n            PUTENV(data);\n        }\n    }\n    if (StaticValue==775)\n    {\n        {\n            char * data;\n            char dataBuffer[250] = \"PATH=\";\n            data = dataBuffer;\n            strcat(data, NEW_PATH);\n            PUTENV(data);\n        }\n    }\n    if(StaticValue==787)\n    {\n        int socketDescriptor;\n        int connectionStatus = 0;\n        char networkBuffer[256];\n        for (socketDescriptor = 0; socketDescriptor < 5; socketDescriptor++) {\n            if (connectionStatus == 0) {\n                networkBuffer[socketDescriptor] = 'A';\n            } else {\n                networkBuffer[socketDescriptor] = '0';\n            }\n        }\n        printLine(\"Successful! Problem Resolved!\");\n    }\n}\n",
        "CWE_ID": "CWE427",
        "question": "Question: What happens if we replace the following original code snippet with the proposed variants? Will the vulnerability CWE427 be triggered, and how does it affect the functionality of the code?",
        "choices": {
            "A": "No, Function Preserved: The vulnerability CWE427 will not be triggered, and the original functionality is fully preserved.",
            "B": "No, Function Impaired: The vulnerability CWE427 will not be triggered, but the functionality of the original code is impaired.",
            "C": "Yes: The vulnerability CWE427 will still be triggered.",
            "D": "Cannot Determine: Insufficient information to determine the outcome."
        },
        "answer": "B",
        "distance": "outer"
    },
    {
        "case_id": "CWE427_Uncontrolled_Search_Path_Element__char_console_01_bad",
        "org_code": "Original Code Snippet:\nvoid Sample_Func()\n{\n    char * data;\n    char dataBuffer[250] = \"PATH=\";\n    data = dataBuffer;\n    {\n        size_t dataLen = strlen(data);\n        if (250-dataLen > 1)\n        {\n            if (fgets(data+dataLen, (int)(250-dataLen), stdin) != NULL)\n            {\n                dataLen = strlen(data);\n                if (dataLen > 0 && data[dataLen-1] == '\\n')\n                {\n                    data[dataLen-1] = '\\0';\n                }\n            }\n            else\n            {\n                printLine(\"fgets() failed\");\n                data[dataLen] = '\\0';\n            }\n        }\n    }\n    PUTENV(data);\n}\n",
        "new_code": "Code Snippet Variant:\nstatic int StaticValue = 788;\nvoid Sample_Func()\n{\n    if (StaticValue==697)\n    {\n        {\n            char * data;\n            char dataBuffer[250] = \"PATH=\";\n            data = dataBuffer;\n            {\n                size_t dataLen = strlen(data);\n                if (250-dataLen > 1)\n                {\n                    if (fgets(data+dataLen, (int)(250-dataLen), stdin) != NULL)\n                    {\n                        dataLen = strlen(data);\n                        if(1)\n                        {\n                            if (dataLen > 0 && data[dataLen-1] == '\\n')\n                            {\n                                data[dataLen-1] = '\\0';\n                            }\n                        }\n                    }\n                    else\n                    {\n                        if(775==775)\n                        {\n                            printLine(\"fgets() failed\");\n                            data[dataLen] = '\\0';\n                        }\n                    }\n                }\n            }\n            PUTENV(data);\n        }\n    }\n    if (StaticValue==853)\n    {\n        {\n            char * data;\n            char dataBuffer[250] = \"PATH=\";\n            data = dataBuffer;\n            strcat(data, NEW_PATH);\n            PUTENV(data);\n        }\n    }\n    if (StaticValue==775)\n    {\n        {\n            char * data;\n            char dataBuffer[250] = \"PATH=\";\n            data = dataBuffer;\n            strcat(data, NEW_PATH);\n            PUTENV(data);\n        }\n    }\n    if(StaticValue==788)\n    {\n        int socketDescriptor;\n        int connectionStatus = 0;\n        char networkBuffer[256];\n        for (socketDescriptor = 0; socketDescriptor < 5; socketDescriptor++) {\n            if (connectionStatus == 0) {\n                networkBuffer[socketDescriptor] = 'A';\n            } else {\n                networkBuffer[socketDescriptor] = '0';\n            }\n        }\n        printLine(\"Successful! Problem Resolved!\");\n    }\n}\n",
        "CWE_ID": "CWE427",
        "question": "Question: What happens if we replace the following original code snippet with the proposed variants? Will the vulnerability CWE427 be triggered, and how does it affect the functionality of the code?",
        "choices": {
            "A": "No, Function Preserved: The vulnerability CWE427 will not be triggered, and the original functionality is fully preserved.",
            "B": "No, Function Impaired: The vulnerability CWE427 will not be triggered, but the functionality of the original code is impaired.",
            "C": "Yes: The vulnerability CWE427 will still be triggered.",
            "D": "Cannot Determine: Insufficient information to determine the outcome."
        },
        "answer": "B",
        "distance": "outer_variant"
    },
    {
        "case_id": "CWE427_Uncontrolled_Search_Path_Element__char_console_01_bad",
        "org_code": "Original Code Snippet:\nvoid Sample_Func()\n{\n    char * data;\n    char dataBuffer[250] = \"PATH=\";\n    data = dataBuffer;\n    {\n        size_t dataLen = strlen(data);\n        if (250-dataLen > 1)\n        {\n            if (fgets(data+dataLen, (int)(250-dataLen), stdin) != NULL)\n            {\n                dataLen = strlen(data);\n                if (dataLen > 0 && data[dataLen-1] == '\\n')\n                {\n                    data[dataLen-1] = '\\0';\n                }\n            }\n            else\n            {\n                printLine(\"fgets() failed\");\n                data[dataLen] = '\\0';\n            }\n        }\n    }\n    PUTENV(data);\n}\n",
        "new_code": "Code Snippet Variant:\nstatic int StaticValue = 529;\nvoid Sample_Func()\n{\n    char * data;\n    char dataBuffer[250] = \"PATH=\";\n    data = dataBuffer;\n    if (StaticValue==364)\n    {\n        strcat(data, NEW_PATH);\n    }\n    if (StaticValue==694)\n    {\n        {\n            size_t dataLen = strlen(data);\n            if (250-dataLen > 1)\n            {\n                if (fgets(data+dataLen, (int)(250-dataLen), stdin) != NULL)\n                {\n                    dataLen = strlen(data);\n                    if (dataLen > 0 && data[dataLen-1] == '\\n')\n                    {\n                        data[dataLen-1] = '\\0';\n                    }\n                }\n                else\n                {\n                    printLine(\"fgets() failed\");\n                    data[dataLen] = '\\0';\n                }\n            }\n        }\n    }\n    if (StaticValue==529)\n    {\n        {\n            size_t dataLen = strlen(data);\n            if (250-dataLen > 1)\n            {\n                if (fgets(data+dataLen, (int)(250-dataLen), stdin) != NULL)\n                {\n                    dataLen = strlen(data);\n                    if (dataLen > 0 && data[dataLen-1] == '\\n')\n                    {\n                        data[dataLen-1] = '\\0';\n                    }\n                }\n                else\n                {\n                    printLine(\"fgets() failed\");\n                    data[dataLen] = '\\0';\n                }\n            }\n        }\n    }\n    PUTENV(data);\n}\n",
        "CWE_ID": "CWE427",
        "question": "Question: What happens if we replace the following original code snippet with the proposed variants? Will the vulnerability CWE427 be triggered, and how does it affect the functionality of the code?",
        "choices": {
            "A": "No, Function Preserved: The vulnerability CWE427 will not be triggered, and the original functionality is fully preserved.",
            "B": "No, Function Impaired: The vulnerability CWE427 will not be triggered, but the functionality of the original code is impaired.",
            "C": "Yes: The vulnerability CWE427 will still be triggered.",
            "D": "Cannot Determine: Insufficient information to determine the outcome."
        },
        "answer": "C",
        "distance": "inner_0"
    },
    {
        "case_id": "CWE427_Uncontrolled_Search_Path_Element__char_console_01_bad",
        "org_code": "Original Code Snippet:\nvoid Sample_Func()\n{\n    char * data;\n    char dataBuffer[250] = \"PATH=\";\n    data = dataBuffer;\n    {\n        size_t dataLen = strlen(data);\n        if (250-dataLen > 1)\n        {\n            if (fgets(data+dataLen, (int)(250-dataLen), stdin) != NULL)\n            {\n                dataLen = strlen(data);\n                if (dataLen > 0 && data[dataLen-1] == '\\n')\n                {\n                    data[dataLen-1] = '\\0';\n                }\n            }\n            else\n            {\n                printLine(\"fgets() failed\");\n                data[dataLen] = '\\0';\n            }\n        }\n    }\n    PUTENV(data);\n}\n",
        "new_code": "Code Snippet Variant:\nstatic int StaticValue = 529;\nvoid Sample_Func()\n{\n    if (StaticValue==529)\n    {\n        {\n            char * data;\n            char dataBuffer[250] = \"PATH=\";\n            data = dataBuffer;\n            if (StaticValue==364)\n            {\n                strcat(data, NEW_PATH);\n            }\n            if (StaticValue==694)\n            {\n                {\n                    size_t dataLen = strlen(data);\n                    if (250-dataLen > 1)\n                    {\n                        if (fgets(data+dataLen, (int)(250-dataLen), stdin) != NULL)\n                        {\n                            dataLen = strlen(data);\n                            if (dataLen > 0 && data[dataLen-1] == '\\n')\n                            {\n                                data[dataLen-1] = '\\0';\n                            }\n                        }\n                        else\n                        {\n                            printLine(\"fgets() failed\");\n                            data[dataLen] = '\\0';\n                        }\n                    }\n                }\n            }\n            if (StaticValue==529)\n            {\n                {\n                    size_t dataLen = strlen(data);\n                    if (250-dataLen > 1)\n                    {\n                        if (fgets(data+dataLen, (int)(250-dataLen), stdin) != NULL)\n                        {\n                            dataLen = strlen(data);\n                            if (dataLen > 0 && data[dataLen-1] == '\\n')\n                            {\n                                data[dataLen-1] = '\\0';\n                            }\n                        }\n                        else\n                        {\n                            printLine(\"fgets() failed\");\n                            data[dataLen] = '\\0';\n                        }\n                    }\n                }\n            }\n            PUTENV(data);\n        }\n    }\n    if (StaticValue==600)\n    {\n        {\n            char * data;\n            char dataBuffer[250] = \"PATH=\";\n            data = dataBuffer;\n            {\n                size_t dataLen = strlen(data);\n                if (250-dataLen > 1)\n                {\n                    if (fgets(data+dataLen, (int)(250-dataLen), stdin) != NULL)\n                    {\n                        dataLen = strlen(data);\n                        if (dataLen > 0 && data[dataLen-1] == '\\n')\n                        {\n                            data[dataLen-1] = '\\0';\n                        }\n                    }\n                    else\n                    {\n                        printLine(\"fgets() failed\");\n                        data[dataLen] = '\\0';\n                    }\n                }\n            }\n            PUTENV(data);\n        }\n    }\n    if (StaticValue==458)\n    {\n        {\n            char * data;\n            char dataBuffer[250] = \"PATH=\";\n            data = dataBuffer;\n            strcat(data, NEW_PATH);\n            PUTENV(data);\n        }\n    }\n}\n",
        "CWE_ID": "CWE427",
        "question": "Question: What happens if we replace the following original code snippet with the proposed variants? Will the vulnerability CWE427 be triggered, and how does it affect the functionality of the code?",
        "choices": {
            "A": "No, Function Preserved: The vulnerability CWE427 will not be triggered, and the original functionality is fully preserved.",
            "B": "No, Function Impaired: The vulnerability CWE427 will not be triggered, but the functionality of the original code is impaired.",
            "C": "Yes: The vulnerability CWE427 will still be triggered.",
            "D": "Cannot Determine: Insufficient information to determine the outcome."
        },
        "answer": "C",
        "distance": "inner_outer_0"
    },
    {
        "case_id": "CWE427_Uncontrolled_Search_Path_Element__char_console_01_bad",
        "org_code": "Original Code Snippet:\nvoid Sample_Func()\n{\n    char * data;\n    char dataBuffer[250] = \"PATH=\";\n    data = dataBuffer;\n    {\n        size_t dataLen = strlen(data);\n        if (250-dataLen > 1)\n        {\n            if (fgets(data+dataLen, (int)(250-dataLen), stdin) != NULL)\n            {\n                dataLen = strlen(data);\n                if (dataLen > 0 && data[dataLen-1] == '\\n')\n                {\n                    data[dataLen-1] = '\\0';\n                }\n            }\n            else\n            {\n                printLine(\"fgets() failed\");\n                data[dataLen] = '\\0';\n            }\n        }\n    }\n    PUTENV(data);\n}\n",
        "new_code": "Code Snippet Variant:\nstatic int StaticValue = 529;\nvoid Sample_Func()\n{\n    if (StaticValue==529)\n    {\n        int DogCat;\n        {\n            char * data;\n            char dataBuffer[250] = \"PATH=\";\n            data = dataBuffer;\n            if (StaticValue==364)\n            {\n                strcat(data, NEW_PATH);\n            }\n            if (StaticValue==694)\n            {\n                {\n                    size_t dataLen = strlen(data);\n                    if (250-dataLen > 1)\n                    {\n                        if(529==529)\n                        {\n                            if (fgets(data+dataLen, (int)(250-dataLen), stdin) != NULL)\n                            {\n                                dataLen = strlen(data);\n                                if (dataLen > 0 && data[dataLen-1] == '\\n')\n                                {\n                                    data[dataLen-1] = '\\0';\n                                }\n                            }\n                            else\n                            {\n                                printLine(\"fgets() failed\");\n                                data[dataLen] = '\\0';\n                            }\n                        }\n                    }\n                }\n            }\n            if (StaticValue==529)\n            {\n                {\n                    size_t dataLen = strlen(data);\n                    if (250-dataLen > 1)\n                    {\n                        if (fgets(data+dataLen, (int)(250-dataLen), stdin) != NULL)\n                        {\n                            dataLen = strlen(data);\n                            if (dataLen > 0 && data[dataLen-1] == '\\n')\n                            {\n                                data[dataLen-1] = '\\0';\n                            }\n                        }\n                        else\n                        {\n                            for(DogCat = 0; DogCat < 1; DogCat++)\n                            {\n                                printLine(\"fgets() failed\");\n                                data[dataLen] = '\\0';\n                            }\n                        }\n                    }\n                }\n            }\n            PUTENV(data);\n        }\n    }\n    if (StaticValue==600)\n    {\n        {\n            char * data;\n            char dataBuffer[250] = \"PATH=\";\n            data = dataBuffer;\n            {\n                size_t dataLen = strlen(data);\n                if (250-dataLen > 1)\n                {\n                    if (fgets(data+dataLen, (int)(250-dataLen), stdin) != NULL)\n                    {\n                        dataLen = strlen(data);\n                        if (dataLen > 0 && data[dataLen-1] == '\\n')\n                        {\n                            data[dataLen-1] = '\\0';\n                        }\n                    }\n                    else\n                    {\n                        printLine(\"fgets() failed\");\n                        data[dataLen] = '\\0';\n                    }\n                }\n            }\n            PUTENV(data);\n        }\n    }\n    if (StaticValue==458)\n    {\n        {\n            char * data;\n            char dataBuffer[250] = \"PATH=\";\n            data = dataBuffer;\n            strcat(data, NEW_PATH);\n            PUTENV(data);\n        }\n    }\n}\n",
        "CWE_ID": "CWE427",
        "question": "Question: What happens if we replace the following original code snippet with the proposed variants? Will the vulnerability CWE427 be triggered, and how does it affect the functionality of the code?",
        "choices": {
            "A": "No, Function Preserved: The vulnerability CWE427 will not be triggered, and the original functionality is fully preserved.",
            "B": "No, Function Impaired: The vulnerability CWE427 will not be triggered, but the functionality of the original code is impaired.",
            "C": "Yes: The vulnerability CWE427 will still be triggered.",
            "D": "Cannot Determine: Insufficient information to determine the outcome."
        },
        "answer": "C",
        "distance": "inner_outer_variant_0"
    },
    {
        "case_id": "CWE427_Uncontrolled_Search_Path_Element__char_console_01_bad",
        "org_code": "Original Code Snippet:\nvoid Sample_Func()\n{\n    char * data;\n    char dataBuffer[250] = \"PATH=\";\n    data = dataBuffer;\n    {\n        size_t dataLen = strlen(data);\n        if (250-dataLen > 1)\n        {\n            if (fgets(data+dataLen, (int)(250-dataLen), stdin) != NULL)\n            {\n                dataLen = strlen(data);\n                if (dataLen > 0 && data[dataLen-1] == '\\n')\n                {\n                    data[dataLen-1] = '\\0';\n                }\n            }\n            else\n            {\n                printLine(\"fgets() failed\");\n                data[dataLen] = '\\0';\n            }\n        }\n    }\n    PUTENV(data);\n}\n",
        "new_code": "Code Snippet Variant:\nstatic int StaticValue = 529;\nvoid Sample_Func()\n{\n    int DogCat;\n    char * data;\n    char dataBuffer[250] = \"PATH=\";\n    data = dataBuffer;\n    if (StaticValue==364)\n    {\n        strcat(data, NEW_PATH);\n    }\n    if (StaticValue==694)\n    {\n        {\n            size_t dataLen = strlen(data);\n            if(StaticValue==529)\n            {\n                if (250-dataLen > 1)\n                {\n                    if (fgets(data+dataLen, (int)(250-dataLen), stdin) != NULL)\n                    {\n                        dataLen = strlen(data);\n                        if (dataLen > 0 && data[dataLen-1] == '\\n')\n                        {\n                            data[dataLen-1] = '\\0';\n                        }\n                    }\n                    else\n                    {\n                        printLine(\"fgets() failed\");\n                        data[dataLen] = '\\0';\n                    }\n                }\n            }\n        }\n    }\n    if (StaticValue==529)\n    {\n        {\n            size_t dataLen = strlen(data);\n            for(DogCat = 0; DogCat < 1; DogCat++)\n            {\n                if (250-dataLen > 1)\n                {\n                    if (fgets(data+dataLen, (int)(250-dataLen), stdin) != NULL)\n                    {\n                        dataLen = strlen(data);\n                        if (dataLen > 0 && data[dataLen-1] == '\\n')\n                        {\n                            data[dataLen-1] = '\\0';\n                        }\n                    }\n                    else\n                    {\n                        printLine(\"fgets() failed\");\n                        data[dataLen] = '\\0';\n                    }\n                }\n            }\n        }\n    }\n    PUTENV(data);\n}\n",
        "CWE_ID": "CWE427",
        "question": "Question: What happens if we replace the following original code snippet with the proposed variants? Will the vulnerability CWE427 be triggered, and how does it affect the functionality of the code?",
        "choices": {
            "A": "No, Function Preserved: The vulnerability CWE427 will not be triggered, and the original functionality is fully preserved.",
            "B": "No, Function Impaired: The vulnerability CWE427 will not be triggered, but the functionality of the original code is impaired.",
            "C": "Yes: The vulnerability CWE427 will still be triggered.",
            "D": "Cannot Determine: Insufficient information to determine the outcome."
        },
        "answer": "C",
        "distance": "inner_variant_0"
    },
    {
        "case_id": "CWE427_Uncontrolled_Search_Path_Element__char_console_01_bad",
        "org_code": "Original Code Snippet:\nvoid Sample_Func()\n{\n    char * data;\n    char dataBuffer[250] = \"PATH=\";\n    data = dataBuffer;\n    {\n        size_t dataLen = strlen(data);\n        if (250-dataLen > 1)\n        {\n            if (fgets(data+dataLen, (int)(250-dataLen), stdin) != NULL)\n            {\n                dataLen = strlen(data);\n                if (dataLen > 0 && data[dataLen-1] == '\\n')\n                {\n                    data[dataLen-1] = '\\0';\n                }\n            }\n            else\n            {\n                printLine(\"fgets() failed\");\n                data[dataLen] = '\\0';\n            }\n        }\n    }\n    PUTENV(data);\n}\n",
        "new_code": "Code Snippet Variant:\nstatic int StaticValue = 529;\nvoid Sample_Func()\n{\n    if (StaticValue==529)\n    {\n        {\n            char * data;\n            char dataBuffer[250] = \"PATH=\";\n            data = dataBuffer;\n            {\n                size_t dataLen = strlen(data);\n                if (250-dataLen > 1)\n                {\n                    if (fgets(data+dataLen, (int)(250-dataLen), stdin) != NULL)\n                    {\n                        dataLen = strlen(data);\n                        if (dataLen > 0 && data[dataLen-1] == '\\n')\n                        {\n                            data[dataLen-1] = '\\0';\n                        }\n                    }\n                    else\n                    {\n                        printLine(\"fgets() failed\");\n                        data[dataLen] = '\\0';\n                    }\n                }\n            }\n            PUTENV(data);\n        }\n    }\n    if (StaticValue==600)\n    {\n        {\n            char * data;\n            char dataBuffer[250] = \"PATH=\";\n            data = dataBuffer;\n            {\n                size_t dataLen = strlen(data);\n                if (250-dataLen > 1)\n                {\n                    if (fgets(data+dataLen, (int)(250-dataLen), stdin) != NULL)\n                    {\n                        dataLen = strlen(data);\n                        if (dataLen > 0 && data[dataLen-1] == '\\n')\n                        {\n                            data[dataLen-1] = '\\0';\n                        }\n                    }\n                    else\n                    {\n                        printLine(\"fgets() failed\");\n                        data[dataLen] = '\\0';\n                    }\n                }\n            }\n            PUTENV(data);\n        }\n    }\n    if (StaticValue==458)\n    {\n        {\n            char * data;\n            char dataBuffer[250] = \"PATH=\";\n            data = dataBuffer;\n            strcat(data, NEW_PATH);\n            PUTENV(data);\n        }\n    }\n}\n",
        "CWE_ID": "CWE427",
        "question": "Question: What happens if we replace the following original code snippet with the proposed variants? Will the vulnerability CWE427 be triggered, and how does it affect the functionality of the code?",
        "choices": {
            "A": "No, Function Preserved: The vulnerability CWE427 will not be triggered, and the original functionality is fully preserved.",
            "B": "No, Function Impaired: The vulnerability CWE427 will not be triggered, but the functionality of the original code is impaired.",
            "C": "Yes: The vulnerability CWE427 will still be triggered.",
            "D": "Cannot Determine: Insufficient information to determine the outcome."
        },
        "answer": "C",
        "distance": "outer"
    },
    {
        "case_id": "CWE427_Uncontrolled_Search_Path_Element__char_console_01_bad",
        "org_code": "Original Code Snippet:\nvoid Sample_Func()\n{\n    char * data;\n    char dataBuffer[250] = \"PATH=\";\n    data = dataBuffer;\n    {\n        size_t dataLen = strlen(data);\n        if (250-dataLen > 1)\n        {\n            if (fgets(data+dataLen, (int)(250-dataLen), stdin) != NULL)\n            {\n                dataLen = strlen(data);\n                if (dataLen > 0 && data[dataLen-1] == '\\n')\n                {\n                    data[dataLen-1] = '\\0';\n                }\n            }\n            else\n            {\n                printLine(\"fgets() failed\");\n                data[dataLen] = '\\0';\n            }\n        }\n    }\n    PUTENV(data);\n}\n",
        "new_code": "Code Snippet Variant:\nstatic int StaticValue = 529;\nvoid Sample_Func()\n{\n    if (StaticValue==529)\n    {\n        {\n            char * data;\n            char dataBuffer[250] = \"PATH=\";\n            data = dataBuffer;\n            {\n                size_t dataLen = strlen(data);\n                if (250-dataLen > 1)\n                {\n                    if (fgets(data+dataLen, (int)(250-dataLen), stdin) != NULL)\n                    {\n                        dataLen = strlen(data);\n                        if(1)\n                        {\n                            if (dataLen > 0 && data[dataLen-1] == '\\n')\n                            {\n                                data[dataLen-1] = '\\0';\n                            }\n                        }\n                    }\n                    else\n                    {\n                        if(529==529)\n                        {\n                            printLine(\"fgets() failed\");\n                            data[dataLen] = '\\0';\n                        }\n                    }\n                }\n            }\n            PUTENV(data);\n        }\n    }\n    if (StaticValue==600)\n    {\n        {\n            char * data;\n            char dataBuffer[250] = \"PATH=\";\n            data = dataBuffer;\n            {\n                size_t dataLen = strlen(data);\n                if (250-dataLen > 1)\n                {\n                    if (fgets(data+dataLen, (int)(250-dataLen), stdin) != NULL)\n                    {\n                        dataLen = strlen(data);\n                        if (dataLen > 0 && data[dataLen-1] == '\\n')\n                        {\n                            data[dataLen-1] = '\\0';\n                        }\n                    }\n                    else\n                    {\n                        printLine(\"fgets() failed\");\n                        data[dataLen] = '\\0';\n                    }\n                }\n            }\n            PUTENV(data);\n        }\n    }\n    if (StaticValue==458)\n    {\n        {\n            char * data;\n            char dataBuffer[250] = \"PATH=\";\n            data = dataBuffer;\n            strcat(data, NEW_PATH);\n            PUTENV(data);\n        }\n    }\n}\n",
        "CWE_ID": "CWE427",
        "question": "Question: What happens if we replace the following original code snippet with the proposed variants? Will the vulnerability CWE427 be triggered, and how does it affect the functionality of the code?",
        "choices": {
            "A": "No, Function Preserved: The vulnerability CWE427 will not be triggered, and the original functionality is fully preserved.",
            "B": "No, Function Impaired: The vulnerability CWE427 will not be triggered, but the functionality of the original code is impaired.",
            "C": "Yes: The vulnerability CWE427 will still be triggered.",
            "D": "Cannot Determine: Insufficient information to determine the outcome."
        },
        "answer": "C",
        "distance": "outer_variant"
    }
]