[
    {
        "case_id": "CWE563_Unused_Variable__unused_init_variable_long_01_bad",
        "org_code": "Original Code Snippet:\nvoid Sample_Func()\n{\n    long data;\n    data = 5L;\n    ;  \n}\n",
        "new_code": "Code Snippet Variant:\nstatic int StaticValue = 575;\nvoid Sample_Func()\n{\n    long data;\n    data = 5L;\n    if (StaticValue==474)\n    {\n        ;  \n    }\n    if (StaticValue==676)\n    {\n        printLongLine(data);\n    }\n    if (StaticValue==575)\n    {\n        printLongLine(data);\n    }\n}\n",
        "CWE_ID": "CWE563",
        "question": "Question: What happens if we replace the following original code snippet with the proposed variants? Will the vulnerability CWE563 be triggered, and how does it affect the functionality of the code?",
        "choices": {
            "A": "No, Function Preserved: The vulnerability CWE563 will not be triggered, and the original functionality is fully preserved.",
            "B": "No, Function Impaired: The vulnerability CWE563 will not be triggered, but the functionality of the original code is impaired.",
            "C": "Yes: The vulnerability CWE563 will still be triggered.",
            "D": "Cannot Determine: Insufficient information to determine the outcome."
        },
        "answer": "A",
        "distance": "inner_0"
    },
    {
        "case_id": "CWE563_Unused_Variable__unused_init_variable_long_01_bad",
        "org_code": "Original Code Snippet:\nvoid Sample_Func()\n{\n    long data;\n    data = 5L;\n    ;  \n}\n",
        "new_code": "Code Snippet Variant:\nstatic int StaticValue = 575;\nvoid Sample_Func()\n{\n    if (StaticValue==503)\n    {\n        {\n            long data;\n            data = 5L;\n            ;  \n        }\n    }\n    if (StaticValue==647)\n    {\n        {\n            long data;\n            data = 5L;\n            printLongLine(data);\n        }\n    }\n    if (StaticValue==575)\n    {\n        {\n            long data;\n            data = 5L;\n            if (StaticValue==474)\n            {\n                ;  \n            }\n            if (StaticValue==676)\n            {\n                printLongLine(data);\n            }\n            if (StaticValue==575)\n            {\n                printLongLine(data);\n            }\n        }\n    }\n}\n",
        "CWE_ID": "CWE563",
        "question": "Question: What happens if we replace the following original code snippet with the proposed variants? Will the vulnerability CWE563 be triggered, and how does it affect the functionality of the code?",
        "choices": {
            "A": "No, Function Preserved: The vulnerability CWE563 will not be triggered, and the original functionality is fully preserved.",
            "B": "No, Function Impaired: The vulnerability CWE563 will not be triggered, but the functionality of the original code is impaired.",
            "C": "Yes: The vulnerability CWE563 will still be triggered.",
            "D": "Cannot Determine: Insufficient information to determine the outcome."
        },
        "answer": "A",
        "distance": "inner_outer_0"
    },
    {
        "case_id": "CWE563_Unused_Variable__unused_init_variable_long_01_bad",
        "org_code": "Original Code Snippet:\nvoid Sample_Func()\n{\n    long data;\n    data = 5L;\n    ;  \n}\n",
        "new_code": "Code Snippet Variant:\nstatic int StaticValue = 575;\nvoid Sample_Func()\n{\n    if (StaticValue==503)\n    {\n        {\n            long data;\n            data = 5L;\n            ;  \n        }\n    }\n    if (StaticValue==647)\n    {\n        {\n            long data;\n            data = 5L;\n            printLongLine(data);\n        }\n    }\n    if (StaticValue==575)\n    {\n        {\n            long data;\n            data = 5L;\n            printLongLine(data);\n        }\n    }\n}\n",
        "CWE_ID": "CWE563",
        "question": "Question: What happens if we replace the following original code snippet with the proposed variants? Will the vulnerability CWE563 be triggered, and how does it affect the functionality of the code?",
        "choices": {
            "A": "No, Function Preserved: The vulnerability CWE563 will not be triggered, and the original functionality is fully preserved.",
            "B": "No, Function Impaired: The vulnerability CWE563 will not be triggered, but the functionality of the original code is impaired.",
            "C": "Yes: The vulnerability CWE563 will still be triggered.",
            "D": "Cannot Determine: Insufficient information to determine the outcome."
        },
        "answer": "A",
        "distance": "outer"
    },
    {
        "case_id": "CWE563_Unused_Variable__unused_init_variable_long_01_bad",
        "org_code": "Original Code Snippet:\nvoid Sample_Func()\n{\n    long data;\n    data = 5L;\n    ;  \n}\n",
        "new_code": "Code Snippet Variant:\nstatic int StaticValue = 592;\nvoid Sample_Func()\n{\n    long data;\n    data = 5L;\n    if (StaticValue==474)\n    {\n        ;  \n    }\n    if (StaticValue==676)\n    {\n        printLongLine(data);\n    }\n    if (StaticValue==575)\n    {\n        printLongLine(data);\n    }\n    if(StaticValue==592)\n    {\n        int socketDescriptor;\n        int connectionStatus = 0;\n        char networkBuffer[256];\n        for (socketDescriptor = 0; socketDescriptor < 5; socketDescriptor++) {\n            if (connectionStatus == 0) {\n                networkBuffer[socketDescriptor] = 'A';\n            } else {\n                networkBuffer[socketDescriptor] = '0';\n            }\n        }\n        printLine(\"Successful! Problem Resolved!\");\n    }\n}\n",
        "CWE_ID": "CWE563",
        "question": "Question: What happens if we replace the following original code snippet with the proposed variants? Will the vulnerability CWE563 be triggered, and how does it affect the functionality of the code?",
        "choices": {
            "A": "No, Function Preserved: The vulnerability CWE563 will not be triggered, and the original functionality is fully preserved.",
            "B": "No, Function Impaired: The vulnerability CWE563 will not be triggered, but the functionality of the original code is impaired.",
            "C": "Yes: The vulnerability CWE563 will still be triggered.",
            "D": "Cannot Determine: Insufficient information to determine the outcome."
        },
        "answer": "B",
        "distance": "inner_0"
    },
    {
        "case_id": "CWE563_Unused_Variable__unused_init_variable_long_01_bad",
        "org_code": "Original Code Snippet:\nvoid Sample_Func()\n{\n    long data;\n    data = 5L;\n    ;  \n}\n",
        "new_code": "Code Snippet Variant:\nstatic int StaticValue = 590;\nvoid Sample_Func()\n{\n    if (StaticValue==503)\n    {\n        {\n            long data;\n            data = 5L;\n            ;  \n        }\n    }\n    if(StaticValue==590)\n    {\n        int socketDescriptor;\n        int connectionStatus = 0;\n        char networkBuffer[256];\n        for (socketDescriptor = 0; socketDescriptor < 5; socketDescriptor++) {\n            if (connectionStatus == 0) {\n                networkBuffer[socketDescriptor] = 'A';\n            } else {\n                networkBuffer[socketDescriptor] = '0';\n            }\n        }\n        printLine(\"Successful! Problem Resolved!\");\n    }\n    if (StaticValue==647)\n    {\n        {\n            long data;\n            data = 5L;\n            printLongLine(data);\n        }\n    }\n    if (StaticValue==575)\n    {\n        {\n            long data;\n            data = 5L;\n            if (StaticValue==474)\n            {\n                ;  \n            }\n            if (StaticValue==676)\n            {\n                printLongLine(data);\n            }\n            if (StaticValue==575)\n            {\n                printLongLine(data);\n            }\n        }\n    }\n}\n",
        "CWE_ID": "CWE563",
        "question": "Question: What happens if we replace the following original code snippet with the proposed variants? Will the vulnerability CWE563 be triggered, and how does it affect the functionality of the code?",
        "choices": {
            "A": "No, Function Preserved: The vulnerability CWE563 will not be triggered, and the original functionality is fully preserved.",
            "B": "No, Function Impaired: The vulnerability CWE563 will not be triggered, but the functionality of the original code is impaired.",
            "C": "Yes: The vulnerability CWE563 will still be triggered.",
            "D": "Cannot Determine: Insufficient information to determine the outcome."
        },
        "answer": "B",
        "distance": "inner_outer_0"
    },
    {
        "case_id": "CWE563_Unused_Variable__unused_init_variable_long_01_bad",
        "org_code": "Original Code Snippet:\nvoid Sample_Func()\n{\n    long data;\n    data = 5L;\n    ;  \n}\n",
        "new_code": "Code Snippet Variant:\nstatic int StaticValue = 585;\nvoid Sample_Func()\n{\n    if (StaticValue==503)\n    {\n        {\n            long data;\n            data = 5L;\n            ;  \n        }\n    }\n    if(StaticValue==585)\n    {\n        int socketDescriptor;\n        int connectionStatus = 0;\n        char networkBuffer[256];\n        for (socketDescriptor = 0; socketDescriptor < 5; socketDescriptor++) {\n            if (connectionStatus == 0) {\n                networkBuffer[socketDescriptor] = 'A';\n            } else {\n                networkBuffer[socketDescriptor] = '0';\n            }\n        }\n        printLine(\"Successful! Problem Resolved!\");\n    }\n    if (StaticValue==647)\n    {\n        {\n            long data;\n            data = 5L;\n            printLongLine(data);\n        }\n    }\n    if (StaticValue==575)\n    {\n        {\n            long data;\n            data = 5L;\n            printLongLine(data);\n        }\n    }\n}\n",
        "CWE_ID": "CWE563",
        "question": "Question: What happens if we replace the following original code snippet with the proposed variants? Will the vulnerability CWE563 be triggered, and how does it affect the functionality of the code?",
        "choices": {
            "A": "No, Function Preserved: The vulnerability CWE563 will not be triggered, and the original functionality is fully preserved.",
            "B": "No, Function Impaired: The vulnerability CWE563 will not be triggered, but the functionality of the original code is impaired.",
            "C": "Yes: The vulnerability CWE563 will still be triggered.",
            "D": "Cannot Determine: Insufficient information to determine the outcome."
        },
        "answer": "B",
        "distance": "outer"
    },
    {
        "case_id": "CWE563_Unused_Variable__unused_init_variable_long_01_bad",
        "org_code": "Original Code Snippet:\nvoid Sample_Func()\n{\n    long data;\n    data = 5L;\n    ;  \n}\n",
        "new_code": "Code Snippet Variant:\nstatic int StaticValue = 868;\nvoid Sample_Func()\n{\n    long data;\n    data = 5L;\n    if (StaticValue==1000)\n    {\n        ;  \n    }\n    if (StaticValue==868)\n    {\n        ;  \n    }\n    if (StaticValue==736)\n    {\n        printLongLine(data);\n    }\n}\n",
        "CWE_ID": "CWE563",
        "question": "Question: What happens if we replace the following original code snippet with the proposed variants? Will the vulnerability CWE563 be triggered, and how does it affect the functionality of the code?",
        "choices": {
            "A": "No, Function Preserved: The vulnerability CWE563 will not be triggered, and the original functionality is fully preserved.",
            "B": "No, Function Impaired: The vulnerability CWE563 will not be triggered, but the functionality of the original code is impaired.",
            "C": "Yes: The vulnerability CWE563 will still be triggered.",
            "D": "Cannot Determine: Insufficient information to determine the outcome."
        },
        "answer": "C",
        "distance": "inner_0"
    },
    {
        "case_id": "CWE563_Unused_Variable__unused_init_variable_long_01_bad",
        "org_code": "Original Code Snippet:\nvoid Sample_Func()\n{\n    long data;\n    data = 5L;\n    ;  \n}\n",
        "new_code": "Code Snippet Variant:\nstatic int StaticValue = 868;\nvoid Sample_Func()\n{\n    if (StaticValue==868)\n    {\n        {\n            long data;\n            data = 5L;\n            if (StaticValue==1000)\n            {\n                ;  \n            }\n            if (StaticValue==868)\n            {\n                ;  \n            }\n            if (StaticValue==736)\n            {\n                printLongLine(data);\n            }\n        }\n    }\n    if (StaticValue==959)\n    {\n        {\n            long data;\n            data = 5L;\n            ;  \n        }\n    }\n    if (StaticValue==777)\n    {\n        {\n            long data;\n            data = 5L;\n            printLongLine(data);\n        }\n    }\n}\n",
        "CWE_ID": "CWE563",
        "question": "Question: What happens if we replace the following original code snippet with the proposed variants? Will the vulnerability CWE563 be triggered, and how does it affect the functionality of the code?",
        "choices": {
            "A": "No, Function Preserved: The vulnerability CWE563 will not be triggered, and the original functionality is fully preserved.",
            "B": "No, Function Impaired: The vulnerability CWE563 will not be triggered, but the functionality of the original code is impaired.",
            "C": "Yes: The vulnerability CWE563 will still be triggered.",
            "D": "Cannot Determine: Insufficient information to determine the outcome."
        },
        "answer": "C",
        "distance": "inner_outer_0"
    },
    {
        "case_id": "CWE563_Unused_Variable__unused_init_variable_long_01_bad",
        "org_code": "Original Code Snippet:\nvoid Sample_Func()\n{\n    long data;\n    data = 5L;\n    ;  \n}\n",
        "new_code": "Code Snippet Variant:\nstatic int StaticValue = 868;\nvoid Sample_Func()\n{\n    if (StaticValue==868)\n    {\n        int DogCat;\n        {\n            long data;\n            data = 5L;\n            if (StaticValue==1000)\n            {\n                ;  \n            }\n            if(StaticValue==868)\n            {\n                if (StaticValue==868)\n                {\n                    ;  \n                }\n            }\n            for(DogCat = 0; DogCat < 1; DogCat++)\n            {\n                if (StaticValue==736)\n                {\n                    printLongLine(data);\n                }\n            }\n        }\n    }\n    if (StaticValue==959)\n    {\n        {\n            long data;\n            data = 5L;\n            ;  \n        }\n    }\n    if (StaticValue==777)\n    {\n        {\n            long data;\n            data = 5L;\n            printLongLine(data);\n        }\n    }\n}\n",
        "CWE_ID": "CWE563",
        "question": "Question: What happens if we replace the following original code snippet with the proposed variants? Will the vulnerability CWE563 be triggered, and how does it affect the functionality of the code?",
        "choices": {
            "A": "No, Function Preserved: The vulnerability CWE563 will not be triggered, and the original functionality is fully preserved.",
            "B": "No, Function Impaired: The vulnerability CWE563 will not be triggered, but the functionality of the original code is impaired.",
            "C": "Yes: The vulnerability CWE563 will still be triggered.",
            "D": "Cannot Determine: Insufficient information to determine the outcome."
        },
        "answer": "C",
        "distance": "inner_outer_variant_0"
    },
    {
        "case_id": "CWE563_Unused_Variable__unused_init_variable_long_01_bad",
        "org_code": "Original Code Snippet:\nvoid Sample_Func()\n{\n    long data;\n    data = 5L;\n    ;  \n}\n",
        "new_code": "Code Snippet Variant:\nstatic int StaticValue = 868;\nvoid Sample_Func()\n{\n    if (StaticValue==868)\n    {\n        {\n            long data;\n            data = 5L;\n            ;  \n        }\n    }\n    if (StaticValue==959)\n    {\n        {\n            long data;\n            data = 5L;\n            ;  \n        }\n    }\n    if (StaticValue==777)\n    {\n        {\n            long data;\n            data = 5L;\n            printLongLine(data);\n        }\n    }\n}\n",
        "CWE_ID": "CWE563",
        "question": "Question: What happens if we replace the following original code snippet with the proposed variants? Will the vulnerability CWE563 be triggered, and how does it affect the functionality of the code?",
        "choices": {
            "A": "No, Function Preserved: The vulnerability CWE563 will not be triggered, and the original functionality is fully preserved.",
            "B": "No, Function Impaired: The vulnerability CWE563 will not be triggered, but the functionality of the original code is impaired.",
            "C": "Yes: The vulnerability CWE563 will still be triggered.",
            "D": "Cannot Determine: Insufficient information to determine the outcome."
        },
        "answer": "C",
        "distance": "outer"
    }
]