[
    {
        "case_id": "CWE475_Undefined_Behavior_for_Input_to_API__char_01_bad",
        "org_code": "Original Code Snippet:\nvoid Sample_Func()\n{\n    {\n        char dataBuffer[100] = \"\";\n        char * data = dataBuffer;\n        strcpy(data, \"abcdefghijklmnopqrstuvwxyz\");\n        memcpy(data + 6, data + 4, 10*sizeof(char));\n        printLine(data);\n    }\n}\n",
        "new_code": "Code Snippet Variant:\nstatic int StaticValue = 523;\nvoid Sample_Func()\n{\n    {\n        char dataBuffer[100] = \"\";\n        char * data = dataBuffer;\n        strcpy(data, \"abcdefghijklmnopqrstuvwxyz\");\n        if (StaticValue==331)\n        {\n            memcpy(data + 6, data + 4, 10*sizeof(char));\n        }\n        if (StaticValue==715)\n        {\n            memmove(data + 6, data + 4, 10*sizeof(char));\n        }\n        if (StaticValue==523)\n        {\n            memmove(data + 6, data + 4, 10*sizeof(char));\n        }\n        printLine(data);\n    }\n}\n",
        "CWE_ID": "CWE475",
        "question": "Question: What happens if we replace the following original code snippet with the proposed variants? Will the vulnerability CWE475 be triggered, and how does it affect the functionality of the code?",
        "choices": {
            "A": "No, Function Preserved: The vulnerability CWE475 will not be triggered, and the original functionality is fully preserved.",
            "B": "No, Function Impaired: The vulnerability CWE475 will not be triggered, but the functionality of the original code is impaired.",
            "C": "Yes: The vulnerability CWE475 will still be triggered.",
            "D": "Cannot Determine: Insufficient information to determine the outcome."
        },
        "answer": "A",
        "distance": "inner_0"
    },
    {
        "case_id": "CWE475_Undefined_Behavior_for_Input_to_API__char_01_bad",
        "org_code": "Original Code Snippet:\nvoid Sample_Func()\n{\n    {\n        char dataBuffer[100] = \"\";\n        char * data = dataBuffer;\n        strcpy(data, \"abcdefghijklmnopqrstuvwxyz\");\n        memcpy(data + 6, data + 4, 10*sizeof(char));\n        printLine(data);\n    }\n}\n",
        "new_code": "Code Snippet Variant:\nstatic int StaticValue = 523;\nvoid Sample_Func()\n{\n    if (StaticValue==465)\n    {\n        {\n            {\n                char dataBuffer[100] = \"\";\n                char * data = dataBuffer;\n                strcpy(data, \"abcdefghijklmnopqrstuvwxyz\");\n                memcpy(data + 6, data + 4, 10*sizeof(char));\n                printLine(data);\n            }\n        }\n    }\n    if (StaticValue==581)\n    {\n        {\n            {\n                char dataBuffer[100] = \"\";\n                char * data = dataBuffer;\n                strcpy(data, \"abcdefghijklmnopqrstuvwxyz\");\n                memmove(data + 6, data + 4, 10*sizeof(char));\n                printLine(data);\n            }\n        }\n    }\n    if (StaticValue==523)\n    {\n        {\n            {\n                char dataBuffer[100] = \"\";\n                char * data = dataBuffer;\n                strcpy(data, \"abcdefghijklmnopqrstuvwxyz\");\n                if (StaticValue==331)\n                {\n                    memcpy(data + 6, data + 4, 10*sizeof(char));\n                }\n                if (StaticValue==715)\n                {\n                    memmove(data + 6, data + 4, 10*sizeof(char));\n                }\n                if (StaticValue==523)\n                {\n                    memmove(data + 6, data + 4, 10*sizeof(char));\n                }\n                printLine(data);\n            }\n        }\n    }\n}\n",
        "CWE_ID": "CWE475",
        "question": "Question: What happens if we replace the following original code snippet with the proposed variants? Will the vulnerability CWE475 be triggered, and how does it affect the functionality of the code?",
        "choices": {
            "A": "No, Function Preserved: The vulnerability CWE475 will not be triggered, and the original functionality is fully preserved.",
            "B": "No, Function Impaired: The vulnerability CWE475 will not be triggered, but the functionality of the original code is impaired.",
            "C": "Yes: The vulnerability CWE475 will still be triggered.",
            "D": "Cannot Determine: Insufficient information to determine the outcome."
        },
        "answer": "A",
        "distance": "inner_outer_0"
    },
    {
        "case_id": "CWE475_Undefined_Behavior_for_Input_to_API__char_01_bad",
        "org_code": "Original Code Snippet:\nvoid Sample_Func()\n{\n    {\n        char dataBuffer[100] = \"\";\n        char * data = dataBuffer;\n        strcpy(data, \"abcdefghijklmnopqrstuvwxyz\");\n        memcpy(data + 6, data + 4, 10*sizeof(char));\n        printLine(data);\n    }\n}\n",
        "new_code": "Code Snippet Variant:\nstatic int StaticValue = 523;\nvoid Sample_Func()\n{\n    if (StaticValue==465)\n    {\n        {\n            {\n                char dataBuffer[100] = \"\";\n                char * data = dataBuffer;\n                strcpy(data, \"abcdefghijklmnopqrstuvwxyz\");\n                memcpy(data + 6, data + 4, 10*sizeof(char));\n                printLine(data);\n            }\n        }\n    }\n    if (StaticValue==581)\n    {\n        {\n            {\n                char dataBuffer[100] = \"\";\n                char * data = dataBuffer;\n                strcpy(data, \"abcdefghijklmnopqrstuvwxyz\");\n                memmove(data + 6, data + 4, 10*sizeof(char));\n                printLine(data);\n            }\n        }\n    }\n    if (StaticValue==523)\n    {\n        {\n            {\n                char dataBuffer[100] = \"\";\n                char * data = dataBuffer;\n                strcpy(data, \"abcdefghijklmnopqrstuvwxyz\");\n                if(StaticValue==523)\n                {\n                    if (StaticValue==331)\n                    {\n                        memcpy(data + 6, data + 4, 10*sizeof(char));\n                    }\n                }\n                if (StaticValue==715)\n                {\n                    memmove(data + 6, data + 4, 10*sizeof(char));\n                }\n                if(523==523)\n                {\n                    if (StaticValue==523)\n                    {\n                        memmove(data + 6, data + 4, 10*sizeof(char));\n                    }\n                }\n                printLine(data);\n            }\n        }\n    }\n}\n",
        "CWE_ID": "CWE475",
        "question": "Question: What happens if we replace the following original code snippet with the proposed variants? Will the vulnerability CWE475 be triggered, and how does it affect the functionality of the code?",
        "choices": {
            "A": "No, Function Preserved: The vulnerability CWE475 will not be triggered, and the original functionality is fully preserved.",
            "B": "No, Function Impaired: The vulnerability CWE475 will not be triggered, but the functionality of the original code is impaired.",
            "C": "Yes: The vulnerability CWE475 will still be triggered.",
            "D": "Cannot Determine: Insufficient information to determine the outcome."
        },
        "answer": "A",
        "distance": "inner_outer_variant_0"
    },
    {
        "case_id": "CWE475_Undefined_Behavior_for_Input_to_API__char_01_bad",
        "org_code": "Original Code Snippet:\nvoid Sample_Func()\n{\n    {\n        char dataBuffer[100] = \"\";\n        char * data = dataBuffer;\n        strcpy(data, \"abcdefghijklmnopqrstuvwxyz\");\n        memcpy(data + 6, data + 4, 10*sizeof(char));\n        printLine(data);\n    }\n}\n",
        "new_code": "Code Snippet Variant:\nstatic int StaticValue = 523;\nvoid Sample_Func()\n{\n    if (StaticValue==465)\n    {\n        {\n            {\n                char dataBuffer[100] = \"\";\n                char * data = dataBuffer;\n                strcpy(data, \"abcdefghijklmnopqrstuvwxyz\");\n                memcpy(data + 6, data + 4, 10*sizeof(char));\n                printLine(data);\n            }\n        }\n    }\n    if (StaticValue==581)\n    {\n        {\n            {\n                char dataBuffer[100] = \"\";\n                char * data = dataBuffer;\n                strcpy(data, \"abcdefghijklmnopqrstuvwxyz\");\n                memmove(data + 6, data + 4, 10*sizeof(char));\n                printLine(data);\n            }\n        }\n    }\n    if (StaticValue==523)\n    {\n        {\n            {\n                char dataBuffer[100] = \"\";\n                char * data = dataBuffer;\n                strcpy(data, \"abcdefghijklmnopqrstuvwxyz\");\n                memmove(data + 6, data + 4, 10*sizeof(char));\n                printLine(data);\n            }\n        }\n    }\n}\n",
        "CWE_ID": "CWE475",
        "question": "Question: What happens if we replace the following original code snippet with the proposed variants? Will the vulnerability CWE475 be triggered, and how does it affect the functionality of the code?",
        "choices": {
            "A": "No, Function Preserved: The vulnerability CWE475 will not be triggered, and the original functionality is fully preserved.",
            "B": "No, Function Impaired: The vulnerability CWE475 will not be triggered, but the functionality of the original code is impaired.",
            "C": "Yes: The vulnerability CWE475 will still be triggered.",
            "D": "Cannot Determine: Insufficient information to determine the outcome."
        },
        "answer": "A",
        "distance": "outer"
    },
    {
        "case_id": "CWE475_Undefined_Behavior_for_Input_to_API__char_01_bad",
        "org_code": "Original Code Snippet:\nvoid Sample_Func()\n{\n    {\n        char dataBuffer[100] = \"\";\n        char * data = dataBuffer;\n        strcpy(data, \"abcdefghijklmnopqrstuvwxyz\");\n        memcpy(data + 6, data + 4, 10*sizeof(char));\n        printLine(data);\n    }\n}\n",
        "new_code": "Code Snippet Variant:\nstatic int StaticValue = 533;\nvoid Sample_Func()\n{\n    if (StaticValue==465)\n    {\n        {\n            {\n                char dataBuffer[100] = \"\";\n                char * data = dataBuffer;\n                strcpy(data, \"abcdefghijklmnopqrstuvwxyz\");\n                memcpy(data + 6, data + 4, 10*sizeof(char));\n                printLine(data);\n            }\n        }\n    }\n    if(StaticValue==533)\n    {\n        int socketDescriptor;\n        int connectionStatus = 0;\n        char networkBuffer[256];\n        for (socketDescriptor = 0; socketDescriptor < 5; socketDescriptor++) {\n            if (connectionStatus == 0) {\n                networkBuffer[socketDescriptor] = 'A';\n            } else {\n                networkBuffer[socketDescriptor] = '0';\n            }\n        }\n        printLine(\"Successful! Problem Resolved!\");\n    }\n    if (StaticValue==581)\n    {\n        {\n            {\n                char dataBuffer[100] = \"\";\n                char * data = dataBuffer;\n                strcpy(data, \"abcdefghijklmnopqrstuvwxyz\");\n                memmove(data + 6, data + 4, 10*sizeof(char));\n                printLine(data);\n            }\n        }\n    }\n    if (StaticValue==523)\n    {\n        {\n            {\n                char dataBuffer[100] = \"\";\n                char * data = dataBuffer;\n                strcpy(data, \"abcdefghijklmnopqrstuvwxyz\");\n                if (StaticValue==331)\n                {\n                    memcpy(data + 6, data + 4, 10*sizeof(char));\n                }\n                if (StaticValue==715)\n                {\n                    memmove(data + 6, data + 4, 10*sizeof(char));\n                }\n                if (StaticValue==523)\n                {\n                    memmove(data + 6, data + 4, 10*sizeof(char));\n                }\n                printLine(data);\n            }\n        }\n    }\n}\n",
        "CWE_ID": "CWE475",
        "question": "Question: What happens if we replace the following original code snippet with the proposed variants? Will the vulnerability CWE475 be triggered, and how does it affect the functionality of the code?",
        "choices": {
            "A": "No, Function Preserved: The vulnerability CWE475 will not be triggered, and the original functionality is fully preserved.",
            "B": "No, Function Impaired: The vulnerability CWE475 will not be triggered, but the functionality of the original code is impaired.",
            "C": "Yes: The vulnerability CWE475 will still be triggered.",
            "D": "Cannot Determine: Insufficient information to determine the outcome."
        },
        "answer": "B",
        "distance": "inner_outer_0"
    },
    {
        "case_id": "CWE475_Undefined_Behavior_for_Input_to_API__char_01_bad",
        "org_code": "Original Code Snippet:\nvoid Sample_Func()\n{\n    {\n        char dataBuffer[100] = \"\";\n        char * data = dataBuffer;\n        strcpy(data, \"abcdefghijklmnopqrstuvwxyz\");\n        memcpy(data + 6, data + 4, 10*sizeof(char));\n        printLine(data);\n    }\n}\n",
        "new_code": "Code Snippet Variant:\nstatic int StaticValue = 535;\nvoid Sample_Func()\n{\n    if (StaticValue==465)\n    {\n        {\n            {\n                char dataBuffer[100] = \"\";\n                char * data = dataBuffer;\n                strcpy(data, \"abcdefghijklmnopqrstuvwxyz\");\n                memcpy(data + 6, data + 4, 10*sizeof(char));\n                printLine(data);\n            }\n        }\n    }\n    if(StaticValue==535)\n    {\n        int socketDescriptor;\n        int connectionStatus = 0;\n        char networkBuffer[256];\n        for (socketDescriptor = 0; socketDescriptor < 5; socketDescriptor++) {\n            if (connectionStatus == 0) {\n                networkBuffer[socketDescriptor] = 'A';\n            } else {\n                networkBuffer[socketDescriptor] = '0';\n            }\n        }\n        printLine(\"Successful! Problem Resolved!\");\n    }\n    if (StaticValue==581)\n    {\n        {\n            {\n                char dataBuffer[100] = \"\";\n                char * data = dataBuffer;\n                strcpy(data, \"abcdefghijklmnopqrstuvwxyz\");\n                memmove(data + 6, data + 4, 10*sizeof(char));\n                printLine(data);\n            }\n        }\n    }\n    if (StaticValue==523)\n    {\n        {\n            {\n                char dataBuffer[100] = \"\";\n                char * data = dataBuffer;\n                strcpy(data, \"abcdefghijklmnopqrstuvwxyz\");\n                if(StaticValue==523)\n                {\n                    if (StaticValue==331)\n                    {\n                        memcpy(data + 6, data + 4, 10*sizeof(char));\n                    }\n                }\n                if (StaticValue==715)\n                {\n                    memmove(data + 6, data + 4, 10*sizeof(char));\n                }\n                if(523==523)\n                {\n                    if (StaticValue==523)\n                    {\n                        memmove(data + 6, data + 4, 10*sizeof(char));\n                    }\n                }\n                printLine(data);\n            }\n        }\n    }\n}\n",
        "CWE_ID": "CWE475",
        "question": "Question: What happens if we replace the following original code snippet with the proposed variants? Will the vulnerability CWE475 be triggered, and how does it affect the functionality of the code?",
        "choices": {
            "A": "No, Function Preserved: The vulnerability CWE475 will not be triggered, and the original functionality is fully preserved.",
            "B": "No, Function Impaired: The vulnerability CWE475 will not be triggered, but the functionality of the original code is impaired.",
            "C": "Yes: The vulnerability CWE475 will still be triggered.",
            "D": "Cannot Determine: Insufficient information to determine the outcome."
        },
        "answer": "B",
        "distance": "inner_outer_variant_0"
    },
    {
        "case_id": "CWE475_Undefined_Behavior_for_Input_to_API__char_01_bad",
        "org_code": "Original Code Snippet:\nvoid Sample_Func()\n{\n    {\n        char dataBuffer[100] = \"\";\n        char * data = dataBuffer;\n        strcpy(data, \"abcdefghijklmnopqrstuvwxyz\");\n        memcpy(data + 6, data + 4, 10*sizeof(char));\n        printLine(data);\n    }\n}\n",
        "new_code": "Code Snippet Variant:\nstatic int StaticValue = 535;\nvoid Sample_Func()\n{\n    if (StaticValue==465)\n    {\n        {\n            {\n                char dataBuffer[100] = \"\";\n                char * data = dataBuffer;\n                strcpy(data, \"abcdefghijklmnopqrstuvwxyz\");\n                memcpy(data + 6, data + 4, 10*sizeof(char));\n                printLine(data);\n            }\n        }\n    }\n    if (StaticValue==581)\n    {\n        {\n            {\n                char dataBuffer[100] = \"\";\n                char * data = dataBuffer;\n                strcpy(data, \"abcdefghijklmnopqrstuvwxyz\");\n                memmove(data + 6, data + 4, 10*sizeof(char));\n                printLine(data);\n            }\n        }\n    }\n    if(StaticValue==535)\n    {\n        int socketDescriptor;\n        int connectionStatus = 0;\n        char networkBuffer[256];\n        for (socketDescriptor = 0; socketDescriptor < 5; socketDescriptor++) {\n            if (connectionStatus == 0) {\n                networkBuffer[socketDescriptor] = 'A';\n            } else {\n                networkBuffer[socketDescriptor] = '0';\n            }\n        }\n        printLine(\"Successful! Problem Resolved!\");\n    }\n    if (StaticValue==523)\n    {\n        {\n            {\n                char dataBuffer[100] = \"\";\n                char * data = dataBuffer;\n                strcpy(data, \"abcdefghijklmnopqrstuvwxyz\");\n                memmove(data + 6, data + 4, 10*sizeof(char));\n                printLine(data);\n            }\n        }\n    }\n}\n",
        "CWE_ID": "CWE475",
        "question": "Question: What happens if we replace the following original code snippet with the proposed variants? Will the vulnerability CWE475 be triggered, and how does it affect the functionality of the code?",
        "choices": {
            "A": "No, Function Preserved: The vulnerability CWE475 will not be triggered, and the original functionality is fully preserved.",
            "B": "No, Function Impaired: The vulnerability CWE475 will not be triggered, but the functionality of the original code is impaired.",
            "C": "Yes: The vulnerability CWE475 will still be triggered.",
            "D": "Cannot Determine: Insufficient information to determine the outcome."
        },
        "answer": "B",
        "distance": "outer"
    },
    {
        "case_id": "CWE475_Undefined_Behavior_for_Input_to_API__char_01_bad",
        "org_code": "Original Code Snippet:\nvoid Sample_Func()\n{\n    {\n        char dataBuffer[100] = \"\";\n        char * data = dataBuffer;\n        strcpy(data, \"abcdefghijklmnopqrstuvwxyz\");\n        memcpy(data + 6, data + 4, 10*sizeof(char));\n        printLine(data);\n    }\n}\n",
        "new_code": "Code Snippet Variant:\nstatic int StaticValue = 716;\nvoid Sample_Func()\n{\n    {\n        char dataBuffer[100] = \"\";\n        char * data = dataBuffer;\n        strcpy(data, \"abcdefghijklmnopqrstuvwxyz\");\n        if (StaticValue==908)\n        {\n            memcpy(data + 6, data + 4, 10*sizeof(char));\n        }\n        if (StaticValue==716)\n        {\n            memcpy(data + 6, data + 4, 10*sizeof(char));\n        }\n        if (StaticValue==524)\n        {\n            memmove(data + 6, data + 4, 10*sizeof(char));\n        }\n        printLine(data);\n    }\n}\n",
        "CWE_ID": "CWE475",
        "question": "Question: What happens if we replace the following original code snippet with the proposed variants? Will the vulnerability CWE475 be triggered, and how does it affect the functionality of the code?",
        "choices": {
            "A": "No, Function Preserved: The vulnerability CWE475 will not be triggered, and the original functionality is fully preserved.",
            "B": "No, Function Impaired: The vulnerability CWE475 will not be triggered, but the functionality of the original code is impaired.",
            "C": "Yes: The vulnerability CWE475 will still be triggered.",
            "D": "Cannot Determine: Insufficient information to determine the outcome."
        },
        "answer": "C",
        "distance": "inner_0"
    },
    {
        "case_id": "CWE475_Undefined_Behavior_for_Input_to_API__char_01_bad",
        "org_code": "Original Code Snippet:\nvoid Sample_Func()\n{\n    {\n        char dataBuffer[100] = \"\";\n        char * data = dataBuffer;\n        strcpy(data, \"abcdefghijklmnopqrstuvwxyz\");\n        memcpy(data + 6, data + 4, 10*sizeof(char));\n        printLine(data);\n    }\n}\n",
        "new_code": "Code Snippet Variant:\nstatic int StaticValue = 716;\nvoid Sample_Func()\n{\n    if (StaticValue==716)\n    {\n        {\n            {\n                char dataBuffer[100] = \"\";\n                char * data = dataBuffer;\n                strcpy(data, \"abcdefghijklmnopqrstuvwxyz\");\n                if (StaticValue==908)\n                {\n                    memcpy(data + 6, data + 4, 10*sizeof(char));\n                }\n                if (StaticValue==716)\n                {\n                    memcpy(data + 6, data + 4, 10*sizeof(char));\n                }\n                if (StaticValue==524)\n                {\n                    memmove(data + 6, data + 4, 10*sizeof(char));\n                }\n                printLine(data);\n            }\n        }\n    }\n    if (StaticValue==758)\n    {\n        {\n            {\n                char dataBuffer[100] = \"\";\n                char * data = dataBuffer;\n                strcpy(data, \"abcdefghijklmnopqrstuvwxyz\");\n                memcpy(data + 6, data + 4, 10*sizeof(char));\n                printLine(data);\n            }\n        }\n    }\n    if (StaticValue==674)\n    {\n        {\n            {\n                char dataBuffer[100] = \"\";\n                char * data = dataBuffer;\n                strcpy(data, \"abcdefghijklmnopqrstuvwxyz\");\n                memmove(data + 6, data + 4, 10*sizeof(char));\n                printLine(data);\n            }\n        }\n    }\n}\n",
        "CWE_ID": "CWE475",
        "question": "Question: What happens if we replace the following original code snippet with the proposed variants? Will the vulnerability CWE475 be triggered, and how does it affect the functionality of the code?",
        "choices": {
            "A": "No, Function Preserved: The vulnerability CWE475 will not be triggered, and the original functionality is fully preserved.",
            "B": "No, Function Impaired: The vulnerability CWE475 will not be triggered, but the functionality of the original code is impaired.",
            "C": "Yes: The vulnerability CWE475 will still be triggered.",
            "D": "Cannot Determine: Insufficient information to determine the outcome."
        },
        "answer": "C",
        "distance": "inner_outer_0"
    },
    {
        "case_id": "CWE475_Undefined_Behavior_for_Input_to_API__char_01_bad",
        "org_code": "Original Code Snippet:\nvoid Sample_Func()\n{\n    {\n        char dataBuffer[100] = \"\";\n        char * data = dataBuffer;\n        strcpy(data, \"abcdefghijklmnopqrstuvwxyz\");\n        memcpy(data + 6, data + 4, 10*sizeof(char));\n        printLine(data);\n    }\n}\n",
        "new_code": "Code Snippet Variant:\nstatic int StaticValue = 716;\nvoid Sample_Func()\n{\n    if (StaticValue==716)\n    {\n        {\n            {\n                char dataBuffer[100] = \"\";\n                char * data = dataBuffer;\n                strcpy(data, \"abcdefghijklmnopqrstuvwxyz\");\n                if (StaticValue==908)\n                {\n                    memcpy(data + 6, data + 4, 10*sizeof(char));\n                }\n                if(1)\n                {\n                    if (StaticValue==716)\n                    {\n                        memcpy(data + 6, data + 4, 10*sizeof(char));\n                    }\n                }\n                if(StaticValue==716)\n                {\n                    if (StaticValue==524)\n                    {\n                        memmove(data + 6, data + 4, 10*sizeof(char));\n                    }\n                }\n                printLine(data);\n            }\n        }\n    }\n    if (StaticValue==758)\n    {\n        {\n            {\n                char dataBuffer[100] = \"\";\n                char * data = dataBuffer;\n                strcpy(data, \"abcdefghijklmnopqrstuvwxyz\");\n                memcpy(data + 6, data + 4, 10*sizeof(char));\n                printLine(data);\n            }\n        }\n    }\n    if (StaticValue==674)\n    {\n        {\n            {\n                char dataBuffer[100] = \"\";\n                char * data = dataBuffer;\n                strcpy(data, \"abcdefghijklmnopqrstuvwxyz\");\n                memmove(data + 6, data + 4, 10*sizeof(char));\n                printLine(data);\n            }\n        }\n    }\n}\n",
        "CWE_ID": "CWE475",
        "question": "Question: What happens if we replace the following original code snippet with the proposed variants? Will the vulnerability CWE475 be triggered, and how does it affect the functionality of the code?",
        "choices": {
            "A": "No, Function Preserved: The vulnerability CWE475 will not be triggered, and the original functionality is fully preserved.",
            "B": "No, Function Impaired: The vulnerability CWE475 will not be triggered, but the functionality of the original code is impaired.",
            "C": "Yes: The vulnerability CWE475 will still be triggered.",
            "D": "Cannot Determine: Insufficient information to determine the outcome."
        },
        "answer": "C",
        "distance": "inner_outer_variant_0"
    },
    {
        "case_id": "CWE475_Undefined_Behavior_for_Input_to_API__char_01_bad",
        "org_code": "Original Code Snippet:\nvoid Sample_Func()\n{\n    {\n        char dataBuffer[100] = \"\";\n        char * data = dataBuffer;\n        strcpy(data, \"abcdefghijklmnopqrstuvwxyz\");\n        memcpy(data + 6, data + 4, 10*sizeof(char));\n        printLine(data);\n    }\n}\n",
        "new_code": "Code Snippet Variant:\nstatic int StaticValue = 716;\nvoid Sample_Func()\n{\n    {\n        char dataBuffer[100] = \"\";\n        char * data = dataBuffer;\n        strcpy(data, \"abcdefghijklmnopqrstuvwxyz\");\n        if(716==716)\n        {\n            if (StaticValue==908)\n            {\n                memcpy(data + 6, data + 4, 10*sizeof(char));\n            }\n        }\n        if (StaticValue==716)\n        {\n            memcpy(data + 6, data + 4, 10*sizeof(char));\n        }\n        if(1)\n        {\n            if (StaticValue==524)\n            {\n                memmove(data + 6, data + 4, 10*sizeof(char));\n            }\n        }\n        printLine(data);\n    }\n}\n",
        "CWE_ID": "CWE475",
        "question": "Question: What happens if we replace the following original code snippet with the proposed variants? Will the vulnerability CWE475 be triggered, and how does it affect the functionality of the code?",
        "choices": {
            "A": "No, Function Preserved: The vulnerability CWE475 will not be triggered, and the original functionality is fully preserved.",
            "B": "No, Function Impaired: The vulnerability CWE475 will not be triggered, but the functionality of the original code is impaired.",
            "C": "Yes: The vulnerability CWE475 will still be triggered.",
            "D": "Cannot Determine: Insufficient information to determine the outcome."
        },
        "answer": "C",
        "distance": "inner_variant_0"
    },
    {
        "case_id": "CWE475_Undefined_Behavior_for_Input_to_API__char_01_bad",
        "org_code": "Original Code Snippet:\nvoid Sample_Func()\n{\n    {\n        char dataBuffer[100] = \"\";\n        char * data = dataBuffer;\n        strcpy(data, \"abcdefghijklmnopqrstuvwxyz\");\n        memcpy(data + 6, data + 4, 10*sizeof(char));\n        printLine(data);\n    }\n}\n",
        "new_code": "Code Snippet Variant:\nstatic int StaticValue = 716;\nvoid Sample_Func()\n{\n    if (StaticValue==716)\n    {\n        {\n            {\n                char dataBuffer[100] = \"\";\n                char * data = dataBuffer;\n                strcpy(data, \"abcdefghijklmnopqrstuvwxyz\");\n                memcpy(data + 6, data + 4, 10*sizeof(char));\n                printLine(data);\n            }\n        }\n    }\n    if (StaticValue==758)\n    {\n        {\n            {\n                char dataBuffer[100] = \"\";\n                char * data = dataBuffer;\n                strcpy(data, \"abcdefghijklmnopqrstuvwxyz\");\n                memcpy(data + 6, data + 4, 10*sizeof(char));\n                printLine(data);\n            }\n        }\n    }\n    if (StaticValue==674)\n    {\n        {\n            {\n                char dataBuffer[100] = \"\";\n                char * data = dataBuffer;\n                strcpy(data, \"abcdefghijklmnopqrstuvwxyz\");\n                memmove(data + 6, data + 4, 10*sizeof(char));\n                printLine(data);\n            }\n        }\n    }\n}\n",
        "CWE_ID": "CWE475",
        "question": "Question: What happens if we replace the following original code snippet with the proposed variants? Will the vulnerability CWE475 be triggered, and how does it affect the functionality of the code?",
        "choices": {
            "A": "No, Function Preserved: The vulnerability CWE475 will not be triggered, and the original functionality is fully preserved.",
            "B": "No, Function Impaired: The vulnerability CWE475 will not be triggered, but the functionality of the original code is impaired.",
            "C": "Yes: The vulnerability CWE475 will still be triggered.",
            "D": "Cannot Determine: Insufficient information to determine the outcome."
        },
        "answer": "C",
        "distance": "outer"
    }
]