[
    {
        "case_id": "CWE426_Untrusted_Search_Path__char_popen_01_bad",
        "org_code": "Original Code Snippet:\nvoid Sample_Func()\n{\n    char * data;\n    char dataBuffer[100] = \"\";\n    data = dataBuffer;\n    strcpy(data, BAD_OS_COMMAND);\n    {\n        FILE *pipe;\n        pipe = POPEN(data, \"wb\");\n        if (pipe != NULL)\n        {\n            PCLOSE(pipe);\n        }\n    }\n}\n",
        "new_code": "Code Snippet Variant:\nstatic int StaticValue = 413;\nvoid Sample_Func()\n{\n    char * data;\n    char dataBuffer[100] = \"\";\n    data = dataBuffer;\n    if (StaticValue==286)\n    {\n        strcpy(data, BAD_OS_COMMAND);\n    }\n    if (StaticValue==540)\n    {\n        strcpy(data, GOOD_OS_COMMAND);\n    }\n    if (StaticValue==413)\n    {\n        strcpy(data, GOOD_OS_COMMAND);\n    }\n    {\n        FILE *pipe;\n        pipe = POPEN(data, \"wb\");\n        if (pipe != NULL)\n        {\n            PCLOSE(pipe);\n        }\n    }\n}\n",
        "CWE_ID": "CWE426",
        "question": "Question: What happens if we replace the following original code snippet with the proposed variants? Will the vulnerability CWE426 be triggered, and how does it affect the functionality of the code?",
        "choices": {
            "A": "No, Function Preserved: The vulnerability CWE426 will not be triggered, and the original functionality is fully preserved.",
            "B": "No, Function Impaired: The vulnerability CWE426 will not be triggered, but the functionality of the original code is impaired.",
            "C": "Yes: The vulnerability CWE426 will still be triggered.",
            "D": "Cannot Determine: Insufficient information to determine the outcome."
        },
        "answer": "A",
        "distance": "inner_0"
    },
    {
        "case_id": "CWE426_Untrusted_Search_Path__char_popen_01_bad",
        "org_code": "Original Code Snippet:\nvoid Sample_Func()\n{\n    char * data;\n    char dataBuffer[100] = \"\";\n    data = dataBuffer;\n    strcpy(data, BAD_OS_COMMAND);\n    {\n        FILE *pipe;\n        pipe = POPEN(data, \"wb\");\n        if (pipe != NULL)\n        {\n            PCLOSE(pipe);\n        }\n    }\n}\n",
        "new_code": "Code Snippet Variant:\nstatic int StaticValue = 413;\nvoid Sample_Func()\n{\n    if (StaticValue==369)\n    {\n        {\n            char * data;\n            char dataBuffer[100] = \"\";\n            data = dataBuffer;\n            strcpy(data, BAD_OS_COMMAND);\n            {\n                FILE *pipe;\n                pipe = POPEN(data, \"wb\");\n                if (pipe != NULL)\n                {\n                    PCLOSE(pipe);\n                }\n            }\n        }\n    }\n    if (StaticValue==457)\n    {\n        {\n            char * data;\n            char dataBuffer[100] = \"\";\n            data = dataBuffer;\n            strcpy(data, GOOD_OS_COMMAND);\n            {\n                FILE *pipe;\n                pipe = POPEN(data, \"wb\");\n                if (pipe != NULL)\n                {\n                    PCLOSE(pipe);\n                }\n            }\n        }\n    }\n    if (StaticValue==413)\n    {\n        {\n            char * data;\n            char dataBuffer[100] = \"\";\n            data = dataBuffer;\n            if (StaticValue==286)\n            {\n                strcpy(data, BAD_OS_COMMAND);\n            }\n            if (StaticValue==540)\n            {\n                strcpy(data, GOOD_OS_COMMAND);\n            }\n            if (StaticValue==413)\n            {\n                strcpy(data, GOOD_OS_COMMAND);\n            }\n            {\n                FILE *pipe;\n                pipe = POPEN(data, \"wb\");\n                if (pipe != NULL)\n                {\n                    PCLOSE(pipe);\n                }\n            }\n        }\n    }\n}\n",
        "CWE_ID": "CWE426",
        "question": "Question: What happens if we replace the following original code snippet with the proposed variants? Will the vulnerability CWE426 be triggered, and how does it affect the functionality of the code?",
        "choices": {
            "A": "No, Function Preserved: The vulnerability CWE426 will not be triggered, and the original functionality is fully preserved.",
            "B": "No, Function Impaired: The vulnerability CWE426 will not be triggered, but the functionality of the original code is impaired.",
            "C": "Yes: The vulnerability CWE426 will still be triggered.",
            "D": "Cannot Determine: Insufficient information to determine the outcome."
        },
        "answer": "A",
        "distance": "inner_outer_0"
    },
    {
        "case_id": "CWE426_Untrusted_Search_Path__char_popen_01_bad",
        "org_code": "Original Code Snippet:\nvoid Sample_Func()\n{\n    char * data;\n    char dataBuffer[100] = \"\";\n    data = dataBuffer;\n    strcpy(data, BAD_OS_COMMAND);\n    {\n        FILE *pipe;\n        pipe = POPEN(data, \"wb\");\n        if (pipe != NULL)\n        {\n            PCLOSE(pipe);\n        }\n    }\n}\n",
        "new_code": "Code Snippet Variant:\nstatic int StaticValue = 413;\nvoid Sample_Func()\n{\n    if (StaticValue==369)\n    {\n        int DogCat;\n        {\n            char * data;\n            char dataBuffer[100] = \"\";\n            data = dataBuffer;\n            strcpy(data, BAD_OS_COMMAND);\n            {\n                FILE *pipe;\n                if(1)\n                {\n                    pipe = POPEN(data, \"wb\");\n                }\n                for(DogCat = 0; DogCat < 1; DogCat++)\n                {\n                    if (pipe != NULL)\n                    {\n                        PCLOSE(pipe);\n                    }\n                }\n            }\n        }\n    }\n    if (StaticValue==457)\n    {\n        {\n            char * data;\n            char dataBuffer[100] = \"\";\n            data = dataBuffer;\n            strcpy(data, GOOD_OS_COMMAND);\n            {\n                FILE *pipe;\n                if(413==413)\n                {\n                    pipe = POPEN(data, \"wb\");\n                }\n                if(StaticValue==413)\n                {\n                    if (pipe != NULL)\n                    {\n                        PCLOSE(pipe);\n                    }\n                }\n            }\n        }\n    }\n    if (StaticValue==413)\n    {\n        {\n            char * data;\n            char dataBuffer[100] = \"\";\n            data = dataBuffer;\n            if(413==413)\n            {\n                if (StaticValue==286)\n                {\n                    strcpy(data, BAD_OS_COMMAND);\n                }\n            }\n            if (StaticValue==540)\n            {\n                strcpy(data, GOOD_OS_COMMAND);\n            }\n            if (StaticValue==413)\n            {\n                strcpy(data, GOOD_OS_COMMAND);\n            }\n            {\n                FILE *pipe;\n                if(1)\n                {\n                    pipe = POPEN(data, \"wb\");\n                }\n                if (pipe != NULL)\n                {\n                    PCLOSE(pipe);\n                }\n            }\n        }\n    }\n}\n",
        "CWE_ID": "CWE426",
        "question": "Question: What happens if we replace the following original code snippet with the proposed variants? Will the vulnerability CWE426 be triggered, and how does it affect the functionality of the code?",
        "choices": {
            "A": "No, Function Preserved: The vulnerability CWE426 will not be triggered, and the original functionality is fully preserved.",
            "B": "No, Function Impaired: The vulnerability CWE426 will not be triggered, but the functionality of the original code is impaired.",
            "C": "Yes: The vulnerability CWE426 will still be triggered.",
            "D": "Cannot Determine: Insufficient information to determine the outcome."
        },
        "answer": "A",
        "distance": "inner_outer_variant_0"
    },
    {
        "case_id": "CWE426_Untrusted_Search_Path__char_popen_01_bad",
        "org_code": "Original Code Snippet:\nvoid Sample_Func()\n{\n    char * data;\n    char dataBuffer[100] = \"\";\n    data = dataBuffer;\n    strcpy(data, BAD_OS_COMMAND);\n    {\n        FILE *pipe;\n        pipe = POPEN(data, \"wb\");\n        if (pipe != NULL)\n        {\n            PCLOSE(pipe);\n        }\n    }\n}\n",
        "new_code": "Code Snippet Variant:\nstatic int StaticValue = 413;\nvoid Sample_Func()\n{\n    int DogCat;\n    char * data;\n    char dataBuffer[100] = \"\";\n    data = dataBuffer;\n    for(DogCat = 0; DogCat < 1; DogCat++)\n    {\n        if (StaticValue==286)\n        {\n            strcpy(data, BAD_OS_COMMAND);\n        }\n    }\n    if (StaticValue==540)\n    {\n        strcpy(data, GOOD_OS_COMMAND);\n    }\n    if(413==413)\n    {\n        if (StaticValue==413)\n        {\n            strcpy(data, GOOD_OS_COMMAND);\n        }\n    }\n    {\n        FILE *pipe;\n        pipe = POPEN(data, \"wb\");\n        if (pipe != NULL)\n        {\n            PCLOSE(pipe);\n        }\n    }\n}\n",
        "CWE_ID": "CWE426",
        "question": "Question: What happens if we replace the following original code snippet with the proposed variants? Will the vulnerability CWE426 be triggered, and how does it affect the functionality of the code?",
        "choices": {
            "A": "No, Function Preserved: The vulnerability CWE426 will not be triggered, and the original functionality is fully preserved.",
            "B": "No, Function Impaired: The vulnerability CWE426 will not be triggered, but the functionality of the original code is impaired.",
            "C": "Yes: The vulnerability CWE426 will still be triggered.",
            "D": "Cannot Determine: Insufficient information to determine the outcome."
        },
        "answer": "A",
        "distance": "inner_variant_0"
    },
    {
        "case_id": "CWE426_Untrusted_Search_Path__char_popen_01_bad",
        "org_code": "Original Code Snippet:\nvoid Sample_Func()\n{\n    char * data;\n    char dataBuffer[100] = \"\";\n    data = dataBuffer;\n    strcpy(data, BAD_OS_COMMAND);\n    {\n        FILE *pipe;\n        pipe = POPEN(data, \"wb\");\n        if (pipe != NULL)\n        {\n            PCLOSE(pipe);\n        }\n    }\n}\n",
        "new_code": "Code Snippet Variant:\nstatic int StaticValue = 413;\nvoid Sample_Func()\n{\n    if (StaticValue==369)\n    {\n        {\n            char * data;\n            char dataBuffer[100] = \"\";\n            data = dataBuffer;\n            strcpy(data, BAD_OS_COMMAND);\n            {\n                FILE *pipe;\n                pipe = POPEN(data, \"wb\");\n                if (pipe != NULL)\n                {\n                    PCLOSE(pipe);\n                }\n            }\n        }\n    }\n    if (StaticValue==457)\n    {\n        {\n            char * data;\n            char dataBuffer[100] = \"\";\n            data = dataBuffer;\n            strcpy(data, GOOD_OS_COMMAND);\n            {\n                FILE *pipe;\n                pipe = POPEN(data, \"wb\");\n                if (pipe != NULL)\n                {\n                    PCLOSE(pipe);\n                }\n            }\n        }\n    }\n    if (StaticValue==413)\n    {\n        {\n            char * data;\n            char dataBuffer[100] = \"\";\n            data = dataBuffer;\n            strcpy(data, GOOD_OS_COMMAND);\n            {\n                FILE *pipe;\n                pipe = POPEN(data, \"wb\");\n                if (pipe != NULL)\n                {\n                    PCLOSE(pipe);\n                }\n            }\n        }\n    }\n}\n",
        "CWE_ID": "CWE426",
        "question": "Question: What happens if we replace the following original code snippet with the proposed variants? Will the vulnerability CWE426 be triggered, and how does it affect the functionality of the code?",
        "choices": {
            "A": "No, Function Preserved: The vulnerability CWE426 will not be triggered, and the original functionality is fully preserved.",
            "B": "No, Function Impaired: The vulnerability CWE426 will not be triggered, but the functionality of the original code is impaired.",
            "C": "Yes: The vulnerability CWE426 will still be triggered.",
            "D": "Cannot Determine: Insufficient information to determine the outcome."
        },
        "answer": "A",
        "distance": "outer"
    },
    {
        "case_id": "CWE426_Untrusted_Search_Path__char_popen_01_bad",
        "org_code": "Original Code Snippet:\nvoid Sample_Func()\n{\n    char * data;\n    char dataBuffer[100] = \"\";\n    data = dataBuffer;\n    strcpy(data, BAD_OS_COMMAND);\n    {\n        FILE *pipe;\n        pipe = POPEN(data, \"wb\");\n        if (pipe != NULL)\n        {\n            PCLOSE(pipe);\n        }\n    }\n}\n",
        "new_code": "Code Snippet Variant:\nstatic int StaticValue = 413;\nvoid Sample_Func()\n{\n    if (StaticValue==369)\n    {\n        int DogCat;\n        {\n            char * data;\n            char dataBuffer[100] = \"\";\n            data = dataBuffer;\n            strcpy(data, BAD_OS_COMMAND);\n            {\n                FILE *pipe;\n                for(DogCat = 0; DogCat < 1; DogCat++)\n                {\n                    pipe = POPEN(data, \"wb\");\n                }\n                if(1)\n                {\n                    if (pipe != NULL)\n                    {\n                        PCLOSE(pipe);\n                    }\n                }\n            }\n        }\n    }\n    if (StaticValue==457)\n    {\n        {\n            char * data;\n            char dataBuffer[100] = \"\";\n            data = dataBuffer;\n            strcpy(data, GOOD_OS_COMMAND);\n            {\n                FILE *pipe;\n                pipe = POPEN(data, \"wb\");\n                if (pipe != NULL)\n                {\n                    PCLOSE(pipe);\n                }\n            }\n        }\n    }\n    if (StaticValue==413)\n    {\n        {\n            char * data;\n            char dataBuffer[100] = \"\";\n            data = dataBuffer;\n            strcpy(data, GOOD_OS_COMMAND);\n            {\n                FILE *pipe;\n                pipe = POPEN(data, \"wb\");\n                if (pipe != NULL)\n                {\n                    PCLOSE(pipe);\n                }\n            }\n        }\n    }\n}\n",
        "CWE_ID": "CWE426",
        "question": "Question: What happens if we replace the following original code snippet with the proposed variants? Will the vulnerability CWE426 be triggered, and how does it affect the functionality of the code?",
        "choices": {
            "A": "No, Function Preserved: The vulnerability CWE426 will not be triggered, and the original functionality is fully preserved.",
            "B": "No, Function Impaired: The vulnerability CWE426 will not be triggered, but the functionality of the original code is impaired.",
            "C": "Yes: The vulnerability CWE426 will still be triggered.",
            "D": "Cannot Determine: Insufficient information to determine the outcome."
        },
        "answer": "A",
        "distance": "outer_variant"
    },
    {
        "case_id": "CWE426_Untrusted_Search_Path__char_popen_01_bad",
        "org_code": "Original Code Snippet:\nvoid Sample_Func()\n{\n    char * data;\n    char dataBuffer[100] = \"\";\n    data = dataBuffer;\n    strcpy(data, BAD_OS_COMMAND);\n    {\n        FILE *pipe;\n        pipe = POPEN(data, \"wb\");\n        if (pipe != NULL)\n        {\n            PCLOSE(pipe);\n        }\n    }\n}\n",
        "new_code": "Code Snippet Variant:\nstatic int StaticValue = 433;\nvoid Sample_Func()\n{\n    char * data;\n    char dataBuffer[100] = \"\";\n    data = dataBuffer;\n    if (StaticValue==286)\n    {\n        strcpy(data, BAD_OS_COMMAND);\n    }\n    if (StaticValue==540)\n    {\n        strcpy(data, GOOD_OS_COMMAND);\n    }\n    if(StaticValue==433)\n    {\n        int socketDescriptor;\n        int connectionStatus = 0;\n        char networkBuffer[256];\n        for (socketDescriptor = 0; socketDescriptor < 5; socketDescriptor++) {\n            if (connectionStatus == 0) {\n                networkBuffer[socketDescriptor] = 'A';\n            } else {\n                networkBuffer[socketDescriptor] = '0';\n            }\n        }\n        printLine(\"Successful! Problem Resolved!\");\n    }\n    if (StaticValue==413)\n    {\n        strcpy(data, GOOD_OS_COMMAND);\n    }\n    {\n        FILE *pipe;\n        pipe = POPEN(data, \"wb\");\n        if (pipe != NULL)\n        {\n            PCLOSE(pipe);\n        }\n    }\n}\n",
        "CWE_ID": "CWE426",
        "question": "Question: What happens if we replace the following original code snippet with the proposed variants? Will the vulnerability CWE426 be triggered, and how does it affect the functionality of the code?",
        "choices": {
            "A": "No, Function Preserved: The vulnerability CWE426 will not be triggered, and the original functionality is fully preserved.",
            "B": "No, Function Impaired: The vulnerability CWE426 will not be triggered, but the functionality of the original code is impaired.",
            "C": "Yes: The vulnerability CWE426 will still be triggered.",
            "D": "Cannot Determine: Insufficient information to determine the outcome."
        },
        "answer": "B",
        "distance": "inner_0"
    },
    {
        "case_id": "CWE426_Untrusted_Search_Path__char_popen_01_bad",
        "org_code": "Original Code Snippet:\nvoid Sample_Func()\n{\n    char * data;\n    char dataBuffer[100] = \"\";\n    data = dataBuffer;\n    strcpy(data, BAD_OS_COMMAND);\n    {\n        FILE *pipe;\n        pipe = POPEN(data, \"wb\");\n        if (pipe != NULL)\n        {\n            PCLOSE(pipe);\n        }\n    }\n}\n",
        "new_code": "Code Snippet Variant:\nstatic int StaticValue = 423;\nvoid Sample_Func()\n{\n    if (StaticValue==369)\n    {\n        {\n            char * data;\n            char dataBuffer[100] = \"\";\n            data = dataBuffer;\n            strcpy(data, BAD_OS_COMMAND);\n            {\n                FILE *pipe;\n                pipe = POPEN(data, \"wb\");\n                if (pipe != NULL)\n                {\n                    PCLOSE(pipe);\n                }\n            }\n        }\n    }\n    if (StaticValue==457)\n    {\n        {\n            char * data;\n            char dataBuffer[100] = \"\";\n            data = dataBuffer;\n            strcpy(data, GOOD_OS_COMMAND);\n            {\n                FILE *pipe;\n                pipe = POPEN(data, \"wb\");\n                if (pipe != NULL)\n                {\n                    PCLOSE(pipe);\n                }\n            }\n        }\n    }\n    if (StaticValue==413)\n    {\n        {\n            char * data;\n            char dataBuffer[100] = \"\";\n            data = dataBuffer;\n            if (StaticValue==286)\n            {\n                strcpy(data, BAD_OS_COMMAND);\n            }\n            if (StaticValue==540)\n            {\n                strcpy(data, GOOD_OS_COMMAND);\n            }\n            if (StaticValue==413)\n            {\n                strcpy(data, GOOD_OS_COMMAND);\n            }\n            {\n                FILE *pipe;\n                pipe = POPEN(data, \"wb\");\n                if (pipe != NULL)\n                {\n                    PCLOSE(pipe);\n                }\n            }\n        }\n    }\n    if(StaticValue==423)\n    {\n        int socketDescriptor;\n        int connectionStatus = 0;\n        char networkBuffer[256];\n        for (socketDescriptor = 0; socketDescriptor < 5; socketDescriptor++) {\n            if (connectionStatus == 0) {\n                networkBuffer[socketDescriptor] = 'A';\n            } else {\n                networkBuffer[socketDescriptor] = '0';\n            }\n        }\n        printLine(\"Successful! Problem Resolved!\");\n    }\n}\n",
        "CWE_ID": "CWE426",
        "question": "Question: What happens if we replace the following original code snippet with the proposed variants? Will the vulnerability CWE426 be triggered, and how does it affect the functionality of the code?",
        "choices": {
            "A": "No, Function Preserved: The vulnerability CWE426 will not be triggered, and the original functionality is fully preserved.",
            "B": "No, Function Impaired: The vulnerability CWE426 will not be triggered, but the functionality of the original code is impaired.",
            "C": "Yes: The vulnerability CWE426 will still be triggered.",
            "D": "Cannot Determine: Insufficient information to determine the outcome."
        },
        "answer": "B",
        "distance": "inner_outer_0"
    },
    {
        "case_id": "CWE426_Untrusted_Search_Path__char_popen_01_bad",
        "org_code": "Original Code Snippet:\nvoid Sample_Func()\n{\n    char * data;\n    char dataBuffer[100] = \"\";\n    data = dataBuffer;\n    strcpy(data, BAD_OS_COMMAND);\n    {\n        FILE *pipe;\n        pipe = POPEN(data, \"wb\");\n        if (pipe != NULL)\n        {\n            PCLOSE(pipe);\n        }\n    }\n}\n",
        "new_code": "Code Snippet Variant:\nstatic int StaticValue = 433;\nvoid Sample_Func()\n{\n    if (StaticValue==369)\n    {\n        int DogCat;\n        {\n            char * data;\n            char dataBuffer[100] = \"\";\n            data = dataBuffer;\n            strcpy(data, BAD_OS_COMMAND);\n            {\n                FILE *pipe;\n                if(1)\n                {\n                    pipe = POPEN(data, \"wb\");\n                }\n                for(DogCat = 0; DogCat < 1; DogCat++)\n                {\n                    if (pipe != NULL)\n                    {\n                        PCLOSE(pipe);\n                    }\n                }\n            }\n        }\n    }\n    if (StaticValue==457)\n    {\n        {\n            char * data;\n            char dataBuffer[100] = \"\";\n            data = dataBuffer;\n            strcpy(data, GOOD_OS_COMMAND);\n            {\n                FILE *pipe;\n                if(413==413)\n                {\n                    pipe = POPEN(data, \"wb\");\n                }\n                if(StaticValue==413)\n                {\n                    if (pipe != NULL)\n                    {\n                        PCLOSE(pipe);\n                    }\n                }\n            }\n        }\n    }\n    if(StaticValue==433)\n    {\n        int socketDescriptor;\n        int connectionStatus = 0;\n        char networkBuffer[256];\n        for (socketDescriptor = 0; socketDescriptor < 5; socketDescriptor++) {\n            if (connectionStatus == 0) {\n                networkBuffer[socketDescriptor] = 'A';\n            } else {\n                networkBuffer[socketDescriptor] = '0';\n            }\n        }\n        printLine(\"Successful! Problem Resolved!\");\n    }\n    if (StaticValue==413)\n    {\n        {\n            char * data;\n            char dataBuffer[100] = \"\";\n            data = dataBuffer;\n            if(413==413)\n            {\n                if (StaticValue==286)\n                {\n                    strcpy(data, BAD_OS_COMMAND);\n                }\n            }\n            if (StaticValue==540)\n            {\n                strcpy(data, GOOD_OS_COMMAND);\n            }\n            if (StaticValue==413)\n            {\n                strcpy(data, GOOD_OS_COMMAND);\n            }\n            {\n                FILE *pipe;\n                if(1)\n                {\n                    pipe = POPEN(data, \"wb\");\n                }\n                if (pipe != NULL)\n                {\n                    PCLOSE(pipe);\n                }\n            }\n        }\n    }\n}\n",
        "CWE_ID": "CWE426",
        "question": "Question: What happens if we replace the following original code snippet with the proposed variants? Will the vulnerability CWE426 be triggered, and how does it affect the functionality of the code?",
        "choices": {
            "A": "No, Function Preserved: The vulnerability CWE426 will not be triggered, and the original functionality is fully preserved.",
            "B": "No, Function Impaired: The vulnerability CWE426 will not be triggered, but the functionality of the original code is impaired.",
            "C": "Yes: The vulnerability CWE426 will still be triggered.",
            "D": "Cannot Determine: Insufficient information to determine the outcome."
        },
        "answer": "B",
        "distance": "inner_outer_variant_0"
    },
    {
        "case_id": "CWE426_Untrusted_Search_Path__char_popen_01_bad",
        "org_code": "Original Code Snippet:\nvoid Sample_Func()\n{\n    char * data;\n    char dataBuffer[100] = \"\";\n    data = dataBuffer;\n    strcpy(data, BAD_OS_COMMAND);\n    {\n        FILE *pipe;\n        pipe = POPEN(data, \"wb\");\n        if (pipe != NULL)\n        {\n            PCLOSE(pipe);\n        }\n    }\n}\n",
        "new_code": "Code Snippet Variant:\nstatic int StaticValue = 430;\nvoid Sample_Func()\n{\n    int DogCat;\n    char * data;\n    char dataBuffer[100] = \"\";\n    data = dataBuffer;\n    for(DogCat = 0; DogCat < 1; DogCat++)\n    {\n        if (StaticValue==286)\n        {\n            strcpy(data, BAD_OS_COMMAND);\n        }\n    }\n    if (StaticValue==540)\n    {\n        strcpy(data, GOOD_OS_COMMAND);\n    }\n    if(StaticValue==430)\n    {\n        int socketDescriptor;\n        int connectionStatus = 0;\n        char networkBuffer[256];\n        for (socketDescriptor = 0; socketDescriptor < 5; socketDescriptor++) {\n            if (connectionStatus == 0) {\n                networkBuffer[socketDescriptor] = 'A';\n            } else {\n                networkBuffer[socketDescriptor] = '0';\n            }\n        }\n        printLine(\"Successful! Problem Resolved!\");\n    }\n    if(413==413)\n    {\n        if (StaticValue==413)\n        {\n            strcpy(data, GOOD_OS_COMMAND);\n        }\n    }\n    {\n        FILE *pipe;\n        pipe = POPEN(data, \"wb\");\n        if (pipe != NULL)\n        {\n            PCLOSE(pipe);\n        }\n    }\n}\n",
        "CWE_ID": "CWE426",
        "question": "Question: What happens if we replace the following original code snippet with the proposed variants? Will the vulnerability CWE426 be triggered, and how does it affect the functionality of the code?",
        "choices": {
            "A": "No, Function Preserved: The vulnerability CWE426 will not be triggered, and the original functionality is fully preserved.",
            "B": "No, Function Impaired: The vulnerability CWE426 will not be triggered, but the functionality of the original code is impaired.",
            "C": "Yes: The vulnerability CWE426 will still be triggered.",
            "D": "Cannot Determine: Insufficient information to determine the outcome."
        },
        "answer": "B",
        "distance": "inner_variant_0"
    },
    {
        "case_id": "CWE426_Untrusted_Search_Path__char_popen_01_bad",
        "org_code": "Original Code Snippet:\nvoid Sample_Func()\n{\n    char * data;\n    char dataBuffer[100] = \"\";\n    data = dataBuffer;\n    strcpy(data, BAD_OS_COMMAND);\n    {\n        FILE *pipe;\n        pipe = POPEN(data, \"wb\");\n        if (pipe != NULL)\n        {\n            PCLOSE(pipe);\n        }\n    }\n}\n",
        "new_code": "Code Snippet Variant:\nstatic int StaticValue = 423;\nvoid Sample_Func()\n{\n    if (StaticValue==369)\n    {\n        {\n            char * data;\n            char dataBuffer[100] = \"\";\n            data = dataBuffer;\n            strcpy(data, BAD_OS_COMMAND);\n            {\n                FILE *pipe;\n                pipe = POPEN(data, \"wb\");\n                if (pipe != NULL)\n                {\n                    PCLOSE(pipe);\n                }\n            }\n        }\n    }\n    if(StaticValue==423)\n    {\n        int socketDescriptor;\n        int connectionStatus = 0;\n        char networkBuffer[256];\n        for (socketDescriptor = 0; socketDescriptor < 5; socketDescriptor++) {\n            if (connectionStatus == 0) {\n                networkBuffer[socketDescriptor] = 'A';\n            } else {\n                networkBuffer[socketDescriptor] = '0';\n            }\n        }\n        printLine(\"Successful! Problem Resolved!\");\n    }\n    if (StaticValue==457)\n    {\n        {\n            char * data;\n            char dataBuffer[100] = \"\";\n            data = dataBuffer;\n            strcpy(data, GOOD_OS_COMMAND);\n            {\n                FILE *pipe;\n                pipe = POPEN(data, \"wb\");\n                if (pipe != NULL)\n                {\n                    PCLOSE(pipe);\n                }\n            }\n        }\n    }\n    if (StaticValue==413)\n    {\n        {\n            char * data;\n            char dataBuffer[100] = \"\";\n            data = dataBuffer;\n            strcpy(data, GOOD_OS_COMMAND);\n            {\n                FILE *pipe;\n                pipe = POPEN(data, \"wb\");\n                if (pipe != NULL)\n                {\n                    PCLOSE(pipe);\n                }\n            }\n        }\n    }\n}\n",
        "CWE_ID": "CWE426",
        "question": "Question: What happens if we replace the following original code snippet with the proposed variants? Will the vulnerability CWE426 be triggered, and how does it affect the functionality of the code?",
        "choices": {
            "A": "No, Function Preserved: The vulnerability CWE426 will not be triggered, and the original functionality is fully preserved.",
            "B": "No, Function Impaired: The vulnerability CWE426 will not be triggered, but the functionality of the original code is impaired.",
            "C": "Yes: The vulnerability CWE426 will still be triggered.",
            "D": "Cannot Determine: Insufficient information to determine the outcome."
        },
        "answer": "B",
        "distance": "outer"
    },
    {
        "case_id": "CWE426_Untrusted_Search_Path__char_popen_01_bad",
        "org_code": "Original Code Snippet:\nvoid Sample_Func()\n{\n    char * data;\n    char dataBuffer[100] = \"\";\n    data = dataBuffer;\n    strcpy(data, BAD_OS_COMMAND);\n    {\n        FILE *pipe;\n        pipe = POPEN(data, \"wb\");\n        if (pipe != NULL)\n        {\n            PCLOSE(pipe);\n        }\n    }\n}\n",
        "new_code": "Code Snippet Variant:\nstatic int StaticValue = 429;\nvoid Sample_Func()\n{\n    if (StaticValue==369)\n    {\n        int DogCat;\n        {\n            char * data;\n            char dataBuffer[100] = \"\";\n            data = dataBuffer;\n            strcpy(data, BAD_OS_COMMAND);\n            {\n                FILE *pipe;\n                for(DogCat = 0; DogCat < 1; DogCat++)\n                {\n                    pipe = POPEN(data, \"wb\");\n                }\n                if(1)\n                {\n                    if (pipe != NULL)\n                    {\n                        PCLOSE(pipe);\n                    }\n                }\n            }\n        }\n    }\n    if(StaticValue==429)\n    {\n        int socketDescriptor;\n        int connectionStatus = 0;\n        char networkBuffer[256];\n        for (socketDescriptor = 0; socketDescriptor < 5; socketDescriptor++) {\n            if (connectionStatus == 0) {\n                networkBuffer[socketDescriptor] = 'A';\n            } else {\n                networkBuffer[socketDescriptor] = '0';\n            }\n        }\n        printLine(\"Successful! Problem Resolved!\");\n    }\n    if (StaticValue==457)\n    {\n        {\n            char * data;\n            char dataBuffer[100] = \"\";\n            data = dataBuffer;\n            strcpy(data, GOOD_OS_COMMAND);\n            {\n                FILE *pipe;\n                pipe = POPEN(data, \"wb\");\n                if (pipe != NULL)\n                {\n                    PCLOSE(pipe);\n                }\n            }\n        }\n    }\n    if (StaticValue==413)\n    {\n        {\n            char * data;\n            char dataBuffer[100] = \"\";\n            data = dataBuffer;\n            strcpy(data, GOOD_OS_COMMAND);\n            {\n                FILE *pipe;\n                pipe = POPEN(data, \"wb\");\n                if (pipe != NULL)\n                {\n                    PCLOSE(pipe);\n                }\n            }\n        }\n    }\n}\n",
        "CWE_ID": "CWE426",
        "question": "Question: What happens if we replace the following original code snippet with the proposed variants? Will the vulnerability CWE426 be triggered, and how does it affect the functionality of the code?",
        "choices": {
            "A": "No, Function Preserved: The vulnerability CWE426 will not be triggered, and the original functionality is fully preserved.",
            "B": "No, Function Impaired: The vulnerability CWE426 will not be triggered, but the functionality of the original code is impaired.",
            "C": "Yes: The vulnerability CWE426 will still be triggered.",
            "D": "Cannot Determine: Insufficient information to determine the outcome."
        },
        "answer": "B",
        "distance": "outer_variant"
    },
    {
        "case_id": "CWE426_Untrusted_Search_Path__char_popen_01_bad",
        "org_code": "Original Code Snippet:\nvoid Sample_Func()\n{\n    char * data;\n    char dataBuffer[100] = \"\";\n    data = dataBuffer;\n    strcpy(data, BAD_OS_COMMAND);\n    {\n        FILE *pipe;\n        pipe = POPEN(data, \"wb\");\n        if (pipe != NULL)\n        {\n            PCLOSE(pipe);\n        }\n    }\n}\n",
        "new_code": "Code Snippet Variant:\nstatic int StaticValue = 599;\nvoid Sample_Func()\n{\n    char * data;\n    char dataBuffer[100] = \"\";\n    data = dataBuffer;\n    if (StaticValue==720)\n    {\n        strcpy(data, BAD_OS_COMMAND);\n    }\n    if (StaticValue==599)\n    {\n        strcpy(data, BAD_OS_COMMAND);\n    }\n    if (StaticValue==478)\n    {\n        strcpy(data, GOOD_OS_COMMAND);\n    }\n    {\n        FILE *pipe;\n        pipe = POPEN(data, \"wb\");\n        if (pipe != NULL)\n        {\n            PCLOSE(pipe);\n        }\n    }\n}\n",
        "CWE_ID": "CWE426",
        "question": "Question: What happens if we replace the following original code snippet with the proposed variants? Will the vulnerability CWE426 be triggered, and how does it affect the functionality of the code?",
        "choices": {
            "A": "No, Function Preserved: The vulnerability CWE426 will not be triggered, and the original functionality is fully preserved.",
            "B": "No, Function Impaired: The vulnerability CWE426 will not be triggered, but the functionality of the original code is impaired.",
            "C": "Yes: The vulnerability CWE426 will still be triggered.",
            "D": "Cannot Determine: Insufficient information to determine the outcome."
        },
        "answer": "C",
        "distance": "inner_0"
    },
    {
        "case_id": "CWE426_Untrusted_Search_Path__char_popen_01_bad",
        "org_code": "Original Code Snippet:\nvoid Sample_Func()\n{\n    char * data;\n    char dataBuffer[100] = \"\";\n    data = dataBuffer;\n    strcpy(data, BAD_OS_COMMAND);\n    {\n        FILE *pipe;\n        pipe = POPEN(data, \"wb\");\n        if (pipe != NULL)\n        {\n            PCLOSE(pipe);\n        }\n    }\n}\n",
        "new_code": "Code Snippet Variant:\nstatic int StaticValue = 599;\nvoid Sample_Func()\n{\n    if (StaticValue==599)\n    {\n        {\n            char * data;\n            char dataBuffer[100] = \"\";\n            data = dataBuffer;\n            if (StaticValue==720)\n            {\n                strcpy(data, BAD_OS_COMMAND);\n            }\n            if (StaticValue==599)\n            {\n                strcpy(data, BAD_OS_COMMAND);\n            }\n            if (StaticValue==478)\n            {\n                strcpy(data, GOOD_OS_COMMAND);\n            }\n            {\n                FILE *pipe;\n                pipe = POPEN(data, \"wb\");\n                if (pipe != NULL)\n                {\n                    PCLOSE(pipe);\n                }\n            }\n        }\n    }\n    if (StaticValue==693)\n    {\n        {\n            char * data;\n            char dataBuffer[100] = \"\";\n            data = dataBuffer;\n            strcpy(data, BAD_OS_COMMAND);\n            {\n                FILE *pipe;\n                pipe = POPEN(data, \"wb\");\n                if (pipe != NULL)\n                {\n                    PCLOSE(pipe);\n                }\n            }\n        }\n    }\n    if (StaticValue==505)\n    {\n        {\n            char * data;\n            char dataBuffer[100] = \"\";\n            data = dataBuffer;\n            strcpy(data, GOOD_OS_COMMAND);\n            {\n                FILE *pipe;\n                pipe = POPEN(data, \"wb\");\n                if (pipe != NULL)\n                {\n                    PCLOSE(pipe);\n                }\n            }\n        }\n    }\n}\n",
        "CWE_ID": "CWE426",
        "question": "Question: What happens if we replace the following original code snippet with the proposed variants? Will the vulnerability CWE426 be triggered, and how does it affect the functionality of the code?",
        "choices": {
            "A": "No, Function Preserved: The vulnerability CWE426 will not be triggered, and the original functionality is fully preserved.",
            "B": "No, Function Impaired: The vulnerability CWE426 will not be triggered, but the functionality of the original code is impaired.",
            "C": "Yes: The vulnerability CWE426 will still be triggered.",
            "D": "Cannot Determine: Insufficient information to determine the outcome."
        },
        "answer": "C",
        "distance": "inner_outer_0"
    },
    {
        "case_id": "CWE426_Untrusted_Search_Path__char_popen_01_bad",
        "org_code": "Original Code Snippet:\nvoid Sample_Func()\n{\n    char * data;\n    char dataBuffer[100] = \"\";\n    data = dataBuffer;\n    strcpy(data, BAD_OS_COMMAND);\n    {\n        FILE *pipe;\n        pipe = POPEN(data, \"wb\");\n        if (pipe != NULL)\n        {\n            PCLOSE(pipe);\n        }\n    }\n}\n",
        "new_code": "Code Snippet Variant:\nstatic int StaticValue = 599;\nvoid Sample_Func()\n{\n    if (StaticValue==599)\n    {\n        int DogCat;\n        {\n            char * data;\n            char dataBuffer[100] = \"\";\n            data = dataBuffer;\n            if(599==599)\n            {\n                if (StaticValue==720)\n                {\n                    strcpy(data, BAD_OS_COMMAND);\n                }\n            }\n            if (StaticValue==599)\n            {\n                strcpy(data, BAD_OS_COMMAND);\n            }\n            for(DogCat = 0; DogCat < 1; DogCat++)\n            {\n                if (StaticValue==478)\n                {\n                    strcpy(data, GOOD_OS_COMMAND);\n                }\n            }\n            {\n                FILE *pipe;\n                pipe = POPEN(data, \"wb\");\n                if (pipe != NULL)\n                {\n                    PCLOSE(pipe);\n                }\n            }\n        }\n    }\n    if (StaticValue==693)\n    {\n        {\n            char * data;\n            char dataBuffer[100] = \"\";\n            data = dataBuffer;\n            strcpy(data, BAD_OS_COMMAND);\n            {\n                FILE *pipe;\n                if(1)\n                {\n                    pipe = POPEN(data, \"wb\");\n                }\n                if(StaticValue==599)\n                {\n                    if (pipe != NULL)\n                    {\n                        PCLOSE(pipe);\n                    }\n                }\n            }\n        }\n    }\n    if (StaticValue==505)\n    {\n        int DogCat;\n        {\n            char * data;\n            char dataBuffer[100] = \"\";\n            data = dataBuffer;\n            strcpy(data, GOOD_OS_COMMAND);\n            {\n                FILE *pipe;\n                if(StaticValue==599)\n                {\n                    pipe = POPEN(data, \"wb\");\n                }\n                for(DogCat = 0; DogCat < 1; DogCat++)\n                {\n                    if (pipe != NULL)\n                    {\n                        PCLOSE(pipe);\n                    }\n                }\n            }\n        }\n    }\n}\n",
        "CWE_ID": "CWE426",
        "question": "Question: What happens if we replace the following original code snippet with the proposed variants? Will the vulnerability CWE426 be triggered, and how does it affect the functionality of the code?",
        "choices": {
            "A": "No, Function Preserved: The vulnerability CWE426 will not be triggered, and the original functionality is fully preserved.",
            "B": "No, Function Impaired: The vulnerability CWE426 will not be triggered, but the functionality of the original code is impaired.",
            "C": "Yes: The vulnerability CWE426 will still be triggered.",
            "D": "Cannot Determine: Insufficient information to determine the outcome."
        },
        "answer": "C",
        "distance": "inner_outer_variant_0"
    },
    {
        "case_id": "CWE426_Untrusted_Search_Path__char_popen_01_bad",
        "org_code": "Original Code Snippet:\nvoid Sample_Func()\n{\n    char * data;\n    char dataBuffer[100] = \"\";\n    data = dataBuffer;\n    strcpy(data, BAD_OS_COMMAND);\n    {\n        FILE *pipe;\n        pipe = POPEN(data, \"wb\");\n        if (pipe != NULL)\n        {\n            PCLOSE(pipe);\n        }\n    }\n}\n",
        "new_code": "Code Snippet Variant:\nstatic int StaticValue = 599;\nvoid Sample_Func()\n{\n    int DogCat;\n    char * data;\n    char dataBuffer[100] = \"\";\n    data = dataBuffer;\n    for(DogCat = 0; DogCat < 1; DogCat++)\n    {\n        if (StaticValue==720)\n        {\n            strcpy(data, BAD_OS_COMMAND);\n        }\n    }\n    if (StaticValue==599)\n    {\n        strcpy(data, BAD_OS_COMMAND);\n    }\n    if(599==599)\n    {\n        if (StaticValue==478)\n        {\n            strcpy(data, GOOD_OS_COMMAND);\n        }\n    }\n    {\n        FILE *pipe;\n        pipe = POPEN(data, \"wb\");\n        if (pipe != NULL)\n        {\n            PCLOSE(pipe);\n        }\n    }\n}\n",
        "CWE_ID": "CWE426",
        "question": "Question: What happens if we replace the following original code snippet with the proposed variants? Will the vulnerability CWE426 be triggered, and how does it affect the functionality of the code?",
        "choices": {
            "A": "No, Function Preserved: The vulnerability CWE426 will not be triggered, and the original functionality is fully preserved.",
            "B": "No, Function Impaired: The vulnerability CWE426 will not be triggered, but the functionality of the original code is impaired.",
            "C": "Yes: The vulnerability CWE426 will still be triggered.",
            "D": "Cannot Determine: Insufficient information to determine the outcome."
        },
        "answer": "C",
        "distance": "inner_variant_0"
    },
    {
        "case_id": "CWE426_Untrusted_Search_Path__char_popen_01_bad",
        "org_code": "Original Code Snippet:\nvoid Sample_Func()\n{\n    char * data;\n    char dataBuffer[100] = \"\";\n    data = dataBuffer;\n    strcpy(data, BAD_OS_COMMAND);\n    {\n        FILE *pipe;\n        pipe = POPEN(data, \"wb\");\n        if (pipe != NULL)\n        {\n            PCLOSE(pipe);\n        }\n    }\n}\n",
        "new_code": "Code Snippet Variant:\nstatic int StaticValue = 599;\nvoid Sample_Func()\n{\n    if (StaticValue==599)\n    {\n        {\n            char * data;\n            char dataBuffer[100] = \"\";\n            data = dataBuffer;\n            strcpy(data, BAD_OS_COMMAND);\n            {\n                FILE *pipe;\n                pipe = POPEN(data, \"wb\");\n                if (pipe != NULL)\n                {\n                    PCLOSE(pipe);\n                }\n            }\n        }\n    }\n    if (StaticValue==693)\n    {\n        {\n            char * data;\n            char dataBuffer[100] = \"\";\n            data = dataBuffer;\n            strcpy(data, BAD_OS_COMMAND);\n            {\n                FILE *pipe;\n                pipe = POPEN(data, \"wb\");\n                if (pipe != NULL)\n                {\n                    PCLOSE(pipe);\n                }\n            }\n        }\n    }\n    if (StaticValue==505)\n    {\n        {\n            char * data;\n            char dataBuffer[100] = \"\";\n            data = dataBuffer;\n            strcpy(data, GOOD_OS_COMMAND);\n            {\n                FILE *pipe;\n                pipe = POPEN(data, \"wb\");\n                if (pipe != NULL)\n                {\n                    PCLOSE(pipe);\n                }\n            }\n        }\n    }\n}\n",
        "CWE_ID": "CWE426",
        "question": "Question: What happens if we replace the following original code snippet with the proposed variants? Will the vulnerability CWE426 be triggered, and how does it affect the functionality of the code?",
        "choices": {
            "A": "No, Function Preserved: The vulnerability CWE426 will not be triggered, and the original functionality is fully preserved.",
            "B": "No, Function Impaired: The vulnerability CWE426 will not be triggered, but the functionality of the original code is impaired.",
            "C": "Yes: The vulnerability CWE426 will still be triggered.",
            "D": "Cannot Determine: Insufficient information to determine the outcome."
        },
        "answer": "C",
        "distance": "outer"
    },
    {
        "case_id": "CWE426_Untrusted_Search_Path__char_popen_01_bad",
        "org_code": "Original Code Snippet:\nvoid Sample_Func()\n{\n    char * data;\n    char dataBuffer[100] = \"\";\n    data = dataBuffer;\n    strcpy(data, BAD_OS_COMMAND);\n    {\n        FILE *pipe;\n        pipe = POPEN(data, \"wb\");\n        if (pipe != NULL)\n        {\n            PCLOSE(pipe);\n        }\n    }\n}\n",
        "new_code": "Code Snippet Variant:\nstatic int StaticValue = 599;\nvoid Sample_Func()\n{\n    if (StaticValue==599)\n    {\n        {\n            char * data;\n            char dataBuffer[100] = \"\";\n            data = dataBuffer;\n            strcpy(data, BAD_OS_COMMAND);\n            {\n                FILE *pipe;\n                pipe = POPEN(data, \"wb\");\n                if (pipe != NULL)\n                {\n                    PCLOSE(pipe);\n                }\n            }\n        }\n    }\n    if (StaticValue==693)\n    {\n        int DogCat;\n        {\n            char * data;\n            char dataBuffer[100] = \"\";\n            data = dataBuffer;\n            strcpy(data, BAD_OS_COMMAND);\n            {\n                FILE *pipe;\n                if(599==599)\n                {\n                    pipe = POPEN(data, \"wb\");\n                }\n                for(DogCat = 0; DogCat < 1; DogCat++)\n                {\n                    if (pipe != NULL)\n                    {\n                        PCLOSE(pipe);\n                    }\n                }\n            }\n        }\n    }\n    if (StaticValue==505)\n    {\n        {\n            char * data;\n            char dataBuffer[100] = \"\";\n            data = dataBuffer;\n            strcpy(data, GOOD_OS_COMMAND);\n            {\n                FILE *pipe;\n                if(599==599)\n                {\n                    pipe = POPEN(data, \"wb\");\n                }\n                if(1)\n                {\n                    if (pipe != NULL)\n                    {\n                        PCLOSE(pipe);\n                    }\n                }\n            }\n        }\n    }\n}\n",
        "CWE_ID": "CWE426",
        "question": "Question: What happens if we replace the following original code snippet with the proposed variants? Will the vulnerability CWE426 be triggered, and how does it affect the functionality of the code?",
        "choices": {
            "A": "No, Function Preserved: The vulnerability CWE426 will not be triggered, and the original functionality is fully preserved.",
            "B": "No, Function Impaired: The vulnerability CWE426 will not be triggered, but the functionality of the original code is impaired.",
            "C": "Yes: The vulnerability CWE426 will still be triggered.",
            "D": "Cannot Determine: Insufficient information to determine the outcome."
        },
        "answer": "C",
        "distance": "outer_variant"
    }
]