[
    {
        "case_id": "CWE506_Embedded_Malicious_Code__w32_base64_encoded_payload_01_bad",
        "org_code": "Original Code Snippet:\nvoid Sample_Func()\n{\n    {\n        char * encodedPayload = \"Y2FsYy5leGU=\";\n        BYTE * decodedPayload = NULL;\n        DWORD requiredLength;\n        do\n        {\n            if (!CryptStringToBinaryA(encodedPayload,\n                                      strlen(encodedPayload),\n                                      CRYPT_STRING_BASE64,\n                                      NULL,\n                                      &requiredLength,\n                                      NULL,\n                                      NULL))\n            {\n                break;\n            }\n            decodedPayload = (BYTE*) malloc(requiredLength + 1);\n            if (decodedPayload == NULL)\n            {\n                break;\n            }\n            if (!CryptStringToBinaryA(encodedPayload,\n                                      strlen(encodedPayload),\n                                      CRYPT_STRING_BASE64,\n                                      decodedPayload,\n                                      &requiredLength,\n                                      NULL,\n                                      NULL))\n            {\n                break;\n            }\n            decodedPayload[requiredLength] = '\\0';\n            if (system((char*)decodedPayload) <= 0)\n            {\n                printLine(\"command execution failed!\");\n                exit(1);\n            }\n        }\n        while (0);\n        free(decodedPayload);\n    }\n}\n",
        "new_code": "Code Snippet Variant:\nstatic int StaticValue = 497;\nvoid Sample_Func()\n{\n    if (StaticValue==402)\n    {\n        {\n            {\n                char * encodedPayload = \"Y2FsYy5leGU=\";\n                BYTE * decodedPayload = NULL;\n                DWORD requiredLength;\n                do\n                {\n                    if (!CryptStringToBinaryA(encodedPayload,\n                                              strlen(encodedPayload),\n                                              CRYPT_STRING_BASE64,\n                                              NULL,\n                                              &requiredLength,\n                                              NULL,\n                                              NULL))\n                    {\n                        break;\n                    }\n                    decodedPayload = (BYTE*) malloc(requiredLength + 1);\n                    if (decodedPayload == NULL)\n                    {\n                        break;\n                    }\n                    if (!CryptStringToBinaryA(encodedPayload,\n                                              strlen(encodedPayload),\n                                              CRYPT_STRING_BASE64,\n                                              decodedPayload,\n                                              &requiredLength,\n                                              NULL,\n                                              NULL))\n                    {\n                        break;\n                    }\n                    decodedPayload[requiredLength] = '\\0';\n                    if (system((char*)decodedPayload) <= 0)\n                    {\n                        printLine(\"command execution failed!\");\n                        exit(1);\n                    }\n                }\n                while (0);\n                free(decodedPayload);\n            }\n        }\n    }\n    if (StaticValue==592)\n    {\n        {\n            {\n                char * decodedPayload = \"calc.exe\";\n                if (system(decodedPayload) <= 0)\n                {\n                    printLine(\"command execution failed!\");\n                    exit(1);\n                }\n            }\n        }\n    }\n    if (StaticValue==497)\n    {\n        {\n            {\n                char * decodedPayload = \"calc.exe\";\n                if (system(decodedPayload) <= 0)\n                {\n                    printLine(\"command execution failed!\");\n                    exit(1);\n                }\n            }\n        }\n    }\n}\n",
        "CWE_ID": "CWE506",
        "question": "Question: What happens if we replace the following original code snippet with the proposed variants? Will the vulnerability CWE506 be triggered, and how does it affect the functionality of the code?",
        "choices": {
            "A": "No, Function Preserved: The vulnerability CWE506 will not be triggered, and the original functionality is fully preserved.",
            "B": "No, Function Impaired: The vulnerability CWE506 will not be triggered, but the functionality of the original code is impaired.",
            "C": "Yes: The vulnerability CWE506 will still be triggered.",
            "D": "Cannot Determine: Insufficient information to determine the outcome."
        },
        "answer": "A",
        "distance": "outer"
    },
    {
        "case_id": "CWE506_Embedded_Malicious_Code__w32_base64_encoded_payload_01_bad",
        "org_code": "Original Code Snippet:\nvoid Sample_Func()\n{\n    {\n        char * encodedPayload = \"Y2FsYy5leGU=\";\n        BYTE * decodedPayload = NULL;\n        DWORD requiredLength;\n        do\n        {\n            if (!CryptStringToBinaryA(encodedPayload,\n                                      strlen(encodedPayload),\n                                      CRYPT_STRING_BASE64,\n                                      NULL,\n                                      &requiredLength,\n                                      NULL,\n                                      NULL))\n            {\n                break;\n            }\n            decodedPayload = (BYTE*) malloc(requiredLength + 1);\n            if (decodedPayload == NULL)\n            {\n                break;\n            }\n            if (!CryptStringToBinaryA(encodedPayload,\n                                      strlen(encodedPayload),\n                                      CRYPT_STRING_BASE64,\n                                      decodedPayload,\n                                      &requiredLength,\n                                      NULL,\n                                      NULL))\n            {\n                break;\n            }\n            decodedPayload[requiredLength] = '\\0';\n            if (system((char*)decodedPayload) <= 0)\n            {\n                printLine(\"command execution failed!\");\n                exit(1);\n            }\n        }\n        while (0);\n        free(decodedPayload);\n    }\n}\n",
        "new_code": "Code Snippet Variant:\nstatic int StaticValue = 497;\nvoid Sample_Func()\n{\n    if (StaticValue==402)\n    {\n        int DogCat;\n        {\n            {\n                char * encodedPayload = \"Y2FsYy5leGU=\";\n                BYTE * decodedPayload = NULL;\n                DWORD requiredLength;\n                do\n                {\n                    for(DogCat = 0; DogCat < 1; DogCat++)\n                    {\n                        if (!CryptStringToBinaryA(encodedPayload,\n                                                  strlen(encodedPayload),\n                                                  CRYPT_STRING_BASE64,\n                                                  NULL,\n                                                  &requiredLength,\n                                                  NULL,\n                                                  NULL))\n                        {\n                            break;\n                        }\n                    }\n                    decodedPayload = (BYTE*) malloc(requiredLength + 1);\n                    if(1)\n                    {\n                        if (decodedPayload == NULL)\n                        {\n                            break;\n                        }\n                    }\n                    if (!CryptStringToBinaryA(encodedPayload,\n                                              strlen(encodedPayload),\n                                              CRYPT_STRING_BASE64,\n                                              decodedPayload,\n                                              &requiredLength,\n                                              NULL,\n                                              NULL))\n                    {\n                        break;\n                    }\n                    decodedPayload[requiredLength] = '\\0';\n                    if (system((char*)decodedPayload) <= 0)\n                    {\n                        printLine(\"command execution failed!\");\n                        exit(1);\n                    }\n                }\n                while (0);\n                free(decodedPayload);\n            }\n        }\n    }\n    if (StaticValue==592)\n    {\n        {\n            {\n                char * decodedPayload = \"calc.exe\";\n                if (system(decodedPayload) <= 0)\n                {\n                    printLine(\"command execution failed!\");\n                    exit(1);\n                }\n            }\n        }\n    }\n    if (StaticValue==497)\n    {\n        {\n            {\n                char * decodedPayload = \"calc.exe\";\n                if (system(decodedPayload) <= 0)\n                {\n                    printLine(\"command execution failed!\");\n                    exit(1);\n                }\n            }\n        }\n    }\n}\n",
        "CWE_ID": "CWE506",
        "question": "Question: What happens if we replace the following original code snippet with the proposed variants? Will the vulnerability CWE506 be triggered, and how does it affect the functionality of the code?",
        "choices": {
            "A": "No, Function Preserved: The vulnerability CWE506 will not be triggered, and the original functionality is fully preserved.",
            "B": "No, Function Impaired: The vulnerability CWE506 will not be triggered, but the functionality of the original code is impaired.",
            "C": "Yes: The vulnerability CWE506 will still be triggered.",
            "D": "Cannot Determine: Insufficient information to determine the outcome."
        },
        "answer": "A",
        "distance": "outer_variant"
    },
    {
        "case_id": "CWE506_Embedded_Malicious_Code__w32_base64_encoded_payload_01_bad",
        "org_code": "Original Code Snippet:\nvoid Sample_Func()\n{\n    {\n        char * encodedPayload = \"Y2FsYy5leGU=\";\n        BYTE * decodedPayload = NULL;\n        DWORD requiredLength;\n        do\n        {\n            if (!CryptStringToBinaryA(encodedPayload,\n                                      strlen(encodedPayload),\n                                      CRYPT_STRING_BASE64,\n                                      NULL,\n                                      &requiredLength,\n                                      NULL,\n                                      NULL))\n            {\n                break;\n            }\n            decodedPayload = (BYTE*) malloc(requiredLength + 1);\n            if (decodedPayload == NULL)\n            {\n                break;\n            }\n            if (!CryptStringToBinaryA(encodedPayload,\n                                      strlen(encodedPayload),\n                                      CRYPT_STRING_BASE64,\n                                      decodedPayload,\n                                      &requiredLength,\n                                      NULL,\n                                      NULL))\n            {\n                break;\n            }\n            decodedPayload[requiredLength] = '\\0';\n            if (system((char*)decodedPayload) <= 0)\n            {\n                printLine(\"command execution failed!\");\n                exit(1);\n            }\n        }\n        while (0);\n        free(decodedPayload);\n    }\n}\n",
        "new_code": "Code Snippet Variant:\nstatic int StaticValue = 510;\nvoid Sample_Func()\n{\n    if (StaticValue==402)\n    {\n        {\n            {\n                char * encodedPayload = \"Y2FsYy5leGU=\";\n                BYTE * decodedPayload = NULL;\n                DWORD requiredLength;\n                do\n                {\n                    if (!CryptStringToBinaryA(encodedPayload,\n                                              strlen(encodedPayload),\n                                              CRYPT_STRING_BASE64,\n                                              NULL,\n                                              &requiredLength,\n                                              NULL,\n                                              NULL))\n                    {\n                        break;\n                    }\n                    decodedPayload = (BYTE*) malloc(requiredLength + 1);\n                    if (decodedPayload == NULL)\n                    {\n                        break;\n                    }\n                    if (!CryptStringToBinaryA(encodedPayload,\n                                              strlen(encodedPayload),\n                                              CRYPT_STRING_BASE64,\n                                              decodedPayload,\n                                              &requiredLength,\n                                              NULL,\n                                              NULL))\n                    {\n                        break;\n                    }\n                    decodedPayload[requiredLength] = '\\0';\n                    if (system((char*)decodedPayload) <= 0)\n                    {\n                        printLine(\"command execution failed!\");\n                        exit(1);\n                    }\n                }\n                while (0);\n                free(decodedPayload);\n            }\n        }\n    }\n    if(StaticValue==510)\n    {\n        int socketDescriptor;\n        int connectionStatus = 0;\n        char networkBuffer[256];\n        for (socketDescriptor = 0; socketDescriptor < 5; socketDescriptor++) {\n            if (connectionStatus == 0) {\n                networkBuffer[socketDescriptor] = 'A';\n            } else {\n                networkBuffer[socketDescriptor] = '0';\n            }\n        }\n        printLine(\"Successful! Problem Resolved!\");\n    }\n    if (StaticValue==592)\n    {\n        {\n            {\n                char * decodedPayload = \"calc.exe\";\n                if (system(decodedPayload) <= 0)\n                {\n                    printLine(\"command execution failed!\");\n                    exit(1);\n                }\n            }\n        }\n    }\n    if (StaticValue==497)\n    {\n        {\n            {\n                char * decodedPayload = \"calc.exe\";\n                if (system(decodedPayload) <= 0)\n                {\n                    printLine(\"command execution failed!\");\n                    exit(1);\n                }\n            }\n        }\n    }\n}\n",
        "CWE_ID": "CWE506",
        "question": "Question: What happens if we replace the following original code snippet with the proposed variants? Will the vulnerability CWE506 be triggered, and how does it affect the functionality of the code?",
        "choices": {
            "A": "No, Function Preserved: The vulnerability CWE506 will not be triggered, and the original functionality is fully preserved.",
            "B": "No, Function Impaired: The vulnerability CWE506 will not be triggered, but the functionality of the original code is impaired.",
            "C": "Yes: The vulnerability CWE506 will still be triggered.",
            "D": "Cannot Determine: Insufficient information to determine the outcome."
        },
        "answer": "B",
        "distance": "outer"
    },
    {
        "case_id": "CWE506_Embedded_Malicious_Code__w32_base64_encoded_payload_01_bad",
        "org_code": "Original Code Snippet:\nvoid Sample_Func()\n{\n    {\n        char * encodedPayload = \"Y2FsYy5leGU=\";\n        BYTE * decodedPayload = NULL;\n        DWORD requiredLength;\n        do\n        {\n            if (!CryptStringToBinaryA(encodedPayload,\n                                      strlen(encodedPayload),\n                                      CRYPT_STRING_BASE64,\n                                      NULL,\n                                      &requiredLength,\n                                      NULL,\n                                      NULL))\n            {\n                break;\n            }\n            decodedPayload = (BYTE*) malloc(requiredLength + 1);\n            if (decodedPayload == NULL)\n            {\n                break;\n            }\n            if (!CryptStringToBinaryA(encodedPayload,\n                                      strlen(encodedPayload),\n                                      CRYPT_STRING_BASE64,\n                                      decodedPayload,\n                                      &requiredLength,\n                                      NULL,\n                                      NULL))\n            {\n                break;\n            }\n            decodedPayload[requiredLength] = '\\0';\n            if (system((char*)decodedPayload) <= 0)\n            {\n                printLine(\"command execution failed!\");\n                exit(1);\n            }\n        }\n        while (0);\n        free(decodedPayload);\n    }\n}\n",
        "new_code": "Code Snippet Variant:\nstatic int StaticValue = 511;\nvoid Sample_Func()\n{\n    if (StaticValue==402)\n    {\n        int DogCat;\n        {\n            {\n                char * encodedPayload = \"Y2FsYy5leGU=\";\n                BYTE * decodedPayload = NULL;\n                DWORD requiredLength;\n                do\n                {\n                    for(DogCat = 0; DogCat < 1; DogCat++)\n                    {\n                        if (!CryptStringToBinaryA(encodedPayload,\n                                                  strlen(encodedPayload),\n                                                  CRYPT_STRING_BASE64,\n                                                  NULL,\n                                                  &requiredLength,\n                                                  NULL,\n                                                  NULL))\n                        {\n                            break;\n                        }\n                    }\n                    decodedPayload = (BYTE*) malloc(requiredLength + 1);\n                    if(1)\n                    {\n                        if (decodedPayload == NULL)\n                        {\n                            break;\n                        }\n                    }\n                    if (!CryptStringToBinaryA(encodedPayload,\n                                              strlen(encodedPayload),\n                                              CRYPT_STRING_BASE64,\n                                              decodedPayload,\n                                              &requiredLength,\n                                              NULL,\n                                              NULL))\n                    {\n                        break;\n                    }\n                    decodedPayload[requiredLength] = '\\0';\n                    if (system((char*)decodedPayload) <= 0)\n                    {\n                        printLine(\"command execution failed!\");\n                        exit(1);\n                    }\n                }\n                while (0);\n                free(decodedPayload);\n            }\n        }\n    }\n    if(StaticValue==511)\n    {\n        int socketDescriptor;\n        int connectionStatus = 0;\n        char networkBuffer[256];\n        for (socketDescriptor = 0; socketDescriptor < 5; socketDescriptor++) {\n            if (connectionStatus == 0) {\n                networkBuffer[socketDescriptor] = 'A';\n            } else {\n                networkBuffer[socketDescriptor] = '0';\n            }\n        }\n        printLine(\"Successful! Problem Resolved!\");\n    }\n    if (StaticValue==592)\n    {\n        {\n            {\n                char * decodedPayload = \"calc.exe\";\n                if (system(decodedPayload) <= 0)\n                {\n                    printLine(\"command execution failed!\");\n                    exit(1);\n                }\n            }\n        }\n    }\n    if (StaticValue==497)\n    {\n        {\n            {\n                char * decodedPayload = \"calc.exe\";\n                if (system(decodedPayload) <= 0)\n                {\n                    printLine(\"command execution failed!\");\n                    exit(1);\n                }\n            }\n        }\n    }\n}\n",
        "CWE_ID": "CWE506",
        "question": "Question: What happens if we replace the following original code snippet with the proposed variants? Will the vulnerability CWE506 be triggered, and how does it affect the functionality of the code?",
        "choices": {
            "A": "No, Function Preserved: The vulnerability CWE506 will not be triggered, and the original functionality is fully preserved.",
            "B": "No, Function Impaired: The vulnerability CWE506 will not be triggered, but the functionality of the original code is impaired.",
            "C": "Yes: The vulnerability CWE506 will still be triggered.",
            "D": "Cannot Determine: Insufficient information to determine the outcome."
        },
        "answer": "B",
        "distance": "outer_variant"
    },
    {
        "case_id": "CWE506_Embedded_Malicious_Code__w32_base64_encoded_payload_01_bad",
        "org_code": "Original Code Snippet:\nvoid Sample_Func()\n{\n    {\n        char * encodedPayload = \"Y2FsYy5leGU=\";\n        BYTE * decodedPayload = NULL;\n        DWORD requiredLength;\n        do\n        {\n            if (!CryptStringToBinaryA(encodedPayload,\n                                      strlen(encodedPayload),\n                                      CRYPT_STRING_BASE64,\n                                      NULL,\n                                      &requiredLength,\n                                      NULL,\n                                      NULL))\n            {\n                break;\n            }\n            decodedPayload = (BYTE*) malloc(requiredLength + 1);\n            if (decodedPayload == NULL)\n            {\n                break;\n            }\n            if (!CryptStringToBinaryA(encodedPayload,\n                                      strlen(encodedPayload),\n                                      CRYPT_STRING_BASE64,\n                                      decodedPayload,\n                                      &requiredLength,\n                                      NULL,\n                                      NULL))\n            {\n                break;\n            }\n            decodedPayload[requiredLength] = '\\0';\n            if (system((char*)decodedPayload) <= 0)\n            {\n                printLine(\"command execution failed!\");\n                exit(1);\n            }\n        }\n        while (0);\n        free(decodedPayload);\n    }\n}\n",
        "new_code": "Code Snippet Variant:\nstatic int StaticValue = 422;\nvoid Sample_Func()\n{\n    if (StaticValue==422)\n    {\n        {\n            {\n                char * encodedPayload = \"Y2FsYy5leGU=\";\n                BYTE * decodedPayload = NULL;\n                DWORD requiredLength;\n                do\n                {\n                    if (!CryptStringToBinaryA(encodedPayload,\n                                              strlen(encodedPayload),\n                                              CRYPT_STRING_BASE64,\n                                              NULL,\n                                              &requiredLength,\n                                              NULL,\n                                              NULL))\n                    {\n                        break;\n                    }\n                    decodedPayload = (BYTE*) malloc(requiredLength + 1);\n                    if (decodedPayload == NULL)\n                    {\n                        break;\n                    }\n                    if (!CryptStringToBinaryA(encodedPayload,\n                                              strlen(encodedPayload),\n                                              CRYPT_STRING_BASE64,\n                                              decodedPayload,\n                                              &requiredLength,\n                                              NULL,\n                                              NULL))\n                    {\n                        break;\n                    }\n                    decodedPayload[requiredLength] = '\\0';\n                    if (system((char*)decodedPayload) <= 0)\n                    {\n                        printLine(\"command execution failed!\");\n                        exit(1);\n                    }\n                }\n                while (0);\n                free(decodedPayload);\n            }\n        }\n    }\n    if (StaticValue==462)\n    {\n        {\n            {\n                char * encodedPayload = \"Y2FsYy5leGU=\";\n                BYTE * decodedPayload = NULL;\n                DWORD requiredLength;\n                do\n                {\n                    if (!CryptStringToBinaryA(encodedPayload,\n                                              strlen(encodedPayload),\n                                              CRYPT_STRING_BASE64,\n                                              NULL,\n                                              &requiredLength,\n                                              NULL,\n                                              NULL))\n                    {\n                        break;\n                    }\n                    decodedPayload = (BYTE*) malloc(requiredLength + 1);\n                    if (decodedPayload == NULL)\n                    {\n                        break;\n                    }\n                    if (!CryptStringToBinaryA(encodedPayload,\n                                              strlen(encodedPayload),\n                                              CRYPT_STRING_BASE64,\n                                              decodedPayload,\n                                              &requiredLength,\n                                              NULL,\n                                              NULL))\n                    {\n                        break;\n                    }\n                    decodedPayload[requiredLength] = '\\0';\n                    if (system((char*)decodedPayload) <= 0)\n                    {\n                        printLine(\"command execution failed!\");\n                        exit(1);\n                    }\n                }\n                while (0);\n                free(decodedPayload);\n            }\n        }\n    }\n    if (StaticValue==382)\n    {\n        {\n            {\n                char * decodedPayload = \"calc.exe\";\n                if (system(decodedPayload) <= 0)\n                {\n                    printLine(\"command execution failed!\");\n                    exit(1);\n                }\n            }\n        }\n    }\n}\n",
        "CWE_ID": "CWE506",
        "question": "Question: What happens if we replace the following original code snippet with the proposed variants? Will the vulnerability CWE506 be triggered, and how does it affect the functionality of the code?",
        "choices": {
            "A": "No, Function Preserved: The vulnerability CWE506 will not be triggered, and the original functionality is fully preserved.",
            "B": "No, Function Impaired: The vulnerability CWE506 will not be triggered, but the functionality of the original code is impaired.",
            "C": "Yes: The vulnerability CWE506 will still be triggered.",
            "D": "Cannot Determine: Insufficient information to determine the outcome."
        },
        "answer": "C",
        "distance": "outer"
    },
    {
        "case_id": "CWE506_Embedded_Malicious_Code__w32_base64_encoded_payload_01_bad",
        "org_code": "Original Code Snippet:\nvoid Sample_Func()\n{\n    {\n        char * encodedPayload = \"Y2FsYy5leGU=\";\n        BYTE * decodedPayload = NULL;\n        DWORD requiredLength;\n        do\n        {\n            if (!CryptStringToBinaryA(encodedPayload,\n                                      strlen(encodedPayload),\n                                      CRYPT_STRING_BASE64,\n                                      NULL,\n                                      &requiredLength,\n                                      NULL,\n                                      NULL))\n            {\n                break;\n            }\n            decodedPayload = (BYTE*) malloc(requiredLength + 1);\n            if (decodedPayload == NULL)\n            {\n                break;\n            }\n            if (!CryptStringToBinaryA(encodedPayload,\n                                      strlen(encodedPayload),\n                                      CRYPT_STRING_BASE64,\n                                      decodedPayload,\n                                      &requiredLength,\n                                      NULL,\n                                      NULL))\n            {\n                break;\n            }\n            decodedPayload[requiredLength] = '\\0';\n            if (system((char*)decodedPayload) <= 0)\n            {\n                printLine(\"command execution failed!\");\n                exit(1);\n            }\n        }\n        while (0);\n        free(decodedPayload);\n    }\n}\n",
        "new_code": "Code Snippet Variant:\nstatic int StaticValue = 422;\nvoid Sample_Func()\n{\n    if (StaticValue==422)\n    {\n        {\n            {\n                char * encodedPayload = \"Y2FsYy5leGU=\";\n                BYTE * decodedPayload = NULL;\n                DWORD requiredLength;\n                do\n                {\n                    if (!CryptStringToBinaryA(encodedPayload,\n                                              strlen(encodedPayload),\n                                              CRYPT_STRING_BASE64,\n                                              NULL,\n                                              &requiredLength,\n                                              NULL,\n                                              NULL))\n                    {\n                        break;\n                    }\n                    if(422==422)\n                    {\n                        decodedPayload = (BYTE*) malloc(requiredLength + 1);\n                    }\n                    if (decodedPayload == NULL)\n                    {\n                        break;\n                    }\n                    if (!CryptStringToBinaryA(encodedPayload,\n                                              strlen(encodedPayload),\n                                              CRYPT_STRING_BASE64,\n                                              decodedPayload,\n                                              &requiredLength,\n                                              NULL,\n                                              NULL))\n                    {\n                        break;\n                    }\n                    decodedPayload[requiredLength] = '\\0';\n                    if(1)\n                    {\n                        if (system((char*)decodedPayload) <= 0)\n                        {\n                            printLine(\"command execution failed!\");\n                            exit(1);\n                        }\n                    }\n                }\n                while (0);\n                free(decodedPayload);\n            }\n        }\n    }\n    if (StaticValue==462)\n    {\n        int DogCat;\n        {\n            {\n                char * encodedPayload = \"Y2FsYy5leGU=\";\n                BYTE * decodedPayload = NULL;\n                DWORD requiredLength;\n                do\n                {\n                    if(StaticValue==422)\n                    {\n                        if (!CryptStringToBinaryA(encodedPayload,\n                                                  strlen(encodedPayload),\n                                                  CRYPT_STRING_BASE64,\n                                                  NULL,\n                                                  &requiredLength,\n                                                  NULL,\n                                                  NULL))\n                        {\n                            break;\n                        }\n                    }\n                    decodedPayload = (BYTE*) malloc(requiredLength + 1);\n                    if (decodedPayload == NULL)\n                    {\n                        break;\n                    }\n                    if (!CryptStringToBinaryA(encodedPayload,\n                                              strlen(encodedPayload),\n                                              CRYPT_STRING_BASE64,\n                                              decodedPayload,\n                                              &requiredLength,\n                                              NULL,\n                                              NULL))\n                    {\n                        break;\n                    }\n                    decodedPayload[requiredLength] = '\\0';\n                    for(DogCat = 0; DogCat < 1; DogCat++)\n                    {\n                        if (system((char*)decodedPayload) <= 0)\n                        {\n                            printLine(\"command execution failed!\");\n                            exit(1);\n                        }\n                    }\n                }\n                while (0);\n                free(decodedPayload);\n            }\n        }\n    }\n    if (StaticValue==382)\n    {\n        {\n            {\n                char * decodedPayload = \"calc.exe\";\n                if (system(decodedPayload) <= 0)\n                {\n                    printLine(\"command execution failed!\");\n                    exit(1);\n                }\n            }\n        }\n    }\n}\n",
        "CWE_ID": "CWE506",
        "question": "Question: What happens if we replace the following original code snippet with the proposed variants? Will the vulnerability CWE506 be triggered, and how does it affect the functionality of the code?",
        "choices": {
            "A": "No, Function Preserved: The vulnerability CWE506 will not be triggered, and the original functionality is fully preserved.",
            "B": "No, Function Impaired: The vulnerability CWE506 will not be triggered, but the functionality of the original code is impaired.",
            "C": "Yes: The vulnerability CWE506 will still be triggered.",
            "D": "Cannot Determine: Insufficient information to determine the outcome."
        },
        "answer": "C",
        "distance": "outer_variant"
    }
]