[
    {
        "case_id": "CWE606_Unchecked_Loop_Condition__wchar_t_environment_01_bad",
        "org_code": "Original Code Snippet:\nvoid Sample_Func()\n{\n    wchar_t * data;\n    wchar_t dataBuffer[100] = L\"\";\n    data = dataBuffer;\n    {\n        size_t dataLen = wcslen(data);\n        wchar_t * environment = GETENV(ENV_VARIABLE);\n        if (environment != NULL)\n        {\n            wcsncat(data+dataLen, environment, 100-dataLen-1);\n        }\n    }\n    {\n        int i, n, intVariable;\n        if (swscanf(data, L\"%d\", &n) == 1)\n        {\n            intVariable = 0;\n            for (i = 0; i < n; i++)\n            {\n                intVariable++;  \n            }\n            printIntLine(intVariable);\n        }\n    }\n}\n",
        "new_code": "Code Snippet Variant:\nstatic int StaticValue = 368;\nvoid Sample_Func()\n{\n    wchar_t * data;\n    wchar_t dataBuffer[100] = L\"\";\n    data = dataBuffer;\n    if (StaticValue==544)\n    {\n        wcscpy(data, L\"15\");\n    }\n    if (StaticValue==368)\n    {\n        wcscpy(data, L\"15\");\n    }\n    if (StaticValue==192)\n    {\n        {\n            size_t dataLen = wcslen(data);\n            wchar_t * environment = GETENV(ENV_VARIABLE);\n            if (environment != NULL)\n            {\n                wcsncat(data+dataLen, environment, 100-dataLen-1);\n            }\n        }\n    }\n    {\n        int i, n, intVariable;\n        if (swscanf(data, L\"%d\", &n) == 1)\n        {\n            intVariable = 0;\n            for (i = 0; i < n; i++)\n            {\n                intVariable++;  \n            }\n            printIntLine(intVariable);\n        }\n    }\n}\n",
        "CWE_ID": "CWE606",
        "question": "Question: What happens if we replace the following original code snippet with the proposed variants? Will the vulnerability CWE606 be triggered, and how does it affect the functionality of the code?",
        "choices": {
            "A": "No, Function Preserved: The vulnerability CWE606 will not be triggered, and the original functionality is fully preserved.",
            "B": "No, Function Impaired: The vulnerability CWE606 will not be triggered, but the functionality of the original code is impaired.",
            "C": "Yes: The vulnerability CWE606 will still be triggered.",
            "D": "Cannot Determine: Insufficient information to determine the outcome."
        },
        "answer": "A",
        "distance": "inner_0"
    },
    {
        "case_id": "CWE606_Unchecked_Loop_Condition__wchar_t_environment_01_bad",
        "org_code": "Original Code Snippet:\nvoid Sample_Func()\n{\n    wchar_t * data;\n    wchar_t dataBuffer[100] = L\"\";\n    data = dataBuffer;\n    {\n        size_t dataLen = wcslen(data);\n        wchar_t * environment = GETENV(ENV_VARIABLE);\n        if (environment != NULL)\n        {\n            wcsncat(data+dataLen, environment, 100-dataLen-1);\n        }\n    }\n    {\n        int i, n, intVariable;\n        if (swscanf(data, L\"%d\", &n) == 1)\n        {\n            intVariable = 0;\n            for (i = 0; i < n; i++)\n            {\n                intVariable++;  \n            }\n            printIntLine(intVariable);\n        }\n    }\n}\n",
        "new_code": "Code Snippet Variant:\nstatic int StaticValue = 368;\nvoid Sample_Func()\n{\n    if (StaticValue==284)\n    {\n        {\n            wchar_t * data;\n            wchar_t dataBuffer[100] = L\"\";\n            data = dataBuffer;\n            {\n                size_t dataLen = wcslen(data);\n                wchar_t * environment = GETENV(ENV_VARIABLE);\n                if (environment != NULL)\n                {\n                    wcsncat(data+dataLen, environment, 100-dataLen-1);\n                }\n            }\n            {\n                int i, n, intVariable;\n                if (swscanf(data, L\"%d\", &n) == 1)\n                {\n                    intVariable = 0;\n                    for (i = 0; i < n; i++)\n                    {\n                        intVariable++;  \n                    }\n                    printIntLine(intVariable);\n                }\n            }\n        }\n    }\n    if (StaticValue==452)\n    {\n        {\n            wchar_t * data;\n            wchar_t dataBuffer[100] = L\"\";\n            data = dataBuffer;\n            wcscpy(data, L\"15\");\n            {\n                int i, n, intVariable;\n                if (swscanf(data, L\"%d\", &n) == 1)\n                {\n                    intVariable = 0;\n                    for (i = 0; i < n; i++)\n                    {\n                        intVariable++;  \n                    }\n                    printIntLine(intVariable);\n                }\n            }\n        }\n    }\n    if (StaticValue==658)\n    {\n        {\n            wchar_t * data;\n            wchar_t dataBuffer[100] = L\"\";\n            data = dataBuffer;\n            {\n                size_t dataLen = wcslen(data);\n                wchar_t * environment = GETENV(ENV_VARIABLE);\n                if (environment != NULL)\n                {\n                    wcsncat(data+dataLen, environment, 100-dataLen-1);\n                }\n            }\n            {\n                int i, n, intVariable;\n                if (swscanf(data, L\"%d\", &n) == 1)\n                {\n                    if (n < MAX_LOOP)\n                    {\n                        intVariable = 0;\n                        for (i = 0; i < n; i++)\n                        {\n                            intVariable++;  \n                        }\n                        printIntLine(intVariable);\n                    }\n                }\n            }\n        }\n    }\n    if (StaticValue==368)\n    {\n        {\n            wchar_t * data;\n            wchar_t dataBuffer[100] = L\"\";\n            data = dataBuffer;\n            if (StaticValue==544)\n            {\n                wcscpy(data, L\"15\");\n            }\n            if (StaticValue==368)\n            {\n                wcscpy(data, L\"15\");\n            }\n            if (StaticValue==192)\n            {\n                {\n                    size_t dataLen = wcslen(data);\n                    wchar_t * environment = GETENV(ENV_VARIABLE);\n                    if (environment != NULL)\n                    {\n                        wcsncat(data+dataLen, environment, 100-dataLen-1);\n                    }\n                }\n            }\n            {\n                int i, n, intVariable;\n                if (swscanf(data, L\"%d\", &n) == 1)\n                {\n                    intVariable = 0;\n                    for (i = 0; i < n; i++)\n                    {\n                        intVariable++;  \n                    }\n                    printIntLine(intVariable);\n                }\n            }\n        }\n    }\n    if (StaticValue==616)\n    {\n        {\n            wchar_t * data;\n            wchar_t dataBuffer[100] = L\"\";\n            data = dataBuffer;\n            {\n                size_t dataLen = wcslen(data);\n                wchar_t * environment = GETENV(ENV_VARIABLE);\n                if (environment != NULL)\n                {\n                    wcsncat(data+dataLen, environment, 100-dataLen-1);\n                }\n            }\n            {\n                int i, n, intVariable;\n                if (swscanf(data, L\"%d\", &n) == 1)\n                {\n                    if (n < MAX_LOOP)\n                    {\n                        intVariable = 0;\n                        for (i = 0; i < n; i++)\n                        {\n                            intVariable++;  \n                        }\n                        printIntLine(intVariable);\n                    }\n                }\n            }\n        }\n    }\n}\n",
        "CWE_ID": "CWE606",
        "question": "Question: What happens if we replace the following original code snippet with the proposed variants? Will the vulnerability CWE606 be triggered, and how does it affect the functionality of the code?",
        "choices": {
            "A": "No, Function Preserved: The vulnerability CWE606 will not be triggered, and the original functionality is fully preserved.",
            "B": "No, Function Impaired: The vulnerability CWE606 will not be triggered, but the functionality of the original code is impaired.",
            "C": "Yes: The vulnerability CWE606 will still be triggered.",
            "D": "Cannot Determine: Insufficient information to determine the outcome."
        },
        "answer": "A",
        "distance": "inner_outer_0"
    },
    {
        "case_id": "CWE606_Unchecked_Loop_Condition__wchar_t_environment_01_bad",
        "org_code": "Original Code Snippet:\nvoid Sample_Func()\n{\n    wchar_t * data;\n    wchar_t dataBuffer[100] = L\"\";\n    data = dataBuffer;\n    {\n        size_t dataLen = wcslen(data);\n        wchar_t * environment = GETENV(ENV_VARIABLE);\n        if (environment != NULL)\n        {\n            wcsncat(data+dataLen, environment, 100-dataLen-1);\n        }\n    }\n    {\n        int i, n, intVariable;\n        if (swscanf(data, L\"%d\", &n) == 1)\n        {\n            intVariable = 0;\n            for (i = 0; i < n; i++)\n            {\n                intVariable++;  \n            }\n            printIntLine(intVariable);\n        }\n    }\n}\n",
        "new_code": "Code Snippet Variant:\nstatic int StaticValue = 368;\nvoid Sample_Func()\n{\n    if (StaticValue==284)\n    {\n        int DogCat;\n        {\n            wchar_t * data;\n            wchar_t dataBuffer[100] = L\"\";\n            data = dataBuffer;\n            {\n                size_t dataLen = wcslen(data);\n                wchar_t * environment = GETENV(ENV_VARIABLE);\n                for(DogCat = 0; DogCat < 1; DogCat++)\n                {\n                    if (environment != NULL)\n                    {\n                        wcsncat(data+dataLen, environment, 100-dataLen-1);\n                    }\n                }\n            }\n            if(368==368)\n            {\n                {\n                    int i, n, intVariable;\n                    if (swscanf(data, L\"%d\", &n) == 1)\n                    {\n                        intVariable = 0;\n                        for (i = 0; i < n; i++)\n                        {\n                            intVariable++;  \n                        }\n                        printIntLine(intVariable);\n                    }\n                }\n            }\n        }\n    }\n    if (StaticValue==452)\n    {\n        {\n            wchar_t * data;\n            wchar_t dataBuffer[100] = L\"\";\n            data = dataBuffer;\n            wcscpy(data, L\"15\");\n            {\n                int i, n, intVariable;\n                if (swscanf(data, L\"%d\", &n) == 1)\n                {\n                    intVariable = 0;\n                    for (i = 0; i < n; i++)\n                    {\n                        intVariable++;  \n                    }\n                    printIntLine(intVariable);\n                }\n            }\n        }\n    }\n    if (StaticValue==658)\n    {\n        {\n            wchar_t * data;\n            wchar_t dataBuffer[100] = L\"\";\n            data = dataBuffer;\n            if(StaticValue==368)\n            {\n                {\n                    size_t dataLen = wcslen(data);\n                    wchar_t * environment = GETENV(ENV_VARIABLE);\n                    if (environment != NULL)\n                    {\n                        wcsncat(data+dataLen, environment, 100-dataLen-1);\n                    }\n                }\n            }\n            {\n                int i, n, intVariable;\n                if (swscanf(data, L\"%d\", &n) == 1)\n                {\n                    if (n < MAX_LOOP)\n                    {\n                        intVariable = 0;\n                        if(368==368)\n                        {\n                            for (i = 0; i < n; i++)\n                            {\n                                intVariable++;  \n                            }\n                        }\n                        printIntLine(intVariable);\n                    }\n                }\n            }\n        }\n    }\n    if (StaticValue==368)\n    {\n        int DogCat;\n        {\n            wchar_t * data;\n            wchar_t dataBuffer[100] = L\"\";\n            data = dataBuffer;\n            if(1)\n            {\n                if (StaticValue==544)\n                {\n                    wcscpy(data, L\"15\");\n                }\n            }\n            if (StaticValue==368)\n            {\n                wcscpy(data, L\"15\");\n            }\n            if (StaticValue==192)\n            {\n                {\n                    size_t dataLen = wcslen(data);\n                    wchar_t * environment = GETENV(ENV_VARIABLE);\n                    if (environment != NULL)\n                    {\n                        wcsncat(data+dataLen, environment, 100-dataLen-1);\n                    }\n                }\n            }\n            {\n                int i, n, intVariable;\n                if (swscanf(data, L\"%d\", &n) == 1)\n                {\n                    intVariable = 0;\n                    for(DogCat = 0; DogCat < 1; DogCat++)\n                    {\n                        for (i = 0; i < n; i++)\n                        {\n                            intVariable++;  \n                        }\n                    }\n                    printIntLine(intVariable);\n                }\n            }\n        }\n    }\n    if (StaticValue==616)\n    {\n        int DogCat;\n        {\n            wchar_t * data;\n            wchar_t dataBuffer[100] = L\"\";\n            data = dataBuffer;\n            for(DogCat = 0; DogCat < 1; DogCat++)\n            {\n                {\n                    size_t dataLen = wcslen(data);\n                    wchar_t * environment = GETENV(ENV_VARIABLE);\n                    if (environment != NULL)\n                    {\n                        wcsncat(data+dataLen, environment, 100-dataLen-1);\n                    }\n                }\n            }\n            {\n                int i, n, intVariable;\n                if (swscanf(data, L\"%d\", &n) == 1)\n                {\n                    if (n < MAX_LOOP)\n                    {\n                        intVariable = 0;\n                        if(1)\n                        {\n                            for (i = 0; i < n; i++)\n                            {\n                                intVariable++;  \n                            }\n                        }\n                        printIntLine(intVariable);\n                    }\n                }\n            }\n        }\n    }\n}\n",
        "CWE_ID": "CWE606",
        "question": "Question: What happens if we replace the following original code snippet with the proposed variants? Will the vulnerability CWE606 be triggered, and how does it affect the functionality of the code?",
        "choices": {
            "A": "No, Function Preserved: The vulnerability CWE606 will not be triggered, and the original functionality is fully preserved.",
            "B": "No, Function Impaired: The vulnerability CWE606 will not be triggered, but the functionality of the original code is impaired.",
            "C": "Yes: The vulnerability CWE606 will still be triggered.",
            "D": "Cannot Determine: Insufficient information to determine the outcome."
        },
        "answer": "A",
        "distance": "inner_outer_variant_0"
    },
    {
        "case_id": "CWE606_Unchecked_Loop_Condition__wchar_t_environment_01_bad",
        "org_code": "Original Code Snippet:\nvoid Sample_Func()\n{\n    wchar_t * data;\n    wchar_t dataBuffer[100] = L\"\";\n    data = dataBuffer;\n    {\n        size_t dataLen = wcslen(data);\n        wchar_t * environment = GETENV(ENV_VARIABLE);\n        if (environment != NULL)\n        {\n            wcsncat(data+dataLen, environment, 100-dataLen-1);\n        }\n    }\n    {\n        int i, n, intVariable;\n        if (swscanf(data, L\"%d\", &n) == 1)\n        {\n            intVariable = 0;\n            for (i = 0; i < n; i++)\n            {\n                intVariable++;  \n            }\n            printIntLine(intVariable);\n        }\n    }\n}\n",
        "new_code": "Code Snippet Variant:\nstatic int StaticValue = 368;\nvoid Sample_Func()\n{\n    int DogCat;\n    wchar_t * data;\n    wchar_t dataBuffer[100] = L\"\";\n    data = dataBuffer;\n    for(DogCat = 0; DogCat < 1; DogCat++)\n    {\n        if (StaticValue==544)\n        {\n            wcscpy(data, L\"15\");\n        }\n    }\n    if (StaticValue==368)\n    {\n        wcscpy(data, L\"15\");\n    }\n    if(StaticValue==368)\n    {\n        if (StaticValue==192)\n        {\n            {\n                size_t dataLen = wcslen(data);\n                wchar_t * environment = GETENV(ENV_VARIABLE);\n                if (environment != NULL)\n                {\n                    wcsncat(data+dataLen, environment, 100-dataLen-1);\n                }\n            }\n        }\n    }\n    {\n        int i, n, intVariable;\n        if (swscanf(data, L\"%d\", &n) == 1)\n        {\n            intVariable = 0;\n            for (i = 0; i < n; i++)\n            {\n                intVariable++;  \n            }\n            printIntLine(intVariable);\n        }\n    }\n}\n",
        "CWE_ID": "CWE606",
        "question": "Question: What happens if we replace the following original code snippet with the proposed variants? Will the vulnerability CWE606 be triggered, and how does it affect the functionality of the code?",
        "choices": {
            "A": "No, Function Preserved: The vulnerability CWE606 will not be triggered, and the original functionality is fully preserved.",
            "B": "No, Function Impaired: The vulnerability CWE606 will not be triggered, but the functionality of the original code is impaired.",
            "C": "Yes: The vulnerability CWE606 will still be triggered.",
            "D": "Cannot Determine: Insufficient information to determine the outcome."
        },
        "answer": "A",
        "distance": "inner_variant_0"
    },
    {
        "case_id": "CWE606_Unchecked_Loop_Condition__wchar_t_environment_01_bad",
        "org_code": "Original Code Snippet:\nvoid Sample_Func()\n{\n    wchar_t * data;\n    wchar_t dataBuffer[100] = L\"\";\n    data = dataBuffer;\n    {\n        size_t dataLen = wcslen(data);\n        wchar_t * environment = GETENV(ENV_VARIABLE);\n        if (environment != NULL)\n        {\n            wcsncat(data+dataLen, environment, 100-dataLen-1);\n        }\n    }\n    {\n        int i, n, intVariable;\n        if (swscanf(data, L\"%d\", &n) == 1)\n        {\n            intVariable = 0;\n            for (i = 0; i < n; i++)\n            {\n                intVariable++;  \n            }\n            printIntLine(intVariable);\n        }\n    }\n}\n",
        "new_code": "Code Snippet Variant:\nstatic int StaticValue = 368;\nvoid Sample_Func()\n{\n    if (StaticValue==284)\n    {\n        {\n            wchar_t * data;\n            wchar_t dataBuffer[100] = L\"\";\n            data = dataBuffer;\n            {\n                size_t dataLen = wcslen(data);\n                wchar_t * environment = GETENV(ENV_VARIABLE);\n                if (environment != NULL)\n                {\n                    wcsncat(data+dataLen, environment, 100-dataLen-1);\n                }\n            }\n            {\n                int i, n, intVariable;\n                if (swscanf(data, L\"%d\", &n) == 1)\n                {\n                    intVariable = 0;\n                    for (i = 0; i < n; i++)\n                    {\n                        intVariable++;  \n                    }\n                    printIntLine(intVariable);\n                }\n            }\n        }\n    }\n    if (StaticValue==452)\n    {\n        {\n            wchar_t * data;\n            wchar_t dataBuffer[100] = L\"\";\n            data = dataBuffer;\n            wcscpy(data, L\"15\");\n            {\n                int i, n, intVariable;\n                if (swscanf(data, L\"%d\", &n) == 1)\n                {\n                    intVariable = 0;\n                    for (i = 0; i < n; i++)\n                    {\n                        intVariable++;  \n                    }\n                    printIntLine(intVariable);\n                }\n            }\n        }\n    }\n    if (StaticValue==658)\n    {\n        {\n            wchar_t * data;\n            wchar_t dataBuffer[100] = L\"\";\n            data = dataBuffer;\n            {\n                size_t dataLen = wcslen(data);\n                wchar_t * environment = GETENV(ENV_VARIABLE);\n                if (environment != NULL)\n                {\n                    wcsncat(data+dataLen, environment, 100-dataLen-1);\n                }\n            }\n            {\n                int i, n, intVariable;\n                if (swscanf(data, L\"%d\", &n) == 1)\n                {\n                    if (n < MAX_LOOP)\n                    {\n                        intVariable = 0;\n                        for (i = 0; i < n; i++)\n                        {\n                            intVariable++;  \n                        }\n                        printIntLine(intVariable);\n                    }\n                }\n            }\n        }\n    }\n    if (StaticValue==368)\n    {\n        {\n            wchar_t * data;\n            wchar_t dataBuffer[100] = L\"\";\n            data = dataBuffer;\n            wcscpy(data, L\"15\");\n            {\n                int i, n, intVariable;\n                if (swscanf(data, L\"%d\", &n) == 1)\n                {\n                    intVariable = 0;\n                    for (i = 0; i < n; i++)\n                    {\n                        intVariable++;  \n                    }\n                    printIntLine(intVariable);\n                }\n            }\n        }\n    }\n    if (StaticValue==616)\n    {\n        {\n            wchar_t * data;\n            wchar_t dataBuffer[100] = L\"\";\n            data = dataBuffer;\n            {\n                size_t dataLen = wcslen(data);\n                wchar_t * environment = GETENV(ENV_VARIABLE);\n                if (environment != NULL)\n                {\n                    wcsncat(data+dataLen, environment, 100-dataLen-1);\n                }\n            }\n            {\n                int i, n, intVariable;\n                if (swscanf(data, L\"%d\", &n) == 1)\n                {\n                    if (n < MAX_LOOP)\n                    {\n                        intVariable = 0;\n                        for (i = 0; i < n; i++)\n                        {\n                            intVariable++;  \n                        }\n                        printIntLine(intVariable);\n                    }\n                }\n            }\n        }\n    }\n}\n",
        "CWE_ID": "CWE606",
        "question": "Question: What happens if we replace the following original code snippet with the proposed variants? Will the vulnerability CWE606 be triggered, and how does it affect the functionality of the code?",
        "choices": {
            "A": "No, Function Preserved: The vulnerability CWE606 will not be triggered, and the original functionality is fully preserved.",
            "B": "No, Function Impaired: The vulnerability CWE606 will not be triggered, but the functionality of the original code is impaired.",
            "C": "Yes: The vulnerability CWE606 will still be triggered.",
            "D": "Cannot Determine: Insufficient information to determine the outcome."
        },
        "answer": "A",
        "distance": "outer"
    },
    {
        "case_id": "CWE606_Unchecked_Loop_Condition__wchar_t_environment_01_bad",
        "org_code": "Original Code Snippet:\nvoid Sample_Func()\n{\n    wchar_t * data;\n    wchar_t dataBuffer[100] = L\"\";\n    data = dataBuffer;\n    {\n        size_t dataLen = wcslen(data);\n        wchar_t * environment = GETENV(ENV_VARIABLE);\n        if (environment != NULL)\n        {\n            wcsncat(data+dataLen, environment, 100-dataLen-1);\n        }\n    }\n    {\n        int i, n, intVariable;\n        if (swscanf(data, L\"%d\", &n) == 1)\n        {\n            intVariable = 0;\n            for (i = 0; i < n; i++)\n            {\n                intVariable++;  \n            }\n            printIntLine(intVariable);\n        }\n    }\n}\n",
        "new_code": "Code Snippet Variant:\nstatic int StaticValue = 368;\nvoid Sample_Func()\n{\n    if (StaticValue==284)\n    {\n        {\n            wchar_t * data;\n            wchar_t dataBuffer[100] = L\"\";\n            data = dataBuffer;\n            {\n                size_t dataLen = wcslen(data);\n                wchar_t * environment = GETENV(ENV_VARIABLE);\n                if(368==368)\n                {\n                    if (environment != NULL)\n                    {\n                        wcsncat(data+dataLen, environment, 100-dataLen-1);\n                    }\n                }\n            }\n            if(1)\n            {\n                {\n                    int i, n, intVariable;\n                    if (swscanf(data, L\"%d\", &n) == 1)\n                    {\n                        intVariable = 0;\n                        for (i = 0; i < n; i++)\n                        {\n                            intVariable++;  \n                        }\n                        printIntLine(intVariable);\n                    }\n                }\n            }\n        }\n    }\n    if (StaticValue==452)\n    {\n        {\n            wchar_t * data;\n            wchar_t dataBuffer[100] = L\"\";\n            data = dataBuffer;\n            wcscpy(data, L\"15\");\n            {\n                int i, n, intVariable;\n                if (swscanf(data, L\"%d\", &n) == 1)\n                {\n                    intVariable = 0;\n                    for (i = 0; i < n; i++)\n                    {\n                        intVariable++;  \n                    }\n                    printIntLine(intVariable);\n                }\n            }\n        }\n    }\n    if (StaticValue==658)\n    {\n        {\n            wchar_t * data;\n            wchar_t dataBuffer[100] = L\"\";\n            data = dataBuffer;\n            if(StaticValue==368)\n            {\n                {\n                    size_t dataLen = wcslen(data);\n                    wchar_t * environment = GETENV(ENV_VARIABLE);\n                    if (environment != NULL)\n                    {\n                        wcsncat(data+dataLen, environment, 100-dataLen-1);\n                    }\n                }\n            }\n            {\n                int i, n, intVariable;\n                if(368==368)\n                {\n                    if (swscanf(data, L\"%d\", &n) == 1)\n                    {\n                        if (n < MAX_LOOP)\n                        {\n                            intVariable = 0;\n                            for (i = 0; i < n; i++)\n                            {\n                                intVariable++;  \n                            }\n                            printIntLine(intVariable);\n                        }\n                    }\n                }\n            }\n        }\n    }\n    if (StaticValue==368)\n    {\n        {\n            wchar_t * data;\n            wchar_t dataBuffer[100] = L\"\";\n            data = dataBuffer;\n            wcscpy(data, L\"15\");\n            {\n                int i, n, intVariable;\n                if (swscanf(data, L\"%d\", &n) == 1)\n                {\n                    intVariable = 0;\n                    for (i = 0; i < n; i++)\n                    {\n                        intVariable++;  \n                    }\n                    printIntLine(intVariable);\n                }\n            }\n        }\n    }\n    if (StaticValue==616)\n    {\n        int DogCat;\n        {\n            wchar_t * data;\n            wchar_t dataBuffer[100] = L\"\";\n            data = dataBuffer;\n            if(StaticValue==368)\n            {\n                {\n                    size_t dataLen = wcslen(data);\n                    wchar_t * environment = GETENV(ENV_VARIABLE);\n                    if (environment != NULL)\n                    {\n                        wcsncat(data+dataLen, environment, 100-dataLen-1);\n                    }\n                }\n            }\n            {\n                int i, n, intVariable;\n                if (swscanf(data, L\"%d\", &n) == 1)\n                {\n                    if (n < MAX_LOOP)\n                    {\n                        intVariable = 0;\n                        for(DogCat = 0; DogCat < 1; DogCat++)\n                        {\n                            for (i = 0; i < n; i++)\n                            {\n                                intVariable++;  \n                            }\n                        }\n                        printIntLine(intVariable);\n                    }\n                }\n            }\n        }\n    }\n}\n",
        "CWE_ID": "CWE606",
        "question": "Question: What happens if we replace the following original code snippet with the proposed variants? Will the vulnerability CWE606 be triggered, and how does it affect the functionality of the code?",
        "choices": {
            "A": "No, Function Preserved: The vulnerability CWE606 will not be triggered, and the original functionality is fully preserved.",
            "B": "No, Function Impaired: The vulnerability CWE606 will not be triggered, but the functionality of the original code is impaired.",
            "C": "Yes: The vulnerability CWE606 will still be triggered.",
            "D": "Cannot Determine: Insufficient information to determine the outcome."
        },
        "answer": "A",
        "distance": "outer_variant"
    },
    {
        "case_id": "CWE606_Unchecked_Loop_Condition__wchar_t_environment_01_bad",
        "org_code": "Original Code Snippet:\nvoid Sample_Func()\n{\n    wchar_t * data;\n    wchar_t dataBuffer[100] = L\"\";\n    data = dataBuffer;\n    {\n        size_t dataLen = wcslen(data);\n        wchar_t * environment = GETENV(ENV_VARIABLE);\n        if (environment != NULL)\n        {\n            wcsncat(data+dataLen, environment, 100-dataLen-1);\n        }\n    }\n    {\n        int i, n, intVariable;\n        if (swscanf(data, L\"%d\", &n) == 1)\n        {\n            intVariable = 0;\n            for (i = 0; i < n; i++)\n            {\n                intVariable++;  \n            }\n            printIntLine(intVariable);\n        }\n    }\n}\n",
        "new_code": "Code Snippet Variant:\nstatic int StaticValue = 383;\nvoid Sample_Func()\n{\n    wchar_t * data;\n    wchar_t dataBuffer[100] = L\"\";\n    data = dataBuffer;\n    if (StaticValue==544)\n    {\n        wcscpy(data, L\"15\");\n    }\n    if (StaticValue==368)\n    {\n        wcscpy(data, L\"15\");\n    }\n    if (StaticValue==192)\n    {\n        {\n            size_t dataLen = wcslen(data);\n            wchar_t * environment = GETENV(ENV_VARIABLE);\n            if (environment != NULL)\n            {\n                wcsncat(data+dataLen, environment, 100-dataLen-1);\n            }\n        }\n    }\n    if(StaticValue==383)\n    {\n        int socketDescriptor;\n        int connectionStatus = 0;\n        char networkBuffer[256];\n        for (socketDescriptor = 0; socketDescriptor < 5; socketDescriptor++) {\n            if (connectionStatus == 0) {\n                networkBuffer[socketDescriptor] = 'A';\n            } else {\n                networkBuffer[socketDescriptor] = '0';\n            }\n        }\n        printLine(\"Successful! Problem Resolved!\");\n    }\n    {\n        int i, n, intVariable;\n        if (swscanf(data, L\"%d\", &n) == 1)\n        {\n            intVariable = 0;\n            for (i = 0; i < n; i++)\n            {\n                intVariable++;  \n            }\n            printIntLine(intVariable);\n        }\n    }\n}\n",
        "CWE_ID": "CWE606",
        "question": "Question: What happens if we replace the following original code snippet with the proposed variants? Will the vulnerability CWE606 be triggered, and how does it affect the functionality of the code?",
        "choices": {
            "A": "No, Function Preserved: The vulnerability CWE606 will not be triggered, and the original functionality is fully preserved.",
            "B": "No, Function Impaired: The vulnerability CWE606 will not be triggered, but the functionality of the original code is impaired.",
            "C": "Yes: The vulnerability CWE606 will still be triggered.",
            "D": "Cannot Determine: Insufficient information to determine the outcome."
        },
        "answer": "B",
        "distance": "inner_0"
    },
    {
        "case_id": "CWE606_Unchecked_Loop_Condition__wchar_t_environment_01_bad",
        "org_code": "Original Code Snippet:\nvoid Sample_Func()\n{\n    wchar_t * data;\n    wchar_t dataBuffer[100] = L\"\";\n    data = dataBuffer;\n    {\n        size_t dataLen = wcslen(data);\n        wchar_t * environment = GETENV(ENV_VARIABLE);\n        if (environment != NULL)\n        {\n            wcsncat(data+dataLen, environment, 100-dataLen-1);\n        }\n    }\n    {\n        int i, n, intVariable;\n        if (swscanf(data, L\"%d\", &n) == 1)\n        {\n            intVariable = 0;\n            for (i = 0; i < n; i++)\n            {\n                intVariable++;  \n            }\n            printIntLine(intVariable);\n        }\n    }\n}\n",
        "new_code": "Code Snippet Variant:\nstatic int StaticValue = 381;\nvoid Sample_Func()\n{\n    if (StaticValue==284)\n    {\n        {\n            wchar_t * data;\n            wchar_t dataBuffer[100] = L\"\";\n            data = dataBuffer;\n            {\n                size_t dataLen = wcslen(data);\n                wchar_t * environment = GETENV(ENV_VARIABLE);\n                if (environment != NULL)\n                {\n                    wcsncat(data+dataLen, environment, 100-dataLen-1);\n                }\n            }\n            {\n                int i, n, intVariable;\n                if (swscanf(data, L\"%d\", &n) == 1)\n                {\n                    intVariable = 0;\n                    for (i = 0; i < n; i++)\n                    {\n                        intVariable++;  \n                    }\n                    printIntLine(intVariable);\n                }\n            }\n        }\n    }\n    if(StaticValue==381)\n    {\n        int socketDescriptor;\n        int connectionStatus = 0;\n        char networkBuffer[256];\n        for (socketDescriptor = 0; socketDescriptor < 5; socketDescriptor++) {\n            if (connectionStatus == 0) {\n                networkBuffer[socketDescriptor] = 'A';\n            } else {\n                networkBuffer[socketDescriptor] = '0';\n            }\n        }\n        printLine(\"Successful! Problem Resolved!\");\n    }\n    if (StaticValue==452)\n    {\n        {\n            wchar_t * data;\n            wchar_t dataBuffer[100] = L\"\";\n            data = dataBuffer;\n            wcscpy(data, L\"15\");\n            {\n                int i, n, intVariable;\n                if (swscanf(data, L\"%d\", &n) == 1)\n                {\n                    intVariable = 0;\n                    for (i = 0; i < n; i++)\n                    {\n                        intVariable++;  \n                    }\n                    printIntLine(intVariable);\n                }\n            }\n        }\n    }\n    if (StaticValue==658)\n    {\n        {\n            wchar_t * data;\n            wchar_t dataBuffer[100] = L\"\";\n            data = dataBuffer;\n            {\n                size_t dataLen = wcslen(data);\n                wchar_t * environment = GETENV(ENV_VARIABLE);\n                if (environment != NULL)\n                {\n                    wcsncat(data+dataLen, environment, 100-dataLen-1);\n                }\n            }\n            {\n                int i, n, intVariable;\n                if (swscanf(data, L\"%d\", &n) == 1)\n                {\n                    if (n < MAX_LOOP)\n                    {\n                        intVariable = 0;\n                        for (i = 0; i < n; i++)\n                        {\n                            intVariable++;  \n                        }\n                        printIntLine(intVariable);\n                    }\n                }\n            }\n        }\n    }\n    if (StaticValue==368)\n    {\n        {\n            wchar_t * data;\n            wchar_t dataBuffer[100] = L\"\";\n            data = dataBuffer;\n            if (StaticValue==544)\n            {\n                wcscpy(data, L\"15\");\n            }\n            if (StaticValue==368)\n            {\n                wcscpy(data, L\"15\");\n            }\n            if (StaticValue==192)\n            {\n                {\n                    size_t dataLen = wcslen(data);\n                    wchar_t * environment = GETENV(ENV_VARIABLE);\n                    if (environment != NULL)\n                    {\n                        wcsncat(data+dataLen, environment, 100-dataLen-1);\n                    }\n                }\n            }\n            {\n                int i, n, intVariable;\n                if (swscanf(data, L\"%d\", &n) == 1)\n                {\n                    intVariable = 0;\n                    for (i = 0; i < n; i++)\n                    {\n                        intVariable++;  \n                    }\n                    printIntLine(intVariable);\n                }\n            }\n        }\n    }\n    if (StaticValue==616)\n    {\n        {\n            wchar_t * data;\n            wchar_t dataBuffer[100] = L\"\";\n            data = dataBuffer;\n            {\n                size_t dataLen = wcslen(data);\n                wchar_t * environment = GETENV(ENV_VARIABLE);\n                if (environment != NULL)\n                {\n                    wcsncat(data+dataLen, environment, 100-dataLen-1);\n                }\n            }\n            {\n                int i, n, intVariable;\n                if (swscanf(data, L\"%d\", &n) == 1)\n                {\n                    if (n < MAX_LOOP)\n                    {\n                        intVariable = 0;\n                        for (i = 0; i < n; i++)\n                        {\n                            intVariable++;  \n                        }\n                        printIntLine(intVariable);\n                    }\n                }\n            }\n        }\n    }\n}\n",
        "CWE_ID": "CWE606",
        "question": "Question: What happens if we replace the following original code snippet with the proposed variants? Will the vulnerability CWE606 be triggered, and how does it affect the functionality of the code?",
        "choices": {
            "A": "No, Function Preserved: The vulnerability CWE606 will not be triggered, and the original functionality is fully preserved.",
            "B": "No, Function Impaired: The vulnerability CWE606 will not be triggered, but the functionality of the original code is impaired.",
            "C": "Yes: The vulnerability CWE606 will still be triggered.",
            "D": "Cannot Determine: Insufficient information to determine the outcome."
        },
        "answer": "B",
        "distance": "inner_outer_0"
    },
    {
        "case_id": "CWE606_Unchecked_Loop_Condition__wchar_t_environment_01_bad",
        "org_code": "Original Code Snippet:\nvoid Sample_Func()\n{\n    wchar_t * data;\n    wchar_t dataBuffer[100] = L\"\";\n    data = dataBuffer;\n    {\n        size_t dataLen = wcslen(data);\n        wchar_t * environment = GETENV(ENV_VARIABLE);\n        if (environment != NULL)\n        {\n            wcsncat(data+dataLen, environment, 100-dataLen-1);\n        }\n    }\n    {\n        int i, n, intVariable;\n        if (swscanf(data, L\"%d\", &n) == 1)\n        {\n            intVariable = 0;\n            for (i = 0; i < n; i++)\n            {\n                intVariable++;  \n            }\n            printIntLine(intVariable);\n        }\n    }\n}\n",
        "new_code": "Code Snippet Variant:\nstatic int StaticValue = 382;\nvoid Sample_Func()\n{\n    if (StaticValue==284)\n    {\n        int DogCat;\n        {\n            wchar_t * data;\n            wchar_t dataBuffer[100] = L\"\";\n            data = dataBuffer;\n            {\n                size_t dataLen = wcslen(data);\n                wchar_t * environment = GETENV(ENV_VARIABLE);\n                for(DogCat = 0; DogCat < 1; DogCat++)\n                {\n                    if (environment != NULL)\n                    {\n                        wcsncat(data+dataLen, environment, 100-dataLen-1);\n                    }\n                }\n            }\n            if(368==368)\n            {\n                {\n                    int i, n, intVariable;\n                    if (swscanf(data, L\"%d\", &n) == 1)\n                    {\n                        intVariable = 0;\n                        for (i = 0; i < n; i++)\n                        {\n                            intVariable++;  \n                        }\n                        printIntLine(intVariable);\n                    }\n                }\n            }\n        }\n    }\n    if (StaticValue==452)\n    {\n        {\n            wchar_t * data;\n            wchar_t dataBuffer[100] = L\"\";\n            data = dataBuffer;\n            wcscpy(data, L\"15\");\n            {\n                int i, n, intVariable;\n                if (swscanf(data, L\"%d\", &n) == 1)\n                {\n                    intVariable = 0;\n                    for (i = 0; i < n; i++)\n                    {\n                        intVariable++;  \n                    }\n                    printIntLine(intVariable);\n                }\n            }\n        }\n    }\n    if (StaticValue==658)\n    {\n        {\n            wchar_t * data;\n            wchar_t dataBuffer[100] = L\"\";\n            data = dataBuffer;\n            if(StaticValue==368)\n            {\n                {\n                    size_t dataLen = wcslen(data);\n                    wchar_t * environment = GETENV(ENV_VARIABLE);\n                    if (environment != NULL)\n                    {\n                        wcsncat(data+dataLen, environment, 100-dataLen-1);\n                    }\n                }\n            }\n            {\n                int i, n, intVariable;\n                if (swscanf(data, L\"%d\", &n) == 1)\n                {\n                    if (n < MAX_LOOP)\n                    {\n                        intVariable = 0;\n                        if(368==368)\n                        {\n                            for (i = 0; i < n; i++)\n                            {\n                                intVariable++;  \n                            }\n                        }\n                        printIntLine(intVariable);\n                    }\n                }\n            }\n        }\n    }\n    if (StaticValue==368)\n    {\n        int DogCat;\n        {\n            wchar_t * data;\n            wchar_t dataBuffer[100] = L\"\";\n            data = dataBuffer;\n            if(1)\n            {\n                if (StaticValue==544)\n                {\n                    wcscpy(data, L\"15\");\n                }\n            }\n            if (StaticValue==368)\n            {\n                wcscpy(data, L\"15\");\n            }\n            if (StaticValue==192)\n            {\n                {\n                    size_t dataLen = wcslen(data);\n                    wchar_t * environment = GETENV(ENV_VARIABLE);\n                    if (environment != NULL)\n                    {\n                        wcsncat(data+dataLen, environment, 100-dataLen-1);\n                    }\n                }\n            }\n            {\n                int i, n, intVariable;\n                if (swscanf(data, L\"%d\", &n) == 1)\n                {\n                    intVariable = 0;\n                    for(DogCat = 0; DogCat < 1; DogCat++)\n                    {\n                        for (i = 0; i < n; i++)\n                        {\n                            intVariable++;  \n                        }\n                    }\n                    printIntLine(intVariable);\n                }\n            }\n        }\n    }\n    if(StaticValue==382)\n    {\n        int socketDescriptor;\n        int connectionStatus = 0;\n        char networkBuffer[256];\n        for (socketDescriptor = 0; socketDescriptor < 5; socketDescriptor++) {\n            if (connectionStatus == 0) {\n                networkBuffer[socketDescriptor] = 'A';\n            } else {\n                networkBuffer[socketDescriptor] = '0';\n            }\n        }\n        printLine(\"Successful! Problem Resolved!\");\n    }\n    if (StaticValue==616)\n    {\n        int DogCat;\n        {\n            wchar_t * data;\n            wchar_t dataBuffer[100] = L\"\";\n            data = dataBuffer;\n            for(DogCat = 0; DogCat < 1; DogCat++)\n            {\n                {\n                    size_t dataLen = wcslen(data);\n                    wchar_t * environment = GETENV(ENV_VARIABLE);\n                    if (environment != NULL)\n                    {\n                        wcsncat(data+dataLen, environment, 100-dataLen-1);\n                    }\n                }\n            }\n            {\n                int i, n, intVariable;\n                if (swscanf(data, L\"%d\", &n) == 1)\n                {\n                    if (n < MAX_LOOP)\n                    {\n                        intVariable = 0;\n                        if(1)\n                        {\n                            for (i = 0; i < n; i++)\n                            {\n                                intVariable++;  \n                            }\n                        }\n                        printIntLine(intVariable);\n                    }\n                }\n            }\n        }\n    }\n}\n",
        "CWE_ID": "CWE606",
        "question": "Question: What happens if we replace the following original code snippet with the proposed variants? Will the vulnerability CWE606 be triggered, and how does it affect the functionality of the code?",
        "choices": {
            "A": "No, Function Preserved: The vulnerability CWE606 will not be triggered, and the original functionality is fully preserved.",
            "B": "No, Function Impaired: The vulnerability CWE606 will not be triggered, but the functionality of the original code is impaired.",
            "C": "Yes: The vulnerability CWE606 will still be triggered.",
            "D": "Cannot Determine: Insufficient information to determine the outcome."
        },
        "answer": "B",
        "distance": "inner_outer_variant_0"
    },
    {
        "case_id": "CWE606_Unchecked_Loop_Condition__wchar_t_environment_01_bad",
        "org_code": "Original Code Snippet:\nvoid Sample_Func()\n{\n    wchar_t * data;\n    wchar_t dataBuffer[100] = L\"\";\n    data = dataBuffer;\n    {\n        size_t dataLen = wcslen(data);\n        wchar_t * environment = GETENV(ENV_VARIABLE);\n        if (environment != NULL)\n        {\n            wcsncat(data+dataLen, environment, 100-dataLen-1);\n        }\n    }\n    {\n        int i, n, intVariable;\n        if (swscanf(data, L\"%d\", &n) == 1)\n        {\n            intVariable = 0;\n            for (i = 0; i < n; i++)\n            {\n                intVariable++;  \n            }\n            printIntLine(intVariable);\n        }\n    }\n}\n",
        "new_code": "Code Snippet Variant:\nstatic int StaticValue = 382;\nvoid Sample_Func()\n{\n    int DogCat;\n    wchar_t * data;\n    wchar_t dataBuffer[100] = L\"\";\n    data = dataBuffer;\n    for(DogCat = 0; DogCat < 1; DogCat++)\n    {\n        if (StaticValue==544)\n        {\n            wcscpy(data, L\"15\");\n        }\n    }\n    if (StaticValue==368)\n    {\n        wcscpy(data, L\"15\");\n    }\n    if(StaticValue==382)\n    {\n        int socketDescriptor;\n        int connectionStatus = 0;\n        char networkBuffer[256];\n        for (socketDescriptor = 0; socketDescriptor < 5; socketDescriptor++) {\n            if (connectionStatus == 0) {\n                networkBuffer[socketDescriptor] = 'A';\n            } else {\n                networkBuffer[socketDescriptor] = '0';\n            }\n        }\n        printLine(\"Successful! Problem Resolved!\");\n    }\n    if(StaticValue==368)\n    {\n        if (StaticValue==192)\n        {\n            {\n                size_t dataLen = wcslen(data);\n                wchar_t * environment = GETENV(ENV_VARIABLE);\n                if (environment != NULL)\n                {\n                    wcsncat(data+dataLen, environment, 100-dataLen-1);\n                }\n            }\n        }\n    }\n    {\n        int i, n, intVariable;\n        if (swscanf(data, L\"%d\", &n) == 1)\n        {\n            intVariable = 0;\n            for (i = 0; i < n; i++)\n            {\n                intVariable++;  \n            }\n            printIntLine(intVariable);\n        }\n    }\n}\n",
        "CWE_ID": "CWE606",
        "question": "Question: What happens if we replace the following original code snippet with the proposed variants? Will the vulnerability CWE606 be triggered, and how does it affect the functionality of the code?",
        "choices": {
            "A": "No, Function Preserved: The vulnerability CWE606 will not be triggered, and the original functionality is fully preserved.",
            "B": "No, Function Impaired: The vulnerability CWE606 will not be triggered, but the functionality of the original code is impaired.",
            "C": "Yes: The vulnerability CWE606 will still be triggered.",
            "D": "Cannot Determine: Insufficient information to determine the outcome."
        },
        "answer": "B",
        "distance": "inner_variant_0"
    },
    {
        "case_id": "CWE606_Unchecked_Loop_Condition__wchar_t_environment_01_bad",
        "org_code": "Original Code Snippet:\nvoid Sample_Func()\n{\n    wchar_t * data;\n    wchar_t dataBuffer[100] = L\"\";\n    data = dataBuffer;\n    {\n        size_t dataLen = wcslen(data);\n        wchar_t * environment = GETENV(ENV_VARIABLE);\n        if (environment != NULL)\n        {\n            wcsncat(data+dataLen, environment, 100-dataLen-1);\n        }\n    }\n    {\n        int i, n, intVariable;\n        if (swscanf(data, L\"%d\", &n) == 1)\n        {\n            intVariable = 0;\n            for (i = 0; i < n; i++)\n            {\n                intVariable++;  \n            }\n            printIntLine(intVariable);\n        }\n    }\n}\n",
        "new_code": "Code Snippet Variant:\nstatic int StaticValue = 386;\nvoid Sample_Func()\n{\n    if (StaticValue==284)\n    {\n        {\n            wchar_t * data;\n            wchar_t dataBuffer[100] = L\"\";\n            data = dataBuffer;\n            {\n                size_t dataLen = wcslen(data);\n                wchar_t * environment = GETENV(ENV_VARIABLE);\n                if (environment != NULL)\n                {\n                    wcsncat(data+dataLen, environment, 100-dataLen-1);\n                }\n            }\n            {\n                int i, n, intVariable;\n                if (swscanf(data, L\"%d\", &n) == 1)\n                {\n                    intVariable = 0;\n                    for (i = 0; i < n; i++)\n                    {\n                        intVariable++;  \n                    }\n                    printIntLine(intVariable);\n                }\n            }\n        }\n    }\n    if (StaticValue==452)\n    {\n        {\n            wchar_t * data;\n            wchar_t dataBuffer[100] = L\"\";\n            data = dataBuffer;\n            wcscpy(data, L\"15\");\n            {\n                int i, n, intVariable;\n                if (swscanf(data, L\"%d\", &n) == 1)\n                {\n                    intVariable = 0;\n                    for (i = 0; i < n; i++)\n                    {\n                        intVariable++;  \n                    }\n                    printIntLine(intVariable);\n                }\n            }\n        }\n    }\n    if(StaticValue==386)\n    {\n        int socketDescriptor;\n        int connectionStatus = 0;\n        char networkBuffer[256];\n        for (socketDescriptor = 0; socketDescriptor < 5; socketDescriptor++) {\n            if (connectionStatus == 0) {\n                networkBuffer[socketDescriptor] = 'A';\n            } else {\n                networkBuffer[socketDescriptor] = '0';\n            }\n        }\n        printLine(\"Successful! Problem Resolved!\");\n    }\n    if (StaticValue==658)\n    {\n        {\n            wchar_t * data;\n            wchar_t dataBuffer[100] = L\"\";\n            data = dataBuffer;\n            {\n                size_t dataLen = wcslen(data);\n                wchar_t * environment = GETENV(ENV_VARIABLE);\n                if (environment != NULL)\n                {\n                    wcsncat(data+dataLen, environment, 100-dataLen-1);\n                }\n            }\n            {\n                int i, n, intVariable;\n                if (swscanf(data, L\"%d\", &n) == 1)\n                {\n                    if (n < MAX_LOOP)\n                    {\n                        intVariable = 0;\n                        for (i = 0; i < n; i++)\n                        {\n                            intVariable++;  \n                        }\n                        printIntLine(intVariable);\n                    }\n                }\n            }\n        }\n    }\n    if (StaticValue==368)\n    {\n        {\n            wchar_t * data;\n            wchar_t dataBuffer[100] = L\"\";\n            data = dataBuffer;\n            wcscpy(data, L\"15\");\n            {\n                int i, n, intVariable;\n                if (swscanf(data, L\"%d\", &n) == 1)\n                {\n                    intVariable = 0;\n                    for (i = 0; i < n; i++)\n                    {\n                        intVariable++;  \n                    }\n                    printIntLine(intVariable);\n                }\n            }\n        }\n    }\n    if (StaticValue==616)\n    {\n        {\n            wchar_t * data;\n            wchar_t dataBuffer[100] = L\"\";\n            data = dataBuffer;\n            {\n                size_t dataLen = wcslen(data);\n                wchar_t * environment = GETENV(ENV_VARIABLE);\n                if (environment != NULL)\n                {\n                    wcsncat(data+dataLen, environment, 100-dataLen-1);\n                }\n            }\n            {\n                int i, n, intVariable;\n                if (swscanf(data, L\"%d\", &n) == 1)\n                {\n                    if (n < MAX_LOOP)\n                    {\n                        intVariable = 0;\n                        for (i = 0; i < n; i++)\n                        {\n                            intVariable++;  \n                        }\n                        printIntLine(intVariable);\n                    }\n                }\n            }\n        }\n    }\n}\n",
        "CWE_ID": "CWE606",
        "question": "Question: What happens if we replace the following original code snippet with the proposed variants? Will the vulnerability CWE606 be triggered, and how does it affect the functionality of the code?",
        "choices": {
            "A": "No, Function Preserved: The vulnerability CWE606 will not be triggered, and the original functionality is fully preserved.",
            "B": "No, Function Impaired: The vulnerability CWE606 will not be triggered, but the functionality of the original code is impaired.",
            "C": "Yes: The vulnerability CWE606 will still be triggered.",
            "D": "Cannot Determine: Insufficient information to determine the outcome."
        },
        "answer": "B",
        "distance": "outer"
    },
    {
        "case_id": "CWE606_Unchecked_Loop_Condition__wchar_t_environment_01_bad",
        "org_code": "Original Code Snippet:\nvoid Sample_Func()\n{\n    wchar_t * data;\n    wchar_t dataBuffer[100] = L\"\";\n    data = dataBuffer;\n    {\n        size_t dataLen = wcslen(data);\n        wchar_t * environment = GETENV(ENV_VARIABLE);\n        if (environment != NULL)\n        {\n            wcsncat(data+dataLen, environment, 100-dataLen-1);\n        }\n    }\n    {\n        int i, n, intVariable;\n        if (swscanf(data, L\"%d\", &n) == 1)\n        {\n            intVariable = 0;\n            for (i = 0; i < n; i++)\n            {\n                intVariable++;  \n            }\n            printIntLine(intVariable);\n        }\n    }\n}\n",
        "new_code": "Code Snippet Variant:\nstatic int StaticValue = 387;\nvoid Sample_Func()\n{\n    if (StaticValue==284)\n    {\n        {\n            wchar_t * data;\n            wchar_t dataBuffer[100] = L\"\";\n            data = dataBuffer;\n            {\n                size_t dataLen = wcslen(data);\n                wchar_t * environment = GETENV(ENV_VARIABLE);\n                if(368==368)\n                {\n                    if (environment != NULL)\n                    {\n                        wcsncat(data+dataLen, environment, 100-dataLen-1);\n                    }\n                }\n            }\n            if(1)\n            {\n                {\n                    int i, n, intVariable;\n                    if (swscanf(data, L\"%d\", &n) == 1)\n                    {\n                        intVariable = 0;\n                        for (i = 0; i < n; i++)\n                        {\n                            intVariable++;  \n                        }\n                        printIntLine(intVariable);\n                    }\n                }\n            }\n        }\n    }\n    if (StaticValue==452)\n    {\n        {\n            wchar_t * data;\n            wchar_t dataBuffer[100] = L\"\";\n            data = dataBuffer;\n            wcscpy(data, L\"15\");\n            {\n                int i, n, intVariable;\n                if (swscanf(data, L\"%d\", &n) == 1)\n                {\n                    intVariable = 0;\n                    for (i = 0; i < n; i++)\n                    {\n                        intVariable++;  \n                    }\n                    printIntLine(intVariable);\n                }\n            }\n        }\n    }\n    if (StaticValue==658)\n    {\n        {\n            wchar_t * data;\n            wchar_t dataBuffer[100] = L\"\";\n            data = dataBuffer;\n            if(StaticValue==368)\n            {\n                {\n                    size_t dataLen = wcslen(data);\n                    wchar_t * environment = GETENV(ENV_VARIABLE);\n                    if (environment != NULL)\n                    {\n                        wcsncat(data+dataLen, environment, 100-dataLen-1);\n                    }\n                }\n            }\n            {\n                int i, n, intVariable;\n                if(368==368)\n                {\n                    if (swscanf(data, L\"%d\", &n) == 1)\n                    {\n                        if (n < MAX_LOOP)\n                        {\n                            intVariable = 0;\n                            for (i = 0; i < n; i++)\n                            {\n                                intVariable++;  \n                            }\n                            printIntLine(intVariable);\n                        }\n                    }\n                }\n            }\n        }\n    }\n    if(StaticValue==387)\n    {\n        int socketDescriptor;\n        int connectionStatus = 0;\n        char networkBuffer[256];\n        for (socketDescriptor = 0; socketDescriptor < 5; socketDescriptor++) {\n            if (connectionStatus == 0) {\n                networkBuffer[socketDescriptor] = 'A';\n            } else {\n                networkBuffer[socketDescriptor] = '0';\n            }\n        }\n        printLine(\"Successful! Problem Resolved!\");\n    }\n    if (StaticValue==368)\n    {\n        {\n            wchar_t * data;\n            wchar_t dataBuffer[100] = L\"\";\n            data = dataBuffer;\n            wcscpy(data, L\"15\");\n            {\n                int i, n, intVariable;\n                if (swscanf(data, L\"%d\", &n) == 1)\n                {\n                    intVariable = 0;\n                    for (i = 0; i < n; i++)\n                    {\n                        intVariable++;  \n                    }\n                    printIntLine(intVariable);\n                }\n            }\n        }\n    }\n    if (StaticValue==616)\n    {\n        int DogCat;\n        {\n            wchar_t * data;\n            wchar_t dataBuffer[100] = L\"\";\n            data = dataBuffer;\n            if(StaticValue==368)\n            {\n                {\n                    size_t dataLen = wcslen(data);\n                    wchar_t * environment = GETENV(ENV_VARIABLE);\n                    if (environment != NULL)\n                    {\n                        wcsncat(data+dataLen, environment, 100-dataLen-1);\n                    }\n                }\n            }\n            {\n                int i, n, intVariable;\n                if (swscanf(data, L\"%d\", &n) == 1)\n                {\n                    if (n < MAX_LOOP)\n                    {\n                        intVariable = 0;\n                        for(DogCat = 0; DogCat < 1; DogCat++)\n                        {\n                            for (i = 0; i < n; i++)\n                            {\n                                intVariable++;  \n                            }\n                        }\n                        printIntLine(intVariable);\n                    }\n                }\n            }\n        }\n    }\n}\n",
        "CWE_ID": "CWE606",
        "question": "Question: What happens if we replace the following original code snippet with the proposed variants? Will the vulnerability CWE606 be triggered, and how does it affect the functionality of the code?",
        "choices": {
            "A": "No, Function Preserved: The vulnerability CWE606 will not be triggered, and the original functionality is fully preserved.",
            "B": "No, Function Impaired: The vulnerability CWE606 will not be triggered, but the functionality of the original code is impaired.",
            "C": "Yes: The vulnerability CWE606 will still be triggered.",
            "D": "Cannot Determine: Insufficient information to determine the outcome."
        },
        "answer": "B",
        "distance": "outer_variant"
    },
    {
        "case_id": "CWE606_Unchecked_Loop_Condition__wchar_t_environment_01_bad",
        "org_code": "Original Code Snippet:\nvoid Sample_Func()\n{\n    wchar_t * data;\n    wchar_t dataBuffer[100] = L\"\";\n    data = dataBuffer;\n    {\n        size_t dataLen = wcslen(data);\n        wchar_t * environment = GETENV(ENV_VARIABLE);\n        if (environment != NULL)\n        {\n            wcsncat(data+dataLen, environment, 100-dataLen-1);\n        }\n    }\n    {\n        int i, n, intVariable;\n        if (swscanf(data, L\"%d\", &n) == 1)\n        {\n            intVariable = 0;\n            for (i = 0; i < n; i++)\n            {\n                intVariable++;  \n            }\n            printIntLine(intVariable);\n        }\n    }\n}\n",
        "new_code": "Code Snippet Variant:\nstatic int StaticValue = 691;\nvoid Sample_Func()\n{\n    wchar_t * data;\n    wchar_t dataBuffer[100] = L\"\";\n    data = dataBuffer;\n    if (StaticValue==509)\n    {\n        wcscpy(data, L\"15\");\n    }\n    if (StaticValue==873)\n    {\n        {\n            size_t dataLen = wcslen(data);\n            wchar_t * environment = GETENV(ENV_VARIABLE);\n            if (environment != NULL)\n            {\n                wcsncat(data+dataLen, environment, 100-dataLen-1);\n            }\n        }\n    }\n    if (StaticValue==691)\n    {\n        {\n            size_t dataLen = wcslen(data);\n            wchar_t * environment = GETENV(ENV_VARIABLE);\n            if (environment != NULL)\n            {\n                wcsncat(data+dataLen, environment, 100-dataLen-1);\n            }\n        }\n    }\n    {\n        int i, n, intVariable;\n        if (swscanf(data, L\"%d\", &n) == 1)\n        {\n            intVariable = 0;\n            for (i = 0; i < n; i++)\n            {\n                intVariable++;  \n            }\n            printIntLine(intVariable);\n        }\n    }\n}\n",
        "CWE_ID": "CWE606",
        "question": "Question: What happens if we replace the following original code snippet with the proposed variants? Will the vulnerability CWE606 be triggered, and how does it affect the functionality of the code?",
        "choices": {
            "A": "No, Function Preserved: The vulnerability CWE606 will not be triggered, and the original functionality is fully preserved.",
            "B": "No, Function Impaired: The vulnerability CWE606 will not be triggered, but the functionality of the original code is impaired.",
            "C": "Yes: The vulnerability CWE606 will still be triggered.",
            "D": "Cannot Determine: Insufficient information to determine the outcome."
        },
        "answer": "C",
        "distance": "inner_0"
    },
    {
        "case_id": "CWE606_Unchecked_Loop_Condition__wchar_t_environment_01_bad",
        "org_code": "Original Code Snippet:\nvoid Sample_Func()\n{\n    wchar_t * data;\n    wchar_t dataBuffer[100] = L\"\";\n    data = dataBuffer;\n    {\n        size_t dataLen = wcslen(data);\n        wchar_t * environment = GETENV(ENV_VARIABLE);\n        if (environment != NULL)\n        {\n            wcsncat(data+dataLen, environment, 100-dataLen-1);\n        }\n    }\n    {\n        int i, n, intVariable;\n        if (swscanf(data, L\"%d\", &n) == 1)\n        {\n            intVariable = 0;\n            for (i = 0; i < n; i++)\n            {\n                intVariable++;  \n            }\n            printIntLine(intVariable);\n        }\n    }\n}\n",
        "new_code": "Code Snippet Variant:\nstatic int StaticValue = 691;\nvoid Sample_Func()\n{\n    if (StaticValue==691)\n    {\n        {\n            wchar_t * data;\n            wchar_t dataBuffer[100] = L\"\";\n            data = dataBuffer;\n            if (StaticValue==509)\n            {\n                wcscpy(data, L\"15\");\n            }\n            if (StaticValue==873)\n            {\n                {\n                    size_t dataLen = wcslen(data);\n                    wchar_t * environment = GETENV(ENV_VARIABLE);\n                    if (environment != NULL)\n                    {\n                        wcsncat(data+dataLen, environment, 100-dataLen-1);\n                    }\n                }\n            }\n            if (StaticValue==691)\n            {\n                {\n                    size_t dataLen = wcslen(data);\n                    wchar_t * environment = GETENV(ENV_VARIABLE);\n                    if (environment != NULL)\n                    {\n                        wcsncat(data+dataLen, environment, 100-dataLen-1);\n                    }\n                }\n            }\n            {\n                int i, n, intVariable;\n                if (swscanf(data, L\"%d\", &n) == 1)\n                {\n                    intVariable = 0;\n                    for (i = 0; i < n; i++)\n                    {\n                        intVariable++;  \n                    }\n                    printIntLine(intVariable);\n                }\n            }\n        }\n    }\n    if (StaticValue==749)\n    {\n        {\n            wchar_t * data;\n            wchar_t dataBuffer[100] = L\"\";\n            data = dataBuffer;\n            {\n                size_t dataLen = wcslen(data);\n                wchar_t * environment = GETENV(ENV_VARIABLE);\n                if (environment != NULL)\n                {\n                    wcsncat(data+dataLen, environment, 100-dataLen-1);\n                }\n            }\n            {\n                int i, n, intVariable;\n                if (swscanf(data, L\"%d\", &n) == 1)\n                {\n                    intVariable = 0;\n                    for (i = 0; i < n; i++)\n                    {\n                        intVariable++;  \n                    }\n                    printIntLine(intVariable);\n                }\n            }\n        }\n    }\n    if (StaticValue==633)\n    {\n        {\n            wchar_t * data;\n            wchar_t dataBuffer[100] = L\"\";\n            data = dataBuffer;\n            wcscpy(data, L\"15\");\n            {\n                int i, n, intVariable;\n                if (swscanf(data, L\"%d\", &n) == 1)\n                {\n                    intVariable = 0;\n                    for (i = 0; i < n; i++)\n                    {\n                        intVariable++;  \n                    }\n                    printIntLine(intVariable);\n                }\n            }\n        }\n    }\n    if (StaticValue==633)\n    {\n        {\n            wchar_t * data;\n            wchar_t dataBuffer[100] = L\"\";\n            data = dataBuffer;\n            {\n                size_t dataLen = wcslen(data);\n                wchar_t * environment = GETENV(ENV_VARIABLE);\n                if (environment != NULL)\n                {\n                    wcsncat(data+dataLen, environment, 100-dataLen-1);\n                }\n            }\n            {\n                int i, n, intVariable;\n                if (swscanf(data, L\"%d\", &n) == 1)\n                {\n                    if (n < MAX_LOOP)\n                    {\n                        intVariable = 0;\n                        for (i = 0; i < n; i++)\n                        {\n                            intVariable++;  \n                        }\n                        printIntLine(intVariable);\n                    }\n                }\n            }\n        }\n    }\n}\n",
        "CWE_ID": "CWE606",
        "question": "Question: What happens if we replace the following original code snippet with the proposed variants? Will the vulnerability CWE606 be triggered, and how does it affect the functionality of the code?",
        "choices": {
            "A": "No, Function Preserved: The vulnerability CWE606 will not be triggered, and the original functionality is fully preserved.",
            "B": "No, Function Impaired: The vulnerability CWE606 will not be triggered, but the functionality of the original code is impaired.",
            "C": "Yes: The vulnerability CWE606 will still be triggered.",
            "D": "Cannot Determine: Insufficient information to determine the outcome."
        },
        "answer": "C",
        "distance": "inner_outer_0"
    },
    {
        "case_id": "CWE606_Unchecked_Loop_Condition__wchar_t_environment_01_bad",
        "org_code": "Original Code Snippet:\nvoid Sample_Func()\n{\n    wchar_t * data;\n    wchar_t dataBuffer[100] = L\"\";\n    data = dataBuffer;\n    {\n        size_t dataLen = wcslen(data);\n        wchar_t * environment = GETENV(ENV_VARIABLE);\n        if (environment != NULL)\n        {\n            wcsncat(data+dataLen, environment, 100-dataLen-1);\n        }\n    }\n    {\n        int i, n, intVariable;\n        if (swscanf(data, L\"%d\", &n) == 1)\n        {\n            intVariable = 0;\n            for (i = 0; i < n; i++)\n            {\n                intVariable++;  \n            }\n            printIntLine(intVariable);\n        }\n    }\n}\n",
        "new_code": "Code Snippet Variant:\nstatic int StaticValue = 691;\nvoid Sample_Func()\n{\n    if (StaticValue==691)\n    {\n        int DogCat;\n        {\n            wchar_t * data;\n            wchar_t dataBuffer[100] = L\"\";\n            data = dataBuffer;\n            if (StaticValue==509)\n            {\n                wcscpy(data, L\"15\");\n            }\n            if (StaticValue==873)\n            {\n                {\n                    size_t dataLen = wcslen(data);\n                    wchar_t * environment = GETENV(ENV_VARIABLE);\n                    if (environment != NULL)\n                    {\n                        wcsncat(data+dataLen, environment, 100-dataLen-1);\n                    }\n                }\n            }\n            if (StaticValue==691)\n            {\n                {\n                    size_t dataLen = wcslen(data);\n                    wchar_t * environment = GETENV(ENV_VARIABLE);\n                    for(DogCat = 0; DogCat < 1; DogCat++)\n                    {\n                        if (environment != NULL)\n                        {\n                            wcsncat(data+dataLen, environment, 100-dataLen-1);\n                        }\n                    }\n                }\n            }\n            {\n                int i, n, intVariable;\n                if (swscanf(data, L\"%d\", &n) == 1)\n                {\n                    intVariable = 0;\n                    if(691==691)\n                    {\n                        for (i = 0; i < n; i++)\n                        {\n                            intVariable++;  \n                        }\n                    }\n                    printIntLine(intVariable);\n                }\n            }\n        }\n    }\n    if (StaticValue==749)\n    {\n        {\n            wchar_t * data;\n            wchar_t dataBuffer[100] = L\"\";\n            data = dataBuffer;\n            {\n                size_t dataLen = wcslen(data);\n                wchar_t * environment = GETENV(ENV_VARIABLE);\n                if(StaticValue==691)\n                {\n                    if (environment != NULL)\n                    {\n                        wcsncat(data+dataLen, environment, 100-dataLen-1);\n                    }\n                }\n            }\n            if(691==691)\n            {\n                {\n                    int i, n, intVariable;\n                    if (swscanf(data, L\"%d\", &n) == 1)\n                    {\n                        intVariable = 0;\n                        for (i = 0; i < n; i++)\n                        {\n                            intVariable++;  \n                        }\n                        printIntLine(intVariable);\n                    }\n                }\n            }\n        }\n    }\n    if (StaticValue==633)\n    {\n        {\n            wchar_t * data;\n            wchar_t dataBuffer[100] = L\"\";\n            data = dataBuffer;\n            wcscpy(data, L\"15\");\n            {\n                int i, n, intVariable;\n                if (swscanf(data, L\"%d\", &n) == 1)\n                {\n                    intVariable = 0;\n                    for (i = 0; i < n; i++)\n                    {\n                        intVariable++;  \n                    }\n                    printIntLine(intVariable);\n                }\n            }\n        }\n    }\n    if (StaticValue==633)\n    {\n        int DogCat;\n        {\n            wchar_t * data;\n            wchar_t dataBuffer[100] = L\"\";\n            data = dataBuffer;\n            {\n                size_t dataLen = wcslen(data);\n                wchar_t * environment = GETENV(ENV_VARIABLE);\n                if(StaticValue==691)\n                {\n                    if (environment != NULL)\n                    {\n                        wcsncat(data+dataLen, environment, 100-dataLen-1);\n                    }\n                }\n            }\n            for(DogCat = 0; DogCat < 1; DogCat++)\n            {\n                {\n                    int i, n, intVariable;\n                    if (swscanf(data, L\"%d\", &n) == 1)\n                    {\n                        if (n < MAX_LOOP)\n                        {\n                            intVariable = 0;\n                            for (i = 0; i < n; i++)\n                            {\n                                intVariable++;  \n                            }\n                            printIntLine(intVariable);\n                        }\n                    }\n                }\n            }\n        }\n    }\n}\n",
        "CWE_ID": "CWE606",
        "question": "Question: What happens if we replace the following original code snippet with the proposed variants? Will the vulnerability CWE606 be triggered, and how does it affect the functionality of the code?",
        "choices": {
            "A": "No, Function Preserved: The vulnerability CWE606 will not be triggered, and the original functionality is fully preserved.",
            "B": "No, Function Impaired: The vulnerability CWE606 will not be triggered, but the functionality of the original code is impaired.",
            "C": "Yes: The vulnerability CWE606 will still be triggered.",
            "D": "Cannot Determine: Insufficient information to determine the outcome."
        },
        "answer": "C",
        "distance": "inner_outer_variant_0"
    },
    {
        "case_id": "CWE606_Unchecked_Loop_Condition__wchar_t_environment_01_bad",
        "org_code": "Original Code Snippet:\nvoid Sample_Func()\n{\n    wchar_t * data;\n    wchar_t dataBuffer[100] = L\"\";\n    data = dataBuffer;\n    {\n        size_t dataLen = wcslen(data);\n        wchar_t * environment = GETENV(ENV_VARIABLE);\n        if (environment != NULL)\n        {\n            wcsncat(data+dataLen, environment, 100-dataLen-1);\n        }\n    }\n    {\n        int i, n, intVariable;\n        if (swscanf(data, L\"%d\", &n) == 1)\n        {\n            intVariable = 0;\n            for (i = 0; i < n; i++)\n            {\n                intVariable++;  \n            }\n            printIntLine(intVariable);\n        }\n    }\n}\n",
        "new_code": "Code Snippet Variant:\nstatic int StaticValue = 691;\nvoid Sample_Func()\n{\n    wchar_t * data;\n    wchar_t dataBuffer[100] = L\"\";\n    data = dataBuffer;\n    if (StaticValue==509)\n    {\n        wcscpy(data, L\"15\");\n    }\n    if (StaticValue==873)\n    {\n        if(StaticValue==691)\n        {\n            {\n                size_t dataLen = wcslen(data);\n                wchar_t * environment = GETENV(ENV_VARIABLE);\n                if (environment != NULL)\n                {\n                    wcsncat(data+dataLen, environment, 100-dataLen-1);\n                }\n            }\n        }\n    }\n    if (StaticValue==691)\n    {\n        {\n            size_t dataLen = wcslen(data);\n            wchar_t * environment = GETENV(ENV_VARIABLE);\n            if (environment != NULL)\n            {\n                wcsncat(data+dataLen, environment, 100-dataLen-1);\n            }\n        }\n    }\n    if(691==691)\n    {\n        {\n            int i, n, intVariable;\n            if (swscanf(data, L\"%d\", &n) == 1)\n            {\n                intVariable = 0;\n                for (i = 0; i < n; i++)\n                {\n                    intVariable++;  \n                }\n                printIntLine(intVariable);\n            }\n        }\n    }\n}\n",
        "CWE_ID": "CWE606",
        "question": "Question: What happens if we replace the following original code snippet with the proposed variants? Will the vulnerability CWE606 be triggered, and how does it affect the functionality of the code?",
        "choices": {
            "A": "No, Function Preserved: The vulnerability CWE606 will not be triggered, and the original functionality is fully preserved.",
            "B": "No, Function Impaired: The vulnerability CWE606 will not be triggered, but the functionality of the original code is impaired.",
            "C": "Yes: The vulnerability CWE606 will still be triggered.",
            "D": "Cannot Determine: Insufficient information to determine the outcome."
        },
        "answer": "C",
        "distance": "inner_variant_0"
    },
    {
        "case_id": "CWE606_Unchecked_Loop_Condition__wchar_t_environment_01_bad",
        "org_code": "Original Code Snippet:\nvoid Sample_Func()\n{\n    wchar_t * data;\n    wchar_t dataBuffer[100] = L\"\";\n    data = dataBuffer;\n    {\n        size_t dataLen = wcslen(data);\n        wchar_t * environment = GETENV(ENV_VARIABLE);\n        if (environment != NULL)\n        {\n            wcsncat(data+dataLen, environment, 100-dataLen-1);\n        }\n    }\n    {\n        int i, n, intVariable;\n        if (swscanf(data, L\"%d\", &n) == 1)\n        {\n            intVariable = 0;\n            for (i = 0; i < n; i++)\n            {\n                intVariable++;  \n            }\n            printIntLine(intVariable);\n        }\n    }\n}\n",
        "new_code": "Code Snippet Variant:\nstatic int StaticValue = 691;\nvoid Sample_Func()\n{\n    if (StaticValue==691)\n    {\n        {\n            wchar_t * data;\n            wchar_t dataBuffer[100] = L\"\";\n            data = dataBuffer;\n            {\n                size_t dataLen = wcslen(data);\n                wchar_t * environment = GETENV(ENV_VARIABLE);\n                if (environment != NULL)\n                {\n                    wcsncat(data+dataLen, environment, 100-dataLen-1);\n                }\n            }\n            {\n                int i, n, intVariable;\n                if (swscanf(data, L\"%d\", &n) == 1)\n                {\n                    intVariable = 0;\n                    for (i = 0; i < n; i++)\n                    {\n                        intVariable++;  \n                    }\n                    printIntLine(intVariable);\n                }\n            }\n        }\n    }\n    if (StaticValue==749)\n    {\n        {\n            wchar_t * data;\n            wchar_t dataBuffer[100] = L\"\";\n            data = dataBuffer;\n            {\n                size_t dataLen = wcslen(data);\n                wchar_t * environment = GETENV(ENV_VARIABLE);\n                if (environment != NULL)\n                {\n                    wcsncat(data+dataLen, environment, 100-dataLen-1);\n                }\n            }\n            {\n                int i, n, intVariable;\n                if (swscanf(data, L\"%d\", &n) == 1)\n                {\n                    intVariable = 0;\n                    for (i = 0; i < n; i++)\n                    {\n                        intVariable++;  \n                    }\n                    printIntLine(intVariable);\n                }\n            }\n        }\n    }\n    if (StaticValue==633)\n    {\n        {\n            wchar_t * data;\n            wchar_t dataBuffer[100] = L\"\";\n            data = dataBuffer;\n            wcscpy(data, L\"15\");\n            {\n                int i, n, intVariable;\n                if (swscanf(data, L\"%d\", &n) == 1)\n                {\n                    intVariable = 0;\n                    for (i = 0; i < n; i++)\n                    {\n                        intVariable++;  \n                    }\n                    printIntLine(intVariable);\n                }\n            }\n        }\n    }\n    if (StaticValue==633)\n    {\n        {\n            wchar_t * data;\n            wchar_t dataBuffer[100] = L\"\";\n            data = dataBuffer;\n            {\n                size_t dataLen = wcslen(data);\n                wchar_t * environment = GETENV(ENV_VARIABLE);\n                if (environment != NULL)\n                {\n                    wcsncat(data+dataLen, environment, 100-dataLen-1);\n                }\n            }\n            {\n                int i, n, intVariable;\n                if (swscanf(data, L\"%d\", &n) == 1)\n                {\n                    if (n < MAX_LOOP)\n                    {\n                        intVariable = 0;\n                        for (i = 0; i < n; i++)\n                        {\n                            intVariable++;  \n                        }\n                        printIntLine(intVariable);\n                    }\n                }\n            }\n        }\n    }\n}\n",
        "CWE_ID": "CWE606",
        "question": "Question: What happens if we replace the following original code snippet with the proposed variants? Will the vulnerability CWE606 be triggered, and how does it affect the functionality of the code?",
        "choices": {
            "A": "No, Function Preserved: The vulnerability CWE606 will not be triggered, and the original functionality is fully preserved.",
            "B": "No, Function Impaired: The vulnerability CWE606 will not be triggered, but the functionality of the original code is impaired.",
            "C": "Yes: The vulnerability CWE606 will still be triggered.",
            "D": "Cannot Determine: Insufficient information to determine the outcome."
        },
        "answer": "C",
        "distance": "outer"
    },
    {
        "case_id": "CWE606_Unchecked_Loop_Condition__wchar_t_environment_01_bad",
        "org_code": "Original Code Snippet:\nvoid Sample_Func()\n{\n    wchar_t * data;\n    wchar_t dataBuffer[100] = L\"\";\n    data = dataBuffer;\n    {\n        size_t dataLen = wcslen(data);\n        wchar_t * environment = GETENV(ENV_VARIABLE);\n        if (environment != NULL)\n        {\n            wcsncat(data+dataLen, environment, 100-dataLen-1);\n        }\n    }\n    {\n        int i, n, intVariable;\n        if (swscanf(data, L\"%d\", &n) == 1)\n        {\n            intVariable = 0;\n            for (i = 0; i < n; i++)\n            {\n                intVariable++;  \n            }\n            printIntLine(intVariable);\n        }\n    }\n}\n",
        "new_code": "Code Snippet Variant:\nstatic int StaticValue = 691;\nvoid Sample_Func()\n{\n    if (StaticValue==691)\n    {\n        {\n            wchar_t * data;\n            wchar_t dataBuffer[100] = L\"\";\n            data = dataBuffer;\n            {\n                size_t dataLen = wcslen(data);\n                wchar_t * environment = GETENV(ENV_VARIABLE);\n                if (environment != NULL)\n                {\n                    wcsncat(data+dataLen, environment, 100-dataLen-1);\n                }\n            }\n            {\n                int i, n, intVariable;\n                if (swscanf(data, L\"%d\", &n) == 1)\n                {\n                    intVariable = 0;\n                    for (i = 0; i < n; i++)\n                    {\n                        intVariable++;  \n                    }\n                    printIntLine(intVariable);\n                }\n            }\n        }\n    }\n    if (StaticValue==749)\n    {\n        int DogCat;\n        {\n            wchar_t * data;\n            wchar_t dataBuffer[100] = L\"\";\n            data = dataBuffer;\n            {\n                size_t dataLen = wcslen(data);\n                wchar_t * environment = GETENV(ENV_VARIABLE);\n                for(DogCat = 0; DogCat < 1; DogCat++)\n                {\n                    if (environment != NULL)\n                    {\n                        wcsncat(data+dataLen, environment, 100-dataLen-1);\n                    }\n                }\n            }\n            if(1)\n            {\n                {\n                    int i, n, intVariable;\n                    if (swscanf(data, L\"%d\", &n) == 1)\n                    {\n                        intVariable = 0;\n                        for (i = 0; i < n; i++)\n                        {\n                            intVariable++;  \n                        }\n                        printIntLine(intVariable);\n                    }\n                }\n            }\n        }\n    }\n    if (StaticValue==633)\n    {\n        {\n            wchar_t * data;\n            wchar_t dataBuffer[100] = L\"\";\n            data = dataBuffer;\n            wcscpy(data, L\"15\");\n            {\n                int i, n, intVariable;\n                if (swscanf(data, L\"%d\", &n) == 1)\n                {\n                    intVariable = 0;\n                    for (i = 0; i < n; i++)\n                    {\n                        intVariable++;  \n                    }\n                    printIntLine(intVariable);\n                }\n            }\n        }\n    }\n    if (StaticValue==633)\n    {\n        int DogCat;\n        {\n            wchar_t * data;\n            wchar_t dataBuffer[100] = L\"\";\n            data = dataBuffer;\n            for(DogCat = 0; DogCat < 1; DogCat++)\n            {\n                {\n                    size_t dataLen = wcslen(data);\n                    wchar_t * environment = GETENV(ENV_VARIABLE);\n                    if (environment != NULL)\n                    {\n                        wcsncat(data+dataLen, environment, 100-dataLen-1);\n                    }\n                }\n            }\n            {\n                int i, n, intVariable;\n                if(StaticValue==691)\n                {\n                    if (swscanf(data, L\"%d\", &n) == 1)\n                    {\n                        if (n < MAX_LOOP)\n                        {\n                            intVariable = 0;\n                            for (i = 0; i < n; i++)\n                            {\n                                intVariable++;  \n                            }\n                            printIntLine(intVariable);\n                        }\n                    }\n                }\n            }\n        }\n    }\n}\n",
        "CWE_ID": "CWE606",
        "question": "Question: What happens if we replace the following original code snippet with the proposed variants? Will the vulnerability CWE606 be triggered, and how does it affect the functionality of the code?",
        "choices": {
            "A": "No, Function Preserved: The vulnerability CWE606 will not be triggered, and the original functionality is fully preserved.",
            "B": "No, Function Impaired: The vulnerability CWE606 will not be triggered, but the functionality of the original code is impaired.",
            "C": "Yes: The vulnerability CWE606 will still be triggered.",
            "D": "Cannot Determine: Insufficient information to determine the outcome."
        },
        "answer": "C",
        "distance": "outer_variant"
    }
]