[
    {
        "case_id": "CWE758_Undefined_Behavior__char_malloc_use_01_bad",
        "org_code": "Original Code Snippet:\nvoid Sample_Func()\n{\n    {\n        char * pointer = (char *)malloc(sizeof(char));\n        if (pointer == NULL) {exit(-1);}\n        char data = *pointer;  \n        free(pointer);\n        printHexCharLine(data);\n    }\n}\n",
        "new_code": "Code Snippet Variant:\nstatic int StaticValue = 623;\nvoid Sample_Func()\n{\n    if (StaticValue==611)\n    {\n        {\n            {\n                char * pointer = (char *)malloc(sizeof(char));\n                if (pointer == NULL) {exit(-1);}\n                char data = *pointer;  \n                free(pointer);\n                printHexCharLine(data);\n            }\n        }\n    }\n    if (StaticValue==635)\n    {\n        {\n            {\n                char data;\n                char * pointer = (char *)malloc(sizeof(char));\n                if (pointer == NULL) {exit(-1);}\n                data = 5;\n                *pointer = data;  \n                {\n                    char data = *pointer;\n                    printHexCharLine(data);\n                }\n                free(pointer);\n            }\n        }\n    }\n    if (StaticValue==623)\n    {\n        {\n            {\n                char data;\n                char * pointer = (char *)malloc(sizeof(char));\n                if (pointer == NULL) {exit(-1);}\n                data = 5;\n                *pointer = data;  \n                {\n                    char data = *pointer;\n                    printHexCharLine(data);\n                }\n                free(pointer);\n            }\n        }\n    }\n}\n",
        "CWE_ID": "CWE758",
        "question": "Question: What happens if we replace the following original code snippet with the proposed variants? Will the vulnerability CWE758 be triggered, and how does it affect the functionality of the code?",
        "choices": {
            "A": "No, Function Preserved: The vulnerability CWE758 will not be triggered, and the original functionality is fully preserved.",
            "B": "No, Function Impaired: The vulnerability CWE758 will not be triggered, but the functionality of the original code is impaired.",
            "C": "Yes: The vulnerability CWE758 will still be triggered.",
            "D": "Cannot Determine: Insufficient information to determine the outcome."
        },
        "answer": "A",
        "distance": "outer"
    },
    {
        "case_id": "CWE758_Undefined_Behavior__char_malloc_use_01_bad",
        "org_code": "Original Code Snippet:\nvoid Sample_Func()\n{\n    {\n        char * pointer = (char *)malloc(sizeof(char));\n        if (pointer == NULL) {exit(-1);}\n        char data = *pointer;  \n        free(pointer);\n        printHexCharLine(data);\n    }\n}\n",
        "new_code": "Code Snippet Variant:\nstatic int StaticValue = 623;\nvoid Sample_Func()\n{\n    if (StaticValue==611)\n    {\n        {\n            {\n                char * pointer = (char *)malloc(sizeof(char));\n                if (pointer == NULL) {exit(-1);}\n                char data = *pointer;  \n                free(pointer);\n                printHexCharLine(data);\n            }\n        }\n    }\n    if (StaticValue==635)\n    {\n        int DogCat;\n        {\n            {\n                char data;\n                char * pointer = (char *)malloc(sizeof(char));\n                for(DogCat = 0; DogCat < 1; DogCat++)\n                {\n                    if (pointer == NULL) {exit(-1);}\n                }\n                data = 5;\n                *pointer = data;  \n                if(1)\n                {\n                    {\n                        char data = *pointer;\n                        printHexCharLine(data);\n                    }\n                }\n                free(pointer);\n            }\n        }\n    }\n    if (StaticValue==623)\n    {\n        int DogCat;\n        {\n            {\n                char data;\n                char * pointer = (char *)malloc(sizeof(char));\n                for(DogCat = 0; DogCat < 1; DogCat++)\n                {\n                    if (pointer == NULL) {exit(-1);}\n                }\n                data = 5;\n                *pointer = data;  \n                if(623==623)\n                {\n                    {\n                        char data = *pointer;\n                        printHexCharLine(data);\n                    }\n                }\n                free(pointer);\n            }\n        }\n    }\n}\n",
        "CWE_ID": "CWE758",
        "question": "Question: What happens if we replace the following original code snippet with the proposed variants? Will the vulnerability CWE758 be triggered, and how does it affect the functionality of the code?",
        "choices": {
            "A": "No, Function Preserved: The vulnerability CWE758 will not be triggered, and the original functionality is fully preserved.",
            "B": "No, Function Impaired: The vulnerability CWE758 will not be triggered, but the functionality of the original code is impaired.",
            "C": "Yes: The vulnerability CWE758 will still be triggered.",
            "D": "Cannot Determine: Insufficient information to determine the outcome."
        },
        "answer": "A",
        "distance": "outer_variant"
    },
    {
        "case_id": "CWE758_Undefined_Behavior__char_malloc_use_01_bad",
        "org_code": "Original Code Snippet:\nvoid Sample_Func()\n{\n    {\n        char * pointer = (char *)malloc(sizeof(char));\n        if (pointer == NULL) {exit(-1);}\n        char data = *pointer;  \n        free(pointer);\n        printHexCharLine(data);\n    }\n}\n",
        "new_code": "Code Snippet Variant:\nstatic int StaticValue = 634;\nvoid Sample_Func()\n{\n    if (StaticValue==611)\n    {\n        {\n            {\n                char * pointer = (char *)malloc(sizeof(char));\n                if (pointer == NULL) {exit(-1);}\n                char data = *pointer;  \n                free(pointer);\n                printHexCharLine(data);\n            }\n        }\n    }\n    if(StaticValue==634)\n    {\n        int socketDescriptor;\n        int connectionStatus = 0;\n        char networkBuffer[256];\n        for (socketDescriptor = 0; socketDescriptor < 5; socketDescriptor++) {\n            if (connectionStatus == 0) {\n                networkBuffer[socketDescriptor] = 'A';\n            } else {\n                networkBuffer[socketDescriptor] = '0';\n            }\n        }\n        printLine(\"Successful! Problem Resolved!\");\n    }\n    if (StaticValue==635)\n    {\n        {\n            {\n                char data;\n                char * pointer = (char *)malloc(sizeof(char));\n                if (pointer == NULL) {exit(-1);}\n                data = 5;\n                *pointer = data;  \n                {\n                    char data = *pointer;\n                    printHexCharLine(data);\n                }\n                free(pointer);\n            }\n        }\n    }\n    if (StaticValue==623)\n    {\n        {\n            {\n                char data;\n                char * pointer = (char *)malloc(sizeof(char));\n                if (pointer == NULL) {exit(-1);}\n                data = 5;\n                *pointer = data;  \n                {\n                    char data = *pointer;\n                    printHexCharLine(data);\n                }\n                free(pointer);\n            }\n        }\n    }\n}\n",
        "CWE_ID": "CWE758",
        "question": "Question: What happens if we replace the following original code snippet with the proposed variants? Will the vulnerability CWE758 be triggered, and how does it affect the functionality of the code?",
        "choices": {
            "A": "No, Function Preserved: The vulnerability CWE758 will not be triggered, and the original functionality is fully preserved.",
            "B": "No, Function Impaired: The vulnerability CWE758 will not be triggered, but the functionality of the original code is impaired.",
            "C": "Yes: The vulnerability CWE758 will still be triggered.",
            "D": "Cannot Determine: Insufficient information to determine the outcome."
        },
        "answer": "B",
        "distance": "outer"
    },
    {
        "case_id": "CWE758_Undefined_Behavior__char_malloc_use_01_bad",
        "org_code": "Original Code Snippet:\nvoid Sample_Func()\n{\n    {\n        char * pointer = (char *)malloc(sizeof(char));\n        if (pointer == NULL) {exit(-1);}\n        char data = *pointer;  \n        free(pointer);\n        printHexCharLine(data);\n    }\n}\n",
        "new_code": "Code Snippet Variant:\nstatic int StaticValue = 642;\nvoid Sample_Func()\n{\n    if (StaticValue==611)\n    {\n        {\n            {\n                char * pointer = (char *)malloc(sizeof(char));\n                if (pointer == NULL) {exit(-1);}\n                char data = *pointer;  \n                free(pointer);\n                printHexCharLine(data);\n            }\n        }\n    }\n    if(StaticValue==642)\n    {\n        int socketDescriptor;\n        int connectionStatus = 0;\n        char networkBuffer[256];\n        for (socketDescriptor = 0; socketDescriptor < 5; socketDescriptor++) {\n            if (connectionStatus == 0) {\n                networkBuffer[socketDescriptor] = 'A';\n            } else {\n                networkBuffer[socketDescriptor] = '0';\n            }\n        }\n        printLine(\"Successful! Problem Resolved!\");\n    }\n    if (StaticValue==635)\n    {\n        int DogCat;\n        {\n            {\n                char data;\n                char * pointer = (char *)malloc(sizeof(char));\n                for(DogCat = 0; DogCat < 1; DogCat++)\n                {\n                    if (pointer == NULL) {exit(-1);}\n                }\n                data = 5;\n                *pointer = data;  \n                if(1)\n                {\n                    {\n                        char data = *pointer;\n                        printHexCharLine(data);\n                    }\n                }\n                free(pointer);\n            }\n        }\n    }\n    if (StaticValue==623)\n    {\n        int DogCat;\n        {\n            {\n                char data;\n                char * pointer = (char *)malloc(sizeof(char));\n                for(DogCat = 0; DogCat < 1; DogCat++)\n                {\n                    if (pointer == NULL) {exit(-1);}\n                }\n                data = 5;\n                *pointer = data;  \n                if(623==623)\n                {\n                    {\n                        char data = *pointer;\n                        printHexCharLine(data);\n                    }\n                }\n                free(pointer);\n            }\n        }\n    }\n}\n",
        "CWE_ID": "CWE758",
        "question": "Question: What happens if we replace the following original code snippet with the proposed variants? Will the vulnerability CWE758 be triggered, and how does it affect the functionality of the code?",
        "choices": {
            "A": "No, Function Preserved: The vulnerability CWE758 will not be triggered, and the original functionality is fully preserved.",
            "B": "No, Function Impaired: The vulnerability CWE758 will not be triggered, but the functionality of the original code is impaired.",
            "C": "Yes: The vulnerability CWE758 will still be triggered.",
            "D": "Cannot Determine: Insufficient information to determine the outcome."
        },
        "answer": "B",
        "distance": "outer_variant"
    },
    {
        "case_id": "CWE758_Undefined_Behavior__char_malloc_use_01_bad",
        "org_code": "Original Code Snippet:\nvoid Sample_Func()\n{\n    {\n        char * pointer = (char *)malloc(sizeof(char));\n        if (pointer == NULL) {exit(-1);}\n        char data = *pointer;  \n        free(pointer);\n        printHexCharLine(data);\n    }\n}\n",
        "new_code": "Code Snippet Variant:\nstatic int StaticValue = 727;\nvoid Sample_Func()\n{\n    if (StaticValue==727)\n    {\n        {\n            {\n                char * pointer = (char *)malloc(sizeof(char));\n                if (pointer == NULL) {exit(-1);}\n                char data = *pointer;  \n                free(pointer);\n                printHexCharLine(data);\n            }\n        }\n    }\n    if (StaticValue==769)\n    {\n        {\n            {\n                char * pointer = (char *)malloc(sizeof(char));\n                if (pointer == NULL) {exit(-1);}\n                char data = *pointer;  \n                free(pointer);\n                printHexCharLine(data);\n            }\n        }\n    }\n    if (StaticValue==685)\n    {\n        {\n            {\n                char data;\n                char * pointer = (char *)malloc(sizeof(char));\n                if (pointer == NULL) {exit(-1);}\n                data = 5;\n                *pointer = data;  \n                {\n                    char data = *pointer;\n                    printHexCharLine(data);\n                }\n                free(pointer);\n            }\n        }\n    }\n}\n",
        "CWE_ID": "CWE758",
        "question": "Question: What happens if we replace the following original code snippet with the proposed variants? Will the vulnerability CWE758 be triggered, and how does it affect the functionality of the code?",
        "choices": {
            "A": "No, Function Preserved: The vulnerability CWE758 will not be triggered, and the original functionality is fully preserved.",
            "B": "No, Function Impaired: The vulnerability CWE758 will not be triggered, but the functionality of the original code is impaired.",
            "C": "Yes: The vulnerability CWE758 will still be triggered.",
            "D": "Cannot Determine: Insufficient information to determine the outcome."
        },
        "answer": "C",
        "distance": "outer"
    }
]