[
    {
        "case_id": "CWE758_Undefined_Behavior__struct_malloc_use_01_bad",
        "org_code": "Original Code Snippet:\nvoid Sample_Func()\n{\n    {\n        twoIntsStruct * pointer = (twoIntsStruct *)malloc(sizeof(twoIntsStruct));\n        if (pointer == NULL) {exit(-1);}\n        twoIntsStruct data = *pointer;  \n        free(pointer);\n        printIntLine(data.intOne);\n        printIntLine(data.intTwo);\n    }\n}\n",
        "new_code": "Code Snippet Variant:\nstatic int StaticValue = 310;\nvoid Sample_Func()\n{\n    if (StaticValue==284)\n    {\n        {\n            {\n                twoIntsStruct * pointer = (twoIntsStruct *)malloc(sizeof(twoIntsStruct));\n                if (pointer == NULL) {exit(-1);}\n                twoIntsStruct data = *pointer;  \n                free(pointer);\n                printIntLine(data.intOne);\n                printIntLine(data.intTwo);\n            }\n        }\n    }\n    if (StaticValue==336)\n    {\n        {\n            {\n                twoIntsStruct data;\n                twoIntsStruct * pointer = (twoIntsStruct *)malloc(sizeof(twoIntsStruct));\n                if (pointer == NULL) {exit(-1);}\n                data.intOne = 1;\n                data.intTwo = 2;\n                *pointer = data;  \n                {\n                    twoIntsStruct data = *pointer;\n                    printIntLine(data.intOne);\n                    printIntLine(data.intTwo);\n                }\n                free(pointer);\n            }\n        }\n    }\n    if (StaticValue==310)\n    {\n        {\n            {\n                twoIntsStruct data;\n                twoIntsStruct * pointer = (twoIntsStruct *)malloc(sizeof(twoIntsStruct));\n                if (pointer == NULL) {exit(-1);}\n                data.intOne = 1;\n                data.intTwo = 2;\n                *pointer = data;  \n                {\n                    twoIntsStruct data = *pointer;\n                    printIntLine(data.intOne);\n                    printIntLine(data.intTwo);\n                }\n                free(pointer);\n            }\n        }\n    }\n}\n",
        "CWE_ID": "CWE758",
        "question": "Question: What happens if we replace the following original code snippet with the proposed variants? Will the vulnerability CWE758 be triggered, and how does it affect the functionality of the code?",
        "choices": {
            "A": "No, Function Preserved: The vulnerability CWE758 will not be triggered, and the original functionality is fully preserved.",
            "B": "No, Function Impaired: The vulnerability CWE758 will not be triggered, but the functionality of the original code is impaired.",
            "C": "Yes: The vulnerability CWE758 will still be triggered.",
            "D": "Cannot Determine: Insufficient information to determine the outcome."
        },
        "answer": "A",
        "distance": "outer"
    },
    {
        "case_id": "CWE758_Undefined_Behavior__struct_malloc_use_01_bad",
        "org_code": "Original Code Snippet:\nvoid Sample_Func()\n{\n    {\n        twoIntsStruct * pointer = (twoIntsStruct *)malloc(sizeof(twoIntsStruct));\n        if (pointer == NULL) {exit(-1);}\n        twoIntsStruct data = *pointer;  \n        free(pointer);\n        printIntLine(data.intOne);\n        printIntLine(data.intTwo);\n    }\n}\n",
        "new_code": "Code Snippet Variant:\nstatic int StaticValue = 310;\nvoid Sample_Func()\n{\n    if (StaticValue==284)\n    {\n        {\n            {\n                twoIntsStruct * pointer = (twoIntsStruct *)malloc(sizeof(twoIntsStruct));\n                if (pointer == NULL) {exit(-1);}\n                twoIntsStruct data = *pointer;  \n                free(pointer);\n                printIntLine(data.intOne);\n                printIntLine(data.intTwo);\n            }\n        }\n    }\n    if (StaticValue==336)\n    {\n        {\n            {\n                twoIntsStruct data;\n                twoIntsStruct * pointer = (twoIntsStruct *)malloc(sizeof(twoIntsStruct));\n                if(StaticValue==310)\n                {\n                    if (pointer == NULL) {exit(-1);}\n                }\n                data.intOne = 1;\n                data.intTwo = 2;\n                *pointer = data;  \n                if(310==310)\n                {\n                    {\n                        twoIntsStruct data = *pointer;\n                        printIntLine(data.intOne);\n                        printIntLine(data.intTwo);\n                    }\n                }\n                free(pointer);\n            }\n        }\n    }\n    if (StaticValue==310)\n    {\n        {\n            {\n                twoIntsStruct data;\n                twoIntsStruct * pointer = (twoIntsStruct *)malloc(sizeof(twoIntsStruct));\n                if (pointer == NULL) {exit(-1);}\n                data.intOne = 1;\n                data.intTwo = 2;\n                *pointer = data;  \n                {\n                    twoIntsStruct data = *pointer;\n                    printIntLine(data.intOne);\n                    printIntLine(data.intTwo);\n                }\n                free(pointer);\n            }\n        }\n    }\n}\n",
        "CWE_ID": "CWE758",
        "question": "Question: What happens if we replace the following original code snippet with the proposed variants? Will the vulnerability CWE758 be triggered, and how does it affect the functionality of the code?",
        "choices": {
            "A": "No, Function Preserved: The vulnerability CWE758 will not be triggered, and the original functionality is fully preserved.",
            "B": "No, Function Impaired: The vulnerability CWE758 will not be triggered, but the functionality of the original code is impaired.",
            "C": "Yes: The vulnerability CWE758 will still be triggered.",
            "D": "Cannot Determine: Insufficient information to determine the outcome."
        },
        "answer": "A",
        "distance": "outer_variant"
    },
    {
        "case_id": "CWE758_Undefined_Behavior__struct_malloc_use_01_bad",
        "org_code": "Original Code Snippet:\nvoid Sample_Func()\n{\n    {\n        twoIntsStruct * pointer = (twoIntsStruct *)malloc(sizeof(twoIntsStruct));\n        if (pointer == NULL) {exit(-1);}\n        twoIntsStruct data = *pointer;  \n        free(pointer);\n        printIntLine(data.intOne);\n        printIntLine(data.intTwo);\n    }\n}\n",
        "new_code": "Code Snippet Variant:\nstatic int StaticValue = 326;\nvoid Sample_Func()\n{\n    if (StaticValue==284)\n    {\n        {\n            {\n                twoIntsStruct * pointer = (twoIntsStruct *)malloc(sizeof(twoIntsStruct));\n                if (pointer == NULL) {exit(-1);}\n                twoIntsStruct data = *pointer;  \n                free(pointer);\n                printIntLine(data.intOne);\n                printIntLine(data.intTwo);\n            }\n        }\n    }\n    if (StaticValue==336)\n    {\n        {\n            {\n                twoIntsStruct data;\n                twoIntsStruct * pointer = (twoIntsStruct *)malloc(sizeof(twoIntsStruct));\n                if (pointer == NULL) {exit(-1);}\n                data.intOne = 1;\n                data.intTwo = 2;\n                *pointer = data;  \n                {\n                    twoIntsStruct data = *pointer;\n                    printIntLine(data.intOne);\n                    printIntLine(data.intTwo);\n                }\n                free(pointer);\n            }\n        }\n    }\n    if(StaticValue==326)\n    {\n        int socketDescriptor;\n        int connectionStatus = 0;\n        char networkBuffer[256];\n        for (socketDescriptor = 0; socketDescriptor < 5; socketDescriptor++) {\n            if (connectionStatus == 0) {\n                networkBuffer[socketDescriptor] = 'A';\n            } else {\n                networkBuffer[socketDescriptor] = '0';\n            }\n        }\n        printLine(\"Successful! Problem Resolved!\");\n    }\n    if (StaticValue==310)\n    {\n        {\n            {\n                twoIntsStruct data;\n                twoIntsStruct * pointer = (twoIntsStruct *)malloc(sizeof(twoIntsStruct));\n                if (pointer == NULL) {exit(-1);}\n                data.intOne = 1;\n                data.intTwo = 2;\n                *pointer = data;  \n                {\n                    twoIntsStruct data = *pointer;\n                    printIntLine(data.intOne);\n                    printIntLine(data.intTwo);\n                }\n                free(pointer);\n            }\n        }\n    }\n}\n",
        "CWE_ID": "CWE758",
        "question": "Question: What happens if we replace the following original code snippet with the proposed variants? Will the vulnerability CWE758 be triggered, and how does it affect the functionality of the code?",
        "choices": {
            "A": "No, Function Preserved: The vulnerability CWE758 will not be triggered, and the original functionality is fully preserved.",
            "B": "No, Function Impaired: The vulnerability CWE758 will not be triggered, but the functionality of the original code is impaired.",
            "C": "Yes: The vulnerability CWE758 will still be triggered.",
            "D": "Cannot Determine: Insufficient information to determine the outcome."
        },
        "answer": "B",
        "distance": "outer"
    },
    {
        "case_id": "CWE758_Undefined_Behavior__struct_malloc_use_01_bad",
        "org_code": "Original Code Snippet:\nvoid Sample_Func()\n{\n    {\n        twoIntsStruct * pointer = (twoIntsStruct *)malloc(sizeof(twoIntsStruct));\n        if (pointer == NULL) {exit(-1);}\n        twoIntsStruct data = *pointer;  \n        free(pointer);\n        printIntLine(data.intOne);\n        printIntLine(data.intTwo);\n    }\n}\n",
        "new_code": "Code Snippet Variant:\nstatic int StaticValue = 329;\nvoid Sample_Func()\n{\n    if (StaticValue==284)\n    {\n        {\n            {\n                twoIntsStruct * pointer = (twoIntsStruct *)malloc(sizeof(twoIntsStruct));\n                if (pointer == NULL) {exit(-1);}\n                twoIntsStruct data = *pointer;  \n                free(pointer);\n                printIntLine(data.intOne);\n                printIntLine(data.intTwo);\n            }\n        }\n    }\n    if(StaticValue==329)\n    {\n        int socketDescriptor;\n        int connectionStatus = 0;\n        char networkBuffer[256];\n        for (socketDescriptor = 0; socketDescriptor < 5; socketDescriptor++) {\n            if (connectionStatus == 0) {\n                networkBuffer[socketDescriptor] = 'A';\n            } else {\n                networkBuffer[socketDescriptor] = '0';\n            }\n        }\n        printLine(\"Successful! Problem Resolved!\");\n    }\n    if (StaticValue==336)\n    {\n        {\n            {\n                twoIntsStruct data;\n                twoIntsStruct * pointer = (twoIntsStruct *)malloc(sizeof(twoIntsStruct));\n                if(StaticValue==310)\n                {\n                    if (pointer == NULL) {exit(-1);}\n                }\n                data.intOne = 1;\n                data.intTwo = 2;\n                *pointer = data;  \n                if(310==310)\n                {\n                    {\n                        twoIntsStruct data = *pointer;\n                        printIntLine(data.intOne);\n                        printIntLine(data.intTwo);\n                    }\n                }\n                free(pointer);\n            }\n        }\n    }\n    if (StaticValue==310)\n    {\n        {\n            {\n                twoIntsStruct data;\n                twoIntsStruct * pointer = (twoIntsStruct *)malloc(sizeof(twoIntsStruct));\n                if (pointer == NULL) {exit(-1);}\n                data.intOne = 1;\n                data.intTwo = 2;\n                *pointer = data;  \n                {\n                    twoIntsStruct data = *pointer;\n                    printIntLine(data.intOne);\n                    printIntLine(data.intTwo);\n                }\n                free(pointer);\n            }\n        }\n    }\n}\n",
        "CWE_ID": "CWE758",
        "question": "Question: What happens if we replace the following original code snippet with the proposed variants? Will the vulnerability CWE758 be triggered, and how does it affect the functionality of the code?",
        "choices": {
            "A": "No, Function Preserved: The vulnerability CWE758 will not be triggered, and the original functionality is fully preserved.",
            "B": "No, Function Impaired: The vulnerability CWE758 will not be triggered, but the functionality of the original code is impaired.",
            "C": "Yes: The vulnerability CWE758 will still be triggered.",
            "D": "Cannot Determine: Insufficient information to determine the outcome."
        },
        "answer": "B",
        "distance": "outer_variant"
    },
    {
        "case_id": "CWE758_Undefined_Behavior__struct_malloc_use_01_bad",
        "org_code": "Original Code Snippet:\nvoid Sample_Func()\n{\n    {\n        twoIntsStruct * pointer = (twoIntsStruct *)malloc(sizeof(twoIntsStruct));\n        if (pointer == NULL) {exit(-1);}\n        twoIntsStruct data = *pointer;  \n        free(pointer);\n        printIntLine(data.intOne);\n        printIntLine(data.intTwo);\n    }\n}\n",
        "new_code": "Code Snippet Variant:\nstatic int StaticValue = 755;\nvoid Sample_Func()\n{\n    if (StaticValue==755)\n    {\n        {\n            {\n                twoIntsStruct * pointer = (twoIntsStruct *)malloc(sizeof(twoIntsStruct));\n                if (pointer == NULL) {exit(-1);}\n                twoIntsStruct data = *pointer;  \n                free(pointer);\n                printIntLine(data.intOne);\n                printIntLine(data.intTwo);\n            }\n        }\n    }\n    if (StaticValue==809)\n    {\n        {\n            {\n                twoIntsStruct * pointer = (twoIntsStruct *)malloc(sizeof(twoIntsStruct));\n                if (pointer == NULL) {exit(-1);}\n                twoIntsStruct data = *pointer;  \n                free(pointer);\n                printIntLine(data.intOne);\n                printIntLine(data.intTwo);\n            }\n        }\n    }\n    if (StaticValue==701)\n    {\n        {\n            {\n                twoIntsStruct data;\n                twoIntsStruct * pointer = (twoIntsStruct *)malloc(sizeof(twoIntsStruct));\n                if (pointer == NULL) {exit(-1);}\n                data.intOne = 1;\n                data.intTwo = 2;\n                *pointer = data;  \n                {\n                    twoIntsStruct data = *pointer;\n                    printIntLine(data.intOne);\n                    printIntLine(data.intTwo);\n                }\n                free(pointer);\n            }\n        }\n    }\n}\n",
        "CWE_ID": "CWE758",
        "question": "Question: What happens if we replace the following original code snippet with the proposed variants? Will the vulnerability CWE758 be triggered, and how does it affect the functionality of the code?",
        "choices": {
            "A": "No, Function Preserved: The vulnerability CWE758 will not be triggered, and the original functionality is fully preserved.",
            "B": "No, Function Impaired: The vulnerability CWE758 will not be triggered, but the functionality of the original code is impaired.",
            "C": "Yes: The vulnerability CWE758 will still be triggered.",
            "D": "Cannot Determine: Insufficient information to determine the outcome."
        },
        "answer": "C",
        "distance": "outer"
    },
    {
        "case_id": "CWE758_Undefined_Behavior__struct_malloc_use_01_bad",
        "org_code": "Original Code Snippet:\nvoid Sample_Func()\n{\n    {\n        twoIntsStruct * pointer = (twoIntsStruct *)malloc(sizeof(twoIntsStruct));\n        if (pointer == NULL) {exit(-1);}\n        twoIntsStruct data = *pointer;  \n        free(pointer);\n        printIntLine(data.intOne);\n        printIntLine(data.intTwo);\n    }\n}\n",
        "new_code": "Code Snippet Variant:\nstatic int StaticValue = 755;\nvoid Sample_Func()\n{\n    if (StaticValue==755)\n    {\n        {\n            {\n                twoIntsStruct * pointer = (twoIntsStruct *)malloc(sizeof(twoIntsStruct));\n                if (pointer == NULL) {exit(-1);}\n                twoIntsStruct data = *pointer;  \n                free(pointer);\n                printIntLine(data.intOne);\n                printIntLine(data.intTwo);\n            }\n        }\n    }\n    if (StaticValue==809)\n    {\n        {\n            {\n                twoIntsStruct * pointer = (twoIntsStruct *)malloc(sizeof(twoIntsStruct));\n                if (pointer == NULL) {exit(-1);}\n                twoIntsStruct data = *pointer;  \n                free(pointer);\n                printIntLine(data.intOne);\n                printIntLine(data.intTwo);\n            }\n        }\n    }\n    if (StaticValue==701)\n    {\n        int DogCat;\n        {\n            {\n                twoIntsStruct data;\n                twoIntsStruct * pointer = (twoIntsStruct *)malloc(sizeof(twoIntsStruct));\n                for(DogCat = 0; DogCat < 1; DogCat++)\n                {\n                    if (pointer == NULL) {exit(-1);}\n                }\n                data.intOne = 1;\n                data.intTwo = 2;\n                *pointer = data;  \n                if(755==755)\n                {\n                    {\n                        twoIntsStruct data = *pointer;\n                        printIntLine(data.intOne);\n                        printIntLine(data.intTwo);\n                    }\n                }\n                free(pointer);\n            }\n        }\n    }\n}\n",
        "CWE_ID": "CWE758",
        "question": "Question: What happens if we replace the following original code snippet with the proposed variants? Will the vulnerability CWE758 be triggered, and how does it affect the functionality of the code?",
        "choices": {
            "A": "No, Function Preserved: The vulnerability CWE758 will not be triggered, and the original functionality is fully preserved.",
            "B": "No, Function Impaired: The vulnerability CWE758 will not be triggered, but the functionality of the original code is impaired.",
            "C": "Yes: The vulnerability CWE758 will still be triggered.",
            "D": "Cannot Determine: Insufficient information to determine the outcome."
        },
        "answer": "C",
        "distance": "outer_variant"
    }
]