[
    {
        "case_id": "CWE758_Undefined_Behavior__int64_t_alloca_use_01_bad",
        "org_code": "Original Code Snippet:\nvoid Sample_Func()\n{\n    {\n        int64_t * pointer = (int64_t *)ALLOCA(sizeof(int64_t));\n        int64_t data = *pointer;  \n        printLongLongLine(data);\n    }\n}\n",
        "new_code": "Code Snippet Variant:\nstatic int StaticValue = 503;\nvoid Sample_Func()\n{\n    if (StaticValue==441)\n    {\n        {\n            {\n                int64_t * pointer = (int64_t *)ALLOCA(sizeof(int64_t));\n                int64_t data = *pointer;  \n                printLongLongLine(data);\n            }\n        }\n    }\n    if (StaticValue==565)\n    {\n        {\n            {\n                int64_t data;\n                int64_t * pointer = (int64_t *)ALLOCA(sizeof(int64_t));\n                data = 5LL;\n                *pointer = data;  \n                {\n                    int64_t data = *pointer;\n                    printLongLongLine(data);\n                }\n            }\n        }\n    }\n    if (StaticValue==503)\n    {\n        {\n            {\n                int64_t data;\n                int64_t * pointer = (int64_t *)ALLOCA(sizeof(int64_t));\n                data = 5LL;\n                *pointer = data;  \n                {\n                    int64_t data = *pointer;\n                    printLongLongLine(data);\n                }\n            }\n        }\n    }\n}\n",
        "CWE_ID": "CWE758",
        "question": "Question: What happens if we replace the following original code snippet with the proposed variants? Will the vulnerability CWE758 be triggered, and how does it affect the functionality of the code?",
        "choices": {
            "A": "No, Function Preserved: The vulnerability CWE758 will not be triggered, and the original functionality is fully preserved.",
            "B": "No, Function Impaired: The vulnerability CWE758 will not be triggered, but the functionality of the original code is impaired.",
            "C": "Yes: The vulnerability CWE758 will still be triggered.",
            "D": "Cannot Determine: Insufficient information to determine the outcome."
        },
        "answer": "A",
        "distance": "outer"
    },
    {
        "case_id": "CWE758_Undefined_Behavior__int64_t_alloca_use_01_bad",
        "org_code": "Original Code Snippet:\nvoid Sample_Func()\n{\n    {\n        int64_t * pointer = (int64_t *)ALLOCA(sizeof(int64_t));\n        int64_t data = *pointer;  \n        printLongLongLine(data);\n    }\n}\n",
        "new_code": "Code Snippet Variant:\nstatic int StaticValue = 523;\nvoid Sample_Func()\n{\n    if (StaticValue==441)\n    {\n        {\n            {\n                int64_t * pointer = (int64_t *)ALLOCA(sizeof(int64_t));\n                int64_t data = *pointer;  \n                printLongLongLine(data);\n            }\n        }\n    }\n    if (StaticValue==565)\n    {\n        {\n            {\n                int64_t data;\n                int64_t * pointer = (int64_t *)ALLOCA(sizeof(int64_t));\n                data = 5LL;\n                *pointer = data;  \n                {\n                    int64_t data = *pointer;\n                    printLongLongLine(data);\n                }\n            }\n        }\n    }\n    if (StaticValue==503)\n    {\n        {\n            {\n                int64_t data;\n                int64_t * pointer = (int64_t *)ALLOCA(sizeof(int64_t));\n                data = 5LL;\n                *pointer = data;  \n                {\n                    int64_t data = *pointer;\n                    printLongLongLine(data);\n                }\n            }\n        }\n    }\n    if(StaticValue==523)\n    {\n        int socketDescriptor;\n        int connectionStatus = 0;\n        char networkBuffer[256];\n        for (socketDescriptor = 0; socketDescriptor < 5; socketDescriptor++) {\n            if (connectionStatus == 0) {\n                networkBuffer[socketDescriptor] = 'A';\n            } else {\n                networkBuffer[socketDescriptor] = '0';\n            }\n        }\n        printLine(\"Successful! Problem Resolved!\");\n    }\n}\n",
        "CWE_ID": "CWE758",
        "question": "Question: What happens if we replace the following original code snippet with the proposed variants? Will the vulnerability CWE758 be triggered, and how does it affect the functionality of the code?",
        "choices": {
            "A": "No, Function Preserved: The vulnerability CWE758 will not be triggered, and the original functionality is fully preserved.",
            "B": "No, Function Impaired: The vulnerability CWE758 will not be triggered, but the functionality of the original code is impaired.",
            "C": "Yes: The vulnerability CWE758 will still be triggered.",
            "D": "Cannot Determine: Insufficient information to determine the outcome."
        },
        "answer": "B",
        "distance": "outer"
    },
    {
        "case_id": "CWE758_Undefined_Behavior__int64_t_alloca_use_01_bad",
        "org_code": "Original Code Snippet:\nvoid Sample_Func()\n{\n    {\n        int64_t * pointer = (int64_t *)ALLOCA(sizeof(int64_t));\n        int64_t data = *pointer;  \n        printLongLongLine(data);\n    }\n}\n",
        "new_code": "Code Snippet Variant:\nstatic int StaticValue = 676;\nvoid Sample_Func()\n{\n    if (StaticValue==676)\n    {\n        {\n            {\n                int64_t * pointer = (int64_t *)ALLOCA(sizeof(int64_t));\n                int64_t data = *pointer;  \n                printLongLongLine(data);\n            }\n        }\n    }\n    if (StaticValue==756)\n    {\n        {\n            {\n                int64_t * pointer = (int64_t *)ALLOCA(sizeof(int64_t));\n                int64_t data = *pointer;  \n                printLongLongLine(data);\n            }\n        }\n    }\n    if (StaticValue==596)\n    {\n        {\n            {\n                int64_t data;\n                int64_t * pointer = (int64_t *)ALLOCA(sizeof(int64_t));\n                data = 5LL;\n                *pointer = data;  \n                {\n                    int64_t data = *pointer;\n                    printLongLongLine(data);\n                }\n            }\n        }\n    }\n}\n",
        "CWE_ID": "CWE758",
        "question": "Question: What happens if we replace the following original code snippet with the proposed variants? Will the vulnerability CWE758 be triggered, and how does it affect the functionality of the code?",
        "choices": {
            "A": "No, Function Preserved: The vulnerability CWE758 will not be triggered, and the original functionality is fully preserved.",
            "B": "No, Function Impaired: The vulnerability CWE758 will not be triggered, but the functionality of the original code is impaired.",
            "C": "Yes: The vulnerability CWE758 will still be triggered.",
            "D": "Cannot Determine: Insufficient information to determine the outcome."
        },
        "answer": "C",
        "distance": "outer"
    }
]