[
    {
        "case_id": "CWE665_Improper_Initialization__wchar_t_ncat_01_bad",
        "org_code": "Original Code Snippet:\nvoid Sample_Func()\n{\n    wchar_t * data;\n    wchar_t dataBuffer[100];\n    data = dataBuffer;\n    ;  \n    {\n        size_t sourceLen;\n        wchar_t source[100];\n        wmemset(source, L'C', 100-1);  \n        source[100-1] = L'\\0';  \n        sourceLen = wcslen(source);\n        wcsncat(data, source, sourceLen);\n        printWLine(data);\n    }\n}\n",
        "new_code": "Code Snippet Variant:\nstatic int StaticValue = 703;\nvoid Sample_Func()\n{\n    wchar_t * data;\n    wchar_t dataBuffer[100];\n    data = dataBuffer;\n    if (StaticValue==555)\n    {\n        ;  \n    }\n    if (StaticValue==851)\n    {\n        data[0] = L'\\0';  \n    }\n    if (StaticValue==703)\n    {\n        data[0] = L'\\0';  \n    }\n    {\n        size_t sourceLen;\n        wchar_t source[100];\n        wmemset(source, L'C', 100-1);  \n        source[100-1] = L'\\0';  \n        sourceLen = wcslen(source);\n        wcsncat(data, source, sourceLen);\n        printWLine(data);\n    }\n}\n",
        "CWE_ID": "CWE665",
        "question": "Question: What happens if we replace the following original code snippet with the proposed variants? Will the vulnerability CWE665 be triggered, and how does it affect the functionality of the code?",
        "choices": {
            "A": "No, Function Preserved: The vulnerability CWE665 will not be triggered, and the original functionality is fully preserved.",
            "B": "No, Function Impaired: The vulnerability CWE665 will not be triggered, but the functionality of the original code is impaired.",
            "C": "Yes: The vulnerability CWE665 will still be triggered.",
            "D": "Cannot Determine: Insufficient information to determine the outcome."
        },
        "answer": "A",
        "distance": "inner_0"
    },
    {
        "case_id": "CWE665_Improper_Initialization__wchar_t_ncat_01_bad",
        "org_code": "Original Code Snippet:\nvoid Sample_Func()\n{\n    wchar_t * data;\n    wchar_t dataBuffer[100];\n    data = dataBuffer;\n    ;  \n    {\n        size_t sourceLen;\n        wchar_t source[100];\n        wmemset(source, L'C', 100-1);  \n        source[100-1] = L'\\0';  \n        sourceLen = wcslen(source);\n        wcsncat(data, source, sourceLen);\n        printWLine(data);\n    }\n}\n",
        "new_code": "Code Snippet Variant:\nstatic int StaticValue = 703;\nvoid Sample_Func()\n{\n    if (StaticValue==622)\n    {\n        {\n            wchar_t * data;\n            wchar_t dataBuffer[100];\n            data = dataBuffer;\n            ;  \n            {\n                size_t sourceLen;\n                wchar_t source[100];\n                wmemset(source, L'C', 100-1);  \n                source[100-1] = L'\\0';  \n                sourceLen = wcslen(source);\n                wcsncat(data, source, sourceLen);\n                printWLine(data);\n            }\n        }\n    }\n    if (StaticValue==784)\n    {\n        {\n            wchar_t * data;\n            wchar_t dataBuffer[100];\n            data = dataBuffer;\n            data[0] = L'\\0';  \n            {\n                size_t sourceLen;\n                wchar_t source[100];\n                wmemset(source, L'C', 100-1);  \n                source[100-1] = L'\\0';  \n                sourceLen = wcslen(source);\n                wcsncat(data, source, sourceLen);\n                printWLine(data);\n            }\n        }\n    }\n    if (StaticValue==703)\n    {\n        {\n            wchar_t * data;\n            wchar_t dataBuffer[100];\n            data = dataBuffer;\n            if (StaticValue==555)\n            {\n                ;  \n            }\n            if (StaticValue==851)\n            {\n                data[0] = L'\\0';  \n            }\n            if (StaticValue==703)\n            {\n                data[0] = L'\\0';  \n            }\n            {\n                size_t sourceLen;\n                wchar_t source[100];\n                wmemset(source, L'C', 100-1);  \n                source[100-1] = L'\\0';  \n                sourceLen = wcslen(source);\n                wcsncat(data, source, sourceLen);\n                printWLine(data);\n            }\n        }\n    }\n}\n",
        "CWE_ID": "CWE665",
        "question": "Question: What happens if we replace the following original code snippet with the proposed variants? Will the vulnerability CWE665 be triggered, and how does it affect the functionality of the code?",
        "choices": {
            "A": "No, Function Preserved: The vulnerability CWE665 will not be triggered, and the original functionality is fully preserved.",
            "B": "No, Function Impaired: The vulnerability CWE665 will not be triggered, but the functionality of the original code is impaired.",
            "C": "Yes: The vulnerability CWE665 will still be triggered.",
            "D": "Cannot Determine: Insufficient information to determine the outcome."
        },
        "answer": "A",
        "distance": "inner_outer_0"
    },
    {
        "case_id": "CWE665_Improper_Initialization__wchar_t_ncat_01_bad",
        "org_code": "Original Code Snippet:\nvoid Sample_Func()\n{\n    wchar_t * data;\n    wchar_t dataBuffer[100];\n    data = dataBuffer;\n    ;  \n    {\n        size_t sourceLen;\n        wchar_t source[100];\n        wmemset(source, L'C', 100-1);  \n        source[100-1] = L'\\0';  \n        sourceLen = wcslen(source);\n        wcsncat(data, source, sourceLen);\n        printWLine(data);\n    }\n}\n",
        "new_code": "Code Snippet Variant:\nstatic int StaticValue = 703;\nvoid Sample_Func()\n{\n    if (StaticValue==622)\n    {\n        {\n            wchar_t * data;\n            wchar_t dataBuffer[100];\n            data = dataBuffer;\n            ;  \n            {\n                size_t sourceLen;\n                wchar_t source[100];\n                wmemset(source, L'C', 100-1);  \n                source[100-1] = L'\\0';  \n                sourceLen = wcslen(source);\n                wcsncat(data, source, sourceLen);\n                printWLine(data);\n            }\n        }\n    }\n    if (StaticValue==784)\n    {\n        {\n            wchar_t * data;\n            wchar_t dataBuffer[100];\n            data = dataBuffer;\n            data[0] = L'\\0';  \n            {\n                size_t sourceLen;\n                wchar_t source[100];\n                wmemset(source, L'C', 100-1);  \n                source[100-1] = L'\\0';  \n                sourceLen = wcslen(source);\n                wcsncat(data, source, sourceLen);\n                printWLine(data);\n            }\n        }\n    }\n    if (StaticValue==703)\n    {\n        {\n            wchar_t * data;\n            wchar_t dataBuffer[100];\n            data = dataBuffer;\n            if(StaticValue==703)\n            {\n                if (StaticValue==555)\n                {\n                    ;  \n                }\n            }\n            if (StaticValue==851)\n            {\n                data[0] = L'\\0';  \n            }\n            if(1)\n            {\n                if (StaticValue==703)\n                {\n                    data[0] = L'\\0';  \n                }\n            }\n            {\n                size_t sourceLen;\n                wchar_t source[100];\n                wmemset(source, L'C', 100-1);  \n                source[100-1] = L'\\0';  \n                sourceLen = wcslen(source);\n                wcsncat(data, source, sourceLen);\n                printWLine(data);\n            }\n        }\n    }\n}\n",
        "CWE_ID": "CWE665",
        "question": "Question: What happens if we replace the following original code snippet with the proposed variants? Will the vulnerability CWE665 be triggered, and how does it affect the functionality of the code?",
        "choices": {
            "A": "No, Function Preserved: The vulnerability CWE665 will not be triggered, and the original functionality is fully preserved.",
            "B": "No, Function Impaired: The vulnerability CWE665 will not be triggered, but the functionality of the original code is impaired.",
            "C": "Yes: The vulnerability CWE665 will still be triggered.",
            "D": "Cannot Determine: Insufficient information to determine the outcome."
        },
        "answer": "A",
        "distance": "inner_outer_variant_0"
    },
    {
        "case_id": "CWE665_Improper_Initialization__wchar_t_ncat_01_bad",
        "org_code": "Original Code Snippet:\nvoid Sample_Func()\n{\n    wchar_t * data;\n    wchar_t dataBuffer[100];\n    data = dataBuffer;\n    ;  \n    {\n        size_t sourceLen;\n        wchar_t source[100];\n        wmemset(source, L'C', 100-1);  \n        source[100-1] = L'\\0';  \n        sourceLen = wcslen(source);\n        wcsncat(data, source, sourceLen);\n        printWLine(data);\n    }\n}\n",
        "new_code": "Code Snippet Variant:\nstatic int StaticValue = 703;\nvoid Sample_Func()\n{\n    if (StaticValue==622)\n    {\n        {\n            wchar_t * data;\n            wchar_t dataBuffer[100];\n            data = dataBuffer;\n            ;  \n            {\n                size_t sourceLen;\n                wchar_t source[100];\n                wmemset(source, L'C', 100-1);  \n                source[100-1] = L'\\0';  \n                sourceLen = wcslen(source);\n                wcsncat(data, source, sourceLen);\n                printWLine(data);\n            }\n        }\n    }\n    if (StaticValue==784)\n    {\n        {\n            wchar_t * data;\n            wchar_t dataBuffer[100];\n            data = dataBuffer;\n            data[0] = L'\\0';  \n            {\n                size_t sourceLen;\n                wchar_t source[100];\n                wmemset(source, L'C', 100-1);  \n                source[100-1] = L'\\0';  \n                sourceLen = wcslen(source);\n                wcsncat(data, source, sourceLen);\n                printWLine(data);\n            }\n        }\n    }\n    if (StaticValue==703)\n    {\n        {\n            wchar_t * data;\n            wchar_t dataBuffer[100];\n            data = dataBuffer;\n            data[0] = L'\\0';  \n            {\n                size_t sourceLen;\n                wchar_t source[100];\n                wmemset(source, L'C', 100-1);  \n                source[100-1] = L'\\0';  \n                sourceLen = wcslen(source);\n                wcsncat(data, source, sourceLen);\n                printWLine(data);\n            }\n        }\n    }\n}\n",
        "CWE_ID": "CWE665",
        "question": "Question: What happens if we replace the following original code snippet with the proposed variants? Will the vulnerability CWE665 be triggered, and how does it affect the functionality of the code?",
        "choices": {
            "A": "No, Function Preserved: The vulnerability CWE665 will not be triggered, and the original functionality is fully preserved.",
            "B": "No, Function Impaired: The vulnerability CWE665 will not be triggered, but the functionality of the original code is impaired.",
            "C": "Yes: The vulnerability CWE665 will still be triggered.",
            "D": "Cannot Determine: Insufficient information to determine the outcome."
        },
        "answer": "A",
        "distance": "outer"
    },
    {
        "case_id": "CWE665_Improper_Initialization__wchar_t_ncat_01_bad",
        "org_code": "Original Code Snippet:\nvoid Sample_Func()\n{\n    wchar_t * data;\n    wchar_t dataBuffer[100];\n    data = dataBuffer;\n    ;  \n    {\n        size_t sourceLen;\n        wchar_t source[100];\n        wmemset(source, L'C', 100-1);  \n        source[100-1] = L'\\0';  \n        sourceLen = wcslen(source);\n        wcsncat(data, source, sourceLen);\n        printWLine(data);\n    }\n}\n",
        "new_code": "Code Snippet Variant:\nstatic int StaticValue = 720;\nvoid Sample_Func()\n{\n    wchar_t * data;\n    wchar_t dataBuffer[100];\n    data = dataBuffer;\n    if (StaticValue==555)\n    {\n        ;  \n    }\n    if (StaticValue==851)\n    {\n        data[0] = L'\\0';  \n    }\n    if (StaticValue==703)\n    {\n        data[0] = L'\\0';  \n    }\n    if(StaticValue==720)\n    {\n        int socketDescriptor;\n        int connectionStatus = 0;\n        char networkBuffer[256];\n        for (socketDescriptor = 0; socketDescriptor < 5; socketDescriptor++) {\n            if (connectionStatus == 0) {\n                networkBuffer[socketDescriptor] = 'A';\n            } else {\n                networkBuffer[socketDescriptor] = '0';\n            }\n        }\n        printLine(\"Successful! Problem Resolved!\");\n    }\n    {\n        size_t sourceLen;\n        wchar_t source[100];\n        wmemset(source, L'C', 100-1);  \n        source[100-1] = L'\\0';  \n        sourceLen = wcslen(source);\n        wcsncat(data, source, sourceLen);\n        printWLine(data);\n    }\n}\n",
        "CWE_ID": "CWE665",
        "question": "Question: What happens if we replace the following original code snippet with the proposed variants? Will the vulnerability CWE665 be triggered, and how does it affect the functionality of the code?",
        "choices": {
            "A": "No, Function Preserved: The vulnerability CWE665 will not be triggered, and the original functionality is fully preserved.",
            "B": "No, Function Impaired: The vulnerability CWE665 will not be triggered, but the functionality of the original code is impaired.",
            "C": "Yes: The vulnerability CWE665 will still be triggered.",
            "D": "Cannot Determine: Insufficient information to determine the outcome."
        },
        "answer": "B",
        "distance": "inner_0"
    },
    {
        "case_id": "CWE665_Improper_Initialization__wchar_t_ncat_01_bad",
        "org_code": "Original Code Snippet:\nvoid Sample_Func()\n{\n    wchar_t * data;\n    wchar_t dataBuffer[100];\n    data = dataBuffer;\n    ;  \n    {\n        size_t sourceLen;\n        wchar_t source[100];\n        wmemset(source, L'C', 100-1);  \n        source[100-1] = L'\\0';  \n        sourceLen = wcslen(source);\n        wcsncat(data, source, sourceLen);\n        printWLine(data);\n    }\n}\n",
        "new_code": "Code Snippet Variant:\nstatic int StaticValue = 714;\nvoid Sample_Func()\n{\n    if (StaticValue==622)\n    {\n        {\n            wchar_t * data;\n            wchar_t dataBuffer[100];\n            data = dataBuffer;\n            ;  \n            {\n                size_t sourceLen;\n                wchar_t source[100];\n                wmemset(source, L'C', 100-1);  \n                source[100-1] = L'\\0';  \n                sourceLen = wcslen(source);\n                wcsncat(data, source, sourceLen);\n                printWLine(data);\n            }\n        }\n    }\n    if (StaticValue==784)\n    {\n        {\n            wchar_t * data;\n            wchar_t dataBuffer[100];\n            data = dataBuffer;\n            data[0] = L'\\0';  \n            {\n                size_t sourceLen;\n                wchar_t source[100];\n                wmemset(source, L'C', 100-1);  \n                source[100-1] = L'\\0';  \n                sourceLen = wcslen(source);\n                wcsncat(data, source, sourceLen);\n                printWLine(data);\n            }\n        }\n    }\n    if (StaticValue==703)\n    {\n        {\n            wchar_t * data;\n            wchar_t dataBuffer[100];\n            data = dataBuffer;\n            if (StaticValue==555)\n            {\n                ;  \n            }\n            if (StaticValue==851)\n            {\n                data[0] = L'\\0';  \n            }\n            if (StaticValue==703)\n            {\n                data[0] = L'\\0';  \n            }\n            {\n                size_t sourceLen;\n                wchar_t source[100];\n                wmemset(source, L'C', 100-1);  \n                source[100-1] = L'\\0';  \n                sourceLen = wcslen(source);\n                wcsncat(data, source, sourceLen);\n                printWLine(data);\n            }\n        }\n    }\n    if(StaticValue==714)\n    {\n        int socketDescriptor;\n        int connectionStatus = 0;\n        char networkBuffer[256];\n        for (socketDescriptor = 0; socketDescriptor < 5; socketDescriptor++) {\n            if (connectionStatus == 0) {\n                networkBuffer[socketDescriptor] = 'A';\n            } else {\n                networkBuffer[socketDescriptor] = '0';\n            }\n        }\n        printLine(\"Successful! Problem Resolved!\");\n    }\n}\n",
        "CWE_ID": "CWE665",
        "question": "Question: What happens if we replace the following original code snippet with the proposed variants? Will the vulnerability CWE665 be triggered, and how does it affect the functionality of the code?",
        "choices": {
            "A": "No, Function Preserved: The vulnerability CWE665 will not be triggered, and the original functionality is fully preserved.",
            "B": "No, Function Impaired: The vulnerability CWE665 will not be triggered, but the functionality of the original code is impaired.",
            "C": "Yes: The vulnerability CWE665 will still be triggered.",
            "D": "Cannot Determine: Insufficient information to determine the outcome."
        },
        "answer": "B",
        "distance": "inner_outer_0"
    },
    {
        "case_id": "CWE665_Improper_Initialization__wchar_t_ncat_01_bad",
        "org_code": "Original Code Snippet:\nvoid Sample_Func()\n{\n    wchar_t * data;\n    wchar_t dataBuffer[100];\n    data = dataBuffer;\n    ;  \n    {\n        size_t sourceLen;\n        wchar_t source[100];\n        wmemset(source, L'C', 100-1);  \n        source[100-1] = L'\\0';  \n        sourceLen = wcslen(source);\n        wcsncat(data, source, sourceLen);\n        printWLine(data);\n    }\n}\n",
        "new_code": "Code Snippet Variant:\nstatic int StaticValue = 722;\nvoid Sample_Func()\n{\n    if (StaticValue==622)\n    {\n        {\n            wchar_t * data;\n            wchar_t dataBuffer[100];\n            data = dataBuffer;\n            ;  \n            {\n                size_t sourceLen;\n                wchar_t source[100];\n                wmemset(source, L'C', 100-1);  \n                source[100-1] = L'\\0';  \n                sourceLen = wcslen(source);\n                wcsncat(data, source, sourceLen);\n                printWLine(data);\n            }\n        }\n    }\n    if (StaticValue==784)\n    {\n        {\n            wchar_t * data;\n            wchar_t dataBuffer[100];\n            data = dataBuffer;\n            data[0] = L'\\0';  \n            {\n                size_t sourceLen;\n                wchar_t source[100];\n                wmemset(source, L'C', 100-1);  \n                source[100-1] = L'\\0';  \n                sourceLen = wcslen(source);\n                wcsncat(data, source, sourceLen);\n                printWLine(data);\n            }\n        }\n    }\n    if (StaticValue==703)\n    {\n        {\n            wchar_t * data;\n            wchar_t dataBuffer[100];\n            data = dataBuffer;\n            if(StaticValue==703)\n            {\n                if (StaticValue==555)\n                {\n                    ;  \n                }\n            }\n            if (StaticValue==851)\n            {\n                data[0] = L'\\0';  \n            }\n            if(1)\n            {\n                if (StaticValue==703)\n                {\n                    data[0] = L'\\0';  \n                }\n            }\n            {\n                size_t sourceLen;\n                wchar_t source[100];\n                wmemset(source, L'C', 100-1);  \n                source[100-1] = L'\\0';  \n                sourceLen = wcslen(source);\n                wcsncat(data, source, sourceLen);\n                printWLine(data);\n            }\n        }\n    }\n    if(StaticValue==722)\n    {\n        int socketDescriptor;\n        int connectionStatus = 0;\n        char networkBuffer[256];\n        for (socketDescriptor = 0; socketDescriptor < 5; socketDescriptor++) {\n            if (connectionStatus == 0) {\n                networkBuffer[socketDescriptor] = 'A';\n            } else {\n                networkBuffer[socketDescriptor] = '0';\n            }\n        }\n        printLine(\"Successful! Problem Resolved!\");\n    }\n}\n",
        "CWE_ID": "CWE665",
        "question": "Question: What happens if we replace the following original code snippet with the proposed variants? Will the vulnerability CWE665 be triggered, and how does it affect the functionality of the code?",
        "choices": {
            "A": "No, Function Preserved: The vulnerability CWE665 will not be triggered, and the original functionality is fully preserved.",
            "B": "No, Function Impaired: The vulnerability CWE665 will not be triggered, but the functionality of the original code is impaired.",
            "C": "Yes: The vulnerability CWE665 will still be triggered.",
            "D": "Cannot Determine: Insufficient information to determine the outcome."
        },
        "answer": "B",
        "distance": "inner_outer_variant_0"
    },
    {
        "case_id": "CWE665_Improper_Initialization__wchar_t_ncat_01_bad",
        "org_code": "Original Code Snippet:\nvoid Sample_Func()\n{\n    wchar_t * data;\n    wchar_t dataBuffer[100];\n    data = dataBuffer;\n    ;  \n    {\n        size_t sourceLen;\n        wchar_t source[100];\n        wmemset(source, L'C', 100-1);  \n        source[100-1] = L'\\0';  \n        sourceLen = wcslen(source);\n        wcsncat(data, source, sourceLen);\n        printWLine(data);\n    }\n}\n",
        "new_code": "Code Snippet Variant:\nstatic int StaticValue = 716;\nvoid Sample_Func()\n{\n    if (StaticValue==622)\n    {\n        {\n            wchar_t * data;\n            wchar_t dataBuffer[100];\n            data = dataBuffer;\n            ;  \n            {\n                size_t sourceLen;\n                wchar_t source[100];\n                wmemset(source, L'C', 100-1);  \n                source[100-1] = L'\\0';  \n                sourceLen = wcslen(source);\n                wcsncat(data, source, sourceLen);\n                printWLine(data);\n            }\n        }\n    }\n    if (StaticValue==784)\n    {\n        {\n            wchar_t * data;\n            wchar_t dataBuffer[100];\n            data = dataBuffer;\n            data[0] = L'\\0';  \n            {\n                size_t sourceLen;\n                wchar_t source[100];\n                wmemset(source, L'C', 100-1);  \n                source[100-1] = L'\\0';  \n                sourceLen = wcslen(source);\n                wcsncat(data, source, sourceLen);\n                printWLine(data);\n            }\n        }\n    }\n    if(StaticValue==716)\n    {\n        int socketDescriptor;\n        int connectionStatus = 0;\n        char networkBuffer[256];\n        for (socketDescriptor = 0; socketDescriptor < 5; socketDescriptor++) {\n            if (connectionStatus == 0) {\n                networkBuffer[socketDescriptor] = 'A';\n            } else {\n                networkBuffer[socketDescriptor] = '0';\n            }\n        }\n        printLine(\"Successful! Problem Resolved!\");\n    }\n    if (StaticValue==703)\n    {\n        {\n            wchar_t * data;\n            wchar_t dataBuffer[100];\n            data = dataBuffer;\n            data[0] = L'\\0';  \n            {\n                size_t sourceLen;\n                wchar_t source[100];\n                wmemset(source, L'C', 100-1);  \n                source[100-1] = L'\\0';  \n                sourceLen = wcslen(source);\n                wcsncat(data, source, sourceLen);\n                printWLine(data);\n            }\n        }\n    }\n}\n",
        "CWE_ID": "CWE665",
        "question": "Question: What happens if we replace the following original code snippet with the proposed variants? Will the vulnerability CWE665 be triggered, and how does it affect the functionality of the code?",
        "choices": {
            "A": "No, Function Preserved: The vulnerability CWE665 will not be triggered, and the original functionality is fully preserved.",
            "B": "No, Function Impaired: The vulnerability CWE665 will not be triggered, but the functionality of the original code is impaired.",
            "C": "Yes: The vulnerability CWE665 will still be triggered.",
            "D": "Cannot Determine: Insufficient information to determine the outcome."
        },
        "answer": "B",
        "distance": "outer"
    },
    {
        "case_id": "CWE665_Improper_Initialization__wchar_t_ncat_01_bad",
        "org_code": "Original Code Snippet:\nvoid Sample_Func()\n{\n    wchar_t * data;\n    wchar_t dataBuffer[100];\n    data = dataBuffer;\n    ;  \n    {\n        size_t sourceLen;\n        wchar_t source[100];\n        wmemset(source, L'C', 100-1);  \n        source[100-1] = L'\\0';  \n        sourceLen = wcslen(source);\n        wcsncat(data, source, sourceLen);\n        printWLine(data);\n    }\n}\n",
        "new_code": "Code Snippet Variant:\nstatic int StaticValue = 806;\nvoid Sample_Func()\n{\n    wchar_t * data;\n    wchar_t dataBuffer[100];\n    data = dataBuffer;\n    if (StaticValue==949)\n    {\n        ;  \n    }\n    if (StaticValue==806)\n    {\n        ;  \n    }\n    if (StaticValue==663)\n    {\n        data[0] = L'\\0';  \n    }\n    {\n        size_t sourceLen;\n        wchar_t source[100];\n        wmemset(source, L'C', 100-1);  \n        source[100-1] = L'\\0';  \n        sourceLen = wcslen(source);\n        wcsncat(data, source, sourceLen);\n        printWLine(data);\n    }\n}\n",
        "CWE_ID": "CWE665",
        "question": "Question: What happens if we replace the following original code snippet with the proposed variants? Will the vulnerability CWE665 be triggered, and how does it affect the functionality of the code?",
        "choices": {
            "A": "No, Function Preserved: The vulnerability CWE665 will not be triggered, and the original functionality is fully preserved.",
            "B": "No, Function Impaired: The vulnerability CWE665 will not be triggered, but the functionality of the original code is impaired.",
            "C": "Yes: The vulnerability CWE665 will still be triggered.",
            "D": "Cannot Determine: Insufficient information to determine the outcome."
        },
        "answer": "C",
        "distance": "inner_0"
    },
    {
        "case_id": "CWE665_Improper_Initialization__wchar_t_ncat_01_bad",
        "org_code": "Original Code Snippet:\nvoid Sample_Func()\n{\n    wchar_t * data;\n    wchar_t dataBuffer[100];\n    data = dataBuffer;\n    ;  \n    {\n        size_t sourceLen;\n        wchar_t source[100];\n        wmemset(source, L'C', 100-1);  \n        source[100-1] = L'\\0';  \n        sourceLen = wcslen(source);\n        wcsncat(data, source, sourceLen);\n        printWLine(data);\n    }\n}\n",
        "new_code": "Code Snippet Variant:\nstatic int StaticValue = 806;\nvoid Sample_Func()\n{\n    if (StaticValue==806)\n    {\n        {\n            wchar_t * data;\n            wchar_t dataBuffer[100];\n            data = dataBuffer;\n            if (StaticValue==949)\n            {\n                ;  \n            }\n            if (StaticValue==806)\n            {\n                ;  \n            }\n            if (StaticValue==663)\n            {\n                data[0] = L'\\0';  \n            }\n            {\n                size_t sourceLen;\n                wchar_t source[100];\n                wmemset(source, L'C', 100-1);  \n                source[100-1] = L'\\0';  \n                sourceLen = wcslen(source);\n                wcsncat(data, source, sourceLen);\n                printWLine(data);\n            }\n        }\n    }\n    if (StaticValue==817)\n    {\n        {\n            wchar_t * data;\n            wchar_t dataBuffer[100];\n            data = dataBuffer;\n            ;  \n            {\n                size_t sourceLen;\n                wchar_t source[100];\n                wmemset(source, L'C', 100-1);  \n                source[100-1] = L'\\0';  \n                sourceLen = wcslen(source);\n                wcsncat(data, source, sourceLen);\n                printWLine(data);\n            }\n        }\n    }\n    if (StaticValue==795)\n    {\n        {\n            wchar_t * data;\n            wchar_t dataBuffer[100];\n            data = dataBuffer;\n            data[0] = L'\\0';  \n            {\n                size_t sourceLen;\n                wchar_t source[100];\n                wmemset(source, L'C', 100-1);  \n                source[100-1] = L'\\0';  \n                sourceLen = wcslen(source);\n                wcsncat(data, source, sourceLen);\n                printWLine(data);\n            }\n        }\n    }\n}\n",
        "CWE_ID": "CWE665",
        "question": "Question: What happens if we replace the following original code snippet with the proposed variants? Will the vulnerability CWE665 be triggered, and how does it affect the functionality of the code?",
        "choices": {
            "A": "No, Function Preserved: The vulnerability CWE665 will not be triggered, and the original functionality is fully preserved.",
            "B": "No, Function Impaired: The vulnerability CWE665 will not be triggered, but the functionality of the original code is impaired.",
            "C": "Yes: The vulnerability CWE665 will still be triggered.",
            "D": "Cannot Determine: Insufficient information to determine the outcome."
        },
        "answer": "C",
        "distance": "inner_outer_0"
    },
    {
        "case_id": "CWE665_Improper_Initialization__wchar_t_ncat_01_bad",
        "org_code": "Original Code Snippet:\nvoid Sample_Func()\n{\n    wchar_t * data;\n    wchar_t dataBuffer[100];\n    data = dataBuffer;\n    ;  \n    {\n        size_t sourceLen;\n        wchar_t source[100];\n        wmemset(source, L'C', 100-1);  \n        source[100-1] = L'\\0';  \n        sourceLen = wcslen(source);\n        wcsncat(data, source, sourceLen);\n        printWLine(data);\n    }\n}\n",
        "new_code": "Code Snippet Variant:\nstatic int StaticValue = 806;\nvoid Sample_Func()\n{\n    if (StaticValue==806)\n    {\n        int DogCat;\n        {\n            wchar_t * data;\n            wchar_t dataBuffer[100];\n            data = dataBuffer;\n            if (StaticValue==949)\n            {\n                ;  \n            }\n            for(DogCat = 0; DogCat < 1; DogCat++)\n            {\n                if (StaticValue==806)\n                {\n                    ;  \n                }\n            }\n            if (StaticValue==663)\n            {\n                data[0] = L'\\0';  \n            }\n            if(StaticValue==806)\n            {\n                {\n                    size_t sourceLen;\n                    wchar_t source[100];\n                    wmemset(source, L'C', 100-1);  \n                    source[100-1] = L'\\0';  \n                    sourceLen = wcslen(source);\n                    wcsncat(data, source, sourceLen);\n                    printWLine(data);\n                }\n            }\n        }\n    }\n    if (StaticValue==817)\n    {\n        {\n            wchar_t * data;\n            wchar_t dataBuffer[100];\n            data = dataBuffer;\n            ;  \n            {\n                size_t sourceLen;\n                wchar_t source[100];\n                wmemset(source, L'C', 100-1);  \n                source[100-1] = L'\\0';  \n                sourceLen = wcslen(source);\n                wcsncat(data, source, sourceLen);\n                printWLine(data);\n            }\n        }\n    }\n    if (StaticValue==795)\n    {\n        {\n            wchar_t * data;\n            wchar_t dataBuffer[100];\n            data = dataBuffer;\n            data[0] = L'\\0';  \n            {\n                size_t sourceLen;\n                wchar_t source[100];\n                wmemset(source, L'C', 100-1);  \n                source[100-1] = L'\\0';  \n                sourceLen = wcslen(source);\n                wcsncat(data, source, sourceLen);\n                printWLine(data);\n            }\n        }\n    }\n}\n",
        "CWE_ID": "CWE665",
        "question": "Question: What happens if we replace the following original code snippet with the proposed variants? Will the vulnerability CWE665 be triggered, and how does it affect the functionality of the code?",
        "choices": {
            "A": "No, Function Preserved: The vulnerability CWE665 will not be triggered, and the original functionality is fully preserved.",
            "B": "No, Function Impaired: The vulnerability CWE665 will not be triggered, but the functionality of the original code is impaired.",
            "C": "Yes: The vulnerability CWE665 will still be triggered.",
            "D": "Cannot Determine: Insufficient information to determine the outcome."
        },
        "answer": "C",
        "distance": "inner_outer_variant_0"
    },
    {
        "case_id": "CWE665_Improper_Initialization__wchar_t_ncat_01_bad",
        "org_code": "Original Code Snippet:\nvoid Sample_Func()\n{\n    wchar_t * data;\n    wchar_t dataBuffer[100];\n    data = dataBuffer;\n    ;  \n    {\n        size_t sourceLen;\n        wchar_t source[100];\n        wmemset(source, L'C', 100-1);  \n        source[100-1] = L'\\0';  \n        sourceLen = wcslen(source);\n        wcsncat(data, source, sourceLen);\n        printWLine(data);\n    }\n}\n",
        "new_code": "Code Snippet Variant:\nstatic int StaticValue = 806;\nvoid Sample_Func()\n{\n    wchar_t * data;\n    wchar_t dataBuffer[100];\n    data = dataBuffer;\n    if(StaticValue==806)\n    {\n        if (StaticValue==949)\n        {\n            ;  \n        }\n    }\n    if (StaticValue==806)\n    {\n        ;  \n    }\n    if (StaticValue==663)\n    {\n        data[0] = L'\\0';  \n    }\n    if(1)\n    {\n        {\n            size_t sourceLen;\n            wchar_t source[100];\n            wmemset(source, L'C', 100-1);  \n            source[100-1] = L'\\0';  \n            sourceLen = wcslen(source);\n            wcsncat(data, source, sourceLen);\n            printWLine(data);\n        }\n    }\n}\n",
        "CWE_ID": "CWE665",
        "question": "Question: What happens if we replace the following original code snippet with the proposed variants? Will the vulnerability CWE665 be triggered, and how does it affect the functionality of the code?",
        "choices": {
            "A": "No, Function Preserved: The vulnerability CWE665 will not be triggered, and the original functionality is fully preserved.",
            "B": "No, Function Impaired: The vulnerability CWE665 will not be triggered, but the functionality of the original code is impaired.",
            "C": "Yes: The vulnerability CWE665 will still be triggered.",
            "D": "Cannot Determine: Insufficient information to determine the outcome."
        },
        "answer": "C",
        "distance": "inner_variant_0"
    },
    {
        "case_id": "CWE665_Improper_Initialization__wchar_t_ncat_01_bad",
        "org_code": "Original Code Snippet:\nvoid Sample_Func()\n{\n    wchar_t * data;\n    wchar_t dataBuffer[100];\n    data = dataBuffer;\n    ;  \n    {\n        size_t sourceLen;\n        wchar_t source[100];\n        wmemset(source, L'C', 100-1);  \n        source[100-1] = L'\\0';  \n        sourceLen = wcslen(source);\n        wcsncat(data, source, sourceLen);\n        printWLine(data);\n    }\n}\n",
        "new_code": "Code Snippet Variant:\nstatic int StaticValue = 806;\nvoid Sample_Func()\n{\n    if (StaticValue==806)\n    {\n        {\n            wchar_t * data;\n            wchar_t dataBuffer[100];\n            data = dataBuffer;\n            ;  \n            {\n                size_t sourceLen;\n                wchar_t source[100];\n                wmemset(source, L'C', 100-1);  \n                source[100-1] = L'\\0';  \n                sourceLen = wcslen(source);\n                wcsncat(data, source, sourceLen);\n                printWLine(data);\n            }\n        }\n    }\n    if (StaticValue==817)\n    {\n        {\n            wchar_t * data;\n            wchar_t dataBuffer[100];\n            data = dataBuffer;\n            ;  \n            {\n                size_t sourceLen;\n                wchar_t source[100];\n                wmemset(source, L'C', 100-1);  \n                source[100-1] = L'\\0';  \n                sourceLen = wcslen(source);\n                wcsncat(data, source, sourceLen);\n                printWLine(data);\n            }\n        }\n    }\n    if (StaticValue==795)\n    {\n        {\n            wchar_t * data;\n            wchar_t dataBuffer[100];\n            data = dataBuffer;\n            data[0] = L'\\0';  \n            {\n                size_t sourceLen;\n                wchar_t source[100];\n                wmemset(source, L'C', 100-1);  \n                source[100-1] = L'\\0';  \n                sourceLen = wcslen(source);\n                wcsncat(data, source, sourceLen);\n                printWLine(data);\n            }\n        }\n    }\n}\n",
        "CWE_ID": "CWE665",
        "question": "Question: What happens if we replace the following original code snippet with the proposed variants? Will the vulnerability CWE665 be triggered, and how does it affect the functionality of the code?",
        "choices": {
            "A": "No, Function Preserved: The vulnerability CWE665 will not be triggered, and the original functionality is fully preserved.",
            "B": "No, Function Impaired: The vulnerability CWE665 will not be triggered, but the functionality of the original code is impaired.",
            "C": "Yes: The vulnerability CWE665 will still be triggered.",
            "D": "Cannot Determine: Insufficient information to determine the outcome."
        },
        "answer": "C",
        "distance": "outer"
    }
]