[
    {
        "case_id": "CWE617_Reachable_Assertion__fgets_01_bad",
        "org_code": "Original Code Snippet:\nvoid Sample_Func()\n{\n    int data;\n    data = -1;\n    {\n        char inputBuffer[CHAR_ARRAY_SIZE] = \"\";\n        if (fgets(inputBuffer, CHAR_ARRAY_SIZE, stdin) != NULL)\n        {\n            data = atoi(inputBuffer);\n        }\n        else\n        {\n            printLine(\"fgets() failed.\");\n        }\n    }\n    assert(data > ASSERT_VALUE);\n}\n",
        "new_code": "Code Snippet Variant:\nstatic int StaticValue = 317;\nvoid Sample_Func()\n{\n    int data;\n    data = -1;\n    if (StaticValue==462)\n    {\n        data = ASSERT_VALUE+1;\n    }\n    if (StaticValue==317)\n    {\n        data = ASSERT_VALUE+1;\n    }\n    if (StaticValue==172)\n    {\n        {\n            char inputBuffer[CHAR_ARRAY_SIZE] = \"\";\n            if (fgets(inputBuffer, CHAR_ARRAY_SIZE, stdin) != NULL)\n            {\n                data = atoi(inputBuffer);\n            }\n            else\n            {\n                printLine(\"fgets() failed.\");\n            }\n        }\n    }\n    assert(data > ASSERT_VALUE);\n}\n",
        "CWE_ID": "CWE617",
        "question": "Question: What happens if we replace the following original code snippet with the proposed variants? Will the vulnerability CWE617 be triggered, and how does it affect the functionality of the code?",
        "choices": {
            "A": "No, Function Preserved: The vulnerability CWE617 will not be triggered, and the original functionality is fully preserved.",
            "B": "No, Function Impaired: The vulnerability CWE617 will not be triggered, but the functionality of the original code is impaired.",
            "C": "Yes: The vulnerability CWE617 will still be triggered.",
            "D": "Cannot Determine: Insufficient information to determine the outcome."
        },
        "answer": "A",
        "distance": "inner_0"
    },
    {
        "case_id": "CWE617_Reachable_Assertion__fgets_01_bad",
        "org_code": "Original Code Snippet:\nvoid Sample_Func()\n{\n    int data;\n    data = -1;\n    {\n        char inputBuffer[CHAR_ARRAY_SIZE] = \"\";\n        if (fgets(inputBuffer, CHAR_ARRAY_SIZE, stdin) != NULL)\n        {\n            data = atoi(inputBuffer);\n        }\n        else\n        {\n            printLine(\"fgets() failed.\");\n        }\n    }\n    assert(data > ASSERT_VALUE);\n}\n",
        "new_code": "Code Snippet Variant:\nstatic int StaticValue = 317;\nvoid Sample_Func()\n{\n    if (StaticValue==300)\n    {\n        {\n            int data;\n            data = -1;\n            {\n                char inputBuffer[CHAR_ARRAY_SIZE] = \"\";\n                if (fgets(inputBuffer, CHAR_ARRAY_SIZE, stdin) != NULL)\n                {\n                    data = atoi(inputBuffer);\n                }\n                else\n                {\n                    printLine(\"fgets() failed.\");\n                }\n            }\n            assert(data > ASSERT_VALUE);\n        }\n    }\n    if (StaticValue==334)\n    {\n        {\n            int data;\n            data = -1;\n            data = ASSERT_VALUE+1;\n            assert(data > ASSERT_VALUE);\n        }\n    }\n    if (StaticValue==317)\n    {\n        {\n            int data;\n            data = -1;\n            if (StaticValue==462)\n            {\n                data = ASSERT_VALUE+1;\n            }\n            if (StaticValue==317)\n            {\n                data = ASSERT_VALUE+1;\n            }\n            if (StaticValue==172)\n            {\n                {\n                    char inputBuffer[CHAR_ARRAY_SIZE] = \"\";\n                    if (fgets(inputBuffer, CHAR_ARRAY_SIZE, stdin) != NULL)\n                    {\n                        data = atoi(inputBuffer);\n                    }\n                    else\n                    {\n                        printLine(\"fgets() failed.\");\n                    }\n                }\n            }\n            assert(data > ASSERT_VALUE);\n        }\n    }\n}\n",
        "CWE_ID": "CWE617",
        "question": "Question: What happens if we replace the following original code snippet with the proposed variants? Will the vulnerability CWE617 be triggered, and how does it affect the functionality of the code?",
        "choices": {
            "A": "No, Function Preserved: The vulnerability CWE617 will not be triggered, and the original functionality is fully preserved.",
            "B": "No, Function Impaired: The vulnerability CWE617 will not be triggered, but the functionality of the original code is impaired.",
            "C": "Yes: The vulnerability CWE617 will still be triggered.",
            "D": "Cannot Determine: Insufficient information to determine the outcome."
        },
        "answer": "A",
        "distance": "inner_outer_0"
    },
    {
        "case_id": "CWE617_Reachable_Assertion__fgets_01_bad",
        "org_code": "Original Code Snippet:\nvoid Sample_Func()\n{\n    int data;\n    data = -1;\n    {\n        char inputBuffer[CHAR_ARRAY_SIZE] = \"\";\n        if (fgets(inputBuffer, CHAR_ARRAY_SIZE, stdin) != NULL)\n        {\n            data = atoi(inputBuffer);\n        }\n        else\n        {\n            printLine(\"fgets() failed.\");\n        }\n    }\n    assert(data > ASSERT_VALUE);\n}\n",
        "new_code": "Code Snippet Variant:\nstatic int StaticValue = 317;\nvoid Sample_Func()\n{\n    if (StaticValue==300)\n    {\n        {\n            int data;\n            data = -1;\n            {\n                char inputBuffer[CHAR_ARRAY_SIZE] = \"\";\n                if (fgets(inputBuffer, CHAR_ARRAY_SIZE, stdin) != NULL)\n                {\n                    data = atoi(inputBuffer);\n                }\n                else\n                {\n                    printLine(\"fgets() failed.\");\n                }\n            }\n            assert(data > ASSERT_VALUE);\n        }\n    }\n    if (StaticValue==334)\n    {\n        {\n            int data;\n            data = -1;\n            data = ASSERT_VALUE+1;\n            assert(data > ASSERT_VALUE);\n        }\n    }\n    if (StaticValue==317)\n    {\n        {\n            int data;\n            data = -1;\n            if (StaticValue==462)\n            {\n                data = ASSERT_VALUE+1;\n            }\n            if(317==317)\n            {\n                if (StaticValue==317)\n                {\n                    data = ASSERT_VALUE+1;\n                }\n            }\n            if (StaticValue==172)\n            {\n                {\n                    char inputBuffer[CHAR_ARRAY_SIZE] = \"\";\n                    if (fgets(inputBuffer, CHAR_ARRAY_SIZE, stdin) != NULL)\n                    {\n                        data = atoi(inputBuffer);\n                    }\n                    else\n                    {\n                        if(1)\n                        {\n                            printLine(\"fgets() failed.\");\n                        }\n                    }\n                }\n            }\n            assert(data > ASSERT_VALUE);\n        }\n    }\n}\n",
        "CWE_ID": "CWE617",
        "question": "Question: What happens if we replace the following original code snippet with the proposed variants? Will the vulnerability CWE617 be triggered, and how does it affect the functionality of the code?",
        "choices": {
            "A": "No, Function Preserved: The vulnerability CWE617 will not be triggered, and the original functionality is fully preserved.",
            "B": "No, Function Impaired: The vulnerability CWE617 will not be triggered, but the functionality of the original code is impaired.",
            "C": "Yes: The vulnerability CWE617 will still be triggered.",
            "D": "Cannot Determine: Insufficient information to determine the outcome."
        },
        "answer": "A",
        "distance": "inner_outer_variant_0"
    },
    {
        "case_id": "CWE617_Reachable_Assertion__fgets_01_bad",
        "org_code": "Original Code Snippet:\nvoid Sample_Func()\n{\n    int data;\n    data = -1;\n    {\n        char inputBuffer[CHAR_ARRAY_SIZE] = \"\";\n        if (fgets(inputBuffer, CHAR_ARRAY_SIZE, stdin) != NULL)\n        {\n            data = atoi(inputBuffer);\n        }\n        else\n        {\n            printLine(\"fgets() failed.\");\n        }\n    }\n    assert(data > ASSERT_VALUE);\n}\n",
        "new_code": "Code Snippet Variant:\nstatic int StaticValue = 317;\nvoid Sample_Func()\n{\n    int DogCat;\n    int data;\n    data = -1;\n    for(DogCat = 0; DogCat < 1; DogCat++)\n    {\n        if (StaticValue==462)\n        {\n            data = ASSERT_VALUE+1;\n        }\n    }\n    if (StaticValue==317)\n    {\n        data = ASSERT_VALUE+1;\n    }\n    if(317==317)\n    {\n        if (StaticValue==172)\n        {\n            {\n                char inputBuffer[CHAR_ARRAY_SIZE] = \"\";\n                if (fgets(inputBuffer, CHAR_ARRAY_SIZE, stdin) != NULL)\n                {\n                    data = atoi(inputBuffer);\n                }\n                else\n                {\n                    printLine(\"fgets() failed.\");\n                }\n            }\n        }\n    }\n    assert(data > ASSERT_VALUE);\n}\n",
        "CWE_ID": "CWE617",
        "question": "Question: What happens if we replace the following original code snippet with the proposed variants? Will the vulnerability CWE617 be triggered, and how does it affect the functionality of the code?",
        "choices": {
            "A": "No, Function Preserved: The vulnerability CWE617 will not be triggered, and the original functionality is fully preserved.",
            "B": "No, Function Impaired: The vulnerability CWE617 will not be triggered, but the functionality of the original code is impaired.",
            "C": "Yes: The vulnerability CWE617 will still be triggered.",
            "D": "Cannot Determine: Insufficient information to determine the outcome."
        },
        "answer": "A",
        "distance": "inner_variant_0"
    },
    {
        "case_id": "CWE617_Reachable_Assertion__fgets_01_bad",
        "org_code": "Original Code Snippet:\nvoid Sample_Func()\n{\n    int data;\n    data = -1;\n    {\n        char inputBuffer[CHAR_ARRAY_SIZE] = \"\";\n        if (fgets(inputBuffer, CHAR_ARRAY_SIZE, stdin) != NULL)\n        {\n            data = atoi(inputBuffer);\n        }\n        else\n        {\n            printLine(\"fgets() failed.\");\n        }\n    }\n    assert(data > ASSERT_VALUE);\n}\n",
        "new_code": "Code Snippet Variant:\nstatic int StaticValue = 317;\nvoid Sample_Func()\n{\n    if (StaticValue==300)\n    {\n        {\n            int data;\n            data = -1;\n            {\n                char inputBuffer[CHAR_ARRAY_SIZE] = \"\";\n                if (fgets(inputBuffer, CHAR_ARRAY_SIZE, stdin) != NULL)\n                {\n                    data = atoi(inputBuffer);\n                }\n                else\n                {\n                    printLine(\"fgets() failed.\");\n                }\n            }\n            assert(data > ASSERT_VALUE);\n        }\n    }\n    if (StaticValue==334)\n    {\n        {\n            int data;\n            data = -1;\n            data = ASSERT_VALUE+1;\n            assert(data > ASSERT_VALUE);\n        }\n    }\n    if (StaticValue==317)\n    {\n        {\n            int data;\n            data = -1;\n            data = ASSERT_VALUE+1;\n            assert(data > ASSERT_VALUE);\n        }\n    }\n}\n",
        "CWE_ID": "CWE617",
        "question": "Question: What happens if we replace the following original code snippet with the proposed variants? Will the vulnerability CWE617 be triggered, and how does it affect the functionality of the code?",
        "choices": {
            "A": "No, Function Preserved: The vulnerability CWE617 will not be triggered, and the original functionality is fully preserved.",
            "B": "No, Function Impaired: The vulnerability CWE617 will not be triggered, but the functionality of the original code is impaired.",
            "C": "Yes: The vulnerability CWE617 will still be triggered.",
            "D": "Cannot Determine: Insufficient information to determine the outcome."
        },
        "answer": "A",
        "distance": "outer"
    },
    {
        "case_id": "CWE617_Reachable_Assertion__fgets_01_bad",
        "org_code": "Original Code Snippet:\nvoid Sample_Func()\n{\n    int data;\n    data = -1;\n    {\n        char inputBuffer[CHAR_ARRAY_SIZE] = \"\";\n        if (fgets(inputBuffer, CHAR_ARRAY_SIZE, stdin) != NULL)\n        {\n            data = atoi(inputBuffer);\n        }\n        else\n        {\n            printLine(\"fgets() failed.\");\n        }\n    }\n    assert(data > ASSERT_VALUE);\n}\n",
        "new_code": "Code Snippet Variant:\nstatic int StaticValue = 331;\nvoid Sample_Func()\n{\n    int data;\n    data = -1;\n    if (StaticValue==462)\n    {\n        data = ASSERT_VALUE+1;\n    }\n    if (StaticValue==317)\n    {\n        data = ASSERT_VALUE+1;\n    }\n    if (StaticValue==172)\n    {\n        {\n            char inputBuffer[CHAR_ARRAY_SIZE] = \"\";\n            if (fgets(inputBuffer, CHAR_ARRAY_SIZE, stdin) != NULL)\n            {\n                data = atoi(inputBuffer);\n            }\n            else\n            {\n                printLine(\"fgets() failed.\");\n            }\n        }\n    }\n    if(StaticValue==331)\n    {\n        int socketDescriptor;\n        int connectionStatus = 0;\n        char networkBuffer[256];\n        for (socketDescriptor = 0; socketDescriptor < 5; socketDescriptor++) {\n            if (connectionStatus == 0) {\n                networkBuffer[socketDescriptor] = 'A';\n            } else {\n                networkBuffer[socketDescriptor] = '0';\n            }\n        }\n        printLine(\"Successful! Problem Resolved!\");\n    }\n    assert(data > ASSERT_VALUE);\n}\n",
        "CWE_ID": "CWE617",
        "question": "Question: What happens if we replace the following original code snippet with the proposed variants? Will the vulnerability CWE617 be triggered, and how does it affect the functionality of the code?",
        "choices": {
            "A": "No, Function Preserved: The vulnerability CWE617 will not be triggered, and the original functionality is fully preserved.",
            "B": "No, Function Impaired: The vulnerability CWE617 will not be triggered, but the functionality of the original code is impaired.",
            "C": "Yes: The vulnerability CWE617 will still be triggered.",
            "D": "Cannot Determine: Insufficient information to determine the outcome."
        },
        "answer": "B",
        "distance": "inner_0"
    },
    {
        "case_id": "CWE617_Reachable_Assertion__fgets_01_bad",
        "org_code": "Original Code Snippet:\nvoid Sample_Func()\n{\n    int data;\n    data = -1;\n    {\n        char inputBuffer[CHAR_ARRAY_SIZE] = \"\";\n        if (fgets(inputBuffer, CHAR_ARRAY_SIZE, stdin) != NULL)\n        {\n            data = atoi(inputBuffer);\n        }\n        else\n        {\n            printLine(\"fgets() failed.\");\n        }\n    }\n    assert(data > ASSERT_VALUE);\n}\n",
        "new_code": "Code Snippet Variant:\nstatic int StaticValue = 333;\nvoid Sample_Func()\n{\n    if (StaticValue==300)\n    {\n        {\n            int data;\n            data = -1;\n            {\n                char inputBuffer[CHAR_ARRAY_SIZE] = \"\";\n                if (fgets(inputBuffer, CHAR_ARRAY_SIZE, stdin) != NULL)\n                {\n                    data = atoi(inputBuffer);\n                }\n                else\n                {\n                    printLine(\"fgets() failed.\");\n                }\n            }\n            assert(data > ASSERT_VALUE);\n        }\n    }\n    if(StaticValue==333)\n    {\n        int socketDescriptor;\n        int connectionStatus = 0;\n        char networkBuffer[256];\n        for (socketDescriptor = 0; socketDescriptor < 5; socketDescriptor++) {\n            if (connectionStatus == 0) {\n                networkBuffer[socketDescriptor] = 'A';\n            } else {\n                networkBuffer[socketDescriptor] = '0';\n            }\n        }\n        printLine(\"Successful! Problem Resolved!\");\n    }\n    if (StaticValue==334)\n    {\n        {\n            int data;\n            data = -1;\n            data = ASSERT_VALUE+1;\n            assert(data > ASSERT_VALUE);\n        }\n    }\n    if (StaticValue==317)\n    {\n        {\n            int data;\n            data = -1;\n            if (StaticValue==462)\n            {\n                data = ASSERT_VALUE+1;\n            }\n            if (StaticValue==317)\n            {\n                data = ASSERT_VALUE+1;\n            }\n            if (StaticValue==172)\n            {\n                {\n                    char inputBuffer[CHAR_ARRAY_SIZE] = \"\";\n                    if (fgets(inputBuffer, CHAR_ARRAY_SIZE, stdin) != NULL)\n                    {\n                        data = atoi(inputBuffer);\n                    }\n                    else\n                    {\n                        printLine(\"fgets() failed.\");\n                    }\n                }\n            }\n            assert(data > ASSERT_VALUE);\n        }\n    }\n}\n",
        "CWE_ID": "CWE617",
        "question": "Question: What happens if we replace the following original code snippet with the proposed variants? Will the vulnerability CWE617 be triggered, and how does it affect the functionality of the code?",
        "choices": {
            "A": "No, Function Preserved: The vulnerability CWE617 will not be triggered, and the original functionality is fully preserved.",
            "B": "No, Function Impaired: The vulnerability CWE617 will not be triggered, but the functionality of the original code is impaired.",
            "C": "Yes: The vulnerability CWE617 will still be triggered.",
            "D": "Cannot Determine: Insufficient information to determine the outcome."
        },
        "answer": "B",
        "distance": "inner_outer_0"
    },
    {
        "case_id": "CWE617_Reachable_Assertion__fgets_01_bad",
        "org_code": "Original Code Snippet:\nvoid Sample_Func()\n{\n    int data;\n    data = -1;\n    {\n        char inputBuffer[CHAR_ARRAY_SIZE] = \"\";\n        if (fgets(inputBuffer, CHAR_ARRAY_SIZE, stdin) != NULL)\n        {\n            data = atoi(inputBuffer);\n        }\n        else\n        {\n            printLine(\"fgets() failed.\");\n        }\n    }\n    assert(data > ASSERT_VALUE);\n}\n",
        "new_code": "Code Snippet Variant:\nstatic int StaticValue = 335;\nvoid Sample_Func()\n{\n    if (StaticValue==300)\n    {\n        {\n            int data;\n            data = -1;\n            {\n                char inputBuffer[CHAR_ARRAY_SIZE] = \"\";\n                if (fgets(inputBuffer, CHAR_ARRAY_SIZE, stdin) != NULL)\n                {\n                    data = atoi(inputBuffer);\n                }\n                else\n                {\n                    printLine(\"fgets() failed.\");\n                }\n            }\n            assert(data > ASSERT_VALUE);\n        }\n    }\n    if (StaticValue==334)\n    {\n        {\n            int data;\n            data = -1;\n            data = ASSERT_VALUE+1;\n            assert(data > ASSERT_VALUE);\n        }\n    }\n    if(StaticValue==335)\n    {\n        int socketDescriptor;\n        int connectionStatus = 0;\n        char networkBuffer[256];\n        for (socketDescriptor = 0; socketDescriptor < 5; socketDescriptor++) {\n            if (connectionStatus == 0) {\n                networkBuffer[socketDescriptor] = 'A';\n            } else {\n                networkBuffer[socketDescriptor] = '0';\n            }\n        }\n        printLine(\"Successful! Problem Resolved!\");\n    }\n    if (StaticValue==317)\n    {\n        {\n            int data;\n            data = -1;\n            if (StaticValue==462)\n            {\n                data = ASSERT_VALUE+1;\n            }\n            if(317==317)\n            {\n                if (StaticValue==317)\n                {\n                    data = ASSERT_VALUE+1;\n                }\n            }\n            if (StaticValue==172)\n            {\n                {\n                    char inputBuffer[CHAR_ARRAY_SIZE] = \"\";\n                    if (fgets(inputBuffer, CHAR_ARRAY_SIZE, stdin) != NULL)\n                    {\n                        data = atoi(inputBuffer);\n                    }\n                    else\n                    {\n                        if(1)\n                        {\n                            printLine(\"fgets() failed.\");\n                        }\n                    }\n                }\n            }\n            assert(data > ASSERT_VALUE);\n        }\n    }\n}\n",
        "CWE_ID": "CWE617",
        "question": "Question: What happens if we replace the following original code snippet with the proposed variants? Will the vulnerability CWE617 be triggered, and how does it affect the functionality of the code?",
        "choices": {
            "A": "No, Function Preserved: The vulnerability CWE617 will not be triggered, and the original functionality is fully preserved.",
            "B": "No, Function Impaired: The vulnerability CWE617 will not be triggered, but the functionality of the original code is impaired.",
            "C": "Yes: The vulnerability CWE617 will still be triggered.",
            "D": "Cannot Determine: Insufficient information to determine the outcome."
        },
        "answer": "B",
        "distance": "inner_outer_variant_0"
    },
    {
        "case_id": "CWE617_Reachable_Assertion__fgets_01_bad",
        "org_code": "Original Code Snippet:\nvoid Sample_Func()\n{\n    int data;\n    data = -1;\n    {\n        char inputBuffer[CHAR_ARRAY_SIZE] = \"\";\n        if (fgets(inputBuffer, CHAR_ARRAY_SIZE, stdin) != NULL)\n        {\n            data = atoi(inputBuffer);\n        }\n        else\n        {\n            printLine(\"fgets() failed.\");\n        }\n    }\n    assert(data > ASSERT_VALUE);\n}\n",
        "new_code": "Code Snippet Variant:\nstatic int StaticValue = 335;\nvoid Sample_Func()\n{\n    int DogCat;\n    int data;\n    data = -1;\n    for(DogCat = 0; DogCat < 1; DogCat++)\n    {\n        if (StaticValue==462)\n        {\n            data = ASSERT_VALUE+1;\n        }\n    }\n    if (StaticValue==317)\n    {\n        data = ASSERT_VALUE+1;\n    }\n    if(StaticValue==335)\n    {\n        int socketDescriptor;\n        int connectionStatus = 0;\n        char networkBuffer[256];\n        for (socketDescriptor = 0; socketDescriptor < 5; socketDescriptor++) {\n            if (connectionStatus == 0) {\n                networkBuffer[socketDescriptor] = 'A';\n            } else {\n                networkBuffer[socketDescriptor] = '0';\n            }\n        }\n        printLine(\"Successful! Problem Resolved!\");\n    }\n    if(317==317)\n    {\n        if (StaticValue==172)\n        {\n            {\n                char inputBuffer[CHAR_ARRAY_SIZE] = \"\";\n                if (fgets(inputBuffer, CHAR_ARRAY_SIZE, stdin) != NULL)\n                {\n                    data = atoi(inputBuffer);\n                }\n                else\n                {\n                    printLine(\"fgets() failed.\");\n                }\n            }\n        }\n    }\n    assert(data > ASSERT_VALUE);\n}\n",
        "CWE_ID": "CWE617",
        "question": "Question: What happens if we replace the following original code snippet with the proposed variants? Will the vulnerability CWE617 be triggered, and how does it affect the functionality of the code?",
        "choices": {
            "A": "No, Function Preserved: The vulnerability CWE617 will not be triggered, and the original functionality is fully preserved.",
            "B": "No, Function Impaired: The vulnerability CWE617 will not be triggered, but the functionality of the original code is impaired.",
            "C": "Yes: The vulnerability CWE617 will still be triggered.",
            "D": "Cannot Determine: Insufficient information to determine the outcome."
        },
        "answer": "B",
        "distance": "inner_variant_0"
    },
    {
        "case_id": "CWE617_Reachable_Assertion__fgets_01_bad",
        "org_code": "Original Code Snippet:\nvoid Sample_Func()\n{\n    int data;\n    data = -1;\n    {\n        char inputBuffer[CHAR_ARRAY_SIZE] = \"\";\n        if (fgets(inputBuffer, CHAR_ARRAY_SIZE, stdin) != NULL)\n        {\n            data = atoi(inputBuffer);\n        }\n        else\n        {\n            printLine(\"fgets() failed.\");\n        }\n    }\n    assert(data > ASSERT_VALUE);\n}\n",
        "new_code": "Code Snippet Variant:\nstatic int StaticValue = 332;\nvoid Sample_Func()\n{\n    if (StaticValue==300)\n    {\n        {\n            int data;\n            data = -1;\n            {\n                char inputBuffer[CHAR_ARRAY_SIZE] = \"\";\n                if (fgets(inputBuffer, CHAR_ARRAY_SIZE, stdin) != NULL)\n                {\n                    data = atoi(inputBuffer);\n                }\n                else\n                {\n                    printLine(\"fgets() failed.\");\n                }\n            }\n            assert(data > ASSERT_VALUE);\n        }\n    }\n    if (StaticValue==334)\n    {\n        {\n            int data;\n            data = -1;\n            data = ASSERT_VALUE+1;\n            assert(data > ASSERT_VALUE);\n        }\n    }\n    if (StaticValue==317)\n    {\n        {\n            int data;\n            data = -1;\n            data = ASSERT_VALUE+1;\n            assert(data > ASSERT_VALUE);\n        }\n    }\n    if(StaticValue==332)\n    {\n        int socketDescriptor;\n        int connectionStatus = 0;\n        char networkBuffer[256];\n        for (socketDescriptor = 0; socketDescriptor < 5; socketDescriptor++) {\n            if (connectionStatus == 0) {\n                networkBuffer[socketDescriptor] = 'A';\n            } else {\n                networkBuffer[socketDescriptor] = '0';\n            }\n        }\n        printLine(\"Successful! Problem Resolved!\");\n    }\n}\n",
        "CWE_ID": "CWE617",
        "question": "Question: What happens if we replace the following original code snippet with the proposed variants? Will the vulnerability CWE617 be triggered, and how does it affect the functionality of the code?",
        "choices": {
            "A": "No, Function Preserved: The vulnerability CWE617 will not be triggered, and the original functionality is fully preserved.",
            "B": "No, Function Impaired: The vulnerability CWE617 will not be triggered, but the functionality of the original code is impaired.",
            "C": "Yes: The vulnerability CWE617 will still be triggered.",
            "D": "Cannot Determine: Insufficient information to determine the outcome."
        },
        "answer": "B",
        "distance": "outer"
    },
    {
        "case_id": "CWE617_Reachable_Assertion__fgets_01_bad",
        "org_code": "Original Code Snippet:\nvoid Sample_Func()\n{\n    int data;\n    data = -1;\n    {\n        char inputBuffer[CHAR_ARRAY_SIZE] = \"\";\n        if (fgets(inputBuffer, CHAR_ARRAY_SIZE, stdin) != NULL)\n        {\n            data = atoi(inputBuffer);\n        }\n        else\n        {\n            printLine(\"fgets() failed.\");\n        }\n    }\n    assert(data > ASSERT_VALUE);\n}\n",
        "new_code": "Code Snippet Variant:\nstatic int StaticValue = 562;\nvoid Sample_Func()\n{\n    int data;\n    data = -1;\n    if (StaticValue==407)\n    {\n        data = ASSERT_VALUE+1;\n    }\n    if (StaticValue==717)\n    {\n        {\n            char inputBuffer[CHAR_ARRAY_SIZE] = \"\";\n            if (fgets(inputBuffer, CHAR_ARRAY_SIZE, stdin) != NULL)\n            {\n                data = atoi(inputBuffer);\n            }\n            else\n            {\n                printLine(\"fgets() failed.\");\n            }\n        }\n    }\n    if (StaticValue==562)\n    {\n        {\n            char inputBuffer[CHAR_ARRAY_SIZE] = \"\";\n            if (fgets(inputBuffer, CHAR_ARRAY_SIZE, stdin) != NULL)\n            {\n                data = atoi(inputBuffer);\n            }\n            else\n            {\n                printLine(\"fgets() failed.\");\n            }\n        }\n    }\n    assert(data > ASSERT_VALUE);\n}\n",
        "CWE_ID": "CWE617",
        "question": "Question: What happens if we replace the following original code snippet with the proposed variants? Will the vulnerability CWE617 be triggered, and how does it affect the functionality of the code?",
        "choices": {
            "A": "No, Function Preserved: The vulnerability CWE617 will not be triggered, and the original functionality is fully preserved.",
            "B": "No, Function Impaired: The vulnerability CWE617 will not be triggered, but the functionality of the original code is impaired.",
            "C": "Yes: The vulnerability CWE617 will still be triggered.",
            "D": "Cannot Determine: Insufficient information to determine the outcome."
        },
        "answer": "C",
        "distance": "inner_0"
    },
    {
        "case_id": "CWE617_Reachable_Assertion__fgets_01_bad",
        "org_code": "Original Code Snippet:\nvoid Sample_Func()\n{\n    int data;\n    data = -1;\n    {\n        char inputBuffer[CHAR_ARRAY_SIZE] = \"\";\n        if (fgets(inputBuffer, CHAR_ARRAY_SIZE, stdin) != NULL)\n        {\n            data = atoi(inputBuffer);\n        }\n        else\n        {\n            printLine(\"fgets() failed.\");\n        }\n    }\n    assert(data > ASSERT_VALUE);\n}\n",
        "new_code": "Code Snippet Variant:\nstatic int StaticValue = 562;\nvoid Sample_Func()\n{\n    if (StaticValue==562)\n    {\n        {\n            int data;\n            data = -1;\n            if (StaticValue==407)\n            {\n                data = ASSERT_VALUE+1;\n            }\n            if (StaticValue==717)\n            {\n                {\n                    char inputBuffer[CHAR_ARRAY_SIZE] = \"\";\n                    if (fgets(inputBuffer, CHAR_ARRAY_SIZE, stdin) != NULL)\n                    {\n                        data = atoi(inputBuffer);\n                    }\n                    else\n                    {\n                        printLine(\"fgets() failed.\");\n                    }\n                }\n            }\n            if (StaticValue==562)\n            {\n                {\n                    char inputBuffer[CHAR_ARRAY_SIZE] = \"\";\n                    if (fgets(inputBuffer, CHAR_ARRAY_SIZE, stdin) != NULL)\n                    {\n                        data = atoi(inputBuffer);\n                    }\n                    else\n                    {\n                        printLine(\"fgets() failed.\");\n                    }\n                }\n            }\n            assert(data > ASSERT_VALUE);\n        }\n    }\n    if (StaticValue==581)\n    {\n        {\n            int data;\n            data = -1;\n            {\n                char inputBuffer[CHAR_ARRAY_SIZE] = \"\";\n                if (fgets(inputBuffer, CHAR_ARRAY_SIZE, stdin) != NULL)\n                {\n                    data = atoi(inputBuffer);\n                }\n                else\n                {\n                    printLine(\"fgets() failed.\");\n                }\n            }\n            assert(data > ASSERT_VALUE);\n        }\n    }\n    if (StaticValue==543)\n    {\n        {\n            int data;\n            data = -1;\n            data = ASSERT_VALUE+1;\n            assert(data > ASSERT_VALUE);\n        }\n    }\n}\n",
        "CWE_ID": "CWE617",
        "question": "Question: What happens if we replace the following original code snippet with the proposed variants? Will the vulnerability CWE617 be triggered, and how does it affect the functionality of the code?",
        "choices": {
            "A": "No, Function Preserved: The vulnerability CWE617 will not be triggered, and the original functionality is fully preserved.",
            "B": "No, Function Impaired: The vulnerability CWE617 will not be triggered, but the functionality of the original code is impaired.",
            "C": "Yes: The vulnerability CWE617 will still be triggered.",
            "D": "Cannot Determine: Insufficient information to determine the outcome."
        },
        "answer": "C",
        "distance": "inner_outer_0"
    },
    {
        "case_id": "CWE617_Reachable_Assertion__fgets_01_bad",
        "org_code": "Original Code Snippet:\nvoid Sample_Func()\n{\n    int data;\n    data = -1;\n    {\n        char inputBuffer[CHAR_ARRAY_SIZE] = \"\";\n        if (fgets(inputBuffer, CHAR_ARRAY_SIZE, stdin) != NULL)\n        {\n            data = atoi(inputBuffer);\n        }\n        else\n        {\n            printLine(\"fgets() failed.\");\n        }\n    }\n    assert(data > ASSERT_VALUE);\n}\n",
        "new_code": "Code Snippet Variant:\nstatic int StaticValue = 562;\nvoid Sample_Func()\n{\n    if (StaticValue==562)\n    {\n        {\n            int data;\n            data = -1;\n            if(562==562)\n            {\n                if (StaticValue==407)\n                {\n                    data = ASSERT_VALUE+1;\n                }\n            }\n            if (StaticValue==717)\n            {\n                if(1)\n                {\n                    {\n                        char inputBuffer[CHAR_ARRAY_SIZE] = \"\";\n                        if (fgets(inputBuffer, CHAR_ARRAY_SIZE, stdin) != NULL)\n                        {\n                            data = atoi(inputBuffer);\n                        }\n                        else\n                        {\n                            printLine(\"fgets() failed.\");\n                        }\n                    }\n                }\n            }\n            if (StaticValue==562)\n            {\n                {\n                    char inputBuffer[CHAR_ARRAY_SIZE] = \"\";\n                    if (fgets(inputBuffer, CHAR_ARRAY_SIZE, stdin) != NULL)\n                    {\n                        data = atoi(inputBuffer);\n                    }\n                    else\n                    {\n                        printLine(\"fgets() failed.\");\n                    }\n                }\n            }\n            assert(data > ASSERT_VALUE);\n        }\n    }\n    if (StaticValue==581)\n    {\n        {\n            int data;\n            data = -1;\n            {\n                char inputBuffer[CHAR_ARRAY_SIZE] = \"\";\n                if (fgets(inputBuffer, CHAR_ARRAY_SIZE, stdin) != NULL)\n                {\n                    data = atoi(inputBuffer);\n                }\n                else\n                {\n                    printLine(\"fgets() failed.\");\n                }\n            }\n            assert(data > ASSERT_VALUE);\n        }\n    }\n    if (StaticValue==543)\n    {\n        {\n            int data;\n            data = -1;\n            data = ASSERT_VALUE+1;\n            assert(data > ASSERT_VALUE);\n        }\n    }\n}\n",
        "CWE_ID": "CWE617",
        "question": "Question: What happens if we replace the following original code snippet with the proposed variants? Will the vulnerability CWE617 be triggered, and how does it affect the functionality of the code?",
        "choices": {
            "A": "No, Function Preserved: The vulnerability CWE617 will not be triggered, and the original functionality is fully preserved.",
            "B": "No, Function Impaired: The vulnerability CWE617 will not be triggered, but the functionality of the original code is impaired.",
            "C": "Yes: The vulnerability CWE617 will still be triggered.",
            "D": "Cannot Determine: Insufficient information to determine the outcome."
        },
        "answer": "C",
        "distance": "inner_outer_variant_0"
    },
    {
        "case_id": "CWE617_Reachable_Assertion__fgets_01_bad",
        "org_code": "Original Code Snippet:\nvoid Sample_Func()\n{\n    int data;\n    data = -1;\n    {\n        char inputBuffer[CHAR_ARRAY_SIZE] = \"\";\n        if (fgets(inputBuffer, CHAR_ARRAY_SIZE, stdin) != NULL)\n        {\n            data = atoi(inputBuffer);\n        }\n        else\n        {\n            printLine(\"fgets() failed.\");\n        }\n    }\n    assert(data > ASSERT_VALUE);\n}\n",
        "new_code": "Code Snippet Variant:\nstatic int StaticValue = 562;\nvoid Sample_Func()\n{\n    int data;\n    data = -1;\n    if (StaticValue==407)\n    {\n        data = ASSERT_VALUE+1;\n    }\n    if (StaticValue==717)\n    {\n        {\n            char inputBuffer[CHAR_ARRAY_SIZE] = \"\";\n            if(562==562)\n            {\n                if (fgets(inputBuffer, CHAR_ARRAY_SIZE, stdin) != NULL)\n                {\n                    data = atoi(inputBuffer);\n                }\n                else\n                {\n                    printLine(\"fgets() failed.\");\n                }\n            }\n        }\n    }\n    if (StaticValue==562)\n    {\n        {\n            char inputBuffer[CHAR_ARRAY_SIZE] = \"\";\n            if(1)\n            {\n                if (fgets(inputBuffer, CHAR_ARRAY_SIZE, stdin) != NULL)\n                {\n                    data = atoi(inputBuffer);\n                }\n                else\n                {\n                    printLine(\"fgets() failed.\");\n                }\n            }\n        }\n    }\n    assert(data > ASSERT_VALUE);\n}\n",
        "CWE_ID": "CWE617",
        "question": "Question: What happens if we replace the following original code snippet with the proposed variants? Will the vulnerability CWE617 be triggered, and how does it affect the functionality of the code?",
        "choices": {
            "A": "No, Function Preserved: The vulnerability CWE617 will not be triggered, and the original functionality is fully preserved.",
            "B": "No, Function Impaired: The vulnerability CWE617 will not be triggered, but the functionality of the original code is impaired.",
            "C": "Yes: The vulnerability CWE617 will still be triggered.",
            "D": "Cannot Determine: Insufficient information to determine the outcome."
        },
        "answer": "C",
        "distance": "inner_variant_0"
    },
    {
        "case_id": "CWE617_Reachable_Assertion__fgets_01_bad",
        "org_code": "Original Code Snippet:\nvoid Sample_Func()\n{\n    int data;\n    data = -1;\n    {\n        char inputBuffer[CHAR_ARRAY_SIZE] = \"\";\n        if (fgets(inputBuffer, CHAR_ARRAY_SIZE, stdin) != NULL)\n        {\n            data = atoi(inputBuffer);\n        }\n        else\n        {\n            printLine(\"fgets() failed.\");\n        }\n    }\n    assert(data > ASSERT_VALUE);\n}\n",
        "new_code": "Code Snippet Variant:\nstatic int StaticValue = 562;\nvoid Sample_Func()\n{\n    if (StaticValue==562)\n    {\n        {\n            int data;\n            data = -1;\n            {\n                char inputBuffer[CHAR_ARRAY_SIZE] = \"\";\n                if (fgets(inputBuffer, CHAR_ARRAY_SIZE, stdin) != NULL)\n                {\n                    data = atoi(inputBuffer);\n                }\n                else\n                {\n                    printLine(\"fgets() failed.\");\n                }\n            }\n            assert(data > ASSERT_VALUE);\n        }\n    }\n    if (StaticValue==581)\n    {\n        {\n            int data;\n            data = -1;\n            {\n                char inputBuffer[CHAR_ARRAY_SIZE] = \"\";\n                if (fgets(inputBuffer, CHAR_ARRAY_SIZE, stdin) != NULL)\n                {\n                    data = atoi(inputBuffer);\n                }\n                else\n                {\n                    printLine(\"fgets() failed.\");\n                }\n            }\n            assert(data > ASSERT_VALUE);\n        }\n    }\n    if (StaticValue==543)\n    {\n        {\n            int data;\n            data = -1;\n            data = ASSERT_VALUE+1;\n            assert(data > ASSERT_VALUE);\n        }\n    }\n}\n",
        "CWE_ID": "CWE617",
        "question": "Question: What happens if we replace the following original code snippet with the proposed variants? Will the vulnerability CWE617 be triggered, and how does it affect the functionality of the code?",
        "choices": {
            "A": "No, Function Preserved: The vulnerability CWE617 will not be triggered, and the original functionality is fully preserved.",
            "B": "No, Function Impaired: The vulnerability CWE617 will not be triggered, but the functionality of the original code is impaired.",
            "C": "Yes: The vulnerability CWE617 will still be triggered.",
            "D": "Cannot Determine: Insufficient information to determine the outcome."
        },
        "answer": "C",
        "distance": "outer"
    }
]