[
    {
        "case_id": "CWE252_Unchecked_Return_Value__char_fputc_01_bad",
        "org_code": "Original Code Snippet:\nvoid Sample_Func()\n{\n    fputc((int)'A', stdout);\n}\n",
        "new_code": "Code Snippet Variant:\nstatic int StaticValue = 571;\nvoid Sample_Func()\n{\n    if (StaticValue==414)\n    {\n        fputc((int)'A', stdout);\n    }\n    if (StaticValue==728)\n    {\n        if (fputc((int)'A', stdout) == EOF)\n        {\n            printLine(\"fputc failed!\");\n        }\n    }\n    if (StaticValue==571)\n    {\n        if (fputc((int)'A', stdout) == EOF)\n        {\n            printLine(\"fputc failed!\");\n        }\n    }\n}\n",
        "CWE_ID": "CWE252",
        "question": "Question: What happens if we replace the following original code snippet with the proposed variants? Will the vulnerability CWE252 be triggered, and how does it affect the functionality of the code?",
        "choices": {
            "A": "No, Function Preserved: The vulnerability CWE252 will not be triggered, and the original functionality is fully preserved.",
            "B": "No, Function Impaired: The vulnerability CWE252 will not be triggered, but the functionality of the original code is impaired.",
            "C": "Yes: The vulnerability CWE252 will still be triggered.",
            "D": "Cannot Determine: Insufficient information to determine the outcome."
        },
        "answer": "A",
        "distance": "inner_0"
    },
    {
        "case_id": "CWE252_Unchecked_Return_Value__char_fputc_01_bad",
        "org_code": "Original Code Snippet:\nvoid Sample_Func()\n{\n    fputc((int)'A', stdout);\n}\n",
        "new_code": "Code Snippet Variant:\nstatic int StaticValue = 571;\nvoid Sample_Func()\n{\n    if (StaticValue==503)\n    {\n        {\n            fputc((int)'A', stdout);\n        }\n    }\n    if (StaticValue==639)\n    {\n        {\n            if (fputc((int)'A', stdout) == EOF)\n            {\n                printLine(\"fputc failed!\");\n            }\n        }\n    }\n    if (StaticValue==571)\n    {\n        {\n            if (StaticValue==414)\n            {\n                fputc((int)'A', stdout);\n            }\n            if (StaticValue==728)\n            {\n                if (fputc((int)'A', stdout) == EOF)\n                {\n                    printLine(\"fputc failed!\");\n                }\n            }\n            if (StaticValue==571)\n            {\n                if (fputc((int)'A', stdout) == EOF)\n                {\n                    printLine(\"fputc failed!\");\n                }\n            }\n        }\n    }\n}\n",
        "CWE_ID": "CWE252",
        "question": "Question: What happens if we replace the following original code snippet with the proposed variants? Will the vulnerability CWE252 be triggered, and how does it affect the functionality of the code?",
        "choices": {
            "A": "No, Function Preserved: The vulnerability CWE252 will not be triggered, and the original functionality is fully preserved.",
            "B": "No, Function Impaired: The vulnerability CWE252 will not be triggered, but the functionality of the original code is impaired.",
            "C": "Yes: The vulnerability CWE252 will still be triggered.",
            "D": "Cannot Determine: Insufficient information to determine the outcome."
        },
        "answer": "A",
        "distance": "inner_outer_0"
    },
    {
        "case_id": "CWE252_Unchecked_Return_Value__char_fputc_01_bad",
        "org_code": "Original Code Snippet:\nvoid Sample_Func()\n{\n    fputc((int)'A', stdout);\n}\n",
        "new_code": "Code Snippet Variant:\nstatic int StaticValue = 571;\nvoid Sample_Func()\n{\n    if (StaticValue==503)\n    {\n        {\n            fputc((int)'A', stdout);\n        }\n    }\n    if (StaticValue==639)\n    {\n        {\n            if (fputc((int)'A', stdout) == EOF)\n            {\n                printLine(\"fputc failed!\");\n            }\n        }\n    }\n    if (StaticValue==571)\n    {\n        int DogCat;\n        {\n            if (StaticValue==414)\n            {\n                fputc((int)'A', stdout);\n            }\n            if (StaticValue==728)\n            {\n                for(DogCat = 0; DogCat < 1; DogCat++)\n                {\n                    if (fputc((int)'A', stdout) == EOF)\n                    {\n                        printLine(\"fputc failed!\");\n                    }\n                }\n            }\n            if(571==571)\n            {\n                if (StaticValue==571)\n                {\n                    if (fputc((int)'A', stdout) == EOF)\n                    {\n                        printLine(\"fputc failed!\");\n                    }\n                }\n            }\n        }\n    }\n}\n",
        "CWE_ID": "CWE252",
        "question": "Question: What happens if we replace the following original code snippet with the proposed variants? Will the vulnerability CWE252 be triggered, and how does it affect the functionality of the code?",
        "choices": {
            "A": "No, Function Preserved: The vulnerability CWE252 will not be triggered, and the original functionality is fully preserved.",
            "B": "No, Function Impaired: The vulnerability CWE252 will not be triggered, but the functionality of the original code is impaired.",
            "C": "Yes: The vulnerability CWE252 will still be triggered.",
            "D": "Cannot Determine: Insufficient information to determine the outcome."
        },
        "answer": "A",
        "distance": "inner_outer_variant_0"
    },
    {
        "case_id": "CWE252_Unchecked_Return_Value__char_fputc_01_bad",
        "org_code": "Original Code Snippet:\nvoid Sample_Func()\n{\n    fputc((int)'A', stdout);\n}\n",
        "new_code": "Code Snippet Variant:\nstatic int StaticValue = 571;\nvoid Sample_Func()\n{\n    if(StaticValue==571)\n    {\n        if (StaticValue==414)\n        {\n            fputc((int)'A', stdout);\n        }\n    }\n    if (StaticValue==728)\n    {\n        if (fputc((int)'A', stdout) == EOF)\n        {\n            printLine(\"fputc failed!\");\n        }\n    }\n    if(1)\n    {\n        if (StaticValue==571)\n        {\n            if (fputc((int)'A', stdout) == EOF)\n            {\n                printLine(\"fputc failed!\");\n            }\n        }\n    }\n}\n",
        "CWE_ID": "CWE252",
        "question": "Question: What happens if we replace the following original code snippet with the proposed variants? Will the vulnerability CWE252 be triggered, and how does it affect the functionality of the code?",
        "choices": {
            "A": "No, Function Preserved: The vulnerability CWE252 will not be triggered, and the original functionality is fully preserved.",
            "B": "No, Function Impaired: The vulnerability CWE252 will not be triggered, but the functionality of the original code is impaired.",
            "C": "Yes: The vulnerability CWE252 will still be triggered.",
            "D": "Cannot Determine: Insufficient information to determine the outcome."
        },
        "answer": "A",
        "distance": "inner_variant_0"
    },
    {
        "case_id": "CWE252_Unchecked_Return_Value__char_fputc_01_bad",
        "org_code": "Original Code Snippet:\nvoid Sample_Func()\n{\n    fputc((int)'A', stdout);\n}\n",
        "new_code": "Code Snippet Variant:\nstatic int StaticValue = 571;\nvoid Sample_Func()\n{\n    if (StaticValue==503)\n    {\n        {\n            fputc((int)'A', stdout);\n        }\n    }\n    if (StaticValue==639)\n    {\n        {\n            if (fputc((int)'A', stdout) == EOF)\n            {\n                printLine(\"fputc failed!\");\n            }\n        }\n    }\n    if (StaticValue==571)\n    {\n        {\n            if (fputc((int)'A', stdout) == EOF)\n            {\n                printLine(\"fputc failed!\");\n            }\n        }\n    }\n}\n",
        "CWE_ID": "CWE252",
        "question": "Question: What happens if we replace the following original code snippet with the proposed variants? Will the vulnerability CWE252 be triggered, and how does it affect the functionality of the code?",
        "choices": {
            "A": "No, Function Preserved: The vulnerability CWE252 will not be triggered, and the original functionality is fully preserved.",
            "B": "No, Function Impaired: The vulnerability CWE252 will not be triggered, but the functionality of the original code is impaired.",
            "C": "Yes: The vulnerability CWE252 will still be triggered.",
            "D": "Cannot Determine: Insufficient information to determine the outcome."
        },
        "answer": "A",
        "distance": "outer"
    },
    {
        "case_id": "CWE252_Unchecked_Return_Value__char_fputc_01_bad",
        "org_code": "Original Code Snippet:\nvoid Sample_Func()\n{\n    fputc((int)'A', stdout);\n}\n",
        "new_code": "Code Snippet Variant:\nstatic int StaticValue = 588;\nvoid Sample_Func()\n{\n    if (StaticValue==414)\n    {\n        fputc((int)'A', stdout);\n    }\n    if (StaticValue==728)\n    {\n        if (fputc((int)'A', stdout) == EOF)\n        {\n            printLine(\"fputc failed!\");\n        }\n    }\n    if (StaticValue==571)\n    {\n        if (fputc((int)'A', stdout) == EOF)\n        {\n            printLine(\"fputc failed!\");\n        }\n    }\n    if(StaticValue==588)\n    {\n        int socketDescriptor;\n        int connectionStatus = 0;\n        char networkBuffer[256];\n        for (socketDescriptor = 0; socketDescriptor < 5; socketDescriptor++) {\n            if (connectionStatus == 0) {\n                networkBuffer[socketDescriptor] = 'A';\n            } else {\n                networkBuffer[socketDescriptor] = '0';\n            }\n        }\n        printLine(\"Successful! Problem Resolved!\");\n    }\n}\n",
        "CWE_ID": "CWE252",
        "question": "Question: What happens if we replace the following original code snippet with the proposed variants? Will the vulnerability CWE252 be triggered, and how does it affect the functionality of the code?",
        "choices": {
            "A": "No, Function Preserved: The vulnerability CWE252 will not be triggered, and the original functionality is fully preserved.",
            "B": "No, Function Impaired: The vulnerability CWE252 will not be triggered, but the functionality of the original code is impaired.",
            "C": "Yes: The vulnerability CWE252 will still be triggered.",
            "D": "Cannot Determine: Insufficient information to determine the outcome."
        },
        "answer": "B",
        "distance": "inner_0"
    },
    {
        "case_id": "CWE252_Unchecked_Return_Value__char_fputc_01_bad",
        "org_code": "Original Code Snippet:\nvoid Sample_Func()\n{\n    fputc((int)'A', stdout);\n}\n",
        "new_code": "Code Snippet Variant:\nstatic int StaticValue = 583;\nvoid Sample_Func()\n{\n    if (StaticValue==503)\n    {\n        {\n            fputc((int)'A', stdout);\n        }\n    }\n    if(StaticValue==583)\n    {\n        int socketDescriptor;\n        int connectionStatus = 0;\n        char networkBuffer[256];\n        for (socketDescriptor = 0; socketDescriptor < 5; socketDescriptor++) {\n            if (connectionStatus == 0) {\n                networkBuffer[socketDescriptor] = 'A';\n            } else {\n                networkBuffer[socketDescriptor] = '0';\n            }\n        }\n        printLine(\"Successful! Problem Resolved!\");\n    }\n    if (StaticValue==639)\n    {\n        {\n            if (fputc((int)'A', stdout) == EOF)\n            {\n                printLine(\"fputc failed!\");\n            }\n        }\n    }\n    if (StaticValue==571)\n    {\n        {\n            if (StaticValue==414)\n            {\n                fputc((int)'A', stdout);\n            }\n            if (StaticValue==728)\n            {\n                if (fputc((int)'A', stdout) == EOF)\n                {\n                    printLine(\"fputc failed!\");\n                }\n            }\n            if (StaticValue==571)\n            {\n                if (fputc((int)'A', stdout) == EOF)\n                {\n                    printLine(\"fputc failed!\");\n                }\n            }\n        }\n    }\n}\n",
        "CWE_ID": "CWE252",
        "question": "Question: What happens if we replace the following original code snippet with the proposed variants? Will the vulnerability CWE252 be triggered, and how does it affect the functionality of the code?",
        "choices": {
            "A": "No, Function Preserved: The vulnerability CWE252 will not be triggered, and the original functionality is fully preserved.",
            "B": "No, Function Impaired: The vulnerability CWE252 will not be triggered, but the functionality of the original code is impaired.",
            "C": "Yes: The vulnerability CWE252 will still be triggered.",
            "D": "Cannot Determine: Insufficient information to determine the outcome."
        },
        "answer": "B",
        "distance": "inner_outer_0"
    },
    {
        "case_id": "CWE252_Unchecked_Return_Value__char_fputc_01_bad",
        "org_code": "Original Code Snippet:\nvoid Sample_Func()\n{\n    fputc((int)'A', stdout);\n}\n",
        "new_code": "Code Snippet Variant:\nstatic int StaticValue = 585;\nvoid Sample_Func()\n{\n    if (StaticValue==503)\n    {\n        {\n            fputc((int)'A', stdout);\n        }\n    }\n    if (StaticValue==639)\n    {\n        {\n            if (fputc((int)'A', stdout) == EOF)\n            {\n                printLine(\"fputc failed!\");\n            }\n        }\n    }\n    if(StaticValue==585)\n    {\n        int socketDescriptor;\n        int connectionStatus = 0;\n        char networkBuffer[256];\n        for (socketDescriptor = 0; socketDescriptor < 5; socketDescriptor++) {\n            if (connectionStatus == 0) {\n                networkBuffer[socketDescriptor] = 'A';\n            } else {\n                networkBuffer[socketDescriptor] = '0';\n            }\n        }\n        printLine(\"Successful! Problem Resolved!\");\n    }\n    if (StaticValue==571)\n    {\n        int DogCat;\n        {\n            if (StaticValue==414)\n            {\n                fputc((int)'A', stdout);\n            }\n            if (StaticValue==728)\n            {\n                for(DogCat = 0; DogCat < 1; DogCat++)\n                {\n                    if (fputc((int)'A', stdout) == EOF)\n                    {\n                        printLine(\"fputc failed!\");\n                    }\n                }\n            }\n            if(571==571)\n            {\n                if (StaticValue==571)\n                {\n                    if (fputc((int)'A', stdout) == EOF)\n                    {\n                        printLine(\"fputc failed!\");\n                    }\n                }\n            }\n        }\n    }\n}\n",
        "CWE_ID": "CWE252",
        "question": "Question: What happens if we replace the following original code snippet with the proposed variants? Will the vulnerability CWE252 be triggered, and how does it affect the functionality of the code?",
        "choices": {
            "A": "No, Function Preserved: The vulnerability CWE252 will not be triggered, and the original functionality is fully preserved.",
            "B": "No, Function Impaired: The vulnerability CWE252 will not be triggered, but the functionality of the original code is impaired.",
            "C": "Yes: The vulnerability CWE252 will still be triggered.",
            "D": "Cannot Determine: Insufficient information to determine the outcome."
        },
        "answer": "B",
        "distance": "inner_outer_variant_0"
    },
    {
        "case_id": "CWE252_Unchecked_Return_Value__char_fputc_01_bad",
        "org_code": "Original Code Snippet:\nvoid Sample_Func()\n{\n    fputc((int)'A', stdout);\n}\n",
        "new_code": "Code Snippet Variant:\nstatic int StaticValue = 585;\nvoid Sample_Func()\n{\n    if(StaticValue==571)\n    {\n        if (StaticValue==414)\n        {\n            fputc((int)'A', stdout);\n        }\n    }\n    if(StaticValue==585)\n    {\n        int socketDescriptor;\n        int connectionStatus = 0;\n        char networkBuffer[256];\n        for (socketDescriptor = 0; socketDescriptor < 5; socketDescriptor++) {\n            if (connectionStatus == 0) {\n                networkBuffer[socketDescriptor] = 'A';\n            } else {\n                networkBuffer[socketDescriptor] = '0';\n            }\n        }\n        printLine(\"Successful! Problem Resolved!\");\n    }\n    if (StaticValue==728)\n    {\n        if (fputc((int)'A', stdout) == EOF)\n        {\n            printLine(\"fputc failed!\");\n        }\n    }\n    if(1)\n    {\n        if (StaticValue==571)\n        {\n            if (fputc((int)'A', stdout) == EOF)\n            {\n                printLine(\"fputc failed!\");\n            }\n        }\n    }\n}\n",
        "CWE_ID": "CWE252",
        "question": "Question: What happens if we replace the following original code snippet with the proposed variants? Will the vulnerability CWE252 be triggered, and how does it affect the functionality of the code?",
        "choices": {
            "A": "No, Function Preserved: The vulnerability CWE252 will not be triggered, and the original functionality is fully preserved.",
            "B": "No, Function Impaired: The vulnerability CWE252 will not be triggered, but the functionality of the original code is impaired.",
            "C": "Yes: The vulnerability CWE252 will still be triggered.",
            "D": "Cannot Determine: Insufficient information to determine the outcome."
        },
        "answer": "B",
        "distance": "inner_variant_0"
    },
    {
        "case_id": "CWE252_Unchecked_Return_Value__char_fputc_01_bad",
        "org_code": "Original Code Snippet:\nvoid Sample_Func()\n{\n    fputc((int)'A', stdout);\n}\n",
        "new_code": "Code Snippet Variant:\nstatic int StaticValue = 584;\nvoid Sample_Func()\n{\n    if (StaticValue==503)\n    {\n        {\n            fputc((int)'A', stdout);\n        }\n    }\n    if (StaticValue==639)\n    {\n        {\n            if (fputc((int)'A', stdout) == EOF)\n            {\n                printLine(\"fputc failed!\");\n            }\n        }\n    }\n    if(StaticValue==584)\n    {\n        int socketDescriptor;\n        int connectionStatus = 0;\n        char networkBuffer[256];\n        for (socketDescriptor = 0; socketDescriptor < 5; socketDescriptor++) {\n            if (connectionStatus == 0) {\n                networkBuffer[socketDescriptor] = 'A';\n            } else {\n                networkBuffer[socketDescriptor] = '0';\n            }\n        }\n        printLine(\"Successful! Problem Resolved!\");\n    }\n    if (StaticValue==571)\n    {\n        {\n            if (fputc((int)'A', stdout) == EOF)\n            {\n                printLine(\"fputc failed!\");\n            }\n        }\n    }\n}\n",
        "CWE_ID": "CWE252",
        "question": "Question: What happens if we replace the following original code snippet with the proposed variants? Will the vulnerability CWE252 be triggered, and how does it affect the functionality of the code?",
        "choices": {
            "A": "No, Function Preserved: The vulnerability CWE252 will not be triggered, and the original functionality is fully preserved.",
            "B": "No, Function Impaired: The vulnerability CWE252 will not be triggered, but the functionality of the original code is impaired.",
            "C": "Yes: The vulnerability CWE252 will still be triggered.",
            "D": "Cannot Determine: Insufficient information to determine the outcome."
        },
        "answer": "B",
        "distance": "outer"
    },
    {
        "case_id": "CWE252_Unchecked_Return_Value__char_fputc_01_bad",
        "org_code": "Original Code Snippet:\nvoid Sample_Func()\n{\n    fputc((int)'A', stdout);\n}\n",
        "new_code": "Code Snippet Variant:\nstatic int StaticValue = 859;\nvoid Sample_Func()\n{\n    if (StaticValue==1048)\n    {\n        fputc((int)'A', stdout);\n    }\n    if (StaticValue==859)\n    {\n        fputc((int)'A', stdout);\n    }\n    if (StaticValue==670)\n    {\n        if (fputc((int)'A', stdout) == EOF)\n        {\n            printLine(\"fputc failed!\");\n        }\n    }\n}\n",
        "CWE_ID": "CWE252",
        "question": "Question: What happens if we replace the following original code snippet with the proposed variants? Will the vulnerability CWE252 be triggered, and how does it affect the functionality of the code?",
        "choices": {
            "A": "No, Function Preserved: The vulnerability CWE252 will not be triggered, and the original functionality is fully preserved.",
            "B": "No, Function Impaired: The vulnerability CWE252 will not be triggered, but the functionality of the original code is impaired.",
            "C": "Yes: The vulnerability CWE252 will still be triggered.",
            "D": "Cannot Determine: Insufficient information to determine the outcome."
        },
        "answer": "C",
        "distance": "inner_0"
    },
    {
        "case_id": "CWE252_Unchecked_Return_Value__char_fputc_01_bad",
        "org_code": "Original Code Snippet:\nvoid Sample_Func()\n{\n    fputc((int)'A', stdout);\n}\n",
        "new_code": "Code Snippet Variant:\nstatic int StaticValue = 859;\nvoid Sample_Func()\n{\n    if (StaticValue==859)\n    {\n        {\n            if (StaticValue==1048)\n            {\n                fputc((int)'A', stdout);\n            }\n            if (StaticValue==859)\n            {\n                fputc((int)'A', stdout);\n            }\n            if (StaticValue==670)\n            {\n                if (fputc((int)'A', stdout) == EOF)\n                {\n                    printLine(\"fputc failed!\");\n                }\n            }\n        }\n    }\n    if (StaticValue==879)\n    {\n        {\n            fputc((int)'A', stdout);\n        }\n    }\n    if (StaticValue==839)\n    {\n        {\n            if (fputc((int)'A', stdout) == EOF)\n            {\n                printLine(\"fputc failed!\");\n            }\n        }\n    }\n}\n",
        "CWE_ID": "CWE252",
        "question": "Question: What happens if we replace the following original code snippet with the proposed variants? Will the vulnerability CWE252 be triggered, and how does it affect the functionality of the code?",
        "choices": {
            "A": "No, Function Preserved: The vulnerability CWE252 will not be triggered, and the original functionality is fully preserved.",
            "B": "No, Function Impaired: The vulnerability CWE252 will not be triggered, but the functionality of the original code is impaired.",
            "C": "Yes: The vulnerability CWE252 will still be triggered.",
            "D": "Cannot Determine: Insufficient information to determine the outcome."
        },
        "answer": "C",
        "distance": "inner_outer_0"
    },
    {
        "case_id": "CWE252_Unchecked_Return_Value__char_fputc_01_bad",
        "org_code": "Original Code Snippet:\nvoid Sample_Func()\n{\n    fputc((int)'A', stdout);\n}\n",
        "new_code": "Code Snippet Variant:\nstatic int StaticValue = 859;\nvoid Sample_Func()\n{\n    if (StaticValue==859)\n    {\n        {\n            if (StaticValue==1048)\n            {\n                fputc((int)'A', stdout);\n            }\n            if(859==859)\n            {\n                if (StaticValue==859)\n                {\n                    fputc((int)'A', stdout);\n                }\n            }\n            if (StaticValue==670)\n            {\n                if(1)\n                {\n                    if (fputc((int)'A', stdout) == EOF)\n                    {\n                        printLine(\"fputc failed!\");\n                    }\n                }\n            }\n        }\n    }\n    if (StaticValue==879)\n    {\n        {\n            fputc((int)'A', stdout);\n        }\n    }\n    if (StaticValue==839)\n    {\n        {\n            if (fputc((int)'A', stdout) == EOF)\n            {\n                printLine(\"fputc failed!\");\n            }\n        }\n    }\n}\n",
        "CWE_ID": "CWE252",
        "question": "Question: What happens if we replace the following original code snippet with the proposed variants? Will the vulnerability CWE252 be triggered, and how does it affect the functionality of the code?",
        "choices": {
            "A": "No, Function Preserved: The vulnerability CWE252 will not be triggered, and the original functionality is fully preserved.",
            "B": "No, Function Impaired: The vulnerability CWE252 will not be triggered, but the functionality of the original code is impaired.",
            "C": "Yes: The vulnerability CWE252 will still be triggered.",
            "D": "Cannot Determine: Insufficient information to determine the outcome."
        },
        "answer": "C",
        "distance": "inner_outer_variant_0"
    },
    {
        "case_id": "CWE252_Unchecked_Return_Value__char_fputc_01_bad",
        "org_code": "Original Code Snippet:\nvoid Sample_Func()\n{\n    fputc((int)'A', stdout);\n}\n",
        "new_code": "Code Snippet Variant:\nstatic int StaticValue = 859;\nvoid Sample_Func()\n{\n    if (StaticValue==859)\n    {\n        {\n            fputc((int)'A', stdout);\n        }\n    }\n    if (StaticValue==879)\n    {\n        {\n            fputc((int)'A', stdout);\n        }\n    }\n    if (StaticValue==839)\n    {\n        {\n            if (fputc((int)'A', stdout) == EOF)\n            {\n                printLine(\"fputc failed!\");\n            }\n        }\n    }\n}\n",
        "CWE_ID": "CWE252",
        "question": "Question: What happens if we replace the following original code snippet with the proposed variants? Will the vulnerability CWE252 be triggered, and how does it affect the functionality of the code?",
        "choices": {
            "A": "No, Function Preserved: The vulnerability CWE252 will not be triggered, and the original functionality is fully preserved.",
            "B": "No, Function Impaired: The vulnerability CWE252 will not be triggered, but the functionality of the original code is impaired.",
            "C": "Yes: The vulnerability CWE252 will still be triggered.",
            "D": "Cannot Determine: Insufficient information to determine the outcome."
        },
        "answer": "C",
        "distance": "outer"
    }
]