[
    {
        "case_id": "CWE761_Free_Pointer_Not_at_Start_of_Buffer__char_environment_01_bad",
        "org_code": "Original Code Snippet:\nvoid Sample_Func()\n{\n    char * data;\n    data = (char *)malloc(100*sizeof(char));\n    if (data == NULL) {exit(-1);}\n    data[0] = '\\0';\n    {\n        size_t dataLen = strlen(data);\n        char * environment = GETENV(ENV_VARIABLE);\n        if (environment != NULL)\n        {\n            strncat(data+dataLen, environment, 100-dataLen-1);\n        }\n    }\n    for (; *data != '\\0'; data++)\n    {\n        if (*data == SEARCH_CHAR)\n        {\n            printLine(\"We have a match!\");\n            break;\n        }\n    }\n    free(data);\n}\n",
        "new_code": "Code Snippet Variant:\nstatic int StaticValue = 905;\nvoid Sample_Func()\n{\n    if (StaticValue==883)\n    {\n        {\n            char * data;\n            data = (char *)malloc(100*sizeof(char));\n            if (data == NULL) {exit(-1);}\n            data[0] = '\\0';\n            {\n                size_t dataLen = strlen(data);\n                char * environment = GETENV(ENV_VARIABLE);\n                if (environment != NULL)\n                {\n                    strncat(data+dataLen, environment, 100-dataLen-1);\n                }\n            }\n            for (; *data != '\\0'; data++)\n            {\n                if (*data == SEARCH_CHAR)\n                {\n                    printLine(\"We have a match!\");\n                    break;\n                }\n            }\n            free(data);\n        }\n    }\n    if (StaticValue==927)\n    {\n        {\n            char * data;\n            data = (char *)malloc(100*sizeof(char));\n            if (data == NULL) {exit(-1);}\n            data[0] = '\\0';\n            {\n                size_t dataLen = strlen(data);\n                char * environment = GETENV(ENV_VARIABLE);\n                if (environment != NULL)\n                {\n                    strncat(data+dataLen, environment, 100-dataLen-1);\n                }\n            }\n            {\n                size_t i;\n                for (i=0; i < strlen(data); i++)\n                {\n                    if (data[i] == SEARCH_CHAR)\n                    {\n                        printLine(\"We have a match!\");\n                        break;\n                    }\n                }\n                free(data);\n            }\n        }\n    }\n    if (StaticValue==905)\n    {\n        {\n            char * data;\n            data = (char *)malloc(100*sizeof(char));\n            if (data == NULL) {exit(-1);}\n            data[0] = '\\0';\n            {\n                size_t dataLen = strlen(data);\n                char * environment = GETENV(ENV_VARIABLE);\n                if (environment != NULL)\n                {\n                    strncat(data+dataLen, environment, 100-dataLen-1);\n                }\n            }\n            {\n                size_t i;\n                for (i=0; i < strlen(data); i++)\n                {\n                    if (data[i] == SEARCH_CHAR)\n                    {\n                        printLine(\"We have a match!\");\n                        break;\n                    }\n                }\n                free(data);\n            }\n        }\n    }\n}\n",
        "CWE_ID": "CWE761",
        "question": "Question: What happens if we replace the following original code snippet with the proposed variants? Will the vulnerability CWE761 be triggered, and how does it affect the functionality of the code?",
        "choices": {
            "A": "No, Function Preserved: The vulnerability CWE761 will not be triggered, and the original functionality is fully preserved.",
            "B": "No, Function Impaired: The vulnerability CWE761 will not be triggered, but the functionality of the original code is impaired.",
            "C": "Yes: The vulnerability CWE761 will still be triggered.",
            "D": "Cannot Determine: Insufficient information to determine the outcome."
        },
        "answer": "A",
        "distance": "outer"
    },
    {
        "case_id": "CWE761_Free_Pointer_Not_at_Start_of_Buffer__char_environment_01_bad",
        "org_code": "Original Code Snippet:\nvoid Sample_Func()\n{\n    char * data;\n    data = (char *)malloc(100*sizeof(char));\n    if (data == NULL) {exit(-1);}\n    data[0] = '\\0';\n    {\n        size_t dataLen = strlen(data);\n        char * environment = GETENV(ENV_VARIABLE);\n        if (environment != NULL)\n        {\n            strncat(data+dataLen, environment, 100-dataLen-1);\n        }\n    }\n    for (; *data != '\\0'; data++)\n    {\n        if (*data == SEARCH_CHAR)\n        {\n            printLine(\"We have a match!\");\n            break;\n        }\n    }\n    free(data);\n}\n",
        "new_code": "Code Snippet Variant:\nstatic int StaticValue = 905;\nvoid Sample_Func()\n{\n    if (StaticValue==883)\n    {\n        {\n            char * data;\n            if(1)\n            {\n                data = (char *)malloc(100*sizeof(char));\n            }\n            if (data == NULL) {exit(-1);}\n            data[0] = '\\0';\n            {\n                size_t dataLen = strlen(data);\n                char * environment = GETENV(ENV_VARIABLE);\n                if (environment != NULL)\n                {\n                    strncat(data+dataLen, environment, 100-dataLen-1);\n                }\n            }\n            for (; *data != '\\0'; data++)\n            {\n                if(StaticValue==905)\n                {\n                    if (*data == SEARCH_CHAR)\n                    {\n                        printLine(\"We have a match!\");\n                        break;\n                    }\n                }\n            }\n            free(data);\n        }\n    }\n    if (StaticValue==927)\n    {\n        {\n            char * data;\n            data = (char *)malloc(100*sizeof(char));\n            if (data == NULL) {exit(-1);}\n            data[0] = '\\0';\n            {\n                size_t dataLen = strlen(data);\n                char * environment = GETENV(ENV_VARIABLE);\n                if(1)\n                {\n                    if (environment != NULL)\n                    {\n                        strncat(data+dataLen, environment, 100-dataLen-1);\n                    }\n                }\n            }\n            if(StaticValue==905)\n            {\n                {\n                    size_t i;\n                    for (i=0; i < strlen(data); i++)\n                    {\n                        if (data[i] == SEARCH_CHAR)\n                        {\n                            printLine(\"We have a match!\");\n                            break;\n                        }\n                    }\n                    free(data);\n                }\n            }\n        }\n    }\n    if (StaticValue==905)\n    {\n        {\n            char * data;\n            data = (char *)malloc(100*sizeof(char));\n            if (data == NULL) {exit(-1);}\n            data[0] = '\\0';\n            if(905==905)\n            {\n                {\n                    size_t dataLen = strlen(data);\n                    char * environment = GETENV(ENV_VARIABLE);\n                    if (environment != NULL)\n                    {\n                        strncat(data+dataLen, environment, 100-dataLen-1);\n                    }\n                }\n            }\n            {\n                size_t i;\n                for (i=0; i < strlen(data); i++)\n                {\n                    if(StaticValue==905)\n                    {\n                        if (data[i] == SEARCH_CHAR)\n                        {\n                            printLine(\"We have a match!\");\n                            break;\n                        }\n                    }\n                }\n                free(data);\n            }\n        }\n    }\n}\n",
        "CWE_ID": "CWE761",
        "question": "Question: What happens if we replace the following original code snippet with the proposed variants? Will the vulnerability CWE761 be triggered, and how does it affect the functionality of the code?",
        "choices": {
            "A": "No, Function Preserved: The vulnerability CWE761 will not be triggered, and the original functionality is fully preserved.",
            "B": "No, Function Impaired: The vulnerability CWE761 will not be triggered, but the functionality of the original code is impaired.",
            "C": "Yes: The vulnerability CWE761 will still be triggered.",
            "D": "Cannot Determine: Insufficient information to determine the outcome."
        },
        "answer": "A",
        "distance": "outer_variant"
    },
    {
        "case_id": "CWE761_Free_Pointer_Not_at_Start_of_Buffer__char_environment_01_bad",
        "org_code": "Original Code Snippet:\nvoid Sample_Func()\n{\n    char * data;\n    data = (char *)malloc(100*sizeof(char));\n    if (data == NULL) {exit(-1);}\n    data[0] = '\\0';\n    {\n        size_t dataLen = strlen(data);\n        char * environment = GETENV(ENV_VARIABLE);\n        if (environment != NULL)\n        {\n            strncat(data+dataLen, environment, 100-dataLen-1);\n        }\n    }\n    for (; *data != '\\0'; data++)\n    {\n        if (*data == SEARCH_CHAR)\n        {\n            printLine(\"We have a match!\");\n            break;\n        }\n    }\n    free(data);\n}\n",
        "new_code": "Code Snippet Variant:\nstatic int StaticValue = 921;\nvoid Sample_Func()\n{\n    if (StaticValue==883)\n    {\n        {\n            char * data;\n            data = (char *)malloc(100*sizeof(char));\n            if (data == NULL) {exit(-1);}\n            data[0] = '\\0';\n            {\n                size_t dataLen = strlen(data);\n                char * environment = GETENV(ENV_VARIABLE);\n                if (environment != NULL)\n                {\n                    strncat(data+dataLen, environment, 100-dataLen-1);\n                }\n            }\n            for (; *data != '\\0'; data++)\n            {\n                if (*data == SEARCH_CHAR)\n                {\n                    printLine(\"We have a match!\");\n                    break;\n                }\n            }\n            free(data);\n        }\n    }\n    if (StaticValue==927)\n    {\n        {\n            char * data;\n            data = (char *)malloc(100*sizeof(char));\n            if (data == NULL) {exit(-1);}\n            data[0] = '\\0';\n            {\n                size_t dataLen = strlen(data);\n                char * environment = GETENV(ENV_VARIABLE);\n                if (environment != NULL)\n                {\n                    strncat(data+dataLen, environment, 100-dataLen-1);\n                }\n            }\n            {\n                size_t i;\n                for (i=0; i < strlen(data); i++)\n                {\n                    if (data[i] == SEARCH_CHAR)\n                    {\n                        printLine(\"We have a match!\");\n                        break;\n                    }\n                }\n                free(data);\n            }\n        }\n    }\n    if (StaticValue==905)\n    {\n        {\n            char * data;\n            data = (char *)malloc(100*sizeof(char));\n            if (data == NULL) {exit(-1);}\n            data[0] = '\\0';\n            {\n                size_t dataLen = strlen(data);\n                char * environment = GETENV(ENV_VARIABLE);\n                if (environment != NULL)\n                {\n                    strncat(data+dataLen, environment, 100-dataLen-1);\n                }\n            }\n            {\n                size_t i;\n                for (i=0; i < strlen(data); i++)\n                {\n                    if (data[i] == SEARCH_CHAR)\n                    {\n                        printLine(\"We have a match!\");\n                        break;\n                    }\n                }\n                free(data);\n            }\n        }\n    }\n    if(StaticValue==921)\n    {\n        int socketDescriptor;\n        int connectionStatus = 0;\n        char networkBuffer[256];\n        for (socketDescriptor = 0; socketDescriptor < 5; socketDescriptor++) {\n            if (connectionStatus == 0) {\n                networkBuffer[socketDescriptor] = 'A';\n            } else {\n                networkBuffer[socketDescriptor] = '0';\n            }\n        }\n        printLine(\"Successful! Problem Resolved!\");\n    }\n}\n",
        "CWE_ID": "CWE761",
        "question": "Question: What happens if we replace the following original code snippet with the proposed variants? Will the vulnerability CWE761 be triggered, and how does it affect the functionality of the code?",
        "choices": {
            "A": "No, Function Preserved: The vulnerability CWE761 will not be triggered, and the original functionality is fully preserved.",
            "B": "No, Function Impaired: The vulnerability CWE761 will not be triggered, but the functionality of the original code is impaired.",
            "C": "Yes: The vulnerability CWE761 will still be triggered.",
            "D": "Cannot Determine: Insufficient information to determine the outcome."
        },
        "answer": "B",
        "distance": "outer"
    },
    {
        "case_id": "CWE761_Free_Pointer_Not_at_Start_of_Buffer__char_environment_01_bad",
        "org_code": "Original Code Snippet:\nvoid Sample_Func()\n{\n    char * data;\n    data = (char *)malloc(100*sizeof(char));\n    if (data == NULL) {exit(-1);}\n    data[0] = '\\0';\n    {\n        size_t dataLen = strlen(data);\n        char * environment = GETENV(ENV_VARIABLE);\n        if (environment != NULL)\n        {\n            strncat(data+dataLen, environment, 100-dataLen-1);\n        }\n    }\n    for (; *data != '\\0'; data++)\n    {\n        if (*data == SEARCH_CHAR)\n        {\n            printLine(\"We have a match!\");\n            break;\n        }\n    }\n    free(data);\n}\n",
        "new_code": "Code Snippet Variant:\nstatic int StaticValue = 921;\nvoid Sample_Func()\n{\n    if (StaticValue==883)\n    {\n        {\n            char * data;\n            if(1)\n            {\n                data = (char *)malloc(100*sizeof(char));\n            }\n            if (data == NULL) {exit(-1);}\n            data[0] = '\\0';\n            {\n                size_t dataLen = strlen(data);\n                char * environment = GETENV(ENV_VARIABLE);\n                if (environment != NULL)\n                {\n                    strncat(data+dataLen, environment, 100-dataLen-1);\n                }\n            }\n            for (; *data != '\\0'; data++)\n            {\n                if(StaticValue==905)\n                {\n                    if (*data == SEARCH_CHAR)\n                    {\n                        printLine(\"We have a match!\");\n                        break;\n                    }\n                }\n            }\n            free(data);\n        }\n    }\n    if (StaticValue==927)\n    {\n        {\n            char * data;\n            data = (char *)malloc(100*sizeof(char));\n            if (data == NULL) {exit(-1);}\n            data[0] = '\\0';\n            {\n                size_t dataLen = strlen(data);\n                char * environment = GETENV(ENV_VARIABLE);\n                if(1)\n                {\n                    if (environment != NULL)\n                    {\n                        strncat(data+dataLen, environment, 100-dataLen-1);\n                    }\n                }\n            }\n            if(StaticValue==905)\n            {\n                {\n                    size_t i;\n                    for (i=0; i < strlen(data); i++)\n                    {\n                        if (data[i] == SEARCH_CHAR)\n                        {\n                            printLine(\"We have a match!\");\n                            break;\n                        }\n                    }\n                    free(data);\n                }\n            }\n        }\n    }\n    if(StaticValue==921)\n    {\n        int socketDescriptor;\n        int connectionStatus = 0;\n        char networkBuffer[256];\n        for (socketDescriptor = 0; socketDescriptor < 5; socketDescriptor++) {\n            if (connectionStatus == 0) {\n                networkBuffer[socketDescriptor] = 'A';\n            } else {\n                networkBuffer[socketDescriptor] = '0';\n            }\n        }\n        printLine(\"Successful! Problem Resolved!\");\n    }\n    if (StaticValue==905)\n    {\n        {\n            char * data;\n            data = (char *)malloc(100*sizeof(char));\n            if (data == NULL) {exit(-1);}\n            data[0] = '\\0';\n            if(905==905)\n            {\n                {\n                    size_t dataLen = strlen(data);\n                    char * environment = GETENV(ENV_VARIABLE);\n                    if (environment != NULL)\n                    {\n                        strncat(data+dataLen, environment, 100-dataLen-1);\n                    }\n                }\n            }\n            {\n                size_t i;\n                for (i=0; i < strlen(data); i++)\n                {\n                    if(StaticValue==905)\n                    {\n                        if (data[i] == SEARCH_CHAR)\n                        {\n                            printLine(\"We have a match!\");\n                            break;\n                        }\n                    }\n                }\n                free(data);\n            }\n        }\n    }\n}\n",
        "CWE_ID": "CWE761",
        "question": "Question: What happens if we replace the following original code snippet with the proposed variants? Will the vulnerability CWE761 be triggered, and how does it affect the functionality of the code?",
        "choices": {
            "A": "No, Function Preserved: The vulnerability CWE761 will not be triggered, and the original functionality is fully preserved.",
            "B": "No, Function Impaired: The vulnerability CWE761 will not be triggered, but the functionality of the original code is impaired.",
            "C": "Yes: The vulnerability CWE761 will still be triggered.",
            "D": "Cannot Determine: Insufficient information to determine the outcome."
        },
        "answer": "B",
        "distance": "outer_variant"
    },
    {
        "case_id": "CWE761_Free_Pointer_Not_at_Start_of_Buffer__char_environment_01_bad",
        "org_code": "Original Code Snippet:\nvoid Sample_Func()\n{\n    char * data;\n    data = (char *)malloc(100*sizeof(char));\n    if (data == NULL) {exit(-1);}\n    data[0] = '\\0';\n    {\n        size_t dataLen = strlen(data);\n        char * environment = GETENV(ENV_VARIABLE);\n        if (environment != NULL)\n        {\n            strncat(data+dataLen, environment, 100-dataLen-1);\n        }\n    }\n    for (; *data != '\\0'; data++)\n    {\n        if (*data == SEARCH_CHAR)\n        {\n            printLine(\"We have a match!\");\n            break;\n        }\n    }\n    free(data);\n}\n",
        "new_code": "Code Snippet Variant:\nstatic int StaticValue = 695;\nvoid Sample_Func()\n{\n    if (StaticValue==695)\n    {\n        {\n            char * data;\n            data = (char *)malloc(100*sizeof(char));\n            if (data == NULL) {exit(-1);}\n            data[0] = '\\0';\n            {\n                size_t dataLen = strlen(data);\n                char * environment = GETENV(ENV_VARIABLE);\n                if (environment != NULL)\n                {\n                    strncat(data+dataLen, environment, 100-dataLen-1);\n                }\n            }\n            for (; *data != '\\0'; data++)\n            {\n                if (*data == SEARCH_CHAR)\n                {\n                    printLine(\"We have a match!\");\n                    break;\n                }\n            }\n            free(data);\n        }\n    }\n    if (StaticValue==752)\n    {\n        {\n            char * data;\n            data = (char *)malloc(100*sizeof(char));\n            if (data == NULL) {exit(-1);}\n            data[0] = '\\0';\n            {\n                size_t dataLen = strlen(data);\n                char * environment = GETENV(ENV_VARIABLE);\n                if (environment != NULL)\n                {\n                    strncat(data+dataLen, environment, 100-dataLen-1);\n                }\n            }\n            for (; *data != '\\0'; data++)\n            {\n                if (*data == SEARCH_CHAR)\n                {\n                    printLine(\"We have a match!\");\n                    break;\n                }\n            }\n            free(data);\n        }\n    }\n    if (StaticValue==638)\n    {\n        {\n            char * data;\n            data = (char *)malloc(100*sizeof(char));\n            if (data == NULL) {exit(-1);}\n            data[0] = '\\0';\n            {\n                size_t dataLen = strlen(data);\n                char * environment = GETENV(ENV_VARIABLE);\n                if (environment != NULL)\n                {\n                    strncat(data+dataLen, environment, 100-dataLen-1);\n                }\n            }\n            {\n                size_t i;\n                for (i=0; i < strlen(data); i++)\n                {\n                    if (data[i] == SEARCH_CHAR)\n                    {\n                        printLine(\"We have a match!\");\n                        break;\n                    }\n                }\n                free(data);\n            }\n        }\n    }\n}\n",
        "CWE_ID": "CWE761",
        "question": "Question: What happens if we replace the following original code snippet with the proposed variants? Will the vulnerability CWE761 be triggered, and how does it affect the functionality of the code?",
        "choices": {
            "A": "No, Function Preserved: The vulnerability CWE761 will not be triggered, and the original functionality is fully preserved.",
            "B": "No, Function Impaired: The vulnerability CWE761 will not be triggered, but the functionality of the original code is impaired.",
            "C": "Yes: The vulnerability CWE761 will still be triggered.",
            "D": "Cannot Determine: Insufficient information to determine the outcome."
        },
        "answer": "C",
        "distance": "outer"
    },
    {
        "case_id": "CWE761_Free_Pointer_Not_at_Start_of_Buffer__char_environment_01_bad",
        "org_code": "Original Code Snippet:\nvoid Sample_Func()\n{\n    char * data;\n    data = (char *)malloc(100*sizeof(char));\n    if (data == NULL) {exit(-1);}\n    data[0] = '\\0';\n    {\n        size_t dataLen = strlen(data);\n        char * environment = GETENV(ENV_VARIABLE);\n        if (environment != NULL)\n        {\n            strncat(data+dataLen, environment, 100-dataLen-1);\n        }\n    }\n    for (; *data != '\\0'; data++)\n    {\n        if (*data == SEARCH_CHAR)\n        {\n            printLine(\"We have a match!\");\n            break;\n        }\n    }\n    free(data);\n}\n",
        "new_code": "Code Snippet Variant:\nstatic int StaticValue = 695;\nvoid Sample_Func()\n{\n    if (StaticValue==695)\n    {\n        int DogCat;\n        {\n            char * data;\n            if(1)\n            {\n                data = (char *)malloc(100*sizeof(char));\n            }\n            if (data == NULL) {exit(-1);}\n            data[0] = '\\0';\n            for(DogCat = 0; DogCat < 1; DogCat++)\n            {\n                {\n                    size_t dataLen = strlen(data);\n                    char * environment = GETENV(ENV_VARIABLE);\n                    if (environment != NULL)\n                    {\n                        strncat(data+dataLen, environment, 100-dataLen-1);\n                    }\n                }\n            }\n            for (; *data != '\\0'; data++)\n            {\n                if (*data == SEARCH_CHAR)\n                {\n                    printLine(\"We have a match!\");\n                    break;\n                }\n            }\n            free(data);\n        }\n    }\n    if (StaticValue==752)\n    {\n        {\n            char * data;\n            data = (char *)malloc(100*sizeof(char));\n            if (data == NULL) {exit(-1);}\n            data[0] = '\\0';\n            {\n                size_t dataLen = strlen(data);\n                char * environment = GETENV(ENV_VARIABLE);\n                if(695==695)\n                {\n                    if (environment != NULL)\n                    {\n                        strncat(data+dataLen, environment, 100-dataLen-1);\n                    }\n                }\n            }\n            for (; *data != '\\0'; data++)\n            {\n                if(StaticValue==695)\n                {\n                    if (*data == SEARCH_CHAR)\n                    {\n                        printLine(\"We have a match!\");\n                        break;\n                    }\n                }\n            }\n            free(data);\n        }\n    }\n    if (StaticValue==638)\n    {\n        {\n            char * data;\n            data = (char *)malloc(100*sizeof(char));\n            if(StaticValue==695)\n            {\n                if (data == NULL) {exit(-1);}\n            }\n            data[0] = '\\0';\n            if(1)\n            {\n                {\n                    size_t dataLen = strlen(data);\n                    char * environment = GETENV(ENV_VARIABLE);\n                    if (environment != NULL)\n                    {\n                        strncat(data+dataLen, environment, 100-dataLen-1);\n                    }\n                }\n            }\n            {\n                size_t i;\n                for (i=0; i < strlen(data); i++)\n                {\n                    if (data[i] == SEARCH_CHAR)\n                    {\n                        printLine(\"We have a match!\");\n                        break;\n                    }\n                }\n                free(data);\n            }\n        }\n    }\n}\n",
        "CWE_ID": "CWE761",
        "question": "Question: What happens if we replace the following original code snippet with the proposed variants? Will the vulnerability CWE761 be triggered, and how does it affect the functionality of the code?",
        "choices": {
            "A": "No, Function Preserved: The vulnerability CWE761 will not be triggered, and the original functionality is fully preserved.",
            "B": "No, Function Impaired: The vulnerability CWE761 will not be triggered, but the functionality of the original code is impaired.",
            "C": "Yes: The vulnerability CWE761 will still be triggered.",
            "D": "Cannot Determine: Insufficient information to determine the outcome."
        },
        "answer": "C",
        "distance": "outer_variant"
    }
]