[
    {
        "case_id": "CWE252_Unchecked_Return_Value__char_snprintf_01_bad",
        "org_code": "Original Code Snippet:\nvoid Sample_Func()\n{\n    {\n        char dataBuffer[100] = \"\";\n        char * data = dataBuffer;\n        SNPRINTF(data,100-strlen(SRC)-1, \"%s\\n\", SRC);\n    }\n}\n",
        "new_code": "Code Snippet Variant:\nstatic int StaticValue = 825;\nvoid Sample_Func()\n{\n    {\n        char dataBuffer[100] = \"\";\n        char * data = dataBuffer;\n        if (StaticValue==625)\n        {\n            SNPRINTF(data,100-strlen(SRC)-1, \"%s\\n\", SRC);\n        }\n        if (StaticValue==1025)\n        {\n            if (SNPRINTF(data,100-strlen(SRC)-1, \"%s\\n\", SRC) < 0)\n            {\n                printLine(\"snprintf failed!\");\n            }\n        }\n        if (StaticValue==825)\n        {\n            if (SNPRINTF(data,100-strlen(SRC)-1, \"%s\\n\", SRC) < 0)\n            {\n                printLine(\"snprintf failed!\");\n            }\n        }\n    }\n}\n",
        "CWE_ID": "CWE252",
        "question": "Question: What happens if we replace the following original code snippet with the proposed variants? Will the vulnerability CWE252 be triggered, and how does it affect the functionality of the code?",
        "choices": {
            "A": "No, Function Preserved: The vulnerability CWE252 will not be triggered, and the original functionality is fully preserved.",
            "B": "No, Function Impaired: The vulnerability CWE252 will not be triggered, but the functionality of the original code is impaired.",
            "C": "Yes: The vulnerability CWE252 will still be triggered.",
            "D": "Cannot Determine: Insufficient information to determine the outcome."
        },
        "answer": "A",
        "distance": "inner_0"
    },
    {
        "case_id": "CWE252_Unchecked_Return_Value__char_snprintf_01_bad",
        "org_code": "Original Code Snippet:\nvoid Sample_Func()\n{\n    {\n        char dataBuffer[100] = \"\";\n        char * data = dataBuffer;\n        SNPRINTF(data,100-strlen(SRC)-1, \"%s\\n\", SRC);\n    }\n}\n",
        "new_code": "Code Snippet Variant:\nstatic int StaticValue = 825;\nvoid Sample_Func()\n{\n    if (StaticValue==733)\n    {\n        {\n            {\n                char dataBuffer[100] = \"\";\n                char * data = dataBuffer;\n                SNPRINTF(data,100-strlen(SRC)-1, \"%s\\n\", SRC);\n            }\n        }\n    }\n    if (StaticValue==917)\n    {\n        {\n            {\n                char dataBuffer[100] = \"\";\n                char * data = dataBuffer;\n                if (SNPRINTF(data,100-strlen(SRC)-1, \"%s\\n\", SRC) < 0)\n                {\n                    printLine(\"snprintf failed!\");\n                }\n            }\n        }\n    }\n    if (StaticValue==825)\n    {\n        {\n            {\n                char dataBuffer[100] = \"\";\n                char * data = dataBuffer;\n                if (StaticValue==625)\n                {\n                    SNPRINTF(data,100-strlen(SRC)-1, \"%s\\n\", SRC);\n                }\n                if (StaticValue==1025)\n                {\n                    if (SNPRINTF(data,100-strlen(SRC)-1, \"%s\\n\", SRC) < 0)\n                    {\n                        printLine(\"snprintf failed!\");\n                    }\n                }\n                if (StaticValue==825)\n                {\n                    if (SNPRINTF(data,100-strlen(SRC)-1, \"%s\\n\", SRC) < 0)\n                    {\n                        printLine(\"snprintf failed!\");\n                    }\n                }\n            }\n        }\n    }\n}\n",
        "CWE_ID": "CWE252",
        "question": "Question: What happens if we replace the following original code snippet with the proposed variants? Will the vulnerability CWE252 be triggered, and how does it affect the functionality of the code?",
        "choices": {
            "A": "No, Function Preserved: The vulnerability CWE252 will not be triggered, and the original functionality is fully preserved.",
            "B": "No, Function Impaired: The vulnerability CWE252 will not be triggered, but the functionality of the original code is impaired.",
            "C": "Yes: The vulnerability CWE252 will still be triggered.",
            "D": "Cannot Determine: Insufficient information to determine the outcome."
        },
        "answer": "A",
        "distance": "inner_outer_0"
    },
    {
        "case_id": "CWE252_Unchecked_Return_Value__char_snprintf_01_bad",
        "org_code": "Original Code Snippet:\nvoid Sample_Func()\n{\n    {\n        char dataBuffer[100] = \"\";\n        char * data = dataBuffer;\n        SNPRINTF(data,100-strlen(SRC)-1, \"%s\\n\", SRC);\n    }\n}\n",
        "new_code": "Code Snippet Variant:\nstatic int StaticValue = 825;\nvoid Sample_Func()\n{\n    if (StaticValue==733)\n    {\n        {\n            {\n                char dataBuffer[100] = \"\";\n                char * data = dataBuffer;\n                SNPRINTF(data,100-strlen(SRC)-1, \"%s\\n\", SRC);\n            }\n        }\n    }\n    if (StaticValue==917)\n    {\n        {\n            {\n                char dataBuffer[100] = \"\";\n                char * data = dataBuffer;\n                if (SNPRINTF(data,100-strlen(SRC)-1, \"%s\\n\", SRC) < 0)\n                {\n                    printLine(\"snprintf failed!\");\n                }\n            }\n        }\n    }\n    if (StaticValue==825)\n    {\n        {\n            {\n                char dataBuffer[100] = \"\";\n                char * data = dataBuffer;\n                if(825==825)\n                {\n                    if (StaticValue==625)\n                    {\n                        SNPRINTF(data,100-strlen(SRC)-1, \"%s\\n\", SRC);\n                    }\n                }\n                if(StaticValue==825)\n                {\n                    if (StaticValue==1025)\n                    {\n                        if (SNPRINTF(data,100-strlen(SRC)-1, \"%s\\n\", SRC) < 0)\n                        {\n                            printLine(\"snprintf failed!\");\n                        }\n                    }\n                }\n                if (StaticValue==825)\n                {\n                    if (SNPRINTF(data,100-strlen(SRC)-1, \"%s\\n\", SRC) < 0)\n                    {\n                        printLine(\"snprintf failed!\");\n                    }\n                }\n            }\n        }\n    }\n}\n",
        "CWE_ID": "CWE252",
        "question": "Question: What happens if we replace the following original code snippet with the proposed variants? Will the vulnerability CWE252 be triggered, and how does it affect the functionality of the code?",
        "choices": {
            "A": "No, Function Preserved: The vulnerability CWE252 will not be triggered, and the original functionality is fully preserved.",
            "B": "No, Function Impaired: The vulnerability CWE252 will not be triggered, but the functionality of the original code is impaired.",
            "C": "Yes: The vulnerability CWE252 will still be triggered.",
            "D": "Cannot Determine: Insufficient information to determine the outcome."
        },
        "answer": "A",
        "distance": "inner_outer_variant_0"
    },
    {
        "case_id": "CWE252_Unchecked_Return_Value__char_snprintf_01_bad",
        "org_code": "Original Code Snippet:\nvoid Sample_Func()\n{\n    {\n        char dataBuffer[100] = \"\";\n        char * data = dataBuffer;\n        SNPRINTF(data,100-strlen(SRC)-1, \"%s\\n\", SRC);\n    }\n}\n",
        "new_code": "Code Snippet Variant:\nstatic int StaticValue = 825;\nvoid Sample_Func()\n{\n    {\n        char dataBuffer[100] = \"\";\n        char * data = dataBuffer;\n        if(StaticValue==825)\n        {\n            if (StaticValue==625)\n            {\n                SNPRINTF(data,100-strlen(SRC)-1, \"%s\\n\", SRC);\n            }\n        }\n        if (StaticValue==1025)\n        {\n            if(825==825)\n            {\n                if (SNPRINTF(data,100-strlen(SRC)-1, \"%s\\n\", SRC) < 0)\n                {\n                    printLine(\"snprintf failed!\");\n                }\n            }\n        }\n        if (StaticValue==825)\n        {\n            if (SNPRINTF(data,100-strlen(SRC)-1, \"%s\\n\", SRC) < 0)\n            {\n                printLine(\"snprintf failed!\");\n            }\n        }\n    }\n}\n",
        "CWE_ID": "CWE252",
        "question": "Question: What happens if we replace the following original code snippet with the proposed variants? Will the vulnerability CWE252 be triggered, and how does it affect the functionality of the code?",
        "choices": {
            "A": "No, Function Preserved: The vulnerability CWE252 will not be triggered, and the original functionality is fully preserved.",
            "B": "No, Function Impaired: The vulnerability CWE252 will not be triggered, but the functionality of the original code is impaired.",
            "C": "Yes: The vulnerability CWE252 will still be triggered.",
            "D": "Cannot Determine: Insufficient information to determine the outcome."
        },
        "answer": "A",
        "distance": "inner_variant_0"
    },
    {
        "case_id": "CWE252_Unchecked_Return_Value__char_snprintf_01_bad",
        "org_code": "Original Code Snippet:\nvoid Sample_Func()\n{\n    {\n        char dataBuffer[100] = \"\";\n        char * data = dataBuffer;\n        SNPRINTF(data,100-strlen(SRC)-1, \"%s\\n\", SRC);\n    }\n}\n",
        "new_code": "Code Snippet Variant:\nstatic int StaticValue = 825;\nvoid Sample_Func()\n{\n    if (StaticValue==733)\n    {\n        {\n            {\n                char dataBuffer[100] = \"\";\n                char * data = dataBuffer;\n                SNPRINTF(data,100-strlen(SRC)-1, \"%s\\n\", SRC);\n            }\n        }\n    }\n    if (StaticValue==917)\n    {\n        {\n            {\n                char dataBuffer[100] = \"\";\n                char * data = dataBuffer;\n                if (SNPRINTF(data,100-strlen(SRC)-1, \"%s\\n\", SRC) < 0)\n                {\n                    printLine(\"snprintf failed!\");\n                }\n            }\n        }\n    }\n    if (StaticValue==825)\n    {\n        {\n            {\n                char dataBuffer[100] = \"\";\n                char * data = dataBuffer;\n                if (SNPRINTF(data,100-strlen(SRC)-1, \"%s\\n\", SRC) < 0)\n                {\n                    printLine(\"snprintf failed!\");\n                }\n            }\n        }\n    }\n}\n",
        "CWE_ID": "CWE252",
        "question": "Question: What happens if we replace the following original code snippet with the proposed variants? Will the vulnerability CWE252 be triggered, and how does it affect the functionality of the code?",
        "choices": {
            "A": "No, Function Preserved: The vulnerability CWE252 will not be triggered, and the original functionality is fully preserved.",
            "B": "No, Function Impaired: The vulnerability CWE252 will not be triggered, but the functionality of the original code is impaired.",
            "C": "Yes: The vulnerability CWE252 will still be triggered.",
            "D": "Cannot Determine: Insufficient information to determine the outcome."
        },
        "answer": "A",
        "distance": "outer"
    },
    {
        "case_id": "CWE252_Unchecked_Return_Value__char_snprintf_01_bad",
        "org_code": "Original Code Snippet:\nvoid Sample_Func()\n{\n    {\n        char dataBuffer[100] = \"\";\n        char * data = dataBuffer;\n        SNPRINTF(data,100-strlen(SRC)-1, \"%s\\n\", SRC);\n    }\n}\n",
        "new_code": "Code Snippet Variant:\nstatic int StaticValue = 840;\nvoid Sample_Func()\n{\n    if (StaticValue==733)\n    {\n        {\n            {\n                char dataBuffer[100] = \"\";\n                char * data = dataBuffer;\n                SNPRINTF(data,100-strlen(SRC)-1, \"%s\\n\", SRC);\n            }\n        }\n    }\n    if (StaticValue==917)\n    {\n        {\n            {\n                char dataBuffer[100] = \"\";\n                char * data = dataBuffer;\n                if (SNPRINTF(data,100-strlen(SRC)-1, \"%s\\n\", SRC) < 0)\n                {\n                    printLine(\"snprintf failed!\");\n                }\n            }\n        }\n    }\n    if (StaticValue==825)\n    {\n        {\n            {\n                char dataBuffer[100] = \"\";\n                char * data = dataBuffer;\n                if (StaticValue==625)\n                {\n                    SNPRINTF(data,100-strlen(SRC)-1, \"%s\\n\", SRC);\n                }\n                if (StaticValue==1025)\n                {\n                    if (SNPRINTF(data,100-strlen(SRC)-1, \"%s\\n\", SRC) < 0)\n                    {\n                        printLine(\"snprintf failed!\");\n                    }\n                }\n                if (StaticValue==825)\n                {\n                    if (SNPRINTF(data,100-strlen(SRC)-1, \"%s\\n\", SRC) < 0)\n                    {\n                        printLine(\"snprintf failed!\");\n                    }\n                }\n            }\n        }\n    }\n    if(StaticValue==840)\n    {\n        int socketDescriptor;\n        int connectionStatus = 0;\n        char networkBuffer[256];\n        for (socketDescriptor = 0; socketDescriptor < 5; socketDescriptor++) {\n            if (connectionStatus == 0) {\n                networkBuffer[socketDescriptor] = 'A';\n            } else {\n                networkBuffer[socketDescriptor] = '0';\n            }\n        }\n        printLine(\"Successful! Problem Resolved!\");\n    }\n}\n",
        "CWE_ID": "CWE252",
        "question": "Question: What happens if we replace the following original code snippet with the proposed variants? Will the vulnerability CWE252 be triggered, and how does it affect the functionality of the code?",
        "choices": {
            "A": "No, Function Preserved: The vulnerability CWE252 will not be triggered, and the original functionality is fully preserved.",
            "B": "No, Function Impaired: The vulnerability CWE252 will not be triggered, but the functionality of the original code is impaired.",
            "C": "Yes: The vulnerability CWE252 will still be triggered.",
            "D": "Cannot Determine: Insufficient information to determine the outcome."
        },
        "answer": "B",
        "distance": "inner_outer_0"
    },
    {
        "case_id": "CWE252_Unchecked_Return_Value__char_snprintf_01_bad",
        "org_code": "Original Code Snippet:\nvoid Sample_Func()\n{\n    {\n        char dataBuffer[100] = \"\";\n        char * data = dataBuffer;\n        SNPRINTF(data,100-strlen(SRC)-1, \"%s\\n\", SRC);\n    }\n}\n",
        "new_code": "Code Snippet Variant:\nstatic int StaticValue = 844;\nvoid Sample_Func()\n{\n    if (StaticValue==733)\n    {\n        {\n            {\n                char dataBuffer[100] = \"\";\n                char * data = dataBuffer;\n                SNPRINTF(data,100-strlen(SRC)-1, \"%s\\n\", SRC);\n            }\n        }\n    }\n    if(StaticValue==844)\n    {\n        int socketDescriptor;\n        int connectionStatus = 0;\n        char networkBuffer[256];\n        for (socketDescriptor = 0; socketDescriptor < 5; socketDescriptor++) {\n            if (connectionStatus == 0) {\n                networkBuffer[socketDescriptor] = 'A';\n            } else {\n                networkBuffer[socketDescriptor] = '0';\n            }\n        }\n        printLine(\"Successful! Problem Resolved!\");\n    }\n    if (StaticValue==917)\n    {\n        {\n            {\n                char dataBuffer[100] = \"\";\n                char * data = dataBuffer;\n                if (SNPRINTF(data,100-strlen(SRC)-1, \"%s\\n\", SRC) < 0)\n                {\n                    printLine(\"snprintf failed!\");\n                }\n            }\n        }\n    }\n    if (StaticValue==825)\n    {\n        {\n            {\n                char dataBuffer[100] = \"\";\n                char * data = dataBuffer;\n                if(825==825)\n                {\n                    if (StaticValue==625)\n                    {\n                        SNPRINTF(data,100-strlen(SRC)-1, \"%s\\n\", SRC);\n                    }\n                }\n                if(StaticValue==825)\n                {\n                    if (StaticValue==1025)\n                    {\n                        if (SNPRINTF(data,100-strlen(SRC)-1, \"%s\\n\", SRC) < 0)\n                        {\n                            printLine(\"snprintf failed!\");\n                        }\n                    }\n                }\n                if (StaticValue==825)\n                {\n                    if (SNPRINTF(data,100-strlen(SRC)-1, \"%s\\n\", SRC) < 0)\n                    {\n                        printLine(\"snprintf failed!\");\n                    }\n                }\n            }\n        }\n    }\n}\n",
        "CWE_ID": "CWE252",
        "question": "Question: What happens if we replace the following original code snippet with the proposed variants? Will the vulnerability CWE252 be triggered, and how does it affect the functionality of the code?",
        "choices": {
            "A": "No, Function Preserved: The vulnerability CWE252 will not be triggered, and the original functionality is fully preserved.",
            "B": "No, Function Impaired: The vulnerability CWE252 will not be triggered, but the functionality of the original code is impaired.",
            "C": "Yes: The vulnerability CWE252 will still be triggered.",
            "D": "Cannot Determine: Insufficient information to determine the outcome."
        },
        "answer": "B",
        "distance": "inner_outer_variant_0"
    },
    {
        "case_id": "CWE252_Unchecked_Return_Value__char_snprintf_01_bad",
        "org_code": "Original Code Snippet:\nvoid Sample_Func()\n{\n    {\n        char dataBuffer[100] = \"\";\n        char * data = dataBuffer;\n        SNPRINTF(data,100-strlen(SRC)-1, \"%s\\n\", SRC);\n    }\n}\n",
        "new_code": "Code Snippet Variant:\nstatic int StaticValue = 836;\nvoid Sample_Func()\n{\n    if (StaticValue==733)\n    {\n        {\n            {\n                char dataBuffer[100] = \"\";\n                char * data = dataBuffer;\n                SNPRINTF(data,100-strlen(SRC)-1, \"%s\\n\", SRC);\n            }\n        }\n    }\n    if (StaticValue==917)\n    {\n        {\n            {\n                char dataBuffer[100] = \"\";\n                char * data = dataBuffer;\n                if (SNPRINTF(data,100-strlen(SRC)-1, \"%s\\n\", SRC) < 0)\n                {\n                    printLine(\"snprintf failed!\");\n                }\n            }\n        }\n    }\n    if(StaticValue==836)\n    {\n        int socketDescriptor;\n        int connectionStatus = 0;\n        char networkBuffer[256];\n        for (socketDescriptor = 0; socketDescriptor < 5; socketDescriptor++) {\n            if (connectionStatus == 0) {\n                networkBuffer[socketDescriptor] = 'A';\n            } else {\n                networkBuffer[socketDescriptor] = '0';\n            }\n        }\n        printLine(\"Successful! Problem Resolved!\");\n    }\n    if (StaticValue==825)\n    {\n        {\n            {\n                char dataBuffer[100] = \"\";\n                char * data = dataBuffer;\n                if (SNPRINTF(data,100-strlen(SRC)-1, \"%s\\n\", SRC) < 0)\n                {\n                    printLine(\"snprintf failed!\");\n                }\n            }\n        }\n    }\n}\n",
        "CWE_ID": "CWE252",
        "question": "Question: What happens if we replace the following original code snippet with the proposed variants? Will the vulnerability CWE252 be triggered, and how does it affect the functionality of the code?",
        "choices": {
            "A": "No, Function Preserved: The vulnerability CWE252 will not be triggered, and the original functionality is fully preserved.",
            "B": "No, Function Impaired: The vulnerability CWE252 will not be triggered, but the functionality of the original code is impaired.",
            "C": "Yes: The vulnerability CWE252 will still be triggered.",
            "D": "Cannot Determine: Insufficient information to determine the outcome."
        },
        "answer": "B",
        "distance": "outer"
    },
    {
        "case_id": "CWE252_Unchecked_Return_Value__char_snprintf_01_bad",
        "org_code": "Original Code Snippet:\nvoid Sample_Func()\n{\n    {\n        char dataBuffer[100] = \"\";\n        char * data = dataBuffer;\n        SNPRINTF(data,100-strlen(SRC)-1, \"%s\\n\", SRC);\n    }\n}\n",
        "new_code": "Code Snippet Variant:\nstatic int StaticValue = 623;\nvoid Sample_Func()\n{\n    {\n        char dataBuffer[100] = \"\";\n        char * data = dataBuffer;\n        if (StaticValue==745)\n        {\n            SNPRINTF(data,100-strlen(SRC)-1, \"%s\\n\", SRC);\n        }\n        if (StaticValue==623)\n        {\n            SNPRINTF(data,100-strlen(SRC)-1, \"%s\\n\", SRC);\n        }\n        if (StaticValue==501)\n        {\n            if (SNPRINTF(data,100-strlen(SRC)-1, \"%s\\n\", SRC) < 0)\n            {\n                printLine(\"snprintf failed!\");\n            }\n        }\n    }\n}\n",
        "CWE_ID": "CWE252",
        "question": "Question: What happens if we replace the following original code snippet with the proposed variants? Will the vulnerability CWE252 be triggered, and how does it affect the functionality of the code?",
        "choices": {
            "A": "No, Function Preserved: The vulnerability CWE252 will not be triggered, and the original functionality is fully preserved.",
            "B": "No, Function Impaired: The vulnerability CWE252 will not be triggered, but the functionality of the original code is impaired.",
            "C": "Yes: The vulnerability CWE252 will still be triggered.",
            "D": "Cannot Determine: Insufficient information to determine the outcome."
        },
        "answer": "C",
        "distance": "inner_0"
    },
    {
        "case_id": "CWE252_Unchecked_Return_Value__char_snprintf_01_bad",
        "org_code": "Original Code Snippet:\nvoid Sample_Func()\n{\n    {\n        char dataBuffer[100] = \"\";\n        char * data = dataBuffer;\n        SNPRINTF(data,100-strlen(SRC)-1, \"%s\\n\", SRC);\n    }\n}\n",
        "new_code": "Code Snippet Variant:\nstatic int StaticValue = 623;\nvoid Sample_Func()\n{\n    if (StaticValue==623)\n    {\n        {\n            {\n                char dataBuffer[100] = \"\";\n                char * data = dataBuffer;\n                if (StaticValue==745)\n                {\n                    SNPRINTF(data,100-strlen(SRC)-1, \"%s\\n\", SRC);\n                }\n                if (StaticValue==623)\n                {\n                    SNPRINTF(data,100-strlen(SRC)-1, \"%s\\n\", SRC);\n                }\n                if (StaticValue==501)\n                {\n                    if (SNPRINTF(data,100-strlen(SRC)-1, \"%s\\n\", SRC) < 0)\n                    {\n                        printLine(\"snprintf failed!\");\n                    }\n                }\n            }\n        }\n    }\n    if (StaticValue==718)\n    {\n        {\n            {\n                char dataBuffer[100] = \"\";\n                char * data = dataBuffer;\n                SNPRINTF(data,100-strlen(SRC)-1, \"%s\\n\", SRC);\n            }\n        }\n    }\n    if (StaticValue==528)\n    {\n        {\n            {\n                char dataBuffer[100] = \"\";\n                char * data = dataBuffer;\n                if (SNPRINTF(data,100-strlen(SRC)-1, \"%s\\n\", SRC) < 0)\n                {\n                    printLine(\"snprintf failed!\");\n                }\n            }\n        }\n    }\n}\n",
        "CWE_ID": "CWE252",
        "question": "Question: What happens if we replace the following original code snippet with the proposed variants? Will the vulnerability CWE252 be triggered, and how does it affect the functionality of the code?",
        "choices": {
            "A": "No, Function Preserved: The vulnerability CWE252 will not be triggered, and the original functionality is fully preserved.",
            "B": "No, Function Impaired: The vulnerability CWE252 will not be triggered, but the functionality of the original code is impaired.",
            "C": "Yes: The vulnerability CWE252 will still be triggered.",
            "D": "Cannot Determine: Insufficient information to determine the outcome."
        },
        "answer": "C",
        "distance": "inner_outer_0"
    },
    {
        "case_id": "CWE252_Unchecked_Return_Value__char_snprintf_01_bad",
        "org_code": "Original Code Snippet:\nvoid Sample_Func()\n{\n    {\n        char dataBuffer[100] = \"\";\n        char * data = dataBuffer;\n        SNPRINTF(data,100-strlen(SRC)-1, \"%s\\n\", SRC);\n    }\n}\n",
        "new_code": "Code Snippet Variant:\nstatic int StaticValue = 623;\nvoid Sample_Func()\n{\n    {\n        char dataBuffer[100] = \"\";\n        char * data = dataBuffer;\n        if(StaticValue==623)\n        {\n            if (StaticValue==745)\n            {\n                SNPRINTF(data,100-strlen(SRC)-1, \"%s\\n\", SRC);\n            }\n        }\n        if (StaticValue==623)\n        {\n            SNPRINTF(data,100-strlen(SRC)-1, \"%s\\n\", SRC);\n        }\n        if(623==623)\n        {\n            if (StaticValue==501)\n            {\n                if (SNPRINTF(data,100-strlen(SRC)-1, \"%s\\n\", SRC) < 0)\n                {\n                    printLine(\"snprintf failed!\");\n                }\n            }\n        }\n    }\n}\n",
        "CWE_ID": "CWE252",
        "question": "Question: What happens if we replace the following original code snippet with the proposed variants? Will the vulnerability CWE252 be triggered, and how does it affect the functionality of the code?",
        "choices": {
            "A": "No, Function Preserved: The vulnerability CWE252 will not be triggered, and the original functionality is fully preserved.",
            "B": "No, Function Impaired: The vulnerability CWE252 will not be triggered, but the functionality of the original code is impaired.",
            "C": "Yes: The vulnerability CWE252 will still be triggered.",
            "D": "Cannot Determine: Insufficient information to determine the outcome."
        },
        "answer": "C",
        "distance": "inner_variant_0"
    },
    {
        "case_id": "CWE252_Unchecked_Return_Value__char_snprintf_01_bad",
        "org_code": "Original Code Snippet:\nvoid Sample_Func()\n{\n    {\n        char dataBuffer[100] = \"\";\n        char * data = dataBuffer;\n        SNPRINTF(data,100-strlen(SRC)-1, \"%s\\n\", SRC);\n    }\n}\n",
        "new_code": "Code Snippet Variant:\nstatic int StaticValue = 623;\nvoid Sample_Func()\n{\n    if (StaticValue==623)\n    {\n        {\n            {\n                char dataBuffer[100] = \"\";\n                char * data = dataBuffer;\n                SNPRINTF(data,100-strlen(SRC)-1, \"%s\\n\", SRC);\n            }\n        }\n    }\n    if (StaticValue==718)\n    {\n        {\n            {\n                char dataBuffer[100] = \"\";\n                char * data = dataBuffer;\n                SNPRINTF(data,100-strlen(SRC)-1, \"%s\\n\", SRC);\n            }\n        }\n    }\n    if (StaticValue==528)\n    {\n        {\n            {\n                char dataBuffer[100] = \"\";\n                char * data = dataBuffer;\n                if (SNPRINTF(data,100-strlen(SRC)-1, \"%s\\n\", SRC) < 0)\n                {\n                    printLine(\"snprintf failed!\");\n                }\n            }\n        }\n    }\n}\n",
        "CWE_ID": "CWE252",
        "question": "Question: What happens if we replace the following original code snippet with the proposed variants? Will the vulnerability CWE252 be triggered, and how does it affect the functionality of the code?",
        "choices": {
            "A": "No, Function Preserved: The vulnerability CWE252 will not be triggered, and the original functionality is fully preserved.",
            "B": "No, Function Impaired: The vulnerability CWE252 will not be triggered, but the functionality of the original code is impaired.",
            "C": "Yes: The vulnerability CWE252 will still be triggered.",
            "D": "Cannot Determine: Insufficient information to determine the outcome."
        },
        "answer": "C",
        "distance": "outer"
    }
]