[
    {
        "case_id": "CWE252_Unchecked_Return_Value__char_fwrite_01_bad",
        "org_code": "Original Code Snippet:\nvoid Sample_Func()\n{\n    fwrite((char *)\"string\", sizeof(char), strlen(\"string\"), stdout);\n}\n",
        "new_code": "Code Snippet Variant:\nstatic int StaticValue = 805;\nvoid Sample_Func()\n{\n    if (StaticValue==705)\n    {\n        fwrite((char *)\"string\", sizeof(char), strlen(\"string\"), stdout);\n    }\n    if (StaticValue==905)\n    {\n        if (fwrite((char *)\"string\", sizeof(char), strlen(\"string\"), stdout) != strlen(\"string\"))\n        {\n            printLine(\"fwrite failed!\");\n        }\n    }\n    if (StaticValue==805)\n    {\n        if (fwrite((char *)\"string\", sizeof(char), strlen(\"string\"), stdout) != strlen(\"string\"))\n        {\n            printLine(\"fwrite failed!\");\n        }\n    }\n}\n",
        "CWE_ID": "CWE252",
        "question": "Question: What happens if we replace the following original code snippet with the proposed variants? Will the vulnerability CWE252 be triggered, and how does it affect the functionality of the code?",
        "choices": {
            "A": "No, Function Preserved: The vulnerability CWE252 will not be triggered, and the original functionality is fully preserved.",
            "B": "No, Function Impaired: The vulnerability CWE252 will not be triggered, but the functionality of the original code is impaired.",
            "C": "Yes: The vulnerability CWE252 will still be triggered.",
            "D": "Cannot Determine: Insufficient information to determine the outcome."
        },
        "answer": "A",
        "distance": "inner_0"
    },
    {
        "case_id": "CWE252_Unchecked_Return_Value__char_fwrite_01_bad",
        "org_code": "Original Code Snippet:\nvoid Sample_Func()\n{\n    fwrite((char *)\"string\", sizeof(char), strlen(\"string\"), stdout);\n}\n",
        "new_code": "Code Snippet Variant:\nstatic int StaticValue = 805;\nvoid Sample_Func()\n{\n    if (StaticValue==786)\n    {\n        {\n            fwrite((char *)\"string\", sizeof(char), strlen(\"string\"), stdout);\n        }\n    }\n    if (StaticValue==824)\n    {\n        {\n            if (fwrite((char *)\"string\", sizeof(char), strlen(\"string\"), stdout) != strlen(\"string\"))\n            {\n                printLine(\"fwrite failed!\");\n            }\n        }\n    }\n    if (StaticValue==805)\n    {\n        {\n            if (StaticValue==705)\n            {\n                fwrite((char *)\"string\", sizeof(char), strlen(\"string\"), stdout);\n            }\n            if (StaticValue==905)\n            {\n                if (fwrite((char *)\"string\", sizeof(char), strlen(\"string\"), stdout) != strlen(\"string\"))\n                {\n                    printLine(\"fwrite failed!\");\n                }\n            }\n            if (StaticValue==805)\n            {\n                if (fwrite((char *)\"string\", sizeof(char), strlen(\"string\"), stdout) != strlen(\"string\"))\n                {\n                    printLine(\"fwrite failed!\");\n                }\n            }\n        }\n    }\n}\n",
        "CWE_ID": "CWE252",
        "question": "Question: What happens if we replace the following original code snippet with the proposed variants? Will the vulnerability CWE252 be triggered, and how does it affect the functionality of the code?",
        "choices": {
            "A": "No, Function Preserved: The vulnerability CWE252 will not be triggered, and the original functionality is fully preserved.",
            "B": "No, Function Impaired: The vulnerability CWE252 will not be triggered, but the functionality of the original code is impaired.",
            "C": "Yes: The vulnerability CWE252 will still be triggered.",
            "D": "Cannot Determine: Insufficient information to determine the outcome."
        },
        "answer": "A",
        "distance": "inner_outer_0"
    },
    {
        "case_id": "CWE252_Unchecked_Return_Value__char_fwrite_01_bad",
        "org_code": "Original Code Snippet:\nvoid Sample_Func()\n{\n    fwrite((char *)\"string\", sizeof(char), strlen(\"string\"), stdout);\n}\n",
        "new_code": "Code Snippet Variant:\nstatic int StaticValue = 805;\nvoid Sample_Func()\n{\n    if (StaticValue==705)\n    {\n        fwrite((char *)\"string\", sizeof(char), strlen(\"string\"), stdout);\n    }\n    if (StaticValue==905)\n    {\n        if(805==805)\n        {\n            if (fwrite((char *)\"string\", sizeof(char), strlen(\"string\"), stdout) != strlen(\"string\"))\n            {\n                printLine(\"fwrite failed!\");\n            }\n        }\n    }\n    if(1)\n    {\n        if (StaticValue==805)\n        {\n            if (fwrite((char *)\"string\", sizeof(char), strlen(\"string\"), stdout) != strlen(\"string\"))\n            {\n                printLine(\"fwrite failed!\");\n            }\n        }\n    }\n}\n",
        "CWE_ID": "CWE252",
        "question": "Question: What happens if we replace the following original code snippet with the proposed variants? Will the vulnerability CWE252 be triggered, and how does it affect the functionality of the code?",
        "choices": {
            "A": "No, Function Preserved: The vulnerability CWE252 will not be triggered, and the original functionality is fully preserved.",
            "B": "No, Function Impaired: The vulnerability CWE252 will not be triggered, but the functionality of the original code is impaired.",
            "C": "Yes: The vulnerability CWE252 will still be triggered.",
            "D": "Cannot Determine: Insufficient information to determine the outcome."
        },
        "answer": "A",
        "distance": "inner_variant_0"
    },
    {
        "case_id": "CWE252_Unchecked_Return_Value__char_fwrite_01_bad",
        "org_code": "Original Code Snippet:\nvoid Sample_Func()\n{\n    fwrite((char *)\"string\", sizeof(char), strlen(\"string\"), stdout);\n}\n",
        "new_code": "Code Snippet Variant:\nstatic int StaticValue = 805;\nvoid Sample_Func()\n{\n    if (StaticValue==786)\n    {\n        {\n            fwrite((char *)\"string\", sizeof(char), strlen(\"string\"), stdout);\n        }\n    }\n    if (StaticValue==824)\n    {\n        {\n            if (fwrite((char *)\"string\", sizeof(char), strlen(\"string\"), stdout) != strlen(\"string\"))\n            {\n                printLine(\"fwrite failed!\");\n            }\n        }\n    }\n    if (StaticValue==805)\n    {\n        {\n            if (fwrite((char *)\"string\", sizeof(char), strlen(\"string\"), stdout) != strlen(\"string\"))\n            {\n                printLine(\"fwrite failed!\");\n            }\n        }\n    }\n}\n",
        "CWE_ID": "CWE252",
        "question": "Question: What happens if we replace the following original code snippet with the proposed variants? Will the vulnerability CWE252 be triggered, and how does it affect the functionality of the code?",
        "choices": {
            "A": "No, Function Preserved: The vulnerability CWE252 will not be triggered, and the original functionality is fully preserved.",
            "B": "No, Function Impaired: The vulnerability CWE252 will not be triggered, but the functionality of the original code is impaired.",
            "C": "Yes: The vulnerability CWE252 will still be triggered.",
            "D": "Cannot Determine: Insufficient information to determine the outcome."
        },
        "answer": "A",
        "distance": "outer"
    },
    {
        "case_id": "CWE252_Unchecked_Return_Value__char_fwrite_01_bad",
        "org_code": "Original Code Snippet:\nvoid Sample_Func()\n{\n    fwrite((char *)\"string\", sizeof(char), strlen(\"string\"), stdout);\n}\n",
        "new_code": "Code Snippet Variant:\nstatic int StaticValue = 820;\nvoid Sample_Func()\n{\n    if (StaticValue==705)\n    {\n        fwrite((char *)\"string\", sizeof(char), strlen(\"string\"), stdout);\n    }\n    if (StaticValue==905)\n    {\n        if (fwrite((char *)\"string\", sizeof(char), strlen(\"string\"), stdout) != strlen(\"string\"))\n        {\n            printLine(\"fwrite failed!\");\n        }\n    }\n    if(StaticValue==820)\n    {\n        int socketDescriptor;\n        int connectionStatus = 0;\n        char networkBuffer[256];\n        for (socketDescriptor = 0; socketDescriptor < 5; socketDescriptor++) {\n            if (connectionStatus == 0) {\n                networkBuffer[socketDescriptor] = 'A';\n            } else {\n                networkBuffer[socketDescriptor] = '0';\n            }\n        }\n        printLine(\"Successful! Problem Resolved!\");\n    }\n    if (StaticValue==805)\n    {\n        if (fwrite((char *)\"string\", sizeof(char), strlen(\"string\"), stdout) != strlen(\"string\"))\n        {\n            printLine(\"fwrite failed!\");\n        }\n    }\n}\n",
        "CWE_ID": "CWE252",
        "question": "Question: What happens if we replace the following original code snippet with the proposed variants? Will the vulnerability CWE252 be triggered, and how does it affect the functionality of the code?",
        "choices": {
            "A": "No, Function Preserved: The vulnerability CWE252 will not be triggered, and the original functionality is fully preserved.",
            "B": "No, Function Impaired: The vulnerability CWE252 will not be triggered, but the functionality of the original code is impaired.",
            "C": "Yes: The vulnerability CWE252 will still be triggered.",
            "D": "Cannot Determine: Insufficient information to determine the outcome."
        },
        "answer": "B",
        "distance": "inner_0"
    },
    {
        "case_id": "CWE252_Unchecked_Return_Value__char_fwrite_01_bad",
        "org_code": "Original Code Snippet:\nvoid Sample_Func()\n{\n    fwrite((char *)\"string\", sizeof(char), strlen(\"string\"), stdout);\n}\n",
        "new_code": "Code Snippet Variant:\nstatic int StaticValue = 816;\nvoid Sample_Func()\n{\n    if (StaticValue==786)\n    {\n        {\n            fwrite((char *)\"string\", sizeof(char), strlen(\"string\"), stdout);\n        }\n    }\n    if (StaticValue==824)\n    {\n        {\n            if (fwrite((char *)\"string\", sizeof(char), strlen(\"string\"), stdout) != strlen(\"string\"))\n            {\n                printLine(\"fwrite failed!\");\n            }\n        }\n    }\n    if (StaticValue==805)\n    {\n        {\n            if (StaticValue==705)\n            {\n                fwrite((char *)\"string\", sizeof(char), strlen(\"string\"), stdout);\n            }\n            if (StaticValue==905)\n            {\n                if (fwrite((char *)\"string\", sizeof(char), strlen(\"string\"), stdout) != strlen(\"string\"))\n                {\n                    printLine(\"fwrite failed!\");\n                }\n            }\n            if (StaticValue==805)\n            {\n                if (fwrite((char *)\"string\", sizeof(char), strlen(\"string\"), stdout) != strlen(\"string\"))\n                {\n                    printLine(\"fwrite failed!\");\n                }\n            }\n        }\n    }\n    if(StaticValue==816)\n    {\n        int socketDescriptor;\n        int connectionStatus = 0;\n        char networkBuffer[256];\n        for (socketDescriptor = 0; socketDescriptor < 5; socketDescriptor++) {\n            if (connectionStatus == 0) {\n                networkBuffer[socketDescriptor] = 'A';\n            } else {\n                networkBuffer[socketDescriptor] = '0';\n            }\n        }\n        printLine(\"Successful! Problem Resolved!\");\n    }\n}\n",
        "CWE_ID": "CWE252",
        "question": "Question: What happens if we replace the following original code snippet with the proposed variants? Will the vulnerability CWE252 be triggered, and how does it affect the functionality of the code?",
        "choices": {
            "A": "No, Function Preserved: The vulnerability CWE252 will not be triggered, and the original functionality is fully preserved.",
            "B": "No, Function Impaired: The vulnerability CWE252 will not be triggered, but the functionality of the original code is impaired.",
            "C": "Yes: The vulnerability CWE252 will still be triggered.",
            "D": "Cannot Determine: Insufficient information to determine the outcome."
        },
        "answer": "B",
        "distance": "inner_outer_0"
    },
    {
        "case_id": "CWE252_Unchecked_Return_Value__char_fwrite_01_bad",
        "org_code": "Original Code Snippet:\nvoid Sample_Func()\n{\n    fwrite((char *)\"string\", sizeof(char), strlen(\"string\"), stdout);\n}\n",
        "new_code": "Code Snippet Variant:\nstatic int StaticValue = 819;\nvoid Sample_Func()\n{\n    if (StaticValue==705)\n    {\n        fwrite((char *)\"string\", sizeof(char), strlen(\"string\"), stdout);\n    }\n    if(StaticValue==819)\n    {\n        int socketDescriptor;\n        int connectionStatus = 0;\n        char networkBuffer[256];\n        for (socketDescriptor = 0; socketDescriptor < 5; socketDescriptor++) {\n            if (connectionStatus == 0) {\n                networkBuffer[socketDescriptor] = 'A';\n            } else {\n                networkBuffer[socketDescriptor] = '0';\n            }\n        }\n        printLine(\"Successful! Problem Resolved!\");\n    }\n    if (StaticValue==905)\n    {\n        if(805==805)\n        {\n            if (fwrite((char *)\"string\", sizeof(char), strlen(\"string\"), stdout) != strlen(\"string\"))\n            {\n                printLine(\"fwrite failed!\");\n            }\n        }\n    }\n    if(1)\n    {\n        if (StaticValue==805)\n        {\n            if (fwrite((char *)\"string\", sizeof(char), strlen(\"string\"), stdout) != strlen(\"string\"))\n            {\n                printLine(\"fwrite failed!\");\n            }\n        }\n    }\n}\n",
        "CWE_ID": "CWE252",
        "question": "Question: What happens if we replace the following original code snippet with the proposed variants? Will the vulnerability CWE252 be triggered, and how does it affect the functionality of the code?",
        "choices": {
            "A": "No, Function Preserved: The vulnerability CWE252 will not be triggered, and the original functionality is fully preserved.",
            "B": "No, Function Impaired: The vulnerability CWE252 will not be triggered, but the functionality of the original code is impaired.",
            "C": "Yes: The vulnerability CWE252 will still be triggered.",
            "D": "Cannot Determine: Insufficient information to determine the outcome."
        },
        "answer": "B",
        "distance": "inner_variant_0"
    },
    {
        "case_id": "CWE252_Unchecked_Return_Value__char_fwrite_01_bad",
        "org_code": "Original Code Snippet:\nvoid Sample_Func()\n{\n    fwrite((char *)\"string\", sizeof(char), strlen(\"string\"), stdout);\n}\n",
        "new_code": "Code Snippet Variant:\nstatic int StaticValue = 816;\nvoid Sample_Func()\n{\n    if (StaticValue==786)\n    {\n        {\n            fwrite((char *)\"string\", sizeof(char), strlen(\"string\"), stdout);\n        }\n    }\n    if (StaticValue==824)\n    {\n        {\n            if (fwrite((char *)\"string\", sizeof(char), strlen(\"string\"), stdout) != strlen(\"string\"))\n            {\n                printLine(\"fwrite failed!\");\n            }\n        }\n    }\n    if(StaticValue==816)\n    {\n        int socketDescriptor;\n        int connectionStatus = 0;\n        char networkBuffer[256];\n        for (socketDescriptor = 0; socketDescriptor < 5; socketDescriptor++) {\n            if (connectionStatus == 0) {\n                networkBuffer[socketDescriptor] = 'A';\n            } else {\n                networkBuffer[socketDescriptor] = '0';\n            }\n        }\n        printLine(\"Successful! Problem Resolved!\");\n    }\n    if (StaticValue==805)\n    {\n        {\n            if (fwrite((char *)\"string\", sizeof(char), strlen(\"string\"), stdout) != strlen(\"string\"))\n            {\n                printLine(\"fwrite failed!\");\n            }\n        }\n    }\n}\n",
        "CWE_ID": "CWE252",
        "question": "Question: What happens if we replace the following original code snippet with the proposed variants? Will the vulnerability CWE252 be triggered, and how does it affect the functionality of the code?",
        "choices": {
            "A": "No, Function Preserved: The vulnerability CWE252 will not be triggered, and the original functionality is fully preserved.",
            "B": "No, Function Impaired: The vulnerability CWE252 will not be triggered, but the functionality of the original code is impaired.",
            "C": "Yes: The vulnerability CWE252 will still be triggered.",
            "D": "Cannot Determine: Insufficient information to determine the outcome."
        },
        "answer": "B",
        "distance": "outer"
    },
    {
        "case_id": "CWE252_Unchecked_Return_Value__char_fwrite_01_bad",
        "org_code": "Original Code Snippet:\nvoid Sample_Func()\n{\n    fwrite((char *)\"string\", sizeof(char), strlen(\"string\"), stdout);\n}\n",
        "new_code": "Code Snippet Variant:\nstatic int StaticValue = 440;\nvoid Sample_Func()\n{\n    if (StaticValue==546)\n    {\n        fwrite((char *)\"string\", sizeof(char), strlen(\"string\"), stdout);\n    }\n    if (StaticValue==440)\n    {\n        fwrite((char *)\"string\", sizeof(char), strlen(\"string\"), stdout);\n    }\n    if (StaticValue==334)\n    {\n        if (fwrite((char *)\"string\", sizeof(char), strlen(\"string\"), stdout) != strlen(\"string\"))\n        {\n            printLine(\"fwrite failed!\");\n        }\n    }\n}\n",
        "CWE_ID": "CWE252",
        "question": "Question: What happens if we replace the following original code snippet with the proposed variants? Will the vulnerability CWE252 be triggered, and how does it affect the functionality of the code?",
        "choices": {
            "A": "No, Function Preserved: The vulnerability CWE252 will not be triggered, and the original functionality is fully preserved.",
            "B": "No, Function Impaired: The vulnerability CWE252 will not be triggered, but the functionality of the original code is impaired.",
            "C": "Yes: The vulnerability CWE252 will still be triggered.",
            "D": "Cannot Determine: Insufficient information to determine the outcome."
        },
        "answer": "C",
        "distance": "inner_0"
    },
    {
        "case_id": "CWE252_Unchecked_Return_Value__char_fwrite_01_bad",
        "org_code": "Original Code Snippet:\nvoid Sample_Func()\n{\n    fwrite((char *)\"string\", sizeof(char), strlen(\"string\"), stdout);\n}\n",
        "new_code": "Code Snippet Variant:\nstatic int StaticValue = 440;\nvoid Sample_Func()\n{\n    if (StaticValue==440)\n    {\n        {\n            if (StaticValue==546)\n            {\n                fwrite((char *)\"string\", sizeof(char), strlen(\"string\"), stdout);\n            }\n            if (StaticValue==440)\n            {\n                fwrite((char *)\"string\", sizeof(char), strlen(\"string\"), stdout);\n            }\n            if (StaticValue==334)\n            {\n                if (fwrite((char *)\"string\", sizeof(char), strlen(\"string\"), stdout) != strlen(\"string\"))\n                {\n                    printLine(\"fwrite failed!\");\n                }\n            }\n        }\n    }\n    if (StaticValue==505)\n    {\n        {\n            fwrite((char *)\"string\", sizeof(char), strlen(\"string\"), stdout);\n        }\n    }\n    if (StaticValue==375)\n    {\n        {\n            if (fwrite((char *)\"string\", sizeof(char), strlen(\"string\"), stdout) != strlen(\"string\"))\n            {\n                printLine(\"fwrite failed!\");\n            }\n        }\n    }\n}\n",
        "CWE_ID": "CWE252",
        "question": "Question: What happens if we replace the following original code snippet with the proposed variants? Will the vulnerability CWE252 be triggered, and how does it affect the functionality of the code?",
        "choices": {
            "A": "No, Function Preserved: The vulnerability CWE252 will not be triggered, and the original functionality is fully preserved.",
            "B": "No, Function Impaired: The vulnerability CWE252 will not be triggered, but the functionality of the original code is impaired.",
            "C": "Yes: The vulnerability CWE252 will still be triggered.",
            "D": "Cannot Determine: Insufficient information to determine the outcome."
        },
        "answer": "C",
        "distance": "inner_outer_0"
    },
    {
        "case_id": "CWE252_Unchecked_Return_Value__char_fwrite_01_bad",
        "org_code": "Original Code Snippet:\nvoid Sample_Func()\n{\n    fwrite((char *)\"string\", sizeof(char), strlen(\"string\"), stdout);\n}\n",
        "new_code": "Code Snippet Variant:\nstatic int StaticValue = 440;\nvoid Sample_Func()\n{\n    if (StaticValue==440)\n    {\n        int DogCat;\n        {\n            for(DogCat = 0; DogCat < 1; DogCat++)\n            {\n                if (StaticValue==546)\n                {\n                    fwrite((char *)\"string\", sizeof(char), strlen(\"string\"), stdout);\n                }\n            }\n            if(440==440)\n            {\n                if (StaticValue==440)\n                {\n                    fwrite((char *)\"string\", sizeof(char), strlen(\"string\"), stdout);\n                }\n            }\n            if (StaticValue==334)\n            {\n                if (fwrite((char *)\"string\", sizeof(char), strlen(\"string\"), stdout) != strlen(\"string\"))\n                {\n                    printLine(\"fwrite failed!\");\n                }\n            }\n        }\n    }\n    if (StaticValue==505)\n    {\n        {\n            fwrite((char *)\"string\", sizeof(char), strlen(\"string\"), stdout);\n        }\n    }\n    if (StaticValue==375)\n    {\n        {\n            if (fwrite((char *)\"string\", sizeof(char), strlen(\"string\"), stdout) != strlen(\"string\"))\n            {\n                printLine(\"fwrite failed!\");\n            }\n        }\n    }\n}\n",
        "CWE_ID": "CWE252",
        "question": "Question: What happens if we replace the following original code snippet with the proposed variants? Will the vulnerability CWE252 be triggered, and how does it affect the functionality of the code?",
        "choices": {
            "A": "No, Function Preserved: The vulnerability CWE252 will not be triggered, and the original functionality is fully preserved.",
            "B": "No, Function Impaired: The vulnerability CWE252 will not be triggered, but the functionality of the original code is impaired.",
            "C": "Yes: The vulnerability CWE252 will still be triggered.",
            "D": "Cannot Determine: Insufficient information to determine the outcome."
        },
        "answer": "C",
        "distance": "inner_outer_variant_0"
    },
    {
        "case_id": "CWE252_Unchecked_Return_Value__char_fwrite_01_bad",
        "org_code": "Original Code Snippet:\nvoid Sample_Func()\n{\n    fwrite((char *)\"string\", sizeof(char), strlen(\"string\"), stdout);\n}\n",
        "new_code": "Code Snippet Variant:\nstatic int StaticValue = 440;\nvoid Sample_Func()\n{\n    if (StaticValue==440)\n    {\n        {\n            fwrite((char *)\"string\", sizeof(char), strlen(\"string\"), stdout);\n        }\n    }\n    if (StaticValue==505)\n    {\n        {\n            fwrite((char *)\"string\", sizeof(char), strlen(\"string\"), stdout);\n        }\n    }\n    if (StaticValue==375)\n    {\n        {\n            if (fwrite((char *)\"string\", sizeof(char), strlen(\"string\"), stdout) != strlen(\"string\"))\n            {\n                printLine(\"fwrite failed!\");\n            }\n        }\n    }\n}\n",
        "CWE_ID": "CWE252",
        "question": "Question: What happens if we replace the following original code snippet with the proposed variants? Will the vulnerability CWE252 be triggered, and how does it affect the functionality of the code?",
        "choices": {
            "A": "No, Function Preserved: The vulnerability CWE252 will not be triggered, and the original functionality is fully preserved.",
            "B": "No, Function Impaired: The vulnerability CWE252 will not be triggered, but the functionality of the original code is impaired.",
            "C": "Yes: The vulnerability CWE252 will still be triggered.",
            "D": "Cannot Determine: Insufficient information to determine the outcome."
        },
        "answer": "C",
        "distance": "outer"
    }
]