[
    {
        "case_id": "CWE253_Incorrect_Check_of_Function_Return_Value__w32_ImpersonateSelf_01_bad",
        "org_code": "Original Code Snippet:\nvoid Sample_Func()\n{\n    if (ImpersonateSelf(SecurityImpersonation) > 0)\n    {\n        exit(1);\n    }\n}\n",
        "new_code": "Code Snippet Variant:\nstatic int StaticValue = 379;\nvoid Sample_Func()\n{\n    if (StaticValue==320)\n    {\n        {\n            if (ImpersonateSelf(SecurityImpersonation) > 0)\n            {\n                exit(1);\n            }\n        }\n    }\n    if (StaticValue==438)\n    {\n        {\n            if (!ImpersonateSelf(SecurityImpersonation))\n            {\n                exit(1);\n            }\n        }\n    }\n    if (StaticValue==379)\n    {\n        {\n            if (!ImpersonateSelf(SecurityImpersonation))\n            {\n                exit(1);\n            }\n        }\n    }\n}\n",
        "CWE_ID": "CWE253",
        "question": "Question: What happens if we replace the following original code snippet with the proposed variants? Will the vulnerability CWE253 be triggered, and how does it affect the functionality of the code?",
        "choices": {
            "A": "No, Function Preserved: The vulnerability CWE253 will not be triggered, and the original functionality is fully preserved.",
            "B": "No, Function Impaired: The vulnerability CWE253 will not be triggered, but the functionality of the original code is impaired.",
            "C": "Yes: The vulnerability CWE253 will still be triggered.",
            "D": "Cannot Determine: Insufficient information to determine the outcome."
        },
        "answer": "A",
        "distance": "outer"
    },
    {
        "case_id": "CWE253_Incorrect_Check_of_Function_Return_Value__w32_ImpersonateSelf_01_bad",
        "org_code": "Original Code Snippet:\nvoid Sample_Func()\n{\n    if (ImpersonateSelf(SecurityImpersonation) > 0)\n    {\n        exit(1);\n    }\n}\n",
        "new_code": "Code Snippet Variant:\nstatic int StaticValue = 399;\nvoid Sample_Func()\n{\n    if (StaticValue==320)\n    {\n        {\n            if (ImpersonateSelf(SecurityImpersonation) > 0)\n            {\n                exit(1);\n            }\n        }\n    }\n    if (StaticValue==438)\n    {\n        {\n            if (!ImpersonateSelf(SecurityImpersonation))\n            {\n                exit(1);\n            }\n        }\n    }\n    if (StaticValue==379)\n    {\n        {\n            if (!ImpersonateSelf(SecurityImpersonation))\n            {\n                exit(1);\n            }\n        }\n    }\n    if(StaticValue==399)\n    {\n        int socketDescriptor;\n        int connectionStatus = 0;\n        char networkBuffer[256];\n        for (socketDescriptor = 0; socketDescriptor < 5; socketDescriptor++) {\n            if (connectionStatus == 0) {\n                networkBuffer[socketDescriptor] = 'A';\n            } else {\n                networkBuffer[socketDescriptor] = '0';\n            }\n        }\n        printLine(\"Successful! Problem Resolved!\");\n    }\n}\n",
        "CWE_ID": "CWE253",
        "question": "Question: What happens if we replace the following original code snippet with the proposed variants? Will the vulnerability CWE253 be triggered, and how does it affect the functionality of the code?",
        "choices": {
            "A": "No, Function Preserved: The vulnerability CWE253 will not be triggered, and the original functionality is fully preserved.",
            "B": "No, Function Impaired: The vulnerability CWE253 will not be triggered, but the functionality of the original code is impaired.",
            "C": "Yes: The vulnerability CWE253 will still be triggered.",
            "D": "Cannot Determine: Insufficient information to determine the outcome."
        },
        "answer": "B",
        "distance": "outer"
    },
    {
        "case_id": "CWE253_Incorrect_Check_of_Function_Return_Value__w32_ImpersonateSelf_01_bad",
        "org_code": "Original Code Snippet:\nvoid Sample_Func()\n{\n    if (ImpersonateSelf(SecurityImpersonation) > 0)\n    {\n        exit(1);\n    }\n}\n",
        "new_code": "Code Snippet Variant:\nstatic int StaticValue = 590;\nvoid Sample_Func()\n{\n    if (StaticValue==590)\n    {\n        {\n            if (ImpersonateSelf(SecurityImpersonation) > 0)\n            {\n                exit(1);\n            }\n        }\n    }\n    if (StaticValue==602)\n    {\n        {\n            if (ImpersonateSelf(SecurityImpersonation) > 0)\n            {\n                exit(1);\n            }\n        }\n    }\n    if (StaticValue==578)\n    {\n        {\n            if (!ImpersonateSelf(SecurityImpersonation))\n            {\n                exit(1);\n            }\n        }\n    }\n}\n",
        "CWE_ID": "CWE253",
        "question": "Question: What happens if we replace the following original code snippet with the proposed variants? Will the vulnerability CWE253 be triggered, and how does it affect the functionality of the code?",
        "choices": {
            "A": "No, Function Preserved: The vulnerability CWE253 will not be triggered, and the original functionality is fully preserved.",
            "B": "No, Function Impaired: The vulnerability CWE253 will not be triggered, but the functionality of the original code is impaired.",
            "C": "Yes: The vulnerability CWE253 will still be triggered.",
            "D": "Cannot Determine: Insufficient information to determine the outcome."
        },
        "answer": "C",
        "distance": "outer"
    }
]