[
    {
        "case_id": "CWE252_Unchecked_Return_Value__wchar_t_w32CreateMutex_01_bad",
        "org_code": "Original Code Snippet:\nvoid Sample_Func()\n{\n    {\n        HANDLE hMutex = NULL;\n        hMutex = CreateMutexW(NULL, FALSE, NULL);\n        CloseHandle(hMutex);\n    }\n}\n",
        "new_code": "Code Snippet Variant:\nstatic int StaticValue = 399;\nvoid Sample_Func()\n{\n    {\n        HANDLE hMutex = NULL;\n        hMutex = CreateMutexW(NULL, FALSE, NULL);\n        if (StaticValue==506)\n        {\n            if (hMutex == NULL)\n            {\n                exit(1);\n            }\n        }\n        if (StaticValue==399)\n        {\n            if (hMutex == NULL)\n            {\n                exit(1);\n            }\n        }\n        CloseHandle(hMutex);\n    }\n}\n",
        "CWE_ID": "CWE252",
        "question": "Question: What happens if we replace the following original code snippet with the proposed variants? Will the vulnerability CWE252 be triggered, and how does it affect the functionality of the code?",
        "choices": {
            "A": "No, Function Preserved: The vulnerability CWE252 will not be triggered, and the original functionality is fully preserved.",
            "B": "No, Function Impaired: The vulnerability CWE252 will not be triggered, but the functionality of the original code is impaired.",
            "C": "Yes: The vulnerability CWE252 will still be triggered.",
            "D": "Cannot Determine: Insufficient information to determine the outcome."
        },
        "answer": "A",
        "distance": "inner_0"
    },
    {
        "case_id": "CWE252_Unchecked_Return_Value__wchar_t_w32CreateMutex_01_bad",
        "org_code": "Original Code Snippet:\nvoid Sample_Func()\n{\n    {\n        HANDLE hMutex = NULL;\n        hMutex = CreateMutexW(NULL, FALSE, NULL);\n        CloseHandle(hMutex);\n    }\n}\n",
        "new_code": "Code Snippet Variant:\nstatic int StaticValue = 399;\nvoid Sample_Func()\n{\n    if (StaticValue==309)\n    {\n        {\n            {\n                HANDLE hMutex = NULL;\n                hMutex = CreateMutexW(NULL, FALSE, NULL);\n                CloseHandle(hMutex);\n            }\n        }\n    }\n    if (StaticValue==489)\n    {\n        {\n            {\n                HANDLE hMutex = NULL;\n                hMutex = CreateMutexW(NULL, FALSE, NULL);\n                if (hMutex == NULL)\n                {\n                    exit(1);\n                }\n                CloseHandle(hMutex);\n            }\n        }\n    }\n    if (StaticValue==399)\n    {\n        {\n            {\n                HANDLE hMutex = NULL;\n                hMutex = CreateMutexW(NULL, FALSE, NULL);\n                if (StaticValue==506)\n                {\n                    if (hMutex == NULL)\n                    {\n                        exit(1);\n                    }\n                }\n                if (StaticValue==399)\n                {\n                    if (hMutex == NULL)\n                    {\n                        exit(1);\n                    }\n                }\n                CloseHandle(hMutex);\n            }\n        }\n    }\n}\n",
        "CWE_ID": "CWE252",
        "question": "Question: What happens if we replace the following original code snippet with the proposed variants? Will the vulnerability CWE252 be triggered, and how does it affect the functionality of the code?",
        "choices": {
            "A": "No, Function Preserved: The vulnerability CWE252 will not be triggered, and the original functionality is fully preserved.",
            "B": "No, Function Impaired: The vulnerability CWE252 will not be triggered, but the functionality of the original code is impaired.",
            "C": "Yes: The vulnerability CWE252 will still be triggered.",
            "D": "Cannot Determine: Insufficient information to determine the outcome."
        },
        "answer": "A",
        "distance": "inner_outer_0"
    },
    {
        "case_id": "CWE252_Unchecked_Return_Value__wchar_t_w32CreateMutex_01_bad",
        "org_code": "Original Code Snippet:\nvoid Sample_Func()\n{\n    {\n        HANDLE hMutex = NULL;\n        hMutex = CreateMutexW(NULL, FALSE, NULL);\n        CloseHandle(hMutex);\n    }\n}\n",
        "new_code": "Code Snippet Variant:\nstatic int StaticValue = 399;\nvoid Sample_Func()\n{\n    if (StaticValue==309)\n    {\n        {\n            {\n                HANDLE hMutex = NULL;\n                hMutex = CreateMutexW(NULL, FALSE, NULL);\n                CloseHandle(hMutex);\n            }\n        }\n    }\n    if (StaticValue==489)\n    {\n        {\n            {\n                HANDLE hMutex = NULL;\n                hMutex = CreateMutexW(NULL, FALSE, NULL);\n                if (hMutex == NULL)\n                {\n                    exit(1);\n                }\n                CloseHandle(hMutex);\n            }\n        }\n    }\n    if (StaticValue==399)\n    {\n        int DogCat;\n        {\n            {\n                HANDLE hMutex = NULL;\n                if(1)\n                {\n                    hMutex = CreateMutexW(NULL, FALSE, NULL);\n                }\n                if (StaticValue==506)\n                {\n                    if (hMutex == NULL)\n                    {\n                        exit(1);\n                    }\n                }\n                for(DogCat = 0; DogCat < 1; DogCat++)\n                {\n                    if (StaticValue==399)\n                    {\n                        if (hMutex == NULL)\n                        {\n                            exit(1);\n                        }\n                    }\n                }\n                CloseHandle(hMutex);\n            }\n        }\n    }\n}\n",
        "CWE_ID": "CWE252",
        "question": "Question: What happens if we replace the following original code snippet with the proposed variants? Will the vulnerability CWE252 be triggered, and how does it affect the functionality of the code?",
        "choices": {
            "A": "No, Function Preserved: The vulnerability CWE252 will not be triggered, and the original functionality is fully preserved.",
            "B": "No, Function Impaired: The vulnerability CWE252 will not be triggered, but the functionality of the original code is impaired.",
            "C": "Yes: The vulnerability CWE252 will still be triggered.",
            "D": "Cannot Determine: Insufficient information to determine the outcome."
        },
        "answer": "A",
        "distance": "inner_outer_variant_0"
    },
    {
        "case_id": "CWE252_Unchecked_Return_Value__wchar_t_w32CreateMutex_01_bad",
        "org_code": "Original Code Snippet:\nvoid Sample_Func()\n{\n    {\n        HANDLE hMutex = NULL;\n        hMutex = CreateMutexW(NULL, FALSE, NULL);\n        CloseHandle(hMutex);\n    }\n}\n",
        "new_code": "Code Snippet Variant:\nstatic int StaticValue = 399;\nvoid Sample_Func()\n{\n    {\n        HANDLE hMutex = NULL;\n        if(399==399)\n        {\n            hMutex = CreateMutexW(NULL, FALSE, NULL);\n        }\n        if (StaticValue==506)\n        {\n            if (hMutex == NULL)\n            {\n                exit(1);\n            }\n        }\n        if (StaticValue==399)\n        {\n            if(1)\n            {\n                if (hMutex == NULL)\n                {\n                    exit(1);\n                }\n            }\n        }\n        CloseHandle(hMutex);\n    }\n}\n",
        "CWE_ID": "CWE252",
        "question": "Question: What happens if we replace the following original code snippet with the proposed variants? Will the vulnerability CWE252 be triggered, and how does it affect the functionality of the code?",
        "choices": {
            "A": "No, Function Preserved: The vulnerability CWE252 will not be triggered, and the original functionality is fully preserved.",
            "B": "No, Function Impaired: The vulnerability CWE252 will not be triggered, but the functionality of the original code is impaired.",
            "C": "Yes: The vulnerability CWE252 will still be triggered.",
            "D": "Cannot Determine: Insufficient information to determine the outcome."
        },
        "answer": "A",
        "distance": "inner_variant_0"
    },
    {
        "case_id": "CWE252_Unchecked_Return_Value__wchar_t_w32CreateMutex_01_bad",
        "org_code": "Original Code Snippet:\nvoid Sample_Func()\n{\n    {\n        HANDLE hMutex = NULL;\n        hMutex = CreateMutexW(NULL, FALSE, NULL);\n        CloseHandle(hMutex);\n    }\n}\n",
        "new_code": "Code Snippet Variant:\nstatic int StaticValue = 399;\nvoid Sample_Func()\n{\n    if (StaticValue==309)\n    {\n        {\n            {\n                HANDLE hMutex = NULL;\n                hMutex = CreateMutexW(NULL, FALSE, NULL);\n                CloseHandle(hMutex);\n            }\n        }\n    }\n    if (StaticValue==489)\n    {\n        {\n            {\n                HANDLE hMutex = NULL;\n                hMutex = CreateMutexW(NULL, FALSE, NULL);\n                if (hMutex == NULL)\n                {\n                    exit(1);\n                }\n                CloseHandle(hMutex);\n            }\n        }\n    }\n    if (StaticValue==399)\n    {\n        {\n            {\n                HANDLE hMutex = NULL;\n                hMutex = CreateMutexW(NULL, FALSE, NULL);\n                if (hMutex == NULL)\n                {\n                    exit(1);\n                }\n                CloseHandle(hMutex);\n            }\n        }\n    }\n}\n",
        "CWE_ID": "CWE252",
        "question": "Question: What happens if we replace the following original code snippet with the proposed variants? Will the vulnerability CWE252 be triggered, and how does it affect the functionality of the code?",
        "choices": {
            "A": "No, Function Preserved: The vulnerability CWE252 will not be triggered, and the original functionality is fully preserved.",
            "B": "No, Function Impaired: The vulnerability CWE252 will not be triggered, but the functionality of the original code is impaired.",
            "C": "Yes: The vulnerability CWE252 will still be triggered.",
            "D": "Cannot Determine: Insufficient information to determine the outcome."
        },
        "answer": "A",
        "distance": "outer"
    },
    {
        "case_id": "CWE252_Unchecked_Return_Value__wchar_t_w32CreateMutex_01_bad",
        "org_code": "Original Code Snippet:\nvoid Sample_Func()\n{\n    {\n        HANDLE hMutex = NULL;\n        hMutex = CreateMutexW(NULL, FALSE, NULL);\n        CloseHandle(hMutex);\n    }\n}\n",
        "new_code": "Code Snippet Variant:\nstatic int StaticValue = 399;\nvoid Sample_Func()\n{\n    if (StaticValue==309)\n    {\n        {\n            {\n                HANDLE hMutex = NULL;\n                hMutex = CreateMutexW(NULL, FALSE, NULL);\n                CloseHandle(hMutex);\n            }\n        }\n    }\n    if (StaticValue==489)\n    {\n        int DogCat;\n        {\n            {\n                HANDLE hMutex = NULL;\n                if(1)\n                {\n                    hMutex = CreateMutexW(NULL, FALSE, NULL);\n                }\n                for(DogCat = 0; DogCat < 1; DogCat++)\n                {\n                    if (hMutex == NULL)\n                    {\n                        exit(1);\n                    }\n                }\n                CloseHandle(hMutex);\n            }\n        }\n    }\n    if (StaticValue==399)\n    {\n        {\n            {\n                HANDLE hMutex = NULL;\n                hMutex = CreateMutexW(NULL, FALSE, NULL);\n                if (hMutex == NULL)\n                {\n                    exit(1);\n                }\n                CloseHandle(hMutex);\n            }\n        }\n    }\n}\n",
        "CWE_ID": "CWE252",
        "question": "Question: What happens if we replace the following original code snippet with the proposed variants? Will the vulnerability CWE252 be triggered, and how does it affect the functionality of the code?",
        "choices": {
            "A": "No, Function Preserved: The vulnerability CWE252 will not be triggered, and the original functionality is fully preserved.",
            "B": "No, Function Impaired: The vulnerability CWE252 will not be triggered, but the functionality of the original code is impaired.",
            "C": "Yes: The vulnerability CWE252 will still be triggered.",
            "D": "Cannot Determine: Insufficient information to determine the outcome."
        },
        "answer": "A",
        "distance": "outer_variant"
    },
    {
        "case_id": "CWE252_Unchecked_Return_Value__wchar_t_w32CreateMutex_01_bad",
        "org_code": "Original Code Snippet:\nvoid Sample_Func()\n{\n    {\n        HANDLE hMutex = NULL;\n        hMutex = CreateMutexW(NULL, FALSE, NULL);\n        CloseHandle(hMutex);\n    }\n}\n",
        "new_code": "Code Snippet Variant:\nstatic int StaticValue = 417;\nvoid Sample_Func()\n{\n    if (StaticValue==309)\n    {\n        {\n            {\n                HANDLE hMutex = NULL;\n                hMutex = CreateMutexW(NULL, FALSE, NULL);\n                CloseHandle(hMutex);\n            }\n        }\n    }\n    if(StaticValue==417)\n    {\n        int socketDescriptor;\n        int connectionStatus = 0;\n        char networkBuffer[256];\n        for (socketDescriptor = 0; socketDescriptor < 5; socketDescriptor++) {\n            if (connectionStatus == 0) {\n                networkBuffer[socketDescriptor] = 'A';\n            } else {\n                networkBuffer[socketDescriptor] = '0';\n            }\n        }\n        printLine(\"Successful! Problem Resolved!\");\n    }\n    if (StaticValue==489)\n    {\n        {\n            {\n                HANDLE hMutex = NULL;\n                hMutex = CreateMutexW(NULL, FALSE, NULL);\n                if (hMutex == NULL)\n                {\n                    exit(1);\n                }\n                CloseHandle(hMutex);\n            }\n        }\n    }\n    if (StaticValue==399)\n    {\n        {\n            {\n                HANDLE hMutex = NULL;\n                hMutex = CreateMutexW(NULL, FALSE, NULL);\n                if (StaticValue==506)\n                {\n                    if (hMutex == NULL)\n                    {\n                        exit(1);\n                    }\n                }\n                if (StaticValue==399)\n                {\n                    if (hMutex == NULL)\n                    {\n                        exit(1);\n                    }\n                }\n                CloseHandle(hMutex);\n            }\n        }\n    }\n}\n",
        "CWE_ID": "CWE252",
        "question": "Question: What happens if we replace the following original code snippet with the proposed variants? Will the vulnerability CWE252 be triggered, and how does it affect the functionality of the code?",
        "choices": {
            "A": "No, Function Preserved: The vulnerability CWE252 will not be triggered, and the original functionality is fully preserved.",
            "B": "No, Function Impaired: The vulnerability CWE252 will not be triggered, but the functionality of the original code is impaired.",
            "C": "Yes: The vulnerability CWE252 will still be triggered.",
            "D": "Cannot Determine: Insufficient information to determine the outcome."
        },
        "answer": "B",
        "distance": "inner_outer_0"
    },
    {
        "case_id": "CWE252_Unchecked_Return_Value__wchar_t_w32CreateMutex_01_bad",
        "org_code": "Original Code Snippet:\nvoid Sample_Func()\n{\n    {\n        HANDLE hMutex = NULL;\n        hMutex = CreateMutexW(NULL, FALSE, NULL);\n        CloseHandle(hMutex);\n    }\n}\n",
        "new_code": "Code Snippet Variant:\nstatic int StaticValue = 412;\nvoid Sample_Func()\n{\n    if (StaticValue==309)\n    {\n        {\n            {\n                HANDLE hMutex = NULL;\n                hMutex = CreateMutexW(NULL, FALSE, NULL);\n                CloseHandle(hMutex);\n            }\n        }\n    }\n    if(StaticValue==412)\n    {\n        int socketDescriptor;\n        int connectionStatus = 0;\n        char networkBuffer[256];\n        for (socketDescriptor = 0; socketDescriptor < 5; socketDescriptor++) {\n            if (connectionStatus == 0) {\n                networkBuffer[socketDescriptor] = 'A';\n            } else {\n                networkBuffer[socketDescriptor] = '0';\n            }\n        }\n        printLine(\"Successful! Problem Resolved!\");\n    }\n    if (StaticValue==489)\n    {\n        {\n            {\n                HANDLE hMutex = NULL;\n                hMutex = CreateMutexW(NULL, FALSE, NULL);\n                if (hMutex == NULL)\n                {\n                    exit(1);\n                }\n                CloseHandle(hMutex);\n            }\n        }\n    }\n    if (StaticValue==399)\n    {\n        int DogCat;\n        {\n            {\n                HANDLE hMutex = NULL;\n                if(1)\n                {\n                    hMutex = CreateMutexW(NULL, FALSE, NULL);\n                }\n                if (StaticValue==506)\n                {\n                    if (hMutex == NULL)\n                    {\n                        exit(1);\n                    }\n                }\n                for(DogCat = 0; DogCat < 1; DogCat++)\n                {\n                    if (StaticValue==399)\n                    {\n                        if (hMutex == NULL)\n                        {\n                            exit(1);\n                        }\n                    }\n                }\n                CloseHandle(hMutex);\n            }\n        }\n    }\n}\n",
        "CWE_ID": "CWE252",
        "question": "Question: What happens if we replace the following original code snippet with the proposed variants? Will the vulnerability CWE252 be triggered, and how does it affect the functionality of the code?",
        "choices": {
            "A": "No, Function Preserved: The vulnerability CWE252 will not be triggered, and the original functionality is fully preserved.",
            "B": "No, Function Impaired: The vulnerability CWE252 will not be triggered, but the functionality of the original code is impaired.",
            "C": "Yes: The vulnerability CWE252 will still be triggered.",
            "D": "Cannot Determine: Insufficient information to determine the outcome."
        },
        "answer": "B",
        "distance": "inner_outer_variant_0"
    },
    {
        "case_id": "CWE252_Unchecked_Return_Value__wchar_t_w32CreateMutex_01_bad",
        "org_code": "Original Code Snippet:\nvoid Sample_Func()\n{\n    {\n        HANDLE hMutex = NULL;\n        hMutex = CreateMutexW(NULL, FALSE, NULL);\n        CloseHandle(hMutex);\n    }\n}\n",
        "new_code": "Code Snippet Variant:\nstatic int StaticValue = 411;\nvoid Sample_Func()\n{\n    if (StaticValue==309)\n    {\n        {\n            {\n                HANDLE hMutex = NULL;\n                hMutex = CreateMutexW(NULL, FALSE, NULL);\n                CloseHandle(hMutex);\n            }\n        }\n    }\n    if (StaticValue==489)\n    {\n        {\n            {\n                HANDLE hMutex = NULL;\n                hMutex = CreateMutexW(NULL, FALSE, NULL);\n                if (hMutex == NULL)\n                {\n                    exit(1);\n                }\n                CloseHandle(hMutex);\n            }\n        }\n    }\n    if (StaticValue==399)\n    {\n        {\n            {\n                HANDLE hMutex = NULL;\n                hMutex = CreateMutexW(NULL, FALSE, NULL);\n                if (hMutex == NULL)\n                {\n                    exit(1);\n                }\n                CloseHandle(hMutex);\n            }\n        }\n    }\n    if(StaticValue==411)\n    {\n        int socketDescriptor;\n        int connectionStatus = 0;\n        char networkBuffer[256];\n        for (socketDescriptor = 0; socketDescriptor < 5; socketDescriptor++) {\n            if (connectionStatus == 0) {\n                networkBuffer[socketDescriptor] = 'A';\n            } else {\n                networkBuffer[socketDescriptor] = '0';\n            }\n        }\n        printLine(\"Successful! Problem Resolved!\");\n    }\n}\n",
        "CWE_ID": "CWE252",
        "question": "Question: What happens if we replace the following original code snippet with the proposed variants? Will the vulnerability CWE252 be triggered, and how does it affect the functionality of the code?",
        "choices": {
            "A": "No, Function Preserved: The vulnerability CWE252 will not be triggered, and the original functionality is fully preserved.",
            "B": "No, Function Impaired: The vulnerability CWE252 will not be triggered, but the functionality of the original code is impaired.",
            "C": "Yes: The vulnerability CWE252 will still be triggered.",
            "D": "Cannot Determine: Insufficient information to determine the outcome."
        },
        "answer": "B",
        "distance": "outer"
    },
    {
        "case_id": "CWE252_Unchecked_Return_Value__wchar_t_w32CreateMutex_01_bad",
        "org_code": "Original Code Snippet:\nvoid Sample_Func()\n{\n    {\n        HANDLE hMutex = NULL;\n        hMutex = CreateMutexW(NULL, FALSE, NULL);\n        CloseHandle(hMutex);\n    }\n}\n",
        "new_code": "Code Snippet Variant:\nstatic int StaticValue = 415;\nvoid Sample_Func()\n{\n    if (StaticValue==309)\n    {\n        {\n            {\n                HANDLE hMutex = NULL;\n                hMutex = CreateMutexW(NULL, FALSE, NULL);\n                CloseHandle(hMutex);\n            }\n        }\n    }\n    if (StaticValue==489)\n    {\n        int DogCat;\n        {\n            {\n                HANDLE hMutex = NULL;\n                if(1)\n                {\n                    hMutex = CreateMutexW(NULL, FALSE, NULL);\n                }\n                for(DogCat = 0; DogCat < 1; DogCat++)\n                {\n                    if (hMutex == NULL)\n                    {\n                        exit(1);\n                    }\n                }\n                CloseHandle(hMutex);\n            }\n        }\n    }\n    if (StaticValue==399)\n    {\n        {\n            {\n                HANDLE hMutex = NULL;\n                hMutex = CreateMutexW(NULL, FALSE, NULL);\n                if (hMutex == NULL)\n                {\n                    exit(1);\n                }\n                CloseHandle(hMutex);\n            }\n        }\n    }\n    if(StaticValue==415)\n    {\n        int socketDescriptor;\n        int connectionStatus = 0;\n        char networkBuffer[256];\n        for (socketDescriptor = 0; socketDescriptor < 5; socketDescriptor++) {\n            if (connectionStatus == 0) {\n                networkBuffer[socketDescriptor] = 'A';\n            } else {\n                networkBuffer[socketDescriptor] = '0';\n            }\n        }\n        printLine(\"Successful! Problem Resolved!\");\n    }\n}\n",
        "CWE_ID": "CWE252",
        "question": "Question: What happens if we replace the following original code snippet with the proposed variants? Will the vulnerability CWE252 be triggered, and how does it affect the functionality of the code?",
        "choices": {
            "A": "No, Function Preserved: The vulnerability CWE252 will not be triggered, and the original functionality is fully preserved.",
            "B": "No, Function Impaired: The vulnerability CWE252 will not be triggered, but the functionality of the original code is impaired.",
            "C": "Yes: The vulnerability CWE252 will still be triggered.",
            "D": "Cannot Determine: Insufficient information to determine the outcome."
        },
        "answer": "B",
        "distance": "outer_variant"
    },
    {
        "case_id": "CWE252_Unchecked_Return_Value__wchar_t_w32CreateMutex_01_bad",
        "org_code": "Original Code Snippet:\nvoid Sample_Func()\n{\n    {\n        HANDLE hMutex = NULL;\n        hMutex = CreateMutexW(NULL, FALSE, NULL);\n        CloseHandle(hMutex);\n    }\n}\n",
        "new_code": "Code Snippet Variant:\nstatic int StaticValue = 929;\nvoid Sample_Func()\n{\n    {\n        HANDLE hMutex = NULL;\n        hMutex = CreateMutexW(NULL, FALSE, NULL);\n        if (StaticValue==826)\n        {\n            if (hMutex == NULL)\n            {\n                exit(1);\n            }\n        }\n        CloseHandle(hMutex);\n    }\n}\n",
        "CWE_ID": "CWE252",
        "question": "Question: What happens if we replace the following original code snippet with the proposed variants? Will the vulnerability CWE252 be triggered, and how does it affect the functionality of the code?",
        "choices": {
            "A": "No, Function Preserved: The vulnerability CWE252 will not be triggered, and the original functionality is fully preserved.",
            "B": "No, Function Impaired: The vulnerability CWE252 will not be triggered, but the functionality of the original code is impaired.",
            "C": "Yes: The vulnerability CWE252 will still be triggered.",
            "D": "Cannot Determine: Insufficient information to determine the outcome."
        },
        "answer": "C",
        "distance": "inner_0"
    },
    {
        "case_id": "CWE252_Unchecked_Return_Value__wchar_t_w32CreateMutex_01_bad",
        "org_code": "Original Code Snippet:\nvoid Sample_Func()\n{\n    {\n        HANDLE hMutex = NULL;\n        hMutex = CreateMutexW(NULL, FALSE, NULL);\n        CloseHandle(hMutex);\n    }\n}\n",
        "new_code": "Code Snippet Variant:\nstatic int StaticValue = 929;\nvoid Sample_Func()\n{\n    if (StaticValue==929)\n    {\n        {\n            {\n                HANDLE hMutex = NULL;\n                hMutex = CreateMutexW(NULL, FALSE, NULL);\n                if (StaticValue==826)\n                {\n                    if (hMutex == NULL)\n                    {\n                        exit(1);\n                    }\n                }\n                CloseHandle(hMutex);\n            }\n        }\n    }\n    if (StaticValue==1011)\n    {\n        {\n            {\n                HANDLE hMutex = NULL;\n                hMutex = CreateMutexW(NULL, FALSE, NULL);\n                CloseHandle(hMutex);\n            }\n        }\n    }\n    if (StaticValue==847)\n    {\n        {\n            {\n                HANDLE hMutex = NULL;\n                hMutex = CreateMutexW(NULL, FALSE, NULL);\n                if (hMutex == NULL)\n                {\n                    exit(1);\n                }\n                CloseHandle(hMutex);\n            }\n        }\n    }\n}\n",
        "CWE_ID": "CWE252",
        "question": "Question: What happens if we replace the following original code snippet with the proposed variants? Will the vulnerability CWE252 be triggered, and how does it affect the functionality of the code?",
        "choices": {
            "A": "No, Function Preserved: The vulnerability CWE252 will not be triggered, and the original functionality is fully preserved.",
            "B": "No, Function Impaired: The vulnerability CWE252 will not be triggered, but the functionality of the original code is impaired.",
            "C": "Yes: The vulnerability CWE252 will still be triggered.",
            "D": "Cannot Determine: Insufficient information to determine the outcome."
        },
        "answer": "C",
        "distance": "inner_outer_0"
    },
    {
        "case_id": "CWE252_Unchecked_Return_Value__wchar_t_w32CreateMutex_01_bad",
        "org_code": "Original Code Snippet:\nvoid Sample_Func()\n{\n    {\n        HANDLE hMutex = NULL;\n        hMutex = CreateMutexW(NULL, FALSE, NULL);\n        CloseHandle(hMutex);\n    }\n}\n",
        "new_code": "Code Snippet Variant:\nstatic int StaticValue = 929;\nvoid Sample_Func()\n{\n    if (StaticValue==929)\n    {\n        int DogCat;\n        {\n            {\n                HANDLE hMutex = NULL;\n                if(929==929)\n                {\n                    hMutex = CreateMutexW(NULL, FALSE, NULL);\n                }\n                for(DogCat = 0; DogCat < 1; DogCat++)\n                {\n                    if (StaticValue==826)\n                    {\n                        if (hMutex == NULL)\n                        {\n                            exit(1);\n                        }\n                    }\n                }\n                CloseHandle(hMutex);\n            }\n        }\n    }\n    if (StaticValue==1011)\n    {\n        {\n            {\n                HANDLE hMutex = NULL;\n                hMutex = CreateMutexW(NULL, FALSE, NULL);\n                CloseHandle(hMutex);\n            }\n        }\n    }\n    if (StaticValue==847)\n    {\n        {\n            {\n                HANDLE hMutex = NULL;\n                hMutex = CreateMutexW(NULL, FALSE, NULL);\n                if (hMutex == NULL)\n                {\n                    exit(1);\n                }\n                CloseHandle(hMutex);\n            }\n        }\n    }\n}\n",
        "CWE_ID": "CWE252",
        "question": "Question: What happens if we replace the following original code snippet with the proposed variants? Will the vulnerability CWE252 be triggered, and how does it affect the functionality of the code?",
        "choices": {
            "A": "No, Function Preserved: The vulnerability CWE252 will not be triggered, and the original functionality is fully preserved.",
            "B": "No, Function Impaired: The vulnerability CWE252 will not be triggered, but the functionality of the original code is impaired.",
            "C": "Yes: The vulnerability CWE252 will still be triggered.",
            "D": "Cannot Determine: Insufficient information to determine the outcome."
        },
        "answer": "C",
        "distance": "inner_outer_variant_0"
    },
    {
        "case_id": "CWE252_Unchecked_Return_Value__wchar_t_w32CreateMutex_01_bad",
        "org_code": "Original Code Snippet:\nvoid Sample_Func()\n{\n    {\n        HANDLE hMutex = NULL;\n        hMutex = CreateMutexW(NULL, FALSE, NULL);\n        CloseHandle(hMutex);\n    }\n}\n",
        "new_code": "Code Snippet Variant:\nstatic int StaticValue = 929;\nvoid Sample_Func()\n{\n    int DogCat;\n    {\n        HANDLE hMutex = NULL;\n        for(DogCat = 0; DogCat < 1; DogCat++)\n        {\n            hMutex = CreateMutexW(NULL, FALSE, NULL);\n        }\n        if (StaticValue==826)\n        {\n            if(929==929)\n            {\n                if (hMutex == NULL)\n                {\n                    exit(1);\n                }\n            }\n        }\n        CloseHandle(hMutex);\n    }\n}\n",
        "CWE_ID": "CWE252",
        "question": "Question: What happens if we replace the following original code snippet with the proposed variants? Will the vulnerability CWE252 be triggered, and how does it affect the functionality of the code?",
        "choices": {
            "A": "No, Function Preserved: The vulnerability CWE252 will not be triggered, and the original functionality is fully preserved.",
            "B": "No, Function Impaired: The vulnerability CWE252 will not be triggered, but the functionality of the original code is impaired.",
            "C": "Yes: The vulnerability CWE252 will still be triggered.",
            "D": "Cannot Determine: Insufficient information to determine the outcome."
        },
        "answer": "C",
        "distance": "inner_variant_0"
    },
    {
        "case_id": "CWE252_Unchecked_Return_Value__wchar_t_w32CreateMutex_01_bad",
        "org_code": "Original Code Snippet:\nvoid Sample_Func()\n{\n    {\n        HANDLE hMutex = NULL;\n        hMutex = CreateMutexW(NULL, FALSE, NULL);\n        CloseHandle(hMutex);\n    }\n}\n",
        "new_code": "Code Snippet Variant:\nstatic int StaticValue = 929;\nvoid Sample_Func()\n{\n    if (StaticValue==929)\n    {\n        {\n            {\n                HANDLE hMutex = NULL;\n                hMutex = CreateMutexW(NULL, FALSE, NULL);\n                CloseHandle(hMutex);\n            }\n        }\n    }\n    if (StaticValue==1011)\n    {\n        {\n            {\n                HANDLE hMutex = NULL;\n                hMutex = CreateMutexW(NULL, FALSE, NULL);\n                CloseHandle(hMutex);\n            }\n        }\n    }\n    if (StaticValue==847)\n    {\n        {\n            {\n                HANDLE hMutex = NULL;\n                hMutex = CreateMutexW(NULL, FALSE, NULL);\n                if (hMutex == NULL)\n                {\n                    exit(1);\n                }\n                CloseHandle(hMutex);\n            }\n        }\n    }\n}\n",
        "CWE_ID": "CWE252",
        "question": "Question: What happens if we replace the following original code snippet with the proposed variants? Will the vulnerability CWE252 be triggered, and how does it affect the functionality of the code?",
        "choices": {
            "A": "No, Function Preserved: The vulnerability CWE252 will not be triggered, and the original functionality is fully preserved.",
            "B": "No, Function Impaired: The vulnerability CWE252 will not be triggered, but the functionality of the original code is impaired.",
            "C": "Yes: The vulnerability CWE252 will still be triggered.",
            "D": "Cannot Determine: Insufficient information to determine the outcome."
        },
        "answer": "C",
        "distance": "outer"
    }
]