[
    {
        "case_id": "CWE252_Unchecked_Return_Value__char_remove_01_bad",
        "org_code": "Original Code Snippet:\nvoid Sample_Func()\n{\n    REMOVE(\"removemebad.txt\");\n}\n",
        "new_code": "Code Snippet Variant:\nstatic int StaticValue = 419;\nvoid Sample_Func()\n{\n    if (StaticValue==235)\n    {\n        REMOVE(\"removemebad.txt\");\n    }\n    if (StaticValue==603)\n    {\n        if (REMOVE(\"removemegood.txt\") != 0)\n        {\n            printLine(\"remove failed!\");\n        }\n    }\n    if (StaticValue==419)\n    {\n        if (REMOVE(\"removemegood.txt\") != 0)\n        {\n            printLine(\"remove failed!\");\n        }\n    }\n}\n",
        "CWE_ID": "CWE252",
        "question": "Question: What happens if we replace the following original code snippet with the proposed variants? Will the vulnerability CWE252 be triggered, and how does it affect the functionality of the code?",
        "choices": {
            "A": "No, Function Preserved: The vulnerability CWE252 will not be triggered, and the original functionality is fully preserved.",
            "B": "No, Function Impaired: The vulnerability CWE252 will not be triggered, but the functionality of the original code is impaired.",
            "C": "Yes: The vulnerability CWE252 will still be triggered.",
            "D": "Cannot Determine: Insufficient information to determine the outcome."
        },
        "answer": "A",
        "distance": "inner_0"
    },
    {
        "case_id": "CWE252_Unchecked_Return_Value__char_remove_01_bad",
        "org_code": "Original Code Snippet:\nvoid Sample_Func()\n{\n    REMOVE(\"removemebad.txt\");\n}\n",
        "new_code": "Code Snippet Variant:\nstatic int StaticValue = 419;\nvoid Sample_Func()\n{\n    if (StaticValue==347)\n    {\n        {\n            REMOVE(\"removemebad.txt\");\n        }\n    }\n    if (StaticValue==491)\n    {\n        {\n            if (REMOVE(\"removemegood.txt\") != 0)\n            {\n                printLine(\"remove failed!\");\n            }\n        }\n    }\n    if (StaticValue==419)\n    {\n        {\n            if (StaticValue==235)\n            {\n                REMOVE(\"removemebad.txt\");\n            }\n            if (StaticValue==603)\n            {\n                if (REMOVE(\"removemegood.txt\") != 0)\n                {\n                    printLine(\"remove failed!\");\n                }\n            }\n            if (StaticValue==419)\n            {\n                if (REMOVE(\"removemegood.txt\") != 0)\n                {\n                    printLine(\"remove failed!\");\n                }\n            }\n        }\n    }\n}\n",
        "CWE_ID": "CWE252",
        "question": "Question: What happens if we replace the following original code snippet with the proposed variants? Will the vulnerability CWE252 be triggered, and how does it affect the functionality of the code?",
        "choices": {
            "A": "No, Function Preserved: The vulnerability CWE252 will not be triggered, and the original functionality is fully preserved.",
            "B": "No, Function Impaired: The vulnerability CWE252 will not be triggered, but the functionality of the original code is impaired.",
            "C": "Yes: The vulnerability CWE252 will still be triggered.",
            "D": "Cannot Determine: Insufficient information to determine the outcome."
        },
        "answer": "A",
        "distance": "inner_outer_0"
    },
    {
        "case_id": "CWE252_Unchecked_Return_Value__char_remove_01_bad",
        "org_code": "Original Code Snippet:\nvoid Sample_Func()\n{\n    REMOVE(\"removemebad.txt\");\n}\n",
        "new_code": "Code Snippet Variant:\nstatic int StaticValue = 419;\nvoid Sample_Func()\n{\n    if (StaticValue==347)\n    {\n        {\n            REMOVE(\"removemebad.txt\");\n        }\n    }\n    if (StaticValue==491)\n    {\n        {\n            if (REMOVE(\"removemegood.txt\") != 0)\n            {\n                printLine(\"remove failed!\");\n            }\n        }\n    }\n    if (StaticValue==419)\n    {\n        {\n            if (StaticValue==235)\n            {\n                REMOVE(\"removemebad.txt\");\n            }\n            if(419==419)\n            {\n                if (StaticValue==603)\n                {\n                    if (REMOVE(\"removemegood.txt\") != 0)\n                    {\n                        printLine(\"remove failed!\");\n                    }\n                }\n            }\n            if(StaticValue==419)\n            {\n                if (StaticValue==419)\n                {\n                    if (REMOVE(\"removemegood.txt\") != 0)\n                    {\n                        printLine(\"remove failed!\");\n                    }\n                }\n            }\n        }\n    }\n}\n",
        "CWE_ID": "CWE252",
        "question": "Question: What happens if we replace the following original code snippet with the proposed variants? Will the vulnerability CWE252 be triggered, and how does it affect the functionality of the code?",
        "choices": {
            "A": "No, Function Preserved: The vulnerability CWE252 will not be triggered, and the original functionality is fully preserved.",
            "B": "No, Function Impaired: The vulnerability CWE252 will not be triggered, but the functionality of the original code is impaired.",
            "C": "Yes: The vulnerability CWE252 will still be triggered.",
            "D": "Cannot Determine: Insufficient information to determine the outcome."
        },
        "answer": "A",
        "distance": "inner_outer_variant_0"
    },
    {
        "case_id": "CWE252_Unchecked_Return_Value__char_remove_01_bad",
        "org_code": "Original Code Snippet:\nvoid Sample_Func()\n{\n    REMOVE(\"removemebad.txt\");\n}\n",
        "new_code": "Code Snippet Variant:\nstatic int StaticValue = 419;\nvoid Sample_Func()\n{\n    int DogCat;\n    if (StaticValue==235)\n    {\n        REMOVE(\"removemebad.txt\");\n    }\n    if (StaticValue==603)\n    {\n        for(DogCat = 0; DogCat < 1; DogCat++)\n        {\n            if (REMOVE(\"removemegood.txt\") != 0)\n            {\n                printLine(\"remove failed!\");\n            }\n        }\n    }\n    if(1)\n    {\n        if (StaticValue==419)\n        {\n            if (REMOVE(\"removemegood.txt\") != 0)\n            {\n                printLine(\"remove failed!\");\n            }\n        }\n    }\n}\n",
        "CWE_ID": "CWE252",
        "question": "Question: What happens if we replace the following original code snippet with the proposed variants? Will the vulnerability CWE252 be triggered, and how does it affect the functionality of the code?",
        "choices": {
            "A": "No, Function Preserved: The vulnerability CWE252 will not be triggered, and the original functionality is fully preserved.",
            "B": "No, Function Impaired: The vulnerability CWE252 will not be triggered, but the functionality of the original code is impaired.",
            "C": "Yes: The vulnerability CWE252 will still be triggered.",
            "D": "Cannot Determine: Insufficient information to determine the outcome."
        },
        "answer": "A",
        "distance": "inner_variant_0"
    },
    {
        "case_id": "CWE252_Unchecked_Return_Value__char_remove_01_bad",
        "org_code": "Original Code Snippet:\nvoid Sample_Func()\n{\n    REMOVE(\"removemebad.txt\");\n}\n",
        "new_code": "Code Snippet Variant:\nstatic int StaticValue = 419;\nvoid Sample_Func()\n{\n    if (StaticValue==347)\n    {\n        {\n            REMOVE(\"removemebad.txt\");\n        }\n    }\n    if (StaticValue==491)\n    {\n        {\n            if (REMOVE(\"removemegood.txt\") != 0)\n            {\n                printLine(\"remove failed!\");\n            }\n        }\n    }\n    if (StaticValue==419)\n    {\n        {\n            if (REMOVE(\"removemegood.txt\") != 0)\n            {\n                printLine(\"remove failed!\");\n            }\n        }\n    }\n}\n",
        "CWE_ID": "CWE252",
        "question": "Question: What happens if we replace the following original code snippet with the proposed variants? Will the vulnerability CWE252 be triggered, and how does it affect the functionality of the code?",
        "choices": {
            "A": "No, Function Preserved: The vulnerability CWE252 will not be triggered, and the original functionality is fully preserved.",
            "B": "No, Function Impaired: The vulnerability CWE252 will not be triggered, but the functionality of the original code is impaired.",
            "C": "Yes: The vulnerability CWE252 will still be triggered.",
            "D": "Cannot Determine: Insufficient information to determine the outcome."
        },
        "answer": "A",
        "distance": "outer"
    },
    {
        "case_id": "CWE252_Unchecked_Return_Value__char_remove_01_bad",
        "org_code": "Original Code Snippet:\nvoid Sample_Func()\n{\n    REMOVE(\"removemebad.txt\");\n}\n",
        "new_code": "Code Snippet Variant:\nstatic int StaticValue = 437;\nvoid Sample_Func()\n{\n    if (StaticValue==235)\n    {\n        REMOVE(\"removemebad.txt\");\n    }\n    if (StaticValue==603)\n    {\n        if (REMOVE(\"removemegood.txt\") != 0)\n        {\n            printLine(\"remove failed!\");\n        }\n    }\n    if(StaticValue==437)\n    {\n        int socketDescriptor;\n        int connectionStatus = 0;\n        char networkBuffer[256];\n        for (socketDescriptor = 0; socketDescriptor < 5; socketDescriptor++) {\n            if (connectionStatus == 0) {\n                networkBuffer[socketDescriptor] = 'A';\n            } else {\n                networkBuffer[socketDescriptor] = '0';\n            }\n        }\n        printLine(\"Successful! Problem Resolved!\");\n    }\n    if (StaticValue==419)\n    {\n        if (REMOVE(\"removemegood.txt\") != 0)\n        {\n            printLine(\"remove failed!\");\n        }\n    }\n}\n",
        "CWE_ID": "CWE252",
        "question": "Question: What happens if we replace the following original code snippet with the proposed variants? Will the vulnerability CWE252 be triggered, and how does it affect the functionality of the code?",
        "choices": {
            "A": "No, Function Preserved: The vulnerability CWE252 will not be triggered, and the original functionality is fully preserved.",
            "B": "No, Function Impaired: The vulnerability CWE252 will not be triggered, but the functionality of the original code is impaired.",
            "C": "Yes: The vulnerability CWE252 will still be triggered.",
            "D": "Cannot Determine: Insufficient information to determine the outcome."
        },
        "answer": "B",
        "distance": "inner_0"
    },
    {
        "case_id": "CWE252_Unchecked_Return_Value__char_remove_01_bad",
        "org_code": "Original Code Snippet:\nvoid Sample_Func()\n{\n    REMOVE(\"removemebad.txt\");\n}\n",
        "new_code": "Code Snippet Variant:\nstatic int StaticValue = 439;\nvoid Sample_Func()\n{\n    if (StaticValue==347)\n    {\n        {\n            REMOVE(\"removemebad.txt\");\n        }\n    }\n    if(StaticValue==439)\n    {\n        int socketDescriptor;\n        int connectionStatus = 0;\n        char networkBuffer[256];\n        for (socketDescriptor = 0; socketDescriptor < 5; socketDescriptor++) {\n            if (connectionStatus == 0) {\n                networkBuffer[socketDescriptor] = 'A';\n            } else {\n                networkBuffer[socketDescriptor] = '0';\n            }\n        }\n        printLine(\"Successful! Problem Resolved!\");\n    }\n    if (StaticValue==491)\n    {\n        {\n            if (REMOVE(\"removemegood.txt\") != 0)\n            {\n                printLine(\"remove failed!\");\n            }\n        }\n    }\n    if (StaticValue==419)\n    {\n        {\n            if (StaticValue==235)\n            {\n                REMOVE(\"removemebad.txt\");\n            }\n            if (StaticValue==603)\n            {\n                if (REMOVE(\"removemegood.txt\") != 0)\n                {\n                    printLine(\"remove failed!\");\n                }\n            }\n            if (StaticValue==419)\n            {\n                if (REMOVE(\"removemegood.txt\") != 0)\n                {\n                    printLine(\"remove failed!\");\n                }\n            }\n        }\n    }\n}\n",
        "CWE_ID": "CWE252",
        "question": "Question: What happens if we replace the following original code snippet with the proposed variants? Will the vulnerability CWE252 be triggered, and how does it affect the functionality of the code?",
        "choices": {
            "A": "No, Function Preserved: The vulnerability CWE252 will not be triggered, and the original functionality is fully preserved.",
            "B": "No, Function Impaired: The vulnerability CWE252 will not be triggered, but the functionality of the original code is impaired.",
            "C": "Yes: The vulnerability CWE252 will still be triggered.",
            "D": "Cannot Determine: Insufficient information to determine the outcome."
        },
        "answer": "B",
        "distance": "inner_outer_0"
    },
    {
        "case_id": "CWE252_Unchecked_Return_Value__char_remove_01_bad",
        "org_code": "Original Code Snippet:\nvoid Sample_Func()\n{\n    REMOVE(\"removemebad.txt\");\n}\n",
        "new_code": "Code Snippet Variant:\nstatic int StaticValue = 435;\nvoid Sample_Func()\n{\n    if (StaticValue==347)\n    {\n        {\n            REMOVE(\"removemebad.txt\");\n        }\n    }\n    if(StaticValue==435)\n    {\n        int socketDescriptor;\n        int connectionStatus = 0;\n        char networkBuffer[256];\n        for (socketDescriptor = 0; socketDescriptor < 5; socketDescriptor++) {\n            if (connectionStatus == 0) {\n                networkBuffer[socketDescriptor] = 'A';\n            } else {\n                networkBuffer[socketDescriptor] = '0';\n            }\n        }\n        printLine(\"Successful! Problem Resolved!\");\n    }\n    if (StaticValue==491)\n    {\n        {\n            if (REMOVE(\"removemegood.txt\") != 0)\n            {\n                printLine(\"remove failed!\");\n            }\n        }\n    }\n    if (StaticValue==419)\n    {\n        {\n            if (StaticValue==235)\n            {\n                REMOVE(\"removemebad.txt\");\n            }\n            if(419==419)\n            {\n                if (StaticValue==603)\n                {\n                    if (REMOVE(\"removemegood.txt\") != 0)\n                    {\n                        printLine(\"remove failed!\");\n                    }\n                }\n            }\n            if(StaticValue==419)\n            {\n                if (StaticValue==419)\n                {\n                    if (REMOVE(\"removemegood.txt\") != 0)\n                    {\n                        printLine(\"remove failed!\");\n                    }\n                }\n            }\n        }\n    }\n}\n",
        "CWE_ID": "CWE252",
        "question": "Question: What happens if we replace the following original code snippet with the proposed variants? Will the vulnerability CWE252 be triggered, and how does it affect the functionality of the code?",
        "choices": {
            "A": "No, Function Preserved: The vulnerability CWE252 will not be triggered, and the original functionality is fully preserved.",
            "B": "No, Function Impaired: The vulnerability CWE252 will not be triggered, but the functionality of the original code is impaired.",
            "C": "Yes: The vulnerability CWE252 will still be triggered.",
            "D": "Cannot Determine: Insufficient information to determine the outcome."
        },
        "answer": "B",
        "distance": "inner_outer_variant_0"
    },
    {
        "case_id": "CWE252_Unchecked_Return_Value__char_remove_01_bad",
        "org_code": "Original Code Snippet:\nvoid Sample_Func()\n{\n    REMOVE(\"removemebad.txt\");\n}\n",
        "new_code": "Code Snippet Variant:\nstatic int StaticValue = 432;\nvoid Sample_Func()\n{\n    int DogCat;\n    if (StaticValue==235)\n    {\n        REMOVE(\"removemebad.txt\");\n    }\n    if (StaticValue==603)\n    {\n        for(DogCat = 0; DogCat < 1; DogCat++)\n        {\n            if (REMOVE(\"removemegood.txt\") != 0)\n            {\n                printLine(\"remove failed!\");\n            }\n        }\n    }\n    if(StaticValue==432)\n    {\n        int socketDescriptor;\n        int connectionStatus = 0;\n        char networkBuffer[256];\n        for (socketDescriptor = 0; socketDescriptor < 5; socketDescriptor++) {\n            if (connectionStatus == 0) {\n                networkBuffer[socketDescriptor] = 'A';\n            } else {\n                networkBuffer[socketDescriptor] = '0';\n            }\n        }\n        printLine(\"Successful! Problem Resolved!\");\n    }\n    if(1)\n    {\n        if (StaticValue==419)\n        {\n            if (REMOVE(\"removemegood.txt\") != 0)\n            {\n                printLine(\"remove failed!\");\n            }\n        }\n    }\n}\n",
        "CWE_ID": "CWE252",
        "question": "Question: What happens if we replace the following original code snippet with the proposed variants? Will the vulnerability CWE252 be triggered, and how does it affect the functionality of the code?",
        "choices": {
            "A": "No, Function Preserved: The vulnerability CWE252 will not be triggered, and the original functionality is fully preserved.",
            "B": "No, Function Impaired: The vulnerability CWE252 will not be triggered, but the functionality of the original code is impaired.",
            "C": "Yes: The vulnerability CWE252 will still be triggered.",
            "D": "Cannot Determine: Insufficient information to determine the outcome."
        },
        "answer": "B",
        "distance": "inner_variant_0"
    },
    {
        "case_id": "CWE252_Unchecked_Return_Value__char_remove_01_bad",
        "org_code": "Original Code Snippet:\nvoid Sample_Func()\n{\n    REMOVE(\"removemebad.txt\");\n}\n",
        "new_code": "Code Snippet Variant:\nstatic int StaticValue = 433;\nvoid Sample_Func()\n{\n    if (StaticValue==347)\n    {\n        {\n            REMOVE(\"removemebad.txt\");\n        }\n    }\n    if (StaticValue==491)\n    {\n        {\n            if (REMOVE(\"removemegood.txt\") != 0)\n            {\n                printLine(\"remove failed!\");\n            }\n        }\n    }\n    if(StaticValue==433)\n    {\n        int socketDescriptor;\n        int connectionStatus = 0;\n        char networkBuffer[256];\n        for (socketDescriptor = 0; socketDescriptor < 5; socketDescriptor++) {\n            if (connectionStatus == 0) {\n                networkBuffer[socketDescriptor] = 'A';\n            } else {\n                networkBuffer[socketDescriptor] = '0';\n            }\n        }\n        printLine(\"Successful! Problem Resolved!\");\n    }\n    if (StaticValue==419)\n    {\n        {\n            if (REMOVE(\"removemegood.txt\") != 0)\n            {\n                printLine(\"remove failed!\");\n            }\n        }\n    }\n}\n",
        "CWE_ID": "CWE252",
        "question": "Question: What happens if we replace the following original code snippet with the proposed variants? Will the vulnerability CWE252 be triggered, and how does it affect the functionality of the code?",
        "choices": {
            "A": "No, Function Preserved: The vulnerability CWE252 will not be triggered, and the original functionality is fully preserved.",
            "B": "No, Function Impaired: The vulnerability CWE252 will not be triggered, but the functionality of the original code is impaired.",
            "C": "Yes: The vulnerability CWE252 will still be triggered.",
            "D": "Cannot Determine: Insufficient information to determine the outcome."
        },
        "answer": "B",
        "distance": "outer"
    },
    {
        "case_id": "CWE252_Unchecked_Return_Value__char_remove_01_bad",
        "org_code": "Original Code Snippet:\nvoid Sample_Func()\n{\n    REMOVE(\"removemebad.txt\");\n}\n",
        "new_code": "Code Snippet Variant:\nstatic int StaticValue = 373;\nvoid Sample_Func()\n{\n    if (StaticValue==524)\n    {\n        REMOVE(\"removemebad.txt\");\n    }\n    if (StaticValue==373)\n    {\n        REMOVE(\"removemebad.txt\");\n    }\n    if (StaticValue==222)\n    {\n        if (REMOVE(\"removemegood.txt\") != 0)\n        {\n            printLine(\"remove failed!\");\n        }\n    }\n}\n",
        "CWE_ID": "CWE252",
        "question": "Question: What happens if we replace the following original code snippet with the proposed variants? Will the vulnerability CWE252 be triggered, and how does it affect the functionality of the code?",
        "choices": {
            "A": "No, Function Preserved: The vulnerability CWE252 will not be triggered, and the original functionality is fully preserved.",
            "B": "No, Function Impaired: The vulnerability CWE252 will not be triggered, but the functionality of the original code is impaired.",
            "C": "Yes: The vulnerability CWE252 will still be triggered.",
            "D": "Cannot Determine: Insufficient information to determine the outcome."
        },
        "answer": "C",
        "distance": "inner_0"
    },
    {
        "case_id": "CWE252_Unchecked_Return_Value__char_remove_01_bad",
        "org_code": "Original Code Snippet:\nvoid Sample_Func()\n{\n    REMOVE(\"removemebad.txt\");\n}\n",
        "new_code": "Code Snippet Variant:\nstatic int StaticValue = 373;\nvoid Sample_Func()\n{\n    if (StaticValue==373)\n    {\n        {\n            if (StaticValue==524)\n            {\n                REMOVE(\"removemebad.txt\");\n            }\n            if (StaticValue==373)\n            {\n                REMOVE(\"removemebad.txt\");\n            }\n            if (StaticValue==222)\n            {\n                if (REMOVE(\"removemegood.txt\") != 0)\n                {\n                    printLine(\"remove failed!\");\n                }\n            }\n        }\n    }\n    if (StaticValue==391)\n    {\n        {\n            REMOVE(\"removemebad.txt\");\n        }\n    }\n    if (StaticValue==355)\n    {\n        {\n            if (REMOVE(\"removemegood.txt\") != 0)\n            {\n                printLine(\"remove failed!\");\n            }\n        }\n    }\n}\n",
        "CWE_ID": "CWE252",
        "question": "Question: What happens if we replace the following original code snippet with the proposed variants? Will the vulnerability CWE252 be triggered, and how does it affect the functionality of the code?",
        "choices": {
            "A": "No, Function Preserved: The vulnerability CWE252 will not be triggered, and the original functionality is fully preserved.",
            "B": "No, Function Impaired: The vulnerability CWE252 will not be triggered, but the functionality of the original code is impaired.",
            "C": "Yes: The vulnerability CWE252 will still be triggered.",
            "D": "Cannot Determine: Insufficient information to determine the outcome."
        },
        "answer": "C",
        "distance": "inner_outer_0"
    },
    {
        "case_id": "CWE252_Unchecked_Return_Value__char_remove_01_bad",
        "org_code": "Original Code Snippet:\nvoid Sample_Func()\n{\n    REMOVE(\"removemebad.txt\");\n}\n",
        "new_code": "Code Snippet Variant:\nstatic int StaticValue = 373;\nvoid Sample_Func()\n{\n    if (StaticValue==373)\n    {\n        {\n            REMOVE(\"removemebad.txt\");\n        }\n    }\n    if (StaticValue==391)\n    {\n        {\n            REMOVE(\"removemebad.txt\");\n        }\n    }\n    if (StaticValue==355)\n    {\n        {\n            if (REMOVE(\"removemegood.txt\") != 0)\n            {\n                printLine(\"remove failed!\");\n            }\n        }\n    }\n}\n",
        "CWE_ID": "CWE252",
        "question": "Question: What happens if we replace the following original code snippet with the proposed variants? Will the vulnerability CWE252 be triggered, and how does it affect the functionality of the code?",
        "choices": {
            "A": "No, Function Preserved: The vulnerability CWE252 will not be triggered, and the original functionality is fully preserved.",
            "B": "No, Function Impaired: The vulnerability CWE252 will not be triggered, but the functionality of the original code is impaired.",
            "C": "Yes: The vulnerability CWE252 will still be triggered.",
            "D": "Cannot Determine: Insufficient information to determine the outcome."
        },
        "answer": "C",
        "distance": "outer"
    }
]