[
    {
        "case_id": "CWE252_Unchecked_Return_Value__wchar_t_w32CreateNamedPipe_01_bad",
        "org_code": "Original Code Snippet:\nvoid Sample_Func()\n{\n    {\n        wchar_t * pipeName = L\"\\\\\\\\.\\\\pipe\\\\mypipe\";\n        HANDLE hPipe = INVALID_HANDLE_VALUE;\n        BOOL fConnected = FALSE;\n        hPipe = CreateNamedPipeW(\n                    pipeName,\n                    FILE_FLAG_FIRST_PIPE_INSTANCE,  \n                    PIPE_TYPE_MESSAGE |\n                    PIPE_READMODE_MESSAGE |\n                    PIPE_WAIT,\n                    PIPE_UNLIMITED_INSTANCES,\n                    BUFSIZE,\n                    BUFSIZE,\n                    NMPWAIT_USE_DEFAULT_WAIT,\n                    NULL);\n        fConnected = ConnectNamedPipe(hPipe, NULL) ? TRUE : (GetLastError() == ERROR_PIPE_CONNECTED);\n        CloseHandle(hPipe);\n    }\n}\n",
        "new_code": "Code Snippet Variant:\nstatic int StaticValue = 351;\nvoid Sample_Func()\n{\n    {\n        wchar_t * pipeName = L\"\\\\\\\\.\\\\pipe\\\\mypipe\";\n        HANDLE hPipe = INVALID_HANDLE_VALUE;\n        BOOL fConnected = FALSE;\n        hPipe = CreateNamedPipeW(\n                    pipeName,\n                    FILE_FLAG_FIRST_PIPE_INSTANCE,  \n                    PIPE_TYPE_MESSAGE |\n                    PIPE_READMODE_MESSAGE |\n                    PIPE_WAIT,\n                    PIPE_UNLIMITED_INSTANCES,\n                    BUFSIZE,\n                    BUFSIZE,\n                    NMPWAIT_USE_DEFAULT_WAIT,\n                    NULL);\n        if (StaticValue==536)\n        {\n            if (hPipe == INVALID_HANDLE_VALUE)\n            {\n                exit(1);\n            }\n        }\n        if (StaticValue==351)\n        {\n            if (hPipe == INVALID_HANDLE_VALUE)\n            {\n                exit(1);\n            }\n        }\n        fConnected = ConnectNamedPipe(hPipe, NULL) ? TRUE : (GetLastError() == ERROR_PIPE_CONNECTED);\n        CloseHandle(hPipe);\n    }\n}\n",
        "CWE_ID": "CWE252",
        "question": "Question: What happens if we replace the following original code snippet with the proposed variants? Will the vulnerability CWE252 be triggered, and how does it affect the functionality of the code?",
        "choices": {
            "A": "No, Function Preserved: The vulnerability CWE252 will not be triggered, and the original functionality is fully preserved.",
            "B": "No, Function Impaired: The vulnerability CWE252 will not be triggered, but the functionality of the original code is impaired.",
            "C": "Yes: The vulnerability CWE252 will still be triggered.",
            "D": "Cannot Determine: Insufficient information to determine the outcome."
        },
        "answer": "A",
        "distance": "inner_0"
    },
    {
        "case_id": "CWE252_Unchecked_Return_Value__wchar_t_w32CreateNamedPipe_01_bad",
        "org_code": "Original Code Snippet:\nvoid Sample_Func()\n{\n    {\n        wchar_t * pipeName = L\"\\\\\\\\.\\\\pipe\\\\mypipe\";\n        HANDLE hPipe = INVALID_HANDLE_VALUE;\n        BOOL fConnected = FALSE;\n        hPipe = CreateNamedPipeW(\n                    pipeName,\n                    FILE_FLAG_FIRST_PIPE_INSTANCE,  \n                    PIPE_TYPE_MESSAGE |\n                    PIPE_READMODE_MESSAGE |\n                    PIPE_WAIT,\n                    PIPE_UNLIMITED_INSTANCES,\n                    BUFSIZE,\n                    BUFSIZE,\n                    NMPWAIT_USE_DEFAULT_WAIT,\n                    NULL);\n        fConnected = ConnectNamedPipe(hPipe, NULL) ? TRUE : (GetLastError() == ERROR_PIPE_CONNECTED);\n        CloseHandle(hPipe);\n    }\n}\n",
        "new_code": "Code Snippet Variant:\nstatic int StaticValue = 351;\nvoid Sample_Func()\n{\n    if (StaticValue==257)\n    {\n        {\n            {\n                wchar_t * pipeName = L\"\\\\\\\\.\\\\pipe\\\\mypipe\";\n                HANDLE hPipe = INVALID_HANDLE_VALUE;\n                BOOL fConnected = FALSE;\n                hPipe = CreateNamedPipeW(\n                            pipeName,\n                            FILE_FLAG_FIRST_PIPE_INSTANCE,  \n                            PIPE_TYPE_MESSAGE |\n                            PIPE_READMODE_MESSAGE |\n                            PIPE_WAIT,\n                            PIPE_UNLIMITED_INSTANCES,\n                            BUFSIZE,\n                            BUFSIZE,\n                            NMPWAIT_USE_DEFAULT_WAIT,\n                            NULL);\n                fConnected = ConnectNamedPipe(hPipe, NULL) ? TRUE : (GetLastError() == ERROR_PIPE_CONNECTED);\n                CloseHandle(hPipe);\n            }\n        }\n    }\n    if (StaticValue==445)\n    {\n        {\n            {\n                wchar_t * pipeName = L\"\\\\\\\\.\\\\pipe\\\\mypipe\";\n                HANDLE hPipe = INVALID_HANDLE_VALUE;\n                BOOL fConnected = FALSE;\n                hPipe = CreateNamedPipeW(\n                            pipeName,\n                            FILE_FLAG_FIRST_PIPE_INSTANCE,  \n                            PIPE_TYPE_MESSAGE |\n                            PIPE_READMODE_MESSAGE |\n                            PIPE_WAIT,\n                            PIPE_UNLIMITED_INSTANCES,\n                            BUFSIZE,\n                            BUFSIZE,\n                            NMPWAIT_USE_DEFAULT_WAIT,\n                            NULL);\n                if (hPipe == INVALID_HANDLE_VALUE)\n                {\n                    exit(1);\n                }\n                fConnected = ConnectNamedPipe(hPipe, NULL) ? TRUE : (GetLastError() == ERROR_PIPE_CONNECTED);\n                CloseHandle(hPipe);\n            }\n        }\n    }\n    if (StaticValue==351)\n    {\n        {\n            {\n                wchar_t * pipeName = L\"\\\\\\\\.\\\\pipe\\\\mypipe\";\n                HANDLE hPipe = INVALID_HANDLE_VALUE;\n                BOOL fConnected = FALSE;\n                hPipe = CreateNamedPipeW(\n                            pipeName,\n                            FILE_FLAG_FIRST_PIPE_INSTANCE,  \n                            PIPE_TYPE_MESSAGE |\n                            PIPE_READMODE_MESSAGE |\n                            PIPE_WAIT,\n                            PIPE_UNLIMITED_INSTANCES,\n                            BUFSIZE,\n                            BUFSIZE,\n                            NMPWAIT_USE_DEFAULT_WAIT,\n                            NULL);\n                if (StaticValue==536)\n                {\n                    if (hPipe == INVALID_HANDLE_VALUE)\n                    {\n                        exit(1);\n                    }\n                }\n                if (StaticValue==351)\n                {\n                    if (hPipe == INVALID_HANDLE_VALUE)\n                    {\n                        exit(1);\n                    }\n                }\n                fConnected = ConnectNamedPipe(hPipe, NULL) ? TRUE : (GetLastError() == ERROR_PIPE_CONNECTED);\n                CloseHandle(hPipe);\n            }\n        }\n    }\n}\n",
        "CWE_ID": "CWE252",
        "question": "Question: What happens if we replace the following original code snippet with the proposed variants? Will the vulnerability CWE252 be triggered, and how does it affect the functionality of the code?",
        "choices": {
            "A": "No, Function Preserved: The vulnerability CWE252 will not be triggered, and the original functionality is fully preserved.",
            "B": "No, Function Impaired: The vulnerability CWE252 will not be triggered, but the functionality of the original code is impaired.",
            "C": "Yes: The vulnerability CWE252 will still be triggered.",
            "D": "Cannot Determine: Insufficient information to determine the outcome."
        },
        "answer": "A",
        "distance": "inner_outer_0"
    },
    {
        "case_id": "CWE252_Unchecked_Return_Value__wchar_t_w32CreateNamedPipe_01_bad",
        "org_code": "Original Code Snippet:\nvoid Sample_Func()\n{\n    {\n        wchar_t * pipeName = L\"\\\\\\\\.\\\\pipe\\\\mypipe\";\n        HANDLE hPipe = INVALID_HANDLE_VALUE;\n        BOOL fConnected = FALSE;\n        hPipe = CreateNamedPipeW(\n                    pipeName,\n                    FILE_FLAG_FIRST_PIPE_INSTANCE,  \n                    PIPE_TYPE_MESSAGE |\n                    PIPE_READMODE_MESSAGE |\n                    PIPE_WAIT,\n                    PIPE_UNLIMITED_INSTANCES,\n                    BUFSIZE,\n                    BUFSIZE,\n                    NMPWAIT_USE_DEFAULT_WAIT,\n                    NULL);\n        fConnected = ConnectNamedPipe(hPipe, NULL) ? TRUE : (GetLastError() == ERROR_PIPE_CONNECTED);\n        CloseHandle(hPipe);\n    }\n}\n",
        "new_code": "Code Snippet Variant:\nstatic int StaticValue = 351;\nvoid Sample_Func()\n{\n    if (StaticValue==257)\n    {\n        {\n            {\n                wchar_t * pipeName = L\"\\\\\\\\.\\\\pipe\\\\mypipe\";\n                HANDLE hPipe = INVALID_HANDLE_VALUE;\n                BOOL fConnected = FALSE;\n                hPipe = CreateNamedPipeW(\n                            pipeName,\n                            FILE_FLAG_FIRST_PIPE_INSTANCE,  \n                            PIPE_TYPE_MESSAGE |\n                            PIPE_READMODE_MESSAGE |\n                            PIPE_WAIT,\n                            PIPE_UNLIMITED_INSTANCES,\n                            BUFSIZE,\n                            BUFSIZE,\n                            NMPWAIT_USE_DEFAULT_WAIT,\n                            NULL);\n                fConnected = ConnectNamedPipe(hPipe, NULL) ? TRUE : (GetLastError() == ERROR_PIPE_CONNECTED);\n                CloseHandle(hPipe);\n            }\n        }\n    }\n    if (StaticValue==445)\n    {\n        {\n            {\n                wchar_t * pipeName = L\"\\\\\\\\.\\\\pipe\\\\mypipe\";\n                HANDLE hPipe = INVALID_HANDLE_VALUE;\n                BOOL fConnected = FALSE;\n                hPipe = CreateNamedPipeW(\n                            pipeName,\n                            FILE_FLAG_FIRST_PIPE_INSTANCE,  \n                            PIPE_TYPE_MESSAGE |\n                            PIPE_READMODE_MESSAGE |\n                            PIPE_WAIT,\n                            PIPE_UNLIMITED_INSTANCES,\n                            BUFSIZE,\n                            BUFSIZE,\n                            NMPWAIT_USE_DEFAULT_WAIT,\n                            NULL);\n                if (hPipe == INVALID_HANDLE_VALUE)\n                {\n                    exit(1);\n                }\n                fConnected = ConnectNamedPipe(hPipe, NULL) ? TRUE : (GetLastError() == ERROR_PIPE_CONNECTED);\n                CloseHandle(hPipe);\n            }\n        }\n    }\n    if (StaticValue==351)\n    {\n        {\n            {\n                wchar_t * pipeName = L\"\\\\\\\\.\\\\pipe\\\\mypipe\";\n                HANDLE hPipe = INVALID_HANDLE_VALUE;\n                BOOL fConnected = FALSE;\n                hPipe = CreateNamedPipeW(\n                            pipeName,\n                            FILE_FLAG_FIRST_PIPE_INSTANCE,  \n                            PIPE_TYPE_MESSAGE |\n                            PIPE_READMODE_MESSAGE |\n                            PIPE_WAIT,\n                            PIPE_UNLIMITED_INSTANCES,\n                            BUFSIZE,\n                            BUFSIZE,\n                            NMPWAIT_USE_DEFAULT_WAIT,\n                            NULL);\n                if (hPipe == INVALID_HANDLE_VALUE)\n                {\n                    exit(1);\n                }\n                fConnected = ConnectNamedPipe(hPipe, NULL) ? TRUE : (GetLastError() == ERROR_PIPE_CONNECTED);\n                CloseHandle(hPipe);\n            }\n        }\n    }\n}\n",
        "CWE_ID": "CWE252",
        "question": "Question: What happens if we replace the following original code snippet with the proposed variants? Will the vulnerability CWE252 be triggered, and how does it affect the functionality of the code?",
        "choices": {
            "A": "No, Function Preserved: The vulnerability CWE252 will not be triggered, and the original functionality is fully preserved.",
            "B": "No, Function Impaired: The vulnerability CWE252 will not be triggered, but the functionality of the original code is impaired.",
            "C": "Yes: The vulnerability CWE252 will still be triggered.",
            "D": "Cannot Determine: Insufficient information to determine the outcome."
        },
        "answer": "A",
        "distance": "outer"
    },
    {
        "case_id": "CWE252_Unchecked_Return_Value__wchar_t_w32CreateNamedPipe_01_bad",
        "org_code": "Original Code Snippet:\nvoid Sample_Func()\n{\n    {\n        wchar_t * pipeName = L\"\\\\\\\\.\\\\pipe\\\\mypipe\";\n        HANDLE hPipe = INVALID_HANDLE_VALUE;\n        BOOL fConnected = FALSE;\n        hPipe = CreateNamedPipeW(\n                    pipeName,\n                    FILE_FLAG_FIRST_PIPE_INSTANCE,  \n                    PIPE_TYPE_MESSAGE |\n                    PIPE_READMODE_MESSAGE |\n                    PIPE_WAIT,\n                    PIPE_UNLIMITED_INSTANCES,\n                    BUFSIZE,\n                    BUFSIZE,\n                    NMPWAIT_USE_DEFAULT_WAIT,\n                    NULL);\n        fConnected = ConnectNamedPipe(hPipe, NULL) ? TRUE : (GetLastError() == ERROR_PIPE_CONNECTED);\n        CloseHandle(hPipe);\n    }\n}\n",
        "new_code": "Code Snippet Variant:\nstatic int StaticValue = 361;\nvoid Sample_Func()\n{\n    if (StaticValue==257)\n    {\n        {\n            {\n                wchar_t * pipeName = L\"\\\\\\\\.\\\\pipe\\\\mypipe\";\n                HANDLE hPipe = INVALID_HANDLE_VALUE;\n                BOOL fConnected = FALSE;\n                hPipe = CreateNamedPipeW(\n                            pipeName,\n                            FILE_FLAG_FIRST_PIPE_INSTANCE,  \n                            PIPE_TYPE_MESSAGE |\n                            PIPE_READMODE_MESSAGE |\n                            PIPE_WAIT,\n                            PIPE_UNLIMITED_INSTANCES,\n                            BUFSIZE,\n                            BUFSIZE,\n                            NMPWAIT_USE_DEFAULT_WAIT,\n                            NULL);\n                fConnected = ConnectNamedPipe(hPipe, NULL) ? TRUE : (GetLastError() == ERROR_PIPE_CONNECTED);\n                CloseHandle(hPipe);\n            }\n        }\n    }\n    if (StaticValue==445)\n    {\n        {\n            {\n                wchar_t * pipeName = L\"\\\\\\\\.\\\\pipe\\\\mypipe\";\n                HANDLE hPipe = INVALID_HANDLE_VALUE;\n                BOOL fConnected = FALSE;\n                hPipe = CreateNamedPipeW(\n                            pipeName,\n                            FILE_FLAG_FIRST_PIPE_INSTANCE,  \n                            PIPE_TYPE_MESSAGE |\n                            PIPE_READMODE_MESSAGE |\n                            PIPE_WAIT,\n                            PIPE_UNLIMITED_INSTANCES,\n                            BUFSIZE,\n                            BUFSIZE,\n                            NMPWAIT_USE_DEFAULT_WAIT,\n                            NULL);\n                if (hPipe == INVALID_HANDLE_VALUE)\n                {\n                    exit(1);\n                }\n                fConnected = ConnectNamedPipe(hPipe, NULL) ? TRUE : (GetLastError() == ERROR_PIPE_CONNECTED);\n                CloseHandle(hPipe);\n            }\n        }\n    }\n    if(StaticValue==361)\n    {\n        int socketDescriptor;\n        int connectionStatus = 0;\n        char networkBuffer[256];\n        for (socketDescriptor = 0; socketDescriptor < 5; socketDescriptor++) {\n            if (connectionStatus == 0) {\n                networkBuffer[socketDescriptor] = 'A';\n            } else {\n                networkBuffer[socketDescriptor] = '0';\n            }\n        }\n        printLine(\"Successful! Problem Resolved!\");\n    }\n    if (StaticValue==351)\n    {\n        {\n            {\n                wchar_t * pipeName = L\"\\\\\\\\.\\\\pipe\\\\mypipe\";\n                HANDLE hPipe = INVALID_HANDLE_VALUE;\n                BOOL fConnected = FALSE;\n                hPipe = CreateNamedPipeW(\n                            pipeName,\n                            FILE_FLAG_FIRST_PIPE_INSTANCE,  \n                            PIPE_TYPE_MESSAGE |\n                            PIPE_READMODE_MESSAGE |\n                            PIPE_WAIT,\n                            PIPE_UNLIMITED_INSTANCES,\n                            BUFSIZE,\n                            BUFSIZE,\n                            NMPWAIT_USE_DEFAULT_WAIT,\n                            NULL);\n                if (StaticValue==536)\n                {\n                    if (hPipe == INVALID_HANDLE_VALUE)\n                    {\n                        exit(1);\n                    }\n                }\n                if (StaticValue==351)\n                {\n                    if (hPipe == INVALID_HANDLE_VALUE)\n                    {\n                        exit(1);\n                    }\n                }\n                fConnected = ConnectNamedPipe(hPipe, NULL) ? TRUE : (GetLastError() == ERROR_PIPE_CONNECTED);\n                CloseHandle(hPipe);\n            }\n        }\n    }\n}\n",
        "CWE_ID": "CWE252",
        "question": "Question: What happens if we replace the following original code snippet with the proposed variants? Will the vulnerability CWE252 be triggered, and how does it affect the functionality of the code?",
        "choices": {
            "A": "No, Function Preserved: The vulnerability CWE252 will not be triggered, and the original functionality is fully preserved.",
            "B": "No, Function Impaired: The vulnerability CWE252 will not be triggered, but the functionality of the original code is impaired.",
            "C": "Yes: The vulnerability CWE252 will still be triggered.",
            "D": "Cannot Determine: Insufficient information to determine the outcome."
        },
        "answer": "B",
        "distance": "inner_outer_0"
    },
    {
        "case_id": "CWE252_Unchecked_Return_Value__wchar_t_w32CreateNamedPipe_01_bad",
        "org_code": "Original Code Snippet:\nvoid Sample_Func()\n{\n    {\n        wchar_t * pipeName = L\"\\\\\\\\.\\\\pipe\\\\mypipe\";\n        HANDLE hPipe = INVALID_HANDLE_VALUE;\n        BOOL fConnected = FALSE;\n        hPipe = CreateNamedPipeW(\n                    pipeName,\n                    FILE_FLAG_FIRST_PIPE_INSTANCE,  \n                    PIPE_TYPE_MESSAGE |\n                    PIPE_READMODE_MESSAGE |\n                    PIPE_WAIT,\n                    PIPE_UNLIMITED_INSTANCES,\n                    BUFSIZE,\n                    BUFSIZE,\n                    NMPWAIT_USE_DEFAULT_WAIT,\n                    NULL);\n        fConnected = ConnectNamedPipe(hPipe, NULL) ? TRUE : (GetLastError() == ERROR_PIPE_CONNECTED);\n        CloseHandle(hPipe);\n    }\n}\n",
        "new_code": "Code Snippet Variant:\nstatic int StaticValue = 370;\nvoid Sample_Func()\n{\n    if (StaticValue==257)\n    {\n        {\n            {\n                wchar_t * pipeName = L\"\\\\\\\\.\\\\pipe\\\\mypipe\";\n                HANDLE hPipe = INVALID_HANDLE_VALUE;\n                BOOL fConnected = FALSE;\n                hPipe = CreateNamedPipeW(\n                            pipeName,\n                            FILE_FLAG_FIRST_PIPE_INSTANCE,  \n                            PIPE_TYPE_MESSAGE |\n                            PIPE_READMODE_MESSAGE |\n                            PIPE_WAIT,\n                            PIPE_UNLIMITED_INSTANCES,\n                            BUFSIZE,\n                            BUFSIZE,\n                            NMPWAIT_USE_DEFAULT_WAIT,\n                            NULL);\n                fConnected = ConnectNamedPipe(hPipe, NULL) ? TRUE : (GetLastError() == ERROR_PIPE_CONNECTED);\n                CloseHandle(hPipe);\n            }\n        }\n    }\n    if (StaticValue==445)\n    {\n        {\n            {\n                wchar_t * pipeName = L\"\\\\\\\\.\\\\pipe\\\\mypipe\";\n                HANDLE hPipe = INVALID_HANDLE_VALUE;\n                BOOL fConnected = FALSE;\n                hPipe = CreateNamedPipeW(\n                            pipeName,\n                            FILE_FLAG_FIRST_PIPE_INSTANCE,  \n                            PIPE_TYPE_MESSAGE |\n                            PIPE_READMODE_MESSAGE |\n                            PIPE_WAIT,\n                            PIPE_UNLIMITED_INSTANCES,\n                            BUFSIZE,\n                            BUFSIZE,\n                            NMPWAIT_USE_DEFAULT_WAIT,\n                            NULL);\n                if (hPipe == INVALID_HANDLE_VALUE)\n                {\n                    exit(1);\n                }\n                fConnected = ConnectNamedPipe(hPipe, NULL) ? TRUE : (GetLastError() == ERROR_PIPE_CONNECTED);\n                CloseHandle(hPipe);\n            }\n        }\n    }\n    if(StaticValue==370)\n    {\n        int socketDescriptor;\n        int connectionStatus = 0;\n        char networkBuffer[256];\n        for (socketDescriptor = 0; socketDescriptor < 5; socketDescriptor++) {\n            if (connectionStatus == 0) {\n                networkBuffer[socketDescriptor] = 'A';\n            } else {\n                networkBuffer[socketDescriptor] = '0';\n            }\n        }\n        printLine(\"Successful! Problem Resolved!\");\n    }\n    if (StaticValue==351)\n    {\n        {\n            {\n                wchar_t * pipeName = L\"\\\\\\\\.\\\\pipe\\\\mypipe\";\n                HANDLE hPipe = INVALID_HANDLE_VALUE;\n                BOOL fConnected = FALSE;\n                hPipe = CreateNamedPipeW(\n                            pipeName,\n                            FILE_FLAG_FIRST_PIPE_INSTANCE,  \n                            PIPE_TYPE_MESSAGE |\n                            PIPE_READMODE_MESSAGE |\n                            PIPE_WAIT,\n                            PIPE_UNLIMITED_INSTANCES,\n                            BUFSIZE,\n                            BUFSIZE,\n                            NMPWAIT_USE_DEFAULT_WAIT,\n                            NULL);\n                if (hPipe == INVALID_HANDLE_VALUE)\n                {\n                    exit(1);\n                }\n                fConnected = ConnectNamedPipe(hPipe, NULL) ? TRUE : (GetLastError() == ERROR_PIPE_CONNECTED);\n                CloseHandle(hPipe);\n            }\n        }\n    }\n}\n",
        "CWE_ID": "CWE252",
        "question": "Question: What happens if we replace the following original code snippet with the proposed variants? Will the vulnerability CWE252 be triggered, and how does it affect the functionality of the code?",
        "choices": {
            "A": "No, Function Preserved: The vulnerability CWE252 will not be triggered, and the original functionality is fully preserved.",
            "B": "No, Function Impaired: The vulnerability CWE252 will not be triggered, but the functionality of the original code is impaired.",
            "C": "Yes: The vulnerability CWE252 will still be triggered.",
            "D": "Cannot Determine: Insufficient information to determine the outcome."
        },
        "answer": "B",
        "distance": "outer"
    },
    {
        "case_id": "CWE252_Unchecked_Return_Value__wchar_t_w32CreateNamedPipe_01_bad",
        "org_code": "Original Code Snippet:\nvoid Sample_Func()\n{\n    {\n        wchar_t * pipeName = L\"\\\\\\\\.\\\\pipe\\\\mypipe\";\n        HANDLE hPipe = INVALID_HANDLE_VALUE;\n        BOOL fConnected = FALSE;\n        hPipe = CreateNamedPipeW(\n                    pipeName,\n                    FILE_FLAG_FIRST_PIPE_INSTANCE,  \n                    PIPE_TYPE_MESSAGE |\n                    PIPE_READMODE_MESSAGE |\n                    PIPE_WAIT,\n                    PIPE_UNLIMITED_INSTANCES,\n                    BUFSIZE,\n                    BUFSIZE,\n                    NMPWAIT_USE_DEFAULT_WAIT,\n                    NULL);\n        fConnected = ConnectNamedPipe(hPipe, NULL) ? TRUE : (GetLastError() == ERROR_PIPE_CONNECTED);\n        CloseHandle(hPipe);\n    }\n}\n",
        "new_code": "Code Snippet Variant:\nstatic int StaticValue = 695;\nvoid Sample_Func()\n{\n    {\n        wchar_t * pipeName = L\"\\\\\\\\.\\\\pipe\\\\mypipe\";\n        HANDLE hPipe = INVALID_HANDLE_VALUE;\n        BOOL fConnected = FALSE;\n        hPipe = CreateNamedPipeW(\n                    pipeName,\n                    FILE_FLAG_FIRST_PIPE_INSTANCE,  \n                    PIPE_TYPE_MESSAGE |\n                    PIPE_READMODE_MESSAGE |\n                    PIPE_WAIT,\n                    PIPE_UNLIMITED_INSTANCES,\n                    BUFSIZE,\n                    BUFSIZE,\n                    NMPWAIT_USE_DEFAULT_WAIT,\n                    NULL);\n        if (StaticValue==518)\n        {\n            if (hPipe == INVALID_HANDLE_VALUE)\n            {\n                exit(1);\n            }\n        }\n        fConnected = ConnectNamedPipe(hPipe, NULL) ? TRUE : (GetLastError() == ERROR_PIPE_CONNECTED);\n        CloseHandle(hPipe);\n    }\n}\n",
        "CWE_ID": "CWE252",
        "question": "Question: What happens if we replace the following original code snippet with the proposed variants? Will the vulnerability CWE252 be triggered, and how does it affect the functionality of the code?",
        "choices": {
            "A": "No, Function Preserved: The vulnerability CWE252 will not be triggered, and the original functionality is fully preserved.",
            "B": "No, Function Impaired: The vulnerability CWE252 will not be triggered, but the functionality of the original code is impaired.",
            "C": "Yes: The vulnerability CWE252 will still be triggered.",
            "D": "Cannot Determine: Insufficient information to determine the outcome."
        },
        "answer": "C",
        "distance": "inner_0"
    },
    {
        "case_id": "CWE252_Unchecked_Return_Value__wchar_t_w32CreateNamedPipe_01_bad",
        "org_code": "Original Code Snippet:\nvoid Sample_Func()\n{\n    {\n        wchar_t * pipeName = L\"\\\\\\\\.\\\\pipe\\\\mypipe\";\n        HANDLE hPipe = INVALID_HANDLE_VALUE;\n        BOOL fConnected = FALSE;\n        hPipe = CreateNamedPipeW(\n                    pipeName,\n                    FILE_FLAG_FIRST_PIPE_INSTANCE,  \n                    PIPE_TYPE_MESSAGE |\n                    PIPE_READMODE_MESSAGE |\n                    PIPE_WAIT,\n                    PIPE_UNLIMITED_INSTANCES,\n                    BUFSIZE,\n                    BUFSIZE,\n                    NMPWAIT_USE_DEFAULT_WAIT,\n                    NULL);\n        fConnected = ConnectNamedPipe(hPipe, NULL) ? TRUE : (GetLastError() == ERROR_PIPE_CONNECTED);\n        CloseHandle(hPipe);\n    }\n}\n",
        "new_code": "Code Snippet Variant:\nstatic int StaticValue = 695;\nvoid Sample_Func()\n{\n    if (StaticValue==695)\n    {\n        {\n            {\n                wchar_t * pipeName = L\"\\\\\\\\.\\\\pipe\\\\mypipe\";\n                HANDLE hPipe = INVALID_HANDLE_VALUE;\n                BOOL fConnected = FALSE;\n                hPipe = CreateNamedPipeW(\n                            pipeName,\n                            FILE_FLAG_FIRST_PIPE_INSTANCE,  \n                            PIPE_TYPE_MESSAGE |\n                            PIPE_READMODE_MESSAGE |\n                            PIPE_WAIT,\n                            PIPE_UNLIMITED_INSTANCES,\n                            BUFSIZE,\n                            BUFSIZE,\n                            NMPWAIT_USE_DEFAULT_WAIT,\n                            NULL);\n                if (StaticValue==518)\n                {\n                    if (hPipe == INVALID_HANDLE_VALUE)\n                    {\n                        exit(1);\n                    }\n                }\n                fConnected = ConnectNamedPipe(hPipe, NULL) ? TRUE : (GetLastError() == ERROR_PIPE_CONNECTED);\n                CloseHandle(hPipe);\n            }\n        }\n    }\n    if (StaticValue==705)\n    {\n        {\n            {\n                wchar_t * pipeName = L\"\\\\\\\\.\\\\pipe\\\\mypipe\";\n                HANDLE hPipe = INVALID_HANDLE_VALUE;\n                BOOL fConnected = FALSE;\n                hPipe = CreateNamedPipeW(\n                            pipeName,\n                            FILE_FLAG_FIRST_PIPE_INSTANCE,  \n                            PIPE_TYPE_MESSAGE |\n                            PIPE_READMODE_MESSAGE |\n                            PIPE_WAIT,\n                            PIPE_UNLIMITED_INSTANCES,\n                            BUFSIZE,\n                            BUFSIZE,\n                            NMPWAIT_USE_DEFAULT_WAIT,\n                            NULL);\n                fConnected = ConnectNamedPipe(hPipe, NULL) ? TRUE : (GetLastError() == ERROR_PIPE_CONNECTED);\n                CloseHandle(hPipe);\n            }\n        }\n    }\n    if (StaticValue==685)\n    {\n        {\n            {\n                wchar_t * pipeName = L\"\\\\\\\\.\\\\pipe\\\\mypipe\";\n                HANDLE hPipe = INVALID_HANDLE_VALUE;\n                BOOL fConnected = FALSE;\n                hPipe = CreateNamedPipeW(\n                            pipeName,\n                            FILE_FLAG_FIRST_PIPE_INSTANCE,  \n                            PIPE_TYPE_MESSAGE |\n                            PIPE_READMODE_MESSAGE |\n                            PIPE_WAIT,\n                            PIPE_UNLIMITED_INSTANCES,\n                            BUFSIZE,\n                            BUFSIZE,\n                            NMPWAIT_USE_DEFAULT_WAIT,\n                            NULL);\n                if (hPipe == INVALID_HANDLE_VALUE)\n                {\n                    exit(1);\n                }\n                fConnected = ConnectNamedPipe(hPipe, NULL) ? TRUE : (GetLastError() == ERROR_PIPE_CONNECTED);\n                CloseHandle(hPipe);\n            }\n        }\n    }\n}\n",
        "CWE_ID": "CWE252",
        "question": "Question: What happens if we replace the following original code snippet with the proposed variants? Will the vulnerability CWE252 be triggered, and how does it affect the functionality of the code?",
        "choices": {
            "A": "No, Function Preserved: The vulnerability CWE252 will not be triggered, and the original functionality is fully preserved.",
            "B": "No, Function Impaired: The vulnerability CWE252 will not be triggered, but the functionality of the original code is impaired.",
            "C": "Yes: The vulnerability CWE252 will still be triggered.",
            "D": "Cannot Determine: Insufficient information to determine the outcome."
        },
        "answer": "C",
        "distance": "inner_outer_0"
    },
    {
        "case_id": "CWE252_Unchecked_Return_Value__wchar_t_w32CreateNamedPipe_01_bad",
        "org_code": "Original Code Snippet:\nvoid Sample_Func()\n{\n    {\n        wchar_t * pipeName = L\"\\\\\\\\.\\\\pipe\\\\mypipe\";\n        HANDLE hPipe = INVALID_HANDLE_VALUE;\n        BOOL fConnected = FALSE;\n        hPipe = CreateNamedPipeW(\n                    pipeName,\n                    FILE_FLAG_FIRST_PIPE_INSTANCE,  \n                    PIPE_TYPE_MESSAGE |\n                    PIPE_READMODE_MESSAGE |\n                    PIPE_WAIT,\n                    PIPE_UNLIMITED_INSTANCES,\n                    BUFSIZE,\n                    BUFSIZE,\n                    NMPWAIT_USE_DEFAULT_WAIT,\n                    NULL);\n        fConnected = ConnectNamedPipe(hPipe, NULL) ? TRUE : (GetLastError() == ERROR_PIPE_CONNECTED);\n        CloseHandle(hPipe);\n    }\n}\n",
        "new_code": "Code Snippet Variant:\nstatic int StaticValue = 695;\nvoid Sample_Func()\n{\n    if (StaticValue==695)\n    {\n        {\n            {\n                wchar_t * pipeName = L\"\\\\\\\\.\\\\pipe\\\\mypipe\";\n                HANDLE hPipe = INVALID_HANDLE_VALUE;\n                BOOL fConnected = FALSE;\n                hPipe = CreateNamedPipeW(\n                            pipeName,\n                            FILE_FLAG_FIRST_PIPE_INSTANCE,  \n                            PIPE_TYPE_MESSAGE |\n                            PIPE_READMODE_MESSAGE |\n                            PIPE_WAIT,\n                            PIPE_UNLIMITED_INSTANCES,\n                            BUFSIZE,\n                            BUFSIZE,\n                            NMPWAIT_USE_DEFAULT_WAIT,\n                            NULL);\n                fConnected = ConnectNamedPipe(hPipe, NULL) ? TRUE : (GetLastError() == ERROR_PIPE_CONNECTED);\n                CloseHandle(hPipe);\n            }\n        }\n    }\n    if (StaticValue==705)\n    {\n        {\n            {\n                wchar_t * pipeName = L\"\\\\\\\\.\\\\pipe\\\\mypipe\";\n                HANDLE hPipe = INVALID_HANDLE_VALUE;\n                BOOL fConnected = FALSE;\n                hPipe = CreateNamedPipeW(\n                            pipeName,\n                            FILE_FLAG_FIRST_PIPE_INSTANCE,  \n                            PIPE_TYPE_MESSAGE |\n                            PIPE_READMODE_MESSAGE |\n                            PIPE_WAIT,\n                            PIPE_UNLIMITED_INSTANCES,\n                            BUFSIZE,\n                            BUFSIZE,\n                            NMPWAIT_USE_DEFAULT_WAIT,\n                            NULL);\n                fConnected = ConnectNamedPipe(hPipe, NULL) ? TRUE : (GetLastError() == ERROR_PIPE_CONNECTED);\n                CloseHandle(hPipe);\n            }\n        }\n    }\n    if (StaticValue==685)\n    {\n        {\n            {\n                wchar_t * pipeName = L\"\\\\\\\\.\\\\pipe\\\\mypipe\";\n                HANDLE hPipe = INVALID_HANDLE_VALUE;\n                BOOL fConnected = FALSE;\n                hPipe = CreateNamedPipeW(\n                            pipeName,\n                            FILE_FLAG_FIRST_PIPE_INSTANCE,  \n                            PIPE_TYPE_MESSAGE |\n                            PIPE_READMODE_MESSAGE |\n                            PIPE_WAIT,\n                            PIPE_UNLIMITED_INSTANCES,\n                            BUFSIZE,\n                            BUFSIZE,\n                            NMPWAIT_USE_DEFAULT_WAIT,\n                            NULL);\n                if (hPipe == INVALID_HANDLE_VALUE)\n                {\n                    exit(1);\n                }\n                fConnected = ConnectNamedPipe(hPipe, NULL) ? TRUE : (GetLastError() == ERROR_PIPE_CONNECTED);\n                CloseHandle(hPipe);\n            }\n        }\n    }\n}\n",
        "CWE_ID": "CWE252",
        "question": "Question: What happens if we replace the following original code snippet with the proposed variants? Will the vulnerability CWE252 be triggered, and how does it affect the functionality of the code?",
        "choices": {
            "A": "No, Function Preserved: The vulnerability CWE252 will not be triggered, and the original functionality is fully preserved.",
            "B": "No, Function Impaired: The vulnerability CWE252 will not be triggered, but the functionality of the original code is impaired.",
            "C": "Yes: The vulnerability CWE252 will still be triggered.",
            "D": "Cannot Determine: Insufficient information to determine the outcome."
        },
        "answer": "C",
        "distance": "outer"
    }
]