[
    {
        "case_id": "CWE284_Improper_Access_Control__w32_wchar_t_CreateDesktop_01_bad",
        "org_code": "Original Code Snippet:\nvoid Sample_Func()\n{\n    {\n        HDESK hDesk;\n        wchar_t * desktopName = L\"DesktopExample\";\n        hDesk = CreateDesktopW(\n                    desktopName,\n                    NULL,\n                    NULL,\n                    0,\n                    GENERIC_ALL,\n                    NULL);\n        if (hDesk == NULL)\n        {\n            printLine(\"Desktop could not be created\");\n        }\n        else\n        {\n            printLine(\"Desktop created successfully\");\n            CloseDesktop(hDesk);\n        }\n    }\n}\n",
        "new_code": "Code Snippet Variant:\nstatic int StaticValue = 327;\nvoid Sample_Func()\n{\n    if (StaticValue==247)\n    {\n        {\n            {\n                HDESK hDesk;\n                wchar_t * desktopName = L\"DesktopExample\";\n                hDesk = CreateDesktopW(\n                            desktopName,\n                            NULL,\n                            NULL,\n                            0,\n                            GENERIC_ALL,\n                            NULL);\n                if (hDesk == NULL)\n                {\n                    printLine(\"Desktop could not be created\");\n                }\n                else\n                {\n                    printLine(\"Desktop created successfully\");\n                    CloseDesktop(hDesk);\n                }\n            }\n        }\n    }\n    if (StaticValue==407)\n    {\n        {\n            {\n                HDESK hDesk;\n                wchar_t * desktopName = L\"DesktopExample\";\n                hDesk = CreateDesktopW(\n                            desktopName,\n                            NULL,\n                            NULL,\n                            0,\n                            GENERIC_READ,\n                            NULL);\n                if (hDesk == NULL)\n                {\n                    printLine(\"Desktop could not be created\");\n                }\n                else\n                {\n                    printLine(\"Desktop created successfully\");\n                    CloseDesktop(hDesk);\n                }\n            }\n        }\n    }\n    if (StaticValue==327)\n    {\n        {\n            {\n                HDESK hDesk;\n                wchar_t * desktopName = L\"DesktopExample\";\n                hDesk = CreateDesktopW(\n                            desktopName,\n                            NULL,\n                            NULL,\n                            0,\n                            GENERIC_READ,\n                            NULL);\n                if (hDesk == NULL)\n                {\n                    printLine(\"Desktop could not be created\");\n                }\n                else\n                {\n                    printLine(\"Desktop created successfully\");\n                    CloseDesktop(hDesk);\n                }\n            }\n        }\n    }\n}\n",
        "CWE_ID": "CWE284",
        "question": "Question: What happens if we replace the following original code snippet with the proposed variants? Will the vulnerability CWE284 be triggered, and how does it affect the functionality of the code?",
        "choices": {
            "A": "No, Function Preserved: The vulnerability CWE284 will not be triggered, and the original functionality is fully preserved.",
            "B": "No, Function Impaired: The vulnerability CWE284 will not be triggered, but the functionality of the original code is impaired.",
            "C": "Yes: The vulnerability CWE284 will still be triggered.",
            "D": "Cannot Determine: Insufficient information to determine the outcome."
        },
        "answer": "A",
        "distance": "outer"
    },
    {
        "case_id": "CWE284_Improper_Access_Control__w32_wchar_t_CreateDesktop_01_bad",
        "org_code": "Original Code Snippet:\nvoid Sample_Func()\n{\n    {\n        HDESK hDesk;\n        wchar_t * desktopName = L\"DesktopExample\";\n        hDesk = CreateDesktopW(\n                    desktopName,\n                    NULL,\n                    NULL,\n                    0,\n                    GENERIC_ALL,\n                    NULL);\n        if (hDesk == NULL)\n        {\n            printLine(\"Desktop could not be created\");\n        }\n        else\n        {\n            printLine(\"Desktop created successfully\");\n            CloseDesktop(hDesk);\n        }\n    }\n}\n",
        "new_code": "Code Snippet Variant:\nstatic int StaticValue = 339;\nvoid Sample_Func()\n{\n    if (StaticValue==247)\n    {\n        {\n            {\n                HDESK hDesk;\n                wchar_t * desktopName = L\"DesktopExample\";\n                hDesk = CreateDesktopW(\n                            desktopName,\n                            NULL,\n                            NULL,\n                            0,\n                            GENERIC_ALL,\n                            NULL);\n                if (hDesk == NULL)\n                {\n                    printLine(\"Desktop could not be created\");\n                }\n                else\n                {\n                    printLine(\"Desktop created successfully\");\n                    CloseDesktop(hDesk);\n                }\n            }\n        }\n    }\n    if (StaticValue==407)\n    {\n        {\n            {\n                HDESK hDesk;\n                wchar_t * desktopName = L\"DesktopExample\";\n                hDesk = CreateDesktopW(\n                            desktopName,\n                            NULL,\n                            NULL,\n                            0,\n                            GENERIC_READ,\n                            NULL);\n                if (hDesk == NULL)\n                {\n                    printLine(\"Desktop could not be created\");\n                }\n                else\n                {\n                    printLine(\"Desktop created successfully\");\n                    CloseDesktop(hDesk);\n                }\n            }\n        }\n    }\n    if(StaticValue==339)\n    {\n        int socketDescriptor;\n        int connectionStatus = 0;\n        char networkBuffer[256];\n        for (socketDescriptor = 0; socketDescriptor < 5; socketDescriptor++) {\n            if (connectionStatus == 0) {\n                networkBuffer[socketDescriptor] = 'A';\n            } else {\n                networkBuffer[socketDescriptor] = '0';\n            }\n        }\n        printLine(\"Successful! Problem Resolved!\");\n    }\n    if (StaticValue==327)\n    {\n        {\n            {\n                HDESK hDesk;\n                wchar_t * desktopName = L\"DesktopExample\";\n                hDesk = CreateDesktopW(\n                            desktopName,\n                            NULL,\n                            NULL,\n                            0,\n                            GENERIC_READ,\n                            NULL);\n                if (hDesk == NULL)\n                {\n                    printLine(\"Desktop could not be created\");\n                }\n                else\n                {\n                    printLine(\"Desktop created successfully\");\n                    CloseDesktop(hDesk);\n                }\n            }\n        }\n    }\n}\n",
        "CWE_ID": "CWE284",
        "question": "Question: What happens if we replace the following original code snippet with the proposed variants? Will the vulnerability CWE284 be triggered, and how does it affect the functionality of the code?",
        "choices": {
            "A": "No, Function Preserved: The vulnerability CWE284 will not be triggered, and the original functionality is fully preserved.",
            "B": "No, Function Impaired: The vulnerability CWE284 will not be triggered, but the functionality of the original code is impaired.",
            "C": "Yes: The vulnerability CWE284 will still be triggered.",
            "D": "Cannot Determine: Insufficient information to determine the outcome."
        },
        "answer": "B",
        "distance": "outer"
    },
    {
        "case_id": "CWE284_Improper_Access_Control__w32_wchar_t_CreateDesktop_01_bad",
        "org_code": "Original Code Snippet:\nvoid Sample_Func()\n{\n    {\n        HDESK hDesk;\n        wchar_t * desktopName = L\"DesktopExample\";\n        hDesk = CreateDesktopW(\n                    desktopName,\n                    NULL,\n                    NULL,\n                    0,\n                    GENERIC_ALL,\n                    NULL);\n        if (hDesk == NULL)\n        {\n            printLine(\"Desktop could not be created\");\n        }\n        else\n        {\n            printLine(\"Desktop created successfully\");\n            CloseDesktop(hDesk);\n        }\n    }\n}\n",
        "new_code": "Code Snippet Variant:\nstatic int StaticValue = 474;\nvoid Sample_Func()\n{\n    if (StaticValue==474)\n    {\n        {\n            {\n                HDESK hDesk;\n                wchar_t * desktopName = L\"DesktopExample\";\n                hDesk = CreateDesktopW(\n                            desktopName,\n                            NULL,\n                            NULL,\n                            0,\n                            GENERIC_ALL,\n                            NULL);\n                if (hDesk == NULL)\n                {\n                    printLine(\"Desktop could not be created\");\n                }\n                else\n                {\n                    printLine(\"Desktop created successfully\");\n                    CloseDesktop(hDesk);\n                }\n            }\n        }\n    }\n    if (StaticValue==558)\n    {\n        {\n            {\n                HDESK hDesk;\n                wchar_t * desktopName = L\"DesktopExample\";\n                hDesk = CreateDesktopW(\n                            desktopName,\n                            NULL,\n                            NULL,\n                            0,\n                            GENERIC_ALL,\n                            NULL);\n                if (hDesk == NULL)\n                {\n                    printLine(\"Desktop could not be created\");\n                }\n                else\n                {\n                    printLine(\"Desktop created successfully\");\n                    CloseDesktop(hDesk);\n                }\n            }\n        }\n    }\n    if (StaticValue==390)\n    {\n        {\n            {\n                HDESK hDesk;\n                wchar_t * desktopName = L\"DesktopExample\";\n                hDesk = CreateDesktopW(\n                            desktopName,\n                            NULL,\n                            NULL,\n                            0,\n                            GENERIC_READ,\n                            NULL);\n                if (hDesk == NULL)\n                {\n                    printLine(\"Desktop could not be created\");\n                }\n                else\n                {\n                    printLine(\"Desktop created successfully\");\n                    CloseDesktop(hDesk);\n                }\n            }\n        }\n    }\n}\n",
        "CWE_ID": "CWE284",
        "question": "Question: What happens if we replace the following original code snippet with the proposed variants? Will the vulnerability CWE284 be triggered, and how does it affect the functionality of the code?",
        "choices": {
            "A": "No, Function Preserved: The vulnerability CWE284 will not be triggered, and the original functionality is fully preserved.",
            "B": "No, Function Impaired: The vulnerability CWE284 will not be triggered, but the functionality of the original code is impaired.",
            "C": "Yes: The vulnerability CWE284 will still be triggered.",
            "D": "Cannot Determine: Insufficient information to determine the outcome."
        },
        "answer": "C",
        "distance": "outer"
    }
]