[
    {
        "case_id": "CWE284_Improper_Access_Control__w32_char_CreateFile_01_bad",
        "org_code": "Original Code Snippet:\nvoid Sample_Func()\n{\n    {\n        HANDLE hFile;\n        char * fileName = \"C:\\\\temp\\\\file.txt\";\n        hFile = CreateFileA(\n                    fileName,\n                    FILE_ALL_ACCESS,\n                    FILE_SHARE_READ,\n                    NULL,\n                    CREATE_NEW,\n                    FILE_ATTRIBUTE_NORMAL,\n                    NULL);\n        if (hFile == INVALID_HANDLE_VALUE)\n        {\n            printLine(\"File could not be created\");\n        }\n        else\n        {\n            printLine(\"File created successfully\");\n            CloseHandle(hFile);\n        }\n    }\n}\n",
        "new_code": "Code Snippet Variant:\nstatic int StaticValue = 364;\nvoid Sample_Func()\n{\n    if (StaticValue==321)\n    {\n        {\n            {\n                HANDLE hFile;\n                char * fileName = \"C:\\\\temp\\\\file.txt\";\n                hFile = CreateFileA(\n                            fileName,\n                            FILE_ALL_ACCESS,\n                            FILE_SHARE_READ,\n                            NULL,\n                            CREATE_NEW,\n                            FILE_ATTRIBUTE_NORMAL,\n                            NULL);\n                if (hFile == INVALID_HANDLE_VALUE)\n                {\n                    printLine(\"File could not be created\");\n                }\n                else\n                {\n                    printLine(\"File created successfully\");\n                    CloseHandle(hFile);\n                }\n            }\n        }\n    }\n    if (StaticValue==407)\n    {\n        {\n            {\n                HANDLE hFile;\n                char * fileName = \"C:\\\\temp\\\\file.txt\";\n                hFile = CreateFileA(\n                            fileName,\n                            GENERIC_READ,\n                            FILE_SHARE_READ,\n                            NULL,\n                            CREATE_NEW,\n                            FILE_ATTRIBUTE_NORMAL,\n                            NULL);\n                if (hFile == INVALID_HANDLE_VALUE)\n                {\n                    printLine(\"File could not be created\");\n                }\n                else\n                {\n                    printLine(\"File created successfully\");\n                    CloseHandle(hFile);\n                }\n            }\n        }\n    }\n    if (StaticValue==364)\n    {\n        {\n            {\n                HANDLE hFile;\n                char * fileName = \"C:\\\\temp\\\\file.txt\";\n                hFile = CreateFileA(\n                            fileName,\n                            GENERIC_READ,\n                            FILE_SHARE_READ,\n                            NULL,\n                            CREATE_NEW,\n                            FILE_ATTRIBUTE_NORMAL,\n                            NULL);\n                if (hFile == INVALID_HANDLE_VALUE)\n                {\n                    printLine(\"File could not be created\");\n                }\n                else\n                {\n                    printLine(\"File created successfully\");\n                    CloseHandle(hFile);\n                }\n            }\n        }\n    }\n}\n",
        "CWE_ID": "CWE284",
        "question": "Question: What happens if we replace the following original code snippet with the proposed variants? Will the vulnerability CWE284 be triggered, and how does it affect the functionality of the code?",
        "choices": {
            "A": "No, Function Preserved: The vulnerability CWE284 will not be triggered, and the original functionality is fully preserved.",
            "B": "No, Function Impaired: The vulnerability CWE284 will not be triggered, but the functionality of the original code is impaired.",
            "C": "Yes: The vulnerability CWE284 will still be triggered.",
            "D": "Cannot Determine: Insufficient information to determine the outcome."
        },
        "answer": "A",
        "distance": "outer"
    },
    {
        "case_id": "CWE284_Improper_Access_Control__w32_char_CreateFile_01_bad",
        "org_code": "Original Code Snippet:\nvoid Sample_Func()\n{\n    {\n        HANDLE hFile;\n        char * fileName = \"C:\\\\temp\\\\file.txt\";\n        hFile = CreateFileA(\n                    fileName,\n                    FILE_ALL_ACCESS,\n                    FILE_SHARE_READ,\n                    NULL,\n                    CREATE_NEW,\n                    FILE_ATTRIBUTE_NORMAL,\n                    NULL);\n        if (hFile == INVALID_HANDLE_VALUE)\n        {\n            printLine(\"File could not be created\");\n        }\n        else\n        {\n            printLine(\"File created successfully\");\n            CloseHandle(hFile);\n        }\n    }\n}\n",
        "new_code": "Code Snippet Variant:\nstatic int StaticValue = 378;\nvoid Sample_Func()\n{\n    if (StaticValue==321)\n    {\n        {\n            {\n                HANDLE hFile;\n                char * fileName = \"C:\\\\temp\\\\file.txt\";\n                hFile = CreateFileA(\n                            fileName,\n                            FILE_ALL_ACCESS,\n                            FILE_SHARE_READ,\n                            NULL,\n                            CREATE_NEW,\n                            FILE_ATTRIBUTE_NORMAL,\n                            NULL);\n                if (hFile == INVALID_HANDLE_VALUE)\n                {\n                    printLine(\"File could not be created\");\n                }\n                else\n                {\n                    printLine(\"File created successfully\");\n                    CloseHandle(hFile);\n                }\n            }\n        }\n    }\n    if (StaticValue==407)\n    {\n        {\n            {\n                HANDLE hFile;\n                char * fileName = \"C:\\\\temp\\\\file.txt\";\n                hFile = CreateFileA(\n                            fileName,\n                            GENERIC_READ,\n                            FILE_SHARE_READ,\n                            NULL,\n                            CREATE_NEW,\n                            FILE_ATTRIBUTE_NORMAL,\n                            NULL);\n                if (hFile == INVALID_HANDLE_VALUE)\n                {\n                    printLine(\"File could not be created\");\n                }\n                else\n                {\n                    printLine(\"File created successfully\");\n                    CloseHandle(hFile);\n                }\n            }\n        }\n    }\n    if(StaticValue==378)\n    {\n        int socketDescriptor;\n        int connectionStatus = 0;\n        char networkBuffer[256];\n        for (socketDescriptor = 0; socketDescriptor < 5; socketDescriptor++) {\n            if (connectionStatus == 0) {\n                networkBuffer[socketDescriptor] = 'A';\n            } else {\n                networkBuffer[socketDescriptor] = '0';\n            }\n        }\n        printLine(\"Successful! Problem Resolved!\");\n    }\n    if (StaticValue==364)\n    {\n        {\n            {\n                HANDLE hFile;\n                char * fileName = \"C:\\\\temp\\\\file.txt\";\n                hFile = CreateFileA(\n                            fileName,\n                            GENERIC_READ,\n                            FILE_SHARE_READ,\n                            NULL,\n                            CREATE_NEW,\n                            FILE_ATTRIBUTE_NORMAL,\n                            NULL);\n                if (hFile == INVALID_HANDLE_VALUE)\n                {\n                    printLine(\"File could not be created\");\n                }\n                else\n                {\n                    printLine(\"File created successfully\");\n                    CloseHandle(hFile);\n                }\n            }\n        }\n    }\n}\n",
        "CWE_ID": "CWE284",
        "question": "Question: What happens if we replace the following original code snippet with the proposed variants? Will the vulnerability CWE284 be triggered, and how does it affect the functionality of the code?",
        "choices": {
            "A": "No, Function Preserved: The vulnerability CWE284 will not be triggered, and the original functionality is fully preserved.",
            "B": "No, Function Impaired: The vulnerability CWE284 will not be triggered, but the functionality of the original code is impaired.",
            "C": "Yes: The vulnerability CWE284 will still be triggered.",
            "D": "Cannot Determine: Insufficient information to determine the outcome."
        },
        "answer": "B",
        "distance": "outer"
    },
    {
        "case_id": "CWE284_Improper_Access_Control__w32_char_CreateFile_01_bad",
        "org_code": "Original Code Snippet:\nvoid Sample_Func()\n{\n    {\n        HANDLE hFile;\n        char * fileName = \"C:\\\\temp\\\\file.txt\";\n        hFile = CreateFileA(\n                    fileName,\n                    FILE_ALL_ACCESS,\n                    FILE_SHARE_READ,\n                    NULL,\n                    CREATE_NEW,\n                    FILE_ATTRIBUTE_NORMAL,\n                    NULL);\n        if (hFile == INVALID_HANDLE_VALUE)\n        {\n            printLine(\"File could not be created\");\n        }\n        else\n        {\n            printLine(\"File created successfully\");\n            CloseHandle(hFile);\n        }\n    }\n}\n",
        "new_code": "Code Snippet Variant:\nstatic int StaticValue = 626;\nvoid Sample_Func()\n{\n    if (StaticValue==626)\n    {\n        {\n            {\n                HANDLE hFile;\n                char * fileName = \"C:\\\\temp\\\\file.txt\";\n                hFile = CreateFileA(\n                            fileName,\n                            FILE_ALL_ACCESS,\n                            FILE_SHARE_READ,\n                            NULL,\n                            CREATE_NEW,\n                            FILE_ATTRIBUTE_NORMAL,\n                            NULL);\n                if (hFile == INVALID_HANDLE_VALUE)\n                {\n                    printLine(\"File could not be created\");\n                }\n                else\n                {\n                    printLine(\"File created successfully\");\n                    CloseHandle(hFile);\n                }\n            }\n        }\n    }\n    if (StaticValue==651)\n    {\n        {\n            {\n                HANDLE hFile;\n                char * fileName = \"C:\\\\temp\\\\file.txt\";\n                hFile = CreateFileA(\n                            fileName,\n                            FILE_ALL_ACCESS,\n                            FILE_SHARE_READ,\n                            NULL,\n                            CREATE_NEW,\n                            FILE_ATTRIBUTE_NORMAL,\n                            NULL);\n                if (hFile == INVALID_HANDLE_VALUE)\n                {\n                    printLine(\"File could not be created\");\n                }\n                else\n                {\n                    printLine(\"File created successfully\");\n                    CloseHandle(hFile);\n                }\n            }\n        }\n    }\n    if (StaticValue==601)\n    {\n        {\n            {\n                HANDLE hFile;\n                char * fileName = \"C:\\\\temp\\\\file.txt\";\n                hFile = CreateFileA(\n                            fileName,\n                            GENERIC_READ,\n                            FILE_SHARE_READ,\n                            NULL,\n                            CREATE_NEW,\n                            FILE_ATTRIBUTE_NORMAL,\n                            NULL);\n                if (hFile == INVALID_HANDLE_VALUE)\n                {\n                    printLine(\"File could not be created\");\n                }\n                else\n                {\n                    printLine(\"File created successfully\");\n                    CloseHandle(hFile);\n                }\n            }\n        }\n    }\n}\n",
        "CWE_ID": "CWE284",
        "question": "Question: What happens if we replace the following original code snippet with the proposed variants? Will the vulnerability CWE284 be triggered, and how does it affect the functionality of the code?",
        "choices": {
            "A": "No, Function Preserved: The vulnerability CWE284 will not be triggered, and the original functionality is fully preserved.",
            "B": "No, Function Impaired: The vulnerability CWE284 will not be triggered, but the functionality of the original code is impaired.",
            "C": "Yes: The vulnerability CWE284 will still be triggered.",
            "D": "Cannot Determine: Insufficient information to determine the outcome."
        },
        "answer": "C",
        "distance": "outer"
    }
]