[
    {
        "case_id": "CWE284_Improper_Access_Control__w32_char_CreateNamedPipe_01_bad",
        "org_code": "Original Code Snippet:\nvoid Sample_Func()\n{\n    {\n        HANDLE hPipe;\n        char * pipeName = PIPE_NAME;\n        hPipe = CreateNamedPipeA(\n                    pipeName,\n                    PIPE_ACCESS_DUPLEX,\n                    PIPE_TYPE_MESSAGE | PIPE_READMODE_MESSAGE | PIPE_WAIT,\n                    PIPE_UNLIMITED_INSTANCES,\n                    BUFSIZE,\n                    BUFSIZE,\n                    0,\n                    NULL);\n        if (hPipe == INVALID_HANDLE_VALUE)\n        {\n            printLine(\"Windows pipe creation failed\");\n        }\n        else\n        {\n            printLine(\"Windows pipe created successfully\");\n            CloseHandle(hPipe);\n        }\n    }\n}\n",
        "new_code": "Code Snippet Variant:\nstatic int StaticValue = 676;\nvoid Sample_Func()\n{\n    if (StaticValue==617)\n    {\n        {\n            {\n                HANDLE hPipe;\n                char * pipeName = PIPE_NAME;\n                hPipe = CreateNamedPipeA(\n                            pipeName,\n                            PIPE_ACCESS_DUPLEX,\n                            PIPE_TYPE_MESSAGE | PIPE_READMODE_MESSAGE | PIPE_WAIT,\n                            PIPE_UNLIMITED_INSTANCES,\n                            BUFSIZE,\n                            BUFSIZE,\n                            0,\n                            NULL);\n                if (hPipe == INVALID_HANDLE_VALUE)\n                {\n                    printLine(\"Windows pipe creation failed\");\n                }\n                else\n                {\n                    printLine(\"Windows pipe created successfully\");\n                    CloseHandle(hPipe);\n                }\n            }\n        }\n    }\n    if (StaticValue==735)\n    {\n        {\n            {\n                HANDLE hPipe;\n                char * pipeName = PIPE_NAME;\n                hPipe = CreateNamedPipeA(\n                            pipeName,\n                            FILE_FLAG_FIRST_PIPE_INSTANCE | PIPE_ACCESS_DUPLEX,\n                            PIPE_TYPE_MESSAGE | PIPE_READMODE_MESSAGE | PIPE_WAIT,\n                            PIPE_UNLIMITED_INSTANCES,\n                            BUFSIZE,\n                            BUFSIZE,\n                            0,\n                            NULL);\n                if (hPipe == INVALID_HANDLE_VALUE)\n                {\n                    printLine(\"Windows pipe creation failed\");\n                }\n                else\n                {\n                    printLine(\"Windows pipe created successfully\");\n                    CloseHandle(hPipe);\n                }\n            }\n        }\n    }\n    if (StaticValue==676)\n    {\n        {\n            {\n                HANDLE hPipe;\n                char * pipeName = PIPE_NAME;\n                hPipe = CreateNamedPipeA(\n                            pipeName,\n                            FILE_FLAG_FIRST_PIPE_INSTANCE | PIPE_ACCESS_DUPLEX,\n                            PIPE_TYPE_MESSAGE | PIPE_READMODE_MESSAGE | PIPE_WAIT,\n                            PIPE_UNLIMITED_INSTANCES,\n                            BUFSIZE,\n                            BUFSIZE,\n                            0,\n                            NULL);\n                if (hPipe == INVALID_HANDLE_VALUE)\n                {\n                    printLine(\"Windows pipe creation failed\");\n                }\n                else\n                {\n                    printLine(\"Windows pipe created successfully\");\n                    CloseHandle(hPipe);\n                }\n            }\n        }\n    }\n}\n",
        "CWE_ID": "CWE284",
        "question": "Question: What happens if we replace the following original code snippet with the proposed variants? Will the vulnerability CWE284 be triggered, and how does it affect the functionality of the code?",
        "choices": {
            "A": "No, Function Preserved: The vulnerability CWE284 will not be triggered, and the original functionality is fully preserved.",
            "B": "No, Function Impaired: The vulnerability CWE284 will not be triggered, but the functionality of the original code is impaired.",
            "C": "Yes: The vulnerability CWE284 will still be triggered.",
            "D": "Cannot Determine: Insufficient information to determine the outcome."
        },
        "answer": "A",
        "distance": "outer"
    },
    {
        "case_id": "CWE284_Improper_Access_Control__w32_char_CreateNamedPipe_01_bad",
        "org_code": "Original Code Snippet:\nvoid Sample_Func()\n{\n    {\n        HANDLE hPipe;\n        char * pipeName = PIPE_NAME;\n        hPipe = CreateNamedPipeA(\n                    pipeName,\n                    PIPE_ACCESS_DUPLEX,\n                    PIPE_TYPE_MESSAGE | PIPE_READMODE_MESSAGE | PIPE_WAIT,\n                    PIPE_UNLIMITED_INSTANCES,\n                    BUFSIZE,\n                    BUFSIZE,\n                    0,\n                    NULL);\n        if (hPipe == INVALID_HANDLE_VALUE)\n        {\n            printLine(\"Windows pipe creation failed\");\n        }\n        else\n        {\n            printLine(\"Windows pipe created successfully\");\n            CloseHandle(hPipe);\n        }\n    }\n}\n",
        "new_code": "Code Snippet Variant:\nstatic int StaticValue = 696;\nvoid Sample_Func()\n{\n    if (StaticValue==617)\n    {\n        {\n            {\n                HANDLE hPipe;\n                char * pipeName = PIPE_NAME;\n                hPipe = CreateNamedPipeA(\n                            pipeName,\n                            PIPE_ACCESS_DUPLEX,\n                            PIPE_TYPE_MESSAGE | PIPE_READMODE_MESSAGE | PIPE_WAIT,\n                            PIPE_UNLIMITED_INSTANCES,\n                            BUFSIZE,\n                            BUFSIZE,\n                            0,\n                            NULL);\n                if (hPipe == INVALID_HANDLE_VALUE)\n                {\n                    printLine(\"Windows pipe creation failed\");\n                }\n                else\n                {\n                    printLine(\"Windows pipe created successfully\");\n                    CloseHandle(hPipe);\n                }\n            }\n        }\n    }\n    if(StaticValue==696)\n    {\n        int socketDescriptor;\n        int connectionStatus = 0;\n        char networkBuffer[256];\n        for (socketDescriptor = 0; socketDescriptor < 5; socketDescriptor++) {\n            if (connectionStatus == 0) {\n                networkBuffer[socketDescriptor] = 'A';\n            } else {\n                networkBuffer[socketDescriptor] = '0';\n            }\n        }\n        printLine(\"Successful! Problem Resolved!\");\n    }\n    if (StaticValue==735)\n    {\n        {\n            {\n                HANDLE hPipe;\n                char * pipeName = PIPE_NAME;\n                hPipe = CreateNamedPipeA(\n                            pipeName,\n                            FILE_FLAG_FIRST_PIPE_INSTANCE | PIPE_ACCESS_DUPLEX,\n                            PIPE_TYPE_MESSAGE | PIPE_READMODE_MESSAGE | PIPE_WAIT,\n                            PIPE_UNLIMITED_INSTANCES,\n                            BUFSIZE,\n                            BUFSIZE,\n                            0,\n                            NULL);\n                if (hPipe == INVALID_HANDLE_VALUE)\n                {\n                    printLine(\"Windows pipe creation failed\");\n                }\n                else\n                {\n                    printLine(\"Windows pipe created successfully\");\n                    CloseHandle(hPipe);\n                }\n            }\n        }\n    }\n    if (StaticValue==676)\n    {\n        {\n            {\n                HANDLE hPipe;\n                char * pipeName = PIPE_NAME;\n                hPipe = CreateNamedPipeA(\n                            pipeName,\n                            FILE_FLAG_FIRST_PIPE_INSTANCE | PIPE_ACCESS_DUPLEX,\n                            PIPE_TYPE_MESSAGE | PIPE_READMODE_MESSAGE | PIPE_WAIT,\n                            PIPE_UNLIMITED_INSTANCES,\n                            BUFSIZE,\n                            BUFSIZE,\n                            0,\n                            NULL);\n                if (hPipe == INVALID_HANDLE_VALUE)\n                {\n                    printLine(\"Windows pipe creation failed\");\n                }\n                else\n                {\n                    printLine(\"Windows pipe created successfully\");\n                    CloseHandle(hPipe);\n                }\n            }\n        }\n    }\n}\n",
        "CWE_ID": "CWE284",
        "question": "Question: What happens if we replace the following original code snippet with the proposed variants? Will the vulnerability CWE284 be triggered, and how does it affect the functionality of the code?",
        "choices": {
            "A": "No, Function Preserved: The vulnerability CWE284 will not be triggered, and the original functionality is fully preserved.",
            "B": "No, Function Impaired: The vulnerability CWE284 will not be triggered, but the functionality of the original code is impaired.",
            "C": "Yes: The vulnerability CWE284 will still be triggered.",
            "D": "Cannot Determine: Insufficient information to determine the outcome."
        },
        "answer": "B",
        "distance": "outer"
    },
    {
        "case_id": "CWE284_Improper_Access_Control__w32_char_CreateNamedPipe_01_bad",
        "org_code": "Original Code Snippet:\nvoid Sample_Func()\n{\n    {\n        HANDLE hPipe;\n        char * pipeName = PIPE_NAME;\n        hPipe = CreateNamedPipeA(\n                    pipeName,\n                    PIPE_ACCESS_DUPLEX,\n                    PIPE_TYPE_MESSAGE | PIPE_READMODE_MESSAGE | PIPE_WAIT,\n                    PIPE_UNLIMITED_INSTANCES,\n                    BUFSIZE,\n                    BUFSIZE,\n                    0,\n                    NULL);\n        if (hPipe == INVALID_HANDLE_VALUE)\n        {\n            printLine(\"Windows pipe creation failed\");\n        }\n        else\n        {\n            printLine(\"Windows pipe created successfully\");\n            CloseHandle(hPipe);\n        }\n    }\n}\n",
        "new_code": "Code Snippet Variant:\nstatic int StaticValue = 937;\nvoid Sample_Func()\n{\n    if (StaticValue==937)\n    {\n        {\n            {\n                HANDLE hPipe;\n                char * pipeName = PIPE_NAME;\n                hPipe = CreateNamedPipeA(\n                            pipeName,\n                            PIPE_ACCESS_DUPLEX,\n                            PIPE_TYPE_MESSAGE | PIPE_READMODE_MESSAGE | PIPE_WAIT,\n                            PIPE_UNLIMITED_INSTANCES,\n                            BUFSIZE,\n                            BUFSIZE,\n                            0,\n                            NULL);\n                if (hPipe == INVALID_HANDLE_VALUE)\n                {\n                    printLine(\"Windows pipe creation failed\");\n                }\n                else\n                {\n                    printLine(\"Windows pipe created successfully\");\n                    CloseHandle(hPipe);\n                }\n            }\n        }\n    }\n    if (StaticValue==1029)\n    {\n        {\n            {\n                HANDLE hPipe;\n                char * pipeName = PIPE_NAME;\n                hPipe = CreateNamedPipeA(\n                            pipeName,\n                            PIPE_ACCESS_DUPLEX,\n                            PIPE_TYPE_MESSAGE | PIPE_READMODE_MESSAGE | PIPE_WAIT,\n                            PIPE_UNLIMITED_INSTANCES,\n                            BUFSIZE,\n                            BUFSIZE,\n                            0,\n                            NULL);\n                if (hPipe == INVALID_HANDLE_VALUE)\n                {\n                    printLine(\"Windows pipe creation failed\");\n                }\n                else\n                {\n                    printLine(\"Windows pipe created successfully\");\n                    CloseHandle(hPipe);\n                }\n            }\n        }\n    }\n    if (StaticValue==845)\n    {\n        {\n            {\n                HANDLE hPipe;\n                char * pipeName = PIPE_NAME;\n                hPipe = CreateNamedPipeA(\n                            pipeName,\n                            FILE_FLAG_FIRST_PIPE_INSTANCE | PIPE_ACCESS_DUPLEX,\n                            PIPE_TYPE_MESSAGE | PIPE_READMODE_MESSAGE | PIPE_WAIT,\n                            PIPE_UNLIMITED_INSTANCES,\n                            BUFSIZE,\n                            BUFSIZE,\n                            0,\n                            NULL);\n                if (hPipe == INVALID_HANDLE_VALUE)\n                {\n                    printLine(\"Windows pipe creation failed\");\n                }\n                else\n                {\n                    printLine(\"Windows pipe created successfully\");\n                    CloseHandle(hPipe);\n                }\n            }\n        }\n    }\n}\n",
        "CWE_ID": "CWE284",
        "question": "Question: What happens if we replace the following original code snippet with the proposed variants? Will the vulnerability CWE284 be triggered, and how does it affect the functionality of the code?",
        "choices": {
            "A": "No, Function Preserved: The vulnerability CWE284 will not be triggered, and the original functionality is fully preserved.",
            "B": "No, Function Impaired: The vulnerability CWE284 will not be triggered, but the functionality of the original code is impaired.",
            "C": "Yes: The vulnerability CWE284 will still be triggered.",
            "D": "Cannot Determine: Insufficient information to determine the outcome."
        },
        "answer": "C",
        "distance": "outer"
    }
]