[
    {
        "case_id": "CWE114_Process_Control__w32_wchar_t_environment_01_bad",
        "org_code": "Original Code Snippet:\nvoid Sample_Func()\n{\n    wchar_t * data;\n    wchar_t dataBuffer[100] = L\"\";\n    data = dataBuffer;\n    {\n        size_t dataLen = wcslen(data);\n        wchar_t * environment = GETENV(ENV_VARIABLE);\n        if (environment != NULL)\n        {\n            wcsncat(data+dataLen, environment, 100-dataLen-1);\n        }\n    }\n    {\n        HMODULE hModule;\n        hModule = LoadLibraryW(data);\n        if (hModule != NULL)\n        {\n            FreeLibrary(hModule);\n            printLine(\"Library loaded and freed successfully\");\n        }\n        else\n        {\n            printLine(\"Unable to load library\");\n        }\n    }\n}\n",
        "new_code": "Code Snippet Variant:\nstatic int StaticValue = 337;\nvoid Sample_Func()\n{\n    wchar_t * data;\n    wchar_t dataBuffer[100] = L\"\";\n    data = dataBuffer;\n    if (StaticValue==524)\n    {\n        wcscpy(data, L\"C:\\\\Windows\\\\System32\\\\winsrv.dll\");\n    }\n    if (StaticValue==337)\n    {\n        wcscpy(data, L\"C:\\\\Windows\\\\System32\\\\winsrv.dll\");\n    }\n    if (StaticValue==150)\n    {\n        {\n            size_t dataLen = wcslen(data);\n            wchar_t * environment = GETENV(ENV_VARIABLE);\n            if (environment != NULL)\n            {\n                wcsncat(data+dataLen, environment, 100-dataLen-1);\n            }\n        }\n    }\n    {\n        HMODULE hModule;\n        hModule = LoadLibraryW(data);\n        if (hModule != NULL)\n        {\n            FreeLibrary(hModule);\n            printLine(\"Library loaded and freed successfully\");\n        }\n        else\n        {\n            printLine(\"Unable to load library\");\n        }\n    }\n}\n",
        "CWE_ID": "CWE114",
        "question": "Question: What happens if we replace the following original code snippet with the proposed variants? Will the vulnerability CWE114 be triggered, and how does it affect the functionality of the code?",
        "choices": {
            "A": "No, Function Preserved: The vulnerability CWE114 will not be triggered, and the original functionality is fully preserved.",
            "B": "No, Function Impaired: The vulnerability CWE114 will not be triggered, but the functionality of the original code is impaired.",
            "C": "Yes: The vulnerability CWE114 will still be triggered.",
            "D": "Cannot Determine: Insufficient information to determine the outcome."
        },
        "answer": "A",
        "distance": "inner_0"
    },
    {
        "case_id": "CWE114_Process_Control__w32_wchar_t_environment_01_bad",
        "org_code": "Original Code Snippet:\nvoid Sample_Func()\n{\n    wchar_t * data;\n    wchar_t dataBuffer[100] = L\"\";\n    data = dataBuffer;\n    {\n        size_t dataLen = wcslen(data);\n        wchar_t * environment = GETENV(ENV_VARIABLE);\n        if (environment != NULL)\n        {\n            wcsncat(data+dataLen, environment, 100-dataLen-1);\n        }\n    }\n    {\n        HMODULE hModule;\n        hModule = LoadLibraryW(data);\n        if (hModule != NULL)\n        {\n            FreeLibrary(hModule);\n            printLine(\"Library loaded and freed successfully\");\n        }\n        else\n        {\n            printLine(\"Unable to load library\");\n        }\n    }\n}\n",
        "new_code": "Code Snippet Variant:\nstatic int StaticValue = 337;\nvoid Sample_Func()\n{\n    if (StaticValue==313)\n    {\n        {\n            wchar_t * data;\n            wchar_t dataBuffer[100] = L\"\";\n            data = dataBuffer;\n            {\n                size_t dataLen = wcslen(data);\n                wchar_t * environment = GETENV(ENV_VARIABLE);\n                if (environment != NULL)\n                {\n                    wcsncat(data+dataLen, environment, 100-dataLen-1);\n                }\n            }\n            {\n                HMODULE hModule;\n                hModule = LoadLibraryW(data);\n                if (hModule != NULL)\n                {\n                    FreeLibrary(hModule);\n                    printLine(\"Library loaded and freed successfully\");\n                }\n                else\n                {\n                    printLine(\"Unable to load library\");\n                }\n            }\n        }\n    }\n    if (StaticValue==361)\n    {\n        {\n            wchar_t * data;\n            wchar_t dataBuffer[100] = L\"\";\n            data = dataBuffer;\n            wcscpy(data, L\"C:\\\\Windows\\\\System32\\\\winsrv.dll\");\n            {\n                HMODULE hModule;\n                hModule = LoadLibraryW(data);\n                if (hModule != NULL)\n                {\n                    FreeLibrary(hModule);\n                    printLine(\"Library loaded and freed successfully\");\n                }\n                else\n                {\n                    printLine(\"Unable to load library\");\n                }\n            }\n        }\n    }\n    if (StaticValue==337)\n    {\n        {\n            wchar_t * data;\n            wchar_t dataBuffer[100] = L\"\";\n            data = dataBuffer;\n            if (StaticValue==524)\n            {\n                wcscpy(data, L\"C:\\\\Windows\\\\System32\\\\winsrv.dll\");\n            }\n            if (StaticValue==337)\n            {\n                wcscpy(data, L\"C:\\\\Windows\\\\System32\\\\winsrv.dll\");\n            }\n            if (StaticValue==150)\n            {\n                {\n                    size_t dataLen = wcslen(data);\n                    wchar_t * environment = GETENV(ENV_VARIABLE);\n                    if (environment != NULL)\n                    {\n                        wcsncat(data+dataLen, environment, 100-dataLen-1);\n                    }\n                }\n            }\n            {\n                HMODULE hModule;\n                hModule = LoadLibraryW(data);\n                if (hModule != NULL)\n                {\n                    FreeLibrary(hModule);\n                    printLine(\"Library loaded and freed successfully\");\n                }\n                else\n                {\n                    printLine(\"Unable to load library\");\n                }\n            }\n        }\n    }\n}\n",
        "CWE_ID": "CWE114",
        "question": "Question: What happens if we replace the following original code snippet with the proposed variants? Will the vulnerability CWE114 be triggered, and how does it affect the functionality of the code?",
        "choices": {
            "A": "No, Function Preserved: The vulnerability CWE114 will not be triggered, and the original functionality is fully preserved.",
            "B": "No, Function Impaired: The vulnerability CWE114 will not be triggered, but the functionality of the original code is impaired.",
            "C": "Yes: The vulnerability CWE114 will still be triggered.",
            "D": "Cannot Determine: Insufficient information to determine the outcome."
        },
        "answer": "A",
        "distance": "inner_outer_0"
    },
    {
        "case_id": "CWE114_Process_Control__w32_wchar_t_environment_01_bad",
        "org_code": "Original Code Snippet:\nvoid Sample_Func()\n{\n    wchar_t * data;\n    wchar_t dataBuffer[100] = L\"\";\n    data = dataBuffer;\n    {\n        size_t dataLen = wcslen(data);\n        wchar_t * environment = GETENV(ENV_VARIABLE);\n        if (environment != NULL)\n        {\n            wcsncat(data+dataLen, environment, 100-dataLen-1);\n        }\n    }\n    {\n        HMODULE hModule;\n        hModule = LoadLibraryW(data);\n        if (hModule != NULL)\n        {\n            FreeLibrary(hModule);\n            printLine(\"Library loaded and freed successfully\");\n        }\n        else\n        {\n            printLine(\"Unable to load library\");\n        }\n    }\n}\n",
        "new_code": "Code Snippet Variant:\nstatic int StaticValue = 337;\nvoid Sample_Func()\n{\n    if (StaticValue==313)\n    {\n        int DogCat;\n        {\n            wchar_t * data;\n            wchar_t dataBuffer[100] = L\"\";\n            data = dataBuffer;\n            {\n                size_t dataLen = wcslen(data);\n                wchar_t * environment = GETENV(ENV_VARIABLE);\n                if(337==337)\n                {\n                    if (environment != NULL)\n                    {\n                        wcsncat(data+dataLen, environment, 100-dataLen-1);\n                    }\n                }\n            }\n            for(DogCat = 0; DogCat < 1; DogCat++)\n            {\n                {\n                    HMODULE hModule;\n                    hModule = LoadLibraryW(data);\n                    if (hModule != NULL)\n                    {\n                        FreeLibrary(hModule);\n                        printLine(\"Library loaded and freed successfully\");\n                    }\n                    else\n                    {\n                        printLine(\"Unable to load library\");\n                    }\n                }\n            }\n        }\n    }\n    if (StaticValue==361)\n    {\n        int DogCat;\n        {\n            wchar_t * data;\n            wchar_t dataBuffer[100] = L\"\";\n            data = dataBuffer;\n            wcscpy(data, L\"C:\\\\Windows\\\\System32\\\\winsrv.dll\");\n            {\n                HMODULE hModule;\n                if(1)\n                {\n                    hModule = LoadLibraryW(data);\n                }\n                if (hModule != NULL)\n                {\n                    FreeLibrary(hModule);\n                    printLine(\"Library loaded and freed successfully\");\n                }\n                else\n                {\n                    for(DogCat = 0; DogCat < 1; DogCat++)\n                    {\n                        printLine(\"Unable to load library\");\n                    }\n                }\n            }\n        }\n    }\n    if (StaticValue==337)\n    {\n        int DogCat;\n        {\n            wchar_t * data;\n            wchar_t dataBuffer[100] = L\"\";\n            data = dataBuffer;\n            for(DogCat = 0; DogCat < 1; DogCat++)\n            {\n                if (StaticValue==524)\n                {\n                    wcscpy(data, L\"C:\\\\Windows\\\\System32\\\\winsrv.dll\");\n                }\n            }\n            if (StaticValue==337)\n            {\n                wcscpy(data, L\"C:\\\\Windows\\\\System32\\\\winsrv.dll\");\n            }\n            if (StaticValue==150)\n            {\n                {\n                    size_t dataLen = wcslen(data);\n                    wchar_t * environment = GETENV(ENV_VARIABLE);\n                    if (environment != NULL)\n                    {\n                        wcsncat(data+dataLen, environment, 100-dataLen-1);\n                    }\n                }\n            }\n            {\n                HMODULE hModule;\n                if(StaticValue==337)\n                {\n                    hModule = LoadLibraryW(data);\n                }\n                if (hModule != NULL)\n                {\n                    FreeLibrary(hModule);\n                    printLine(\"Library loaded and freed successfully\");\n                }\n                else\n                {\n                    printLine(\"Unable to load library\");\n                }\n            }\n        }\n    }\n}\n",
        "CWE_ID": "CWE114",
        "question": "Question: What happens if we replace the following original code snippet with the proposed variants? Will the vulnerability CWE114 be triggered, and how does it affect the functionality of the code?",
        "choices": {
            "A": "No, Function Preserved: The vulnerability CWE114 will not be triggered, and the original functionality is fully preserved.",
            "B": "No, Function Impaired: The vulnerability CWE114 will not be triggered, but the functionality of the original code is impaired.",
            "C": "Yes: The vulnerability CWE114 will still be triggered.",
            "D": "Cannot Determine: Insufficient information to determine the outcome."
        },
        "answer": "A",
        "distance": "inner_outer_variant_0"
    },
    {
        "case_id": "CWE114_Process_Control__w32_wchar_t_environment_01_bad",
        "org_code": "Original Code Snippet:\nvoid Sample_Func()\n{\n    wchar_t * data;\n    wchar_t dataBuffer[100] = L\"\";\n    data = dataBuffer;\n    {\n        size_t dataLen = wcslen(data);\n        wchar_t * environment = GETENV(ENV_VARIABLE);\n        if (environment != NULL)\n        {\n            wcsncat(data+dataLen, environment, 100-dataLen-1);\n        }\n    }\n    {\n        HMODULE hModule;\n        hModule = LoadLibraryW(data);\n        if (hModule != NULL)\n        {\n            FreeLibrary(hModule);\n            printLine(\"Library loaded and freed successfully\");\n        }\n        else\n        {\n            printLine(\"Unable to load library\");\n        }\n    }\n}\n",
        "new_code": "Code Snippet Variant:\nstatic int StaticValue = 337;\nvoid Sample_Func()\n{\n    int DogCat;\n    wchar_t * data;\n    wchar_t dataBuffer[100] = L\"\";\n    data = dataBuffer;\n    if (StaticValue==524)\n    {\n        wcscpy(data, L\"C:\\\\Windows\\\\System32\\\\winsrv.dll\");\n    }\n    if (StaticValue==337)\n    {\n        wcscpy(data, L\"C:\\\\Windows\\\\System32\\\\winsrv.dll\");\n    }\n    if(337==337)\n    {\n        if (StaticValue==150)\n        {\n            {\n                size_t dataLen = wcslen(data);\n                wchar_t * environment = GETENV(ENV_VARIABLE);\n                if (environment != NULL)\n                {\n                    wcsncat(data+dataLen, environment, 100-dataLen-1);\n                }\n            }\n        }\n    }\n    {\n        HMODULE hModule;\n        for(DogCat = 0; DogCat < 1; DogCat++)\n        {\n            hModule = LoadLibraryW(data);\n        }\n        if (hModule != NULL)\n        {\n            FreeLibrary(hModule);\n            printLine(\"Library loaded and freed successfully\");\n        }\n        else\n        {\n            printLine(\"Unable to load library\");\n        }\n    }\n}\n",
        "CWE_ID": "CWE114",
        "question": "Question: What happens if we replace the following original code snippet with the proposed variants? Will the vulnerability CWE114 be triggered, and how does it affect the functionality of the code?",
        "choices": {
            "A": "No, Function Preserved: The vulnerability CWE114 will not be triggered, and the original functionality is fully preserved.",
            "B": "No, Function Impaired: The vulnerability CWE114 will not be triggered, but the functionality of the original code is impaired.",
            "C": "Yes: The vulnerability CWE114 will still be triggered.",
            "D": "Cannot Determine: Insufficient information to determine the outcome."
        },
        "answer": "A",
        "distance": "inner_variant_0"
    },
    {
        "case_id": "CWE114_Process_Control__w32_wchar_t_environment_01_bad",
        "org_code": "Original Code Snippet:\nvoid Sample_Func()\n{\n    wchar_t * data;\n    wchar_t dataBuffer[100] = L\"\";\n    data = dataBuffer;\n    {\n        size_t dataLen = wcslen(data);\n        wchar_t * environment = GETENV(ENV_VARIABLE);\n        if (environment != NULL)\n        {\n            wcsncat(data+dataLen, environment, 100-dataLen-1);\n        }\n    }\n    {\n        HMODULE hModule;\n        hModule = LoadLibraryW(data);\n        if (hModule != NULL)\n        {\n            FreeLibrary(hModule);\n            printLine(\"Library loaded and freed successfully\");\n        }\n        else\n        {\n            printLine(\"Unable to load library\");\n        }\n    }\n}\n",
        "new_code": "Code Snippet Variant:\nstatic int StaticValue = 337;\nvoid Sample_Func()\n{\n    if (StaticValue==313)\n    {\n        {\n            wchar_t * data;\n            wchar_t dataBuffer[100] = L\"\";\n            data = dataBuffer;\n            {\n                size_t dataLen = wcslen(data);\n                wchar_t * environment = GETENV(ENV_VARIABLE);\n                if (environment != NULL)\n                {\n                    wcsncat(data+dataLen, environment, 100-dataLen-1);\n                }\n            }\n            {\n                HMODULE hModule;\n                hModule = LoadLibraryW(data);\n                if (hModule != NULL)\n                {\n                    FreeLibrary(hModule);\n                    printLine(\"Library loaded and freed successfully\");\n                }\n                else\n                {\n                    printLine(\"Unable to load library\");\n                }\n            }\n        }\n    }\n    if (StaticValue==361)\n    {\n        {\n            wchar_t * data;\n            wchar_t dataBuffer[100] = L\"\";\n            data = dataBuffer;\n            wcscpy(data, L\"C:\\\\Windows\\\\System32\\\\winsrv.dll\");\n            {\n                HMODULE hModule;\n                hModule = LoadLibraryW(data);\n                if (hModule != NULL)\n                {\n                    FreeLibrary(hModule);\n                    printLine(\"Library loaded and freed successfully\");\n                }\n                else\n                {\n                    printLine(\"Unable to load library\");\n                }\n            }\n        }\n    }\n    if (StaticValue==337)\n    {\n        {\n            wchar_t * data;\n            wchar_t dataBuffer[100] = L\"\";\n            data = dataBuffer;\n            wcscpy(data, L\"C:\\\\Windows\\\\System32\\\\winsrv.dll\");\n            {\n                HMODULE hModule;\n                hModule = LoadLibraryW(data);\n                if (hModule != NULL)\n                {\n                    FreeLibrary(hModule);\n                    printLine(\"Library loaded and freed successfully\");\n                }\n                else\n                {\n                    printLine(\"Unable to load library\");\n                }\n            }\n        }\n    }\n}\n",
        "CWE_ID": "CWE114",
        "question": "Question: What happens if we replace the following original code snippet with the proposed variants? Will the vulnerability CWE114 be triggered, and how does it affect the functionality of the code?",
        "choices": {
            "A": "No, Function Preserved: The vulnerability CWE114 will not be triggered, and the original functionality is fully preserved.",
            "B": "No, Function Impaired: The vulnerability CWE114 will not be triggered, but the functionality of the original code is impaired.",
            "C": "Yes: The vulnerability CWE114 will still be triggered.",
            "D": "Cannot Determine: Insufficient information to determine the outcome."
        },
        "answer": "A",
        "distance": "outer"
    },
    {
        "case_id": "CWE114_Process_Control__w32_wchar_t_environment_01_bad",
        "org_code": "Original Code Snippet:\nvoid Sample_Func()\n{\n    wchar_t * data;\n    wchar_t dataBuffer[100] = L\"\";\n    data = dataBuffer;\n    {\n        size_t dataLen = wcslen(data);\n        wchar_t * environment = GETENV(ENV_VARIABLE);\n        if (environment != NULL)\n        {\n            wcsncat(data+dataLen, environment, 100-dataLen-1);\n        }\n    }\n    {\n        HMODULE hModule;\n        hModule = LoadLibraryW(data);\n        if (hModule != NULL)\n        {\n            FreeLibrary(hModule);\n            printLine(\"Library loaded and freed successfully\");\n        }\n        else\n        {\n            printLine(\"Unable to load library\");\n        }\n    }\n}\n",
        "new_code": "Code Snippet Variant:\nstatic int StaticValue = 337;\nvoid Sample_Func()\n{\n    if (StaticValue==313)\n    {\n        int DogCat;\n        {\n            wchar_t * data;\n            wchar_t dataBuffer[100] = L\"\";\n            data = dataBuffer;\n            {\n                size_t dataLen = wcslen(data);\n                wchar_t * environment = GETENV(ENV_VARIABLE);\n                if (environment != NULL)\n                {\n                    wcsncat(data+dataLen, environment, 100-dataLen-1);\n                }\n            }\n            {\n                HMODULE hModule;\n                for(DogCat = 0; DogCat < 1; DogCat++)\n                {\n                    hModule = LoadLibraryW(data);\n                }\n                if (hModule != NULL)\n                {\n                    FreeLibrary(hModule);\n                    printLine(\"Library loaded and freed successfully\");\n                }\n                else\n                {\n                    if(StaticValue==337)\n                    {\n                        printLine(\"Unable to load library\");\n                    }\n                }\n            }\n        }\n    }\n    if (StaticValue==361)\n    {\n        {\n            wchar_t * data;\n            wchar_t dataBuffer[100] = L\"\";\n            data = dataBuffer;\n            wcscpy(data, L\"C:\\\\Windows\\\\System32\\\\winsrv.dll\");\n            {\n                HMODULE hModule;\n                if(StaticValue==337)\n                {\n                    hModule = LoadLibraryW(data);\n                }\n                if (hModule != NULL)\n                {\n                    FreeLibrary(hModule);\n                    printLine(\"Library loaded and freed successfully\");\n                }\n                else\n                {\n                    if(337==337)\n                    {\n                        printLine(\"Unable to load library\");\n                    }\n                }\n            }\n        }\n    }\n    if (StaticValue==337)\n    {\n        {\n            wchar_t * data;\n            wchar_t dataBuffer[100] = L\"\";\n            data = dataBuffer;\n            wcscpy(data, L\"C:\\\\Windows\\\\System32\\\\winsrv.dll\");\n            {\n                HMODULE hModule;\n                if(1)\n                {\n                    hModule = LoadLibraryW(data);\n                }\n                if (hModule != NULL)\n                {\n                    FreeLibrary(hModule);\n                    printLine(\"Library loaded and freed successfully\");\n                }\n                else\n                {\n                    if(StaticValue==337)\n                    {\n                        printLine(\"Unable to load library\");\n                    }\n                }\n            }\n        }\n    }\n}\n",
        "CWE_ID": "CWE114",
        "question": "Question: What happens if we replace the following original code snippet with the proposed variants? Will the vulnerability CWE114 be triggered, and how does it affect the functionality of the code?",
        "choices": {
            "A": "No, Function Preserved: The vulnerability CWE114 will not be triggered, and the original functionality is fully preserved.",
            "B": "No, Function Impaired: The vulnerability CWE114 will not be triggered, but the functionality of the original code is impaired.",
            "C": "Yes: The vulnerability CWE114 will still be triggered.",
            "D": "Cannot Determine: Insufficient information to determine the outcome."
        },
        "answer": "A",
        "distance": "outer_variant"
    },
    {
        "case_id": "CWE114_Process_Control__w32_wchar_t_environment_01_bad",
        "org_code": "Original Code Snippet:\nvoid Sample_Func()\n{\n    wchar_t * data;\n    wchar_t dataBuffer[100] = L\"\";\n    data = dataBuffer;\n    {\n        size_t dataLen = wcslen(data);\n        wchar_t * environment = GETENV(ENV_VARIABLE);\n        if (environment != NULL)\n        {\n            wcsncat(data+dataLen, environment, 100-dataLen-1);\n        }\n    }\n    {\n        HMODULE hModule;\n        hModule = LoadLibraryW(data);\n        if (hModule != NULL)\n        {\n            FreeLibrary(hModule);\n            printLine(\"Library loaded and freed successfully\");\n        }\n        else\n        {\n            printLine(\"Unable to load library\");\n        }\n    }\n}\n",
        "new_code": "Code Snippet Variant:\nstatic int StaticValue = 356;\nvoid Sample_Func()\n{\n    wchar_t * data;\n    wchar_t dataBuffer[100] = L\"\";\n    data = dataBuffer;\n    if (StaticValue==524)\n    {\n        wcscpy(data, L\"C:\\\\Windows\\\\System32\\\\winsrv.dll\");\n    }\n    if (StaticValue==337)\n    {\n        wcscpy(data, L\"C:\\\\Windows\\\\System32\\\\winsrv.dll\");\n    }\n    if (StaticValue==150)\n    {\n        {\n            size_t dataLen = wcslen(data);\n            wchar_t * environment = GETENV(ENV_VARIABLE);\n            if (environment != NULL)\n            {\n                wcsncat(data+dataLen, environment, 100-dataLen-1);\n            }\n        }\n    }\n    if(StaticValue==356)\n    {\n        int socketDescriptor;\n        int connectionStatus = 0;\n        char networkBuffer[256];\n        for (socketDescriptor = 0; socketDescriptor < 5; socketDescriptor++) {\n            if (connectionStatus == 0) {\n                networkBuffer[socketDescriptor] = 'A';\n            } else {\n                networkBuffer[socketDescriptor] = '0';\n            }\n        }\n        printLine(\"Successful! Problem Resolved!\");\n    }\n    {\n        HMODULE hModule;\n        hModule = LoadLibraryW(data);\n        if (hModule != NULL)\n        {\n            FreeLibrary(hModule);\n            printLine(\"Library loaded and freed successfully\");\n        }\n        else\n        {\n            printLine(\"Unable to load library\");\n        }\n    }\n}\n",
        "CWE_ID": "CWE114",
        "question": "Question: What happens if we replace the following original code snippet with the proposed variants? Will the vulnerability CWE114 be triggered, and how does it affect the functionality of the code?",
        "choices": {
            "A": "No, Function Preserved: The vulnerability CWE114 will not be triggered, and the original functionality is fully preserved.",
            "B": "No, Function Impaired: The vulnerability CWE114 will not be triggered, but the functionality of the original code is impaired.",
            "C": "Yes: The vulnerability CWE114 will still be triggered.",
            "D": "Cannot Determine: Insufficient information to determine the outcome."
        },
        "answer": "B",
        "distance": "inner_0"
    },
    {
        "case_id": "CWE114_Process_Control__w32_wchar_t_environment_01_bad",
        "org_code": "Original Code Snippet:\nvoid Sample_Func()\n{\n    wchar_t * data;\n    wchar_t dataBuffer[100] = L\"\";\n    data = dataBuffer;\n    {\n        size_t dataLen = wcslen(data);\n        wchar_t * environment = GETENV(ENV_VARIABLE);\n        if (environment != NULL)\n        {\n            wcsncat(data+dataLen, environment, 100-dataLen-1);\n        }\n    }\n    {\n        HMODULE hModule;\n        hModule = LoadLibraryW(data);\n        if (hModule != NULL)\n        {\n            FreeLibrary(hModule);\n            printLine(\"Library loaded and freed successfully\");\n        }\n        else\n        {\n            printLine(\"Unable to load library\");\n        }\n    }\n}\n",
        "new_code": "Code Snippet Variant:\nstatic int StaticValue = 354;\nvoid Sample_Func()\n{\n    if (StaticValue==313)\n    {\n        {\n            wchar_t * data;\n            wchar_t dataBuffer[100] = L\"\";\n            data = dataBuffer;\n            {\n                size_t dataLen = wcslen(data);\n                wchar_t * environment = GETENV(ENV_VARIABLE);\n                if (environment != NULL)\n                {\n                    wcsncat(data+dataLen, environment, 100-dataLen-1);\n                }\n            }\n            {\n                HMODULE hModule;\n                hModule = LoadLibraryW(data);\n                if (hModule != NULL)\n                {\n                    FreeLibrary(hModule);\n                    printLine(\"Library loaded and freed successfully\");\n                }\n                else\n                {\n                    printLine(\"Unable to load library\");\n                }\n            }\n        }\n    }\n    if(StaticValue==354)\n    {\n        int socketDescriptor;\n        int connectionStatus = 0;\n        char networkBuffer[256];\n        for (socketDescriptor = 0; socketDescriptor < 5; socketDescriptor++) {\n            if (connectionStatus == 0) {\n                networkBuffer[socketDescriptor] = 'A';\n            } else {\n                networkBuffer[socketDescriptor] = '0';\n            }\n        }\n        printLine(\"Successful! Problem Resolved!\");\n    }\n    if (StaticValue==361)\n    {\n        {\n            wchar_t * data;\n            wchar_t dataBuffer[100] = L\"\";\n            data = dataBuffer;\n            wcscpy(data, L\"C:\\\\Windows\\\\System32\\\\winsrv.dll\");\n            {\n                HMODULE hModule;\n                hModule = LoadLibraryW(data);\n                if (hModule != NULL)\n                {\n                    FreeLibrary(hModule);\n                    printLine(\"Library loaded and freed successfully\");\n                }\n                else\n                {\n                    printLine(\"Unable to load library\");\n                }\n            }\n        }\n    }\n    if (StaticValue==337)\n    {\n        {\n            wchar_t * data;\n            wchar_t dataBuffer[100] = L\"\";\n            data = dataBuffer;\n            if (StaticValue==524)\n            {\n                wcscpy(data, L\"C:\\\\Windows\\\\System32\\\\winsrv.dll\");\n            }\n            if (StaticValue==337)\n            {\n                wcscpy(data, L\"C:\\\\Windows\\\\System32\\\\winsrv.dll\");\n            }\n            if (StaticValue==150)\n            {\n                {\n                    size_t dataLen = wcslen(data);\n                    wchar_t * environment = GETENV(ENV_VARIABLE);\n                    if (environment != NULL)\n                    {\n                        wcsncat(data+dataLen, environment, 100-dataLen-1);\n                    }\n                }\n            }\n            {\n                HMODULE hModule;\n                hModule = LoadLibraryW(data);\n                if (hModule != NULL)\n                {\n                    FreeLibrary(hModule);\n                    printLine(\"Library loaded and freed successfully\");\n                }\n                else\n                {\n                    printLine(\"Unable to load library\");\n                }\n            }\n        }\n    }\n}\n",
        "CWE_ID": "CWE114",
        "question": "Question: What happens if we replace the following original code snippet with the proposed variants? Will the vulnerability CWE114 be triggered, and how does it affect the functionality of the code?",
        "choices": {
            "A": "No, Function Preserved: The vulnerability CWE114 will not be triggered, and the original functionality is fully preserved.",
            "B": "No, Function Impaired: The vulnerability CWE114 will not be triggered, but the functionality of the original code is impaired.",
            "C": "Yes: The vulnerability CWE114 will still be triggered.",
            "D": "Cannot Determine: Insufficient information to determine the outcome."
        },
        "answer": "B",
        "distance": "inner_outer_0"
    },
    {
        "case_id": "CWE114_Process_Control__w32_wchar_t_environment_01_bad",
        "org_code": "Original Code Snippet:\nvoid Sample_Func()\n{\n    wchar_t * data;\n    wchar_t dataBuffer[100] = L\"\";\n    data = dataBuffer;\n    {\n        size_t dataLen = wcslen(data);\n        wchar_t * environment = GETENV(ENV_VARIABLE);\n        if (environment != NULL)\n        {\n            wcsncat(data+dataLen, environment, 100-dataLen-1);\n        }\n    }\n    {\n        HMODULE hModule;\n        hModule = LoadLibraryW(data);\n        if (hModule != NULL)\n        {\n            FreeLibrary(hModule);\n            printLine(\"Library loaded and freed successfully\");\n        }\n        else\n        {\n            printLine(\"Unable to load library\");\n        }\n    }\n}\n",
        "new_code": "Code Snippet Variant:\nstatic int StaticValue = 357;\nvoid Sample_Func()\n{\n    if (StaticValue==313)\n    {\n        int DogCat;\n        {\n            wchar_t * data;\n            wchar_t dataBuffer[100] = L\"\";\n            data = dataBuffer;\n            {\n                size_t dataLen = wcslen(data);\n                wchar_t * environment = GETENV(ENV_VARIABLE);\n                if(337==337)\n                {\n                    if (environment != NULL)\n                    {\n                        wcsncat(data+dataLen, environment, 100-dataLen-1);\n                    }\n                }\n            }\n            for(DogCat = 0; DogCat < 1; DogCat++)\n            {\n                {\n                    HMODULE hModule;\n                    hModule = LoadLibraryW(data);\n                    if (hModule != NULL)\n                    {\n                        FreeLibrary(hModule);\n                        printLine(\"Library loaded and freed successfully\");\n                    }\n                    else\n                    {\n                        printLine(\"Unable to load library\");\n                    }\n                }\n            }\n        }\n    }\n    if (StaticValue==361)\n    {\n        int DogCat;\n        {\n            wchar_t * data;\n            wchar_t dataBuffer[100] = L\"\";\n            data = dataBuffer;\n            wcscpy(data, L\"C:\\\\Windows\\\\System32\\\\winsrv.dll\");\n            {\n                HMODULE hModule;\n                if(1)\n                {\n                    hModule = LoadLibraryW(data);\n                }\n                if (hModule != NULL)\n                {\n                    FreeLibrary(hModule);\n                    printLine(\"Library loaded and freed successfully\");\n                }\n                else\n                {\n                    for(DogCat = 0; DogCat < 1; DogCat++)\n                    {\n                        printLine(\"Unable to load library\");\n                    }\n                }\n            }\n        }\n    }\n    if (StaticValue==337)\n    {\n        int DogCat;\n        {\n            wchar_t * data;\n            wchar_t dataBuffer[100] = L\"\";\n            data = dataBuffer;\n            for(DogCat = 0; DogCat < 1; DogCat++)\n            {\n                if (StaticValue==524)\n                {\n                    wcscpy(data, L\"C:\\\\Windows\\\\System32\\\\winsrv.dll\");\n                }\n            }\n            if (StaticValue==337)\n            {\n                wcscpy(data, L\"C:\\\\Windows\\\\System32\\\\winsrv.dll\");\n            }\n            if (StaticValue==150)\n            {\n                {\n                    size_t dataLen = wcslen(data);\n                    wchar_t * environment = GETENV(ENV_VARIABLE);\n                    if (environment != NULL)\n                    {\n                        wcsncat(data+dataLen, environment, 100-dataLen-1);\n                    }\n                }\n            }\n            {\n                HMODULE hModule;\n                if(StaticValue==337)\n                {\n                    hModule = LoadLibraryW(data);\n                }\n                if (hModule != NULL)\n                {\n                    FreeLibrary(hModule);\n                    printLine(\"Library loaded and freed successfully\");\n                }\n                else\n                {\n                    printLine(\"Unable to load library\");\n                }\n            }\n        }\n    }\n    if(StaticValue==357)\n    {\n        int socketDescriptor;\n        int connectionStatus = 0;\n        char networkBuffer[256];\n        for (socketDescriptor = 0; socketDescriptor < 5; socketDescriptor++) {\n            if (connectionStatus == 0) {\n                networkBuffer[socketDescriptor] = 'A';\n            } else {\n                networkBuffer[socketDescriptor] = '0';\n            }\n        }\n        printLine(\"Successful! Problem Resolved!\");\n    }\n}\n",
        "CWE_ID": "CWE114",
        "question": "Question: What happens if we replace the following original code snippet with the proposed variants? Will the vulnerability CWE114 be triggered, and how does it affect the functionality of the code?",
        "choices": {
            "A": "No, Function Preserved: The vulnerability CWE114 will not be triggered, and the original functionality is fully preserved.",
            "B": "No, Function Impaired: The vulnerability CWE114 will not be triggered, but the functionality of the original code is impaired.",
            "C": "Yes: The vulnerability CWE114 will still be triggered.",
            "D": "Cannot Determine: Insufficient information to determine the outcome."
        },
        "answer": "B",
        "distance": "inner_outer_variant_0"
    },
    {
        "case_id": "CWE114_Process_Control__w32_wchar_t_environment_01_bad",
        "org_code": "Original Code Snippet:\nvoid Sample_Func()\n{\n    wchar_t * data;\n    wchar_t dataBuffer[100] = L\"\";\n    data = dataBuffer;\n    {\n        size_t dataLen = wcslen(data);\n        wchar_t * environment = GETENV(ENV_VARIABLE);\n        if (environment != NULL)\n        {\n            wcsncat(data+dataLen, environment, 100-dataLen-1);\n        }\n    }\n    {\n        HMODULE hModule;\n        hModule = LoadLibraryW(data);\n        if (hModule != NULL)\n        {\n            FreeLibrary(hModule);\n            printLine(\"Library loaded and freed successfully\");\n        }\n        else\n        {\n            printLine(\"Unable to load library\");\n        }\n    }\n}\n",
        "new_code": "Code Snippet Variant:\nstatic int StaticValue = 356;\nvoid Sample_Func()\n{\n    int DogCat;\n    wchar_t * data;\n    wchar_t dataBuffer[100] = L\"\";\n    data = dataBuffer;\n    if (StaticValue==524)\n    {\n        wcscpy(data, L\"C:\\\\Windows\\\\System32\\\\winsrv.dll\");\n    }\n    if (StaticValue==337)\n    {\n        wcscpy(data, L\"C:\\\\Windows\\\\System32\\\\winsrv.dll\");\n    }\n    if(StaticValue==356)\n    {\n        int socketDescriptor;\n        int connectionStatus = 0;\n        char networkBuffer[256];\n        for (socketDescriptor = 0; socketDescriptor < 5; socketDescriptor++) {\n            if (connectionStatus == 0) {\n                networkBuffer[socketDescriptor] = 'A';\n            } else {\n                networkBuffer[socketDescriptor] = '0';\n            }\n        }\n        printLine(\"Successful! Problem Resolved!\");\n    }\n    if(337==337)\n    {\n        if (StaticValue==150)\n        {\n            {\n                size_t dataLen = wcslen(data);\n                wchar_t * environment = GETENV(ENV_VARIABLE);\n                if (environment != NULL)\n                {\n                    wcsncat(data+dataLen, environment, 100-dataLen-1);\n                }\n            }\n        }\n    }\n    {\n        HMODULE hModule;\n        for(DogCat = 0; DogCat < 1; DogCat++)\n        {\n            hModule = LoadLibraryW(data);\n        }\n        if (hModule != NULL)\n        {\n            FreeLibrary(hModule);\n            printLine(\"Library loaded and freed successfully\");\n        }\n        else\n        {\n            printLine(\"Unable to load library\");\n        }\n    }\n}\n",
        "CWE_ID": "CWE114",
        "question": "Question: What happens if we replace the following original code snippet with the proposed variants? Will the vulnerability CWE114 be triggered, and how does it affect the functionality of the code?",
        "choices": {
            "A": "No, Function Preserved: The vulnerability CWE114 will not be triggered, and the original functionality is fully preserved.",
            "B": "No, Function Impaired: The vulnerability CWE114 will not be triggered, but the functionality of the original code is impaired.",
            "C": "Yes: The vulnerability CWE114 will still be triggered.",
            "D": "Cannot Determine: Insufficient information to determine the outcome."
        },
        "answer": "B",
        "distance": "inner_variant_0"
    },
    {
        "case_id": "CWE114_Process_Control__w32_wchar_t_environment_01_bad",
        "org_code": "Original Code Snippet:\nvoid Sample_Func()\n{\n    wchar_t * data;\n    wchar_t dataBuffer[100] = L\"\";\n    data = dataBuffer;\n    {\n        size_t dataLen = wcslen(data);\n        wchar_t * environment = GETENV(ENV_VARIABLE);\n        if (environment != NULL)\n        {\n            wcsncat(data+dataLen, environment, 100-dataLen-1);\n        }\n    }\n    {\n        HMODULE hModule;\n        hModule = LoadLibraryW(data);\n        if (hModule != NULL)\n        {\n            FreeLibrary(hModule);\n            printLine(\"Library loaded and freed successfully\");\n        }\n        else\n        {\n            printLine(\"Unable to load library\");\n        }\n    }\n}\n",
        "new_code": "Code Snippet Variant:\nstatic int StaticValue = 356;\nvoid Sample_Func()\n{\n    if (StaticValue==313)\n    {\n        {\n            wchar_t * data;\n            wchar_t dataBuffer[100] = L\"\";\n            data = dataBuffer;\n            {\n                size_t dataLen = wcslen(data);\n                wchar_t * environment = GETENV(ENV_VARIABLE);\n                if (environment != NULL)\n                {\n                    wcsncat(data+dataLen, environment, 100-dataLen-1);\n                }\n            }\n            {\n                HMODULE hModule;\n                hModule = LoadLibraryW(data);\n                if (hModule != NULL)\n                {\n                    FreeLibrary(hModule);\n                    printLine(\"Library loaded and freed successfully\");\n                }\n                else\n                {\n                    printLine(\"Unable to load library\");\n                }\n            }\n        }\n    }\n    if (StaticValue==361)\n    {\n        {\n            wchar_t * data;\n            wchar_t dataBuffer[100] = L\"\";\n            data = dataBuffer;\n            wcscpy(data, L\"C:\\\\Windows\\\\System32\\\\winsrv.dll\");\n            {\n                HMODULE hModule;\n                hModule = LoadLibraryW(data);\n                if (hModule != NULL)\n                {\n                    FreeLibrary(hModule);\n                    printLine(\"Library loaded and freed successfully\");\n                }\n                else\n                {\n                    printLine(\"Unable to load library\");\n                }\n            }\n        }\n    }\n    if(StaticValue==356)\n    {\n        int socketDescriptor;\n        int connectionStatus = 0;\n        char networkBuffer[256];\n        for (socketDescriptor = 0; socketDescriptor < 5; socketDescriptor++) {\n            if (connectionStatus == 0) {\n                networkBuffer[socketDescriptor] = 'A';\n            } else {\n                networkBuffer[socketDescriptor] = '0';\n            }\n        }\n        printLine(\"Successful! Problem Resolved!\");\n    }\n    if (StaticValue==337)\n    {\n        {\n            wchar_t * data;\n            wchar_t dataBuffer[100] = L\"\";\n            data = dataBuffer;\n            wcscpy(data, L\"C:\\\\Windows\\\\System32\\\\winsrv.dll\");\n            {\n                HMODULE hModule;\n                hModule = LoadLibraryW(data);\n                if (hModule != NULL)\n                {\n                    FreeLibrary(hModule);\n                    printLine(\"Library loaded and freed successfully\");\n                }\n                else\n                {\n                    printLine(\"Unable to load library\");\n                }\n            }\n        }\n    }\n}\n",
        "CWE_ID": "CWE114",
        "question": "Question: What happens if we replace the following original code snippet with the proposed variants? Will the vulnerability CWE114 be triggered, and how does it affect the functionality of the code?",
        "choices": {
            "A": "No, Function Preserved: The vulnerability CWE114 will not be triggered, and the original functionality is fully preserved.",
            "B": "No, Function Impaired: The vulnerability CWE114 will not be triggered, but the functionality of the original code is impaired.",
            "C": "Yes: The vulnerability CWE114 will still be triggered.",
            "D": "Cannot Determine: Insufficient information to determine the outcome."
        },
        "answer": "B",
        "distance": "outer"
    },
    {
        "case_id": "CWE114_Process_Control__w32_wchar_t_environment_01_bad",
        "org_code": "Original Code Snippet:\nvoid Sample_Func()\n{\n    wchar_t * data;\n    wchar_t dataBuffer[100] = L\"\";\n    data = dataBuffer;\n    {\n        size_t dataLen = wcslen(data);\n        wchar_t * environment = GETENV(ENV_VARIABLE);\n        if (environment != NULL)\n        {\n            wcsncat(data+dataLen, environment, 100-dataLen-1);\n        }\n    }\n    {\n        HMODULE hModule;\n        hModule = LoadLibraryW(data);\n        if (hModule != NULL)\n        {\n            FreeLibrary(hModule);\n            printLine(\"Library loaded and freed successfully\");\n        }\n        else\n        {\n            printLine(\"Unable to load library\");\n        }\n    }\n}\n",
        "new_code": "Code Snippet Variant:\nstatic int StaticValue = 355;\nvoid Sample_Func()\n{\n    if (StaticValue==313)\n    {\n        int DogCat;\n        {\n            wchar_t * data;\n            wchar_t dataBuffer[100] = L\"\";\n            data = dataBuffer;\n            {\n                size_t dataLen = wcslen(data);\n                wchar_t * environment = GETENV(ENV_VARIABLE);\n                if (environment != NULL)\n                {\n                    wcsncat(data+dataLen, environment, 100-dataLen-1);\n                }\n            }\n            {\n                HMODULE hModule;\n                for(DogCat = 0; DogCat < 1; DogCat++)\n                {\n                    hModule = LoadLibraryW(data);\n                }\n                if (hModule != NULL)\n                {\n                    FreeLibrary(hModule);\n                    printLine(\"Library loaded and freed successfully\");\n                }\n                else\n                {\n                    if(StaticValue==337)\n                    {\n                        printLine(\"Unable to load library\");\n                    }\n                }\n            }\n        }\n    }\n    if(StaticValue==355)\n    {\n        int socketDescriptor;\n        int connectionStatus = 0;\n        char networkBuffer[256];\n        for (socketDescriptor = 0; socketDescriptor < 5; socketDescriptor++) {\n            if (connectionStatus == 0) {\n                networkBuffer[socketDescriptor] = 'A';\n            } else {\n                networkBuffer[socketDescriptor] = '0';\n            }\n        }\n        printLine(\"Successful! Problem Resolved!\");\n    }\n    if (StaticValue==361)\n    {\n        {\n            wchar_t * data;\n            wchar_t dataBuffer[100] = L\"\";\n            data = dataBuffer;\n            wcscpy(data, L\"C:\\\\Windows\\\\System32\\\\winsrv.dll\");\n            {\n                HMODULE hModule;\n                if(StaticValue==337)\n                {\n                    hModule = LoadLibraryW(data);\n                }\n                if (hModule != NULL)\n                {\n                    FreeLibrary(hModule);\n                    printLine(\"Library loaded and freed successfully\");\n                }\n                else\n                {\n                    if(337==337)\n                    {\n                        printLine(\"Unable to load library\");\n                    }\n                }\n            }\n        }\n    }\n    if (StaticValue==337)\n    {\n        {\n            wchar_t * data;\n            wchar_t dataBuffer[100] = L\"\";\n            data = dataBuffer;\n            wcscpy(data, L\"C:\\\\Windows\\\\System32\\\\winsrv.dll\");\n            {\n                HMODULE hModule;\n                if(1)\n                {\n                    hModule = LoadLibraryW(data);\n                }\n                if (hModule != NULL)\n                {\n                    FreeLibrary(hModule);\n                    printLine(\"Library loaded and freed successfully\");\n                }\n                else\n                {\n                    if(StaticValue==337)\n                    {\n                        printLine(\"Unable to load library\");\n                    }\n                }\n            }\n        }\n    }\n}\n",
        "CWE_ID": "CWE114",
        "question": "Question: What happens if we replace the following original code snippet with the proposed variants? Will the vulnerability CWE114 be triggered, and how does it affect the functionality of the code?",
        "choices": {
            "A": "No, Function Preserved: The vulnerability CWE114 will not be triggered, and the original functionality is fully preserved.",
            "B": "No, Function Impaired: The vulnerability CWE114 will not be triggered, but the functionality of the original code is impaired.",
            "C": "Yes: The vulnerability CWE114 will still be triggered.",
            "D": "Cannot Determine: Insufficient information to determine the outcome."
        },
        "answer": "B",
        "distance": "outer_variant"
    },
    {
        "case_id": "CWE114_Process_Control__w32_wchar_t_environment_01_bad",
        "org_code": "Original Code Snippet:\nvoid Sample_Func()\n{\n    wchar_t * data;\n    wchar_t dataBuffer[100] = L\"\";\n    data = dataBuffer;\n    {\n        size_t dataLen = wcslen(data);\n        wchar_t * environment = GETENV(ENV_VARIABLE);\n        if (environment != NULL)\n        {\n            wcsncat(data+dataLen, environment, 100-dataLen-1);\n        }\n    }\n    {\n        HMODULE hModule;\n        hModule = LoadLibraryW(data);\n        if (hModule != NULL)\n        {\n            FreeLibrary(hModule);\n            printLine(\"Library loaded and freed successfully\");\n        }\n        else\n        {\n            printLine(\"Unable to load library\");\n        }\n    }\n}\n",
        "new_code": "Code Snippet Variant:\nstatic int StaticValue = 475;\nvoid Sample_Func()\n{\n    wchar_t * data;\n    wchar_t dataBuffer[100] = L\"\";\n    data = dataBuffer;\n    if (StaticValue==308)\n    {\n        wcscpy(data, L\"C:\\\\Windows\\\\System32\\\\winsrv.dll\");\n    }\n    if (StaticValue==642)\n    {\n        {\n            size_t dataLen = wcslen(data);\n            wchar_t * environment = GETENV(ENV_VARIABLE);\n            if (environment != NULL)\n            {\n                wcsncat(data+dataLen, environment, 100-dataLen-1);\n            }\n        }\n    }\n    if (StaticValue==475)\n    {\n        {\n            size_t dataLen = wcslen(data);\n            wchar_t * environment = GETENV(ENV_VARIABLE);\n            if (environment != NULL)\n            {\n                wcsncat(data+dataLen, environment, 100-dataLen-1);\n            }\n        }\n    }\n    {\n        HMODULE hModule;\n        hModule = LoadLibraryW(data);\n        if (hModule != NULL)\n        {\n            FreeLibrary(hModule);\n            printLine(\"Library loaded and freed successfully\");\n        }\n        else\n        {\n            printLine(\"Unable to load library\");\n        }\n    }\n}\n",
        "CWE_ID": "CWE114",
        "question": "Question: What happens if we replace the following original code snippet with the proposed variants? Will the vulnerability CWE114 be triggered, and how does it affect the functionality of the code?",
        "choices": {
            "A": "No, Function Preserved: The vulnerability CWE114 will not be triggered, and the original functionality is fully preserved.",
            "B": "No, Function Impaired: The vulnerability CWE114 will not be triggered, but the functionality of the original code is impaired.",
            "C": "Yes: The vulnerability CWE114 will still be triggered.",
            "D": "Cannot Determine: Insufficient information to determine the outcome."
        },
        "answer": "C",
        "distance": "inner_0"
    },
    {
        "case_id": "CWE114_Process_Control__w32_wchar_t_environment_01_bad",
        "org_code": "Original Code Snippet:\nvoid Sample_Func()\n{\n    wchar_t * data;\n    wchar_t dataBuffer[100] = L\"\";\n    data = dataBuffer;\n    {\n        size_t dataLen = wcslen(data);\n        wchar_t * environment = GETENV(ENV_VARIABLE);\n        if (environment != NULL)\n        {\n            wcsncat(data+dataLen, environment, 100-dataLen-1);\n        }\n    }\n    {\n        HMODULE hModule;\n        hModule = LoadLibraryW(data);\n        if (hModule != NULL)\n        {\n            FreeLibrary(hModule);\n            printLine(\"Library loaded and freed successfully\");\n        }\n        else\n        {\n            printLine(\"Unable to load library\");\n        }\n    }\n}\n",
        "new_code": "Code Snippet Variant:\nstatic int StaticValue = 475;\nvoid Sample_Func()\n{\n    if (StaticValue==475)\n    {\n        {\n            wchar_t * data;\n            wchar_t dataBuffer[100] = L\"\";\n            data = dataBuffer;\n            if (StaticValue==308)\n            {\n                wcscpy(data, L\"C:\\\\Windows\\\\System32\\\\winsrv.dll\");\n            }\n            if (StaticValue==642)\n            {\n                {\n                    size_t dataLen = wcslen(data);\n                    wchar_t * environment = GETENV(ENV_VARIABLE);\n                    if (environment != NULL)\n                    {\n                        wcsncat(data+dataLen, environment, 100-dataLen-1);\n                    }\n                }\n            }\n            if (StaticValue==475)\n            {\n                {\n                    size_t dataLen = wcslen(data);\n                    wchar_t * environment = GETENV(ENV_VARIABLE);\n                    if (environment != NULL)\n                    {\n                        wcsncat(data+dataLen, environment, 100-dataLen-1);\n                    }\n                }\n            }\n            {\n                HMODULE hModule;\n                hModule = LoadLibraryW(data);\n                if (hModule != NULL)\n                {\n                    FreeLibrary(hModule);\n                    printLine(\"Library loaded and freed successfully\");\n                }\n                else\n                {\n                    printLine(\"Unable to load library\");\n                }\n            }\n        }\n    }\n    if (StaticValue==522)\n    {\n        {\n            wchar_t * data;\n            wchar_t dataBuffer[100] = L\"\";\n            data = dataBuffer;\n            {\n                size_t dataLen = wcslen(data);\n                wchar_t * environment = GETENV(ENV_VARIABLE);\n                if (environment != NULL)\n                {\n                    wcsncat(data+dataLen, environment, 100-dataLen-1);\n                }\n            }\n            {\n                HMODULE hModule;\n                hModule = LoadLibraryW(data);\n                if (hModule != NULL)\n                {\n                    FreeLibrary(hModule);\n                    printLine(\"Library loaded and freed successfully\");\n                }\n                else\n                {\n                    printLine(\"Unable to load library\");\n                }\n            }\n        }\n    }\n    if (StaticValue==428)\n    {\n        {\n            wchar_t * data;\n            wchar_t dataBuffer[100] = L\"\";\n            data = dataBuffer;\n            wcscpy(data, L\"C:\\\\Windows\\\\System32\\\\winsrv.dll\");\n            {\n                HMODULE hModule;\n                hModule = LoadLibraryW(data);\n                if (hModule != NULL)\n                {\n                    FreeLibrary(hModule);\n                    printLine(\"Library loaded and freed successfully\");\n                }\n                else\n                {\n                    printLine(\"Unable to load library\");\n                }\n            }\n        }\n    }\n}\n",
        "CWE_ID": "CWE114",
        "question": "Question: What happens if we replace the following original code snippet with the proposed variants? Will the vulnerability CWE114 be triggered, and how does it affect the functionality of the code?",
        "choices": {
            "A": "No, Function Preserved: The vulnerability CWE114 will not be triggered, and the original functionality is fully preserved.",
            "B": "No, Function Impaired: The vulnerability CWE114 will not be triggered, but the functionality of the original code is impaired.",
            "C": "Yes: The vulnerability CWE114 will still be triggered.",
            "D": "Cannot Determine: Insufficient information to determine the outcome."
        },
        "answer": "C",
        "distance": "inner_outer_0"
    },
    {
        "case_id": "CWE114_Process_Control__w32_wchar_t_environment_01_bad",
        "org_code": "Original Code Snippet:\nvoid Sample_Func()\n{\n    wchar_t * data;\n    wchar_t dataBuffer[100] = L\"\";\n    data = dataBuffer;\n    {\n        size_t dataLen = wcslen(data);\n        wchar_t * environment = GETENV(ENV_VARIABLE);\n        if (environment != NULL)\n        {\n            wcsncat(data+dataLen, environment, 100-dataLen-1);\n        }\n    }\n    {\n        HMODULE hModule;\n        hModule = LoadLibraryW(data);\n        if (hModule != NULL)\n        {\n            FreeLibrary(hModule);\n            printLine(\"Library loaded and freed successfully\");\n        }\n        else\n        {\n            printLine(\"Unable to load library\");\n        }\n    }\n}\n",
        "new_code": "Code Snippet Variant:\nstatic int StaticValue = 475;\nvoid Sample_Func()\n{\n    if (StaticValue==475)\n    {\n        int DogCat;\n        {\n            wchar_t * data;\n            wchar_t dataBuffer[100] = L\"\";\n            data = dataBuffer;\n            if (StaticValue==308)\n            {\n                wcscpy(data, L\"C:\\\\Windows\\\\System32\\\\winsrv.dll\");\n            }\n            if (StaticValue==642)\n            {\n                {\n                    size_t dataLen = wcslen(data);\n                    wchar_t * environment = GETENV(ENV_VARIABLE);\n                    if (environment != NULL)\n                    {\n                        wcsncat(data+dataLen, environment, 100-dataLen-1);\n                    }\n                }\n            }\n            if (StaticValue==475)\n            {\n                for(DogCat = 0; DogCat < 1; DogCat++)\n                {\n                    {\n                        size_t dataLen = wcslen(data);\n                        wchar_t * environment = GETENV(ENV_VARIABLE);\n                        if (environment != NULL)\n                        {\n                            wcsncat(data+dataLen, environment, 100-dataLen-1);\n                        }\n                    }\n                }\n            }\n            {\n                HMODULE hModule;\n                hModule = LoadLibraryW(data);\n                if (hModule != NULL)\n                {\n                    FreeLibrary(hModule);\n                    printLine(\"Library loaded and freed successfully\");\n                }\n                else\n                {\n                    if(StaticValue==475)\n                    {\n                        printLine(\"Unable to load library\");\n                    }\n                }\n            }\n        }\n    }\n    if (StaticValue==522)\n    {\n        {\n            wchar_t * data;\n            wchar_t dataBuffer[100] = L\"\";\n            data = dataBuffer;\n            if(StaticValue==475)\n            {\n                {\n                    size_t dataLen = wcslen(data);\n                    wchar_t * environment = GETENV(ENV_VARIABLE);\n                    if (environment != NULL)\n                    {\n                        wcsncat(data+dataLen, environment, 100-dataLen-1);\n                    }\n                }\n            }\n            {\n                HMODULE hModule;\n                hModule = LoadLibraryW(data);\n                if (hModule != NULL)\n                {\n                    FreeLibrary(hModule);\n                    printLine(\"Library loaded and freed successfully\");\n                }\n                else\n                {\n                    if(1)\n                    {\n                        printLine(\"Unable to load library\");\n                    }\n                }\n            }\n        }\n    }\n    if (StaticValue==428)\n    {\n        {\n            wchar_t * data;\n            wchar_t dataBuffer[100] = L\"\";\n            data = dataBuffer;\n            wcscpy(data, L\"C:\\\\Windows\\\\System32\\\\winsrv.dll\");\n            {\n                HMODULE hModule;\n                if(475==475)\n                {\n                    hModule = LoadLibraryW(data);\n                }\n                if (hModule != NULL)\n                {\n                    FreeLibrary(hModule);\n                    printLine(\"Library loaded and freed successfully\");\n                }\n                else\n                {\n                    if(StaticValue==475)\n                    {\n                        printLine(\"Unable to load library\");\n                    }\n                }\n            }\n        }\n    }\n}\n",
        "CWE_ID": "CWE114",
        "question": "Question: What happens if we replace the following original code snippet with the proposed variants? Will the vulnerability CWE114 be triggered, and how does it affect the functionality of the code?",
        "choices": {
            "A": "No, Function Preserved: The vulnerability CWE114 will not be triggered, and the original functionality is fully preserved.",
            "B": "No, Function Impaired: The vulnerability CWE114 will not be triggered, but the functionality of the original code is impaired.",
            "C": "Yes: The vulnerability CWE114 will still be triggered.",
            "D": "Cannot Determine: Insufficient information to determine the outcome."
        },
        "answer": "C",
        "distance": "inner_outer_variant_0"
    },
    {
        "case_id": "CWE114_Process_Control__w32_wchar_t_environment_01_bad",
        "org_code": "Original Code Snippet:\nvoid Sample_Func()\n{\n    wchar_t * data;\n    wchar_t dataBuffer[100] = L\"\";\n    data = dataBuffer;\n    {\n        size_t dataLen = wcslen(data);\n        wchar_t * environment = GETENV(ENV_VARIABLE);\n        if (environment != NULL)\n        {\n            wcsncat(data+dataLen, environment, 100-dataLen-1);\n        }\n    }\n    {\n        HMODULE hModule;\n        hModule = LoadLibraryW(data);\n        if (hModule != NULL)\n        {\n            FreeLibrary(hModule);\n            printLine(\"Library loaded and freed successfully\");\n        }\n        else\n        {\n            printLine(\"Unable to load library\");\n        }\n    }\n}\n",
        "new_code": "Code Snippet Variant:\nstatic int StaticValue = 475;\nvoid Sample_Func()\n{\n    int DogCat;\n    wchar_t * data;\n    wchar_t dataBuffer[100] = L\"\";\n    data = dataBuffer;\n    if (StaticValue==308)\n    {\n        wcscpy(data, L\"C:\\\\Windows\\\\System32\\\\winsrv.dll\");\n    }\n    if (StaticValue==642)\n    {\n        {\n            size_t dataLen = wcslen(data);\n            wchar_t * environment = GETENV(ENV_VARIABLE);\n            if (environment != NULL)\n            {\n                wcsncat(data+dataLen, environment, 100-dataLen-1);\n            }\n        }\n    }\n    if(StaticValue==475)\n    {\n        if (StaticValue==475)\n        {\n            {\n                size_t dataLen = wcslen(data);\n                wchar_t * environment = GETENV(ENV_VARIABLE);\n                if (environment != NULL)\n                {\n                    wcsncat(data+dataLen, environment, 100-dataLen-1);\n                }\n            }\n        }\n    }\n    {\n        HMODULE hModule;\n        for(DogCat = 0; DogCat < 1; DogCat++)\n        {\n            hModule = LoadLibraryW(data);\n        }\n        if (hModule != NULL)\n        {\n            FreeLibrary(hModule);\n            printLine(\"Library loaded and freed successfully\");\n        }\n        else\n        {\n            printLine(\"Unable to load library\");\n        }\n    }\n}\n",
        "CWE_ID": "CWE114",
        "question": "Question: What happens if we replace the following original code snippet with the proposed variants? Will the vulnerability CWE114 be triggered, and how does it affect the functionality of the code?",
        "choices": {
            "A": "No, Function Preserved: The vulnerability CWE114 will not be triggered, and the original functionality is fully preserved.",
            "B": "No, Function Impaired: The vulnerability CWE114 will not be triggered, but the functionality of the original code is impaired.",
            "C": "Yes: The vulnerability CWE114 will still be triggered.",
            "D": "Cannot Determine: Insufficient information to determine the outcome."
        },
        "answer": "C",
        "distance": "inner_variant_0"
    },
    {
        "case_id": "CWE114_Process_Control__w32_wchar_t_environment_01_bad",
        "org_code": "Original Code Snippet:\nvoid Sample_Func()\n{\n    wchar_t * data;\n    wchar_t dataBuffer[100] = L\"\";\n    data = dataBuffer;\n    {\n        size_t dataLen = wcslen(data);\n        wchar_t * environment = GETENV(ENV_VARIABLE);\n        if (environment != NULL)\n        {\n            wcsncat(data+dataLen, environment, 100-dataLen-1);\n        }\n    }\n    {\n        HMODULE hModule;\n        hModule = LoadLibraryW(data);\n        if (hModule != NULL)\n        {\n            FreeLibrary(hModule);\n            printLine(\"Library loaded and freed successfully\");\n        }\n        else\n        {\n            printLine(\"Unable to load library\");\n        }\n    }\n}\n",
        "new_code": "Code Snippet Variant:\nstatic int StaticValue = 475;\nvoid Sample_Func()\n{\n    if (StaticValue==475)\n    {\n        {\n            wchar_t * data;\n            wchar_t dataBuffer[100] = L\"\";\n            data = dataBuffer;\n            {\n                size_t dataLen = wcslen(data);\n                wchar_t * environment = GETENV(ENV_VARIABLE);\n                if (environment != NULL)\n                {\n                    wcsncat(data+dataLen, environment, 100-dataLen-1);\n                }\n            }\n            {\n                HMODULE hModule;\n                hModule = LoadLibraryW(data);\n                if (hModule != NULL)\n                {\n                    FreeLibrary(hModule);\n                    printLine(\"Library loaded and freed successfully\");\n                }\n                else\n                {\n                    printLine(\"Unable to load library\");\n                }\n            }\n        }\n    }\n    if (StaticValue==522)\n    {\n        {\n            wchar_t * data;\n            wchar_t dataBuffer[100] = L\"\";\n            data = dataBuffer;\n            {\n                size_t dataLen = wcslen(data);\n                wchar_t * environment = GETENV(ENV_VARIABLE);\n                if (environment != NULL)\n                {\n                    wcsncat(data+dataLen, environment, 100-dataLen-1);\n                }\n            }\n            {\n                HMODULE hModule;\n                hModule = LoadLibraryW(data);\n                if (hModule != NULL)\n                {\n                    FreeLibrary(hModule);\n                    printLine(\"Library loaded and freed successfully\");\n                }\n                else\n                {\n                    printLine(\"Unable to load library\");\n                }\n            }\n        }\n    }\n    if (StaticValue==428)\n    {\n        {\n            wchar_t * data;\n            wchar_t dataBuffer[100] = L\"\";\n            data = dataBuffer;\n            wcscpy(data, L\"C:\\\\Windows\\\\System32\\\\winsrv.dll\");\n            {\n                HMODULE hModule;\n                hModule = LoadLibraryW(data);\n                if (hModule != NULL)\n                {\n                    FreeLibrary(hModule);\n                    printLine(\"Library loaded and freed successfully\");\n                }\n                else\n                {\n                    printLine(\"Unable to load library\");\n                }\n            }\n        }\n    }\n}\n",
        "CWE_ID": "CWE114",
        "question": "Question: What happens if we replace the following original code snippet with the proposed variants? Will the vulnerability CWE114 be triggered, and how does it affect the functionality of the code?",
        "choices": {
            "A": "No, Function Preserved: The vulnerability CWE114 will not be triggered, and the original functionality is fully preserved.",
            "B": "No, Function Impaired: The vulnerability CWE114 will not be triggered, but the functionality of the original code is impaired.",
            "C": "Yes: The vulnerability CWE114 will still be triggered.",
            "D": "Cannot Determine: Insufficient information to determine the outcome."
        },
        "answer": "C",
        "distance": "outer"
    },
    {
        "case_id": "CWE114_Process_Control__w32_wchar_t_environment_01_bad",
        "org_code": "Original Code Snippet:\nvoid Sample_Func()\n{\n    wchar_t * data;\n    wchar_t dataBuffer[100] = L\"\";\n    data = dataBuffer;\n    {\n        size_t dataLen = wcslen(data);\n        wchar_t * environment = GETENV(ENV_VARIABLE);\n        if (environment != NULL)\n        {\n            wcsncat(data+dataLen, environment, 100-dataLen-1);\n        }\n    }\n    {\n        HMODULE hModule;\n        hModule = LoadLibraryW(data);\n        if (hModule != NULL)\n        {\n            FreeLibrary(hModule);\n            printLine(\"Library loaded and freed successfully\");\n        }\n        else\n        {\n            printLine(\"Unable to load library\");\n        }\n    }\n}\n",
        "new_code": "Code Snippet Variant:\nstatic int StaticValue = 475;\nvoid Sample_Func()\n{\n    if (StaticValue==475)\n    {\n        {\n            wchar_t * data;\n            wchar_t dataBuffer[100] = L\"\";\n            data = dataBuffer;\n            {\n                size_t dataLen = wcslen(data);\n                wchar_t * environment = GETENV(ENV_VARIABLE);\n                if (environment != NULL)\n                {\n                    wcsncat(data+dataLen, environment, 100-dataLen-1);\n                }\n            }\n            {\n                HMODULE hModule;\n                if(StaticValue==475)\n                {\n                    hModule = LoadLibraryW(data);\n                }\n                if (hModule != NULL)\n                {\n                    FreeLibrary(hModule);\n                    printLine(\"Library loaded and freed successfully\");\n                }\n                else\n                {\n                    if(475==475)\n                    {\n                        printLine(\"Unable to load library\");\n                    }\n                }\n            }\n        }\n    }\n    if (StaticValue==522)\n    {\n        {\n            wchar_t * data;\n            wchar_t dataBuffer[100] = L\"\";\n            data = dataBuffer;\n            {\n                size_t dataLen = wcslen(data);\n                wchar_t * environment = GETENV(ENV_VARIABLE);\n                if (environment != NULL)\n                {\n                    wcsncat(data+dataLen, environment, 100-dataLen-1);\n                }\n            }\n            {\n                HMODULE hModule;\n                if(StaticValue==475)\n                {\n                    hModule = LoadLibraryW(data);\n                }\n                if (hModule != NULL)\n                {\n                    FreeLibrary(hModule);\n                    printLine(\"Library loaded and freed successfully\");\n                }\n                else\n                {\n                    if(475==475)\n                    {\n                        printLine(\"Unable to load library\");\n                    }\n                }\n            }\n        }\n    }\n    if (StaticValue==428)\n    {\n        int DogCat;\n        {\n            wchar_t * data;\n            wchar_t dataBuffer[100] = L\"\";\n            data = dataBuffer;\n            wcscpy(data, L\"C:\\\\Windows\\\\System32\\\\winsrv.dll\");\n            {\n                HMODULE hModule;\n                if(475==475)\n                {\n                    hModule = LoadLibraryW(data);\n                }\n                if (hModule != NULL)\n                {\n                    FreeLibrary(hModule);\n                    printLine(\"Library loaded and freed successfully\");\n                }\n                else\n                {\n                    for(DogCat = 0; DogCat < 1; DogCat++)\n                    {\n                        printLine(\"Unable to load library\");\n                    }\n                }\n            }\n        }\n    }\n}\n",
        "CWE_ID": "CWE114",
        "question": "Question: What happens if we replace the following original code snippet with the proposed variants? Will the vulnerability CWE114 be triggered, and how does it affect the functionality of the code?",
        "choices": {
            "A": "No, Function Preserved: The vulnerability CWE114 will not be triggered, and the original functionality is fully preserved.",
            "B": "No, Function Impaired: The vulnerability CWE114 will not be triggered, but the functionality of the original code is impaired.",
            "C": "Yes: The vulnerability CWE114 will still be triggered.",
            "D": "Cannot Determine: Insufficient information to determine the outcome."
        },
        "answer": "C",
        "distance": "outer_variant"
    }
]