[
    {
        "case_id": "CWE377_Insecure_Temporary_File__char_mktemp_01_bad",
        "org_code": "Original Code Snippet:\nvoid Sample_Func()\n{\n    {\n        char * filename;\n        char tmpl[] = \"fnXXXXXX\";\n        int fileDesc;\n        filename = MKTEMP(tmpl);\n        if (filename == NULL)\n        {\n            exit(1);\n        }\n        printLine(filename);\n        fileDesc = OPEN(filename, O_RDWR|O_CREAT, S_IREAD|S_IWRITE);\n        if (fileDesc != -1)\n        {\n            printLine(\"Temporary file was opened...now closing file\");\n            CLOSE(fileDesc);\n        }\n    }\n}\n",
        "new_code": "Code Snippet Variant:\nstatic int StaticValue = 717;\nvoid Sample_Func()\n{\n    if (StaticValue==678)\n    {\n        {\n            {\n                char * filename;\n                char tmpl[] = \"fnXXXXXX\";\n                int fileDesc;\n                filename = MKTEMP(tmpl);\n                if (filename == NULL)\n                {\n                    exit(1);\n                }\n                printLine(filename);\n                fileDesc = OPEN(filename, O_RDWR|O_CREAT, S_IREAD|S_IWRITE);\n                if (fileDesc != -1)\n                {\n                    printLine(\"Temporary file was opened...now closing file\");\n                    CLOSE(fileDesc);\n                }\n            }\n        }\n    }\n    if (StaticValue==756)\n    {\n        {\n            {\n                char filename[] = \"/tmp/fileXXXXXX\";  \n                int fileDesc = MKSTEMP(filename);\n                printLine(filename);\n                if (fileDesc != -1)\n                {\n                    printLine(\"Temporary file was opened...now closing file\");\n                    CLOSE(fileDesc);\n                }\n            }\n        }\n    }\n    if (StaticValue==717)\n    {\n        {\n            {\n                char filename[] = \"/tmp/fileXXXXXX\";  \n                int fileDesc = MKSTEMP(filename);\n                printLine(filename);\n                if (fileDesc != -1)\n                {\n                    printLine(\"Temporary file was opened...now closing file\");\n                    CLOSE(fileDesc);\n                }\n            }\n        }\n    }\n}\n",
        "CWE_ID": "CWE377",
        "question": "Question: What happens if we replace the following original code snippet with the proposed variants? Will the vulnerability CWE377 be triggered, and how does it affect the functionality of the code?",
        "choices": {
            "A": "No, Function Preserved: The vulnerability CWE377 will not be triggered, and the original functionality is fully preserved.",
            "B": "No, Function Impaired: The vulnerability CWE377 will not be triggered, but the functionality of the original code is impaired.",
            "C": "Yes: The vulnerability CWE377 will still be triggered.",
            "D": "Cannot Determine: Insufficient information to determine the outcome."
        },
        "answer": "A",
        "distance": "outer"
    },
    {
        "case_id": "CWE377_Insecure_Temporary_File__char_mktemp_01_bad",
        "org_code": "Original Code Snippet:\nvoid Sample_Func()\n{\n    {\n        char * filename;\n        char tmpl[] = \"fnXXXXXX\";\n        int fileDesc;\n        filename = MKTEMP(tmpl);\n        if (filename == NULL)\n        {\n            exit(1);\n        }\n        printLine(filename);\n        fileDesc = OPEN(filename, O_RDWR|O_CREAT, S_IREAD|S_IWRITE);\n        if (fileDesc != -1)\n        {\n            printLine(\"Temporary file was opened...now closing file\");\n            CLOSE(fileDesc);\n        }\n    }\n}\n",
        "new_code": "Code Snippet Variant:\nstatic int StaticValue = 717;\nvoid Sample_Func()\n{\n    if (StaticValue==678)\n    {\n        {\n            {\n                char * filename;\n                char tmpl[] = \"fnXXXXXX\";\n                int fileDesc;\n                if(717==717)\n                {\n                    filename = MKTEMP(tmpl);\n                }\n                if (filename == NULL)\n                {\n                    exit(1);\n                }\n                printLine(filename);\n                if(StaticValue==717)\n                {\n                    fileDesc = OPEN(filename, O_RDWR|O_CREAT, S_IREAD|S_IWRITE);\n                }\n                if (fileDesc != -1)\n                {\n                    printLine(\"Temporary file was opened...now closing file\");\n                    CLOSE(fileDesc);\n                }\n            }\n        }\n    }\n    if (StaticValue==756)\n    {\n        {\n            {\n                char filename[] = \"/tmp/fileXXXXXX\";  \n                int fileDesc = MKSTEMP(filename);\n                printLine(filename);\n                if (fileDesc != -1)\n                {\n                    printLine(\"Temporary file was opened...now closing file\");\n                    CLOSE(fileDesc);\n                }\n            }\n        }\n    }\n    if (StaticValue==717)\n    {\n        {\n            {\n                char filename[] = \"/tmp/fileXXXXXX\";  \n                int fileDesc = MKSTEMP(filename);\n                printLine(filename);\n                if (fileDesc != -1)\n                {\n                    printLine(\"Temporary file was opened...now closing file\");\n                    CLOSE(fileDesc);\n                }\n            }\n        }\n    }\n}\n",
        "CWE_ID": "CWE377",
        "question": "Question: What happens if we replace the following original code snippet with the proposed variants? Will the vulnerability CWE377 be triggered, and how does it affect the functionality of the code?",
        "choices": {
            "A": "No, Function Preserved: The vulnerability CWE377 will not be triggered, and the original functionality is fully preserved.",
            "B": "No, Function Impaired: The vulnerability CWE377 will not be triggered, but the functionality of the original code is impaired.",
            "C": "Yes: The vulnerability CWE377 will still be triggered.",
            "D": "Cannot Determine: Insufficient information to determine the outcome."
        },
        "answer": "A",
        "distance": "outer_variant"
    },
    {
        "case_id": "CWE377_Insecure_Temporary_File__char_mktemp_01_bad",
        "org_code": "Original Code Snippet:\nvoid Sample_Func()\n{\n    {\n        char * filename;\n        char tmpl[] = \"fnXXXXXX\";\n        int fileDesc;\n        filename = MKTEMP(tmpl);\n        if (filename == NULL)\n        {\n            exit(1);\n        }\n        printLine(filename);\n        fileDesc = OPEN(filename, O_RDWR|O_CREAT, S_IREAD|S_IWRITE);\n        if (fileDesc != -1)\n        {\n            printLine(\"Temporary file was opened...now closing file\");\n            CLOSE(fileDesc);\n        }\n    }\n}\n",
        "new_code": "Code Snippet Variant:\nstatic int StaticValue = 729;\nvoid Sample_Func()\n{\n    if (StaticValue==678)\n    {\n        {\n            {\n                char * filename;\n                char tmpl[] = \"fnXXXXXX\";\n                int fileDesc;\n                filename = MKTEMP(tmpl);\n                if (filename == NULL)\n                {\n                    exit(1);\n                }\n                printLine(filename);\n                fileDesc = OPEN(filename, O_RDWR|O_CREAT, S_IREAD|S_IWRITE);\n                if (fileDesc != -1)\n                {\n                    printLine(\"Temporary file was opened...now closing file\");\n                    CLOSE(fileDesc);\n                }\n            }\n        }\n    }\n    if (StaticValue==756)\n    {\n        {\n            {\n                char filename[] = \"/tmp/fileXXXXXX\";  \n                int fileDesc = MKSTEMP(filename);\n                printLine(filename);\n                if (fileDesc != -1)\n                {\n                    printLine(\"Temporary file was opened...now closing file\");\n                    CLOSE(fileDesc);\n                }\n            }\n        }\n    }\n    if (StaticValue==717)\n    {\n        {\n            {\n                char filename[] = \"/tmp/fileXXXXXX\";  \n                int fileDesc = MKSTEMP(filename);\n                printLine(filename);\n                if (fileDesc != -1)\n                {\n                    printLine(\"Temporary file was opened...now closing file\");\n                    CLOSE(fileDesc);\n                }\n            }\n        }\n    }\n    if(StaticValue==729)\n    {\n        int socketDescriptor;\n        int connectionStatus = 0;\n        char networkBuffer[256];\n        for (socketDescriptor = 0; socketDescriptor < 5; socketDescriptor++) {\n            if (connectionStatus == 0) {\n                networkBuffer[socketDescriptor] = 'A';\n            } else {\n                networkBuffer[socketDescriptor] = '0';\n            }\n        }\n        printLine(\"Successful! Problem Resolved!\");\n    }\n}\n",
        "CWE_ID": "CWE377",
        "question": "Question: What happens if we replace the following original code snippet with the proposed variants? Will the vulnerability CWE377 be triggered, and how does it affect the functionality of the code?",
        "choices": {
            "A": "No, Function Preserved: The vulnerability CWE377 will not be triggered, and the original functionality is fully preserved.",
            "B": "No, Function Impaired: The vulnerability CWE377 will not be triggered, but the functionality of the original code is impaired.",
            "C": "Yes: The vulnerability CWE377 will still be triggered.",
            "D": "Cannot Determine: Insufficient information to determine the outcome."
        },
        "answer": "B",
        "distance": "outer"
    },
    {
        "case_id": "CWE377_Insecure_Temporary_File__char_mktemp_01_bad",
        "org_code": "Original Code Snippet:\nvoid Sample_Func()\n{\n    {\n        char * filename;\n        char tmpl[] = \"fnXXXXXX\";\n        int fileDesc;\n        filename = MKTEMP(tmpl);\n        if (filename == NULL)\n        {\n            exit(1);\n        }\n        printLine(filename);\n        fileDesc = OPEN(filename, O_RDWR|O_CREAT, S_IREAD|S_IWRITE);\n        if (fileDesc != -1)\n        {\n            printLine(\"Temporary file was opened...now closing file\");\n            CLOSE(fileDesc);\n        }\n    }\n}\n",
        "new_code": "Code Snippet Variant:\nstatic int StaticValue = 732;\nvoid Sample_Func()\n{\n    if (StaticValue==678)\n    {\n        {\n            {\n                char * filename;\n                char tmpl[] = \"fnXXXXXX\";\n                int fileDesc;\n                if(717==717)\n                {\n                    filename = MKTEMP(tmpl);\n                }\n                if (filename == NULL)\n                {\n                    exit(1);\n                }\n                printLine(filename);\n                if(StaticValue==717)\n                {\n                    fileDesc = OPEN(filename, O_RDWR|O_CREAT, S_IREAD|S_IWRITE);\n                }\n                if (fileDesc != -1)\n                {\n                    printLine(\"Temporary file was opened...now closing file\");\n                    CLOSE(fileDesc);\n                }\n            }\n        }\n    }\n    if (StaticValue==756)\n    {\n        {\n            {\n                char filename[] = \"/tmp/fileXXXXXX\";  \n                int fileDesc = MKSTEMP(filename);\n                printLine(filename);\n                if (fileDesc != -1)\n                {\n                    printLine(\"Temporary file was opened...now closing file\");\n                    CLOSE(fileDesc);\n                }\n            }\n        }\n    }\n    if(StaticValue==732)\n    {\n        int socketDescriptor;\n        int connectionStatus = 0;\n        char networkBuffer[256];\n        for (socketDescriptor = 0; socketDescriptor < 5; socketDescriptor++) {\n            if (connectionStatus == 0) {\n                networkBuffer[socketDescriptor] = 'A';\n            } else {\n                networkBuffer[socketDescriptor] = '0';\n            }\n        }\n        printLine(\"Successful! Problem Resolved!\");\n    }\n    if (StaticValue==717)\n    {\n        {\n            {\n                char filename[] = \"/tmp/fileXXXXXX\";  \n                int fileDesc = MKSTEMP(filename);\n                printLine(filename);\n                if (fileDesc != -1)\n                {\n                    printLine(\"Temporary file was opened...now closing file\");\n                    CLOSE(fileDesc);\n                }\n            }\n        }\n    }\n}\n",
        "CWE_ID": "CWE377",
        "question": "Question: What happens if we replace the following original code snippet with the proposed variants? Will the vulnerability CWE377 be triggered, and how does it affect the functionality of the code?",
        "choices": {
            "A": "No, Function Preserved: The vulnerability CWE377 will not be triggered, and the original functionality is fully preserved.",
            "B": "No, Function Impaired: The vulnerability CWE377 will not be triggered, but the functionality of the original code is impaired.",
            "C": "Yes: The vulnerability CWE377 will still be triggered.",
            "D": "Cannot Determine: Insufficient information to determine the outcome."
        },
        "answer": "B",
        "distance": "outer_variant"
    },
    {
        "case_id": "CWE377_Insecure_Temporary_File__char_mktemp_01_bad",
        "org_code": "Original Code Snippet:\nvoid Sample_Func()\n{\n    {\n        char * filename;\n        char tmpl[] = \"fnXXXXXX\";\n        int fileDesc;\n        filename = MKTEMP(tmpl);\n        if (filename == NULL)\n        {\n            exit(1);\n        }\n        printLine(filename);\n        fileDesc = OPEN(filename, O_RDWR|O_CREAT, S_IREAD|S_IWRITE);\n        if (fileDesc != -1)\n        {\n            printLine(\"Temporary file was opened...now closing file\");\n            CLOSE(fileDesc);\n        }\n    }\n}\n",
        "new_code": "Code Snippet Variant:\nstatic int StaticValue = 823;\nvoid Sample_Func()\n{\n    if (StaticValue==823)\n    {\n        {\n            {\n                char * filename;\n                char tmpl[] = \"fnXXXXXX\";\n                int fileDesc;\n                filename = MKTEMP(tmpl);\n                if (filename == NULL)\n                {\n                    exit(1);\n                }\n                printLine(filename);\n                fileDesc = OPEN(filename, O_RDWR|O_CREAT, S_IREAD|S_IWRITE);\n                if (fileDesc != -1)\n                {\n                    printLine(\"Temporary file was opened...now closing file\");\n                    CLOSE(fileDesc);\n                }\n            }\n        }\n    }\n    if (StaticValue==913)\n    {\n        {\n            {\n                char * filename;\n                char tmpl[] = \"fnXXXXXX\";\n                int fileDesc;\n                filename = MKTEMP(tmpl);\n                if (filename == NULL)\n                {\n                    exit(1);\n                }\n                printLine(filename);\n                fileDesc = OPEN(filename, O_RDWR|O_CREAT, S_IREAD|S_IWRITE);\n                if (fileDesc != -1)\n                {\n                    printLine(\"Temporary file was opened...now closing file\");\n                    CLOSE(fileDesc);\n                }\n            }\n        }\n    }\n    if (StaticValue==733)\n    {\n        {\n            {\n                char filename[] = \"/tmp/fileXXXXXX\";  \n                int fileDesc = MKSTEMP(filename);\n                printLine(filename);\n                if (fileDesc != -1)\n                {\n                    printLine(\"Temporary file was opened...now closing file\");\n                    CLOSE(fileDesc);\n                }\n            }\n        }\n    }\n}\n",
        "CWE_ID": "CWE377",
        "question": "Question: What happens if we replace the following original code snippet with the proposed variants? Will the vulnerability CWE377 be triggered, and how does it affect the functionality of the code?",
        "choices": {
            "A": "No, Function Preserved: The vulnerability CWE377 will not be triggered, and the original functionality is fully preserved.",
            "B": "No, Function Impaired: The vulnerability CWE377 will not be triggered, but the functionality of the original code is impaired.",
            "C": "Yes: The vulnerability CWE377 will still be triggered.",
            "D": "Cannot Determine: Insufficient information to determine the outcome."
        },
        "answer": "C",
        "distance": "outer"
    },
    {
        "case_id": "CWE377_Insecure_Temporary_File__char_mktemp_01_bad",
        "org_code": "Original Code Snippet:\nvoid Sample_Func()\n{\n    {\n        char * filename;\n        char tmpl[] = \"fnXXXXXX\";\n        int fileDesc;\n        filename = MKTEMP(tmpl);\n        if (filename == NULL)\n        {\n            exit(1);\n        }\n        printLine(filename);\n        fileDesc = OPEN(filename, O_RDWR|O_CREAT, S_IREAD|S_IWRITE);\n        if (fileDesc != -1)\n        {\n            printLine(\"Temporary file was opened...now closing file\");\n            CLOSE(fileDesc);\n        }\n    }\n}\n",
        "new_code": "Code Snippet Variant:\nstatic int StaticValue = 823;\nvoid Sample_Func()\n{\n    if (StaticValue==823)\n    {\n        {\n            {\n                char * filename;\n                char tmpl[] = \"fnXXXXXX\";\n                int fileDesc;\n                filename = MKTEMP(tmpl);\n                if (filename == NULL)\n                {\n                    exit(1);\n                }\n                printLine(filename);\n                if(1)\n                {\n                    fileDesc = OPEN(filename, O_RDWR|O_CREAT, S_IREAD|S_IWRITE);\n                }\n                if(823==823)\n                {\n                    if (fileDesc != -1)\n                    {\n                        printLine(\"Temporary file was opened...now closing file\");\n                        CLOSE(fileDesc);\n                    }\n                }\n            }\n        }\n    }\n    if (StaticValue==913)\n    {\n        {\n            {\n                char * filename;\n                char tmpl[] = \"fnXXXXXX\";\n                int fileDesc;\n                if(823==823)\n                {\n                    filename = MKTEMP(tmpl);\n                }\n                if(1)\n                {\n                    if (filename == NULL)\n                    {\n                        exit(1);\n                    }\n                }\n                printLine(filename);\n                fileDesc = OPEN(filename, O_RDWR|O_CREAT, S_IREAD|S_IWRITE);\n                if (fileDesc != -1)\n                {\n                    printLine(\"Temporary file was opened...now closing file\");\n                    CLOSE(fileDesc);\n                }\n            }\n        }\n    }\n    if (StaticValue==733)\n    {\n        {\n            {\n                char filename[] = \"/tmp/fileXXXXXX\";  \n                int fileDesc = MKSTEMP(filename);\n                printLine(filename);\n                if (fileDesc != -1)\n                {\n                    printLine(\"Temporary file was opened...now closing file\");\n                    CLOSE(fileDesc);\n                }\n            }\n        }\n    }\n}\n",
        "CWE_ID": "CWE377",
        "question": "Question: What happens if we replace the following original code snippet with the proposed variants? Will the vulnerability CWE377 be triggered, and how does it affect the functionality of the code?",
        "choices": {
            "A": "No, Function Preserved: The vulnerability CWE377 will not be triggered, and the original functionality is fully preserved.",
            "B": "No, Function Impaired: The vulnerability CWE377 will not be triggered, but the functionality of the original code is impaired.",
            "C": "Yes: The vulnerability CWE377 will still be triggered.",
            "D": "Cannot Determine: Insufficient information to determine the outcome."
        },
        "answer": "C",
        "distance": "outer_variant"
    }
]