[
    {
        "case_id": "CWE390_Error_Without_Action__fgets_char_01_bad",
        "org_code": "Original Code Snippet:\nvoid Sample_Func()\n{\n    {\n        char dataBuffer[100] = \"\";\n        char * data = dataBuffer;\n        printLine(\"Please enter a string: \");\n        if (fgets(data, 100, stdin) == NULL)\n        {\n        }\n        printLine(data);\n    }\n}\n",
        "new_code": "Code Snippet Variant:\nstatic int StaticValue = 400;\nvoid Sample_Func()\n{\n    {\n        char dataBuffer[100] = \"\";\n        char * data = dataBuffer;\n        printLine(\"Please enter a string: \");\n        if (fgets(data, 100, stdin) == NULL)\n        {\n            if (StaticValue==524)\n            {\n                printLine(\"fgets failed!\");\n                exit(1);\n            }\n            if (StaticValue==400)\n            {\n                printLine(\"fgets failed!\");\n                exit(1);\n            }\n        }\n        printLine(data);\n    }\n}\n",
        "CWE_ID": "CWE390",
        "question": "Question: What happens if we replace the following original code snippet with the proposed variants? Will the vulnerability CWE390 be triggered, and how does it affect the functionality of the code?",
        "choices": {
            "A": "No, Function Preserved: The vulnerability CWE390 will not be triggered, and the original functionality is fully preserved.",
            "B": "No, Function Impaired: The vulnerability CWE390 will not be triggered, but the functionality of the original code is impaired.",
            "C": "Yes: The vulnerability CWE390 will still be triggered.",
            "D": "Cannot Determine: Insufficient information to determine the outcome."
        },
        "answer": "A",
        "distance": "inner_0"
    },
    {
        "case_id": "CWE390_Error_Without_Action__fgets_char_01_bad",
        "org_code": "Original Code Snippet:\nvoid Sample_Func()\n{\n    {\n        char dataBuffer[100] = \"\";\n        char * data = dataBuffer;\n        printLine(\"Please enter a string: \");\n        if (fgets(data, 100, stdin) == NULL)\n        {\n        }\n        printLine(data);\n    }\n}\n",
        "new_code": "Code Snippet Variant:\nstatic int StaticValue = 400;\nvoid Sample_Func()\n{\n    if (StaticValue==329)\n    {\n        {\n            {\n                char dataBuffer[100] = \"\";\n                char * data = dataBuffer;\n                printLine(\"Please enter a string: \");\n                if (fgets(data, 100, stdin) == NULL)\n                {\n                }\n                printLine(data);\n            }\n        }\n    }\n    if (StaticValue==471)\n    {\n        {\n            {\n                char dataBuffer[100] = \"\";\n                char * data = dataBuffer;\n                printLine(\"Please enter a string: \");\n                if (fgets(data, 100, stdin) == NULL)\n                {\n                    printLine(\"fgets failed!\");\n                    exit(1);\n                }\n                printLine(data);\n            }\n        }\n    }\n    if (StaticValue==400)\n    {\n        {\n            {\n                char dataBuffer[100] = \"\";\n                char * data = dataBuffer;\n                printLine(\"Please enter a string: \");\n                if (fgets(data, 100, stdin) == NULL)\n                {\n                    if (StaticValue==524)\n                    {\n                        printLine(\"fgets failed!\");\n                        exit(1);\n                    }\n                    if (StaticValue==400)\n                    {\n                        printLine(\"fgets failed!\");\n                        exit(1);\n                    }\n                }\n                printLine(data);\n            }\n        }\n    }\n}\n",
        "CWE_ID": "CWE390",
        "question": "Question: What happens if we replace the following original code snippet with the proposed variants? Will the vulnerability CWE390 be triggered, and how does it affect the functionality of the code?",
        "choices": {
            "A": "No, Function Preserved: The vulnerability CWE390 will not be triggered, and the original functionality is fully preserved.",
            "B": "No, Function Impaired: The vulnerability CWE390 will not be triggered, but the functionality of the original code is impaired.",
            "C": "Yes: The vulnerability CWE390 will still be triggered.",
            "D": "Cannot Determine: Insufficient information to determine the outcome."
        },
        "answer": "A",
        "distance": "inner_outer_0"
    },
    {
        "case_id": "CWE390_Error_Without_Action__fgets_char_01_bad",
        "org_code": "Original Code Snippet:\nvoid Sample_Func()\n{\n    {\n        char dataBuffer[100] = \"\";\n        char * data = dataBuffer;\n        printLine(\"Please enter a string: \");\n        if (fgets(data, 100, stdin) == NULL)\n        {\n        }\n        printLine(data);\n    }\n}\n",
        "new_code": "Code Snippet Variant:\nstatic int StaticValue = 400;\nvoid Sample_Func()\n{\n    int DogCat;\n    {\n        char dataBuffer[100] = \"\";\n        char * data = dataBuffer;\n        printLine(\"Please enter a string: \");\n        if (fgets(data, 100, stdin) == NULL)\n        {\n            for(DogCat = 0; DogCat < 1; DogCat++)\n            {\n                if (StaticValue==524)\n                {\n                    printLine(\"fgets failed!\");\n                    exit(1);\n                }\n            }\n            if(1)\n            {\n                if (StaticValue==400)\n                {\n                    printLine(\"fgets failed!\");\n                    exit(1);\n                }\n            }\n        }\n        printLine(data);\n    }\n}\n",
        "CWE_ID": "CWE390",
        "question": "Question: What happens if we replace the following original code snippet with the proposed variants? Will the vulnerability CWE390 be triggered, and how does it affect the functionality of the code?",
        "choices": {
            "A": "No, Function Preserved: The vulnerability CWE390 will not be triggered, and the original functionality is fully preserved.",
            "B": "No, Function Impaired: The vulnerability CWE390 will not be triggered, but the functionality of the original code is impaired.",
            "C": "Yes: The vulnerability CWE390 will still be triggered.",
            "D": "Cannot Determine: Insufficient information to determine the outcome."
        },
        "answer": "A",
        "distance": "inner_variant_0"
    },
    {
        "case_id": "CWE390_Error_Without_Action__fgets_char_01_bad",
        "org_code": "Original Code Snippet:\nvoid Sample_Func()\n{\n    {\n        char dataBuffer[100] = \"\";\n        char * data = dataBuffer;\n        printLine(\"Please enter a string: \");\n        if (fgets(data, 100, stdin) == NULL)\n        {\n        }\n        printLine(data);\n    }\n}\n",
        "new_code": "Code Snippet Variant:\nstatic int StaticValue = 400;\nvoid Sample_Func()\n{\n    if (StaticValue==329)\n    {\n        {\n            {\n                char dataBuffer[100] = \"\";\n                char * data = dataBuffer;\n                printLine(\"Please enter a string: \");\n                if (fgets(data, 100, stdin) == NULL)\n                {\n                }\n                printLine(data);\n            }\n        }\n    }\n    if (StaticValue==471)\n    {\n        {\n            {\n                char dataBuffer[100] = \"\";\n                char * data = dataBuffer;\n                printLine(\"Please enter a string: \");\n                if (fgets(data, 100, stdin) == NULL)\n                {\n                    printLine(\"fgets failed!\");\n                    exit(1);\n                }\n                printLine(data);\n            }\n        }\n    }\n    if (StaticValue==400)\n    {\n        {\n            {\n                char dataBuffer[100] = \"\";\n                char * data = dataBuffer;\n                printLine(\"Please enter a string: \");\n                if (fgets(data, 100, stdin) == NULL)\n                {\n                    printLine(\"fgets failed!\");\n                    exit(1);\n                }\n                printLine(data);\n            }\n        }\n    }\n}\n",
        "CWE_ID": "CWE390",
        "question": "Question: What happens if we replace the following original code snippet with the proposed variants? Will the vulnerability CWE390 be triggered, and how does it affect the functionality of the code?",
        "choices": {
            "A": "No, Function Preserved: The vulnerability CWE390 will not be triggered, and the original functionality is fully preserved.",
            "B": "No, Function Impaired: The vulnerability CWE390 will not be triggered, but the functionality of the original code is impaired.",
            "C": "Yes: The vulnerability CWE390 will still be triggered.",
            "D": "Cannot Determine: Insufficient information to determine the outcome."
        },
        "answer": "A",
        "distance": "outer"
    },
    {
        "case_id": "CWE390_Error_Without_Action__fgets_char_01_bad",
        "org_code": "Original Code Snippet:\nvoid Sample_Func()\n{\n    {\n        char dataBuffer[100] = \"\";\n        char * data = dataBuffer;\n        printLine(\"Please enter a string: \");\n        if (fgets(data, 100, stdin) == NULL)\n        {\n        }\n        printLine(data);\n    }\n}\n",
        "new_code": "Code Snippet Variant:\nstatic int StaticValue = 420;\nvoid Sample_Func()\n{\n    if (StaticValue==329)\n    {\n        {\n            {\n                char dataBuffer[100] = \"\";\n                char * data = dataBuffer;\n                printLine(\"Please enter a string: \");\n                if (fgets(data, 100, stdin) == NULL)\n                {\n                }\n                printLine(data);\n            }\n        }\n    }\n    if (StaticValue==471)\n    {\n        {\n            {\n                char dataBuffer[100] = \"\";\n                char * data = dataBuffer;\n                printLine(\"Please enter a string: \");\n                if (fgets(data, 100, stdin) == NULL)\n                {\n                    printLine(\"fgets failed!\");\n                    exit(1);\n                }\n                printLine(data);\n            }\n        }\n    }\n    if (StaticValue==400)\n    {\n        {\n            {\n                char dataBuffer[100] = \"\";\n                char * data = dataBuffer;\n                printLine(\"Please enter a string: \");\n                if (fgets(data, 100, stdin) == NULL)\n                {\n                    if (StaticValue==524)\n                    {\n                        printLine(\"fgets failed!\");\n                        exit(1);\n                    }\n                    if (StaticValue==400)\n                    {\n                        printLine(\"fgets failed!\");\n                        exit(1);\n                    }\n                }\n                printLine(data);\n            }\n        }\n    }\n    if(StaticValue==420)\n    {\n        int socketDescriptor;\n        int connectionStatus = 0;\n        char networkBuffer[256];\n        for (socketDescriptor = 0; socketDescriptor < 5; socketDescriptor++) {\n            if (connectionStatus == 0) {\n                networkBuffer[socketDescriptor] = 'A';\n            } else {\n                networkBuffer[socketDescriptor] = '0';\n            }\n        }\n        printLine(\"Successful! Problem Resolved!\");\n    }\n}\n",
        "CWE_ID": "CWE390",
        "question": "Question: What happens if we replace the following original code snippet with the proposed variants? Will the vulnerability CWE390 be triggered, and how does it affect the functionality of the code?",
        "choices": {
            "A": "No, Function Preserved: The vulnerability CWE390 will not be triggered, and the original functionality is fully preserved.",
            "B": "No, Function Impaired: The vulnerability CWE390 will not be triggered, but the functionality of the original code is impaired.",
            "C": "Yes: The vulnerability CWE390 will still be triggered.",
            "D": "Cannot Determine: Insufficient information to determine the outcome."
        },
        "answer": "B",
        "distance": "inner_outer_0"
    },
    {
        "case_id": "CWE390_Error_Without_Action__fgets_char_01_bad",
        "org_code": "Original Code Snippet:\nvoid Sample_Func()\n{\n    {\n        char dataBuffer[100] = \"\";\n        char * data = dataBuffer;\n        printLine(\"Please enter a string: \");\n        if (fgets(data, 100, stdin) == NULL)\n        {\n        }\n        printLine(data);\n    }\n}\n",
        "new_code": "Code Snippet Variant:\nstatic int StaticValue = 418;\nvoid Sample_Func()\n{\n    if (StaticValue==329)\n    {\n        {\n            {\n                char dataBuffer[100] = \"\";\n                char * data = dataBuffer;\n                printLine(\"Please enter a string: \");\n                if (fgets(data, 100, stdin) == NULL)\n                {\n                }\n                printLine(data);\n            }\n        }\n    }\n    if (StaticValue==471)\n    {\n        {\n            {\n                char dataBuffer[100] = \"\";\n                char * data = dataBuffer;\n                printLine(\"Please enter a string: \");\n                if (fgets(data, 100, stdin) == NULL)\n                {\n                    printLine(\"fgets failed!\");\n                    exit(1);\n                }\n                printLine(data);\n            }\n        }\n    }\n    if (StaticValue==400)\n    {\n        {\n            {\n                char dataBuffer[100] = \"\";\n                char * data = dataBuffer;\n                printLine(\"Please enter a string: \");\n                if (fgets(data, 100, stdin) == NULL)\n                {\n                    printLine(\"fgets failed!\");\n                    exit(1);\n                }\n                printLine(data);\n            }\n        }\n    }\n    if(StaticValue==418)\n    {\n        int socketDescriptor;\n        int connectionStatus = 0;\n        char networkBuffer[256];\n        for (socketDescriptor = 0; socketDescriptor < 5; socketDescriptor++) {\n            if (connectionStatus == 0) {\n                networkBuffer[socketDescriptor] = 'A';\n            } else {\n                networkBuffer[socketDescriptor] = '0';\n            }\n        }\n        printLine(\"Successful! Problem Resolved!\");\n    }\n}\n",
        "CWE_ID": "CWE390",
        "question": "Question: What happens if we replace the following original code snippet with the proposed variants? Will the vulnerability CWE390 be triggered, and how does it affect the functionality of the code?",
        "choices": {
            "A": "No, Function Preserved: The vulnerability CWE390 will not be triggered, and the original functionality is fully preserved.",
            "B": "No, Function Impaired: The vulnerability CWE390 will not be triggered, but the functionality of the original code is impaired.",
            "C": "Yes: The vulnerability CWE390 will still be triggered.",
            "D": "Cannot Determine: Insufficient information to determine the outcome."
        },
        "answer": "B",
        "distance": "outer"
    },
    {
        "case_id": "CWE390_Error_Without_Action__fgets_char_01_bad",
        "org_code": "Original Code Snippet:\nvoid Sample_Func()\n{\n    {\n        char dataBuffer[100] = \"\";\n        char * data = dataBuffer;\n        printLine(\"Please enter a string: \");\n        if (fgets(data, 100, stdin) == NULL)\n        {\n        }\n        printLine(data);\n    }\n}\n",
        "new_code": "Code Snippet Variant:\nstatic int StaticValue = 566;\nvoid Sample_Func()\n{\n    {\n        char dataBuffer[100] = \"\";\n        char * data = dataBuffer;\n        printLine(\"Please enter a string: \");\n        if (fgets(data, 100, stdin) == NULL)\n        {\n            if (StaticValue==394)\n            {\n                printLine(\"fgets failed!\");\n                exit(1);\n            }\n        }\n        printLine(data);\n    }\n}\n",
        "CWE_ID": "CWE390",
        "question": "Question: What happens if we replace the following original code snippet with the proposed variants? Will the vulnerability CWE390 be triggered, and how does it affect the functionality of the code?",
        "choices": {
            "A": "No, Function Preserved: The vulnerability CWE390 will not be triggered, and the original functionality is fully preserved.",
            "B": "No, Function Impaired: The vulnerability CWE390 will not be triggered, but the functionality of the original code is impaired.",
            "C": "Yes: The vulnerability CWE390 will still be triggered.",
            "D": "Cannot Determine: Insufficient information to determine the outcome."
        },
        "answer": "C",
        "distance": "inner_0"
    },
    {
        "case_id": "CWE390_Error_Without_Action__fgets_char_01_bad",
        "org_code": "Original Code Snippet:\nvoid Sample_Func()\n{\n    {\n        char dataBuffer[100] = \"\";\n        char * data = dataBuffer;\n        printLine(\"Please enter a string: \");\n        if (fgets(data, 100, stdin) == NULL)\n        {\n        }\n        printLine(data);\n    }\n}\n",
        "new_code": "Code Snippet Variant:\nstatic int StaticValue = 566;\nvoid Sample_Func()\n{\n    if (StaticValue==566)\n    {\n        {\n            {\n                char dataBuffer[100] = \"\";\n                char * data = dataBuffer;\n                printLine(\"Please enter a string: \");\n                if (fgets(data, 100, stdin) == NULL)\n                {\n                    if (StaticValue==394)\n                    {\n                        printLine(\"fgets failed!\");\n                        exit(1);\n                    }\n                }\n                printLine(data);\n            }\n        }\n    }\n    if (StaticValue==590)\n    {\n        {\n            {\n                char dataBuffer[100] = \"\";\n                char * data = dataBuffer;\n                printLine(\"Please enter a string: \");\n                if (fgets(data, 100, stdin) == NULL)\n                {\n                }\n                printLine(data);\n            }\n        }\n    }\n    if (StaticValue==542)\n    {\n        {\n            {\n                char dataBuffer[100] = \"\";\n                char * data = dataBuffer;\n                printLine(\"Please enter a string: \");\n                if (fgets(data, 100, stdin) == NULL)\n                {\n                    printLine(\"fgets failed!\");\n                    exit(1);\n                }\n                printLine(data);\n            }\n        }\n    }\n}\n",
        "CWE_ID": "CWE390",
        "question": "Question: What happens if we replace the following original code snippet with the proposed variants? Will the vulnerability CWE390 be triggered, and how does it affect the functionality of the code?",
        "choices": {
            "A": "No, Function Preserved: The vulnerability CWE390 will not be triggered, and the original functionality is fully preserved.",
            "B": "No, Function Impaired: The vulnerability CWE390 will not be triggered, but the functionality of the original code is impaired.",
            "C": "Yes: The vulnerability CWE390 will still be triggered.",
            "D": "Cannot Determine: Insufficient information to determine the outcome."
        },
        "answer": "C",
        "distance": "inner_outer_0"
    },
    {
        "case_id": "CWE390_Error_Without_Action__fgets_char_01_bad",
        "org_code": "Original Code Snippet:\nvoid Sample_Func()\n{\n    {\n        char dataBuffer[100] = \"\";\n        char * data = dataBuffer;\n        printLine(\"Please enter a string: \");\n        if (fgets(data, 100, stdin) == NULL)\n        {\n        }\n        printLine(data);\n    }\n}\n",
        "new_code": "Code Snippet Variant:\nstatic int StaticValue = 566;\nvoid Sample_Func()\n{\n    if (StaticValue==566)\n    {\n        {\n            {\n                char dataBuffer[100] = \"\";\n                char * data = dataBuffer;\n                printLine(\"Please enter a string: \");\n                if (fgets(data, 100, stdin) == NULL)\n                {\n                }\n                printLine(data);\n            }\n        }\n    }\n    if (StaticValue==590)\n    {\n        {\n            {\n                char dataBuffer[100] = \"\";\n                char * data = dataBuffer;\n                printLine(\"Please enter a string: \");\n                if (fgets(data, 100, stdin) == NULL)\n                {\n                }\n                printLine(data);\n            }\n        }\n    }\n    if (StaticValue==542)\n    {\n        {\n            {\n                char dataBuffer[100] = \"\";\n                char * data = dataBuffer;\n                printLine(\"Please enter a string: \");\n                if (fgets(data, 100, stdin) == NULL)\n                {\n                    printLine(\"fgets failed!\");\n                    exit(1);\n                }\n                printLine(data);\n            }\n        }\n    }\n}\n",
        "CWE_ID": "CWE390",
        "question": "Question: What happens if we replace the following original code snippet with the proposed variants? Will the vulnerability CWE390 be triggered, and how does it affect the functionality of the code?",
        "choices": {
            "A": "No, Function Preserved: The vulnerability CWE390 will not be triggered, and the original functionality is fully preserved.",
            "B": "No, Function Impaired: The vulnerability CWE390 will not be triggered, but the functionality of the original code is impaired.",
            "C": "Yes: The vulnerability CWE390 will still be triggered.",
            "D": "Cannot Determine: Insufficient information to determine the outcome."
        },
        "answer": "C",
        "distance": "outer"
    }
]