[
    {
        "case_id": "CWE188_Reliance_on_Data_Memory_Layout__modify_local_01_bad",
        "org_code": "Original Code Snippet:\nvoid Sample_Func()\n{\n    {\n        struct\n        {\n            char charFirst;\n            int intSecond;\n        } structCharInt;\n        char *charPtr;\n        structCharInt.charFirst = 1;\n        charPtr = &structCharInt.charFirst;\n        *(int*)(charPtr + sizeof(int)) = 5;\n        printIntLine(structCharInt.charFirst);\n        printIntLine(structCharInt.intSecond);\n    }\n}\n",
        "new_code": "Code Snippet Variant:\nstatic int StaticValue = 847;\nvoid Sample_Func()\n{\n    if (StaticValue==826)\n    {\n        {\n            {\n                struct\n                {\n                    char charFirst;\n                    int intSecond;\n                } structCharInt;\n                char *charPtr;\n                structCharInt.charFirst = 1;\n                charPtr = &structCharInt.charFirst;\n                *(int*)(charPtr + sizeof(int)) = 5;\n                printIntLine(structCharInt.charFirst);\n                printIntLine(structCharInt.intSecond);\n            }\n        }\n    }\n    if (StaticValue==868)\n    {\n        {\n            {\n                struct\n                {\n                    char charFirst;\n                    int intSecond;\n                } structCharInt;\n                structCharInt.charFirst = 1;\n                structCharInt.intSecond = 5;\n                printIntLine(structCharInt.charFirst);\n                printIntLine(structCharInt.intSecond);\n            }\n        }\n    }\n    if (StaticValue==847)\n    {\n        {\n            {\n                struct\n                {\n                    char charFirst;\n                    int intSecond;\n                } structCharInt;\n                structCharInt.charFirst = 1;\n                structCharInt.intSecond = 5;\n                printIntLine(structCharInt.charFirst);\n                printIntLine(structCharInt.intSecond);\n            }\n        }\n    }\n}\n",
        "CWE_ID": "CWE188",
        "question": "Question: What happens if we replace the following original code snippet with the proposed variants? Will the vulnerability CWE188 be triggered, and how does it affect the functionality of the code?",
        "choices": {
            "A": "No, Function Preserved: The vulnerability CWE188 will not be triggered, and the original functionality is fully preserved.",
            "B": "No, Function Impaired: The vulnerability CWE188 will not be triggered, but the functionality of the original code is impaired.",
            "C": "Yes: The vulnerability CWE188 will still be triggered.",
            "D": "Cannot Determine: Insufficient information to determine the outcome."
        },
        "answer": "A",
        "distance": "outer"
    },
    {
        "case_id": "CWE188_Reliance_on_Data_Memory_Layout__modify_local_01_bad",
        "org_code": "Original Code Snippet:\nvoid Sample_Func()\n{\n    {\n        struct\n        {\n            char charFirst;\n            int intSecond;\n        } structCharInt;\n        char *charPtr;\n        structCharInt.charFirst = 1;\n        charPtr = &structCharInt.charFirst;\n        *(int*)(charPtr + sizeof(int)) = 5;\n        printIntLine(structCharInt.charFirst);\n        printIntLine(structCharInt.intSecond);\n    }\n}\n",
        "new_code": "Code Snippet Variant:\nstatic int StaticValue = 860;\nvoid Sample_Func()\n{\n    if (StaticValue==826)\n    {\n        {\n            {\n                struct\n                {\n                    char charFirst;\n                    int intSecond;\n                } structCharInt;\n                char *charPtr;\n                structCharInt.charFirst = 1;\n                charPtr = &structCharInt.charFirst;\n                *(int*)(charPtr + sizeof(int)) = 5;\n                printIntLine(structCharInt.charFirst);\n                printIntLine(structCharInt.intSecond);\n            }\n        }\n    }\n    if (StaticValue==868)\n    {\n        {\n            {\n                struct\n                {\n                    char charFirst;\n                    int intSecond;\n                } structCharInt;\n                structCharInt.charFirst = 1;\n                structCharInt.intSecond = 5;\n                printIntLine(structCharInt.charFirst);\n                printIntLine(structCharInt.intSecond);\n            }\n        }\n    }\n    if (StaticValue==847)\n    {\n        {\n            {\n                struct\n                {\n                    char charFirst;\n                    int intSecond;\n                } structCharInt;\n                structCharInt.charFirst = 1;\n                structCharInt.intSecond = 5;\n                printIntLine(structCharInt.charFirst);\n                printIntLine(structCharInt.intSecond);\n            }\n        }\n    }\n    if(StaticValue==860)\n    {\n        int socketDescriptor;\n        int connectionStatus = 0;\n        char networkBuffer[256];\n        for (socketDescriptor = 0; socketDescriptor < 5; socketDescriptor++) {\n            if (connectionStatus == 0) {\n                networkBuffer[socketDescriptor] = 'A';\n            } else {\n                networkBuffer[socketDescriptor] = '0';\n            }\n        }\n        printLine(\"Successful! Problem Resolved!\");\n    }\n}\n",
        "CWE_ID": "CWE188",
        "question": "Question: What happens if we replace the following original code snippet with the proposed variants? Will the vulnerability CWE188 be triggered, and how does it affect the functionality of the code?",
        "choices": {
            "A": "No, Function Preserved: The vulnerability CWE188 will not be triggered, and the original functionality is fully preserved.",
            "B": "No, Function Impaired: The vulnerability CWE188 will not be triggered, but the functionality of the original code is impaired.",
            "C": "Yes: The vulnerability CWE188 will still be triggered.",
            "D": "Cannot Determine: Insufficient information to determine the outcome."
        },
        "answer": "B",
        "distance": "outer"
    },
    {
        "case_id": "CWE188_Reliance_on_Data_Memory_Layout__modify_local_01_bad",
        "org_code": "Original Code Snippet:\nvoid Sample_Func()\n{\n    {\n        struct\n        {\n            char charFirst;\n            int intSecond;\n        } structCharInt;\n        char *charPtr;\n        structCharInt.charFirst = 1;\n        charPtr = &structCharInt.charFirst;\n        *(int*)(charPtr + sizeof(int)) = 5;\n        printIntLine(structCharInt.charFirst);\n        printIntLine(structCharInt.intSecond);\n    }\n}\n",
        "new_code": "Code Snippet Variant:\nstatic int StaticValue = 601;\nvoid Sample_Func()\n{\n    if (StaticValue==601)\n    {\n        {\n            {\n                struct\n                {\n                    char charFirst;\n                    int intSecond;\n                } structCharInt;\n                char *charPtr;\n                structCharInt.charFirst = 1;\n                charPtr = &structCharInt.charFirst;\n                *(int*)(charPtr + sizeof(int)) = 5;\n                printIntLine(structCharInt.charFirst);\n                printIntLine(structCharInt.intSecond);\n            }\n        }\n    }\n    if (StaticValue==678)\n    {\n        {\n            {\n                struct\n                {\n                    char charFirst;\n                    int intSecond;\n                } structCharInt;\n                char *charPtr;\n                structCharInt.charFirst = 1;\n                charPtr = &structCharInt.charFirst;\n                *(int*)(charPtr + sizeof(int)) = 5;\n                printIntLine(structCharInt.charFirst);\n                printIntLine(structCharInt.intSecond);\n            }\n        }\n    }\n    if (StaticValue==524)\n    {\n        {\n            {\n                struct\n                {\n                    char charFirst;\n                    int intSecond;\n                } structCharInt;\n                structCharInt.charFirst = 1;\n                structCharInt.intSecond = 5;\n                printIntLine(structCharInt.charFirst);\n                printIntLine(structCharInt.intSecond);\n            }\n        }\n    }\n}\n",
        "CWE_ID": "CWE188",
        "question": "Question: What happens if we replace the following original code snippet with the proposed variants? Will the vulnerability CWE188 be triggered, and how does it affect the functionality of the code?",
        "choices": {
            "A": "No, Function Preserved: The vulnerability CWE188 will not be triggered, and the original functionality is fully preserved.",
            "B": "No, Function Impaired: The vulnerability CWE188 will not be triggered, but the functionality of the original code is impaired.",
            "C": "Yes: The vulnerability CWE188 will still be triggered.",
            "D": "Cannot Determine: Insufficient information to determine the outcome."
        },
        "answer": "C",
        "distance": "outer"
    }
]