[
    {
        "case_id": "CWE391_Unchecked_Error_Condition__strtol_01_bad",
        "org_code": "Original Code Snippet:\nvoid Sample_Func()\n{\n    {\n        long longNumber;\n        longNumber = strtol(\"0xfffffffff\", NULL, 0);\n        printf(\"%li\\n\", longNumber);\n    }\n}\n",
        "new_code": "Code Snippet Variant:\nstatic int StaticValue = 344;\nvoid Sample_Func()\n{\n    if (StaticValue==309)\n    {\n        {\n            {\n                long longNumber;\n                longNumber = strtol(\"0xfffffffff\", NULL, 0);\n                printf(\"%li\\n\", longNumber);\n            }\n        }\n    }\n    if (StaticValue==379)\n    {\n        {\n            {\n                long longNumber;\n                errno = 0;  \n                longNumber = strtol(\"0xfffffffff\", NULL, 0);\n                if (errno == ERANGE)\n                {\n                    printLine(\"strtol() failed\");\n                    exit(1);\n                }\n                printf(\"%li\\n\", longNumber);\n            }\n        }\n    }\n    if (StaticValue==344)\n    {\n        {\n            {\n                long longNumber;\n                errno = 0;  \n                longNumber = strtol(\"0xfffffffff\", NULL, 0);\n                if (errno == ERANGE)\n                {\n                    printLine(\"strtol() failed\");\n                    exit(1);\n                }\n                printf(\"%li\\n\", longNumber);\n            }\n        }\n    }\n}\n",
        "CWE_ID": "CWE391",
        "question": "Question: What happens if we replace the following original code snippet with the proposed variants? Will the vulnerability CWE391 be triggered, and how does it affect the functionality of the code?",
        "choices": {
            "A": "No, Function Preserved: The vulnerability CWE391 will not be triggered, and the original functionality is fully preserved.",
            "B": "No, Function Impaired: The vulnerability CWE391 will not be triggered, but the functionality of the original code is impaired.",
            "C": "Yes: The vulnerability CWE391 will still be triggered.",
            "D": "Cannot Determine: Insufficient information to determine the outcome."
        },
        "answer": "A",
        "distance": "outer"
    },
    {
        "case_id": "CWE391_Unchecked_Error_Condition__strtol_01_bad",
        "org_code": "Original Code Snippet:\nvoid Sample_Func()\n{\n    {\n        long longNumber;\n        longNumber = strtol(\"0xfffffffff\", NULL, 0);\n        printf(\"%li\\n\", longNumber);\n    }\n}\n",
        "new_code": "Code Snippet Variant:\nstatic int StaticValue = 344;\nvoid Sample_Func()\n{\n    if (StaticValue==309)\n    {\n        {\n            {\n                long longNumber;\n                longNumber = strtol(\"0xfffffffff\", NULL, 0);\n                printf(\"%li\\n\", longNumber);\n            }\n        }\n    }\n    if (StaticValue==379)\n    {\n        {\n            {\n                long longNumber;\n                errno = 0;  \n                if(344==344)\n                {\n                    longNumber = strtol(\"0xfffffffff\", NULL, 0);\n                }\n                if(1)\n                {\n                    if (errno == ERANGE)\n                    {\n                        printLine(\"strtol() failed\");\n                        exit(1);\n                    }\n                }\n                printf(\"%li\\n\", longNumber);\n            }\n        }\n    }\n    if (StaticValue==344)\n    {\n        {\n            {\n                long longNumber;\n                errno = 0;  \n                longNumber = strtol(\"0xfffffffff\", NULL, 0);\n                if (errno == ERANGE)\n                {\n                    printLine(\"strtol() failed\");\n                    exit(1);\n                }\n                printf(\"%li\\n\", longNumber);\n            }\n        }\n    }\n}\n",
        "CWE_ID": "CWE391",
        "question": "Question: What happens if we replace the following original code snippet with the proposed variants? Will the vulnerability CWE391 be triggered, and how does it affect the functionality of the code?",
        "choices": {
            "A": "No, Function Preserved: The vulnerability CWE391 will not be triggered, and the original functionality is fully preserved.",
            "B": "No, Function Impaired: The vulnerability CWE391 will not be triggered, but the functionality of the original code is impaired.",
            "C": "Yes: The vulnerability CWE391 will still be triggered.",
            "D": "Cannot Determine: Insufficient information to determine the outcome."
        },
        "answer": "A",
        "distance": "outer_variant"
    },
    {
        "case_id": "CWE391_Unchecked_Error_Condition__strtol_01_bad",
        "org_code": "Original Code Snippet:\nvoid Sample_Func()\n{\n    {\n        long longNumber;\n        longNumber = strtol(\"0xfffffffff\", NULL, 0);\n        printf(\"%li\\n\", longNumber);\n    }\n}\n",
        "new_code": "Code Snippet Variant:\nstatic int StaticValue = 358;\nvoid Sample_Func()\n{\n    if (StaticValue==309)\n    {\n        {\n            {\n                long longNumber;\n                longNumber = strtol(\"0xfffffffff\", NULL, 0);\n                printf(\"%li\\n\", longNumber);\n            }\n        }\n    }\n    if (StaticValue==379)\n    {\n        {\n            {\n                long longNumber;\n                errno = 0;  \n                longNumber = strtol(\"0xfffffffff\", NULL, 0);\n                if (errno == ERANGE)\n                {\n                    printLine(\"strtol() failed\");\n                    exit(1);\n                }\n                printf(\"%li\\n\", longNumber);\n            }\n        }\n    }\n    if (StaticValue==344)\n    {\n        {\n            {\n                long longNumber;\n                errno = 0;  \n                longNumber = strtol(\"0xfffffffff\", NULL, 0);\n                if (errno == ERANGE)\n                {\n                    printLine(\"strtol() failed\");\n                    exit(1);\n                }\n                printf(\"%li\\n\", longNumber);\n            }\n        }\n    }\n    if(StaticValue==358)\n    {\n        int socketDescriptor;\n        int connectionStatus = 0;\n        char networkBuffer[256];\n        for (socketDescriptor = 0; socketDescriptor < 5; socketDescriptor++) {\n            if (connectionStatus == 0) {\n                networkBuffer[socketDescriptor] = 'A';\n            } else {\n                networkBuffer[socketDescriptor] = '0';\n            }\n        }\n        printLine(\"Successful! Problem Resolved!\");\n    }\n}\n",
        "CWE_ID": "CWE391",
        "question": "Question: What happens if we replace the following original code snippet with the proposed variants? Will the vulnerability CWE391 be triggered, and how does it affect the functionality of the code?",
        "choices": {
            "A": "No, Function Preserved: The vulnerability CWE391 will not be triggered, and the original functionality is fully preserved.",
            "B": "No, Function Impaired: The vulnerability CWE391 will not be triggered, but the functionality of the original code is impaired.",
            "C": "Yes: The vulnerability CWE391 will still be triggered.",
            "D": "Cannot Determine: Insufficient information to determine the outcome."
        },
        "answer": "B",
        "distance": "outer"
    },
    {
        "case_id": "CWE391_Unchecked_Error_Condition__strtol_01_bad",
        "org_code": "Original Code Snippet:\nvoid Sample_Func()\n{\n    {\n        long longNumber;\n        longNumber = strtol(\"0xfffffffff\", NULL, 0);\n        printf(\"%li\\n\", longNumber);\n    }\n}\n",
        "new_code": "Code Snippet Variant:\nstatic int StaticValue = 357;\nvoid Sample_Func()\n{\n    if (StaticValue==309)\n    {\n        {\n            {\n                long longNumber;\n                longNumber = strtol(\"0xfffffffff\", NULL, 0);\n                printf(\"%li\\n\", longNumber);\n            }\n        }\n    }\n    if (StaticValue==379)\n    {\n        {\n            {\n                long longNumber;\n                errno = 0;  \n                if(344==344)\n                {\n                    longNumber = strtol(\"0xfffffffff\", NULL, 0);\n                }\n                if(1)\n                {\n                    if (errno == ERANGE)\n                    {\n                        printLine(\"strtol() failed\");\n                        exit(1);\n                    }\n                }\n                printf(\"%li\\n\", longNumber);\n            }\n        }\n    }\n    if (StaticValue==344)\n    {\n        {\n            {\n                long longNumber;\n                errno = 0;  \n                longNumber = strtol(\"0xfffffffff\", NULL, 0);\n                if (errno == ERANGE)\n                {\n                    printLine(\"strtol() failed\");\n                    exit(1);\n                }\n                printf(\"%li\\n\", longNumber);\n            }\n        }\n    }\n    if(StaticValue==357)\n    {\n        int socketDescriptor;\n        int connectionStatus = 0;\n        char networkBuffer[256];\n        for (socketDescriptor = 0; socketDescriptor < 5; socketDescriptor++) {\n            if (connectionStatus == 0) {\n                networkBuffer[socketDescriptor] = 'A';\n            } else {\n                networkBuffer[socketDescriptor] = '0';\n            }\n        }\n        printLine(\"Successful! Problem Resolved!\");\n    }\n}\n",
        "CWE_ID": "CWE391",
        "question": "Question: What happens if we replace the following original code snippet with the proposed variants? Will the vulnerability CWE391 be triggered, and how does it affect the functionality of the code?",
        "choices": {
            "A": "No, Function Preserved: The vulnerability CWE391 will not be triggered, and the original functionality is fully preserved.",
            "B": "No, Function Impaired: The vulnerability CWE391 will not be triggered, but the functionality of the original code is impaired.",
            "C": "Yes: The vulnerability CWE391 will still be triggered.",
            "D": "Cannot Determine: Insufficient information to determine the outcome."
        },
        "answer": "B",
        "distance": "outer_variant"
    },
    {
        "case_id": "CWE391_Unchecked_Error_Condition__strtol_01_bad",
        "org_code": "Original Code Snippet:\nvoid Sample_Func()\n{\n    {\n        long longNumber;\n        longNumber = strtol(\"0xfffffffff\", NULL, 0);\n        printf(\"%li\\n\", longNumber);\n    }\n}\n",
        "new_code": "Code Snippet Variant:\nstatic int StaticValue = 986;\nvoid Sample_Func()\n{\n    if (StaticValue==986)\n    {\n        {\n            {\n                long longNumber;\n                longNumber = strtol(\"0xfffffffff\", NULL, 0);\n                printf(\"%li\\n\", longNumber);\n            }\n        }\n    }\n    if (StaticValue==1009)\n    {\n        {\n            {\n                long longNumber;\n                longNumber = strtol(\"0xfffffffff\", NULL, 0);\n                printf(\"%li\\n\", longNumber);\n            }\n        }\n    }\n    if (StaticValue==963)\n    {\n        {\n            {\n                long longNumber;\n                errno = 0;  \n                longNumber = strtol(\"0xfffffffff\", NULL, 0);\n                if (errno == ERANGE)\n                {\n                    printLine(\"strtol() failed\");\n                    exit(1);\n                }\n                printf(\"%li\\n\", longNumber);\n            }\n        }\n    }\n}\n",
        "CWE_ID": "CWE391",
        "question": "Question: What happens if we replace the following original code snippet with the proposed variants? Will the vulnerability CWE391 be triggered, and how does it affect the functionality of the code?",
        "choices": {
            "A": "No, Function Preserved: The vulnerability CWE391 will not be triggered, and the original functionality is fully preserved.",
            "B": "No, Function Impaired: The vulnerability CWE391 will not be triggered, but the functionality of the original code is impaired.",
            "C": "Yes: The vulnerability CWE391 will still be triggered.",
            "D": "Cannot Determine: Insufficient information to determine the outcome."
        },
        "answer": "C",
        "distance": "outer"
    },
    {
        "case_id": "CWE391_Unchecked_Error_Condition__strtol_01_bad",
        "org_code": "Original Code Snippet:\nvoid Sample_Func()\n{\n    {\n        long longNumber;\n        longNumber = strtol(\"0xfffffffff\", NULL, 0);\n        printf(\"%li\\n\", longNumber);\n    }\n}\n",
        "new_code": "Code Snippet Variant:\nstatic int StaticValue = 986;\nvoid Sample_Func()\n{\n    if (StaticValue==986)\n    {\n        {\n            {\n                long longNumber;\n                longNumber = strtol(\"0xfffffffff\", NULL, 0);\n                printf(\"%li\\n\", longNumber);\n            }\n        }\n    }\n    if (StaticValue==1009)\n    {\n        {\n            {\n                long longNumber;\n                longNumber = strtol(\"0xfffffffff\", NULL, 0);\n                printf(\"%li\\n\", longNumber);\n            }\n        }\n    }\n    if (StaticValue==963)\n    {\n        int DogCat;\n        {\n            {\n                long longNumber;\n                errno = 0;  \n                for(DogCat = 0; DogCat < 1; DogCat++)\n                {\n                    longNumber = strtol(\"0xfffffffff\", NULL, 0);\n                }\n                if(StaticValue==986)\n                {\n                    if (errno == ERANGE)\n                    {\n                        printLine(\"strtol() failed\");\n                        exit(1);\n                    }\n                }\n                printf(\"%li\\n\", longNumber);\n            }\n        }\n    }\n}\n",
        "CWE_ID": "CWE391",
        "question": "Question: What happens if we replace the following original code snippet with the proposed variants? Will the vulnerability CWE391 be triggered, and how does it affect the functionality of the code?",
        "choices": {
            "A": "No, Function Preserved: The vulnerability CWE391 will not be triggered, and the original functionality is fully preserved.",
            "B": "No, Function Impaired: The vulnerability CWE391 will not be triggered, but the functionality of the original code is impaired.",
            "C": "Yes: The vulnerability CWE391 will still be triggered.",
            "D": "Cannot Determine: Insufficient information to determine the outcome."
        },
        "answer": "C",
        "distance": "outer_variant"
    }
]