[
    {
        "case_id": "CWE398_Poor_Code_Quality__five_01_bad",
        "org_code": "Original Code Snippet:\nvoid Sample_Func()\n{\n    5;\n    printLine(\"Hello from bad()\");\n}\n",
        "new_code": "Code Snippet Variant:\nstatic int StaticValue = 410;\nvoid Sample_Func()\n{\n    if (StaticValue==222)\n    {\n        5;\n        printLine(\"Hello from bad()\");\n    }\n    if (StaticValue==598)\n    {\n        printLine(\"Hello from good()\");\n    }\n    if (StaticValue==410)\n    {\n        printLine(\"Hello from good()\");\n    }\n}\n",
        "CWE_ID": "CWE398",
        "question": "Question: What happens if we replace the following original code snippet with the proposed variants? Will the vulnerability CWE398 be triggered, and how does it affect the functionality of the code?",
        "choices": {
            "A": "No, Function Preserved: The vulnerability CWE398 will not be triggered, and the original functionality is fully preserved.",
            "B": "No, Function Impaired: The vulnerability CWE398 will not be triggered, but the functionality of the original code is impaired.",
            "C": "Yes: The vulnerability CWE398 will still be triggered.",
            "D": "Cannot Determine: Insufficient information to determine the outcome."
        },
        "answer": "A",
        "distance": "inner_0"
    },
    {
        "case_id": "CWE398_Poor_Code_Quality__five_01_bad",
        "org_code": "Original Code Snippet:\nvoid Sample_Func()\n{\n    5;\n    printLine(\"Hello from bad()\");\n}\n",
        "new_code": "Code Snippet Variant:\nstatic int StaticValue = 410;\nvoid Sample_Func()\n{\n    if (StaticValue==397)\n    {\n        {\n            5;\n            printLine(\"Hello from bad()\");\n        }\n    }\n    if (StaticValue==423)\n    {\n        {\n            printLine(\"Hello from good()\");\n        }\n    }\n    if (StaticValue==410)\n    {\n        {\n            if (StaticValue==222)\n            {\n                5;\n                printLine(\"Hello from bad()\");\n            }\n            if (StaticValue==598)\n            {\n                printLine(\"Hello from good()\");\n            }\n            if (StaticValue==410)\n            {\n                printLine(\"Hello from good()\");\n            }\n        }\n    }\n}\n",
        "CWE_ID": "CWE398",
        "question": "Question: What happens if we replace the following original code snippet with the proposed variants? Will the vulnerability CWE398 be triggered, and how does it affect the functionality of the code?",
        "choices": {
            "A": "No, Function Preserved: The vulnerability CWE398 will not be triggered, and the original functionality is fully preserved.",
            "B": "No, Function Impaired: The vulnerability CWE398 will not be triggered, but the functionality of the original code is impaired.",
            "C": "Yes: The vulnerability CWE398 will still be triggered.",
            "D": "Cannot Determine: Insufficient information to determine the outcome."
        },
        "answer": "A",
        "distance": "inner_outer_0"
    },
    {
        "case_id": "CWE398_Poor_Code_Quality__five_01_bad",
        "org_code": "Original Code Snippet:\nvoid Sample_Func()\n{\n    5;\n    printLine(\"Hello from bad()\");\n}\n",
        "new_code": "Code Snippet Variant:\nstatic int StaticValue = 410;\nvoid Sample_Func()\n{\n    if (StaticValue==397)\n    {\n        {\n            5;\n            printLine(\"Hello from bad()\");\n        }\n    }\n    if (StaticValue==423)\n    {\n        {\n            printLine(\"Hello from good()\");\n        }\n    }\n    if (StaticValue==410)\n    {\n        {\n            if(410==410)\n            {\n                if (StaticValue==222)\n                {\n                    5;\n                    printLine(\"Hello from bad()\");\n                }\n            }\n            if(StaticValue==410)\n            {\n                if (StaticValue==598)\n                {\n                    printLine(\"Hello from good()\");\n                }\n            }\n            if (StaticValue==410)\n            {\n                printLine(\"Hello from good()\");\n            }\n        }\n    }\n}\n",
        "CWE_ID": "CWE398",
        "question": "Question: What happens if we replace the following original code snippet with the proposed variants? Will the vulnerability CWE398 be triggered, and how does it affect the functionality of the code?",
        "choices": {
            "A": "No, Function Preserved: The vulnerability CWE398 will not be triggered, and the original functionality is fully preserved.",
            "B": "No, Function Impaired: The vulnerability CWE398 will not be triggered, but the functionality of the original code is impaired.",
            "C": "Yes: The vulnerability CWE398 will still be triggered.",
            "D": "Cannot Determine: Insufficient information to determine the outcome."
        },
        "answer": "A",
        "distance": "inner_outer_variant_0"
    },
    {
        "case_id": "CWE398_Poor_Code_Quality__five_01_bad",
        "org_code": "Original Code Snippet:\nvoid Sample_Func()\n{\n    5;\n    printLine(\"Hello from bad()\");\n}\n",
        "new_code": "Code Snippet Variant:\nstatic int StaticValue = 410;\nvoid Sample_Func()\n{\n    if (StaticValue==397)\n    {\n        {\n            5;\n            printLine(\"Hello from bad()\");\n        }\n    }\n    if (StaticValue==423)\n    {\n        {\n            printLine(\"Hello from good()\");\n        }\n    }\n    if (StaticValue==410)\n    {\n        {\n            printLine(\"Hello from good()\");\n        }\n    }\n}\n",
        "CWE_ID": "CWE398",
        "question": "Question: What happens if we replace the following original code snippet with the proposed variants? Will the vulnerability CWE398 be triggered, and how does it affect the functionality of the code?",
        "choices": {
            "A": "No, Function Preserved: The vulnerability CWE398 will not be triggered, and the original functionality is fully preserved.",
            "B": "No, Function Impaired: The vulnerability CWE398 will not be triggered, but the functionality of the original code is impaired.",
            "C": "Yes: The vulnerability CWE398 will still be triggered.",
            "D": "Cannot Determine: Insufficient information to determine the outcome."
        },
        "answer": "A",
        "distance": "outer"
    },
    {
        "case_id": "CWE398_Poor_Code_Quality__five_01_bad",
        "org_code": "Original Code Snippet:\nvoid Sample_Func()\n{\n    5;\n    printLine(\"Hello from bad()\");\n}\n",
        "new_code": "Code Snippet Variant:\nstatic int StaticValue = 426;\nvoid Sample_Func()\n{\n    if (StaticValue==222)\n    {\n        5;\n        printLine(\"Hello from bad()\");\n    }\n    if (StaticValue==598)\n    {\n        printLine(\"Hello from good()\");\n    }\n    if(StaticValue==426)\n    {\n        int socketDescriptor;\n        int connectionStatus = 0;\n        char networkBuffer[256];\n        for (socketDescriptor = 0; socketDescriptor < 5; socketDescriptor++) {\n            if (connectionStatus == 0) {\n                networkBuffer[socketDescriptor] = 'A';\n            } else {\n                networkBuffer[socketDescriptor] = '0';\n            }\n        }\n        printLine(\"Successful! Problem Resolved!\");\n    }\n    if (StaticValue==410)\n    {\n        printLine(\"Hello from good()\");\n    }\n}\n",
        "CWE_ID": "CWE398",
        "question": "Question: What happens if we replace the following original code snippet with the proposed variants? Will the vulnerability CWE398 be triggered, and how does it affect the functionality of the code?",
        "choices": {
            "A": "No, Function Preserved: The vulnerability CWE398 will not be triggered, and the original functionality is fully preserved.",
            "B": "No, Function Impaired: The vulnerability CWE398 will not be triggered, but the functionality of the original code is impaired.",
            "C": "Yes: The vulnerability CWE398 will still be triggered.",
            "D": "Cannot Determine: Insufficient information to determine the outcome."
        },
        "answer": "B",
        "distance": "inner_0"
    },
    {
        "case_id": "CWE398_Poor_Code_Quality__five_01_bad",
        "org_code": "Original Code Snippet:\nvoid Sample_Func()\n{\n    5;\n    printLine(\"Hello from bad()\");\n}\n",
        "new_code": "Code Snippet Variant:\nstatic int StaticValue = 424;\nvoid Sample_Func()\n{\n    if (StaticValue==397)\n    {\n        {\n            5;\n            printLine(\"Hello from bad()\");\n        }\n    }\n    if (StaticValue==423)\n    {\n        {\n            printLine(\"Hello from good()\");\n        }\n    }\n    if (StaticValue==410)\n    {\n        {\n            if (StaticValue==222)\n            {\n                5;\n                printLine(\"Hello from bad()\");\n            }\n            if (StaticValue==598)\n            {\n                printLine(\"Hello from good()\");\n            }\n            if (StaticValue==410)\n            {\n                printLine(\"Hello from good()\");\n            }\n        }\n    }\n    if(StaticValue==424)\n    {\n        int socketDescriptor;\n        int connectionStatus = 0;\n        char networkBuffer[256];\n        for (socketDescriptor = 0; socketDescriptor < 5; socketDescriptor++) {\n            if (connectionStatus == 0) {\n                networkBuffer[socketDescriptor] = 'A';\n            } else {\n                networkBuffer[socketDescriptor] = '0';\n            }\n        }\n        printLine(\"Successful! Problem Resolved!\");\n    }\n}\n",
        "CWE_ID": "CWE398",
        "question": "Question: What happens if we replace the following original code snippet with the proposed variants? Will the vulnerability CWE398 be triggered, and how does it affect the functionality of the code?",
        "choices": {
            "A": "No, Function Preserved: The vulnerability CWE398 will not be triggered, and the original functionality is fully preserved.",
            "B": "No, Function Impaired: The vulnerability CWE398 will not be triggered, but the functionality of the original code is impaired.",
            "C": "Yes: The vulnerability CWE398 will still be triggered.",
            "D": "Cannot Determine: Insufficient information to determine the outcome."
        },
        "answer": "B",
        "distance": "inner_outer_0"
    },
    {
        "case_id": "CWE398_Poor_Code_Quality__five_01_bad",
        "org_code": "Original Code Snippet:\nvoid Sample_Func()\n{\n    5;\n    printLine(\"Hello from bad()\");\n}\n",
        "new_code": "Code Snippet Variant:\nstatic int StaticValue = 421;\nvoid Sample_Func()\n{\n    if (StaticValue==397)\n    {\n        {\n            5;\n            printLine(\"Hello from bad()\");\n        }\n    }\n    if (StaticValue==423)\n    {\n        {\n            printLine(\"Hello from good()\");\n        }\n    }\n    if (StaticValue==410)\n    {\n        {\n            if(410==410)\n            {\n                if (StaticValue==222)\n                {\n                    5;\n                    printLine(\"Hello from bad()\");\n                }\n            }\n            if(StaticValue==410)\n            {\n                if (StaticValue==598)\n                {\n                    printLine(\"Hello from good()\");\n                }\n            }\n            if (StaticValue==410)\n            {\n                printLine(\"Hello from good()\");\n            }\n        }\n    }\n    if(StaticValue==421)\n    {\n        int socketDescriptor;\n        int connectionStatus = 0;\n        char networkBuffer[256];\n        for (socketDescriptor = 0; socketDescriptor < 5; socketDescriptor++) {\n            if (connectionStatus == 0) {\n                networkBuffer[socketDescriptor] = 'A';\n            } else {\n                networkBuffer[socketDescriptor] = '0';\n            }\n        }\n        printLine(\"Successful! Problem Resolved!\");\n    }\n}\n",
        "CWE_ID": "CWE398",
        "question": "Question: What happens if we replace the following original code snippet with the proposed variants? Will the vulnerability CWE398 be triggered, and how does it affect the functionality of the code?",
        "choices": {
            "A": "No, Function Preserved: The vulnerability CWE398 will not be triggered, and the original functionality is fully preserved.",
            "B": "No, Function Impaired: The vulnerability CWE398 will not be triggered, but the functionality of the original code is impaired.",
            "C": "Yes: The vulnerability CWE398 will still be triggered.",
            "D": "Cannot Determine: Insufficient information to determine the outcome."
        },
        "answer": "B",
        "distance": "inner_outer_variant_0"
    },
    {
        "case_id": "CWE398_Poor_Code_Quality__five_01_bad",
        "org_code": "Original Code Snippet:\nvoid Sample_Func()\n{\n    5;\n    printLine(\"Hello from bad()\");\n}\n",
        "new_code": "Code Snippet Variant:\nstatic int StaticValue = 424;\nvoid Sample_Func()\n{\n    if (StaticValue==397)\n    {\n        {\n            5;\n            printLine(\"Hello from bad()\");\n        }\n    }\n    if (StaticValue==423)\n    {\n        {\n            printLine(\"Hello from good()\");\n        }\n    }\n    if (StaticValue==410)\n    {\n        {\n            printLine(\"Hello from good()\");\n        }\n    }\n    if(StaticValue==424)\n    {\n        int socketDescriptor;\n        int connectionStatus = 0;\n        char networkBuffer[256];\n        for (socketDescriptor = 0; socketDescriptor < 5; socketDescriptor++) {\n            if (connectionStatus == 0) {\n                networkBuffer[socketDescriptor] = 'A';\n            } else {\n                networkBuffer[socketDescriptor] = '0';\n            }\n        }\n        printLine(\"Successful! Problem Resolved!\");\n    }\n}\n",
        "CWE_ID": "CWE398",
        "question": "Question: What happens if we replace the following original code snippet with the proposed variants? Will the vulnerability CWE398 be triggered, and how does it affect the functionality of the code?",
        "choices": {
            "A": "No, Function Preserved: The vulnerability CWE398 will not be triggered, and the original functionality is fully preserved.",
            "B": "No, Function Impaired: The vulnerability CWE398 will not be triggered, but the functionality of the original code is impaired.",
            "C": "Yes: The vulnerability CWE398 will still be triggered.",
            "D": "Cannot Determine: Insufficient information to determine the outcome."
        },
        "answer": "B",
        "distance": "outer"
    },
    {
        "case_id": "CWE398_Poor_Code_Quality__five_01_bad",
        "org_code": "Original Code Snippet:\nvoid Sample_Func()\n{\n    5;\n    printLine(\"Hello from bad()\");\n}\n",
        "new_code": "Code Snippet Variant:\nstatic int StaticValue = 533;\nvoid Sample_Func()\n{\n    if (StaticValue==650)\n    {\n        5;\n        printLine(\"Hello from bad()\");\n    }\n    if (StaticValue==533)\n    {\n        5;\n        printLine(\"Hello from bad()\");\n    }\n    if (StaticValue==416)\n    {\n        printLine(\"Hello from good()\");\n    }\n}\n",
        "CWE_ID": "CWE398",
        "question": "Question: What happens if we replace the following original code snippet with the proposed variants? Will the vulnerability CWE398 be triggered, and how does it affect the functionality of the code?",
        "choices": {
            "A": "No, Function Preserved: The vulnerability CWE398 will not be triggered, and the original functionality is fully preserved.",
            "B": "No, Function Impaired: The vulnerability CWE398 will not be triggered, but the functionality of the original code is impaired.",
            "C": "Yes: The vulnerability CWE398 will still be triggered.",
            "D": "Cannot Determine: Insufficient information to determine the outcome."
        },
        "answer": "C",
        "distance": "inner_0"
    },
    {
        "case_id": "CWE398_Poor_Code_Quality__five_01_bad",
        "org_code": "Original Code Snippet:\nvoid Sample_Func()\n{\n    5;\n    printLine(\"Hello from bad()\");\n}\n",
        "new_code": "Code Snippet Variant:\nstatic int StaticValue = 533;\nvoid Sample_Func()\n{\n    if (StaticValue==533)\n    {\n        {\n            if (StaticValue==650)\n            {\n                5;\n                printLine(\"Hello from bad()\");\n            }\n            if (StaticValue==533)\n            {\n                5;\n                printLine(\"Hello from bad()\");\n            }\n            if (StaticValue==416)\n            {\n                printLine(\"Hello from good()\");\n            }\n        }\n    }\n    if (StaticValue==564)\n    {\n        {\n            5;\n            printLine(\"Hello from bad()\");\n        }\n    }\n    if (StaticValue==502)\n    {\n        {\n            printLine(\"Hello from good()\");\n        }\n    }\n}\n",
        "CWE_ID": "CWE398",
        "question": "Question: What happens if we replace the following original code snippet with the proposed variants? Will the vulnerability CWE398 be triggered, and how does it affect the functionality of the code?",
        "choices": {
            "A": "No, Function Preserved: The vulnerability CWE398 will not be triggered, and the original functionality is fully preserved.",
            "B": "No, Function Impaired: The vulnerability CWE398 will not be triggered, but the functionality of the original code is impaired.",
            "C": "Yes: The vulnerability CWE398 will still be triggered.",
            "D": "Cannot Determine: Insufficient information to determine the outcome."
        },
        "answer": "C",
        "distance": "inner_outer_0"
    },
    {
        "case_id": "CWE398_Poor_Code_Quality__five_01_bad",
        "org_code": "Original Code Snippet:\nvoid Sample_Func()\n{\n    5;\n    printLine(\"Hello from bad()\");\n}\n",
        "new_code": "Code Snippet Variant:\nstatic int StaticValue = 533;\nvoid Sample_Func()\n{\n    if (StaticValue==533)\n    {\n        {\n            if (StaticValue==650)\n            {\n                5;\n                printLine(\"Hello from bad()\");\n            }\n            if(1)\n            {\n                if (StaticValue==533)\n                {\n                    5;\n                    printLine(\"Hello from bad()\");\n                }\n            }\n            if(StaticValue==533)\n            {\n                if (StaticValue==416)\n                {\n                    printLine(\"Hello from good()\");\n                }\n            }\n        }\n    }\n    if (StaticValue==564)\n    {\n        {\n            5;\n            printLine(\"Hello from bad()\");\n        }\n    }\n    if (StaticValue==502)\n    {\n        {\n            printLine(\"Hello from good()\");\n        }\n    }\n}\n",
        "CWE_ID": "CWE398",
        "question": "Question: What happens if we replace the following original code snippet with the proposed variants? Will the vulnerability CWE398 be triggered, and how does it affect the functionality of the code?",
        "choices": {
            "A": "No, Function Preserved: The vulnerability CWE398 will not be triggered, and the original functionality is fully preserved.",
            "B": "No, Function Impaired: The vulnerability CWE398 will not be triggered, but the functionality of the original code is impaired.",
            "C": "Yes: The vulnerability CWE398 will still be triggered.",
            "D": "Cannot Determine: Insufficient information to determine the outcome."
        },
        "answer": "C",
        "distance": "inner_outer_variant_0"
    },
    {
        "case_id": "CWE398_Poor_Code_Quality__five_01_bad",
        "org_code": "Original Code Snippet:\nvoid Sample_Func()\n{\n    5;\n    printLine(\"Hello from bad()\");\n}\n",
        "new_code": "Code Snippet Variant:\nstatic int StaticValue = 533;\nvoid Sample_Func()\n{\n    if (StaticValue==650)\n    {\n        5;\n        printLine(\"Hello from bad()\");\n    }\n    if(533==533)\n    {\n        if (StaticValue==533)\n        {\n            5;\n            printLine(\"Hello from bad()\");\n        }\n    }\n    if(StaticValue==533)\n    {\n        if (StaticValue==416)\n        {\n            printLine(\"Hello from good()\");\n        }\n    }\n}\n",
        "CWE_ID": "CWE398",
        "question": "Question: What happens if we replace the following original code snippet with the proposed variants? Will the vulnerability CWE398 be triggered, and how does it affect the functionality of the code?",
        "choices": {
            "A": "No, Function Preserved: The vulnerability CWE398 will not be triggered, and the original functionality is fully preserved.",
            "B": "No, Function Impaired: The vulnerability CWE398 will not be triggered, but the functionality of the original code is impaired.",
            "C": "Yes: The vulnerability CWE398 will still be triggered.",
            "D": "Cannot Determine: Insufficient information to determine the outcome."
        },
        "answer": "C",
        "distance": "inner_variant_0"
    },
    {
        "case_id": "CWE398_Poor_Code_Quality__five_01_bad",
        "org_code": "Original Code Snippet:\nvoid Sample_Func()\n{\n    5;\n    printLine(\"Hello from bad()\");\n}\n",
        "new_code": "Code Snippet Variant:\nstatic int StaticValue = 533;\nvoid Sample_Func()\n{\n    if (StaticValue==533)\n    {\n        {\n            5;\n            printLine(\"Hello from bad()\");\n        }\n    }\n    if (StaticValue==564)\n    {\n        {\n            5;\n            printLine(\"Hello from bad()\");\n        }\n    }\n    if (StaticValue==502)\n    {\n        {\n            printLine(\"Hello from good()\");\n        }\n    }\n}\n",
        "CWE_ID": "CWE398",
        "question": "Question: What happens if we replace the following original code snippet with the proposed variants? Will the vulnerability CWE398 be triggered, and how does it affect the functionality of the code?",
        "choices": {
            "A": "No, Function Preserved: The vulnerability CWE398 will not be triggered, and the original functionality is fully preserved.",
            "B": "No, Function Impaired: The vulnerability CWE398 will not be triggered, but the functionality of the original code is impaired.",
            "C": "Yes: The vulnerability CWE398 will still be triggered.",
            "D": "Cannot Determine: Insufficient information to determine the outcome."
        },
        "answer": "C",
        "distance": "outer"
    }
]