[
    {
        "case_id": 7355,
        "code": "void CWE90_LDAP_Injection__w32_char_file_01_bad()\n{\n    char * data;\n    char dataBuffer[256] = \"\";\n    data = dataBuffer;\n    {\n        /* Read input from a file */\n        size_t dataLen = strlen(data);\n        FILE * pFile;\n        /* if there is room in data, attempt to read the input from a file */\n        if (256-dataLen > 1)\n        {\n            pFile = fopen(FILENAME, \"r\");\n            if (pFile != NULL)\n            {\n                /* POTENTIAL FLAW: Read data from a file */\n                if (fgets(data+dataLen, (int)(256-dataLen), pFile) == NULL)\n                {\n                    printLine(\"fgets() failed\");\n                    /* Restore NUL terminator if fgets fails */\n                    data[dataLen] = '\\0';\n                }\n                fclose(pFile);\n            }\n        }\n    }\n    {\n        LDAP* pLdapConnection = NULL;\n        ULONG connectSuccess = 0L;\n        ULONG searchSuccess = 0L;\n        LDAPMessage *pMessage = NULL;\n        char filter[256];\n        /* POTENTIAL FLAW: data concatenated into LDAP search, which could result in LDAP Injection*/\n        _snprintf(filter, 256-1, \"(cn=%s)\", data);\n        pLdapConnection = ldap_initA(\"localhost\", LDAP_PORT);\n        if (pLdapConnection == NULL)\n        {\n            printLine(\"Initialization failed\");\n            exit(1);\n        }\n        connectSuccess = ldap_connect(pLdapConnection, NULL);\n        if (connectSuccess != LDAP_SUCCESS)\n        {\n            printLine(\"Connection failed\");\n            exit(1);\n        }\n        searchSuccess = ldap_search_ext_sA(\n                            pLdapConnection,\n                            \"base\",\n                            LDAP_SCOPE_SUBTREE,\n                            filter,\n                            NULL,\n                            0,\n                            NULL,\n                            NULL,\n                            LDAP_NO_LIMIT,\n                            LDAP_NO_LIMIT,\n                            &pMessage);\n        if (searchSuccess != LDAP_SUCCESS)\n        {\n            printLine(\"Search failed\");\n            if (pMessage != NULL)\n            {\n                ldap_msgfree(pMessage);\n            }\n            exit(1);\n        }\n        /* Typically you would do something with the search results, but this is a test case and we can ignore them */\n        /* Free the results to avoid incidentals */\n        if (pMessage != NULL)\n        {\n            ldap_msgfree(pMessage);\n        }\n        /* Close the connection */\n        ldap_unbind(pLdapConnection);\n    }\n}",
        "question": "How does modifying the control structure `if (256-dataLen > 1)` affect the behavior or output of `fclose`?",
        "choices": {
            "A": "The modification of `if (256-dataLen > 1)` directly impacts the execution of `fclose` because its entire operation is controlled by `if (256-dataLen > 1)` and located within `if (256-dataLen > 1)`.",
            "B": "Modifying `if (256-dataLen > 1)` has no impact on the behavior or output of `fclose`.",
            "C": "The change of if (256-dataLen > 1) indirectly affects the execution of `fclose`, as the modifications in `if (256-dataLen > 1)` influence the arguments or conditions within `fclose`.",
            "D": "It is not possible to determine the effect without additional context."
        },
        "answer": "A",
        "distance": 1
    },
    {
        "case_id": 7355,
        "code": "void CWE90_LDAP_Injection__w32_char_file_01_bad()\n{\n    char * data;\n    char dataBuffer[256] = \"\";\n    data = dataBuffer;\n    {\n        /* Read input from a file */\n        size_t dataLen = strlen(data);\n        FILE * pFile;\n        /* if there is room in data, attempt to read the input from a file */\n        if (256-dataLen > 1)\n        {\n            pFile = fopen(FILENAME, \"r\");\n            if (pFile != NULL)\n            {\n                /* POTENTIAL FLAW: Read data from a file */\n                if (fgets(data+dataLen, (int)(256-dataLen), pFile) == NULL)\n                {\n                    printLine(\"fgets() failed\");\n                    /* Restore NUL terminator if fgets fails */\n                    data[dataLen] = '\\0';\n                }\n                fclose(pFile);\n            }\n        }\n    }\n    {\n        LDAP* pLdapConnection = NULL;\n        ULONG connectSuccess = 0L;\n        ULONG searchSuccess = 0L;\n        LDAPMessage *pMessage = NULL;\n        char filter[256];\n        /* POTENTIAL FLAW: data concatenated into LDAP search, which could result in LDAP Injection*/\n        _snprintf(filter, 256-1, \"(cn=%s)\", data);\n        pLdapConnection = ldap_initA(\"localhost\", LDAP_PORT);\n        if (pLdapConnection == NULL)\n        {\n            printLine(\"Initialization failed\");\n            exit(1);\n        }\n        connectSuccess = ldap_connect(pLdapConnection, NULL);\n        if (connectSuccess != LDAP_SUCCESS)\n        {\n            printLine(\"Connection failed\");\n            exit(1);\n        }\n        searchSuccess = ldap_search_ext_sA(\n                            pLdapConnection,\n                            \"base\",\n                            LDAP_SCOPE_SUBTREE,\n                            filter,\n                            NULL,\n                            0,\n                            NULL,\n                            NULL,\n                            LDAP_NO_LIMIT,\n                            LDAP_NO_LIMIT,\n                            &pMessage);\n        if (searchSuccess != LDAP_SUCCESS)\n        {\n            printLine(\"Search failed\");\n            if (pMessage != NULL)\n            {\n                ldap_msgfree(pMessage);\n            }\n            exit(1);\n        }\n        /* Typically you would do something with the search results, but this is a test case and we can ignore them */\n        /* Free the results to avoid incidentals */\n        if (pMessage != NULL)\n        {\n            ldap_msgfree(pMessage);\n        }\n        /* Close the connection */\n        ldap_unbind(pLdapConnection);\n    }\n}",
        "question": "How does modifying the control structure `if (256-dataLen > 1)` affect the behavior or output of `fopen`?",
        "choices": {
            "A": "The modification of `if (256-dataLen > 1)` directly impacts the execution of `fopen` because its entire operation is controlled by `if (256-dataLen > 1)` and located within `if (256-dataLen > 1)`.",
            "B": "Modifying `if (256-dataLen > 1)` has no impact on the behavior or output of `fopen`.",
            "C": "The change of if (256-dataLen > 1) indirectly affects the execution of `fopen`, as the modifications in `if (256-dataLen > 1)` influence the arguments or conditions within `fopen`.",
            "D": "It is not possible to determine the effect without additional context."
        },
        "answer": "A",
        "distance": 1
    },
    {
        "case_id": 7355,
        "code": "void CWE90_LDAP_Injection__w32_char_file_01_bad()\n{\n    char * data;\n    char dataBuffer[256] = \"\";\n    data = dataBuffer;\n    {\n        /* Read input from a file */\n        size_t dataLen = strlen(data);\n        FILE * pFile;\n        /* if there is room in data, attempt to read the input from a file */\n        if (256-dataLen > 1)\n        {\n            pFile = fopen(FILENAME, \"r\");\n            if (pFile != NULL)\n            {\n                /* POTENTIAL FLAW: Read data from a file */\n                if (fgets(data+dataLen, (int)(256-dataLen), pFile) == NULL)\n                {\n                    printLine(\"fgets() failed\");\n                    /* Restore NUL terminator if fgets fails */\n                    data[dataLen] = '\\0';\n                }\n                fclose(pFile);\n            }\n        }\n    }\n    {\n        LDAP* pLdapConnection = NULL;\n        ULONG connectSuccess = 0L;\n        ULONG searchSuccess = 0L;\n        LDAPMessage *pMessage = NULL;\n        char filter[256];\n        /* POTENTIAL FLAW: data concatenated into LDAP search, which could result in LDAP Injection*/\n        _snprintf(filter, 256-1, \"(cn=%s)\", data);\n        pLdapConnection = ldap_initA(\"localhost\", LDAP_PORT);\n        if (pLdapConnection == NULL)\n        {\n            printLine(\"Initialization failed\");\n            exit(1);\n        }\n        connectSuccess = ldap_connect(pLdapConnection, NULL);\n        if (connectSuccess != LDAP_SUCCESS)\n        {\n            printLine(\"Connection failed\");\n            exit(1);\n        }\n        searchSuccess = ldap_search_ext_sA(\n                            pLdapConnection,\n                            \"base\",\n                            LDAP_SCOPE_SUBTREE,\n                            filter,\n                            NULL,\n                            0,\n                            NULL,\n                            NULL,\n                            LDAP_NO_LIMIT,\n                            LDAP_NO_LIMIT,\n                            &pMessage);\n        if (searchSuccess != LDAP_SUCCESS)\n        {\n            printLine(\"Search failed\");\n            if (pMessage != NULL)\n            {\n                ldap_msgfree(pMessage);\n            }\n            exit(1);\n        }\n        /* Typically you would do something with the search results, but this is a test case and we can ignore them */\n        /* Free the results to avoid incidentals */\n        if (pMessage != NULL)\n        {\n            ldap_msgfree(pMessage);\n        }\n        /* Close the connection */\n        ldap_unbind(pLdapConnection);\n    }\n}",
        "question": "How does modifying the control structure `if (pFile != NULL)` affect the behavior or output of `strlen`?",
        "choices": {
            "A": "The modification of `if (pFile != NULL)` directly impacts the execution of `strlen` because its entire operation is controlled by `if (pFile != NULL)` and located within `if (pFile != NULL)`.",
            "B": "Modifying `if (pFile != NULL)` has no impact on the behavior or output of `strlen`.",
            "C": "The change of if (pFile != NULL) indirectly affects the execution of `strlen`, as the modifications in `if (pFile != NULL)` influence the arguments or conditions within `strlen`.",
            "D": "It is not possible to determine the effect without additional context."
        },
        "answer": "B",
        "distance": 0
    },
    {
        "case_id": 7355,
        "code": "void CWE90_LDAP_Injection__w32_char_file_01_bad()\n{\n    char * data;\n    char dataBuffer[256] = \"\";\n    data = dataBuffer;\n    {\n        /* Read input from a file */\n        size_t dataLen = strlen(data);\n        FILE * pFile;\n        /* if there is room in data, attempt to read the input from a file */\n        if (256-dataLen > 1)\n        {\n            pFile = fopen(FILENAME, \"r\");\n            if (pFile != NULL)\n            {\n                /* POTENTIAL FLAW: Read data from a file */\n                if (fgets(data+dataLen, (int)(256-dataLen), pFile) == NULL)\n                {\n                    printLine(\"fgets() failed\");\n                    /* Restore NUL terminator if fgets fails */\n                    data[dataLen] = '\\0';\n                }\n                fclose(pFile);\n            }\n        }\n    }\n    {\n        LDAP* pLdapConnection = NULL;\n        ULONG connectSuccess = 0L;\n        ULONG searchSuccess = 0L;\n        LDAPMessage *pMessage = NULL;\n        char filter[256];\n        /* POTENTIAL FLAW: data concatenated into LDAP search, which could result in LDAP Injection*/\n        _snprintf(filter, 256-1, \"(cn=%s)\", data);\n        pLdapConnection = ldap_initA(\"localhost\", LDAP_PORT);\n        if (pLdapConnection == NULL)\n        {\n            printLine(\"Initialization failed\");\n            exit(1);\n        }\n        connectSuccess = ldap_connect(pLdapConnection, NULL);\n        if (connectSuccess != LDAP_SUCCESS)\n        {\n            printLine(\"Connection failed\");\n            exit(1);\n        }\n        searchSuccess = ldap_search_ext_sA(\n                            pLdapConnection,\n                            \"base\",\n                            LDAP_SCOPE_SUBTREE,\n                            filter,\n                            NULL,\n                            0,\n                            NULL,\n                            NULL,\n                            LDAP_NO_LIMIT,\n                            LDAP_NO_LIMIT,\n                            &pMessage);\n        if (searchSuccess != LDAP_SUCCESS)\n        {\n            printLine(\"Search failed\");\n            if (pMessage != NULL)\n            {\n                ldap_msgfree(pMessage);\n            }\n            exit(1);\n        }\n        /* Typically you would do something with the search results, but this is a test case and we can ignore them */\n        /* Free the results to avoid incidentals */\n        if (pMessage != NULL)\n        {\n            ldap_msgfree(pMessage);\n        }\n        /* Close the connection */\n        ldap_unbind(pLdapConnection);\n    }\n}",
        "question": "How does modifying the control structure `if (pFile != NULL)` affect the behavior or output of `ldap_initA`?",
        "choices": {
            "A": "The modification of `if (pFile != NULL)` directly impacts the execution of `ldap_initA` because its entire operation is controlled by `if (pFile != NULL)` and located within `if (pFile != NULL)`.",
            "B": "Modifying `if (pFile != NULL)` has no impact on the behavior or output of `ldap_initA`.",
            "C": "The change of if (pFile != NULL) indirectly affects the execution of `ldap_initA`, as the modifications in `if (pFile != NULL)` influence the arguments or conditions within `ldap_initA`.",
            "D": "It is not possible to determine the effect without additional context."
        },
        "answer": "B",
        "distance": 0
    },
    {
        "case_id": 7355,
        "code": "void CWE90_LDAP_Injection__w32_char_file_01_bad()\n{\n    char * data;\n    char dataBuffer[256] = \"\";\n    data = dataBuffer;\n    {\n        /* Read input from a file */\n        size_t dataLen = strlen(data);\n        FILE * pFile;\n        /* if there is room in data, attempt to read the input from a file */\n        if (256-dataLen > 1)\n        {\n            pFile = fopen(FILENAME, \"r\");\n            if (pFile != NULL)\n            {\n                /* POTENTIAL FLAW: Read data from a file */\n                if (fgets(data+dataLen, (int)(256-dataLen), pFile) == NULL)\n                {\n                    printLine(\"fgets() failed\");\n                    /* Restore NUL terminator if fgets fails */\n                    data[dataLen] = '\\0';\n                }\n                fclose(pFile);\n            }\n        }\n    }\n    {\n        LDAP* pLdapConnection = NULL;\n        ULONG connectSuccess = 0L;\n        ULONG searchSuccess = 0L;\n        LDAPMessage *pMessage = NULL;\n        char filter[256];\n        /* POTENTIAL FLAW: data concatenated into LDAP search, which could result in LDAP Injection*/\n        _snprintf(filter, 256-1, \"(cn=%s)\", data);\n        pLdapConnection = ldap_initA(\"localhost\", LDAP_PORT);\n        if (pLdapConnection == NULL)\n        {\n            printLine(\"Initialization failed\");\n            exit(1);\n        }\n        connectSuccess = ldap_connect(pLdapConnection, NULL);\n        if (connectSuccess != LDAP_SUCCESS)\n        {\n            printLine(\"Connection failed\");\n            exit(1);\n        }\n        searchSuccess = ldap_search_ext_sA(\n                            pLdapConnection,\n                            \"base\",\n                            LDAP_SCOPE_SUBTREE,\n                            filter,\n                            NULL,\n                            0,\n                            NULL,\n                            NULL,\n                            LDAP_NO_LIMIT,\n                            LDAP_NO_LIMIT,\n                            &pMessage);\n        if (searchSuccess != LDAP_SUCCESS)\n        {\n            printLine(\"Search failed\");\n            if (pMessage != NULL)\n            {\n                ldap_msgfree(pMessage);\n            }\n            exit(1);\n        }\n        /* Typically you would do something with the search results, but this is a test case and we can ignore them */\n        /* Free the results to avoid incidentals */\n        if (pMessage != NULL)\n        {\n            ldap_msgfree(pMessage);\n        }\n        /* Close the connection */\n        ldap_unbind(pLdapConnection);\n    }\n}",
        "question": "How does modifying the control structure `if (pFile != NULL)` affect the behavior or output of `ldap_search_ext_sA`?",
        "choices": {
            "A": "The modification of `if (pFile != NULL)` directly impacts the execution of `ldap_search_ext_sA` because its entire operation is controlled by `if (pFile != NULL)` and located within `if (pFile != NULL)`.",
            "B": "Modifying `if (pFile != NULL)` has no impact on the behavior or output of `ldap_search_ext_sA`.",
            "C": "The change of if (pFile != NULL) indirectly affects the execution of `ldap_search_ext_sA`, as the modifications in `if (pFile != NULL)` influence the arguments or conditions within `ldap_search_ext_sA`.",
            "D": "It is not possible to determine the effect without additional context."
        },
        "answer": "B",
        "distance": 0
    },
    {
        "case_id": 7355,
        "code": "void CWE90_LDAP_Injection__w32_char_file_01_bad()\n{\n    char * data;\n    char dataBuffer[256] = \"\";\n    data = dataBuffer;\n    {\n        /* Read input from a file */\n        size_t dataLen = strlen(data);\n        FILE * pFile;\n        /* if there is room in data, attempt to read the input from a file */\n        if (256-dataLen > 1)\n        {\n            pFile = fopen(FILENAME, \"r\");\n            if (pFile != NULL)\n            {\n                /* POTENTIAL FLAW: Read data from a file */\n                if (fgets(data+dataLen, (int)(256-dataLen), pFile) == NULL)\n                {\n                    printLine(\"fgets() failed\");\n                    /* Restore NUL terminator if fgets fails */\n                    data[dataLen] = '\\0';\n                }\n                fclose(pFile);\n            }\n        }\n    }\n    {\n        LDAP* pLdapConnection = NULL;\n        ULONG connectSuccess = 0L;\n        ULONG searchSuccess = 0L;\n        LDAPMessage *pMessage = NULL;\n        char filter[256];\n        /* POTENTIAL FLAW: data concatenated into LDAP search, which could result in LDAP Injection*/\n        _snprintf(filter, 256-1, \"(cn=%s)\", data);\n        pLdapConnection = ldap_initA(\"localhost\", LDAP_PORT);\n        if (pLdapConnection == NULL)\n        {\n            printLine(\"Initialization failed\");\n            exit(1);\n        }\n        connectSuccess = ldap_connect(pLdapConnection, NULL);\n        if (connectSuccess != LDAP_SUCCESS)\n        {\n            printLine(\"Connection failed\");\n            exit(1);\n        }\n        searchSuccess = ldap_search_ext_sA(\n                            pLdapConnection,\n                            \"base\",\n                            LDAP_SCOPE_SUBTREE,\n                            filter,\n                            NULL,\n                            0,\n                            NULL,\n                            NULL,\n                            LDAP_NO_LIMIT,\n                            LDAP_NO_LIMIT,\n                            &pMessage);\n        if (searchSuccess != LDAP_SUCCESS)\n        {\n            printLine(\"Search failed\");\n            if (pMessage != NULL)\n            {\n                ldap_msgfree(pMessage);\n            }\n            exit(1);\n        }\n        /* Typically you would do something with the search results, but this is a test case and we can ignore them */\n        /* Free the results to avoid incidentals */\n        if (pMessage != NULL)\n        {\n            ldap_msgfree(pMessage);\n        }\n        /* Close the connection */\n        ldap_unbind(pLdapConnection);\n    }\n}",
        "question": "How does modifying the control structure `if (pFile != NULL)` affect the behavior or output of `ldap_unbind`?",
        "choices": {
            "A": "The modification of `if (pFile != NULL)` directly impacts the execution of `ldap_unbind` because its entire operation is controlled by `if (pFile != NULL)` and located within `if (pFile != NULL)`.",
            "B": "Modifying `if (pFile != NULL)` has no impact on the behavior or output of `ldap_unbind`.",
            "C": "The change of if (pFile != NULL) indirectly affects the execution of `ldap_unbind`, as the modifications in `if (pFile != NULL)` influence the arguments or conditions within `ldap_unbind`.",
            "D": "It is not possible to determine the effect without additional context."
        },
        "answer": "B",
        "distance": 0
    }
]