[
    {
        "case_id": 2310,
        "code": "void CWE284_Improper_Access_Control__w32_char_CreateFile_01_bad()\n{\n    {\n        HANDLE hFile;\n        char * fileName = \"C:\\\\temp\\\\file.txt\";\n        /* FLAW: Call CreateFileA() with FILE_ALL_ACCESS as the 2nd parameter */\n        hFile = CreateFileA(\n                    fileName,\n                    FILE_ALL_ACCESS,\n                    FILE_SHARE_READ,\n                    NULL,\n                    CREATE_NEW,\n                    FILE_ATTRIBUTE_NORMAL,\n                    NULL);\n        if (hFile == INVALID_HANDLE_VALUE)\n        {\n            printLine(\"File could not be created\");\n        }\n        else\n        {\n            printLine(\"File created successfully\");\n            CloseHandle(hFile);\n        }\n    }\n}",
        "question": "How does modifying the control structure `if (hFile == INVALID_HANDLE_VALUE)` affect the behavior or output of `CloseHandle`?",
        "choices": {
            "A": "The modification of `if (hFile == INVALID_HANDLE_VALUE)` directly impacts the execution of `CloseHandle` because its entire operation is controlled by `if (hFile == INVALID_HANDLE_VALUE)` and located within `if (hFile == INVALID_HANDLE_VALUE)`.",
            "B": "Modifying `if (hFile == INVALID_HANDLE_VALUE)` has no impact on the behavior or output of `CloseHandle`.",
            "C": "The change of if (hFile == INVALID_HANDLE_VALUE) indirectly affects the execution of `CloseHandle`, as the modifications in `if (hFile == INVALID_HANDLE_VALUE)` influence the arguments or conditions within `CloseHandle`.",
            "D": "It is not possible to determine the effect without additional context."
        },
        "answer": "A",
        "distance": 2
    },
    {
        "case_id": 2310,
        "code": "void CWE284_Improper_Access_Control__w32_char_CreateFile_01_bad()\n{\n    {\n        HANDLE hFile;\n        char * fileName = \"C:\\\\temp\\\\file.txt\";\n        /* FLAW: Call CreateFileA() with FILE_ALL_ACCESS as the 2nd parameter */\n        hFile = CreateFileA(\n                    fileName,\n                    FILE_ALL_ACCESS,\n                    FILE_SHARE_READ,\n                    NULL,\n                    CREATE_NEW,\n                    FILE_ATTRIBUTE_NORMAL,\n                    NULL);\n        if (hFile == INVALID_HANDLE_VALUE)\n        {\n            printLine(\"File could not be created\");\n        }\n        else\n        {\n            printLine(\"File created successfully\");\n            CloseHandle(hFile);\n        }\n    }\n}",
        "question": "How does modifying the control structure `else` affect the behavior or output of `CloseHandle`?",
        "choices": {
            "A": "The modification of `else` directly impacts the execution of `CloseHandle` because its entire operation is controlled by `else` and located within `else`.",
            "B": "Modifying `else` has no impact on the behavior or output of `CloseHandle`.",
            "C": "The change of else indirectly affects the execution of `CloseHandle`, as the modifications in `else` influence the arguments or conditions within `CloseHandle`.",
            "D": "It is not possible to determine the effect without additional context."
        },
        "answer": "A",
        "distance": 1
    },
    {
        "case_id": 2310,
        "code": "void CWE284_Improper_Access_Control__w32_char_CreateFile_01_bad()\n{\n    {\n        HANDLE hFile;\n        char * fileName = \"C:\\\\temp\\\\file.txt\";\n        /* FLAW: Call CreateFileA() with FILE_ALL_ACCESS as the 2nd parameter */\n        hFile = CreateFileA(\n                    fileName,\n                    FILE_ALL_ACCESS,\n                    FILE_SHARE_READ,\n                    NULL,\n                    CREATE_NEW,\n                    FILE_ATTRIBUTE_NORMAL,\n                    NULL);\n        if (hFile == INVALID_HANDLE_VALUE)\n        {\n            printLine(\"File could not be created\");\n        }\n        else\n        {\n            printLine(\"File created successfully\");\n            CloseHandle(hFile);\n        }\n    }\n}",
        "question": "How does modifying the control structure `else` affect the behavior or output of `CreateFileA`?",
        "choices": {
            "A": "The modification of `else` directly impacts the execution of `CreateFileA` because its entire operation is controlled by `else` and located within `else`.",
            "B": "Modifying `else` has no impact on the behavior or output of `CreateFileA`.",
            "C": "The change of else indirectly affects the execution of `CreateFileA`, as the modifications in `else` influence the arguments or conditions within `CreateFileA`.",
            "D": "It is not possible to determine the effect without additional context."
        },
        "answer": "B",
        "distance": 0
    },
    {
        "case_id": 2310,
        "code": "void CWE284_Improper_Access_Control__w32_char_CreateFile_01_bad()\n{\n    {\n        HANDLE hFile;\n        char * fileName = \"C:\\\\temp\\\\file.txt\";\n        /* FLAW: Call CreateFileA() with FILE_ALL_ACCESS as the 2nd parameter */\n        hFile = CreateFileA(\n                    fileName,\n                    FILE_ALL_ACCESS,\n                    FILE_SHARE_READ,\n                    NULL,\n                    CREATE_NEW,\n                    FILE_ATTRIBUTE_NORMAL,\n                    NULL);\n        if (hFile == INVALID_HANDLE_VALUE)\n        {\n            printLine(\"File could not be created\");\n        }\n        else\n        {\n            printLine(\"File created successfully\");\n            CloseHandle(hFile);\n        }\n    }\n}",
        "question": "How does modifying the control structure `if (hFile == INVALID_HANDLE_VALUE)` affect the behavior or output of `CreateFileA`?",
        "choices": {
            "A": "The modification of `if (hFile == INVALID_HANDLE_VALUE)` directly impacts the execution of `CreateFileA` because its entire operation is controlled by `if (hFile == INVALID_HANDLE_VALUE)` and located within `if (hFile == INVALID_HANDLE_VALUE)`.",
            "B": "Modifying `if (hFile == INVALID_HANDLE_VALUE)` has no impact on the behavior or output of `CreateFileA`.",
            "C": "The change of if (hFile == INVALID_HANDLE_VALUE) indirectly affects the execution of `CreateFileA`, as the modifications in `if (hFile == INVALID_HANDLE_VALUE)` influence the arguments or conditions within `CreateFileA`.",
            "D": "It is not possible to determine the effect without additional context."
        },
        "answer": "B",
        "distance": 0
    }
]