[
    {
        "case_id": 3663,
        "code": "void CWE426_Untrusted_Search_Path__char_popen_01_bad()\n{\n    char * data;\n    char dataBuffer[100] = \"\";\n    data = dataBuffer;\n    /* FLAW: the full path is not specified */\n    strcpy(data, BAD_OS_COMMAND);\n    {\n        FILE *pipe;\n        /* POTENTIAL FLAW: Executing the popen() function without specifying the full path to the executable\n         * can allow an attacker to run their own program */\n        pipe = POPEN(data, \"wb\");\n        if (pipe != NULL)\n        {\n            PCLOSE(pipe);\n        }\n    }\n}",
        "question": "How does modifying the control structure `if (pipe != NULL)` affect the behavior or output of `PCLOSE`?",
        "choices": {
            "A": "The modification of `if (pipe != NULL)` directly impacts the execution of `PCLOSE` because its entire operation is controlled by `if (pipe != NULL)` and located within `if (pipe != NULL)`.",
            "B": "Modifying `if (pipe != NULL)` has no impact on the behavior or output of `PCLOSE`.",
            "C": "The change of if (pipe != NULL) indirectly affects the execution of `PCLOSE`, as the modifications in `if (pipe != NULL)` influence the arguments or conditions within `PCLOSE`.",
            "D": "It is not possible to determine the effect without additional context."
        },
        "answer": "A",
        "distance": 1
    },
    {
        "case_id": 3663,
        "code": "void CWE426_Untrusted_Search_Path__char_popen_01_bad()\n{\n    char * data;\n    char dataBuffer[100] = \"\";\n    data = dataBuffer;\n    /* FLAW: the full path is not specified */\n    strcpy(data, BAD_OS_COMMAND);\n    {\n        FILE *pipe;\n        /* POTENTIAL FLAW: Executing the popen() function without specifying the full path to the executable\n         * can allow an attacker to run their own program */\n        pipe = POPEN(data, \"wb\");\n        if (pipe != NULL)\n        {\n            PCLOSE(pipe);\n        }\n    }\n}",
        "question": "How does modifying the control structure `if (pipe != NULL)` affect the behavior or output of `POPEN`?",
        "choices": {
            "A": "The modification of `if (pipe != NULL)` directly impacts the execution of `POPEN` because its entire operation is controlled by `if (pipe != NULL)` and located within `if (pipe != NULL)`.",
            "B": "Modifying `if (pipe != NULL)` has no impact on the behavior or output of `POPEN`.",
            "C": "The change of if (pipe != NULL) indirectly affects the execution of `POPEN`, as the modifications in `if (pipe != NULL)` influence the arguments or conditions within `POPEN`.",
            "D": "It is not possible to determine the effect without additional context."
        },
        "answer": "B",
        "distance": 0
    },
    {
        "case_id": 3663,
        "code": "void CWE426_Untrusted_Search_Path__char_popen_01_bad()\n{\n    char * data;\n    char dataBuffer[100] = \"\";\n    data = dataBuffer;\n    /* FLAW: the full path is not specified */\n    strcpy(data, BAD_OS_COMMAND);\n    {\n        FILE *pipe;\n        /* POTENTIAL FLAW: Executing the popen() function without specifying the full path to the executable\n         * can allow an attacker to run their own program */\n        pipe = POPEN(data, \"wb\");\n        if (pipe != NULL)\n        {\n            PCLOSE(pipe);\n        }\n    }\n}",
        "question": "How does modifying the control structure `if (pipe != NULL)` affect the behavior or output of `strcpy`?",
        "choices": {
            "A": "The modification of `if (pipe != NULL)` directly impacts the execution of `strcpy` because its entire operation is controlled by `if (pipe != NULL)` and located within `if (pipe != NULL)`.",
            "B": "Modifying `if (pipe != NULL)` has no impact on the behavior or output of `strcpy`.",
            "C": "The change of if (pipe != NULL) indirectly affects the execution of `strcpy`, as the modifications in `if (pipe != NULL)` influence the arguments or conditions within `strcpy`.",
            "D": "It is not possible to determine the effect without additional context."
        },
        "answer": "B",
        "distance": 0
    }
]