[
    {
        "case_id": 7083,
        "code": "void CWE773_Missing_Reference_to_Active_File_Descriptor_or_Handle__w32CreateFile_01_bad()\n{\n    HANDLE data;\n    /* Initialize data */\n    data = INVALID_HANDLE_VALUE;\n    /* POTENTIAL FLAW: Create a file handle using CreateFile() that may not be closed properly */\n    data = CreateFile(\"BadSource_w32CreateFile.txt\",\n                      (GENERIC_WRITE|GENERIC_READ),\n                      0,\n                      NULL,\n                      OPEN_ALWAYS,\n                      FILE_ATTRIBUTE_NORMAL,\n                      NULL);\n    /* FLAW: Point data to another file handle without closing the handle from the source */\n    data = CreateFile(\"BadSink_w32CreateFile.txt\",\n                      (GENERIC_WRITE|GENERIC_READ),\n                      0,\n                      NULL,\n                      OPEN_ALWAYS,\n                      FILE_ATTRIBUTE_NORMAL,\n                      NULL);\n    /* avoid incidental for not closing the file handle */\n    if (data != INVALID_HANDLE_VALUE)\n    {\n        CloseHandle(data);\n    }\n}",
        "question": "How does modifying the control structure `if (data != INVALID_HANDLE_VALUE)` affect the behavior or output of `CloseHandle`?",
        "choices": {
            "A": "The modification of `if (data != INVALID_HANDLE_VALUE)` directly impacts the execution of `CloseHandle` because its entire operation is controlled by `if (data != INVALID_HANDLE_VALUE)` and located within `if (data != INVALID_HANDLE_VALUE)`.",
            "B": "Modifying `if (data != INVALID_HANDLE_VALUE)` has no impact on the behavior or output of `CloseHandle`.",
            "C": "The change of if (data != INVALID_HANDLE_VALUE) indirectly affects the execution of `CloseHandle`, as the modifications in `if (data != INVALID_HANDLE_VALUE)` influence the arguments or conditions within `CloseHandle`.",
            "D": "It is not possible to determine the effect without additional context."
        },
        "answer": "A",
        "distance": 1
    }
]