[
    {
        "case_id": 4890,
        "code": "void CWE535_Info_Exposure_Shell_Error__w32_wchar_t_01_bad()\n{\n    {\n        wchar_t password[100] = L\"\";\n        size_t passwordLen = 0;\n        HANDLE pHandle;\n        wchar_t * username = L\"User\";\n        wchar_t * domain = L\"Domain\";\n        if (fgetws(password, 100, stdin) == NULL)\n        {\n            printLine(\"fgetws() failed\");\n            /* Restore NUL terminator if fgetws fails */\n            password[0] = L'\\0';\n        }\n        /* Remove the carriage return from the string that is inserted by fgetws() */\n        passwordLen = wcslen(password);\n        if (passwordLen > 0)\n        {\n            password[passwordLen-1] = L'\\0';\n        }\n        /* Use the password in LogonUser() to establish that it is \"sensitive\" */\n        if (LogonUserW(\n                    username,\n                    domain,\n                    password,\n                    LOGON32_LOGON_NETWORK,\n                    LOGON32_PROVIDER_DEFAULT,\n                    &pHandle) != 0)\n        {\n            printLine(\"User logged in successfully.\");\n            CloseHandle(pHandle);\n        }\n        else\n        {\n            printLine(\"Unable to login.\");\n        }\n        /* FLAW: Write sensitive data to stderr */\n        fwprintf(stderr, L\"User attempted access with password: %s\\n\", password);\n    }\n}",
        "question": "How does modifying the control structure `if (LogonUserW(username,domain,password,LOGON32_LOGON_NETWORK,LOGON32_PROVIDER_DEFAULT,&pHandle) != 0)` affect the behavior or output of `CloseHandle`?",
        "choices": {
            "A": "The modification of `if (LogonUserW(username,domain,password,LOGON32_LOGON_NETWORK,LOGON32_PROVIDER_DEFAULT,&pHandle) != 0)` directly impacts the execution of `CloseHandle` because its entire operation is controlled by `if (LogonUserW(username,domain,password,LOGON32_LOGON_NETWORK,LOGON32_PROVIDER_DEFAULT,&pHandle) != 0)` and located within `if (LogonUserW(username,domain,password,LOGON32_LOGON_NETWORK,LOGON32_PROVIDER_DEFAULT,&pHandle) != 0)`.",
            "B": "Modifying `if (LogonUserW(username,domain,password,LOGON32_LOGON_NETWORK,LOGON32_PROVIDER_DEFAULT,&pHandle) != 0)` has no impact on the behavior or output of `CloseHandle`.",
            "C": "The change of if (LogonUserW(username,domain,password,LOGON32_LOGON_NETWORK,LOGON32_PROVIDER_DEFAULT,&pHandle) != 0) indirectly affects the execution of `CloseHandle`, as the modifications in `if (LogonUserW(username,domain,password,LOGON32_LOGON_NETWORK,LOGON32_PROVIDER_DEFAULT,&pHandle) != 0)` influence the arguments or conditions within `CloseHandle`.",
            "D": "It is not possible to determine the effect without additional context."
        },
        "answer": "A",
        "distance": 1
    },
    {
        "case_id": 4890,
        "code": "void CWE535_Info_Exposure_Shell_Error__w32_wchar_t_01_bad()\n{\n    {\n        wchar_t password[100] = L\"\";\n        size_t passwordLen = 0;\n        HANDLE pHandle;\n        wchar_t * username = L\"User\";\n        wchar_t * domain = L\"Domain\";\n        if (fgetws(password, 100, stdin) == NULL)\n        {\n            printLine(\"fgetws() failed\");\n            /* Restore NUL terminator if fgetws fails */\n            password[0] = L'\\0';\n        }\n        /* Remove the carriage return from the string that is inserted by fgetws() */\n        passwordLen = wcslen(password);\n        if (passwordLen > 0)\n        {\n            password[passwordLen-1] = L'\\0';\n        }\n        /* Use the password in LogonUser() to establish that it is \"sensitive\" */\n        if (LogonUserW(\n                    username,\n                    domain,\n                    password,\n                    LOGON32_LOGON_NETWORK,\n                    LOGON32_PROVIDER_DEFAULT,\n                    &pHandle) != 0)\n        {\n            printLine(\"User logged in successfully.\");\n            CloseHandle(pHandle);\n        }\n        else\n        {\n            printLine(\"Unable to login.\");\n        }\n        /* FLAW: Write sensitive data to stderr */\n        fwprintf(stderr, L\"User attempted access with password: %s\\n\", password);\n    }\n}",
        "question": "How does modifying the control structure `else` affect the behavior or output of `CloseHandle`?",
        "choices": {
            "A": "The modification of `else` directly impacts the execution of `CloseHandle` because its entire operation is controlled by `else` and located within `else`.",
            "B": "Modifying `else` has no impact on the behavior or output of `CloseHandle`.",
            "C": "The change of else indirectly affects the execution of `CloseHandle`, as the modifications in `else` influence the arguments or conditions within `CloseHandle`.",
            "D": "It is not possible to determine the effect without additional context."
        },
        "answer": "B",
        "distance": 0
    },
    {
        "case_id": 4890,
        "code": "void CWE535_Info_Exposure_Shell_Error__w32_wchar_t_01_bad()\n{\n    {\n        wchar_t password[100] = L\"\";\n        size_t passwordLen = 0;\n        HANDLE pHandle;\n        wchar_t * username = L\"User\";\n        wchar_t * domain = L\"Domain\";\n        if (fgetws(password, 100, stdin) == NULL)\n        {\n            printLine(\"fgetws() failed\");\n            /* Restore NUL terminator if fgetws fails */\n            password[0] = L'\\0';\n        }\n        /* Remove the carriage return from the string that is inserted by fgetws() */\n        passwordLen = wcslen(password);\n        if (passwordLen > 0)\n        {\n            password[passwordLen-1] = L'\\0';\n        }\n        /* Use the password in LogonUser() to establish that it is \"sensitive\" */\n        if (LogonUserW(\n                    username,\n                    domain,\n                    password,\n                    LOGON32_LOGON_NETWORK,\n                    LOGON32_PROVIDER_DEFAULT,\n                    &pHandle) != 0)\n        {\n            printLine(\"User logged in successfully.\");\n            CloseHandle(pHandle);\n        }\n        else\n        {\n            printLine(\"Unable to login.\");\n        }\n        /* FLAW: Write sensitive data to stderr */\n        fwprintf(stderr, L\"User attempted access with password: %s\\n\", password);\n    }\n}",
        "question": "How does modifying the control structure `else` affect the behavior or output of `wcslen`?",
        "choices": {
            "A": "The modification of `else` directly impacts the execution of `wcslen` because its entire operation is controlled by `else` and located within `else`.",
            "B": "Modifying `else` has no impact on the behavior or output of `wcslen`.",
            "C": "The change of else indirectly affects the execution of `wcslen`, as the modifications in `else` influence the arguments or conditions within `wcslen`.",
            "D": "It is not possible to determine the effect without additional context."
        },
        "answer": "B",
        "distance": 0
    },
    {
        "case_id": 4890,
        "code": "void CWE535_Info_Exposure_Shell_Error__w32_wchar_t_01_bad()\n{\n    {\n        wchar_t password[100] = L\"\";\n        size_t passwordLen = 0;\n        HANDLE pHandle;\n        wchar_t * username = L\"User\";\n        wchar_t * domain = L\"Domain\";\n        if (fgetws(password, 100, stdin) == NULL)\n        {\n            printLine(\"fgetws() failed\");\n            /* Restore NUL terminator if fgetws fails */\n            password[0] = L'\\0';\n        }\n        /* Remove the carriage return from the string that is inserted by fgetws() */\n        passwordLen = wcslen(password);\n        if (passwordLen > 0)\n        {\n            password[passwordLen-1] = L'\\0';\n        }\n        /* Use the password in LogonUser() to establish that it is \"sensitive\" */\n        if (LogonUserW(\n                    username,\n                    domain,\n                    password,\n                    LOGON32_LOGON_NETWORK,\n                    LOGON32_PROVIDER_DEFAULT,\n                    &pHandle) != 0)\n        {\n            printLine(\"User logged in successfully.\");\n            CloseHandle(pHandle);\n        }\n        else\n        {\n            printLine(\"Unable to login.\");\n        }\n        /* FLAW: Write sensitive data to stderr */\n        fwprintf(stderr, L\"User attempted access with password: %s\\n\", password);\n    }\n}",
        "question": "How does modifying the control structure `else` affect the behavior or output of `fwprintf`?",
        "choices": {
            "A": "The modification of `else` directly impacts the execution of `fwprintf` because its entire operation is controlled by `else` and located within `else`.",
            "B": "Modifying `else` has no impact on the behavior or output of `fwprintf`.",
            "C": "The change of else indirectly affects the execution of `fwprintf`, as the modifications in `else` influence the arguments or conditions within `fwprintf`.",
            "D": "It is not possible to determine the effect without additional context."
        },
        "answer": "B",
        "distance": 0
    },
    {
        "case_id": 4890,
        "code": "void CWE535_Info_Exposure_Shell_Error__w32_wchar_t_01_bad()\n{\n    {\n        wchar_t password[100] = L\"\";\n        size_t passwordLen = 0;\n        HANDLE pHandle;\n        wchar_t * username = L\"User\";\n        wchar_t * domain = L\"Domain\";\n        if (fgetws(password, 100, stdin) == NULL)\n        {\n            printLine(\"fgetws() failed\");\n            /* Restore NUL terminator if fgetws fails */\n            password[0] = L'\\0';\n        }\n        /* Remove the carriage return from the string that is inserted by fgetws() */\n        passwordLen = wcslen(password);\n        if (passwordLen > 0)\n        {\n            password[passwordLen-1] = L'\\0';\n        }\n        /* Use the password in LogonUser() to establish that it is \"sensitive\" */\n        if (LogonUserW(\n                    username,\n                    domain,\n                    password,\n                    LOGON32_LOGON_NETWORK,\n                    LOGON32_PROVIDER_DEFAULT,\n                    &pHandle) != 0)\n        {\n            printLine(\"User logged in successfully.\");\n            CloseHandle(pHandle);\n        }\n        else\n        {\n            printLine(\"Unable to login.\");\n        }\n        /* FLAW: Write sensitive data to stderr */\n        fwprintf(stderr, L\"User attempted access with password: %s\\n\", password);\n    }\n}",
        "question": "How does modifying the control structure `if (LogonUserW(username,domain,password,LOGON32_LOGON_NETWORK,LOGON32_PROVIDER_DEFAULT,&pHandle) != 0)` affect the behavior or output of `wcslen`?",
        "choices": {
            "A": "The modification of `if (LogonUserW(username,domain,password,LOGON32_LOGON_NETWORK,LOGON32_PROVIDER_DEFAULT,&pHandle) != 0)` directly impacts the execution of `wcslen` because its entire operation is controlled by `if (LogonUserW(username,domain,password,LOGON32_LOGON_NETWORK,LOGON32_PROVIDER_DEFAULT,&pHandle) != 0)` and located within `if (LogonUserW(username,domain,password,LOGON32_LOGON_NETWORK,LOGON32_PROVIDER_DEFAULT,&pHandle) != 0)`.",
            "B": "Modifying `if (LogonUserW(username,domain,password,LOGON32_LOGON_NETWORK,LOGON32_PROVIDER_DEFAULT,&pHandle) != 0)` has no impact on the behavior or output of `wcslen`.",
            "C": "The change of if (LogonUserW(username,domain,password,LOGON32_LOGON_NETWORK,LOGON32_PROVIDER_DEFAULT,&pHandle) != 0) indirectly affects the execution of `wcslen`, as the modifications in `if (LogonUserW(username,domain,password,LOGON32_LOGON_NETWORK,LOGON32_PROVIDER_DEFAULT,&pHandle) != 0)` influence the arguments or conditions within `wcslen`.",
            "D": "It is not possible to determine the effect without additional context."
        },
        "answer": "B",
        "distance": 0
    }
]