[
    {
        "case_id": 175,
        "code": "void CWE114_Process_Control__w32_wchar_t_console_01_bad()\n{\n    wchar_t * data;\n    wchar_t dataBuffer[100] = L\"\";\n    data = dataBuffer;\n    {\n        /* Read input from the console */\n        size_t dataLen = wcslen(data);\n        /* if there is room in data, read into it from the console */\n        if (100-dataLen > 1)\n        {\n            /* POTENTIAL FLAW: Read data from the console */\n            if (fgetws(data+dataLen, (int)(100-dataLen), stdin) != NULL)\n            {\n                /* The next few lines remove the carriage return from the string that is\n                 * inserted by fgetws() */\n                dataLen = wcslen(data);\n                if (dataLen > 0 && data[dataLen-1] == L'\\n')\n                {\n                    data[dataLen-1] = L'\\0';\n                }\n            }\n            else\n            {\n                printLine(\"fgetws() failed\");\n                /* Restore NUL terminator if fgetws fails */\n                data[dataLen] = L'\\0';\n            }\n        }\n    }\n    {\n        HMODULE hModule;\n        /* POTENTIAL FLAW: If the path to the library is not specified, an attacker may be able to\n         * replace his own file with the intended library */\n        hModule = LoadLibraryW(data);\n        if (hModule != NULL)\n        {\n            FreeLibrary(hModule);\n            printLine(\"Library loaded and freed successfully\");\n        }\n        else\n        {\n            printLine(\"Unable to load library\");\n        }\n    }\n}",
        "question": "How does modifying the control structure `if (hModule != NULL)` affect the behavior or output of `FreeLibrary`?",
        "choices": {
            "A": "The modification of `if (hModule != NULL)` directly impacts the execution of `FreeLibrary` because its entire operation is controlled by `if (hModule != NULL)` and located within `if (hModule != NULL)`.",
            "B": "Modifying `if (hModule != NULL)` has no impact on the behavior or output of `FreeLibrary`.",
            "C": "The change of if (hModule != NULL) indirectly affects the execution of `FreeLibrary`, as the modifications in `if (hModule != NULL)` influence the arguments or conditions within `FreeLibrary`.",
            "D": "It is not possible to determine the effect without additional context."
        },
        "answer": "A",
        "distance": 1
    },
    {
        "case_id": 175,
        "code": "void CWE114_Process_Control__w32_wchar_t_console_01_bad()\n{\n    wchar_t * data;\n    wchar_t dataBuffer[100] = L\"\";\n    data = dataBuffer;\n    {\n        /* Read input from the console */\n        size_t dataLen = wcslen(data);\n        /* if there is room in data, read into it from the console */\n        if (100-dataLen > 1)\n        {\n            /* POTENTIAL FLAW: Read data from the console */\n            if (fgetws(data+dataLen, (int)(100-dataLen), stdin) != NULL)\n            {\n                /* The next few lines remove the carriage return from the string that is\n                 * inserted by fgetws() */\n                dataLen = wcslen(data);\n                if (dataLen > 0 && data[dataLen-1] == L'\\n')\n                {\n                    data[dataLen-1] = L'\\0';\n                }\n            }\n            else\n            {\n                printLine(\"fgetws() failed\");\n                /* Restore NUL terminator if fgetws fails */\n                data[dataLen] = L'\\0';\n            }\n        }\n    }\n    {\n        HMODULE hModule;\n        /* POTENTIAL FLAW: If the path to the library is not specified, an attacker may be able to\n         * replace his own file with the intended library */\n        hModule = LoadLibraryW(data);\n        if (hModule != NULL)\n        {\n            FreeLibrary(hModule);\n            printLine(\"Library loaded and freed successfully\");\n        }\n        else\n        {\n            printLine(\"Unable to load library\");\n        }\n    }\n}",
        "question": "How does modifying the control structure `if (fgetws(data+dataLen, (int)(100-dataLen), stdin) != NULL)` affect the behavior or output of `FreeLibrary`?",
        "choices": {
            "A": "The modification of `if (fgetws(data+dataLen, (int)(100-dataLen), stdin) != NULL)` directly impacts the execution of `FreeLibrary` because its entire operation is controlled by `if (fgetws(data+dataLen, (int)(100-dataLen), stdin) != NULL)` and located within `if (fgetws(data+dataLen, (int)(100-dataLen), stdin) != NULL)`.",
            "B": "Modifying `if (fgetws(data+dataLen, (int)(100-dataLen), stdin) != NULL)` has no impact on the behavior or output of `FreeLibrary`.",
            "C": "The change of if (fgetws(data+dataLen, (int)(100-dataLen), stdin) != NULL) indirectly affects the execution of `FreeLibrary`, as the modifications in `if (fgetws(data+dataLen, (int)(100-dataLen), stdin) != NULL)` influence the arguments or conditions within `FreeLibrary`.",
            "D": "It is not possible to determine the effect without additional context."
        },
        "answer": "B",
        "distance": 0
    },
    {
        "case_id": 175,
        "code": "void CWE114_Process_Control__w32_wchar_t_console_01_bad()\n{\n    wchar_t * data;\n    wchar_t dataBuffer[100] = L\"\";\n    data = dataBuffer;\n    {\n        /* Read input from the console */\n        size_t dataLen = wcslen(data);\n        /* if there is room in data, read into it from the console */\n        if (100-dataLen > 1)\n        {\n            /* POTENTIAL FLAW: Read data from the console */\n            if (fgetws(data+dataLen, (int)(100-dataLen), stdin) != NULL)\n            {\n                /* The next few lines remove the carriage return from the string that is\n                 * inserted by fgetws() */\n                dataLen = wcslen(data);\n                if (dataLen > 0 && data[dataLen-1] == L'\\n')\n                {\n                    data[dataLen-1] = L'\\0';\n                }\n            }\n            else\n            {\n                printLine(\"fgetws() failed\");\n                /* Restore NUL terminator if fgetws fails */\n                data[dataLen] = L'\\0';\n            }\n        }\n    }\n    {\n        HMODULE hModule;\n        /* POTENTIAL FLAW: If the path to the library is not specified, an attacker may be able to\n         * replace his own file with the intended library */\n        hModule = LoadLibraryW(data);\n        if (hModule != NULL)\n        {\n            FreeLibrary(hModule);\n            printLine(\"Library loaded and freed successfully\");\n        }\n        else\n        {\n            printLine(\"Unable to load library\");\n        }\n    }\n}",
        "question": "How does modifying the control structure `if (fgetws(data+dataLen, (int)(100-dataLen), stdin) != NULL)` affect the behavior or output of `LoadLibraryW`?",
        "choices": {
            "A": "The modification of `if (fgetws(data+dataLen, (int)(100-dataLen), stdin) != NULL)` directly impacts the execution of `LoadLibraryW` because its entire operation is controlled by `if (fgetws(data+dataLen, (int)(100-dataLen), stdin) != NULL)` and located within `if (fgetws(data+dataLen, (int)(100-dataLen), stdin) != NULL)`.",
            "B": "Modifying `if (fgetws(data+dataLen, (int)(100-dataLen), stdin) != NULL)` has no impact on the behavior or output of `LoadLibraryW`.",
            "C": "The change of if (fgetws(data+dataLen, (int)(100-dataLen), stdin) != NULL) indirectly affects the execution of `LoadLibraryW`, as the modifications in `if (fgetws(data+dataLen, (int)(100-dataLen), stdin) != NULL)` influence the arguments or conditions within `LoadLibraryW`.",
            "D": "It is not possible to determine the effect without additional context."
        },
        "answer": "B",
        "distance": 0
    },
    {
        "case_id": 175,
        "code": "void CWE114_Process_Control__w32_wchar_t_console_01_bad()\n{\n    wchar_t * data;\n    wchar_t dataBuffer[100] = L\"\";\n    data = dataBuffer;\n    {\n        /* Read input from the console */\n        size_t dataLen = wcslen(data);\n        /* if there is room in data, read into it from the console */\n        if (100-dataLen > 1)\n        {\n            /* POTENTIAL FLAW: Read data from the console */\n            if (fgetws(data+dataLen, (int)(100-dataLen), stdin) != NULL)\n            {\n                /* The next few lines remove the carriage return from the string that is\n                 * inserted by fgetws() */\n                dataLen = wcslen(data);\n                if (dataLen > 0 && data[dataLen-1] == L'\\n')\n                {\n                    data[dataLen-1] = L'\\0';\n                }\n            }\n            else\n            {\n                printLine(\"fgetws() failed\");\n                /* Restore NUL terminator if fgetws fails */\n                data[dataLen] = L'\\0';\n            }\n        }\n    }\n    {\n        HMODULE hModule;\n        /* POTENTIAL FLAW: If the path to the library is not specified, an attacker may be able to\n         * replace his own file with the intended library */\n        hModule = LoadLibraryW(data);\n        if (hModule != NULL)\n        {\n            FreeLibrary(hModule);\n            printLine(\"Library loaded and freed successfully\");\n        }\n        else\n        {\n            printLine(\"Unable to load library\");\n        }\n    }\n}",
        "question": "How does modifying the control structure `if (100-dataLen > 1)` affect the behavior or output of `FreeLibrary`?",
        "choices": {
            "A": "The modification of `if (100-dataLen > 1)` directly impacts the execution of `FreeLibrary` because its entire operation is controlled by `if (100-dataLen > 1)` and located within `if (100-dataLen > 1)`.",
            "B": "Modifying `if (100-dataLen > 1)` has no impact on the behavior or output of `FreeLibrary`.",
            "C": "The change of if (100-dataLen > 1) indirectly affects the execution of `FreeLibrary`, as the modifications in `if (100-dataLen > 1)` influence the arguments or conditions within `FreeLibrary`.",
            "D": "It is not possible to determine the effect without additional context."
        },
        "answer": "B",
        "distance": 0
    },
    {
        "case_id": 175,
        "code": "void CWE114_Process_Control__w32_wchar_t_console_01_bad()\n{\n    wchar_t * data;\n    wchar_t dataBuffer[100] = L\"\";\n    data = dataBuffer;\n    {\n        /* Read input from the console */\n        size_t dataLen = wcslen(data);\n        /* if there is room in data, read into it from the console */\n        if (100-dataLen > 1)\n        {\n            /* POTENTIAL FLAW: Read data from the console */\n            if (fgetws(data+dataLen, (int)(100-dataLen), stdin) != NULL)\n            {\n                /* The next few lines remove the carriage return from the string that is\n                 * inserted by fgetws() */\n                dataLen = wcslen(data);\n                if (dataLen > 0 && data[dataLen-1] == L'\\n')\n                {\n                    data[dataLen-1] = L'\\0';\n                }\n            }\n            else\n            {\n                printLine(\"fgetws() failed\");\n                /* Restore NUL terminator if fgetws fails */\n                data[dataLen] = L'\\0';\n            }\n        }\n    }\n    {\n        HMODULE hModule;\n        /* POTENTIAL FLAW: If the path to the library is not specified, an attacker may be able to\n         * replace his own file with the intended library */\n        hModule = LoadLibraryW(data);\n        if (hModule != NULL)\n        {\n            FreeLibrary(hModule);\n            printLine(\"Library loaded and freed successfully\");\n        }\n        else\n        {\n            printLine(\"Unable to load library\");\n        }\n    }\n}",
        "question": "How does modifying the control structure `if (dataLen > 0 && data[dataLen-1] == L'\\n')` affect the behavior or output of `FreeLibrary`?",
        "choices": {
            "A": "The modification of `if (dataLen > 0 && data[dataLen-1] == L'\\n')` directly impacts the execution of `FreeLibrary` because its entire operation is controlled by `if (dataLen > 0 && data[dataLen-1] == L'\\n')` and located within `if (dataLen > 0 && data[dataLen-1] == L'\\n')`.",
            "B": "Modifying `if (dataLen > 0 && data[dataLen-1] == L'\\n')` has no impact on the behavior or output of `FreeLibrary`.",
            "C": "The change of if (dataLen > 0 && data[dataLen-1] == L'\\n') indirectly affects the execution of `FreeLibrary`, as the modifications in `if (dataLen > 0 && data[dataLen-1] == L'\\n')` influence the arguments or conditions within `FreeLibrary`.",
            "D": "It is not possible to determine the effect without additional context."
        },
        "answer": "B",
        "distance": 0
    },
    {
        "case_id": 175,
        "code": "void CWE114_Process_Control__w32_wchar_t_console_01_bad()\n{\n    wchar_t * data;\n    wchar_t dataBuffer[100] = L\"\";\n    data = dataBuffer;\n    {\n        /* Read input from the console */\n        size_t dataLen = wcslen(data);\n        /* if there is room in data, read into it from the console */\n        if (100-dataLen > 1)\n        {\n            /* POTENTIAL FLAW: Read data from the console */\n            if (fgetws(data+dataLen, (int)(100-dataLen), stdin) != NULL)\n            {\n                /* The next few lines remove the carriage return from the string that is\n                 * inserted by fgetws() */\n                dataLen = wcslen(data);\n                if (dataLen > 0 && data[dataLen-1] == L'\\n')\n                {\n                    data[dataLen-1] = L'\\0';\n                }\n            }\n            else\n            {\n                printLine(\"fgetws() failed\");\n                /* Restore NUL terminator if fgetws fails */\n                data[dataLen] = L'\\0';\n            }\n        }\n    }\n    {\n        HMODULE hModule;\n        /* POTENTIAL FLAW: If the path to the library is not specified, an attacker may be able to\n         * replace his own file with the intended library */\n        hModule = LoadLibraryW(data);\n        if (hModule != NULL)\n        {\n            FreeLibrary(hModule);\n            printLine(\"Library loaded and freed successfully\");\n        }\n        else\n        {\n            printLine(\"Unable to load library\");\n        }\n    }\n}",
        "question": "How does modifying the control structure `if (100-dataLen > 1)` affect the behavior or output of `LoadLibraryW`?",
        "choices": {
            "A": "The modification of `if (100-dataLen > 1)` directly impacts the execution of `LoadLibraryW` because its entire operation is controlled by `if (100-dataLen > 1)` and located within `if (100-dataLen > 1)`.",
            "B": "Modifying `if (100-dataLen > 1)` has no impact on the behavior or output of `LoadLibraryW`.",
            "C": "The change of if (100-dataLen > 1) indirectly affects the execution of `LoadLibraryW`, as the modifications in `if (100-dataLen > 1)` influence the arguments or conditions within `LoadLibraryW`.",
            "D": "It is not possible to determine the effect without additional context."
        },
        "answer": "C",
        "distance": 3
    }
]