[
    {
        "case_id": 7033,
        "code": "void CWE773_Missing_Reference_to_Active_File_Descriptor_or_Handle__fopen_01_bad()\n{\n    FILE * data;\n    data = NULL;\n    /* POTENTIAL FLAW: Create a file handle using fopen() that may not be closed properly */\n    data = fopen(\"BadSource_fopen.txt\", \"w+\");\n    /* FLAW: Point data to another file handle without closing the handle from the source */\n    data = fopen(\"BadSink_fopen.txt\", \"w+\");\n    /* avoid incidental for not closing the file handle */\n    if (data != NULL)\n    {\n        fclose(data);\n    }\n}",
        "question": "How does modifying the control structure `if (data != NULL)` affect the behavior or output of `fclose`?",
        "choices": {
            "A": "The modification of `if (data != NULL)` directly impacts the execution of `fclose` because its entire operation is controlled by `if (data != NULL)` and located within `if (data != NULL)`.",
            "B": "Modifying `if (data != NULL)` has no impact on the behavior or output of `fclose`.",
            "C": "The change of if (data != NULL) indirectly affects the execution of `fclose`, as the modifications in `if (data != NULL)` influence the arguments or conditions within `fclose`.",
            "D": "It is not possible to determine the effect without additional context."
        },
        "answer": "A",
        "distance": 1
    }
]