[
    {
        "case_id": 7183,
        "code": "void CWE780_Use_of_RSA_Algorithm_Without_OAEP__w32_01_bad()\n{\n    {\n        BYTE payload[200];\n        DWORD payloadLen = strlen(PAYLOAD);\n        HCRYPTPROV hCryptProv = (HCRYPTPROV)NULL;\n        HCRYPTHASH hHash = (HCRYPTHASH)NULL;\n        HCRYPTKEY hKey = (HCRYPTKEY)NULL;\n        do\n        {\n            /* Copy plaintext into payload buffer */\n            memcpy(payload, PAYLOAD, payloadLen);\n            /* Try to get a context with and without a new key set */\n            if(!CryptAcquireContext(&hCryptProv, NULL, MS_ENHANCED_PROV, PROV_RSA_FULL, 0))\n            {\n                if(!CryptAcquireContext(&hCryptProv, NULL, MS_ENHANCED_PROV, PROV_RSA_FULL, CRYPT_NEWKEYSET))\n                {\n                    printLine(\"Error in acquiring cryptographic context\");\n                    exit(1);\n                }\n            }\n            /* Create Hash handle */\n            if(!CryptCreateHash(hCryptProv, CALG_SHA_256, 0, 0, &hHash))\n            {\n                printLine(\"Error in creating hash\");\n                exit(1);\n            }\n            /* Hash the data */\n            if(!CryptHashData(hHash, (BYTE *) HASH_INPUT, strlen(HASH_INPUT)*sizeof(char), 0))\n            {\n                printLine(\"Error in hashing HASH_INPUT\");\n                exit(1);\n            }\n            /* Derive an RSA key from the hash */\n            if(!CryptDeriveKey(hCryptProv, CALG_RSA_SIGN, hHash, 0, &hKey))\n            {\n                printLine(\"Error in CryptDeriveKey\");\n                exit(1);\n            }\n            /* FLAW: Do not use OAEP padding */\n            /* Use the derived key to encrypt something */\n            if(!CryptEncrypt(hKey, (HCRYPTHASH)NULL, 1, 0, (BYTE *)payload, &payloadLen, sizeof(payload)))\n            {\n                printLine(\"Error in CryptEncryptData\");\n                exit(1);\n            }\n        }\n        while (0);\n        if (hKey)\n        {\n            CryptDestroyKey(hKey);\n        }\n        if (hHash)\n        {\n            CryptDestroyHash(hHash);\n        }\n        if (hCryptProv)\n        {\n            CryptReleaseContext(hCryptProv, 0);\n        }\n        /* use encrypted block */\n        printBytesLine((BYTE *) payload, payloadLen);\n    }\n}",
        "question": "How does modifying the control structure `if (hHash)` affect the behavior or output of `CryptDestroyHash`?",
        "choices": {
            "A": "The modification of `if (hHash)` directly impacts the execution of `CryptDestroyHash` because its entire operation is controlled by `if (hHash)` and located within `if (hHash)`.",
            "B": "Modifying `if (hHash)` has no impact on the behavior or output of `CryptDestroyHash`.",
            "C": "The change of if (hHash) indirectly affects the execution of `CryptDestroyHash`, as the modifications in `if (hHash)` influence the arguments or conditions within `CryptDestroyHash`.",
            "D": "It is not possible to determine the effect without additional context."
        },
        "answer": "A",
        "distance": 1
    },
    {
        "case_id": 7183,
        "code": "void CWE780_Use_of_RSA_Algorithm_Without_OAEP__w32_01_bad()\n{\n    {\n        BYTE payload[200];\n        DWORD payloadLen = strlen(PAYLOAD);\n        HCRYPTPROV hCryptProv = (HCRYPTPROV)NULL;\n        HCRYPTHASH hHash = (HCRYPTHASH)NULL;\n        HCRYPTKEY hKey = (HCRYPTKEY)NULL;\n        do\n        {\n            /* Copy plaintext into payload buffer */\n            memcpy(payload, PAYLOAD, payloadLen);\n            /* Try to get a context with and without a new key set */\n            if(!CryptAcquireContext(&hCryptProv, NULL, MS_ENHANCED_PROV, PROV_RSA_FULL, 0))\n            {\n                if(!CryptAcquireContext(&hCryptProv, NULL, MS_ENHANCED_PROV, PROV_RSA_FULL, CRYPT_NEWKEYSET))\n                {\n                    printLine(\"Error in acquiring cryptographic context\");\n                    exit(1);\n                }\n            }\n            /* Create Hash handle */\n            if(!CryptCreateHash(hCryptProv, CALG_SHA_256, 0, 0, &hHash))\n            {\n                printLine(\"Error in creating hash\");\n                exit(1);\n            }\n            /* Hash the data */\n            if(!CryptHashData(hHash, (BYTE *) HASH_INPUT, strlen(HASH_INPUT)*sizeof(char), 0))\n            {\n                printLine(\"Error in hashing HASH_INPUT\");\n                exit(1);\n            }\n            /* Derive an RSA key from the hash */\n            if(!CryptDeriveKey(hCryptProv, CALG_RSA_SIGN, hHash, 0, &hKey))\n            {\n                printLine(\"Error in CryptDeriveKey\");\n                exit(1);\n            }\n            /* FLAW: Do not use OAEP padding */\n            /* Use the derived key to encrypt something */\n            if(!CryptEncrypt(hKey, (HCRYPTHASH)NULL, 1, 0, (BYTE *)payload, &payloadLen, sizeof(payload)))\n            {\n                printLine(\"Error in CryptEncryptData\");\n                exit(1);\n            }\n        }\n        while (0);\n        if (hKey)\n        {\n            CryptDestroyKey(hKey);\n        }\n        if (hHash)\n        {\n            CryptDestroyHash(hHash);\n        }\n        if (hCryptProv)\n        {\n            CryptReleaseContext(hCryptProv, 0);\n        }\n        /* use encrypted block */\n        printBytesLine((BYTE *) payload, payloadLen);\n    }\n}",
        "question": "How does modifying the control structure `if (hCryptProv)` affect the behavior or output of `CryptReleaseContext`?",
        "choices": {
            "A": "The modification of `if (hCryptProv)` directly impacts the execution of `CryptReleaseContext` because its entire operation is controlled by `if (hCryptProv)` and located within `if (hCryptProv)`.",
            "B": "Modifying `if (hCryptProv)` has no impact on the behavior or output of `CryptReleaseContext`.",
            "C": "The change of if (hCryptProv) indirectly affects the execution of `CryptReleaseContext`, as the modifications in `if (hCryptProv)` influence the arguments or conditions within `CryptReleaseContext`.",
            "D": "It is not possible to determine the effect without additional context."
        },
        "answer": "A",
        "distance": 1
    },
    {
        "case_id": 7183,
        "code": "void CWE780_Use_of_RSA_Algorithm_Without_OAEP__w32_01_bad()\n{\n    {\n        BYTE payload[200];\n        DWORD payloadLen = strlen(PAYLOAD);\n        HCRYPTPROV hCryptProv = (HCRYPTPROV)NULL;\n        HCRYPTHASH hHash = (HCRYPTHASH)NULL;\n        HCRYPTKEY hKey = (HCRYPTKEY)NULL;\n        do\n        {\n            /* Copy plaintext into payload buffer */\n            memcpy(payload, PAYLOAD, payloadLen);\n            /* Try to get a context with and without a new key set */\n            if(!CryptAcquireContext(&hCryptProv, NULL, MS_ENHANCED_PROV, PROV_RSA_FULL, 0))\n            {\n                if(!CryptAcquireContext(&hCryptProv, NULL, MS_ENHANCED_PROV, PROV_RSA_FULL, CRYPT_NEWKEYSET))\n                {\n                    printLine(\"Error in acquiring cryptographic context\");\n                    exit(1);\n                }\n            }\n            /* Create Hash handle */\n            if(!CryptCreateHash(hCryptProv, CALG_SHA_256, 0, 0, &hHash))\n            {\n                printLine(\"Error in creating hash\");\n                exit(1);\n            }\n            /* Hash the data */\n            if(!CryptHashData(hHash, (BYTE *) HASH_INPUT, strlen(HASH_INPUT)*sizeof(char), 0))\n            {\n                printLine(\"Error in hashing HASH_INPUT\");\n                exit(1);\n            }\n            /* Derive an RSA key from the hash */\n            if(!CryptDeriveKey(hCryptProv, CALG_RSA_SIGN, hHash, 0, &hKey))\n            {\n                printLine(\"Error in CryptDeriveKey\");\n                exit(1);\n            }\n            /* FLAW: Do not use OAEP padding */\n            /* Use the derived key to encrypt something */\n            if(!CryptEncrypt(hKey, (HCRYPTHASH)NULL, 1, 0, (BYTE *)payload, &payloadLen, sizeof(payload)))\n            {\n                printLine(\"Error in CryptEncryptData\");\n                exit(1);\n            }\n        }\n        while (0);\n        if (hKey)\n        {\n            CryptDestroyKey(hKey);\n        }\n        if (hHash)\n        {\n            CryptDestroyHash(hHash);\n        }\n        if (hCryptProv)\n        {\n            CryptReleaseContext(hCryptProv, 0);\n        }\n        /* use encrypted block */\n        printBytesLine((BYTE *) payload, payloadLen);\n    }\n}",
        "question": "How does modifying the control structure `do` affect the behavior or output of `memcpy`?",
        "choices": {
            "A": "The modification of `do` directly impacts the execution of `memcpy` because its entire operation is controlled by `do` and located within `do`.",
            "B": "Modifying `do` has no impact on the behavior or output of `memcpy`.",
            "C": "The change of do indirectly affects the execution of `memcpy`, as the modifications in `do` influence the arguments or conditions within `memcpy`.",
            "D": "It is not possible to determine the effect without additional context."
        },
        "answer": "A",
        "distance": 1
    },
    {
        "case_id": 7183,
        "code": "void CWE780_Use_of_RSA_Algorithm_Without_OAEP__w32_01_bad()\n{\n    {\n        BYTE payload[200];\n        DWORD payloadLen = strlen(PAYLOAD);\n        HCRYPTPROV hCryptProv = (HCRYPTPROV)NULL;\n        HCRYPTHASH hHash = (HCRYPTHASH)NULL;\n        HCRYPTKEY hKey = (HCRYPTKEY)NULL;\n        do\n        {\n            /* Copy plaintext into payload buffer */\n            memcpy(payload, PAYLOAD, payloadLen);\n            /* Try to get a context with and without a new key set */\n            if(!CryptAcquireContext(&hCryptProv, NULL, MS_ENHANCED_PROV, PROV_RSA_FULL, 0))\n            {\n                if(!CryptAcquireContext(&hCryptProv, NULL, MS_ENHANCED_PROV, PROV_RSA_FULL, CRYPT_NEWKEYSET))\n                {\n                    printLine(\"Error in acquiring cryptographic context\");\n                    exit(1);\n                }\n            }\n            /* Create Hash handle */\n            if(!CryptCreateHash(hCryptProv, CALG_SHA_256, 0, 0, &hHash))\n            {\n                printLine(\"Error in creating hash\");\n                exit(1);\n            }\n            /* Hash the data */\n            if(!CryptHashData(hHash, (BYTE *) HASH_INPUT, strlen(HASH_INPUT)*sizeof(char), 0))\n            {\n                printLine(\"Error in hashing HASH_INPUT\");\n                exit(1);\n            }\n            /* Derive an RSA key from the hash */\n            if(!CryptDeriveKey(hCryptProv, CALG_RSA_SIGN, hHash, 0, &hKey))\n            {\n                printLine(\"Error in CryptDeriveKey\");\n                exit(1);\n            }\n            /* FLAW: Do not use OAEP padding */\n            /* Use the derived key to encrypt something */\n            if(!CryptEncrypt(hKey, (HCRYPTHASH)NULL, 1, 0, (BYTE *)payload, &payloadLen, sizeof(payload)))\n            {\n                printLine(\"Error in CryptEncryptData\");\n                exit(1);\n            }\n        }\n        while (0);\n        if (hKey)\n        {\n            CryptDestroyKey(hKey);\n        }\n        if (hHash)\n        {\n            CryptDestroyHash(hHash);\n        }\n        if (hCryptProv)\n        {\n            CryptReleaseContext(hCryptProv, 0);\n        }\n        /* use encrypted block */\n        printBytesLine((BYTE *) payload, payloadLen);\n    }\n}",
        "question": "How does modifying the control structure `if (hKey)` affect the behavior or output of `CryptDestroyKey`?",
        "choices": {
            "A": "The modification of `if (hKey)` directly impacts the execution of `CryptDestroyKey` because its entire operation is controlled by `if (hKey)` and located within `if (hKey)`.",
            "B": "Modifying `if (hKey)` has no impact on the behavior or output of `CryptDestroyKey`.",
            "C": "The change of if (hKey) indirectly affects the execution of `CryptDestroyKey`, as the modifications in `if (hKey)` influence the arguments or conditions within `CryptDestroyKey`.",
            "D": "It is not possible to determine the effect without additional context."
        },
        "answer": "A",
        "distance": 1
    },
    {
        "case_id": 7183,
        "code": "void CWE780_Use_of_RSA_Algorithm_Without_OAEP__w32_01_bad()\n{\n    {\n        BYTE payload[200];\n        DWORD payloadLen = strlen(PAYLOAD);\n        HCRYPTPROV hCryptProv = (HCRYPTPROV)NULL;\n        HCRYPTHASH hHash = (HCRYPTHASH)NULL;\n        HCRYPTKEY hKey = (HCRYPTKEY)NULL;\n        do\n        {\n            /* Copy plaintext into payload buffer */\n            memcpy(payload, PAYLOAD, payloadLen);\n            /* Try to get a context with and without a new key set */\n            if(!CryptAcquireContext(&hCryptProv, NULL, MS_ENHANCED_PROV, PROV_RSA_FULL, 0))\n            {\n                if(!CryptAcquireContext(&hCryptProv, NULL, MS_ENHANCED_PROV, PROV_RSA_FULL, CRYPT_NEWKEYSET))\n                {\n                    printLine(\"Error in acquiring cryptographic context\");\n                    exit(1);\n                }\n            }\n            /* Create Hash handle */\n            if(!CryptCreateHash(hCryptProv, CALG_SHA_256, 0, 0, &hHash))\n            {\n                printLine(\"Error in creating hash\");\n                exit(1);\n            }\n            /* Hash the data */\n            if(!CryptHashData(hHash, (BYTE *) HASH_INPUT, strlen(HASH_INPUT)*sizeof(char), 0))\n            {\n                printLine(\"Error in hashing HASH_INPUT\");\n                exit(1);\n            }\n            /* Derive an RSA key from the hash */\n            if(!CryptDeriveKey(hCryptProv, CALG_RSA_SIGN, hHash, 0, &hKey))\n            {\n                printLine(\"Error in CryptDeriveKey\");\n                exit(1);\n            }\n            /* FLAW: Do not use OAEP padding */\n            /* Use the derived key to encrypt something */\n            if(!CryptEncrypt(hKey, (HCRYPTHASH)NULL, 1, 0, (BYTE *)payload, &payloadLen, sizeof(payload)))\n            {\n                printLine(\"Error in CryptEncryptData\");\n                exit(1);\n            }\n        }\n        while (0);\n        if (hKey)\n        {\n            CryptDestroyKey(hKey);\n        }\n        if (hHash)\n        {\n            CryptDestroyHash(hHash);\n        }\n        if (hCryptProv)\n        {\n            CryptReleaseContext(hCryptProv, 0);\n        }\n        /* use encrypted block */\n        printBytesLine((BYTE *) payload, payloadLen);\n    }\n}",
        "question": "How does modifying the control structure `if(!CryptAcquireContext(&hCryptProv, NULL, MS_ENHANCED_PROV, PROV_RSA_FULL, 0))` affect the behavior or output of `printBytesLine`?",
        "choices": {
            "A": "The modification of `if(!CryptAcquireContext(&hCryptProv, NULL, MS_ENHANCED_PROV, PROV_RSA_FULL, 0))` directly impacts the execution of `printBytesLine` because its entire operation is controlled by `if(!CryptAcquireContext(&hCryptProv, NULL, MS_ENHANCED_PROV, PROV_RSA_FULL, 0))` and located within `if(!CryptAcquireContext(&hCryptProv, NULL, MS_ENHANCED_PROV, PROV_RSA_FULL, 0))`.",
            "B": "Modifying `if(!CryptAcquireContext(&hCryptProv, NULL, MS_ENHANCED_PROV, PROV_RSA_FULL, 0))` has no impact on the behavior or output of `printBytesLine`.",
            "C": "The change of if(!CryptAcquireContext(&hCryptProv, NULL, MS_ENHANCED_PROV, PROV_RSA_FULL, 0)) indirectly affects the execution of `printBytesLine`, as the modifications in `if(!CryptAcquireContext(&hCryptProv, NULL, MS_ENHANCED_PROV, PROV_RSA_FULL, 0))` influence the arguments or conditions within `printBytesLine`.",
            "D": "It is not possible to determine the effect without additional context."
        },
        "answer": "B",
        "distance": 0
    },
    {
        "case_id": 7183,
        "code": "void CWE780_Use_of_RSA_Algorithm_Without_OAEP__w32_01_bad()\n{\n    {\n        BYTE payload[200];\n        DWORD payloadLen = strlen(PAYLOAD);\n        HCRYPTPROV hCryptProv = (HCRYPTPROV)NULL;\n        HCRYPTHASH hHash = (HCRYPTHASH)NULL;\n        HCRYPTKEY hKey = (HCRYPTKEY)NULL;\n        do\n        {\n            /* Copy plaintext into payload buffer */\n            memcpy(payload, PAYLOAD, payloadLen);\n            /* Try to get a context with and without a new key set */\n            if(!CryptAcquireContext(&hCryptProv, NULL, MS_ENHANCED_PROV, PROV_RSA_FULL, 0))\n            {\n                if(!CryptAcquireContext(&hCryptProv, NULL, MS_ENHANCED_PROV, PROV_RSA_FULL, CRYPT_NEWKEYSET))\n                {\n                    printLine(\"Error in acquiring cryptographic context\");\n                    exit(1);\n                }\n            }\n            /* Create Hash handle */\n            if(!CryptCreateHash(hCryptProv, CALG_SHA_256, 0, 0, &hHash))\n            {\n                printLine(\"Error in creating hash\");\n                exit(1);\n            }\n            /* Hash the data */\n            if(!CryptHashData(hHash, (BYTE *) HASH_INPUT, strlen(HASH_INPUT)*sizeof(char), 0))\n            {\n                printLine(\"Error in hashing HASH_INPUT\");\n                exit(1);\n            }\n            /* Derive an RSA key from the hash */\n            if(!CryptDeriveKey(hCryptProv, CALG_RSA_SIGN, hHash, 0, &hKey))\n            {\n                printLine(\"Error in CryptDeriveKey\");\n                exit(1);\n            }\n            /* FLAW: Do not use OAEP padding */\n            /* Use the derived key to encrypt something */\n            if(!CryptEncrypt(hKey, (HCRYPTHASH)NULL, 1, 0, (BYTE *)payload, &payloadLen, sizeof(payload)))\n            {\n                printLine(\"Error in CryptEncryptData\");\n                exit(1);\n            }\n        }\n        while (0);\n        if (hKey)\n        {\n            CryptDestroyKey(hKey);\n        }\n        if (hHash)\n        {\n            CryptDestroyHash(hHash);\n        }\n        if (hCryptProv)\n        {\n            CryptReleaseContext(hCryptProv, 0);\n        }\n        /* use encrypted block */\n        printBytesLine((BYTE *) payload, payloadLen);\n    }\n}",
        "question": "How does modifying the control structure `if(!CryptAcquireContext(&hCryptProv, NULL, MS_ENHANCED_PROV, PROV_RSA_FULL, 0))` affect the behavior or output of `CryptReleaseContext`?",
        "choices": {
            "A": "The modification of `if(!CryptAcquireContext(&hCryptProv, NULL, MS_ENHANCED_PROV, PROV_RSA_FULL, 0))` directly impacts the execution of `CryptReleaseContext` because its entire operation is controlled by `if(!CryptAcquireContext(&hCryptProv, NULL, MS_ENHANCED_PROV, PROV_RSA_FULL, 0))` and located within `if(!CryptAcquireContext(&hCryptProv, NULL, MS_ENHANCED_PROV, PROV_RSA_FULL, 0))`.",
            "B": "Modifying `if(!CryptAcquireContext(&hCryptProv, NULL, MS_ENHANCED_PROV, PROV_RSA_FULL, 0))` has no impact on the behavior or output of `CryptReleaseContext`.",
            "C": "The change of if(!CryptAcquireContext(&hCryptProv, NULL, MS_ENHANCED_PROV, PROV_RSA_FULL, 0)) indirectly affects the execution of `CryptReleaseContext`, as the modifications in `if(!CryptAcquireContext(&hCryptProv, NULL, MS_ENHANCED_PROV, PROV_RSA_FULL, 0))` influence the arguments or conditions within `CryptReleaseContext`.",
            "D": "It is not possible to determine the effect without additional context."
        },
        "answer": "B",
        "distance": 0
    },
    {
        "case_id": 7183,
        "code": "void CWE780_Use_of_RSA_Algorithm_Without_OAEP__w32_01_bad()\n{\n    {\n        BYTE payload[200];\n        DWORD payloadLen = strlen(PAYLOAD);\n        HCRYPTPROV hCryptProv = (HCRYPTPROV)NULL;\n        HCRYPTHASH hHash = (HCRYPTHASH)NULL;\n        HCRYPTKEY hKey = (HCRYPTKEY)NULL;\n        do\n        {\n            /* Copy plaintext into payload buffer */\n            memcpy(payload, PAYLOAD, payloadLen);\n            /* Try to get a context with and without a new key set */\n            if(!CryptAcquireContext(&hCryptProv, NULL, MS_ENHANCED_PROV, PROV_RSA_FULL, 0))\n            {\n                if(!CryptAcquireContext(&hCryptProv, NULL, MS_ENHANCED_PROV, PROV_RSA_FULL, CRYPT_NEWKEYSET))\n                {\n                    printLine(\"Error in acquiring cryptographic context\");\n                    exit(1);\n                }\n            }\n            /* Create Hash handle */\n            if(!CryptCreateHash(hCryptProv, CALG_SHA_256, 0, 0, &hHash))\n            {\n                printLine(\"Error in creating hash\");\n                exit(1);\n            }\n            /* Hash the data */\n            if(!CryptHashData(hHash, (BYTE *) HASH_INPUT, strlen(HASH_INPUT)*sizeof(char), 0))\n            {\n                printLine(\"Error in hashing HASH_INPUT\");\n                exit(1);\n            }\n            /* Derive an RSA key from the hash */\n            if(!CryptDeriveKey(hCryptProv, CALG_RSA_SIGN, hHash, 0, &hKey))\n            {\n                printLine(\"Error in CryptDeriveKey\");\n                exit(1);\n            }\n            /* FLAW: Do not use OAEP padding */\n            /* Use the derived key to encrypt something */\n            if(!CryptEncrypt(hKey, (HCRYPTHASH)NULL, 1, 0, (BYTE *)payload, &payloadLen, sizeof(payload)))\n            {\n                printLine(\"Error in CryptEncryptData\");\n                exit(1);\n            }\n        }\n        while (0);\n        if (hKey)\n        {\n            CryptDestroyKey(hKey);\n        }\n        if (hHash)\n        {\n            CryptDestroyHash(hHash);\n        }\n        if (hCryptProv)\n        {\n            CryptReleaseContext(hCryptProv, 0);\n        }\n        /* use encrypted block */\n        printBytesLine((BYTE *) payload, payloadLen);\n    }\n}",
        "question": "How does modifying the control structure `if(!CryptAcquireContext(&hCryptProv, NULL, MS_ENHANCED_PROV, PROV_RSA_FULL, 0))` affect the behavior or output of `CryptDestroyKey`?",
        "choices": {
            "A": "The modification of `if(!CryptAcquireContext(&hCryptProv, NULL, MS_ENHANCED_PROV, PROV_RSA_FULL, 0))` directly impacts the execution of `CryptDestroyKey` because its entire operation is controlled by `if(!CryptAcquireContext(&hCryptProv, NULL, MS_ENHANCED_PROV, PROV_RSA_FULL, 0))` and located within `if(!CryptAcquireContext(&hCryptProv, NULL, MS_ENHANCED_PROV, PROV_RSA_FULL, 0))`.",
            "B": "Modifying `if(!CryptAcquireContext(&hCryptProv, NULL, MS_ENHANCED_PROV, PROV_RSA_FULL, 0))` has no impact on the behavior or output of `CryptDestroyKey`.",
            "C": "The change of if(!CryptAcquireContext(&hCryptProv, NULL, MS_ENHANCED_PROV, PROV_RSA_FULL, 0)) indirectly affects the execution of `CryptDestroyKey`, as the modifications in `if(!CryptAcquireContext(&hCryptProv, NULL, MS_ENHANCED_PROV, PROV_RSA_FULL, 0))` influence the arguments or conditions within `CryptDestroyKey`.",
            "D": "It is not possible to determine the effect without additional context."
        },
        "answer": "B",
        "distance": 0
    },
    {
        "case_id": 7183,
        "code": "void CWE780_Use_of_RSA_Algorithm_Without_OAEP__w32_01_bad()\n{\n    {\n        BYTE payload[200];\n        DWORD payloadLen = strlen(PAYLOAD);\n        HCRYPTPROV hCryptProv = (HCRYPTPROV)NULL;\n        HCRYPTHASH hHash = (HCRYPTHASH)NULL;\n        HCRYPTKEY hKey = (HCRYPTKEY)NULL;\n        do\n        {\n            /* Copy plaintext into payload buffer */\n            memcpy(payload, PAYLOAD, payloadLen);\n            /* Try to get a context with and without a new key set */\n            if(!CryptAcquireContext(&hCryptProv, NULL, MS_ENHANCED_PROV, PROV_RSA_FULL, 0))\n            {\n                if(!CryptAcquireContext(&hCryptProv, NULL, MS_ENHANCED_PROV, PROV_RSA_FULL, CRYPT_NEWKEYSET))\n                {\n                    printLine(\"Error in acquiring cryptographic context\");\n                    exit(1);\n                }\n            }\n            /* Create Hash handle */\n            if(!CryptCreateHash(hCryptProv, CALG_SHA_256, 0, 0, &hHash))\n            {\n                printLine(\"Error in creating hash\");\n                exit(1);\n            }\n            /* Hash the data */\n            if(!CryptHashData(hHash, (BYTE *) HASH_INPUT, strlen(HASH_INPUT)*sizeof(char), 0))\n            {\n                printLine(\"Error in hashing HASH_INPUT\");\n                exit(1);\n            }\n            /* Derive an RSA key from the hash */\n            if(!CryptDeriveKey(hCryptProv, CALG_RSA_SIGN, hHash, 0, &hKey))\n            {\n                printLine(\"Error in CryptDeriveKey\");\n                exit(1);\n            }\n            /* FLAW: Do not use OAEP padding */\n            /* Use the derived key to encrypt something */\n            if(!CryptEncrypt(hKey, (HCRYPTHASH)NULL, 1, 0, (BYTE *)payload, &payloadLen, sizeof(payload)))\n            {\n                printLine(\"Error in CryptEncryptData\");\n                exit(1);\n            }\n        }\n        while (0);\n        if (hKey)\n        {\n            CryptDestroyKey(hKey);\n        }\n        if (hHash)\n        {\n            CryptDestroyHash(hHash);\n        }\n        if (hCryptProv)\n        {\n            CryptReleaseContext(hCryptProv, 0);\n        }\n        /* use encrypted block */\n        printBytesLine((BYTE *) payload, payloadLen);\n    }\n}",
        "question": "How does modifying the control structure `if(!CryptAcquireContext(&hCryptProv, NULL, MS_ENHANCED_PROV, PROV_RSA_FULL, 0))` affect the behavior or output of `CryptDestroyHash`?",
        "choices": {
            "A": "The modification of `if(!CryptAcquireContext(&hCryptProv, NULL, MS_ENHANCED_PROV, PROV_RSA_FULL, 0))` directly impacts the execution of `CryptDestroyHash` because its entire operation is controlled by `if(!CryptAcquireContext(&hCryptProv, NULL, MS_ENHANCED_PROV, PROV_RSA_FULL, 0))` and located within `if(!CryptAcquireContext(&hCryptProv, NULL, MS_ENHANCED_PROV, PROV_RSA_FULL, 0))`.",
            "B": "Modifying `if(!CryptAcquireContext(&hCryptProv, NULL, MS_ENHANCED_PROV, PROV_RSA_FULL, 0))` has no impact on the behavior or output of `CryptDestroyHash`.",
            "C": "The change of if(!CryptAcquireContext(&hCryptProv, NULL, MS_ENHANCED_PROV, PROV_RSA_FULL, 0)) indirectly affects the execution of `CryptDestroyHash`, as the modifications in `if(!CryptAcquireContext(&hCryptProv, NULL, MS_ENHANCED_PROV, PROV_RSA_FULL, 0))` influence the arguments or conditions within `CryptDestroyHash`.",
            "D": "It is not possible to determine the effect without additional context."
        },
        "answer": "B",
        "distance": 0
    }
]