[
    {
        "case_id": 1887,
        "code": "void CWE253_Incorrect_Check_of_Function_Return_Value__wchar_t_w32CreateNamedPipe_01_bad()\n{\n    {\n        wchar_t * pipeName = L\"\\\\\\\\.\\\\pipe\\\\mypipe\";\n        HANDLE hPipe = INVALID_HANDLE_VALUE;\n        BOOL fConnected = FALSE;\n        hPipe = CreateNamedPipeW(\n                    pipeName,\n                    FILE_FLAG_FIRST_PIPE_INSTANCE, /* FILE_FLAG_FIRST_PIPE_INSTANCE - this flag must be set */\n                    PIPE_TYPE_MESSAGE |\n                    PIPE_READMODE_MESSAGE |\n                    PIPE_WAIT,\n                    PIPE_UNLIMITED_INSTANCES,\n                    BUFFER_SIZE,\n                    BUFFER_SIZE,\n                    NMPWAIT_USE_DEFAULT_WAIT,\n                    NULL);\n        /* FLAW: If CreateNamedPipeW() failed, the return value will be INVALID_HANDLE_VALUE,\n           but we are checking to see if the return value is NULL */\n        if (hPipe == NULL)\n        {\n            exit(1);\n        }\n        fConnected = ConnectNamedPipe(hPipe, NULL) ? TRUE : (GetLastError() == ERROR_PIPE_CONNECTED);\n        /* We'll leave out most of the implementation since it has nothing to do with the CWE\n         * and since the checkers are looking for certain function calls anyway */\n        CloseHandle(hPipe);\n    }\n}",
        "question": "How does modifying the control structure `if (hPipe == NULL)` affect the behavior or output of `exit`?",
        "choices": {
            "A": "The modification of `if (hPipe == NULL)` directly impacts the execution of `exit` because its entire operation is controlled by `if (hPipe == NULL)` and located within `if (hPipe == NULL)`.",
            "B": "Modifying `if (hPipe == NULL)` has no impact on the behavior or output of `exit`.",
            "C": "The change of if (hPipe == NULL) indirectly affects the execution of `exit`, as the modifications in `if (hPipe == NULL)` influence the arguments or conditions within `exit`.",
            "D": "It is not possible to determine the effect without additional context."
        },
        "answer": "A",
        "distance": 1
    },
    {
        "case_id": 1887,
        "code": "void CWE253_Incorrect_Check_of_Function_Return_Value__wchar_t_w32CreateNamedPipe_01_bad()\n{\n    {\n        wchar_t * pipeName = L\"\\\\\\\\.\\\\pipe\\\\mypipe\";\n        HANDLE hPipe = INVALID_HANDLE_VALUE;\n        BOOL fConnected = FALSE;\n        hPipe = CreateNamedPipeW(\n                    pipeName,\n                    FILE_FLAG_FIRST_PIPE_INSTANCE, /* FILE_FLAG_FIRST_PIPE_INSTANCE - this flag must be set */\n                    PIPE_TYPE_MESSAGE |\n                    PIPE_READMODE_MESSAGE |\n                    PIPE_WAIT,\n                    PIPE_UNLIMITED_INSTANCES,\n                    BUFFER_SIZE,\n                    BUFFER_SIZE,\n                    NMPWAIT_USE_DEFAULT_WAIT,\n                    NULL);\n        /* FLAW: If CreateNamedPipeW() failed, the return value will be INVALID_HANDLE_VALUE,\n           but we are checking to see if the return value is NULL */\n        if (hPipe == NULL)\n        {\n            exit(1);\n        }\n        fConnected = ConnectNamedPipe(hPipe, NULL) ? TRUE : (GetLastError() == ERROR_PIPE_CONNECTED);\n        /* We'll leave out most of the implementation since it has nothing to do with the CWE\n         * and since the checkers are looking for certain function calls anyway */\n        CloseHandle(hPipe);\n    }\n}",
        "question": "How does modifying the control structure `if (hPipe == NULL)` affect the behavior or output of `CreateNamedPipeW`?",
        "choices": {
            "A": "The modification of `if (hPipe == NULL)` directly impacts the execution of `CreateNamedPipeW` because its entire operation is controlled by `if (hPipe == NULL)` and located within `if (hPipe == NULL)`.",
            "B": "Modifying `if (hPipe == NULL)` has no impact on the behavior or output of `CreateNamedPipeW`.",
            "C": "The change of if (hPipe == NULL) indirectly affects the execution of `CreateNamedPipeW`, as the modifications in `if (hPipe == NULL)` influence the arguments or conditions within `CreateNamedPipeW`.",
            "D": "It is not possible to determine the effect without additional context."
        },
        "answer": "B",
        "distance": 0
    },
    {
        "case_id": 1887,
        "code": "void CWE253_Incorrect_Check_of_Function_Return_Value__wchar_t_w32CreateNamedPipe_01_bad()\n{\n    {\n        wchar_t * pipeName = L\"\\\\\\\\.\\\\pipe\\\\mypipe\";\n        HANDLE hPipe = INVALID_HANDLE_VALUE;\n        BOOL fConnected = FALSE;\n        hPipe = CreateNamedPipeW(\n                    pipeName,\n                    FILE_FLAG_FIRST_PIPE_INSTANCE, /* FILE_FLAG_FIRST_PIPE_INSTANCE - this flag must be set */\n                    PIPE_TYPE_MESSAGE |\n                    PIPE_READMODE_MESSAGE |\n                    PIPE_WAIT,\n                    PIPE_UNLIMITED_INSTANCES,\n                    BUFFER_SIZE,\n                    BUFFER_SIZE,\n                    NMPWAIT_USE_DEFAULT_WAIT,\n                    NULL);\n        /* FLAW: If CreateNamedPipeW() failed, the return value will be INVALID_HANDLE_VALUE,\n           but we are checking to see if the return value is NULL */\n        if (hPipe == NULL)\n        {\n            exit(1);\n        }\n        fConnected = ConnectNamedPipe(hPipe, NULL) ? TRUE : (GetLastError() == ERROR_PIPE_CONNECTED);\n        /* We'll leave out most of the implementation since it has nothing to do with the CWE\n         * and since the checkers are looking for certain function calls anyway */\n        CloseHandle(hPipe);\n    }\n}",
        "question": "How does modifying the control structure `if (hPipe == NULL)` affect the behavior or output of `GetLastError`?",
        "choices": {
            "A": "The modification of `if (hPipe == NULL)` directly impacts the execution of `GetLastError` because its entire operation is controlled by `if (hPipe == NULL)` and located within `if (hPipe == NULL)`.",
            "B": "Modifying `if (hPipe == NULL)` has no impact on the behavior or output of `GetLastError`.",
            "C": "The change of if (hPipe == NULL) indirectly affects the execution of `GetLastError`, as the modifications in `if (hPipe == NULL)` influence the arguments or conditions within `GetLastError`.",
            "D": "It is not possible to determine the effect without additional context."
        },
        "answer": "B",
        "distance": 0
    },
    {
        "case_id": 1887,
        "code": "void CWE253_Incorrect_Check_of_Function_Return_Value__wchar_t_w32CreateNamedPipe_01_bad()\n{\n    {\n        wchar_t * pipeName = L\"\\\\\\\\.\\\\pipe\\\\mypipe\";\n        HANDLE hPipe = INVALID_HANDLE_VALUE;\n        BOOL fConnected = FALSE;\n        hPipe = CreateNamedPipeW(\n                    pipeName,\n                    FILE_FLAG_FIRST_PIPE_INSTANCE, /* FILE_FLAG_FIRST_PIPE_INSTANCE - this flag must be set */\n                    PIPE_TYPE_MESSAGE |\n                    PIPE_READMODE_MESSAGE |\n                    PIPE_WAIT,\n                    PIPE_UNLIMITED_INSTANCES,\n                    BUFFER_SIZE,\n                    BUFFER_SIZE,\n                    NMPWAIT_USE_DEFAULT_WAIT,\n                    NULL);\n        /* FLAW: If CreateNamedPipeW() failed, the return value will be INVALID_HANDLE_VALUE,\n           but we are checking to see if the return value is NULL */\n        if (hPipe == NULL)\n        {\n            exit(1);\n        }\n        fConnected = ConnectNamedPipe(hPipe, NULL) ? TRUE : (GetLastError() == ERROR_PIPE_CONNECTED);\n        /* We'll leave out most of the implementation since it has nothing to do with the CWE\n         * and since the checkers are looking for certain function calls anyway */\n        CloseHandle(hPipe);\n    }\n}",
        "question": "How does modifying the control structure `if (hPipe == NULL)` affect the behavior or output of `CloseHandle`?",
        "choices": {
            "A": "The modification of `if (hPipe == NULL)` directly impacts the execution of `CloseHandle` because its entire operation is controlled by `if (hPipe == NULL)` and located within `if (hPipe == NULL)`.",
            "B": "Modifying `if (hPipe == NULL)` has no impact on the behavior or output of `CloseHandle`.",
            "C": "The change of if (hPipe == NULL) indirectly affects the execution of `CloseHandle`, as the modifications in `if (hPipe == NULL)` influence the arguments or conditions within `CloseHandle`.",
            "D": "It is not possible to determine the effect without additional context."
        },
        "answer": "B",
        "distance": 0
    },
    {
        "case_id": 1887,
        "code": "void CWE253_Incorrect_Check_of_Function_Return_Value__wchar_t_w32CreateNamedPipe_01_bad()\n{\n    {\n        wchar_t * pipeName = L\"\\\\\\\\.\\\\pipe\\\\mypipe\";\n        HANDLE hPipe = INVALID_HANDLE_VALUE;\n        BOOL fConnected = FALSE;\n        hPipe = CreateNamedPipeW(\n                    pipeName,\n                    FILE_FLAG_FIRST_PIPE_INSTANCE, /* FILE_FLAG_FIRST_PIPE_INSTANCE - this flag must be set */\n                    PIPE_TYPE_MESSAGE |\n                    PIPE_READMODE_MESSAGE |\n                    PIPE_WAIT,\n                    PIPE_UNLIMITED_INSTANCES,\n                    BUFFER_SIZE,\n                    BUFFER_SIZE,\n                    NMPWAIT_USE_DEFAULT_WAIT,\n                    NULL);\n        /* FLAW: If CreateNamedPipeW() failed, the return value will be INVALID_HANDLE_VALUE,\n           but we are checking to see if the return value is NULL */\n        if (hPipe == NULL)\n        {\n            exit(1);\n        }\n        fConnected = ConnectNamedPipe(hPipe, NULL) ? TRUE : (GetLastError() == ERROR_PIPE_CONNECTED);\n        /* We'll leave out most of the implementation since it has nothing to do with the CWE\n         * and since the checkers are looking for certain function calls anyway */\n        CloseHandle(hPipe);\n    }\n}",
        "question": "How does modifying the control structure `if (hPipe == NULL)` affect the behavior or output of `ConnectNamedPipe`?",
        "choices": {
            "A": "The modification of `if (hPipe == NULL)` directly impacts the execution of `ConnectNamedPipe` because its entire operation is controlled by `if (hPipe == NULL)` and located within `if (hPipe == NULL)`.",
            "B": "Modifying `if (hPipe == NULL)` has no impact on the behavior or output of `ConnectNamedPipe`.",
            "C": "The change of if (hPipe == NULL) indirectly affects the execution of `ConnectNamedPipe`, as the modifications in `if (hPipe == NULL)` influence the arguments or conditions within `ConnectNamedPipe`.",
            "D": "It is not possible to determine the effect without additional context."
        },
        "answer": "B",
        "distance": 0
    }
]