[
    {
        "case_id": 3688,
        "code": "void CWE426_Untrusted_Search_Path__char_system_01_bad()\n{\n    char * data;\n    char dataBuffer[100] = \"\";\n    data = dataBuffer;\n    /* FLAW: the full path is not specified */\n    strcpy(data, BAD_OS_COMMAND);\n    /* POTENTIAL FLAW: Executing the system() function without specifying the full path to the executable\n     * can allow an attacker to run their own program */\n    if (SYSTEM(data) <= 0)\n    {\n        printLine(\"command execution failed!\");\n        exit(1);\n    }\n}",
        "question": "How does modifying the control structure `if (SYSTEM(data) <= 0)` affect the behavior or output of `exit`?",
        "choices": {
            "A": "The modification of `if (SYSTEM(data) <= 0)` directly impacts the execution of `exit` because its entire operation is controlled by `if (SYSTEM(data) <= 0)` and located within `if (SYSTEM(data) <= 0)`.",
            "B": "Modifying `if (SYSTEM(data) <= 0)` has no impact on the behavior or output of `exit`.",
            "C": "The change of if (SYSTEM(data) <= 0) indirectly affects the execution of `exit`, as the modifications in `if (SYSTEM(data) <= 0)` influence the arguments or conditions within `exit`.",
            "D": "It is not possible to determine the effect without additional context."
        },
        "answer": "A",
        "distance": 1
    },
    {
        "case_id": 3688,
        "code": "void CWE426_Untrusted_Search_Path__char_system_01_bad()\n{\n    char * data;\n    char dataBuffer[100] = \"\";\n    data = dataBuffer;\n    /* FLAW: the full path is not specified */\n    strcpy(data, BAD_OS_COMMAND);\n    /* POTENTIAL FLAW: Executing the system() function without specifying the full path to the executable\n     * can allow an attacker to run their own program */\n    if (SYSTEM(data) <= 0)\n    {\n        printLine(\"command execution failed!\");\n        exit(1);\n    }\n}",
        "question": "How does modifying the control structure `if (SYSTEM(data) <= 0)` affect the behavior or output of `printLine`?",
        "choices": {
            "A": "The modification of `if (SYSTEM(data) <= 0)` directly impacts the execution of `printLine` because its entire operation is controlled by `if (SYSTEM(data) <= 0)` and located within `if (SYSTEM(data) <= 0)`.",
            "B": "Modifying `if (SYSTEM(data) <= 0)` has no impact on the behavior or output of `printLine`.",
            "C": "The change of if (SYSTEM(data) <= 0) indirectly affects the execution of `printLine`, as the modifications in `if (SYSTEM(data) <= 0)` influence the arguments or conditions within `printLine`.",
            "D": "It is not possible to determine the effect without additional context."
        },
        "answer": "A",
        "distance": 1
    },
    {
        "case_id": 3688,
        "code": "void CWE426_Untrusted_Search_Path__char_system_01_bad()\n{\n    char * data;\n    char dataBuffer[100] = \"\";\n    data = dataBuffer;\n    /* FLAW: the full path is not specified */\n    strcpy(data, BAD_OS_COMMAND);\n    /* POTENTIAL FLAW: Executing the system() function without specifying the full path to the executable\n     * can allow an attacker to run their own program */\n    if (SYSTEM(data) <= 0)\n    {\n        printLine(\"command execution failed!\");\n        exit(1);\n    }\n}",
        "question": "How does modifying the control structure `if (SYSTEM(data) <= 0)` affect the behavior or output of `SYSTEM`?",
        "choices": {
            "A": "The modification of `if (SYSTEM(data) <= 0)` directly impacts the execution of `SYSTEM` because its entire operation is controlled by `if (SYSTEM(data) <= 0)` and located within `if (SYSTEM(data) <= 0)`.",
            "B": "Modifying `if (SYSTEM(data) <= 0)` has no impact on the behavior or output of `SYSTEM`.",
            "C": "The change of if (SYSTEM(data) <= 0) indirectly affects the execution of `SYSTEM`, as the modifications in `if (SYSTEM(data) <= 0)` influence the arguments or conditions within `SYSTEM`.",
            "D": "It is not possible to determine the effect without additional context."
        },
        "answer": "B",
        "distance": 0
    },
    {
        "case_id": 3688,
        "code": "void CWE426_Untrusted_Search_Path__char_system_01_bad()\n{\n    char * data;\n    char dataBuffer[100] = \"\";\n    data = dataBuffer;\n    /* FLAW: the full path is not specified */\n    strcpy(data, BAD_OS_COMMAND);\n    /* POTENTIAL FLAW: Executing the system() function without specifying the full path to the executable\n     * can allow an attacker to run their own program */\n    if (SYSTEM(data) <= 0)\n    {\n        printLine(\"command execution failed!\");\n        exit(1);\n    }\n}",
        "question": "How does modifying the control structure `if (SYSTEM(data) <= 0)` affect the behavior or output of `strcpy`?",
        "choices": {
            "A": "The modification of `if (SYSTEM(data) <= 0)` directly impacts the execution of `strcpy` because its entire operation is controlled by `if (SYSTEM(data) <= 0)` and located within `if (SYSTEM(data) <= 0)`.",
            "B": "Modifying `if (SYSTEM(data) <= 0)` has no impact on the behavior or output of `strcpy`.",
            "C": "The change of if (SYSTEM(data) <= 0) indirectly affects the execution of `strcpy`, as the modifications in `if (SYSTEM(data) <= 0)` influence the arguments or conditions within `strcpy`.",
            "D": "It is not possible to determine the effect without additional context."
        },
        "answer": "B",
        "distance": 0
    }
]