[
    {
        "case_id": 7405,
        "code": "void CWE90_LDAP_Injection__w32_wchar_t_connect_socket_01_bad()\n{\n    wchar_t * data;\n    wchar_t dataBuffer[256] = L\"\";\n    data = dataBuffer;\n    {\n#ifdef _WIN32\n        WSADATA wsaData;\n        int wsaDataInit = 0;\n#endif\n        int recvResult;\n        struct sockaddr_in service;\n        wchar_t *replace;\n        SOCKET connectSocket = INVALID_SOCKET;\n        size_t dataLen = wcslen(data);\n        do\n        {\n#ifdef _WIN32\n            if (WSAStartup(MAKEWORD(2,2), &wsaData) != NO_ERROR)\n            {\n                break;\n            }\n            wsaDataInit = 1;\n#endif\n            /* POTENTIAL FLAW: Read data using a connect socket */\n            connectSocket = socket(AF_INET, SOCK_STREAM, IPPROTO_TCP);\n            if (connectSocket == INVALID_SOCKET)\n            {\n                break;\n            }\n            memset(&service, 0, sizeof(service));\n            service.sin_family = AF_INET;\n            service.sin_addr.s_addr = inet_addr(IP_ADDRESS);\n            service.sin_port = htons(TCP_PORT);\n            if (connect(connectSocket, (struct sockaddr*)&service, sizeof(service)) == SOCKET_ERROR)\n            {\n                break;\n            }\n            /* Abort on error or the connection was closed, make sure to recv one\n             * less char than is in the recv_buf in order to append a terminator */\n            /* Abort on error or the connection was closed */\n            recvResult = recv(connectSocket, (char *)(data + dataLen), sizeof(wchar_t) * (256 - dataLen - 1), 0);\n            if (recvResult == SOCKET_ERROR || recvResult == 0)\n            {\n                break;\n            }\n            /* Append null terminator */\n            data[dataLen + recvResult / sizeof(wchar_t)] = L'\\0';\n            /* Eliminate CRLF */\n            replace = wcschr(data, L'\\r');\n            if (replace)\n            {\n                *replace = L'\\0';\n            }\n            replace = wcschr(data, L'\\n');\n            if (replace)\n            {\n                *replace = L'\\0';\n            }\n        }\n        while (0);\n        if (connectSocket != INVALID_SOCKET)\n        {\n            CLOSE_SOCKET(connectSocket);\n        }\n#ifdef _WIN32\n        if (wsaDataInit)\n        {\n            WSACleanup();\n        }\n#endif\n    }\n    {\n        LDAP* pLdapConnection = NULL;\n        ULONG connectSuccess = 0L;\n        ULONG searchSuccess = 0L;\n        LDAPMessage *pMessage = NULL;\n        wchar_t filter[256];\n        /* POTENTIAL FLAW: data concatenated into LDAP search, which could result in LDAP Injection*/\n        _snwprintf(filter, 256-1, L\"(cn=%s)\", data);\n        pLdapConnection = ldap_initW(L\"localhost\", LDAP_PORT);\n        if (pLdapConnection == NULL)\n        {\n            printLine(\"Initialization failed\");\n            exit(1);\n        }\n        connectSuccess = ldap_connect(pLdapConnection, NULL);\n        if (connectSuccess != LDAP_SUCCESS)\n        {\n            printLine(\"Connection failed\");\n            exit(1);\n        }\n        searchSuccess = ldap_search_ext_sW(\n                            pLdapConnection,\n                            L\"base\",\n                            LDAP_SCOPE_SUBTREE,\n                            filter,\n                            NULL,\n                            0,\n                            NULL,\n                            NULL,\n                            LDAP_NO_LIMIT,\n                            LDAP_NO_LIMIT,\n                            &pMessage);\n        if (searchSuccess != LDAP_SUCCESS)\n        {\n            printLine(\"Search failed\");\n            if (pMessage != NULL)\n            {\n                ldap_msgfree(pMessage);\n            }\n            exit(1);\n        }\n        /* Typically you would do something with the search results, but this is a test case and we can ignore them */\n        /* Free the results to avoid incidentals */\n        if (pMessage != NULL)\n        {\n            ldap_msgfree(pMessage);\n        }\n        /* Close the connection */\n        ldap_unbind(pLdapConnection);\n    }\n}",
        "question": "How does modifying the control structure `if (connectSocket != INVALID_SOCKET)` affect the behavior or output of `CLOSE_SOCKET`?",
        "choices": {
            "A": "The modification of `if (connectSocket != INVALID_SOCKET)` directly impacts the execution of `CLOSE_SOCKET` because its entire operation is controlled by `if (connectSocket != INVALID_SOCKET)` and located within `if (connectSocket != INVALID_SOCKET)`.",
            "B": "Modifying `if (connectSocket != INVALID_SOCKET)` has no impact on the behavior or output of `CLOSE_SOCKET`.",
            "C": "The change of if (connectSocket != INVALID_SOCKET) indirectly affects the execution of `CLOSE_SOCKET`, as the modifications in `if (connectSocket != INVALID_SOCKET)` influence the arguments or conditions within `CLOSE_SOCKET`.",
            "D": "It is not possible to determine the effect without additional context."
        },
        "answer": "A",
        "distance": 1
    },
    {
        "case_id": 7405,
        "code": "void CWE90_LDAP_Injection__w32_wchar_t_connect_socket_01_bad()\n{\n    wchar_t * data;\n    wchar_t dataBuffer[256] = L\"\";\n    data = dataBuffer;\n    {\n#ifdef _WIN32\n        WSADATA wsaData;\n        int wsaDataInit = 0;\n#endif\n        int recvResult;\n        struct sockaddr_in service;\n        wchar_t *replace;\n        SOCKET connectSocket = INVALID_SOCKET;\n        size_t dataLen = wcslen(data);\n        do\n        {\n#ifdef _WIN32\n            if (WSAStartup(MAKEWORD(2,2), &wsaData) != NO_ERROR)\n            {\n                break;\n            }\n            wsaDataInit = 1;\n#endif\n            /* POTENTIAL FLAW: Read data using a connect socket */\n            connectSocket = socket(AF_INET, SOCK_STREAM, IPPROTO_TCP);\n            if (connectSocket == INVALID_SOCKET)\n            {\n                break;\n            }\n            memset(&service, 0, sizeof(service));\n            service.sin_family = AF_INET;\n            service.sin_addr.s_addr = inet_addr(IP_ADDRESS);\n            service.sin_port = htons(TCP_PORT);\n            if (connect(connectSocket, (struct sockaddr*)&service, sizeof(service)) == SOCKET_ERROR)\n            {\n                break;\n            }\n            /* Abort on error or the connection was closed, make sure to recv one\n             * less char than is in the recv_buf in order to append a terminator */\n            /* Abort on error or the connection was closed */\n            recvResult = recv(connectSocket, (char *)(data + dataLen), sizeof(wchar_t) * (256 - dataLen - 1), 0);\n            if (recvResult == SOCKET_ERROR || recvResult == 0)\n            {\n                break;\n            }\n            /* Append null terminator */\n            data[dataLen + recvResult / sizeof(wchar_t)] = L'\\0';\n            /* Eliminate CRLF */\n            replace = wcschr(data, L'\\r');\n            if (replace)\n            {\n                *replace = L'\\0';\n            }\n            replace = wcschr(data, L'\\n');\n            if (replace)\n            {\n                *replace = L'\\0';\n            }\n        }\n        while (0);\n        if (connectSocket != INVALID_SOCKET)\n        {\n            CLOSE_SOCKET(connectSocket);\n        }\n#ifdef _WIN32\n        if (wsaDataInit)\n        {\n            WSACleanup();\n        }\n#endif\n    }\n    {\n        LDAP* pLdapConnection = NULL;\n        ULONG connectSuccess = 0L;\n        ULONG searchSuccess = 0L;\n        LDAPMessage *pMessage = NULL;\n        wchar_t filter[256];\n        /* POTENTIAL FLAW: data concatenated into LDAP search, which could result in LDAP Injection*/\n        _snwprintf(filter, 256-1, L\"(cn=%s)\", data);\n        pLdapConnection = ldap_initW(L\"localhost\", LDAP_PORT);\n        if (pLdapConnection == NULL)\n        {\n            printLine(\"Initialization failed\");\n            exit(1);\n        }\n        connectSuccess = ldap_connect(pLdapConnection, NULL);\n        if (connectSuccess != LDAP_SUCCESS)\n        {\n            printLine(\"Connection failed\");\n            exit(1);\n        }\n        searchSuccess = ldap_search_ext_sW(\n                            pLdapConnection,\n                            L\"base\",\n                            LDAP_SCOPE_SUBTREE,\n                            filter,\n                            NULL,\n                            0,\n                            NULL,\n                            NULL,\n                            LDAP_NO_LIMIT,\n                            LDAP_NO_LIMIT,\n                            &pMessage);\n        if (searchSuccess != LDAP_SUCCESS)\n        {\n            printLine(\"Search failed\");\n            if (pMessage != NULL)\n            {\n                ldap_msgfree(pMessage);\n            }\n            exit(1);\n        }\n        /* Typically you would do something with the search results, but this is a test case and we can ignore them */\n        /* Free the results to avoid incidentals */\n        if (pMessage != NULL)\n        {\n            ldap_msgfree(pMessage);\n        }\n        /* Close the connection */\n        ldap_unbind(pLdapConnection);\n    }\n}",
        "question": "How does modifying the control structure `do` affect the behavior or output of `memset`?",
        "choices": {
            "A": "The modification of `do` directly impacts the execution of `memset` because its entire operation is controlled by `do` and located within `do`.",
            "B": "Modifying `do` has no impact on the behavior or output of `memset`.",
            "C": "The change of do indirectly affects the execution of `memset`, as the modifications in `do` influence the arguments or conditions within `memset`.",
            "D": "It is not possible to determine the effect without additional context."
        },
        "answer": "A",
        "distance": 1
    },
    {
        "case_id": 7405,
        "code": "void CWE90_LDAP_Injection__w32_wchar_t_connect_socket_01_bad()\n{\n    wchar_t * data;\n    wchar_t dataBuffer[256] = L\"\";\n    data = dataBuffer;\n    {\n#ifdef _WIN32\n        WSADATA wsaData;\n        int wsaDataInit = 0;\n#endif\n        int recvResult;\n        struct sockaddr_in service;\n        wchar_t *replace;\n        SOCKET connectSocket = INVALID_SOCKET;\n        size_t dataLen = wcslen(data);\n        do\n        {\n#ifdef _WIN32\n            if (WSAStartup(MAKEWORD(2,2), &wsaData) != NO_ERROR)\n            {\n                break;\n            }\n            wsaDataInit = 1;\n#endif\n            /* POTENTIAL FLAW: Read data using a connect socket */\n            connectSocket = socket(AF_INET, SOCK_STREAM, IPPROTO_TCP);\n            if (connectSocket == INVALID_SOCKET)\n            {\n                break;\n            }\n            memset(&service, 0, sizeof(service));\n            service.sin_family = AF_INET;\n            service.sin_addr.s_addr = inet_addr(IP_ADDRESS);\n            service.sin_port = htons(TCP_PORT);\n            if (connect(connectSocket, (struct sockaddr*)&service, sizeof(service)) == SOCKET_ERROR)\n            {\n                break;\n            }\n            /* Abort on error or the connection was closed, make sure to recv one\n             * less char than is in the recv_buf in order to append a terminator */\n            /* Abort on error or the connection was closed */\n            recvResult = recv(connectSocket, (char *)(data + dataLen), sizeof(wchar_t) * (256 - dataLen - 1), 0);\n            if (recvResult == SOCKET_ERROR || recvResult == 0)\n            {\n                break;\n            }\n            /* Append null terminator */\n            data[dataLen + recvResult / sizeof(wchar_t)] = L'\\0';\n            /* Eliminate CRLF */\n            replace = wcschr(data, L'\\r');\n            if (replace)\n            {\n                *replace = L'\\0';\n            }\n            replace = wcschr(data, L'\\n');\n            if (replace)\n            {\n                *replace = L'\\0';\n            }\n        }\n        while (0);\n        if (connectSocket != INVALID_SOCKET)\n        {\n            CLOSE_SOCKET(connectSocket);\n        }\n#ifdef _WIN32\n        if (wsaDataInit)\n        {\n            WSACleanup();\n        }\n#endif\n    }\n    {\n        LDAP* pLdapConnection = NULL;\n        ULONG connectSuccess = 0L;\n        ULONG searchSuccess = 0L;\n        LDAPMessage *pMessage = NULL;\n        wchar_t filter[256];\n        /* POTENTIAL FLAW: data concatenated into LDAP search, which could result in LDAP Injection*/\n        _snwprintf(filter, 256-1, L\"(cn=%s)\", data);\n        pLdapConnection = ldap_initW(L\"localhost\", LDAP_PORT);\n        if (pLdapConnection == NULL)\n        {\n            printLine(\"Initialization failed\");\n            exit(1);\n        }\n        connectSuccess = ldap_connect(pLdapConnection, NULL);\n        if (connectSuccess != LDAP_SUCCESS)\n        {\n            printLine(\"Connection failed\");\n            exit(1);\n        }\n        searchSuccess = ldap_search_ext_sW(\n                            pLdapConnection,\n                            L\"base\",\n                            LDAP_SCOPE_SUBTREE,\n                            filter,\n                            NULL,\n                            0,\n                            NULL,\n                            NULL,\n                            LDAP_NO_LIMIT,\n                            LDAP_NO_LIMIT,\n                            &pMessage);\n        if (searchSuccess != LDAP_SUCCESS)\n        {\n            printLine(\"Search failed\");\n            if (pMessage != NULL)\n            {\n                ldap_msgfree(pMessage);\n            }\n            exit(1);\n        }\n        /* Typically you would do something with the search results, but this is a test case and we can ignore them */\n        /* Free the results to avoid incidentals */\n        if (pMessage != NULL)\n        {\n            ldap_msgfree(pMessage);\n        }\n        /* Close the connection */\n        ldap_unbind(pLdapConnection);\n    }\n}",
        "question": "How does modifying the control structure `do` affect the behavior or output of `htons`?",
        "choices": {
            "A": "The modification of `do` directly impacts the execution of `htons` because its entire operation is controlled by `do` and located within `do`.",
            "B": "Modifying `do` has no impact on the behavior or output of `htons`.",
            "C": "The change of do indirectly affects the execution of `htons`, as the modifications in `do` influence the arguments or conditions within `htons`.",
            "D": "It is not possible to determine the effect without additional context."
        },
        "answer": "A",
        "distance": 1
    },
    {
        "case_id": 7405,
        "code": "void CWE90_LDAP_Injection__w32_wchar_t_connect_socket_01_bad()\n{\n    wchar_t * data;\n    wchar_t dataBuffer[256] = L\"\";\n    data = dataBuffer;\n    {\n#ifdef _WIN32\n        WSADATA wsaData;\n        int wsaDataInit = 0;\n#endif\n        int recvResult;\n        struct sockaddr_in service;\n        wchar_t *replace;\n        SOCKET connectSocket = INVALID_SOCKET;\n        size_t dataLen = wcslen(data);\n        do\n        {\n#ifdef _WIN32\n            if (WSAStartup(MAKEWORD(2,2), &wsaData) != NO_ERROR)\n            {\n                break;\n            }\n            wsaDataInit = 1;\n#endif\n            /* POTENTIAL FLAW: Read data using a connect socket */\n            connectSocket = socket(AF_INET, SOCK_STREAM, IPPROTO_TCP);\n            if (connectSocket == INVALID_SOCKET)\n            {\n                break;\n            }\n            memset(&service, 0, sizeof(service));\n            service.sin_family = AF_INET;\n            service.sin_addr.s_addr = inet_addr(IP_ADDRESS);\n            service.sin_port = htons(TCP_PORT);\n            if (connect(connectSocket, (struct sockaddr*)&service, sizeof(service)) == SOCKET_ERROR)\n            {\n                break;\n            }\n            /* Abort on error or the connection was closed, make sure to recv one\n             * less char than is in the recv_buf in order to append a terminator */\n            /* Abort on error or the connection was closed */\n            recvResult = recv(connectSocket, (char *)(data + dataLen), sizeof(wchar_t) * (256 - dataLen - 1), 0);\n            if (recvResult == SOCKET_ERROR || recvResult == 0)\n            {\n                break;\n            }\n            /* Append null terminator */\n            data[dataLen + recvResult / sizeof(wchar_t)] = L'\\0';\n            /* Eliminate CRLF */\n            replace = wcschr(data, L'\\r');\n            if (replace)\n            {\n                *replace = L'\\0';\n            }\n            replace = wcschr(data, L'\\n');\n            if (replace)\n            {\n                *replace = L'\\0';\n            }\n        }\n        while (0);\n        if (connectSocket != INVALID_SOCKET)\n        {\n            CLOSE_SOCKET(connectSocket);\n        }\n#ifdef _WIN32\n        if (wsaDataInit)\n        {\n            WSACleanup();\n        }\n#endif\n    }\n    {\n        LDAP* pLdapConnection = NULL;\n        ULONG connectSuccess = 0L;\n        ULONG searchSuccess = 0L;\n        LDAPMessage *pMessage = NULL;\n        wchar_t filter[256];\n        /* POTENTIAL FLAW: data concatenated into LDAP search, which could result in LDAP Injection*/\n        _snwprintf(filter, 256-1, L\"(cn=%s)\", data);\n        pLdapConnection = ldap_initW(L\"localhost\", LDAP_PORT);\n        if (pLdapConnection == NULL)\n        {\n            printLine(\"Initialization failed\");\n            exit(1);\n        }\n        connectSuccess = ldap_connect(pLdapConnection, NULL);\n        if (connectSuccess != LDAP_SUCCESS)\n        {\n            printLine(\"Connection failed\");\n            exit(1);\n        }\n        searchSuccess = ldap_search_ext_sW(\n                            pLdapConnection,\n                            L\"base\",\n                            LDAP_SCOPE_SUBTREE,\n                            filter,\n                            NULL,\n                            0,\n                            NULL,\n                            NULL,\n                            LDAP_NO_LIMIT,\n                            LDAP_NO_LIMIT,\n                            &pMessage);\n        if (searchSuccess != LDAP_SUCCESS)\n        {\n            printLine(\"Search failed\");\n            if (pMessage != NULL)\n            {\n                ldap_msgfree(pMessage);\n            }\n            exit(1);\n        }\n        /* Typically you would do something with the search results, but this is a test case and we can ignore them */\n        /* Free the results to avoid incidentals */\n        if (pMessage != NULL)\n        {\n            ldap_msgfree(pMessage);\n        }\n        /* Close the connection */\n        ldap_unbind(pLdapConnection);\n    }\n}",
        "question": "How does modifying the control structure `do` affect the behavior or output of `inet_addr`?",
        "choices": {
            "A": "The modification of `do` directly impacts the execution of `inet_addr` because its entire operation is controlled by `do` and located within `do`.",
            "B": "Modifying `do` has no impact on the behavior or output of `inet_addr`.",
            "C": "The change of do indirectly affects the execution of `inet_addr`, as the modifications in `do` influence the arguments or conditions within `inet_addr`.",
            "D": "It is not possible to determine the effect without additional context."
        },
        "answer": "A",
        "distance": 1
    },
    {
        "case_id": 7405,
        "code": "void CWE90_LDAP_Injection__w32_wchar_t_connect_socket_01_bad()\n{\n    wchar_t * data;\n    wchar_t dataBuffer[256] = L\"\";\n    data = dataBuffer;\n    {\n#ifdef _WIN32\n        WSADATA wsaData;\n        int wsaDataInit = 0;\n#endif\n        int recvResult;\n        struct sockaddr_in service;\n        wchar_t *replace;\n        SOCKET connectSocket = INVALID_SOCKET;\n        size_t dataLen = wcslen(data);\n        do\n        {\n#ifdef _WIN32\n            if (WSAStartup(MAKEWORD(2,2), &wsaData) != NO_ERROR)\n            {\n                break;\n            }\n            wsaDataInit = 1;\n#endif\n            /* POTENTIAL FLAW: Read data using a connect socket */\n            connectSocket = socket(AF_INET, SOCK_STREAM, IPPROTO_TCP);\n            if (connectSocket == INVALID_SOCKET)\n            {\n                break;\n            }\n            memset(&service, 0, sizeof(service));\n            service.sin_family = AF_INET;\n            service.sin_addr.s_addr = inet_addr(IP_ADDRESS);\n            service.sin_port = htons(TCP_PORT);\n            if (connect(connectSocket, (struct sockaddr*)&service, sizeof(service)) == SOCKET_ERROR)\n            {\n                break;\n            }\n            /* Abort on error or the connection was closed, make sure to recv one\n             * less char than is in the recv_buf in order to append a terminator */\n            /* Abort on error or the connection was closed */\n            recvResult = recv(connectSocket, (char *)(data + dataLen), sizeof(wchar_t) * (256 - dataLen - 1), 0);\n            if (recvResult == SOCKET_ERROR || recvResult == 0)\n            {\n                break;\n            }\n            /* Append null terminator */\n            data[dataLen + recvResult / sizeof(wchar_t)] = L'\\0';\n            /* Eliminate CRLF */\n            replace = wcschr(data, L'\\r');\n            if (replace)\n            {\n                *replace = L'\\0';\n            }\n            replace = wcschr(data, L'\\n');\n            if (replace)\n            {\n                *replace = L'\\0';\n            }\n        }\n        while (0);\n        if (connectSocket != INVALID_SOCKET)\n        {\n            CLOSE_SOCKET(connectSocket);\n        }\n#ifdef _WIN32\n        if (wsaDataInit)\n        {\n            WSACleanup();\n        }\n#endif\n    }\n    {\n        LDAP* pLdapConnection = NULL;\n        ULONG connectSuccess = 0L;\n        ULONG searchSuccess = 0L;\n        LDAPMessage *pMessage = NULL;\n        wchar_t filter[256];\n        /* POTENTIAL FLAW: data concatenated into LDAP search, which could result in LDAP Injection*/\n        _snwprintf(filter, 256-1, L\"(cn=%s)\", data);\n        pLdapConnection = ldap_initW(L\"localhost\", LDAP_PORT);\n        if (pLdapConnection == NULL)\n        {\n            printLine(\"Initialization failed\");\n            exit(1);\n        }\n        connectSuccess = ldap_connect(pLdapConnection, NULL);\n        if (connectSuccess != LDAP_SUCCESS)\n        {\n            printLine(\"Connection failed\");\n            exit(1);\n        }\n        searchSuccess = ldap_search_ext_sW(\n                            pLdapConnection,\n                            L\"base\",\n                            LDAP_SCOPE_SUBTREE,\n                            filter,\n                            NULL,\n                            0,\n                            NULL,\n                            NULL,\n                            LDAP_NO_LIMIT,\n                            LDAP_NO_LIMIT,\n                            &pMessage);\n        if (searchSuccess != LDAP_SUCCESS)\n        {\n            printLine(\"Search failed\");\n            if (pMessage != NULL)\n            {\n                ldap_msgfree(pMessage);\n            }\n            exit(1);\n        }\n        /* Typically you would do something with the search results, but this is a test case and we can ignore them */\n        /* Free the results to avoid incidentals */\n        if (pMessage != NULL)\n        {\n            ldap_msgfree(pMessage);\n        }\n        /* Close the connection */\n        ldap_unbind(pLdapConnection);\n    }\n}",
        "question": "How does modifying the control structure `while (0);` affect the behavior or output of `wcslen`?",
        "choices": {
            "A": "The modification of `while (0);` directly impacts the execution of `wcslen` because its entire operation is controlled by `while (0);` and located within `while (0);`.",
            "B": "Modifying `while (0);` has no impact on the behavior or output of `wcslen`.",
            "C": "The change of while (0); indirectly affects the execution of `wcslen`, as the modifications in `while (0);` influence the arguments or conditions within `wcslen`.",
            "D": "It is not possible to determine the effect without additional context."
        },
        "answer": "B",
        "distance": 0
    },
    {
        "case_id": 7405,
        "code": "void CWE90_LDAP_Injection__w32_wchar_t_connect_socket_01_bad()\n{\n    wchar_t * data;\n    wchar_t dataBuffer[256] = L\"\";\n    data = dataBuffer;\n    {\n#ifdef _WIN32\n        WSADATA wsaData;\n        int wsaDataInit = 0;\n#endif\n        int recvResult;\n        struct sockaddr_in service;\n        wchar_t *replace;\n        SOCKET connectSocket = INVALID_SOCKET;\n        size_t dataLen = wcslen(data);\n        do\n        {\n#ifdef _WIN32\n            if (WSAStartup(MAKEWORD(2,2), &wsaData) != NO_ERROR)\n            {\n                break;\n            }\n            wsaDataInit = 1;\n#endif\n            /* POTENTIAL FLAW: Read data using a connect socket */\n            connectSocket = socket(AF_INET, SOCK_STREAM, IPPROTO_TCP);\n            if (connectSocket == INVALID_SOCKET)\n            {\n                break;\n            }\n            memset(&service, 0, sizeof(service));\n            service.sin_family = AF_INET;\n            service.sin_addr.s_addr = inet_addr(IP_ADDRESS);\n            service.sin_port = htons(TCP_PORT);\n            if (connect(connectSocket, (struct sockaddr*)&service, sizeof(service)) == SOCKET_ERROR)\n            {\n                break;\n            }\n            /* Abort on error or the connection was closed, make sure to recv one\n             * less char than is in the recv_buf in order to append a terminator */\n            /* Abort on error or the connection was closed */\n            recvResult = recv(connectSocket, (char *)(data + dataLen), sizeof(wchar_t) * (256 - dataLen - 1), 0);\n            if (recvResult == SOCKET_ERROR || recvResult == 0)\n            {\n                break;\n            }\n            /* Append null terminator */\n            data[dataLen + recvResult / sizeof(wchar_t)] = L'\\0';\n            /* Eliminate CRLF */\n            replace = wcschr(data, L'\\r');\n            if (replace)\n            {\n                *replace = L'\\0';\n            }\n            replace = wcschr(data, L'\\n');\n            if (replace)\n            {\n                *replace = L'\\0';\n            }\n        }\n        while (0);\n        if (connectSocket != INVALID_SOCKET)\n        {\n            CLOSE_SOCKET(connectSocket);\n        }\n#ifdef _WIN32\n        if (wsaDataInit)\n        {\n            WSACleanup();\n        }\n#endif\n    }\n    {\n        LDAP* pLdapConnection = NULL;\n        ULONG connectSuccess = 0L;\n        ULONG searchSuccess = 0L;\n        LDAPMessage *pMessage = NULL;\n        wchar_t filter[256];\n        /* POTENTIAL FLAW: data concatenated into LDAP search, which could result in LDAP Injection*/\n        _snwprintf(filter, 256-1, L\"(cn=%s)\", data);\n        pLdapConnection = ldap_initW(L\"localhost\", LDAP_PORT);\n        if (pLdapConnection == NULL)\n        {\n            printLine(\"Initialization failed\");\n            exit(1);\n        }\n        connectSuccess = ldap_connect(pLdapConnection, NULL);\n        if (connectSuccess != LDAP_SUCCESS)\n        {\n            printLine(\"Connection failed\");\n            exit(1);\n        }\n        searchSuccess = ldap_search_ext_sW(\n                            pLdapConnection,\n                            L\"base\",\n                            LDAP_SCOPE_SUBTREE,\n                            filter,\n                            NULL,\n                            0,\n                            NULL,\n                            NULL,\n                            LDAP_NO_LIMIT,\n                            LDAP_NO_LIMIT,\n                            &pMessage);\n        if (searchSuccess != LDAP_SUCCESS)\n        {\n            printLine(\"Search failed\");\n            if (pMessage != NULL)\n            {\n                ldap_msgfree(pMessage);\n            }\n            exit(1);\n        }\n        /* Typically you would do something with the search results, but this is a test case and we can ignore them */\n        /* Free the results to avoid incidentals */\n        if (pMessage != NULL)\n        {\n            ldap_msgfree(pMessage);\n        }\n        /* Close the connection */\n        ldap_unbind(pLdapConnection);\n    }\n}",
        "question": "How does modifying the control structure `while (0);` affect the behavior or output of `ldap_initW`?",
        "choices": {
            "A": "The modification of `while (0);` directly impacts the execution of `ldap_initW` because its entire operation is controlled by `while (0);` and located within `while (0);`.",
            "B": "Modifying `while (0);` has no impact on the behavior or output of `ldap_initW`.",
            "C": "The change of while (0); indirectly affects the execution of `ldap_initW`, as the modifications in `while (0);` influence the arguments or conditions within `ldap_initW`.",
            "D": "It is not possible to determine the effect without additional context."
        },
        "answer": "B",
        "distance": 0
    },
    {
        "case_id": 7405,
        "code": "void CWE90_LDAP_Injection__w32_wchar_t_connect_socket_01_bad()\n{\n    wchar_t * data;\n    wchar_t dataBuffer[256] = L\"\";\n    data = dataBuffer;\n    {\n#ifdef _WIN32\n        WSADATA wsaData;\n        int wsaDataInit = 0;\n#endif\n        int recvResult;\n        struct sockaddr_in service;\n        wchar_t *replace;\n        SOCKET connectSocket = INVALID_SOCKET;\n        size_t dataLen = wcslen(data);\n        do\n        {\n#ifdef _WIN32\n            if (WSAStartup(MAKEWORD(2,2), &wsaData) != NO_ERROR)\n            {\n                break;\n            }\n            wsaDataInit = 1;\n#endif\n            /* POTENTIAL FLAW: Read data using a connect socket */\n            connectSocket = socket(AF_INET, SOCK_STREAM, IPPROTO_TCP);\n            if (connectSocket == INVALID_SOCKET)\n            {\n                break;\n            }\n            memset(&service, 0, sizeof(service));\n            service.sin_family = AF_INET;\n            service.sin_addr.s_addr = inet_addr(IP_ADDRESS);\n            service.sin_port = htons(TCP_PORT);\n            if (connect(connectSocket, (struct sockaddr*)&service, sizeof(service)) == SOCKET_ERROR)\n            {\n                break;\n            }\n            /* Abort on error or the connection was closed, make sure to recv one\n             * less char than is in the recv_buf in order to append a terminator */\n            /* Abort on error or the connection was closed */\n            recvResult = recv(connectSocket, (char *)(data + dataLen), sizeof(wchar_t) * (256 - dataLen - 1), 0);\n            if (recvResult == SOCKET_ERROR || recvResult == 0)\n            {\n                break;\n            }\n            /* Append null terminator */\n            data[dataLen + recvResult / sizeof(wchar_t)] = L'\\0';\n            /* Eliminate CRLF */\n            replace = wcschr(data, L'\\r');\n            if (replace)\n            {\n                *replace = L'\\0';\n            }\n            replace = wcschr(data, L'\\n');\n            if (replace)\n            {\n                *replace = L'\\0';\n            }\n        }\n        while (0);\n        if (connectSocket != INVALID_SOCKET)\n        {\n            CLOSE_SOCKET(connectSocket);\n        }\n#ifdef _WIN32\n        if (wsaDataInit)\n        {\n            WSACleanup();\n        }\n#endif\n    }\n    {\n        LDAP* pLdapConnection = NULL;\n        ULONG connectSuccess = 0L;\n        ULONG searchSuccess = 0L;\n        LDAPMessage *pMessage = NULL;\n        wchar_t filter[256];\n        /* POTENTIAL FLAW: data concatenated into LDAP search, which could result in LDAP Injection*/\n        _snwprintf(filter, 256-1, L\"(cn=%s)\", data);\n        pLdapConnection = ldap_initW(L\"localhost\", LDAP_PORT);\n        if (pLdapConnection == NULL)\n        {\n            printLine(\"Initialization failed\");\n            exit(1);\n        }\n        connectSuccess = ldap_connect(pLdapConnection, NULL);\n        if (connectSuccess != LDAP_SUCCESS)\n        {\n            printLine(\"Connection failed\");\n            exit(1);\n        }\n        searchSuccess = ldap_search_ext_sW(\n                            pLdapConnection,\n                            L\"base\",\n                            LDAP_SCOPE_SUBTREE,\n                            filter,\n                            NULL,\n                            0,\n                            NULL,\n                            NULL,\n                            LDAP_NO_LIMIT,\n                            LDAP_NO_LIMIT,\n                            &pMessage);\n        if (searchSuccess != LDAP_SUCCESS)\n        {\n            printLine(\"Search failed\");\n            if (pMessage != NULL)\n            {\n                ldap_msgfree(pMessage);\n            }\n            exit(1);\n        }\n        /* Typically you would do something with the search results, but this is a test case and we can ignore them */\n        /* Free the results to avoid incidentals */\n        if (pMessage != NULL)\n        {\n            ldap_msgfree(pMessage);\n        }\n        /* Close the connection */\n        ldap_unbind(pLdapConnection);\n    }\n}",
        "question": "How does modifying the control structure `while (0);` affect the behavior or output of `WSACleanup`?",
        "choices": {
            "A": "The modification of `while (0);` directly impacts the execution of `WSACleanup` because its entire operation is controlled by `while (0);` and located within `while (0);`.",
            "B": "Modifying `while (0);` has no impact on the behavior or output of `WSACleanup`.",
            "C": "The change of while (0); indirectly affects the execution of `WSACleanup`, as the modifications in `while (0);` influence the arguments or conditions within `WSACleanup`.",
            "D": "It is not possible to determine the effect without additional context."
        },
        "answer": "B",
        "distance": 0
    },
    {
        "case_id": 7405,
        "code": "void CWE90_LDAP_Injection__w32_wchar_t_connect_socket_01_bad()\n{\n    wchar_t * data;\n    wchar_t dataBuffer[256] = L\"\";\n    data = dataBuffer;\n    {\n#ifdef _WIN32\n        WSADATA wsaData;\n        int wsaDataInit = 0;\n#endif\n        int recvResult;\n        struct sockaddr_in service;\n        wchar_t *replace;\n        SOCKET connectSocket = INVALID_SOCKET;\n        size_t dataLen = wcslen(data);\n        do\n        {\n#ifdef _WIN32\n            if (WSAStartup(MAKEWORD(2,2), &wsaData) != NO_ERROR)\n            {\n                break;\n            }\n            wsaDataInit = 1;\n#endif\n            /* POTENTIAL FLAW: Read data using a connect socket */\n            connectSocket = socket(AF_INET, SOCK_STREAM, IPPROTO_TCP);\n            if (connectSocket == INVALID_SOCKET)\n            {\n                break;\n            }\n            memset(&service, 0, sizeof(service));\n            service.sin_family = AF_INET;\n            service.sin_addr.s_addr = inet_addr(IP_ADDRESS);\n            service.sin_port = htons(TCP_PORT);\n            if (connect(connectSocket, (struct sockaddr*)&service, sizeof(service)) == SOCKET_ERROR)\n            {\n                break;\n            }\n            /* Abort on error or the connection was closed, make sure to recv one\n             * less char than is in the recv_buf in order to append a terminator */\n            /* Abort on error or the connection was closed */\n            recvResult = recv(connectSocket, (char *)(data + dataLen), sizeof(wchar_t) * (256 - dataLen - 1), 0);\n            if (recvResult == SOCKET_ERROR || recvResult == 0)\n            {\n                break;\n            }\n            /* Append null terminator */\n            data[dataLen + recvResult / sizeof(wchar_t)] = L'\\0';\n            /* Eliminate CRLF */\n            replace = wcschr(data, L'\\r');\n            if (replace)\n            {\n                *replace = L'\\0';\n            }\n            replace = wcschr(data, L'\\n');\n            if (replace)\n            {\n                *replace = L'\\0';\n            }\n        }\n        while (0);\n        if (connectSocket != INVALID_SOCKET)\n        {\n            CLOSE_SOCKET(connectSocket);\n        }\n#ifdef _WIN32\n        if (wsaDataInit)\n        {\n            WSACleanup();\n        }\n#endif\n    }\n    {\n        LDAP* pLdapConnection = NULL;\n        ULONG connectSuccess = 0L;\n        ULONG searchSuccess = 0L;\n        LDAPMessage *pMessage = NULL;\n        wchar_t filter[256];\n        /* POTENTIAL FLAW: data concatenated into LDAP search, which could result in LDAP Injection*/\n        _snwprintf(filter, 256-1, L\"(cn=%s)\", data);\n        pLdapConnection = ldap_initW(L\"localhost\", LDAP_PORT);\n        if (pLdapConnection == NULL)\n        {\n            printLine(\"Initialization failed\");\n            exit(1);\n        }\n        connectSuccess = ldap_connect(pLdapConnection, NULL);\n        if (connectSuccess != LDAP_SUCCESS)\n        {\n            printLine(\"Connection failed\");\n            exit(1);\n        }\n        searchSuccess = ldap_search_ext_sW(\n                            pLdapConnection,\n                            L\"base\",\n                            LDAP_SCOPE_SUBTREE,\n                            filter,\n                            NULL,\n                            0,\n                            NULL,\n                            NULL,\n                            LDAP_NO_LIMIT,\n                            LDAP_NO_LIMIT,\n                            &pMessage);\n        if (searchSuccess != LDAP_SUCCESS)\n        {\n            printLine(\"Search failed\");\n            if (pMessage != NULL)\n            {\n                ldap_msgfree(pMessage);\n            }\n            exit(1);\n        }\n        /* Typically you would do something with the search results, but this is a test case and we can ignore them */\n        /* Free the results to avoid incidentals */\n        if (pMessage != NULL)\n        {\n            ldap_msgfree(pMessage);\n        }\n        /* Close the connection */\n        ldap_unbind(pLdapConnection);\n    }\n}",
        "question": "How does modifying the control structure `while (0);` affect the behavior or output of `CLOSE_SOCKET`?",
        "choices": {
            "A": "The modification of `while (0);` directly impacts the execution of `CLOSE_SOCKET` because its entire operation is controlled by `while (0);` and located within `while (0);`.",
            "B": "Modifying `while (0);` has no impact on the behavior or output of `CLOSE_SOCKET`.",
            "C": "The change of while (0); indirectly affects the execution of `CLOSE_SOCKET`, as the modifications in `while (0);` influence the arguments or conditions within `CLOSE_SOCKET`.",
            "D": "It is not possible to determine the effect without additional context."
        },
        "answer": "B",
        "distance": 0
    },
    {
        "case_id": 7405,
        "code": "void CWE90_LDAP_Injection__w32_wchar_t_connect_socket_01_bad()\n{\n    wchar_t * data;\n    wchar_t dataBuffer[256] = L\"\";\n    data = dataBuffer;\n    {\n#ifdef _WIN32\n        WSADATA wsaData;\n        int wsaDataInit = 0;\n#endif\n        int recvResult;\n        struct sockaddr_in service;\n        wchar_t *replace;\n        SOCKET connectSocket = INVALID_SOCKET;\n        size_t dataLen = wcslen(data);\n        do\n        {\n#ifdef _WIN32\n            if (WSAStartup(MAKEWORD(2,2), &wsaData) != NO_ERROR)\n            {\n                break;\n            }\n            wsaDataInit = 1;\n#endif\n            /* POTENTIAL FLAW: Read data using a connect socket */\n            connectSocket = socket(AF_INET, SOCK_STREAM, IPPROTO_TCP);\n            if (connectSocket == INVALID_SOCKET)\n            {\n                break;\n            }\n            memset(&service, 0, sizeof(service));\n            service.sin_family = AF_INET;\n            service.sin_addr.s_addr = inet_addr(IP_ADDRESS);\n            service.sin_port = htons(TCP_PORT);\n            if (connect(connectSocket, (struct sockaddr*)&service, sizeof(service)) == SOCKET_ERROR)\n            {\n                break;\n            }\n            /* Abort on error or the connection was closed, make sure to recv one\n             * less char than is in the recv_buf in order to append a terminator */\n            /* Abort on error or the connection was closed */\n            recvResult = recv(connectSocket, (char *)(data + dataLen), sizeof(wchar_t) * (256 - dataLen - 1), 0);\n            if (recvResult == SOCKET_ERROR || recvResult == 0)\n            {\n                break;\n            }\n            /* Append null terminator */\n            data[dataLen + recvResult / sizeof(wchar_t)] = L'\\0';\n            /* Eliminate CRLF */\n            replace = wcschr(data, L'\\r');\n            if (replace)\n            {\n                *replace = L'\\0';\n            }\n            replace = wcschr(data, L'\\n');\n            if (replace)\n            {\n                *replace = L'\\0';\n            }\n        }\n        while (0);\n        if (connectSocket != INVALID_SOCKET)\n        {\n            CLOSE_SOCKET(connectSocket);\n        }\n#ifdef _WIN32\n        if (wsaDataInit)\n        {\n            WSACleanup();\n        }\n#endif\n    }\n    {\n        LDAP* pLdapConnection = NULL;\n        ULONG connectSuccess = 0L;\n        ULONG searchSuccess = 0L;\n        LDAPMessage *pMessage = NULL;\n        wchar_t filter[256];\n        /* POTENTIAL FLAW: data concatenated into LDAP search, which could result in LDAP Injection*/\n        _snwprintf(filter, 256-1, L\"(cn=%s)\", data);\n        pLdapConnection = ldap_initW(L\"localhost\", LDAP_PORT);\n        if (pLdapConnection == NULL)\n        {\n            printLine(\"Initialization failed\");\n            exit(1);\n        }\n        connectSuccess = ldap_connect(pLdapConnection, NULL);\n        if (connectSuccess != LDAP_SUCCESS)\n        {\n            printLine(\"Connection failed\");\n            exit(1);\n        }\n        searchSuccess = ldap_search_ext_sW(\n                            pLdapConnection,\n                            L\"base\",\n                            LDAP_SCOPE_SUBTREE,\n                            filter,\n                            NULL,\n                            0,\n                            NULL,\n                            NULL,\n                            LDAP_NO_LIMIT,\n                            LDAP_NO_LIMIT,\n                            &pMessage);\n        if (searchSuccess != LDAP_SUCCESS)\n        {\n            printLine(\"Search failed\");\n            if (pMessage != NULL)\n            {\n                ldap_msgfree(pMessage);\n            }\n            exit(1);\n        }\n        /* Typically you would do something with the search results, but this is a test case and we can ignore them */\n        /* Free the results to avoid incidentals */\n        if (pMessage != NULL)\n        {\n            ldap_msgfree(pMessage);\n        }\n        /* Close the connection */\n        ldap_unbind(pLdapConnection);\n    }\n}",
        "question": "How does modifying the control structure `do` affect the behavior or output of `CLOSE_SOCKET`?",
        "choices": {
            "A": "The modification of `do` directly impacts the execution of `CLOSE_SOCKET` because its entire operation is controlled by `do` and located within `do`.",
            "B": "Modifying `do` has no impact on the behavior or output of `CLOSE_SOCKET`.",
            "C": "The change of do indirectly affects the execution of `CLOSE_SOCKET`, as the modifications in `do` influence the arguments or conditions within `CLOSE_SOCKET`.",
            "D": "It is not possible to determine the effect without additional context."
        },
        "answer": "C",
        "distance": 3
    },
    {
        "case_id": 7405,
        "code": "void CWE90_LDAP_Injection__w32_wchar_t_connect_socket_01_bad()\n{\n    wchar_t * data;\n    wchar_t dataBuffer[256] = L\"\";\n    data = dataBuffer;\n    {\n#ifdef _WIN32\n        WSADATA wsaData;\n        int wsaDataInit = 0;\n#endif\n        int recvResult;\n        struct sockaddr_in service;\n        wchar_t *replace;\n        SOCKET connectSocket = INVALID_SOCKET;\n        size_t dataLen = wcslen(data);\n        do\n        {\n#ifdef _WIN32\n            if (WSAStartup(MAKEWORD(2,2), &wsaData) != NO_ERROR)\n            {\n                break;\n            }\n            wsaDataInit = 1;\n#endif\n            /* POTENTIAL FLAW: Read data using a connect socket */\n            connectSocket = socket(AF_INET, SOCK_STREAM, IPPROTO_TCP);\n            if (connectSocket == INVALID_SOCKET)\n            {\n                break;\n            }\n            memset(&service, 0, sizeof(service));\n            service.sin_family = AF_INET;\n            service.sin_addr.s_addr = inet_addr(IP_ADDRESS);\n            service.sin_port = htons(TCP_PORT);\n            if (connect(connectSocket, (struct sockaddr*)&service, sizeof(service)) == SOCKET_ERROR)\n            {\n                break;\n            }\n            /* Abort on error or the connection was closed, make sure to recv one\n             * less char than is in the recv_buf in order to append a terminator */\n            /* Abort on error or the connection was closed */\n            recvResult = recv(connectSocket, (char *)(data + dataLen), sizeof(wchar_t) * (256 - dataLen - 1), 0);\n            if (recvResult == SOCKET_ERROR || recvResult == 0)\n            {\n                break;\n            }\n            /* Append null terminator */\n            data[dataLen + recvResult / sizeof(wchar_t)] = L'\\0';\n            /* Eliminate CRLF */\n            replace = wcschr(data, L'\\r');\n            if (replace)\n            {\n                *replace = L'\\0';\n            }\n            replace = wcschr(data, L'\\n');\n            if (replace)\n            {\n                *replace = L'\\0';\n            }\n        }\n        while (0);\n        if (connectSocket != INVALID_SOCKET)\n        {\n            CLOSE_SOCKET(connectSocket);\n        }\n#ifdef _WIN32\n        if (wsaDataInit)\n        {\n            WSACleanup();\n        }\n#endif\n    }\n    {\n        LDAP* pLdapConnection = NULL;\n        ULONG connectSuccess = 0L;\n        ULONG searchSuccess = 0L;\n        LDAPMessage *pMessage = NULL;\n        wchar_t filter[256];\n        /* POTENTIAL FLAW: data concatenated into LDAP search, which could result in LDAP Injection*/\n        _snwprintf(filter, 256-1, L\"(cn=%s)\", data);\n        pLdapConnection = ldap_initW(L\"localhost\", LDAP_PORT);\n        if (pLdapConnection == NULL)\n        {\n            printLine(\"Initialization failed\");\n            exit(1);\n        }\n        connectSuccess = ldap_connect(pLdapConnection, NULL);\n        if (connectSuccess != LDAP_SUCCESS)\n        {\n            printLine(\"Connection failed\");\n            exit(1);\n        }\n        searchSuccess = ldap_search_ext_sW(\n                            pLdapConnection,\n                            L\"base\",\n                            LDAP_SCOPE_SUBTREE,\n                            filter,\n                            NULL,\n                            0,\n                            NULL,\n                            NULL,\n                            LDAP_NO_LIMIT,\n                            LDAP_NO_LIMIT,\n                            &pMessage);\n        if (searchSuccess != LDAP_SUCCESS)\n        {\n            printLine(\"Search failed\");\n            if (pMessage != NULL)\n            {\n                ldap_msgfree(pMessage);\n            }\n            exit(1);\n        }\n        /* Typically you would do something with the search results, but this is a test case and we can ignore them */\n        /* Free the results to avoid incidentals */\n        if (pMessage != NULL)\n        {\n            ldap_msgfree(pMessage);\n        }\n        /* Close the connection */\n        ldap_unbind(pLdapConnection);\n    }\n}",
        "question": "How does modifying the control structure `if (connectSocket == INVALID_SOCKET)` affect the behavior or output of `memset`?",
        "choices": {
            "A": "The modification of `if (connectSocket == INVALID_SOCKET)` directly impacts the execution of `memset` because its entire operation is controlled by `if (connectSocket == INVALID_SOCKET)` and located within `if (connectSocket == INVALID_SOCKET)`.",
            "B": "Modifying `if (connectSocket == INVALID_SOCKET)` has no impact on the behavior or output of `memset`.",
            "C": "The change of if (connectSocket == INVALID_SOCKET) indirectly affects the execution of `memset`, as the modifications in `if (connectSocket == INVALID_SOCKET)` influence the arguments or conditions within `memset`.",
            "D": "It is not possible to determine the effect without additional context."
        },
        "answer": "C",
        "distance": 2
    },
    {
        "case_id": 7405,
        "code": "void CWE90_LDAP_Injection__w32_wchar_t_connect_socket_01_bad()\n{\n    wchar_t * data;\n    wchar_t dataBuffer[256] = L\"\";\n    data = dataBuffer;\n    {\n#ifdef _WIN32\n        WSADATA wsaData;\n        int wsaDataInit = 0;\n#endif\n        int recvResult;\n        struct sockaddr_in service;\n        wchar_t *replace;\n        SOCKET connectSocket = INVALID_SOCKET;\n        size_t dataLen = wcslen(data);\n        do\n        {\n#ifdef _WIN32\n            if (WSAStartup(MAKEWORD(2,2), &wsaData) != NO_ERROR)\n            {\n                break;\n            }\n            wsaDataInit = 1;\n#endif\n            /* POTENTIAL FLAW: Read data using a connect socket */\n            connectSocket = socket(AF_INET, SOCK_STREAM, IPPROTO_TCP);\n            if (connectSocket == INVALID_SOCKET)\n            {\n                break;\n            }\n            memset(&service, 0, sizeof(service));\n            service.sin_family = AF_INET;\n            service.sin_addr.s_addr = inet_addr(IP_ADDRESS);\n            service.sin_port = htons(TCP_PORT);\n            if (connect(connectSocket, (struct sockaddr*)&service, sizeof(service)) == SOCKET_ERROR)\n            {\n                break;\n            }\n            /* Abort on error or the connection was closed, make sure to recv one\n             * less char than is in the recv_buf in order to append a terminator */\n            /* Abort on error or the connection was closed */\n            recvResult = recv(connectSocket, (char *)(data + dataLen), sizeof(wchar_t) * (256 - dataLen - 1), 0);\n            if (recvResult == SOCKET_ERROR || recvResult == 0)\n            {\n                break;\n            }\n            /* Append null terminator */\n            data[dataLen + recvResult / sizeof(wchar_t)] = L'\\0';\n            /* Eliminate CRLF */\n            replace = wcschr(data, L'\\r');\n            if (replace)\n            {\n                *replace = L'\\0';\n            }\n            replace = wcschr(data, L'\\n');\n            if (replace)\n            {\n                *replace = L'\\0';\n            }\n        }\n        while (0);\n        if (connectSocket != INVALID_SOCKET)\n        {\n            CLOSE_SOCKET(connectSocket);\n        }\n#ifdef _WIN32\n        if (wsaDataInit)\n        {\n            WSACleanup();\n        }\n#endif\n    }\n    {\n        LDAP* pLdapConnection = NULL;\n        ULONG connectSuccess = 0L;\n        ULONG searchSuccess = 0L;\n        LDAPMessage *pMessage = NULL;\n        wchar_t filter[256];\n        /* POTENTIAL FLAW: data concatenated into LDAP search, which could result in LDAP Injection*/\n        _snwprintf(filter, 256-1, L\"(cn=%s)\", data);\n        pLdapConnection = ldap_initW(L\"localhost\", LDAP_PORT);\n        if (pLdapConnection == NULL)\n        {\n            printLine(\"Initialization failed\");\n            exit(1);\n        }\n        connectSuccess = ldap_connect(pLdapConnection, NULL);\n        if (connectSuccess != LDAP_SUCCESS)\n        {\n            printLine(\"Connection failed\");\n            exit(1);\n        }\n        searchSuccess = ldap_search_ext_sW(\n                            pLdapConnection,\n                            L\"base\",\n                            LDAP_SCOPE_SUBTREE,\n                            filter,\n                            NULL,\n                            0,\n                            NULL,\n                            NULL,\n                            LDAP_NO_LIMIT,\n                            LDAP_NO_LIMIT,\n                            &pMessage);\n        if (searchSuccess != LDAP_SUCCESS)\n        {\n            printLine(\"Search failed\");\n            if (pMessage != NULL)\n            {\n                ldap_msgfree(pMessage);\n            }\n            exit(1);\n        }\n        /* Typically you would do something with the search results, but this is a test case and we can ignore them */\n        /* Free the results to avoid incidentals */\n        if (pMessage != NULL)\n        {\n            ldap_msgfree(pMessage);\n        }\n        /* Close the connection */\n        ldap_unbind(pLdapConnection);\n    }\n}",
        "question": "How does modifying the control structure `if (connectSocket == INVALID_SOCKET)` affect the behavior or output of `htons`?",
        "choices": {
            "A": "The modification of `if (connectSocket == INVALID_SOCKET)` directly impacts the execution of `htons` because its entire operation is controlled by `if (connectSocket == INVALID_SOCKET)` and located within `if (connectSocket == INVALID_SOCKET)`.",
            "B": "Modifying `if (connectSocket == INVALID_SOCKET)` has no impact on the behavior or output of `htons`.",
            "C": "The change of if (connectSocket == INVALID_SOCKET) indirectly affects the execution of `htons`, as the modifications in `if (connectSocket == INVALID_SOCKET)` influence the arguments or conditions within `htons`.",
            "D": "It is not possible to determine the effect without additional context."
        },
        "answer": "C",
        "distance": 2
    },
    {
        "case_id": 7405,
        "code": "void CWE90_LDAP_Injection__w32_wchar_t_connect_socket_01_bad()\n{\n    wchar_t * data;\n    wchar_t dataBuffer[256] = L\"\";\n    data = dataBuffer;\n    {\n#ifdef _WIN32\n        WSADATA wsaData;\n        int wsaDataInit = 0;\n#endif\n        int recvResult;\n        struct sockaddr_in service;\n        wchar_t *replace;\n        SOCKET connectSocket = INVALID_SOCKET;\n        size_t dataLen = wcslen(data);\n        do\n        {\n#ifdef _WIN32\n            if (WSAStartup(MAKEWORD(2,2), &wsaData) != NO_ERROR)\n            {\n                break;\n            }\n            wsaDataInit = 1;\n#endif\n            /* POTENTIAL FLAW: Read data using a connect socket */\n            connectSocket = socket(AF_INET, SOCK_STREAM, IPPROTO_TCP);\n            if (connectSocket == INVALID_SOCKET)\n            {\n                break;\n            }\n            memset(&service, 0, sizeof(service));\n            service.sin_family = AF_INET;\n            service.sin_addr.s_addr = inet_addr(IP_ADDRESS);\n            service.sin_port = htons(TCP_PORT);\n            if (connect(connectSocket, (struct sockaddr*)&service, sizeof(service)) == SOCKET_ERROR)\n            {\n                break;\n            }\n            /* Abort on error or the connection was closed, make sure to recv one\n             * less char than is in the recv_buf in order to append a terminator */\n            /* Abort on error or the connection was closed */\n            recvResult = recv(connectSocket, (char *)(data + dataLen), sizeof(wchar_t) * (256 - dataLen - 1), 0);\n            if (recvResult == SOCKET_ERROR || recvResult == 0)\n            {\n                break;\n            }\n            /* Append null terminator */\n            data[dataLen + recvResult / sizeof(wchar_t)] = L'\\0';\n            /* Eliminate CRLF */\n            replace = wcschr(data, L'\\r');\n            if (replace)\n            {\n                *replace = L'\\0';\n            }\n            replace = wcschr(data, L'\\n');\n            if (replace)\n            {\n                *replace = L'\\0';\n            }\n        }\n        while (0);\n        if (connectSocket != INVALID_SOCKET)\n        {\n            CLOSE_SOCKET(connectSocket);\n        }\n#ifdef _WIN32\n        if (wsaDataInit)\n        {\n            WSACleanup();\n        }\n#endif\n    }\n    {\n        LDAP* pLdapConnection = NULL;\n        ULONG connectSuccess = 0L;\n        ULONG searchSuccess = 0L;\n        LDAPMessage *pMessage = NULL;\n        wchar_t filter[256];\n        /* POTENTIAL FLAW: data concatenated into LDAP search, which could result in LDAP Injection*/\n        _snwprintf(filter, 256-1, L\"(cn=%s)\", data);\n        pLdapConnection = ldap_initW(L\"localhost\", LDAP_PORT);\n        if (pLdapConnection == NULL)\n        {\n            printLine(\"Initialization failed\");\n            exit(1);\n        }\n        connectSuccess = ldap_connect(pLdapConnection, NULL);\n        if (connectSuccess != LDAP_SUCCESS)\n        {\n            printLine(\"Connection failed\");\n            exit(1);\n        }\n        searchSuccess = ldap_search_ext_sW(\n                            pLdapConnection,\n                            L\"base\",\n                            LDAP_SCOPE_SUBTREE,\n                            filter,\n                            NULL,\n                            0,\n                            NULL,\n                            NULL,\n                            LDAP_NO_LIMIT,\n                            LDAP_NO_LIMIT,\n                            &pMessage);\n        if (searchSuccess != LDAP_SUCCESS)\n        {\n            printLine(\"Search failed\");\n            if (pMessage != NULL)\n            {\n                ldap_msgfree(pMessage);\n            }\n            exit(1);\n        }\n        /* Typically you would do something with the search results, but this is a test case and we can ignore them */\n        /* Free the results to avoid incidentals */\n        if (pMessage != NULL)\n        {\n            ldap_msgfree(pMessage);\n        }\n        /* Close the connection */\n        ldap_unbind(pLdapConnection);\n    }\n}",
        "question": "How does modifying the control structure `if (connectSocket == INVALID_SOCKET)` affect the behavior or output of `inet_addr`?",
        "choices": {
            "A": "The modification of `if (connectSocket == INVALID_SOCKET)` directly impacts the execution of `inet_addr` because its entire operation is controlled by `if (connectSocket == INVALID_SOCKET)` and located within `if (connectSocket == INVALID_SOCKET)`.",
            "B": "Modifying `if (connectSocket == INVALID_SOCKET)` has no impact on the behavior or output of `inet_addr`.",
            "C": "The change of if (connectSocket == INVALID_SOCKET) indirectly affects the execution of `inet_addr`, as the modifications in `if (connectSocket == INVALID_SOCKET)` influence the arguments or conditions within `inet_addr`.",
            "D": "It is not possible to determine the effect without additional context."
        },
        "answer": "C",
        "distance": 2
    }
]