[
    {
        "case_id": 4174,
        "code": "void CWE469_Use_of_Pointer_Subtraction_to_Determine_Size__wchar_t_01_bad()\n{\n    {\n        wchar_t string1[] = SOURCE_STRING;\n        wchar_t string2[] = SOURCE_STRING;\n        wchar_t * slashInString1;\n        size_t indexOfSlashInString1;\n        slashInString1 = wcschr(string1, L'/');\n        if (slashInString1 == NULL)\n        {\n            exit(1);\n        }\n        /* FLAW: subtracting the slash pointer from a completely different string, should be slashInString1 - string1 */\n        indexOfSlashInString1 = (size_t)(slashInString1 - string2);\n        /* print the index of where the slash was found */\n        printUnsignedLine(indexOfSlashInString1);\n    }\n}",
        "question": "How does modifying the control structure `if (slashInString1 == NULL)` affect the behavior or output of `exit`?",
        "choices": {
            "A": "The modification of `if (slashInString1 == NULL)` directly impacts the execution of `exit` because its entire operation is controlled by `if (slashInString1 == NULL)` and located within `if (slashInString1 == NULL)`.",
            "B": "Modifying `if (slashInString1 == NULL)` has no impact on the behavior or output of `exit`.",
            "C": "The change of if (slashInString1 == NULL) indirectly affects the execution of `exit`, as the modifications in `if (slashInString1 == NULL)` influence the arguments or conditions within `exit`.",
            "D": "It is not possible to determine the effect without additional context."
        },
        "answer": "A",
        "distance": 1
    },
    {
        "case_id": 4174,
        "code": "void CWE469_Use_of_Pointer_Subtraction_to_Determine_Size__wchar_t_01_bad()\n{\n    {\n        wchar_t string1[] = SOURCE_STRING;\n        wchar_t string2[] = SOURCE_STRING;\n        wchar_t * slashInString1;\n        size_t indexOfSlashInString1;\n        slashInString1 = wcschr(string1, L'/');\n        if (slashInString1 == NULL)\n        {\n            exit(1);\n        }\n        /* FLAW: subtracting the slash pointer from a completely different string, should be slashInString1 - string1 */\n        indexOfSlashInString1 = (size_t)(slashInString1 - string2);\n        /* print the index of where the slash was found */\n        printUnsignedLine(indexOfSlashInString1);\n    }\n}",
        "question": "How does modifying the control structure `if (slashInString1 == NULL)` affect the behavior or output of `printUnsignedLine`?",
        "choices": {
            "A": "The modification of `if (slashInString1 == NULL)` directly impacts the execution of `printUnsignedLine` because its entire operation is controlled by `if (slashInString1 == NULL)` and located within `if (slashInString1 == NULL)`.",
            "B": "Modifying `if (slashInString1 == NULL)` has no impact on the behavior or output of `printUnsignedLine`.",
            "C": "The change of if (slashInString1 == NULL) indirectly affects the execution of `printUnsignedLine`, as the modifications in `if (slashInString1 == NULL)` influence the arguments or conditions within `printUnsignedLine`.",
            "D": "It is not possible to determine the effect without additional context."
        },
        "answer": "B",
        "distance": 0
    },
    {
        "case_id": 4174,
        "code": "void CWE469_Use_of_Pointer_Subtraction_to_Determine_Size__wchar_t_01_bad()\n{\n    {\n        wchar_t string1[] = SOURCE_STRING;\n        wchar_t string2[] = SOURCE_STRING;\n        wchar_t * slashInString1;\n        size_t indexOfSlashInString1;\n        slashInString1 = wcschr(string1, L'/');\n        if (slashInString1 == NULL)\n        {\n            exit(1);\n        }\n        /* FLAW: subtracting the slash pointer from a completely different string, should be slashInString1 - string1 */\n        indexOfSlashInString1 = (size_t)(slashInString1 - string2);\n        /* print the index of where the slash was found */\n        printUnsignedLine(indexOfSlashInString1);\n    }\n}",
        "question": "How does modifying the control structure `if (slashInString1 == NULL)` affect the behavior or output of `wcschr`?",
        "choices": {
            "A": "The modification of `if (slashInString1 == NULL)` directly impacts the execution of `wcschr` because its entire operation is controlled by `if (slashInString1 == NULL)` and located within `if (slashInString1 == NULL)`.",
            "B": "Modifying `if (slashInString1 == NULL)` has no impact on the behavior or output of `wcschr`.",
            "C": "The change of if (slashInString1 == NULL) indirectly affects the execution of `wcschr`, as the modifications in `if (slashInString1 == NULL)` influence the arguments or conditions within `wcschr`.",
            "D": "It is not possible to determine the effect without additional context."
        },
        "answer": "B",
        "distance": 0
    }
]