[
    {
        "case_id": 2378,
        "code": "void CWE284_Improper_Access_Control__w32_char_SHRegCreateUSKey_01_bad()\n{\n    {\n        char * keyName = \"TEST\\\\TestKey\";\n        HUSKEY hKey = HKEY_CURRENT_USER;\n        /* FLAW: Call SHRegCreateUSKeyA() with KEY_ALL_ACCESS as the 2nd parameter */\n        if (SHRegCreateUSKeyA(\n                    keyName,\n                    KEY_ALL_ACCESS,\n                    NULL,\n                    &hKey,\n                    SHREGSET_HKCU) != ERROR_SUCCESS)\n        {\n            printLine(\"Registry key could not be created\");\n        }\n        else\n        {\n            printLine(\"Registry key created successfully\");\n            SHRegCloseUSKey(hKey);\n        }\n    }\n}",
        "question": "How does modifying the control structure `if (SHRegCreateUSKeyA(keyName,KEY_ALL_ACCESS,NULL,&hKey,SHREGSET_HKCU) != ERROR_SUCCESS)` affect the behavior or output of `SHRegCloseUSKey`?",
        "choices": {
            "A": "The modification of `if (SHRegCreateUSKeyA(keyName,KEY_ALL_ACCESS,NULL,&hKey,SHREGSET_HKCU) != ERROR_SUCCESS)` directly impacts the execution of `SHRegCloseUSKey` because its entire operation is controlled by `if (SHRegCreateUSKeyA(keyName,KEY_ALL_ACCESS,NULL,&hKey,SHREGSET_HKCU) != ERROR_SUCCESS)` and located within `if (SHRegCreateUSKeyA(keyName,KEY_ALL_ACCESS,NULL,&hKey,SHREGSET_HKCU) != ERROR_SUCCESS)`.",
            "B": "Modifying `if (SHRegCreateUSKeyA(keyName,KEY_ALL_ACCESS,NULL,&hKey,SHREGSET_HKCU) != ERROR_SUCCESS)` has no impact on the behavior or output of `SHRegCloseUSKey`.",
            "C": "The change of if (SHRegCreateUSKeyA(keyName,KEY_ALL_ACCESS,NULL,&hKey,SHREGSET_HKCU) != ERROR_SUCCESS) indirectly affects the execution of `SHRegCloseUSKey`, as the modifications in `if (SHRegCreateUSKeyA(keyName,KEY_ALL_ACCESS,NULL,&hKey,SHREGSET_HKCU) != ERROR_SUCCESS)` influence the arguments or conditions within `SHRegCloseUSKey`.",
            "D": "It is not possible to determine the effect without additional context."
        },
        "answer": "A",
        "distance": 2
    },
    {
        "case_id": 2378,
        "code": "void CWE284_Improper_Access_Control__w32_char_SHRegCreateUSKey_01_bad()\n{\n    {\n        char * keyName = \"TEST\\\\TestKey\";\n        HUSKEY hKey = HKEY_CURRENT_USER;\n        /* FLAW: Call SHRegCreateUSKeyA() with KEY_ALL_ACCESS as the 2nd parameter */\n        if (SHRegCreateUSKeyA(\n                    keyName,\n                    KEY_ALL_ACCESS,\n                    NULL,\n                    &hKey,\n                    SHREGSET_HKCU) != ERROR_SUCCESS)\n        {\n            printLine(\"Registry key could not be created\");\n        }\n        else\n        {\n            printLine(\"Registry key created successfully\");\n            SHRegCloseUSKey(hKey);\n        }\n    }\n}",
        "question": "How does modifying the control structure `else` affect the behavior or output of `SHRegCloseUSKey`?",
        "choices": {
            "A": "The modification of `else` directly impacts the execution of `SHRegCloseUSKey` because its entire operation is controlled by `else` and located within `else`.",
            "B": "Modifying `else` has no impact on the behavior or output of `SHRegCloseUSKey`.",
            "C": "The change of else indirectly affects the execution of `SHRegCloseUSKey`, as the modifications in `else` influence the arguments or conditions within `SHRegCloseUSKey`.",
            "D": "It is not possible to determine the effect without additional context."
        },
        "answer": "A",
        "distance": 1
    }
]