[
    {
        "case_id": 5772,
        "code": "void CWE617_Reachable_Assertion__listen_socket_01_bad()\n{\n    int data;\n    /* Initialize data */\n    data = -1;\n    {\n#ifdef _WIN32\n        WSADATA wsaData;\n        int wsaDataInit = 0;\n#endif\n        int recvResult;\n        struct sockaddr_in service;\n        SOCKET listenSocket = INVALID_SOCKET;\n        SOCKET acceptSocket = INVALID_SOCKET;\n        char inputBuffer[CHAR_ARRAY_SIZE];\n        do\n        {\n#ifdef _WIN32\n            if (WSAStartup(MAKEWORD(2,2), &wsaData) != NO_ERROR)\n            {\n                break;\n            }\n            wsaDataInit = 1;\n#endif\n            /* POTENTIAL FLAW: Read data using a listen socket */\n            listenSocket = socket(AF_INET, SOCK_STREAM, IPPROTO_TCP);\n            if (listenSocket == INVALID_SOCKET)\n            {\n                break;\n            }\n            memset(&service, 0, sizeof(service));\n            service.sin_family = AF_INET;\n            service.sin_addr.s_addr = INADDR_ANY;\n            service.sin_port = htons(TCP_PORT);\n            if (bind(listenSocket, (struct sockaddr*)&service, sizeof(service)) == SOCKET_ERROR)\n            {\n                break;\n            }\n            if (listen(listenSocket, LISTEN_BACKLOG) == SOCKET_ERROR)\n            {\n                break;\n            }\n            acceptSocket = accept(listenSocket, NULL, NULL);\n            if (acceptSocket == SOCKET_ERROR)\n            {\n                break;\n            }\n            /* Abort on error or the connection was closed */\n            recvResult = recv(acceptSocket, inputBuffer, CHAR_ARRAY_SIZE - 1, 0);\n            if (recvResult == SOCKET_ERROR || recvResult == 0)\n            {\n                break;\n            }\n            /* NUL-terminate the string */\n            inputBuffer[recvResult] = '\\0';\n            /* Convert to int */\n            data = atoi(inputBuffer);\n        }\n        while (0);\n        if (listenSocket != INVALID_SOCKET)\n        {\n            CLOSE_SOCKET(listenSocket);\n        }\n        if (acceptSocket != INVALID_SOCKET)\n        {\n            CLOSE_SOCKET(acceptSocket);\n        }\n#ifdef _WIN32\n        if (wsaDataInit)\n        {\n            WSACleanup();\n        }\n#endif\n    }\n    /* POTENTIAL FLAW: this assertion could trigger if n <= ASSERT_VALUE */\n    assert(data > ASSERT_VALUE);\n}",
        "question": "How does modifying the control structure `do` affect the behavior or output of `accept`?",
        "choices": {
            "A": "The modification of `do` directly impacts the execution of `accept` because its entire operation is controlled by `do` and located within `do`.",
            "B": "Modifying `do` has no impact on the behavior or output of `accept`.",
            "C": "The change of do indirectly affects the execution of `accept`, as the modifications in `do` influence the arguments or conditions within `accept`.",
            "D": "It is not possible to determine the effect without additional context."
        },
        "answer": "A",
        "distance": 1
    },
    {
        "case_id": 5772,
        "code": "void CWE617_Reachable_Assertion__listen_socket_01_bad()\n{\n    int data;\n    /* Initialize data */\n    data = -1;\n    {\n#ifdef _WIN32\n        WSADATA wsaData;\n        int wsaDataInit = 0;\n#endif\n        int recvResult;\n        struct sockaddr_in service;\n        SOCKET listenSocket = INVALID_SOCKET;\n        SOCKET acceptSocket = INVALID_SOCKET;\n        char inputBuffer[CHAR_ARRAY_SIZE];\n        do\n        {\n#ifdef _WIN32\n            if (WSAStartup(MAKEWORD(2,2), &wsaData) != NO_ERROR)\n            {\n                break;\n            }\n            wsaDataInit = 1;\n#endif\n            /* POTENTIAL FLAW: Read data using a listen socket */\n            listenSocket = socket(AF_INET, SOCK_STREAM, IPPROTO_TCP);\n            if (listenSocket == INVALID_SOCKET)\n            {\n                break;\n            }\n            memset(&service, 0, sizeof(service));\n            service.sin_family = AF_INET;\n            service.sin_addr.s_addr = INADDR_ANY;\n            service.sin_port = htons(TCP_PORT);\n            if (bind(listenSocket, (struct sockaddr*)&service, sizeof(service)) == SOCKET_ERROR)\n            {\n                break;\n            }\n            if (listen(listenSocket, LISTEN_BACKLOG) == SOCKET_ERROR)\n            {\n                break;\n            }\n            acceptSocket = accept(listenSocket, NULL, NULL);\n            if (acceptSocket == SOCKET_ERROR)\n            {\n                break;\n            }\n            /* Abort on error or the connection was closed */\n            recvResult = recv(acceptSocket, inputBuffer, CHAR_ARRAY_SIZE - 1, 0);\n            if (recvResult == SOCKET_ERROR || recvResult == 0)\n            {\n                break;\n            }\n            /* NUL-terminate the string */\n            inputBuffer[recvResult] = '\\0';\n            /* Convert to int */\n            data = atoi(inputBuffer);\n        }\n        while (0);\n        if (listenSocket != INVALID_SOCKET)\n        {\n            CLOSE_SOCKET(listenSocket);\n        }\n        if (acceptSocket != INVALID_SOCKET)\n        {\n            CLOSE_SOCKET(acceptSocket);\n        }\n#ifdef _WIN32\n        if (wsaDataInit)\n        {\n            WSACleanup();\n        }\n#endif\n    }\n    /* POTENTIAL FLAW: this assertion could trigger if n <= ASSERT_VALUE */\n    assert(data > ASSERT_VALUE);\n}",
        "question": "How does modifying the control structure `do` affect the behavior or output of `memset`?",
        "choices": {
            "A": "The modification of `do` directly impacts the execution of `memset` because its entire operation is controlled by `do` and located within `do`.",
            "B": "Modifying `do` has no impact on the behavior or output of `memset`.",
            "C": "The change of do indirectly affects the execution of `memset`, as the modifications in `do` influence the arguments or conditions within `memset`.",
            "D": "It is not possible to determine the effect without additional context."
        },
        "answer": "A",
        "distance": 1
    },
    {
        "case_id": 5772,
        "code": "void CWE617_Reachable_Assertion__listen_socket_01_bad()\n{\n    int data;\n    /* Initialize data */\n    data = -1;\n    {\n#ifdef _WIN32\n        WSADATA wsaData;\n        int wsaDataInit = 0;\n#endif\n        int recvResult;\n        struct sockaddr_in service;\n        SOCKET listenSocket = INVALID_SOCKET;\n        SOCKET acceptSocket = INVALID_SOCKET;\n        char inputBuffer[CHAR_ARRAY_SIZE];\n        do\n        {\n#ifdef _WIN32\n            if (WSAStartup(MAKEWORD(2,2), &wsaData) != NO_ERROR)\n            {\n                break;\n            }\n            wsaDataInit = 1;\n#endif\n            /* POTENTIAL FLAW: Read data using a listen socket */\n            listenSocket = socket(AF_INET, SOCK_STREAM, IPPROTO_TCP);\n            if (listenSocket == INVALID_SOCKET)\n            {\n                break;\n            }\n            memset(&service, 0, sizeof(service));\n            service.sin_family = AF_INET;\n            service.sin_addr.s_addr = INADDR_ANY;\n            service.sin_port = htons(TCP_PORT);\n            if (bind(listenSocket, (struct sockaddr*)&service, sizeof(service)) == SOCKET_ERROR)\n            {\n                break;\n            }\n            if (listen(listenSocket, LISTEN_BACKLOG) == SOCKET_ERROR)\n            {\n                break;\n            }\n            acceptSocket = accept(listenSocket, NULL, NULL);\n            if (acceptSocket == SOCKET_ERROR)\n            {\n                break;\n            }\n            /* Abort on error or the connection was closed */\n            recvResult = recv(acceptSocket, inputBuffer, CHAR_ARRAY_SIZE - 1, 0);\n            if (recvResult == SOCKET_ERROR || recvResult == 0)\n            {\n                break;\n            }\n            /* NUL-terminate the string */\n            inputBuffer[recvResult] = '\\0';\n            /* Convert to int */\n            data = atoi(inputBuffer);\n        }\n        while (0);\n        if (listenSocket != INVALID_SOCKET)\n        {\n            CLOSE_SOCKET(listenSocket);\n        }\n        if (acceptSocket != INVALID_SOCKET)\n        {\n            CLOSE_SOCKET(acceptSocket);\n        }\n#ifdef _WIN32\n        if (wsaDataInit)\n        {\n            WSACleanup();\n        }\n#endif\n    }\n    /* POTENTIAL FLAW: this assertion could trigger if n <= ASSERT_VALUE */\n    assert(data > ASSERT_VALUE);\n}",
        "question": "How does modifying the control structure `do` affect the behavior or output of `htons`?",
        "choices": {
            "A": "The modification of `do` directly impacts the execution of `htons` because its entire operation is controlled by `do` and located within `do`.",
            "B": "Modifying `do` has no impact on the behavior or output of `htons`.",
            "C": "The change of do indirectly affects the execution of `htons`, as the modifications in `do` influence the arguments or conditions within `htons`.",
            "D": "It is not possible to determine the effect without additional context."
        },
        "answer": "A",
        "distance": 1
    },
    {
        "case_id": 5772,
        "code": "void CWE617_Reachable_Assertion__listen_socket_01_bad()\n{\n    int data;\n    /* Initialize data */\n    data = -1;\n    {\n#ifdef _WIN32\n        WSADATA wsaData;\n        int wsaDataInit = 0;\n#endif\n        int recvResult;\n        struct sockaddr_in service;\n        SOCKET listenSocket = INVALID_SOCKET;\n        SOCKET acceptSocket = INVALID_SOCKET;\n        char inputBuffer[CHAR_ARRAY_SIZE];\n        do\n        {\n#ifdef _WIN32\n            if (WSAStartup(MAKEWORD(2,2), &wsaData) != NO_ERROR)\n            {\n                break;\n            }\n            wsaDataInit = 1;\n#endif\n            /* POTENTIAL FLAW: Read data using a listen socket */\n            listenSocket = socket(AF_INET, SOCK_STREAM, IPPROTO_TCP);\n            if (listenSocket == INVALID_SOCKET)\n            {\n                break;\n            }\n            memset(&service, 0, sizeof(service));\n            service.sin_family = AF_INET;\n            service.sin_addr.s_addr = INADDR_ANY;\n            service.sin_port = htons(TCP_PORT);\n            if (bind(listenSocket, (struct sockaddr*)&service, sizeof(service)) == SOCKET_ERROR)\n            {\n                break;\n            }\n            if (listen(listenSocket, LISTEN_BACKLOG) == SOCKET_ERROR)\n            {\n                break;\n            }\n            acceptSocket = accept(listenSocket, NULL, NULL);\n            if (acceptSocket == SOCKET_ERROR)\n            {\n                break;\n            }\n            /* Abort on error or the connection was closed */\n            recvResult = recv(acceptSocket, inputBuffer, CHAR_ARRAY_SIZE - 1, 0);\n            if (recvResult == SOCKET_ERROR || recvResult == 0)\n            {\n                break;\n            }\n            /* NUL-terminate the string */\n            inputBuffer[recvResult] = '\\0';\n            /* Convert to int */\n            data = atoi(inputBuffer);\n        }\n        while (0);\n        if (listenSocket != INVALID_SOCKET)\n        {\n            CLOSE_SOCKET(listenSocket);\n        }\n        if (acceptSocket != INVALID_SOCKET)\n        {\n            CLOSE_SOCKET(acceptSocket);\n        }\n#ifdef _WIN32\n        if (wsaDataInit)\n        {\n            WSACleanup();\n        }\n#endif\n    }\n    /* POTENTIAL FLAW: this assertion could trigger if n <= ASSERT_VALUE */\n    assert(data > ASSERT_VALUE);\n}",
        "question": "How does modifying the control structure `do` affect the behavior or output of `recv`?",
        "choices": {
            "A": "The modification of `do` directly impacts the execution of `recv` because its entire operation is controlled by `do` and located within `do`.",
            "B": "Modifying `do` has no impact on the behavior or output of `recv`.",
            "C": "The change of do indirectly affects the execution of `recv`, as the modifications in `do` influence the arguments or conditions within `recv`.",
            "D": "It is not possible to determine the effect without additional context."
        },
        "answer": "A",
        "distance": 1
    },
    {
        "case_id": 5772,
        "code": "void CWE617_Reachable_Assertion__listen_socket_01_bad()\n{\n    int data;\n    /* Initialize data */\n    data = -1;\n    {\n#ifdef _WIN32\n        WSADATA wsaData;\n        int wsaDataInit = 0;\n#endif\n        int recvResult;\n        struct sockaddr_in service;\n        SOCKET listenSocket = INVALID_SOCKET;\n        SOCKET acceptSocket = INVALID_SOCKET;\n        char inputBuffer[CHAR_ARRAY_SIZE];\n        do\n        {\n#ifdef _WIN32\n            if (WSAStartup(MAKEWORD(2,2), &wsaData) != NO_ERROR)\n            {\n                break;\n            }\n            wsaDataInit = 1;\n#endif\n            /* POTENTIAL FLAW: Read data using a listen socket */\n            listenSocket = socket(AF_INET, SOCK_STREAM, IPPROTO_TCP);\n            if (listenSocket == INVALID_SOCKET)\n            {\n                break;\n            }\n            memset(&service, 0, sizeof(service));\n            service.sin_family = AF_INET;\n            service.sin_addr.s_addr = INADDR_ANY;\n            service.sin_port = htons(TCP_PORT);\n            if (bind(listenSocket, (struct sockaddr*)&service, sizeof(service)) == SOCKET_ERROR)\n            {\n                break;\n            }\n            if (listen(listenSocket, LISTEN_BACKLOG) == SOCKET_ERROR)\n            {\n                break;\n            }\n            acceptSocket = accept(listenSocket, NULL, NULL);\n            if (acceptSocket == SOCKET_ERROR)\n            {\n                break;\n            }\n            /* Abort on error or the connection was closed */\n            recvResult = recv(acceptSocket, inputBuffer, CHAR_ARRAY_SIZE - 1, 0);\n            if (recvResult == SOCKET_ERROR || recvResult == 0)\n            {\n                break;\n            }\n            /* NUL-terminate the string */\n            inputBuffer[recvResult] = '\\0';\n            /* Convert to int */\n            data = atoi(inputBuffer);\n        }\n        while (0);\n        if (listenSocket != INVALID_SOCKET)\n        {\n            CLOSE_SOCKET(listenSocket);\n        }\n        if (acceptSocket != INVALID_SOCKET)\n        {\n            CLOSE_SOCKET(acceptSocket);\n        }\n#ifdef _WIN32\n        if (wsaDataInit)\n        {\n            WSACleanup();\n        }\n#endif\n    }\n    /* POTENTIAL FLAW: this assertion could trigger if n <= ASSERT_VALUE */\n    assert(data > ASSERT_VALUE);\n}",
        "question": "How does modifying the control structure `break;` affect the behavior or output of `accept`?",
        "choices": {
            "A": "The modification of `break;` directly impacts the execution of `accept` because its entire operation is controlled by `break;` and located within `break;`.",
            "B": "Modifying `break;` has no impact on the behavior or output of `accept`.",
            "C": "The change of break; indirectly affects the execution of `accept`, as the modifications in `break;` influence the arguments or conditions within `accept`.",
            "D": "It is not possible to determine the effect without additional context."
        },
        "answer": "B",
        "distance": 0
    },
    {
        "case_id": 5772,
        "code": "void CWE617_Reachable_Assertion__listen_socket_01_bad()\n{\n    int data;\n    /* Initialize data */\n    data = -1;\n    {\n#ifdef _WIN32\n        WSADATA wsaData;\n        int wsaDataInit = 0;\n#endif\n        int recvResult;\n        struct sockaddr_in service;\n        SOCKET listenSocket = INVALID_SOCKET;\n        SOCKET acceptSocket = INVALID_SOCKET;\n        char inputBuffer[CHAR_ARRAY_SIZE];\n        do\n        {\n#ifdef _WIN32\n            if (WSAStartup(MAKEWORD(2,2), &wsaData) != NO_ERROR)\n            {\n                break;\n            }\n            wsaDataInit = 1;\n#endif\n            /* POTENTIAL FLAW: Read data using a listen socket */\n            listenSocket = socket(AF_INET, SOCK_STREAM, IPPROTO_TCP);\n            if (listenSocket == INVALID_SOCKET)\n            {\n                break;\n            }\n            memset(&service, 0, sizeof(service));\n            service.sin_family = AF_INET;\n            service.sin_addr.s_addr = INADDR_ANY;\n            service.sin_port = htons(TCP_PORT);\n            if (bind(listenSocket, (struct sockaddr*)&service, sizeof(service)) == SOCKET_ERROR)\n            {\n                break;\n            }\n            if (listen(listenSocket, LISTEN_BACKLOG) == SOCKET_ERROR)\n            {\n                break;\n            }\n            acceptSocket = accept(listenSocket, NULL, NULL);\n            if (acceptSocket == SOCKET_ERROR)\n            {\n                break;\n            }\n            /* Abort on error or the connection was closed */\n            recvResult = recv(acceptSocket, inputBuffer, CHAR_ARRAY_SIZE - 1, 0);\n            if (recvResult == SOCKET_ERROR || recvResult == 0)\n            {\n                break;\n            }\n            /* NUL-terminate the string */\n            inputBuffer[recvResult] = '\\0';\n            /* Convert to int */\n            data = atoi(inputBuffer);\n        }\n        while (0);\n        if (listenSocket != INVALID_SOCKET)\n        {\n            CLOSE_SOCKET(listenSocket);\n        }\n        if (acceptSocket != INVALID_SOCKET)\n        {\n            CLOSE_SOCKET(acceptSocket);\n        }\n#ifdef _WIN32\n        if (wsaDataInit)\n        {\n            WSACleanup();\n        }\n#endif\n    }\n    /* POTENTIAL FLAW: this assertion could trigger if n <= ASSERT_VALUE */\n    assert(data > ASSERT_VALUE);\n}",
        "question": "How does modifying the control structure `break;` affect the behavior or output of `memset`?",
        "choices": {
            "A": "The modification of `break;` directly impacts the execution of `memset` because its entire operation is controlled by `break;` and located within `break;`.",
            "B": "Modifying `break;` has no impact on the behavior or output of `memset`.",
            "C": "The change of break; indirectly affects the execution of `memset`, as the modifications in `break;` influence the arguments or conditions within `memset`.",
            "D": "It is not possible to determine the effect without additional context."
        },
        "answer": "B",
        "distance": 0
    },
    {
        "case_id": 5772,
        "code": "void CWE617_Reachable_Assertion__listen_socket_01_bad()\n{\n    int data;\n    /* Initialize data */\n    data = -1;\n    {\n#ifdef _WIN32\n        WSADATA wsaData;\n        int wsaDataInit = 0;\n#endif\n        int recvResult;\n        struct sockaddr_in service;\n        SOCKET listenSocket = INVALID_SOCKET;\n        SOCKET acceptSocket = INVALID_SOCKET;\n        char inputBuffer[CHAR_ARRAY_SIZE];\n        do\n        {\n#ifdef _WIN32\n            if (WSAStartup(MAKEWORD(2,2), &wsaData) != NO_ERROR)\n            {\n                break;\n            }\n            wsaDataInit = 1;\n#endif\n            /* POTENTIAL FLAW: Read data using a listen socket */\n            listenSocket = socket(AF_INET, SOCK_STREAM, IPPROTO_TCP);\n            if (listenSocket == INVALID_SOCKET)\n            {\n                break;\n            }\n            memset(&service, 0, sizeof(service));\n            service.sin_family = AF_INET;\n            service.sin_addr.s_addr = INADDR_ANY;\n            service.sin_port = htons(TCP_PORT);\n            if (bind(listenSocket, (struct sockaddr*)&service, sizeof(service)) == SOCKET_ERROR)\n            {\n                break;\n            }\n            if (listen(listenSocket, LISTEN_BACKLOG) == SOCKET_ERROR)\n            {\n                break;\n            }\n            acceptSocket = accept(listenSocket, NULL, NULL);\n            if (acceptSocket == SOCKET_ERROR)\n            {\n                break;\n            }\n            /* Abort on error or the connection was closed */\n            recvResult = recv(acceptSocket, inputBuffer, CHAR_ARRAY_SIZE - 1, 0);\n            if (recvResult == SOCKET_ERROR || recvResult == 0)\n            {\n                break;\n            }\n            /* NUL-terminate the string */\n            inputBuffer[recvResult] = '\\0';\n            /* Convert to int */\n            data = atoi(inputBuffer);\n        }\n        while (0);\n        if (listenSocket != INVALID_SOCKET)\n        {\n            CLOSE_SOCKET(listenSocket);\n        }\n        if (acceptSocket != INVALID_SOCKET)\n        {\n            CLOSE_SOCKET(acceptSocket);\n        }\n#ifdef _WIN32\n        if (wsaDataInit)\n        {\n            WSACleanup();\n        }\n#endif\n    }\n    /* POTENTIAL FLAW: this assertion could trigger if n <= ASSERT_VALUE */\n    assert(data > ASSERT_VALUE);\n}",
        "question": "How does modifying the control structure `break;` affect the behavior or output of `bind`?",
        "choices": {
            "A": "The modification of `break;` directly impacts the execution of `bind` because its entire operation is controlled by `break;` and located within `break;`.",
            "B": "Modifying `break;` has no impact on the behavior or output of `bind`.",
            "C": "The change of break; indirectly affects the execution of `bind`, as the modifications in `break;` influence the arguments or conditions within `bind`.",
            "D": "It is not possible to determine the effect without additional context."
        },
        "answer": "B",
        "distance": 0
    },
    {
        "case_id": 5772,
        "code": "void CWE617_Reachable_Assertion__listen_socket_01_bad()\n{\n    int data;\n    /* Initialize data */\n    data = -1;\n    {\n#ifdef _WIN32\n        WSADATA wsaData;\n        int wsaDataInit = 0;\n#endif\n        int recvResult;\n        struct sockaddr_in service;\n        SOCKET listenSocket = INVALID_SOCKET;\n        SOCKET acceptSocket = INVALID_SOCKET;\n        char inputBuffer[CHAR_ARRAY_SIZE];\n        do\n        {\n#ifdef _WIN32\n            if (WSAStartup(MAKEWORD(2,2), &wsaData) != NO_ERROR)\n            {\n                break;\n            }\n            wsaDataInit = 1;\n#endif\n            /* POTENTIAL FLAW: Read data using a listen socket */\n            listenSocket = socket(AF_INET, SOCK_STREAM, IPPROTO_TCP);\n            if (listenSocket == INVALID_SOCKET)\n            {\n                break;\n            }\n            memset(&service, 0, sizeof(service));\n            service.sin_family = AF_INET;\n            service.sin_addr.s_addr = INADDR_ANY;\n            service.sin_port = htons(TCP_PORT);\n            if (bind(listenSocket, (struct sockaddr*)&service, sizeof(service)) == SOCKET_ERROR)\n            {\n                break;\n            }\n            if (listen(listenSocket, LISTEN_BACKLOG) == SOCKET_ERROR)\n            {\n                break;\n            }\n            acceptSocket = accept(listenSocket, NULL, NULL);\n            if (acceptSocket == SOCKET_ERROR)\n            {\n                break;\n            }\n            /* Abort on error or the connection was closed */\n            recvResult = recv(acceptSocket, inputBuffer, CHAR_ARRAY_SIZE - 1, 0);\n            if (recvResult == SOCKET_ERROR || recvResult == 0)\n            {\n                break;\n            }\n            /* NUL-terminate the string */\n            inputBuffer[recvResult] = '\\0';\n            /* Convert to int */\n            data = atoi(inputBuffer);\n        }\n        while (0);\n        if (listenSocket != INVALID_SOCKET)\n        {\n            CLOSE_SOCKET(listenSocket);\n        }\n        if (acceptSocket != INVALID_SOCKET)\n        {\n            CLOSE_SOCKET(acceptSocket);\n        }\n#ifdef _WIN32\n        if (wsaDataInit)\n        {\n            WSACleanup();\n        }\n#endif\n    }\n    /* POTENTIAL FLAW: this assertion could trigger if n <= ASSERT_VALUE */\n    assert(data > ASSERT_VALUE);\n}",
        "question": "How does modifying the control structure `break;` affect the behavior or output of `htons`?",
        "choices": {
            "A": "The modification of `break;` directly impacts the execution of `htons` because its entire operation is controlled by `break;` and located within `break;`.",
            "B": "Modifying `break;` has no impact on the behavior or output of `htons`.",
            "C": "The change of break; indirectly affects the execution of `htons`, as the modifications in `break;` influence the arguments or conditions within `htons`.",
            "D": "It is not possible to determine the effect without additional context."
        },
        "answer": "B",
        "distance": 0
    },
    {
        "case_id": 5772,
        "code": "void CWE617_Reachable_Assertion__listen_socket_01_bad()\n{\n    int data;\n    /* Initialize data */\n    data = -1;\n    {\n#ifdef _WIN32\n        WSADATA wsaData;\n        int wsaDataInit = 0;\n#endif\n        int recvResult;\n        struct sockaddr_in service;\n        SOCKET listenSocket = INVALID_SOCKET;\n        SOCKET acceptSocket = INVALID_SOCKET;\n        char inputBuffer[CHAR_ARRAY_SIZE];\n        do\n        {\n#ifdef _WIN32\n            if (WSAStartup(MAKEWORD(2,2), &wsaData) != NO_ERROR)\n            {\n                break;\n            }\n            wsaDataInit = 1;\n#endif\n            /* POTENTIAL FLAW: Read data using a listen socket */\n            listenSocket = socket(AF_INET, SOCK_STREAM, IPPROTO_TCP);\n            if (listenSocket == INVALID_SOCKET)\n            {\n                break;\n            }\n            memset(&service, 0, sizeof(service));\n            service.sin_family = AF_INET;\n            service.sin_addr.s_addr = INADDR_ANY;\n            service.sin_port = htons(TCP_PORT);\n            if (bind(listenSocket, (struct sockaddr*)&service, sizeof(service)) == SOCKET_ERROR)\n            {\n                break;\n            }\n            if (listen(listenSocket, LISTEN_BACKLOG) == SOCKET_ERROR)\n            {\n                break;\n            }\n            acceptSocket = accept(listenSocket, NULL, NULL);\n            if (acceptSocket == SOCKET_ERROR)\n            {\n                break;\n            }\n            /* Abort on error or the connection was closed */\n            recvResult = recv(acceptSocket, inputBuffer, CHAR_ARRAY_SIZE - 1, 0);\n            if (recvResult == SOCKET_ERROR || recvResult == 0)\n            {\n                break;\n            }\n            /* NUL-terminate the string */\n            inputBuffer[recvResult] = '\\0';\n            /* Convert to int */\n            data = atoi(inputBuffer);\n        }\n        while (0);\n        if (listenSocket != INVALID_SOCKET)\n        {\n            CLOSE_SOCKET(listenSocket);\n        }\n        if (acceptSocket != INVALID_SOCKET)\n        {\n            CLOSE_SOCKET(acceptSocket);\n        }\n#ifdef _WIN32\n        if (wsaDataInit)\n        {\n            WSACleanup();\n        }\n#endif\n    }\n    /* POTENTIAL FLAW: this assertion could trigger if n <= ASSERT_VALUE */\n    assert(data > ASSERT_VALUE);\n}",
        "question": "How does modifying the control structure `if (listenSocket == INVALID_SOCKET)` affect the behavior or output of `memset`?",
        "choices": {
            "A": "The modification of `if (listenSocket == INVALID_SOCKET)` directly impacts the execution of `memset` because its entire operation is controlled by `if (listenSocket == INVALID_SOCKET)` and located within `if (listenSocket == INVALID_SOCKET)`.",
            "B": "Modifying `if (listenSocket == INVALID_SOCKET)` has no impact on the behavior or output of `memset`.",
            "C": "The change of if (listenSocket == INVALID_SOCKET) indirectly affects the execution of `memset`, as the modifications in `if (listenSocket == INVALID_SOCKET)` influence the arguments or conditions within `memset`.",
            "D": "It is not possible to determine the effect without additional context."
        },
        "answer": "C",
        "distance": 2
    },
    {
        "case_id": 5772,
        "code": "void CWE617_Reachable_Assertion__listen_socket_01_bad()\n{\n    int data;\n    /* Initialize data */\n    data = -1;\n    {\n#ifdef _WIN32\n        WSADATA wsaData;\n        int wsaDataInit = 0;\n#endif\n        int recvResult;\n        struct sockaddr_in service;\n        SOCKET listenSocket = INVALID_SOCKET;\n        SOCKET acceptSocket = INVALID_SOCKET;\n        char inputBuffer[CHAR_ARRAY_SIZE];\n        do\n        {\n#ifdef _WIN32\n            if (WSAStartup(MAKEWORD(2,2), &wsaData) != NO_ERROR)\n            {\n                break;\n            }\n            wsaDataInit = 1;\n#endif\n            /* POTENTIAL FLAW: Read data using a listen socket */\n            listenSocket = socket(AF_INET, SOCK_STREAM, IPPROTO_TCP);\n            if (listenSocket == INVALID_SOCKET)\n            {\n                break;\n            }\n            memset(&service, 0, sizeof(service));\n            service.sin_family = AF_INET;\n            service.sin_addr.s_addr = INADDR_ANY;\n            service.sin_port = htons(TCP_PORT);\n            if (bind(listenSocket, (struct sockaddr*)&service, sizeof(service)) == SOCKET_ERROR)\n            {\n                break;\n            }\n            if (listen(listenSocket, LISTEN_BACKLOG) == SOCKET_ERROR)\n            {\n                break;\n            }\n            acceptSocket = accept(listenSocket, NULL, NULL);\n            if (acceptSocket == SOCKET_ERROR)\n            {\n                break;\n            }\n            /* Abort on error or the connection was closed */\n            recvResult = recv(acceptSocket, inputBuffer, CHAR_ARRAY_SIZE - 1, 0);\n            if (recvResult == SOCKET_ERROR || recvResult == 0)\n            {\n                break;\n            }\n            /* NUL-terminate the string */\n            inputBuffer[recvResult] = '\\0';\n            /* Convert to int */\n            data = atoi(inputBuffer);\n        }\n        while (0);\n        if (listenSocket != INVALID_SOCKET)\n        {\n            CLOSE_SOCKET(listenSocket);\n        }\n        if (acceptSocket != INVALID_SOCKET)\n        {\n            CLOSE_SOCKET(acceptSocket);\n        }\n#ifdef _WIN32\n        if (wsaDataInit)\n        {\n            WSACleanup();\n        }\n#endif\n    }\n    /* POTENTIAL FLAW: this assertion could trigger if n <= ASSERT_VALUE */\n    assert(data > ASSERT_VALUE);\n}",
        "question": "How does modifying the control structure `if (listenSocket == INVALID_SOCKET)` affect the behavior or output of `htons`?",
        "choices": {
            "A": "The modification of `if (listenSocket == INVALID_SOCKET)` directly impacts the execution of `htons` because its entire operation is controlled by `if (listenSocket == INVALID_SOCKET)` and located within `if (listenSocket == INVALID_SOCKET)`.",
            "B": "Modifying `if (listenSocket == INVALID_SOCKET)` has no impact on the behavior or output of `htons`.",
            "C": "The change of if (listenSocket == INVALID_SOCKET) indirectly affects the execution of `htons`, as the modifications in `if (listenSocket == INVALID_SOCKET)` influence the arguments or conditions within `htons`.",
            "D": "It is not possible to determine the effect without additional context."
        },
        "answer": "C",
        "distance": 2
    },
    {
        "case_id": 5772,
        "code": "void CWE617_Reachable_Assertion__listen_socket_01_bad()\n{\n    int data;\n    /* Initialize data */\n    data = -1;\n    {\n#ifdef _WIN32\n        WSADATA wsaData;\n        int wsaDataInit = 0;\n#endif\n        int recvResult;\n        struct sockaddr_in service;\n        SOCKET listenSocket = INVALID_SOCKET;\n        SOCKET acceptSocket = INVALID_SOCKET;\n        char inputBuffer[CHAR_ARRAY_SIZE];\n        do\n        {\n#ifdef _WIN32\n            if (WSAStartup(MAKEWORD(2,2), &wsaData) != NO_ERROR)\n            {\n                break;\n            }\n            wsaDataInit = 1;\n#endif\n            /* POTENTIAL FLAW: Read data using a listen socket */\n            listenSocket = socket(AF_INET, SOCK_STREAM, IPPROTO_TCP);\n            if (listenSocket == INVALID_SOCKET)\n            {\n                break;\n            }\n            memset(&service, 0, sizeof(service));\n            service.sin_family = AF_INET;\n            service.sin_addr.s_addr = INADDR_ANY;\n            service.sin_port = htons(TCP_PORT);\n            if (bind(listenSocket, (struct sockaddr*)&service, sizeof(service)) == SOCKET_ERROR)\n            {\n                break;\n            }\n            if (listen(listenSocket, LISTEN_BACKLOG) == SOCKET_ERROR)\n            {\n                break;\n            }\n            acceptSocket = accept(listenSocket, NULL, NULL);\n            if (acceptSocket == SOCKET_ERROR)\n            {\n                break;\n            }\n            /* Abort on error or the connection was closed */\n            recvResult = recv(acceptSocket, inputBuffer, CHAR_ARRAY_SIZE - 1, 0);\n            if (recvResult == SOCKET_ERROR || recvResult == 0)\n            {\n                break;\n            }\n            /* NUL-terminate the string */\n            inputBuffer[recvResult] = '\\0';\n            /* Convert to int */\n            data = atoi(inputBuffer);\n        }\n        while (0);\n        if (listenSocket != INVALID_SOCKET)\n        {\n            CLOSE_SOCKET(listenSocket);\n        }\n        if (acceptSocket != INVALID_SOCKET)\n        {\n            CLOSE_SOCKET(acceptSocket);\n        }\n#ifdef _WIN32\n        if (wsaDataInit)\n        {\n            WSACleanup();\n        }\n#endif\n    }\n    /* POTENTIAL FLAW: this assertion could trigger if n <= ASSERT_VALUE */\n    assert(data > ASSERT_VALUE);\n}",
        "question": "How does modifying the control structure `if (acceptSocket == SOCKET_ERROR)` affect the behavior or output of `recv`?",
        "choices": {
            "A": "The modification of `if (acceptSocket == SOCKET_ERROR)` directly impacts the execution of `recv` because its entire operation is controlled by `if (acceptSocket == SOCKET_ERROR)` and located within `if (acceptSocket == SOCKET_ERROR)`.",
            "B": "Modifying `if (acceptSocket == SOCKET_ERROR)` has no impact on the behavior or output of `recv`.",
            "C": "The change of if (acceptSocket == SOCKET_ERROR) indirectly affects the execution of `recv`, as the modifications in `if (acceptSocket == SOCKET_ERROR)` influence the arguments or conditions within `recv`.",
            "D": "It is not possible to determine the effect without additional context."
        },
        "answer": "C",
        "distance": 2
    },
    {
        "case_id": 5772,
        "code": "void CWE617_Reachable_Assertion__listen_socket_01_bad()\n{\n    int data;\n    /* Initialize data */\n    data = -1;\n    {\n#ifdef _WIN32\n        WSADATA wsaData;\n        int wsaDataInit = 0;\n#endif\n        int recvResult;\n        struct sockaddr_in service;\n        SOCKET listenSocket = INVALID_SOCKET;\n        SOCKET acceptSocket = INVALID_SOCKET;\n        char inputBuffer[CHAR_ARRAY_SIZE];\n        do\n        {\n#ifdef _WIN32\n            if (WSAStartup(MAKEWORD(2,2), &wsaData) != NO_ERROR)\n            {\n                break;\n            }\n            wsaDataInit = 1;\n#endif\n            /* POTENTIAL FLAW: Read data using a listen socket */\n            listenSocket = socket(AF_INET, SOCK_STREAM, IPPROTO_TCP);\n            if (listenSocket == INVALID_SOCKET)\n            {\n                break;\n            }\n            memset(&service, 0, sizeof(service));\n            service.sin_family = AF_INET;\n            service.sin_addr.s_addr = INADDR_ANY;\n            service.sin_port = htons(TCP_PORT);\n            if (bind(listenSocket, (struct sockaddr*)&service, sizeof(service)) == SOCKET_ERROR)\n            {\n                break;\n            }\n            if (listen(listenSocket, LISTEN_BACKLOG) == SOCKET_ERROR)\n            {\n                break;\n            }\n            acceptSocket = accept(listenSocket, NULL, NULL);\n            if (acceptSocket == SOCKET_ERROR)\n            {\n                break;\n            }\n            /* Abort on error or the connection was closed */\n            recvResult = recv(acceptSocket, inputBuffer, CHAR_ARRAY_SIZE - 1, 0);\n            if (recvResult == SOCKET_ERROR || recvResult == 0)\n            {\n                break;\n            }\n            /* NUL-terminate the string */\n            inputBuffer[recvResult] = '\\0';\n            /* Convert to int */\n            data = atoi(inputBuffer);\n        }\n        while (0);\n        if (listenSocket != INVALID_SOCKET)\n        {\n            CLOSE_SOCKET(listenSocket);\n        }\n        if (acceptSocket != INVALID_SOCKET)\n        {\n            CLOSE_SOCKET(acceptSocket);\n        }\n#ifdef _WIN32\n        if (wsaDataInit)\n        {\n            WSACleanup();\n        }\n#endif\n    }\n    /* POTENTIAL FLAW: this assertion could trigger if n <= ASSERT_VALUE */\n    assert(data > ASSERT_VALUE);\n}",
        "question": "How does modifying the control structure `if (recvResult == SOCKET_ERROR || recvResult == 0)` affect the behavior or output of `atoi`?",
        "choices": {
            "A": "The modification of `if (recvResult == SOCKET_ERROR || recvResult == 0)` directly impacts the execution of `atoi` because its entire operation is controlled by `if (recvResult == SOCKET_ERROR || recvResult == 0)` and located within `if (recvResult == SOCKET_ERROR || recvResult == 0)`.",
            "B": "Modifying `if (recvResult == SOCKET_ERROR || recvResult == 0)` has no impact on the behavior or output of `atoi`.",
            "C": "The change of if (recvResult == SOCKET_ERROR || recvResult == 0) indirectly affects the execution of `atoi`, as the modifications in `if (recvResult == SOCKET_ERROR || recvResult == 0)` influence the arguments or conditions within `atoi`.",
            "D": "It is not possible to determine the effect without additional context."
        },
        "answer": "C",
        "distance": 2
    }
]