[
    {
        "case_id": 2698,
        "code": "void CWE325_Missing_Required_Cryptographic_Step__w32_CryptHashData_01_bad()\n{\n    {\n        BYTE payload[100];\n        DWORD payloadLen = strlen(PAYLOAD);\n        HCRYPTPROV hCryptProv = (HCRYPTPROV)NULL;\n        HCRYPTHASH hHash = (HCRYPTHASH)NULL;\n        HCRYPTKEY hKey = (HCRYPTKEY)NULL;\n        char hashData[100] = HASH_INPUT;\n        do\n        {\n            /* Copy plaintext into payload buffer */\n            memcpy(payload, PAYLOAD, payloadLen);\n            /* Aquire a Context */\n            if(!CryptAcquireContext(&hCryptProv, NULL, MS_ENH_RSA_AES_PROV, PROV_RSA_AES, 0))\n            {\n                break;\n            }\n            /* Create hash handle */\n            if(!CryptCreateHash(hCryptProv, CALG_SHA_256, 0, 0, &hHash))\n            {\n                break;\n            }\n            /* FLAW: Missing required step (CryptHashData) does not use hash input when generating AES key */\n            /* Derive an AES key from the hash */\n            if(!CryptDeriveKey(hCryptProv, CALG_AES_256, hHash, 0, &hKey))\n            {\n                break;\n            }\n            /* Encrypt the payload */\n            if(!CryptEncrypt(hKey, 0, 1, 0, payload, &payloadLen, sizeof(payload)))\n            {\n                break;\n            }\n        }\n        while (0);\n        if (hKey)\n        {\n            CryptDestroyKey(hKey);\n        }\n        if (hHash)\n        {\n            CryptDestroyHash(hHash);\n        }\n        if (hCryptProv)\n        {\n            CryptReleaseContext(hCryptProv, 0);\n        }\n        /* Do something with the encrypted data */\n        printBytesLine(payload, payloadLen);\n    }\n}",
        "question": "How does modifying the control structure `if (hKey)` affect the behavior or output of `CryptDestroyKey`?",
        "choices": {
            "A": "The modification of `if (hKey)` directly impacts the execution of `CryptDestroyKey` because its entire operation is controlled by `if (hKey)` and located within `if (hKey)`.",
            "B": "Modifying `if (hKey)` has no impact on the behavior or output of `CryptDestroyKey`.",
            "C": "The change of if (hKey) indirectly affects the execution of `CryptDestroyKey`, as the modifications in `if (hKey)` influence the arguments or conditions within `CryptDestroyKey`.",
            "D": "It is not possible to determine the effect without additional context."
        },
        "answer": "A",
        "distance": 1
    },
    {
        "case_id": 2698,
        "code": "void CWE325_Missing_Required_Cryptographic_Step__w32_CryptHashData_01_bad()\n{\n    {\n        BYTE payload[100];\n        DWORD payloadLen = strlen(PAYLOAD);\n        HCRYPTPROV hCryptProv = (HCRYPTPROV)NULL;\n        HCRYPTHASH hHash = (HCRYPTHASH)NULL;\n        HCRYPTKEY hKey = (HCRYPTKEY)NULL;\n        char hashData[100] = HASH_INPUT;\n        do\n        {\n            /* Copy plaintext into payload buffer */\n            memcpy(payload, PAYLOAD, payloadLen);\n            /* Aquire a Context */\n            if(!CryptAcquireContext(&hCryptProv, NULL, MS_ENH_RSA_AES_PROV, PROV_RSA_AES, 0))\n            {\n                break;\n            }\n            /* Create hash handle */\n            if(!CryptCreateHash(hCryptProv, CALG_SHA_256, 0, 0, &hHash))\n            {\n                break;\n            }\n            /* FLAW: Missing required step (CryptHashData) does not use hash input when generating AES key */\n            /* Derive an AES key from the hash */\n            if(!CryptDeriveKey(hCryptProv, CALG_AES_256, hHash, 0, &hKey))\n            {\n                break;\n            }\n            /* Encrypt the payload */\n            if(!CryptEncrypt(hKey, 0, 1, 0, payload, &payloadLen, sizeof(payload)))\n            {\n                break;\n            }\n        }\n        while (0);\n        if (hKey)\n        {\n            CryptDestroyKey(hKey);\n        }\n        if (hHash)\n        {\n            CryptDestroyHash(hHash);\n        }\n        if (hCryptProv)\n        {\n            CryptReleaseContext(hCryptProv, 0);\n        }\n        /* Do something with the encrypted data */\n        printBytesLine(payload, payloadLen);\n    }\n}",
        "question": "How does modifying the control structure `if (hHash)` affect the behavior or output of `CryptDestroyHash`?",
        "choices": {
            "A": "The modification of `if (hHash)` directly impacts the execution of `CryptDestroyHash` because its entire operation is controlled by `if (hHash)` and located within `if (hHash)`.",
            "B": "Modifying `if (hHash)` has no impact on the behavior or output of `CryptDestroyHash`.",
            "C": "The change of if (hHash) indirectly affects the execution of `CryptDestroyHash`, as the modifications in `if (hHash)` influence the arguments or conditions within `CryptDestroyHash`.",
            "D": "It is not possible to determine the effect without additional context."
        },
        "answer": "A",
        "distance": 1
    },
    {
        "case_id": 2698,
        "code": "void CWE325_Missing_Required_Cryptographic_Step__w32_CryptHashData_01_bad()\n{\n    {\n        BYTE payload[100];\n        DWORD payloadLen = strlen(PAYLOAD);\n        HCRYPTPROV hCryptProv = (HCRYPTPROV)NULL;\n        HCRYPTHASH hHash = (HCRYPTHASH)NULL;\n        HCRYPTKEY hKey = (HCRYPTKEY)NULL;\n        char hashData[100] = HASH_INPUT;\n        do\n        {\n            /* Copy plaintext into payload buffer */\n            memcpy(payload, PAYLOAD, payloadLen);\n            /* Aquire a Context */\n            if(!CryptAcquireContext(&hCryptProv, NULL, MS_ENH_RSA_AES_PROV, PROV_RSA_AES, 0))\n            {\n                break;\n            }\n            /* Create hash handle */\n            if(!CryptCreateHash(hCryptProv, CALG_SHA_256, 0, 0, &hHash))\n            {\n                break;\n            }\n            /* FLAW: Missing required step (CryptHashData) does not use hash input when generating AES key */\n            /* Derive an AES key from the hash */\n            if(!CryptDeriveKey(hCryptProv, CALG_AES_256, hHash, 0, &hKey))\n            {\n                break;\n            }\n            /* Encrypt the payload */\n            if(!CryptEncrypt(hKey, 0, 1, 0, payload, &payloadLen, sizeof(payload)))\n            {\n                break;\n            }\n        }\n        while (0);\n        if (hKey)\n        {\n            CryptDestroyKey(hKey);\n        }\n        if (hHash)\n        {\n            CryptDestroyHash(hHash);\n        }\n        if (hCryptProv)\n        {\n            CryptReleaseContext(hCryptProv, 0);\n        }\n        /* Do something with the encrypted data */\n        printBytesLine(payload, payloadLen);\n    }\n}",
        "question": "How does modifying the control structure `if (hCryptProv)` affect the behavior or output of `CryptReleaseContext`?",
        "choices": {
            "A": "The modification of `if (hCryptProv)` directly impacts the execution of `CryptReleaseContext` because its entire operation is controlled by `if (hCryptProv)` and located within `if (hCryptProv)`.",
            "B": "Modifying `if (hCryptProv)` has no impact on the behavior or output of `CryptReleaseContext`.",
            "C": "The change of if (hCryptProv) indirectly affects the execution of `CryptReleaseContext`, as the modifications in `if (hCryptProv)` influence the arguments or conditions within `CryptReleaseContext`.",
            "D": "It is not possible to determine the effect without additional context."
        },
        "answer": "A",
        "distance": 1
    },
    {
        "case_id": 2698,
        "code": "void CWE325_Missing_Required_Cryptographic_Step__w32_CryptHashData_01_bad()\n{\n    {\n        BYTE payload[100];\n        DWORD payloadLen = strlen(PAYLOAD);\n        HCRYPTPROV hCryptProv = (HCRYPTPROV)NULL;\n        HCRYPTHASH hHash = (HCRYPTHASH)NULL;\n        HCRYPTKEY hKey = (HCRYPTKEY)NULL;\n        char hashData[100] = HASH_INPUT;\n        do\n        {\n            /* Copy plaintext into payload buffer */\n            memcpy(payload, PAYLOAD, payloadLen);\n            /* Aquire a Context */\n            if(!CryptAcquireContext(&hCryptProv, NULL, MS_ENH_RSA_AES_PROV, PROV_RSA_AES, 0))\n            {\n                break;\n            }\n            /* Create hash handle */\n            if(!CryptCreateHash(hCryptProv, CALG_SHA_256, 0, 0, &hHash))\n            {\n                break;\n            }\n            /* FLAW: Missing required step (CryptHashData) does not use hash input when generating AES key */\n            /* Derive an AES key from the hash */\n            if(!CryptDeriveKey(hCryptProv, CALG_AES_256, hHash, 0, &hKey))\n            {\n                break;\n            }\n            /* Encrypt the payload */\n            if(!CryptEncrypt(hKey, 0, 1, 0, payload, &payloadLen, sizeof(payload)))\n            {\n                break;\n            }\n        }\n        while (0);\n        if (hKey)\n        {\n            CryptDestroyKey(hKey);\n        }\n        if (hHash)\n        {\n            CryptDestroyHash(hHash);\n        }\n        if (hCryptProv)\n        {\n            CryptReleaseContext(hCryptProv, 0);\n        }\n        /* Do something with the encrypted data */\n        printBytesLine(payload, payloadLen);\n    }\n}",
        "question": "How does modifying the control structure `do` affect the behavior or output of `memcpy`?",
        "choices": {
            "A": "The modification of `do` directly impacts the execution of `memcpy` because its entire operation is controlled by `do` and located within `do`.",
            "B": "Modifying `do` has no impact on the behavior or output of `memcpy`.",
            "C": "The change of do indirectly affects the execution of `memcpy`, as the modifications in `do` influence the arguments or conditions within `memcpy`.",
            "D": "It is not possible to determine the effect without additional context."
        },
        "answer": "A",
        "distance": 1
    },
    {
        "case_id": 2698,
        "code": "void CWE325_Missing_Required_Cryptographic_Step__w32_CryptHashData_01_bad()\n{\n    {\n        BYTE payload[100];\n        DWORD payloadLen = strlen(PAYLOAD);\n        HCRYPTPROV hCryptProv = (HCRYPTPROV)NULL;\n        HCRYPTHASH hHash = (HCRYPTHASH)NULL;\n        HCRYPTKEY hKey = (HCRYPTKEY)NULL;\n        char hashData[100] = HASH_INPUT;\n        do\n        {\n            /* Copy plaintext into payload buffer */\n            memcpy(payload, PAYLOAD, payloadLen);\n            /* Aquire a Context */\n            if(!CryptAcquireContext(&hCryptProv, NULL, MS_ENH_RSA_AES_PROV, PROV_RSA_AES, 0))\n            {\n                break;\n            }\n            /* Create hash handle */\n            if(!CryptCreateHash(hCryptProv, CALG_SHA_256, 0, 0, &hHash))\n            {\n                break;\n            }\n            /* FLAW: Missing required step (CryptHashData) does not use hash input when generating AES key */\n            /* Derive an AES key from the hash */\n            if(!CryptDeriveKey(hCryptProv, CALG_AES_256, hHash, 0, &hKey))\n            {\n                break;\n            }\n            /* Encrypt the payload */\n            if(!CryptEncrypt(hKey, 0, 1, 0, payload, &payloadLen, sizeof(payload)))\n            {\n                break;\n            }\n        }\n        while (0);\n        if (hKey)\n        {\n            CryptDestroyKey(hKey);\n        }\n        if (hHash)\n        {\n            CryptDestroyHash(hHash);\n        }\n        if (hCryptProv)\n        {\n            CryptReleaseContext(hCryptProv, 0);\n        }\n        /* Do something with the encrypted data */\n        printBytesLine(payload, payloadLen);\n    }\n}",
        "question": "How does modifying the control structure `break;` affect the behavior or output of `strlen`?",
        "choices": {
            "A": "The modification of `break;` directly impacts the execution of `strlen` because its entire operation is controlled by `break;` and located within `break;`.",
            "B": "Modifying `break;` has no impact on the behavior or output of `strlen`.",
            "C": "The change of break; indirectly affects the execution of `strlen`, as the modifications in `break;` influence the arguments or conditions within `strlen`.",
            "D": "It is not possible to determine the effect without additional context."
        },
        "answer": "B",
        "distance": 0
    },
    {
        "case_id": 2698,
        "code": "void CWE325_Missing_Required_Cryptographic_Step__w32_CryptHashData_01_bad()\n{\n    {\n        BYTE payload[100];\n        DWORD payloadLen = strlen(PAYLOAD);\n        HCRYPTPROV hCryptProv = (HCRYPTPROV)NULL;\n        HCRYPTHASH hHash = (HCRYPTHASH)NULL;\n        HCRYPTKEY hKey = (HCRYPTKEY)NULL;\n        char hashData[100] = HASH_INPUT;\n        do\n        {\n            /* Copy plaintext into payload buffer */\n            memcpy(payload, PAYLOAD, payloadLen);\n            /* Aquire a Context */\n            if(!CryptAcquireContext(&hCryptProv, NULL, MS_ENH_RSA_AES_PROV, PROV_RSA_AES, 0))\n            {\n                break;\n            }\n            /* Create hash handle */\n            if(!CryptCreateHash(hCryptProv, CALG_SHA_256, 0, 0, &hHash))\n            {\n                break;\n            }\n            /* FLAW: Missing required step (CryptHashData) does not use hash input when generating AES key */\n            /* Derive an AES key from the hash */\n            if(!CryptDeriveKey(hCryptProv, CALG_AES_256, hHash, 0, &hKey))\n            {\n                break;\n            }\n            /* Encrypt the payload */\n            if(!CryptEncrypt(hKey, 0, 1, 0, payload, &payloadLen, sizeof(payload)))\n            {\n                break;\n            }\n        }\n        while (0);\n        if (hKey)\n        {\n            CryptDestroyKey(hKey);\n        }\n        if (hHash)\n        {\n            CryptDestroyHash(hHash);\n        }\n        if (hCryptProv)\n        {\n            CryptReleaseContext(hCryptProv, 0);\n        }\n        /* Do something with the encrypted data */\n        printBytesLine(payload, payloadLen);\n    }\n}",
        "question": "How does modifying the control structure `break;` affect the behavior or output of `printBytesLine`?",
        "choices": {
            "A": "The modification of `break;` directly impacts the execution of `printBytesLine` because its entire operation is controlled by `break;` and located within `break;`.",
            "B": "Modifying `break;` has no impact on the behavior or output of `printBytesLine`.",
            "C": "The change of break; indirectly affects the execution of `printBytesLine`, as the modifications in `break;` influence the arguments or conditions within `printBytesLine`.",
            "D": "It is not possible to determine the effect without additional context."
        },
        "answer": "B",
        "distance": 0
    },
    {
        "case_id": 2698,
        "code": "void CWE325_Missing_Required_Cryptographic_Step__w32_CryptHashData_01_bad()\n{\n    {\n        BYTE payload[100];\n        DWORD payloadLen = strlen(PAYLOAD);\n        HCRYPTPROV hCryptProv = (HCRYPTPROV)NULL;\n        HCRYPTHASH hHash = (HCRYPTHASH)NULL;\n        HCRYPTKEY hKey = (HCRYPTKEY)NULL;\n        char hashData[100] = HASH_INPUT;\n        do\n        {\n            /* Copy plaintext into payload buffer */\n            memcpy(payload, PAYLOAD, payloadLen);\n            /* Aquire a Context */\n            if(!CryptAcquireContext(&hCryptProv, NULL, MS_ENH_RSA_AES_PROV, PROV_RSA_AES, 0))\n            {\n                break;\n            }\n            /* Create hash handle */\n            if(!CryptCreateHash(hCryptProv, CALG_SHA_256, 0, 0, &hHash))\n            {\n                break;\n            }\n            /* FLAW: Missing required step (CryptHashData) does not use hash input when generating AES key */\n            /* Derive an AES key from the hash */\n            if(!CryptDeriveKey(hCryptProv, CALG_AES_256, hHash, 0, &hKey))\n            {\n                break;\n            }\n            /* Encrypt the payload */\n            if(!CryptEncrypt(hKey, 0, 1, 0, payload, &payloadLen, sizeof(payload)))\n            {\n                break;\n            }\n        }\n        while (0);\n        if (hKey)\n        {\n            CryptDestroyKey(hKey);\n        }\n        if (hHash)\n        {\n            CryptDestroyHash(hHash);\n        }\n        if (hCryptProv)\n        {\n            CryptReleaseContext(hCryptProv, 0);\n        }\n        /* Do something with the encrypted data */\n        printBytesLine(payload, payloadLen);\n    }\n}",
        "question": "How does modifying the control structure `break;` affect the behavior or output of `CryptReleaseContext`?",
        "choices": {
            "A": "The modification of `break;` directly impacts the execution of `CryptReleaseContext` because its entire operation is controlled by `break;` and located within `break;`.",
            "B": "Modifying `break;` has no impact on the behavior or output of `CryptReleaseContext`.",
            "C": "The change of break; indirectly affects the execution of `CryptReleaseContext`, as the modifications in `break;` influence the arguments or conditions within `CryptReleaseContext`.",
            "D": "It is not possible to determine the effect without additional context."
        },
        "answer": "B",
        "distance": 0
    },
    {
        "case_id": 2698,
        "code": "void CWE325_Missing_Required_Cryptographic_Step__w32_CryptHashData_01_bad()\n{\n    {\n        BYTE payload[100];\n        DWORD payloadLen = strlen(PAYLOAD);\n        HCRYPTPROV hCryptProv = (HCRYPTPROV)NULL;\n        HCRYPTHASH hHash = (HCRYPTHASH)NULL;\n        HCRYPTKEY hKey = (HCRYPTKEY)NULL;\n        char hashData[100] = HASH_INPUT;\n        do\n        {\n            /* Copy plaintext into payload buffer */\n            memcpy(payload, PAYLOAD, payloadLen);\n            /* Aquire a Context */\n            if(!CryptAcquireContext(&hCryptProv, NULL, MS_ENH_RSA_AES_PROV, PROV_RSA_AES, 0))\n            {\n                break;\n            }\n            /* Create hash handle */\n            if(!CryptCreateHash(hCryptProv, CALG_SHA_256, 0, 0, &hHash))\n            {\n                break;\n            }\n            /* FLAW: Missing required step (CryptHashData) does not use hash input when generating AES key */\n            /* Derive an AES key from the hash */\n            if(!CryptDeriveKey(hCryptProv, CALG_AES_256, hHash, 0, &hKey))\n            {\n                break;\n            }\n            /* Encrypt the payload */\n            if(!CryptEncrypt(hKey, 0, 1, 0, payload, &payloadLen, sizeof(payload)))\n            {\n                break;\n            }\n        }\n        while (0);\n        if (hKey)\n        {\n            CryptDestroyKey(hKey);\n        }\n        if (hHash)\n        {\n            CryptDestroyHash(hHash);\n        }\n        if (hCryptProv)\n        {\n            CryptReleaseContext(hCryptProv, 0);\n        }\n        /* Do something with the encrypted data */\n        printBytesLine(payload, payloadLen);\n    }\n}",
        "question": "How does modifying the control structure `break;` affect the behavior or output of `CryptDestroyKey`?",
        "choices": {
            "A": "The modification of `break;` directly impacts the execution of `CryptDestroyKey` because its entire operation is controlled by `break;` and located within `break;`.",
            "B": "Modifying `break;` has no impact on the behavior or output of `CryptDestroyKey`.",
            "C": "The change of break; indirectly affects the execution of `CryptDestroyKey`, as the modifications in `break;` influence the arguments or conditions within `CryptDestroyKey`.",
            "D": "It is not possible to determine the effect without additional context."
        },
        "answer": "B",
        "distance": 0
    },
    {
        "case_id": 2698,
        "code": "void CWE325_Missing_Required_Cryptographic_Step__w32_CryptHashData_01_bad()\n{\n    {\n        BYTE payload[100];\n        DWORD payloadLen = strlen(PAYLOAD);\n        HCRYPTPROV hCryptProv = (HCRYPTPROV)NULL;\n        HCRYPTHASH hHash = (HCRYPTHASH)NULL;\n        HCRYPTKEY hKey = (HCRYPTKEY)NULL;\n        char hashData[100] = HASH_INPUT;\n        do\n        {\n            /* Copy plaintext into payload buffer */\n            memcpy(payload, PAYLOAD, payloadLen);\n            /* Aquire a Context */\n            if(!CryptAcquireContext(&hCryptProv, NULL, MS_ENH_RSA_AES_PROV, PROV_RSA_AES, 0))\n            {\n                break;\n            }\n            /* Create hash handle */\n            if(!CryptCreateHash(hCryptProv, CALG_SHA_256, 0, 0, &hHash))\n            {\n                break;\n            }\n            /* FLAW: Missing required step (CryptHashData) does not use hash input when generating AES key */\n            /* Derive an AES key from the hash */\n            if(!CryptDeriveKey(hCryptProv, CALG_AES_256, hHash, 0, &hKey))\n            {\n                break;\n            }\n            /* Encrypt the payload */\n            if(!CryptEncrypt(hKey, 0, 1, 0, payload, &payloadLen, sizeof(payload)))\n            {\n                break;\n            }\n        }\n        while (0);\n        if (hKey)\n        {\n            CryptDestroyKey(hKey);\n        }\n        if (hHash)\n        {\n            CryptDestroyHash(hHash);\n        }\n        if (hCryptProv)\n        {\n            CryptReleaseContext(hCryptProv, 0);\n        }\n        /* Do something with the encrypted data */\n        printBytesLine(payload, payloadLen);\n    }\n}",
        "question": "How does modifying the control structure `do` affect the behavior or output of `printBytesLine`?",
        "choices": {
            "A": "The modification of `do` directly impacts the execution of `printBytesLine` because its entire operation is controlled by `do` and located within `do`.",
            "B": "Modifying `do` has no impact on the behavior or output of `printBytesLine`.",
            "C": "The change of do indirectly affects the execution of `printBytesLine`, as the modifications in `do` influence the arguments or conditions within `printBytesLine`.",
            "D": "It is not possible to determine the effect without additional context."
        },
        "answer": "C",
        "distance": 3
    }
]