[
    {
        "case_id": 3838,
        "code": "void CWE427_Uncontrolled_Search_Path_Element__char_file_01_bad()\n{\n    char * data;\n    char dataBuffer[250] = \"PATH=\";\n    data = dataBuffer;\n    {\n        /* Read input from a file */\n        size_t dataLen = strlen(data);\n        FILE * pFile;\n        /* if there is room in data, attempt to read the input from a file */\n        if (250-dataLen > 1)\n        {\n            pFile = fopen(FILENAME, \"r\");\n            if (pFile != NULL)\n            {\n                /* POTENTIAL FLAW: Read data from a file */\n                if (fgets(data+dataLen, (int)(250-dataLen), pFile) == NULL)\n                {\n                    printLine(\"fgets() failed\");\n                    /* Restore NUL terminator if fgets fails */\n                    data[dataLen] = '\\0';\n                }\n                fclose(pFile);\n            }\n        }\n    }\n    /* POTENTIAL FLAW: Set a new environment variable with a path that is possibly insecure */\n    PUTENV(data);\n}",
        "question": "How does modifying the control structure `if (250-dataLen > 1)` affect the behavior or output of `fclose`?",
        "choices": {
            "A": "The modification of `if (250-dataLen > 1)` directly impacts the execution of `fclose` because its entire operation is controlled by `if (250-dataLen > 1)` and located within `if (250-dataLen > 1)`.",
            "B": "Modifying `if (250-dataLen > 1)` has no impact on the behavior or output of `fclose`.",
            "C": "The change of if (250-dataLen > 1) indirectly affects the execution of `fclose`, as the modifications in `if (250-dataLen > 1)` influence the arguments or conditions within `fclose`.",
            "D": "It is not possible to determine the effect without additional context."
        },
        "answer": "A",
        "distance": 1
    },
    {
        "case_id": 3838,
        "code": "void CWE427_Uncontrolled_Search_Path_Element__char_file_01_bad()\n{\n    char * data;\n    char dataBuffer[250] = \"PATH=\";\n    data = dataBuffer;\n    {\n        /* Read input from a file */\n        size_t dataLen = strlen(data);\n        FILE * pFile;\n        /* if there is room in data, attempt to read the input from a file */\n        if (250-dataLen > 1)\n        {\n            pFile = fopen(FILENAME, \"r\");\n            if (pFile != NULL)\n            {\n                /* POTENTIAL FLAW: Read data from a file */\n                if (fgets(data+dataLen, (int)(250-dataLen), pFile) == NULL)\n                {\n                    printLine(\"fgets() failed\");\n                    /* Restore NUL terminator if fgets fails */\n                    data[dataLen] = '\\0';\n                }\n                fclose(pFile);\n            }\n        }\n    }\n    /* POTENTIAL FLAW: Set a new environment variable with a path that is possibly insecure */\n    PUTENV(data);\n}",
        "question": "How does modifying the control structure `if (250-dataLen > 1)` affect the behavior or output of `fopen`?",
        "choices": {
            "A": "The modification of `if (250-dataLen > 1)` directly impacts the execution of `fopen` because its entire operation is controlled by `if (250-dataLen > 1)` and located within `if (250-dataLen > 1)`.",
            "B": "Modifying `if (250-dataLen > 1)` has no impact on the behavior or output of `fopen`.",
            "C": "The change of if (250-dataLen > 1) indirectly affects the execution of `fopen`, as the modifications in `if (250-dataLen > 1)` influence the arguments or conditions within `fopen`.",
            "D": "It is not possible to determine the effect without additional context."
        },
        "answer": "A",
        "distance": 1
    },
    {
        "case_id": 3838,
        "code": "void CWE427_Uncontrolled_Search_Path_Element__char_file_01_bad()\n{\n    char * data;\n    char dataBuffer[250] = \"PATH=\";\n    data = dataBuffer;\n    {\n        /* Read input from a file */\n        size_t dataLen = strlen(data);\n        FILE * pFile;\n        /* if there is room in data, attempt to read the input from a file */\n        if (250-dataLen > 1)\n        {\n            pFile = fopen(FILENAME, \"r\");\n            if (pFile != NULL)\n            {\n                /* POTENTIAL FLAW: Read data from a file */\n                if (fgets(data+dataLen, (int)(250-dataLen), pFile) == NULL)\n                {\n                    printLine(\"fgets() failed\");\n                    /* Restore NUL terminator if fgets fails */\n                    data[dataLen] = '\\0';\n                }\n                fclose(pFile);\n            }\n        }\n    }\n    /* POTENTIAL FLAW: Set a new environment variable with a path that is possibly insecure */\n    PUTENV(data);\n}",
        "question": "How does modifying the control structure `if (250-dataLen > 1)` affect the behavior or output of `printLine`?",
        "choices": {
            "A": "The modification of `if (250-dataLen > 1)` directly impacts the execution of `printLine` because its entire operation is controlled by `if (250-dataLen > 1)` and located within `if (250-dataLen > 1)`.",
            "B": "Modifying `if (250-dataLen > 1)` has no impact on the behavior or output of `printLine`.",
            "C": "The change of if (250-dataLen > 1) indirectly affects the execution of `printLine`, as the modifications in `if (250-dataLen > 1)` influence the arguments or conditions within `printLine`.",
            "D": "It is not possible to determine the effect without additional context."
        },
        "answer": "A",
        "distance": 1
    },
    {
        "case_id": 3838,
        "code": "void CWE427_Uncontrolled_Search_Path_Element__char_file_01_bad()\n{\n    char * data;\n    char dataBuffer[250] = \"PATH=\";\n    data = dataBuffer;\n    {\n        /* Read input from a file */\n        size_t dataLen = strlen(data);\n        FILE * pFile;\n        /* if there is room in data, attempt to read the input from a file */\n        if (250-dataLen > 1)\n        {\n            pFile = fopen(FILENAME, \"r\");\n            if (pFile != NULL)\n            {\n                /* POTENTIAL FLAW: Read data from a file */\n                if (fgets(data+dataLen, (int)(250-dataLen), pFile) == NULL)\n                {\n                    printLine(\"fgets() failed\");\n                    /* Restore NUL terminator if fgets fails */\n                    data[dataLen] = '\\0';\n                }\n                fclose(pFile);\n            }\n        }\n    }\n    /* POTENTIAL FLAW: Set a new environment variable with a path that is possibly insecure */\n    PUTENV(data);\n}",
        "question": "How does modifying the control structure `if (fgets(data+dataLen, (int)(250-dataLen), pFile) == NULL)` affect the behavior or output of `strlen`?",
        "choices": {
            "A": "The modification of `if (fgets(data+dataLen, (int)(250-dataLen), pFile) == NULL)` directly impacts the execution of `strlen` because its entire operation is controlled by `if (fgets(data+dataLen, (int)(250-dataLen), pFile) == NULL)` and located within `if (fgets(data+dataLen, (int)(250-dataLen), pFile) == NULL)`.",
            "B": "Modifying `if (fgets(data+dataLen, (int)(250-dataLen), pFile) == NULL)` has no impact on the behavior or output of `strlen`.",
            "C": "The change of if (fgets(data+dataLen, (int)(250-dataLen), pFile) == NULL) indirectly affects the execution of `strlen`, as the modifications in `if (fgets(data+dataLen, (int)(250-dataLen), pFile) == NULL)` influence the arguments or conditions within `strlen`.",
            "D": "It is not possible to determine the effect without additional context."
        },
        "answer": "B",
        "distance": 0
    },
    {
        "case_id": 3838,
        "code": "void CWE427_Uncontrolled_Search_Path_Element__char_file_01_bad()\n{\n    char * data;\n    char dataBuffer[250] = \"PATH=\";\n    data = dataBuffer;\n    {\n        /* Read input from a file */\n        size_t dataLen = strlen(data);\n        FILE * pFile;\n        /* if there is room in data, attempt to read the input from a file */\n        if (250-dataLen > 1)\n        {\n            pFile = fopen(FILENAME, \"r\");\n            if (pFile != NULL)\n            {\n                /* POTENTIAL FLAW: Read data from a file */\n                if (fgets(data+dataLen, (int)(250-dataLen), pFile) == NULL)\n                {\n                    printLine(\"fgets() failed\");\n                    /* Restore NUL terminator if fgets fails */\n                    data[dataLen] = '\\0';\n                }\n                fclose(pFile);\n            }\n        }\n    }\n    /* POTENTIAL FLAW: Set a new environment variable with a path that is possibly insecure */\n    PUTENV(data);\n}",
        "question": "How does modifying the control structure `if (fgets(data+dataLen, (int)(250-dataLen), pFile) == NULL)` affect the behavior or output of `fclose`?",
        "choices": {
            "A": "The modification of `if (fgets(data+dataLen, (int)(250-dataLen), pFile) == NULL)` directly impacts the execution of `fclose` because its entire operation is controlled by `if (fgets(data+dataLen, (int)(250-dataLen), pFile) == NULL)` and located within `if (fgets(data+dataLen, (int)(250-dataLen), pFile) == NULL)`.",
            "B": "Modifying `if (fgets(data+dataLen, (int)(250-dataLen), pFile) == NULL)` has no impact on the behavior or output of `fclose`.",
            "C": "The change of if (fgets(data+dataLen, (int)(250-dataLen), pFile) == NULL) indirectly affects the execution of `fclose`, as the modifications in `if (fgets(data+dataLen, (int)(250-dataLen), pFile) == NULL)` influence the arguments or conditions within `fclose`.",
            "D": "It is not possible to determine the effect without additional context."
        },
        "answer": "B",
        "distance": 0
    },
    {
        "case_id": 3838,
        "code": "void CWE427_Uncontrolled_Search_Path_Element__char_file_01_bad()\n{\n    char * data;\n    char dataBuffer[250] = \"PATH=\";\n    data = dataBuffer;\n    {\n        /* Read input from a file */\n        size_t dataLen = strlen(data);\n        FILE * pFile;\n        /* if there is room in data, attempt to read the input from a file */\n        if (250-dataLen > 1)\n        {\n            pFile = fopen(FILENAME, \"r\");\n            if (pFile != NULL)\n            {\n                /* POTENTIAL FLAW: Read data from a file */\n                if (fgets(data+dataLen, (int)(250-dataLen), pFile) == NULL)\n                {\n                    printLine(\"fgets() failed\");\n                    /* Restore NUL terminator if fgets fails */\n                    data[dataLen] = '\\0';\n                }\n                fclose(pFile);\n            }\n        }\n    }\n    /* POTENTIAL FLAW: Set a new environment variable with a path that is possibly insecure */\n    PUTENV(data);\n}",
        "question": "How does modifying the control structure `if (fgets(data+dataLen, (int)(250-dataLen), pFile) == NULL)` affect the behavior or output of `fopen`?",
        "choices": {
            "A": "The modification of `if (fgets(data+dataLen, (int)(250-dataLen), pFile) == NULL)` directly impacts the execution of `fopen` because its entire operation is controlled by `if (fgets(data+dataLen, (int)(250-dataLen), pFile) == NULL)` and located within `if (fgets(data+dataLen, (int)(250-dataLen), pFile) == NULL)`.",
            "B": "Modifying `if (fgets(data+dataLen, (int)(250-dataLen), pFile) == NULL)` has no impact on the behavior or output of `fopen`.",
            "C": "The change of if (fgets(data+dataLen, (int)(250-dataLen), pFile) == NULL) indirectly affects the execution of `fopen`, as the modifications in `if (fgets(data+dataLen, (int)(250-dataLen), pFile) == NULL)` influence the arguments or conditions within `fopen`.",
            "D": "It is not possible to determine the effect without additional context."
        },
        "answer": "B",
        "distance": 0
    },
    {
        "case_id": 3838,
        "code": "void CWE427_Uncontrolled_Search_Path_Element__char_file_01_bad()\n{\n    char * data;\n    char dataBuffer[250] = \"PATH=\";\n    data = dataBuffer;\n    {\n        /* Read input from a file */\n        size_t dataLen = strlen(data);\n        FILE * pFile;\n        /* if there is room in data, attempt to read the input from a file */\n        if (250-dataLen > 1)\n        {\n            pFile = fopen(FILENAME, \"r\");\n            if (pFile != NULL)\n            {\n                /* POTENTIAL FLAW: Read data from a file */\n                if (fgets(data+dataLen, (int)(250-dataLen), pFile) == NULL)\n                {\n                    printLine(\"fgets() failed\");\n                    /* Restore NUL terminator if fgets fails */\n                    data[dataLen] = '\\0';\n                }\n                fclose(pFile);\n            }\n        }\n    }\n    /* POTENTIAL FLAW: Set a new environment variable with a path that is possibly insecure */\n    PUTENV(data);\n}",
        "question": "How does modifying the control structure `if (fgets(data+dataLen, (int)(250-dataLen), pFile) == NULL)` affect the behavior or output of `PUTENV`?",
        "choices": {
            "A": "The modification of `if (fgets(data+dataLen, (int)(250-dataLen), pFile) == NULL)` directly impacts the execution of `PUTENV` because its entire operation is controlled by `if (fgets(data+dataLen, (int)(250-dataLen), pFile) == NULL)` and located within `if (fgets(data+dataLen, (int)(250-dataLen), pFile) == NULL)`.",
            "B": "Modifying `if (fgets(data+dataLen, (int)(250-dataLen), pFile) == NULL)` has no impact on the behavior or output of `PUTENV`.",
            "C": "The change of if (fgets(data+dataLen, (int)(250-dataLen), pFile) == NULL) indirectly affects the execution of `PUTENV`, as the modifications in `if (fgets(data+dataLen, (int)(250-dataLen), pFile) == NULL)` influence the arguments or conditions within `PUTENV`.",
            "D": "It is not possible to determine the effect without additional context."
        },
        "answer": "B",
        "distance": 0
    }
]