[
    {
        "case_id": 2497,
        "code": "void CWE319_Cleartext_Tx_Sensitive_Info__w32_char_connect_socket_01_bad()\n{\n    char * password;\n    char passwordBuffer[100] = \"\";\n    password = passwordBuffer;\n    {\n        WSADATA wsaData;\n        int wsaDataInit = 0;\n        int recvResult;\n        struct sockaddr_in service;\n        char *replace;\n        SOCKET connectSocket = INVALID_SOCKET;\n        size_t passwordLen = strlen(password);\n        do\n        {\n            if (WSAStartup(MAKEWORD(2,2), &wsaData) != NO_ERROR)\n            {\n                break;\n            }\n            wsaDataInit = 1;\n            connectSocket = socket(AF_INET, SOCK_STREAM, IPPROTO_TCP);\n            if (connectSocket == INVALID_SOCKET)\n            {\n                break;\n            }\n            memset(&service, 0, sizeof(service));\n            service.sin_family = AF_INET;\n            service.sin_addr.s_addr = inet_addr(IP_ADDRESS);\n            service.sin_port = htons(TCP_PORT);\n            if (connect(connectSocket, (struct sockaddr*)&service, sizeof(service)) == SOCKET_ERROR)\n            {\n                break;\n            }\n            /* Abort on error or the connection was closed, make sure to recv one\n             * less char than is in the recv_buf in order to append a terminator */\n            /* POTENTIAL FLAW: Reading sensitive data from the network */\n            recvResult = recv(connectSocket, (char*)(password + passwordLen), (100 - passwordLen - 1) * sizeof(char), 0);\n            if (recvResult == SOCKET_ERROR || recvResult == 0)\n            {\n                break;\n            }\n            /* Append null terminator */\n            password[passwordLen + recvResult / sizeof(char)] = '\\0';\n            /* Eliminate CRLF */\n            replace = strchr(password, '\\r');\n            if (replace)\n            {\n                *replace = '\\0';\n            }\n            replace = strchr(password, '\\n');\n            if (replace)\n            {\n                *replace = '\\0';\n            }\n        }\n        while (0);\n        if (connectSocket != INVALID_SOCKET)\n        {\n            closesocket(connectSocket);\n        }\n        if (wsaDataInit)\n        {\n            WSACleanup();\n        }\n    }\n    {\n        HANDLE pHandle;\n        char * username = \"User\";\n        char * domain = \"Domain\";\n        /* Use the password in LogonUser() to establish that it is \"sensitive\" */\n        /* POTENTIAL FLAW: Using sensitive information that was possibly sent in plaintext over the network */\n        if (LogonUserA(\n                    username,\n                    domain,\n                    password,\n                    LOGON32_LOGON_NETWORK,\n                    LOGON32_PROVIDER_DEFAULT,\n                    &pHandle) != 0)\n        {\n            printLine(\"User logged in successfully.\");\n            CloseHandle(pHandle);\n        }\n        else\n        {\n            printLine(\"Unable to login.\");\n        }\n    }\n}",
        "question": "How does modifying the control structure `if (LogonUserA(username,domain,password,LOGON32_LOGON_NETWORK,LOGON32_PROVIDER_DEFAULT,&pHandle) != 0)` affect the behavior or output of `CloseHandle`?",
        "choices": {
            "A": "The modification of `if (LogonUserA(username,domain,password,LOGON32_LOGON_NETWORK,LOGON32_PROVIDER_DEFAULT,&pHandle) != 0)` directly impacts the execution of `CloseHandle` because its entire operation is controlled by `if (LogonUserA(username,domain,password,LOGON32_LOGON_NETWORK,LOGON32_PROVIDER_DEFAULT,&pHandle) != 0)` and located within `if (LogonUserA(username,domain,password,LOGON32_LOGON_NETWORK,LOGON32_PROVIDER_DEFAULT,&pHandle) != 0)`.",
            "B": "Modifying `if (LogonUserA(username,domain,password,LOGON32_LOGON_NETWORK,LOGON32_PROVIDER_DEFAULT,&pHandle) != 0)` has no impact on the behavior or output of `CloseHandle`.",
            "C": "The change of if (LogonUserA(username,domain,password,LOGON32_LOGON_NETWORK,LOGON32_PROVIDER_DEFAULT,&pHandle) != 0) indirectly affects the execution of `CloseHandle`, as the modifications in `if (LogonUserA(username,domain,password,LOGON32_LOGON_NETWORK,LOGON32_PROVIDER_DEFAULT,&pHandle) != 0)` influence the arguments or conditions within `CloseHandle`.",
            "D": "It is not possible to determine the effect without additional context."
        },
        "answer": "A",
        "distance": 1
    },
    {
        "case_id": 2497,
        "code": "void CWE319_Cleartext_Tx_Sensitive_Info__w32_char_connect_socket_01_bad()\n{\n    char * password;\n    char passwordBuffer[100] = \"\";\n    password = passwordBuffer;\n    {\n        WSADATA wsaData;\n        int wsaDataInit = 0;\n        int recvResult;\n        struct sockaddr_in service;\n        char *replace;\n        SOCKET connectSocket = INVALID_SOCKET;\n        size_t passwordLen = strlen(password);\n        do\n        {\n            if (WSAStartup(MAKEWORD(2,2), &wsaData) != NO_ERROR)\n            {\n                break;\n            }\n            wsaDataInit = 1;\n            connectSocket = socket(AF_INET, SOCK_STREAM, IPPROTO_TCP);\n            if (connectSocket == INVALID_SOCKET)\n            {\n                break;\n            }\n            memset(&service, 0, sizeof(service));\n            service.sin_family = AF_INET;\n            service.sin_addr.s_addr = inet_addr(IP_ADDRESS);\n            service.sin_port = htons(TCP_PORT);\n            if (connect(connectSocket, (struct sockaddr*)&service, sizeof(service)) == SOCKET_ERROR)\n            {\n                break;\n            }\n            /* Abort on error or the connection was closed, make sure to recv one\n             * less char than is in the recv_buf in order to append a terminator */\n            /* POTENTIAL FLAW: Reading sensitive data from the network */\n            recvResult = recv(connectSocket, (char*)(password + passwordLen), (100 - passwordLen - 1) * sizeof(char), 0);\n            if (recvResult == SOCKET_ERROR || recvResult == 0)\n            {\n                break;\n            }\n            /* Append null terminator */\n            password[passwordLen + recvResult / sizeof(char)] = '\\0';\n            /* Eliminate CRLF */\n            replace = strchr(password, '\\r');\n            if (replace)\n            {\n                *replace = '\\0';\n            }\n            replace = strchr(password, '\\n');\n            if (replace)\n            {\n                *replace = '\\0';\n            }\n        }\n        while (0);\n        if (connectSocket != INVALID_SOCKET)\n        {\n            closesocket(connectSocket);\n        }\n        if (wsaDataInit)\n        {\n            WSACleanup();\n        }\n    }\n    {\n        HANDLE pHandle;\n        char * username = \"User\";\n        char * domain = \"Domain\";\n        /* Use the password in LogonUser() to establish that it is \"sensitive\" */\n        /* POTENTIAL FLAW: Using sensitive information that was possibly sent in plaintext over the network */\n        if (LogonUserA(\n                    username,\n                    domain,\n                    password,\n                    LOGON32_LOGON_NETWORK,\n                    LOGON32_PROVIDER_DEFAULT,\n                    &pHandle) != 0)\n        {\n            printLine(\"User logged in successfully.\");\n            CloseHandle(pHandle);\n        }\n        else\n        {\n            printLine(\"Unable to login.\");\n        }\n    }\n}",
        "question": "How does modifying the control structure `if (connectSocket != INVALID_SOCKET)` affect the behavior or output of `closesocket`?",
        "choices": {
            "A": "The modification of `if (connectSocket != INVALID_SOCKET)` directly impacts the execution of `closesocket` because its entire operation is controlled by `if (connectSocket != INVALID_SOCKET)` and located within `if (connectSocket != INVALID_SOCKET)`.",
            "B": "Modifying `if (connectSocket != INVALID_SOCKET)` has no impact on the behavior or output of `closesocket`.",
            "C": "The change of if (connectSocket != INVALID_SOCKET) indirectly affects the execution of `closesocket`, as the modifications in `if (connectSocket != INVALID_SOCKET)` influence the arguments or conditions within `closesocket`.",
            "D": "It is not possible to determine the effect without additional context."
        },
        "answer": "A",
        "distance": 1
    },
    {
        "case_id": 2497,
        "code": "void CWE319_Cleartext_Tx_Sensitive_Info__w32_char_connect_socket_01_bad()\n{\n    char * password;\n    char passwordBuffer[100] = \"\";\n    password = passwordBuffer;\n    {\n        WSADATA wsaData;\n        int wsaDataInit = 0;\n        int recvResult;\n        struct sockaddr_in service;\n        char *replace;\n        SOCKET connectSocket = INVALID_SOCKET;\n        size_t passwordLen = strlen(password);\n        do\n        {\n            if (WSAStartup(MAKEWORD(2,2), &wsaData) != NO_ERROR)\n            {\n                break;\n            }\n            wsaDataInit = 1;\n            connectSocket = socket(AF_INET, SOCK_STREAM, IPPROTO_TCP);\n            if (connectSocket == INVALID_SOCKET)\n            {\n                break;\n            }\n            memset(&service, 0, sizeof(service));\n            service.sin_family = AF_INET;\n            service.sin_addr.s_addr = inet_addr(IP_ADDRESS);\n            service.sin_port = htons(TCP_PORT);\n            if (connect(connectSocket, (struct sockaddr*)&service, sizeof(service)) == SOCKET_ERROR)\n            {\n                break;\n            }\n            /* Abort on error or the connection was closed, make sure to recv one\n             * less char than is in the recv_buf in order to append a terminator */\n            /* POTENTIAL FLAW: Reading sensitive data from the network */\n            recvResult = recv(connectSocket, (char*)(password + passwordLen), (100 - passwordLen - 1) * sizeof(char), 0);\n            if (recvResult == SOCKET_ERROR || recvResult == 0)\n            {\n                break;\n            }\n            /* Append null terminator */\n            password[passwordLen + recvResult / sizeof(char)] = '\\0';\n            /* Eliminate CRLF */\n            replace = strchr(password, '\\r');\n            if (replace)\n            {\n                *replace = '\\0';\n            }\n            replace = strchr(password, '\\n');\n            if (replace)\n            {\n                *replace = '\\0';\n            }\n        }\n        while (0);\n        if (connectSocket != INVALID_SOCKET)\n        {\n            closesocket(connectSocket);\n        }\n        if (wsaDataInit)\n        {\n            WSACleanup();\n        }\n    }\n    {\n        HANDLE pHandle;\n        char * username = \"User\";\n        char * domain = \"Domain\";\n        /* Use the password in LogonUser() to establish that it is \"sensitive\" */\n        /* POTENTIAL FLAW: Using sensitive information that was possibly sent in plaintext over the network */\n        if (LogonUserA(\n                    username,\n                    domain,\n                    password,\n                    LOGON32_LOGON_NETWORK,\n                    LOGON32_PROVIDER_DEFAULT,\n                    &pHandle) != 0)\n        {\n            printLine(\"User logged in successfully.\");\n            CloseHandle(pHandle);\n        }\n        else\n        {\n            printLine(\"Unable to login.\");\n        }\n    }\n}",
        "question": "How does modifying the control structure `do` affect the behavior or output of `memset`?",
        "choices": {
            "A": "The modification of `do` directly impacts the execution of `memset` because its entire operation is controlled by `do` and located within `do`.",
            "B": "Modifying `do` has no impact on the behavior or output of `memset`.",
            "C": "The change of do indirectly affects the execution of `memset`, as the modifications in `do` influence the arguments or conditions within `memset`.",
            "D": "It is not possible to determine the effect without additional context."
        },
        "answer": "A",
        "distance": 1
    },
    {
        "case_id": 2497,
        "code": "void CWE319_Cleartext_Tx_Sensitive_Info__w32_char_connect_socket_01_bad()\n{\n    char * password;\n    char passwordBuffer[100] = \"\";\n    password = passwordBuffer;\n    {\n        WSADATA wsaData;\n        int wsaDataInit = 0;\n        int recvResult;\n        struct sockaddr_in service;\n        char *replace;\n        SOCKET connectSocket = INVALID_SOCKET;\n        size_t passwordLen = strlen(password);\n        do\n        {\n            if (WSAStartup(MAKEWORD(2,2), &wsaData) != NO_ERROR)\n            {\n                break;\n            }\n            wsaDataInit = 1;\n            connectSocket = socket(AF_INET, SOCK_STREAM, IPPROTO_TCP);\n            if (connectSocket == INVALID_SOCKET)\n            {\n                break;\n            }\n            memset(&service, 0, sizeof(service));\n            service.sin_family = AF_INET;\n            service.sin_addr.s_addr = inet_addr(IP_ADDRESS);\n            service.sin_port = htons(TCP_PORT);\n            if (connect(connectSocket, (struct sockaddr*)&service, sizeof(service)) == SOCKET_ERROR)\n            {\n                break;\n            }\n            /* Abort on error or the connection was closed, make sure to recv one\n             * less char than is in the recv_buf in order to append a terminator */\n            /* POTENTIAL FLAW: Reading sensitive data from the network */\n            recvResult = recv(connectSocket, (char*)(password + passwordLen), (100 - passwordLen - 1) * sizeof(char), 0);\n            if (recvResult == SOCKET_ERROR || recvResult == 0)\n            {\n                break;\n            }\n            /* Append null terminator */\n            password[passwordLen + recvResult / sizeof(char)] = '\\0';\n            /* Eliminate CRLF */\n            replace = strchr(password, '\\r');\n            if (replace)\n            {\n                *replace = '\\0';\n            }\n            replace = strchr(password, '\\n');\n            if (replace)\n            {\n                *replace = '\\0';\n            }\n        }\n        while (0);\n        if (connectSocket != INVALID_SOCKET)\n        {\n            closesocket(connectSocket);\n        }\n        if (wsaDataInit)\n        {\n            WSACleanup();\n        }\n    }\n    {\n        HANDLE pHandle;\n        char * username = \"User\";\n        char * domain = \"Domain\";\n        /* Use the password in LogonUser() to establish that it is \"sensitive\" */\n        /* POTENTIAL FLAW: Using sensitive information that was possibly sent in plaintext over the network */\n        if (LogonUserA(\n                    username,\n                    domain,\n                    password,\n                    LOGON32_LOGON_NETWORK,\n                    LOGON32_PROVIDER_DEFAULT,\n                    &pHandle) != 0)\n        {\n            printLine(\"User logged in successfully.\");\n            CloseHandle(pHandle);\n        }\n        else\n        {\n            printLine(\"Unable to login.\");\n        }\n    }\n}",
        "question": "How does modifying the control structure `do` affect the behavior or output of `htons`?",
        "choices": {
            "A": "The modification of `do` directly impacts the execution of `htons` because its entire operation is controlled by `do` and located within `do`.",
            "B": "Modifying `do` has no impact on the behavior or output of `htons`.",
            "C": "The change of do indirectly affects the execution of `htons`, as the modifications in `do` influence the arguments or conditions within `htons`.",
            "D": "It is not possible to determine the effect without additional context."
        },
        "answer": "A",
        "distance": 1
    },
    {
        "case_id": 2497,
        "code": "void CWE319_Cleartext_Tx_Sensitive_Info__w32_char_connect_socket_01_bad()\n{\n    char * password;\n    char passwordBuffer[100] = \"\";\n    password = passwordBuffer;\n    {\n        WSADATA wsaData;\n        int wsaDataInit = 0;\n        int recvResult;\n        struct sockaddr_in service;\n        char *replace;\n        SOCKET connectSocket = INVALID_SOCKET;\n        size_t passwordLen = strlen(password);\n        do\n        {\n            if (WSAStartup(MAKEWORD(2,2), &wsaData) != NO_ERROR)\n            {\n                break;\n            }\n            wsaDataInit = 1;\n            connectSocket = socket(AF_INET, SOCK_STREAM, IPPROTO_TCP);\n            if (connectSocket == INVALID_SOCKET)\n            {\n                break;\n            }\n            memset(&service, 0, sizeof(service));\n            service.sin_family = AF_INET;\n            service.sin_addr.s_addr = inet_addr(IP_ADDRESS);\n            service.sin_port = htons(TCP_PORT);\n            if (connect(connectSocket, (struct sockaddr*)&service, sizeof(service)) == SOCKET_ERROR)\n            {\n                break;\n            }\n            /* Abort on error or the connection was closed, make sure to recv one\n             * less char than is in the recv_buf in order to append a terminator */\n            /* POTENTIAL FLAW: Reading sensitive data from the network */\n            recvResult = recv(connectSocket, (char*)(password + passwordLen), (100 - passwordLen - 1) * sizeof(char), 0);\n            if (recvResult == SOCKET_ERROR || recvResult == 0)\n            {\n                break;\n            }\n            /* Append null terminator */\n            password[passwordLen + recvResult / sizeof(char)] = '\\0';\n            /* Eliminate CRLF */\n            replace = strchr(password, '\\r');\n            if (replace)\n            {\n                *replace = '\\0';\n            }\n            replace = strchr(password, '\\n');\n            if (replace)\n            {\n                *replace = '\\0';\n            }\n        }\n        while (0);\n        if (connectSocket != INVALID_SOCKET)\n        {\n            closesocket(connectSocket);\n        }\n        if (wsaDataInit)\n        {\n            WSACleanup();\n        }\n    }\n    {\n        HANDLE pHandle;\n        char * username = \"User\";\n        char * domain = \"Domain\";\n        /* Use the password in LogonUser() to establish that it is \"sensitive\" */\n        /* POTENTIAL FLAW: Using sensitive information that was possibly sent in plaintext over the network */\n        if (LogonUserA(\n                    username,\n                    domain,\n                    password,\n                    LOGON32_LOGON_NETWORK,\n                    LOGON32_PROVIDER_DEFAULT,\n                    &pHandle) != 0)\n        {\n            printLine(\"User logged in successfully.\");\n            CloseHandle(pHandle);\n        }\n        else\n        {\n            printLine(\"Unable to login.\");\n        }\n    }\n}",
        "question": "How does modifying the control structure `break;` affect the behavior or output of `memset`?",
        "choices": {
            "A": "The modification of `break;` directly impacts the execution of `memset` because its entire operation is controlled by `break;` and located within `break;`.",
            "B": "Modifying `break;` has no impact on the behavior or output of `memset`.",
            "C": "The change of break; indirectly affects the execution of `memset`, as the modifications in `break;` influence the arguments or conditions within `memset`.",
            "D": "It is not possible to determine the effect without additional context."
        },
        "answer": "B",
        "distance": 0
    },
    {
        "case_id": 2497,
        "code": "void CWE319_Cleartext_Tx_Sensitive_Info__w32_char_connect_socket_01_bad()\n{\n    char * password;\n    char passwordBuffer[100] = \"\";\n    password = passwordBuffer;\n    {\n        WSADATA wsaData;\n        int wsaDataInit = 0;\n        int recvResult;\n        struct sockaddr_in service;\n        char *replace;\n        SOCKET connectSocket = INVALID_SOCKET;\n        size_t passwordLen = strlen(password);\n        do\n        {\n            if (WSAStartup(MAKEWORD(2,2), &wsaData) != NO_ERROR)\n            {\n                break;\n            }\n            wsaDataInit = 1;\n            connectSocket = socket(AF_INET, SOCK_STREAM, IPPROTO_TCP);\n            if (connectSocket == INVALID_SOCKET)\n            {\n                break;\n            }\n            memset(&service, 0, sizeof(service));\n            service.sin_family = AF_INET;\n            service.sin_addr.s_addr = inet_addr(IP_ADDRESS);\n            service.sin_port = htons(TCP_PORT);\n            if (connect(connectSocket, (struct sockaddr*)&service, sizeof(service)) == SOCKET_ERROR)\n            {\n                break;\n            }\n            /* Abort on error or the connection was closed, make sure to recv one\n             * less char than is in the recv_buf in order to append a terminator */\n            /* POTENTIAL FLAW: Reading sensitive data from the network */\n            recvResult = recv(connectSocket, (char*)(password + passwordLen), (100 - passwordLen - 1) * sizeof(char), 0);\n            if (recvResult == SOCKET_ERROR || recvResult == 0)\n            {\n                break;\n            }\n            /* Append null terminator */\n            password[passwordLen + recvResult / sizeof(char)] = '\\0';\n            /* Eliminate CRLF */\n            replace = strchr(password, '\\r');\n            if (replace)\n            {\n                *replace = '\\0';\n            }\n            replace = strchr(password, '\\n');\n            if (replace)\n            {\n                *replace = '\\0';\n            }\n        }\n        while (0);\n        if (connectSocket != INVALID_SOCKET)\n        {\n            closesocket(connectSocket);\n        }\n        if (wsaDataInit)\n        {\n            WSACleanup();\n        }\n    }\n    {\n        HANDLE pHandle;\n        char * username = \"User\";\n        char * domain = \"Domain\";\n        /* Use the password in LogonUser() to establish that it is \"sensitive\" */\n        /* POTENTIAL FLAW: Using sensitive information that was possibly sent in plaintext over the network */\n        if (LogonUserA(\n                    username,\n                    domain,\n                    password,\n                    LOGON32_LOGON_NETWORK,\n                    LOGON32_PROVIDER_DEFAULT,\n                    &pHandle) != 0)\n        {\n            printLine(\"User logged in successfully.\");\n            CloseHandle(pHandle);\n        }\n        else\n        {\n            printLine(\"Unable to login.\");\n        }\n    }\n}",
        "question": "How does modifying the control structure `break;` affect the behavior or output of `htons`?",
        "choices": {
            "A": "The modification of `break;` directly impacts the execution of `htons` because its entire operation is controlled by `break;` and located within `break;`.",
            "B": "Modifying `break;` has no impact on the behavior or output of `htons`.",
            "C": "The change of break; indirectly affects the execution of `htons`, as the modifications in `break;` influence the arguments or conditions within `htons`.",
            "D": "It is not possible to determine the effect without additional context."
        },
        "answer": "B",
        "distance": 0
    },
    {
        "case_id": 2497,
        "code": "void CWE319_Cleartext_Tx_Sensitive_Info__w32_char_connect_socket_01_bad()\n{\n    char * password;\n    char passwordBuffer[100] = \"\";\n    password = passwordBuffer;\n    {\n        WSADATA wsaData;\n        int wsaDataInit = 0;\n        int recvResult;\n        struct sockaddr_in service;\n        char *replace;\n        SOCKET connectSocket = INVALID_SOCKET;\n        size_t passwordLen = strlen(password);\n        do\n        {\n            if (WSAStartup(MAKEWORD(2,2), &wsaData) != NO_ERROR)\n            {\n                break;\n            }\n            wsaDataInit = 1;\n            connectSocket = socket(AF_INET, SOCK_STREAM, IPPROTO_TCP);\n            if (connectSocket == INVALID_SOCKET)\n            {\n                break;\n            }\n            memset(&service, 0, sizeof(service));\n            service.sin_family = AF_INET;\n            service.sin_addr.s_addr = inet_addr(IP_ADDRESS);\n            service.sin_port = htons(TCP_PORT);\n            if (connect(connectSocket, (struct sockaddr*)&service, sizeof(service)) == SOCKET_ERROR)\n            {\n                break;\n            }\n            /* Abort on error or the connection was closed, make sure to recv one\n             * less char than is in the recv_buf in order to append a terminator */\n            /* POTENTIAL FLAW: Reading sensitive data from the network */\n            recvResult = recv(connectSocket, (char*)(password + passwordLen), (100 - passwordLen - 1) * sizeof(char), 0);\n            if (recvResult == SOCKET_ERROR || recvResult == 0)\n            {\n                break;\n            }\n            /* Append null terminator */\n            password[passwordLen + recvResult / sizeof(char)] = '\\0';\n            /* Eliminate CRLF */\n            replace = strchr(password, '\\r');\n            if (replace)\n            {\n                *replace = '\\0';\n            }\n            replace = strchr(password, '\\n');\n            if (replace)\n            {\n                *replace = '\\0';\n            }\n        }\n        while (0);\n        if (connectSocket != INVALID_SOCKET)\n        {\n            closesocket(connectSocket);\n        }\n        if (wsaDataInit)\n        {\n            WSACleanup();\n        }\n    }\n    {\n        HANDLE pHandle;\n        char * username = \"User\";\n        char * domain = \"Domain\";\n        /* Use the password in LogonUser() to establish that it is \"sensitive\" */\n        /* POTENTIAL FLAW: Using sensitive information that was possibly sent in plaintext over the network */\n        if (LogonUserA(\n                    username,\n                    domain,\n                    password,\n                    LOGON32_LOGON_NETWORK,\n                    LOGON32_PROVIDER_DEFAULT,\n                    &pHandle) != 0)\n        {\n            printLine(\"User logged in successfully.\");\n            CloseHandle(pHandle);\n        }\n        else\n        {\n            printLine(\"Unable to login.\");\n        }\n    }\n}",
        "question": "How does modifying the control structure `break;` affect the behavior or output of `strlen`?",
        "choices": {
            "A": "The modification of `break;` directly impacts the execution of `strlen` because its entire operation is controlled by `break;` and located within `break;`.",
            "B": "Modifying `break;` has no impact on the behavior or output of `strlen`.",
            "C": "The change of break; indirectly affects the execution of `strlen`, as the modifications in `break;` influence the arguments or conditions within `strlen`.",
            "D": "It is not possible to determine the effect without additional context."
        },
        "answer": "B",
        "distance": 0
    },
    {
        "case_id": 2497,
        "code": "void CWE319_Cleartext_Tx_Sensitive_Info__w32_char_connect_socket_01_bad()\n{\n    char * password;\n    char passwordBuffer[100] = \"\";\n    password = passwordBuffer;\n    {\n        WSADATA wsaData;\n        int wsaDataInit = 0;\n        int recvResult;\n        struct sockaddr_in service;\n        char *replace;\n        SOCKET connectSocket = INVALID_SOCKET;\n        size_t passwordLen = strlen(password);\n        do\n        {\n            if (WSAStartup(MAKEWORD(2,2), &wsaData) != NO_ERROR)\n            {\n                break;\n            }\n            wsaDataInit = 1;\n            connectSocket = socket(AF_INET, SOCK_STREAM, IPPROTO_TCP);\n            if (connectSocket == INVALID_SOCKET)\n            {\n                break;\n            }\n            memset(&service, 0, sizeof(service));\n            service.sin_family = AF_INET;\n            service.sin_addr.s_addr = inet_addr(IP_ADDRESS);\n            service.sin_port = htons(TCP_PORT);\n            if (connect(connectSocket, (struct sockaddr*)&service, sizeof(service)) == SOCKET_ERROR)\n            {\n                break;\n            }\n            /* Abort on error or the connection was closed, make sure to recv one\n             * less char than is in the recv_buf in order to append a terminator */\n            /* POTENTIAL FLAW: Reading sensitive data from the network */\n            recvResult = recv(connectSocket, (char*)(password + passwordLen), (100 - passwordLen - 1) * sizeof(char), 0);\n            if (recvResult == SOCKET_ERROR || recvResult == 0)\n            {\n                break;\n            }\n            /* Append null terminator */\n            password[passwordLen + recvResult / sizeof(char)] = '\\0';\n            /* Eliminate CRLF */\n            replace = strchr(password, '\\r');\n            if (replace)\n            {\n                *replace = '\\0';\n            }\n            replace = strchr(password, '\\n');\n            if (replace)\n            {\n                *replace = '\\0';\n            }\n        }\n        while (0);\n        if (connectSocket != INVALID_SOCKET)\n        {\n            closesocket(connectSocket);\n        }\n        if (wsaDataInit)\n        {\n            WSACleanup();\n        }\n    }\n    {\n        HANDLE pHandle;\n        char * username = \"User\";\n        char * domain = \"Domain\";\n        /* Use the password in LogonUser() to establish that it is \"sensitive\" */\n        /* POTENTIAL FLAW: Using sensitive information that was possibly sent in plaintext over the network */\n        if (LogonUserA(\n                    username,\n                    domain,\n                    password,\n                    LOGON32_LOGON_NETWORK,\n                    LOGON32_PROVIDER_DEFAULT,\n                    &pHandle) != 0)\n        {\n            printLine(\"User logged in successfully.\");\n            CloseHandle(pHandle);\n        }\n        else\n        {\n            printLine(\"Unable to login.\");\n        }\n    }\n}",
        "question": "How does modifying the control structure `break;` affect the behavior or output of `connect`?",
        "choices": {
            "A": "The modification of `break;` directly impacts the execution of `connect` because its entire operation is controlled by `break;` and located within `break;`.",
            "B": "Modifying `break;` has no impact on the behavior or output of `connect`.",
            "C": "The change of break; indirectly affects the execution of `connect`, as the modifications in `break;` influence the arguments or conditions within `connect`.",
            "D": "It is not possible to determine the effect without additional context."
        },
        "answer": "B",
        "distance": 0
    },
    {
        "case_id": 2497,
        "code": "void CWE319_Cleartext_Tx_Sensitive_Info__w32_char_connect_socket_01_bad()\n{\n    char * password;\n    char passwordBuffer[100] = \"\";\n    password = passwordBuffer;\n    {\n        WSADATA wsaData;\n        int wsaDataInit = 0;\n        int recvResult;\n        struct sockaddr_in service;\n        char *replace;\n        SOCKET connectSocket = INVALID_SOCKET;\n        size_t passwordLen = strlen(password);\n        do\n        {\n            if (WSAStartup(MAKEWORD(2,2), &wsaData) != NO_ERROR)\n            {\n                break;\n            }\n            wsaDataInit = 1;\n            connectSocket = socket(AF_INET, SOCK_STREAM, IPPROTO_TCP);\n            if (connectSocket == INVALID_SOCKET)\n            {\n                break;\n            }\n            memset(&service, 0, sizeof(service));\n            service.sin_family = AF_INET;\n            service.sin_addr.s_addr = inet_addr(IP_ADDRESS);\n            service.sin_port = htons(TCP_PORT);\n            if (connect(connectSocket, (struct sockaddr*)&service, sizeof(service)) == SOCKET_ERROR)\n            {\n                break;\n            }\n            /* Abort on error or the connection was closed, make sure to recv one\n             * less char than is in the recv_buf in order to append a terminator */\n            /* POTENTIAL FLAW: Reading sensitive data from the network */\n            recvResult = recv(connectSocket, (char*)(password + passwordLen), (100 - passwordLen - 1) * sizeof(char), 0);\n            if (recvResult == SOCKET_ERROR || recvResult == 0)\n            {\n                break;\n            }\n            /* Append null terminator */\n            password[passwordLen + recvResult / sizeof(char)] = '\\0';\n            /* Eliminate CRLF */\n            replace = strchr(password, '\\r');\n            if (replace)\n            {\n                *replace = '\\0';\n            }\n            replace = strchr(password, '\\n');\n            if (replace)\n            {\n                *replace = '\\0';\n            }\n        }\n        while (0);\n        if (connectSocket != INVALID_SOCKET)\n        {\n            closesocket(connectSocket);\n        }\n        if (wsaDataInit)\n        {\n            WSACleanup();\n        }\n    }\n    {\n        HANDLE pHandle;\n        char * username = \"User\";\n        char * domain = \"Domain\";\n        /* Use the password in LogonUser() to establish that it is \"sensitive\" */\n        /* POTENTIAL FLAW: Using sensitive information that was possibly sent in plaintext over the network */\n        if (LogonUserA(\n                    username,\n                    domain,\n                    password,\n                    LOGON32_LOGON_NETWORK,\n                    LOGON32_PROVIDER_DEFAULT,\n                    &pHandle) != 0)\n        {\n            printLine(\"User logged in successfully.\");\n            CloseHandle(pHandle);\n        }\n        else\n        {\n            printLine(\"Unable to login.\");\n        }\n    }\n}",
        "question": "How does modifying the control structure `do` affect the behavior or output of `closesocket`?",
        "choices": {
            "A": "The modification of `do` directly impacts the execution of `closesocket` because its entire operation is controlled by `do` and located within `do`.",
            "B": "Modifying `do` has no impact on the behavior or output of `closesocket`.",
            "C": "The change of do indirectly affects the execution of `closesocket`, as the modifications in `do` influence the arguments or conditions within `closesocket`.",
            "D": "It is not possible to determine the effect without additional context."
        },
        "answer": "C",
        "distance": 3
    },
    {
        "case_id": 2497,
        "code": "void CWE319_Cleartext_Tx_Sensitive_Info__w32_char_connect_socket_01_bad()\n{\n    char * password;\n    char passwordBuffer[100] = \"\";\n    password = passwordBuffer;\n    {\n        WSADATA wsaData;\n        int wsaDataInit = 0;\n        int recvResult;\n        struct sockaddr_in service;\n        char *replace;\n        SOCKET connectSocket = INVALID_SOCKET;\n        size_t passwordLen = strlen(password);\n        do\n        {\n            if (WSAStartup(MAKEWORD(2,2), &wsaData) != NO_ERROR)\n            {\n                break;\n            }\n            wsaDataInit = 1;\n            connectSocket = socket(AF_INET, SOCK_STREAM, IPPROTO_TCP);\n            if (connectSocket == INVALID_SOCKET)\n            {\n                break;\n            }\n            memset(&service, 0, sizeof(service));\n            service.sin_family = AF_INET;\n            service.sin_addr.s_addr = inet_addr(IP_ADDRESS);\n            service.sin_port = htons(TCP_PORT);\n            if (connect(connectSocket, (struct sockaddr*)&service, sizeof(service)) == SOCKET_ERROR)\n            {\n                break;\n            }\n            /* Abort on error or the connection was closed, make sure to recv one\n             * less char than is in the recv_buf in order to append a terminator */\n            /* POTENTIAL FLAW: Reading sensitive data from the network */\n            recvResult = recv(connectSocket, (char*)(password + passwordLen), (100 - passwordLen - 1) * sizeof(char), 0);\n            if (recvResult == SOCKET_ERROR || recvResult == 0)\n            {\n                break;\n            }\n            /* Append null terminator */\n            password[passwordLen + recvResult / sizeof(char)] = '\\0';\n            /* Eliminate CRLF */\n            replace = strchr(password, '\\r');\n            if (replace)\n            {\n                *replace = '\\0';\n            }\n            replace = strchr(password, '\\n');\n            if (replace)\n            {\n                *replace = '\\0';\n            }\n        }\n        while (0);\n        if (connectSocket != INVALID_SOCKET)\n        {\n            closesocket(connectSocket);\n        }\n        if (wsaDataInit)\n        {\n            WSACleanup();\n        }\n    }\n    {\n        HANDLE pHandle;\n        char * username = \"User\";\n        char * domain = \"Domain\";\n        /* Use the password in LogonUser() to establish that it is \"sensitive\" */\n        /* POTENTIAL FLAW: Using sensitive information that was possibly sent in plaintext over the network */\n        if (LogonUserA(\n                    username,\n                    domain,\n                    password,\n                    LOGON32_LOGON_NETWORK,\n                    LOGON32_PROVIDER_DEFAULT,\n                    &pHandle) != 0)\n        {\n            printLine(\"User logged in successfully.\");\n            CloseHandle(pHandle);\n        }\n        else\n        {\n            printLine(\"Unable to login.\");\n        }\n    }\n}",
        "question": "How does modifying the control structure `if (connectSocket == INVALID_SOCKET)` affect the behavior or output of `memset`?",
        "choices": {
            "A": "The modification of `if (connectSocket == INVALID_SOCKET)` directly impacts the execution of `memset` because its entire operation is controlled by `if (connectSocket == INVALID_SOCKET)` and located within `if (connectSocket == INVALID_SOCKET)`.",
            "B": "Modifying `if (connectSocket == INVALID_SOCKET)` has no impact on the behavior or output of `memset`.",
            "C": "The change of if (connectSocket == INVALID_SOCKET) indirectly affects the execution of `memset`, as the modifications in `if (connectSocket == INVALID_SOCKET)` influence the arguments or conditions within `memset`.",
            "D": "It is not possible to determine the effect without additional context."
        },
        "answer": "C",
        "distance": 2
    },
    {
        "case_id": 2497,
        "code": "void CWE319_Cleartext_Tx_Sensitive_Info__w32_char_connect_socket_01_bad()\n{\n    char * password;\n    char passwordBuffer[100] = \"\";\n    password = passwordBuffer;\n    {\n        WSADATA wsaData;\n        int wsaDataInit = 0;\n        int recvResult;\n        struct sockaddr_in service;\n        char *replace;\n        SOCKET connectSocket = INVALID_SOCKET;\n        size_t passwordLen = strlen(password);\n        do\n        {\n            if (WSAStartup(MAKEWORD(2,2), &wsaData) != NO_ERROR)\n            {\n                break;\n            }\n            wsaDataInit = 1;\n            connectSocket = socket(AF_INET, SOCK_STREAM, IPPROTO_TCP);\n            if (connectSocket == INVALID_SOCKET)\n            {\n                break;\n            }\n            memset(&service, 0, sizeof(service));\n            service.sin_family = AF_INET;\n            service.sin_addr.s_addr = inet_addr(IP_ADDRESS);\n            service.sin_port = htons(TCP_PORT);\n            if (connect(connectSocket, (struct sockaddr*)&service, sizeof(service)) == SOCKET_ERROR)\n            {\n                break;\n            }\n            /* Abort on error or the connection was closed, make sure to recv one\n             * less char than is in the recv_buf in order to append a terminator */\n            /* POTENTIAL FLAW: Reading sensitive data from the network */\n            recvResult = recv(connectSocket, (char*)(password + passwordLen), (100 - passwordLen - 1) * sizeof(char), 0);\n            if (recvResult == SOCKET_ERROR || recvResult == 0)\n            {\n                break;\n            }\n            /* Append null terminator */\n            password[passwordLen + recvResult / sizeof(char)] = '\\0';\n            /* Eliminate CRLF */\n            replace = strchr(password, '\\r');\n            if (replace)\n            {\n                *replace = '\\0';\n            }\n            replace = strchr(password, '\\n');\n            if (replace)\n            {\n                *replace = '\\0';\n            }\n        }\n        while (0);\n        if (connectSocket != INVALID_SOCKET)\n        {\n            closesocket(connectSocket);\n        }\n        if (wsaDataInit)\n        {\n            WSACleanup();\n        }\n    }\n    {\n        HANDLE pHandle;\n        char * username = \"User\";\n        char * domain = \"Domain\";\n        /* Use the password in LogonUser() to establish that it is \"sensitive\" */\n        /* POTENTIAL FLAW: Using sensitive information that was possibly sent in plaintext over the network */\n        if (LogonUserA(\n                    username,\n                    domain,\n                    password,\n                    LOGON32_LOGON_NETWORK,\n                    LOGON32_PROVIDER_DEFAULT,\n                    &pHandle) != 0)\n        {\n            printLine(\"User logged in successfully.\");\n            CloseHandle(pHandle);\n        }\n        else\n        {\n            printLine(\"Unable to login.\");\n        }\n    }\n}",
        "question": "How does modifying the control structure `if (connectSocket == INVALID_SOCKET)` affect the behavior or output of `htons`?",
        "choices": {
            "A": "The modification of `if (connectSocket == INVALID_SOCKET)` directly impacts the execution of `htons` because its entire operation is controlled by `if (connectSocket == INVALID_SOCKET)` and located within `if (connectSocket == INVALID_SOCKET)`.",
            "B": "Modifying `if (connectSocket == INVALID_SOCKET)` has no impact on the behavior or output of `htons`.",
            "C": "The change of if (connectSocket == INVALID_SOCKET) indirectly affects the execution of `htons`, as the modifications in `if (connectSocket == INVALID_SOCKET)` influence the arguments or conditions within `htons`.",
            "D": "It is not possible to determine the effect without additional context."
        },
        "answer": "C",
        "distance": 2
    },
    {
        "case_id": 2497,
        "code": "void CWE319_Cleartext_Tx_Sensitive_Info__w32_char_connect_socket_01_bad()\n{\n    char * password;\n    char passwordBuffer[100] = \"\";\n    password = passwordBuffer;\n    {\n        WSADATA wsaData;\n        int wsaDataInit = 0;\n        int recvResult;\n        struct sockaddr_in service;\n        char *replace;\n        SOCKET connectSocket = INVALID_SOCKET;\n        size_t passwordLen = strlen(password);\n        do\n        {\n            if (WSAStartup(MAKEWORD(2,2), &wsaData) != NO_ERROR)\n            {\n                break;\n            }\n            wsaDataInit = 1;\n            connectSocket = socket(AF_INET, SOCK_STREAM, IPPROTO_TCP);\n            if (connectSocket == INVALID_SOCKET)\n            {\n                break;\n            }\n            memset(&service, 0, sizeof(service));\n            service.sin_family = AF_INET;\n            service.sin_addr.s_addr = inet_addr(IP_ADDRESS);\n            service.sin_port = htons(TCP_PORT);\n            if (connect(connectSocket, (struct sockaddr*)&service, sizeof(service)) == SOCKET_ERROR)\n            {\n                break;\n            }\n            /* Abort on error or the connection was closed, make sure to recv one\n             * less char than is in the recv_buf in order to append a terminator */\n            /* POTENTIAL FLAW: Reading sensitive data from the network */\n            recvResult = recv(connectSocket, (char*)(password + passwordLen), (100 - passwordLen - 1) * sizeof(char), 0);\n            if (recvResult == SOCKET_ERROR || recvResult == 0)\n            {\n                break;\n            }\n            /* Append null terminator */\n            password[passwordLen + recvResult / sizeof(char)] = '\\0';\n            /* Eliminate CRLF */\n            replace = strchr(password, '\\r');\n            if (replace)\n            {\n                *replace = '\\0';\n            }\n            replace = strchr(password, '\\n');\n            if (replace)\n            {\n                *replace = '\\0';\n            }\n        }\n        while (0);\n        if (connectSocket != INVALID_SOCKET)\n        {\n            closesocket(connectSocket);\n        }\n        if (wsaDataInit)\n        {\n            WSACleanup();\n        }\n    }\n    {\n        HANDLE pHandle;\n        char * username = \"User\";\n        char * domain = \"Domain\";\n        /* Use the password in LogonUser() to establish that it is \"sensitive\" */\n        /* POTENTIAL FLAW: Using sensitive information that was possibly sent in plaintext over the network */\n        if (LogonUserA(\n                    username,\n                    domain,\n                    password,\n                    LOGON32_LOGON_NETWORK,\n                    LOGON32_PROVIDER_DEFAULT,\n                    &pHandle) != 0)\n        {\n            printLine(\"User logged in successfully.\");\n            CloseHandle(pHandle);\n        }\n        else\n        {\n            printLine(\"Unable to login.\");\n        }\n    }\n}",
        "question": "How does modifying the control structure `if (connectSocket == INVALID_SOCKET)` affect the behavior or output of `inet_addr`?",
        "choices": {
            "A": "The modification of `if (connectSocket == INVALID_SOCKET)` directly impacts the execution of `inet_addr` because its entire operation is controlled by `if (connectSocket == INVALID_SOCKET)` and located within `if (connectSocket == INVALID_SOCKET)`.",
            "B": "Modifying `if (connectSocket == INVALID_SOCKET)` has no impact on the behavior or output of `inet_addr`.",
            "C": "The change of if (connectSocket == INVALID_SOCKET) indirectly affects the execution of `inet_addr`, as the modifications in `if (connectSocket == INVALID_SOCKET)` influence the arguments or conditions within `inet_addr`.",
            "D": "It is not possible to determine the effect without additional context."
        },
        "answer": "C",
        "distance": 2
    }
]