[
    {
        "case_id": 1971,
        "code": "void CWE259_Hard_Coded_Password__w32_char_01_bad()\n{\n    char * password;\n    char passwordBuffer[100] = \"\";\n    password = passwordBuffer;\n    /* FLAW: Use a hardcoded password */\n    strcpy(password, PASSWORD);\n    {\n        HANDLE pHandle;\n        char * username = \"User\";\n        char * domain = \"Domain\";\n        /* POTENTIAL FLAW: Attempt to login user with password from the source (which may be hardcoded) */\n        if (LogonUserA(\n                    username,\n                    domain,\n                    password,\n                    LOGON32_LOGON_NETWORK,\n                    LOGON32_PROVIDER_DEFAULT,\n                    &pHandle) != 0)\n        {\n            printLine(\"User logged in successfully.\");\n            CloseHandle(pHandle);\n        }\n        else\n        {\n            printLine(\"Unable to login.\");\n        }\n    }\n}",
        "question": "How does modifying the control structure `if (LogonUserA(username,domain,password,LOGON32_LOGON_NETWORK,LOGON32_PROVIDER_DEFAULT,&pHandle) != 0)` affect the behavior or output of `CloseHandle`?",
        "choices": {
            "A": "The modification of `if (LogonUserA(username,domain,password,LOGON32_LOGON_NETWORK,LOGON32_PROVIDER_DEFAULT,&pHandle) != 0)` directly impacts the execution of `CloseHandle` because its entire operation is controlled by `if (LogonUserA(username,domain,password,LOGON32_LOGON_NETWORK,LOGON32_PROVIDER_DEFAULT,&pHandle) != 0)` and located within `if (LogonUserA(username,domain,password,LOGON32_LOGON_NETWORK,LOGON32_PROVIDER_DEFAULT,&pHandle) != 0)`.",
            "B": "Modifying `if (LogonUserA(username,domain,password,LOGON32_LOGON_NETWORK,LOGON32_PROVIDER_DEFAULT,&pHandle) != 0)` has no impact on the behavior or output of `CloseHandle`.",
            "C": "The change of if (LogonUserA(username,domain,password,LOGON32_LOGON_NETWORK,LOGON32_PROVIDER_DEFAULT,&pHandle) != 0) indirectly affects the execution of `CloseHandle`, as the modifications in `if (LogonUserA(username,domain,password,LOGON32_LOGON_NETWORK,LOGON32_PROVIDER_DEFAULT,&pHandle) != 0)` influence the arguments or conditions within `CloseHandle`.",
            "D": "It is not possible to determine the effect without additional context."
        },
        "answer": "A",
        "distance": 1
    },
    {
        "case_id": 1971,
        "code": "void CWE259_Hard_Coded_Password__w32_char_01_bad()\n{\n    char * password;\n    char passwordBuffer[100] = \"\";\n    password = passwordBuffer;\n    /* FLAW: Use a hardcoded password */\n    strcpy(password, PASSWORD);\n    {\n        HANDLE pHandle;\n        char * username = \"User\";\n        char * domain = \"Domain\";\n        /* POTENTIAL FLAW: Attempt to login user with password from the source (which may be hardcoded) */\n        if (LogonUserA(\n                    username,\n                    domain,\n                    password,\n                    LOGON32_LOGON_NETWORK,\n                    LOGON32_PROVIDER_DEFAULT,\n                    &pHandle) != 0)\n        {\n            printLine(\"User logged in successfully.\");\n            CloseHandle(pHandle);\n        }\n        else\n        {\n            printLine(\"Unable to login.\");\n        }\n    }\n}",
        "question": "How does modifying the control structure `else` affect the behavior or output of `CloseHandle`?",
        "choices": {
            "A": "The modification of `else` directly impacts the execution of `CloseHandle` because its entire operation is controlled by `else` and located within `else`.",
            "B": "Modifying `else` has no impact on the behavior or output of `CloseHandle`.",
            "C": "The change of else indirectly affects the execution of `CloseHandle`, as the modifications in `else` influence the arguments or conditions within `CloseHandle`.",
            "D": "It is not possible to determine the effect without additional context."
        },
        "answer": "B",
        "distance": 0
    },
    {
        "case_id": 1971,
        "code": "void CWE259_Hard_Coded_Password__w32_char_01_bad()\n{\n    char * password;\n    char passwordBuffer[100] = \"\";\n    password = passwordBuffer;\n    /* FLAW: Use a hardcoded password */\n    strcpy(password, PASSWORD);\n    {\n        HANDLE pHandle;\n        char * username = \"User\";\n        char * domain = \"Domain\";\n        /* POTENTIAL FLAW: Attempt to login user with password from the source (which may be hardcoded) */\n        if (LogonUserA(\n                    username,\n                    domain,\n                    password,\n                    LOGON32_LOGON_NETWORK,\n                    LOGON32_PROVIDER_DEFAULT,\n                    &pHandle) != 0)\n        {\n            printLine(\"User logged in successfully.\");\n            CloseHandle(pHandle);\n        }\n        else\n        {\n            printLine(\"Unable to login.\");\n        }\n    }\n}",
        "question": "How does modifying the control structure `else` affect the behavior or output of `strcpy`?",
        "choices": {
            "A": "The modification of `else` directly impacts the execution of `strcpy` because its entire operation is controlled by `else` and located within `else`.",
            "B": "Modifying `else` has no impact on the behavior or output of `strcpy`.",
            "C": "The change of else indirectly affects the execution of `strcpy`, as the modifications in `else` influence the arguments or conditions within `strcpy`.",
            "D": "It is not possible to determine the effect without additional context."
        },
        "answer": "B",
        "distance": 0
    },
    {
        "case_id": 1971,
        "code": "void CWE259_Hard_Coded_Password__w32_char_01_bad()\n{\n    char * password;\n    char passwordBuffer[100] = \"\";\n    password = passwordBuffer;\n    /* FLAW: Use a hardcoded password */\n    strcpy(password, PASSWORD);\n    {\n        HANDLE pHandle;\n        char * username = \"User\";\n        char * domain = \"Domain\";\n        /* POTENTIAL FLAW: Attempt to login user with password from the source (which may be hardcoded) */\n        if (LogonUserA(\n                    username,\n                    domain,\n                    password,\n                    LOGON32_LOGON_NETWORK,\n                    LOGON32_PROVIDER_DEFAULT,\n                    &pHandle) != 0)\n        {\n            printLine(\"User logged in successfully.\");\n            CloseHandle(pHandle);\n        }\n        else\n        {\n            printLine(\"Unable to login.\");\n        }\n    }\n}",
        "question": "How does modifying the control structure `if (LogonUserA(username,domain,password,LOGON32_LOGON_NETWORK,LOGON32_PROVIDER_DEFAULT,&pHandle) != 0)` affect the behavior or output of `strcpy`?",
        "choices": {
            "A": "The modification of `if (LogonUserA(username,domain,password,LOGON32_LOGON_NETWORK,LOGON32_PROVIDER_DEFAULT,&pHandle) != 0)` directly impacts the execution of `strcpy` because its entire operation is controlled by `if (LogonUserA(username,domain,password,LOGON32_LOGON_NETWORK,LOGON32_PROVIDER_DEFAULT,&pHandle) != 0)` and located within `if (LogonUserA(username,domain,password,LOGON32_LOGON_NETWORK,LOGON32_PROVIDER_DEFAULT,&pHandle) != 0)`.",
            "B": "Modifying `if (LogonUserA(username,domain,password,LOGON32_LOGON_NETWORK,LOGON32_PROVIDER_DEFAULT,&pHandle) != 0)` has no impact on the behavior or output of `strcpy`.",
            "C": "The change of if (LogonUserA(username,domain,password,LOGON32_LOGON_NETWORK,LOGON32_PROVIDER_DEFAULT,&pHandle) != 0) indirectly affects the execution of `strcpy`, as the modifications in `if (LogonUserA(username,domain,password,LOGON32_LOGON_NETWORK,LOGON32_PROVIDER_DEFAULT,&pHandle) != 0)` influence the arguments or conditions within `strcpy`.",
            "D": "It is not possible to determine the effect without additional context."
        },
        "answer": "B",
        "distance": 0
    }
]