[
    {
        "case_id": 2766,
        "code": "void CWE328_Reversible_One_Way_Hash__w32_MD2_01_bad()\n{\n    {\n        HCRYPTPROV hCryptProv;\n        HCRYPTHASH hHash;\n        FILE *pFile = NULL;\n        char password[PASSWORD_INPUT_SIZE];\n        UCHAR savedHash[MD2_SUM_SIZE], calcHash[MD2_SUM_SIZE];\n        DWORD hashSize;\n        char *replace;\n        size_t i;\n        pFile = fopen(\"password.txt\", \"r\");\n        if (pFile == NULL)\n        {\n            exit(1);\n        }\n        for (i = 0; i < MD2_SUM_SIZE; i++)\n        {\n            ULONG val;\n            if (fscanf(pFile, \"%02x\", &val) != 1)\n            {\n                fclose(pFile);\n                exit(1);\n            }\n            if (val > 0xff) /* EXPECTED INCIDENTAL: Reliance on data memory layout, we assume char is at least 8 bits */\n            {\n                fclose(pFile);\n                exit(1);\n            }\n            savedHash[i] = (UCHAR)val;\n        }\n        if (pFile)\n        {\n            fclose(pFile);\n        }\n        if (fgets(password, PASSWORD_INPUT_SIZE, stdin) == NULL)\n        {\n            exit(1);\n        }\n        replace = strchr(password, '\\r');\n        if (replace)\n        {\n            *replace = '\\0';\n        }\n        replace = strchr(password, '\\n');\n        if (replace)\n        {\n            *replace = '\\0';\n        }\n        if (!CryptAcquireContextW(&hCryptProv, 0, 0, PROV_RSA_FULL, 0))\n        {\n            exit(1);\n        }\n        /* FLAW: Use a reversible hash (MD2) */\n        if (!CryptCreateHash(hCryptProv, CALG_MD2, 0, 0, &hHash))\n        {\n            CryptReleaseContext(hCryptProv, 0);\n            exit(1);\n        }\n        /* EXPECTED INCIDENTAL: We did not salt the password, that may raise flags,\n         * the password hash was not securely transmitted (via one form or another),\n         * that may raise flags\n         */\n        if (!CryptHashData(hHash, (BYTE*)password, strlen(password), 0))\n        {\n            CryptDestroyHash(hHash);\n            CryptReleaseContext(hCryptProv, 0);\n            exit(1);\n        }\n        hashSize = MD2_SUM_SIZE;\n        if (!CryptGetHashParam(hHash, HP_HASHVAL, (BYTE*)calcHash, &hashSize, 0))\n        {\n            CryptDestroyHash(hHash);\n            CryptReleaseContext(hCryptProv, 0);\n            exit(1);\n        }\n        if (memcmp(savedHash, calcHash, MD2_SUM_SIZE * sizeof(UCHAR)) == 0)\n        {\n            printLine(\"Access granted\");\n        }\n        else\n        {\n            printLine(\"Access denied\");\n        }\n        if (hHash)\n        {\n            CryptDestroyHash(hHash);\n        }\n        if (hCryptProv)\n        {\n            CryptReleaseContext(hCryptProv, 0);\n        }\n    }\n}",
        "question": "How does modifying the control structure `if (pFile == NULL)` affect the behavior or output of `fopen`?",
        "choices": {
            "A": "The modification of `if (pFile == NULL)` directly impacts the execution of `fopen` because its entire operation is controlled by `if (pFile == NULL)` and located within `if (pFile == NULL)`.",
            "B": "Modifying `if (pFile == NULL)` has no impact on the behavior or output of `fopen`.",
            "C": "The change of if (pFile == NULL) indirectly affects the execution of `fopen`, as the modifications in `if (pFile == NULL)` influence the arguments or conditions within `fopen`.",
            "D": "It is not possible to determine the effect without additional context."
        },
        "answer": "B",
        "distance": 0
    },
    {
        "case_id": 2766,
        "code": "void CWE328_Reversible_One_Way_Hash__w32_MD2_01_bad()\n{\n    {\n        HCRYPTPROV hCryptProv;\n        HCRYPTHASH hHash;\n        FILE *pFile = NULL;\n        char password[PASSWORD_INPUT_SIZE];\n        UCHAR savedHash[MD2_SUM_SIZE], calcHash[MD2_SUM_SIZE];\n        DWORD hashSize;\n        char *replace;\n        size_t i;\n        pFile = fopen(\"password.txt\", \"r\");\n        if (pFile == NULL)\n        {\n            exit(1);\n        }\n        for (i = 0; i < MD2_SUM_SIZE; i++)\n        {\n            ULONG val;\n            if (fscanf(pFile, \"%02x\", &val) != 1)\n            {\n                fclose(pFile);\n                exit(1);\n            }\n            if (val > 0xff) /* EXPECTED INCIDENTAL: Reliance on data memory layout, we assume char is at least 8 bits */\n            {\n                fclose(pFile);\n                exit(1);\n            }\n            savedHash[i] = (UCHAR)val;\n        }\n        if (pFile)\n        {\n            fclose(pFile);\n        }\n        if (fgets(password, PASSWORD_INPUT_SIZE, stdin) == NULL)\n        {\n            exit(1);\n        }\n        replace = strchr(password, '\\r');\n        if (replace)\n        {\n            *replace = '\\0';\n        }\n        replace = strchr(password, '\\n');\n        if (replace)\n        {\n            *replace = '\\0';\n        }\n        if (!CryptAcquireContextW(&hCryptProv, 0, 0, PROV_RSA_FULL, 0))\n        {\n            exit(1);\n        }\n        /* FLAW: Use a reversible hash (MD2) */\n        if (!CryptCreateHash(hCryptProv, CALG_MD2, 0, 0, &hHash))\n        {\n            CryptReleaseContext(hCryptProv, 0);\n            exit(1);\n        }\n        /* EXPECTED INCIDENTAL: We did not salt the password, that may raise flags,\n         * the password hash was not securely transmitted (via one form or another),\n         * that may raise flags\n         */\n        if (!CryptHashData(hHash, (BYTE*)password, strlen(password), 0))\n        {\n            CryptDestroyHash(hHash);\n            CryptReleaseContext(hCryptProv, 0);\n            exit(1);\n        }\n        hashSize = MD2_SUM_SIZE;\n        if (!CryptGetHashParam(hHash, HP_HASHVAL, (BYTE*)calcHash, &hashSize, 0))\n        {\n            CryptDestroyHash(hHash);\n            CryptReleaseContext(hCryptProv, 0);\n            exit(1);\n        }\n        if (memcmp(savedHash, calcHash, MD2_SUM_SIZE * sizeof(UCHAR)) == 0)\n        {\n            printLine(\"Access granted\");\n        }\n        else\n        {\n            printLine(\"Access denied\");\n        }\n        if (hHash)\n        {\n            CryptDestroyHash(hHash);\n        }\n        if (hCryptProv)\n        {\n            CryptReleaseContext(hCryptProv, 0);\n        }\n    }\n}",
        "question": "How does modifying the control structure `if (val > 0xff)` affect the behavior or output of `fopen`?",
        "choices": {
            "A": "The modification of `if (val > 0xff)` directly impacts the execution of `fopen` because its entire operation is controlled by `if (val > 0xff)` and located within `if (val > 0xff)`.",
            "B": "Modifying `if (val > 0xff)` has no impact on the behavior or output of `fopen`.",
            "C": "The change of if (val > 0xff) indirectly affects the execution of `fopen`, as the modifications in `if (val > 0xff)` influence the arguments or conditions within `fopen`.",
            "D": "It is not possible to determine the effect without additional context."
        },
        "answer": "B",
        "distance": 0
    },
    {
        "case_id": 2766,
        "code": "void CWE328_Reversible_One_Way_Hash__w32_MD2_01_bad()\n{\n    {\n        HCRYPTPROV hCryptProv;\n        HCRYPTHASH hHash;\n        FILE *pFile = NULL;\n        char password[PASSWORD_INPUT_SIZE];\n        UCHAR savedHash[MD2_SUM_SIZE], calcHash[MD2_SUM_SIZE];\n        DWORD hashSize;\n        char *replace;\n        size_t i;\n        pFile = fopen(\"password.txt\", \"r\");\n        if (pFile == NULL)\n        {\n            exit(1);\n        }\n        for (i = 0; i < MD2_SUM_SIZE; i++)\n        {\n            ULONG val;\n            if (fscanf(pFile, \"%02x\", &val) != 1)\n            {\n                fclose(pFile);\n                exit(1);\n            }\n            if (val > 0xff) /* EXPECTED INCIDENTAL: Reliance on data memory layout, we assume char is at least 8 bits */\n            {\n                fclose(pFile);\n                exit(1);\n            }\n            savedHash[i] = (UCHAR)val;\n        }\n        if (pFile)\n        {\n            fclose(pFile);\n        }\n        if (fgets(password, PASSWORD_INPUT_SIZE, stdin) == NULL)\n        {\n            exit(1);\n        }\n        replace = strchr(password, '\\r');\n        if (replace)\n        {\n            *replace = '\\0';\n        }\n        replace = strchr(password, '\\n');\n        if (replace)\n        {\n            *replace = '\\0';\n        }\n        if (!CryptAcquireContextW(&hCryptProv, 0, 0, PROV_RSA_FULL, 0))\n        {\n            exit(1);\n        }\n        /* FLAW: Use a reversible hash (MD2) */\n        if (!CryptCreateHash(hCryptProv, CALG_MD2, 0, 0, &hHash))\n        {\n            CryptReleaseContext(hCryptProv, 0);\n            exit(1);\n        }\n        /* EXPECTED INCIDENTAL: We did not salt the password, that may raise flags,\n         * the password hash was not securely transmitted (via one form or another),\n         * that may raise flags\n         */\n        if (!CryptHashData(hHash, (BYTE*)password, strlen(password), 0))\n        {\n            CryptDestroyHash(hHash);\n            CryptReleaseContext(hCryptProv, 0);\n            exit(1);\n        }\n        hashSize = MD2_SUM_SIZE;\n        if (!CryptGetHashParam(hHash, HP_HASHVAL, (BYTE*)calcHash, &hashSize, 0))\n        {\n            CryptDestroyHash(hHash);\n            CryptReleaseContext(hCryptProv, 0);\n            exit(1);\n        }\n        if (memcmp(savedHash, calcHash, MD2_SUM_SIZE * sizeof(UCHAR)) == 0)\n        {\n            printLine(\"Access granted\");\n        }\n        else\n        {\n            printLine(\"Access denied\");\n        }\n        if (hHash)\n        {\n            CryptDestroyHash(hHash);\n        }\n        if (hCryptProv)\n        {\n            CryptReleaseContext(hCryptProv, 0);\n        }\n    }\n}",
        "question": "How does modifying the control structure `if (hCryptProv)` affect the behavior or output of `fopen`?",
        "choices": {
            "A": "The modification of `if (hCryptProv)` directly impacts the execution of `fopen` because its entire operation is controlled by `if (hCryptProv)` and located within `if (hCryptProv)`.",
            "B": "Modifying `if (hCryptProv)` has no impact on the behavior or output of `fopen`.",
            "C": "The change of if (hCryptProv) indirectly affects the execution of `fopen`, as the modifications in `if (hCryptProv)` influence the arguments or conditions within `fopen`.",
            "D": "It is not possible to determine the effect without additional context."
        },
        "answer": "B",
        "distance": 0
    },
    {
        "case_id": 2766,
        "code": "void CWE328_Reversible_One_Way_Hash__w32_MD2_01_bad()\n{\n    {\n        HCRYPTPROV hCryptProv;\n        HCRYPTHASH hHash;\n        FILE *pFile = NULL;\n        char password[PASSWORD_INPUT_SIZE];\n        UCHAR savedHash[MD2_SUM_SIZE], calcHash[MD2_SUM_SIZE];\n        DWORD hashSize;\n        char *replace;\n        size_t i;\n        pFile = fopen(\"password.txt\", \"r\");\n        if (pFile == NULL)\n        {\n            exit(1);\n        }\n        for (i = 0; i < MD2_SUM_SIZE; i++)\n        {\n            ULONG val;\n            if (fscanf(pFile, \"%02x\", &val) != 1)\n            {\n                fclose(pFile);\n                exit(1);\n            }\n            if (val > 0xff) /* EXPECTED INCIDENTAL: Reliance on data memory layout, we assume char is at least 8 bits */\n            {\n                fclose(pFile);\n                exit(1);\n            }\n            savedHash[i] = (UCHAR)val;\n        }\n        if (pFile)\n        {\n            fclose(pFile);\n        }\n        if (fgets(password, PASSWORD_INPUT_SIZE, stdin) == NULL)\n        {\n            exit(1);\n        }\n        replace = strchr(password, '\\r');\n        if (replace)\n        {\n            *replace = '\\0';\n        }\n        replace = strchr(password, '\\n');\n        if (replace)\n        {\n            *replace = '\\0';\n        }\n        if (!CryptAcquireContextW(&hCryptProv, 0, 0, PROV_RSA_FULL, 0))\n        {\n            exit(1);\n        }\n        /* FLAW: Use a reversible hash (MD2) */\n        if (!CryptCreateHash(hCryptProv, CALG_MD2, 0, 0, &hHash))\n        {\n            CryptReleaseContext(hCryptProv, 0);\n            exit(1);\n        }\n        /* EXPECTED INCIDENTAL: We did not salt the password, that may raise flags,\n         * the password hash was not securely transmitted (via one form or another),\n         * that may raise flags\n         */\n        if (!CryptHashData(hHash, (BYTE*)password, strlen(password), 0))\n        {\n            CryptDestroyHash(hHash);\n            CryptReleaseContext(hCryptProv, 0);\n            exit(1);\n        }\n        hashSize = MD2_SUM_SIZE;\n        if (!CryptGetHashParam(hHash, HP_HASHVAL, (BYTE*)calcHash, &hashSize, 0))\n        {\n            CryptDestroyHash(hHash);\n            CryptReleaseContext(hCryptProv, 0);\n            exit(1);\n        }\n        if (memcmp(savedHash, calcHash, MD2_SUM_SIZE * sizeof(UCHAR)) == 0)\n        {\n            printLine(\"Access granted\");\n        }\n        else\n        {\n            printLine(\"Access denied\");\n        }\n        if (hHash)\n        {\n            CryptDestroyHash(hHash);\n        }\n        if (hCryptProv)\n        {\n            CryptReleaseContext(hCryptProv, 0);\n        }\n    }\n}",
        "question": "How does modifying the control structure `if (!CryptCreateHash(hCryptProv, CALG_MD2, 0, 0, &hHash))` affect the behavior or output of `fopen`?",
        "choices": {
            "A": "The modification of `if (!CryptCreateHash(hCryptProv, CALG_MD2, 0, 0, &hHash))` directly impacts the execution of `fopen` because its entire operation is controlled by `if (!CryptCreateHash(hCryptProv, CALG_MD2, 0, 0, &hHash))` and located within `if (!CryptCreateHash(hCryptProv, CALG_MD2, 0, 0, &hHash))`.",
            "B": "Modifying `if (!CryptCreateHash(hCryptProv, CALG_MD2, 0, 0, &hHash))` has no impact on the behavior or output of `fopen`.",
            "C": "The change of if (!CryptCreateHash(hCryptProv, CALG_MD2, 0, 0, &hHash)) indirectly affects the execution of `fopen`, as the modifications in `if (!CryptCreateHash(hCryptProv, CALG_MD2, 0, 0, &hHash))` influence the arguments or conditions within `fopen`.",
            "D": "It is not possible to determine the effect without additional context."
        },
        "answer": "B",
        "distance": 0
    }
]