[
    {
        "case_id": 1632,
        "code": "void CWE253_Incorrect_Check_of_Function_Return_Value__wchar_t_fprintf_01_bad()\n{\n    /* FLAW: fwprintf() might fail, in which case the return value will be negative, but\n     * we are checking to see if the return value is 0 */\n    if (fwprintf(stdout, L\"%s\\n\", L\"string\") == 0)\n    {\n        printLine(\"fwprintf failed!\");\n    }\n}",
        "question": "How does modifying the control structure `if (fwprintf(stdout, L\"%s\\n\", L\"string\") == 0)` affect the behavior or output of `printLine`?",
        "choices": {
            "A": "The modification of `if (fwprintf(stdout, L\"%s\\n\", L\"string\") == 0)` directly impacts the execution of `printLine` because its entire operation is controlled by `if (fwprintf(stdout, L\"%s\\n\", L\"string\") == 0)` and located within `if (fwprintf(stdout, L\"%s\\n\", L\"string\") == 0)`.",
            "B": "Modifying `if (fwprintf(stdout, L\"%s\\n\", L\"string\") == 0)` has no impact on the behavior or output of `printLine`.",
            "C": "The change of if (fwprintf(stdout, L\"%s\\n\", L\"string\") == 0) indirectly affects the execution of `printLine`, as the modifications in `if (fwprintf(stdout, L\"%s\\n\", L\"string\") == 0)` influence the arguments or conditions within `printLine`.",
            "D": "It is not possible to determine the effect without additional context."
        },
        "answer": "A",
        "distance": 1
    }
]