[
    {
        "case_id": 3004,
        "code": "void CWE377_Insecure_Temporary_File__wchar_t_tempnam_01_bad()\n{\n    {\n        wchar_t * filename;\n        int fileDesc;\n        filename = TEMPNAM(NULL, NULL);\n        if (filename == NULL)\n        {\n            exit(1);\n        }\n        printWLine(filename);\n        /* FLAW: Open a temporary file using open() and flags that do not prevent a race condition */\n        fileDesc = OPEN(filename, O_RDWR|O_CREAT, S_IREAD|S_IWRITE);\n        if (fileDesc != -1)\n        {\n            printLine(\"Temporary file was opened...now closing file\");\n            CLOSE(fileDesc);\n        }\n        free(filename);\n    }\n}",
        "question": "How does modifying the control structure `if (fileDesc != -1)` affect the behavior or output of `printLine`?",
        "choices": {
            "A": "The modification of `if (fileDesc != -1)` directly impacts the execution of `printLine` because its entire operation is controlled by `if (fileDesc != -1)` and located within `if (fileDesc != -1)`.",
            "B": "Modifying `if (fileDesc != -1)` has no impact on the behavior or output of `printLine`.",
            "C": "The change of if (fileDesc != -1) indirectly affects the execution of `printLine`, as the modifications in `if (fileDesc != -1)` influence the arguments or conditions within `printLine`.",
            "D": "It is not possible to determine the effect without additional context."
        },
        "answer": "A",
        "distance": 1
    },
    {
        "case_id": 3004,
        "code": "void CWE377_Insecure_Temporary_File__wchar_t_tempnam_01_bad()\n{\n    {\n        wchar_t * filename;\n        int fileDesc;\n        filename = TEMPNAM(NULL, NULL);\n        if (filename == NULL)\n        {\n            exit(1);\n        }\n        printWLine(filename);\n        /* FLAW: Open a temporary file using open() and flags that do not prevent a race condition */\n        fileDesc = OPEN(filename, O_RDWR|O_CREAT, S_IREAD|S_IWRITE);\n        if (fileDesc != -1)\n        {\n            printLine(\"Temporary file was opened...now closing file\");\n            CLOSE(fileDesc);\n        }\n        free(filename);\n    }\n}",
        "question": "How does modifying the control structure `if (fileDesc != -1)` affect the behavior or output of `CLOSE`?",
        "choices": {
            "A": "The modification of `if (fileDesc != -1)` directly impacts the execution of `CLOSE` because its entire operation is controlled by `if (fileDesc != -1)` and located within `if (fileDesc != -1)`.",
            "B": "Modifying `if (fileDesc != -1)` has no impact on the behavior or output of `CLOSE`.",
            "C": "The change of if (fileDesc != -1) indirectly affects the execution of `CLOSE`, as the modifications in `if (fileDesc != -1)` influence the arguments or conditions within `CLOSE`.",
            "D": "It is not possible to determine the effect without additional context."
        },
        "answer": "A",
        "distance": 1
    },
    {
        "case_id": 3004,
        "code": "void CWE377_Insecure_Temporary_File__wchar_t_tempnam_01_bad()\n{\n    {\n        wchar_t * filename;\n        int fileDesc;\n        filename = TEMPNAM(NULL, NULL);\n        if (filename == NULL)\n        {\n            exit(1);\n        }\n        printWLine(filename);\n        /* FLAW: Open a temporary file using open() and flags that do not prevent a race condition */\n        fileDesc = OPEN(filename, O_RDWR|O_CREAT, S_IREAD|S_IWRITE);\n        if (fileDesc != -1)\n        {\n            printLine(\"Temporary file was opened...now closing file\");\n            CLOSE(fileDesc);\n        }\n        free(filename);\n    }\n}",
        "question": "How does modifying the control structure `if (filename == NULL)` affect the behavior or output of `exit`?",
        "choices": {
            "A": "The modification of `if (filename == NULL)` directly impacts the execution of `exit` because its entire operation is controlled by `if (filename == NULL)` and located within `if (filename == NULL)`.",
            "B": "Modifying `if (filename == NULL)` has no impact on the behavior or output of `exit`.",
            "C": "The change of if (filename == NULL) indirectly affects the execution of `exit`, as the modifications in `if (filename == NULL)` influence the arguments or conditions within `exit`.",
            "D": "It is not possible to determine the effect without additional context."
        },
        "answer": "A",
        "distance": 1
    },
    {
        "case_id": 3004,
        "code": "void CWE377_Insecure_Temporary_File__wchar_t_tempnam_01_bad()\n{\n    {\n        wchar_t * filename;\n        int fileDesc;\n        filename = TEMPNAM(NULL, NULL);\n        if (filename == NULL)\n        {\n            exit(1);\n        }\n        printWLine(filename);\n        /* FLAW: Open a temporary file using open() and flags that do not prevent a race condition */\n        fileDesc = OPEN(filename, O_RDWR|O_CREAT, S_IREAD|S_IWRITE);\n        if (fileDesc != -1)\n        {\n            printLine(\"Temporary file was opened...now closing file\");\n            CLOSE(fileDesc);\n        }\n        free(filename);\n    }\n}",
        "question": "How does modifying the control structure `if (fileDesc != -1)` affect the behavior or output of `TEMPNAM`?",
        "choices": {
            "A": "The modification of `if (fileDesc != -1)` directly impacts the execution of `TEMPNAM` because its entire operation is controlled by `if (fileDesc != -1)` and located within `if (fileDesc != -1)`.",
            "B": "Modifying `if (fileDesc != -1)` has no impact on the behavior or output of `TEMPNAM`.",
            "C": "The change of if (fileDesc != -1) indirectly affects the execution of `TEMPNAM`, as the modifications in `if (fileDesc != -1)` influence the arguments or conditions within `TEMPNAM`.",
            "D": "It is not possible to determine the effect without additional context."
        },
        "answer": "B",
        "distance": 0
    },
    {
        "case_id": 3004,
        "code": "void CWE377_Insecure_Temporary_File__wchar_t_tempnam_01_bad()\n{\n    {\n        wchar_t * filename;\n        int fileDesc;\n        filename = TEMPNAM(NULL, NULL);\n        if (filename == NULL)\n        {\n            exit(1);\n        }\n        printWLine(filename);\n        /* FLAW: Open a temporary file using open() and flags that do not prevent a race condition */\n        fileDesc = OPEN(filename, O_RDWR|O_CREAT, S_IREAD|S_IWRITE);\n        if (fileDesc != -1)\n        {\n            printLine(\"Temporary file was opened...now closing file\");\n            CLOSE(fileDesc);\n        }\n        free(filename);\n    }\n}",
        "question": "How does modifying the control structure `if (fileDesc != -1)` affect the behavior or output of `free`?",
        "choices": {
            "A": "The modification of `if (fileDesc != -1)` directly impacts the execution of `free` because its entire operation is controlled by `if (fileDesc != -1)` and located within `if (fileDesc != -1)`.",
            "B": "Modifying `if (fileDesc != -1)` has no impact on the behavior or output of `free`.",
            "C": "The change of if (fileDesc != -1) indirectly affects the execution of `free`, as the modifications in `if (fileDesc != -1)` influence the arguments or conditions within `free`.",
            "D": "It is not possible to determine the effect without additional context."
        },
        "answer": "B",
        "distance": 0
    },
    {
        "case_id": 3004,
        "code": "void CWE377_Insecure_Temporary_File__wchar_t_tempnam_01_bad()\n{\n    {\n        wchar_t * filename;\n        int fileDesc;\n        filename = TEMPNAM(NULL, NULL);\n        if (filename == NULL)\n        {\n            exit(1);\n        }\n        printWLine(filename);\n        /* FLAW: Open a temporary file using open() and flags that do not prevent a race condition */\n        fileDesc = OPEN(filename, O_RDWR|O_CREAT, S_IREAD|S_IWRITE);\n        if (fileDesc != -1)\n        {\n            printLine(\"Temporary file was opened...now closing file\");\n            CLOSE(fileDesc);\n        }\n        free(filename);\n    }\n}",
        "question": "How does modifying the control structure `if (fileDesc != -1)` affect the behavior or output of `OPEN`?",
        "choices": {
            "A": "The modification of `if (fileDesc != -1)` directly impacts the execution of `OPEN` because its entire operation is controlled by `if (fileDesc != -1)` and located within `if (fileDesc != -1)`.",
            "B": "Modifying `if (fileDesc != -1)` has no impact on the behavior or output of `OPEN`.",
            "C": "The change of if (fileDesc != -1) indirectly affects the execution of `OPEN`, as the modifications in `if (fileDesc != -1)` influence the arguments or conditions within `OPEN`.",
            "D": "It is not possible to determine the effect without additional context."
        },
        "answer": "B",
        "distance": 0
    },
    {
        "case_id": 3004,
        "code": "void CWE377_Insecure_Temporary_File__wchar_t_tempnam_01_bad()\n{\n    {\n        wchar_t * filename;\n        int fileDesc;\n        filename = TEMPNAM(NULL, NULL);\n        if (filename == NULL)\n        {\n            exit(1);\n        }\n        printWLine(filename);\n        /* FLAW: Open a temporary file using open() and flags that do not prevent a race condition */\n        fileDesc = OPEN(filename, O_RDWR|O_CREAT, S_IREAD|S_IWRITE);\n        if (fileDesc != -1)\n        {\n            printLine(\"Temporary file was opened...now closing file\");\n            CLOSE(fileDesc);\n        }\n        free(filename);\n    }\n}",
        "question": "How does modifying the control structure `if (fileDesc != -1)` affect the behavior or output of `exit`?",
        "choices": {
            "A": "The modification of `if (fileDesc != -1)` directly impacts the execution of `exit` because its entire operation is controlled by `if (fileDesc != -1)` and located within `if (fileDesc != -1)`.",
            "B": "Modifying `if (fileDesc != -1)` has no impact on the behavior or output of `exit`.",
            "C": "The change of if (fileDesc != -1) indirectly affects the execution of `exit`, as the modifications in `if (fileDesc != -1)` influence the arguments or conditions within `exit`.",
            "D": "It is not possible to determine the effect without additional context."
        },
        "answer": "B",
        "distance": 0
    }
]