[
    {
        "case_id": 2293,
        "code": "void CWE284_Improper_Access_Control__w32_char_CreateDesktop_01_bad()\n{\n    {\n        HDESK hDesk;\n        char * desktopName = \"DesktopExample\";\n        /* FLAW: Call CreateDesktopA() with GENERIC_ALL as the 5th parameter */\n        hDesk = CreateDesktopA(\n                    desktopName,\n                    NULL,\n                    NULL,\n                    0,\n                    GENERIC_ALL,\n                    NULL);\n        if (hDesk == NULL)\n        {\n            printLine(\"Desktop could not be created\");\n        }\n        else\n        {\n            printLine(\"Desktop created successfully\");\n            CloseDesktop(hDesk);\n        }\n    }\n}",
        "question": "How does modifying the control structure `if (hDesk == NULL)` affect the behavior or output of `CloseDesktop`?",
        "choices": {
            "A": "The modification of `if (hDesk == NULL)` directly impacts the execution of `CloseDesktop` because its entire operation is controlled by `if (hDesk == NULL)` and located within `if (hDesk == NULL)`.",
            "B": "Modifying `if (hDesk == NULL)` has no impact on the behavior or output of `CloseDesktop`.",
            "C": "The change of if (hDesk == NULL) indirectly affects the execution of `CloseDesktop`, as the modifications in `if (hDesk == NULL)` influence the arguments or conditions within `CloseDesktop`.",
            "D": "It is not possible to determine the effect without additional context."
        },
        "answer": "A",
        "distance": 2
    },
    {
        "case_id": 2293,
        "code": "void CWE284_Improper_Access_Control__w32_char_CreateDesktop_01_bad()\n{\n    {\n        HDESK hDesk;\n        char * desktopName = \"DesktopExample\";\n        /* FLAW: Call CreateDesktopA() with GENERIC_ALL as the 5th parameter */\n        hDesk = CreateDesktopA(\n                    desktopName,\n                    NULL,\n                    NULL,\n                    0,\n                    GENERIC_ALL,\n                    NULL);\n        if (hDesk == NULL)\n        {\n            printLine(\"Desktop could not be created\");\n        }\n        else\n        {\n            printLine(\"Desktop created successfully\");\n            CloseDesktop(hDesk);\n        }\n    }\n}",
        "question": "How does modifying the control structure `else` affect the behavior or output of `CloseDesktop`?",
        "choices": {
            "A": "The modification of `else` directly impacts the execution of `CloseDesktop` because its entire operation is controlled by `else` and located within `else`.",
            "B": "Modifying `else` has no impact on the behavior or output of `CloseDesktop`.",
            "C": "The change of else indirectly affects the execution of `CloseDesktop`, as the modifications in `else` influence the arguments or conditions within `CloseDesktop`.",
            "D": "It is not possible to determine the effect without additional context."
        },
        "answer": "A",
        "distance": 1
    },
    {
        "case_id": 2293,
        "code": "void CWE284_Improper_Access_Control__w32_char_CreateDesktop_01_bad()\n{\n    {\n        HDESK hDesk;\n        char * desktopName = \"DesktopExample\";\n        /* FLAW: Call CreateDesktopA() with GENERIC_ALL as the 5th parameter */\n        hDesk = CreateDesktopA(\n                    desktopName,\n                    NULL,\n                    NULL,\n                    0,\n                    GENERIC_ALL,\n                    NULL);\n        if (hDesk == NULL)\n        {\n            printLine(\"Desktop could not be created\");\n        }\n        else\n        {\n            printLine(\"Desktop created successfully\");\n            CloseDesktop(hDesk);\n        }\n    }\n}",
        "question": "How does modifying the control structure `else` affect the behavior or output of `CreateDesktopA`?",
        "choices": {
            "A": "The modification of `else` directly impacts the execution of `CreateDesktopA` because its entire operation is controlled by `else` and located within `else`.",
            "B": "Modifying `else` has no impact on the behavior or output of `CreateDesktopA`.",
            "C": "The change of else indirectly affects the execution of `CreateDesktopA`, as the modifications in `else` influence the arguments or conditions within `CreateDesktopA`.",
            "D": "It is not possible to determine the effect without additional context."
        },
        "answer": "B",
        "distance": 0
    },
    {
        "case_id": 2293,
        "code": "void CWE284_Improper_Access_Control__w32_char_CreateDesktop_01_bad()\n{\n    {\n        HDESK hDesk;\n        char * desktopName = \"DesktopExample\";\n        /* FLAW: Call CreateDesktopA() with GENERIC_ALL as the 5th parameter */\n        hDesk = CreateDesktopA(\n                    desktopName,\n                    NULL,\n                    NULL,\n                    0,\n                    GENERIC_ALL,\n                    NULL);\n        if (hDesk == NULL)\n        {\n            printLine(\"Desktop could not be created\");\n        }\n        else\n        {\n            printLine(\"Desktop created successfully\");\n            CloseDesktop(hDesk);\n        }\n    }\n}",
        "question": "How does modifying the control structure `if (hDesk == NULL)` affect the behavior or output of `CreateDesktopA`?",
        "choices": {
            "A": "The modification of `if (hDesk == NULL)` directly impacts the execution of `CreateDesktopA` because its entire operation is controlled by `if (hDesk == NULL)` and located within `if (hDesk == NULL)`.",
            "B": "Modifying `if (hDesk == NULL)` has no impact on the behavior or output of `CreateDesktopA`.",
            "C": "The change of if (hDesk == NULL) indirectly affects the execution of `CreateDesktopA`, as the modifications in `if (hDesk == NULL)` influence the arguments or conditions within `CreateDesktopA`.",
            "D": "It is not possible to determine the effect without additional context."
        },
        "answer": "B",
        "distance": 0
    }
]