[
    {
        "case_id": 2522,
        "code": "void CWE319_Cleartext_Tx_Sensitive_Info__w32_char_listen_socket_01_bad()\n{\n    char * password;\n    char passwordBuffer[100] = \"\";\n    password = passwordBuffer;\n    {\n        WSADATA wsaData;\n        int wsaDataInit = 0;\n        int recvResult;\n        struct sockaddr_in service;\n        char *replace;\n        SOCKET listenSocket = INVALID_SOCKET;\n        SOCKET acceptSocket = INVALID_SOCKET;\n        size_t passwordLen = strlen(password);\n        do\n        {\n            if (WSAStartup(MAKEWORD(2,2), &wsaData) != NO_ERROR)\n            {\n                break;\n            }\n            wsaDataInit = 1;\n            listenSocket = socket(AF_INET, SOCK_STREAM, IPPROTO_TCP);\n            if (listenSocket == INVALID_SOCKET)\n            {\n                break;\n            }\n            memset(&service, 0, sizeof(service));\n            service.sin_family = AF_INET;\n            service.sin_addr.s_addr = INADDR_ANY;\n            service.sin_port = htons(TCP_PORT);\n            if (bind(listenSocket, (struct sockaddr*)&service, sizeof(service)) == SOCKET_ERROR)\n            {\n                break;\n            }\n            if (listen(listenSocket, LISTEN_BACKLOG) == SOCKET_ERROR)\n            {\n                break;\n            }\n            acceptSocket = accept(listenSocket, NULL, NULL);\n            if (acceptSocket == SOCKET_ERROR)\n            {\n                break;\n            }\n            /* Abort on error or the connection was closed */\n            /* POTENTIAL FLAW: Reading sensitive data from the network */\n            recvResult = recv(acceptSocket, (char*)(password + passwordLen), (100 - passwordLen - 1) * sizeof(char), 0);\n            if (recvResult == SOCKET_ERROR || recvResult == 0)\n            {\n                break;\n            }\n            /* Append null terminator */\n            password[passwordLen + recvResult / sizeof(char)] = '\\0';\n            /* Eliminate CRLF */\n            replace = strchr(password, '\\r');\n            if (replace)\n            {\n                *replace = '\\0';\n            }\n            replace = strchr(password, '\\n');\n            if (replace)\n            {\n                *replace = '\\0';\n            }\n        }\n        while (0);\n        if (listenSocket != INVALID_SOCKET)\n        {\n            closesocket(listenSocket);\n        }\n        if (acceptSocket != INVALID_SOCKET)\n        {\n            closesocket(acceptSocket);\n        }\n        if (wsaDataInit)\n        {\n            WSACleanup();\n        }\n    }\n    {\n        HANDLE pHandle;\n        char * username = \"User\";\n        char * domain = \"Domain\";\n        /* Use the password in LogonUser() to establish that it is \"sensitive\" */\n        /* POTENTIAL FLAW: Using sensitive information that was possibly sent in plaintext over the network */\n        if (LogonUserA(\n                    username,\n                    domain,\n                    password,\n                    LOGON32_LOGON_NETWORK,\n                    LOGON32_PROVIDER_DEFAULT,\n                    &pHandle) != 0)\n        {\n            printLine(\"User logged in successfully.\");\n            CloseHandle(pHandle);\n        }\n        else\n        {\n            printLine(\"Unable to login.\");\n        }\n    }\n}",
        "question": "How does modifying the control structure `if (LogonUserA(username,domain,password,LOGON32_LOGON_NETWORK,LOGON32_PROVIDER_DEFAULT,&pHandle) != 0)` affect the behavior or output of `CloseHandle`?",
        "choices": {
            "A": "The modification of `if (LogonUserA(username,domain,password,LOGON32_LOGON_NETWORK,LOGON32_PROVIDER_DEFAULT,&pHandle) != 0)` directly impacts the execution of `CloseHandle` because its entire operation is controlled by `if (LogonUserA(username,domain,password,LOGON32_LOGON_NETWORK,LOGON32_PROVIDER_DEFAULT,&pHandle) != 0)` and located within `if (LogonUserA(username,domain,password,LOGON32_LOGON_NETWORK,LOGON32_PROVIDER_DEFAULT,&pHandle) != 0)`.",
            "B": "Modifying `if (LogonUserA(username,domain,password,LOGON32_LOGON_NETWORK,LOGON32_PROVIDER_DEFAULT,&pHandle) != 0)` has no impact on the behavior or output of `CloseHandle`.",
            "C": "The change of if (LogonUserA(username,domain,password,LOGON32_LOGON_NETWORK,LOGON32_PROVIDER_DEFAULT,&pHandle) != 0) indirectly affects the execution of `CloseHandle`, as the modifications in `if (LogonUserA(username,domain,password,LOGON32_LOGON_NETWORK,LOGON32_PROVIDER_DEFAULT,&pHandle) != 0)` influence the arguments or conditions within `CloseHandle`.",
            "D": "It is not possible to determine the effect without additional context."
        },
        "answer": "A",
        "distance": 1
    },
    {
        "case_id": 2522,
        "code": "void CWE319_Cleartext_Tx_Sensitive_Info__w32_char_listen_socket_01_bad()\n{\n    char * password;\n    char passwordBuffer[100] = \"\";\n    password = passwordBuffer;\n    {\n        WSADATA wsaData;\n        int wsaDataInit = 0;\n        int recvResult;\n        struct sockaddr_in service;\n        char *replace;\n        SOCKET listenSocket = INVALID_SOCKET;\n        SOCKET acceptSocket = INVALID_SOCKET;\n        size_t passwordLen = strlen(password);\n        do\n        {\n            if (WSAStartup(MAKEWORD(2,2), &wsaData) != NO_ERROR)\n            {\n                break;\n            }\n            wsaDataInit = 1;\n            listenSocket = socket(AF_INET, SOCK_STREAM, IPPROTO_TCP);\n            if (listenSocket == INVALID_SOCKET)\n            {\n                break;\n            }\n            memset(&service, 0, sizeof(service));\n            service.sin_family = AF_INET;\n            service.sin_addr.s_addr = INADDR_ANY;\n            service.sin_port = htons(TCP_PORT);\n            if (bind(listenSocket, (struct sockaddr*)&service, sizeof(service)) == SOCKET_ERROR)\n            {\n                break;\n            }\n            if (listen(listenSocket, LISTEN_BACKLOG) == SOCKET_ERROR)\n            {\n                break;\n            }\n            acceptSocket = accept(listenSocket, NULL, NULL);\n            if (acceptSocket == SOCKET_ERROR)\n            {\n                break;\n            }\n            /* Abort on error or the connection was closed */\n            /* POTENTIAL FLAW: Reading sensitive data from the network */\n            recvResult = recv(acceptSocket, (char*)(password + passwordLen), (100 - passwordLen - 1) * sizeof(char), 0);\n            if (recvResult == SOCKET_ERROR || recvResult == 0)\n            {\n                break;\n            }\n            /* Append null terminator */\n            password[passwordLen + recvResult / sizeof(char)] = '\\0';\n            /* Eliminate CRLF */\n            replace = strchr(password, '\\r');\n            if (replace)\n            {\n                *replace = '\\0';\n            }\n            replace = strchr(password, '\\n');\n            if (replace)\n            {\n                *replace = '\\0';\n            }\n        }\n        while (0);\n        if (listenSocket != INVALID_SOCKET)\n        {\n            closesocket(listenSocket);\n        }\n        if (acceptSocket != INVALID_SOCKET)\n        {\n            closesocket(acceptSocket);\n        }\n        if (wsaDataInit)\n        {\n            WSACleanup();\n        }\n    }\n    {\n        HANDLE pHandle;\n        char * username = \"User\";\n        char * domain = \"Domain\";\n        /* Use the password in LogonUser() to establish that it is \"sensitive\" */\n        /* POTENTIAL FLAW: Using sensitive information that was possibly sent in plaintext over the network */\n        if (LogonUserA(\n                    username,\n                    domain,\n                    password,\n                    LOGON32_LOGON_NETWORK,\n                    LOGON32_PROVIDER_DEFAULT,\n                    &pHandle) != 0)\n        {\n            printLine(\"User logged in successfully.\");\n            CloseHandle(pHandle);\n        }\n        else\n        {\n            printLine(\"Unable to login.\");\n        }\n    }\n}",
        "question": "How does modifying the control structure `do` affect the behavior or output of `accept`?",
        "choices": {
            "A": "The modification of `do` directly impacts the execution of `accept` because its entire operation is controlled by `do` and located within `do`.",
            "B": "Modifying `do` has no impact on the behavior or output of `accept`.",
            "C": "The change of do indirectly affects the execution of `accept`, as the modifications in `do` influence the arguments or conditions within `accept`.",
            "D": "It is not possible to determine the effect without additional context."
        },
        "answer": "A",
        "distance": 1
    },
    {
        "case_id": 2522,
        "code": "void CWE319_Cleartext_Tx_Sensitive_Info__w32_char_listen_socket_01_bad()\n{\n    char * password;\n    char passwordBuffer[100] = \"\";\n    password = passwordBuffer;\n    {\n        WSADATA wsaData;\n        int wsaDataInit = 0;\n        int recvResult;\n        struct sockaddr_in service;\n        char *replace;\n        SOCKET listenSocket = INVALID_SOCKET;\n        SOCKET acceptSocket = INVALID_SOCKET;\n        size_t passwordLen = strlen(password);\n        do\n        {\n            if (WSAStartup(MAKEWORD(2,2), &wsaData) != NO_ERROR)\n            {\n                break;\n            }\n            wsaDataInit = 1;\n            listenSocket = socket(AF_INET, SOCK_STREAM, IPPROTO_TCP);\n            if (listenSocket == INVALID_SOCKET)\n            {\n                break;\n            }\n            memset(&service, 0, sizeof(service));\n            service.sin_family = AF_INET;\n            service.sin_addr.s_addr = INADDR_ANY;\n            service.sin_port = htons(TCP_PORT);\n            if (bind(listenSocket, (struct sockaddr*)&service, sizeof(service)) == SOCKET_ERROR)\n            {\n                break;\n            }\n            if (listen(listenSocket, LISTEN_BACKLOG) == SOCKET_ERROR)\n            {\n                break;\n            }\n            acceptSocket = accept(listenSocket, NULL, NULL);\n            if (acceptSocket == SOCKET_ERROR)\n            {\n                break;\n            }\n            /* Abort on error or the connection was closed */\n            /* POTENTIAL FLAW: Reading sensitive data from the network */\n            recvResult = recv(acceptSocket, (char*)(password + passwordLen), (100 - passwordLen - 1) * sizeof(char), 0);\n            if (recvResult == SOCKET_ERROR || recvResult == 0)\n            {\n                break;\n            }\n            /* Append null terminator */\n            password[passwordLen + recvResult / sizeof(char)] = '\\0';\n            /* Eliminate CRLF */\n            replace = strchr(password, '\\r');\n            if (replace)\n            {\n                *replace = '\\0';\n            }\n            replace = strchr(password, '\\n');\n            if (replace)\n            {\n                *replace = '\\0';\n            }\n        }\n        while (0);\n        if (listenSocket != INVALID_SOCKET)\n        {\n            closesocket(listenSocket);\n        }\n        if (acceptSocket != INVALID_SOCKET)\n        {\n            closesocket(acceptSocket);\n        }\n        if (wsaDataInit)\n        {\n            WSACleanup();\n        }\n    }\n    {\n        HANDLE pHandle;\n        char * username = \"User\";\n        char * domain = \"Domain\";\n        /* Use the password in LogonUser() to establish that it is \"sensitive\" */\n        /* POTENTIAL FLAW: Using sensitive information that was possibly sent in plaintext over the network */\n        if (LogonUserA(\n                    username,\n                    domain,\n                    password,\n                    LOGON32_LOGON_NETWORK,\n                    LOGON32_PROVIDER_DEFAULT,\n                    &pHandle) != 0)\n        {\n            printLine(\"User logged in successfully.\");\n            CloseHandle(pHandle);\n        }\n        else\n        {\n            printLine(\"Unable to login.\");\n        }\n    }\n}",
        "question": "How does modifying the control structure `do` affect the behavior or output of `memset`?",
        "choices": {
            "A": "The modification of `do` directly impacts the execution of `memset` because its entire operation is controlled by `do` and located within `do`.",
            "B": "Modifying `do` has no impact on the behavior or output of `memset`.",
            "C": "The change of do indirectly affects the execution of `memset`, as the modifications in `do` influence the arguments or conditions within `memset`.",
            "D": "It is not possible to determine the effect without additional context."
        },
        "answer": "A",
        "distance": 1
    },
    {
        "case_id": 2522,
        "code": "void CWE319_Cleartext_Tx_Sensitive_Info__w32_char_listen_socket_01_bad()\n{\n    char * password;\n    char passwordBuffer[100] = \"\";\n    password = passwordBuffer;\n    {\n        WSADATA wsaData;\n        int wsaDataInit = 0;\n        int recvResult;\n        struct sockaddr_in service;\n        char *replace;\n        SOCKET listenSocket = INVALID_SOCKET;\n        SOCKET acceptSocket = INVALID_SOCKET;\n        size_t passwordLen = strlen(password);\n        do\n        {\n            if (WSAStartup(MAKEWORD(2,2), &wsaData) != NO_ERROR)\n            {\n                break;\n            }\n            wsaDataInit = 1;\n            listenSocket = socket(AF_INET, SOCK_STREAM, IPPROTO_TCP);\n            if (listenSocket == INVALID_SOCKET)\n            {\n                break;\n            }\n            memset(&service, 0, sizeof(service));\n            service.sin_family = AF_INET;\n            service.sin_addr.s_addr = INADDR_ANY;\n            service.sin_port = htons(TCP_PORT);\n            if (bind(listenSocket, (struct sockaddr*)&service, sizeof(service)) == SOCKET_ERROR)\n            {\n                break;\n            }\n            if (listen(listenSocket, LISTEN_BACKLOG) == SOCKET_ERROR)\n            {\n                break;\n            }\n            acceptSocket = accept(listenSocket, NULL, NULL);\n            if (acceptSocket == SOCKET_ERROR)\n            {\n                break;\n            }\n            /* Abort on error or the connection was closed */\n            /* POTENTIAL FLAW: Reading sensitive data from the network */\n            recvResult = recv(acceptSocket, (char*)(password + passwordLen), (100 - passwordLen - 1) * sizeof(char), 0);\n            if (recvResult == SOCKET_ERROR || recvResult == 0)\n            {\n                break;\n            }\n            /* Append null terminator */\n            password[passwordLen + recvResult / sizeof(char)] = '\\0';\n            /* Eliminate CRLF */\n            replace = strchr(password, '\\r');\n            if (replace)\n            {\n                *replace = '\\0';\n            }\n            replace = strchr(password, '\\n');\n            if (replace)\n            {\n                *replace = '\\0';\n            }\n        }\n        while (0);\n        if (listenSocket != INVALID_SOCKET)\n        {\n            closesocket(listenSocket);\n        }\n        if (acceptSocket != INVALID_SOCKET)\n        {\n            closesocket(acceptSocket);\n        }\n        if (wsaDataInit)\n        {\n            WSACleanup();\n        }\n    }\n    {\n        HANDLE pHandle;\n        char * username = \"User\";\n        char * domain = \"Domain\";\n        /* Use the password in LogonUser() to establish that it is \"sensitive\" */\n        /* POTENTIAL FLAW: Using sensitive information that was possibly sent in plaintext over the network */\n        if (LogonUserA(\n                    username,\n                    domain,\n                    password,\n                    LOGON32_LOGON_NETWORK,\n                    LOGON32_PROVIDER_DEFAULT,\n                    &pHandle) != 0)\n        {\n            printLine(\"User logged in successfully.\");\n            CloseHandle(pHandle);\n        }\n        else\n        {\n            printLine(\"Unable to login.\");\n        }\n    }\n}",
        "question": "How does modifying the control structure `do` affect the behavior or output of `htons`?",
        "choices": {
            "A": "The modification of `do` directly impacts the execution of `htons` because its entire operation is controlled by `do` and located within `do`.",
            "B": "Modifying `do` has no impact on the behavior or output of `htons`.",
            "C": "The change of do indirectly affects the execution of `htons`, as the modifications in `do` influence the arguments or conditions within `htons`.",
            "D": "It is not possible to determine the effect without additional context."
        },
        "answer": "A",
        "distance": 1
    },
    {
        "case_id": 2522,
        "code": "void CWE319_Cleartext_Tx_Sensitive_Info__w32_char_listen_socket_01_bad()\n{\n    char * password;\n    char passwordBuffer[100] = \"\";\n    password = passwordBuffer;\n    {\n        WSADATA wsaData;\n        int wsaDataInit = 0;\n        int recvResult;\n        struct sockaddr_in service;\n        char *replace;\n        SOCKET listenSocket = INVALID_SOCKET;\n        SOCKET acceptSocket = INVALID_SOCKET;\n        size_t passwordLen = strlen(password);\n        do\n        {\n            if (WSAStartup(MAKEWORD(2,2), &wsaData) != NO_ERROR)\n            {\n                break;\n            }\n            wsaDataInit = 1;\n            listenSocket = socket(AF_INET, SOCK_STREAM, IPPROTO_TCP);\n            if (listenSocket == INVALID_SOCKET)\n            {\n                break;\n            }\n            memset(&service, 0, sizeof(service));\n            service.sin_family = AF_INET;\n            service.sin_addr.s_addr = INADDR_ANY;\n            service.sin_port = htons(TCP_PORT);\n            if (bind(listenSocket, (struct sockaddr*)&service, sizeof(service)) == SOCKET_ERROR)\n            {\n                break;\n            }\n            if (listen(listenSocket, LISTEN_BACKLOG) == SOCKET_ERROR)\n            {\n                break;\n            }\n            acceptSocket = accept(listenSocket, NULL, NULL);\n            if (acceptSocket == SOCKET_ERROR)\n            {\n                break;\n            }\n            /* Abort on error or the connection was closed */\n            /* POTENTIAL FLAW: Reading sensitive data from the network */\n            recvResult = recv(acceptSocket, (char*)(password + passwordLen), (100 - passwordLen - 1) * sizeof(char), 0);\n            if (recvResult == SOCKET_ERROR || recvResult == 0)\n            {\n                break;\n            }\n            /* Append null terminator */\n            password[passwordLen + recvResult / sizeof(char)] = '\\0';\n            /* Eliminate CRLF */\n            replace = strchr(password, '\\r');\n            if (replace)\n            {\n                *replace = '\\0';\n            }\n            replace = strchr(password, '\\n');\n            if (replace)\n            {\n                *replace = '\\0';\n            }\n        }\n        while (0);\n        if (listenSocket != INVALID_SOCKET)\n        {\n            closesocket(listenSocket);\n        }\n        if (acceptSocket != INVALID_SOCKET)\n        {\n            closesocket(acceptSocket);\n        }\n        if (wsaDataInit)\n        {\n            WSACleanup();\n        }\n    }\n    {\n        HANDLE pHandle;\n        char * username = \"User\";\n        char * domain = \"Domain\";\n        /* Use the password in LogonUser() to establish that it is \"sensitive\" */\n        /* POTENTIAL FLAW: Using sensitive information that was possibly sent in plaintext over the network */\n        if (LogonUserA(\n                    username,\n                    domain,\n                    password,\n                    LOGON32_LOGON_NETWORK,\n                    LOGON32_PROVIDER_DEFAULT,\n                    &pHandle) != 0)\n        {\n            printLine(\"User logged in successfully.\");\n            CloseHandle(pHandle);\n        }\n        else\n        {\n            printLine(\"Unable to login.\");\n        }\n    }\n}",
        "question": "How does modifying the control structure `if (LogonUserA(username,domain,password,LOGON32_LOGON_NETWORK,LOGON32_PROVIDER_DEFAULT,&pHandle) != 0)` affect the behavior or output of `accept`?",
        "choices": {
            "A": "The modification of `if (LogonUserA(username,domain,password,LOGON32_LOGON_NETWORK,LOGON32_PROVIDER_DEFAULT,&pHandle) != 0)` directly impacts the execution of `accept` because its entire operation is controlled by `if (LogonUserA(username,domain,password,LOGON32_LOGON_NETWORK,LOGON32_PROVIDER_DEFAULT,&pHandle) != 0)` and located within `if (LogonUserA(username,domain,password,LOGON32_LOGON_NETWORK,LOGON32_PROVIDER_DEFAULT,&pHandle) != 0)`.",
            "B": "Modifying `if (LogonUserA(username,domain,password,LOGON32_LOGON_NETWORK,LOGON32_PROVIDER_DEFAULT,&pHandle) != 0)` has no impact on the behavior or output of `accept`.",
            "C": "The change of if (LogonUserA(username,domain,password,LOGON32_LOGON_NETWORK,LOGON32_PROVIDER_DEFAULT,&pHandle) != 0) indirectly affects the execution of `accept`, as the modifications in `if (LogonUserA(username,domain,password,LOGON32_LOGON_NETWORK,LOGON32_PROVIDER_DEFAULT,&pHandle) != 0)` influence the arguments or conditions within `accept`.",
            "D": "It is not possible to determine the effect without additional context."
        },
        "answer": "B",
        "distance": 0
    },
    {
        "case_id": 2522,
        "code": "void CWE319_Cleartext_Tx_Sensitive_Info__w32_char_listen_socket_01_bad()\n{\n    char * password;\n    char passwordBuffer[100] = \"\";\n    password = passwordBuffer;\n    {\n        WSADATA wsaData;\n        int wsaDataInit = 0;\n        int recvResult;\n        struct sockaddr_in service;\n        char *replace;\n        SOCKET listenSocket = INVALID_SOCKET;\n        SOCKET acceptSocket = INVALID_SOCKET;\n        size_t passwordLen = strlen(password);\n        do\n        {\n            if (WSAStartup(MAKEWORD(2,2), &wsaData) != NO_ERROR)\n            {\n                break;\n            }\n            wsaDataInit = 1;\n            listenSocket = socket(AF_INET, SOCK_STREAM, IPPROTO_TCP);\n            if (listenSocket == INVALID_SOCKET)\n            {\n                break;\n            }\n            memset(&service, 0, sizeof(service));\n            service.sin_family = AF_INET;\n            service.sin_addr.s_addr = INADDR_ANY;\n            service.sin_port = htons(TCP_PORT);\n            if (bind(listenSocket, (struct sockaddr*)&service, sizeof(service)) == SOCKET_ERROR)\n            {\n                break;\n            }\n            if (listen(listenSocket, LISTEN_BACKLOG) == SOCKET_ERROR)\n            {\n                break;\n            }\n            acceptSocket = accept(listenSocket, NULL, NULL);\n            if (acceptSocket == SOCKET_ERROR)\n            {\n                break;\n            }\n            /* Abort on error or the connection was closed */\n            /* POTENTIAL FLAW: Reading sensitive data from the network */\n            recvResult = recv(acceptSocket, (char*)(password + passwordLen), (100 - passwordLen - 1) * sizeof(char), 0);\n            if (recvResult == SOCKET_ERROR || recvResult == 0)\n            {\n                break;\n            }\n            /* Append null terminator */\n            password[passwordLen + recvResult / sizeof(char)] = '\\0';\n            /* Eliminate CRLF */\n            replace = strchr(password, '\\r');\n            if (replace)\n            {\n                *replace = '\\0';\n            }\n            replace = strchr(password, '\\n');\n            if (replace)\n            {\n                *replace = '\\0';\n            }\n        }\n        while (0);\n        if (listenSocket != INVALID_SOCKET)\n        {\n            closesocket(listenSocket);\n        }\n        if (acceptSocket != INVALID_SOCKET)\n        {\n            closesocket(acceptSocket);\n        }\n        if (wsaDataInit)\n        {\n            WSACleanup();\n        }\n    }\n    {\n        HANDLE pHandle;\n        char * username = \"User\";\n        char * domain = \"Domain\";\n        /* Use the password in LogonUser() to establish that it is \"sensitive\" */\n        /* POTENTIAL FLAW: Using sensitive information that was possibly sent in plaintext over the network */\n        if (LogonUserA(\n                    username,\n                    domain,\n                    password,\n                    LOGON32_LOGON_NETWORK,\n                    LOGON32_PROVIDER_DEFAULT,\n                    &pHandle) != 0)\n        {\n            printLine(\"User logged in successfully.\");\n            CloseHandle(pHandle);\n        }\n        else\n        {\n            printLine(\"Unable to login.\");\n        }\n    }\n}",
        "question": "How does modifying the control structure `if (LogonUserA(username,domain,password,LOGON32_LOGON_NETWORK,LOGON32_PROVIDER_DEFAULT,&pHandle) != 0)` affect the behavior or output of `memset`?",
        "choices": {
            "A": "The modification of `if (LogonUserA(username,domain,password,LOGON32_LOGON_NETWORK,LOGON32_PROVIDER_DEFAULT,&pHandle) != 0)` directly impacts the execution of `memset` because its entire operation is controlled by `if (LogonUserA(username,domain,password,LOGON32_LOGON_NETWORK,LOGON32_PROVIDER_DEFAULT,&pHandle) != 0)` and located within `if (LogonUserA(username,domain,password,LOGON32_LOGON_NETWORK,LOGON32_PROVIDER_DEFAULT,&pHandle) != 0)`.",
            "B": "Modifying `if (LogonUserA(username,domain,password,LOGON32_LOGON_NETWORK,LOGON32_PROVIDER_DEFAULT,&pHandle) != 0)` has no impact on the behavior or output of `memset`.",
            "C": "The change of if (LogonUserA(username,domain,password,LOGON32_LOGON_NETWORK,LOGON32_PROVIDER_DEFAULT,&pHandle) != 0) indirectly affects the execution of `memset`, as the modifications in `if (LogonUserA(username,domain,password,LOGON32_LOGON_NETWORK,LOGON32_PROVIDER_DEFAULT,&pHandle) != 0)` influence the arguments or conditions within `memset`.",
            "D": "It is not possible to determine the effect without additional context."
        },
        "answer": "B",
        "distance": 0
    },
    {
        "case_id": 2522,
        "code": "void CWE319_Cleartext_Tx_Sensitive_Info__w32_char_listen_socket_01_bad()\n{\n    char * password;\n    char passwordBuffer[100] = \"\";\n    password = passwordBuffer;\n    {\n        WSADATA wsaData;\n        int wsaDataInit = 0;\n        int recvResult;\n        struct sockaddr_in service;\n        char *replace;\n        SOCKET listenSocket = INVALID_SOCKET;\n        SOCKET acceptSocket = INVALID_SOCKET;\n        size_t passwordLen = strlen(password);\n        do\n        {\n            if (WSAStartup(MAKEWORD(2,2), &wsaData) != NO_ERROR)\n            {\n                break;\n            }\n            wsaDataInit = 1;\n            listenSocket = socket(AF_INET, SOCK_STREAM, IPPROTO_TCP);\n            if (listenSocket == INVALID_SOCKET)\n            {\n                break;\n            }\n            memset(&service, 0, sizeof(service));\n            service.sin_family = AF_INET;\n            service.sin_addr.s_addr = INADDR_ANY;\n            service.sin_port = htons(TCP_PORT);\n            if (bind(listenSocket, (struct sockaddr*)&service, sizeof(service)) == SOCKET_ERROR)\n            {\n                break;\n            }\n            if (listen(listenSocket, LISTEN_BACKLOG) == SOCKET_ERROR)\n            {\n                break;\n            }\n            acceptSocket = accept(listenSocket, NULL, NULL);\n            if (acceptSocket == SOCKET_ERROR)\n            {\n                break;\n            }\n            /* Abort on error or the connection was closed */\n            /* POTENTIAL FLAW: Reading sensitive data from the network */\n            recvResult = recv(acceptSocket, (char*)(password + passwordLen), (100 - passwordLen - 1) * sizeof(char), 0);\n            if (recvResult == SOCKET_ERROR || recvResult == 0)\n            {\n                break;\n            }\n            /* Append null terminator */\n            password[passwordLen + recvResult / sizeof(char)] = '\\0';\n            /* Eliminate CRLF */\n            replace = strchr(password, '\\r');\n            if (replace)\n            {\n                *replace = '\\0';\n            }\n            replace = strchr(password, '\\n');\n            if (replace)\n            {\n                *replace = '\\0';\n            }\n        }\n        while (0);\n        if (listenSocket != INVALID_SOCKET)\n        {\n            closesocket(listenSocket);\n        }\n        if (acceptSocket != INVALID_SOCKET)\n        {\n            closesocket(acceptSocket);\n        }\n        if (wsaDataInit)\n        {\n            WSACleanup();\n        }\n    }\n    {\n        HANDLE pHandle;\n        char * username = \"User\";\n        char * domain = \"Domain\";\n        /* Use the password in LogonUser() to establish that it is \"sensitive\" */\n        /* POTENTIAL FLAW: Using sensitive information that was possibly sent in plaintext over the network */\n        if (LogonUserA(\n                    username,\n                    domain,\n                    password,\n                    LOGON32_LOGON_NETWORK,\n                    LOGON32_PROVIDER_DEFAULT,\n                    &pHandle) != 0)\n        {\n            printLine(\"User logged in successfully.\");\n            CloseHandle(pHandle);\n        }\n        else\n        {\n            printLine(\"Unable to login.\");\n        }\n    }\n}",
        "question": "How does modifying the control structure `if (LogonUserA(username,domain,password,LOGON32_LOGON_NETWORK,LOGON32_PROVIDER_DEFAULT,&pHandle) != 0)` affect the behavior or output of `bind`?",
        "choices": {
            "A": "The modification of `if (LogonUserA(username,domain,password,LOGON32_LOGON_NETWORK,LOGON32_PROVIDER_DEFAULT,&pHandle) != 0)` directly impacts the execution of `bind` because its entire operation is controlled by `if (LogonUserA(username,domain,password,LOGON32_LOGON_NETWORK,LOGON32_PROVIDER_DEFAULT,&pHandle) != 0)` and located within `if (LogonUserA(username,domain,password,LOGON32_LOGON_NETWORK,LOGON32_PROVIDER_DEFAULT,&pHandle) != 0)`.",
            "B": "Modifying `if (LogonUserA(username,domain,password,LOGON32_LOGON_NETWORK,LOGON32_PROVIDER_DEFAULT,&pHandle) != 0)` has no impact on the behavior or output of `bind`.",
            "C": "The change of if (LogonUserA(username,domain,password,LOGON32_LOGON_NETWORK,LOGON32_PROVIDER_DEFAULT,&pHandle) != 0) indirectly affects the execution of `bind`, as the modifications in `if (LogonUserA(username,domain,password,LOGON32_LOGON_NETWORK,LOGON32_PROVIDER_DEFAULT,&pHandle) != 0)` influence the arguments or conditions within `bind`.",
            "D": "It is not possible to determine the effect without additional context."
        },
        "answer": "B",
        "distance": 0
    },
    {
        "case_id": 2522,
        "code": "void CWE319_Cleartext_Tx_Sensitive_Info__w32_char_listen_socket_01_bad()\n{\n    char * password;\n    char passwordBuffer[100] = \"\";\n    password = passwordBuffer;\n    {\n        WSADATA wsaData;\n        int wsaDataInit = 0;\n        int recvResult;\n        struct sockaddr_in service;\n        char *replace;\n        SOCKET listenSocket = INVALID_SOCKET;\n        SOCKET acceptSocket = INVALID_SOCKET;\n        size_t passwordLen = strlen(password);\n        do\n        {\n            if (WSAStartup(MAKEWORD(2,2), &wsaData) != NO_ERROR)\n            {\n                break;\n            }\n            wsaDataInit = 1;\n            listenSocket = socket(AF_INET, SOCK_STREAM, IPPROTO_TCP);\n            if (listenSocket == INVALID_SOCKET)\n            {\n                break;\n            }\n            memset(&service, 0, sizeof(service));\n            service.sin_family = AF_INET;\n            service.sin_addr.s_addr = INADDR_ANY;\n            service.sin_port = htons(TCP_PORT);\n            if (bind(listenSocket, (struct sockaddr*)&service, sizeof(service)) == SOCKET_ERROR)\n            {\n                break;\n            }\n            if (listen(listenSocket, LISTEN_BACKLOG) == SOCKET_ERROR)\n            {\n                break;\n            }\n            acceptSocket = accept(listenSocket, NULL, NULL);\n            if (acceptSocket == SOCKET_ERROR)\n            {\n                break;\n            }\n            /* Abort on error or the connection was closed */\n            /* POTENTIAL FLAW: Reading sensitive data from the network */\n            recvResult = recv(acceptSocket, (char*)(password + passwordLen), (100 - passwordLen - 1) * sizeof(char), 0);\n            if (recvResult == SOCKET_ERROR || recvResult == 0)\n            {\n                break;\n            }\n            /* Append null terminator */\n            password[passwordLen + recvResult / sizeof(char)] = '\\0';\n            /* Eliminate CRLF */\n            replace = strchr(password, '\\r');\n            if (replace)\n            {\n                *replace = '\\0';\n            }\n            replace = strchr(password, '\\n');\n            if (replace)\n            {\n                *replace = '\\0';\n            }\n        }\n        while (0);\n        if (listenSocket != INVALID_SOCKET)\n        {\n            closesocket(listenSocket);\n        }\n        if (acceptSocket != INVALID_SOCKET)\n        {\n            closesocket(acceptSocket);\n        }\n        if (wsaDataInit)\n        {\n            WSACleanup();\n        }\n    }\n    {\n        HANDLE pHandle;\n        char * username = \"User\";\n        char * domain = \"Domain\";\n        /* Use the password in LogonUser() to establish that it is \"sensitive\" */\n        /* POTENTIAL FLAW: Using sensitive information that was possibly sent in plaintext over the network */\n        if (LogonUserA(\n                    username,\n                    domain,\n                    password,\n                    LOGON32_LOGON_NETWORK,\n                    LOGON32_PROVIDER_DEFAULT,\n                    &pHandle) != 0)\n        {\n            printLine(\"User logged in successfully.\");\n            CloseHandle(pHandle);\n        }\n        else\n        {\n            printLine(\"Unable to login.\");\n        }\n    }\n}",
        "question": "How does modifying the control structure `if (LogonUserA(username,domain,password,LOGON32_LOGON_NETWORK,LOGON32_PROVIDER_DEFAULT,&pHandle) != 0)` affect the behavior or output of `htons`?",
        "choices": {
            "A": "The modification of `if (LogonUserA(username,domain,password,LOGON32_LOGON_NETWORK,LOGON32_PROVIDER_DEFAULT,&pHandle) != 0)` directly impacts the execution of `htons` because its entire operation is controlled by `if (LogonUserA(username,domain,password,LOGON32_LOGON_NETWORK,LOGON32_PROVIDER_DEFAULT,&pHandle) != 0)` and located within `if (LogonUserA(username,domain,password,LOGON32_LOGON_NETWORK,LOGON32_PROVIDER_DEFAULT,&pHandle) != 0)`.",
            "B": "Modifying `if (LogonUserA(username,domain,password,LOGON32_LOGON_NETWORK,LOGON32_PROVIDER_DEFAULT,&pHandle) != 0)` has no impact on the behavior or output of `htons`.",
            "C": "The change of if (LogonUserA(username,domain,password,LOGON32_LOGON_NETWORK,LOGON32_PROVIDER_DEFAULT,&pHandle) != 0) indirectly affects the execution of `htons`, as the modifications in `if (LogonUserA(username,domain,password,LOGON32_LOGON_NETWORK,LOGON32_PROVIDER_DEFAULT,&pHandle) != 0)` influence the arguments or conditions within `htons`.",
            "D": "It is not possible to determine the effect without additional context."
        },
        "answer": "B",
        "distance": 0
    },
    {
        "case_id": 2522,
        "code": "void CWE319_Cleartext_Tx_Sensitive_Info__w32_char_listen_socket_01_bad()\n{\n    char * password;\n    char passwordBuffer[100] = \"\";\n    password = passwordBuffer;\n    {\n        WSADATA wsaData;\n        int wsaDataInit = 0;\n        int recvResult;\n        struct sockaddr_in service;\n        char *replace;\n        SOCKET listenSocket = INVALID_SOCKET;\n        SOCKET acceptSocket = INVALID_SOCKET;\n        size_t passwordLen = strlen(password);\n        do\n        {\n            if (WSAStartup(MAKEWORD(2,2), &wsaData) != NO_ERROR)\n            {\n                break;\n            }\n            wsaDataInit = 1;\n            listenSocket = socket(AF_INET, SOCK_STREAM, IPPROTO_TCP);\n            if (listenSocket == INVALID_SOCKET)\n            {\n                break;\n            }\n            memset(&service, 0, sizeof(service));\n            service.sin_family = AF_INET;\n            service.sin_addr.s_addr = INADDR_ANY;\n            service.sin_port = htons(TCP_PORT);\n            if (bind(listenSocket, (struct sockaddr*)&service, sizeof(service)) == SOCKET_ERROR)\n            {\n                break;\n            }\n            if (listen(listenSocket, LISTEN_BACKLOG) == SOCKET_ERROR)\n            {\n                break;\n            }\n            acceptSocket = accept(listenSocket, NULL, NULL);\n            if (acceptSocket == SOCKET_ERROR)\n            {\n                break;\n            }\n            /* Abort on error or the connection was closed */\n            /* POTENTIAL FLAW: Reading sensitive data from the network */\n            recvResult = recv(acceptSocket, (char*)(password + passwordLen), (100 - passwordLen - 1) * sizeof(char), 0);\n            if (recvResult == SOCKET_ERROR || recvResult == 0)\n            {\n                break;\n            }\n            /* Append null terminator */\n            password[passwordLen + recvResult / sizeof(char)] = '\\0';\n            /* Eliminate CRLF */\n            replace = strchr(password, '\\r');\n            if (replace)\n            {\n                *replace = '\\0';\n            }\n            replace = strchr(password, '\\n');\n            if (replace)\n            {\n                *replace = '\\0';\n            }\n        }\n        while (0);\n        if (listenSocket != INVALID_SOCKET)\n        {\n            closesocket(listenSocket);\n        }\n        if (acceptSocket != INVALID_SOCKET)\n        {\n            closesocket(acceptSocket);\n        }\n        if (wsaDataInit)\n        {\n            WSACleanup();\n        }\n    }\n    {\n        HANDLE pHandle;\n        char * username = \"User\";\n        char * domain = \"Domain\";\n        /* Use the password in LogonUser() to establish that it is \"sensitive\" */\n        /* POTENTIAL FLAW: Using sensitive information that was possibly sent in plaintext over the network */\n        if (LogonUserA(\n                    username,\n                    domain,\n                    password,\n                    LOGON32_LOGON_NETWORK,\n                    LOGON32_PROVIDER_DEFAULT,\n                    &pHandle) != 0)\n        {\n            printLine(\"User logged in successfully.\");\n            CloseHandle(pHandle);\n        }\n        else\n        {\n            printLine(\"Unable to login.\");\n        }\n    }\n}",
        "question": "How does modifying the control structure `if (listenSocket == INVALID_SOCKET)` affect the behavior or output of `memset`?",
        "choices": {
            "A": "The modification of `if (listenSocket == INVALID_SOCKET)` directly impacts the execution of `memset` because its entire operation is controlled by `if (listenSocket == INVALID_SOCKET)` and located within `if (listenSocket == INVALID_SOCKET)`.",
            "B": "Modifying `if (listenSocket == INVALID_SOCKET)` has no impact on the behavior or output of `memset`.",
            "C": "The change of if (listenSocket == INVALID_SOCKET) indirectly affects the execution of `memset`, as the modifications in `if (listenSocket == INVALID_SOCKET)` influence the arguments or conditions within `memset`.",
            "D": "It is not possible to determine the effect without additional context."
        },
        "answer": "C",
        "distance": 2
    },
    {
        "case_id": 2522,
        "code": "void CWE319_Cleartext_Tx_Sensitive_Info__w32_char_listen_socket_01_bad()\n{\n    char * password;\n    char passwordBuffer[100] = \"\";\n    password = passwordBuffer;\n    {\n        WSADATA wsaData;\n        int wsaDataInit = 0;\n        int recvResult;\n        struct sockaddr_in service;\n        char *replace;\n        SOCKET listenSocket = INVALID_SOCKET;\n        SOCKET acceptSocket = INVALID_SOCKET;\n        size_t passwordLen = strlen(password);\n        do\n        {\n            if (WSAStartup(MAKEWORD(2,2), &wsaData) != NO_ERROR)\n            {\n                break;\n            }\n            wsaDataInit = 1;\n            listenSocket = socket(AF_INET, SOCK_STREAM, IPPROTO_TCP);\n            if (listenSocket == INVALID_SOCKET)\n            {\n                break;\n            }\n            memset(&service, 0, sizeof(service));\n            service.sin_family = AF_INET;\n            service.sin_addr.s_addr = INADDR_ANY;\n            service.sin_port = htons(TCP_PORT);\n            if (bind(listenSocket, (struct sockaddr*)&service, sizeof(service)) == SOCKET_ERROR)\n            {\n                break;\n            }\n            if (listen(listenSocket, LISTEN_BACKLOG) == SOCKET_ERROR)\n            {\n                break;\n            }\n            acceptSocket = accept(listenSocket, NULL, NULL);\n            if (acceptSocket == SOCKET_ERROR)\n            {\n                break;\n            }\n            /* Abort on error or the connection was closed */\n            /* POTENTIAL FLAW: Reading sensitive data from the network */\n            recvResult = recv(acceptSocket, (char*)(password + passwordLen), (100 - passwordLen - 1) * sizeof(char), 0);\n            if (recvResult == SOCKET_ERROR || recvResult == 0)\n            {\n                break;\n            }\n            /* Append null terminator */\n            password[passwordLen + recvResult / sizeof(char)] = '\\0';\n            /* Eliminate CRLF */\n            replace = strchr(password, '\\r');\n            if (replace)\n            {\n                *replace = '\\0';\n            }\n            replace = strchr(password, '\\n');\n            if (replace)\n            {\n                *replace = '\\0';\n            }\n        }\n        while (0);\n        if (listenSocket != INVALID_SOCKET)\n        {\n            closesocket(listenSocket);\n        }\n        if (acceptSocket != INVALID_SOCKET)\n        {\n            closesocket(acceptSocket);\n        }\n        if (wsaDataInit)\n        {\n            WSACleanup();\n        }\n    }\n    {\n        HANDLE pHandle;\n        char * username = \"User\";\n        char * domain = \"Domain\";\n        /* Use the password in LogonUser() to establish that it is \"sensitive\" */\n        /* POTENTIAL FLAW: Using sensitive information that was possibly sent in plaintext over the network */\n        if (LogonUserA(\n                    username,\n                    domain,\n                    password,\n                    LOGON32_LOGON_NETWORK,\n                    LOGON32_PROVIDER_DEFAULT,\n                    &pHandle) != 0)\n        {\n            printLine(\"User logged in successfully.\");\n            CloseHandle(pHandle);\n        }\n        else\n        {\n            printLine(\"Unable to login.\");\n        }\n    }\n}",
        "question": "How does modifying the control structure `if (listenSocket == INVALID_SOCKET)` affect the behavior or output of `htons`?",
        "choices": {
            "A": "The modification of `if (listenSocket == INVALID_SOCKET)` directly impacts the execution of `htons` because its entire operation is controlled by `if (listenSocket == INVALID_SOCKET)` and located within `if (listenSocket == INVALID_SOCKET)`.",
            "B": "Modifying `if (listenSocket == INVALID_SOCKET)` has no impact on the behavior or output of `htons`.",
            "C": "The change of if (listenSocket == INVALID_SOCKET) indirectly affects the execution of `htons`, as the modifications in `if (listenSocket == INVALID_SOCKET)` influence the arguments or conditions within `htons`.",
            "D": "It is not possible to determine the effect without additional context."
        },
        "answer": "C",
        "distance": 2
    },
    {
        "case_id": 2522,
        "code": "void CWE319_Cleartext_Tx_Sensitive_Info__w32_char_listen_socket_01_bad()\n{\n    char * password;\n    char passwordBuffer[100] = \"\";\n    password = passwordBuffer;\n    {\n        WSADATA wsaData;\n        int wsaDataInit = 0;\n        int recvResult;\n        struct sockaddr_in service;\n        char *replace;\n        SOCKET listenSocket = INVALID_SOCKET;\n        SOCKET acceptSocket = INVALID_SOCKET;\n        size_t passwordLen = strlen(password);\n        do\n        {\n            if (WSAStartup(MAKEWORD(2,2), &wsaData) != NO_ERROR)\n            {\n                break;\n            }\n            wsaDataInit = 1;\n            listenSocket = socket(AF_INET, SOCK_STREAM, IPPROTO_TCP);\n            if (listenSocket == INVALID_SOCKET)\n            {\n                break;\n            }\n            memset(&service, 0, sizeof(service));\n            service.sin_family = AF_INET;\n            service.sin_addr.s_addr = INADDR_ANY;\n            service.sin_port = htons(TCP_PORT);\n            if (bind(listenSocket, (struct sockaddr*)&service, sizeof(service)) == SOCKET_ERROR)\n            {\n                break;\n            }\n            if (listen(listenSocket, LISTEN_BACKLOG) == SOCKET_ERROR)\n            {\n                break;\n            }\n            acceptSocket = accept(listenSocket, NULL, NULL);\n            if (acceptSocket == SOCKET_ERROR)\n            {\n                break;\n            }\n            /* Abort on error or the connection was closed */\n            /* POTENTIAL FLAW: Reading sensitive data from the network */\n            recvResult = recv(acceptSocket, (char*)(password + passwordLen), (100 - passwordLen - 1) * sizeof(char), 0);\n            if (recvResult == SOCKET_ERROR || recvResult == 0)\n            {\n                break;\n            }\n            /* Append null terminator */\n            password[passwordLen + recvResult / sizeof(char)] = '\\0';\n            /* Eliminate CRLF */\n            replace = strchr(password, '\\r');\n            if (replace)\n            {\n                *replace = '\\0';\n            }\n            replace = strchr(password, '\\n');\n            if (replace)\n            {\n                *replace = '\\0';\n            }\n        }\n        while (0);\n        if (listenSocket != INVALID_SOCKET)\n        {\n            closesocket(listenSocket);\n        }\n        if (acceptSocket != INVALID_SOCKET)\n        {\n            closesocket(acceptSocket);\n        }\n        if (wsaDataInit)\n        {\n            WSACleanup();\n        }\n    }\n    {\n        HANDLE pHandle;\n        char * username = \"User\";\n        char * domain = \"Domain\";\n        /* Use the password in LogonUser() to establish that it is \"sensitive\" */\n        /* POTENTIAL FLAW: Using sensitive information that was possibly sent in plaintext over the network */\n        if (LogonUserA(\n                    username,\n                    domain,\n                    password,\n                    LOGON32_LOGON_NETWORK,\n                    LOGON32_PROVIDER_DEFAULT,\n                    &pHandle) != 0)\n        {\n            printLine(\"User logged in successfully.\");\n            CloseHandle(pHandle);\n        }\n        else\n        {\n            printLine(\"Unable to login.\");\n        }\n    }\n}",
        "question": "How does modifying the control structure `if (acceptSocket == SOCKET_ERROR)` affect the behavior or output of `recv`?",
        "choices": {
            "A": "The modification of `if (acceptSocket == SOCKET_ERROR)` directly impacts the execution of `recv` because its entire operation is controlled by `if (acceptSocket == SOCKET_ERROR)` and located within `if (acceptSocket == SOCKET_ERROR)`.",
            "B": "Modifying `if (acceptSocket == SOCKET_ERROR)` has no impact on the behavior or output of `recv`.",
            "C": "The change of if (acceptSocket == SOCKET_ERROR) indirectly affects the execution of `recv`, as the modifications in `if (acceptSocket == SOCKET_ERROR)` influence the arguments or conditions within `recv`.",
            "D": "It is not possible to determine the effect without additional context."
        },
        "answer": "C",
        "distance": 2
    },
    {
        "case_id": 2522,
        "code": "void CWE319_Cleartext_Tx_Sensitive_Info__w32_char_listen_socket_01_bad()\n{\n    char * password;\n    char passwordBuffer[100] = \"\";\n    password = passwordBuffer;\n    {\n        WSADATA wsaData;\n        int wsaDataInit = 0;\n        int recvResult;\n        struct sockaddr_in service;\n        char *replace;\n        SOCKET listenSocket = INVALID_SOCKET;\n        SOCKET acceptSocket = INVALID_SOCKET;\n        size_t passwordLen = strlen(password);\n        do\n        {\n            if (WSAStartup(MAKEWORD(2,2), &wsaData) != NO_ERROR)\n            {\n                break;\n            }\n            wsaDataInit = 1;\n            listenSocket = socket(AF_INET, SOCK_STREAM, IPPROTO_TCP);\n            if (listenSocket == INVALID_SOCKET)\n            {\n                break;\n            }\n            memset(&service, 0, sizeof(service));\n            service.sin_family = AF_INET;\n            service.sin_addr.s_addr = INADDR_ANY;\n            service.sin_port = htons(TCP_PORT);\n            if (bind(listenSocket, (struct sockaddr*)&service, sizeof(service)) == SOCKET_ERROR)\n            {\n                break;\n            }\n            if (listen(listenSocket, LISTEN_BACKLOG) == SOCKET_ERROR)\n            {\n                break;\n            }\n            acceptSocket = accept(listenSocket, NULL, NULL);\n            if (acceptSocket == SOCKET_ERROR)\n            {\n                break;\n            }\n            /* Abort on error or the connection was closed */\n            /* POTENTIAL FLAW: Reading sensitive data from the network */\n            recvResult = recv(acceptSocket, (char*)(password + passwordLen), (100 - passwordLen - 1) * sizeof(char), 0);\n            if (recvResult == SOCKET_ERROR || recvResult == 0)\n            {\n                break;\n            }\n            /* Append null terminator */\n            password[passwordLen + recvResult / sizeof(char)] = '\\0';\n            /* Eliminate CRLF */\n            replace = strchr(password, '\\r');\n            if (replace)\n            {\n                *replace = '\\0';\n            }\n            replace = strchr(password, '\\n');\n            if (replace)\n            {\n                *replace = '\\0';\n            }\n        }\n        while (0);\n        if (listenSocket != INVALID_SOCKET)\n        {\n            closesocket(listenSocket);\n        }\n        if (acceptSocket != INVALID_SOCKET)\n        {\n            closesocket(acceptSocket);\n        }\n        if (wsaDataInit)\n        {\n            WSACleanup();\n        }\n    }\n    {\n        HANDLE pHandle;\n        char * username = \"User\";\n        char * domain = \"Domain\";\n        /* Use the password in LogonUser() to establish that it is \"sensitive\" */\n        /* POTENTIAL FLAW: Using sensitive information that was possibly sent in plaintext over the network */\n        if (LogonUserA(\n                    username,\n                    domain,\n                    password,\n                    LOGON32_LOGON_NETWORK,\n                    LOGON32_PROVIDER_DEFAULT,\n                    &pHandle) != 0)\n        {\n            printLine(\"User logged in successfully.\");\n            CloseHandle(pHandle);\n        }\n        else\n        {\n            printLine(\"Unable to login.\");\n        }\n    }\n}",
        "question": "How does modifying the control structure `if (listen(listenSocket, LISTEN_BACKLOG) == SOCKET_ERROR)` affect the behavior or output of `accept`?",
        "choices": {
            "A": "The modification of `if (listen(listenSocket, LISTEN_BACKLOG) == SOCKET_ERROR)` directly impacts the execution of `accept` because its entire operation is controlled by `if (listen(listenSocket, LISTEN_BACKLOG) == SOCKET_ERROR)` and located within `if (listen(listenSocket, LISTEN_BACKLOG) == SOCKET_ERROR)`.",
            "B": "Modifying `if (listen(listenSocket, LISTEN_BACKLOG) == SOCKET_ERROR)` has no impact on the behavior or output of `accept`.",
            "C": "The change of if (listen(listenSocket, LISTEN_BACKLOG) == SOCKET_ERROR) indirectly affects the execution of `accept`, as the modifications in `if (listen(listenSocket, LISTEN_BACKLOG) == SOCKET_ERROR)` influence the arguments or conditions within `accept`.",
            "D": "It is not possible to determine the effect without additional context."
        },
        "answer": "C",
        "distance": 2
    }
]