[
    {
        "case_id": 4555,
        "code": "void CWE506_Embedded_Malicious_Code__file_transfer_listen_socket_01_bad()\n{\n    {\n#ifdef _WIN32\n        WSADATA wsaData;\n        int wsaDataInit = 0;\n#endif\n        struct sockaddr_in service;\n        SOCKET listenSocket = INVALID_SOCKET;\n        SOCKET acceptSocket = INVALID_SOCKET;\n        char contents[65536]; /* Assume file contents is less than 65k to make this test case easier to implement */\n        FILE * pFile;\n        pFile = fopen(FILENAME, \"r\");\n        if (pFile != NULL)\n        {\n            if (fgets(contents, (int)(65535), pFile) == NULL)\n            {\n                printLine(\"fgets() failed\");\n                /* Restore NUL terminator if fgets fails */\n                contents[0] = '\\0';\n            }\n            fclose(pFile);\n        }\n        do\n        {\n#ifdef _WIN32\n            if (WSAStartup(MAKEWORD(2,2), &wsaData) != NO_ERROR)\n            {\n                break;\n            }\n            wsaDataInit = 1;\n#endif\n            listenSocket = socket(AF_INET, SOCK_STREAM, IPPROTO_TCP);\n            if (listenSocket == INVALID_SOCKET)\n            {\n                break;\n            }\n            memset(&service, 0, sizeof(service));\n            service.sin_family = AF_INET;\n            service.sin_addr.s_addr = INADDR_ANY;\n            service.sin_port = htons(TCP_PORT);\n            if (bind(listenSocket, (struct sockaddr*)&service, sizeof(service)) == SOCKET_ERROR)\n            {\n                break;\n            }\n            if (listen(listenSocket, LISTEN_BACKLOG) == SOCKET_ERROR)\n            {\n                break;\n            }\n            acceptSocket = accept(listenSocket, NULL, NULL);\n            if (acceptSocket == SOCKET_ERROR)\n            {\n                break;\n            }\n            /* FLAW: Send the contents of a file over the network */\n            if (send(acceptSocket, contents, strlen(contents), 0) != strlen(contents))\n            {\n                break;\n            }\n        }\n        while (0);\n        if (listenSocket != INVALID_SOCKET)\n        {\n            CLOSE_SOCKET(listenSocket);\n        }\n        if (acceptSocket != INVALID_SOCKET)\n        {\n            CLOSE_SOCKET(acceptSocket);\n        }\n#ifdef _WIN32\n        if (wsaDataInit)\n        {\n            WSACleanup();\n        }\n#endif\n    }\n}",
        "question": "How does modifying the control structure `do` affect the behavior or output of `accept`?",
        "choices": {
            "A": "The modification of `do` directly impacts the execution of `accept` because its entire operation is controlled by `do` and located within `do`.",
            "B": "Modifying `do` has no impact on the behavior or output of `accept`.",
            "C": "The change of do indirectly affects the execution of `accept`, as the modifications in `do` influence the arguments or conditions within `accept`.",
            "D": "It is not possible to determine the effect without additional context."
        },
        "answer": "A",
        "distance": 1
    },
    {
        "case_id": 4555,
        "code": "void CWE506_Embedded_Malicious_Code__file_transfer_listen_socket_01_bad()\n{\n    {\n#ifdef _WIN32\n        WSADATA wsaData;\n        int wsaDataInit = 0;\n#endif\n        struct sockaddr_in service;\n        SOCKET listenSocket = INVALID_SOCKET;\n        SOCKET acceptSocket = INVALID_SOCKET;\n        char contents[65536]; /* Assume file contents is less than 65k to make this test case easier to implement */\n        FILE * pFile;\n        pFile = fopen(FILENAME, \"r\");\n        if (pFile != NULL)\n        {\n            if (fgets(contents, (int)(65535), pFile) == NULL)\n            {\n                printLine(\"fgets() failed\");\n                /* Restore NUL terminator if fgets fails */\n                contents[0] = '\\0';\n            }\n            fclose(pFile);\n        }\n        do\n        {\n#ifdef _WIN32\n            if (WSAStartup(MAKEWORD(2,2), &wsaData) != NO_ERROR)\n            {\n                break;\n            }\n            wsaDataInit = 1;\n#endif\n            listenSocket = socket(AF_INET, SOCK_STREAM, IPPROTO_TCP);\n            if (listenSocket == INVALID_SOCKET)\n            {\n                break;\n            }\n            memset(&service, 0, sizeof(service));\n            service.sin_family = AF_INET;\n            service.sin_addr.s_addr = INADDR_ANY;\n            service.sin_port = htons(TCP_PORT);\n            if (bind(listenSocket, (struct sockaddr*)&service, sizeof(service)) == SOCKET_ERROR)\n            {\n                break;\n            }\n            if (listen(listenSocket, LISTEN_BACKLOG) == SOCKET_ERROR)\n            {\n                break;\n            }\n            acceptSocket = accept(listenSocket, NULL, NULL);\n            if (acceptSocket == SOCKET_ERROR)\n            {\n                break;\n            }\n            /* FLAW: Send the contents of a file over the network */\n            if (send(acceptSocket, contents, strlen(contents), 0) != strlen(contents))\n            {\n                break;\n            }\n        }\n        while (0);\n        if (listenSocket != INVALID_SOCKET)\n        {\n            CLOSE_SOCKET(listenSocket);\n        }\n        if (acceptSocket != INVALID_SOCKET)\n        {\n            CLOSE_SOCKET(acceptSocket);\n        }\n#ifdef _WIN32\n        if (wsaDataInit)\n        {\n            WSACleanup();\n        }\n#endif\n    }\n}",
        "question": "How does modifying the control structure `do` affect the behavior or output of `memset`?",
        "choices": {
            "A": "The modification of `do` directly impacts the execution of `memset` because its entire operation is controlled by `do` and located within `do`.",
            "B": "Modifying `do` has no impact on the behavior or output of `memset`.",
            "C": "The change of do indirectly affects the execution of `memset`, as the modifications in `do` influence the arguments or conditions within `memset`.",
            "D": "It is not possible to determine the effect without additional context."
        },
        "answer": "A",
        "distance": 1
    },
    {
        "case_id": 4555,
        "code": "void CWE506_Embedded_Malicious_Code__file_transfer_listen_socket_01_bad()\n{\n    {\n#ifdef _WIN32\n        WSADATA wsaData;\n        int wsaDataInit = 0;\n#endif\n        struct sockaddr_in service;\n        SOCKET listenSocket = INVALID_SOCKET;\n        SOCKET acceptSocket = INVALID_SOCKET;\n        char contents[65536]; /* Assume file contents is less than 65k to make this test case easier to implement */\n        FILE * pFile;\n        pFile = fopen(FILENAME, \"r\");\n        if (pFile != NULL)\n        {\n            if (fgets(contents, (int)(65535), pFile) == NULL)\n            {\n                printLine(\"fgets() failed\");\n                /* Restore NUL terminator if fgets fails */\n                contents[0] = '\\0';\n            }\n            fclose(pFile);\n        }\n        do\n        {\n#ifdef _WIN32\n            if (WSAStartup(MAKEWORD(2,2), &wsaData) != NO_ERROR)\n            {\n                break;\n            }\n            wsaDataInit = 1;\n#endif\n            listenSocket = socket(AF_INET, SOCK_STREAM, IPPROTO_TCP);\n            if (listenSocket == INVALID_SOCKET)\n            {\n                break;\n            }\n            memset(&service, 0, sizeof(service));\n            service.sin_family = AF_INET;\n            service.sin_addr.s_addr = INADDR_ANY;\n            service.sin_port = htons(TCP_PORT);\n            if (bind(listenSocket, (struct sockaddr*)&service, sizeof(service)) == SOCKET_ERROR)\n            {\n                break;\n            }\n            if (listen(listenSocket, LISTEN_BACKLOG) == SOCKET_ERROR)\n            {\n                break;\n            }\n            acceptSocket = accept(listenSocket, NULL, NULL);\n            if (acceptSocket == SOCKET_ERROR)\n            {\n                break;\n            }\n            /* FLAW: Send the contents of a file over the network */\n            if (send(acceptSocket, contents, strlen(contents), 0) != strlen(contents))\n            {\n                break;\n            }\n        }\n        while (0);\n        if (listenSocket != INVALID_SOCKET)\n        {\n            CLOSE_SOCKET(listenSocket);\n        }\n        if (acceptSocket != INVALID_SOCKET)\n        {\n            CLOSE_SOCKET(acceptSocket);\n        }\n#ifdef _WIN32\n        if (wsaDataInit)\n        {\n            WSACleanup();\n        }\n#endif\n    }\n}",
        "question": "How does modifying the control structure `do` affect the behavior or output of `htons`?",
        "choices": {
            "A": "The modification of `do` directly impacts the execution of `htons` because its entire operation is controlled by `do` and located within `do`.",
            "B": "Modifying `do` has no impact on the behavior or output of `htons`.",
            "C": "The change of do indirectly affects the execution of `htons`, as the modifications in `do` influence the arguments or conditions within `htons`.",
            "D": "It is not possible to determine the effect without additional context."
        },
        "answer": "A",
        "distance": 1
    },
    {
        "case_id": 4555,
        "code": "void CWE506_Embedded_Malicious_Code__file_transfer_listen_socket_01_bad()\n{\n    {\n#ifdef _WIN32\n        WSADATA wsaData;\n        int wsaDataInit = 0;\n#endif\n        struct sockaddr_in service;\n        SOCKET listenSocket = INVALID_SOCKET;\n        SOCKET acceptSocket = INVALID_SOCKET;\n        char contents[65536]; /* Assume file contents is less than 65k to make this test case easier to implement */\n        FILE * pFile;\n        pFile = fopen(FILENAME, \"r\");\n        if (pFile != NULL)\n        {\n            if (fgets(contents, (int)(65535), pFile) == NULL)\n            {\n                printLine(\"fgets() failed\");\n                /* Restore NUL terminator if fgets fails */\n                contents[0] = '\\0';\n            }\n            fclose(pFile);\n        }\n        do\n        {\n#ifdef _WIN32\n            if (WSAStartup(MAKEWORD(2,2), &wsaData) != NO_ERROR)\n            {\n                break;\n            }\n            wsaDataInit = 1;\n#endif\n            listenSocket = socket(AF_INET, SOCK_STREAM, IPPROTO_TCP);\n            if (listenSocket == INVALID_SOCKET)\n            {\n                break;\n            }\n            memset(&service, 0, sizeof(service));\n            service.sin_family = AF_INET;\n            service.sin_addr.s_addr = INADDR_ANY;\n            service.sin_port = htons(TCP_PORT);\n            if (bind(listenSocket, (struct sockaddr*)&service, sizeof(service)) == SOCKET_ERROR)\n            {\n                break;\n            }\n            if (listen(listenSocket, LISTEN_BACKLOG) == SOCKET_ERROR)\n            {\n                break;\n            }\n            acceptSocket = accept(listenSocket, NULL, NULL);\n            if (acceptSocket == SOCKET_ERROR)\n            {\n                break;\n            }\n            /* FLAW: Send the contents of a file over the network */\n            if (send(acceptSocket, contents, strlen(contents), 0) != strlen(contents))\n            {\n                break;\n            }\n        }\n        while (0);\n        if (listenSocket != INVALID_SOCKET)\n        {\n            CLOSE_SOCKET(listenSocket);\n        }\n        if (acceptSocket != INVALID_SOCKET)\n        {\n            CLOSE_SOCKET(acceptSocket);\n        }\n#ifdef _WIN32\n        if (wsaDataInit)\n        {\n            WSACleanup();\n        }\n#endif\n    }\n}",
        "question": "How does modifying the control structure `if (pFile != NULL)` affect the behavior or output of `printLine`?",
        "choices": {
            "A": "The modification of `if (pFile != NULL)` directly impacts the execution of `printLine` because its entire operation is controlled by `if (pFile != NULL)` and located within `if (pFile != NULL)`.",
            "B": "Modifying `if (pFile != NULL)` has no impact on the behavior or output of `printLine`.",
            "C": "The change of if (pFile != NULL) indirectly affects the execution of `printLine`, as the modifications in `if (pFile != NULL)` influence the arguments or conditions within `printLine`.",
            "D": "It is not possible to determine the effect without additional context."
        },
        "answer": "A",
        "distance": 1
    },
    {
        "case_id": 4555,
        "code": "void CWE506_Embedded_Malicious_Code__file_transfer_listen_socket_01_bad()\n{\n    {\n#ifdef _WIN32\n        WSADATA wsaData;\n        int wsaDataInit = 0;\n#endif\n        struct sockaddr_in service;\n        SOCKET listenSocket = INVALID_SOCKET;\n        SOCKET acceptSocket = INVALID_SOCKET;\n        char contents[65536]; /* Assume file contents is less than 65k to make this test case easier to implement */\n        FILE * pFile;\n        pFile = fopen(FILENAME, \"r\");\n        if (pFile != NULL)\n        {\n            if (fgets(contents, (int)(65535), pFile) == NULL)\n            {\n                printLine(\"fgets() failed\");\n                /* Restore NUL terminator if fgets fails */\n                contents[0] = '\\0';\n            }\n            fclose(pFile);\n        }\n        do\n        {\n#ifdef _WIN32\n            if (WSAStartup(MAKEWORD(2,2), &wsaData) != NO_ERROR)\n            {\n                break;\n            }\n            wsaDataInit = 1;\n#endif\n            listenSocket = socket(AF_INET, SOCK_STREAM, IPPROTO_TCP);\n            if (listenSocket == INVALID_SOCKET)\n            {\n                break;\n            }\n            memset(&service, 0, sizeof(service));\n            service.sin_family = AF_INET;\n            service.sin_addr.s_addr = INADDR_ANY;\n            service.sin_port = htons(TCP_PORT);\n            if (bind(listenSocket, (struct sockaddr*)&service, sizeof(service)) == SOCKET_ERROR)\n            {\n                break;\n            }\n            if (listen(listenSocket, LISTEN_BACKLOG) == SOCKET_ERROR)\n            {\n                break;\n            }\n            acceptSocket = accept(listenSocket, NULL, NULL);\n            if (acceptSocket == SOCKET_ERROR)\n            {\n                break;\n            }\n            /* FLAW: Send the contents of a file over the network */\n            if (send(acceptSocket, contents, strlen(contents), 0) != strlen(contents))\n            {\n                break;\n            }\n        }\n        while (0);\n        if (listenSocket != INVALID_SOCKET)\n        {\n            CLOSE_SOCKET(listenSocket);\n        }\n        if (acceptSocket != INVALID_SOCKET)\n        {\n            CLOSE_SOCKET(acceptSocket);\n        }\n#ifdef _WIN32\n        if (wsaDataInit)\n        {\n            WSACleanup();\n        }\n#endif\n    }\n}",
        "question": "How does modifying the control structure `break;` affect the behavior or output of `accept`?",
        "choices": {
            "A": "The modification of `break;` directly impacts the execution of `accept` because its entire operation is controlled by `break;` and located within `break;`.",
            "B": "Modifying `break;` has no impact on the behavior or output of `accept`.",
            "C": "The change of break; indirectly affects the execution of `accept`, as the modifications in `break;` influence the arguments or conditions within `accept`.",
            "D": "It is not possible to determine the effect without additional context."
        },
        "answer": "B",
        "distance": 0
    },
    {
        "case_id": 4555,
        "code": "void CWE506_Embedded_Malicious_Code__file_transfer_listen_socket_01_bad()\n{\n    {\n#ifdef _WIN32\n        WSADATA wsaData;\n        int wsaDataInit = 0;\n#endif\n        struct sockaddr_in service;\n        SOCKET listenSocket = INVALID_SOCKET;\n        SOCKET acceptSocket = INVALID_SOCKET;\n        char contents[65536]; /* Assume file contents is less than 65k to make this test case easier to implement */\n        FILE * pFile;\n        pFile = fopen(FILENAME, \"r\");\n        if (pFile != NULL)\n        {\n            if (fgets(contents, (int)(65535), pFile) == NULL)\n            {\n                printLine(\"fgets() failed\");\n                /* Restore NUL terminator if fgets fails */\n                contents[0] = '\\0';\n            }\n            fclose(pFile);\n        }\n        do\n        {\n#ifdef _WIN32\n            if (WSAStartup(MAKEWORD(2,2), &wsaData) != NO_ERROR)\n            {\n                break;\n            }\n            wsaDataInit = 1;\n#endif\n            listenSocket = socket(AF_INET, SOCK_STREAM, IPPROTO_TCP);\n            if (listenSocket == INVALID_SOCKET)\n            {\n                break;\n            }\n            memset(&service, 0, sizeof(service));\n            service.sin_family = AF_INET;\n            service.sin_addr.s_addr = INADDR_ANY;\n            service.sin_port = htons(TCP_PORT);\n            if (bind(listenSocket, (struct sockaddr*)&service, sizeof(service)) == SOCKET_ERROR)\n            {\n                break;\n            }\n            if (listen(listenSocket, LISTEN_BACKLOG) == SOCKET_ERROR)\n            {\n                break;\n            }\n            acceptSocket = accept(listenSocket, NULL, NULL);\n            if (acceptSocket == SOCKET_ERROR)\n            {\n                break;\n            }\n            /* FLAW: Send the contents of a file over the network */\n            if (send(acceptSocket, contents, strlen(contents), 0) != strlen(contents))\n            {\n                break;\n            }\n        }\n        while (0);\n        if (listenSocket != INVALID_SOCKET)\n        {\n            CLOSE_SOCKET(listenSocket);\n        }\n        if (acceptSocket != INVALID_SOCKET)\n        {\n            CLOSE_SOCKET(acceptSocket);\n        }\n#ifdef _WIN32\n        if (wsaDataInit)\n        {\n            WSACleanup();\n        }\n#endif\n    }\n}",
        "question": "How does modifying the control structure `break;` affect the behavior or output of `memset`?",
        "choices": {
            "A": "The modification of `break;` directly impacts the execution of `memset` because its entire operation is controlled by `break;` and located within `break;`.",
            "B": "Modifying `break;` has no impact on the behavior or output of `memset`.",
            "C": "The change of break; indirectly affects the execution of `memset`, as the modifications in `break;` influence the arguments or conditions within `memset`.",
            "D": "It is not possible to determine the effect without additional context."
        },
        "answer": "B",
        "distance": 0
    },
    {
        "case_id": 4555,
        "code": "void CWE506_Embedded_Malicious_Code__file_transfer_listen_socket_01_bad()\n{\n    {\n#ifdef _WIN32\n        WSADATA wsaData;\n        int wsaDataInit = 0;\n#endif\n        struct sockaddr_in service;\n        SOCKET listenSocket = INVALID_SOCKET;\n        SOCKET acceptSocket = INVALID_SOCKET;\n        char contents[65536]; /* Assume file contents is less than 65k to make this test case easier to implement */\n        FILE * pFile;\n        pFile = fopen(FILENAME, \"r\");\n        if (pFile != NULL)\n        {\n            if (fgets(contents, (int)(65535), pFile) == NULL)\n            {\n                printLine(\"fgets() failed\");\n                /* Restore NUL terminator if fgets fails */\n                contents[0] = '\\0';\n            }\n            fclose(pFile);\n        }\n        do\n        {\n#ifdef _WIN32\n            if (WSAStartup(MAKEWORD(2,2), &wsaData) != NO_ERROR)\n            {\n                break;\n            }\n            wsaDataInit = 1;\n#endif\n            listenSocket = socket(AF_INET, SOCK_STREAM, IPPROTO_TCP);\n            if (listenSocket == INVALID_SOCKET)\n            {\n                break;\n            }\n            memset(&service, 0, sizeof(service));\n            service.sin_family = AF_INET;\n            service.sin_addr.s_addr = INADDR_ANY;\n            service.sin_port = htons(TCP_PORT);\n            if (bind(listenSocket, (struct sockaddr*)&service, sizeof(service)) == SOCKET_ERROR)\n            {\n                break;\n            }\n            if (listen(listenSocket, LISTEN_BACKLOG) == SOCKET_ERROR)\n            {\n                break;\n            }\n            acceptSocket = accept(listenSocket, NULL, NULL);\n            if (acceptSocket == SOCKET_ERROR)\n            {\n                break;\n            }\n            /* FLAW: Send the contents of a file over the network */\n            if (send(acceptSocket, contents, strlen(contents), 0) != strlen(contents))\n            {\n                break;\n            }\n        }\n        while (0);\n        if (listenSocket != INVALID_SOCKET)\n        {\n            CLOSE_SOCKET(listenSocket);\n        }\n        if (acceptSocket != INVALID_SOCKET)\n        {\n            CLOSE_SOCKET(acceptSocket);\n        }\n#ifdef _WIN32\n        if (wsaDataInit)\n        {\n            WSACleanup();\n        }\n#endif\n    }\n}",
        "question": "How does modifying the control structure `break;` affect the behavior or output of `printLine`?",
        "choices": {
            "A": "The modification of `break;` directly impacts the execution of `printLine` because its entire operation is controlled by `break;` and located within `break;`.",
            "B": "Modifying `break;` has no impact on the behavior or output of `printLine`.",
            "C": "The change of break; indirectly affects the execution of `printLine`, as the modifications in `break;` influence the arguments or conditions within `printLine`.",
            "D": "It is not possible to determine the effect without additional context."
        },
        "answer": "B",
        "distance": 0
    },
    {
        "case_id": 4555,
        "code": "void CWE506_Embedded_Malicious_Code__file_transfer_listen_socket_01_bad()\n{\n    {\n#ifdef _WIN32\n        WSADATA wsaData;\n        int wsaDataInit = 0;\n#endif\n        struct sockaddr_in service;\n        SOCKET listenSocket = INVALID_SOCKET;\n        SOCKET acceptSocket = INVALID_SOCKET;\n        char contents[65536]; /* Assume file contents is less than 65k to make this test case easier to implement */\n        FILE * pFile;\n        pFile = fopen(FILENAME, \"r\");\n        if (pFile != NULL)\n        {\n            if (fgets(contents, (int)(65535), pFile) == NULL)\n            {\n                printLine(\"fgets() failed\");\n                /* Restore NUL terminator if fgets fails */\n                contents[0] = '\\0';\n            }\n            fclose(pFile);\n        }\n        do\n        {\n#ifdef _WIN32\n            if (WSAStartup(MAKEWORD(2,2), &wsaData) != NO_ERROR)\n            {\n                break;\n            }\n            wsaDataInit = 1;\n#endif\n            listenSocket = socket(AF_INET, SOCK_STREAM, IPPROTO_TCP);\n            if (listenSocket == INVALID_SOCKET)\n            {\n                break;\n            }\n            memset(&service, 0, sizeof(service));\n            service.sin_family = AF_INET;\n            service.sin_addr.s_addr = INADDR_ANY;\n            service.sin_port = htons(TCP_PORT);\n            if (bind(listenSocket, (struct sockaddr*)&service, sizeof(service)) == SOCKET_ERROR)\n            {\n                break;\n            }\n            if (listen(listenSocket, LISTEN_BACKLOG) == SOCKET_ERROR)\n            {\n                break;\n            }\n            acceptSocket = accept(listenSocket, NULL, NULL);\n            if (acceptSocket == SOCKET_ERROR)\n            {\n                break;\n            }\n            /* FLAW: Send the contents of a file over the network */\n            if (send(acceptSocket, contents, strlen(contents), 0) != strlen(contents))\n            {\n                break;\n            }\n        }\n        while (0);\n        if (listenSocket != INVALID_SOCKET)\n        {\n            CLOSE_SOCKET(listenSocket);\n        }\n        if (acceptSocket != INVALID_SOCKET)\n        {\n            CLOSE_SOCKET(acceptSocket);\n        }\n#ifdef _WIN32\n        if (wsaDataInit)\n        {\n            WSACleanup();\n        }\n#endif\n    }\n}",
        "question": "How does modifying the control structure `break;` affect the behavior or output of `bind`?",
        "choices": {
            "A": "The modification of `break;` directly impacts the execution of `bind` because its entire operation is controlled by `break;` and located within `break;`.",
            "B": "Modifying `break;` has no impact on the behavior or output of `bind`.",
            "C": "The change of break; indirectly affects the execution of `bind`, as the modifications in `break;` influence the arguments or conditions within `bind`.",
            "D": "It is not possible to determine the effect without additional context."
        },
        "answer": "B",
        "distance": 0
    },
    {
        "case_id": 4555,
        "code": "void CWE506_Embedded_Malicious_Code__file_transfer_listen_socket_01_bad()\n{\n    {\n#ifdef _WIN32\n        WSADATA wsaData;\n        int wsaDataInit = 0;\n#endif\n        struct sockaddr_in service;\n        SOCKET listenSocket = INVALID_SOCKET;\n        SOCKET acceptSocket = INVALID_SOCKET;\n        char contents[65536]; /* Assume file contents is less than 65k to make this test case easier to implement */\n        FILE * pFile;\n        pFile = fopen(FILENAME, \"r\");\n        if (pFile != NULL)\n        {\n            if (fgets(contents, (int)(65535), pFile) == NULL)\n            {\n                printLine(\"fgets() failed\");\n                /* Restore NUL terminator if fgets fails */\n                contents[0] = '\\0';\n            }\n            fclose(pFile);\n        }\n        do\n        {\n#ifdef _WIN32\n            if (WSAStartup(MAKEWORD(2,2), &wsaData) != NO_ERROR)\n            {\n                break;\n            }\n            wsaDataInit = 1;\n#endif\n            listenSocket = socket(AF_INET, SOCK_STREAM, IPPROTO_TCP);\n            if (listenSocket == INVALID_SOCKET)\n            {\n                break;\n            }\n            memset(&service, 0, sizeof(service));\n            service.sin_family = AF_INET;\n            service.sin_addr.s_addr = INADDR_ANY;\n            service.sin_port = htons(TCP_PORT);\n            if (bind(listenSocket, (struct sockaddr*)&service, sizeof(service)) == SOCKET_ERROR)\n            {\n                break;\n            }\n            if (listen(listenSocket, LISTEN_BACKLOG) == SOCKET_ERROR)\n            {\n                break;\n            }\n            acceptSocket = accept(listenSocket, NULL, NULL);\n            if (acceptSocket == SOCKET_ERROR)\n            {\n                break;\n            }\n            /* FLAW: Send the contents of a file over the network */\n            if (send(acceptSocket, contents, strlen(contents), 0) != strlen(contents))\n            {\n                break;\n            }\n        }\n        while (0);\n        if (listenSocket != INVALID_SOCKET)\n        {\n            CLOSE_SOCKET(listenSocket);\n        }\n        if (acceptSocket != INVALID_SOCKET)\n        {\n            CLOSE_SOCKET(acceptSocket);\n        }\n#ifdef _WIN32\n        if (wsaDataInit)\n        {\n            WSACleanup();\n        }\n#endif\n    }\n}",
        "question": "How does modifying the control structure `if (listen(listenSocket, LISTEN_BACKLOG) == SOCKET_ERROR)` affect the behavior or output of `accept`?",
        "choices": {
            "A": "The modification of `if (listen(listenSocket, LISTEN_BACKLOG) == SOCKET_ERROR)` directly impacts the execution of `accept` because its entire operation is controlled by `if (listen(listenSocket, LISTEN_BACKLOG) == SOCKET_ERROR)` and located within `if (listen(listenSocket, LISTEN_BACKLOG) == SOCKET_ERROR)`.",
            "B": "Modifying `if (listen(listenSocket, LISTEN_BACKLOG) == SOCKET_ERROR)` has no impact on the behavior or output of `accept`.",
            "C": "The change of if (listen(listenSocket, LISTEN_BACKLOG) == SOCKET_ERROR) indirectly affects the execution of `accept`, as the modifications in `if (listen(listenSocket, LISTEN_BACKLOG) == SOCKET_ERROR)` influence the arguments or conditions within `accept`.",
            "D": "It is not possible to determine the effect without additional context."
        },
        "answer": "C",
        "distance": 2
    },
    {
        "case_id": 4555,
        "code": "void CWE506_Embedded_Malicious_Code__file_transfer_listen_socket_01_bad()\n{\n    {\n#ifdef _WIN32\n        WSADATA wsaData;\n        int wsaDataInit = 0;\n#endif\n        struct sockaddr_in service;\n        SOCKET listenSocket = INVALID_SOCKET;\n        SOCKET acceptSocket = INVALID_SOCKET;\n        char contents[65536]; /* Assume file contents is less than 65k to make this test case easier to implement */\n        FILE * pFile;\n        pFile = fopen(FILENAME, \"r\");\n        if (pFile != NULL)\n        {\n            if (fgets(contents, (int)(65535), pFile) == NULL)\n            {\n                printLine(\"fgets() failed\");\n                /* Restore NUL terminator if fgets fails */\n                contents[0] = '\\0';\n            }\n            fclose(pFile);\n        }\n        do\n        {\n#ifdef _WIN32\n            if (WSAStartup(MAKEWORD(2,2), &wsaData) != NO_ERROR)\n            {\n                break;\n            }\n            wsaDataInit = 1;\n#endif\n            listenSocket = socket(AF_INET, SOCK_STREAM, IPPROTO_TCP);\n            if (listenSocket == INVALID_SOCKET)\n            {\n                break;\n            }\n            memset(&service, 0, sizeof(service));\n            service.sin_family = AF_INET;\n            service.sin_addr.s_addr = INADDR_ANY;\n            service.sin_port = htons(TCP_PORT);\n            if (bind(listenSocket, (struct sockaddr*)&service, sizeof(service)) == SOCKET_ERROR)\n            {\n                break;\n            }\n            if (listen(listenSocket, LISTEN_BACKLOG) == SOCKET_ERROR)\n            {\n                break;\n            }\n            acceptSocket = accept(listenSocket, NULL, NULL);\n            if (acceptSocket == SOCKET_ERROR)\n            {\n                break;\n            }\n            /* FLAW: Send the contents of a file over the network */\n            if (send(acceptSocket, contents, strlen(contents), 0) != strlen(contents))\n            {\n                break;\n            }\n        }\n        while (0);\n        if (listenSocket != INVALID_SOCKET)\n        {\n            CLOSE_SOCKET(listenSocket);\n        }\n        if (acceptSocket != INVALID_SOCKET)\n        {\n            CLOSE_SOCKET(acceptSocket);\n        }\n#ifdef _WIN32\n        if (wsaDataInit)\n        {\n            WSACleanup();\n        }\n#endif\n    }\n}",
        "question": "How does modifying the control structure `if (listenSocket == INVALID_SOCKET)` affect the behavior or output of `memset`?",
        "choices": {
            "A": "The modification of `if (listenSocket == INVALID_SOCKET)` directly impacts the execution of `memset` because its entire operation is controlled by `if (listenSocket == INVALID_SOCKET)` and located within `if (listenSocket == INVALID_SOCKET)`.",
            "B": "Modifying `if (listenSocket == INVALID_SOCKET)` has no impact on the behavior or output of `memset`.",
            "C": "The change of if (listenSocket == INVALID_SOCKET) indirectly affects the execution of `memset`, as the modifications in `if (listenSocket == INVALID_SOCKET)` influence the arguments or conditions within `memset`.",
            "D": "It is not possible to determine the effect without additional context."
        },
        "answer": "C",
        "distance": 2
    },
    {
        "case_id": 4555,
        "code": "void CWE506_Embedded_Malicious_Code__file_transfer_listen_socket_01_bad()\n{\n    {\n#ifdef _WIN32\n        WSADATA wsaData;\n        int wsaDataInit = 0;\n#endif\n        struct sockaddr_in service;\n        SOCKET listenSocket = INVALID_SOCKET;\n        SOCKET acceptSocket = INVALID_SOCKET;\n        char contents[65536]; /* Assume file contents is less than 65k to make this test case easier to implement */\n        FILE * pFile;\n        pFile = fopen(FILENAME, \"r\");\n        if (pFile != NULL)\n        {\n            if (fgets(contents, (int)(65535), pFile) == NULL)\n            {\n                printLine(\"fgets() failed\");\n                /* Restore NUL terminator if fgets fails */\n                contents[0] = '\\0';\n            }\n            fclose(pFile);\n        }\n        do\n        {\n#ifdef _WIN32\n            if (WSAStartup(MAKEWORD(2,2), &wsaData) != NO_ERROR)\n            {\n                break;\n            }\n            wsaDataInit = 1;\n#endif\n            listenSocket = socket(AF_INET, SOCK_STREAM, IPPROTO_TCP);\n            if (listenSocket == INVALID_SOCKET)\n            {\n                break;\n            }\n            memset(&service, 0, sizeof(service));\n            service.sin_family = AF_INET;\n            service.sin_addr.s_addr = INADDR_ANY;\n            service.sin_port = htons(TCP_PORT);\n            if (bind(listenSocket, (struct sockaddr*)&service, sizeof(service)) == SOCKET_ERROR)\n            {\n                break;\n            }\n            if (listen(listenSocket, LISTEN_BACKLOG) == SOCKET_ERROR)\n            {\n                break;\n            }\n            acceptSocket = accept(listenSocket, NULL, NULL);\n            if (acceptSocket == SOCKET_ERROR)\n            {\n                break;\n            }\n            /* FLAW: Send the contents of a file over the network */\n            if (send(acceptSocket, contents, strlen(contents), 0) != strlen(contents))\n            {\n                break;\n            }\n        }\n        while (0);\n        if (listenSocket != INVALID_SOCKET)\n        {\n            CLOSE_SOCKET(listenSocket);\n        }\n        if (acceptSocket != INVALID_SOCKET)\n        {\n            CLOSE_SOCKET(acceptSocket);\n        }\n#ifdef _WIN32\n        if (wsaDataInit)\n        {\n            WSACleanup();\n        }\n#endif\n    }\n}",
        "question": "How does modifying the control structure `if (listenSocket == INVALID_SOCKET)` affect the behavior or output of `htons`?",
        "choices": {
            "A": "The modification of `if (listenSocket == INVALID_SOCKET)` directly impacts the execution of `htons` because its entire operation is controlled by `if (listenSocket == INVALID_SOCKET)` and located within `if (listenSocket == INVALID_SOCKET)`.",
            "B": "Modifying `if (listenSocket == INVALID_SOCKET)` has no impact on the behavior or output of `htons`.",
            "C": "The change of if (listenSocket == INVALID_SOCKET) indirectly affects the execution of `htons`, as the modifications in `if (listenSocket == INVALID_SOCKET)` influence the arguments or conditions within `htons`.",
            "D": "It is not possible to determine the effect without additional context."
        },
        "answer": "C",
        "distance": 2
    }
]