[
    {
        "case_id": 3038,
        "code": "void CWE377_Insecure_Temporary_File__wchar_t_w32GetTempFileName_01_bad()\n{\n    {\n        wchar_t filename[MAX_PATH] = L\"\";\n        int fileDesc;\n        /* FLAW: Passing 0 in for uUnique tells GetTempFileName to create and then close the file,\n        * leading to an inescapable race condition when we try to open it again. */\n        if (GetTempFileNameW(L\".\", L\"bad\", 0, filename) == 0)\n        {\n            exit(1);\n        }\n        printWLine(filename);\n        /* FLAW: Open a temporary file using open() and flags that do not prevent a race condition */\n        fileDesc = OPEN(filename, O_RDWR|O_CREAT, S_IREAD|S_IWRITE);\n        if (fileDesc != -1)\n        {\n            printLine(\"Temporary file was opened...now closing file\");\n            CLOSE(fileDesc);\n        }\n    }\n}",
        "question": "How does modifying the control structure `if (fileDesc != -1)` affect the behavior or output of `CLOSE`?",
        "choices": {
            "A": "The modification of `if (fileDesc != -1)` directly impacts the execution of `CLOSE` because its entire operation is controlled by `if (fileDesc != -1)` and located within `if (fileDesc != -1)`.",
            "B": "Modifying `if (fileDesc != -1)` has no impact on the behavior or output of `CLOSE`.",
            "C": "The change of if (fileDesc != -1) indirectly affects the execution of `CLOSE`, as the modifications in `if (fileDesc != -1)` influence the arguments or conditions within `CLOSE`.",
            "D": "It is not possible to determine the effect without additional context."
        },
        "answer": "A",
        "distance": 1
    },
    {
        "case_id": 3038,
        "code": "void CWE377_Insecure_Temporary_File__wchar_t_w32GetTempFileName_01_bad()\n{\n    {\n        wchar_t filename[MAX_PATH] = L\"\";\n        int fileDesc;\n        /* FLAW: Passing 0 in for uUnique tells GetTempFileName to create and then close the file,\n        * leading to an inescapable race condition when we try to open it again. */\n        if (GetTempFileNameW(L\".\", L\"bad\", 0, filename) == 0)\n        {\n            exit(1);\n        }\n        printWLine(filename);\n        /* FLAW: Open a temporary file using open() and flags that do not prevent a race condition */\n        fileDesc = OPEN(filename, O_RDWR|O_CREAT, S_IREAD|S_IWRITE);\n        if (fileDesc != -1)\n        {\n            printLine(\"Temporary file was opened...now closing file\");\n            CLOSE(fileDesc);\n        }\n    }\n}",
        "question": "How does modifying the control structure `if (fileDesc != -1)` affect the behavior or output of `printLine`?",
        "choices": {
            "A": "The modification of `if (fileDesc != -1)` directly impacts the execution of `printLine` because its entire operation is controlled by `if (fileDesc != -1)` and located within `if (fileDesc != -1)`.",
            "B": "Modifying `if (fileDesc != -1)` has no impact on the behavior or output of `printLine`.",
            "C": "The change of if (fileDesc != -1) indirectly affects the execution of `printLine`, as the modifications in `if (fileDesc != -1)` influence the arguments or conditions within `printLine`.",
            "D": "It is not possible to determine the effect without additional context."
        },
        "answer": "A",
        "distance": 1
    },
    {
        "case_id": 3038,
        "code": "void CWE377_Insecure_Temporary_File__wchar_t_w32GetTempFileName_01_bad()\n{\n    {\n        wchar_t filename[MAX_PATH] = L\"\";\n        int fileDesc;\n        /* FLAW: Passing 0 in for uUnique tells GetTempFileName to create and then close the file,\n        * leading to an inescapable race condition when we try to open it again. */\n        if (GetTempFileNameW(L\".\", L\"bad\", 0, filename) == 0)\n        {\n            exit(1);\n        }\n        printWLine(filename);\n        /* FLAW: Open a temporary file using open() and flags that do not prevent a race condition */\n        fileDesc = OPEN(filename, O_RDWR|O_CREAT, S_IREAD|S_IWRITE);\n        if (fileDesc != -1)\n        {\n            printLine(\"Temporary file was opened...now closing file\");\n            CLOSE(fileDesc);\n        }\n    }\n}",
        "question": "How does modifying the control structure `if (GetTempFileNameW(L\".\", L\"bad\", 0, filename) == 0)` affect the behavior or output of `exit`?",
        "choices": {
            "A": "The modification of `if (GetTempFileNameW(L\".\", L\"bad\", 0, filename) == 0)` directly impacts the execution of `exit` because its entire operation is controlled by `if (GetTempFileNameW(L\".\", L\"bad\", 0, filename) == 0)` and located within `if (GetTempFileNameW(L\".\", L\"bad\", 0, filename) == 0)`.",
            "B": "Modifying `if (GetTempFileNameW(L\".\", L\"bad\", 0, filename) == 0)` has no impact on the behavior or output of `exit`.",
            "C": "The change of if (GetTempFileNameW(L\".\", L\"bad\", 0, filename) == 0) indirectly affects the execution of `exit`, as the modifications in `if (GetTempFileNameW(L\".\", L\"bad\", 0, filename) == 0)` influence the arguments or conditions within `exit`.",
            "D": "It is not possible to determine the effect without additional context."
        },
        "answer": "A",
        "distance": 1
    },
    {
        "case_id": 3038,
        "code": "void CWE377_Insecure_Temporary_File__wchar_t_w32GetTempFileName_01_bad()\n{\n    {\n        wchar_t filename[MAX_PATH] = L\"\";\n        int fileDesc;\n        /* FLAW: Passing 0 in for uUnique tells GetTempFileName to create and then close the file,\n        * leading to an inescapable race condition when we try to open it again. */\n        if (GetTempFileNameW(L\".\", L\"bad\", 0, filename) == 0)\n        {\n            exit(1);\n        }\n        printWLine(filename);\n        /* FLAW: Open a temporary file using open() and flags that do not prevent a race condition */\n        fileDesc = OPEN(filename, O_RDWR|O_CREAT, S_IREAD|S_IWRITE);\n        if (fileDesc != -1)\n        {\n            printLine(\"Temporary file was opened...now closing file\");\n            CLOSE(fileDesc);\n        }\n    }\n}",
        "question": "How does modifying the control structure `if (fileDesc != -1)` affect the behavior or output of `exit`?",
        "choices": {
            "A": "The modification of `if (fileDesc != -1)` directly impacts the execution of `exit` because its entire operation is controlled by `if (fileDesc != -1)` and located within `if (fileDesc != -1)`.",
            "B": "Modifying `if (fileDesc != -1)` has no impact on the behavior or output of `exit`.",
            "C": "The change of if (fileDesc != -1) indirectly affects the execution of `exit`, as the modifications in `if (fileDesc != -1)` influence the arguments or conditions within `exit`.",
            "D": "It is not possible to determine the effect without additional context."
        },
        "answer": "B",
        "distance": 0
    },
    {
        "case_id": 3038,
        "code": "void CWE377_Insecure_Temporary_File__wchar_t_w32GetTempFileName_01_bad()\n{\n    {\n        wchar_t filename[MAX_PATH] = L\"\";\n        int fileDesc;\n        /* FLAW: Passing 0 in for uUnique tells GetTempFileName to create and then close the file,\n        * leading to an inescapable race condition when we try to open it again. */\n        if (GetTempFileNameW(L\".\", L\"bad\", 0, filename) == 0)\n        {\n            exit(1);\n        }\n        printWLine(filename);\n        /* FLAW: Open a temporary file using open() and flags that do not prevent a race condition */\n        fileDesc = OPEN(filename, O_RDWR|O_CREAT, S_IREAD|S_IWRITE);\n        if (fileDesc != -1)\n        {\n            printLine(\"Temporary file was opened...now closing file\");\n            CLOSE(fileDesc);\n        }\n    }\n}",
        "question": "How does modifying the control structure `if (fileDesc != -1)` affect the behavior or output of `OPEN`?",
        "choices": {
            "A": "The modification of `if (fileDesc != -1)` directly impacts the execution of `OPEN` because its entire operation is controlled by `if (fileDesc != -1)` and located within `if (fileDesc != -1)`.",
            "B": "Modifying `if (fileDesc != -1)` has no impact on the behavior or output of `OPEN`.",
            "C": "The change of if (fileDesc != -1) indirectly affects the execution of `OPEN`, as the modifications in `if (fileDesc != -1)` influence the arguments or conditions within `OPEN`.",
            "D": "It is not possible to determine the effect without additional context."
        },
        "answer": "B",
        "distance": 0
    },
    {
        "case_id": 3038,
        "code": "void CWE377_Insecure_Temporary_File__wchar_t_w32GetTempFileName_01_bad()\n{\n    {\n        wchar_t filename[MAX_PATH] = L\"\";\n        int fileDesc;\n        /* FLAW: Passing 0 in for uUnique tells GetTempFileName to create and then close the file,\n        * leading to an inescapable race condition when we try to open it again. */\n        if (GetTempFileNameW(L\".\", L\"bad\", 0, filename) == 0)\n        {\n            exit(1);\n        }\n        printWLine(filename);\n        /* FLAW: Open a temporary file using open() and flags that do not prevent a race condition */\n        fileDesc = OPEN(filename, O_RDWR|O_CREAT, S_IREAD|S_IWRITE);\n        if (fileDesc != -1)\n        {\n            printLine(\"Temporary file was opened...now closing file\");\n            CLOSE(fileDesc);\n        }\n    }\n}",
        "question": "How does modifying the control structure `if (fileDesc != -1)` affect the behavior or output of `printWLine`?",
        "choices": {
            "A": "The modification of `if (fileDesc != -1)` directly impacts the execution of `printWLine` because its entire operation is controlled by `if (fileDesc != -1)` and located within `if (fileDesc != -1)`.",
            "B": "Modifying `if (fileDesc != -1)` has no impact on the behavior or output of `printWLine`.",
            "C": "The change of if (fileDesc != -1) indirectly affects the execution of `printWLine`, as the modifications in `if (fileDesc != -1)` influence the arguments or conditions within `printWLine`.",
            "D": "It is not possible to determine the effect without additional context."
        },
        "answer": "B",
        "distance": 0
    },
    {
        "case_id": 3038,
        "code": "void CWE377_Insecure_Temporary_File__wchar_t_w32GetTempFileName_01_bad()\n{\n    {\n        wchar_t filename[MAX_PATH] = L\"\";\n        int fileDesc;\n        /* FLAW: Passing 0 in for uUnique tells GetTempFileName to create and then close the file,\n        * leading to an inescapable race condition when we try to open it again. */\n        if (GetTempFileNameW(L\".\", L\"bad\", 0, filename) == 0)\n        {\n            exit(1);\n        }\n        printWLine(filename);\n        /* FLAW: Open a temporary file using open() and flags that do not prevent a race condition */\n        fileDesc = OPEN(filename, O_RDWR|O_CREAT, S_IREAD|S_IWRITE);\n        if (fileDesc != -1)\n        {\n            printLine(\"Temporary file was opened...now closing file\");\n            CLOSE(fileDesc);\n        }\n    }\n}",
        "question": "How does modifying the control structure `if (GetTempFileNameW(L\".\", L\"bad\", 0, filename) == 0)` affect the behavior or output of `OPEN`?",
        "choices": {
            "A": "The modification of `if (GetTempFileNameW(L\".\", L\"bad\", 0, filename) == 0)` directly impacts the execution of `OPEN` because its entire operation is controlled by `if (GetTempFileNameW(L\".\", L\"bad\", 0, filename) == 0)` and located within `if (GetTempFileNameW(L\".\", L\"bad\", 0, filename) == 0)`.",
            "B": "Modifying `if (GetTempFileNameW(L\".\", L\"bad\", 0, filename) == 0)` has no impact on the behavior or output of `OPEN`.",
            "C": "The change of if (GetTempFileNameW(L\".\", L\"bad\", 0, filename) == 0) indirectly affects the execution of `OPEN`, as the modifications in `if (GetTempFileNameW(L\".\", L\"bad\", 0, filename) == 0)` influence the arguments or conditions within `OPEN`.",
            "D": "It is not possible to determine the effect without additional context."
        },
        "answer": "B",
        "distance": 0
    }
]