[
    {
        "case_id": 2868,
        "code": "void CWE366_Race_Condition_Within_Thread__int_byref_01_bad()\n{\n    {\n        stdThread threadA = NULL;\n        stdThread threadB = NULL;\n        int valBadSink;\n        valBadSink = 0;\n        if (!stdThreadCreate(helperBad, (void*)&valBadSink, &threadA))\n        {\n            threadA = NULL;\n        }\n        if (!stdThreadCreate(helperBad, (void*)&valBadSink, &threadB))\n        {\n            threadB = NULL;\n        }\n        if (threadA && stdThreadJoin(threadA))\n        {\n            stdThreadDestroy(threadA);\n        }\n        if (threadB && stdThreadJoin(threadB))\n        {\n            stdThreadDestroy(threadB);\n        }\n        printIntLine(valBadSink);\n    }\n}",
        "question": "How does modifying the control structure `if (threadB && stdThreadJoin(threadB))` affect the behavior or output of `printIntLine`?",
        "choices": {
            "A": "The modification of `if (threadB && stdThreadJoin(threadB))` directly impacts the execution of `printIntLine` because its entire operation is controlled by `if (threadB && stdThreadJoin(threadB))` and located within `if (threadB && stdThreadJoin(threadB))`.",
            "B": "Modifying `if (threadB && stdThreadJoin(threadB))` has no impact on the behavior or output of `printIntLine`.",
            "C": "The change of if (threadB && stdThreadJoin(threadB)) indirectly affects the execution of `printIntLine`, as the modifications in `if (threadB && stdThreadJoin(threadB))` influence the arguments or conditions within `printIntLine`.",
            "D": "It is not possible to determine the effect without additional context."
        },
        "answer": "B",
        "distance": 0
    },
    {
        "case_id": 2868,
        "code": "void CWE366_Race_Condition_Within_Thread__int_byref_01_bad()\n{\n    {\n        stdThread threadA = NULL;\n        stdThread threadB = NULL;\n        int valBadSink;\n        valBadSink = 0;\n        if (!stdThreadCreate(helperBad, (void*)&valBadSink, &threadA))\n        {\n            threadA = NULL;\n        }\n        if (!stdThreadCreate(helperBad, (void*)&valBadSink, &threadB))\n        {\n            threadB = NULL;\n        }\n        if (threadA && stdThreadJoin(threadA))\n        {\n            stdThreadDestroy(threadA);\n        }\n        if (threadB && stdThreadJoin(threadB))\n        {\n            stdThreadDestroy(threadB);\n        }\n        printIntLine(valBadSink);\n    }\n}",
        "question": "How does modifying the control structure `if (threadA && stdThreadJoin(threadA))` affect the behavior or output of `printIntLine`?",
        "choices": {
            "A": "The modification of `if (threadA && stdThreadJoin(threadA))` directly impacts the execution of `printIntLine` because its entire operation is controlled by `if (threadA && stdThreadJoin(threadA))` and located within `if (threadA && stdThreadJoin(threadA))`.",
            "B": "Modifying `if (threadA && stdThreadJoin(threadA))` has no impact on the behavior or output of `printIntLine`.",
            "C": "The change of if (threadA && stdThreadJoin(threadA)) indirectly affects the execution of `printIntLine`, as the modifications in `if (threadA && stdThreadJoin(threadA))` influence the arguments or conditions within `printIntLine`.",
            "D": "It is not possible to determine the effect without additional context."
        },
        "answer": "B",
        "distance": 0
    },
    {
        "case_id": 2868,
        "code": "void CWE366_Race_Condition_Within_Thread__int_byref_01_bad()\n{\n    {\n        stdThread threadA = NULL;\n        stdThread threadB = NULL;\n        int valBadSink;\n        valBadSink = 0;\n        if (!stdThreadCreate(helperBad, (void*)&valBadSink, &threadA))\n        {\n            threadA = NULL;\n        }\n        if (!stdThreadCreate(helperBad, (void*)&valBadSink, &threadB))\n        {\n            threadB = NULL;\n        }\n        if (threadA && stdThreadJoin(threadA))\n        {\n            stdThreadDestroy(threadA);\n        }\n        if (threadB && stdThreadJoin(threadB))\n        {\n            stdThreadDestroy(threadB);\n        }\n        printIntLine(valBadSink);\n    }\n}",
        "question": "How does modifying the control structure `if (!stdThreadCreate(helperBad, (void*)&valBadSink, &threadB))` affect the behavior or output of `printIntLine`?",
        "choices": {
            "A": "The modification of `if (!stdThreadCreate(helperBad, (void*)&valBadSink, &threadB))` directly impacts the execution of `printIntLine` because its entire operation is controlled by `if (!stdThreadCreate(helperBad, (void*)&valBadSink, &threadB))` and located within `if (!stdThreadCreate(helperBad, (void*)&valBadSink, &threadB))`.",
            "B": "Modifying `if (!stdThreadCreate(helperBad, (void*)&valBadSink, &threadB))` has no impact on the behavior or output of `printIntLine`.",
            "C": "The change of if (!stdThreadCreate(helperBad, (void*)&valBadSink, &threadB)) indirectly affects the execution of `printIntLine`, as the modifications in `if (!stdThreadCreate(helperBad, (void*)&valBadSink, &threadB))` influence the arguments or conditions within `printIntLine`.",
            "D": "It is not possible to determine the effect without additional context."
        },
        "answer": "B",
        "distance": 0
    },
    {
        "case_id": 2868,
        "code": "void CWE366_Race_Condition_Within_Thread__int_byref_01_bad()\n{\n    {\n        stdThread threadA = NULL;\n        stdThread threadB = NULL;\n        int valBadSink;\n        valBadSink = 0;\n        if (!stdThreadCreate(helperBad, (void*)&valBadSink, &threadA))\n        {\n            threadA = NULL;\n        }\n        if (!stdThreadCreate(helperBad, (void*)&valBadSink, &threadB))\n        {\n            threadB = NULL;\n        }\n        if (threadA && stdThreadJoin(threadA))\n        {\n            stdThreadDestroy(threadA);\n        }\n        if (threadB && stdThreadJoin(threadB))\n        {\n            stdThreadDestroy(threadB);\n        }\n        printIntLine(valBadSink);\n    }\n}",
        "question": "How does modifying the control structure `if (!stdThreadCreate(helperBad, (void*)&valBadSink, &threadA))` affect the behavior or output of `printIntLine`?",
        "choices": {
            "A": "The modification of `if (!stdThreadCreate(helperBad, (void*)&valBadSink, &threadA))` directly impacts the execution of `printIntLine` because its entire operation is controlled by `if (!stdThreadCreate(helperBad, (void*)&valBadSink, &threadA))` and located within `if (!stdThreadCreate(helperBad, (void*)&valBadSink, &threadA))`.",
            "B": "Modifying `if (!stdThreadCreate(helperBad, (void*)&valBadSink, &threadA))` has no impact on the behavior or output of `printIntLine`.",
            "C": "The change of if (!stdThreadCreate(helperBad, (void*)&valBadSink, &threadA)) indirectly affects the execution of `printIntLine`, as the modifications in `if (!stdThreadCreate(helperBad, (void*)&valBadSink, &threadA))` influence the arguments or conditions within `printIntLine`.",
            "D": "It is not possible to determine the effect without additional context."
        },
        "answer": "B",
        "distance": 0
    }
]