[
    {
        "case_id": 1836,
        "code": "void CWE253_Incorrect_Check_of_Function_Return_Value__wchar_t_snprintf_01_bad()\n{\n    {\n        /* By initializing dataBuffer, we ensure this will not be the\n         * CWE 690 (Unchecked Return Value To NULL Pointer) flaw for fgetws() and other variants */\n        wchar_t dataBuffer[100] = L\"\";\n        wchar_t * data = dataBuffer;\n        /* FLAW: swprintf() might fail, in which case the return value will be negative, but\n         * we are checking to see if the return value is 0 */\n        if (SNPRINTF(data,100-wcslen(SRC_STRING)-1, L\"%s\\n\", SRC_STRING) == 0)\n        {\n            printLine(\"snprintf failed!\");\n        }\n    }\n}",
        "question": "How does modifying the control structure `if (SNPRINTF(data,100-wcslen(SRC_STRING)-1, L\"%s\\n\", SRC_STRING) == 0)` affect the behavior or output of `printLine`?",
        "choices": {
            "A": "The modification of `if (SNPRINTF(data,100-wcslen(SRC_STRING)-1, L\"%s\\n\", SRC_STRING) == 0)` directly impacts the execution of `printLine` because its entire operation is controlled by `if (SNPRINTF(data,100-wcslen(SRC_STRING)-1, L\"%s\\n\", SRC_STRING) == 0)` and located within `if (SNPRINTF(data,100-wcslen(SRC_STRING)-1, L\"%s\\n\", SRC_STRING) == 0)`.",
            "B": "Modifying `if (SNPRINTF(data,100-wcslen(SRC_STRING)-1, L\"%s\\n\", SRC_STRING) == 0)` has no impact on the behavior or output of `printLine`.",
            "C": "The change of if (SNPRINTF(data,100-wcslen(SRC_STRING)-1, L\"%s\\n\", SRC_STRING) == 0) indirectly affects the execution of `printLine`, as the modifications in `if (SNPRINTF(data,100-wcslen(SRC_STRING)-1, L\"%s\\n\", SRC_STRING) == 0)` influence the arguments or conditions within `printLine`.",
            "D": "It is not possible to determine the effect without additional context."
        },
        "answer": "A",
        "distance": 1
    }
]