[
    {
        "case_id": 5555,
        "code": "void CWE606_Unchecked_Loop_Condition__wchar_t_console_01_bad()\n{\n    wchar_t * data;\n    wchar_t dataBuffer[100] = L\"\";\n    data = dataBuffer;\n    {\n        /* Read input from the console */\n        size_t dataLen = wcslen(data);\n        /* if there is room in data, read into it from the console */\n        if (100-dataLen > 1)\n        {\n            /* POTENTIAL FLAW: Read data from the console */\n            if (fgetws(data+dataLen, (int)(100-dataLen), stdin) != NULL)\n            {\n                /* The next few lines remove the carriage return from the string that is\n                 * inserted by fgetws() */\n                dataLen = wcslen(data);\n                if (dataLen > 0 && data[dataLen-1] == L'\\n')\n                {\n                    data[dataLen-1] = L'\\0';\n                }\n            }\n            else\n            {\n                printLine(\"fgetws() failed\");\n                /* Restore NUL terminator if fgetws fails */\n                data[dataLen] = L'\\0';\n            }\n        }\n    }\n    {\n        int i, n, intVariable;\n        if (swscanf(data, L\"%d\", &n) == 1)\n        {\n            /* POTENTIAL FLAW: user-supplied value 'n' could lead to very large loop iteration */\n            intVariable = 0;\n            for (i = 0; i < n; i++)\n            {\n                /* INCIDENTAL: CWE 561: Dead Code - non-avoidable if n <= 0 */\n                intVariable++; /* avoid a dead/empty code block issue */\n            }\n            printIntLine(intVariable);\n        }\n    }\n}",
        "question": "How does modifying the control structure `if (100-dataLen > 1)` affect the behavior or output of `printLine`?",
        "choices": {
            "A": "The modification of `if (100-dataLen > 1)` directly impacts the execution of `printLine` because its entire operation is controlled by `if (100-dataLen > 1)` and located within `if (100-dataLen > 1)`.",
            "B": "Modifying `if (100-dataLen > 1)` has no impact on the behavior or output of `printLine`.",
            "C": "The change of if (100-dataLen > 1) indirectly affects the execution of `printLine`, as the modifications in `if (100-dataLen > 1)` influence the arguments or conditions within `printLine`.",
            "D": "It is not possible to determine the effect without additional context."
        },
        "answer": "A",
        "distance": 1
    },
    {
        "case_id": 5555,
        "code": "void CWE606_Unchecked_Loop_Condition__wchar_t_console_01_bad()\n{\n    wchar_t * data;\n    wchar_t dataBuffer[100] = L\"\";\n    data = dataBuffer;\n    {\n        /* Read input from the console */\n        size_t dataLen = wcslen(data);\n        /* if there is room in data, read into it from the console */\n        if (100-dataLen > 1)\n        {\n            /* POTENTIAL FLAW: Read data from the console */\n            if (fgetws(data+dataLen, (int)(100-dataLen), stdin) != NULL)\n            {\n                /* The next few lines remove the carriage return from the string that is\n                 * inserted by fgetws() */\n                dataLen = wcslen(data);\n                if (dataLen > 0 && data[dataLen-1] == L'\\n')\n                {\n                    data[dataLen-1] = L'\\0';\n                }\n            }\n            else\n            {\n                printLine(\"fgetws() failed\");\n                /* Restore NUL terminator if fgetws fails */\n                data[dataLen] = L'\\0';\n            }\n        }\n    }\n    {\n        int i, n, intVariable;\n        if (swscanf(data, L\"%d\", &n) == 1)\n        {\n            /* POTENTIAL FLAW: user-supplied value 'n' could lead to very large loop iteration */\n            intVariable = 0;\n            for (i = 0; i < n; i++)\n            {\n                /* INCIDENTAL: CWE 561: Dead Code - non-avoidable if n <= 0 */\n                intVariable++; /* avoid a dead/empty code block issue */\n            }\n            printIntLine(intVariable);\n        }\n    }\n}",
        "question": "How does modifying the control structure `if (swscanf(data, L\"%d\", &n) == 1)` affect the behavior or output of `printIntLine`?",
        "choices": {
            "A": "The modification of `if (swscanf(data, L\"%d\", &n) == 1)` directly impacts the execution of `printIntLine` because its entire operation is controlled by `if (swscanf(data, L\"%d\", &n) == 1)` and located within `if (swscanf(data, L\"%d\", &n) == 1)`.",
            "B": "Modifying `if (swscanf(data, L\"%d\", &n) == 1)` has no impact on the behavior or output of `printIntLine`.",
            "C": "The change of if (swscanf(data, L\"%d\", &n) == 1) indirectly affects the execution of `printIntLine`, as the modifications in `if (swscanf(data, L\"%d\", &n) == 1)` influence the arguments or conditions within `printIntLine`.",
            "D": "It is not possible to determine the effect without additional context."
        },
        "answer": "A",
        "distance": 1
    },
    {
        "case_id": 5555,
        "code": "void CWE606_Unchecked_Loop_Condition__wchar_t_console_01_bad()\n{\n    wchar_t * data;\n    wchar_t dataBuffer[100] = L\"\";\n    data = dataBuffer;\n    {\n        /* Read input from the console */\n        size_t dataLen = wcslen(data);\n        /* if there is room in data, read into it from the console */\n        if (100-dataLen > 1)\n        {\n            /* POTENTIAL FLAW: Read data from the console */\n            if (fgetws(data+dataLen, (int)(100-dataLen), stdin) != NULL)\n            {\n                /* The next few lines remove the carriage return from the string that is\n                 * inserted by fgetws() */\n                dataLen = wcslen(data);\n                if (dataLen > 0 && data[dataLen-1] == L'\\n')\n                {\n                    data[dataLen-1] = L'\\0';\n                }\n            }\n            else\n            {\n                printLine(\"fgetws() failed\");\n                /* Restore NUL terminator if fgetws fails */\n                data[dataLen] = L'\\0';\n            }\n        }\n    }\n    {\n        int i, n, intVariable;\n        if (swscanf(data, L\"%d\", &n) == 1)\n        {\n            /* POTENTIAL FLAW: user-supplied value 'n' could lead to very large loop iteration */\n            intVariable = 0;\n            for (i = 0; i < n; i++)\n            {\n                /* INCIDENTAL: CWE 561: Dead Code - non-avoidable if n <= 0 */\n                intVariable++; /* avoid a dead/empty code block issue */\n            }\n            printIntLine(intVariable);\n        }\n    }\n}",
        "question": "How does modifying the control structure `if (fgetws(data+dataLen, (int)(100-dataLen), stdin) != NULL)` affect the behavior or output of `printLine`?",
        "choices": {
            "A": "The modification of `if (fgetws(data+dataLen, (int)(100-dataLen), stdin) != NULL)` directly impacts the execution of `printLine` because its entire operation is controlled by `if (fgetws(data+dataLen, (int)(100-dataLen), stdin) != NULL)` and located within `if (fgetws(data+dataLen, (int)(100-dataLen), stdin) != NULL)`.",
            "B": "Modifying `if (fgetws(data+dataLen, (int)(100-dataLen), stdin) != NULL)` has no impact on the behavior or output of `printLine`.",
            "C": "The change of if (fgetws(data+dataLen, (int)(100-dataLen), stdin) != NULL) indirectly affects the execution of `printLine`, as the modifications in `if (fgetws(data+dataLen, (int)(100-dataLen), stdin) != NULL)` influence the arguments or conditions within `printLine`.",
            "D": "It is not possible to determine the effect without additional context."
        },
        "answer": "B",
        "distance": 0
    },
    {
        "case_id": 5555,
        "code": "void CWE606_Unchecked_Loop_Condition__wchar_t_console_01_bad()\n{\n    wchar_t * data;\n    wchar_t dataBuffer[100] = L\"\";\n    data = dataBuffer;\n    {\n        /* Read input from the console */\n        size_t dataLen = wcslen(data);\n        /* if there is room in data, read into it from the console */\n        if (100-dataLen > 1)\n        {\n            /* POTENTIAL FLAW: Read data from the console */\n            if (fgetws(data+dataLen, (int)(100-dataLen), stdin) != NULL)\n            {\n                /* The next few lines remove the carriage return from the string that is\n                 * inserted by fgetws() */\n                dataLen = wcslen(data);\n                if (dataLen > 0 && data[dataLen-1] == L'\\n')\n                {\n                    data[dataLen-1] = L'\\0';\n                }\n            }\n            else\n            {\n                printLine(\"fgetws() failed\");\n                /* Restore NUL terminator if fgetws fails */\n                data[dataLen] = L'\\0';\n            }\n        }\n    }\n    {\n        int i, n, intVariable;\n        if (swscanf(data, L\"%d\", &n) == 1)\n        {\n            /* POTENTIAL FLAW: user-supplied value 'n' could lead to very large loop iteration */\n            intVariable = 0;\n            for (i = 0; i < n; i++)\n            {\n                /* INCIDENTAL: CWE 561: Dead Code - non-avoidable if n <= 0 */\n                intVariable++; /* avoid a dead/empty code block issue */\n            }\n            printIntLine(intVariable);\n        }\n    }\n}",
        "question": "How does modifying the control structure `if (fgetws(data+dataLen, (int)(100-dataLen), stdin) != NULL)` affect the behavior or output of `printIntLine`?",
        "choices": {
            "A": "The modification of `if (fgetws(data+dataLen, (int)(100-dataLen), stdin) != NULL)` directly impacts the execution of `printIntLine` because its entire operation is controlled by `if (fgetws(data+dataLen, (int)(100-dataLen), stdin) != NULL)` and located within `if (fgetws(data+dataLen, (int)(100-dataLen), stdin) != NULL)`.",
            "B": "Modifying `if (fgetws(data+dataLen, (int)(100-dataLen), stdin) != NULL)` has no impact on the behavior or output of `printIntLine`.",
            "C": "The change of if (fgetws(data+dataLen, (int)(100-dataLen), stdin) != NULL) indirectly affects the execution of `printIntLine`, as the modifications in `if (fgetws(data+dataLen, (int)(100-dataLen), stdin) != NULL)` influence the arguments or conditions within `printIntLine`.",
            "D": "It is not possible to determine the effect without additional context."
        },
        "answer": "B",
        "distance": 0
    },
    {
        "case_id": 5555,
        "code": "void CWE606_Unchecked_Loop_Condition__wchar_t_console_01_bad()\n{\n    wchar_t * data;\n    wchar_t dataBuffer[100] = L\"\";\n    data = dataBuffer;\n    {\n        /* Read input from the console */\n        size_t dataLen = wcslen(data);\n        /* if there is room in data, read into it from the console */\n        if (100-dataLen > 1)\n        {\n            /* POTENTIAL FLAW: Read data from the console */\n            if (fgetws(data+dataLen, (int)(100-dataLen), stdin) != NULL)\n            {\n                /* The next few lines remove the carriage return from the string that is\n                 * inserted by fgetws() */\n                dataLen = wcslen(data);\n                if (dataLen > 0 && data[dataLen-1] == L'\\n')\n                {\n                    data[dataLen-1] = L'\\0';\n                }\n            }\n            else\n            {\n                printLine(\"fgetws() failed\");\n                /* Restore NUL terminator if fgetws fails */\n                data[dataLen] = L'\\0';\n            }\n        }\n    }\n    {\n        int i, n, intVariable;\n        if (swscanf(data, L\"%d\", &n) == 1)\n        {\n            /* POTENTIAL FLAW: user-supplied value 'n' could lead to very large loop iteration */\n            intVariable = 0;\n            for (i = 0; i < n; i++)\n            {\n                /* INCIDENTAL: CWE 561: Dead Code - non-avoidable if n <= 0 */\n                intVariable++; /* avoid a dead/empty code block issue */\n            }\n            printIntLine(intVariable);\n        }\n    }\n}",
        "question": "How does modifying the control structure `if (100-dataLen > 1)` affect the behavior or output of `printIntLine`?",
        "choices": {
            "A": "The modification of `if (100-dataLen > 1)` directly impacts the execution of `printIntLine` because its entire operation is controlled by `if (100-dataLen > 1)` and located within `if (100-dataLen > 1)`.",
            "B": "Modifying `if (100-dataLen > 1)` has no impact on the behavior or output of `printIntLine`.",
            "C": "The change of if (100-dataLen > 1) indirectly affects the execution of `printIntLine`, as the modifications in `if (100-dataLen > 1)` influence the arguments or conditions within `printIntLine`.",
            "D": "It is not possible to determine the effect without additional context."
        },
        "answer": "B",
        "distance": 0
    },
    {
        "case_id": 5555,
        "code": "void CWE606_Unchecked_Loop_Condition__wchar_t_console_01_bad()\n{\n    wchar_t * data;\n    wchar_t dataBuffer[100] = L\"\";\n    data = dataBuffer;\n    {\n        /* Read input from the console */\n        size_t dataLen = wcslen(data);\n        /* if there is room in data, read into it from the console */\n        if (100-dataLen > 1)\n        {\n            /* POTENTIAL FLAW: Read data from the console */\n            if (fgetws(data+dataLen, (int)(100-dataLen), stdin) != NULL)\n            {\n                /* The next few lines remove the carriage return from the string that is\n                 * inserted by fgetws() */\n                dataLen = wcslen(data);\n                if (dataLen > 0 && data[dataLen-1] == L'\\n')\n                {\n                    data[dataLen-1] = L'\\0';\n                }\n            }\n            else\n            {\n                printLine(\"fgetws() failed\");\n                /* Restore NUL terminator if fgetws fails */\n                data[dataLen] = L'\\0';\n            }\n        }\n    }\n    {\n        int i, n, intVariable;\n        if (swscanf(data, L\"%d\", &n) == 1)\n        {\n            /* POTENTIAL FLAW: user-supplied value 'n' could lead to very large loop iteration */\n            intVariable = 0;\n            for (i = 0; i < n; i++)\n            {\n                /* INCIDENTAL: CWE 561: Dead Code - non-avoidable if n <= 0 */\n                intVariable++; /* avoid a dead/empty code block issue */\n            }\n            printIntLine(intVariable);\n        }\n    }\n}",
        "question": "How does modifying the control structure `for (i = 0; i < n; i++)` affect the behavior or output of `printLine`?",
        "choices": {
            "A": "The modification of `for (i = 0; i < n; i++)` directly impacts the execution of `printLine` because its entire operation is controlled by `for (i = 0; i < n; i++)` and located within `for (i = 0; i < n; i++)`.",
            "B": "Modifying `for (i = 0; i < n; i++)` has no impact on the behavior or output of `printLine`.",
            "C": "The change of for (i = 0; i < n; i++) indirectly affects the execution of `printLine`, as the modifications in `for (i = 0; i < n; i++)` influence the arguments or conditions within `printLine`.",
            "D": "It is not possible to determine the effect without additional context."
        },
        "answer": "B",
        "distance": 0
    }
]