[
    {
        "case_id": 200,
        "code": "void CWE114_Process_Control__w32_wchar_t_environment_01_bad()\n{\n    wchar_t * data;\n    wchar_t dataBuffer[100] = L\"\";\n    data = dataBuffer;\n    {\n        /* Append input from an environment variable to data */\n        size_t dataLen = wcslen(data);\n        wchar_t * environment = GETENV(ENV_VARIABLE);\n        /* If there is data in the environment variable */\n        if (environment != NULL)\n        {\n            /* POTENTIAL FLAW: Read data from an environment variable */\n            wcsncat(data+dataLen, environment, 100-dataLen-1);\n        }\n    }\n    {\n        HMODULE hModule;\n        /* POTENTIAL FLAW: If the path to the library is not specified, an attacker may be able to\n         * replace his own file with the intended library */\n        hModule = LoadLibraryW(data);\n        if (hModule != NULL)\n        {\n            FreeLibrary(hModule);\n            printLine(\"Library loaded and freed successfully\");\n        }\n        else\n        {\n            printLine(\"Unable to load library\");\n        }\n    }\n}",
        "question": "How does modifying the control structure `if (hModule != NULL)` affect the behavior or output of `FreeLibrary`?",
        "choices": {
            "A": "The modification of `if (hModule != NULL)` directly impacts the execution of `FreeLibrary` because its entire operation is controlled by `if (hModule != NULL)` and located within `if (hModule != NULL)`.",
            "B": "Modifying `if (hModule != NULL)` has no impact on the behavior or output of `FreeLibrary`.",
            "C": "The change of if (hModule != NULL) indirectly affects the execution of `FreeLibrary`, as the modifications in `if (hModule != NULL)` influence the arguments or conditions within `FreeLibrary`.",
            "D": "It is not possible to determine the effect without additional context."
        },
        "answer": "A",
        "distance": 1
    },
    {
        "case_id": 200,
        "code": "void CWE114_Process_Control__w32_wchar_t_environment_01_bad()\n{\n    wchar_t * data;\n    wchar_t dataBuffer[100] = L\"\";\n    data = dataBuffer;\n    {\n        /* Append input from an environment variable to data */\n        size_t dataLen = wcslen(data);\n        wchar_t * environment = GETENV(ENV_VARIABLE);\n        /* If there is data in the environment variable */\n        if (environment != NULL)\n        {\n            /* POTENTIAL FLAW: Read data from an environment variable */\n            wcsncat(data+dataLen, environment, 100-dataLen-1);\n        }\n    }\n    {\n        HMODULE hModule;\n        /* POTENTIAL FLAW: If the path to the library is not specified, an attacker may be able to\n         * replace his own file with the intended library */\n        hModule = LoadLibraryW(data);\n        if (hModule != NULL)\n        {\n            FreeLibrary(hModule);\n            printLine(\"Library loaded and freed successfully\");\n        }\n        else\n        {\n            printLine(\"Unable to load library\");\n        }\n    }\n}",
        "question": "How does modifying the control structure `if (environment != NULL)` affect the behavior or output of `wcsncat`?",
        "choices": {
            "A": "The modification of `if (environment != NULL)` directly impacts the execution of `wcsncat` because its entire operation is controlled by `if (environment != NULL)` and located within `if (environment != NULL)`.",
            "B": "Modifying `if (environment != NULL)` has no impact on the behavior or output of `wcsncat`.",
            "C": "The change of if (environment != NULL) indirectly affects the execution of `wcsncat`, as the modifications in `if (environment != NULL)` influence the arguments or conditions within `wcsncat`.",
            "D": "It is not possible to determine the effect without additional context."
        },
        "answer": "A",
        "distance": 1
    },
    {
        "case_id": 200,
        "code": "void CWE114_Process_Control__w32_wchar_t_environment_01_bad()\n{\n    wchar_t * data;\n    wchar_t dataBuffer[100] = L\"\";\n    data = dataBuffer;\n    {\n        /* Append input from an environment variable to data */\n        size_t dataLen = wcslen(data);\n        wchar_t * environment = GETENV(ENV_VARIABLE);\n        /* If there is data in the environment variable */\n        if (environment != NULL)\n        {\n            /* POTENTIAL FLAW: Read data from an environment variable */\n            wcsncat(data+dataLen, environment, 100-dataLen-1);\n        }\n    }\n    {\n        HMODULE hModule;\n        /* POTENTIAL FLAW: If the path to the library is not specified, an attacker may be able to\n         * replace his own file with the intended library */\n        hModule = LoadLibraryW(data);\n        if (hModule != NULL)\n        {\n            FreeLibrary(hModule);\n            printLine(\"Library loaded and freed successfully\");\n        }\n        else\n        {\n            printLine(\"Unable to load library\");\n        }\n    }\n}",
        "question": "How does modifying the control structure `else` affect the behavior or output of `wcsncat`?",
        "choices": {
            "A": "The modification of `else` directly impacts the execution of `wcsncat` because its entire operation is controlled by `else` and located within `else`.",
            "B": "Modifying `else` has no impact on the behavior or output of `wcsncat`.",
            "C": "The change of else indirectly affects the execution of `wcsncat`, as the modifications in `else` influence the arguments or conditions within `wcsncat`.",
            "D": "It is not possible to determine the effect without additional context."
        },
        "answer": "B",
        "distance": 0
    },
    {
        "case_id": 200,
        "code": "void CWE114_Process_Control__w32_wchar_t_environment_01_bad()\n{\n    wchar_t * data;\n    wchar_t dataBuffer[100] = L\"\";\n    data = dataBuffer;\n    {\n        /* Append input from an environment variable to data */\n        size_t dataLen = wcslen(data);\n        wchar_t * environment = GETENV(ENV_VARIABLE);\n        /* If there is data in the environment variable */\n        if (environment != NULL)\n        {\n            /* POTENTIAL FLAW: Read data from an environment variable */\n            wcsncat(data+dataLen, environment, 100-dataLen-1);\n        }\n    }\n    {\n        HMODULE hModule;\n        /* POTENTIAL FLAW: If the path to the library is not specified, an attacker may be able to\n         * replace his own file with the intended library */\n        hModule = LoadLibraryW(data);\n        if (hModule != NULL)\n        {\n            FreeLibrary(hModule);\n            printLine(\"Library loaded and freed successfully\");\n        }\n        else\n        {\n            printLine(\"Unable to load library\");\n        }\n    }\n}",
        "question": "How does modifying the control structure `else` affect the behavior or output of `wcslen`?",
        "choices": {
            "A": "The modification of `else` directly impacts the execution of `wcslen` because its entire operation is controlled by `else` and located within `else`.",
            "B": "Modifying `else` has no impact on the behavior or output of `wcslen`.",
            "C": "The change of else indirectly affects the execution of `wcslen`, as the modifications in `else` influence the arguments or conditions within `wcslen`.",
            "D": "It is not possible to determine the effect without additional context."
        },
        "answer": "B",
        "distance": 0
    },
    {
        "case_id": 200,
        "code": "void CWE114_Process_Control__w32_wchar_t_environment_01_bad()\n{\n    wchar_t * data;\n    wchar_t dataBuffer[100] = L\"\";\n    data = dataBuffer;\n    {\n        /* Append input from an environment variable to data */\n        size_t dataLen = wcslen(data);\n        wchar_t * environment = GETENV(ENV_VARIABLE);\n        /* If there is data in the environment variable */\n        if (environment != NULL)\n        {\n            /* POTENTIAL FLAW: Read data from an environment variable */\n            wcsncat(data+dataLen, environment, 100-dataLen-1);\n        }\n    }\n    {\n        HMODULE hModule;\n        /* POTENTIAL FLAW: If the path to the library is not specified, an attacker may be able to\n         * replace his own file with the intended library */\n        hModule = LoadLibraryW(data);\n        if (hModule != NULL)\n        {\n            FreeLibrary(hModule);\n            printLine(\"Library loaded and freed successfully\");\n        }\n        else\n        {\n            printLine(\"Unable to load library\");\n        }\n    }\n}",
        "question": "How does modifying the control structure `else` affect the behavior or output of `FreeLibrary`?",
        "choices": {
            "A": "The modification of `else` directly impacts the execution of `FreeLibrary` because its entire operation is controlled by `else` and located within `else`.",
            "B": "Modifying `else` has no impact on the behavior or output of `FreeLibrary`.",
            "C": "The change of else indirectly affects the execution of `FreeLibrary`, as the modifications in `else` influence the arguments or conditions within `FreeLibrary`.",
            "D": "It is not possible to determine the effect without additional context."
        },
        "answer": "B",
        "distance": 0
    },
    {
        "case_id": 200,
        "code": "void CWE114_Process_Control__w32_wchar_t_environment_01_bad()\n{\n    wchar_t * data;\n    wchar_t dataBuffer[100] = L\"\";\n    data = dataBuffer;\n    {\n        /* Append input from an environment variable to data */\n        size_t dataLen = wcslen(data);\n        wchar_t * environment = GETENV(ENV_VARIABLE);\n        /* If there is data in the environment variable */\n        if (environment != NULL)\n        {\n            /* POTENTIAL FLAW: Read data from an environment variable */\n            wcsncat(data+dataLen, environment, 100-dataLen-1);\n        }\n    }\n    {\n        HMODULE hModule;\n        /* POTENTIAL FLAW: If the path to the library is not specified, an attacker may be able to\n         * replace his own file with the intended library */\n        hModule = LoadLibraryW(data);\n        if (hModule != NULL)\n        {\n            FreeLibrary(hModule);\n            printLine(\"Library loaded and freed successfully\");\n        }\n        else\n        {\n            printLine(\"Unable to load library\");\n        }\n    }\n}",
        "question": "How does modifying the control structure `else` affect the behavior or output of `GETENV`?",
        "choices": {
            "A": "The modification of `else` directly impacts the execution of `GETENV` because its entire operation is controlled by `else` and located within `else`.",
            "B": "Modifying `else` has no impact on the behavior or output of `GETENV`.",
            "C": "The change of else indirectly affects the execution of `GETENV`, as the modifications in `else` influence the arguments or conditions within `GETENV`.",
            "D": "It is not possible to determine the effect without additional context."
        },
        "answer": "B",
        "distance": 0
    }
]