[
    {
        "case_id": 1326,
        "code": "void CWE253_Incorrect_Check_of_Function_Return_Value__char_fputs_01_bad()\n{\n    /* FLAW: fputs() might fail, in which case the return value will be EOF (-1), but\n     * we are checking to see if the return value is 0 */\n    if (fputs(\"string\", stdout) == 0)\n    {\n        printLine(\"fputs failed!\");\n    }\n}",
        "question": "How does modifying the control structure `if (fputs(\"string\", stdout) == 0)` affect the behavior or output of `printLine`?",
        "choices": {
            "A": "The modification of `if (fputs(\"string\", stdout) == 0)` directly impacts the execution of `printLine` because its entire operation is controlled by `if (fputs(\"string\", stdout) == 0)` and located within `if (fputs(\"string\", stdout) == 0)`.",
            "B": "Modifying `if (fputs(\"string\", stdout) == 0)` has no impact on the behavior or output of `printLine`.",
            "C": "The change of if (fputs(\"string\", stdout) == 0) indirectly affects the execution of `printLine`, as the modifications in `if (fputs(\"string\", stdout) == 0)` influence the arguments or conditions within `printLine`.",
            "D": "It is not possible to determine the effect without additional context."
        },
        "answer": "A",
        "distance": 1
    }
]