[
    {
        "case_id": 4754,
        "code": "void CWE511_Logic_Time_Bomb__counter_01_bad()\n{\n    {\n        int count = 0;\n        do\n        {\n            /* FLAW: If a counter reaches a certain value, delete a file */\n            if (count == COUNT_CHECK)\n            {\n                UNLINK(\"important_file.txt\");\n            }\n            count++;\n        }\n        while(1 == 1);   /* infinite loop */\n    }\n}",
        "question": "How does modifying the control structure `do` affect the behavior or output of `UNLINK`?",
        "choices": {
            "A": "The modification of `do` directly impacts the execution of `UNLINK` because its entire operation is controlled by `do` and located within `do`.",
            "B": "Modifying `do` has no impact on the behavior or output of `UNLINK`.",
            "C": "The change of do indirectly affects the execution of `UNLINK`, as the modifications in `do` influence the arguments or conditions within `UNLINK`.",
            "D": "It is not possible to determine the effect without additional context."
        },
        "answer": "A",
        "distance": 1
    },
    {
        "case_id": 4754,
        "code": "void CWE511_Logic_Time_Bomb__counter_01_bad()\n{\n    {\n        int count = 0;\n        do\n        {\n            /* FLAW: If a counter reaches a certain value, delete a file */\n            if (count == COUNT_CHECK)\n            {\n                UNLINK(\"important_file.txt\");\n            }\n            count++;\n        }\n        while(1 == 1);   /* infinite loop */\n    }\n}",
        "question": "How does modifying the control structure `while(1 == 1);` affect the behavior or output of `UNLINK`?",
        "choices": {
            "A": "The modification of `while(1 == 1);` directly impacts the execution of `UNLINK` because its entire operation is controlled by `while(1 == 1);` and located within `while(1 == 1);`.",
            "B": "Modifying `while(1 == 1);` has no impact on the behavior or output of `UNLINK`.",
            "C": "The change of while(1 == 1); indirectly affects the execution of `UNLINK`, as the modifications in `while(1 == 1);` influence the arguments or conditions within `UNLINK`.",
            "D": "It is not possible to determine the effect without additional context."
        },
        "answer": "B",
        "distance": 0
    },
    {
        "case_id": 4754,
        "code": "void CWE511_Logic_Time_Bomb__counter_01_bad()\n{\n    {\n        int count = 0;\n        do\n        {\n            /* FLAW: If a counter reaches a certain value, delete a file */\n            if (count == COUNT_CHECK)\n            {\n                UNLINK(\"important_file.txt\");\n            }\n            count++;\n        }\n        while(1 == 1);   /* infinite loop */\n    }\n}",
        "question": "How does modifying the control structure `if (count == COUNT_CHECK)` affect the behavior or output of `UNLINK`?",
        "choices": {
            "A": "The modification of `if (count == COUNT_CHECK)` directly impacts the execution of `UNLINK` because its entire operation is controlled by `if (count == COUNT_CHECK)` and located within `if (count == COUNT_CHECK)`.",
            "B": "Modifying `if (count == COUNT_CHECK)` has no impact on the behavior or output of `UNLINK`.",
            "C": "The change of if (count == COUNT_CHECK) indirectly affects the execution of `UNLINK`, as the modifications in `if (count == COUNT_CHECK)` influence the arguments or conditions within `UNLINK`.",
            "D": "It is not possible to determine the effect without additional context."
        },
        "answer": "B",
        "distance": 0
    }
]