[
    {
        "case_id": 2038,
        "code": "void CWE272_Least_Privilege_Violation__w32_char_CreateProcess_01_bad()\n{\n    {\n        STARTUPINFOA si;\n        PROCESS_INFORMATION pi;\n        /* FLAW: The commandLine parameter to CreateProcess() contains a space in it and does not\n           surround the executable path with quotes.  A malicious executable could be run because\n           of the way the function parses spaces. The process will attempt to run \"Program.exe,\"\n           if it exists, instead of the intended \"GoodApp.exe\" */\n        if( !CreateProcessA(NULL,\n                            \"C:\\\\Program Files\\\\GoodApp arg1 arg2\",\n                            NULL,\n                            NULL,\n                            FALSE,\n                            0,\n                            NULL,\n                            NULL,\n                            &si,\n                            &pi))\n        {\n            printLine(\"CreateProcess failed\");\n            return;\n        }\n        else\n        {\n            printLine(\"CreateProcess successful\");\n        }\n        /* Wait until child process exits. */\n        WaitForSingleObject(pi.hProcess, INFINITE);\n        /* Close process and thread handles.*/\n        CloseHandle(pi.hProcess);\n        CloseHandle(pi.hThread);\n    }\n}",
        "question": "How does modifying the control structure `else` affect the behavior or output of `WaitForSingleObject`?",
        "choices": {
            "A": "The modification of `else` directly impacts the execution of `WaitForSingleObject` because its entire operation is controlled by `else` and located within `else`.",
            "B": "Modifying `else` has no impact on the behavior or output of `WaitForSingleObject`.",
            "C": "The change of else indirectly affects the execution of `WaitForSingleObject`, as the modifications in `else` influence the arguments or conditions within `WaitForSingleObject`.",
            "D": "It is not possible to determine the effect without additional context."
        },
        "answer": "B",
        "distance": 0
    },
    {
        "case_id": 2038,
        "code": "void CWE272_Least_Privilege_Violation__w32_char_CreateProcess_01_bad()\n{\n    {\n        STARTUPINFOA si;\n        PROCESS_INFORMATION pi;\n        /* FLAW: The commandLine parameter to CreateProcess() contains a space in it and does not\n           surround the executable path with quotes.  A malicious executable could be run because\n           of the way the function parses spaces. The process will attempt to run \"Program.exe,\"\n           if it exists, instead of the intended \"GoodApp.exe\" */\n        if( !CreateProcessA(NULL,\n                            \"C:\\\\Program Files\\\\GoodApp arg1 arg2\",\n                            NULL,\n                            NULL,\n                            FALSE,\n                            0,\n                            NULL,\n                            NULL,\n                            &si,\n                            &pi))\n        {\n            printLine(\"CreateProcess failed\");\n            return;\n        }\n        else\n        {\n            printLine(\"CreateProcess successful\");\n        }\n        /* Wait until child process exits. */\n        WaitForSingleObject(pi.hProcess, INFINITE);\n        /* Close process and thread handles.*/\n        CloseHandle(pi.hProcess);\n        CloseHandle(pi.hThread);\n    }\n}",
        "question": "How does modifying the control structure `return;` affect the behavior or output of `WaitForSingleObject`?",
        "choices": {
            "A": "The modification of `return;` directly impacts the execution of `WaitForSingleObject` because its entire operation is controlled by `return;` and located within `return;`.",
            "B": "Modifying `return;` has no impact on the behavior or output of `WaitForSingleObject`.",
            "C": "The change of return; indirectly affects the execution of `WaitForSingleObject`, as the modifications in `return;` influence the arguments or conditions within `WaitForSingleObject`.",
            "D": "It is not possible to determine the effect without additional context."
        },
        "answer": "B",
        "distance": 0
    },
    {
        "case_id": 2038,
        "code": "void CWE272_Least_Privilege_Violation__w32_char_CreateProcess_01_bad()\n{\n    {\n        STARTUPINFOA si;\n        PROCESS_INFORMATION pi;\n        /* FLAW: The commandLine parameter to CreateProcess() contains a space in it and does not\n           surround the executable path with quotes.  A malicious executable could be run because\n           of the way the function parses spaces. The process will attempt to run \"Program.exe,\"\n           if it exists, instead of the intended \"GoodApp.exe\" */\n        if( !CreateProcessA(NULL,\n                            \"C:\\\\Program Files\\\\GoodApp arg1 arg2\",\n                            NULL,\n                            NULL,\n                            FALSE,\n                            0,\n                            NULL,\n                            NULL,\n                            &si,\n                            &pi))\n        {\n            printLine(\"CreateProcess failed\");\n            return;\n        }\n        else\n        {\n            printLine(\"CreateProcess successful\");\n        }\n        /* Wait until child process exits. */\n        WaitForSingleObject(pi.hProcess, INFINITE);\n        /* Close process and thread handles.*/\n        CloseHandle(pi.hProcess);\n        CloseHandle(pi.hThread);\n    }\n}",
        "question": "How does modifying the control structure `if( !CreateProcessA(NULL,\"C:\\\\Program Files\\\\GoodApp arg1 arg2\",NULL,NULL,FALSE,0,NULL,NULL,&si,&pi))` affect the behavior or output of `WaitForSingleObject`?",
        "choices": {
            "A": "The modification of `if( !CreateProcessA(NULL,\"C:\\\\Program Files\\\\GoodApp arg1 arg2\",NULL,NULL,FALSE,0,NULL,NULL,&si,&pi))` directly impacts the execution of `WaitForSingleObject` because its entire operation is controlled by `if( !CreateProcessA(NULL,\"C:\\\\Program Files\\\\GoodApp arg1 arg2\",NULL,NULL,FALSE,0,NULL,NULL,&si,&pi))` and located within `if( !CreateProcessA(NULL,\"C:\\\\Program Files\\\\GoodApp arg1 arg2\",NULL,NULL,FALSE,0,NULL,NULL,&si,&pi))`.",
            "B": "Modifying `if( !CreateProcessA(NULL,\"C:\\\\Program Files\\\\GoodApp arg1 arg2\",NULL,NULL,FALSE,0,NULL,NULL,&si,&pi))` has no impact on the behavior or output of `WaitForSingleObject`.",
            "C": "The change of if( !CreateProcessA(NULL,\"C:\\\\Program Files\\\\GoodApp arg1 arg2\",NULL,NULL,FALSE,0,NULL,NULL,&si,&pi)) indirectly affects the execution of `WaitForSingleObject`, as the modifications in `if( !CreateProcessA(NULL,\"C:\\\\Program Files\\\\GoodApp arg1 arg2\",NULL,NULL,FALSE,0,NULL,NULL,&si,&pi))` influence the arguments or conditions within `WaitForSingleObject`.",
            "D": "It is not possible to determine the effect without additional context."
        },
        "answer": "B",
        "distance": 0
    }
]