[
    {
        "case_id": 2732,
        "code": "void CWE327_Use_Broken_Crypto__w32_DES_01_bad()\n{\n    {\n        FILE *pFile;\n        HCRYPTPROV hCryptProv;\n        HCRYPTKEY hKey;\n        HCRYPTHASH hHash;\n        char password[100];\n        size_t passwordLen;\n        char toBeDecrypted[100];\n        DWORD toBeDecryptedLen = sizeof(toBeDecrypted)-1;\n        /* Read the password from the console */\n        printLine(\"Enter the password: \");\n        if (fgets(password, 100, stdin) == NULL)\n        {\n            printLine(\"fgets() failed\");\n            /* Restore NUL terminator if fgets fails */\n            password[0] = '\\0';\n        }\n        /* The next 3 lines remove the carriage return from the string that is\n         * inserted by fgets() */\n        passwordLen = strlen(password);\n        if (passwordLen > 0)\n        {\n            password[passwordLen-1] = '\\0';\n        }\n        /* Read the data to be decrypted from a file */\n        pFile = fopen(\"encrypted.txt\", \"rb\");\n        if (pFile == NULL)\n        {\n            exit(1);\n        }\n        if (fread(toBeDecrypted, sizeof(char), 100, pFile) != 100)\n        {\n            fclose(pFile);\n            exit(1);\n        }\n        toBeDecrypted[99] = '\\0';\n        /* Try to get a context with and without a new key set */\n        if(!CryptAcquireContext(&hCryptProv, NULL, MS_ENH_RSA_AES_PROV, PROV_RSA_AES, 0))\n        {\n            if(!CryptAcquireContext(&hCryptProv, NULL, MS_ENH_RSA_AES_PROV, PROV_RSA_AES, CRYPT_NEWKEYSET))\n            {\n                printLine(\"Error in acquiring cryptographic context\");\n                exit(1);\n            }\n        }\n        /* Create Hash handle */\n        if(!CryptCreateHash(hCryptProv, CALG_SHA_256, 0, 0, &hHash))\n        {\n            printLine(\"Error in creating hash\");\n            exit(1);\n        }\n        /* Hash the password */\n        if(!CryptHashData(hHash, (BYTE *) password, passwordLen, 0))\n        {\n            printLine(\"Error in hashing password\");\n            exit(1);\n        }\n        /* Derive a DES key from the Hashed password */\n        if(!CryptDeriveKey(hCryptProv, CALG_DES, hHash, 0, &hKey))\n        {\n            printLine(\"Error in CryptDeriveKey\");\n            exit(1);\n        }\n        /* FLAW: Decrypt using DES */\n        if(!CryptDecrypt(hKey, 0, 1, 0, (BYTE *)toBeDecrypted, &toBeDecryptedLen))\n        {\n            printLine(\"Error in decryption\");\n            exit(1);\n        }\n        /* Ensure the plaintext is NUL-terminated */\n        toBeDecrypted[toBeDecryptedLen] = '\\0';\n        printLine(toBeDecrypted);\n        /* Cleanup */\n        if (hKey)\n        {\n            CryptDestroyKey(hKey);\n        }\n        if (hHash)\n        {\n            CryptDestroyHash(hHash);\n        }\n        if (hCryptProv)\n        {\n            CryptReleaseContext(hCryptProv, 0);\n        }\n        if (pFile)\n        {\n            fclose(pFile);\n        }\n    }\n}",
        "question": "How does modifying the control structure `if (hKey)` affect the behavior or output of `CryptDestroyKey`?",
        "choices": {
            "A": "The modification of `if (hKey)` directly impacts the execution of `CryptDestroyKey` because its entire operation is controlled by `if (hKey)` and located within `if (hKey)`.",
            "B": "Modifying `if (hKey)` has no impact on the behavior or output of `CryptDestroyKey`.",
            "C": "The change of if (hKey) indirectly affects the execution of `CryptDestroyKey`, as the modifications in `if (hKey)` influence the arguments or conditions within `CryptDestroyKey`.",
            "D": "It is not possible to determine the effect without additional context."
        },
        "answer": "A",
        "distance": 1
    },
    {
        "case_id": 2732,
        "code": "void CWE327_Use_Broken_Crypto__w32_DES_01_bad()\n{\n    {\n        FILE *pFile;\n        HCRYPTPROV hCryptProv;\n        HCRYPTKEY hKey;\n        HCRYPTHASH hHash;\n        char password[100];\n        size_t passwordLen;\n        char toBeDecrypted[100];\n        DWORD toBeDecryptedLen = sizeof(toBeDecrypted)-1;\n        /* Read the password from the console */\n        printLine(\"Enter the password: \");\n        if (fgets(password, 100, stdin) == NULL)\n        {\n            printLine(\"fgets() failed\");\n            /* Restore NUL terminator if fgets fails */\n            password[0] = '\\0';\n        }\n        /* The next 3 lines remove the carriage return from the string that is\n         * inserted by fgets() */\n        passwordLen = strlen(password);\n        if (passwordLen > 0)\n        {\n            password[passwordLen-1] = '\\0';\n        }\n        /* Read the data to be decrypted from a file */\n        pFile = fopen(\"encrypted.txt\", \"rb\");\n        if (pFile == NULL)\n        {\n            exit(1);\n        }\n        if (fread(toBeDecrypted, sizeof(char), 100, pFile) != 100)\n        {\n            fclose(pFile);\n            exit(1);\n        }\n        toBeDecrypted[99] = '\\0';\n        /* Try to get a context with and without a new key set */\n        if(!CryptAcquireContext(&hCryptProv, NULL, MS_ENH_RSA_AES_PROV, PROV_RSA_AES, 0))\n        {\n            if(!CryptAcquireContext(&hCryptProv, NULL, MS_ENH_RSA_AES_PROV, PROV_RSA_AES, CRYPT_NEWKEYSET))\n            {\n                printLine(\"Error in acquiring cryptographic context\");\n                exit(1);\n            }\n        }\n        /* Create Hash handle */\n        if(!CryptCreateHash(hCryptProv, CALG_SHA_256, 0, 0, &hHash))\n        {\n            printLine(\"Error in creating hash\");\n            exit(1);\n        }\n        /* Hash the password */\n        if(!CryptHashData(hHash, (BYTE *) password, passwordLen, 0))\n        {\n            printLine(\"Error in hashing password\");\n            exit(1);\n        }\n        /* Derive a DES key from the Hashed password */\n        if(!CryptDeriveKey(hCryptProv, CALG_DES, hHash, 0, &hKey))\n        {\n            printLine(\"Error in CryptDeriveKey\");\n            exit(1);\n        }\n        /* FLAW: Decrypt using DES */\n        if(!CryptDecrypt(hKey, 0, 1, 0, (BYTE *)toBeDecrypted, &toBeDecryptedLen))\n        {\n            printLine(\"Error in decryption\");\n            exit(1);\n        }\n        /* Ensure the plaintext is NUL-terminated */\n        toBeDecrypted[toBeDecryptedLen] = '\\0';\n        printLine(toBeDecrypted);\n        /* Cleanup */\n        if (hKey)\n        {\n            CryptDestroyKey(hKey);\n        }\n        if (hHash)\n        {\n            CryptDestroyHash(hHash);\n        }\n        if (hCryptProv)\n        {\n            CryptReleaseContext(hCryptProv, 0);\n        }\n        if (pFile)\n        {\n            fclose(pFile);\n        }\n    }\n}",
        "question": "How does modifying the control structure `if (hHash)` affect the behavior or output of `CryptDestroyHash`?",
        "choices": {
            "A": "The modification of `if (hHash)` directly impacts the execution of `CryptDestroyHash` because its entire operation is controlled by `if (hHash)` and located within `if (hHash)`.",
            "B": "Modifying `if (hHash)` has no impact on the behavior or output of `CryptDestroyHash`.",
            "C": "The change of if (hHash) indirectly affects the execution of `CryptDestroyHash`, as the modifications in `if (hHash)` influence the arguments or conditions within `CryptDestroyHash`.",
            "D": "It is not possible to determine the effect without additional context."
        },
        "answer": "A",
        "distance": 1
    },
    {
        "case_id": 2732,
        "code": "void CWE327_Use_Broken_Crypto__w32_DES_01_bad()\n{\n    {\n        FILE *pFile;\n        HCRYPTPROV hCryptProv;\n        HCRYPTKEY hKey;\n        HCRYPTHASH hHash;\n        char password[100];\n        size_t passwordLen;\n        char toBeDecrypted[100];\n        DWORD toBeDecryptedLen = sizeof(toBeDecrypted)-1;\n        /* Read the password from the console */\n        printLine(\"Enter the password: \");\n        if (fgets(password, 100, stdin) == NULL)\n        {\n            printLine(\"fgets() failed\");\n            /* Restore NUL terminator if fgets fails */\n            password[0] = '\\0';\n        }\n        /* The next 3 lines remove the carriage return from the string that is\n         * inserted by fgets() */\n        passwordLen = strlen(password);\n        if (passwordLen > 0)\n        {\n            password[passwordLen-1] = '\\0';\n        }\n        /* Read the data to be decrypted from a file */\n        pFile = fopen(\"encrypted.txt\", \"rb\");\n        if (pFile == NULL)\n        {\n            exit(1);\n        }\n        if (fread(toBeDecrypted, sizeof(char), 100, pFile) != 100)\n        {\n            fclose(pFile);\n            exit(1);\n        }\n        toBeDecrypted[99] = '\\0';\n        /* Try to get a context with and without a new key set */\n        if(!CryptAcquireContext(&hCryptProv, NULL, MS_ENH_RSA_AES_PROV, PROV_RSA_AES, 0))\n        {\n            if(!CryptAcquireContext(&hCryptProv, NULL, MS_ENH_RSA_AES_PROV, PROV_RSA_AES, CRYPT_NEWKEYSET))\n            {\n                printLine(\"Error in acquiring cryptographic context\");\n                exit(1);\n            }\n        }\n        /* Create Hash handle */\n        if(!CryptCreateHash(hCryptProv, CALG_SHA_256, 0, 0, &hHash))\n        {\n            printLine(\"Error in creating hash\");\n            exit(1);\n        }\n        /* Hash the password */\n        if(!CryptHashData(hHash, (BYTE *) password, passwordLen, 0))\n        {\n            printLine(\"Error in hashing password\");\n            exit(1);\n        }\n        /* Derive a DES key from the Hashed password */\n        if(!CryptDeriveKey(hCryptProv, CALG_DES, hHash, 0, &hKey))\n        {\n            printLine(\"Error in CryptDeriveKey\");\n            exit(1);\n        }\n        /* FLAW: Decrypt using DES */\n        if(!CryptDecrypt(hKey, 0, 1, 0, (BYTE *)toBeDecrypted, &toBeDecryptedLen))\n        {\n            printLine(\"Error in decryption\");\n            exit(1);\n        }\n        /* Ensure the plaintext is NUL-terminated */\n        toBeDecrypted[toBeDecryptedLen] = '\\0';\n        printLine(toBeDecrypted);\n        /* Cleanup */\n        if (hKey)\n        {\n            CryptDestroyKey(hKey);\n        }\n        if (hHash)\n        {\n            CryptDestroyHash(hHash);\n        }\n        if (hCryptProv)\n        {\n            CryptReleaseContext(hCryptProv, 0);\n        }\n        if (pFile)\n        {\n            fclose(pFile);\n        }\n    }\n}",
        "question": "How does modifying the control structure `if (hCryptProv)` affect the behavior or output of `CryptReleaseContext`?",
        "choices": {
            "A": "The modification of `if (hCryptProv)` directly impacts the execution of `CryptReleaseContext` because its entire operation is controlled by `if (hCryptProv)` and located within `if (hCryptProv)`.",
            "B": "Modifying `if (hCryptProv)` has no impact on the behavior or output of `CryptReleaseContext`.",
            "C": "The change of if (hCryptProv) indirectly affects the execution of `CryptReleaseContext`, as the modifications in `if (hCryptProv)` influence the arguments or conditions within `CryptReleaseContext`.",
            "D": "It is not possible to determine the effect without additional context."
        },
        "answer": "A",
        "distance": 1
    },
    {
        "case_id": 2732,
        "code": "void CWE327_Use_Broken_Crypto__w32_DES_01_bad()\n{\n    {\n        FILE *pFile;\n        HCRYPTPROV hCryptProv;\n        HCRYPTKEY hKey;\n        HCRYPTHASH hHash;\n        char password[100];\n        size_t passwordLen;\n        char toBeDecrypted[100];\n        DWORD toBeDecryptedLen = sizeof(toBeDecrypted)-1;\n        /* Read the password from the console */\n        printLine(\"Enter the password: \");\n        if (fgets(password, 100, stdin) == NULL)\n        {\n            printLine(\"fgets() failed\");\n            /* Restore NUL terminator if fgets fails */\n            password[0] = '\\0';\n        }\n        /* The next 3 lines remove the carriage return from the string that is\n         * inserted by fgets() */\n        passwordLen = strlen(password);\n        if (passwordLen > 0)\n        {\n            password[passwordLen-1] = '\\0';\n        }\n        /* Read the data to be decrypted from a file */\n        pFile = fopen(\"encrypted.txt\", \"rb\");\n        if (pFile == NULL)\n        {\n            exit(1);\n        }\n        if (fread(toBeDecrypted, sizeof(char), 100, pFile) != 100)\n        {\n            fclose(pFile);\n            exit(1);\n        }\n        toBeDecrypted[99] = '\\0';\n        /* Try to get a context with and without a new key set */\n        if(!CryptAcquireContext(&hCryptProv, NULL, MS_ENH_RSA_AES_PROV, PROV_RSA_AES, 0))\n        {\n            if(!CryptAcquireContext(&hCryptProv, NULL, MS_ENH_RSA_AES_PROV, PROV_RSA_AES, CRYPT_NEWKEYSET))\n            {\n                printLine(\"Error in acquiring cryptographic context\");\n                exit(1);\n            }\n        }\n        /* Create Hash handle */\n        if(!CryptCreateHash(hCryptProv, CALG_SHA_256, 0, 0, &hHash))\n        {\n            printLine(\"Error in creating hash\");\n            exit(1);\n        }\n        /* Hash the password */\n        if(!CryptHashData(hHash, (BYTE *) password, passwordLen, 0))\n        {\n            printLine(\"Error in hashing password\");\n            exit(1);\n        }\n        /* Derive a DES key from the Hashed password */\n        if(!CryptDeriveKey(hCryptProv, CALG_DES, hHash, 0, &hKey))\n        {\n            printLine(\"Error in CryptDeriveKey\");\n            exit(1);\n        }\n        /* FLAW: Decrypt using DES */\n        if(!CryptDecrypt(hKey, 0, 1, 0, (BYTE *)toBeDecrypted, &toBeDecryptedLen))\n        {\n            printLine(\"Error in decryption\");\n            exit(1);\n        }\n        /* Ensure the plaintext is NUL-terminated */\n        toBeDecrypted[toBeDecryptedLen] = '\\0';\n        printLine(toBeDecrypted);\n        /* Cleanup */\n        if (hKey)\n        {\n            CryptDestroyKey(hKey);\n        }\n        if (hHash)\n        {\n            CryptDestroyHash(hHash);\n        }\n        if (hCryptProv)\n        {\n            CryptReleaseContext(hCryptProv, 0);\n        }\n        if (pFile)\n        {\n            fclose(pFile);\n        }\n    }\n}",
        "question": "How does modifying the control structure `if (fgets(password, 100, stdin) == NULL)` affect the behavior or output of `strlen`?",
        "choices": {
            "A": "The modification of `if (fgets(password, 100, stdin) == NULL)` directly impacts the execution of `strlen` because its entire operation is controlled by `if (fgets(password, 100, stdin) == NULL)` and located within `if (fgets(password, 100, stdin) == NULL)`.",
            "B": "Modifying `if (fgets(password, 100, stdin) == NULL)` has no impact on the behavior or output of `strlen`.",
            "C": "The change of if (fgets(password, 100, stdin) == NULL) indirectly affects the execution of `strlen`, as the modifications in `if (fgets(password, 100, stdin) == NULL)` influence the arguments or conditions within `strlen`.",
            "D": "It is not possible to determine the effect without additional context."
        },
        "answer": "B",
        "distance": 0
    },
    {
        "case_id": 2732,
        "code": "void CWE327_Use_Broken_Crypto__w32_DES_01_bad()\n{\n    {\n        FILE *pFile;\n        HCRYPTPROV hCryptProv;\n        HCRYPTKEY hKey;\n        HCRYPTHASH hHash;\n        char password[100];\n        size_t passwordLen;\n        char toBeDecrypted[100];\n        DWORD toBeDecryptedLen = sizeof(toBeDecrypted)-1;\n        /* Read the password from the console */\n        printLine(\"Enter the password: \");\n        if (fgets(password, 100, stdin) == NULL)\n        {\n            printLine(\"fgets() failed\");\n            /* Restore NUL terminator if fgets fails */\n            password[0] = '\\0';\n        }\n        /* The next 3 lines remove the carriage return from the string that is\n         * inserted by fgets() */\n        passwordLen = strlen(password);\n        if (passwordLen > 0)\n        {\n            password[passwordLen-1] = '\\0';\n        }\n        /* Read the data to be decrypted from a file */\n        pFile = fopen(\"encrypted.txt\", \"rb\");\n        if (pFile == NULL)\n        {\n            exit(1);\n        }\n        if (fread(toBeDecrypted, sizeof(char), 100, pFile) != 100)\n        {\n            fclose(pFile);\n            exit(1);\n        }\n        toBeDecrypted[99] = '\\0';\n        /* Try to get a context with and without a new key set */\n        if(!CryptAcquireContext(&hCryptProv, NULL, MS_ENH_RSA_AES_PROV, PROV_RSA_AES, 0))\n        {\n            if(!CryptAcquireContext(&hCryptProv, NULL, MS_ENH_RSA_AES_PROV, PROV_RSA_AES, CRYPT_NEWKEYSET))\n            {\n                printLine(\"Error in acquiring cryptographic context\");\n                exit(1);\n            }\n        }\n        /* Create Hash handle */\n        if(!CryptCreateHash(hCryptProv, CALG_SHA_256, 0, 0, &hHash))\n        {\n            printLine(\"Error in creating hash\");\n            exit(1);\n        }\n        /* Hash the password */\n        if(!CryptHashData(hHash, (BYTE *) password, passwordLen, 0))\n        {\n            printLine(\"Error in hashing password\");\n            exit(1);\n        }\n        /* Derive a DES key from the Hashed password */\n        if(!CryptDeriveKey(hCryptProv, CALG_DES, hHash, 0, &hKey))\n        {\n            printLine(\"Error in CryptDeriveKey\");\n            exit(1);\n        }\n        /* FLAW: Decrypt using DES */\n        if(!CryptDecrypt(hKey, 0, 1, 0, (BYTE *)toBeDecrypted, &toBeDecryptedLen))\n        {\n            printLine(\"Error in decryption\");\n            exit(1);\n        }\n        /* Ensure the plaintext is NUL-terminated */\n        toBeDecrypted[toBeDecryptedLen] = '\\0';\n        printLine(toBeDecrypted);\n        /* Cleanup */\n        if (hKey)\n        {\n            CryptDestroyKey(hKey);\n        }\n        if (hHash)\n        {\n            CryptDestroyHash(hHash);\n        }\n        if (hCryptProv)\n        {\n            CryptReleaseContext(hCryptProv, 0);\n        }\n        if (pFile)\n        {\n            fclose(pFile);\n        }\n    }\n}",
        "question": "How does modifying the control structure `if (fgets(password, 100, stdin) == NULL)` affect the behavior or output of `CryptReleaseContext`?",
        "choices": {
            "A": "The modification of `if (fgets(password, 100, stdin) == NULL)` directly impacts the execution of `CryptReleaseContext` because its entire operation is controlled by `if (fgets(password, 100, stdin) == NULL)` and located within `if (fgets(password, 100, stdin) == NULL)`.",
            "B": "Modifying `if (fgets(password, 100, stdin) == NULL)` has no impact on the behavior or output of `CryptReleaseContext`.",
            "C": "The change of if (fgets(password, 100, stdin) == NULL) indirectly affects the execution of `CryptReleaseContext`, as the modifications in `if (fgets(password, 100, stdin) == NULL)` influence the arguments or conditions within `CryptReleaseContext`.",
            "D": "It is not possible to determine the effect without additional context."
        },
        "answer": "B",
        "distance": 0
    },
    {
        "case_id": 2732,
        "code": "void CWE327_Use_Broken_Crypto__w32_DES_01_bad()\n{\n    {\n        FILE *pFile;\n        HCRYPTPROV hCryptProv;\n        HCRYPTKEY hKey;\n        HCRYPTHASH hHash;\n        char password[100];\n        size_t passwordLen;\n        char toBeDecrypted[100];\n        DWORD toBeDecryptedLen = sizeof(toBeDecrypted)-1;\n        /* Read the password from the console */\n        printLine(\"Enter the password: \");\n        if (fgets(password, 100, stdin) == NULL)\n        {\n            printLine(\"fgets() failed\");\n            /* Restore NUL terminator if fgets fails */\n            password[0] = '\\0';\n        }\n        /* The next 3 lines remove the carriage return from the string that is\n         * inserted by fgets() */\n        passwordLen = strlen(password);\n        if (passwordLen > 0)\n        {\n            password[passwordLen-1] = '\\0';\n        }\n        /* Read the data to be decrypted from a file */\n        pFile = fopen(\"encrypted.txt\", \"rb\");\n        if (pFile == NULL)\n        {\n            exit(1);\n        }\n        if (fread(toBeDecrypted, sizeof(char), 100, pFile) != 100)\n        {\n            fclose(pFile);\n            exit(1);\n        }\n        toBeDecrypted[99] = '\\0';\n        /* Try to get a context with and without a new key set */\n        if(!CryptAcquireContext(&hCryptProv, NULL, MS_ENH_RSA_AES_PROV, PROV_RSA_AES, 0))\n        {\n            if(!CryptAcquireContext(&hCryptProv, NULL, MS_ENH_RSA_AES_PROV, PROV_RSA_AES, CRYPT_NEWKEYSET))\n            {\n                printLine(\"Error in acquiring cryptographic context\");\n                exit(1);\n            }\n        }\n        /* Create Hash handle */\n        if(!CryptCreateHash(hCryptProv, CALG_SHA_256, 0, 0, &hHash))\n        {\n            printLine(\"Error in creating hash\");\n            exit(1);\n        }\n        /* Hash the password */\n        if(!CryptHashData(hHash, (BYTE *) password, passwordLen, 0))\n        {\n            printLine(\"Error in hashing password\");\n            exit(1);\n        }\n        /* Derive a DES key from the Hashed password */\n        if(!CryptDeriveKey(hCryptProv, CALG_DES, hHash, 0, &hKey))\n        {\n            printLine(\"Error in CryptDeriveKey\");\n            exit(1);\n        }\n        /* FLAW: Decrypt using DES */\n        if(!CryptDecrypt(hKey, 0, 1, 0, (BYTE *)toBeDecrypted, &toBeDecryptedLen))\n        {\n            printLine(\"Error in decryption\");\n            exit(1);\n        }\n        /* Ensure the plaintext is NUL-terminated */\n        toBeDecrypted[toBeDecryptedLen] = '\\0';\n        printLine(toBeDecrypted);\n        /* Cleanup */\n        if (hKey)\n        {\n            CryptDestroyKey(hKey);\n        }\n        if (hHash)\n        {\n            CryptDestroyHash(hHash);\n        }\n        if (hCryptProv)\n        {\n            CryptReleaseContext(hCryptProv, 0);\n        }\n        if (pFile)\n        {\n            fclose(pFile);\n        }\n    }\n}",
        "question": "How does modifying the control structure `if (fgets(password, 100, stdin) == NULL)` affect the behavior or output of `CryptDestroyKey`?",
        "choices": {
            "A": "The modification of `if (fgets(password, 100, stdin) == NULL)` directly impacts the execution of `CryptDestroyKey` because its entire operation is controlled by `if (fgets(password, 100, stdin) == NULL)` and located within `if (fgets(password, 100, stdin) == NULL)`.",
            "B": "Modifying `if (fgets(password, 100, stdin) == NULL)` has no impact on the behavior or output of `CryptDestroyKey`.",
            "C": "The change of if (fgets(password, 100, stdin) == NULL) indirectly affects the execution of `CryptDestroyKey`, as the modifications in `if (fgets(password, 100, stdin) == NULL)` influence the arguments or conditions within `CryptDestroyKey`.",
            "D": "It is not possible to determine the effect without additional context."
        },
        "answer": "B",
        "distance": 0
    },
    {
        "case_id": 2732,
        "code": "void CWE327_Use_Broken_Crypto__w32_DES_01_bad()\n{\n    {\n        FILE *pFile;\n        HCRYPTPROV hCryptProv;\n        HCRYPTKEY hKey;\n        HCRYPTHASH hHash;\n        char password[100];\n        size_t passwordLen;\n        char toBeDecrypted[100];\n        DWORD toBeDecryptedLen = sizeof(toBeDecrypted)-1;\n        /* Read the password from the console */\n        printLine(\"Enter the password: \");\n        if (fgets(password, 100, stdin) == NULL)\n        {\n            printLine(\"fgets() failed\");\n            /* Restore NUL terminator if fgets fails */\n            password[0] = '\\0';\n        }\n        /* The next 3 lines remove the carriage return from the string that is\n         * inserted by fgets() */\n        passwordLen = strlen(password);\n        if (passwordLen > 0)\n        {\n            password[passwordLen-1] = '\\0';\n        }\n        /* Read the data to be decrypted from a file */\n        pFile = fopen(\"encrypted.txt\", \"rb\");\n        if (pFile == NULL)\n        {\n            exit(1);\n        }\n        if (fread(toBeDecrypted, sizeof(char), 100, pFile) != 100)\n        {\n            fclose(pFile);\n            exit(1);\n        }\n        toBeDecrypted[99] = '\\0';\n        /* Try to get a context with and without a new key set */\n        if(!CryptAcquireContext(&hCryptProv, NULL, MS_ENH_RSA_AES_PROV, PROV_RSA_AES, 0))\n        {\n            if(!CryptAcquireContext(&hCryptProv, NULL, MS_ENH_RSA_AES_PROV, PROV_RSA_AES, CRYPT_NEWKEYSET))\n            {\n                printLine(\"Error in acquiring cryptographic context\");\n                exit(1);\n            }\n        }\n        /* Create Hash handle */\n        if(!CryptCreateHash(hCryptProv, CALG_SHA_256, 0, 0, &hHash))\n        {\n            printLine(\"Error in creating hash\");\n            exit(1);\n        }\n        /* Hash the password */\n        if(!CryptHashData(hHash, (BYTE *) password, passwordLen, 0))\n        {\n            printLine(\"Error in hashing password\");\n            exit(1);\n        }\n        /* Derive a DES key from the Hashed password */\n        if(!CryptDeriveKey(hCryptProv, CALG_DES, hHash, 0, &hKey))\n        {\n            printLine(\"Error in CryptDeriveKey\");\n            exit(1);\n        }\n        /* FLAW: Decrypt using DES */\n        if(!CryptDecrypt(hKey, 0, 1, 0, (BYTE *)toBeDecrypted, &toBeDecryptedLen))\n        {\n            printLine(\"Error in decryption\");\n            exit(1);\n        }\n        /* Ensure the plaintext is NUL-terminated */\n        toBeDecrypted[toBeDecryptedLen] = '\\0';\n        printLine(toBeDecrypted);\n        /* Cleanup */\n        if (hKey)\n        {\n            CryptDestroyKey(hKey);\n        }\n        if (hHash)\n        {\n            CryptDestroyHash(hHash);\n        }\n        if (hCryptProv)\n        {\n            CryptReleaseContext(hCryptProv, 0);\n        }\n        if (pFile)\n        {\n            fclose(pFile);\n        }\n    }\n}",
        "question": "How does modifying the control structure `if (fgets(password, 100, stdin) == NULL)` affect the behavior or output of `CryptDestroyHash`?",
        "choices": {
            "A": "The modification of `if (fgets(password, 100, stdin) == NULL)` directly impacts the execution of `CryptDestroyHash` because its entire operation is controlled by `if (fgets(password, 100, stdin) == NULL)` and located within `if (fgets(password, 100, stdin) == NULL)`.",
            "B": "Modifying `if (fgets(password, 100, stdin) == NULL)` has no impact on the behavior or output of `CryptDestroyHash`.",
            "C": "The change of if (fgets(password, 100, stdin) == NULL) indirectly affects the execution of `CryptDestroyHash`, as the modifications in `if (fgets(password, 100, stdin) == NULL)` influence the arguments or conditions within `CryptDestroyHash`.",
            "D": "It is not possible to determine the effect without additional context."
        },
        "answer": "B",
        "distance": 0
    }
]