[
    {
        "case_id": 2344,
        "code": "void CWE284_Improper_Access_Control__w32_char_CreateWindowStation_01_bad()\n{\n    {\n        HWINSTA hWinStation;\n        char * wStationName = \"WindowsStationExample\";\n        /* FLAW: Call CreateWindowStationA() with GENERIC_ALL as the 3rd parameter */\n        hWinStation = CreateWindowStationA(\n                          wStationName,\n                          0,\n                          GENERIC_ALL,\n                          NULL);\n        if (hWinStation == NULL)\n        {\n            printLine(\"Windows station could not be created\");\n        }\n        else\n        {\n            printLine(\"Windows Station created successfully\");\n            CloseWindowStation(hWinStation);\n        }\n    }\n}",
        "question": "How does modifying the control structure `if (hWinStation == NULL)` affect the behavior or output of `CloseWindowStation`?",
        "choices": {
            "A": "The modification of `if (hWinStation == NULL)` directly impacts the execution of `CloseWindowStation` because its entire operation is controlled by `if (hWinStation == NULL)` and located within `if (hWinStation == NULL)`.",
            "B": "Modifying `if (hWinStation == NULL)` has no impact on the behavior or output of `CloseWindowStation`.",
            "C": "The change of if (hWinStation == NULL) indirectly affects the execution of `CloseWindowStation`, as the modifications in `if (hWinStation == NULL)` influence the arguments or conditions within `CloseWindowStation`.",
            "D": "It is not possible to determine the effect without additional context."
        },
        "answer": "A",
        "distance": 2
    },
    {
        "case_id": 2344,
        "code": "void CWE284_Improper_Access_Control__w32_char_CreateWindowStation_01_bad()\n{\n    {\n        HWINSTA hWinStation;\n        char * wStationName = \"WindowsStationExample\";\n        /* FLAW: Call CreateWindowStationA() with GENERIC_ALL as the 3rd parameter */\n        hWinStation = CreateWindowStationA(\n                          wStationName,\n                          0,\n                          GENERIC_ALL,\n                          NULL);\n        if (hWinStation == NULL)\n        {\n            printLine(\"Windows station could not be created\");\n        }\n        else\n        {\n            printLine(\"Windows Station created successfully\");\n            CloseWindowStation(hWinStation);\n        }\n    }\n}",
        "question": "How does modifying the control structure `else` affect the behavior or output of `CloseWindowStation`?",
        "choices": {
            "A": "The modification of `else` directly impacts the execution of `CloseWindowStation` because its entire operation is controlled by `else` and located within `else`.",
            "B": "Modifying `else` has no impact on the behavior or output of `CloseWindowStation`.",
            "C": "The change of else indirectly affects the execution of `CloseWindowStation`, as the modifications in `else` influence the arguments or conditions within `CloseWindowStation`.",
            "D": "It is not possible to determine the effect without additional context."
        },
        "answer": "A",
        "distance": 1
    },
    {
        "case_id": 2344,
        "code": "void CWE284_Improper_Access_Control__w32_char_CreateWindowStation_01_bad()\n{\n    {\n        HWINSTA hWinStation;\n        char * wStationName = \"WindowsStationExample\";\n        /* FLAW: Call CreateWindowStationA() with GENERIC_ALL as the 3rd parameter */\n        hWinStation = CreateWindowStationA(\n                          wStationName,\n                          0,\n                          GENERIC_ALL,\n                          NULL);\n        if (hWinStation == NULL)\n        {\n            printLine(\"Windows station could not be created\");\n        }\n        else\n        {\n            printLine(\"Windows Station created successfully\");\n            CloseWindowStation(hWinStation);\n        }\n    }\n}",
        "question": "How does modifying the control structure `else` affect the behavior or output of `CreateWindowStationA`?",
        "choices": {
            "A": "The modification of `else` directly impacts the execution of `CreateWindowStationA` because its entire operation is controlled by `else` and located within `else`.",
            "B": "Modifying `else` has no impact on the behavior or output of `CreateWindowStationA`.",
            "C": "The change of else indirectly affects the execution of `CreateWindowStationA`, as the modifications in `else` influence the arguments or conditions within `CreateWindowStationA`.",
            "D": "It is not possible to determine the effect without additional context."
        },
        "answer": "B",
        "distance": 0
    },
    {
        "case_id": 2344,
        "code": "void CWE284_Improper_Access_Control__w32_char_CreateWindowStation_01_bad()\n{\n    {\n        HWINSTA hWinStation;\n        char * wStationName = \"WindowsStationExample\";\n        /* FLAW: Call CreateWindowStationA() with GENERIC_ALL as the 3rd parameter */\n        hWinStation = CreateWindowStationA(\n                          wStationName,\n                          0,\n                          GENERIC_ALL,\n                          NULL);\n        if (hWinStation == NULL)\n        {\n            printLine(\"Windows station could not be created\");\n        }\n        else\n        {\n            printLine(\"Windows Station created successfully\");\n            CloseWindowStation(hWinStation);\n        }\n    }\n}",
        "question": "How does modifying the control structure `if (hWinStation == NULL)` affect the behavior or output of `CreateWindowStationA`?",
        "choices": {
            "A": "The modification of `if (hWinStation == NULL)` directly impacts the execution of `CreateWindowStationA` because its entire operation is controlled by `if (hWinStation == NULL)` and located within `if (hWinStation == NULL)`.",
            "B": "Modifying `if (hWinStation == NULL)` has no impact on the behavior or output of `CreateWindowStationA`.",
            "C": "The change of if (hWinStation == NULL) indirectly affects the execution of `CreateWindowStationA`, as the modifications in `if (hWinStation == NULL)` influence the arguments or conditions within `CreateWindowStationA`.",
            "D": "It is not possible to determine the effect without additional context."
        },
        "answer": "B",
        "distance": 0
    }
]