[
    {
        "case_id": 1734,
        "code": "void CWE253_Incorrect_Check_of_Function_Return_Value__wchar_t_putchar_01_bad()\n{\n    /* FLAW: putwchar() might fail, in which case the return value will be WEOF (-1), but\n     * we are checking to see if the return value is 0 */\n    if (putwchar((wchar_t)L'A') == 0)\n    {\n        printLine(\"putwchar failed!\");\n    }\n}",
        "question": "How does modifying the control structure `if (putwchar((wchar_t)L'A') == 0)` affect the behavior or output of `printLine`?",
        "choices": {
            "A": "The modification of `if (putwchar((wchar_t)L'A') == 0)` directly impacts the execution of `printLine` because its entire operation is controlled by `if (putwchar((wchar_t)L'A') == 0)` and located within `if (putwchar((wchar_t)L'A') == 0)`.",
            "B": "Modifying `if (putwchar((wchar_t)L'A') == 0)` has no impact on the behavior or output of `printLine`.",
            "C": "The change of if (putwchar((wchar_t)L'A') == 0) indirectly affects the execution of `printLine`, as the modifications in `if (putwchar((wchar_t)L'A') == 0)` influence the arguments or conditions within `printLine`.",
            "D": "It is not possible to determine the effect without additional context."
        },
        "answer": "A",
        "distance": 1
    }
]