[
    {
        "case_id": 5605,
        "code": "void CWE606_Unchecked_Loop_Condition__wchar_t_file_01_bad()\n{\n    wchar_t * data;\n    wchar_t dataBuffer[100] = L\"\";\n    data = dataBuffer;\n    {\n        /* Read input from a file */\n        size_t dataLen = wcslen(data);\n        FILE * pFile;\n        /* if there is room in data, attempt to read the input from a file */\n        if (100-dataLen > 1)\n        {\n            pFile = fopen(FILENAME, \"r\");\n            if (pFile != NULL)\n            {\n                /* POTENTIAL FLAW: Read data from a file */\n                if (fgetws(data+dataLen, (int)(100-dataLen), pFile) == NULL)\n                {\n                    printLine(\"fgetws() failed\");\n                    /* Restore NUL terminator if fgetws fails */\n                    data[dataLen] = L'\\0';\n                }\n                fclose(pFile);\n            }\n        }\n    }\n    {\n        int i, n, intVariable;\n        if (swscanf(data, L\"%d\", &n) == 1)\n        {\n            /* POTENTIAL FLAW: user-supplied value 'n' could lead to very large loop iteration */\n            intVariable = 0;\n            for (i = 0; i < n; i++)\n            {\n                /* INCIDENTAL: CWE 561: Dead Code - non-avoidable if n <= 0 */\n                intVariable++; /* avoid a dead/empty code block issue */\n            }\n            printIntLine(intVariable);\n        }\n    }\n}",
        "question": "How does modifying the control structure `if (100-dataLen > 1)` affect the behavior or output of `fclose`?",
        "choices": {
            "A": "The modification of `if (100-dataLen > 1)` directly impacts the execution of `fclose` because its entire operation is controlled by `if (100-dataLen > 1)` and located within `if (100-dataLen > 1)`.",
            "B": "Modifying `if (100-dataLen > 1)` has no impact on the behavior or output of `fclose`.",
            "C": "The change of if (100-dataLen > 1) indirectly affects the execution of `fclose`, as the modifications in `if (100-dataLen > 1)` influence the arguments or conditions within `fclose`.",
            "D": "It is not possible to determine the effect without additional context."
        },
        "answer": "A",
        "distance": 1
    },
    {
        "case_id": 5605,
        "code": "void CWE606_Unchecked_Loop_Condition__wchar_t_file_01_bad()\n{\n    wchar_t * data;\n    wchar_t dataBuffer[100] = L\"\";\n    data = dataBuffer;\n    {\n        /* Read input from a file */\n        size_t dataLen = wcslen(data);\n        FILE * pFile;\n        /* if there is room in data, attempt to read the input from a file */\n        if (100-dataLen > 1)\n        {\n            pFile = fopen(FILENAME, \"r\");\n            if (pFile != NULL)\n            {\n                /* POTENTIAL FLAW: Read data from a file */\n                if (fgetws(data+dataLen, (int)(100-dataLen), pFile) == NULL)\n                {\n                    printLine(\"fgetws() failed\");\n                    /* Restore NUL terminator if fgetws fails */\n                    data[dataLen] = L'\\0';\n                }\n                fclose(pFile);\n            }\n        }\n    }\n    {\n        int i, n, intVariable;\n        if (swscanf(data, L\"%d\", &n) == 1)\n        {\n            /* POTENTIAL FLAW: user-supplied value 'n' could lead to very large loop iteration */\n            intVariable = 0;\n            for (i = 0; i < n; i++)\n            {\n                /* INCIDENTAL: CWE 561: Dead Code - non-avoidable if n <= 0 */\n                intVariable++; /* avoid a dead/empty code block issue */\n            }\n            printIntLine(intVariable);\n        }\n    }\n}",
        "question": "How does modifying the control structure `if (100-dataLen > 1)` affect the behavior or output of `fopen`?",
        "choices": {
            "A": "The modification of `if (100-dataLen > 1)` directly impacts the execution of `fopen` because its entire operation is controlled by `if (100-dataLen > 1)` and located within `if (100-dataLen > 1)`.",
            "B": "Modifying `if (100-dataLen > 1)` has no impact on the behavior or output of `fopen`.",
            "C": "The change of if (100-dataLen > 1) indirectly affects the execution of `fopen`, as the modifications in `if (100-dataLen > 1)` influence the arguments or conditions within `fopen`.",
            "D": "It is not possible to determine the effect without additional context."
        },
        "answer": "A",
        "distance": 1
    },
    {
        "case_id": 5605,
        "code": "void CWE606_Unchecked_Loop_Condition__wchar_t_file_01_bad()\n{\n    wchar_t * data;\n    wchar_t dataBuffer[100] = L\"\";\n    data = dataBuffer;\n    {\n        /* Read input from a file */\n        size_t dataLen = wcslen(data);\n        FILE * pFile;\n        /* if there is room in data, attempt to read the input from a file */\n        if (100-dataLen > 1)\n        {\n            pFile = fopen(FILENAME, \"r\");\n            if (pFile != NULL)\n            {\n                /* POTENTIAL FLAW: Read data from a file */\n                if (fgetws(data+dataLen, (int)(100-dataLen), pFile) == NULL)\n                {\n                    printLine(\"fgetws() failed\");\n                    /* Restore NUL terminator if fgetws fails */\n                    data[dataLen] = L'\\0';\n                }\n                fclose(pFile);\n            }\n        }\n    }\n    {\n        int i, n, intVariable;\n        if (swscanf(data, L\"%d\", &n) == 1)\n        {\n            /* POTENTIAL FLAW: user-supplied value 'n' could lead to very large loop iteration */\n            intVariable = 0;\n            for (i = 0; i < n; i++)\n            {\n                /* INCIDENTAL: CWE 561: Dead Code - non-avoidable if n <= 0 */\n                intVariable++; /* avoid a dead/empty code block issue */\n            }\n            printIntLine(intVariable);\n        }\n    }\n}",
        "question": "How does modifying the control structure `if (100-dataLen > 1)` affect the behavior or output of `printLine`?",
        "choices": {
            "A": "The modification of `if (100-dataLen > 1)` directly impacts the execution of `printLine` because its entire operation is controlled by `if (100-dataLen > 1)` and located within `if (100-dataLen > 1)`.",
            "B": "Modifying `if (100-dataLen > 1)` has no impact on the behavior or output of `printLine`.",
            "C": "The change of if (100-dataLen > 1) indirectly affects the execution of `printLine`, as the modifications in `if (100-dataLen > 1)` influence the arguments or conditions within `printLine`.",
            "D": "It is not possible to determine the effect without additional context."
        },
        "answer": "A",
        "distance": 1
    },
    {
        "case_id": 5605,
        "code": "void CWE606_Unchecked_Loop_Condition__wchar_t_file_01_bad()\n{\n    wchar_t * data;\n    wchar_t dataBuffer[100] = L\"\";\n    data = dataBuffer;\n    {\n        /* Read input from a file */\n        size_t dataLen = wcslen(data);\n        FILE * pFile;\n        /* if there is room in data, attempt to read the input from a file */\n        if (100-dataLen > 1)\n        {\n            pFile = fopen(FILENAME, \"r\");\n            if (pFile != NULL)\n            {\n                /* POTENTIAL FLAW: Read data from a file */\n                if (fgetws(data+dataLen, (int)(100-dataLen), pFile) == NULL)\n                {\n                    printLine(\"fgetws() failed\");\n                    /* Restore NUL terminator if fgetws fails */\n                    data[dataLen] = L'\\0';\n                }\n                fclose(pFile);\n            }\n        }\n    }\n    {\n        int i, n, intVariable;\n        if (swscanf(data, L\"%d\", &n) == 1)\n        {\n            /* POTENTIAL FLAW: user-supplied value 'n' could lead to very large loop iteration */\n            intVariable = 0;\n            for (i = 0; i < n; i++)\n            {\n                /* INCIDENTAL: CWE 561: Dead Code - non-avoidable if n <= 0 */\n                intVariable++; /* avoid a dead/empty code block issue */\n            }\n            printIntLine(intVariable);\n        }\n    }\n}",
        "question": "How does modifying the control structure `if (swscanf(data, L\"%d\", &n) == 1)` affect the behavior or output of `printIntLine`?",
        "choices": {
            "A": "The modification of `if (swscanf(data, L\"%d\", &n) == 1)` directly impacts the execution of `printIntLine` because its entire operation is controlled by `if (swscanf(data, L\"%d\", &n) == 1)` and located within `if (swscanf(data, L\"%d\", &n) == 1)`.",
            "B": "Modifying `if (swscanf(data, L\"%d\", &n) == 1)` has no impact on the behavior or output of `printIntLine`.",
            "C": "The change of if (swscanf(data, L\"%d\", &n) == 1) indirectly affects the execution of `printIntLine`, as the modifications in `if (swscanf(data, L\"%d\", &n) == 1)` influence the arguments or conditions within `printIntLine`.",
            "D": "It is not possible to determine the effect without additional context."
        },
        "answer": "A",
        "distance": 1
    },
    {
        "case_id": 5605,
        "code": "void CWE606_Unchecked_Loop_Condition__wchar_t_file_01_bad()\n{\n    wchar_t * data;\n    wchar_t dataBuffer[100] = L\"\";\n    data = dataBuffer;\n    {\n        /* Read input from a file */\n        size_t dataLen = wcslen(data);\n        FILE * pFile;\n        /* if there is room in data, attempt to read the input from a file */\n        if (100-dataLen > 1)\n        {\n            pFile = fopen(FILENAME, \"r\");\n            if (pFile != NULL)\n            {\n                /* POTENTIAL FLAW: Read data from a file */\n                if (fgetws(data+dataLen, (int)(100-dataLen), pFile) == NULL)\n                {\n                    printLine(\"fgetws() failed\");\n                    /* Restore NUL terminator if fgetws fails */\n                    data[dataLen] = L'\\0';\n                }\n                fclose(pFile);\n            }\n        }\n    }\n    {\n        int i, n, intVariable;\n        if (swscanf(data, L\"%d\", &n) == 1)\n        {\n            /* POTENTIAL FLAW: user-supplied value 'n' could lead to very large loop iteration */\n            intVariable = 0;\n            for (i = 0; i < n; i++)\n            {\n                /* INCIDENTAL: CWE 561: Dead Code - non-avoidable if n <= 0 */\n                intVariable++; /* avoid a dead/empty code block issue */\n            }\n            printIntLine(intVariable);\n        }\n    }\n}",
        "question": "How does modifying the control structure `if (pFile != NULL)` affect the behavior or output of `fclose`?",
        "choices": {
            "A": "The modification of `if (pFile != NULL)` directly impacts the execution of `fclose` because its entire operation is controlled by `if (pFile != NULL)` and located within `if (pFile != NULL)`.",
            "B": "Modifying `if (pFile != NULL)` has no impact on the behavior or output of `fclose`.",
            "C": "The change of if (pFile != NULL) indirectly affects the execution of `fclose`, as the modifications in `if (pFile != NULL)` influence the arguments or conditions within `fclose`.",
            "D": "It is not possible to determine the effect without additional context."
        },
        "answer": "B",
        "distance": 0
    },
    {
        "case_id": 5605,
        "code": "void CWE606_Unchecked_Loop_Condition__wchar_t_file_01_bad()\n{\n    wchar_t * data;\n    wchar_t dataBuffer[100] = L\"\";\n    data = dataBuffer;\n    {\n        /* Read input from a file */\n        size_t dataLen = wcslen(data);\n        FILE * pFile;\n        /* if there is room in data, attempt to read the input from a file */\n        if (100-dataLen > 1)\n        {\n            pFile = fopen(FILENAME, \"r\");\n            if (pFile != NULL)\n            {\n                /* POTENTIAL FLAW: Read data from a file */\n                if (fgetws(data+dataLen, (int)(100-dataLen), pFile) == NULL)\n                {\n                    printLine(\"fgetws() failed\");\n                    /* Restore NUL terminator if fgetws fails */\n                    data[dataLen] = L'\\0';\n                }\n                fclose(pFile);\n            }\n        }\n    }\n    {\n        int i, n, intVariable;\n        if (swscanf(data, L\"%d\", &n) == 1)\n        {\n            /* POTENTIAL FLAW: user-supplied value 'n' could lead to very large loop iteration */\n            intVariable = 0;\n            for (i = 0; i < n; i++)\n            {\n                /* INCIDENTAL: CWE 561: Dead Code - non-avoidable if n <= 0 */\n                intVariable++; /* avoid a dead/empty code block issue */\n            }\n            printIntLine(intVariable);\n        }\n    }\n}",
        "question": "How does modifying the control structure `if (pFile != NULL)` affect the behavior or output of `wcslen`?",
        "choices": {
            "A": "The modification of `if (pFile != NULL)` directly impacts the execution of `wcslen` because its entire operation is controlled by `if (pFile != NULL)` and located within `if (pFile != NULL)`.",
            "B": "Modifying `if (pFile != NULL)` has no impact on the behavior or output of `wcslen`.",
            "C": "The change of if (pFile != NULL) indirectly affects the execution of `wcslen`, as the modifications in `if (pFile != NULL)` influence the arguments or conditions within `wcslen`.",
            "D": "It is not possible to determine the effect without additional context."
        },
        "answer": "B",
        "distance": 0
    },
    {
        "case_id": 5605,
        "code": "void CWE606_Unchecked_Loop_Condition__wchar_t_file_01_bad()\n{\n    wchar_t * data;\n    wchar_t dataBuffer[100] = L\"\";\n    data = dataBuffer;\n    {\n        /* Read input from a file */\n        size_t dataLen = wcslen(data);\n        FILE * pFile;\n        /* if there is room in data, attempt to read the input from a file */\n        if (100-dataLen > 1)\n        {\n            pFile = fopen(FILENAME, \"r\");\n            if (pFile != NULL)\n            {\n                /* POTENTIAL FLAW: Read data from a file */\n                if (fgetws(data+dataLen, (int)(100-dataLen), pFile) == NULL)\n                {\n                    printLine(\"fgetws() failed\");\n                    /* Restore NUL terminator if fgetws fails */\n                    data[dataLen] = L'\\0';\n                }\n                fclose(pFile);\n            }\n        }\n    }\n    {\n        int i, n, intVariable;\n        if (swscanf(data, L\"%d\", &n) == 1)\n        {\n            /* POTENTIAL FLAW: user-supplied value 'n' could lead to very large loop iteration */\n            intVariable = 0;\n            for (i = 0; i < n; i++)\n            {\n                /* INCIDENTAL: CWE 561: Dead Code - non-avoidable if n <= 0 */\n                intVariable++; /* avoid a dead/empty code block issue */\n            }\n            printIntLine(intVariable);\n        }\n    }\n}",
        "question": "How does modifying the control structure `if (pFile != NULL)` affect the behavior or output of `fopen`?",
        "choices": {
            "A": "The modification of `if (pFile != NULL)` directly impacts the execution of `fopen` because its entire operation is controlled by `if (pFile != NULL)` and located within `if (pFile != NULL)`.",
            "B": "Modifying `if (pFile != NULL)` has no impact on the behavior or output of `fopen`.",
            "C": "The change of if (pFile != NULL) indirectly affects the execution of `fopen`, as the modifications in `if (pFile != NULL)` influence the arguments or conditions within `fopen`.",
            "D": "It is not possible to determine the effect without additional context."
        },
        "answer": "B",
        "distance": 0
    },
    {
        "case_id": 5605,
        "code": "void CWE606_Unchecked_Loop_Condition__wchar_t_file_01_bad()\n{\n    wchar_t * data;\n    wchar_t dataBuffer[100] = L\"\";\n    data = dataBuffer;\n    {\n        /* Read input from a file */\n        size_t dataLen = wcslen(data);\n        FILE * pFile;\n        /* if there is room in data, attempt to read the input from a file */\n        if (100-dataLen > 1)\n        {\n            pFile = fopen(FILENAME, \"r\");\n            if (pFile != NULL)\n            {\n                /* POTENTIAL FLAW: Read data from a file */\n                if (fgetws(data+dataLen, (int)(100-dataLen), pFile) == NULL)\n                {\n                    printLine(\"fgetws() failed\");\n                    /* Restore NUL terminator if fgetws fails */\n                    data[dataLen] = L'\\0';\n                }\n                fclose(pFile);\n            }\n        }\n    }\n    {\n        int i, n, intVariable;\n        if (swscanf(data, L\"%d\", &n) == 1)\n        {\n            /* POTENTIAL FLAW: user-supplied value 'n' could lead to very large loop iteration */\n            intVariable = 0;\n            for (i = 0; i < n; i++)\n            {\n                /* INCIDENTAL: CWE 561: Dead Code - non-avoidable if n <= 0 */\n                intVariable++; /* avoid a dead/empty code block issue */\n            }\n            printIntLine(intVariable);\n        }\n    }\n}",
        "question": "How does modifying the control structure `if (pFile != NULL)` affect the behavior or output of `printLine`?",
        "choices": {
            "A": "The modification of `if (pFile != NULL)` directly impacts the execution of `printLine` because its entire operation is controlled by `if (pFile != NULL)` and located within `if (pFile != NULL)`.",
            "B": "Modifying `if (pFile != NULL)` has no impact on the behavior or output of `printLine`.",
            "C": "The change of if (pFile != NULL) indirectly affects the execution of `printLine`, as the modifications in `if (pFile != NULL)` influence the arguments or conditions within `printLine`.",
            "D": "It is not possible to determine the effect without additional context."
        },
        "answer": "B",
        "distance": 0
    }
]