[
    {
        "case_id": 7505,
        "code": "void CWE90_LDAP_Injection__w32_wchar_t_listen_socket_01_bad()\n{\n    wchar_t * data;\n    wchar_t dataBuffer[256] = L\"\";\n    data = dataBuffer;\n    {\n#ifdef _WIN32\n        WSADATA wsaData;\n        int wsaDataInit = 0;\n#endif\n        int recvResult;\n        struct sockaddr_in service;\n        wchar_t *replace;\n        SOCKET listenSocket = INVALID_SOCKET;\n        SOCKET acceptSocket = INVALID_SOCKET;\n        size_t dataLen = wcslen(data);\n        do\n        {\n#ifdef _WIN32\n            if (WSAStartup(MAKEWORD(2,2), &wsaData) != NO_ERROR)\n            {\n                break;\n            }\n            wsaDataInit = 1;\n#endif\n            /* POTENTIAL FLAW: Read data using a listen socket */\n            listenSocket = socket(AF_INET, SOCK_STREAM, IPPROTO_TCP);\n            if (listenSocket == INVALID_SOCKET)\n            {\n                break;\n            }\n            memset(&service, 0, sizeof(service));\n            service.sin_family = AF_INET;\n            service.sin_addr.s_addr = INADDR_ANY;\n            service.sin_port = htons(TCP_PORT);\n            if (bind(listenSocket, (struct sockaddr*)&service, sizeof(service)) == SOCKET_ERROR)\n            {\n                break;\n            }\n            if (listen(listenSocket, LISTEN_BACKLOG) == SOCKET_ERROR)\n            {\n                break;\n            }\n            acceptSocket = accept(listenSocket, NULL, NULL);\n            if (acceptSocket == SOCKET_ERROR)\n            {\n                break;\n            }\n            /* Abort on error or the connection was closed */\n            recvResult = recv(acceptSocket, (char *)(data + dataLen), sizeof(wchar_t) * (256 - dataLen - 1), 0);\n            if (recvResult == SOCKET_ERROR || recvResult == 0)\n            {\n                break;\n            }\n            /* Append null terminator */\n            data[dataLen + recvResult / sizeof(wchar_t)] = L'\\0';\n            /* Eliminate CRLF */\n            replace = wcschr(data, L'\\r');\n            if (replace)\n            {\n                *replace = L'\\0';\n            }\n            replace = wcschr(data, L'\\n');\n            if (replace)\n            {\n                *replace = L'\\0';\n            }\n        }\n        while (0);\n        if (listenSocket != INVALID_SOCKET)\n        {\n            CLOSE_SOCKET(listenSocket);\n        }\n        if (acceptSocket != INVALID_SOCKET)\n        {\n            CLOSE_SOCKET(acceptSocket);\n        }\n#ifdef _WIN32\n        if (wsaDataInit)\n        {\n            WSACleanup();\n        }\n#endif\n    }\n    {\n        LDAP* pLdapConnection = NULL;\n        ULONG connectSuccess = 0L;\n        ULONG searchSuccess = 0L;\n        LDAPMessage *pMessage = NULL;\n        wchar_t filter[256];\n        /* POTENTIAL FLAW: data concatenated into LDAP search, which could result in LDAP Injection*/\n        _snwprintf(filter, 256-1, L\"(cn=%s)\", data);\n        pLdapConnection = ldap_initW(L\"localhost\", LDAP_PORT);\n        if (pLdapConnection == NULL)\n        {\n            printLine(\"Initialization failed\");\n            exit(1);\n        }\n        connectSuccess = ldap_connect(pLdapConnection, NULL);\n        if (connectSuccess != LDAP_SUCCESS)\n        {\n            printLine(\"Connection failed\");\n            exit(1);\n        }\n        searchSuccess = ldap_search_ext_sW(\n                            pLdapConnection,\n                            L\"base\",\n                            LDAP_SCOPE_SUBTREE,\n                            filter,\n                            NULL,\n                            0,\n                            NULL,\n                            NULL,\n                            LDAP_NO_LIMIT,\n                            LDAP_NO_LIMIT,\n                            &pMessage);\n        if (searchSuccess != LDAP_SUCCESS)\n        {\n            printLine(\"Search failed\");\n            if (pMessage != NULL)\n            {\n                ldap_msgfree(pMessage);\n            }\n            exit(1);\n        }\n        /* Typically you would do something with the search results, but this is a test case and we can ignore them */\n        /* Free the results to avoid incidentals */\n        if (pMessage != NULL)\n        {\n            ldap_msgfree(pMessage);\n        }\n        /* Close the connection */\n        ldap_unbind(pLdapConnection);\n    }\n}",
        "question": "How does modifying the control structure `do` affect the behavior or output of `accept`?",
        "choices": {
            "A": "The modification of `do` directly impacts the execution of `accept` because its entire operation is controlled by `do` and located within `do`.",
            "B": "Modifying `do` has no impact on the behavior or output of `accept`.",
            "C": "The change of do indirectly affects the execution of `accept`, as the modifications in `do` influence the arguments or conditions within `accept`.",
            "D": "It is not possible to determine the effect without additional context."
        },
        "answer": "A",
        "distance": 1
    },
    {
        "case_id": 7505,
        "code": "void CWE90_LDAP_Injection__w32_wchar_t_listen_socket_01_bad()\n{\n    wchar_t * data;\n    wchar_t dataBuffer[256] = L\"\";\n    data = dataBuffer;\n    {\n#ifdef _WIN32\n        WSADATA wsaData;\n        int wsaDataInit = 0;\n#endif\n        int recvResult;\n        struct sockaddr_in service;\n        wchar_t *replace;\n        SOCKET listenSocket = INVALID_SOCKET;\n        SOCKET acceptSocket = INVALID_SOCKET;\n        size_t dataLen = wcslen(data);\n        do\n        {\n#ifdef _WIN32\n            if (WSAStartup(MAKEWORD(2,2), &wsaData) != NO_ERROR)\n            {\n                break;\n            }\n            wsaDataInit = 1;\n#endif\n            /* POTENTIAL FLAW: Read data using a listen socket */\n            listenSocket = socket(AF_INET, SOCK_STREAM, IPPROTO_TCP);\n            if (listenSocket == INVALID_SOCKET)\n            {\n                break;\n            }\n            memset(&service, 0, sizeof(service));\n            service.sin_family = AF_INET;\n            service.sin_addr.s_addr = INADDR_ANY;\n            service.sin_port = htons(TCP_PORT);\n            if (bind(listenSocket, (struct sockaddr*)&service, sizeof(service)) == SOCKET_ERROR)\n            {\n                break;\n            }\n            if (listen(listenSocket, LISTEN_BACKLOG) == SOCKET_ERROR)\n            {\n                break;\n            }\n            acceptSocket = accept(listenSocket, NULL, NULL);\n            if (acceptSocket == SOCKET_ERROR)\n            {\n                break;\n            }\n            /* Abort on error or the connection was closed */\n            recvResult = recv(acceptSocket, (char *)(data + dataLen), sizeof(wchar_t) * (256 - dataLen - 1), 0);\n            if (recvResult == SOCKET_ERROR || recvResult == 0)\n            {\n                break;\n            }\n            /* Append null terminator */\n            data[dataLen + recvResult / sizeof(wchar_t)] = L'\\0';\n            /* Eliminate CRLF */\n            replace = wcschr(data, L'\\r');\n            if (replace)\n            {\n                *replace = L'\\0';\n            }\n            replace = wcschr(data, L'\\n');\n            if (replace)\n            {\n                *replace = L'\\0';\n            }\n        }\n        while (0);\n        if (listenSocket != INVALID_SOCKET)\n        {\n            CLOSE_SOCKET(listenSocket);\n        }\n        if (acceptSocket != INVALID_SOCKET)\n        {\n            CLOSE_SOCKET(acceptSocket);\n        }\n#ifdef _WIN32\n        if (wsaDataInit)\n        {\n            WSACleanup();\n        }\n#endif\n    }\n    {\n        LDAP* pLdapConnection = NULL;\n        ULONG connectSuccess = 0L;\n        ULONG searchSuccess = 0L;\n        LDAPMessage *pMessage = NULL;\n        wchar_t filter[256];\n        /* POTENTIAL FLAW: data concatenated into LDAP search, which could result in LDAP Injection*/\n        _snwprintf(filter, 256-1, L\"(cn=%s)\", data);\n        pLdapConnection = ldap_initW(L\"localhost\", LDAP_PORT);\n        if (pLdapConnection == NULL)\n        {\n            printLine(\"Initialization failed\");\n            exit(1);\n        }\n        connectSuccess = ldap_connect(pLdapConnection, NULL);\n        if (connectSuccess != LDAP_SUCCESS)\n        {\n            printLine(\"Connection failed\");\n            exit(1);\n        }\n        searchSuccess = ldap_search_ext_sW(\n                            pLdapConnection,\n                            L\"base\",\n                            LDAP_SCOPE_SUBTREE,\n                            filter,\n                            NULL,\n                            0,\n                            NULL,\n                            NULL,\n                            LDAP_NO_LIMIT,\n                            LDAP_NO_LIMIT,\n                            &pMessage);\n        if (searchSuccess != LDAP_SUCCESS)\n        {\n            printLine(\"Search failed\");\n            if (pMessage != NULL)\n            {\n                ldap_msgfree(pMessage);\n            }\n            exit(1);\n        }\n        /* Typically you would do something with the search results, but this is a test case and we can ignore them */\n        /* Free the results to avoid incidentals */\n        if (pMessage != NULL)\n        {\n            ldap_msgfree(pMessage);\n        }\n        /* Close the connection */\n        ldap_unbind(pLdapConnection);\n    }\n}",
        "question": "How does modifying the control structure `do` affect the behavior or output of `memset`?",
        "choices": {
            "A": "The modification of `do` directly impacts the execution of `memset` because its entire operation is controlled by `do` and located within `do`.",
            "B": "Modifying `do` has no impact on the behavior or output of `memset`.",
            "C": "The change of do indirectly affects the execution of `memset`, as the modifications in `do` influence the arguments or conditions within `memset`.",
            "D": "It is not possible to determine the effect without additional context."
        },
        "answer": "A",
        "distance": 1
    },
    {
        "case_id": 7505,
        "code": "void CWE90_LDAP_Injection__w32_wchar_t_listen_socket_01_bad()\n{\n    wchar_t * data;\n    wchar_t dataBuffer[256] = L\"\";\n    data = dataBuffer;\n    {\n#ifdef _WIN32\n        WSADATA wsaData;\n        int wsaDataInit = 0;\n#endif\n        int recvResult;\n        struct sockaddr_in service;\n        wchar_t *replace;\n        SOCKET listenSocket = INVALID_SOCKET;\n        SOCKET acceptSocket = INVALID_SOCKET;\n        size_t dataLen = wcslen(data);\n        do\n        {\n#ifdef _WIN32\n            if (WSAStartup(MAKEWORD(2,2), &wsaData) != NO_ERROR)\n            {\n                break;\n            }\n            wsaDataInit = 1;\n#endif\n            /* POTENTIAL FLAW: Read data using a listen socket */\n            listenSocket = socket(AF_INET, SOCK_STREAM, IPPROTO_TCP);\n            if (listenSocket == INVALID_SOCKET)\n            {\n                break;\n            }\n            memset(&service, 0, sizeof(service));\n            service.sin_family = AF_INET;\n            service.sin_addr.s_addr = INADDR_ANY;\n            service.sin_port = htons(TCP_PORT);\n            if (bind(listenSocket, (struct sockaddr*)&service, sizeof(service)) == SOCKET_ERROR)\n            {\n                break;\n            }\n            if (listen(listenSocket, LISTEN_BACKLOG) == SOCKET_ERROR)\n            {\n                break;\n            }\n            acceptSocket = accept(listenSocket, NULL, NULL);\n            if (acceptSocket == SOCKET_ERROR)\n            {\n                break;\n            }\n            /* Abort on error or the connection was closed */\n            recvResult = recv(acceptSocket, (char *)(data + dataLen), sizeof(wchar_t) * (256 - dataLen - 1), 0);\n            if (recvResult == SOCKET_ERROR || recvResult == 0)\n            {\n                break;\n            }\n            /* Append null terminator */\n            data[dataLen + recvResult / sizeof(wchar_t)] = L'\\0';\n            /* Eliminate CRLF */\n            replace = wcschr(data, L'\\r');\n            if (replace)\n            {\n                *replace = L'\\0';\n            }\n            replace = wcschr(data, L'\\n');\n            if (replace)\n            {\n                *replace = L'\\0';\n            }\n        }\n        while (0);\n        if (listenSocket != INVALID_SOCKET)\n        {\n            CLOSE_SOCKET(listenSocket);\n        }\n        if (acceptSocket != INVALID_SOCKET)\n        {\n            CLOSE_SOCKET(acceptSocket);\n        }\n#ifdef _WIN32\n        if (wsaDataInit)\n        {\n            WSACleanup();\n        }\n#endif\n    }\n    {\n        LDAP* pLdapConnection = NULL;\n        ULONG connectSuccess = 0L;\n        ULONG searchSuccess = 0L;\n        LDAPMessage *pMessage = NULL;\n        wchar_t filter[256];\n        /* POTENTIAL FLAW: data concatenated into LDAP search, which could result in LDAP Injection*/\n        _snwprintf(filter, 256-1, L\"(cn=%s)\", data);\n        pLdapConnection = ldap_initW(L\"localhost\", LDAP_PORT);\n        if (pLdapConnection == NULL)\n        {\n            printLine(\"Initialization failed\");\n            exit(1);\n        }\n        connectSuccess = ldap_connect(pLdapConnection, NULL);\n        if (connectSuccess != LDAP_SUCCESS)\n        {\n            printLine(\"Connection failed\");\n            exit(1);\n        }\n        searchSuccess = ldap_search_ext_sW(\n                            pLdapConnection,\n                            L\"base\",\n                            LDAP_SCOPE_SUBTREE,\n                            filter,\n                            NULL,\n                            0,\n                            NULL,\n                            NULL,\n                            LDAP_NO_LIMIT,\n                            LDAP_NO_LIMIT,\n                            &pMessage);\n        if (searchSuccess != LDAP_SUCCESS)\n        {\n            printLine(\"Search failed\");\n            if (pMessage != NULL)\n            {\n                ldap_msgfree(pMessage);\n            }\n            exit(1);\n        }\n        /* Typically you would do something with the search results, but this is a test case and we can ignore them */\n        /* Free the results to avoid incidentals */\n        if (pMessage != NULL)\n        {\n            ldap_msgfree(pMessage);\n        }\n        /* Close the connection */\n        ldap_unbind(pLdapConnection);\n    }\n}",
        "question": "How does modifying the control structure `do` affect the behavior or output of `htons`?",
        "choices": {
            "A": "The modification of `do` directly impacts the execution of `htons` because its entire operation is controlled by `do` and located within `do`.",
            "B": "Modifying `do` has no impact on the behavior or output of `htons`.",
            "C": "The change of do indirectly affects the execution of `htons`, as the modifications in `do` influence the arguments or conditions within `htons`.",
            "D": "It is not possible to determine the effect without additional context."
        },
        "answer": "A",
        "distance": 1
    },
    {
        "case_id": 7505,
        "code": "void CWE90_LDAP_Injection__w32_wchar_t_listen_socket_01_bad()\n{\n    wchar_t * data;\n    wchar_t dataBuffer[256] = L\"\";\n    data = dataBuffer;\n    {\n#ifdef _WIN32\n        WSADATA wsaData;\n        int wsaDataInit = 0;\n#endif\n        int recvResult;\n        struct sockaddr_in service;\n        wchar_t *replace;\n        SOCKET listenSocket = INVALID_SOCKET;\n        SOCKET acceptSocket = INVALID_SOCKET;\n        size_t dataLen = wcslen(data);\n        do\n        {\n#ifdef _WIN32\n            if (WSAStartup(MAKEWORD(2,2), &wsaData) != NO_ERROR)\n            {\n                break;\n            }\n            wsaDataInit = 1;\n#endif\n            /* POTENTIAL FLAW: Read data using a listen socket */\n            listenSocket = socket(AF_INET, SOCK_STREAM, IPPROTO_TCP);\n            if (listenSocket == INVALID_SOCKET)\n            {\n                break;\n            }\n            memset(&service, 0, sizeof(service));\n            service.sin_family = AF_INET;\n            service.sin_addr.s_addr = INADDR_ANY;\n            service.sin_port = htons(TCP_PORT);\n            if (bind(listenSocket, (struct sockaddr*)&service, sizeof(service)) == SOCKET_ERROR)\n            {\n                break;\n            }\n            if (listen(listenSocket, LISTEN_BACKLOG) == SOCKET_ERROR)\n            {\n                break;\n            }\n            acceptSocket = accept(listenSocket, NULL, NULL);\n            if (acceptSocket == SOCKET_ERROR)\n            {\n                break;\n            }\n            /* Abort on error or the connection was closed */\n            recvResult = recv(acceptSocket, (char *)(data + dataLen), sizeof(wchar_t) * (256 - dataLen - 1), 0);\n            if (recvResult == SOCKET_ERROR || recvResult == 0)\n            {\n                break;\n            }\n            /* Append null terminator */\n            data[dataLen + recvResult / sizeof(wchar_t)] = L'\\0';\n            /* Eliminate CRLF */\n            replace = wcschr(data, L'\\r');\n            if (replace)\n            {\n                *replace = L'\\0';\n            }\n            replace = wcschr(data, L'\\n');\n            if (replace)\n            {\n                *replace = L'\\0';\n            }\n        }\n        while (0);\n        if (listenSocket != INVALID_SOCKET)\n        {\n            CLOSE_SOCKET(listenSocket);\n        }\n        if (acceptSocket != INVALID_SOCKET)\n        {\n            CLOSE_SOCKET(acceptSocket);\n        }\n#ifdef _WIN32\n        if (wsaDataInit)\n        {\n            WSACleanup();\n        }\n#endif\n    }\n    {\n        LDAP* pLdapConnection = NULL;\n        ULONG connectSuccess = 0L;\n        ULONG searchSuccess = 0L;\n        LDAPMessage *pMessage = NULL;\n        wchar_t filter[256];\n        /* POTENTIAL FLAW: data concatenated into LDAP search, which could result in LDAP Injection*/\n        _snwprintf(filter, 256-1, L\"(cn=%s)\", data);\n        pLdapConnection = ldap_initW(L\"localhost\", LDAP_PORT);\n        if (pLdapConnection == NULL)\n        {\n            printLine(\"Initialization failed\");\n            exit(1);\n        }\n        connectSuccess = ldap_connect(pLdapConnection, NULL);\n        if (connectSuccess != LDAP_SUCCESS)\n        {\n            printLine(\"Connection failed\");\n            exit(1);\n        }\n        searchSuccess = ldap_search_ext_sW(\n                            pLdapConnection,\n                            L\"base\",\n                            LDAP_SCOPE_SUBTREE,\n                            filter,\n                            NULL,\n                            0,\n                            NULL,\n                            NULL,\n                            LDAP_NO_LIMIT,\n                            LDAP_NO_LIMIT,\n                            &pMessage);\n        if (searchSuccess != LDAP_SUCCESS)\n        {\n            printLine(\"Search failed\");\n            if (pMessage != NULL)\n            {\n                ldap_msgfree(pMessage);\n            }\n            exit(1);\n        }\n        /* Typically you would do something with the search results, but this is a test case and we can ignore them */\n        /* Free the results to avoid incidentals */\n        if (pMessage != NULL)\n        {\n            ldap_msgfree(pMessage);\n        }\n        /* Close the connection */\n        ldap_unbind(pLdapConnection);\n    }\n}",
        "question": "How does modifying the control structure `do` affect the behavior or output of `recv`?",
        "choices": {
            "A": "The modification of `do` directly impacts the execution of `recv` because its entire operation is controlled by `do` and located within `do`.",
            "B": "Modifying `do` has no impact on the behavior or output of `recv`.",
            "C": "The change of do indirectly affects the execution of `recv`, as the modifications in `do` influence the arguments or conditions within `recv`.",
            "D": "It is not possible to determine the effect without additional context."
        },
        "answer": "A",
        "distance": 1
    },
    {
        "case_id": 7505,
        "code": "void CWE90_LDAP_Injection__w32_wchar_t_listen_socket_01_bad()\n{\n    wchar_t * data;\n    wchar_t dataBuffer[256] = L\"\";\n    data = dataBuffer;\n    {\n#ifdef _WIN32\n        WSADATA wsaData;\n        int wsaDataInit = 0;\n#endif\n        int recvResult;\n        struct sockaddr_in service;\n        wchar_t *replace;\n        SOCKET listenSocket = INVALID_SOCKET;\n        SOCKET acceptSocket = INVALID_SOCKET;\n        size_t dataLen = wcslen(data);\n        do\n        {\n#ifdef _WIN32\n            if (WSAStartup(MAKEWORD(2,2), &wsaData) != NO_ERROR)\n            {\n                break;\n            }\n            wsaDataInit = 1;\n#endif\n            /* POTENTIAL FLAW: Read data using a listen socket */\n            listenSocket = socket(AF_INET, SOCK_STREAM, IPPROTO_TCP);\n            if (listenSocket == INVALID_SOCKET)\n            {\n                break;\n            }\n            memset(&service, 0, sizeof(service));\n            service.sin_family = AF_INET;\n            service.sin_addr.s_addr = INADDR_ANY;\n            service.sin_port = htons(TCP_PORT);\n            if (bind(listenSocket, (struct sockaddr*)&service, sizeof(service)) == SOCKET_ERROR)\n            {\n                break;\n            }\n            if (listen(listenSocket, LISTEN_BACKLOG) == SOCKET_ERROR)\n            {\n                break;\n            }\n            acceptSocket = accept(listenSocket, NULL, NULL);\n            if (acceptSocket == SOCKET_ERROR)\n            {\n                break;\n            }\n            /* Abort on error or the connection was closed */\n            recvResult = recv(acceptSocket, (char *)(data + dataLen), sizeof(wchar_t) * (256 - dataLen - 1), 0);\n            if (recvResult == SOCKET_ERROR || recvResult == 0)\n            {\n                break;\n            }\n            /* Append null terminator */\n            data[dataLen + recvResult / sizeof(wchar_t)] = L'\\0';\n            /* Eliminate CRLF */\n            replace = wcschr(data, L'\\r');\n            if (replace)\n            {\n                *replace = L'\\0';\n            }\n            replace = wcschr(data, L'\\n');\n            if (replace)\n            {\n                *replace = L'\\0';\n            }\n        }\n        while (0);\n        if (listenSocket != INVALID_SOCKET)\n        {\n            CLOSE_SOCKET(listenSocket);\n        }\n        if (acceptSocket != INVALID_SOCKET)\n        {\n            CLOSE_SOCKET(acceptSocket);\n        }\n#ifdef _WIN32\n        if (wsaDataInit)\n        {\n            WSACleanup();\n        }\n#endif\n    }\n    {\n        LDAP* pLdapConnection = NULL;\n        ULONG connectSuccess = 0L;\n        ULONG searchSuccess = 0L;\n        LDAPMessage *pMessage = NULL;\n        wchar_t filter[256];\n        /* POTENTIAL FLAW: data concatenated into LDAP search, which could result in LDAP Injection*/\n        _snwprintf(filter, 256-1, L\"(cn=%s)\", data);\n        pLdapConnection = ldap_initW(L\"localhost\", LDAP_PORT);\n        if (pLdapConnection == NULL)\n        {\n            printLine(\"Initialization failed\");\n            exit(1);\n        }\n        connectSuccess = ldap_connect(pLdapConnection, NULL);\n        if (connectSuccess != LDAP_SUCCESS)\n        {\n            printLine(\"Connection failed\");\n            exit(1);\n        }\n        searchSuccess = ldap_search_ext_sW(\n                            pLdapConnection,\n                            L\"base\",\n                            LDAP_SCOPE_SUBTREE,\n                            filter,\n                            NULL,\n                            0,\n                            NULL,\n                            NULL,\n                            LDAP_NO_LIMIT,\n                            LDAP_NO_LIMIT,\n                            &pMessage);\n        if (searchSuccess != LDAP_SUCCESS)\n        {\n            printLine(\"Search failed\");\n            if (pMessage != NULL)\n            {\n                ldap_msgfree(pMessage);\n            }\n            exit(1);\n        }\n        /* Typically you would do something with the search results, but this is a test case and we can ignore them */\n        /* Free the results to avoid incidentals */\n        if (pMessage != NULL)\n        {\n            ldap_msgfree(pMessage);\n        }\n        /* Close the connection */\n        ldap_unbind(pLdapConnection);\n    }\n}",
        "question": "How does modifying the control structure `if (pMessage != NULL)` affect the behavior or output of `accept`?",
        "choices": {
            "A": "The modification of `if (pMessage != NULL)` directly impacts the execution of `accept` because its entire operation is controlled by `if (pMessage != NULL)` and located within `if (pMessage != NULL)`.",
            "B": "Modifying `if (pMessage != NULL)` has no impact on the behavior or output of `accept`.",
            "C": "The change of if (pMessage != NULL) indirectly affects the execution of `accept`, as the modifications in `if (pMessage != NULL)` influence the arguments or conditions within `accept`.",
            "D": "It is not possible to determine the effect without additional context."
        },
        "answer": "B",
        "distance": 0
    },
    {
        "case_id": 7505,
        "code": "void CWE90_LDAP_Injection__w32_wchar_t_listen_socket_01_bad()\n{\n    wchar_t * data;\n    wchar_t dataBuffer[256] = L\"\";\n    data = dataBuffer;\n    {\n#ifdef _WIN32\n        WSADATA wsaData;\n        int wsaDataInit = 0;\n#endif\n        int recvResult;\n        struct sockaddr_in service;\n        wchar_t *replace;\n        SOCKET listenSocket = INVALID_SOCKET;\n        SOCKET acceptSocket = INVALID_SOCKET;\n        size_t dataLen = wcslen(data);\n        do\n        {\n#ifdef _WIN32\n            if (WSAStartup(MAKEWORD(2,2), &wsaData) != NO_ERROR)\n            {\n                break;\n            }\n            wsaDataInit = 1;\n#endif\n            /* POTENTIAL FLAW: Read data using a listen socket */\n            listenSocket = socket(AF_INET, SOCK_STREAM, IPPROTO_TCP);\n            if (listenSocket == INVALID_SOCKET)\n            {\n                break;\n            }\n            memset(&service, 0, sizeof(service));\n            service.sin_family = AF_INET;\n            service.sin_addr.s_addr = INADDR_ANY;\n            service.sin_port = htons(TCP_PORT);\n            if (bind(listenSocket, (struct sockaddr*)&service, sizeof(service)) == SOCKET_ERROR)\n            {\n                break;\n            }\n            if (listen(listenSocket, LISTEN_BACKLOG) == SOCKET_ERROR)\n            {\n                break;\n            }\n            acceptSocket = accept(listenSocket, NULL, NULL);\n            if (acceptSocket == SOCKET_ERROR)\n            {\n                break;\n            }\n            /* Abort on error or the connection was closed */\n            recvResult = recv(acceptSocket, (char *)(data + dataLen), sizeof(wchar_t) * (256 - dataLen - 1), 0);\n            if (recvResult == SOCKET_ERROR || recvResult == 0)\n            {\n                break;\n            }\n            /* Append null terminator */\n            data[dataLen + recvResult / sizeof(wchar_t)] = L'\\0';\n            /* Eliminate CRLF */\n            replace = wcschr(data, L'\\r');\n            if (replace)\n            {\n                *replace = L'\\0';\n            }\n            replace = wcschr(data, L'\\n');\n            if (replace)\n            {\n                *replace = L'\\0';\n            }\n        }\n        while (0);\n        if (listenSocket != INVALID_SOCKET)\n        {\n            CLOSE_SOCKET(listenSocket);\n        }\n        if (acceptSocket != INVALID_SOCKET)\n        {\n            CLOSE_SOCKET(acceptSocket);\n        }\n#ifdef _WIN32\n        if (wsaDataInit)\n        {\n            WSACleanup();\n        }\n#endif\n    }\n    {\n        LDAP* pLdapConnection = NULL;\n        ULONG connectSuccess = 0L;\n        ULONG searchSuccess = 0L;\n        LDAPMessage *pMessage = NULL;\n        wchar_t filter[256];\n        /* POTENTIAL FLAW: data concatenated into LDAP search, which could result in LDAP Injection*/\n        _snwprintf(filter, 256-1, L\"(cn=%s)\", data);\n        pLdapConnection = ldap_initW(L\"localhost\", LDAP_PORT);\n        if (pLdapConnection == NULL)\n        {\n            printLine(\"Initialization failed\");\n            exit(1);\n        }\n        connectSuccess = ldap_connect(pLdapConnection, NULL);\n        if (connectSuccess != LDAP_SUCCESS)\n        {\n            printLine(\"Connection failed\");\n            exit(1);\n        }\n        searchSuccess = ldap_search_ext_sW(\n                            pLdapConnection,\n                            L\"base\",\n                            LDAP_SCOPE_SUBTREE,\n                            filter,\n                            NULL,\n                            0,\n                            NULL,\n                            NULL,\n                            LDAP_NO_LIMIT,\n                            LDAP_NO_LIMIT,\n                            &pMessage);\n        if (searchSuccess != LDAP_SUCCESS)\n        {\n            printLine(\"Search failed\");\n            if (pMessage != NULL)\n            {\n                ldap_msgfree(pMessage);\n            }\n            exit(1);\n        }\n        /* Typically you would do something with the search results, but this is a test case and we can ignore them */\n        /* Free the results to avoid incidentals */\n        if (pMessage != NULL)\n        {\n            ldap_msgfree(pMessage);\n        }\n        /* Close the connection */\n        ldap_unbind(pLdapConnection);\n    }\n}",
        "question": "How does modifying the control structure `if (pMessage != NULL)` affect the behavior or output of `ldap_initW`?",
        "choices": {
            "A": "The modification of `if (pMessage != NULL)` directly impacts the execution of `ldap_initW` because its entire operation is controlled by `if (pMessage != NULL)` and located within `if (pMessage != NULL)`.",
            "B": "Modifying `if (pMessage != NULL)` has no impact on the behavior or output of `ldap_initW`.",
            "C": "The change of if (pMessage != NULL) indirectly affects the execution of `ldap_initW`, as the modifications in `if (pMessage != NULL)` influence the arguments or conditions within `ldap_initW`.",
            "D": "It is not possible to determine the effect without additional context."
        },
        "answer": "B",
        "distance": 0
    },
    {
        "case_id": 7505,
        "code": "void CWE90_LDAP_Injection__w32_wchar_t_listen_socket_01_bad()\n{\n    wchar_t * data;\n    wchar_t dataBuffer[256] = L\"\";\n    data = dataBuffer;\n    {\n#ifdef _WIN32\n        WSADATA wsaData;\n        int wsaDataInit = 0;\n#endif\n        int recvResult;\n        struct sockaddr_in service;\n        wchar_t *replace;\n        SOCKET listenSocket = INVALID_SOCKET;\n        SOCKET acceptSocket = INVALID_SOCKET;\n        size_t dataLen = wcslen(data);\n        do\n        {\n#ifdef _WIN32\n            if (WSAStartup(MAKEWORD(2,2), &wsaData) != NO_ERROR)\n            {\n                break;\n            }\n            wsaDataInit = 1;\n#endif\n            /* POTENTIAL FLAW: Read data using a listen socket */\n            listenSocket = socket(AF_INET, SOCK_STREAM, IPPROTO_TCP);\n            if (listenSocket == INVALID_SOCKET)\n            {\n                break;\n            }\n            memset(&service, 0, sizeof(service));\n            service.sin_family = AF_INET;\n            service.sin_addr.s_addr = INADDR_ANY;\n            service.sin_port = htons(TCP_PORT);\n            if (bind(listenSocket, (struct sockaddr*)&service, sizeof(service)) == SOCKET_ERROR)\n            {\n                break;\n            }\n            if (listen(listenSocket, LISTEN_BACKLOG) == SOCKET_ERROR)\n            {\n                break;\n            }\n            acceptSocket = accept(listenSocket, NULL, NULL);\n            if (acceptSocket == SOCKET_ERROR)\n            {\n                break;\n            }\n            /* Abort on error or the connection was closed */\n            recvResult = recv(acceptSocket, (char *)(data + dataLen), sizeof(wchar_t) * (256 - dataLen - 1), 0);\n            if (recvResult == SOCKET_ERROR || recvResult == 0)\n            {\n                break;\n            }\n            /* Append null terminator */\n            data[dataLen + recvResult / sizeof(wchar_t)] = L'\\0';\n            /* Eliminate CRLF */\n            replace = wcschr(data, L'\\r');\n            if (replace)\n            {\n                *replace = L'\\0';\n            }\n            replace = wcschr(data, L'\\n');\n            if (replace)\n            {\n                *replace = L'\\0';\n            }\n        }\n        while (0);\n        if (listenSocket != INVALID_SOCKET)\n        {\n            CLOSE_SOCKET(listenSocket);\n        }\n        if (acceptSocket != INVALID_SOCKET)\n        {\n            CLOSE_SOCKET(acceptSocket);\n        }\n#ifdef _WIN32\n        if (wsaDataInit)\n        {\n            WSACleanup();\n        }\n#endif\n    }\n    {\n        LDAP* pLdapConnection = NULL;\n        ULONG connectSuccess = 0L;\n        ULONG searchSuccess = 0L;\n        LDAPMessage *pMessage = NULL;\n        wchar_t filter[256];\n        /* POTENTIAL FLAW: data concatenated into LDAP search, which could result in LDAP Injection*/\n        _snwprintf(filter, 256-1, L\"(cn=%s)\", data);\n        pLdapConnection = ldap_initW(L\"localhost\", LDAP_PORT);\n        if (pLdapConnection == NULL)\n        {\n            printLine(\"Initialization failed\");\n            exit(1);\n        }\n        connectSuccess = ldap_connect(pLdapConnection, NULL);\n        if (connectSuccess != LDAP_SUCCESS)\n        {\n            printLine(\"Connection failed\");\n            exit(1);\n        }\n        searchSuccess = ldap_search_ext_sW(\n                            pLdapConnection,\n                            L\"base\",\n                            LDAP_SCOPE_SUBTREE,\n                            filter,\n                            NULL,\n                            0,\n                            NULL,\n                            NULL,\n                            LDAP_NO_LIMIT,\n                            LDAP_NO_LIMIT,\n                            &pMessage);\n        if (searchSuccess != LDAP_SUCCESS)\n        {\n            printLine(\"Search failed\");\n            if (pMessage != NULL)\n            {\n                ldap_msgfree(pMessage);\n            }\n            exit(1);\n        }\n        /* Typically you would do something with the search results, but this is a test case and we can ignore them */\n        /* Free the results to avoid incidentals */\n        if (pMessage != NULL)\n        {\n            ldap_msgfree(pMessage);\n        }\n        /* Close the connection */\n        ldap_unbind(pLdapConnection);\n    }\n}",
        "question": "How does modifying the control structure `if (pMessage != NULL)` affect the behavior or output of `wcslen`?",
        "choices": {
            "A": "The modification of `if (pMessage != NULL)` directly impacts the execution of `wcslen` because its entire operation is controlled by `if (pMessage != NULL)` and located within `if (pMessage != NULL)`.",
            "B": "Modifying `if (pMessage != NULL)` has no impact on the behavior or output of `wcslen`.",
            "C": "The change of if (pMessage != NULL) indirectly affects the execution of `wcslen`, as the modifications in `if (pMessage != NULL)` influence the arguments or conditions within `wcslen`.",
            "D": "It is not possible to determine the effect without additional context."
        },
        "answer": "B",
        "distance": 0
    },
    {
        "case_id": 7505,
        "code": "void CWE90_LDAP_Injection__w32_wchar_t_listen_socket_01_bad()\n{\n    wchar_t * data;\n    wchar_t dataBuffer[256] = L\"\";\n    data = dataBuffer;\n    {\n#ifdef _WIN32\n        WSADATA wsaData;\n        int wsaDataInit = 0;\n#endif\n        int recvResult;\n        struct sockaddr_in service;\n        wchar_t *replace;\n        SOCKET listenSocket = INVALID_SOCKET;\n        SOCKET acceptSocket = INVALID_SOCKET;\n        size_t dataLen = wcslen(data);\n        do\n        {\n#ifdef _WIN32\n            if (WSAStartup(MAKEWORD(2,2), &wsaData) != NO_ERROR)\n            {\n                break;\n            }\n            wsaDataInit = 1;\n#endif\n            /* POTENTIAL FLAW: Read data using a listen socket */\n            listenSocket = socket(AF_INET, SOCK_STREAM, IPPROTO_TCP);\n            if (listenSocket == INVALID_SOCKET)\n            {\n                break;\n            }\n            memset(&service, 0, sizeof(service));\n            service.sin_family = AF_INET;\n            service.sin_addr.s_addr = INADDR_ANY;\n            service.sin_port = htons(TCP_PORT);\n            if (bind(listenSocket, (struct sockaddr*)&service, sizeof(service)) == SOCKET_ERROR)\n            {\n                break;\n            }\n            if (listen(listenSocket, LISTEN_BACKLOG) == SOCKET_ERROR)\n            {\n                break;\n            }\n            acceptSocket = accept(listenSocket, NULL, NULL);\n            if (acceptSocket == SOCKET_ERROR)\n            {\n                break;\n            }\n            /* Abort on error or the connection was closed */\n            recvResult = recv(acceptSocket, (char *)(data + dataLen), sizeof(wchar_t) * (256 - dataLen - 1), 0);\n            if (recvResult == SOCKET_ERROR || recvResult == 0)\n            {\n                break;\n            }\n            /* Append null terminator */\n            data[dataLen + recvResult / sizeof(wchar_t)] = L'\\0';\n            /* Eliminate CRLF */\n            replace = wcschr(data, L'\\r');\n            if (replace)\n            {\n                *replace = L'\\0';\n            }\n            replace = wcschr(data, L'\\n');\n            if (replace)\n            {\n                *replace = L'\\0';\n            }\n        }\n        while (0);\n        if (listenSocket != INVALID_SOCKET)\n        {\n            CLOSE_SOCKET(listenSocket);\n        }\n        if (acceptSocket != INVALID_SOCKET)\n        {\n            CLOSE_SOCKET(acceptSocket);\n        }\n#ifdef _WIN32\n        if (wsaDataInit)\n        {\n            WSACleanup();\n        }\n#endif\n    }\n    {\n        LDAP* pLdapConnection = NULL;\n        ULONG connectSuccess = 0L;\n        ULONG searchSuccess = 0L;\n        LDAPMessage *pMessage = NULL;\n        wchar_t filter[256];\n        /* POTENTIAL FLAW: data concatenated into LDAP search, which could result in LDAP Injection*/\n        _snwprintf(filter, 256-1, L\"(cn=%s)\", data);\n        pLdapConnection = ldap_initW(L\"localhost\", LDAP_PORT);\n        if (pLdapConnection == NULL)\n        {\n            printLine(\"Initialization failed\");\n            exit(1);\n        }\n        connectSuccess = ldap_connect(pLdapConnection, NULL);\n        if (connectSuccess != LDAP_SUCCESS)\n        {\n            printLine(\"Connection failed\");\n            exit(1);\n        }\n        searchSuccess = ldap_search_ext_sW(\n                            pLdapConnection,\n                            L\"base\",\n                            LDAP_SCOPE_SUBTREE,\n                            filter,\n                            NULL,\n                            0,\n                            NULL,\n                            NULL,\n                            LDAP_NO_LIMIT,\n                            LDAP_NO_LIMIT,\n                            &pMessage);\n        if (searchSuccess != LDAP_SUCCESS)\n        {\n            printLine(\"Search failed\");\n            if (pMessage != NULL)\n            {\n                ldap_msgfree(pMessage);\n            }\n            exit(1);\n        }\n        /* Typically you would do something with the search results, but this is a test case and we can ignore them */\n        /* Free the results to avoid incidentals */\n        if (pMessage != NULL)\n        {\n            ldap_msgfree(pMessage);\n        }\n        /* Close the connection */\n        ldap_unbind(pLdapConnection);\n    }\n}",
        "question": "How does modifying the control structure `if (pMessage != NULL)` affect the behavior or output of `bind`?",
        "choices": {
            "A": "The modification of `if (pMessage != NULL)` directly impacts the execution of `bind` because its entire operation is controlled by `if (pMessage != NULL)` and located within `if (pMessage != NULL)`.",
            "B": "Modifying `if (pMessage != NULL)` has no impact on the behavior or output of `bind`.",
            "C": "The change of if (pMessage != NULL) indirectly affects the execution of `bind`, as the modifications in `if (pMessage != NULL)` influence the arguments or conditions within `bind`.",
            "D": "It is not possible to determine the effect without additional context."
        },
        "answer": "B",
        "distance": 0
    },
    {
        "case_id": 7505,
        "code": "void CWE90_LDAP_Injection__w32_wchar_t_listen_socket_01_bad()\n{\n    wchar_t * data;\n    wchar_t dataBuffer[256] = L\"\";\n    data = dataBuffer;\n    {\n#ifdef _WIN32\n        WSADATA wsaData;\n        int wsaDataInit = 0;\n#endif\n        int recvResult;\n        struct sockaddr_in service;\n        wchar_t *replace;\n        SOCKET listenSocket = INVALID_SOCKET;\n        SOCKET acceptSocket = INVALID_SOCKET;\n        size_t dataLen = wcslen(data);\n        do\n        {\n#ifdef _WIN32\n            if (WSAStartup(MAKEWORD(2,2), &wsaData) != NO_ERROR)\n            {\n                break;\n            }\n            wsaDataInit = 1;\n#endif\n            /* POTENTIAL FLAW: Read data using a listen socket */\n            listenSocket = socket(AF_INET, SOCK_STREAM, IPPROTO_TCP);\n            if (listenSocket == INVALID_SOCKET)\n            {\n                break;\n            }\n            memset(&service, 0, sizeof(service));\n            service.sin_family = AF_INET;\n            service.sin_addr.s_addr = INADDR_ANY;\n            service.sin_port = htons(TCP_PORT);\n            if (bind(listenSocket, (struct sockaddr*)&service, sizeof(service)) == SOCKET_ERROR)\n            {\n                break;\n            }\n            if (listen(listenSocket, LISTEN_BACKLOG) == SOCKET_ERROR)\n            {\n                break;\n            }\n            acceptSocket = accept(listenSocket, NULL, NULL);\n            if (acceptSocket == SOCKET_ERROR)\n            {\n                break;\n            }\n            /* Abort on error or the connection was closed */\n            recvResult = recv(acceptSocket, (char *)(data + dataLen), sizeof(wchar_t) * (256 - dataLen - 1), 0);\n            if (recvResult == SOCKET_ERROR || recvResult == 0)\n            {\n                break;\n            }\n            /* Append null terminator */\n            data[dataLen + recvResult / sizeof(wchar_t)] = L'\\0';\n            /* Eliminate CRLF */\n            replace = wcschr(data, L'\\r');\n            if (replace)\n            {\n                *replace = L'\\0';\n            }\n            replace = wcschr(data, L'\\n');\n            if (replace)\n            {\n                *replace = L'\\0';\n            }\n        }\n        while (0);\n        if (listenSocket != INVALID_SOCKET)\n        {\n            CLOSE_SOCKET(listenSocket);\n        }\n        if (acceptSocket != INVALID_SOCKET)\n        {\n            CLOSE_SOCKET(acceptSocket);\n        }\n#ifdef _WIN32\n        if (wsaDataInit)\n        {\n            WSACleanup();\n        }\n#endif\n    }\n    {\n        LDAP* pLdapConnection = NULL;\n        ULONG connectSuccess = 0L;\n        ULONG searchSuccess = 0L;\n        LDAPMessage *pMessage = NULL;\n        wchar_t filter[256];\n        /* POTENTIAL FLAW: data concatenated into LDAP search, which could result in LDAP Injection*/\n        _snwprintf(filter, 256-1, L\"(cn=%s)\", data);\n        pLdapConnection = ldap_initW(L\"localhost\", LDAP_PORT);\n        if (pLdapConnection == NULL)\n        {\n            printLine(\"Initialization failed\");\n            exit(1);\n        }\n        connectSuccess = ldap_connect(pLdapConnection, NULL);\n        if (connectSuccess != LDAP_SUCCESS)\n        {\n            printLine(\"Connection failed\");\n            exit(1);\n        }\n        searchSuccess = ldap_search_ext_sW(\n                            pLdapConnection,\n                            L\"base\",\n                            LDAP_SCOPE_SUBTREE,\n                            filter,\n                            NULL,\n                            0,\n                            NULL,\n                            NULL,\n                            LDAP_NO_LIMIT,\n                            LDAP_NO_LIMIT,\n                            &pMessage);\n        if (searchSuccess != LDAP_SUCCESS)\n        {\n            printLine(\"Search failed\");\n            if (pMessage != NULL)\n            {\n                ldap_msgfree(pMessage);\n            }\n            exit(1);\n        }\n        /* Typically you would do something with the search results, but this is a test case and we can ignore them */\n        /* Free the results to avoid incidentals */\n        if (pMessage != NULL)\n        {\n            ldap_msgfree(pMessage);\n        }\n        /* Close the connection */\n        ldap_unbind(pLdapConnection);\n    }\n}",
        "question": "How does modifying the control structure `if (listenSocket == INVALID_SOCKET)` affect the behavior or output of `memset`?",
        "choices": {
            "A": "The modification of `if (listenSocket == INVALID_SOCKET)` directly impacts the execution of `memset` because its entire operation is controlled by `if (listenSocket == INVALID_SOCKET)` and located within `if (listenSocket == INVALID_SOCKET)`.",
            "B": "Modifying `if (listenSocket == INVALID_SOCKET)` has no impact on the behavior or output of `memset`.",
            "C": "The change of if (listenSocket == INVALID_SOCKET) indirectly affects the execution of `memset`, as the modifications in `if (listenSocket == INVALID_SOCKET)` influence the arguments or conditions within `memset`.",
            "D": "It is not possible to determine the effect without additional context."
        },
        "answer": "C",
        "distance": 2
    },
    {
        "case_id": 7505,
        "code": "void CWE90_LDAP_Injection__w32_wchar_t_listen_socket_01_bad()\n{\n    wchar_t * data;\n    wchar_t dataBuffer[256] = L\"\";\n    data = dataBuffer;\n    {\n#ifdef _WIN32\n        WSADATA wsaData;\n        int wsaDataInit = 0;\n#endif\n        int recvResult;\n        struct sockaddr_in service;\n        wchar_t *replace;\n        SOCKET listenSocket = INVALID_SOCKET;\n        SOCKET acceptSocket = INVALID_SOCKET;\n        size_t dataLen = wcslen(data);\n        do\n        {\n#ifdef _WIN32\n            if (WSAStartup(MAKEWORD(2,2), &wsaData) != NO_ERROR)\n            {\n                break;\n            }\n            wsaDataInit = 1;\n#endif\n            /* POTENTIAL FLAW: Read data using a listen socket */\n            listenSocket = socket(AF_INET, SOCK_STREAM, IPPROTO_TCP);\n            if (listenSocket == INVALID_SOCKET)\n            {\n                break;\n            }\n            memset(&service, 0, sizeof(service));\n            service.sin_family = AF_INET;\n            service.sin_addr.s_addr = INADDR_ANY;\n            service.sin_port = htons(TCP_PORT);\n            if (bind(listenSocket, (struct sockaddr*)&service, sizeof(service)) == SOCKET_ERROR)\n            {\n                break;\n            }\n            if (listen(listenSocket, LISTEN_BACKLOG) == SOCKET_ERROR)\n            {\n                break;\n            }\n            acceptSocket = accept(listenSocket, NULL, NULL);\n            if (acceptSocket == SOCKET_ERROR)\n            {\n                break;\n            }\n            /* Abort on error or the connection was closed */\n            recvResult = recv(acceptSocket, (char *)(data + dataLen), sizeof(wchar_t) * (256 - dataLen - 1), 0);\n            if (recvResult == SOCKET_ERROR || recvResult == 0)\n            {\n                break;\n            }\n            /* Append null terminator */\n            data[dataLen + recvResult / sizeof(wchar_t)] = L'\\0';\n            /* Eliminate CRLF */\n            replace = wcschr(data, L'\\r');\n            if (replace)\n            {\n                *replace = L'\\0';\n            }\n            replace = wcschr(data, L'\\n');\n            if (replace)\n            {\n                *replace = L'\\0';\n            }\n        }\n        while (0);\n        if (listenSocket != INVALID_SOCKET)\n        {\n            CLOSE_SOCKET(listenSocket);\n        }\n        if (acceptSocket != INVALID_SOCKET)\n        {\n            CLOSE_SOCKET(acceptSocket);\n        }\n#ifdef _WIN32\n        if (wsaDataInit)\n        {\n            WSACleanup();\n        }\n#endif\n    }\n    {\n        LDAP* pLdapConnection = NULL;\n        ULONG connectSuccess = 0L;\n        ULONG searchSuccess = 0L;\n        LDAPMessage *pMessage = NULL;\n        wchar_t filter[256];\n        /* POTENTIAL FLAW: data concatenated into LDAP search, which could result in LDAP Injection*/\n        _snwprintf(filter, 256-1, L\"(cn=%s)\", data);\n        pLdapConnection = ldap_initW(L\"localhost\", LDAP_PORT);\n        if (pLdapConnection == NULL)\n        {\n            printLine(\"Initialization failed\");\n            exit(1);\n        }\n        connectSuccess = ldap_connect(pLdapConnection, NULL);\n        if (connectSuccess != LDAP_SUCCESS)\n        {\n            printLine(\"Connection failed\");\n            exit(1);\n        }\n        searchSuccess = ldap_search_ext_sW(\n                            pLdapConnection,\n                            L\"base\",\n                            LDAP_SCOPE_SUBTREE,\n                            filter,\n                            NULL,\n                            0,\n                            NULL,\n                            NULL,\n                            LDAP_NO_LIMIT,\n                            LDAP_NO_LIMIT,\n                            &pMessage);\n        if (searchSuccess != LDAP_SUCCESS)\n        {\n            printLine(\"Search failed\");\n            if (pMessage != NULL)\n            {\n                ldap_msgfree(pMessage);\n            }\n            exit(1);\n        }\n        /* Typically you would do something with the search results, but this is a test case and we can ignore them */\n        /* Free the results to avoid incidentals */\n        if (pMessage != NULL)\n        {\n            ldap_msgfree(pMessage);\n        }\n        /* Close the connection */\n        ldap_unbind(pLdapConnection);\n    }\n}",
        "question": "How does modifying the control structure `if (listenSocket == INVALID_SOCKET)` affect the behavior or output of `htons`?",
        "choices": {
            "A": "The modification of `if (listenSocket == INVALID_SOCKET)` directly impacts the execution of `htons` because its entire operation is controlled by `if (listenSocket == INVALID_SOCKET)` and located within `if (listenSocket == INVALID_SOCKET)`.",
            "B": "Modifying `if (listenSocket == INVALID_SOCKET)` has no impact on the behavior or output of `htons`.",
            "C": "The change of if (listenSocket == INVALID_SOCKET) indirectly affects the execution of `htons`, as the modifications in `if (listenSocket == INVALID_SOCKET)` influence the arguments or conditions within `htons`.",
            "D": "It is not possible to determine the effect without additional context."
        },
        "answer": "C",
        "distance": 2
    },
    {
        "case_id": 7505,
        "code": "void CWE90_LDAP_Injection__w32_wchar_t_listen_socket_01_bad()\n{\n    wchar_t * data;\n    wchar_t dataBuffer[256] = L\"\";\n    data = dataBuffer;\n    {\n#ifdef _WIN32\n        WSADATA wsaData;\n        int wsaDataInit = 0;\n#endif\n        int recvResult;\n        struct sockaddr_in service;\n        wchar_t *replace;\n        SOCKET listenSocket = INVALID_SOCKET;\n        SOCKET acceptSocket = INVALID_SOCKET;\n        size_t dataLen = wcslen(data);\n        do\n        {\n#ifdef _WIN32\n            if (WSAStartup(MAKEWORD(2,2), &wsaData) != NO_ERROR)\n            {\n                break;\n            }\n            wsaDataInit = 1;\n#endif\n            /* POTENTIAL FLAW: Read data using a listen socket */\n            listenSocket = socket(AF_INET, SOCK_STREAM, IPPROTO_TCP);\n            if (listenSocket == INVALID_SOCKET)\n            {\n                break;\n            }\n            memset(&service, 0, sizeof(service));\n            service.sin_family = AF_INET;\n            service.sin_addr.s_addr = INADDR_ANY;\n            service.sin_port = htons(TCP_PORT);\n            if (bind(listenSocket, (struct sockaddr*)&service, sizeof(service)) == SOCKET_ERROR)\n            {\n                break;\n            }\n            if (listen(listenSocket, LISTEN_BACKLOG) == SOCKET_ERROR)\n            {\n                break;\n            }\n            acceptSocket = accept(listenSocket, NULL, NULL);\n            if (acceptSocket == SOCKET_ERROR)\n            {\n                break;\n            }\n            /* Abort on error or the connection was closed */\n            recvResult = recv(acceptSocket, (char *)(data + dataLen), sizeof(wchar_t) * (256 - dataLen - 1), 0);\n            if (recvResult == SOCKET_ERROR || recvResult == 0)\n            {\n                break;\n            }\n            /* Append null terminator */\n            data[dataLen + recvResult / sizeof(wchar_t)] = L'\\0';\n            /* Eliminate CRLF */\n            replace = wcschr(data, L'\\r');\n            if (replace)\n            {\n                *replace = L'\\0';\n            }\n            replace = wcschr(data, L'\\n');\n            if (replace)\n            {\n                *replace = L'\\0';\n            }\n        }\n        while (0);\n        if (listenSocket != INVALID_SOCKET)\n        {\n            CLOSE_SOCKET(listenSocket);\n        }\n        if (acceptSocket != INVALID_SOCKET)\n        {\n            CLOSE_SOCKET(acceptSocket);\n        }\n#ifdef _WIN32\n        if (wsaDataInit)\n        {\n            WSACleanup();\n        }\n#endif\n    }\n    {\n        LDAP* pLdapConnection = NULL;\n        ULONG connectSuccess = 0L;\n        ULONG searchSuccess = 0L;\n        LDAPMessage *pMessage = NULL;\n        wchar_t filter[256];\n        /* POTENTIAL FLAW: data concatenated into LDAP search, which could result in LDAP Injection*/\n        _snwprintf(filter, 256-1, L\"(cn=%s)\", data);\n        pLdapConnection = ldap_initW(L\"localhost\", LDAP_PORT);\n        if (pLdapConnection == NULL)\n        {\n            printLine(\"Initialization failed\");\n            exit(1);\n        }\n        connectSuccess = ldap_connect(pLdapConnection, NULL);\n        if (connectSuccess != LDAP_SUCCESS)\n        {\n            printLine(\"Connection failed\");\n            exit(1);\n        }\n        searchSuccess = ldap_search_ext_sW(\n                            pLdapConnection,\n                            L\"base\",\n                            LDAP_SCOPE_SUBTREE,\n                            filter,\n                            NULL,\n                            0,\n                            NULL,\n                            NULL,\n                            LDAP_NO_LIMIT,\n                            LDAP_NO_LIMIT,\n                            &pMessage);\n        if (searchSuccess != LDAP_SUCCESS)\n        {\n            printLine(\"Search failed\");\n            if (pMessage != NULL)\n            {\n                ldap_msgfree(pMessage);\n            }\n            exit(1);\n        }\n        /* Typically you would do something with the search results, but this is a test case and we can ignore them */\n        /* Free the results to avoid incidentals */\n        if (pMessage != NULL)\n        {\n            ldap_msgfree(pMessage);\n        }\n        /* Close the connection */\n        ldap_unbind(pLdapConnection);\n    }\n}",
        "question": "How does modifying the control structure `if (acceptSocket == SOCKET_ERROR)` affect the behavior or output of `recv`?",
        "choices": {
            "A": "The modification of `if (acceptSocket == SOCKET_ERROR)` directly impacts the execution of `recv` because its entire operation is controlled by `if (acceptSocket == SOCKET_ERROR)` and located within `if (acceptSocket == SOCKET_ERROR)`.",
            "B": "Modifying `if (acceptSocket == SOCKET_ERROR)` has no impact on the behavior or output of `recv`.",
            "C": "The change of if (acceptSocket == SOCKET_ERROR) indirectly affects the execution of `recv`, as the modifications in `if (acceptSocket == SOCKET_ERROR)` influence the arguments or conditions within `recv`.",
            "D": "It is not possible to determine the effect without additional context."
        },
        "answer": "C",
        "distance": 2
    },
    {
        "case_id": 7505,
        "code": "void CWE90_LDAP_Injection__w32_wchar_t_listen_socket_01_bad()\n{\n    wchar_t * data;\n    wchar_t dataBuffer[256] = L\"\";\n    data = dataBuffer;\n    {\n#ifdef _WIN32\n        WSADATA wsaData;\n        int wsaDataInit = 0;\n#endif\n        int recvResult;\n        struct sockaddr_in service;\n        wchar_t *replace;\n        SOCKET listenSocket = INVALID_SOCKET;\n        SOCKET acceptSocket = INVALID_SOCKET;\n        size_t dataLen = wcslen(data);\n        do\n        {\n#ifdef _WIN32\n            if (WSAStartup(MAKEWORD(2,2), &wsaData) != NO_ERROR)\n            {\n                break;\n            }\n            wsaDataInit = 1;\n#endif\n            /* POTENTIAL FLAW: Read data using a listen socket */\n            listenSocket = socket(AF_INET, SOCK_STREAM, IPPROTO_TCP);\n            if (listenSocket == INVALID_SOCKET)\n            {\n                break;\n            }\n            memset(&service, 0, sizeof(service));\n            service.sin_family = AF_INET;\n            service.sin_addr.s_addr = INADDR_ANY;\n            service.sin_port = htons(TCP_PORT);\n            if (bind(listenSocket, (struct sockaddr*)&service, sizeof(service)) == SOCKET_ERROR)\n            {\n                break;\n            }\n            if (listen(listenSocket, LISTEN_BACKLOG) == SOCKET_ERROR)\n            {\n                break;\n            }\n            acceptSocket = accept(listenSocket, NULL, NULL);\n            if (acceptSocket == SOCKET_ERROR)\n            {\n                break;\n            }\n            /* Abort on error or the connection was closed */\n            recvResult = recv(acceptSocket, (char *)(data + dataLen), sizeof(wchar_t) * (256 - dataLen - 1), 0);\n            if (recvResult == SOCKET_ERROR || recvResult == 0)\n            {\n                break;\n            }\n            /* Append null terminator */\n            data[dataLen + recvResult / sizeof(wchar_t)] = L'\\0';\n            /* Eliminate CRLF */\n            replace = wcschr(data, L'\\r');\n            if (replace)\n            {\n                *replace = L'\\0';\n            }\n            replace = wcschr(data, L'\\n');\n            if (replace)\n            {\n                *replace = L'\\0';\n            }\n        }\n        while (0);\n        if (listenSocket != INVALID_SOCKET)\n        {\n            CLOSE_SOCKET(listenSocket);\n        }\n        if (acceptSocket != INVALID_SOCKET)\n        {\n            CLOSE_SOCKET(acceptSocket);\n        }\n#ifdef _WIN32\n        if (wsaDataInit)\n        {\n            WSACleanup();\n        }\n#endif\n    }\n    {\n        LDAP* pLdapConnection = NULL;\n        ULONG connectSuccess = 0L;\n        ULONG searchSuccess = 0L;\n        LDAPMessage *pMessage = NULL;\n        wchar_t filter[256];\n        /* POTENTIAL FLAW: data concatenated into LDAP search, which could result in LDAP Injection*/\n        _snwprintf(filter, 256-1, L\"(cn=%s)\", data);\n        pLdapConnection = ldap_initW(L\"localhost\", LDAP_PORT);\n        if (pLdapConnection == NULL)\n        {\n            printLine(\"Initialization failed\");\n            exit(1);\n        }\n        connectSuccess = ldap_connect(pLdapConnection, NULL);\n        if (connectSuccess != LDAP_SUCCESS)\n        {\n            printLine(\"Connection failed\");\n            exit(1);\n        }\n        searchSuccess = ldap_search_ext_sW(\n                            pLdapConnection,\n                            L\"base\",\n                            LDAP_SCOPE_SUBTREE,\n                            filter,\n                            NULL,\n                            0,\n                            NULL,\n                            NULL,\n                            LDAP_NO_LIMIT,\n                            LDAP_NO_LIMIT,\n                            &pMessage);\n        if (searchSuccess != LDAP_SUCCESS)\n        {\n            printLine(\"Search failed\");\n            if (pMessage != NULL)\n            {\n                ldap_msgfree(pMessage);\n            }\n            exit(1);\n        }\n        /* Typically you would do something with the search results, but this is a test case and we can ignore them */\n        /* Free the results to avoid incidentals */\n        if (pMessage != NULL)\n        {\n            ldap_msgfree(pMessage);\n        }\n        /* Close the connection */\n        ldap_unbind(pLdapConnection);\n    }\n}",
        "question": "How does modifying the control structure `if (listen(listenSocket, LISTEN_BACKLOG) == SOCKET_ERROR)` affect the behavior or output of `accept`?",
        "choices": {
            "A": "The modification of `if (listen(listenSocket, LISTEN_BACKLOG) == SOCKET_ERROR)` directly impacts the execution of `accept` because its entire operation is controlled by `if (listen(listenSocket, LISTEN_BACKLOG) == SOCKET_ERROR)` and located within `if (listen(listenSocket, LISTEN_BACKLOG) == SOCKET_ERROR)`.",
            "B": "Modifying `if (listen(listenSocket, LISTEN_BACKLOG) == SOCKET_ERROR)` has no impact on the behavior or output of `accept`.",
            "C": "The change of if (listen(listenSocket, LISTEN_BACKLOG) == SOCKET_ERROR) indirectly affects the execution of `accept`, as the modifications in `if (listen(listenSocket, LISTEN_BACKLOG) == SOCKET_ERROR)` influence the arguments or conditions within `accept`.",
            "D": "It is not possible to determine the effect without additional context."
        },
        "answer": "C",
        "distance": 2
    }
]