[
    {
        "case_id": 6041,
        "code": "void CWE667_Improper_Locking__basic_01_bad()\n{\n    {\n        static stdThreadLock badLock = NULL;\n        printLine(\"Creating lock...\");\n        if (!stdThreadLockCreate(&badLock))\n        {\n            printLine(\"Could not create lock\");\n            exit(1);\n        }\n        printLine(\"Acquiring lock...\");\n        stdThreadLockAcquire(badLock);\n        /* FLAW: Do not release the lock */\n    }\n}",
        "question": "How does modifying the control structure `if (!stdThreadLockCreate(&badLock))` affect the behavior or output of `exit`?",
        "choices": {
            "A": "The modification of `if (!stdThreadLockCreate(&badLock))` directly impacts the execution of `exit` because its entire operation is controlled by `if (!stdThreadLockCreate(&badLock))` and located within `if (!stdThreadLockCreate(&badLock))`.",
            "B": "Modifying `if (!stdThreadLockCreate(&badLock))` has no impact on the behavior or output of `exit`.",
            "C": "The change of if (!stdThreadLockCreate(&badLock)) indirectly affects the execution of `exit`, as the modifications in `if (!stdThreadLockCreate(&badLock))` influence the arguments or conditions within `exit`.",
            "D": "It is not possible to determine the effect without additional context."
        },
        "answer": "A",
        "distance": 1
    },
    {
        "case_id": 6041,
        "code": "void CWE667_Improper_Locking__basic_01_bad()\n{\n    {\n        static stdThreadLock badLock = NULL;\n        printLine(\"Creating lock...\");\n        if (!stdThreadLockCreate(&badLock))\n        {\n            printLine(\"Could not create lock\");\n            exit(1);\n        }\n        printLine(\"Acquiring lock...\");\n        stdThreadLockAcquire(badLock);\n        /* FLAW: Do not release the lock */\n    }\n}",
        "question": "How does modifying the control structure `if (!stdThreadLockCreate(&badLock))` affect the behavior or output of `stdThreadLockAcquire`?",
        "choices": {
            "A": "The modification of `if (!stdThreadLockCreate(&badLock))` directly impacts the execution of `stdThreadLockAcquire` because its entire operation is controlled by `if (!stdThreadLockCreate(&badLock))` and located within `if (!stdThreadLockCreate(&badLock))`.",
            "B": "Modifying `if (!stdThreadLockCreate(&badLock))` has no impact on the behavior or output of `stdThreadLockAcquire`.",
            "C": "The change of if (!stdThreadLockCreate(&badLock)) indirectly affects the execution of `stdThreadLockAcquire`, as the modifications in `if (!stdThreadLockCreate(&badLock))` influence the arguments or conditions within `stdThreadLockAcquire`.",
            "D": "It is not possible to determine the effect without additional context."
        },
        "answer": "B",
        "distance": 0
    }
]