[
    {
        "case_id": 3813,
        "code": "void CWE427_Uncontrolled_Search_Path_Element__char_environment_01_bad()\n{\n    char * data;\n    char dataBuffer[250] = \"PATH=\";\n    data = dataBuffer;\n    {\n        /* Append input from an environment variable to data */\n        size_t dataLen = strlen(data);\n        char * environment = GETENV(ENV_VARIABLE);\n        /* If there is data in the environment variable */\n        if (environment != NULL)\n        {\n            /* POTENTIAL FLAW: Read data from an environment variable */\n            strncat(data+dataLen, environment, 250-dataLen-1);\n        }\n    }\n    /* POTENTIAL FLAW: Set a new environment variable with a path that is possibly insecure */\n    PUTENV(data);\n}",
        "question": "How does modifying the control structure `if (environment != NULL)` affect the behavior or output of `strncat`?",
        "choices": {
            "A": "The modification of `if (environment != NULL)` directly impacts the execution of `strncat` because its entire operation is controlled by `if (environment != NULL)` and located within `if (environment != NULL)`.",
            "B": "Modifying `if (environment != NULL)` has no impact on the behavior or output of `strncat`.",
            "C": "The change of if (environment != NULL) indirectly affects the execution of `strncat`, as the modifications in `if (environment != NULL)` influence the arguments or conditions within `strncat`.",
            "D": "It is not possible to determine the effect without additional context."
        },
        "answer": "A",
        "distance": 1
    },
    {
        "case_id": 3813,
        "code": "void CWE427_Uncontrolled_Search_Path_Element__char_environment_01_bad()\n{\n    char * data;\n    char dataBuffer[250] = \"PATH=\";\n    data = dataBuffer;\n    {\n        /* Append input from an environment variable to data */\n        size_t dataLen = strlen(data);\n        char * environment = GETENV(ENV_VARIABLE);\n        /* If there is data in the environment variable */\n        if (environment != NULL)\n        {\n            /* POTENTIAL FLAW: Read data from an environment variable */\n            strncat(data+dataLen, environment, 250-dataLen-1);\n        }\n    }\n    /* POTENTIAL FLAW: Set a new environment variable with a path that is possibly insecure */\n    PUTENV(data);\n}",
        "question": "How does modifying the control structure `if (environment != NULL)` affect the behavior or output of `strlen`?",
        "choices": {
            "A": "The modification of `if (environment != NULL)` directly impacts the execution of `strlen` because its entire operation is controlled by `if (environment != NULL)` and located within `if (environment != NULL)`.",
            "B": "Modifying `if (environment != NULL)` has no impact on the behavior or output of `strlen`.",
            "C": "The change of if (environment != NULL) indirectly affects the execution of `strlen`, as the modifications in `if (environment != NULL)` influence the arguments or conditions within `strlen`.",
            "D": "It is not possible to determine the effect without additional context."
        },
        "answer": "B",
        "distance": 0
    },
    {
        "case_id": 3813,
        "code": "void CWE427_Uncontrolled_Search_Path_Element__char_environment_01_bad()\n{\n    char * data;\n    char dataBuffer[250] = \"PATH=\";\n    data = dataBuffer;\n    {\n        /* Append input from an environment variable to data */\n        size_t dataLen = strlen(data);\n        char * environment = GETENV(ENV_VARIABLE);\n        /* If there is data in the environment variable */\n        if (environment != NULL)\n        {\n            /* POTENTIAL FLAW: Read data from an environment variable */\n            strncat(data+dataLen, environment, 250-dataLen-1);\n        }\n    }\n    /* POTENTIAL FLAW: Set a new environment variable with a path that is possibly insecure */\n    PUTENV(data);\n}",
        "question": "How does modifying the control structure `if (environment != NULL)` affect the behavior or output of `PUTENV`?",
        "choices": {
            "A": "The modification of `if (environment != NULL)` directly impacts the execution of `PUTENV` because its entire operation is controlled by `if (environment != NULL)` and located within `if (environment != NULL)`.",
            "B": "Modifying `if (environment != NULL)` has no impact on the behavior or output of `PUTENV`.",
            "C": "The change of if (environment != NULL) indirectly affects the execution of `PUTENV`, as the modifications in `if (environment != NULL)` influence the arguments or conditions within `PUTENV`.",
            "D": "It is not possible to determine the effect without additional context."
        },
        "answer": "B",
        "distance": 0
    },
    {
        "case_id": 3813,
        "code": "void CWE427_Uncontrolled_Search_Path_Element__char_environment_01_bad()\n{\n    char * data;\n    char dataBuffer[250] = \"PATH=\";\n    data = dataBuffer;\n    {\n        /* Append input from an environment variable to data */\n        size_t dataLen = strlen(data);\n        char * environment = GETENV(ENV_VARIABLE);\n        /* If there is data in the environment variable */\n        if (environment != NULL)\n        {\n            /* POTENTIAL FLAW: Read data from an environment variable */\n            strncat(data+dataLen, environment, 250-dataLen-1);\n        }\n    }\n    /* POTENTIAL FLAW: Set a new environment variable with a path that is possibly insecure */\n    PUTENV(data);\n}",
        "question": "How does modifying the control structure `if (environment != NULL)` affect the behavior or output of `GETENV`?",
        "choices": {
            "A": "The modification of `if (environment != NULL)` directly impacts the execution of `GETENV` because its entire operation is controlled by `if (environment != NULL)` and located within `if (environment != NULL)`.",
            "B": "Modifying `if (environment != NULL)` has no impact on the behavior or output of `GETENV`.",
            "C": "The change of if (environment != NULL) indirectly affects the execution of `GETENV`, as the modifications in `if (environment != NULL)` influence the arguments or conditions within `GETENV`.",
            "D": "It is not possible to determine the effect without additional context."
        },
        "answer": "B",
        "distance": 0
    }
]