[
    {
        "case_id": 4539,
        "code": "void CWE506_Embedded_Malicious_Code__file_transfer_connect_socket_01_bad()\n{\n    {\n#ifdef _WIN32\n        WSADATA wsaData;\n        int wsaDataInit = 0;\n#endif\n        struct sockaddr_in service;\n        SOCKET connectSocket = INVALID_SOCKET;\n        char contents[65536]; /* Assume file contents is less than 65k to make this test case easier to implement */\n        FILE * pFile;\n        pFile = fopen(FILENAME, \"r\");\n        if (pFile != NULL)\n        {\n            if (fgets(contents, (int)(65535), pFile) == NULL)\n            {\n                printLine(\"fgets() failed\");\n                /* Restore NUL terminator if fgets fails */\n                contents[0] = '\\0';\n            }\n            fclose(pFile);\n        }\n        do\n        {\n#ifdef _WIN32\n            if (WSAStartup(MAKEWORD(2,2), &wsaData) != NO_ERROR)\n            {\n                break;\n            }\n            wsaDataInit = 1;\n#endif\n            connectSocket = socket(AF_INET, SOCK_STREAM, IPPROTO_TCP);\n            if (connectSocket == INVALID_SOCKET)\n            {\n                break;\n            }\n            memset(&service, 0, sizeof(service));\n            service.sin_family = AF_INET;\n            service.sin_addr.s_addr = INADDR_ANY;\n            service.sin_port = htons(TCP_PORT);\n            if (connect(connectSocket, (struct sockaddr*)&service, sizeof(service)) == SOCKET_ERROR)\n            {\n                break;\n            }\n            /* FLAW: Send the contents of a file over the network */\n            if (send(connectSocket, contents, strlen(contents), 0) != strlen(contents))\n            {\n                break;\n            }\n        }\n        while (0);\n        if (connectSocket != INVALID_SOCKET)\n        {\n            CLOSE_SOCKET(connectSocket);\n        }\n#ifdef _WIN32\n        if (wsaDataInit)\n        {\n            WSACleanup();\n        }\n#endif\n    }\n}",
        "question": "How does modifying the control structure `if (pFile != NULL)` affect the behavior or output of `printLine`?",
        "choices": {
            "A": "The modification of `if (pFile != NULL)` directly impacts the execution of `printLine` because its entire operation is controlled by `if (pFile != NULL)` and located within `if (pFile != NULL)`.",
            "B": "Modifying `if (pFile != NULL)` has no impact on the behavior or output of `printLine`.",
            "C": "The change of if (pFile != NULL) indirectly affects the execution of `printLine`, as the modifications in `if (pFile != NULL)` influence the arguments or conditions within `printLine`.",
            "D": "It is not possible to determine the effect without additional context."
        },
        "answer": "A",
        "distance": 1
    },
    {
        "case_id": 4539,
        "code": "void CWE506_Embedded_Malicious_Code__file_transfer_connect_socket_01_bad()\n{\n    {\n#ifdef _WIN32\n        WSADATA wsaData;\n        int wsaDataInit = 0;\n#endif\n        struct sockaddr_in service;\n        SOCKET connectSocket = INVALID_SOCKET;\n        char contents[65536]; /* Assume file contents is less than 65k to make this test case easier to implement */\n        FILE * pFile;\n        pFile = fopen(FILENAME, \"r\");\n        if (pFile != NULL)\n        {\n            if (fgets(contents, (int)(65535), pFile) == NULL)\n            {\n                printLine(\"fgets() failed\");\n                /* Restore NUL terminator if fgets fails */\n                contents[0] = '\\0';\n            }\n            fclose(pFile);\n        }\n        do\n        {\n#ifdef _WIN32\n            if (WSAStartup(MAKEWORD(2,2), &wsaData) != NO_ERROR)\n            {\n                break;\n            }\n            wsaDataInit = 1;\n#endif\n            connectSocket = socket(AF_INET, SOCK_STREAM, IPPROTO_TCP);\n            if (connectSocket == INVALID_SOCKET)\n            {\n                break;\n            }\n            memset(&service, 0, sizeof(service));\n            service.sin_family = AF_INET;\n            service.sin_addr.s_addr = INADDR_ANY;\n            service.sin_port = htons(TCP_PORT);\n            if (connect(connectSocket, (struct sockaddr*)&service, sizeof(service)) == SOCKET_ERROR)\n            {\n                break;\n            }\n            /* FLAW: Send the contents of a file over the network */\n            if (send(connectSocket, contents, strlen(contents), 0) != strlen(contents))\n            {\n                break;\n            }\n        }\n        while (0);\n        if (connectSocket != INVALID_SOCKET)\n        {\n            CLOSE_SOCKET(connectSocket);\n        }\n#ifdef _WIN32\n        if (wsaDataInit)\n        {\n            WSACleanup();\n        }\n#endif\n    }\n}",
        "question": "How does modifying the control structure `if (pFile != NULL)` affect the behavior or output of `fclose`?",
        "choices": {
            "A": "The modification of `if (pFile != NULL)` directly impacts the execution of `fclose` because its entire operation is controlled by `if (pFile != NULL)` and located within `if (pFile != NULL)`.",
            "B": "Modifying `if (pFile != NULL)` has no impact on the behavior or output of `fclose`.",
            "C": "The change of if (pFile != NULL) indirectly affects the execution of `fclose`, as the modifications in `if (pFile != NULL)` influence the arguments or conditions within `fclose`.",
            "D": "It is not possible to determine the effect without additional context."
        },
        "answer": "A",
        "distance": 1
    },
    {
        "case_id": 4539,
        "code": "void CWE506_Embedded_Malicious_Code__file_transfer_connect_socket_01_bad()\n{\n    {\n#ifdef _WIN32\n        WSADATA wsaData;\n        int wsaDataInit = 0;\n#endif\n        struct sockaddr_in service;\n        SOCKET connectSocket = INVALID_SOCKET;\n        char contents[65536]; /* Assume file contents is less than 65k to make this test case easier to implement */\n        FILE * pFile;\n        pFile = fopen(FILENAME, \"r\");\n        if (pFile != NULL)\n        {\n            if (fgets(contents, (int)(65535), pFile) == NULL)\n            {\n                printLine(\"fgets() failed\");\n                /* Restore NUL terminator if fgets fails */\n                contents[0] = '\\0';\n            }\n            fclose(pFile);\n        }\n        do\n        {\n#ifdef _WIN32\n            if (WSAStartup(MAKEWORD(2,2), &wsaData) != NO_ERROR)\n            {\n                break;\n            }\n            wsaDataInit = 1;\n#endif\n            connectSocket = socket(AF_INET, SOCK_STREAM, IPPROTO_TCP);\n            if (connectSocket == INVALID_SOCKET)\n            {\n                break;\n            }\n            memset(&service, 0, sizeof(service));\n            service.sin_family = AF_INET;\n            service.sin_addr.s_addr = INADDR_ANY;\n            service.sin_port = htons(TCP_PORT);\n            if (connect(connectSocket, (struct sockaddr*)&service, sizeof(service)) == SOCKET_ERROR)\n            {\n                break;\n            }\n            /* FLAW: Send the contents of a file over the network */\n            if (send(connectSocket, contents, strlen(contents), 0) != strlen(contents))\n            {\n                break;\n            }\n        }\n        while (0);\n        if (connectSocket != INVALID_SOCKET)\n        {\n            CLOSE_SOCKET(connectSocket);\n        }\n#ifdef _WIN32\n        if (wsaDataInit)\n        {\n            WSACleanup();\n        }\n#endif\n    }\n}",
        "question": "How does modifying the control structure `if (connectSocket != INVALID_SOCKET)` affect the behavior or output of `CLOSE_SOCKET`?",
        "choices": {
            "A": "The modification of `if (connectSocket != INVALID_SOCKET)` directly impacts the execution of `CLOSE_SOCKET` because its entire operation is controlled by `if (connectSocket != INVALID_SOCKET)` and located within `if (connectSocket != INVALID_SOCKET)`.",
            "B": "Modifying `if (connectSocket != INVALID_SOCKET)` has no impact on the behavior or output of `CLOSE_SOCKET`.",
            "C": "The change of if (connectSocket != INVALID_SOCKET) indirectly affects the execution of `CLOSE_SOCKET`, as the modifications in `if (connectSocket != INVALID_SOCKET)` influence the arguments or conditions within `CLOSE_SOCKET`.",
            "D": "It is not possible to determine the effect without additional context."
        },
        "answer": "A",
        "distance": 1
    },
    {
        "case_id": 4539,
        "code": "void CWE506_Embedded_Malicious_Code__file_transfer_connect_socket_01_bad()\n{\n    {\n#ifdef _WIN32\n        WSADATA wsaData;\n        int wsaDataInit = 0;\n#endif\n        struct sockaddr_in service;\n        SOCKET connectSocket = INVALID_SOCKET;\n        char contents[65536]; /* Assume file contents is less than 65k to make this test case easier to implement */\n        FILE * pFile;\n        pFile = fopen(FILENAME, \"r\");\n        if (pFile != NULL)\n        {\n            if (fgets(contents, (int)(65535), pFile) == NULL)\n            {\n                printLine(\"fgets() failed\");\n                /* Restore NUL terminator if fgets fails */\n                contents[0] = '\\0';\n            }\n            fclose(pFile);\n        }\n        do\n        {\n#ifdef _WIN32\n            if (WSAStartup(MAKEWORD(2,2), &wsaData) != NO_ERROR)\n            {\n                break;\n            }\n            wsaDataInit = 1;\n#endif\n            connectSocket = socket(AF_INET, SOCK_STREAM, IPPROTO_TCP);\n            if (connectSocket == INVALID_SOCKET)\n            {\n                break;\n            }\n            memset(&service, 0, sizeof(service));\n            service.sin_family = AF_INET;\n            service.sin_addr.s_addr = INADDR_ANY;\n            service.sin_port = htons(TCP_PORT);\n            if (connect(connectSocket, (struct sockaddr*)&service, sizeof(service)) == SOCKET_ERROR)\n            {\n                break;\n            }\n            /* FLAW: Send the contents of a file over the network */\n            if (send(connectSocket, contents, strlen(contents), 0) != strlen(contents))\n            {\n                break;\n            }\n        }\n        while (0);\n        if (connectSocket != INVALID_SOCKET)\n        {\n            CLOSE_SOCKET(connectSocket);\n        }\n#ifdef _WIN32\n        if (wsaDataInit)\n        {\n            WSACleanup();\n        }\n#endif\n    }\n}",
        "question": "How does modifying the control structure `do` affect the behavior or output of `memset`?",
        "choices": {
            "A": "The modification of `do` directly impacts the execution of `memset` because its entire operation is controlled by `do` and located within `do`.",
            "B": "Modifying `do` has no impact on the behavior or output of `memset`.",
            "C": "The change of do indirectly affects the execution of `memset`, as the modifications in `do` influence the arguments or conditions within `memset`.",
            "D": "It is not possible to determine the effect without additional context."
        },
        "answer": "A",
        "distance": 1
    },
    {
        "case_id": 4539,
        "code": "void CWE506_Embedded_Malicious_Code__file_transfer_connect_socket_01_bad()\n{\n    {\n#ifdef _WIN32\n        WSADATA wsaData;\n        int wsaDataInit = 0;\n#endif\n        struct sockaddr_in service;\n        SOCKET connectSocket = INVALID_SOCKET;\n        char contents[65536]; /* Assume file contents is less than 65k to make this test case easier to implement */\n        FILE * pFile;\n        pFile = fopen(FILENAME, \"r\");\n        if (pFile != NULL)\n        {\n            if (fgets(contents, (int)(65535), pFile) == NULL)\n            {\n                printLine(\"fgets() failed\");\n                /* Restore NUL terminator if fgets fails */\n                contents[0] = '\\0';\n            }\n            fclose(pFile);\n        }\n        do\n        {\n#ifdef _WIN32\n            if (WSAStartup(MAKEWORD(2,2), &wsaData) != NO_ERROR)\n            {\n                break;\n            }\n            wsaDataInit = 1;\n#endif\n            connectSocket = socket(AF_INET, SOCK_STREAM, IPPROTO_TCP);\n            if (connectSocket == INVALID_SOCKET)\n            {\n                break;\n            }\n            memset(&service, 0, sizeof(service));\n            service.sin_family = AF_INET;\n            service.sin_addr.s_addr = INADDR_ANY;\n            service.sin_port = htons(TCP_PORT);\n            if (connect(connectSocket, (struct sockaddr*)&service, sizeof(service)) == SOCKET_ERROR)\n            {\n                break;\n            }\n            /* FLAW: Send the contents of a file over the network */\n            if (send(connectSocket, contents, strlen(contents), 0) != strlen(contents))\n            {\n                break;\n            }\n        }\n        while (0);\n        if (connectSocket != INVALID_SOCKET)\n        {\n            CLOSE_SOCKET(connectSocket);\n        }\n#ifdef _WIN32\n        if (wsaDataInit)\n        {\n            WSACleanup();\n        }\n#endif\n    }\n}",
        "question": "How does modifying the control structure `break;` affect the behavior or output of `memset`?",
        "choices": {
            "A": "The modification of `break;` directly impacts the execution of `memset` because its entire operation is controlled by `break;` and located within `break;`.",
            "B": "Modifying `break;` has no impact on the behavior or output of `memset`.",
            "C": "The change of break; indirectly affects the execution of `memset`, as the modifications in `break;` influence the arguments or conditions within `memset`.",
            "D": "It is not possible to determine the effect without additional context."
        },
        "answer": "B",
        "distance": 0
    },
    {
        "case_id": 4539,
        "code": "void CWE506_Embedded_Malicious_Code__file_transfer_connect_socket_01_bad()\n{\n    {\n#ifdef _WIN32\n        WSADATA wsaData;\n        int wsaDataInit = 0;\n#endif\n        struct sockaddr_in service;\n        SOCKET connectSocket = INVALID_SOCKET;\n        char contents[65536]; /* Assume file contents is less than 65k to make this test case easier to implement */\n        FILE * pFile;\n        pFile = fopen(FILENAME, \"r\");\n        if (pFile != NULL)\n        {\n            if (fgets(contents, (int)(65535), pFile) == NULL)\n            {\n                printLine(\"fgets() failed\");\n                /* Restore NUL terminator if fgets fails */\n                contents[0] = '\\0';\n            }\n            fclose(pFile);\n        }\n        do\n        {\n#ifdef _WIN32\n            if (WSAStartup(MAKEWORD(2,2), &wsaData) != NO_ERROR)\n            {\n                break;\n            }\n            wsaDataInit = 1;\n#endif\n            connectSocket = socket(AF_INET, SOCK_STREAM, IPPROTO_TCP);\n            if (connectSocket == INVALID_SOCKET)\n            {\n                break;\n            }\n            memset(&service, 0, sizeof(service));\n            service.sin_family = AF_INET;\n            service.sin_addr.s_addr = INADDR_ANY;\n            service.sin_port = htons(TCP_PORT);\n            if (connect(connectSocket, (struct sockaddr*)&service, sizeof(service)) == SOCKET_ERROR)\n            {\n                break;\n            }\n            /* FLAW: Send the contents of a file over the network */\n            if (send(connectSocket, contents, strlen(contents), 0) != strlen(contents))\n            {\n                break;\n            }\n        }\n        while (0);\n        if (connectSocket != INVALID_SOCKET)\n        {\n            CLOSE_SOCKET(connectSocket);\n        }\n#ifdef _WIN32\n        if (wsaDataInit)\n        {\n            WSACleanup();\n        }\n#endif\n    }\n}",
        "question": "How does modifying the control structure `break;` affect the behavior or output of `printLine`?",
        "choices": {
            "A": "The modification of `break;` directly impacts the execution of `printLine` because its entire operation is controlled by `break;` and located within `break;`.",
            "B": "Modifying `break;` has no impact on the behavior or output of `printLine`.",
            "C": "The change of break; indirectly affects the execution of `printLine`, as the modifications in `break;` influence the arguments or conditions within `printLine`.",
            "D": "It is not possible to determine the effect without additional context."
        },
        "answer": "B",
        "distance": 0
    },
    {
        "case_id": 4539,
        "code": "void CWE506_Embedded_Malicious_Code__file_transfer_connect_socket_01_bad()\n{\n    {\n#ifdef _WIN32\n        WSADATA wsaData;\n        int wsaDataInit = 0;\n#endif\n        struct sockaddr_in service;\n        SOCKET connectSocket = INVALID_SOCKET;\n        char contents[65536]; /* Assume file contents is less than 65k to make this test case easier to implement */\n        FILE * pFile;\n        pFile = fopen(FILENAME, \"r\");\n        if (pFile != NULL)\n        {\n            if (fgets(contents, (int)(65535), pFile) == NULL)\n            {\n                printLine(\"fgets() failed\");\n                /* Restore NUL terminator if fgets fails */\n                contents[0] = '\\0';\n            }\n            fclose(pFile);\n        }\n        do\n        {\n#ifdef _WIN32\n            if (WSAStartup(MAKEWORD(2,2), &wsaData) != NO_ERROR)\n            {\n                break;\n            }\n            wsaDataInit = 1;\n#endif\n            connectSocket = socket(AF_INET, SOCK_STREAM, IPPROTO_TCP);\n            if (connectSocket == INVALID_SOCKET)\n            {\n                break;\n            }\n            memset(&service, 0, sizeof(service));\n            service.sin_family = AF_INET;\n            service.sin_addr.s_addr = INADDR_ANY;\n            service.sin_port = htons(TCP_PORT);\n            if (connect(connectSocket, (struct sockaddr*)&service, sizeof(service)) == SOCKET_ERROR)\n            {\n                break;\n            }\n            /* FLAW: Send the contents of a file over the network */\n            if (send(connectSocket, contents, strlen(contents), 0) != strlen(contents))\n            {\n                break;\n            }\n        }\n        while (0);\n        if (connectSocket != INVALID_SOCKET)\n        {\n            CLOSE_SOCKET(connectSocket);\n        }\n#ifdef _WIN32\n        if (wsaDataInit)\n        {\n            WSACleanup();\n        }\n#endif\n    }\n}",
        "question": "How does modifying the control structure `break;` affect the behavior or output of `htons`?",
        "choices": {
            "A": "The modification of `break;` directly impacts the execution of `htons` because its entire operation is controlled by `break;` and located within `break;`.",
            "B": "Modifying `break;` has no impact on the behavior or output of `htons`.",
            "C": "The change of break; indirectly affects the execution of `htons`, as the modifications in `break;` influence the arguments or conditions within `htons`.",
            "D": "It is not possible to determine the effect without additional context."
        },
        "answer": "B",
        "distance": 0
    },
    {
        "case_id": 4539,
        "code": "void CWE506_Embedded_Malicious_Code__file_transfer_connect_socket_01_bad()\n{\n    {\n#ifdef _WIN32\n        WSADATA wsaData;\n        int wsaDataInit = 0;\n#endif\n        struct sockaddr_in service;\n        SOCKET connectSocket = INVALID_SOCKET;\n        char contents[65536]; /* Assume file contents is less than 65k to make this test case easier to implement */\n        FILE * pFile;\n        pFile = fopen(FILENAME, \"r\");\n        if (pFile != NULL)\n        {\n            if (fgets(contents, (int)(65535), pFile) == NULL)\n            {\n                printLine(\"fgets() failed\");\n                /* Restore NUL terminator if fgets fails */\n                contents[0] = '\\0';\n            }\n            fclose(pFile);\n        }\n        do\n        {\n#ifdef _WIN32\n            if (WSAStartup(MAKEWORD(2,2), &wsaData) != NO_ERROR)\n            {\n                break;\n            }\n            wsaDataInit = 1;\n#endif\n            connectSocket = socket(AF_INET, SOCK_STREAM, IPPROTO_TCP);\n            if (connectSocket == INVALID_SOCKET)\n            {\n                break;\n            }\n            memset(&service, 0, sizeof(service));\n            service.sin_family = AF_INET;\n            service.sin_addr.s_addr = INADDR_ANY;\n            service.sin_port = htons(TCP_PORT);\n            if (connect(connectSocket, (struct sockaddr*)&service, sizeof(service)) == SOCKET_ERROR)\n            {\n                break;\n            }\n            /* FLAW: Send the contents of a file over the network */\n            if (send(connectSocket, contents, strlen(contents), 0) != strlen(contents))\n            {\n                break;\n            }\n        }\n        while (0);\n        if (connectSocket != INVALID_SOCKET)\n        {\n            CLOSE_SOCKET(connectSocket);\n        }\n#ifdef _WIN32\n        if (wsaDataInit)\n        {\n            WSACleanup();\n        }\n#endif\n    }\n}",
        "question": "How does modifying the control structure `break;` affect the behavior or output of `connect`?",
        "choices": {
            "A": "The modification of `break;` directly impacts the execution of `connect` because its entire operation is controlled by `break;` and located within `break;`.",
            "B": "Modifying `break;` has no impact on the behavior or output of `connect`.",
            "C": "The change of break; indirectly affects the execution of `connect`, as the modifications in `break;` influence the arguments or conditions within `connect`.",
            "D": "It is not possible to determine the effect without additional context."
        },
        "answer": "B",
        "distance": 0
    },
    {
        "case_id": 4539,
        "code": "void CWE506_Embedded_Malicious_Code__file_transfer_connect_socket_01_bad()\n{\n    {\n#ifdef _WIN32\n        WSADATA wsaData;\n        int wsaDataInit = 0;\n#endif\n        struct sockaddr_in service;\n        SOCKET connectSocket = INVALID_SOCKET;\n        char contents[65536]; /* Assume file contents is less than 65k to make this test case easier to implement */\n        FILE * pFile;\n        pFile = fopen(FILENAME, \"r\");\n        if (pFile != NULL)\n        {\n            if (fgets(contents, (int)(65535), pFile) == NULL)\n            {\n                printLine(\"fgets() failed\");\n                /* Restore NUL terminator if fgets fails */\n                contents[0] = '\\0';\n            }\n            fclose(pFile);\n        }\n        do\n        {\n#ifdef _WIN32\n            if (WSAStartup(MAKEWORD(2,2), &wsaData) != NO_ERROR)\n            {\n                break;\n            }\n            wsaDataInit = 1;\n#endif\n            connectSocket = socket(AF_INET, SOCK_STREAM, IPPROTO_TCP);\n            if (connectSocket == INVALID_SOCKET)\n            {\n                break;\n            }\n            memset(&service, 0, sizeof(service));\n            service.sin_family = AF_INET;\n            service.sin_addr.s_addr = INADDR_ANY;\n            service.sin_port = htons(TCP_PORT);\n            if (connect(connectSocket, (struct sockaddr*)&service, sizeof(service)) == SOCKET_ERROR)\n            {\n                break;\n            }\n            /* FLAW: Send the contents of a file over the network */\n            if (send(connectSocket, contents, strlen(contents), 0) != strlen(contents))\n            {\n                break;\n            }\n        }\n        while (0);\n        if (connectSocket != INVALID_SOCKET)\n        {\n            CLOSE_SOCKET(connectSocket);\n        }\n#ifdef _WIN32\n        if (wsaDataInit)\n        {\n            WSACleanup();\n        }\n#endif\n    }\n}",
        "question": "How does modifying the control structure `do` affect the behavior or output of `CLOSE_SOCKET`?",
        "choices": {
            "A": "The modification of `do` directly impacts the execution of `CLOSE_SOCKET` because its entire operation is controlled by `do` and located within `do`.",
            "B": "Modifying `do` has no impact on the behavior or output of `CLOSE_SOCKET`.",
            "C": "The change of do indirectly affects the execution of `CLOSE_SOCKET`, as the modifications in `do` influence the arguments or conditions within `CLOSE_SOCKET`.",
            "D": "It is not possible to determine the effect without additional context."
        },
        "answer": "C",
        "distance": 3
    },
    {
        "case_id": 4539,
        "code": "void CWE506_Embedded_Malicious_Code__file_transfer_connect_socket_01_bad()\n{\n    {\n#ifdef _WIN32\n        WSADATA wsaData;\n        int wsaDataInit = 0;\n#endif\n        struct sockaddr_in service;\n        SOCKET connectSocket = INVALID_SOCKET;\n        char contents[65536]; /* Assume file contents is less than 65k to make this test case easier to implement */\n        FILE * pFile;\n        pFile = fopen(FILENAME, \"r\");\n        if (pFile != NULL)\n        {\n            if (fgets(contents, (int)(65535), pFile) == NULL)\n            {\n                printLine(\"fgets() failed\");\n                /* Restore NUL terminator if fgets fails */\n                contents[0] = '\\0';\n            }\n            fclose(pFile);\n        }\n        do\n        {\n#ifdef _WIN32\n            if (WSAStartup(MAKEWORD(2,2), &wsaData) != NO_ERROR)\n            {\n                break;\n            }\n            wsaDataInit = 1;\n#endif\n            connectSocket = socket(AF_INET, SOCK_STREAM, IPPROTO_TCP);\n            if (connectSocket == INVALID_SOCKET)\n            {\n                break;\n            }\n            memset(&service, 0, sizeof(service));\n            service.sin_family = AF_INET;\n            service.sin_addr.s_addr = INADDR_ANY;\n            service.sin_port = htons(TCP_PORT);\n            if (connect(connectSocket, (struct sockaddr*)&service, sizeof(service)) == SOCKET_ERROR)\n            {\n                break;\n            }\n            /* FLAW: Send the contents of a file over the network */\n            if (send(connectSocket, contents, strlen(contents), 0) != strlen(contents))\n            {\n                break;\n            }\n        }\n        while (0);\n        if (connectSocket != INVALID_SOCKET)\n        {\n            CLOSE_SOCKET(connectSocket);\n        }\n#ifdef _WIN32\n        if (wsaDataInit)\n        {\n            WSACleanup();\n        }\n#endif\n    }\n}",
        "question": "How does modifying the control structure `if (connectSocket == INVALID_SOCKET)` affect the behavior or output of `memset`?",
        "choices": {
            "A": "The modification of `if (connectSocket == INVALID_SOCKET)` directly impacts the execution of `memset` because its entire operation is controlled by `if (connectSocket == INVALID_SOCKET)` and located within `if (connectSocket == INVALID_SOCKET)`.",
            "B": "Modifying `if (connectSocket == INVALID_SOCKET)` has no impact on the behavior or output of `memset`.",
            "C": "The change of if (connectSocket == INVALID_SOCKET) indirectly affects the execution of `memset`, as the modifications in `if (connectSocket == INVALID_SOCKET)` influence the arguments or conditions within `memset`.",
            "D": "It is not possible to determine the effect without additional context."
        },
        "answer": "C",
        "distance": 2
    },
    {
        "case_id": 4539,
        "code": "void CWE506_Embedded_Malicious_Code__file_transfer_connect_socket_01_bad()\n{\n    {\n#ifdef _WIN32\n        WSADATA wsaData;\n        int wsaDataInit = 0;\n#endif\n        struct sockaddr_in service;\n        SOCKET connectSocket = INVALID_SOCKET;\n        char contents[65536]; /* Assume file contents is less than 65k to make this test case easier to implement */\n        FILE * pFile;\n        pFile = fopen(FILENAME, \"r\");\n        if (pFile != NULL)\n        {\n            if (fgets(contents, (int)(65535), pFile) == NULL)\n            {\n                printLine(\"fgets() failed\");\n                /* Restore NUL terminator if fgets fails */\n                contents[0] = '\\0';\n            }\n            fclose(pFile);\n        }\n        do\n        {\n#ifdef _WIN32\n            if (WSAStartup(MAKEWORD(2,2), &wsaData) != NO_ERROR)\n            {\n                break;\n            }\n            wsaDataInit = 1;\n#endif\n            connectSocket = socket(AF_INET, SOCK_STREAM, IPPROTO_TCP);\n            if (connectSocket == INVALID_SOCKET)\n            {\n                break;\n            }\n            memset(&service, 0, sizeof(service));\n            service.sin_family = AF_INET;\n            service.sin_addr.s_addr = INADDR_ANY;\n            service.sin_port = htons(TCP_PORT);\n            if (connect(connectSocket, (struct sockaddr*)&service, sizeof(service)) == SOCKET_ERROR)\n            {\n                break;\n            }\n            /* FLAW: Send the contents of a file over the network */\n            if (send(connectSocket, contents, strlen(contents), 0) != strlen(contents))\n            {\n                break;\n            }\n        }\n        while (0);\n        if (connectSocket != INVALID_SOCKET)\n        {\n            CLOSE_SOCKET(connectSocket);\n        }\n#ifdef _WIN32\n        if (wsaDataInit)\n        {\n            WSACleanup();\n        }\n#endif\n    }\n}",
        "question": "How does modifying the control structure `if (connectSocket == INVALID_SOCKET)` affect the behavior or output of `htons`?",
        "choices": {
            "A": "The modification of `if (connectSocket == INVALID_SOCKET)` directly impacts the execution of `htons` because its entire operation is controlled by `if (connectSocket == INVALID_SOCKET)` and located within `if (connectSocket == INVALID_SOCKET)`.",
            "B": "Modifying `if (connectSocket == INVALID_SOCKET)` has no impact on the behavior or output of `htons`.",
            "C": "The change of if (connectSocket == INVALID_SOCKET) indirectly affects the execution of `htons`, as the modifications in `if (connectSocket == INVALID_SOCKET)` influence the arguments or conditions within `htons`.",
            "D": "It is not possible to determine the effect without additional context."
        },
        "answer": "C",
        "distance": 2
    }
]