[
    {
        "case_id": 4839,
        "code": "void CWE534_Info_Exposure_Debug_Log__w32_char_01_bad()\n{\n    {\n        char password[100] = \"\";\n        size_t passwordLen = 0;\n        HANDLE pHandle;\n        char * username = \"User\";\n        char * domain = \"Domain\";\n        FILE * pFile = fopen(\"debug.txt\", \"a+\");\n        if (fgets(password, 100, stdin) == NULL)\n        {\n            printLine(\"fgets() failed\");\n            /* Restore NUL terminator if fgets fails */\n            password[0] = '\\0';\n        }\n        /* Remove the carriage return from the string that is inserted by fgets() */\n        passwordLen = strlen(password);\n        if (passwordLen > 0)\n        {\n            password[passwordLen-1] = '\\0';\n        }\n        /* Use the password in LogonUser() to establish that it is \"sensitive\" */\n        if (LogonUserA(\n                    username,\n                    domain,\n                    password,\n                    LOGON32_LOGON_NETWORK,\n                    LOGON32_PROVIDER_DEFAULT,\n                    &pHandle) != 0)\n        {\n            printLine(\"User logged in successfully.\");\n            CloseHandle(pHandle);\n        }\n        else\n        {\n            printLine(\"Unable to login.\");\n        }\n        /* FLAW: Write sensitive data to the log */\n        fprintf(pFile, \"User attempted access with password: %s\\n\", password);\n        if (pFile)\n        {\n            fclose(pFile);\n        }\n    }\n}",
        "question": "How does modifying the control structure `if (LogonUserA(username,domain,password,LOGON32_LOGON_NETWORK,LOGON32_PROVIDER_DEFAULT,&pHandle) != 0)` affect the behavior or output of `CloseHandle`?",
        "choices": {
            "A": "The modification of `if (LogonUserA(username,domain,password,LOGON32_LOGON_NETWORK,LOGON32_PROVIDER_DEFAULT,&pHandle) != 0)` directly impacts the execution of `CloseHandle` because its entire operation is controlled by `if (LogonUserA(username,domain,password,LOGON32_LOGON_NETWORK,LOGON32_PROVIDER_DEFAULT,&pHandle) != 0)` and located within `if (LogonUserA(username,domain,password,LOGON32_LOGON_NETWORK,LOGON32_PROVIDER_DEFAULT,&pHandle) != 0)`.",
            "B": "Modifying `if (LogonUserA(username,domain,password,LOGON32_LOGON_NETWORK,LOGON32_PROVIDER_DEFAULT,&pHandle) != 0)` has no impact on the behavior or output of `CloseHandle`.",
            "C": "The change of if (LogonUserA(username,domain,password,LOGON32_LOGON_NETWORK,LOGON32_PROVIDER_DEFAULT,&pHandle) != 0) indirectly affects the execution of `CloseHandle`, as the modifications in `if (LogonUserA(username,domain,password,LOGON32_LOGON_NETWORK,LOGON32_PROVIDER_DEFAULT,&pHandle) != 0)` influence the arguments or conditions within `CloseHandle`.",
            "D": "It is not possible to determine the effect without additional context."
        },
        "answer": "A",
        "distance": 1
    },
    {
        "case_id": 4839,
        "code": "void CWE534_Info_Exposure_Debug_Log__w32_char_01_bad()\n{\n    {\n        char password[100] = \"\";\n        size_t passwordLen = 0;\n        HANDLE pHandle;\n        char * username = \"User\";\n        char * domain = \"Domain\";\n        FILE * pFile = fopen(\"debug.txt\", \"a+\");\n        if (fgets(password, 100, stdin) == NULL)\n        {\n            printLine(\"fgets() failed\");\n            /* Restore NUL terminator if fgets fails */\n            password[0] = '\\0';\n        }\n        /* Remove the carriage return from the string that is inserted by fgets() */\n        passwordLen = strlen(password);\n        if (passwordLen > 0)\n        {\n            password[passwordLen-1] = '\\0';\n        }\n        /* Use the password in LogonUser() to establish that it is \"sensitive\" */\n        if (LogonUserA(\n                    username,\n                    domain,\n                    password,\n                    LOGON32_LOGON_NETWORK,\n                    LOGON32_PROVIDER_DEFAULT,\n                    &pHandle) != 0)\n        {\n            printLine(\"User logged in successfully.\");\n            CloseHandle(pHandle);\n        }\n        else\n        {\n            printLine(\"Unable to login.\");\n        }\n        /* FLAW: Write sensitive data to the log */\n        fprintf(pFile, \"User attempted access with password: %s\\n\", password);\n        if (pFile)\n        {\n            fclose(pFile);\n        }\n    }\n}",
        "question": "How does modifying the control structure `if (pFile)` affect the behavior or output of `fclose`?",
        "choices": {
            "A": "The modification of `if (pFile)` directly impacts the execution of `fclose` because its entire operation is controlled by `if (pFile)` and located within `if (pFile)`.",
            "B": "Modifying `if (pFile)` has no impact on the behavior or output of `fclose`.",
            "C": "The change of if (pFile) indirectly affects the execution of `fclose`, as the modifications in `if (pFile)` influence the arguments or conditions within `fclose`.",
            "D": "It is not possible to determine the effect without additional context."
        },
        "answer": "A",
        "distance": 1
    },
    {
        "case_id": 4839,
        "code": "void CWE534_Info_Exposure_Debug_Log__w32_char_01_bad()\n{\n    {\n        char password[100] = \"\";\n        size_t passwordLen = 0;\n        HANDLE pHandle;\n        char * username = \"User\";\n        char * domain = \"Domain\";\n        FILE * pFile = fopen(\"debug.txt\", \"a+\");\n        if (fgets(password, 100, stdin) == NULL)\n        {\n            printLine(\"fgets() failed\");\n            /* Restore NUL terminator if fgets fails */\n            password[0] = '\\0';\n        }\n        /* Remove the carriage return from the string that is inserted by fgets() */\n        passwordLen = strlen(password);\n        if (passwordLen > 0)\n        {\n            password[passwordLen-1] = '\\0';\n        }\n        /* Use the password in LogonUser() to establish that it is \"sensitive\" */\n        if (LogonUserA(\n                    username,\n                    domain,\n                    password,\n                    LOGON32_LOGON_NETWORK,\n                    LOGON32_PROVIDER_DEFAULT,\n                    &pHandle) != 0)\n        {\n            printLine(\"User logged in successfully.\");\n            CloseHandle(pHandle);\n        }\n        else\n        {\n            printLine(\"Unable to login.\");\n        }\n        /* FLAW: Write sensitive data to the log */\n        fprintf(pFile, \"User attempted access with password: %s\\n\", password);\n        if (pFile)\n        {\n            fclose(pFile);\n        }\n    }\n}",
        "question": "How does modifying the control structure `if (passwordLen > 0)` affect the behavior or output of `fprintf`?",
        "choices": {
            "A": "The modification of `if (passwordLen > 0)` directly impacts the execution of `fprintf` because its entire operation is controlled by `if (passwordLen > 0)` and located within `if (passwordLen > 0)`.",
            "B": "Modifying `if (passwordLen > 0)` has no impact on the behavior or output of `fprintf`.",
            "C": "The change of if (passwordLen > 0) indirectly affects the execution of `fprintf`, as the modifications in `if (passwordLen > 0)` influence the arguments or conditions within `fprintf`.",
            "D": "It is not possible to determine the effect without additional context."
        },
        "answer": "B",
        "distance": 0
    },
    {
        "case_id": 4839,
        "code": "void CWE534_Info_Exposure_Debug_Log__w32_char_01_bad()\n{\n    {\n        char password[100] = \"\";\n        size_t passwordLen = 0;\n        HANDLE pHandle;\n        char * username = \"User\";\n        char * domain = \"Domain\";\n        FILE * pFile = fopen(\"debug.txt\", \"a+\");\n        if (fgets(password, 100, stdin) == NULL)\n        {\n            printLine(\"fgets() failed\");\n            /* Restore NUL terminator if fgets fails */\n            password[0] = '\\0';\n        }\n        /* Remove the carriage return from the string that is inserted by fgets() */\n        passwordLen = strlen(password);\n        if (passwordLen > 0)\n        {\n            password[passwordLen-1] = '\\0';\n        }\n        /* Use the password in LogonUser() to establish that it is \"sensitive\" */\n        if (LogonUserA(\n                    username,\n                    domain,\n                    password,\n                    LOGON32_LOGON_NETWORK,\n                    LOGON32_PROVIDER_DEFAULT,\n                    &pHandle) != 0)\n        {\n            printLine(\"User logged in successfully.\");\n            CloseHandle(pHandle);\n        }\n        else\n        {\n            printLine(\"Unable to login.\");\n        }\n        /* FLAW: Write sensitive data to the log */\n        fprintf(pFile, \"User attempted access with password: %s\\n\", password);\n        if (pFile)\n        {\n            fclose(pFile);\n        }\n    }\n}",
        "question": "How does modifying the control structure `if (passwordLen > 0)` affect the behavior or output of `strlen`?",
        "choices": {
            "A": "The modification of `if (passwordLen > 0)` directly impacts the execution of `strlen` because its entire operation is controlled by `if (passwordLen > 0)` and located within `if (passwordLen > 0)`.",
            "B": "Modifying `if (passwordLen > 0)` has no impact on the behavior or output of `strlen`.",
            "C": "The change of if (passwordLen > 0) indirectly affects the execution of `strlen`, as the modifications in `if (passwordLen > 0)` influence the arguments or conditions within `strlen`.",
            "D": "It is not possible to determine the effect without additional context."
        },
        "answer": "B",
        "distance": 0
    },
    {
        "case_id": 4839,
        "code": "void CWE534_Info_Exposure_Debug_Log__w32_char_01_bad()\n{\n    {\n        char password[100] = \"\";\n        size_t passwordLen = 0;\n        HANDLE pHandle;\n        char * username = \"User\";\n        char * domain = \"Domain\";\n        FILE * pFile = fopen(\"debug.txt\", \"a+\");\n        if (fgets(password, 100, stdin) == NULL)\n        {\n            printLine(\"fgets() failed\");\n            /* Restore NUL terminator if fgets fails */\n            password[0] = '\\0';\n        }\n        /* Remove the carriage return from the string that is inserted by fgets() */\n        passwordLen = strlen(password);\n        if (passwordLen > 0)\n        {\n            password[passwordLen-1] = '\\0';\n        }\n        /* Use the password in LogonUser() to establish that it is \"sensitive\" */\n        if (LogonUserA(\n                    username,\n                    domain,\n                    password,\n                    LOGON32_LOGON_NETWORK,\n                    LOGON32_PROVIDER_DEFAULT,\n                    &pHandle) != 0)\n        {\n            printLine(\"User logged in successfully.\");\n            CloseHandle(pHandle);\n        }\n        else\n        {\n            printLine(\"Unable to login.\");\n        }\n        /* FLAW: Write sensitive data to the log */\n        fprintf(pFile, \"User attempted access with password: %s\\n\", password);\n        if (pFile)\n        {\n            fclose(pFile);\n        }\n    }\n}",
        "question": "How does modifying the control structure `if (passwordLen > 0)` affect the behavior or output of `CloseHandle`?",
        "choices": {
            "A": "The modification of `if (passwordLen > 0)` directly impacts the execution of `CloseHandle` because its entire operation is controlled by `if (passwordLen > 0)` and located within `if (passwordLen > 0)`.",
            "B": "Modifying `if (passwordLen > 0)` has no impact on the behavior or output of `CloseHandle`.",
            "C": "The change of if (passwordLen > 0) indirectly affects the execution of `CloseHandle`, as the modifications in `if (passwordLen > 0)` influence the arguments or conditions within `CloseHandle`.",
            "D": "It is not possible to determine the effect without additional context."
        },
        "answer": "B",
        "distance": 0
    },
    {
        "case_id": 4839,
        "code": "void CWE534_Info_Exposure_Debug_Log__w32_char_01_bad()\n{\n    {\n        char password[100] = \"\";\n        size_t passwordLen = 0;\n        HANDLE pHandle;\n        char * username = \"User\";\n        char * domain = \"Domain\";\n        FILE * pFile = fopen(\"debug.txt\", \"a+\");\n        if (fgets(password, 100, stdin) == NULL)\n        {\n            printLine(\"fgets() failed\");\n            /* Restore NUL terminator if fgets fails */\n            password[0] = '\\0';\n        }\n        /* Remove the carriage return from the string that is inserted by fgets() */\n        passwordLen = strlen(password);\n        if (passwordLen > 0)\n        {\n            password[passwordLen-1] = '\\0';\n        }\n        /* Use the password in LogonUser() to establish that it is \"sensitive\" */\n        if (LogonUserA(\n                    username,\n                    domain,\n                    password,\n                    LOGON32_LOGON_NETWORK,\n                    LOGON32_PROVIDER_DEFAULT,\n                    &pHandle) != 0)\n        {\n            printLine(\"User logged in successfully.\");\n            CloseHandle(pHandle);\n        }\n        else\n        {\n            printLine(\"Unable to login.\");\n        }\n        /* FLAW: Write sensitive data to the log */\n        fprintf(pFile, \"User attempted access with password: %s\\n\", password);\n        if (pFile)\n        {\n            fclose(pFile);\n        }\n    }\n}",
        "question": "How does modifying the control structure `if (passwordLen > 0)` affect the behavior or output of `fclose`?",
        "choices": {
            "A": "The modification of `if (passwordLen > 0)` directly impacts the execution of `fclose` because its entire operation is controlled by `if (passwordLen > 0)` and located within `if (passwordLen > 0)`.",
            "B": "Modifying `if (passwordLen > 0)` has no impact on the behavior or output of `fclose`.",
            "C": "The change of if (passwordLen > 0) indirectly affects the execution of `fclose`, as the modifications in `if (passwordLen > 0)` influence the arguments or conditions within `fclose`.",
            "D": "It is not possible to determine the effect without additional context."
        },
        "answer": "B",
        "distance": 0
    }
]