[
    {
        "case_id": 5697,
        "code": "void CWE617_Reachable_Assertion__fgets_01_bad()\n{\n    int data;\n    /* Initialize data */\n    data = -1;\n    {\n        char inputBuffer[CHAR_ARRAY_SIZE] = \"\";\n        /* POTENTIAL FLAW: Read data from the console using fgets() */\n        if (fgets(inputBuffer, CHAR_ARRAY_SIZE, stdin) != NULL)\n        {\n            /* Convert to int */\n            data = atoi(inputBuffer);\n        }\n        else\n        {\n            printLine(\"fgets() failed.\");\n        }\n    }\n    /* POTENTIAL FLAW: this assertion could trigger if n <= ASSERT_VALUE */\n    assert(data > ASSERT_VALUE);\n}",
        "question": "How does modifying the control structure `if (fgets(inputBuffer, CHAR_ARRAY_SIZE, stdin) != NULL)` affect the behavior or output of `printLine`?",
        "choices": {
            "A": "The modification of `if (fgets(inputBuffer, CHAR_ARRAY_SIZE, stdin) != NULL)` directly impacts the execution of `printLine` because its entire operation is controlled by `if (fgets(inputBuffer, CHAR_ARRAY_SIZE, stdin) != NULL)` and located within `if (fgets(inputBuffer, CHAR_ARRAY_SIZE, stdin) != NULL)`.",
            "B": "Modifying `if (fgets(inputBuffer, CHAR_ARRAY_SIZE, stdin) != NULL)` has no impact on the behavior or output of `printLine`.",
            "C": "The change of if (fgets(inputBuffer, CHAR_ARRAY_SIZE, stdin) != NULL) indirectly affects the execution of `printLine`, as the modifications in `if (fgets(inputBuffer, CHAR_ARRAY_SIZE, stdin) != NULL)` influence the arguments or conditions within `printLine`.",
            "D": "It is not possible to determine the effect without additional context."
        },
        "answer": "A",
        "distance": 2
    },
    {
        "case_id": 5697,
        "code": "void CWE617_Reachable_Assertion__fgets_01_bad()\n{\n    int data;\n    /* Initialize data */\n    data = -1;\n    {\n        char inputBuffer[CHAR_ARRAY_SIZE] = \"\";\n        /* POTENTIAL FLAW: Read data from the console using fgets() */\n        if (fgets(inputBuffer, CHAR_ARRAY_SIZE, stdin) != NULL)\n        {\n            /* Convert to int */\n            data = atoi(inputBuffer);\n        }\n        else\n        {\n            printLine(\"fgets() failed.\");\n        }\n    }\n    /* POTENTIAL FLAW: this assertion could trigger if n <= ASSERT_VALUE */\n    assert(data > ASSERT_VALUE);\n}",
        "question": "How does modifying the control structure `else` affect the behavior or output of `printLine`?",
        "choices": {
            "A": "The modification of `else` directly impacts the execution of `printLine` because its entire operation is controlled by `else` and located within `else`.",
            "B": "Modifying `else` has no impact on the behavior or output of `printLine`.",
            "C": "The change of else indirectly affects the execution of `printLine`, as the modifications in `else` influence the arguments or conditions within `printLine`.",
            "D": "It is not possible to determine the effect without additional context."
        },
        "answer": "A",
        "distance": 1
    },
    {
        "case_id": 5697,
        "code": "void CWE617_Reachable_Assertion__fgets_01_bad()\n{\n    int data;\n    /* Initialize data */\n    data = -1;\n    {\n        char inputBuffer[CHAR_ARRAY_SIZE] = \"\";\n        /* POTENTIAL FLAW: Read data from the console using fgets() */\n        if (fgets(inputBuffer, CHAR_ARRAY_SIZE, stdin) != NULL)\n        {\n            /* Convert to int */\n            data = atoi(inputBuffer);\n        }\n        else\n        {\n            printLine(\"fgets() failed.\");\n        }\n    }\n    /* POTENTIAL FLAW: this assertion could trigger if n <= ASSERT_VALUE */\n    assert(data > ASSERT_VALUE);\n}",
        "question": "How does modifying the control structure `if (fgets(inputBuffer, CHAR_ARRAY_SIZE, stdin) != NULL)` affect the behavior or output of `atoi`?",
        "choices": {
            "A": "The modification of `if (fgets(inputBuffer, CHAR_ARRAY_SIZE, stdin) != NULL)` directly impacts the execution of `atoi` because its entire operation is controlled by `if (fgets(inputBuffer, CHAR_ARRAY_SIZE, stdin) != NULL)` and located within `if (fgets(inputBuffer, CHAR_ARRAY_SIZE, stdin) != NULL)`.",
            "B": "Modifying `if (fgets(inputBuffer, CHAR_ARRAY_SIZE, stdin) != NULL)` has no impact on the behavior or output of `atoi`.",
            "C": "The change of if (fgets(inputBuffer, CHAR_ARRAY_SIZE, stdin) != NULL) indirectly affects the execution of `atoi`, as the modifications in `if (fgets(inputBuffer, CHAR_ARRAY_SIZE, stdin) != NULL)` influence the arguments or conditions within `atoi`.",
            "D": "It is not possible to determine the effect without additional context."
        },
        "answer": "A",
        "distance": 1
    },
    {
        "case_id": 5697,
        "code": "void CWE617_Reachable_Assertion__fgets_01_bad()\n{\n    int data;\n    /* Initialize data */\n    data = -1;\n    {\n        char inputBuffer[CHAR_ARRAY_SIZE] = \"\";\n        /* POTENTIAL FLAW: Read data from the console using fgets() */\n        if (fgets(inputBuffer, CHAR_ARRAY_SIZE, stdin) != NULL)\n        {\n            /* Convert to int */\n            data = atoi(inputBuffer);\n        }\n        else\n        {\n            printLine(\"fgets() failed.\");\n        }\n    }\n    /* POTENTIAL FLAW: this assertion could trigger if n <= ASSERT_VALUE */\n    assert(data > ASSERT_VALUE);\n}",
        "question": "How does modifying the control structure `else` affect the behavior or output of `assert`?",
        "choices": {
            "A": "The modification of `else` directly impacts the execution of `assert` because its entire operation is controlled by `else` and located within `else`.",
            "B": "Modifying `else` has no impact on the behavior or output of `assert`.",
            "C": "The change of else indirectly affects the execution of `assert`, as the modifications in `else` influence the arguments or conditions within `assert`.",
            "D": "It is not possible to determine the effect without additional context."
        },
        "answer": "B",
        "distance": 0
    },
    {
        "case_id": 5697,
        "code": "void CWE617_Reachable_Assertion__fgets_01_bad()\n{\n    int data;\n    /* Initialize data */\n    data = -1;\n    {\n        char inputBuffer[CHAR_ARRAY_SIZE] = \"\";\n        /* POTENTIAL FLAW: Read data from the console using fgets() */\n        if (fgets(inputBuffer, CHAR_ARRAY_SIZE, stdin) != NULL)\n        {\n            /* Convert to int */\n            data = atoi(inputBuffer);\n        }\n        else\n        {\n            printLine(\"fgets() failed.\");\n        }\n    }\n    /* POTENTIAL FLAW: this assertion could trigger if n <= ASSERT_VALUE */\n    assert(data > ASSERT_VALUE);\n}",
        "question": "How does modifying the control structure `else` affect the behavior or output of `atoi`?",
        "choices": {
            "A": "The modification of `else` directly impacts the execution of `atoi` because its entire operation is controlled by `else` and located within `else`.",
            "B": "Modifying `else` has no impact on the behavior or output of `atoi`.",
            "C": "The change of else indirectly affects the execution of `atoi`, as the modifications in `else` influence the arguments or conditions within `atoi`.",
            "D": "It is not possible to determine the effect without additional context."
        },
        "answer": "B",
        "distance": 0
    },
    {
        "case_id": 5697,
        "code": "void CWE617_Reachable_Assertion__fgets_01_bad()\n{\n    int data;\n    /* Initialize data */\n    data = -1;\n    {\n        char inputBuffer[CHAR_ARRAY_SIZE] = \"\";\n        /* POTENTIAL FLAW: Read data from the console using fgets() */\n        if (fgets(inputBuffer, CHAR_ARRAY_SIZE, stdin) != NULL)\n        {\n            /* Convert to int */\n            data = atoi(inputBuffer);\n        }\n        else\n        {\n            printLine(\"fgets() failed.\");\n        }\n    }\n    /* POTENTIAL FLAW: this assertion could trigger if n <= ASSERT_VALUE */\n    assert(data > ASSERT_VALUE);\n}",
        "question": "How does modifying the control structure `if (fgets(inputBuffer, CHAR_ARRAY_SIZE, stdin) != NULL)` affect the behavior or output of `assert`?",
        "choices": {
            "A": "The modification of `if (fgets(inputBuffer, CHAR_ARRAY_SIZE, stdin) != NULL)` directly impacts the execution of `assert` because its entire operation is controlled by `if (fgets(inputBuffer, CHAR_ARRAY_SIZE, stdin) != NULL)` and located within `if (fgets(inputBuffer, CHAR_ARRAY_SIZE, stdin) != NULL)`.",
            "B": "Modifying `if (fgets(inputBuffer, CHAR_ARRAY_SIZE, stdin) != NULL)` has no impact on the behavior or output of `assert`.",
            "C": "The change of if (fgets(inputBuffer, CHAR_ARRAY_SIZE, stdin) != NULL) indirectly affects the execution of `assert`, as the modifications in `if (fgets(inputBuffer, CHAR_ARRAY_SIZE, stdin) != NULL)` influence the arguments or conditions within `assert`.",
            "D": "It is not possible to determine the effect without additional context."
        },
        "answer": "B",
        "distance": 0
    }
]