[
    {
        "case_id": 1530,
        "code": "void CWE253_Incorrect_Check_of_Function_Return_Value__char_w32CreateMutex_01_bad()\n{\n    {\n        HANDLE hMutex = NULL;\n        hMutex = CreateMutexA(NULL, FALSE, NULL);\n        /* FLAW: If CreateMutexA() failed, the return value will be NULL,\n           but we are checking to see if the return value is INVALID_HANDLE_VALUE */\n        if (hMutex == INVALID_HANDLE_VALUE)\n        {\n            exit(1);\n        }\n        /* We'll leave out most of the implementation since it has nothing to do with the CWE\n         * and since the checkers are looking for certain function calls anyway */\n        CloseHandle(hMutex);\n    }\n}",
        "question": "How does modifying the control structure `if (hMutex == INVALID_HANDLE_VALUE)` affect the behavior or output of `exit`?",
        "choices": {
            "A": "The modification of `if (hMutex == INVALID_HANDLE_VALUE)` directly impacts the execution of `exit` because its entire operation is controlled by `if (hMutex == INVALID_HANDLE_VALUE)` and located within `if (hMutex == INVALID_HANDLE_VALUE)`.",
            "B": "Modifying `if (hMutex == INVALID_HANDLE_VALUE)` has no impact on the behavior or output of `exit`.",
            "C": "The change of if (hMutex == INVALID_HANDLE_VALUE) indirectly affects the execution of `exit`, as the modifications in `if (hMutex == INVALID_HANDLE_VALUE)` influence the arguments or conditions within `exit`.",
            "D": "It is not possible to determine the effect without additional context."
        },
        "answer": "A",
        "distance": 1
    },
    {
        "case_id": 1530,
        "code": "void CWE253_Incorrect_Check_of_Function_Return_Value__char_w32CreateMutex_01_bad()\n{\n    {\n        HANDLE hMutex = NULL;\n        hMutex = CreateMutexA(NULL, FALSE, NULL);\n        /* FLAW: If CreateMutexA() failed, the return value will be NULL,\n           but we are checking to see if the return value is INVALID_HANDLE_VALUE */\n        if (hMutex == INVALID_HANDLE_VALUE)\n        {\n            exit(1);\n        }\n        /* We'll leave out most of the implementation since it has nothing to do with the CWE\n         * and since the checkers are looking for certain function calls anyway */\n        CloseHandle(hMutex);\n    }\n}",
        "question": "How does modifying the control structure `if (hMutex == INVALID_HANDLE_VALUE)` affect the behavior or output of `CreateMutexA`?",
        "choices": {
            "A": "The modification of `if (hMutex == INVALID_HANDLE_VALUE)` directly impacts the execution of `CreateMutexA` because its entire operation is controlled by `if (hMutex == INVALID_HANDLE_VALUE)` and located within `if (hMutex == INVALID_HANDLE_VALUE)`.",
            "B": "Modifying `if (hMutex == INVALID_HANDLE_VALUE)` has no impact on the behavior or output of `CreateMutexA`.",
            "C": "The change of if (hMutex == INVALID_HANDLE_VALUE) indirectly affects the execution of `CreateMutexA`, as the modifications in `if (hMutex == INVALID_HANDLE_VALUE)` influence the arguments or conditions within `CreateMutexA`.",
            "D": "It is not possible to determine the effect without additional context."
        },
        "answer": "B",
        "distance": 0
    },
    {
        "case_id": 1530,
        "code": "void CWE253_Incorrect_Check_of_Function_Return_Value__char_w32CreateMutex_01_bad()\n{\n    {\n        HANDLE hMutex = NULL;\n        hMutex = CreateMutexA(NULL, FALSE, NULL);\n        /* FLAW: If CreateMutexA() failed, the return value will be NULL,\n           but we are checking to see if the return value is INVALID_HANDLE_VALUE */\n        if (hMutex == INVALID_HANDLE_VALUE)\n        {\n            exit(1);\n        }\n        /* We'll leave out most of the implementation since it has nothing to do with the CWE\n         * and since the checkers are looking for certain function calls anyway */\n        CloseHandle(hMutex);\n    }\n}",
        "question": "How does modifying the control structure `if (hMutex == INVALID_HANDLE_VALUE)` affect the behavior or output of `CloseHandle`?",
        "choices": {
            "A": "The modification of `if (hMutex == INVALID_HANDLE_VALUE)` directly impacts the execution of `CloseHandle` because its entire operation is controlled by `if (hMutex == INVALID_HANDLE_VALUE)` and located within `if (hMutex == INVALID_HANDLE_VALUE)`.",
            "B": "Modifying `if (hMutex == INVALID_HANDLE_VALUE)` has no impact on the behavior or output of `CloseHandle`.",
            "C": "The change of if (hMutex == INVALID_HANDLE_VALUE) indirectly affects the execution of `CloseHandle`, as the modifications in `if (hMutex == INVALID_HANDLE_VALUE)` influence the arguments or conditions within `CloseHandle`.",
            "D": "It is not possible to determine the effect without additional context."
        },
        "answer": "B",
        "distance": 0
    }
]