[
    {
        "case_id": 4030,
        "code": "void CWE459_Incomplete_Cleanup__wchar_t_01_bad()\n{\n    {\n        wchar_t * filename;\n        wchar_t tmpl[] = L\"badXXXXXX\";\n        FILE *pFile;\n        /* Establish that this is a temporary file and that it should be deleted */\n        filename = MKTEMP(tmpl);\n        if (filename != NULL)\n        {\n            pFile = FOPEN(filename, L\"w\");\n            if (pFile != NULL)\n            {\n                fprintf(pFile, \"Temporary file\");\n                fclose(pFile);\n                /* FLAW: We don't unlink */\n            }\n        }\n    }\n}",
        "question": "How does modifying the control structure `if (filename != NULL)` affect the behavior or output of `fclose`?",
        "choices": {
            "A": "The modification of `if (filename != NULL)` directly impacts the execution of `fclose` because its entire operation is controlled by `if (filename != NULL)` and located within `if (filename != NULL)`.",
            "B": "Modifying `if (filename != NULL)` has no impact on the behavior or output of `fclose`.",
            "C": "The change of if (filename != NULL) indirectly affects the execution of `fclose`, as the modifications in `if (filename != NULL)` influence the arguments or conditions within `fclose`.",
            "D": "It is not possible to determine the effect without additional context."
        },
        "answer": "A",
        "distance": 1
    },
    {
        "case_id": 4030,
        "code": "void CWE459_Incomplete_Cleanup__wchar_t_01_bad()\n{\n    {\n        wchar_t * filename;\n        wchar_t tmpl[] = L\"badXXXXXX\";\n        FILE *pFile;\n        /* Establish that this is a temporary file and that it should be deleted */\n        filename = MKTEMP(tmpl);\n        if (filename != NULL)\n        {\n            pFile = FOPEN(filename, L\"w\");\n            if (pFile != NULL)\n            {\n                fprintf(pFile, \"Temporary file\");\n                fclose(pFile);\n                /* FLAW: We don't unlink */\n            }\n        }\n    }\n}",
        "question": "How does modifying the control structure `if (filename != NULL)` affect the behavior or output of `fprintf`?",
        "choices": {
            "A": "The modification of `if (filename != NULL)` directly impacts the execution of `fprintf` because its entire operation is controlled by `if (filename != NULL)` and located within `if (filename != NULL)`.",
            "B": "Modifying `if (filename != NULL)` has no impact on the behavior or output of `fprintf`.",
            "C": "The change of if (filename != NULL) indirectly affects the execution of `fprintf`, as the modifications in `if (filename != NULL)` influence the arguments or conditions within `fprintf`.",
            "D": "It is not possible to determine the effect without additional context."
        },
        "answer": "A",
        "distance": 1
    },
    {
        "case_id": 4030,
        "code": "void CWE459_Incomplete_Cleanup__wchar_t_01_bad()\n{\n    {\n        wchar_t * filename;\n        wchar_t tmpl[] = L\"badXXXXXX\";\n        FILE *pFile;\n        /* Establish that this is a temporary file and that it should be deleted */\n        filename = MKTEMP(tmpl);\n        if (filename != NULL)\n        {\n            pFile = FOPEN(filename, L\"w\");\n            if (pFile != NULL)\n            {\n                fprintf(pFile, \"Temporary file\");\n                fclose(pFile);\n                /* FLAW: We don't unlink */\n            }\n        }\n    }\n}",
        "question": "How does modifying the control structure `if (filename != NULL)` affect the behavior or output of `FOPEN`?",
        "choices": {
            "A": "The modification of `if (filename != NULL)` directly impacts the execution of `FOPEN` because its entire operation is controlled by `if (filename != NULL)` and located within `if (filename != NULL)`.",
            "B": "Modifying `if (filename != NULL)` has no impact on the behavior or output of `FOPEN`.",
            "C": "The change of if (filename != NULL) indirectly affects the execution of `FOPEN`, as the modifications in `if (filename != NULL)` influence the arguments or conditions within `FOPEN`.",
            "D": "It is not possible to determine the effect without additional context."
        },
        "answer": "A",
        "distance": 1
    },
    {
        "case_id": 4030,
        "code": "void CWE459_Incomplete_Cleanup__wchar_t_01_bad()\n{\n    {\n        wchar_t * filename;\n        wchar_t tmpl[] = L\"badXXXXXX\";\n        FILE *pFile;\n        /* Establish that this is a temporary file and that it should be deleted */\n        filename = MKTEMP(tmpl);\n        if (filename != NULL)\n        {\n            pFile = FOPEN(filename, L\"w\");\n            if (pFile != NULL)\n            {\n                fprintf(pFile, \"Temporary file\");\n                fclose(pFile);\n                /* FLAW: We don't unlink */\n            }\n        }\n    }\n}",
        "question": "How does modifying the control structure `if (pFile != NULL)` affect the behavior or output of `fclose`?",
        "choices": {
            "A": "The modification of `if (pFile != NULL)` directly impacts the execution of `fclose` because its entire operation is controlled by `if (pFile != NULL)` and located within `if (pFile != NULL)`.",
            "B": "Modifying `if (pFile != NULL)` has no impact on the behavior or output of `fclose`.",
            "C": "The change of if (pFile != NULL) indirectly affects the execution of `fclose`, as the modifications in `if (pFile != NULL)` influence the arguments or conditions within `fclose`.",
            "D": "It is not possible to determine the effect without additional context."
        },
        "answer": "B",
        "distance": 0
    },
    {
        "case_id": 4030,
        "code": "void CWE459_Incomplete_Cleanup__wchar_t_01_bad()\n{\n    {\n        wchar_t * filename;\n        wchar_t tmpl[] = L\"badXXXXXX\";\n        FILE *pFile;\n        /* Establish that this is a temporary file and that it should be deleted */\n        filename = MKTEMP(tmpl);\n        if (filename != NULL)\n        {\n            pFile = FOPEN(filename, L\"w\");\n            if (pFile != NULL)\n            {\n                fprintf(pFile, \"Temporary file\");\n                fclose(pFile);\n                /* FLAW: We don't unlink */\n            }\n        }\n    }\n}",
        "question": "How does modifying the control structure `if (pFile != NULL)` affect the behavior or output of `MKTEMP`?",
        "choices": {
            "A": "The modification of `if (pFile != NULL)` directly impacts the execution of `MKTEMP` because its entire operation is controlled by `if (pFile != NULL)` and located within `if (pFile != NULL)`.",
            "B": "Modifying `if (pFile != NULL)` has no impact on the behavior or output of `MKTEMP`.",
            "C": "The change of if (pFile != NULL) indirectly affects the execution of `MKTEMP`, as the modifications in `if (pFile != NULL)` influence the arguments or conditions within `MKTEMP`.",
            "D": "It is not possible to determine the effect without additional context."
        },
        "answer": "B",
        "distance": 0
    },
    {
        "case_id": 4030,
        "code": "void CWE459_Incomplete_Cleanup__wchar_t_01_bad()\n{\n    {\n        wchar_t * filename;\n        wchar_t tmpl[] = L\"badXXXXXX\";\n        FILE *pFile;\n        /* Establish that this is a temporary file and that it should be deleted */\n        filename = MKTEMP(tmpl);\n        if (filename != NULL)\n        {\n            pFile = FOPEN(filename, L\"w\");\n            if (pFile != NULL)\n            {\n                fprintf(pFile, \"Temporary file\");\n                fclose(pFile);\n                /* FLAW: We don't unlink */\n            }\n        }\n    }\n}",
        "question": "How does modifying the control structure `if (pFile != NULL)` affect the behavior or output of `fprintf`?",
        "choices": {
            "A": "The modification of `if (pFile != NULL)` directly impacts the execution of `fprintf` because its entire operation is controlled by `if (pFile != NULL)` and located within `if (pFile != NULL)`.",
            "B": "Modifying `if (pFile != NULL)` has no impact on the behavior or output of `fprintf`.",
            "C": "The change of if (pFile != NULL) indirectly affects the execution of `fprintf`, as the modifications in `if (pFile != NULL)` influence the arguments or conditions within `fprintf`.",
            "D": "It is not possible to determine the effect without additional context."
        },
        "answer": "B",
        "distance": 0
    },
    {
        "case_id": 4030,
        "code": "void CWE459_Incomplete_Cleanup__wchar_t_01_bad()\n{\n    {\n        wchar_t * filename;\n        wchar_t tmpl[] = L\"badXXXXXX\";\n        FILE *pFile;\n        /* Establish that this is a temporary file and that it should be deleted */\n        filename = MKTEMP(tmpl);\n        if (filename != NULL)\n        {\n            pFile = FOPEN(filename, L\"w\");\n            if (pFile != NULL)\n            {\n                fprintf(pFile, \"Temporary file\");\n                fclose(pFile);\n                /* FLAW: We don't unlink */\n            }\n        }\n    }\n}",
        "question": "How does modifying the control structure `if (pFile != NULL)` affect the behavior or output of `FOPEN`?",
        "choices": {
            "A": "The modification of `if (pFile != NULL)` directly impacts the execution of `FOPEN` because its entire operation is controlled by `if (pFile != NULL)` and located within `if (pFile != NULL)`.",
            "B": "Modifying `if (pFile != NULL)` has no impact on the behavior or output of `FOPEN`.",
            "C": "The change of if (pFile != NULL) indirectly affects the execution of `FOPEN`, as the modifications in `if (pFile != NULL)` influence the arguments or conditions within `FOPEN`.",
            "D": "It is not possible to determine the effect without additional context."
        },
        "answer": "B",
        "distance": 0
    }
]