[
    {
        "case_id": 5363,
        "code": "void CWE591_Sensitive_Data_Storage_in_Improperly_Locked_Memory__w32_wchar_t_01_bad()\n{\n    wchar_t * password;\n    /* Initialize Data */\n    password = L\"\";\n    password = (wchar_t *)malloc(100*sizeof(wchar_t));\n    if (password == NULL)\n    {\n        printLine(\"Memory could not be allocated\");\n        exit(1);\n    }\n    /* FLAW: Do not lock the memory */\n    /* INCIDENTAL FLAW: CWE-259 Hardcoded Password */\n    wcscpy(password, L\"Password1234!\");\n    {\n        HANDLE pHandle;\n        wchar_t * username = L\"User\";\n        wchar_t * domain = L\"Domain\";\n        /* Use the password in LogonUser() to establish that it is \"sensitive\" */\n        if (LogonUserW(\n                    username,\n                    domain,\n                    password,\n                    LOGON32_LOGON_NETWORK,\n                    LOGON32_PROVIDER_DEFAULT,\n                    &pHandle) != 0)\n        {\n            printLine(\"User logged in successfully.\");\n            CloseHandle(pHandle);\n        }\n        else\n        {\n            printLine(\"Unable to login.\");\n        }\n        /* POTENTIAL FLAW: Sensitive data possibly improperly locked */\n        free(password);\n    }\n}",
        "question": "How does modifying the control structure `if (LogonUserW(username,domain,password,LOGON32_LOGON_NETWORK,LOGON32_PROVIDER_DEFAULT,&pHandle) != 0)` affect the behavior or output of `CloseHandle`?",
        "choices": {
            "A": "The modification of `if (LogonUserW(username,domain,password,LOGON32_LOGON_NETWORK,LOGON32_PROVIDER_DEFAULT,&pHandle) != 0)` directly impacts the execution of `CloseHandle` because its entire operation is controlled by `if (LogonUserW(username,domain,password,LOGON32_LOGON_NETWORK,LOGON32_PROVIDER_DEFAULT,&pHandle) != 0)` and located within `if (LogonUserW(username,domain,password,LOGON32_LOGON_NETWORK,LOGON32_PROVIDER_DEFAULT,&pHandle) != 0)`.",
            "B": "Modifying `if (LogonUserW(username,domain,password,LOGON32_LOGON_NETWORK,LOGON32_PROVIDER_DEFAULT,&pHandle) != 0)` has no impact on the behavior or output of `CloseHandle`.",
            "C": "The change of if (LogonUserW(username,domain,password,LOGON32_LOGON_NETWORK,LOGON32_PROVIDER_DEFAULT,&pHandle) != 0) indirectly affects the execution of `CloseHandle`, as the modifications in `if (LogonUserW(username,domain,password,LOGON32_LOGON_NETWORK,LOGON32_PROVIDER_DEFAULT,&pHandle) != 0)` influence the arguments or conditions within `CloseHandle`.",
            "D": "It is not possible to determine the effect without additional context."
        },
        "answer": "A",
        "distance": 1
    },
    {
        "case_id": 5363,
        "code": "void CWE591_Sensitive_Data_Storage_in_Improperly_Locked_Memory__w32_wchar_t_01_bad()\n{\n    wchar_t * password;\n    /* Initialize Data */\n    password = L\"\";\n    password = (wchar_t *)malloc(100*sizeof(wchar_t));\n    if (password == NULL)\n    {\n        printLine(\"Memory could not be allocated\");\n        exit(1);\n    }\n    /* FLAW: Do not lock the memory */\n    /* INCIDENTAL FLAW: CWE-259 Hardcoded Password */\n    wcscpy(password, L\"Password1234!\");\n    {\n        HANDLE pHandle;\n        wchar_t * username = L\"User\";\n        wchar_t * domain = L\"Domain\";\n        /* Use the password in LogonUser() to establish that it is \"sensitive\" */\n        if (LogonUserW(\n                    username,\n                    domain,\n                    password,\n                    LOGON32_LOGON_NETWORK,\n                    LOGON32_PROVIDER_DEFAULT,\n                    &pHandle) != 0)\n        {\n            printLine(\"User logged in successfully.\");\n            CloseHandle(pHandle);\n        }\n        else\n        {\n            printLine(\"Unable to login.\");\n        }\n        /* POTENTIAL FLAW: Sensitive data possibly improperly locked */\n        free(password);\n    }\n}",
        "question": "How does modifying the control structure `if (password == NULL)` affect the behavior or output of `exit`?",
        "choices": {
            "A": "The modification of `if (password == NULL)` directly impacts the execution of `exit` because its entire operation is controlled by `if (password == NULL)` and located within `if (password == NULL)`.",
            "B": "Modifying `if (password == NULL)` has no impact on the behavior or output of `exit`.",
            "C": "The change of if (password == NULL) indirectly affects the execution of `exit`, as the modifications in `if (password == NULL)` influence the arguments or conditions within `exit`.",
            "D": "It is not possible to determine the effect without additional context."
        },
        "answer": "A",
        "distance": 1
    },
    {
        "case_id": 5363,
        "code": "void CWE591_Sensitive_Data_Storage_in_Improperly_Locked_Memory__w32_wchar_t_01_bad()\n{\n    wchar_t * password;\n    /* Initialize Data */\n    password = L\"\";\n    password = (wchar_t *)malloc(100*sizeof(wchar_t));\n    if (password == NULL)\n    {\n        printLine(\"Memory could not be allocated\");\n        exit(1);\n    }\n    /* FLAW: Do not lock the memory */\n    /* INCIDENTAL FLAW: CWE-259 Hardcoded Password */\n    wcscpy(password, L\"Password1234!\");\n    {\n        HANDLE pHandle;\n        wchar_t * username = L\"User\";\n        wchar_t * domain = L\"Domain\";\n        /* Use the password in LogonUser() to establish that it is \"sensitive\" */\n        if (LogonUserW(\n                    username,\n                    domain,\n                    password,\n                    LOGON32_LOGON_NETWORK,\n                    LOGON32_PROVIDER_DEFAULT,\n                    &pHandle) != 0)\n        {\n            printLine(\"User logged in successfully.\");\n            CloseHandle(pHandle);\n        }\n        else\n        {\n            printLine(\"Unable to login.\");\n        }\n        /* POTENTIAL FLAW: Sensitive data possibly improperly locked */\n        free(password);\n    }\n}",
        "question": "How does modifying the control structure `else` affect the behavior or output of `wcscpy`?",
        "choices": {
            "A": "The modification of `else` directly impacts the execution of `wcscpy` because its entire operation is controlled by `else` and located within `else`.",
            "B": "Modifying `else` has no impact on the behavior or output of `wcscpy`.",
            "C": "The change of else indirectly affects the execution of `wcscpy`, as the modifications in `else` influence the arguments or conditions within `wcscpy`.",
            "D": "It is not possible to determine the effect without additional context."
        },
        "answer": "B",
        "distance": 0
    },
    {
        "case_id": 5363,
        "code": "void CWE591_Sensitive_Data_Storage_in_Improperly_Locked_Memory__w32_wchar_t_01_bad()\n{\n    wchar_t * password;\n    /* Initialize Data */\n    password = L\"\";\n    password = (wchar_t *)malloc(100*sizeof(wchar_t));\n    if (password == NULL)\n    {\n        printLine(\"Memory could not be allocated\");\n        exit(1);\n    }\n    /* FLAW: Do not lock the memory */\n    /* INCIDENTAL FLAW: CWE-259 Hardcoded Password */\n    wcscpy(password, L\"Password1234!\");\n    {\n        HANDLE pHandle;\n        wchar_t * username = L\"User\";\n        wchar_t * domain = L\"Domain\";\n        /* Use the password in LogonUser() to establish that it is \"sensitive\" */\n        if (LogonUserW(\n                    username,\n                    domain,\n                    password,\n                    LOGON32_LOGON_NETWORK,\n                    LOGON32_PROVIDER_DEFAULT,\n                    &pHandle) != 0)\n        {\n            printLine(\"User logged in successfully.\");\n            CloseHandle(pHandle);\n        }\n        else\n        {\n            printLine(\"Unable to login.\");\n        }\n        /* POTENTIAL FLAW: Sensitive data possibly improperly locked */\n        free(password);\n    }\n}",
        "question": "How does modifying the control structure `else` affect the behavior or output of `free`?",
        "choices": {
            "A": "The modification of `else` directly impacts the execution of `free` because its entire operation is controlled by `else` and located within `else`.",
            "B": "Modifying `else` has no impact on the behavior or output of `free`.",
            "C": "The change of else indirectly affects the execution of `free`, as the modifications in `else` influence the arguments or conditions within `free`.",
            "D": "It is not possible to determine the effect without additional context."
        },
        "answer": "B",
        "distance": 0
    },
    {
        "case_id": 5363,
        "code": "void CWE591_Sensitive_Data_Storage_in_Improperly_Locked_Memory__w32_wchar_t_01_bad()\n{\n    wchar_t * password;\n    /* Initialize Data */\n    password = L\"\";\n    password = (wchar_t *)malloc(100*sizeof(wchar_t));\n    if (password == NULL)\n    {\n        printLine(\"Memory could not be allocated\");\n        exit(1);\n    }\n    /* FLAW: Do not lock the memory */\n    /* INCIDENTAL FLAW: CWE-259 Hardcoded Password */\n    wcscpy(password, L\"Password1234!\");\n    {\n        HANDLE pHandle;\n        wchar_t * username = L\"User\";\n        wchar_t * domain = L\"Domain\";\n        /* Use the password in LogonUser() to establish that it is \"sensitive\" */\n        if (LogonUserW(\n                    username,\n                    domain,\n                    password,\n                    LOGON32_LOGON_NETWORK,\n                    LOGON32_PROVIDER_DEFAULT,\n                    &pHandle) != 0)\n        {\n            printLine(\"User logged in successfully.\");\n            CloseHandle(pHandle);\n        }\n        else\n        {\n            printLine(\"Unable to login.\");\n        }\n        /* POTENTIAL FLAW: Sensitive data possibly improperly locked */\n        free(password);\n    }\n}",
        "question": "How does modifying the control structure `else` affect the behavior or output of `exit`?",
        "choices": {
            "A": "The modification of `else` directly impacts the execution of `exit` because its entire operation is controlled by `else` and located within `else`.",
            "B": "Modifying `else` has no impact on the behavior or output of `exit`.",
            "C": "The change of else indirectly affects the execution of `exit`, as the modifications in `else` influence the arguments or conditions within `exit`.",
            "D": "It is not possible to determine the effect without additional context."
        },
        "answer": "B",
        "distance": 0
    },
    {
        "case_id": 5363,
        "code": "void CWE591_Sensitive_Data_Storage_in_Improperly_Locked_Memory__w32_wchar_t_01_bad()\n{\n    wchar_t * password;\n    /* Initialize Data */\n    password = L\"\";\n    password = (wchar_t *)malloc(100*sizeof(wchar_t));\n    if (password == NULL)\n    {\n        printLine(\"Memory could not be allocated\");\n        exit(1);\n    }\n    /* FLAW: Do not lock the memory */\n    /* INCIDENTAL FLAW: CWE-259 Hardcoded Password */\n    wcscpy(password, L\"Password1234!\");\n    {\n        HANDLE pHandle;\n        wchar_t * username = L\"User\";\n        wchar_t * domain = L\"Domain\";\n        /* Use the password in LogonUser() to establish that it is \"sensitive\" */\n        if (LogonUserW(\n                    username,\n                    domain,\n                    password,\n                    LOGON32_LOGON_NETWORK,\n                    LOGON32_PROVIDER_DEFAULT,\n                    &pHandle) != 0)\n        {\n            printLine(\"User logged in successfully.\");\n            CloseHandle(pHandle);\n        }\n        else\n        {\n            printLine(\"Unable to login.\");\n        }\n        /* POTENTIAL FLAW: Sensitive data possibly improperly locked */\n        free(password);\n    }\n}",
        "question": "How does modifying the control structure `else` affect the behavior or output of `CloseHandle`?",
        "choices": {
            "A": "The modification of `else` directly impacts the execution of `CloseHandle` because its entire operation is controlled by `else` and located within `else`.",
            "B": "Modifying `else` has no impact on the behavior or output of `CloseHandle`.",
            "C": "The change of else indirectly affects the execution of `CloseHandle`, as the modifications in `else` influence the arguments or conditions within `CloseHandle`.",
            "D": "It is not possible to determine the effect without additional context."
        },
        "answer": "B",
        "distance": 0
    }
]