[
    {
        "case_id": 3612,
        "code": "void CWE416_Use_After_Free__malloc_free_struct_01_bad()\n{\n    twoIntsStruct * data;\n    /* Initialize data */\n    data = NULL;\n    data = (twoIntsStruct *)malloc(100*sizeof(twoIntsStruct));\n    if (data == NULL) {exit(-1);}\n    {\n        size_t i;\n        for(i = 0; i < 100; i++)\n        {\n            data[i].intOne = 1;\n            data[i].intTwo = 2;\n        }\n    }\n    /* POTENTIAL FLAW: Free data in the source - the bad sink attempts to use data */\n    free(data);\n    /* POTENTIAL FLAW: Use of data that may have been freed */\n    printStructLine(&data[0]);\n    /* POTENTIAL INCIDENTAL - Possible memory leak here if data was not freed */\n}",
        "question": "How does modifying the control structure `for(i = 0; i < 100; i++)` affect the behavior or output of `printStructLine`?",
        "choices": {
            "A": "The modification of `for(i = 0; i < 100; i++)` directly impacts the execution of `printStructLine` because its entire operation is controlled by `for(i = 0; i < 100; i++)` and located within `for(i = 0; i < 100; i++)`.",
            "B": "Modifying `for(i = 0; i < 100; i++)` has no impact on the behavior or output of `printStructLine`.",
            "C": "The change of for(i = 0; i < 100; i++) indirectly affects the execution of `printStructLine`, as the modifications in `for(i = 0; i < 100; i++)` influence the arguments or conditions within `printStructLine`.",
            "D": "It is not possible to determine the effect without additional context."
        },
        "answer": "B",
        "distance": 0
    },
    {
        "case_id": 3612,
        "code": "void CWE416_Use_After_Free__malloc_free_struct_01_bad()\n{\n    twoIntsStruct * data;\n    /* Initialize data */\n    data = NULL;\n    data = (twoIntsStruct *)malloc(100*sizeof(twoIntsStruct));\n    if (data == NULL) {exit(-1);}\n    {\n        size_t i;\n        for(i = 0; i < 100; i++)\n        {\n            data[i].intOne = 1;\n            data[i].intTwo = 2;\n        }\n    }\n    /* POTENTIAL FLAW: Free data in the source - the bad sink attempts to use data */\n    free(data);\n    /* POTENTIAL FLAW: Use of data that may have been freed */\n    printStructLine(&data[0]);\n    /* POTENTIAL INCIDENTAL - Possible memory leak here if data was not freed */\n}",
        "question": "How does modifying the control structure `for(i = 0; i < 100; i++)` affect the behavior or output of `malloc`?",
        "choices": {
            "A": "The modification of `for(i = 0; i < 100; i++)` directly impacts the execution of `malloc` because its entire operation is controlled by `for(i = 0; i < 100; i++)` and located within `for(i = 0; i < 100; i++)`.",
            "B": "Modifying `for(i = 0; i < 100; i++)` has no impact on the behavior or output of `malloc`.",
            "C": "The change of for(i = 0; i < 100; i++) indirectly affects the execution of `malloc`, as the modifications in `for(i = 0; i < 100; i++)` influence the arguments or conditions within `malloc`.",
            "D": "It is not possible to determine the effect without additional context."
        },
        "answer": "B",
        "distance": 0
    },
    {
        "case_id": 3612,
        "code": "void CWE416_Use_After_Free__malloc_free_struct_01_bad()\n{\n    twoIntsStruct * data;\n    /* Initialize data */\n    data = NULL;\n    data = (twoIntsStruct *)malloc(100*sizeof(twoIntsStruct));\n    if (data == NULL) {exit(-1);}\n    {\n        size_t i;\n        for(i = 0; i < 100; i++)\n        {\n            data[i].intOne = 1;\n            data[i].intTwo = 2;\n        }\n    }\n    /* POTENTIAL FLAW: Free data in the source - the bad sink attempts to use data */\n    free(data);\n    /* POTENTIAL FLAW: Use of data that may have been freed */\n    printStructLine(&data[0]);\n    /* POTENTIAL INCIDENTAL - Possible memory leak here if data was not freed */\n}",
        "question": "How does modifying the control structure `for(i = 0; i < 100; i++)` affect the behavior or output of `free`?",
        "choices": {
            "A": "The modification of `for(i = 0; i < 100; i++)` directly impacts the execution of `free` because its entire operation is controlled by `for(i = 0; i < 100; i++)` and located within `for(i = 0; i < 100; i++)`.",
            "B": "Modifying `for(i = 0; i < 100; i++)` has no impact on the behavior or output of `free`.",
            "C": "The change of for(i = 0; i < 100; i++) indirectly affects the execution of `free`, as the modifications in `for(i = 0; i < 100; i++)` influence the arguments or conditions within `free`.",
            "D": "It is not possible to determine the effect without additional context."
        },
        "answer": "C",
        "distance": 3
    }
]