[
    {
        "case_id": 2361,
        "code": "void CWE284_Improper_Access_Control__w32_char_RegCreateKeyEx_01_bad()\n{\n    {\n        char * keyName = \"TEST\\\\TestKey\";\n        HKEY hKey;\n        /* FLAW: Call RegCreateKeyExA() with KEY_ALL_ACCESS as the 6th parameter */\n        if (RegCreateKeyExA(\n                    HKEY_CURRENT_USER,\n                    keyName,\n                    0,\n                    NULL,\n                    REG_OPTION_NON_VOLATILE,\n                    KEY_ALL_ACCESS,\n                    NULL,\n                    &hKey,\n                    NULL) != ERROR_SUCCESS)\n        {\n            printLine(\"Registry key could not be created\");\n        }\n        else\n        {\n            printLine(\"Registry key created successfully\");\n            RegCloseKey(hKey);\n        }\n    }\n}",
        "question": "How does modifying the control structure `if (RegCreateKeyExA(HKEY_CURRENT_USER,keyName,0,NULL,REG_OPTION_NON_VOLATILE,KEY_ALL_ACCESS,NULL,&hKey,NULL) != ERROR_SUCCESS)` affect the behavior or output of `RegCloseKey`?",
        "choices": {
            "A": "The modification of `if (RegCreateKeyExA(HKEY_CURRENT_USER,keyName,0,NULL,REG_OPTION_NON_VOLATILE,KEY_ALL_ACCESS,NULL,&hKey,NULL) != ERROR_SUCCESS)` directly impacts the execution of `RegCloseKey` because its entire operation is controlled by `if (RegCreateKeyExA(HKEY_CURRENT_USER,keyName,0,NULL,REG_OPTION_NON_VOLATILE,KEY_ALL_ACCESS,NULL,&hKey,NULL) != ERROR_SUCCESS)` and located within `if (RegCreateKeyExA(HKEY_CURRENT_USER,keyName,0,NULL,REG_OPTION_NON_VOLATILE,KEY_ALL_ACCESS,NULL,&hKey,NULL) != ERROR_SUCCESS)`.",
            "B": "Modifying `if (RegCreateKeyExA(HKEY_CURRENT_USER,keyName,0,NULL,REG_OPTION_NON_VOLATILE,KEY_ALL_ACCESS,NULL,&hKey,NULL) != ERROR_SUCCESS)` has no impact on the behavior or output of `RegCloseKey`.",
            "C": "The change of if (RegCreateKeyExA(HKEY_CURRENT_USER,keyName,0,NULL,REG_OPTION_NON_VOLATILE,KEY_ALL_ACCESS,NULL,&hKey,NULL) != ERROR_SUCCESS) indirectly affects the execution of `RegCloseKey`, as the modifications in `if (RegCreateKeyExA(HKEY_CURRENT_USER,keyName,0,NULL,REG_OPTION_NON_VOLATILE,KEY_ALL_ACCESS,NULL,&hKey,NULL) != ERROR_SUCCESS)` influence the arguments or conditions within `RegCloseKey`.",
            "D": "It is not possible to determine the effect without additional context."
        },
        "answer": "A",
        "distance": 2
    },
    {
        "case_id": 2361,
        "code": "void CWE284_Improper_Access_Control__w32_char_RegCreateKeyEx_01_bad()\n{\n    {\n        char * keyName = \"TEST\\\\TestKey\";\n        HKEY hKey;\n        /* FLAW: Call RegCreateKeyExA() with KEY_ALL_ACCESS as the 6th parameter */\n        if (RegCreateKeyExA(\n                    HKEY_CURRENT_USER,\n                    keyName,\n                    0,\n                    NULL,\n                    REG_OPTION_NON_VOLATILE,\n                    KEY_ALL_ACCESS,\n                    NULL,\n                    &hKey,\n                    NULL) != ERROR_SUCCESS)\n        {\n            printLine(\"Registry key could not be created\");\n        }\n        else\n        {\n            printLine(\"Registry key created successfully\");\n            RegCloseKey(hKey);\n        }\n    }\n}",
        "question": "How does modifying the control structure `else` affect the behavior or output of `RegCloseKey`?",
        "choices": {
            "A": "The modification of `else` directly impacts the execution of `RegCloseKey` because its entire operation is controlled by `else` and located within `else`.",
            "B": "Modifying `else` has no impact on the behavior or output of `RegCloseKey`.",
            "C": "The change of else indirectly affects the execution of `RegCloseKey`, as the modifications in `else` influence the arguments or conditions within `RegCloseKey`.",
            "D": "It is not possible to determine the effect without additional context."
        },
        "answer": "A",
        "distance": 1
    }
]