[
    {
        "case_id": 1513,
        "code": "void CWE253_Incorrect_Check_of_Function_Return_Value__char_sscanf_01_bad()\n{\n    {\n        /* By initializing dataBuffer, we ensure this will not be the\n         * CWE 690 (Unchecked Return Value To NULL Pointer) flaw for fgets() and other variants */\n        char dataBuffer[100] = \"\";\n        char * data = dataBuffer;\n        /* FLAW: sscanf() might fail, in which case the return value will be EOF (-1), but\n         * we are checking to see if the return value is 0 */\n        if (sscanf(SRC_STRING, \"%99s\\0\", data) == 0)\n        {\n            printLine(\"sscanf failed!\");\n        }\n    }\n}",
        "question": "How does modifying the control structure `if (sscanf(SRC_STRING, \"%99s\\0\", data) == 0)` affect the behavior or output of `printLine`?",
        "choices": {
            "A": "The modification of `if (sscanf(SRC_STRING, \"%99s\\0\", data) == 0)` directly impacts the execution of `printLine` because its entire operation is controlled by `if (sscanf(SRC_STRING, \"%99s\\0\", data) == 0)` and located within `if (sscanf(SRC_STRING, \"%99s\\0\", data) == 0)`.",
            "B": "Modifying `if (sscanf(SRC_STRING, \"%99s\\0\", data) == 0)` has no impact on the behavior or output of `printLine`.",
            "C": "The change of if (sscanf(SRC_STRING, \"%99s\\0\", data) == 0) indirectly affects the execution of `printLine`, as the modifications in `if (sscanf(SRC_STRING, \"%99s\\0\", data) == 0)` influence the arguments or conditions within `printLine`.",
            "D": "It is not possible to determine the effect without additional context."
        },
        "answer": "A",
        "distance": 1
    }
]