[
    {
        "case_id": 2123,
        "code": "void CWE272_Least_Privilege_Violation__w32_char_SHRegOpenUSKey_01_bad()\n{\n    {\n        char * keyName = \"TEST\\\\TestKey\";\n        HUSKEY hKey;\n        /* FLAW: Call SHRegOpenUSKeyA() with HKEY_LOCAL_MACHINE (fIgnoreHKCU == TRUE) violating the least privilege principal */\n        if (SHRegOpenUSKeyA(\n                    keyName,\n                    KEY_WRITE,\n                    NULL,\n                    &hKey,\n                    TRUE) != ERROR_SUCCESS)\n        {\n            printLine(\"Registry key could not be opened\");\n        }\n        else\n        {\n            printLine(\"Registry key opened successfully\");\n            SHRegCloseUSKey(hKey);\n        }\n    }\n}",
        "question": "How does modifying the control structure `if (SHRegOpenUSKeyA(keyName,KEY_WRITE,NULL,&hKey,TRUE) != ERROR_SUCCESS)` affect the behavior or output of `SHRegCloseUSKey`?",
        "choices": {
            "A": "The modification of `if (SHRegOpenUSKeyA(keyName,KEY_WRITE,NULL,&hKey,TRUE) != ERROR_SUCCESS)` directly impacts the execution of `SHRegCloseUSKey` because its entire operation is controlled by `if (SHRegOpenUSKeyA(keyName,KEY_WRITE,NULL,&hKey,TRUE) != ERROR_SUCCESS)` and located within `if (SHRegOpenUSKeyA(keyName,KEY_WRITE,NULL,&hKey,TRUE) != ERROR_SUCCESS)`.",
            "B": "Modifying `if (SHRegOpenUSKeyA(keyName,KEY_WRITE,NULL,&hKey,TRUE) != ERROR_SUCCESS)` has no impact on the behavior or output of `SHRegCloseUSKey`.",
            "C": "The change of if (SHRegOpenUSKeyA(keyName,KEY_WRITE,NULL,&hKey,TRUE) != ERROR_SUCCESS) indirectly affects the execution of `SHRegCloseUSKey`, as the modifications in `if (SHRegOpenUSKeyA(keyName,KEY_WRITE,NULL,&hKey,TRUE) != ERROR_SUCCESS)` influence the arguments or conditions within `SHRegCloseUSKey`.",
            "D": "It is not possible to determine the effect without additional context."
        },
        "answer": "A",
        "distance": 2
    },
    {
        "case_id": 2123,
        "code": "void CWE272_Least_Privilege_Violation__w32_char_SHRegOpenUSKey_01_bad()\n{\n    {\n        char * keyName = \"TEST\\\\TestKey\";\n        HUSKEY hKey;\n        /* FLAW: Call SHRegOpenUSKeyA() with HKEY_LOCAL_MACHINE (fIgnoreHKCU == TRUE) violating the least privilege principal */\n        if (SHRegOpenUSKeyA(\n                    keyName,\n                    KEY_WRITE,\n                    NULL,\n                    &hKey,\n                    TRUE) != ERROR_SUCCESS)\n        {\n            printLine(\"Registry key could not be opened\");\n        }\n        else\n        {\n            printLine(\"Registry key opened successfully\");\n            SHRegCloseUSKey(hKey);\n        }\n    }\n}",
        "question": "How does modifying the control structure `else` affect the behavior or output of `SHRegCloseUSKey`?",
        "choices": {
            "A": "The modification of `else` directly impacts the execution of `SHRegCloseUSKey` because its entire operation is controlled by `else` and located within `else`.",
            "B": "Modifying `else` has no impact on the behavior or output of `SHRegCloseUSKey`.",
            "C": "The change of else indirectly affects the execution of `SHRegCloseUSKey`, as the modifications in `else` influence the arguments or conditions within `SHRegCloseUSKey`.",
            "D": "It is not possible to determine the effect without additional context."
        },
        "answer": "A",
        "distance": 1
    }
]