[
    {
        "case_id": 2597,
        "code": "void CWE321_Hard_Coded_Cryptographic_Key__w32_char_01_bad()\n{\n    char * cryptoKey;\n    char cryptoKeyBuffer[100] = \"\";\n    cryptoKey = cryptoKeyBuffer;\n    /* FLAW: Use a hardcoded value for the hash input causing a hardcoded crypto key in the sink */\n    strcpy(cryptoKey, CRYPTO_KEY);\n    {\n        HCRYPTPROV hCryptProv;\n        HCRYPTKEY hKey;\n        HCRYPTHASH hHash;\n        char toBeEncrypted[] = \"String to be encrypted\";\n        DWORD encryptedLen = strlen(toBeEncrypted)*sizeof(char);\n        BYTE encrypted[200];    /* buffer should be larger than toBeEncrypted to have room for IV and padding */\n        /* Copy plaintext (without NUL terminator) into byte buffer */\n        memcpy(encrypted, toBeEncrypted, encryptedLen);\n        /* Try to get a context with and without a new key set */\n        if(!CryptAcquireContext(&hCryptProv, NULL, MS_ENHANCED_PROV, PROV_RSA_AES, 0))\n        {\n            if(!CryptAcquireContext(&hCryptProv, NULL, MS_ENHANCED_PROV, PROV_RSA_AES, CRYPT_NEWKEYSET))\n            {\n                printLine(\"Error in acquiring cryptographic context\");\n                exit(1);\n            }\n        }\n        /* Create Hash handle */\n        if(!CryptCreateHash(hCryptProv, CALG_SHA_256, 0, 0, &hHash))\n        {\n            printLine(\"Error in creating hash\");\n            exit(1);\n        }\n        /* Hash the cryptoKey */\n        if(!CryptHashData(hHash, (BYTE *) cryptoKey, strlen(cryptoKey)*sizeof(char), 0))\n        {\n            printLine(\"Error in hashing cryptoKey\");\n            exit(1);\n        }\n        /* Derive an AES key from the Hashed cryptoKey */\n        if(!CryptDeriveKey(hCryptProv, CALG_AES_256, hHash, 0, &hKey))\n        {\n            printLine(\"Error in CryptDeriveKey\");\n            exit(1);\n        }\n        /* POTENTIAL FLAW: Possibly using a hardcoded crypto key */\n        /* Use the derived key to encrypt something */\n        if(!CryptEncrypt(hKey, (HCRYPTHASH)NULL, 1, 0, encrypted, &encryptedLen, sizeof(encrypted)))\n        {\n            printLine(\"Error in CryptEncrypt\");\n            exit(1);\n        }\n        /* use encrypted block */\n        printBytesLine(encrypted, encryptedLen);\n        if (hKey)\n        {\n            CryptDestroyKey(hKey);\n        }\n        if (hHash)\n        {\n            CryptDestroyHash(hHash);\n        }\n        if (hCryptProv)\n        {\n            CryptReleaseContext(hCryptProv, 0);\n        }\n    }\n}",
        "question": "How does modifying the control structure `if (hKey)` affect the behavior or output of `CryptDestroyKey`?",
        "choices": {
            "A": "The modification of `if (hKey)` directly impacts the execution of `CryptDestroyKey` because its entire operation is controlled by `if (hKey)` and located within `if (hKey)`.",
            "B": "Modifying `if (hKey)` has no impact on the behavior or output of `CryptDestroyKey`.",
            "C": "The change of if (hKey) indirectly affects the execution of `CryptDestroyKey`, as the modifications in `if (hKey)` influence the arguments or conditions within `CryptDestroyKey`.",
            "D": "It is not possible to determine the effect without additional context."
        },
        "answer": "A",
        "distance": 1
    },
    {
        "case_id": 2597,
        "code": "void CWE321_Hard_Coded_Cryptographic_Key__w32_char_01_bad()\n{\n    char * cryptoKey;\n    char cryptoKeyBuffer[100] = \"\";\n    cryptoKey = cryptoKeyBuffer;\n    /* FLAW: Use a hardcoded value for the hash input causing a hardcoded crypto key in the sink */\n    strcpy(cryptoKey, CRYPTO_KEY);\n    {\n        HCRYPTPROV hCryptProv;\n        HCRYPTKEY hKey;\n        HCRYPTHASH hHash;\n        char toBeEncrypted[] = \"String to be encrypted\";\n        DWORD encryptedLen = strlen(toBeEncrypted)*sizeof(char);\n        BYTE encrypted[200];    /* buffer should be larger than toBeEncrypted to have room for IV and padding */\n        /* Copy plaintext (without NUL terminator) into byte buffer */\n        memcpy(encrypted, toBeEncrypted, encryptedLen);\n        /* Try to get a context with and without a new key set */\n        if(!CryptAcquireContext(&hCryptProv, NULL, MS_ENHANCED_PROV, PROV_RSA_AES, 0))\n        {\n            if(!CryptAcquireContext(&hCryptProv, NULL, MS_ENHANCED_PROV, PROV_RSA_AES, CRYPT_NEWKEYSET))\n            {\n                printLine(\"Error in acquiring cryptographic context\");\n                exit(1);\n            }\n        }\n        /* Create Hash handle */\n        if(!CryptCreateHash(hCryptProv, CALG_SHA_256, 0, 0, &hHash))\n        {\n            printLine(\"Error in creating hash\");\n            exit(1);\n        }\n        /* Hash the cryptoKey */\n        if(!CryptHashData(hHash, (BYTE *) cryptoKey, strlen(cryptoKey)*sizeof(char), 0))\n        {\n            printLine(\"Error in hashing cryptoKey\");\n            exit(1);\n        }\n        /* Derive an AES key from the Hashed cryptoKey */\n        if(!CryptDeriveKey(hCryptProv, CALG_AES_256, hHash, 0, &hKey))\n        {\n            printLine(\"Error in CryptDeriveKey\");\n            exit(1);\n        }\n        /* POTENTIAL FLAW: Possibly using a hardcoded crypto key */\n        /* Use the derived key to encrypt something */\n        if(!CryptEncrypt(hKey, (HCRYPTHASH)NULL, 1, 0, encrypted, &encryptedLen, sizeof(encrypted)))\n        {\n            printLine(\"Error in CryptEncrypt\");\n            exit(1);\n        }\n        /* use encrypted block */\n        printBytesLine(encrypted, encryptedLen);\n        if (hKey)\n        {\n            CryptDestroyKey(hKey);\n        }\n        if (hHash)\n        {\n            CryptDestroyHash(hHash);\n        }\n        if (hCryptProv)\n        {\n            CryptReleaseContext(hCryptProv, 0);\n        }\n    }\n}",
        "question": "How does modifying the control structure `if (hHash)` affect the behavior or output of `CryptDestroyHash`?",
        "choices": {
            "A": "The modification of `if (hHash)` directly impacts the execution of `CryptDestroyHash` because its entire operation is controlled by `if (hHash)` and located within `if (hHash)`.",
            "B": "Modifying `if (hHash)` has no impact on the behavior or output of `CryptDestroyHash`.",
            "C": "The change of if (hHash) indirectly affects the execution of `CryptDestroyHash`, as the modifications in `if (hHash)` influence the arguments or conditions within `CryptDestroyHash`.",
            "D": "It is not possible to determine the effect without additional context."
        },
        "answer": "A",
        "distance": 1
    },
    {
        "case_id": 2597,
        "code": "void CWE321_Hard_Coded_Cryptographic_Key__w32_char_01_bad()\n{\n    char * cryptoKey;\n    char cryptoKeyBuffer[100] = \"\";\n    cryptoKey = cryptoKeyBuffer;\n    /* FLAW: Use a hardcoded value for the hash input causing a hardcoded crypto key in the sink */\n    strcpy(cryptoKey, CRYPTO_KEY);\n    {\n        HCRYPTPROV hCryptProv;\n        HCRYPTKEY hKey;\n        HCRYPTHASH hHash;\n        char toBeEncrypted[] = \"String to be encrypted\";\n        DWORD encryptedLen = strlen(toBeEncrypted)*sizeof(char);\n        BYTE encrypted[200];    /* buffer should be larger than toBeEncrypted to have room for IV and padding */\n        /* Copy plaintext (without NUL terminator) into byte buffer */\n        memcpy(encrypted, toBeEncrypted, encryptedLen);\n        /* Try to get a context with and without a new key set */\n        if(!CryptAcquireContext(&hCryptProv, NULL, MS_ENHANCED_PROV, PROV_RSA_AES, 0))\n        {\n            if(!CryptAcquireContext(&hCryptProv, NULL, MS_ENHANCED_PROV, PROV_RSA_AES, CRYPT_NEWKEYSET))\n            {\n                printLine(\"Error in acquiring cryptographic context\");\n                exit(1);\n            }\n        }\n        /* Create Hash handle */\n        if(!CryptCreateHash(hCryptProv, CALG_SHA_256, 0, 0, &hHash))\n        {\n            printLine(\"Error in creating hash\");\n            exit(1);\n        }\n        /* Hash the cryptoKey */\n        if(!CryptHashData(hHash, (BYTE *) cryptoKey, strlen(cryptoKey)*sizeof(char), 0))\n        {\n            printLine(\"Error in hashing cryptoKey\");\n            exit(1);\n        }\n        /* Derive an AES key from the Hashed cryptoKey */\n        if(!CryptDeriveKey(hCryptProv, CALG_AES_256, hHash, 0, &hKey))\n        {\n            printLine(\"Error in CryptDeriveKey\");\n            exit(1);\n        }\n        /* POTENTIAL FLAW: Possibly using a hardcoded crypto key */\n        /* Use the derived key to encrypt something */\n        if(!CryptEncrypt(hKey, (HCRYPTHASH)NULL, 1, 0, encrypted, &encryptedLen, sizeof(encrypted)))\n        {\n            printLine(\"Error in CryptEncrypt\");\n            exit(1);\n        }\n        /* use encrypted block */\n        printBytesLine(encrypted, encryptedLen);\n        if (hKey)\n        {\n            CryptDestroyKey(hKey);\n        }\n        if (hHash)\n        {\n            CryptDestroyHash(hHash);\n        }\n        if (hCryptProv)\n        {\n            CryptReleaseContext(hCryptProv, 0);\n        }\n    }\n}",
        "question": "How does modifying the control structure `if (hCryptProv)` affect the behavior or output of `CryptReleaseContext`?",
        "choices": {
            "A": "The modification of `if (hCryptProv)` directly impacts the execution of `CryptReleaseContext` because its entire operation is controlled by `if (hCryptProv)` and located within `if (hCryptProv)`.",
            "B": "Modifying `if (hCryptProv)` has no impact on the behavior or output of `CryptReleaseContext`.",
            "C": "The change of if (hCryptProv) indirectly affects the execution of `CryptReleaseContext`, as the modifications in `if (hCryptProv)` influence the arguments or conditions within `CryptReleaseContext`.",
            "D": "It is not possible to determine the effect without additional context."
        },
        "answer": "A",
        "distance": 1
    },
    {
        "case_id": 2597,
        "code": "void CWE321_Hard_Coded_Cryptographic_Key__w32_char_01_bad()\n{\n    char * cryptoKey;\n    char cryptoKeyBuffer[100] = \"\";\n    cryptoKey = cryptoKeyBuffer;\n    /* FLAW: Use a hardcoded value for the hash input causing a hardcoded crypto key in the sink */\n    strcpy(cryptoKey, CRYPTO_KEY);\n    {\n        HCRYPTPROV hCryptProv;\n        HCRYPTKEY hKey;\n        HCRYPTHASH hHash;\n        char toBeEncrypted[] = \"String to be encrypted\";\n        DWORD encryptedLen = strlen(toBeEncrypted)*sizeof(char);\n        BYTE encrypted[200];    /* buffer should be larger than toBeEncrypted to have room for IV and padding */\n        /* Copy plaintext (without NUL terminator) into byte buffer */\n        memcpy(encrypted, toBeEncrypted, encryptedLen);\n        /* Try to get a context with and without a new key set */\n        if(!CryptAcquireContext(&hCryptProv, NULL, MS_ENHANCED_PROV, PROV_RSA_AES, 0))\n        {\n            if(!CryptAcquireContext(&hCryptProv, NULL, MS_ENHANCED_PROV, PROV_RSA_AES, CRYPT_NEWKEYSET))\n            {\n                printLine(\"Error in acquiring cryptographic context\");\n                exit(1);\n            }\n        }\n        /* Create Hash handle */\n        if(!CryptCreateHash(hCryptProv, CALG_SHA_256, 0, 0, &hHash))\n        {\n            printLine(\"Error in creating hash\");\n            exit(1);\n        }\n        /* Hash the cryptoKey */\n        if(!CryptHashData(hHash, (BYTE *) cryptoKey, strlen(cryptoKey)*sizeof(char), 0))\n        {\n            printLine(\"Error in hashing cryptoKey\");\n            exit(1);\n        }\n        /* Derive an AES key from the Hashed cryptoKey */\n        if(!CryptDeriveKey(hCryptProv, CALG_AES_256, hHash, 0, &hKey))\n        {\n            printLine(\"Error in CryptDeriveKey\");\n            exit(1);\n        }\n        /* POTENTIAL FLAW: Possibly using a hardcoded crypto key */\n        /* Use the derived key to encrypt something */\n        if(!CryptEncrypt(hKey, (HCRYPTHASH)NULL, 1, 0, encrypted, &encryptedLen, sizeof(encrypted)))\n        {\n            printLine(\"Error in CryptEncrypt\");\n            exit(1);\n        }\n        /* use encrypted block */\n        printBytesLine(encrypted, encryptedLen);\n        if (hKey)\n        {\n            CryptDestroyKey(hKey);\n        }\n        if (hHash)\n        {\n            CryptDestroyHash(hHash);\n        }\n        if (hCryptProv)\n        {\n            CryptReleaseContext(hCryptProv, 0);\n        }\n    }\n}",
        "question": "How does modifying the control structure `if(!CryptAcquireContext(&hCryptProv, NULL, MS_ENHANCED_PROV, PROV_RSA_AES, CRYPT_NEWKEYSET))` affect the behavior or output of `strcpy`?",
        "choices": {
            "A": "The modification of `if(!CryptAcquireContext(&hCryptProv, NULL, MS_ENHANCED_PROV, PROV_RSA_AES, CRYPT_NEWKEYSET))` directly impacts the execution of `strcpy` because its entire operation is controlled by `if(!CryptAcquireContext(&hCryptProv, NULL, MS_ENHANCED_PROV, PROV_RSA_AES, CRYPT_NEWKEYSET))` and located within `if(!CryptAcquireContext(&hCryptProv, NULL, MS_ENHANCED_PROV, PROV_RSA_AES, CRYPT_NEWKEYSET))`.",
            "B": "Modifying `if(!CryptAcquireContext(&hCryptProv, NULL, MS_ENHANCED_PROV, PROV_RSA_AES, CRYPT_NEWKEYSET))` has no impact on the behavior or output of `strcpy`.",
            "C": "The change of if(!CryptAcquireContext(&hCryptProv, NULL, MS_ENHANCED_PROV, PROV_RSA_AES, CRYPT_NEWKEYSET)) indirectly affects the execution of `strcpy`, as the modifications in `if(!CryptAcquireContext(&hCryptProv, NULL, MS_ENHANCED_PROV, PROV_RSA_AES, CRYPT_NEWKEYSET))` influence the arguments or conditions within `strcpy`.",
            "D": "It is not possible to determine the effect without additional context."
        },
        "answer": "B",
        "distance": 0
    },
    {
        "case_id": 2597,
        "code": "void CWE321_Hard_Coded_Cryptographic_Key__w32_char_01_bad()\n{\n    char * cryptoKey;\n    char cryptoKeyBuffer[100] = \"\";\n    cryptoKey = cryptoKeyBuffer;\n    /* FLAW: Use a hardcoded value for the hash input causing a hardcoded crypto key in the sink */\n    strcpy(cryptoKey, CRYPTO_KEY);\n    {\n        HCRYPTPROV hCryptProv;\n        HCRYPTKEY hKey;\n        HCRYPTHASH hHash;\n        char toBeEncrypted[] = \"String to be encrypted\";\n        DWORD encryptedLen = strlen(toBeEncrypted)*sizeof(char);\n        BYTE encrypted[200];    /* buffer should be larger than toBeEncrypted to have room for IV and padding */\n        /* Copy plaintext (without NUL terminator) into byte buffer */\n        memcpy(encrypted, toBeEncrypted, encryptedLen);\n        /* Try to get a context with and without a new key set */\n        if(!CryptAcquireContext(&hCryptProv, NULL, MS_ENHANCED_PROV, PROV_RSA_AES, 0))\n        {\n            if(!CryptAcquireContext(&hCryptProv, NULL, MS_ENHANCED_PROV, PROV_RSA_AES, CRYPT_NEWKEYSET))\n            {\n                printLine(\"Error in acquiring cryptographic context\");\n                exit(1);\n            }\n        }\n        /* Create Hash handle */\n        if(!CryptCreateHash(hCryptProv, CALG_SHA_256, 0, 0, &hHash))\n        {\n            printLine(\"Error in creating hash\");\n            exit(1);\n        }\n        /* Hash the cryptoKey */\n        if(!CryptHashData(hHash, (BYTE *) cryptoKey, strlen(cryptoKey)*sizeof(char), 0))\n        {\n            printLine(\"Error in hashing cryptoKey\");\n            exit(1);\n        }\n        /* Derive an AES key from the Hashed cryptoKey */\n        if(!CryptDeriveKey(hCryptProv, CALG_AES_256, hHash, 0, &hKey))\n        {\n            printLine(\"Error in CryptDeriveKey\");\n            exit(1);\n        }\n        /* POTENTIAL FLAW: Possibly using a hardcoded crypto key */\n        /* Use the derived key to encrypt something */\n        if(!CryptEncrypt(hKey, (HCRYPTHASH)NULL, 1, 0, encrypted, &encryptedLen, sizeof(encrypted)))\n        {\n            printLine(\"Error in CryptEncrypt\");\n            exit(1);\n        }\n        /* use encrypted block */\n        printBytesLine(encrypted, encryptedLen);\n        if (hKey)\n        {\n            CryptDestroyKey(hKey);\n        }\n        if (hHash)\n        {\n            CryptDestroyHash(hHash);\n        }\n        if (hCryptProv)\n        {\n            CryptReleaseContext(hCryptProv, 0);\n        }\n    }\n}",
        "question": "How does modifying the control structure `if(!CryptAcquireContext(&hCryptProv, NULL, MS_ENHANCED_PROV, PROV_RSA_AES, CRYPT_NEWKEYSET))` affect the behavior or output of `printBytesLine`?",
        "choices": {
            "A": "The modification of `if(!CryptAcquireContext(&hCryptProv, NULL, MS_ENHANCED_PROV, PROV_RSA_AES, CRYPT_NEWKEYSET))` directly impacts the execution of `printBytesLine` because its entire operation is controlled by `if(!CryptAcquireContext(&hCryptProv, NULL, MS_ENHANCED_PROV, PROV_RSA_AES, CRYPT_NEWKEYSET))` and located within `if(!CryptAcquireContext(&hCryptProv, NULL, MS_ENHANCED_PROV, PROV_RSA_AES, CRYPT_NEWKEYSET))`.",
            "B": "Modifying `if(!CryptAcquireContext(&hCryptProv, NULL, MS_ENHANCED_PROV, PROV_RSA_AES, CRYPT_NEWKEYSET))` has no impact on the behavior or output of `printBytesLine`.",
            "C": "The change of if(!CryptAcquireContext(&hCryptProv, NULL, MS_ENHANCED_PROV, PROV_RSA_AES, CRYPT_NEWKEYSET)) indirectly affects the execution of `printBytesLine`, as the modifications in `if(!CryptAcquireContext(&hCryptProv, NULL, MS_ENHANCED_PROV, PROV_RSA_AES, CRYPT_NEWKEYSET))` influence the arguments or conditions within `printBytesLine`.",
            "D": "It is not possible to determine the effect without additional context."
        },
        "answer": "B",
        "distance": 0
    },
    {
        "case_id": 2597,
        "code": "void CWE321_Hard_Coded_Cryptographic_Key__w32_char_01_bad()\n{\n    char * cryptoKey;\n    char cryptoKeyBuffer[100] = \"\";\n    cryptoKey = cryptoKeyBuffer;\n    /* FLAW: Use a hardcoded value for the hash input causing a hardcoded crypto key in the sink */\n    strcpy(cryptoKey, CRYPTO_KEY);\n    {\n        HCRYPTPROV hCryptProv;\n        HCRYPTKEY hKey;\n        HCRYPTHASH hHash;\n        char toBeEncrypted[] = \"String to be encrypted\";\n        DWORD encryptedLen = strlen(toBeEncrypted)*sizeof(char);\n        BYTE encrypted[200];    /* buffer should be larger than toBeEncrypted to have room for IV and padding */\n        /* Copy plaintext (without NUL terminator) into byte buffer */\n        memcpy(encrypted, toBeEncrypted, encryptedLen);\n        /* Try to get a context with and without a new key set */\n        if(!CryptAcquireContext(&hCryptProv, NULL, MS_ENHANCED_PROV, PROV_RSA_AES, 0))\n        {\n            if(!CryptAcquireContext(&hCryptProv, NULL, MS_ENHANCED_PROV, PROV_RSA_AES, CRYPT_NEWKEYSET))\n            {\n                printLine(\"Error in acquiring cryptographic context\");\n                exit(1);\n            }\n        }\n        /* Create Hash handle */\n        if(!CryptCreateHash(hCryptProv, CALG_SHA_256, 0, 0, &hHash))\n        {\n            printLine(\"Error in creating hash\");\n            exit(1);\n        }\n        /* Hash the cryptoKey */\n        if(!CryptHashData(hHash, (BYTE *) cryptoKey, strlen(cryptoKey)*sizeof(char), 0))\n        {\n            printLine(\"Error in hashing cryptoKey\");\n            exit(1);\n        }\n        /* Derive an AES key from the Hashed cryptoKey */\n        if(!CryptDeriveKey(hCryptProv, CALG_AES_256, hHash, 0, &hKey))\n        {\n            printLine(\"Error in CryptDeriveKey\");\n            exit(1);\n        }\n        /* POTENTIAL FLAW: Possibly using a hardcoded crypto key */\n        /* Use the derived key to encrypt something */\n        if(!CryptEncrypt(hKey, (HCRYPTHASH)NULL, 1, 0, encrypted, &encryptedLen, sizeof(encrypted)))\n        {\n            printLine(\"Error in CryptEncrypt\");\n            exit(1);\n        }\n        /* use encrypted block */\n        printBytesLine(encrypted, encryptedLen);\n        if (hKey)\n        {\n            CryptDestroyKey(hKey);\n        }\n        if (hHash)\n        {\n            CryptDestroyHash(hHash);\n        }\n        if (hCryptProv)\n        {\n            CryptReleaseContext(hCryptProv, 0);\n        }\n    }\n}",
        "question": "How does modifying the control structure `if(!CryptAcquireContext(&hCryptProv, NULL, MS_ENHANCED_PROV, PROV_RSA_AES, CRYPT_NEWKEYSET))` affect the behavior or output of `CryptReleaseContext`?",
        "choices": {
            "A": "The modification of `if(!CryptAcquireContext(&hCryptProv, NULL, MS_ENHANCED_PROV, PROV_RSA_AES, CRYPT_NEWKEYSET))` directly impacts the execution of `CryptReleaseContext` because its entire operation is controlled by `if(!CryptAcquireContext(&hCryptProv, NULL, MS_ENHANCED_PROV, PROV_RSA_AES, CRYPT_NEWKEYSET))` and located within `if(!CryptAcquireContext(&hCryptProv, NULL, MS_ENHANCED_PROV, PROV_RSA_AES, CRYPT_NEWKEYSET))`.",
            "B": "Modifying `if(!CryptAcquireContext(&hCryptProv, NULL, MS_ENHANCED_PROV, PROV_RSA_AES, CRYPT_NEWKEYSET))` has no impact on the behavior or output of `CryptReleaseContext`.",
            "C": "The change of if(!CryptAcquireContext(&hCryptProv, NULL, MS_ENHANCED_PROV, PROV_RSA_AES, CRYPT_NEWKEYSET)) indirectly affects the execution of `CryptReleaseContext`, as the modifications in `if(!CryptAcquireContext(&hCryptProv, NULL, MS_ENHANCED_PROV, PROV_RSA_AES, CRYPT_NEWKEYSET))` influence the arguments or conditions within `CryptReleaseContext`.",
            "D": "It is not possible to determine the effect without additional context."
        },
        "answer": "B",
        "distance": 0
    },
    {
        "case_id": 2597,
        "code": "void CWE321_Hard_Coded_Cryptographic_Key__w32_char_01_bad()\n{\n    char * cryptoKey;\n    char cryptoKeyBuffer[100] = \"\";\n    cryptoKey = cryptoKeyBuffer;\n    /* FLAW: Use a hardcoded value for the hash input causing a hardcoded crypto key in the sink */\n    strcpy(cryptoKey, CRYPTO_KEY);\n    {\n        HCRYPTPROV hCryptProv;\n        HCRYPTKEY hKey;\n        HCRYPTHASH hHash;\n        char toBeEncrypted[] = \"String to be encrypted\";\n        DWORD encryptedLen = strlen(toBeEncrypted)*sizeof(char);\n        BYTE encrypted[200];    /* buffer should be larger than toBeEncrypted to have room for IV and padding */\n        /* Copy plaintext (without NUL terminator) into byte buffer */\n        memcpy(encrypted, toBeEncrypted, encryptedLen);\n        /* Try to get a context with and without a new key set */\n        if(!CryptAcquireContext(&hCryptProv, NULL, MS_ENHANCED_PROV, PROV_RSA_AES, 0))\n        {\n            if(!CryptAcquireContext(&hCryptProv, NULL, MS_ENHANCED_PROV, PROV_RSA_AES, CRYPT_NEWKEYSET))\n            {\n                printLine(\"Error in acquiring cryptographic context\");\n                exit(1);\n            }\n        }\n        /* Create Hash handle */\n        if(!CryptCreateHash(hCryptProv, CALG_SHA_256, 0, 0, &hHash))\n        {\n            printLine(\"Error in creating hash\");\n            exit(1);\n        }\n        /* Hash the cryptoKey */\n        if(!CryptHashData(hHash, (BYTE *) cryptoKey, strlen(cryptoKey)*sizeof(char), 0))\n        {\n            printLine(\"Error in hashing cryptoKey\");\n            exit(1);\n        }\n        /* Derive an AES key from the Hashed cryptoKey */\n        if(!CryptDeriveKey(hCryptProv, CALG_AES_256, hHash, 0, &hKey))\n        {\n            printLine(\"Error in CryptDeriveKey\");\n            exit(1);\n        }\n        /* POTENTIAL FLAW: Possibly using a hardcoded crypto key */\n        /* Use the derived key to encrypt something */\n        if(!CryptEncrypt(hKey, (HCRYPTHASH)NULL, 1, 0, encrypted, &encryptedLen, sizeof(encrypted)))\n        {\n            printLine(\"Error in CryptEncrypt\");\n            exit(1);\n        }\n        /* use encrypted block */\n        printBytesLine(encrypted, encryptedLen);\n        if (hKey)\n        {\n            CryptDestroyKey(hKey);\n        }\n        if (hHash)\n        {\n            CryptDestroyHash(hHash);\n        }\n        if (hCryptProv)\n        {\n            CryptReleaseContext(hCryptProv, 0);\n        }\n    }\n}",
        "question": "How does modifying the control structure `if(!CryptAcquireContext(&hCryptProv, NULL, MS_ENHANCED_PROV, PROV_RSA_AES, CRYPT_NEWKEYSET))` affect the behavior or output of `CryptDestroyKey`?",
        "choices": {
            "A": "The modification of `if(!CryptAcquireContext(&hCryptProv, NULL, MS_ENHANCED_PROV, PROV_RSA_AES, CRYPT_NEWKEYSET))` directly impacts the execution of `CryptDestroyKey` because its entire operation is controlled by `if(!CryptAcquireContext(&hCryptProv, NULL, MS_ENHANCED_PROV, PROV_RSA_AES, CRYPT_NEWKEYSET))` and located within `if(!CryptAcquireContext(&hCryptProv, NULL, MS_ENHANCED_PROV, PROV_RSA_AES, CRYPT_NEWKEYSET))`.",
            "B": "Modifying `if(!CryptAcquireContext(&hCryptProv, NULL, MS_ENHANCED_PROV, PROV_RSA_AES, CRYPT_NEWKEYSET))` has no impact on the behavior or output of `CryptDestroyKey`.",
            "C": "The change of if(!CryptAcquireContext(&hCryptProv, NULL, MS_ENHANCED_PROV, PROV_RSA_AES, CRYPT_NEWKEYSET)) indirectly affects the execution of `CryptDestroyKey`, as the modifications in `if(!CryptAcquireContext(&hCryptProv, NULL, MS_ENHANCED_PROV, PROV_RSA_AES, CRYPT_NEWKEYSET))` influence the arguments or conditions within `CryptDestroyKey`.",
            "D": "It is not possible to determine the effect without additional context."
        },
        "answer": "B",
        "distance": 0
    }
]