[
    {
        "case_id": 527,
        "code": "void CWE226_Sensitive_Information_Uncleared_Before_Release__w32_char_declare_01_bad()\n{\n    {\n        char password[100] = \"\";\n        size_t passwordLen = 0;\n        HANDLE hUser;\n        char * username = \"User\";\n        char * domain = \"Domain\";\n        if (fgets(password, 100, stdin) == NULL)\n        {\n            printLine(\"fgets() failed\");\n            /* Restore NUL terminator if fgets fails */\n            password[0] = '\\0';\n        }\n        /* Remove the carriage return from the string that is inserted by fgets() */\n        passwordLen = strlen(password);\n        if (passwordLen > 0)\n        {\n            password[passwordLen-1] = '\\0';\n        }\n        /* Use the password in LogonUser() to establish that it is \"sensitive\" */\n        if (LogonUserA(\n                    username,\n                    domain,\n                    password,\n                    LOGON32_LOGON_NETWORK,\n                    LOGON32_PROVIDER_DEFAULT,\n                    &hUser) != 0)\n        {\n            printLine(\"User logged in successfully.\");\n            CloseHandle(hUser);\n        }\n        else\n        {\n            printLine(\"Unable to login.\");\n        }\n        /* FLAW: Release password from the stack without first clearing the buffer */\n    }\n}",
        "question": "How does modifying the control structure `if (LogonUserA(username,domain,password,LOGON32_LOGON_NETWORK,LOGON32_PROVIDER_DEFAULT,&hUser) != 0)` affect the behavior or output of `CloseHandle`?",
        "choices": {
            "A": "The modification of `if (LogonUserA(username,domain,password,LOGON32_LOGON_NETWORK,LOGON32_PROVIDER_DEFAULT,&hUser) != 0)` directly impacts the execution of `CloseHandle` because its entire operation is controlled by `if (LogonUserA(username,domain,password,LOGON32_LOGON_NETWORK,LOGON32_PROVIDER_DEFAULT,&hUser) != 0)` and located within `if (LogonUserA(username,domain,password,LOGON32_LOGON_NETWORK,LOGON32_PROVIDER_DEFAULT,&hUser) != 0)`.",
            "B": "Modifying `if (LogonUserA(username,domain,password,LOGON32_LOGON_NETWORK,LOGON32_PROVIDER_DEFAULT,&hUser) != 0)` has no impact on the behavior or output of `CloseHandle`.",
            "C": "The change of if (LogonUserA(username,domain,password,LOGON32_LOGON_NETWORK,LOGON32_PROVIDER_DEFAULT,&hUser) != 0) indirectly affects the execution of `CloseHandle`, as the modifications in `if (LogonUserA(username,domain,password,LOGON32_LOGON_NETWORK,LOGON32_PROVIDER_DEFAULT,&hUser) != 0)` influence the arguments or conditions within `CloseHandle`.",
            "D": "It is not possible to determine the effect without additional context."
        },
        "answer": "A",
        "distance": 1
    },
    {
        "case_id": 527,
        "code": "void CWE226_Sensitive_Information_Uncleared_Before_Release__w32_char_declare_01_bad()\n{\n    {\n        char password[100] = \"\";\n        size_t passwordLen = 0;\n        HANDLE hUser;\n        char * username = \"User\";\n        char * domain = \"Domain\";\n        if (fgets(password, 100, stdin) == NULL)\n        {\n            printLine(\"fgets() failed\");\n            /* Restore NUL terminator if fgets fails */\n            password[0] = '\\0';\n        }\n        /* Remove the carriage return from the string that is inserted by fgets() */\n        passwordLen = strlen(password);\n        if (passwordLen > 0)\n        {\n            password[passwordLen-1] = '\\0';\n        }\n        /* Use the password in LogonUser() to establish that it is \"sensitive\" */\n        if (LogonUserA(\n                    username,\n                    domain,\n                    password,\n                    LOGON32_LOGON_NETWORK,\n                    LOGON32_PROVIDER_DEFAULT,\n                    &hUser) != 0)\n        {\n            printLine(\"User logged in successfully.\");\n            CloseHandle(hUser);\n        }\n        else\n        {\n            printLine(\"Unable to login.\");\n        }\n        /* FLAW: Release password from the stack without first clearing the buffer */\n    }\n}",
        "question": "How does modifying the control structure `else` affect the behavior or output of `strlen`?",
        "choices": {
            "A": "The modification of `else` directly impacts the execution of `strlen` because its entire operation is controlled by `else` and located within `else`.",
            "B": "Modifying `else` has no impact on the behavior or output of `strlen`.",
            "C": "The change of else indirectly affects the execution of `strlen`, as the modifications in `else` influence the arguments or conditions within `strlen`.",
            "D": "It is not possible to determine the effect without additional context."
        },
        "answer": "B",
        "distance": 0
    },
    {
        "case_id": 527,
        "code": "void CWE226_Sensitive_Information_Uncleared_Before_Release__w32_char_declare_01_bad()\n{\n    {\n        char password[100] = \"\";\n        size_t passwordLen = 0;\n        HANDLE hUser;\n        char * username = \"User\";\n        char * domain = \"Domain\";\n        if (fgets(password, 100, stdin) == NULL)\n        {\n            printLine(\"fgets() failed\");\n            /* Restore NUL terminator if fgets fails */\n            password[0] = '\\0';\n        }\n        /* Remove the carriage return from the string that is inserted by fgets() */\n        passwordLen = strlen(password);\n        if (passwordLen > 0)\n        {\n            password[passwordLen-1] = '\\0';\n        }\n        /* Use the password in LogonUser() to establish that it is \"sensitive\" */\n        if (LogonUserA(\n                    username,\n                    domain,\n                    password,\n                    LOGON32_LOGON_NETWORK,\n                    LOGON32_PROVIDER_DEFAULT,\n                    &hUser) != 0)\n        {\n            printLine(\"User logged in successfully.\");\n            CloseHandle(hUser);\n        }\n        else\n        {\n            printLine(\"Unable to login.\");\n        }\n        /* FLAW: Release password from the stack without first clearing the buffer */\n    }\n}",
        "question": "How does modifying the control structure `else` affect the behavior or output of `CloseHandle`?",
        "choices": {
            "A": "The modification of `else` directly impacts the execution of `CloseHandle` because its entire operation is controlled by `else` and located within `else`.",
            "B": "Modifying `else` has no impact on the behavior or output of `CloseHandle`.",
            "C": "The change of else indirectly affects the execution of `CloseHandle`, as the modifications in `else` influence the arguments or conditions within `CloseHandle`.",
            "D": "It is not possible to determine the effect without additional context."
        },
        "answer": "B",
        "distance": 0
    },
    {
        "case_id": 527,
        "code": "void CWE226_Sensitive_Information_Uncleared_Before_Release__w32_char_declare_01_bad()\n{\n    {\n        char password[100] = \"\";\n        size_t passwordLen = 0;\n        HANDLE hUser;\n        char * username = \"User\";\n        char * domain = \"Domain\";\n        if (fgets(password, 100, stdin) == NULL)\n        {\n            printLine(\"fgets() failed\");\n            /* Restore NUL terminator if fgets fails */\n            password[0] = '\\0';\n        }\n        /* Remove the carriage return from the string that is inserted by fgets() */\n        passwordLen = strlen(password);\n        if (passwordLen > 0)\n        {\n            password[passwordLen-1] = '\\0';\n        }\n        /* Use the password in LogonUser() to establish that it is \"sensitive\" */\n        if (LogonUserA(\n                    username,\n                    domain,\n                    password,\n                    LOGON32_LOGON_NETWORK,\n                    LOGON32_PROVIDER_DEFAULT,\n                    &hUser) != 0)\n        {\n            printLine(\"User logged in successfully.\");\n            CloseHandle(hUser);\n        }\n        else\n        {\n            printLine(\"Unable to login.\");\n        }\n        /* FLAW: Release password from the stack without first clearing the buffer */\n    }\n}",
        "question": "How does modifying the control structure `if (LogonUserA(username,domain,password,LOGON32_LOGON_NETWORK,LOGON32_PROVIDER_DEFAULT,&hUser) != 0)` affect the behavior or output of `strlen`?",
        "choices": {
            "A": "The modification of `if (LogonUserA(username,domain,password,LOGON32_LOGON_NETWORK,LOGON32_PROVIDER_DEFAULT,&hUser) != 0)` directly impacts the execution of `strlen` because its entire operation is controlled by `if (LogonUserA(username,domain,password,LOGON32_LOGON_NETWORK,LOGON32_PROVIDER_DEFAULT,&hUser) != 0)` and located within `if (LogonUserA(username,domain,password,LOGON32_LOGON_NETWORK,LOGON32_PROVIDER_DEFAULT,&hUser) != 0)`.",
            "B": "Modifying `if (LogonUserA(username,domain,password,LOGON32_LOGON_NETWORK,LOGON32_PROVIDER_DEFAULT,&hUser) != 0)` has no impact on the behavior or output of `strlen`.",
            "C": "The change of if (LogonUserA(username,domain,password,LOGON32_LOGON_NETWORK,LOGON32_PROVIDER_DEFAULT,&hUser) != 0) indirectly affects the execution of `strlen`, as the modifications in `if (LogonUserA(username,domain,password,LOGON32_LOGON_NETWORK,LOGON32_PROVIDER_DEFAULT,&hUser) != 0)` influence the arguments or conditions within `strlen`.",
            "D": "It is not possible to determine the effect without additional context."
        },
        "answer": "B",
        "distance": 0
    },
    {
        "case_id": 527,
        "code": "void CWE226_Sensitive_Information_Uncleared_Before_Release__w32_char_declare_01_bad()\n{\n    {\n        char password[100] = \"\";\n        size_t passwordLen = 0;\n        HANDLE hUser;\n        char * username = \"User\";\n        char * domain = \"Domain\";\n        if (fgets(password, 100, stdin) == NULL)\n        {\n            printLine(\"fgets() failed\");\n            /* Restore NUL terminator if fgets fails */\n            password[0] = '\\0';\n        }\n        /* Remove the carriage return from the string that is inserted by fgets() */\n        passwordLen = strlen(password);\n        if (passwordLen > 0)\n        {\n            password[passwordLen-1] = '\\0';\n        }\n        /* Use the password in LogonUser() to establish that it is \"sensitive\" */\n        if (LogonUserA(\n                    username,\n                    domain,\n                    password,\n                    LOGON32_LOGON_NETWORK,\n                    LOGON32_PROVIDER_DEFAULT,\n                    &hUser) != 0)\n        {\n            printLine(\"User logged in successfully.\");\n            CloseHandle(hUser);\n        }\n        else\n        {\n            printLine(\"Unable to login.\");\n        }\n        /* FLAW: Release password from the stack without first clearing the buffer */\n    }\n}",
        "question": "How does modifying the control structure `if (passwordLen > 0)` affect the behavior or output of `strlen`?",
        "choices": {
            "A": "The modification of `if (passwordLen > 0)` directly impacts the execution of `strlen` because its entire operation is controlled by `if (passwordLen > 0)` and located within `if (passwordLen > 0)`.",
            "B": "Modifying `if (passwordLen > 0)` has no impact on the behavior or output of `strlen`.",
            "C": "The change of if (passwordLen > 0) indirectly affects the execution of `strlen`, as the modifications in `if (passwordLen > 0)` influence the arguments or conditions within `strlen`.",
            "D": "It is not possible to determine the effect without additional context."
        },
        "answer": "B",
        "distance": 0
    }
]