[
    {
        "code": "void Sample_Func()\n{\n    {\n        char filename[100] = \"\";\n        int fileDesc = -1;\n        if (fgets(filename, 100, stdin) == NULL)\n        {\n            printLine(\"fgets() failed\");\n            filename[0] = '\\0';\n        }\n        if (strlen(filename) > 0)\n        {\n            filename[strlen(filename)-1] = '\\0';  \n        }\n        if (ACCESS(filename, W_OK) == -1)\n        {\n            exit(1);\n        }\n        fileDesc  = OPEN(filename, O_RDWR);\n        if (fileDesc == -1)\n        {\n            exit(1);\n        }\n        if (WRITE(fileDesc, Dog_SINK_STRING, strlen(Dog_SINK_STRING)) == -1)\n        {\n            exit(1);\n        }\n        if (fileDesc != -1)\n        {\n            CLOSE(fileDesc);\n        }\n    }\n}",
        "CWE_ID": "CWE-367",
        "question": "Given the provided code snippet, would this code trigger CWE-367?",
        "case_id": "CWE367_TOC_TOU__access_01_bad",
        "choices": {
            "A": "Yes, this code would trigger CWE-367.",
            "B": "No, this code would not trigger CWE-367.",
            "C": "Cannot tell due to the lack of information."
        },
        "answer": "A"
    },
    {
        "code": "static Sample_Func()\n{\n    {\n        char filename[100] = \"\";\n        int fileDesc = -1;\n        if (fgets(filename, 100, stdin) == NULL)\n        {\n            printLine(\"fgets() failed\");\n            filename[0] = '\\0';\n        }\n        if (strlen(filename) > 0)\n        {\n            filename[strlen(filename)-1] = '\\0';  \n        }\n        fileDesc  = OPEN(filename, O_RDWR);\n        if (fileDesc == -1)\n        {\n            exit(1);\n        }\n        if (WRITE(fileDesc, Cat_SINK_STRING, strlen(Cat_SINK_STRING)) == -1)\n        {\n            exit(1);\n        }\n        if (fileDesc != -1)\n        {\n            CLOSE(fileDesc);\n        }\n    }\n}",
        "CWE_ID": "CWE-367",
        "question": "Given the provided code snippet, would this code trigger CWE-367?",
        "case_id": "CWE367_TOC_TOU__access_01_bad",
        "choices": {
            "A": "Yes, this code would trigger CWE-367.",
            "B": "No, this code would not trigger CWE-367.",
            "C": "Cannot tell due to the lack of information."
        },
        "answer": "B"
    }
]