[
    {
        "code": "void Sample_Func()\n{\n    {\n        WSADATA wsaData;\n        BOOL wsaDataInit = FALSE;\n        SOCKET listenSocket = INVALID_SOCKET;\n        SOCKET acceptSocket = INVALID_SOCKET;\n        struct sockaddr_in service;\n        char username[USERNAME_SZ+1];\n        HANDLE pHandle;\n        do\n        {\n            if (0 != WSAStartup(MAKEWORD(2, 2), &wsaData))\n            {\n                break;\n            }\n            wsaDataInit = TRUE;\n            listenSocket = socket(PF_INET, SOCK_STREAM, 0);\n            if (listenSocket == INVALID_SOCKET)\n            {\n                break;\n            }\n            memset(&service, 0, sizeof(service));\n            service.sin_family = AF_INET;\n            service.sin_addr.s_addr = INADDR_ANY;\n            service.sin_port = htons(LISTEN_PORT);\n            if (SOCKET_ERROR == bind(listenSocket, (struct sockaddr*)&service, sizeof(service)))\n            {\n                break;\n            }\n            if (SOCKET_ERROR == listen(listenSocket, LISTEN_BACKLOG))\n            {\n                break;\n            }\n            acceptSocket = accept(listenSocket, NULL, NULL);\n            if (acceptSocket == INVALID_SOCKET)\n            {\n                break;\n            }\n            if (sizeof(username)-sizeof(char) != recv(acceptSocket, username, sizeof(username)-sizeof(char), 0))\n            {\n                break;\n            }\n            username[USERNAME_SZ] = '\\0';\n            fprintf(stderr, \"Attempted login\\n\");\n            if (LogonUserA(\n                        username,\n                        DOMAIN,\n                        PASSWORD,  \n                        LOGON32_LOGON_NETWORK,\n                        LOGON32_PROVIDER_DEFAULT,\n                        &pHandle) != 0)\n            {\n                printLine(\"User logged in successfully.\");\n                CloseHandle(pHandle);\n            }\n            else\n            {\n                printLine(\"Unable to login.\");\n            }\n        }\n        while (0);\n        if (acceptSocket != INVALID_SOCKET)\n        {\n            closesocket(acceptSocket);\n        }\n        if (listenSocket != INVALID_SOCKET)\n        {\n            closesocket(listenSocket);\n        }\n        if (wsaDataInit)\n        {\n            WSACleanup();\n        }\n    }\n}",
        "CWE_ID": "CWE-223",
        "question": "Given the provided code snippet, would this code trigger CWE-223?",
        "case_id": "CWE223_Omission_of_Security_Relevant_Information__w32_01_bad",
        "choices": {
            "A": "Yes, this code would trigger CWE-223.",
            "B": "No, this code would not trigger CWE-223.",
            "C": "Cannot tell due to the lack of information."
        },
        "answer": "A"
    },
    {
        "code": "static Sample_Func()\n{\n    {\n        WSADATA wsaData;\n        BOOL wsaDataInit = FALSE;\n        SOCKET listenSocket = INVALID_SOCKET;\n        SOCKET acceptSocket = INVALID_SOCKET;\n        struct sockaddr_in service;\n        char username[USERNAME_SZ+1];\n        HANDLE pHandle;\n        do\n        {\n            if (0 != WSAStartup(MAKEWORD(2, 2), &wsaData))\n            {\n                break;\n            }\n            wsaDataInit = TRUE;\n            listenSocket = socket(PF_INET, SOCK_STREAM, 0);\n            if (listenSocket == INVALID_SOCKET)\n            {\n                break;\n            }\n            memset(&service, 0, sizeof(service));\n            service.sin_family = AF_INET;\n            service.sin_addr.s_addr = INADDR_ANY;\n            service.sin_port = htons(LISTEN_PORT);\n            if (SOCKET_ERROR == bind(listenSocket, (struct sockaddr*)&service, sizeof(service)))\n            {\n                break;\n            }\n            if (SOCKET_ERROR == listen(listenSocket, LISTEN_BACKLOG))\n            {\n                break;\n            }\n            acceptSocket = accept(listenSocket, NULL, NULL);\n            if (acceptSocket == INVALID_SOCKET)\n            {\n                break;\n            }\n            if (sizeof(username)-sizeof(char) != recv(acceptSocket, username, sizeof(username)-sizeof(char), 0))\n            {\n                break;\n            }\n            username[USERNAME_SZ] = '\\0';\n            fprintf(stderr, \"Attempted login by %s\\n\", username);\n            if (LogonUserA(\n                        username,\n                        DOMAIN,\n                        PASSWORD,  \n                        LOGON32_LOGON_NETWORK,\n                        LOGON32_PROVIDER_DEFAULT,\n                        &pHandle) != 0)\n            {\n                printLine(\"User logged in successfully.\");\n                CloseHandle(pHandle);\n            }\n            else\n            {\n                printLine(\"Unable to login.\");\n            }\n        }\n        while (0);\n        if (acceptSocket != INVALID_SOCKET)\n        {\n            closesocket(acceptSocket);\n        }\n        if (listenSocket != INVALID_SOCKET)\n        {\n            closesocket(listenSocket);\n        }\n        if (wsaDataInit)\n        {\n            WSACleanup();\n        }\n    }\n}",
        "CWE_ID": "CWE-223",
        "question": "Given the provided code snippet, would this code trigger CWE-223?",
        "case_id": "CWE223_Omission_of_Security_Relevant_Information__w32_01_bad",
        "choices": {
            "A": "Yes, this code would trigger CWE-223.",
            "B": "No, this code would not trigger CWE-223.",
            "C": "Cannot tell due to the lack of information."
        },
        "answer": "B"
    }
]