[
    {
        "code": "void Sample_Func()\n{\n    signal(SIGINT, helperDog);\n}",
        "CWE_ID": "CWE-479",
        "question": "Given the provided code snippet, would this code trigger CWE-479?",
        "case_id": "CWE479_Signal_Handler_Use_of_Non_Reentrant_Function__basic_01_bad",
        "choices": {
            "A": "Yes, this code would trigger CWE-479.",
            "B": "No, this code would not trigger CWE-479.",
            "C": "Cannot tell due to the lack of information."
        },
        "answer": "A"
    },
    {
        "code": "static Sample_Func()\n{\n    signal(SIGINT, helperCat);\n}",
        "CWE_ID": "CWE-479",
        "question": "Given the provided code snippet, would this code trigger CWE-479?",
        "case_id": "CWE479_Signal_Handler_Use_of_Non_Reentrant_Function__basic_01_bad",
        "choices": {
            "A": "Yes, this code would trigger CWE-479.",
            "B": "No, this code would not trigger CWE-479.",
            "C": "Cannot tell due to the lack of information."
        },
        "answer": "B"
    }
]