[
    {
        "code": "void Sample_Func()\n{\n    {\n        int x = (rand() % 3);\n        switch (x)\n        {\n        case 0:\n            break;\n        }\n    }\n    printLine(\"Hello from Dog()\");\n}",
        "CWE_ID": "CWE-398",
        "question": "Given the provided code snippet, would this code trigger CWE-398?",
        "case_id": "CWE398_Poor_Code_Quality__empty_case_01_bad",
        "choices": {
            "A": "Yes, this code would trigger CWE-398.",
            "B": "No, this code would not trigger CWE-398.",
            "C": "Cannot tell due to the lack of information."
        },
        "answer": "A"
    },
    {
        "code": "static Sample_Func()\n{\n    {\n        int x = (rand() % 3);\n        switch (x)\n        {\n        case 0:\n            printLine(\"Inside the case statement\");\n            break;\n        }\n    }\n    printLine(\"Hello from Cat()\");\n}",
        "CWE_ID": "CWE-398",
        "question": "Given the provided code snippet, would this code trigger CWE-398?",
        "case_id": "CWE398_Poor_Code_Quality__empty_case_01_bad",
        "choices": {
            "A": "Yes, this code would trigger CWE-398.",
            "B": "No, this code would not trigger CWE-398.",
            "C": "Cannot tell due to the lack of information."
        },
        "answer": "B"
    }
]