[
    {
        "code": "void Sample_Func()\n{\n    {\n        char *charPointer = (char*)0x400000;\n        printHexCharLine(*charPointer);\n    }\n}",
        "CWE_ID": "CWE-587",
        "question": "Given the provided code snippet, would this code trigger CWE-587?",
        "case_id": "CWE587_Assignment_of_Fixed_Address_to_Pointer__basic_01_bad",
        "choices": {
            "A": "Yes, this code would trigger CWE-587.",
            "B": "No, this code would not trigger CWE-587.",
            "C": "Cannot tell due to the lack of information."
        },
        "answer": "A"
    },
    {
        "code": "static Sample_Func()\n{\n    {\n        char charStack = 'a';\n        char *charPointer = &charStack;\n        printHexCharLine(*charPointer);\n    }\n}",
        "CWE_ID": "CWE-587",
        "question": "Given the provided code snippet, would this code trigger CWE-587?",
        "case_id": "CWE587_Assignment_of_Fixed_Address_to_Pointer__basic_01_bad",
        "choices": {
            "A": "Yes, this code would trigger CWE-587.",
            "B": "No, this code would not trigger CWE-587.",
            "C": "Cannot tell due to the lack of information."
        },
        "answer": "B"
    }
]