[
    {
        "code": "void Sample_Func()\n{\n    void * data;\n    data = NULL;\n    {\n        short shortBuffer = 8;\n        data = &shortBuffer;\n    }\n    printIntLine(*((int*)data));\n}",
        "CWE_ID": "CWE-843",
        "question": "Given the provided code snippet, would this code trigger CWE-843?",
        "case_id": "CWE843_Type_Confusion__short_01_bad",
        "choices": {
            "A": "Yes, this code would trigger CWE-843.",
            "B": "No, this code would not trigger CWE-843.",
            "C": "Cannot tell due to the lack of information."
        },
        "answer": "A"
    },
    {
        "code": "static Sample_Func()\n{\n    void * data;\n    data = NULL;\n    {\n        int intBuffer = 8;\n        data = &intBuffer;\n    }\n    printIntLine(*((int*)data));\n}",
        "CWE_ID": "CWE-843",
        "question": "Given the provided code snippet, would this code trigger CWE-843?",
        "case_id": "CWE843_Type_Confusion__short_01_bad",
        "choices": {
            "A": "Yes, this code would trigger CWE-843.",
            "B": "No, this code would not trigger CWE-843.",
            "C": "Cannot tell due to the lack of information."
        },
        "answer": "B"
    }
]