[
    {
        "code": "void Sample_Func()\n{\n    {\n        char password[100] = \"\";\n        size_t passwordLen = 0;\n        HANDLE pHandle;\n        char * username = \"User\";\n        char * domain = \"Domain\";\n        FILE * pFile = fopen(\"debug.txt\", \"a+\");\n        if (fgets(password, 100, stdin) == NULL)\n        {\n            printLine(\"fgets() failed\");\n            password[0] = '\\0';\n        }\n        passwordLen = strlen(password);\n        if (passwordLen > 0)\n        {\n            password[passwordLen-1] = '\\0';\n        }\n        if (LogonUserA(\n                    username,\n                    domain,\n                    password,\n                    LOGON32_LOGON_NETWORK,\n                    LOGON32_PROVIDER_DEFAULT,\n                    &pHandle) != 0)\n        {\n            printLine(\"User logged in successfully.\");\n            CloseHandle(pHandle);\n        }\n        else\n        {\n            printLine(\"Unable to login.\");\n        }\n        fprintf(pFile, \"User attempted access with password: %s\\n\", password);\n        if (pFile)\n        {\n            fclose(pFile);\n        }\n    }\n}",
        "CWE_ID": "CWE-534",
        "question": "Given the provided code snippet, would this code trigger CWE-534?",
        "case_id": "CWE534_Info_Exposure_Debug_Log__w32_char_01_bad",
        "choices": {
            "A": "Yes, this code would trigger CWE-534.",
            "B": "No, this code would not trigger CWE-534.",
            "C": "Cannot tell due to the lack of information."
        },
        "answer": "A"
    },
    {
        "code": "static Sample_Func()\n{\n    {\n        char password[100] = \"\";\n        size_t passwordLen = 0;\n        HANDLE pHandle;\n        char * username = \"User\";\n        char * domain = \"Domain\";\n        FILE * pFile = fopen(\"debug.txt\", \"a+\");\n        if (fgets(password, 100, stdin) == NULL)\n        {\n            printLine(\"fgets() failed\");\n            password[0] = '\\0';\n        }\n        passwordLen = strlen(password);\n        if (passwordLen > 0)\n        {\n            password[passwordLen-1] = '\\0';\n        }\n        if (LogonUserA(\n                    username,\n                    domain,\n                    password,\n                    LOGON32_LOGON_NETWORK,\n                    LOGON32_PROVIDER_DEFAULT,\n                    &pHandle) != 0)\n        {\n            printLine(\"User logged in successfully.\");\n            CloseHandle(pHandle);\n        }\n        else\n        {\n            printLine(\"Unable to login.\");\n        }\n        fprintf(pFile, \"User attempted access\\n\");\n        if (pFile)\n        {\n            fclose(pFile);\n        }\n    }\n}",
        "CWE_ID": "CWE-534",
        "question": "Given the provided code snippet, would this code trigger CWE-534?",
        "case_id": "CWE534_Info_Exposure_Debug_Log__w32_char_01_bad",
        "choices": {
            "A": "Yes, this code would trigger CWE-534.",
            "B": "No, this code would not trigger CWE-534.",
            "C": "Cannot tell due to the lack of information."
        },
        "answer": "B"
    }
]