[
    {
        "code": "void Sample_Func()\n{\n    {\n        int intOne = 1, intTwo = 1, intSum = 0;\n        printIntLine(intSum);\n        intOne + intTwo;  \n        printIntLine(intSum);\n    }\n}",
        "CWE_ID": "CWE-398",
        "question": "Given the provided code snippet, would this code trigger CWE-398?",
        "case_id": "CWE398_Poor_Code_Quality__addition_01_bad",
        "choices": {
            "A": "Yes, this code would trigger CWE-398.",
            "B": "No, this code would not trigger CWE-398.",
            "C": "Cannot tell due to the lack of information."
        },
        "answer": "A"
    },
    {
        "code": "static Sample_Func()\n{\n    {\n        int intOne = 1, intTwo = 1, intSum = 0;\n        printIntLine(intSum);\n        intSum = intOne + intTwo;\n        printIntLine(intSum);\n    }\n}",
        "CWE_ID": "CWE-398",
        "question": "Given the provided code snippet, would this code trigger CWE-398?",
        "case_id": "CWE398_Poor_Code_Quality__addition_01_bad",
        "choices": {
            "A": "Yes, this code would trigger CWE-398.",
            "B": "No, this code would not trigger CWE-398.",
            "C": "Cannot tell due to the lack of information."
        },
        "answer": "B"
    }
]