[
    {
        "code": "void Sample_Func()\n{\n    char * data;\n    data = NULL;\n    data = (char *)malloc(100*sizeof(char));\n    if (data == NULL) {exit(-1);}\n    memset(data, 'A', 100-1);\n    data[100-1] = '\\0';\n    free(data);\n    printLine(data);\n}",
        "CWE_ID": "CWE-416",
        "question": "Given the provided code snippet, would this code trigger CWE-416?",
        "case_id": "CWE416_Use_After_Free__malloc_free_char_01_bad",
        "choices": {
            "A": "Yes, this code would trigger CWE-416.",
            "B": "No, this code would not trigger CWE-416.",
            "C": "Cannot tell due to the lack of information."
        },
        "answer": "A"
    },
    {
        "code": "static Sample_Func_0()\n{\n    char * data;\n    data = NULL;\n    data = (char *)malloc(100*sizeof(char));\n    if (data == NULL) {exit(-1);}\n    memset(data, 'A', 100-1);\n    data[100-1] = '\\0';\n    printLine(data);\n}\nstatic Sample_Func_1()\n{\n    char * data;\n    data = NULL;\n    data = (char *)malloc(100*sizeof(char));\n    if (data == NULL) {exit(-1);}\n    memset(data, 'A', 100-1);\n    data[100-1] = '\\0';\n    free(data);\n    ;  \n}",
        "CWE_ID": "CWE-416",
        "question": "Given the provided code snippet, would this code trigger CWE-416?",
        "case_id": "CWE416_Use_After_Free__malloc_free_char_01_bad",
        "choices": {
            "A": "Yes, this code would trigger CWE-416.",
            "B": "No, this code would not trigger CWE-416.",
            "C": "Cannot tell due to the lack of information."
        },
        "answer": "B"
    }
]