[
    {
        "code": "void Sample_Func()\n{\n    {\n        char * * pointer = (char * *)malloc(sizeof(char *));\n        if (pointer == NULL) {exit(-1);}\n        char * data = *pointer;  \n        free(pointer);\n        printLine(data);\n    }\n}",
        "CWE_ID": "CWE-758",
        "question": "Given the provided code snippet, would this code trigger CWE-758?",
        "case_id": "CWE758_Undefined_Behavior__char_pointer_malloc_use_01_bad",
        "choices": {
            "A": "Yes, this code would trigger CWE-758.",
            "B": "No, this code would not trigger CWE-758.",
            "C": "Cannot tell due to the lack of information."
        },
        "answer": "A"
    },
    {
        "code": "static Sample_Func()\n{\n    {\n        char * data;\n        char * * pointer = (char * *)malloc(sizeof(char *));\n        if (pointer == NULL) {exit(-1);}\n        data = \"string\";\n        *pointer = data;  \n        {\n            char * data = *pointer;\n            printLine(data);\n        }\n        free(pointer);\n    }\n}",
        "CWE_ID": "CWE-758",
        "question": "Given the provided code snippet, would this code trigger CWE-758?",
        "case_id": "CWE758_Undefined_Behavior__char_pointer_malloc_use_01_bad",
        "choices": {
            "A": "Yes, this code would trigger CWE-758.",
            "B": "No, this code would not trigger CWE-758.",
            "C": "Cannot tell due to the lack of information."
        },
        "answer": "B"
    }
]