[
    {
        "code": "void Sample_Func()\n{\n    HANDLE data;\n    data = INVALID_HANDLE_VALUE;  \n    data = CreateFile(\"DogSource_w32CreateFile.txt\",\n                      (GENERIC_WRITE|GENERIC_READ),\n                      0,\n                      NULL,\n                      OPEN_ALWAYS,\n                      FILE_ATTRIBUTE_NORMAL,\n                      NULL);\n    CloseHandle(data);\n    CloseHandle(data);\n}",
        "CWE_ID": "CWE-675",
        "question": "Given the provided code snippet, would this code trigger CWE-675?",
        "case_id": "CWE675_Duplicate_Operations_on_Resource__w32CreateFile_01_bad",
        "choices": {
            "A": "Yes, this code would trigger CWE-675.",
            "B": "No, this code would not trigger CWE-675.",
            "C": "Cannot tell due to the lack of information."
        },
        "answer": "A"
    },
    {
        "code": "static Sample_Func_0()\n{\n    HANDLE data;\n    data = INVALID_HANDLE_VALUE;  \n    data = CreateFile(\"CatSource_w32CreateFile.txt\",\n                      (GENERIC_WRITE|GENERIC_READ),\n                      0,\n                      NULL,\n                      OPEN_ALWAYS,\n                      FILE_ATTRIBUTE_NORMAL,\n                      NULL);\n    CloseHandle(data);\n}\nstatic Sample_Func_1()\n{\n    HANDLE data;\n    data = INVALID_HANDLE_VALUE;  \n    data = CreateFile(\"DogSource_w32CreateFile.txt\",\n                      (GENERIC_WRITE|GENERIC_READ),\n                      0,\n                      NULL,\n                      OPEN_ALWAYS,\n                      FILE_ATTRIBUTE_NORMAL,\n                      NULL);\n    CloseHandle(data);\n    ;  \n}",
        "CWE_ID": "CWE-675",
        "question": "Given the provided code snippet, would this code trigger CWE-675?",
        "case_id": "CWE675_Duplicate_Operations_on_Resource__w32CreateFile_01_bad",
        "choices": {
            "A": "Yes, this code would trigger CWE-675.",
            "B": "No, this code would not trigger CWE-675.",
            "C": "Cannot tell due to the lack of information."
        },
        "answer": "B"
    }
]