[
    {
        "code": "void Sample_Func()\n{\n    wchar_t * data;\n    wchar_t dataBuffer[100] = L\"\";\n    data = dataBuffer;\n    {\n        size_t dataLen = wcslen(data);\n        wchar_t * environment = GETENV(ENV_VARIABLE);\n        if (environment != NULL)\n        {\n            wcsncat(data+dataLen, environment, 100-dataLen-1);\n        }\n    }\n    {\n        HMODULE hModule;\n        hModule = LoadLibraryW(data);\n        if (hModule != NULL)\n        {\n            FreeLibrary(hModule);\n            printLine(\"Library loaded and freed successfully\");\n        }\n        else\n        {\n            printLine(\"Unable to load library\");\n        }\n    }\n}",
        "CWE_ID": "CWE-114",
        "question": "Given the provided code snippet, would this code trigger CWE-114?",
        "case_id": "CWE114_Process_Control__w32_wchar_t_environment_01_bad",
        "choices": {
            "A": "Yes, this code would trigger CWE-114.",
            "B": "No, this code would not trigger CWE-114.",
            "C": "Cannot tell due to the lack of information."
        },
        "answer": "A"
    },
    {
        "code": "static Sample_Func()\n{\n    wchar_t * data;\n    wchar_t dataBuffer[100] = L\"\";\n    data = dataBuffer;\n    wcscpy(data, L\"C:\\\\Windows\\\\System32\\\\winsrv.dll\");\n    {\n        HMODULE hModule;\n        hModule = LoadLibraryW(data);\n        if (hModule != NULL)\n        {\n            FreeLibrary(hModule);\n            printLine(\"Library loaded and freed successfully\");\n        }\n        else\n        {\n            printLine(\"Unable to load library\");\n        }\n    }\n}",
        "CWE_ID": "CWE-114",
        "question": "Given the provided code snippet, would this code trigger CWE-114?",
        "case_id": "CWE114_Process_Control__w32_wchar_t_environment_01_bad",
        "choices": {
            "A": "Yes, this code would trigger CWE-114.",
            "B": "No, this code would not trigger CWE-114.",
            "C": "Cannot tell due to the lack of information."
        },
        "answer": "B"
    }
]