[
    {
        "code": "void Sample_Func()\n{\n    DogStruct data;\n    linkedList head = { &head, &head };\n    data.list.next = head.next;\n    data.list.prev = head.prev;\n    head.next = &data.list;\n    head.prev = &data.list;\n    if (fgets((char*)&data, sizeof(data), stdin) == NULL)\n    {\n        printLine(\"fgets failed!\");\n        exit(1);\n    }\n    linkedListPrev = data.list.prev;\n    linkedListNext = data.list.next;\n    linkedListPrev->next = linkedListNext;\n    linkedListNext->prev = linkedListPrev;\n}",
        "CWE_ID": "CWE-123",
        "question": "Given the provided code snippet, would this code trigger CWE-123?",
        "case_id": "CWE123_Write_What_Where_Condition__fgets_01_bad",
        "choices": {
            "A": "Yes, this code would trigger CWE-123.",
            "B": "No, this code would not trigger CWE-123.",
            "C": "Cannot tell due to the lack of information."
        },
        "answer": "A"
    },
    {
        "code": "static Sample_Func()\n{\n    DogStruct data;\n    linkedList head = { &head, &head };\n    data.list.next = head.next;\n    data.list.prev = head.prev;\n    head.next = &data.list;\n    head.prev = &data.list;\n    ;  \n    linkedListPrev = data.list.prev;\n    linkedListNext = data.list.next;\n    linkedListPrev->next = linkedListNext;\n    linkedListNext->prev = linkedListPrev;\n}",
        "CWE_ID": "CWE-123",
        "question": "Given the provided code snippet, would this code trigger CWE-123?",
        "case_id": "CWE123_Write_What_Where_Condition__fgets_01_bad",
        "choices": {
            "A": "Yes, this code would trigger CWE-123.",
            "B": "No, this code would not trigger CWE-123.",
            "C": "Cannot tell due to the lack of information."
        },
        "answer": "B"
    }
]