[
    {
        "code": "void Sample_Func()\n{\n    {\n        SYSTEMTIME setTime, currentTime;\n        FILETIME setTimeAsFileTime, currentTimeAsFileTime;\n        setTime.wYear         = 2008;  \n        setTime.wMonth        = 1;     \n        setTime.wDayOfWeek    = 0;     \n        setTime.wDay          = 1;     \n        setTime.wHour         = 12;    \n        setTime.wMinute       = 0;     \n        setTime.wSecond       = 0;     \n        setTime.wMilliseconds = 0;     \n        GetSystemTime(&currentTime);\n        SystemTimeToFileTime(&currentTime, &currentTimeAsFileTime);\n        SystemTimeToFileTime(&setTime, &setTimeAsFileTime);\n        if (CompareFileTime(&currentTimeAsFileTime, &setTimeAsFileTime) == 1)\n        {\n            UNLINK(\"important_file.txt\");\n        }\n    }\n}",
        "CWE_ID": "CWE-511",
        "question": "Given the provided code snippet, would this code trigger CWE-511?",
        "case_id": "CWE511_Logic_Time_Bomb__w32CompareFileTime_01_bad",
        "choices": {
            "A": "Yes, this code would trigger CWE-511.",
            "B": "No, this code would not trigger CWE-511.",
            "C": "Cannot tell due to the lack of information."
        },
        "answer": "A"
    },
    {
        "code": "static Sample_Func()\n{\n    {\n        SYSTEMTIME setTime, currentTime;\n        FILETIME setTimeAsFileTime, currentTimeAsFileTime;\n        setTime.wYear         = 2008;  \n        setTime.wMonth        = 1;     \n        setTime.wDayOfWeek    = 0;     \n        setTime.wDay          = 1;     \n        setTime.wHour         = 12;    \n        setTime.wMinute       = 0;     \n        setTime.wSecond       = 0;     \n        setTime.wMilliseconds = 0;     \n        GetSystemTime(&currentTime);\n        SystemTimeToFileTime(&currentTime, &currentTimeAsFileTime);\n        SystemTimeToFileTime(&setTime, &setTimeAsFileTime);\n        if (CompareFileTime(&currentTimeAsFileTime, &setTimeAsFileTime) == 1)\n        {\n            printLine(\"Happy New Year!\");\n        }\n    }\n}",
        "CWE_ID": "CWE-511",
        "question": "Given the provided code snippet, would this code trigger CWE-511?",
        "case_id": "CWE511_Logic_Time_Bomb__w32CompareFileTime_01_bad",
        "choices": {
            "A": "Yes, this code would trigger CWE-511.",
            "B": "No, this code would not trigger CWE-511.",
            "C": "Cannot tell due to the lack of information."
        },
        "answer": "B"
    }
]