[
    {
        "code": "void Sample_Func()\n{\n    wchar_t * data;\n    wchar_t dataBuffer[100] = L\"\";\n    data = dataBuffer;\n    {\n        size_t dataLen = wcslen(data);\n        if (100-dataLen > 1)\n        {\n            if (fgetws(data+dataLen, (int)(100-dataLen), stdin) != NULL)\n            {\n                dataLen = wcslen(data);\n                if (dataLen > 0 && data[dataLen-1] == L'\\n')\n                {\n                    data[dataLen-1] = L'\\0';\n                }\n            }\n            else\n            {\n                printLine(\"fgetws() failed\");\n                data[dataLen] = L'\\0';\n            }\n        }\n    }\n    {\n        HMODULE hModule;\n        hModule = LoadLibraryW(data);\n        if (hModule != NULL)\n        {\n            FreeLibrary(hModule);\n            printLine(\"Library loaded and freed successfully\");\n        }\n        else\n        {\n            printLine(\"Unable to load library\");\n        }\n    }\n}",
        "CWE_ID": "CWE-114",
        "question": "Given the provided code snippet, would this code trigger CWE-114?",
        "case_id": "CWE114_Process_Control__w32_wchar_t_console_01_bad",
        "choices": {
            "A": "Yes, this code would trigger CWE-114.",
            "B": "No, this code would not trigger CWE-114.",
            "C": "Cannot tell due to the lack of information."
        },
        "answer": "A"
    },
    {
        "code": "static Sample_Func()\n{\n    wchar_t * data;\n    wchar_t dataBuffer[100] = L\"\";\n    data = dataBuffer;\n    wcscpy(data, L\"C:\\\\Windows\\\\System32\\\\winsrv.dll\");\n    {\n        HMODULE hModule;\n        hModule = LoadLibraryW(data);\n        if (hModule != NULL)\n        {\n            FreeLibrary(hModule);\n            printLine(\"Library loaded and freed successfully\");\n        }\n        else\n        {\n            printLine(\"Unable to load library\");\n        }\n    }\n}",
        "CWE_ID": "CWE-114",
        "question": "Given the provided code snippet, would this code trigger CWE-114?",
        "case_id": "CWE114_Process_Control__w32_wchar_t_console_01_bad",
        "choices": {
            "A": "Yes, this code would trigger CWE-114.",
            "B": "No, this code would not trigger CWE-114.",
            "C": "Cannot tell due to the lack of information."
        },
        "answer": "B"
    }
]