[
    {
        "code": "void Sample_Func()\n{\n    {\n        char string1[] = SOURCE_STRING;\n        char string2[] = SOURCE_STRING;\n        char * slashInString1;\n        size_t indexOfSlashInString1;\n        slashInString1 = strchr(string1, '/');\n        if (slashInString1 == NULL)\n        {\n            exit(1);\n        }\n        indexOfSlashInString1 = (size_t)(slashInString1 - string2);\n        printUnsignedLine(indexOfSlashInString1);\n    }\n}",
        "CWE_ID": "CWE-469",
        "question": "Given the provided code snippet, would this code trigger CWE-469?",
        "case_id": "CWE469_Use_of_Pointer_Subtraction_to_Determine_Size__char_01_bad",
        "choices": {
            "A": "Yes, this code would trigger CWE-469.",
            "B": "No, this code would not trigger CWE-469.",
            "C": "Cannot tell due to the lack of information."
        },
        "answer": "A"
    },
    {
        "code": "static Sample_Func()\n{\n    {\n        char string1[] = SOURCE_STRING;\n        char * slashInString1;\n        size_t indexOfSlashInString1;\n        slashInString1 = strchr(string1, '/');\n        if (slashInString1 == NULL)\n        {\n            exit(1);\n        }\n        indexOfSlashInString1 = (size_t)(slashInString1 - string1);\n        printUnsignedLine(indexOfSlashInString1);\n    }\n}",
        "CWE_ID": "CWE-469",
        "question": "Given the provided code snippet, would this code trigger CWE-469?",
        "case_id": "CWE469_Use_of_Pointer_Subtraction_to_Determine_Size__char_01_bad",
        "choices": {
            "A": "Yes, this code would trigger CWE-469.",
            "B": "No, this code would not trigger CWE-469.",
            "C": "Cannot tell due to the lack of information."
        },
        "answer": "B"
    }
]