[
    {
        "code": "void Sample_Func()\n{\n    wchar_t * data;\n    data = NULL;\n    printWcharLine(data[0]);\n}",
        "CWE_ID": "CWE-476",
        "question": "Given the provided code snippet, would this code trigger CWE-476?",
        "case_id": "CWE476_NULL_Pointer_Dereference__wchar_t_01_bad",
        "choices": {
            "A": "Yes, this code would trigger CWE-476.",
            "B": "No, this code would not trigger CWE-476.",
            "C": "Cannot tell due to the lack of information."
        },
        "answer": "A"
    },
    {
        "code": "static Sample_Func_0()\n{\n    wchar_t * data;\n    data = L\"Cat\";\n    printWcharLine(data[0]);\n}\nstatic Sample_Func_1()\n{\n    wchar_t * data;\n    data = NULL;\n    if (data != NULL)\n    {\n        printWcharLine(data[0]);\n    }\n    else\n    {\n        printLine(\"data is NULL\");\n    }\n}",
        "CWE_ID": "CWE-476",
        "question": "Given the provided code snippet, would this code trigger CWE-476?",
        "case_id": "CWE476_NULL_Pointer_Dereference__wchar_t_01_bad",
        "choices": {
            "A": "Yes, this code would trigger CWE-476.",
            "B": "No, this code would not trigger CWE-476.",
            "C": "Cannot tell due to the lack of information."
        },
        "answer": "B"
    }
]