[
    {
        "code": "void Sample_Func()\n{\n    {\n        char dataBuffer[100] = \"\";\n        char * data = dataBuffer;\n        scanf(\"%99s\\0\", data);\n    }\n}",
        "CWE_ID": "CWE-252",
        "question": "Given the provided code snippet, would this code trigger CWE-252?",
        "case_id": "CWE252_Unchecked_Return_Value__char_scanf_01_bad",
        "choices": {
            "A": "Yes, this code would trigger CWE-252.",
            "B": "No, this code would not trigger CWE-252.",
            "C": "Cannot tell due to the lack of information."
        },
        "answer": "A"
    },
    {
        "code": "static Sample_Func()\n{\n    {\n        char dataBuffer[100] = \"\";\n        char * data = dataBuffer;\n        if (scanf(\"%99s\\0\", data) == EOF)\n        {\n            printLine(\"scanf failed!\");\n        }\n    }\n}",
        "CWE_ID": "CWE-252",
        "question": "Given the provided code snippet, would this code trigger CWE-252?",
        "case_id": "CWE252_Unchecked_Return_Value__char_scanf_01_bad",
        "choices": {
            "A": "Yes, this code would trigger CWE-252.",
            "B": "No, this code would not trigger CWE-252.",
            "C": "Cannot tell due to the lack of information."
        },
        "answer": "B"
    }
]