[
    {
        "code": "void Sample_Func()\n{\n    {\n        HANDLE hMutex = NULL;\n        hMutex = CreateMutexW(NULL, FALSE, NULL);\n        CloseHandle(hMutex);\n    }\n}",
        "CWE_ID": "CWE-252",
        "question": "Given the provided code snippet, would this code trigger CWE-252?",
        "case_id": "CWE252_Unchecked_Return_Value__wchar_t_w32CreateMutex_01_bad",
        "choices": {
            "A": "Yes, this code would trigger CWE-252.",
            "B": "No, this code would not trigger CWE-252.",
            "C": "Cannot tell due to the lack of information."
        },
        "answer": "A"
    },
    {
        "code": "static Sample_Func()\n{\n    {\n        HANDLE hMutex = NULL;\n        hMutex = CreateMutexW(NULL, FALSE, NULL);\n        if (hMutex == NULL)\n        {\n            exit(1);\n        }\n        CloseHandle(hMutex);\n    }\n}",
        "CWE_ID": "CWE-252",
        "question": "Given the provided code snippet, would this code trigger CWE-252?",
        "case_id": "CWE252_Unchecked_Return_Value__wchar_t_w32CreateMutex_01_bad",
        "choices": {
            "A": "Yes, this code would trigger CWE-252.",
            "B": "No, this code would not trigger CWE-252.",
            "C": "Cannot tell due to the lack of information."
        },
        "answer": "B"
    }
]