[
    {
        "code": "void Sample_Func()\n{\n    int * data;\n    data = NULL;\n    data = (int *)malloc(100*sizeof(int));\n    if (data == NULL) {exit(-1);}\n    {\n        size_t i;\n        for(i = 0; i < 100; i++)\n        {\n            data[i] = 5;\n        }\n    }\n    free(data);\n    printIntLine(data[0]);\n}",
        "CWE_ID": "CWE-416",
        "question": "Given the provided code snippet, would this code trigger CWE-416?",
        "case_id": "CWE416_Use_After_Free__malloc_free_int_01_bad",
        "choices": {
            "A": "Yes, this code would trigger CWE-416.",
            "B": "No, this code would not trigger CWE-416.",
            "C": "Cannot tell due to the lack of information."
        },
        "answer": "A"
    },
    {
        "code": "static Sample_Func_0()\n{\n    int * data;\n    data = NULL;\n    data = (int *)malloc(100*sizeof(int));\n    if (data == NULL) {exit(-1);}\n    {\n        size_t i;\n        for(i = 0; i < 100; i++)\n        {\n            data[i] = 5;\n        }\n    }\n    printIntLine(data[0]);\n}\nstatic Sample_Func_1()\n{\n    int * data;\n    data = NULL;\n    data = (int *)malloc(100*sizeof(int));\n    if (data == NULL) {exit(-1);}\n    {\n        size_t i;\n        for(i = 0; i < 100; i++)\n        {\n            data[i] = 5;\n        }\n    }\n    free(data);\n    ;  \n}",
        "CWE_ID": "CWE-416",
        "question": "Given the provided code snippet, would this code trigger CWE-416?",
        "case_id": "CWE416_Use_After_Free__malloc_free_int_01_bad",
        "choices": {
            "A": "Yes, this code would trigger CWE-416.",
            "B": "No, this code would not trigger CWE-416.",
            "C": "Cannot tell due to the lack of information."
        },
        "answer": "B"
    }
]