[
    {
        "code": "void Sample_Func()\n{\n    int data;\n    data = -1;\n    {\n        char inputBuffer[CHAR_ARRAY_SIZE] = \"\";\n        if (fgets(inputBuffer, CHAR_ARRAY_SIZE, stdin) != NULL)\n        {\n            data = atoi(inputBuffer);\n        }\n        else\n        {\n            printLine(\"fgets() failed.\");\n        }\n    }\n    {\n        size_t i;\n        int *intPointer;\n        intPointer = (int*)malloc(data * sizeof(int));\n        if (intPointer == NULL) {exit(-1);}\n        for (i = 0; i < (size_t)data; i++)\n        {\n            intPointer[i] = 0;  \n        }\n        printIntLine(intPointer[0]);\n        free(intPointer);\n    }\n}",
        "CWE_ID": "CWE-680",
        "question": "Given the provided code snippet, would this code trigger CWE-680?",
        "case_id": "CWE680_Integer_Overflow_to_Buffer_Overflow__malloc_fgets_01_bad",
        "choices": {
            "A": "Yes, this code would trigger CWE-680.",
            "B": "No, this code would not trigger CWE-680.",
            "C": "Cannot tell due to the lack of information."
        },
        "answer": "A"
    },
    {
        "code": "static Sample_Func()\n{\n    int data;\n    data = -1;\n    data = 20;\n    {\n        size_t i;\n        int *intPointer;\n        intPointer = (int*)malloc(data * sizeof(int));\n        if (intPointer == NULL) {exit(-1);}\n        for (i = 0; i < (size_t)data; i++)\n        {\n            intPointer[i] = 0;  \n        }\n        printIntLine(intPointer[0]);\n        free(intPointer);\n    }\n}",
        "CWE_ID": "CWE-680",
        "question": "Given the provided code snippet, would this code trigger CWE-680?",
        "case_id": "CWE680_Integer_Overflow_to_Buffer_Overflow__malloc_fgets_01_bad",
        "choices": {
            "A": "Yes, this code would trigger CWE-680.",
            "B": "No, this code would not trigger CWE-680.",
            "C": "Cannot tell due to the lack of information."
        },
        "answer": "B"
    }
]