[
    {
        "code": "void Sample_Func()\n{\n    char * password;\n    password = \"\";\n    password = (char *)malloc(100*sizeof(char));\n    if (password == NULL)\n    {\n        printLine(\"Memory could not be allocated\");\n        exit(1);\n    }\n    strcpy(password, \"Password1234!\");\n    {\n        HANDLE pHandle;\n        char * username = \"User\";\n        char * domain = \"Domain\";\n        if (LogonUserA(\n                    username,\n                    domain,\n                    password,\n                    LOGON32_LOGON_NETWORK,\n                    LOGON32_PROVIDER_DEFAULT,\n                    &pHandle) != 0)\n        {\n            printLine(\"User logged in successfully.\");\n            CloseHandle(pHandle);\n        }\n        else\n        {\n            printLine(\"Unable to login.\");\n        }\n        free(password);\n    }\n}",
        "CWE_ID": "CWE-591",
        "question": "Given the provided code snippet, would this code trigger CWE-591?",
        "case_id": "CWE591_Sensitive_Data_Storage_in_Improperly_Locked_Memory__w32_char_01_bad",
        "choices": {
            "A": "Yes, this code would trigger CWE-591.",
            "B": "No, this code would not trigger CWE-591.",
            "C": "Cannot tell due to the lack of information."
        },
        "answer": "A"
    },
    {
        "code": "static Sample_Func()\n{\n    char * password;\n    password = \"\";\n    password = (char *)malloc(100*sizeof(char));\n    if (password == NULL)\n    {\n        printLine(\"Memory could not be allocated\");\n        exit(1);\n    }\n    if(!VirtualLock(password, 100*sizeof(char)))\n    {\n        printLine(\"Memory could not be locked\");\n        exit(1);\n    }\n    strcpy(password, \"Password1234!\");\n    {\n        HANDLE pHandle;\n        char * username = \"User\";\n        char * domain = \"Domain\";\n        if (LogonUserA(\n                    username,\n                    domain,\n                    password,\n                    LOGON32_LOGON_NETWORK,\n                    LOGON32_PROVIDER_DEFAULT,\n                    &pHandle) != 0)\n        {\n            printLine(\"User logged in successfully.\");\n            CloseHandle(pHandle);\n        }\n        else\n        {\n            printLine(\"Unable to login.\");\n        }\n        free(password);\n    }\n}",
        "CWE_ID": "CWE-591",
        "question": "Given the provided code snippet, would this code trigger CWE-591?",
        "case_id": "CWE591_Sensitive_Data_Storage_in_Improperly_Locked_Memory__w32_char_01_bad",
        "choices": {
            "A": "Yes, this code would trigger CWE-591.",
            "B": "No, this code would not trigger CWE-591.",
            "C": "Cannot tell due to the lack of information."
        },
        "answer": "B"
    }
]