[
    {
        "code": "void Sample_Func()\n{\n    {\n        char * DogChar = NULL;\n        DogChar = (char *)malloc(sizeof(DogChar));\n        if (DogChar == NULL) {exit(-1);}\n        *DogChar = 'B';\n        printHexCharLine(*DogChar);\n        free(DogChar);\n    }\n}",
        "CWE_ID": "CWE-467",
        "question": "Given the provided code snippet, would this code trigger CWE-467?",
        "case_id": "CWE467_Use_of_sizeof_on_Pointer_Type__char_01_bad",
        "choices": {
            "A": "Yes, this code would trigger CWE-467.",
            "B": "No, this code would not trigger CWE-467.",
            "C": "Cannot tell due to the lack of information."
        },
        "answer": "A"
    },
    {
        "code": "static Sample_Func()\n{\n    {\n        char * CatChar = NULL;\n        CatChar = (char *)malloc(sizeof(*CatChar));\n        if (CatChar == NULL) {exit(-1);}\n        *CatChar = 'G';\n        printHexCharLine(*CatChar);\n        free(CatChar);\n    }\n}",
        "CWE_ID": "CWE-467",
        "question": "Given the provided code snippet, would this code trigger CWE-467?",
        "case_id": "CWE467_Use_of_sizeof_on_Pointer_Type__char_01_bad",
        "choices": {
            "A": "Yes, this code would trigger CWE-467.",
            "B": "No, this code would not trigger CWE-467.",
            "C": "Cannot tell due to the lack of information."
        },
        "answer": "B"
    }
]