[
    {
        "code": "void Sample_Func()\n{\n    {\n        wchar_t password[100] = L\"\";\n        size_t passwordLen = 0;\n        HANDLE hUser;\n        wchar_t * username = L\"User\";\n        wchar_t * domain = L\"Domain\";\n        if (fgetws(password, 100, stdin) == NULL)\n        {\n            printLine(\"fgetws() failed\");\n            password[0] = L'\\0';\n        }\n        passwordLen = wcslen(password);\n        if (passwordLen > 0)\n        {\n            password[passwordLen-1] = L'\\0';\n        }\n        if (LogonUserW(\n                    username,\n                    domain,\n                    password,\n                    LOGON32_LOGON_NETWORK,\n                    LOGON32_PROVIDER_DEFAULT,\n                    &hUser) != 0)\n        {\n            printLine(\"User logged in successfully.\");\n            CloseHandle(hUser);\n        }\n        else\n        {\n            printLine(\"Unable to login.\");\n        }\n    }\n}",
        "CWE_ID": "CWE-226",
        "question": "Given the provided code snippet, would this code trigger CWE-226?",
        "case_id": "CWE226_Sensitive_Information_Uncleared_Before_Release__w32_wchar_t_declare_01_bad",
        "choices": {
            "A": "Yes, this code would trigger CWE-226.",
            "B": "No, this code would not trigger CWE-226.",
            "C": "Cannot tell due to the lack of information."
        },
        "answer": "A"
    },
    {
        "code": "static Sample_Func()\n{\n    {\n        wchar_t password[100] = L\"\";\n        size_t passwordLen = 0;\n        HANDLE hUser;\n        wchar_t * username = L\"User\";\n        wchar_t * domain = L\"Domain\";\n        if (fgetws(password, 100, stdin) == NULL)\n        {\n            printLine(\"fgetws() failed\");\n            password[0] = L'\\0';\n        }\n        passwordLen = wcslen(password);\n        if (passwordLen > 0)\n        {\n            password[passwordLen-1] = L'\\0';\n        }\n        if (LogonUserW(\n                    username,\n                    domain,\n                    password,\n                    LOGON32_LOGON_NETWORK,\n                    LOGON32_PROVIDER_DEFAULT,\n                    &hUser) != 0)\n        {\n            printLine(\"User logged in successfully.\");\n            CloseHandle(hUser);\n        }\n        else\n        {\n            printLine(\"Unable to login.\");\n        }\n        passwordLen = wcslen(password);\n        SecureZeroMemory(password, passwordLen * sizeof(wchar_t));\n    }\n}",
        "CWE_ID": "CWE-226",
        "question": "Given the provided code snippet, would this code trigger CWE-226?",
        "case_id": "CWE226_Sensitive_Information_Uncleared_Before_Release__w32_wchar_t_declare_01_bad",
        "choices": {
            "A": "Yes, this code would trigger CWE-226.",
            "B": "No, this code would not trigger CWE-226.",
            "C": "Cannot tell due to the lack of information."
        },
        "answer": "B"
    }
]