[
    {
        "code": "void Sample_Func()\n{\n    {\n        char dest[DEST_SIZE];\n        sprintf(dest, \"%s %s\", SOURCE_STRING);\n        printLine(dest);\n    }\n}",
        "CWE_ID": "CWE-685",
        "question": "Given the provided code snippet, would this code trigger CWE-685?",
        "case_id": "CWE685_Function_Call_With_Incorrect_Number_of_Arguments__basic_01_bad",
        "choices": {
            "A": "Yes, this code would trigger CWE-685.",
            "B": "No, this code would not trigger CWE-685.",
            "C": "Cannot tell due to the lack of information."
        },
        "answer": "A"
    },
    {
        "code": "static Sample_Func()\n{\n    {\n        char dest[DEST_SIZE];\n        sprintf(dest, \"%s %s\", SOURCE_STRING, SOURCE_STRING);\n        printLine(dest);\n    }\n}",
        "CWE_ID": "CWE-685",
        "question": "Given the provided code snippet, would this code trigger CWE-685?",
        "case_id": "CWE685_Function_Call_With_Incorrect_Number_of_Arguments__basic_01_bad",
        "choices": {
            "A": "Yes, this code would trigger CWE-685.",
            "B": "No, this code would not trigger CWE-685.",
            "C": "Cannot tell due to the lack of information."
        },
        "answer": "B"
    }
]