[
    {
        "code": "void Sample_Func()\n{\n    wchar_t * data;\n    wchar_t dataBuffer[100];\n    data = dataBuffer;\n    wcscpy(data, L\"\\\\u9580\\\\u961c\\\\u9640\\\\u963f\\\\u963b\\\\u9644\\\\u9580\\\\u961c\\\\u9640\\\\u963f\\\\u963b\\\\u9644\");\n    {\n        char convertedText[10] = \"\";\n        int requiredSize;\n        requiredSize = WideCharToMultiByte(CP_ACP, WC_COMPOSITECHECK, data, -1, convertedText, 0, 0, 0);\n        WideCharToMultiByte(CP_ACP, WC_COMPOSITECHECK, data, -1, convertedText, requiredSize , 0, 0);\n    }\n}",
        "CWE_ID": "CWE-176",
        "question": "Given the provided code snippet, would this code trigger CWE-176?",
        "case_id": "CWE176_Improper_Handling_of_Unicode_Encoding__w32_01_bad",
        "choices": {
            "A": "Yes, this code would trigger CWE-176.",
            "B": "No, this code would not trigger CWE-176.",
            "C": "Cannot tell due to the lack of information."
        },
        "answer": "A"
    },
    {
        "code": "static Sample_Func_0()\n{\n    wchar_t * data;\n    wchar_t dataBuffer[100];\n    data = dataBuffer;\n    wcscpy(data, L\"\\\\u9580\");\n    {\n        char convertedText[10] = \"\";\n        int requiredSize;\n        requiredSize = WideCharToMultiByte(CP_ACP, WC_COMPOSITECHECK, data, -1, convertedText, 0, 0, 0);\n        WideCharToMultiByte(CP_ACP, WC_COMPOSITECHECK, data, -1, convertedText, requiredSize , 0, 0);\n    }\n}\nstatic Sample_Func_1()\n{\n    wchar_t * data;\n    wchar_t dataBuffer[100];\n    data = dataBuffer;\n    wcscpy(data, L\"\\\\u9580\\\\u961c\\\\u9640\\\\u963f\\\\u963b\\\\u9644\\\\u9580\\\\u961c\\\\u9640\\\\u963f\\\\u963b\\\\u9644\");\n    {\n        char convertedText[10] = \"\";\n        int requiredSize;\n        requiredSize = WideCharToMultiByte(CP_ACP, WC_COMPOSITECHECK, data, -1, convertedText, 0, 0, 0);\n        if (requiredSize < 10)\n        {\n            WideCharToMultiByte(CP_ACP, WC_COMPOSITECHECK, data, -1, convertedText, requiredSize , 0, 0);\n        }\n        else\n        {\n            printLine(\"Destination buffer not large enough to perform conversion.\");\n        }\n    }\n}",
        "CWE_ID": "CWE-176",
        "question": "Given the provided code snippet, would this code trigger CWE-176?",
        "case_id": "CWE176_Improper_Handling_of_Unicode_Encoding__w32_01_bad",
        "choices": {
            "A": "Yes, this code would trigger CWE-176.",
            "B": "No, this code would not trigger CWE-176.",
            "C": "Cannot tell due to the lack of information."
        },
        "answer": "B"
    }
]