[
    {
        "code": "void Sample_Func()\n{\n    {\n        double * * pointer = (double * *)ALLOCA(sizeof(double *));\n        double * data = *pointer;  \n        printDoubleLine(*data);\n    }\n}",
        "CWE_ID": "CWE-758",
        "question": "Given the provided code snippet, would this code trigger CWE-758?",
        "case_id": "CWE758_Undefined_Behavior__double_pointer_alloca_use_01_bad",
        "choices": {
            "A": "Yes, this code would trigger CWE-758.",
            "B": "No, this code would not trigger CWE-758.",
            "C": "Cannot tell due to the lack of information."
        },
        "answer": "A"
    },
    {
        "code": "static Sample_Func()\n{\n    {\n        double * data;\n        double * * pointer = (double * *)ALLOCA(sizeof(double *));\n        data = (double *)malloc(sizeof(double));\n        if (data == NULL) {exit(-1);}\n        *data = 5.0;\n        *pointer = data;  \n        {\n            double * data = *pointer;\n            printDoubleLine(*data);\n        }\n    }\n}",
        "CWE_ID": "CWE-758",
        "question": "Given the provided code snippet, would this code trigger CWE-758?",
        "case_id": "CWE758_Undefined_Behavior__double_pointer_alloca_use_01_bad",
        "choices": {
            "A": "Yes, this code would trigger CWE-758.",
            "B": "No, this code would not trigger CWE-758.",
            "C": "Cannot tell due to the lack of information."
        },
        "answer": "B"
    }
]