[
    {
        "code": "void Sample_Func()\n{\n    {\n        int * DogInt = NULL;\n        DogInt = (int *)malloc(sizeof(DogInt));\n        if (DogInt == NULL) {exit(-1);}\n        *DogInt = 5;\n        printIntLine(*DogInt);\n        free(DogInt);\n    }\n}",
        "CWE_ID": "CWE-467",
        "question": "Given the provided code snippet, would this code trigger CWE-467?",
        "case_id": "CWE467_Use_of_sizeof_on_Pointer_Type__int_01_bad",
        "choices": {
            "A": "Yes, this code would trigger CWE-467.",
            "B": "No, this code would not trigger CWE-467.",
            "C": "Cannot tell due to the lack of information."
        },
        "answer": "A"
    },
    {
        "code": "static Sample_Func()\n{\n    {\n        int * CatInt = NULL;\n        CatInt = (int *)malloc(sizeof(*CatInt));\n        if (CatInt == NULL) {exit(-1);}\n        *CatInt = 6;\n        printIntLine(*CatInt);\n        free(CatInt);\n    }\n}",
        "CWE_ID": "CWE-467",
        "question": "Given the provided code snippet, would this code trigger CWE-467?",
        "case_id": "CWE467_Use_of_sizeof_on_Pointer_Type__int_01_bad",
        "choices": {
            "A": "Yes, this code would trigger CWE-467.",
            "B": "No, this code would not trigger CWE-467.",
            "C": "Cannot tell due to the lack of information."
        },
        "answer": "B"
    }
]