[
    {
        "code": "void Sample_Func()\n{\n    {\n        int x;\n        x = (rand() % 3);\n        if (x == 0)\n        {\n        }\n        else\n        {\n            printLine(\"Inside the else statement\");\n        }\n    }\n    printLine(\"Hello from Dog()\");\n}",
        "CWE_ID": "CWE-398",
        "question": "Given the provided code snippet, would this code trigger CWE-398?",
        "case_id": "CWE398_Poor_Code_Quality__empty_if_01_bad",
        "choices": {
            "A": "Yes, this code would trigger CWE-398.",
            "B": "No, this code would not trigger CWE-398.",
            "C": "Cannot tell due to the lack of information."
        },
        "answer": "A"
    },
    {
        "code": "static Sample_Func()\n{\n    {\n        int x;\n        x = (rand() % 3);\n        if (x == 0)\n        {\n            printLine(\"Inside the if statement\");\n        }\n        else\n        {\n            printLine(\"Inside the else statement\");\n        }\n    }\n    printLine(\"Hello from Cat()\");\n}",
        "CWE_ID": "CWE-398",
        "question": "Given the provided code snippet, would this code trigger CWE-398?",
        "case_id": "CWE398_Poor_Code_Quality__empty_if_01_bad",
        "choices": {
            "A": "Yes, this code would trigger CWE-398.",
            "B": "No, this code would not trigger CWE-398.",
            "C": "Cannot tell due to the lack of information."
        },
        "answer": "B"
    }
]