[
    {
        "code": "void Sample_Func()\n{\n    {\n        HANDLE hPipe = INVALID_HANDLE_VALUE;\n        hPipe = CreateNamedPipeA(\n                    \"\\\\\\\\.\\\\pipe\\\\test_pipe\",\n                    PIPE_ACCESS_DUPLEX | FILE_FLAG_FIRST_PIPE_INSTANCE,\n                    PIPE_TYPE_MESSAGE | PIPE_READMODE_MESSAGE | PIPE_WAIT,\n                    PIPE_UNLIMITED_INSTANCES,\n                    BUFSIZE,\n                    BUFSIZE,\n                    NMPWAIT_USE_DEFAULT_WAIT,\n                    NULL);\n        if (hPipe == INVALID_HANDLE_VALUE)\n        {\n            exit(1);\n        }\n        if (!ConnectNamedPipe(hPipe, NULL) && GetLastError() != ERROR_PIPE_CONNECTED)\n        {\n            CloseHandle(hPipe);\n            exit(1);\n        }\n        ImpersonateNamedPipeClient(hPipe);\n        printLine(\"Impersonated\");\n        if (!RevertToSelf())\n        {\n            exit(1);\n        }\n        CloseHandle(hPipe);\n    }\n}",
        "CWE_ID": "CWE-273",
        "question": "Given the provided code snippet, would this code trigger CWE-273?",
        "case_id": "CWE273_Improper_Check_for_Dropped_Privileges__w32_ImpersonateNamedPipeClient_01_bad",
        "choices": {
            "A": "Yes, this code would trigger CWE-273.",
            "B": "No, this code would not trigger CWE-273.",
            "C": "Cannot tell due to the lack of information."
        },
        "answer": "A"
    },
    {
        "code": "static Sample_Func()\n{\n    {\n        HANDLE hPipe = INVALID_HANDLE_VALUE;\n        hPipe = CreateNamedPipeA(\n                    \"\\\\\\\\.\\\\pipe\\\\test_pipe\",\n                    PIPE_ACCESS_DUPLEX | FILE_FLAG_FIRST_PIPE_INSTANCE,\n                    PIPE_TYPE_MESSAGE | PIPE_READMODE_MESSAGE | PIPE_WAIT,\n                    PIPE_UNLIMITED_INSTANCES,\n                    BUFSIZE,\n                    BUFSIZE,\n                    NMPWAIT_USE_DEFAULT_WAIT,\n                    NULL);\n        if (hPipe == INVALID_HANDLE_VALUE)\n        {\n            exit(1);\n        }\n        if (!ConnectNamedPipe(hPipe, NULL) && GetLastError() != ERROR_PIPE_CONNECTED)\n        {\n            CloseHandle(hPipe);\n            exit(1);\n        }\n        if (!ImpersonateNamedPipeClient(hPipe))\n        {\n            printLine(\"Failed to impersonate\");\n        }\n        else\n        {\n            printLine(\"Impersonated\");\n            if (!RevertToSelf())\n            {\n                exit(1);\n            }\n        }\n        CloseHandle(hPipe);\n    }\n}",
        "CWE_ID": "CWE-273",
        "question": "Given the provided code snippet, would this code trigger CWE-273?",
        "case_id": "CWE273_Improper_Check_for_Dropped_Privileges__w32_ImpersonateNamedPipeClient_01_bad",
        "choices": {
            "A": "Yes, this code would trigger CWE-273.",
            "B": "No, this code would not trigger CWE-273.",
            "C": "Cannot tell due to the lack of information."
        },
        "answer": "B"
    }
]