[
    {
        "code": "void Sample_Func()\n{\n    wchar_t * data;\n    wchar_t dataBuffer[100] = L\"\";\n    data = dataBuffer;\n    wcscpy(data, Dog_OS_COMMAND);\n    {\n        FILE *pipe;\n        pipe = POPEN(data, L\"wb\");\n        if (pipe != NULL)\n        {\n            PCLOSE(pipe);\n        }\n    }\n}",
        "CWE_ID": "CWE-426",
        "question": "Given the provided code snippet, would this code trigger CWE-426?",
        "case_id": "CWE426_Untrusted_Search_Path__wchar_t_popen_01_bad",
        "choices": {
            "A": "Yes, this code would trigger CWE-426.",
            "B": "No, this code would not trigger CWE-426.",
            "C": "Cannot tell due to the lack of information."
        },
        "answer": "A"
    },
    {
        "code": "static Sample_Func()\n{\n    wchar_t * data;\n    wchar_t dataBuffer[100] = L\"\";\n    data = dataBuffer;\n    wcscpy(data, Cat_OS_COMMAND);\n    {\n        FILE *pipe;\n        pipe = POPEN(data, L\"wb\");\n        if (pipe != NULL)\n        {\n            PCLOSE(pipe);\n        }\n    }\n}",
        "CWE_ID": "CWE-426",
        "question": "Given the provided code snippet, would this code trigger CWE-426?",
        "case_id": "CWE426_Untrusted_Search_Path__wchar_t_popen_01_bad",
        "choices": {
            "A": "Yes, this code would trigger CWE-426.",
            "B": "No, this code would not trigger CWE-426.",
            "C": "Cannot tell due to the lack of information."
        },
        "answer": "B"
    }
]