[
    {
        "code": "void Sample_Func()\n{\n    {\n        int intArray[5] = { 1, 2, 3, 4, 5 };\n        char *charPointer = (char *)intArray;  \n        int toPrint = (int) (*(charPointer+2));\n        printIntLine(toPrint);\n    }\n}",
        "CWE_ID": "CWE-468",
        "question": "Given the provided code snippet, would this code trigger CWE-468?",
        "case_id": "CWE468_Incorrect_Pointer_Scaling__char_ptr_to_int_01_bad",
        "choices": {
            "A": "Yes, this code would trigger CWE-468.",
            "B": "No, this code would not trigger CWE-468.",
            "C": "Cannot tell due to the lack of information."
        },
        "answer": "A"
    },
    {
        "code": "static Sample_Func()\n{\n    {\n        int intArray[5] = { 1, 2, 3, 4, 5 };\n        char *charPointer = (char *)intArray;  \n        int toPrint = (int) (*(charPointer+(2*sizeof(int))));\n        printIntLine(toPrint);\n    }\n}",
        "CWE_ID": "CWE-468",
        "question": "Given the provided code snippet, would this code trigger CWE-468?",
        "case_id": "CWE468_Incorrect_Pointer_Scaling__char_ptr_to_int_01_bad",
        "choices": {
            "A": "Yes, this code would trigger CWE-468.",
            "B": "No, this code would not trigger CWE-468.",
            "C": "Cannot tell due to the lack of information."
        },
        "answer": "B"
    }
]