[
    {
        "code": "void Sample_Func()\n{\n    RENAME(OLD_Dog_FILE_NAME, \"newDogfilename.txt\");\n}",
        "CWE_ID": "CWE-252",
        "question": "Given the provided code snippet, would this code trigger CWE-252?",
        "case_id": "CWE252_Unchecked_Return_Value__char_rename_01_bad",
        "choices": {
            "A": "Yes, this code would trigger CWE-252.",
            "B": "No, this code would not trigger CWE-252.",
            "C": "Cannot tell due to the lack of information."
        },
        "answer": "A"
    },
    {
        "code": "static Sample_Func()\n{\n    if (RENAME(OLD_Cat_FILE_NAME, \"newCatfilename.txt\") != 0)\n    {\n        printLine(\"rename failed!\");\n    }\n}",
        "CWE_ID": "CWE-252",
        "question": "Given the provided code snippet, would this code trigger CWE-252?",
        "case_id": "CWE252_Unchecked_Return_Value__char_rename_01_bad",
        "choices": {
            "A": "Yes, this code would trigger CWE-252.",
            "B": "No, this code would not trigger CWE-252.",
            "C": "Cannot tell due to the lack of information."
        },
        "answer": "B"
    }
]