[
    {
        "code": "void Sample_Func()\n{\n    {\n        STARTUPINFOW si;\n        PROCESS_INFORMATION pi;\n        HANDLE pHandle = NULL;\n        if(!CreateProcessAsUserW(pHandle,\n                                 NULL,\n                                 L\"C:\\\\Program Files\\\\CatApp arg1 arg2\",\n                                 NULL,\n                                 NULL,\n                                 FALSE,\n                                 DETACHED_PROCESS,\n                                 NULL,\n                                 NULL,\n                                 &si,\n                                 &pi))\n        {\n            printLine(\"CreateProcessAsUser failed\");\n            RevertToSelf();\n            CloseHandle(pHandle);\n            return;\n        }\n        else\n        {\n            printLine(\"CreateProcessAUser successful\");\n        }\n        WaitForSingleObject(pi.hProcess, INFINITE);\n        CloseHandle(pi.hProcess);\n        CloseHandle(pi.hThread);\n        CloseHandle(pHandle);\n    }\n}",
        "CWE_ID": "CWE-272",
        "question": "Given the provided code snippet, would this code trigger CWE-272?",
        "case_id": "CWE272_Least_Privilege_Violation__w32_wchar_t_CreateProcessAsUser_01_bad",
        "choices": {
            "A": "Yes, this code would trigger CWE-272.",
            "B": "No, this code would not trigger CWE-272.",
            "C": "Cannot tell due to the lack of information."
        },
        "answer": "A"
    },
    {
        "code": "static Sample_Func()\n{\n    {\n        STARTUPINFOW si;\n        PROCESS_INFORMATION pi;\n        HANDLE pHandle = NULL;\n        if(!CreateProcessAsUserW(pHandle,\n                                 NULL,\n                                 L\"\\\"C:\\\\Program Files\\\\CatApp\\\" arg1 arg2\",\n                                 NULL,\n                                 NULL,\n                                 FALSE,\n                                 DETACHED_PROCESS,\n                                 NULL,\n                                 NULL,\n                                 &si,\n                                 &pi))\n        {\n            printLine(\"CreateProcessAsUser failed\");\n            RevertToSelf();\n            CloseHandle(pHandle);\n            return;\n        }\n        else\n        {\n            printLine(\"CreateProcessAUser successful\");\n        }\n        WaitForSingleObject(pi.hProcess, INFINITE);\n        CloseHandle(pi.hProcess);\n        CloseHandle(pi.hThread);\n        CloseHandle(pHandle);\n    }\n}",
        "CWE_ID": "CWE-272",
        "question": "Given the provided code snippet, would this code trigger CWE-272?",
        "case_id": "CWE272_Least_Privilege_Violation__w32_wchar_t_CreateProcessAsUser_01_bad",
        "choices": {
            "A": "Yes, this code would trigger CWE-272.",
            "B": "No, this code would not trigger CWE-272.",
            "C": "Cannot tell due to the lack of information."
        },
        "answer": "B"
    }
]