[
    {
        "code": "void Sample_Func()\n{\n    {\n        char dataBuffer[100] = \"\";\n        char * data = dataBuffer;\n        printLine(\"Please enter a string: \");\n        if (fgets(data, 100, stdin) == NULL)\n        {\n        }\n        printLine(data);\n    }\n}",
        "CWE_ID": "CWE-390",
        "question": "Given the provided code snippet, would this code trigger CWE-390?",
        "case_id": "CWE390_Error_Without_Action__fgets_char_01_bad",
        "choices": {
            "A": "Yes, this code would trigger CWE-390.",
            "B": "No, this code would not trigger CWE-390.",
            "C": "Cannot tell due to the lack of information."
        },
        "answer": "A"
    },
    {
        "code": "static Sample_Func()\n{\n    {\n        char dataBuffer[100] = \"\";\n        char * data = dataBuffer;\n        printLine(\"Please enter a string: \");\n        if (fgets(data, 100, stdin) == NULL)\n        {\n            printLine(\"fgets failed!\");\n            exit(1);\n        }\n        printLine(data);\n    }\n}",
        "CWE_ID": "CWE-390",
        "question": "Given the provided code snippet, would this code trigger CWE-390?",
        "case_id": "CWE390_Error_Without_Action__fgets_char_01_bad",
        "choices": {
            "A": "Yes, this code would trigger CWE-390.",
            "B": "No, this code would not trigger CWE-390.",
            "C": "Cannot tell due to the lack of information."
        },
        "answer": "B"
    }
]