[
    {
        "code": "void Sample_Func()\n{\n    int data;\n    data = -1;  \n    data = OPEN(\"DogSource_open.txt\", O_RDWR|O_CREAT, S_IREAD|S_IWRITE);\n    CLOSE(data);\n    CLOSE(data);\n}",
        "CWE_ID": "CWE-675",
        "question": "Given the provided code snippet, would this code trigger CWE-675?",
        "case_id": "CWE675_Duplicate_Operations_on_Resource__open_01_bad",
        "choices": {
            "A": "Yes, this code would trigger CWE-675.",
            "B": "No, this code would not trigger CWE-675.",
            "C": "Cannot tell due to the lack of information."
        },
        "answer": "A"
    },
    {
        "code": "static Sample_Func_0()\n{\n    int data;\n    data = -1;  \n    data = OPEN(\"CatSource_open.txt\", O_RDWR|O_CREAT, S_IREAD|S_IWRITE);\n    CLOSE(data);\n}\nstatic Sample_Func_1()\n{\n    int data;\n    data = -1;  \n    data = OPEN(\"DogSource_open.txt\", O_RDWR|O_CREAT, S_IREAD|S_IWRITE);\n    CLOSE(data);\n    ;  \n}",
        "CWE_ID": "CWE-675",
        "question": "Given the provided code snippet, would this code trigger CWE-675?",
        "case_id": "CWE675_Duplicate_Operations_on_Resource__open_01_bad",
        "choices": {
            "A": "Yes, this code would trigger CWE-675.",
            "B": "No, this code would not trigger CWE-675.",
            "C": "Cannot tell due to the lack of information."
        },
        "answer": "B"
    }
]