[
    {
        "code": "void Sample_Func()\n{\n    {\n        double doubleNumber;\n        errno = 0;  \n        doubleNumber = (double)sqrt((double)-1);\n        if (errno == EDOM)\n        {\n        }\n        printDoubleLine(doubleNumber);\n    }\n}",
        "CWE_ID": "CWE-390",
        "question": "Given the provided code snippet, would this code trigger CWE-390?",
        "case_id": "CWE390_Error_Without_Action__sqrt_01_bad",
        "choices": {
            "A": "Yes, this code would trigger CWE-390.",
            "B": "No, this code would not trigger CWE-390.",
            "C": "Cannot tell due to the lack of information."
        },
        "answer": "A"
    },
    {
        "code": "static Sample_Func()\n{\n    {\n        double doubleNumber;\n        errno = 0;  \n        doubleNumber = (double)sqrt((double)-1);\n        if (errno == EDOM)\n        {\n            printLine(\"sqrt() failed\");\n            exit(1);\n        }\n        printDoubleLine(doubleNumber);\n    }\n}",
        "CWE_ID": "CWE-390",
        "question": "Given the provided code snippet, would this code trigger CWE-390?",
        "case_id": "CWE390_Error_Without_Action__sqrt_01_bad",
        "choices": {
            "A": "Yes, this code would trigger CWE-390.",
            "B": "No, this code would not trigger CWE-390.",
            "C": "Cannot tell due to the lack of information."
        },
        "answer": "B"
    }
]