[
    {
        "code": "void Sample_Func()\n{\n    wchar_t * data;\n    data = (wchar_t *)malloc(100*sizeof(wchar_t));\n    if (data == NULL) {exit(-1);}\n    data[0] = L'\\0';\n    {\n#ifdef _WIN32\n        WSADATA wsaData;\n        int wsaDataInit = 0;\n#endif\n        int recvResult;\n        struct sockaddr_in service;\n        wchar_t *replace;\n        SOCKET connectSocket = INVALID_SOCKET;\n        size_t dataLen = wcslen(data);\n        do\n        {\n#ifdef _WIN32\n            if (WSAStartup(MAKEWORD(2,2), &wsaData) != NO_ERROR)\n            {\n                break;\n            }\n            wsaDataInit = 1;\n#endif\n            connectSocket = socket(AF_INET, SOCK_STREAM, IPPROTO_TCP);\n            if (connectSocket == INVALID_SOCKET)\n            {\n                break;\n            }\n            memset(&service, 0, sizeof(service));\n            service.sin_family = AF_INET;\n            service.sin_addr.s_addr = inet_addr(IP_ADDRESS);\n            service.sin_port = htons(TCP_PORT);\n            if (connect(connectSocket, (struct sockaddr*)&service, sizeof(service)) == SOCKET_ERROR)\n            {\n                break;\n            }\n            recvResult = recv(connectSocket, (char *)(data + dataLen), sizeof(wchar_t) * (100 - dataLen - 1), 0);\n            if (recvResult == SOCKET_ERROR || recvResult == 0)\n            {\n                break;\n            }\n            data[dataLen + recvResult / sizeof(wchar_t)] = L'\\0';\n            replace = wcschr(data, L'\\r');\n            if (replace)\n            {\n                *replace = L'\\0';\n            }\n            replace = wcschr(data, L'\\n');\n            if (replace)\n            {\n                *replace = L'\\0';\n            }\n        }\n        while (0);\n        if (connectSocket != INVALID_SOCKET)\n        {\n            CLOSE_SOCKET(connectSocket);\n        }\n#ifdef _WIN32\n        if (wsaDataInit)\n        {\n            WSACleanup();\n        }\n#endif\n    }\n    for (; *data != L'\\0'; data++)\n    {\n        if (*data == SEARCH_CHAR)\n        {\n            printLine(\"We have a match!\");\n            break;\n        }\n    }\n    free(data);\n}",
        "CWE_ID": "CWE-761",
        "question": "Given the provided code snippet, would this code trigger CWE-761?",
        "case_id": "CWE761_Free_Pointer_Not_at_Start_of_Buffer__wchar_t_connect_socket_01_bad",
        "choices": {
            "A": "Yes, this code would trigger CWE-761.",
            "B": "No, this code would not trigger CWE-761.",
            "C": "Cannot tell due to the lack of information."
        },
        "answer": "A"
    },
    {
        "code": "static Sample_Func()\n{\n    wchar_t * data;\n    data = (wchar_t *)malloc(100*sizeof(wchar_t));\n    if (data == NULL) {exit(-1);}\n    data[0] = L'\\0';\n    {\n#ifdef _WIN32\n        WSADATA wsaData;\n        int wsaDataInit = 0;\n#endif\n        int recvResult;\n        struct sockaddr_in service;\n        wchar_t *replace;\n        SOCKET connectSocket = INVALID_SOCKET;\n        size_t dataLen = wcslen(data);\n        do\n        {\n#ifdef _WIN32\n            if (WSAStartup(MAKEWORD(2,2), &wsaData) != NO_ERROR)\n            {\n                break;\n            }\n            wsaDataInit = 1;\n#endif\n            connectSocket = socket(AF_INET, SOCK_STREAM, IPPROTO_TCP);\n            if (connectSocket == INVALID_SOCKET)\n            {\n                break;\n            }\n            memset(&service, 0, sizeof(service));\n            service.sin_family = AF_INET;\n            service.sin_addr.s_addr = inet_addr(IP_ADDRESS);\n            service.sin_port = htons(TCP_PORT);\n            if (connect(connectSocket, (struct sockaddr*)&service, sizeof(service)) == SOCKET_ERROR)\n            {\n                break;\n            }\n            recvResult = recv(connectSocket, (char *)(data + dataLen), sizeof(wchar_t) * (100 - dataLen - 1), 0);\n            if (recvResult == SOCKET_ERROR || recvResult == 0)\n            {\n                break;\n            }\n            data[dataLen + recvResult / sizeof(wchar_t)] = L'\\0';\n            replace = wcschr(data, L'\\r');\n            if (replace)\n            {\n                *replace = L'\\0';\n            }\n            replace = wcschr(data, L'\\n');\n            if (replace)\n            {\n                *replace = L'\\0';\n            }\n        }\n        while (0);\n        if (connectSocket != INVALID_SOCKET)\n        {\n            CLOSE_SOCKET(connectSocket);\n        }\n#ifdef _WIN32\n        if (wsaDataInit)\n        {\n            WSACleanup();\n        }\n#endif\n    }\n    {\n        size_t i;\n        for (i=0; i < wcslen(data); i++)\n        {\n            if (data[i] == SEARCH_CHAR)\n            {\n                printLine(\"We have a match!\");\n                break;\n            }\n        }\n        free(data);\n    }\n}",
        "CWE_ID": "CWE-761",
        "question": "Given the provided code snippet, would this code trigger CWE-761?",
        "case_id": "CWE761_Free_Pointer_Not_at_Start_of_Buffer__wchar_t_connect_socket_01_bad",
        "choices": {
            "A": "Yes, this code would trigger CWE-761.",
            "B": "No, this code would not trigger CWE-761.",
            "C": "Cannot tell due to the lack of information."
        },
        "answer": "B"
    }
]