[
    {
        "code": "void Sample_Func()\n{\n    {\n        char dataBuffer[100] = \"\";\n        char * data = dataBuffer;\n        strcpy(data, \"abcdefghijklmnopqrstuvwxyz\");\n        memcpy(data + 6, data + 4, 10*sizeof(char));\n        printLine(data);\n    }\n}",
        "CWE_ID": "CWE-475",
        "question": "Given the provided code snippet, would this code trigger CWE-475?",
        "case_id": "CWE475_Undefined_Behavior_for_Input_to_API__char_01_bad",
        "choices": {
            "A": "Yes, this code would trigger CWE-475.",
            "B": "No, this code would not trigger CWE-475.",
            "C": "Cannot tell due to the lack of information."
        },
        "answer": "A"
    },
    {
        "code": "static Sample_Func()\n{\n    {\n        char dataBuffer[100] = \"\";\n        char * data = dataBuffer;\n        strcpy(data, \"abcdefghijklmnopqrstuvwxyz\");\n        memmove(data + 6, data + 4, 10*sizeof(char));\n        printLine(data);\n    }\n}",
        "CWE_ID": "CWE-475",
        "question": "Given the provided code snippet, would this code trigger CWE-475?",
        "case_id": "CWE475_Undefined_Behavior_for_Input_to_API__char_01_bad",
        "choices": {
            "A": "Yes, this code would trigger CWE-475.",
            "B": "No, this code would not trigger CWE-475.",
            "C": "Cannot tell due to the lack of information."
        },
        "answer": "B"
    }
]