[
    {
        "code": "void Sample_Func()\n{\n    {\n        int64_t * pointer = (int64_t *)malloc(sizeof(int64_t));\n        if (pointer == NULL) {exit(-1);}\n        int64_t data = *pointer;  \n        free(pointer);\n        printLongLongLine(data);\n    }\n}",
        "CWE_ID": "CWE-758",
        "question": "Given the provided code snippet, would this code trigger CWE-758?",
        "case_id": "CWE758_Undefined_Behavior__int64_t_malloc_use_01_bad",
        "choices": {
            "A": "Yes, this code would trigger CWE-758.",
            "B": "No, this code would not trigger CWE-758.",
            "C": "Cannot tell due to the lack of information."
        },
        "answer": "A"
    },
    {
        "code": "static Sample_Func()\n{\n    {\n        int64_t data;\n        int64_t * pointer = (int64_t *)malloc(sizeof(int64_t));\n        if (pointer == NULL) {exit(-1);}\n        data = 5LL;\n        *pointer = data;  \n        {\n            int64_t data = *pointer;\n            printLongLongLine(data);\n        }\n        free(pointer);\n    }\n}",
        "CWE_ID": "CWE-758",
        "question": "Given the provided code snippet, would this code trigger CWE-758?",
        "case_id": "CWE758_Undefined_Behavior__int64_t_malloc_use_01_bad",
        "choices": {
            "A": "Yes, this code would trigger CWE-758.",
            "B": "No, this code would not trigger CWE-758.",
            "C": "Cannot tell due to the lack of information."
        },
        "answer": "B"
    }
]