[
    {
        "code": "void Sample_Func()\n{\n    {\n        stdThread threadA = NULL;\n        stdThread threadB = NULL;\n        int valDogSink;\n        valDogSink = 0;\n        if (!stdThreadCreate(helperDog, (void*)&valDogSink, &threadA))\n        {\n            threadA = NULL;\n        }\n        if (!stdThreadCreate(helperDog, (void*)&valDogSink, &threadB))\n        {\n            threadB = NULL;\n        }\n        if (threadA && stdThreadJoin(threadA))\n        {\n            stdThreadDestroy(threadA);\n        }\n        if (threadB && stdThreadJoin(threadB))\n        {\n            stdThreadDestroy(threadB);\n        }\n        printIntLine(valDogSink);\n    }\n}",
        "CWE_ID": "CWE-366",
        "question": "Given the provided code snippet, would this code trigger CWE-366?",
        "case_id": "CWE366_Race_Condition_Within_Thread__int_byref_01_bad",
        "choices": {
            "A": "Yes, this code would trigger CWE-366.",
            "B": "No, this code would not trigger CWE-366.",
            "C": "Cannot tell due to the lack of information."
        },
        "answer": "A"
    },
    {
        "code": "static Sample_Func()\n{\n    {\n        stdThread threadA = NULL;\n        stdThread threadB = NULL;\n        int valCatSink;\n        valCatSink = 0;\n        if (!stdThreadLockCreate(&gCatLock))\n        {\n            return;\n        }\n        if (!stdThreadCreate(helperCat, (void*)&valCatSink, &threadA))\n        {\n            threadA = NULL;\n        }\n        if (!stdThreadCreate(helperCat, (void*)&valCatSink, &threadB))\n        {\n            threadB = NULL;\n        }\n        if (threadA && stdThreadJoin(threadA))\n        {\n            stdThreadDestroy(threadA);\n        }\n        if (threadB && stdThreadJoin(threadB))\n        {\n            stdThreadDestroy(threadB);\n        }\n        stdThreadLockDestroy(gCatLock);\n        printIntLine(valCatSink);\n    }\n}",
        "CWE_ID": "CWE-366",
        "question": "Given the provided code snippet, would this code trigger CWE-366?",
        "case_id": "CWE366_Race_Condition_Within_Thread__int_byref_01_bad",
        "choices": {
            "A": "Yes, this code would trigger CWE-366.",
            "B": "No, this code would not trigger CWE-366.",
            "C": "Cannot tell due to the lack of information."
        },
        "answer": "B"
    }
]