[
    {
        "code": "void Sample_Func()\n{\n    {\n        STARTUPINFOA si;\n        PROCESS_INFORMATION pi;\n        if( !CreateProcessA(NULL,\n                            \"C:\\\\Program Files\\\\CatApp arg1 arg2\",\n                            NULL,\n                            NULL,\n                            FALSE,\n                            0,\n                            NULL,\n                            NULL,\n                            &si,\n                            &pi))\n        {\n            printLine(\"CreateProcess failed\");\n            return;\n        }\n        else\n        {\n            printLine(\"CreateProcess successful\");\n        }\n        WaitForSingleObject(pi.hProcess, INFINITE);\n        CloseHandle(pi.hProcess);\n        CloseHandle(pi.hThread);\n    }\n}",
        "CWE_ID": "CWE-272",
        "question": "Given the provided code snippet, would this code trigger CWE-272?",
        "case_id": "CWE272_Least_Privilege_Violation__w32_char_CreateProcess_01_bad",
        "choices": {
            "A": "Yes, this code would trigger CWE-272.",
            "B": "No, this code would not trigger CWE-272.",
            "C": "Cannot tell due to the lack of information."
        },
        "answer": "A"
    },
    {
        "code": "static Sample_Func()\n{\n    {\n        STARTUPINFOA si;\n        PROCESS_INFORMATION pi;\n        if( !CreateProcessA(NULL,\n                            \"\\\"C:\\\\Program Files\\\\CatApp\\\" arg1 arg2\",\n                            NULL,\n                            NULL,\n                            FALSE,\n                            0,\n                            NULL,\n                            NULL,\n                            &si,\n                            &pi))\n        {\n            printf( \"CreateProcess failed (%d).\\n\", GetLastError() );\n            return;\n        }\n        else\n        {\n            printLine(\"CreateProcess successful\");\n        }\n        WaitForSingleObject(pi.hProcess, INFINITE);\n        CloseHandle(pi.hProcess);\n        CloseHandle(pi.hThread);\n    }\n}",
        "CWE_ID": "CWE-272",
        "question": "Given the provided code snippet, would this code trigger CWE-272?",
        "case_id": "CWE272_Least_Privilege_Violation__w32_char_CreateProcess_01_bad",
        "choices": {
            "A": "Yes, this code would trigger CWE-272.",
            "B": "No, this code would not trigger CWE-272.",
            "C": "Cannot tell due to the lack of information."
        },
        "answer": "B"
    }
]