[
    {
        "code": "void Sample_Func()\n{\n    char * data;\n    char dataBuffer[250] = \"PATH=\";\n    data = dataBuffer;\n    {\n#ifdef _WIN32\n        WSADATA wsaData;\n        int wsaDataInit = 0;\n#endif\n        int recvResult;\n        struct sockaddr_in service;\n        char *replace;\n        SOCKET connectSocket = INVALID_SOCKET;\n        size_t dataLen = strlen(data);\n        do\n        {\n#ifdef _WIN32\n            if (WSAStartup(MAKEWORD(2,2), &wsaData) != NO_ERROR)\n            {\n                break;\n            }\n            wsaDataInit = 1;\n#endif\n            connectSocket = socket(AF_INET, SOCK_STREAM, IPPROTO_TCP);\n            if (connectSocket == INVALID_SOCKET)\n            {\n                break;\n            }\n            memset(&service, 0, sizeof(service));\n            service.sin_family = AF_INET;\n            service.sin_addr.s_addr = inet_addr(IP_ADDRESS);\n            service.sin_port = htons(TCP_PORT);\n            if (connect(connectSocket, (struct sockaddr*)&service, sizeof(service)) == SOCKET_ERROR)\n            {\n                break;\n            }\n            recvResult = recv(connectSocket, (char *)(data + dataLen), sizeof(char) * (250 - dataLen - 1), 0);\n            if (recvResult == SOCKET_ERROR || recvResult == 0)\n            {\n                break;\n            }\n            data[dataLen + recvResult / sizeof(char)] = '\\0';\n            replace = strchr(data, '\\r');\n            if (replace)\n            {\n                *replace = '\\0';\n            }\n            replace = strchr(data, '\\n');\n            if (replace)\n            {\n                *replace = '\\0';\n            }\n        }\n        while (0);\n        if (connectSocket != INVALID_SOCKET)\n        {\n            CLOSE_SOCKET(connectSocket);\n        }\n#ifdef _WIN32\n        if (wsaDataInit)\n        {\n            WSACleanup();\n        }\n#endif\n    }\n    PUTENV(data);\n}",
        "CWE_ID": "CWE-427",
        "question": "Given the provided code snippet, would this code trigger CWE-427?",
        "case_id": "CWE427_Uncontrolled_Search_Path_Element__char_connect_socket_01_bad",
        "choices": {
            "A": "Yes, this code would trigger CWE-427.",
            "B": "No, this code would not trigger CWE-427.",
            "C": "Cannot tell due to the lack of information."
        },
        "answer": "A"
    },
    {
        "code": "static Sample_Func()\n{\n    char * data;\n    char dataBuffer[250] = \"PATH=\";\n    data = dataBuffer;\n    strcat(data, NEW_PATH);\n    PUTENV(data);\n}",
        "CWE_ID": "CWE-427",
        "question": "Given the provided code snippet, would this code trigger CWE-427?",
        "case_id": "CWE427_Uncontrolled_Search_Path_Element__char_connect_socket_01_bad",
        "choices": {
            "A": "Yes, this code would trigger CWE-427.",
            "B": "No, this code would not trigger CWE-427.",
            "C": "Cannot tell due to the lack of information."
        },
        "answer": "B"
    }
]