[
    {
        "code": "void Sample_Func()\n{\n    {\n        char data[100] = \"\";\n#ifdef _WIN32\n        WSADATA wsaData;\n        int wsaDataInit = 0;\n#endif\n        int recvResult;\n        struct sockaddr_in service;\n        char *replace;\n        SOCKET listenSocket = INVALID_SOCKET;\n        SOCKET acceptSocket = INVALID_SOCKET;\n        size_t dataLen = strlen(data);\n        do\n        {\n#ifdef _WIN32\n            if (WSAStartup(MAKEWORD(2,2), &wsaData) != NO_ERROR)\n            {\n                break;\n            }\n            wsaDataInit = 1;\n#endif\n            listenSocket = socket(AF_INET, SOCK_STREAM, IPPROTO_TCP);\n            if (listenSocket == INVALID_SOCKET)\n            {\n                break;\n            }\n            memset(&service, 0, sizeof(service));\n            service.sin_family = AF_INET;\n            service.sin_addr.s_addr = INADDR_ANY;\n            service.sin_port = htons(TCP_PORT);\n            if (bind(listenSocket, (struct sockaddr*)&service, sizeof(service)) == SOCKET_ERROR)\n            {\n                break;\n            }\n            acceptSocket = accept(listenSocket, NULL, NULL);\n            if (acceptSocket == SOCKET_ERROR)\n            {\n                break;\n            }\n            if (listen(listenSocket, LISTEN_BACKLOG) == SOCKET_ERROR)\n            {\n                break;\n            }\n            recvResult = recv(acceptSocket, (char *)data+dataLen, (int)(100-dataLen-1), 0);\n            if (recvResult == SOCKET_ERROR || recvResult == 0)\n            {\n                break;\n            }\n            data[recvResult] = '\\0';\n            replace = strchr(data, '\\r');\n            if (replace)\n            {\n                *replace = '\\0';\n            }\n            replace = strchr(data, '\\n');\n            if (replace)\n            {\n                *replace = '\\0';\n            }\n        }\n        while (0);\n        if (listenSocket != INVALID_SOCKET)\n        {\n            CLOSE_SOCKET(listenSocket);\n        }\n        if (acceptSocket != INVALID_SOCKET)\n        {\n            CLOSE_SOCKET(acceptSocket);\n        }\n#ifdef _WIN32\n        if (wsaDataInit)\n        {\n            WSACleanup();\n        }\n#endif\n        printLine(data);\n    }\n}",
        "CWE_ID": "CWE-666",
        "question": "Given the provided code snippet, would this code trigger CWE-666?",
        "case_id": "CWE666_Operation_on_Resource_in_Wrong_Phase_of_Lifetime__bind_accept_listen_01_bad",
        "choices": {
            "A": "Yes, this code would trigger CWE-666.",
            "B": "No, this code would not trigger CWE-666.",
            "C": "Cannot tell due to the lack of information."
        },
        "answer": "A"
    },
    {
        "code": "static Sample_Func()\n{\n    {\n        char data[100] = \"\";\n#ifdef _WIN32\n        WSADATA wsaData;\n        int wsaDataInit = 0;\n#endif\n        int recvResult;\n        struct sockaddr_in service;\n        char *replace;\n        SOCKET listenSocket = INVALID_SOCKET;\n        SOCKET acceptSocket = INVALID_SOCKET;\n        size_t dataLen = strlen(data);\n        do\n        {\n#ifdef _WIN32\n            if (WSAStartup(MAKEWORD(2,2), &wsaData) != NO_ERROR)\n            {\n                break;\n            }\n            wsaDataInit = 1;\n#endif\n            listenSocket = socket(AF_INET, SOCK_STREAM, IPPROTO_TCP);\n            if (listenSocket == INVALID_SOCKET)\n            {\n                break;\n            }\n            memset(&service, 0, sizeof(service));\n            service.sin_family = AF_INET;\n            service.sin_addr.s_addr = INADDR_ANY;\n            service.sin_port = htons(TCP_PORT);\n            if (bind(listenSocket, (struct sockaddr*)&service, sizeof(service)) == SOCKET_ERROR)\n            {\n                break;\n            }\n            if (listen(listenSocket, LISTEN_BACKLOG) == SOCKET_ERROR)\n            {\n                break;\n            }\n            acceptSocket = accept(listenSocket, NULL, NULL);\n            if (acceptSocket == SOCKET_ERROR)\n            {\n                break;\n            }\n            recvResult = recv(acceptSocket, (char *)data+dataLen, (int)(100-dataLen-1), 0);\n            if (recvResult == SOCKET_ERROR || recvResult == 0)\n            {\n                break;\n            }\n            data[recvResult] = '\\0';\n            replace = strchr(data, '\\r');\n            if (replace)\n            {\n                *replace = '\\0';\n            }\n            replace = strchr(data, '\\n');\n            if (replace)\n            {\n                *replace = '\\0';\n            }\n        }\n        while (0);\n        if (listenSocket != INVALID_SOCKET)\n        {\n            CLOSE_SOCKET(listenSocket);\n        }\n        if (acceptSocket != INVALID_SOCKET)\n        {\n            CLOSE_SOCKET(acceptSocket);\n        }\n#ifdef _WIN32\n        if (wsaDataInit)\n        {\n            WSACleanup();\n        }\n#endif\n        printLine(data);\n    }\n}",
        "CWE_ID": "CWE-666",
        "question": "Given the provided code snippet, would this code trigger CWE-666?",
        "case_id": "CWE666_Operation_on_Resource_in_Wrong_Phase_of_Lifetime__bind_accept_listen_01_bad",
        "choices": {
            "A": "Yes, this code would trigger CWE-666.",
            "B": "No, this code would not trigger CWE-666.",
            "C": "Cannot tell due to the lack of information."
        },
        "answer": "B"
    }
]