[
    {
        "code": "void Sample_Func()\n{\n    fwprintf(stdout, L\"%s\\n\", L\"string\");\n}",
        "CWE_ID": "CWE-252",
        "question": "Given the provided code snippet, would this code trigger CWE-252?",
        "case_id": "CWE252_Unchecked_Return_Value__wchar_t_fprintf_01_bad",
        "choices": {
            "A": "Yes, this code would trigger CWE-252.",
            "B": "No, this code would not trigger CWE-252.",
            "C": "Cannot tell due to the lack of information."
        },
        "answer": "A"
    },
    {
        "code": "static Sample_Func()\n{\n    if (fwprintf(stdout, L\"%s\\n\", L\"string\") < 0)\n    {\n        printLine(\"fwprintf failed!\");\n    }\n}",
        "CWE_ID": "CWE-252",
        "question": "Given the provided code snippet, would this code trigger CWE-252?",
        "case_id": "CWE252_Unchecked_Return_Value__wchar_t_fprintf_01_bad",
        "choices": {
            "A": "Yes, this code would trigger CWE-252.",
            "B": "No, this code would not trigger CWE-252.",
            "C": "Cannot tell due to the lack of information."
        },
        "answer": "B"
    }
]