[
    {
        "code": "void Sample_Func()\n{\n    HANDLE data;\n    data = INVALID_HANDLE_VALUE;\n    data = CreateFile(\"DogSource_w32CreateFile.txt\",\n                      (GENERIC_WRITE|GENERIC_READ),\n                      0,\n                      NULL,\n                      OPEN_ALWAYS,\n                      FILE_ATTRIBUTE_NORMAL,\n                      NULL);\n    if (data != INVALID_HANDLE_VALUE)\n    {\n        _close((int)data);\n    }\n}",
        "CWE_ID": "CWE-404",
        "question": "Given the provided code snippet, would this code trigger CWE-404?",
        "case_id": "CWE404_Improper_Resource_Shutdown__w32CreateFile_close_01_bad",
        "choices": {
            "A": "Yes, this code would trigger CWE-404.",
            "B": "No, this code would not trigger CWE-404.",
            "C": "Cannot tell due to the lack of information."
        },
        "answer": "A"
    },
    {
        "code": "static Sample_Func()\n{\n    HANDLE data;\n    data = INVALID_HANDLE_VALUE;\n    data = CreateFile(\"DogSource_w32CreateFile.txt\",\n                      (GENERIC_WRITE|GENERIC_READ),\n                      0,\n                      NULL,\n                      OPEN_ALWAYS,\n                      FILE_ATTRIBUTE_NORMAL,\n                      NULL);\n    if (data != INVALID_HANDLE_VALUE)\n    {\n        CloseHandle(data);\n    }\n}",
        "CWE_ID": "CWE-404",
        "question": "Given the provided code snippet, would this code trigger CWE-404?",
        "case_id": "CWE404_Improper_Resource_Shutdown__w32CreateFile_close_01_bad",
        "choices": {
            "A": "Yes, this code would trigger CWE-404.",
            "B": "No, this code would not trigger CWE-404.",
            "C": "Cannot tell due to the lack of information."
        },
        "answer": "B"
    }
]