[
    {
        "code": "void Sample_Func()\n{\n    {\n        int data = rand();\n        printIntLine(data);\n    }\n}",
        "CWE_ID": "CWE-338",
        "question": "Given the provided code snippet, would this code trigger CWE-338?",
        "case_id": "CWE338_Weak_PRNG__w32_01_bad",
        "choices": {
            "A": "Yes, this code would trigger CWE-338.",
            "B": "No, this code would not trigger CWE-338.",
            "C": "Cannot tell due to the lack of information."
        },
        "answer": "A"
    },
    {
        "code": "static Sample_Func()\n{\n    {\n        HCRYPTPROV hCryptProv;\n        int data;\n        if (!CryptAcquireContextW(&hCryptProv, 0, 0, PROV_RSA_FULL, 0))\n        {\n            exit(1);\n        }\n        if (!CryptGenRandom(hCryptProv, sizeof(data), (BYTE *) &data))\n        {\n            CryptReleaseContext(hCryptProv, 0);\n            exit(1);\n        }\n        if (hCryptProv)\n        {\n            CryptReleaseContext(hCryptProv, 0);\n        }\n        printIntLine(data);\n    }\n}",
        "CWE_ID": "CWE-338",
        "question": "Given the provided code snippet, would this code trigger CWE-338?",
        "case_id": "CWE338_Weak_PRNG__w32_01_bad",
        "choices": {
            "A": "Yes, this code would trigger CWE-338.",
            "B": "No, this code would not trigger CWE-338.",
            "C": "Cannot tell due to the lack of information."
        },
        "answer": "B"
    }
]