[
    {
        "code": "void Sample_Func()\n{\n    {\n        time_t currentTime;\n        time(&currentTime);\n        if (currentTime > TIME_CHECK)\n        {\n            UNLINK(\"important_file.txt\");\n        }\n    }\n}",
        "CWE_ID": "CWE-511",
        "question": "Given the provided code snippet, would this code trigger CWE-511?",
        "case_id": "CWE511_Logic_Time_Bomb__time_01_bad",
        "choices": {
            "A": "Yes, this code would trigger CWE-511.",
            "B": "No, this code would not trigger CWE-511.",
            "C": "Cannot tell due to the lack of information."
        },
        "answer": "A"
    },
    {
        "code": "static Sample_Func()\n{\n    {\n        time_t currentTime;\n        time(&currentTime);\n        if (currentTime > TIME_CHECK)\n        {\n            printLine(\"Happy New Year!\");\n        }\n    }\n}",
        "CWE_ID": "CWE-511",
        "question": "Given the provided code snippet, would this code trigger CWE-511?",
        "case_id": "CWE511_Logic_Time_Bomb__time_01_bad",
        "choices": {
            "A": "Yes, this code would trigger CWE-511.",
            "B": "No, this code would not trigger CWE-511.",
            "C": "Cannot tell due to the lack of information."
        },
        "answer": "B"
    }
]