[
    {
        "code": "void Sample_Func()\n{\n    {\n        FILE * fileDesc = NULL;\n        fileDesc = fopen(\"file.txt\", \"w+\");\n        if (fileDesc == NULL)\n        {\n        }\n        fclose(fileDesc);\n    }\n}",
        "CWE_ID": "CWE-390",
        "question": "Given the provided code snippet, would this code trigger CWE-390?",
        "case_id": "CWE390_Error_Without_Action__fopen_01_bad",
        "choices": {
            "A": "Yes, this code would trigger CWE-390.",
            "B": "No, this code would not trigger CWE-390.",
            "C": "Cannot tell due to the lack of information."
        },
        "answer": "A"
    },
    {
        "code": "static Sample_Func()\n{\n    {\n        FILE * fileDesc = NULL;\n        fileDesc = fopen(\"file.txt\", \"w+\");\n        if (fileDesc == NULL)\n        {\n            printLine(\"fopen() failed\");\n            exit(1);\n        }\n        fclose(fileDesc);\n    }\n}",
        "CWE_ID": "CWE-390",
        "question": "Given the provided code snippet, would this code trigger CWE-390?",
        "case_id": "CWE390_Error_Without_Action__fopen_01_bad",
        "choices": {
            "A": "Yes, this code would trigger CWE-390.",
            "B": "No, this code would not trigger CWE-390.",
            "C": "Cannot tell due to the lack of information."
        },
        "answer": "B"
    }
]