[
    {
        "code": "void Sample_Func()\n{\n    {\n        int x = (rand() % 3);\n        int y = 0;\n        if (x == 0);\n        {\n            printLine(\"x == 0\");\n            y = 1;\n        }\n        if (y)\n        {\n            printLine(\"x was 0\\n\");\n        }\n    }\n}",
        "CWE_ID": "CWE-483",
        "question": "Given the provided code snippet, would this code trigger CWE-483?",
        "case_id": "CWE483_Incorrect_Block_Delimitation__semicolon_01_bad",
        "choices": {
            "A": "Yes, this code would trigger CWE-483.",
            "B": "No, this code would not trigger CWE-483.",
            "C": "Cannot tell due to the lack of information."
        },
        "answer": "A"
    },
    {
        "code": "static Sample_Func()\n{\n    {\n        int x = (rand() % 3);\n        int y = 0;\n        if (x == 0)\n        {\n            printLine(\"x == 0\");\n            y = 1;\n        }\n        if (y)\n        {\n            printLine(\"x was 0\\n\");\n        }\n    }\n}",
        "CWE_ID": "CWE-483",
        "question": "Given the provided code snippet, would this code trigger CWE-483?",
        "case_id": "CWE483_Incorrect_Block_Delimitation__semicolon_01_bad",
        "choices": {
            "A": "Yes, this code would trigger CWE-483.",
            "B": "No, this code would not trigger CWE-483.",
            "C": "Cannot tell due to the lack of information."
        },
        "answer": "B"
    }
]