[
    {
        "code": "void Sample_Func()\n{\n    char data;\n    data = ' ';\n    {\n        char charArraySource[2];\n        charArraySource[0] = (char)getc(stdin);\n        charArraySource[1] = '\\0';\n        data = (char)atoi(charArraySource);\n    }\n    {\n        char charArraySink[4];\n        charArraySink[0] = 'x';\n        charArraySink[1] = data;\n        charArraySink[2] = 'z';\n        charArraySink[3] = '\\0';\n        printLine(charArraySink);\n    }\n}",
        "CWE_ID": "CWE-464",
        "question": "Given the provided code snippet, would this code trigger CWE-464?",
        "case_id": "CWE464_Addition_of_Data_Structure_Sentinel__basic_01_bad",
        "choices": {
            "A": "Yes, this code would trigger CWE-464.",
            "B": "No, this code would not trigger CWE-464.",
            "C": "Cannot tell due to the lack of information."
        },
        "answer": "A"
    },
    {
        "code": "static Sample_Func()\n{\n    char data;\n    data = ' ';\n    data = 'a';\n    {\n        char charArraySink[4];\n        charArraySink[0] = 'x';\n        charArraySink[1] = data;\n        charArraySink[2] = 'z';\n        charArraySink[3] = '\\0';\n        printLine(charArraySink);\n    }\n}",
        "CWE_ID": "CWE-464",
        "question": "Given the provided code snippet, would this code trigger CWE-464?",
        "case_id": "CWE464_Addition_of_Data_Structure_Sentinel__basic_01_bad",
        "choices": {
            "A": "Yes, this code would trigger CWE-464.",
            "B": "No, this code would not trigger CWE-464.",
            "C": "Cannot tell due to the lack of information."
        },
        "answer": "B"
    }
]