[
    {
        "code": "void Sample_Func()\n{\n    {\n        wchar_t dataBuffer[100] = L\"\";\n        wchar_t * data = dataBuffer;\n        wscanf(L\"%99s\\0\", data);\n    }\n}",
        "CWE_ID": "CWE-252",
        "question": "Given the provided code snippet, would this code trigger CWE-252?",
        "case_id": "CWE252_Unchecked_Return_Value__wchar_t_scanf_01_bad",
        "choices": {
            "A": "Yes, this code would trigger CWE-252.",
            "B": "No, this code would not trigger CWE-252.",
            "C": "Cannot tell due to the lack of information."
        },
        "answer": "A"
    },
    {
        "code": "static Sample_Func()\n{\n    {\n        wchar_t dataBuffer[100] = L\"\";\n        wchar_t * data = dataBuffer;\n        if (wscanf(L\"%99s\\0\", data) == EOF)\n        {\n            printLine(\"wscanf failed!\");\n        }\n    }\n}",
        "CWE_ID": "CWE-252",
        "question": "Given the provided code snippet, would this code trigger CWE-252?",
        "case_id": "CWE252_Unchecked_Return_Value__wchar_t_scanf_01_bad",
        "choices": {
            "A": "Yes, this code would trigger CWE-252.",
            "B": "No, this code would not trigger CWE-252.",
            "C": "Cannot tell due to the lack of information."
        },
        "answer": "B"
    }
]