[
    {
        "code": "void Sample_Func()\n{\n    {\n        HCRYPTPROV hCryptProv;\n        HCRYPTHASH hHash;\n        FILE *pFile = NULL;\n        char password[PASSWORD_INPUT_SIZE];\n        UCHAR savedHash[MD2_SUM_SIZE], calcHash[MD2_SUM_SIZE];\n        DWORD hashSize;\n        char *replace;\n        size_t i;\n        pFile = fopen(\"password.txt\", \"r\");\n        if (pFile == NULL)\n        {\n            exit(1);\n        }\n        for (i = 0; i < MD2_SUM_SIZE; i++)\n        {\n            ULONG val;\n            if (fscanf(pFile, \"%02x\", &val) != 1)\n            {\n                fclose(pFile);\n                exit(1);\n            }\n            if (val > 0xff)  \n            {\n                fclose(pFile);\n                exit(1);\n            }\n            savedHash[i] = (UCHAR)val;\n        }\n        if (pFile)\n        {\n            fclose(pFile);\n        }\n        if (fgets(password, PASSWORD_INPUT_SIZE, stdin) == NULL)\n        {\n            exit(1);\n        }\n        replace = strchr(password, '\\r');\n        if (replace)\n        {\n            *replace = '\\0';\n        }\n        replace = strchr(password, '\\n');\n        if (replace)\n        {\n            *replace = '\\0';\n        }\n        if (!CryptAcquireContextW(&hCryptProv, 0, 0, PROV_RSA_FULL, 0))\n        {\n            exit(1);\n        }\n        if (!CryptCreateHash(hCryptProv, CALG_MD2, 0, 0, &hHash))\n        {\n            CryptReleaseContext(hCryptProv, 0);\n            exit(1);\n        }\n        if (!CryptHashData(hHash, (BYTE*)password, strlen(password), 0))\n        {\n            CryptDestroyHash(hHash);\n            CryptReleaseContext(hCryptProv, 0);\n            exit(1);\n        }\n        hashSize = MD2_SUM_SIZE;\n        if (!CryptGetHashParam(hHash, HP_HASHVAL, (BYTE*)calcHash, &hashSize, 0))\n        {\n            CryptDestroyHash(hHash);\n            CryptReleaseContext(hCryptProv, 0);\n            exit(1);\n        }\n        if (memcmp(savedHash, calcHash, MD2_SUM_SIZE * sizeof(UCHAR)) == 0)\n        {\n            printLine(\"Access granted\");\n        }\n        else\n        {\n            printLine(\"Access denied\");\n        }\n        if (hHash)\n        {\n            CryptDestroyHash(hHash);\n        }\n        if (hCryptProv)\n        {\n            CryptReleaseContext(hCryptProv, 0);\n        }\n    }\n}",
        "CWE_ID": "CWE-328",
        "question": "Given the provided code snippet, would this code trigger CWE-328?",
        "case_id": "CWE328_Reversible_One_Way_Hash__w32_MD2_01_bad",
        "choices": {
            "A": "Yes, this code would trigger CWE-328.",
            "B": "No, this code would not trigger CWE-328.",
            "C": "Cannot tell due to the lack of information."
        },
        "answer": "A"
    },
    {
        "code": "static Sample_Func()\n{\n    {\n        HCRYPTPROV hCryptProv;\n        HCRYPTHASH hHash;\n        FILE *pFile = NULL;\n        char password[PASSWORD_INPUT_SIZE];\n        UCHAR savedHash[SHA512_SUM_SIZE], calcHash[SHA512_SUM_SIZE];\n        DWORD hashSize;\n        char *replace;\n        size_t i;\n        pFile = fopen(\"password.txt\", \"r\");\n        if (pFile == NULL)\n        {\n            exit(1);\n        }\n        for (i = 0; i < SHA512_SUM_SIZE; i++)\n        {\n            ULONG val;\n            if (fscanf(pFile, \"%02x\", &val) != 1)\n            {\n                fclose(pFile);\n                exit(1);\n            }\n            if (val > 0xff)  \n            {\n                fclose(pFile);\n                exit(1);\n            }\n            savedHash[i] = (UCHAR)val;\n        }\n        fclose(pFile);\n        if (fgets(password, PASSWORD_INPUT_SIZE, stdin) == NULL)\n        {\n            exit(1);\n        }\n        replace = strchr(password, '\\r');\n        if (replace)\n        {\n            *replace = '\\0';\n        }\n        replace = strchr(password, '\\n');\n        if (replace)\n        {\n            *replace = '\\0';\n        }\n        if (!CryptAcquireContextW(&hCryptProv, 0, 0, PROV_RSA_FULL, 0))\n        {\n            exit(1);\n        }\n        if (!CryptCreateHash(hCryptProv, CALG_SHA_512, 0, 0, &hHash))\n        {\n            CryptReleaseContext(hCryptProv, 0);\n            exit(1);\n        }\n        if (!CryptHashData(hHash, (BYTE*)password, strlen(password), 0))\n        {\n            CryptDestroyHash(hHash);\n            CryptReleaseContext(hCryptProv, 0);\n            exit(1);\n        }\n        hashSize = SHA512_SUM_SIZE;\n        if (!CryptGetHashParam(hHash, HP_HASHVAL, (BYTE*)calcHash, &hashSize, 0))\n        {\n            CryptDestroyHash(hHash);\n            CryptReleaseContext(hCryptProv, 0);\n            exit(1);\n        }\n        if (memcmp(savedHash, calcHash, SHA512_SUM_SIZE * sizeof(UCHAR)) == 0)\n        {\n            printLine(\"Access granted\");\n        }\n        else\n        {\n            printLine(\"Access denied\");\n        }\n        if (hHash)\n        {\n            CryptDestroyHash(hHash);\n        }\n        if (hCryptProv)\n        {\n            CryptReleaseContext(hCryptProv, 0);\n        }\n    }\n}",
        "CWE_ID": "CWE-328",
        "question": "Given the provided code snippet, would this code trigger CWE-328?",
        "case_id": "CWE328_Reversible_One_Way_Hash__w32_MD2_01_bad",
        "choices": {
            "A": "Yes, this code would trigger CWE-328.",
            "B": "No, this code would not trigger CWE-328.",
            "C": "Cannot tell due to the lack of information."
        },
        "answer": "B"
    }
]