[
    {
        "code": "void Sample_Func()\n{\n    {\n        char dest[DEST_SIZE];\n        int intFive = 5;\n        sprintf(dest, \"%s\", intFive);\n        printLine(dest);\n    }\n}",
        "CWE_ID": "CWE-688",
        "question": "Given the provided code snippet, would this code trigger CWE-688?",
        "case_id": "CWE688_Function_Call_With_Incorrect_Variable_or_Reference_as_Argument__basic_01_bad",
        "choices": {
            "A": "Yes, this code would trigger CWE-688.",
            "B": "No, this code would not trigger CWE-688.",
            "C": "Cannot tell due to the lack of information."
        },
        "answer": "A"
    },
    {
        "code": "static Sample_Func()\n{\n    {\n        char dest[DEST_SIZE];\n        int intFive = 5;\n        sprintf(dest, \"%d\", intFive);\n        printLine(dest);\n    }\n}",
        "CWE_ID": "CWE-688",
        "question": "Given the provided code snippet, would this code trigger CWE-688?",
        "case_id": "CWE688_Function_Call_With_Incorrect_Variable_or_Reference_as_Argument__basic_01_bad",
        "choices": {
            "A": "Yes, this code would trigger CWE-688.",
            "B": "No, this code would not trigger CWE-688.",
            "C": "Cannot tell due to the lack of information."
        },
        "answer": "B"
    }
]