[
    {
        "code": "void Sample_Func()\n{\n    if(helperDog == NULL)\n    {\n        printLine(\"Got a NULL\");\n    }\n}",
        "CWE_ID": "CWE-480",
        "question": "Given the provided code snippet, would this code trigger CWE-480?",
        "case_id": "CWE480_Use_of_Incorrect_Operator__basic_01_bad",
        "choices": {
            "A": "Yes, this code would trigger CWE-480.",
            "B": "No, this code would not trigger CWE-480.",
            "C": "Cannot tell due to the lack of information."
        },
        "answer": "A"
    },
    {
        "code": "static Sample_Func()\n{\n    if(helperCat() == NULL)  \n    {\n        printLine(\"Got a NULL\");\n    }\n}",
        "CWE_ID": "CWE-480",
        "question": "Given the provided code snippet, would this code trigger CWE-480?",
        "case_id": "CWE480_Use_of_Incorrect_Operator__basic_01_bad",
        "choices": {
            "A": "Yes, this code would trigger CWE-480.",
            "B": "No, this code would not trigger CWE-480.",
            "C": "Cannot tell due to the lack of information."
        },
        "answer": "B"
    }
]