[
    {
        "code": "void Sample_Func()\n{\n    {\n        long * pointer = (long *)ALLOCA(sizeof(long));\n        long data = *pointer;  \n        printLongLine(data);\n    }\n}",
        "CWE_ID": "CWE-758",
        "question": "Given the provided code snippet, would this code trigger CWE-758?",
        "case_id": "CWE758_Undefined_Behavior__long_alloca_use_01_bad",
        "choices": {
            "A": "Yes, this code would trigger CWE-758.",
            "B": "No, this code would not trigger CWE-758.",
            "C": "Cannot tell due to the lack of information."
        },
        "answer": "A"
    },
    {
        "code": "static Sample_Func()\n{\n    {\n        long data;\n        long * pointer = (long *)ALLOCA(sizeof(long));\n        data = 5L;\n        *pointer = data;  \n        {\n            long data = *pointer;\n            printLongLine(data);\n        }\n    }\n}",
        "CWE_ID": "CWE-758",
        "question": "Given the provided code snippet, would this code trigger CWE-758?",
        "case_id": "CWE758_Undefined_Behavior__long_alloca_use_01_bad",
        "choices": {
            "A": "Yes, this code would trigger CWE-758.",
            "B": "No, this code would not trigger CWE-758.",
            "C": "Cannot tell due to the lack of information."
        },
        "answer": "B"
    }
]