[
    {
        "code": "void Sample_Func()\n{\n    FILE * data;\n    data = NULL;\n    data = freopen(\"DogSource_freopen.txt\",\"w+\",stdin);\n    if (data != NULL)\n    {\n        CloseHandle((HANDLE)data);\n    }\n}",
        "CWE_ID": "CWE-404",
        "question": "Given the provided code snippet, would this code trigger CWE-404?",
        "case_id": "CWE404_Improper_Resource_Shutdown__freopen_w32CloseHandle_01_bad",
        "choices": {
            "A": "Yes, this code would trigger CWE-404.",
            "B": "No, this code would not trigger CWE-404.",
            "C": "Cannot tell due to the lack of information."
        },
        "answer": "A"
    },
    {
        "code": "static Sample_Func()\n{\n    FILE * data;\n    data = NULL;\n    data = freopen(\"DogSource_freopen.txt\",\"w+\",stdin);\n    if (data != NULL)\n    {\n        fclose(data);\n    }\n}",
        "CWE_ID": "CWE-404",
        "question": "Given the provided code snippet, would this code trigger CWE-404?",
        "case_id": "CWE404_Improper_Resource_Shutdown__freopen_w32CloseHandle_01_bad",
        "choices": {
            "A": "Yes, this code would trigger CWE-404.",
            "B": "No, this code would not trigger CWE-404.",
            "C": "Cannot tell due to the lack of information."
        },
        "answer": "B"
    }
]