[
    {
        "code": "void Sample_Func()\n{\n    char * password;\n    char passwordBuffer[100] = \"\";\n    password = passwordBuffer;\n    strcpy(password, PASSWORD);\n    {\n        HANDLE pHandle;\n        char * username = \"User\";\n        char * domain = \"Domain\";\n        if (LogonUserA(\n                    username,\n                    domain,\n                    password,\n                    LOGON32_LOGON_NETWORK,\n                    LOGON32_PROVIDER_DEFAULT,\n                    &pHandle) != 0)\n        {\n            printLine(\"User logged in successfully.\");\n            CloseHandle(pHandle);\n        }\n        else\n        {\n            printLine(\"Unable to login.\");\n        }\n    }\n}",
        "CWE_ID": "CWE-259",
        "question": "Given the provided code snippet, would this code trigger CWE-259?",
        "case_id": "CWE259_Hard_Coded_Password__w32_char_01_bad",
        "choices": {
            "A": "Yes, this code would trigger CWE-259.",
            "B": "No, this code would not trigger CWE-259.",
            "C": "Cannot tell due to the lack of information."
        },
        "answer": "A"
    },
    {
        "code": "static Sample_Func()\n{\n    char * password;\n    char passwordBuffer[100] = \"\";\n    password = passwordBuffer;\n    {\n        size_t passwordLen = 0;\n        if (fgets(password, 100, stdin) == NULL)\n        {\n            printLine(\"fgets() failed\");\n            password[0] = '\\0';\n        }\n        passwordLen = strlen(password);\n        if (passwordLen > 0)\n        {\n            password[passwordLen-1] = '\\0';\n        }\n    }\n    {\n        HANDLE pHandle;\n        char * username = \"User\";\n        char * domain = \"Domain\";\n        if (LogonUserA(\n                    username,\n                    domain,\n                    password,\n                    LOGON32_LOGON_NETWORK,\n                    LOGON32_PROVIDER_DEFAULT,\n                    &pHandle) != 0)\n        {\n            printLine(\"User logged in successfully.\");\n            CloseHandle(pHandle);\n        }\n        else\n        {\n            printLine(\"Unable to login.\");\n        }\n    }\n}",
        "CWE_ID": "CWE-259",
        "question": "Given the provided code snippet, would this code trigger CWE-259?",
        "case_id": "CWE259_Hard_Coded_Password__w32_char_01_bad",
        "choices": {
            "A": "Yes, this code would trigger CWE-259.",
            "B": "No, this code would not trigger CWE-259.",
            "C": "Cannot tell due to the lack of information."
        },
        "answer": "B"
    }
]