[
    {
        "code": "void Sample_Func()\n{\n    {\n        wchar_t dataBuffer[100] = L\"\";\n        wchar_t * data = dataBuffer;\n        printLine(\"Please enter a string: \");\n        fgetws(data, 100, stdin);\n        printWLine(data);\n    }\n}",
        "CWE_ID": "CWE-252",
        "question": "Given the provided code snippet, would this code trigger CWE-252?",
        "case_id": "CWE252_Unchecked_Return_Value__wchar_t_fgets_01_bad",
        "choices": {
            "A": "Yes, this code would trigger CWE-252.",
            "B": "No, this code would not trigger CWE-252.",
            "C": "Cannot tell due to the lack of information."
        },
        "answer": "A"
    },
    {
        "code": "static Sample_Func()\n{\n    {\n        wchar_t dataBuffer[100] = L\"\";\n        wchar_t * data = dataBuffer;\n        printLine(\"Please enter a string: \");\n        if (fgetws(data, 100, stdin) == NULL)\n        {\n            printLine(\"fgetws failed!\");\n            exit(1);\n        }\n        printWLine(data);\n    }\n}",
        "CWE_ID": "CWE-252",
        "question": "Given the provided code snippet, would this code trigger CWE-252?",
        "case_id": "CWE252_Unchecked_Return_Value__wchar_t_fgets_01_bad",
        "choices": {
            "A": "Yes, this code would trigger CWE-252.",
            "B": "No, this code would not trigger CWE-252.",
            "C": "Cannot tell due to the lack of information."
        },
        "answer": "B"
    }
]