[
    {
        "code": "void Sample_Func()\n{\n    {\n        wchar_t password[100] = L\"\";\n        size_t passwordLen = 0;\n        HANDLE pHandle;\n        wchar_t * username = L\"User\";\n        wchar_t * domain = L\"Domain\";\n        FILE * pFile = fopen(\"debug.txt\", \"a+\");\n        if (fgetws(password, 100, stdin) == NULL)\n        {\n            printLine(\"fgetws() failed\");\n            password[0] = L'\\0';\n        }\n        passwordLen = wcslen(password);\n        if (passwordLen > 0)\n        {\n            password[passwordLen-1] = L'\\0';\n        }\n        if (LogonUserW(\n                    username,\n                    domain,\n                    password,\n                    LOGON32_LOGON_NETWORK,\n                    LOGON32_PROVIDER_DEFAULT,\n                    &pHandle) != 0)\n        {\n            printLine(\"User logged in successfully.\");\n            CloseHandle(pHandle);\n        }\n        else\n        {\n            printLine(\"Unable to login.\");\n        }\n        fwprintf(pFile, L\"User attempted access with password: %s\\n\", password);\n        if (pFile)\n        {\n            fclose(pFile);\n        }\n    }\n}",
        "CWE_ID": "CWE-534",
        "question": "Given the provided code snippet, would this code trigger CWE-534?",
        "case_id": "CWE534_Info_Exposure_Debug_Log__w32_wchar_t_01_bad",
        "choices": {
            "A": "Yes, this code would trigger CWE-534.",
            "B": "No, this code would not trigger CWE-534.",
            "C": "Cannot tell due to the lack of information."
        },
        "answer": "A"
    },
    {
        "code": "static Sample_Func()\n{\n    {\n        wchar_t password[100] = L\"\";\n        size_t passwordLen = 0;\n        HANDLE pHandle;\n        wchar_t * username = L\"User\";\n        wchar_t * domain = L\"Domain\";\n        FILE * pFile = fopen(\"debug.txt\", \"a+\");\n        if (fgetws(password, 100, stdin) == NULL)\n        {\n            printLine(\"fgetws() failed\");\n            password[0] = L'\\0';\n        }\n        passwordLen = wcslen(password);\n        if (passwordLen > 0)\n        {\n            password[passwordLen-1] = L'\\0';\n        }\n        if (LogonUserW(\n                    username,\n                    domain,\n                    password,\n                    LOGON32_LOGON_NETWORK,\n                    LOGON32_PROVIDER_DEFAULT,\n                    &pHandle) != 0)\n        {\n            printLine(\"User logged in successfully.\");\n            CloseHandle(pHandle);\n        }\n        else\n        {\n            printLine(\"Unable to login.\");\n        }\n        fwprintf(pFile, L\"User attempted access\\n\");\n        if (pFile)\n        {\n            fclose(pFile);\n        }\n    }\n}",
        "CWE_ID": "CWE-534",
        "question": "Given the provided code snippet, would this code trigger CWE-534?",
        "case_id": "CWE534_Info_Exposure_Debug_Log__w32_wchar_t_01_bad",
        "choices": {
            "A": "Yes, this code would trigger CWE-534.",
            "B": "No, this code would not trigger CWE-534.",
            "C": "Cannot tell due to the lack of information."
        },
        "answer": "B"
    }
]