[
    {
        "code": "void Sample_Func()\n{\n    {\n        FILE *pFile;\n        HCRYPTPROV hCryptProv;\n        HCRYPTKEY hKey;\n        HCRYPTHASH hHash;\n        char password[100];\n        size_t passwordLen;\n        char toBeDecrypted[100];\n        DWORD toBeDecryptedLen = sizeof(toBeDecrypted)-1;\n        printLine(\"Enter the password: \");\n        if (fgets(password, 100, stdin) == NULL)\n        {\n            printLine(\"fgets() failed\");\n            password[0] = '\\0';\n        }\n        passwordLen = strlen(password);\n        if (passwordLen > 0)\n        {\n            password[passwordLen-1] = '\\0';\n        }\n        pFile = fopen(\"encrypted.txt\", \"rb\");\n        if (pFile == NULL)\n        {\n            exit(1);\n        }\n        if (fread(toBeDecrypted, sizeof(char), 100, pFile) != 100)\n        {\n            fclose(pFile);\n            exit(1);\n        }\n        toBeDecrypted[99] = '\\0';\n        if(!CryptAcquireContext(&hCryptProv, NULL, MS_ENH_RSA_AES_PROV, PROV_RSA_AES, 0))\n        {\n            if(!CryptAcquireContext(&hCryptProv, NULL, MS_ENH_RSA_AES_PROV, PROV_RSA_AES, CRYPT_NEWKEYSET))\n            {\n                printLine(\"Error in acquiring cryptographic context\");\n                exit(1);\n            }\n        }\n        if(!CryptCreateHash(hCryptProv, CALG_SHA_256, 0, 0, &hHash))\n        {\n            printLine(\"Error in creating hash\");\n            exit(1);\n        }\n        if(!CryptHashData(hHash, (BYTE *) password, passwordLen, 0))\n        {\n            printLine(\"Error in hashing password\");\n            exit(1);\n        }\n        if(!CryptDeriveKey(hCryptProv, CALG_DES, hHash, 0, &hKey))\n        {\n            printLine(\"Error in CryptDeriveKey\");\n            exit(1);\n        }\n        if(!CryptDecrypt(hKey, 0, 1, 0, (BYTE *)toBeDecrypted, &toBeDecryptedLen))\n        {\n            printLine(\"Error in decryption\");\n            exit(1);\n        }\n        toBeDecrypted[toBeDecryptedLen] = '\\0';\n        printLine(toBeDecrypted);\n        if (hKey)\n        {\n            CryptDestroyKey(hKey);\n        }\n        if (hHash)\n        {\n            CryptDestroyHash(hHash);\n        }\n        if (hCryptProv)\n        {\n            CryptReleaseContext(hCryptProv, 0);\n        }\n        if (pFile)\n        {\n            fclose(pFile);\n        }\n    }\n}",
        "CWE_ID": "CWE-327",
        "question": "Given the provided code snippet, would this code trigger CWE-327?",
        "case_id": "CWE327_Use_Broken_Crypto__w32_DES_01_bad",
        "choices": {
            "A": "Yes, this code would trigger CWE-327.",
            "B": "No, this code would not trigger CWE-327.",
            "C": "Cannot tell due to the lack of information."
        },
        "answer": "A"
    },
    {
        "code": "static Sample_Func()\n{\n    {\n        FILE *pFile;\n        HCRYPTPROV hCryptProv;\n        HCRYPTKEY hKey;\n        HCRYPTHASH hHash;\n        char password[100];\n        size_t passwordLen;\n        char toBeDecrypted[100];\n        DWORD toBeDecryptedLen = sizeof(toBeDecrypted)-1;\n        printLine(\"Enter the password: \");\n        if (fgets(password, 100, stdin) == NULL)\n        {\n            printLine(\"fgets() failed\");\n            password[0] = '\\0';\n        }\n        passwordLen = strlen(password);\n        if (passwordLen > 0)\n        {\n            password[passwordLen-1] = '\\0';\n        }\n        pFile = fopen(\"encrypted.txt\", \"rb\");\n        if (pFile == NULL)\n        {\n            exit(1);\n        }\n        if (fread(toBeDecrypted, sizeof(char), 100, pFile) != 100)\n        {\n            fclose(pFile);\n            exit(1);\n        }\n        toBeDecrypted[99] = '\\0';\n        if(!CryptAcquireContext(&hCryptProv, NULL, MS_ENH_RSA_AES_PROV, PROV_RSA_AES, 0))\n        {\n            if(!CryptAcquireContext(&hCryptProv, NULL, MS_ENH_RSA_AES_PROV, PROV_RSA_AES, CRYPT_NEWKEYSET))\n            {\n                printLine(\"Error in acquiring cryptographic context\");\n                exit(1);\n            }\n        }\n        if(!CryptCreateHash(hCryptProv, CALG_SHA_256, 0, 0, &hHash))\n        {\n            printLine(\"Error in creating hash\");\n            exit(1);\n        }\n        if(!CryptHashData(hHash, (BYTE *) password, passwordLen, 0))\n        {\n            printLine(\"Error in hashing password\");\n            exit(1);\n        }\n        if(!CryptDeriveKey(hCryptProv, CALG_AES_256, hHash, 0, &hKey))\n        {\n            printLine(\"Error in CryptDeriveKey\");\n            exit(1);\n        }\n        if(!CryptDecrypt(hKey, 0, 1, 0, (BYTE *)toBeDecrypted, &toBeDecryptedLen))\n        {\n            printLine(\"Error in decryption\");\n            exit(1);\n        }\n        toBeDecrypted[toBeDecryptedLen] = '\\0';\n        printLine(toBeDecrypted);\n        if (hKey)\n        {\n            CryptDestroyKey(hKey);\n        }\n        if (hHash)\n        {\n            CryptDestroyHash(hHash);\n        }\n        if (hCryptProv)\n        {\n            CryptReleaseContext(hCryptProv, 0);\n        }\n        if (pFile)\n        {\n            fclose(pFile);\n        }\n    }\n}",
        "CWE_ID": "CWE-327",
        "question": "Given the provided code snippet, would this code trigger CWE-327?",
        "case_id": "CWE327_Use_Broken_Crypto__w32_DES_01_bad",
        "choices": {
            "A": "Yes, this code would trigger CWE-327.",
            "B": "No, this code would not trigger CWE-327.",
            "C": "Cannot tell due to the lack of information."
        },
        "answer": "B"
    }
]