[
    {
        "code": "void Sample_Func()\n{\n    char * data;\n    data = (char *)malloc(100*sizeof(char));\n    if (data == NULL) {exit(-1);}\n    data[0] = '\\0';\n    {\n#ifdef _WIN32\n        WSADATA wsaData;\n        int wsaDataInit = 0;\n#endif\n        int recvResult;\n        struct sockaddr_in service;\n        char *replace;\n        SOCKET listenSocket = INVALID_SOCKET;\n        SOCKET acceptSocket = INVALID_SOCKET;\n        size_t dataLen = strlen(data);\n        do\n        {\n#ifdef _WIN32\n            if (WSAStartup(MAKEWORD(2,2), &wsaData) != NO_ERROR)\n            {\n                break;\n            }\n            wsaDataInit = 1;\n#endif\n            listenSocket = socket(AF_INET, SOCK_STREAM, IPPROTO_TCP);\n            if (listenSocket == INVALID_SOCKET)\n            {\n                break;\n            }\n            memset(&service, 0, sizeof(service));\n            service.sin_family = AF_INET;\n            service.sin_addr.s_addr = INADDR_ANY;\n            service.sin_port = htons(TCP_PORT);\n            if (bind(listenSocket, (struct sockaddr*)&service, sizeof(service)) == SOCKET_ERROR)\n            {\n                break;\n            }\n            if (listen(listenSocket, LISTEN_BACKLOG) == SOCKET_ERROR)\n            {\n                break;\n            }\n            acceptSocket = accept(listenSocket, NULL, NULL);\n            if (acceptSocket == SOCKET_ERROR)\n            {\n                break;\n            }\n            recvResult = recv(acceptSocket, (char *)(data + dataLen), sizeof(char) * (100 - dataLen - 1), 0);\n            if (recvResult == SOCKET_ERROR || recvResult == 0)\n            {\n                break;\n            }\n            data[dataLen + recvResult / sizeof(char)] = '\\0';\n            replace = strchr(data, '\\r');\n            if (replace)\n            {\n                *replace = '\\0';\n            }\n            replace = strchr(data, '\\n');\n            if (replace)\n            {\n                *replace = '\\0';\n            }\n        }\n        while (0);\n        if (listenSocket != INVALID_SOCKET)\n        {\n            CLOSE_SOCKET(listenSocket);\n        }\n        if (acceptSocket != INVALID_SOCKET)\n        {\n            CLOSE_SOCKET(acceptSocket);\n        }\n#ifdef _WIN32\n        if (wsaDataInit)\n        {\n            WSACleanup();\n        }\n#endif\n    }\n    for (; *data != '\\0'; data++)\n    {\n        if (*data == SEARCH_CHAR)\n        {\n            printLine(\"We have a match!\");\n            break;\n        }\n    }\n    free(data);\n}",
        "CWE_ID": "CWE-761",
        "question": "Given the provided code snippet, would this code trigger CWE-761?",
        "case_id": "CWE761_Free_Pointer_Not_at_Start_of_Buffer__char_listen_socket_01_bad",
        "choices": {
            "A": "Yes, this code would trigger CWE-761.",
            "B": "No, this code would not trigger CWE-761.",
            "C": "Cannot tell due to the lack of information."
        },
        "answer": "A"
    },
    {
        "code": "static Sample_Func()\n{\n    char * data;\n    data = (char *)malloc(100*sizeof(char));\n    if (data == NULL) {exit(-1);}\n    data[0] = '\\0';\n    {\n#ifdef _WIN32\n        WSADATA wsaData;\n        int wsaDataInit = 0;\n#endif\n        int recvResult;\n        struct sockaddr_in service;\n        char *replace;\n        SOCKET listenSocket = INVALID_SOCKET;\n        SOCKET acceptSocket = INVALID_SOCKET;\n        size_t dataLen = strlen(data);\n        do\n        {\n#ifdef _WIN32\n            if (WSAStartup(MAKEWORD(2,2), &wsaData) != NO_ERROR)\n            {\n                break;\n            }\n            wsaDataInit = 1;\n#endif\n            listenSocket = socket(AF_INET, SOCK_STREAM, IPPROTO_TCP);\n            if (listenSocket == INVALID_SOCKET)\n            {\n                break;\n            }\n            memset(&service, 0, sizeof(service));\n            service.sin_family = AF_INET;\n            service.sin_addr.s_addr = INADDR_ANY;\n            service.sin_port = htons(TCP_PORT);\n            if (bind(listenSocket, (struct sockaddr*)&service, sizeof(service)) == SOCKET_ERROR)\n            {\n                break;\n            }\n            if (listen(listenSocket, LISTEN_BACKLOG) == SOCKET_ERROR)\n            {\n                break;\n            }\n            acceptSocket = accept(listenSocket, NULL, NULL);\n            if (acceptSocket == SOCKET_ERROR)\n            {\n                break;\n            }\n            recvResult = recv(acceptSocket, (char *)(data + dataLen), sizeof(char) * (100 - dataLen - 1), 0);\n            if (recvResult == SOCKET_ERROR || recvResult == 0)\n            {\n                break;\n            }\n            data[dataLen + recvResult / sizeof(char)] = '\\0';\n            replace = strchr(data, '\\r');\n            if (replace)\n            {\n                *replace = '\\0';\n            }\n            replace = strchr(data, '\\n');\n            if (replace)\n            {\n                *replace = '\\0';\n            }\n        }\n        while (0);\n        if (listenSocket != INVALID_SOCKET)\n        {\n            CLOSE_SOCKET(listenSocket);\n        }\n        if (acceptSocket != INVALID_SOCKET)\n        {\n            CLOSE_SOCKET(acceptSocket);\n        }\n#ifdef _WIN32\n        if (wsaDataInit)\n        {\n            WSACleanup();\n        }\n#endif\n    }\n    {\n        size_t i;\n        for (i=0; i < strlen(data); i++)\n        {\n            if (data[i] == SEARCH_CHAR)\n            {\n                printLine(\"We have a match!\");\n                break;\n            }\n        }\n        free(data);\n    }\n}",
        "CWE_ID": "CWE-761",
        "question": "Given the provided code snippet, would this code trigger CWE-761?",
        "case_id": "CWE761_Free_Pointer_Not_at_Start_of_Buffer__char_listen_socket_01_bad",
        "choices": {
            "A": "Yes, this code would trigger CWE-761.",
            "B": "No, this code would not trigger CWE-761.",
            "C": "Cannot tell due to the lack of information."
        },
        "answer": "B"
    }
]