[
    {
        "code": "void Sample_Func()\n{\n    {\n        struct\n        {\n            char charFirst;\n            int intSecond;\n        } structCharInt;\n        char *charPtr;\n        structCharInt.charFirst = 1;\n        charPtr = &structCharInt.charFirst;\n        *(int*)(charPtr + sizeof(int)) = 5;\n        printIntLine(structCharInt.charFirst);\n        printIntLine(structCharInt.intSecond);\n    }\n}",
        "CWE_ID": "CWE-188",
        "question": "Given the provided code snippet, would this code trigger CWE-188?",
        "case_id": "CWE188_Reliance_on_Data_Memory_Layout__modify_local_01_bad",
        "choices": {
            "A": "Yes, this code would trigger CWE-188.",
            "B": "No, this code would not trigger CWE-188.",
            "C": "Cannot tell due to the lack of information."
        },
        "answer": "A"
    },
    {
        "code": "static Sample_Func()\n{\n    {\n        struct\n        {\n            char charFirst;\n            int intSecond;\n        } structCharInt;\n        structCharInt.charFirst = 1;\n        structCharInt.intSecond = 5;\n        printIntLine(structCharInt.charFirst);\n        printIntLine(structCharInt.intSecond);\n    }\n}",
        "CWE_ID": "CWE-188",
        "question": "Given the provided code snippet, would this code trigger CWE-188?",
        "case_id": "CWE188_Reliance_on_Data_Memory_Layout__modify_local_01_bad",
        "choices": {
            "A": "Yes, this code would trigger CWE-188.",
            "B": "No, this code would not trigger CWE-188.",
            "C": "Cannot tell due to the lack of information."
        },
        "answer": "B"
    }
]