[
    {
        "code": "void Sample_Func()\n{\n    if (RpcImpersonateClient(0) == RPC_S_OK)\n    {\n        exit(1);\n    }\n}",
        "CWE_ID": "CWE-253",
        "question": "Given the provided code snippet, would this code trigger CWE-253?",
        "case_id": "CWE253_Incorrect_Check_of_Function_Return_Value__w32_RpcImpersonateClient_01_bad",
        "choices": {
            "A": "Yes, this code would trigger CWE-253.",
            "B": "No, this code would not trigger CWE-253.",
            "C": "Cannot tell due to the lack of information."
        },
        "answer": "A"
    },
    {
        "code": "static Sample_Func()\n{\n    if (RpcImpersonateClient(0) != RPC_S_OK)\n    {\n        exit(1);\n    }\n}",
        "CWE_ID": "CWE-253",
        "question": "Given the provided code snippet, would this code trigger CWE-253?",
        "case_id": "CWE253_Incorrect_Check_of_Function_Return_Value__w32_RpcImpersonateClient_01_bad",
        "choices": {
            "A": "Yes, this code would trigger CWE-253.",
            "B": "No, this code would not trigger CWE-253.",
            "C": "Cannot tell due to the lack of information."
        },
        "answer": "B"
    }
]