[
    {
        "code": "void Sample_Func()\n{\n    {\n        char * pipeName = \"\\\\\\\\.\\\\pipe\\\\mypipe\";\n        HANDLE hPipe = INVALID_HANDLE_VALUE;\n        BOOL fConnected = FALSE;\n        hPipe = CreateNamedPipeA(\n                    pipeName,\n                    FILE_FLAG_FIRST_PIPE_INSTANCE,  \n                    PIPE_TYPE_MESSAGE |\n                    PIPE_READMODE_MESSAGE |\n                    PIPE_WAIT,\n                    PIPE_UNLIMITED_INSTANCES,\n                    BUFSIZE,\n                    BUFSIZE,\n                    NMPWAIT_USE_DEFAULT_WAIT,\n                    NULL);\n        fConnected = ConnectNamedPipe(hPipe, NULL) ? TRUE : (GetLastError() == ERROR_PIPE_CONNECTED);\n        CloseHandle(hPipe);\n    }\n}",
        "CWE_ID": "CWE-252",
        "question": "Given the provided code snippet, would this code trigger CWE-252?",
        "case_id": "CWE252_Unchecked_Return_Value__char_w32CreateNamedPipe_01_bad",
        "choices": {
            "A": "Yes, this code would trigger CWE-252.",
            "B": "No, this code would not trigger CWE-252.",
            "C": "Cannot tell due to the lack of information."
        },
        "answer": "A"
    },
    {
        "code": "static Sample_Func()\n{\n    {\n        char * pipeName = \"\\\\\\\\.\\\\pipe\\\\mypipe\";\n        HANDLE hPipe = INVALID_HANDLE_VALUE;\n        BOOL fConnected = FALSE;\n        hPipe = CreateNamedPipeA(\n                    pipeName,\n                    FILE_FLAG_FIRST_PIPE_INSTANCE,  \n                    PIPE_TYPE_MESSAGE |\n                    PIPE_READMODE_MESSAGE |\n                    PIPE_WAIT,\n                    PIPE_UNLIMITED_INSTANCES,\n                    BUFSIZE,\n                    BUFSIZE,\n                    NMPWAIT_USE_DEFAULT_WAIT,\n                    NULL);\n        if (hPipe == INVALID_HANDLE_VALUE)\n        {\n            exit(1);\n        }\n        fConnected = ConnectNamedPipe(hPipe, NULL) ? TRUE : (GetLastError() == ERROR_PIPE_CONNECTED);\n        CloseHandle(hPipe);\n    }\n}",
        "CWE_ID": "CWE-252",
        "question": "Given the provided code snippet, would this code trigger CWE-252?",
        "case_id": "CWE252_Unchecked_Return_Value__char_w32CreateNamedPipe_01_bad",
        "choices": {
            "A": "Yes, this code would trigger CWE-252.",
            "B": "No, this code would not trigger CWE-252.",
            "C": "Cannot tell due to the lack of information."
        },
        "answer": "B"
    }
]