[
    {
        "code": "void Sample_Func()\n{\n    {\n        char inputBuffer[CHAR_ARRAY_SIZE];\n        double doubleNumber = 0;\n        if (fgets(inputBuffer, CHAR_ARRAY_SIZE, stdin) != NULL)\n        {\n            doubleNumber = atof(inputBuffer);\n        }\n        else\n        {\n            printLine(\"fgets() failed.\");\n        }\n        printFloatLine((float)doubleNumber);\n    }\n}",
        "CWE_ID": "CWE-681",
        "question": "Given the provided code snippet, would this code trigger CWE-681?",
        "case_id": "CWE681_Incorrect_Conversion_Between_Numeric_Types__double2float_01_bad",
        "choices": {
            "A": "Yes, this code would trigger CWE-681.",
            "B": "No, this code would not trigger CWE-681.",
            "C": "Cannot tell due to the lack of information."
        },
        "answer": "A"
    },
    {
        "code": "static Sample_Func()\n{\n    {\n        char inputBuffer[CHAR_ARRAY_SIZE];\n        double doubleNumber = 0;\n        if (fgets(inputBuffer, CHAR_ARRAY_SIZE, stdin) != NULL)\n        {\n            doubleNumber = atof(inputBuffer);\n        }\n        else\n        {\n            printLine(\"fgets() failed.\");\n        }\n        if (doubleNumber > FLT_MAX || doubleNumber < FLT_MIN)\n        {\n            printLine(\"Value is too small or large to be represented as a float\");\n        }\n        else\n        {\n            printFloatLine((float)doubleNumber);\n        }\n    }\n}",
        "CWE_ID": "CWE-681",
        "question": "Given the provided code snippet, would this code trigger CWE-681?",
        "case_id": "CWE681_Incorrect_Conversion_Between_Numeric_Types__double2float_01_bad",
        "choices": {
            "A": "Yes, this code would trigger CWE-681.",
            "B": "No, this code would not trigger CWE-681.",
            "C": "Cannot tell due to the lack of information."
        },
        "answer": "B"
    }
]