[
    {
        "code": "void Sample_Func()\n{\n    wchar_t * data;\n    data = (wchar_t *)malloc(100*sizeof(wchar_t));\n    if (data == NULL) {exit(-1);}\n    data[0] = L'\\0';\n    wcscpy(data, Dog_SOURCE_FIXED_STRING);\n    for (; *data != L'\\0'; data++)\n    {\n        if (*data == SEARCH_CHAR)\n        {\n            printLine(\"We have a match!\");\n            break;\n        }\n    }\n    free(data);\n}",
        "CWE_ID": "CWE-761",
        "question": "Given the provided code snippet, would this code trigger CWE-761?",
        "case_id": "CWE761_Free_Pointer_Not_at_Start_of_Buffer__wchar_t_fixed_string_01_bad",
        "choices": {
            "A": "Yes, this code would trigger CWE-761.",
            "B": "No, this code would not trigger CWE-761.",
            "C": "Cannot tell due to the lack of information."
        },
        "answer": "A"
    },
    {
        "code": "static Sample_Func()\n{\n    wchar_t * data;\n    data = (wchar_t *)malloc(100*sizeof(wchar_t));\n    if (data == NULL) {exit(-1);}\n    data[0] = L'\\0';\n    wcscpy(data, Dog_SOURCE_FIXED_STRING);\n    {\n        size_t i;\n        for (i=0; i < wcslen(data); i++)\n        {\n            if (data[i] == SEARCH_CHAR)\n            {\n                printLine(\"We have a match!\");\n                break;\n            }\n        }\n        free(data);\n    }\n}",
        "CWE_ID": "CWE-761",
        "question": "Given the provided code snippet, would this code trigger CWE-761?",
        "case_id": "CWE761_Free_Pointer_Not_at_Start_of_Buffer__wchar_t_fixed_string_01_bad",
        "choices": {
            "A": "Yes, this code would trigger CWE-761.",
            "B": "No, this code would not trigger CWE-761.",
            "C": "Cannot tell due to the lack of information."
        },
        "answer": "B"
    }
]