[
    {
        "code": "void Sample_Func()\n{\n    {\n        int count = 0;\n        do\n        {\n            if (count == COUNT_CHECK)\n            {\n                UNLINK(\"important_file.txt\");\n            }\n            count++;\n        }\n        while(1 == 1);    \n    }\n}",
        "CWE_ID": "CWE-511",
        "question": "Given the provided code snippet, would this code trigger CWE-511?",
        "case_id": "CWE511_Logic_Time_Bomb__counter_01_bad",
        "choices": {
            "A": "Yes, this code would trigger CWE-511.",
            "B": "No, this code would not trigger CWE-511.",
            "C": "Cannot tell due to the lack of information."
        },
        "answer": "A"
    },
    {
        "code": "static Sample_Func()\n{\n    {\n        int count = 0;\n        do\n        {\n            if (count == COUNT_CHECK)\n            {\n                printLine(\"Happy New Year!\");\n            }\n            count++;\n        }\n        while(1 == 1);    \n    }\n}",
        "CWE_ID": "CWE-511",
        "question": "Given the provided code snippet, would this code trigger CWE-511?",
        "case_id": "CWE511_Logic_Time_Bomb__counter_01_bad",
        "choices": {
            "A": "Yes, this code would trigger CWE-511.",
            "B": "No, this code would not trigger CWE-511.",
            "C": "Cannot tell due to the lack of information."
        },
        "answer": "B"
    }
]