[
    {
        "code": "void Sample_Func()\n{\n    {\n        int *intPointer = NULL;\n        intPointer = (int *)malloc(sizeof(int));\n        *intPointer = 5;\n        printIntLine(*intPointer);\n        if (intPointer != NULL)\n        {\n            *intPointer = 10;\n        }\n        printIntLine(*intPointer);\n    }\n}",
        "CWE_ID": "CWE-476",
        "question": "Given the provided code snippet, would this code trigger CWE-476?",
        "case_id": "CWE476_NULL_Pointer_Dereference__null_check_after_deref_01_bad",
        "choices": {
            "A": "Yes, this code would trigger CWE-476.",
            "B": "No, this code would not trigger CWE-476.",
            "C": "Cannot tell due to the lack of information."
        },
        "answer": "A"
    },
    {
        "code": "static Sample_Func()\n{\n    {\n        int *intPointer = NULL;\n        intPointer = (int *)malloc(sizeof(int));\n        *intPointer = 5;\n        printIntLine(*intPointer);\n        *intPointer = 10;\n        printIntLine(*intPointer);\n    }\n}",
        "CWE_ID": "CWE-476",
        "question": "Given the provided code snippet, would this code trigger CWE-476?",
        "case_id": "CWE476_NULL_Pointer_Dereference__null_check_after_deref_01_bad",
        "choices": {
            "A": "Yes, this code would trigger CWE-476.",
            "B": "No, this code would not trigger CWE-476.",
            "C": "Cannot tell due to the lack of information."
        },
        "answer": "B"
    }
]