[
    {
        "code": "void Sample_Func()\n{\n    char * data;\n    char dataBuffer[256] = \"\";\n    data = dataBuffer;\n    {\n#ifdef _WIN32\n        WSADATA wsaData;\n        int wsaDataInit = 0;\n#endif\n        int recvResult;\n        struct sockaddr_in service;\n        char *replace;\n        SOCKET connectSocket = INVALID_SOCKET;\n        size_t dataLen = strlen(data);\n        do\n        {\n#ifdef _WIN32\n            if (WSAStartup(MAKEWORD(2,2), &wsaData) != NO_ERROR)\n            {\n                break;\n            }\n            wsaDataInit = 1;\n#endif\n            connectSocket = socket(AF_INET, SOCK_STREAM, IPPROTO_TCP);\n            if (connectSocket == INVALID_SOCKET)\n            {\n                break;\n            }\n            memset(&service, 0, sizeof(service));\n            service.sin_family = AF_INET;\n            service.sin_addr.s_addr = inet_addr(IP_ADDRESS);\n            service.sin_port = htons(TCP_PORT);\n            if (connect(connectSocket, (struct sockaddr*)&service, sizeof(service)) == SOCKET_ERROR)\n            {\n                break;\n            }\n            recvResult = recv(connectSocket, (char *)(data + dataLen), sizeof(char) * (256 - dataLen - 1), 0);\n            if (recvResult == SOCKET_ERROR || recvResult == 0)\n            {\n                break;\n            }\n            data[dataLen + recvResult / sizeof(char)] = '\\0';\n            replace = strchr(data, '\\r');\n            if (replace)\n            {\n                *replace = '\\0';\n            }\n            replace = strchr(data, '\\n');\n            if (replace)\n            {\n                *replace = '\\0';\n            }\n        }\n        while (0);\n        if (connectSocket != INVALID_SOCKET)\n        {\n            CLOSE_SOCKET(connectSocket);\n        }\n#ifdef _WIN32\n        if (wsaDataInit)\n        {\n            WSACleanup();\n        }\n#endif\n    }\n    {\n        LDAP* pLdapConnection = NULL;\n        ULONG connectSuccess = 0L;\n        ULONG searchSuccess = 0L;\n        LDAPMessage *pMessage = NULL;\n        char filter[256];\n        _snprintf(filter, 256-1, \"(cn=%s)\", data);\n        pLdapConnection = ldap_initA(\"localhost\", LDAP_PORT);\n        if (pLdapConnection == NULL)\n        {\n            printLine(\"Initialization failed\");\n            exit(1);\n        }\n        connectSuccess = ldap_connect(pLdapConnection, NULL);\n        if (connectSuccess != LDAP_SUCCESS)\n        {\n            printLine(\"Connection failed\");\n            exit(1);\n        }\n        searchSuccess = ldap_search_ext_sA(\n                            pLdapConnection,\n                            \"base\",\n                            LDAP_SCOPE_SUBTREE,\n                            filter,\n                            NULL,\n                            0,\n                            NULL,\n                            NULL,\n                            LDAP_NO_LIMIT,\n                            LDAP_NO_LIMIT,\n                            &pMessage);\n        if (searchSuccess != LDAP_SUCCESS)\n        {\n            printLine(\"Search failed\");\n            if (pMessage != NULL)\n            {\n                ldap_msgfree(pMessage);\n            }\n            exit(1);\n        }\n        if (pMessage != NULL)\n        {\n            ldap_msgfree(pMessage);\n        }\n        ldap_unbind(pLdapConnection);\n    }\n}",
        "CWE_ID": "CWE-90",
        "question": "Given the provided code snippet, would this code trigger CWE-90?",
        "case_id": "CWE90_LDAP_Injection__w32_char_connect_socket_01_bad",
        "choices": {
            "A": "Yes, this code would trigger CWE-90.",
            "B": "No, this code would not trigger CWE-90.",
            "C": "Cannot tell due to the lack of information."
        },
        "answer": "A"
    },
    {
        "code": "static Sample_Func()\n{\n    char * data;\n    char dataBuffer[256] = \"\";\n    data = dataBuffer;\n    strcat(data, \"Doe, XXXXX\");\n    {\n        LDAP* pLdapConnection = NULL;\n        ULONG connectSuccess = 0L;\n        ULONG searchSuccess = 0L;\n        LDAPMessage *pMessage = NULL;\n        char filter[256];\n        _snprintf(filter, 256-1, \"(cn=%s)\", data);\n        pLdapConnection = ldap_initA(\"localhost\", LDAP_PORT);\n        if (pLdapConnection == NULL)\n        {\n            printLine(\"Initialization failed\");\n            exit(1);\n        }\n        connectSuccess = ldap_connect(pLdapConnection, NULL);\n        if (connectSuccess != LDAP_SUCCESS)\n        {\n            printLine(\"Connection failed\");\n            exit(1);\n        }\n        searchSuccess = ldap_search_ext_sA(\n                            pLdapConnection,\n                            \"base\",\n                            LDAP_SCOPE_SUBTREE,\n                            filter,\n                            NULL,\n                            0,\n                            NULL,\n                            NULL,\n                            LDAP_NO_LIMIT,\n                            LDAP_NO_LIMIT,\n                            &pMessage);\n        if (searchSuccess != LDAP_SUCCESS)\n        {\n            printLine(\"Search failed\");\n            if (pMessage != NULL)\n            {\n                ldap_msgfree(pMessage);\n            }\n            exit(1);\n        }\n        if (pMessage != NULL)\n        {\n            ldap_msgfree(pMessage);\n        }\n        ldap_unbind(pLdapConnection);\n    }\n}",
        "CWE_ID": "CWE-90",
        "question": "Given the provided code snippet, would this code trigger CWE-90?",
        "case_id": "CWE90_LDAP_Injection__w32_char_connect_socket_01_bad",
        "choices": {
            "A": "Yes, this code would trigger CWE-90.",
            "B": "No, this code would not trigger CWE-90.",
            "C": "Cannot tell due to the lack of information."
        },
        "answer": "B"
    }
]