[
    {
        "code": "void Sample_Func()\n{\n    {\n        HANDLE hFile;\n        char * fileName = \"C:\\\\temp\\\\file.txt\";\n        hFile = CreateFileA(\n                    fileName,\n                    FILE_ALL_ACCESS,\n                    FILE_SHARE_READ,\n                    NULL,\n                    CREATE_NEW,\n                    FILE_ATTRIBUTE_NORMAL,\n                    NULL);\n        if (hFile == INVALID_HANDLE_VALUE)\n        {\n            printLine(\"File could not be created\");\n        }\n        else\n        {\n            printLine(\"File created successfully\");\n            CloseHandle(hFile);\n        }\n    }\n}",
        "CWE_ID": "CWE-284",
        "question": "Given the provided code snippet, would this code trigger CWE-284?",
        "case_id": "CWE284_Improper_Access_Control__w32_char_CreateFile_01_bad",
        "choices": {
            "A": "Yes, this code would trigger CWE-284.",
            "B": "No, this code would not trigger CWE-284.",
            "C": "Cannot tell due to the lack of information."
        },
        "answer": "A"
    },
    {
        "code": "static Sample_Func()\n{\n    {\n        HANDLE hFile;\n        char * fileName = \"C:\\\\temp\\\\file.txt\";\n        hFile = CreateFileA(\n                    fileName,\n                    GENERIC_READ,\n                    FILE_SHARE_READ,\n                    NULL,\n                    CREATE_NEW,\n                    FILE_ATTRIBUTE_NORMAL,\n                    NULL);\n        if (hFile == INVALID_HANDLE_VALUE)\n        {\n            printLine(\"File could not be created\");\n        }\n        else\n        {\n            printLine(\"File created successfully\");\n            CloseHandle(hFile);\n        }\n    }\n}",
        "CWE_ID": "CWE-284",
        "question": "Given the provided code snippet, would this code trigger CWE-284?",
        "case_id": "CWE284_Improper_Access_Control__w32_char_CreateFile_01_bad",
        "choices": {
            "A": "Yes, this code would trigger CWE-284.",
            "B": "No, this code would not trigger CWE-284.",
            "C": "Cannot tell due to the lack of information."
        },
        "answer": "B"
    }
]