[
    {
        "code": "void Sample_Func()\n{\n    {\n        twoIntsStruct * pointer = (twoIntsStruct *)malloc(sizeof(twoIntsStruct));\n        if (pointer == NULL) {exit(-1);}\n        twoIntsStruct data = *pointer;  \n        free(pointer);\n        printIntLine(data.intOne);\n        printIntLine(data.intTwo);\n    }\n}",
        "CWE_ID": "CWE-758",
        "question": "Given the provided code snippet, would this code trigger CWE-758?",
        "case_id": "CWE758_Undefined_Behavior__struct_malloc_use_01_bad",
        "choices": {
            "A": "Yes, this code would trigger CWE-758.",
            "B": "No, this code would not trigger CWE-758.",
            "C": "Cannot tell due to the lack of information."
        },
        "answer": "A"
    },
    {
        "code": "static Sample_Func()\n{\n    {\n        twoIntsStruct data;\n        twoIntsStruct * pointer = (twoIntsStruct *)malloc(sizeof(twoIntsStruct));\n        if (pointer == NULL) {exit(-1);}\n        data.intOne = 1;\n        data.intTwo = 2;\n        *pointer = data;  \n        {\n            twoIntsStruct data = *pointer;\n            printIntLine(data.intOne);\n            printIntLine(data.intTwo);\n        }\n        free(pointer);\n    }\n}",
        "CWE_ID": "CWE-758",
        "question": "Given the provided code snippet, would this code trigger CWE-758?",
        "case_id": "CWE758_Undefined_Behavior__struct_malloc_use_01_bad",
        "choices": {
            "A": "Yes, this code would trigger CWE-758.",
            "B": "No, this code would not trigger CWE-758.",
            "C": "Cannot tell due to the lack of information."
        },
        "answer": "B"
    }
]