[
    {
        "code": "void Sample_Func()\n{\n    {\n        wchar_t * keyName = L\"TEST\\\\TestKey\";\n        HUSKEY hKey;\n        if (SHRegCreateUSKeyW(\n                    keyName,\n                    KEY_WRITE,\n                    NULL,\n                    &hKey,\n                    SHREGSET_HKLM) != ERROR_SUCCESS)\n        {\n            printLine(\"Registry key could not be created\");\n        }\n        else\n        {\n            printLine(\"Registry key created successfully\");\n            SHRegCloseUSKey(hKey);\n        }\n    }\n}",
        "CWE_ID": "CWE-272",
        "question": "Given the provided code snippet, would this code trigger CWE-272?",
        "case_id": "CWE272_Least_Privilege_Violation__w32_wchar_t_SHRegCreateUSKey_01_bad",
        "choices": {
            "A": "Yes, this code would trigger CWE-272.",
            "B": "No, this code would not trigger CWE-272.",
            "C": "Cannot tell due to the lack of information."
        },
        "answer": "A"
    },
    {
        "code": "static Sample_Func()\n{\n    {\n        wchar_t * keyName = L\"TEST\\\\TestKey\";\n        HUSKEY hKey;\n        if (SHRegCreateUSKeyW(\n                    keyName,\n                    KEY_WRITE,\n                    NULL,\n                    &hKey,\n                    SHREGSET_HKCU) != ERROR_SUCCESS)\n        {\n            printLine(\"Registry key could not be created\");\n        }\n        else\n        {\n            printLine(\"Registry key created successfully\");\n            SHRegCloseUSKey(hKey);\n        }\n    }\n}",
        "CWE_ID": "CWE-272",
        "question": "Given the provided code snippet, would this code trigger CWE-272?",
        "case_id": "CWE272_Least_Privilege_Violation__w32_wchar_t_SHRegCreateUSKey_01_bad",
        "choices": {
            "A": "Yes, this code would trigger CWE-272.",
            "B": "No, this code would not trigger CWE-272.",
            "C": "Cannot tell due to the lack of information."
        },
        "answer": "B"
    }
]