[
    {
        "code": "void Sample_Func()\n{\n    {\n        wchar_t * password = (wchar_t *)malloc(100*sizeof(wchar_t));\n        if (password == NULL) {exit(-1);}\n        size_t passwordLen = 0;\n        HANDLE hUser;\n        wchar_t * username = L\"User\";\n        wchar_t * domain = L\"Domain\";\n        password[0] = L'\\0';\n        if (fgetws(password, 100, stdin) == NULL)\n        {\n            printLine(\"fgetws() failed\");\n            password[0] = L'\\0';\n        }\n        passwordLen = wcslen(password);\n        if (passwordLen > 0)\n        {\n            password[passwordLen-1] = L'\\0';\n        }\n        if (LogonUserW(\n                    username,\n                    domain,\n                    password,\n                    LOGON32_LOGON_NETWORK,\n                    LOGON32_PROVIDER_DEFAULT,\n                    &hUser) != 0)\n        {\n            printLine(\"User logged in successfully.\");\n            CloseHandle(hUser);\n        }\n        else\n        {\n            printLine(\"Unable to login.\");\n        }\n        password = realloc(password, 200 * sizeof(wchar_t));\n        if (password == NULL) {exit(-1);}\n        SecureZeroMemory(password, 200 * sizeof(wchar_t));\n        wcscpy(password, L\"Nothing to see here\");\n        printWLine(password);\n        free(password);\n    }\n}",
        "CWE_ID": "CWE-244",
        "question": "Given the provided code snippet, would this code trigger CWE-244?",
        "case_id": "CWE244_Heap_Inspection__w32_wchar_t_realloc_01_bad",
        "choices": {
            "A": "Yes, this code would trigger CWE-244.",
            "B": "No, this code would not trigger CWE-244.",
            "C": "Cannot tell due to the lack of information."
        },
        "answer": "A"
    },
    {
        "code": "static Sample_Func()\n{\n    {\n        wchar_t * password = (wchar_t *)malloc(100*sizeof(wchar_t));\n        if (password == NULL) {exit(-1);}\n        size_t passwordLen = 0;\n        HANDLE hUser;\n        wchar_t * username = L\"User\";\n        wchar_t * domain = L\"Domain\";\n        password[0] = L'\\0';\n        if (fgetws(password, 100, stdin) == NULL)\n        {\n            printLine(\"fgetws() failed\");\n            password[0] = L'\\0';\n        }\n        passwordLen = wcslen(password);\n        if (passwordLen > 0)\n        {\n            password[passwordLen-1] = L'\\0';\n        }\n        if (LogonUserW(\n                    username,\n                    domain,\n                    password,\n                    LOGON32_LOGON_NETWORK,\n                    LOGON32_PROVIDER_DEFAULT,\n                    &hUser) != 0)\n        {\n            printLine(\"User logged in successfully.\");\n            CloseHandle(hUser);\n        }\n        else\n        {\n            printLine(\"Unable to login.\");\n        }\n        SecureZeroMemory(password, 100 * sizeof(wchar_t));\n        password = realloc(password, 200 * sizeof(wchar_t));\n        if (password == NULL) {exit(-1);}\n        wcscpy(password, L\"Nothing to see here\");\n        printWLine(password);\n        free(password);\n    }\n}",
        "CWE_ID": "CWE-244",
        "question": "Given the provided code snippet, would this code trigger CWE-244?",
        "case_id": "CWE244_Heap_Inspection__w32_wchar_t_realloc_01_bad",
        "choices": {
            "A": "Yes, this code would trigger CWE-244.",
            "B": "No, this code would not trigger CWE-244.",
            "C": "Cannot tell due to the lack of information."
        },
        "answer": "B"
    }
]