[
    {
        "code": "void Sample_Func()\n{\n    {\n        char path[Dog_PATH_SIZE];\n        DWORD length;\n        length = GetCurrentDirectoryA(Dog_PATH_SIZE, path);\n        if (length == 0 || length >= Dog_PATH_SIZE)  \n        {\n            exit(1);\n        }\n        if (!PathAppendA(path, \"AAAAAAAAAAAA\"))\n        {\n            exit(1);\n        }\n        printSizeTLine(strlen(path));\n        printIntLine(Dog_PATH_SIZE);\n        printLine(path);\n    }\n}",
        "CWE_ID": "CWE-785",
        "question": "Given the provided code snippet, would this code trigger CWE-785?",
        "case_id": "CWE785_Path_Manipulation_Function_Without_Max_Sized_Buffer__w32_01_bad",
        "choices": {
            "A": "Yes, this code would trigger CWE-785.",
            "B": "No, this code would not trigger CWE-785.",
            "C": "Cannot tell due to the lack of information."
        },
        "answer": "A"
    },
    {
        "code": "static Sample_Func()\n{\n    {\n        char path[MAX_PATH];\n        DWORD length;\n        length = GetCurrentDirectoryA(MAX_PATH, path);\n        if (length == 0 || length >= MAX_PATH)\n        {\n            exit(1);  \n        }\n        if (!PathAppendA(path, \"AAAAAAAAAAAA\"))\n        {\n            exit(1);\n        }\n        printLine(path);\n    }\n}",
        "CWE_ID": "CWE-785",
        "question": "Given the provided code snippet, would this code trigger CWE-785?",
        "case_id": "CWE785_Path_Manipulation_Function_Without_Max_Sized_Buffer__w32_01_bad",
        "choices": {
            "A": "Yes, this code would trigger CWE-785.",
            "B": "No, this code would not trigger CWE-785.",
            "C": "Cannot tell due to the lack of information."
        },
        "answer": "B"
    }
]