[
    {
        "code": "void Sample_Func()\n{\n    FILE * data;\n    data = NULL;  \n    data = freopen(\"DogSource_freopen.txt\",\"w+\",stdin);\n    fclose(data);\n    fclose(data);\n}",
        "CWE_ID": "CWE-675",
        "question": "Given the provided code snippet, would this code trigger CWE-675?",
        "case_id": "CWE675_Duplicate_Operations_on_Resource__freopen_01_bad",
        "choices": {
            "A": "Yes, this code would trigger CWE-675.",
            "B": "No, this code would not trigger CWE-675.",
            "C": "Cannot tell due to the lack of information."
        },
        "answer": "A"
    },
    {
        "code": "static Sample_Func_0()\n{\n    FILE * data;\n    data = NULL;  \n    data = fopen(\"CatSource_fopen.txt\", \"w+\");\n    fclose(data);\n}\nstatic Sample_Func_1()\n{\n    FILE * data;\n    data = NULL;  \n    data = freopen(\"DogSource_freopen.txt\",\"w+\",stdin);\n    fclose(data);\n    ;  \n}",
        "CWE_ID": "CWE-675",
        "question": "Given the provided code snippet, would this code trigger CWE-675?",
        "case_id": "CWE675_Duplicate_Operations_on_Resource__freopen_01_bad",
        "choices": {
            "A": "Yes, this code would trigger CWE-675.",
            "B": "No, this code would not trigger CWE-675.",
            "C": "Cannot tell due to the lack of information."
        },
        "answer": "B"
    }
]