[
    {
        "code": "void Sample_Func()\n{\n    long data;\n    data = 5L;\n    data = 10L;\n    printLongLine(data);\n}",
        "CWE_ID": "CWE-563",
        "question": "Given the provided code snippet, would this code trigger CWE-563?",
        "case_id": "CWE563_Unused_Variable__unused_value_long_01_bad",
        "choices": {
            "A": "Yes, this code would trigger CWE-563.",
            "B": "No, this code would not trigger CWE-563.",
            "C": "Cannot tell due to the lack of information."
        },
        "answer": "A"
    },
    {
        "code": "static Sample_Func_0()\n{\n    long data;\n    data = 5L;\n    printLongLine(data);\n    data = 10L;\n    printLongLine(data);\n}\nstatic Sample_Func_1()\n{\n    long data;\n    data = 5L;\n    printLongLine(data);\n}",
        "CWE_ID": "CWE-563",
        "question": "Given the provided code snippet, would this code trigger CWE-563?",
        "case_id": "CWE563_Unused_Variable__unused_value_long_01_bad",
        "choices": {
            "A": "Yes, this code would trigger CWE-563.",
            "B": "No, this code would not trigger CWE-563.",
            "C": "Cannot tell due to the lack of information."
        },
        "answer": "B"
    }
]