[
    {
        "code": "void Sample_Func()\n{\n    {\n        FILETIME ftModified;\n        ULONGLONG qwResult;\n        HANDLE hFile = INVALID_HANDLE_VALUE;\n        do\n        {\n            hFile = CreateFile(TEXT(\"DogFile.txt\"),\n                               GENERIC_READ | GENERIC_WRITE,  \n                               0,\n                               NULL,\n                               CREATE_ALWAYS,\n                               FILE_ATTRIBUTE_NORMAL, NULL);\n            if (hFile == INVALID_HANDLE_VALUE)\n            {\n                break;\n            }\n            if (GetFileTime(hFile,\n                            NULL,\n                            NULL,\n                            &ftModified) == 0)\n            {\n                break;\n            }\n            qwResult = (((ULONGLONG) ftModified.dwHighDateTime) << 32) + ftModified.dwLowDateTime;\n            qwResult -= 10 * _DAY;\n            ftModified.dwLowDateTime  = (DWORD)(qwResult & 0xFFFFFFFF);\n            ftModified.dwHighDateTime = (DWORD)(qwResult >> 32);\n            SetFileTime(hFile,\n                        (LPFILETIME)NULL,\n                        (LPFILETIME)NULL,\n                        &ftModified);\n        }\n        while (0);\n        if (hFile != INVALID_HANDLE_VALUE)\n        {\n            CloseHandle(hFile);\n        }\n    }\n}",
        "CWE_ID": "CWE-506",
        "question": "Given the provided code snippet, would this code trigger CWE-506?",
        "case_id": "CWE506_Embedded_Malicious_Code__w32_file_attrib_modified_01_bad",
        "choices": {
            "A": "Yes, this code would trigger CWE-506.",
            "B": "No, this code would not trigger CWE-506.",
            "C": "Cannot tell due to the lack of information."
        },
        "answer": "A"
    },
    {
        "code": "static Sample_Func()\n{\n    {\n        HANDLE hFile = CreateFile(TEXT(\"CatFile.txt\"),\n                                  GENERIC_READ | GENERIC_WRITE,\n                                  0,\n                                  NULL,\n                                  CREATE_ALWAYS,\n                                  FILE_ATTRIBUTE_NORMAL, NULL);\n        if (hFile != INVALID_HANDLE_VALUE)\n        {\n            CloseHandle(hFile);\n        }\n    }\n}",
        "CWE_ID": "CWE-506",
        "question": "Given the provided code snippet, would this code trigger CWE-506?",
        "case_id": "CWE506_Embedded_Malicious_Code__w32_file_attrib_modified_01_bad",
        "choices": {
            "A": "Yes, this code would trigger CWE-506.",
            "B": "No, this code would not trigger CWE-506.",
            "C": "Cannot tell due to the lack of information."
        },
        "answer": "B"
    }
]