[
    {
        "code": "void Sample_Func()\n{\n    {\n        HANDLE hPipe;\n        wchar_t * pipeName = PIPE_NAME;\n        hPipe = CreateNamedPipeW(\n                    pipeName,\n                    PIPE_ACCESS_DUPLEX,\n                    PIPE_TYPE_MESSAGE | PIPE_READMODE_MESSAGE | PIPE_WAIT,\n                    PIPE_UNLIMITED_INSTANCES,\n                    BUFSIZE,\n                    BUFSIZE,\n                    0,\n                    NULL);\n        if (hPipe == INVALID_HANDLE_VALUE)\n        {\n            printLine(\"Windows pipe creation failed\");\n        }\n        else\n        {\n            printLine(\"Windows pipe created successfully\");\n            CloseHandle(hPipe);\n        }\n    }\n}",
        "CWE_ID": "CWE-284",
        "question": "Given the provided code snippet, would this code trigger CWE-284?",
        "case_id": "CWE284_Improper_Access_Control__w32_wchar_t_CreateNamedPipe_01_bad",
        "choices": {
            "A": "Yes, this code would trigger CWE-284.",
            "B": "No, this code would not trigger CWE-284.",
            "C": "Cannot tell due to the lack of information."
        },
        "answer": "A"
    },
    {
        "code": "static Sample_Func()\n{\n    {\n        HANDLE hPipe;\n        wchar_t * pipeName = PIPE_NAME;\n        hPipe = CreateNamedPipeW(\n                    pipeName,\n                    FILE_FLAG_FIRST_PIPE_INSTANCE | PIPE_ACCESS_DUPLEX,\n                    PIPE_TYPE_MESSAGE | PIPE_READMODE_MESSAGE | PIPE_WAIT,\n                    PIPE_UNLIMITED_INSTANCES,\n                    BUFSIZE,\n                    BUFSIZE,\n                    0,\n                    NULL);\n        if (hPipe == INVALID_HANDLE_VALUE)\n        {\n            printLine(\"Windows pipe creation failed\");\n        }\n        else\n        {\n            printLine(\"Windows pipe created successfully\");\n            CloseHandle(hPipe);\n        }\n    }\n}",
        "CWE_ID": "CWE-284",
        "question": "Given the provided code snippet, would this code trigger CWE-284?",
        "case_id": "CWE284_Improper_Access_Control__w32_wchar_t_CreateNamedPipe_01_bad",
        "choices": {
            "A": "Yes, this code would trigger CWE-284.",
            "B": "No, this code would not trigger CWE-284.",
            "C": "Cannot tell due to the lack of information."
        },
        "answer": "B"
    }
]