[
    {
        "code": "void Sample_Func()\n{\n    wchar_t data;\n    data = L'W';\n    data = L'Z';\n    printf(\"%02lx\\n\", data);\n}",
        "CWE_ID": "CWE-563",
        "question": "Given the provided code snippet, would this code trigger CWE-563?",
        "case_id": "CWE563_Unused_Variable__unused_value_wchar_t_01_bad",
        "choices": {
            "A": "Yes, this code would trigger CWE-563.",
            "B": "No, this code would not trigger CWE-563.",
            "C": "Cannot tell due to the lack of information."
        },
        "answer": "A"
    },
    {
        "code": "static Sample_Func_0()\n{\n    wchar_t data;\n    data = L'W';\n    printf(\"%02lx\\n\", data);\n    data = L'Z';\n    printf(\"%02lx\\n\", data);\n}\nstatic Sample_Func_1()\n{\n    wchar_t data;\n    data = L'W';\n    printf(\"%02lx\\n\", data);\n}",
        "CWE_ID": "CWE-563",
        "question": "Given the provided code snippet, would this code trigger CWE-563?",
        "case_id": "CWE563_Unused_Variable__unused_value_wchar_t_01_bad",
        "choices": {
            "A": "Yes, this code would trigger CWE-563.",
            "B": "No, this code would not trigger CWE-563.",
            "C": "Cannot tell due to the lack of information."
        },
        "answer": "B"
    }
]