[
    {
        "code": "void Sample_Func()\n{\n    int data;\n    data = -1;\n    {\n#ifdef _WIN32\n        WSADATA wsaData;\n        int wsaDataInit = 0;\n#endif\n        int recvResult;\n        struct sockaddr_in service;\n        SOCKET listenSocket = INVALID_SOCKET;\n        SOCKET acceptSocket = INVALID_SOCKET;\n        char inputBuffer[CHAR_ARRAY_SIZE];\n        do\n        {\n#ifdef _WIN32\n            if (WSAStartup(MAKEWORD(2,2), &wsaData) != NO_ERROR)\n            {\n                break;\n            }\n            wsaDataInit = 1;\n#endif\n            listenSocket = socket(AF_INET, SOCK_STREAM, IPPROTO_TCP);\n            if (listenSocket == INVALID_SOCKET)\n            {\n                break;\n            }\n            memset(&service, 0, sizeof(service));\n            service.sin_family = AF_INET;\n            service.sin_addr.s_addr = INADDR_ANY;\n            service.sin_port = htons(TCP_PORT);\n            if (bind(listenSocket, (struct sockaddr*)&service, sizeof(service)) == SOCKET_ERROR)\n            {\n                break;\n            }\n            if (listen(listenSocket, LISTEN_BACKLOG) == SOCKET_ERROR)\n            {\n                break;\n            }\n            acceptSocket = accept(listenSocket, NULL, NULL);\n            if (acceptSocket == SOCKET_ERROR)\n            {\n                break;\n            }\n            recvResult = recv(acceptSocket, inputBuffer, CHAR_ARRAY_SIZE - 1, 0);\n            if (recvResult == SOCKET_ERROR || recvResult == 0)\n            {\n                break;\n            }\n            inputBuffer[recvResult] = '\\0';\n            data = atoi(inputBuffer);\n        }\n        while (0);\n        if (listenSocket != INVALID_SOCKET)\n        {\n            CLOSE_SOCKET(listenSocket);\n        }\n        if (acceptSocket != INVALID_SOCKET)\n        {\n            CLOSE_SOCKET(acceptSocket);\n        }\n#ifdef _WIN32\n        if (wsaDataInit)\n        {\n            WSACleanup();\n        }\n#endif\n    }\n    assert(data > ASSERT_VALUE);\n}",
        "CWE_ID": "CWE-617",
        "question": "Given the provided code snippet, would this code trigger CWE-617?",
        "case_id": "CWE617_Reachable_Assertion__listen_socket_01_bad",
        "choices": {
            "A": "Yes, this code would trigger CWE-617.",
            "B": "No, this code would not trigger CWE-617.",
            "C": "Cannot tell due to the lack of information."
        },
        "answer": "A"
    },
    {
        "code": "static Sample_Func()\n{\n    int data;\n    data = -1;\n    data = ASSERT_VALUE+1;\n    assert(data > ASSERT_VALUE);\n}",
        "CWE_ID": "CWE-617",
        "question": "Given the provided code snippet, would this code trigger CWE-617?",
        "case_id": "CWE617_Reachable_Assertion__listen_socket_01_bad",
        "choices": {
            "A": "Yes, this code would trigger CWE-617.",
            "B": "No, this code would not trigger CWE-617.",
            "C": "Cannot tell due to the lack of information."
        },
        "answer": "B"
    }
]