[
    {
        "code": "void Sample_Func()\n{\n    twoIntsStruct * data;\n    data = NULL;\n    printIntLine(data->intOne);\n}",
        "CWE_ID": "CWE-476",
        "question": "Given the provided code snippet, would this code trigger CWE-476?",
        "case_id": "CWE476_NULL_Pointer_Dereference__struct_01_bad",
        "choices": {
            "A": "Yes, this code would trigger CWE-476.",
            "B": "No, this code would not trigger CWE-476.",
            "C": "Cannot tell due to the lack of information."
        },
        "answer": "A"
    },
    {
        "code": "static Sample_Func_0()\n{\n    twoIntsStruct * data;\n    twoIntsStruct tmpData;\n    {\n        tmpData.intOne = 0;\n        tmpData.intTwo = 0;\n        data = &tmpData;\n    }\n    printIntLine(data->intOne);\n}\nstatic Sample_Func_1()\n{\n    twoIntsStruct * data;\n    data = NULL;\n    if (data != NULL)\n    {\n        printIntLine(data->intOne);\n    }\n    else\n    {\n        printLine(\"data is NULL\");\n    }\n}",
        "CWE_ID": "CWE-476",
        "question": "Given the provided code snippet, would this code trigger CWE-476?",
        "case_id": "CWE476_NULL_Pointer_Dereference__struct_01_bad",
        "choices": {
            "A": "Yes, this code would trigger CWE-476.",
            "B": "No, this code would not trigger CWE-476.",
            "C": "Cannot tell due to the lack of information."
        },
        "answer": "B"
    }
]