[
    {
        "code": "void Sample_Func()\n{\n    {\n        BYTE payload[100];\n        DWORD payloadLen = strlen(PAYLOAD);\n        HCRYPTPROV hCryptProv = (HCRYPTPROV)NULL;\n        HCRYPTHASH hHash = (HCRYPTHASH)NULL;\n        HCRYPTKEY hKey = (HCRYPTKEY)NULL;\n        char hashData[100] = HASH_INPUT;\n        do\n        {\n            memcpy(payload, PAYLOAD, payloadLen);\n            if(!CryptAcquireContext(&hCryptProv, NULL, MS_ENH_RSA_AES_PROV, PROV_RSA_AES, 0))\n            {\n                break;\n            }\n            if(!CryptCreateHash(hCryptProv, CALG_SHA_256, 0, 0, &hHash))\n            {\n                break;\n            }\n            if(!CryptHashData(hHash, (BYTE*)hashData, strlen(hashData), 0))\n            {\n                break;\n            }\n            if(!CryptEncrypt(hKey, 0, 1, 0, payload, &payloadLen, sizeof(payload)))\n            {\n                break;\n            }\n        }\n        while (0);\n        if (hKey)\n        {\n            CryptDestroyKey(hKey);\n        }\n        if (hHash)\n        {\n            CryptDestroyHash(hHash);\n        }\n        if (hCryptProv)\n        {\n            CryptReleaseContext(hCryptProv, 0);\n        }\n        printBytesLine(payload, payloadLen);\n    }\n}",
        "CWE_ID": "CWE-325",
        "question": "Given the provided code snippet, would this code trigger CWE-325?",
        "case_id": "CWE325_Missing_Required_Cryptographic_Step__w32_CryptDeriveKey_01_bad",
        "choices": {
            "A": "Yes, this code would trigger CWE-325.",
            "B": "No, this code would not trigger CWE-325.",
            "C": "Cannot tell due to the lack of information."
        },
        "answer": "A"
    },
    {
        "code": "static Sample_Func()\n{\n    {\n        BYTE payload[100];\n        DWORD payloadLen = strlen(PAYLOAD);\n        HCRYPTPROV hCryptProv = (HCRYPTPROV)NULL;\n        HCRYPTHASH hHash = (HCRYPTHASH)NULL;\n        HCRYPTKEY hKey = (HCRYPTKEY)NULL;\n        char hashData[100] = HASH_INPUT;\n        do\n        {\n            memcpy(payload, PAYLOAD, payloadLen);\n            if(!CryptAcquireContext(&hCryptProv, NULL, MS_ENH_RSA_AES_PROV, PROV_RSA_AES, 0))\n            {\n                break;\n            }\n            if(!CryptCreateHash(hCryptProv, CALG_SHA_256, 0, 0, &hHash))\n            {\n                break;\n            }\n            if(!CryptHashData(hHash, (BYTE*)hashData, strlen(hashData), 0))\n            {\n                break;\n            }\n            if(!CryptDeriveKey(hCryptProv, CALG_AES_256, hHash, 0, &hKey))\n            {\n                break;\n            }\n            if(!CryptEncrypt(hKey, 0, 1, 0, payload, &payloadLen, sizeof(payload)))\n            {\n                break;\n            }\n        }\n        while (0);\n        if (hKey)\n        {\n            CryptDestroyKey(hKey);\n        }\n        if (hHash)\n        {\n            CryptDestroyHash(hHash);\n        }\n        if (hCryptProv)\n        {\n            CryptReleaseContext(hCryptProv, 0);\n        }\n        printBytesLine(payload, payloadLen);\n    }\n}",
        "CWE_ID": "CWE-325",
        "question": "Given the provided code snippet, would this code trigger CWE-325?",
        "case_id": "CWE325_Missing_Required_Cryptographic_Step__w32_CryptDeriveKey_01_bad",
        "choices": {
            "A": "Yes, this code would trigger CWE-325.",
            "B": "No, this code would not trigger CWE-325.",
            "C": "Cannot tell due to the lack of information."
        },
        "answer": "B"
    }
]