[
    {
        "code": "void Sample_Func()\n{\n    int data;\n    data = -1;\n    data = OPEN(\"DogSource_open.txt\", O_RDWR|O_CREAT, S_IREAD|S_IWRITE);\n    if (data != -1)\n    {\n        fclose((FILE *)data);\n    }\n}",
        "CWE_ID": "CWE-404",
        "question": "Given the provided code snippet, would this code trigger CWE-404?",
        "case_id": "CWE404_Improper_Resource_Shutdown__open_fclose_01_bad",
        "choices": {
            "A": "Yes, this code would trigger CWE-404.",
            "B": "No, this code would not trigger CWE-404.",
            "C": "Cannot tell due to the lack of information."
        },
        "answer": "A"
    },
    {
        "code": "static Sample_Func()\n{\n    int data;\n    data = -1;\n    data = OPEN(\"DogSource_open.txt\", O_RDWR|O_CREAT, S_IREAD|S_IWRITE);\n    if (data != -1)\n    {\n        CLOSE(data);\n    }\n}",
        "CWE_ID": "CWE-404",
        "question": "Given the provided code snippet, would this code trigger CWE-404?",
        "case_id": "CWE404_Improper_Resource_Shutdown__open_fclose_01_bad",
        "choices": {
            "A": "Yes, this code would trigger CWE-404.",
            "B": "No, this code would not trigger CWE-404.",
            "C": "Cannot tell due to the lack of information."
        },
        "answer": "B"
    }
]