[
    {
        "code": "void Sample_Func()\n{\n    wchar_t * data;\n    wchar_t dataBuffer[100];\n    data = dataBuffer;\n    ;  \n    {\n        size_t sourceLen;\n        wchar_t source[100];\n        wmemset(source, L'C', 100-1);  \n        source[100-1] = L'\\0';  \n        sourceLen = wcslen(source);\n        wcsncat(data, source, sourceLen);\n        printWLine(data);\n    }\n}",
        "CWE_ID": "CWE-665",
        "question": "Given the provided code snippet, would this code trigger CWE-665?",
        "case_id": "CWE665_Improper_Initialization__wchar_t_ncat_01_bad",
        "choices": {
            "A": "Yes, this code would trigger CWE-665.",
            "B": "No, this code would not trigger CWE-665.",
            "C": "Cannot tell due to the lack of information."
        },
        "answer": "A"
    },
    {
        "code": "static Sample_Func()\n{\n    wchar_t * data;\n    wchar_t dataBuffer[100];\n    data = dataBuffer;\n    data[0] = L'\\0';  \n    {\n        size_t sourceLen;\n        wchar_t source[100];\n        wmemset(source, L'C', 100-1);  \n        source[100-1] = L'\\0';  \n        sourceLen = wcslen(source);\n        wcsncat(data, source, sourceLen);\n        printWLine(data);\n    }\n}",
        "CWE_ID": "CWE-665",
        "question": "Given the provided code snippet, would this code trigger CWE-665?",
        "case_id": "CWE665_Improper_Initialization__wchar_t_ncat_01_bad",
        "choices": {
            "A": "Yes, this code would trigger CWE-665.",
            "B": "No, this code would not trigger CWE-665.",
            "C": "Cannot tell due to the lack of information."
        },
        "answer": "B"
    }
]