[
    {
        "code": "void Sample_Func()\n{\n    wchar_t * password;\n    wchar_t passwordBuffer[100] = L\"\";\n    password = passwordBuffer;\n    {\n        WSADATA wsaData;\n        int wsaDataInit = 0;\n        int recvResult;\n        struct sockaddr_in service;\n        wchar_t *replace;\n        SOCKET connectSocket = INVALID_SOCKET;\n        size_t passwordLen = wcslen(password);\n        do\n        {\n            if (WSAStartup(MAKEWORD(2,2), &wsaData) != NO_ERROR)\n            {\n                break;\n            }\n            wsaDataInit = 1;\n            connectSocket = socket(AF_INET, SOCK_STREAM, IPPROTO_TCP);\n            if (connectSocket == INVALID_SOCKET)\n            {\n                break;\n            }\n            memset(&service, 0, sizeof(service));\n            service.sin_family = AF_INET;\n            service.sin_addr.s_addr = inet_addr(IP_ADDRESS);\n            service.sin_port = htons(TCP_PORT);\n            if (connect(connectSocket, (struct sockaddr*)&service, sizeof(service)) == SOCKET_ERROR)\n            {\n                break;\n            }\n            recvResult = recv(connectSocket, (char*)(password + passwordLen), (100 - passwordLen - 1) * sizeof(wchar_t), 0);\n            if (recvResult == SOCKET_ERROR || recvResult == 0)\n            {\n                break;\n            }\n            password[passwordLen + recvResult / sizeof(wchar_t)] = L'\\0';\n            replace = wcschr(password, L'\\r');\n            if (replace)\n            {\n                *replace = L'\\0';\n            }\n            replace = wcschr(password, L'\\n');\n            if (replace)\n            {\n                *replace = L'\\0';\n            }\n        }\n        while (0);\n        if (connectSocket != INVALID_SOCKET)\n        {\n            closesocket(connectSocket);\n        }\n        if (wsaDataInit)\n        {\n            WSACleanup();\n        }\n    }\n    {\n        HANDLE pHandle;\n        wchar_t * username = L\"User\";\n        wchar_t * domain = L\"Domain\";\n        if (LogonUserW(\n                    username,\n                    domain,\n                    password,\n                    LOGON32_LOGON_NETWORK,\n                    LOGON32_PROVIDER_DEFAULT,\n                    &pHandle) != 0)\n        {\n            printLine(\"User logged in successfully.\");\n            CloseHandle(pHandle);\n        }\n        else\n        {\n            printLine(\"Unable to login.\");\n        }\n    }\n}",
        "CWE_ID": "CWE-319",
        "question": "Given the provided code snippet, would this code trigger CWE-319?",
        "case_id": "CWE319_Cleartext_Tx_Sensitive_Info__w32_wchar_t_connect_socket_01_bad",
        "choices": {
            "A": "Yes, this code would trigger CWE-319.",
            "B": "No, this code would not trigger CWE-319.",
            "C": "Cannot tell due to the lack of information."
        },
        "answer": "A"
    },
    {
        "code": "static Sample_Func_0()\n{\n    wchar_t * password;\n    wchar_t passwordBuffer[100] = L\"\";\n    password = passwordBuffer;\n    wcscpy(password, L\"Password1234!\");\n    {\n        HANDLE pHandle;\n        wchar_t * username = L\"User\";\n        wchar_t * domain = L\"Domain\";\n        if (LogonUserW(\n                    username,\n                    domain,\n                    password,\n                    LOGON32_LOGON_NETWORK,\n                    LOGON32_PROVIDER_DEFAULT,\n                    &pHandle) != 0)\n        {\n            printLine(\"User logged in successfully.\");\n            CloseHandle(pHandle);\n        }\n        else\n        {\n            printLine(\"Unable to login.\");\n        }\n    }\n}\nstatic Sample_Func_1()\n{\n    wchar_t * password;\n    wchar_t passwordBuffer[100] = L\"\";\n    password = passwordBuffer;\n    {\n        WSADATA wsaData;\n        int wsaDataInit = 0;\n        int recvResult;\n        struct sockaddr_in service;\n        wchar_t *replace;\n        SOCKET connectSocket = INVALID_SOCKET;\n        size_t passwordLen = wcslen(password);\n        do\n        {\n            if (WSAStartup(MAKEWORD(2,2), &wsaData) != NO_ERROR)\n            {\n                break;\n            }\n            wsaDataInit = 1;\n            connectSocket = socket(AF_INET, SOCK_STREAM, IPPROTO_TCP);\n            if (connectSocket == INVALID_SOCKET)\n            {\n                break;\n            }\n            memset(&service, 0, sizeof(service));\n            service.sin_family = AF_INET;\n            service.sin_addr.s_addr = inet_addr(IP_ADDRESS);\n            service.sin_port = htons(TCP_PORT);\n            if (connect(connectSocket, (struct sockaddr*)&service, sizeof(service)) == SOCKET_ERROR)\n            {\n                break;\n            }\n            recvResult = recv(connectSocket, (char*)(password + passwordLen), (100 - passwordLen - 1) * sizeof(wchar_t), 0);\n            if (recvResult == SOCKET_ERROR || recvResult == 0)\n            {\n                break;\n            }\n            password[passwordLen + recvResult / sizeof(wchar_t)] = L'\\0';\n            replace = wcschr(password, L'\\r');\n            if (replace)\n            {\n                *replace = L'\\0';\n            }\n            replace = wcschr(password, L'\\n');\n            if (replace)\n            {\n                *replace = L'\\0';\n            }\n        }\n        while (0);\n        if (connectSocket != INVALID_SOCKET)\n        {\n            closesocket(connectSocket);\n        }\n        if (wsaDataInit)\n        {\n            WSACleanup();\n        }\n    }\n    {\n        HCRYPTPROV hCryptProv = 0;\n        HCRYPTHASH hHash = 0;\n        HCRYPTKEY hKey = 0;\n        char hashData[100] = HASH_INPUT;\n        HANDLE pHandle;\n        wchar_t * username = L\"User\";\n        wchar_t * domain = L\"Domain\";\n        do\n        {\n            BYTE payload[(100 - 1) * sizeof(wchar_t)];  \n            DWORD payloadBytes;\n            payloadBytes = decodeHexWChars(payload, sizeof(payload), password);\n            SecureZeroMemory(password, 100 * sizeof(wchar_t));\n            if(!CryptAcquireContext(&hCryptProv, NULL, MS_ENH_RSA_AES_PROV, PROV_RSA_AES, 0))\n            {\n                break;\n            }\n            if(!CryptCreateHash(hCryptProv, CALG_SHA_256, 0, 0, &hHash))\n            {\n                break;\n            }\n            if(!CryptHashData(hHash, (BYTE*)hashData, strlen(hashData), 0))\n            {\n                break;\n            }\n            if(!CryptDeriveKey(hCryptProv, CALG_AES_256, hHash, 0, &hKey))\n            {\n                break;\n            }\n            if(!CryptDecrypt(hKey, 0, 1, 0, payload, &payloadBytes))\n            {\n                break;\n            }\n            memcpy(password, payload, payloadBytes);\n            password[payloadBytes / sizeof(wchar_t)] = L'\\0';\n        }\n        while (0);\n        if (hKey)\n        {\n            CryptDestroyKey(hKey);\n        }\n        if (hHash)\n        {\n            CryptDestroyHash(hHash);\n        }\n        if (hCryptProv)\n        {\n            CryptReleaseContext(hCryptProv, 0);\n        }\n        if (LogonUserW(\n                    username,\n                    domain,\n                    password,\n                    LOGON32_LOGON_NETWORK,\n                    LOGON32_PROVIDER_DEFAULT,\n                    &pHandle) != 0)\n        {\n            printLine(\"User logged in successfully.\");\n            CloseHandle(pHandle);\n        }\n        else\n        {\n            printLine(\"Unable to login.\");\n        }\n    }\n}",
        "CWE_ID": "CWE-319",
        "question": "Given the provided code snippet, would this code trigger CWE-319?",
        "case_id": "CWE319_Cleartext_Tx_Sensitive_Info__w32_wchar_t_connect_socket_01_bad",
        "choices": {
            "A": "Yes, this code would trigger CWE-319.",
            "B": "No, this code would not trigger CWE-319.",
            "C": "Cannot tell due to the lack of information."
        },
        "answer": "B"
    }
]