[
    {
        "code": "void Sample_Func()\n{\n    wchar_t * data;\n    wchar_t dataBuffer[100] = L\"\";\n    data = dataBuffer;\n    {\n        size_t dataLen = wcslen(data);\n        FILE * pFile;\n        if (100-dataLen > 1)\n        {\n            pFile = fopen(FILENAME, \"r\");\n            if (pFile != NULL)\n            {\n                if (fgetws(data+dataLen, (int)(100-dataLen), pFile) == NULL)\n                {\n                    printLine(\"fgetws() failed\");\n                    data[dataLen] = L'\\0';\n                }\n                fclose(pFile);\n            }\n        }\n    }\n    {\n        int i, n, intVariable;\n        if (swscanf(data, L\"%d\", &n) == 1)\n        {\n            intVariable = 0;\n            for (i = 0; i < n; i++)\n            {\n                intVariable++;  \n            }\n            printIntLine(intVariable);\n        }\n    }\n}",
        "CWE_ID": "CWE-606",
        "question": "Given the provided code snippet, would this code trigger CWE-606?",
        "case_id": "CWE606_Unchecked_Loop_Condition__wchar_t_file_01_bad",
        "choices": {
            "A": "Yes, this code would trigger CWE-606.",
            "B": "No, this code would not trigger CWE-606.",
            "C": "Cannot tell due to the lack of information."
        },
        "answer": "A"
    },
    {
        "code": "static Sample_Func_0()\n{\n    wchar_t * data;\n    wchar_t dataBuffer[100] = L\"\";\n    data = dataBuffer;\n    wcscpy(data, L\"15\");\n    {\n        int i, n, intVariable;\n        if (swscanf(data, L\"%d\", &n) == 1)\n        {\n            intVariable = 0;\n            for (i = 0; i < n; i++)\n            {\n                intVariable++;  \n            }\n            printIntLine(intVariable);\n        }\n    }\n}\nstatic Sample_Func_1()\n{\n    wchar_t * data;\n    wchar_t dataBuffer[100] = L\"\";\n    data = dataBuffer;\n    {\n        size_t dataLen = wcslen(data);\n        FILE * pFile;\n        if (100-dataLen > 1)\n        {\n            pFile = fopen(FILENAME, \"r\");\n            if (pFile != NULL)\n            {\n                if (fgetws(data+dataLen, (int)(100-dataLen), pFile) == NULL)\n                {\n                    printLine(\"fgetws() failed\");\n                    data[dataLen] = L'\\0';\n                }\n                fclose(pFile);\n            }\n        }\n    }\n    {\n        int i, n, intVariable;\n        if (swscanf(data, L\"%d\", &n) == 1)\n        {\n            if (n < MAX_LOOP)\n            {\n                intVariable = 0;\n                for (i = 0; i < n; i++)\n                {\n                    intVariable++;  \n                }\n                printIntLine(intVariable);\n            }\n        }\n    }\n}",
        "CWE_ID": "CWE-606",
        "question": "Given the provided code snippet, would this code trigger CWE-606?",
        "case_id": "CWE606_Unchecked_Loop_Condition__wchar_t_file_01_bad",
        "choices": {
            "A": "Yes, this code would trigger CWE-606.",
            "B": "No, this code would not trigger CWE-606.",
            "C": "Cannot tell due to the lack of information."
        },
        "answer": "B"
    }
]