[
    {
        "code": "void Sample_Func()\n{\n    char * data;\n    char dataBuffer[100];\n    data = dataBuffer;\n    ;  \n    {\n        char source[100];\n        memset(source, 'C', 100-1);  \n        source[100-1] = '\\0';  \n        strcat(data, source);\n        printLine(data);\n    }\n}",
        "CWE_ID": "CWE-665",
        "question": "Given the provided code snippet, would this code trigger CWE-665?",
        "case_id": "CWE665_Improper_Initialization__char_cat_01_bad",
        "choices": {
            "A": "Yes, this code would trigger CWE-665.",
            "B": "No, this code would not trigger CWE-665.",
            "C": "Cannot tell due to the lack of information."
        },
        "answer": "A"
    },
    {
        "code": "static Sample_Func()\n{\n    char * data;\n    char dataBuffer[100];\n    data = dataBuffer;\n    data[0] = '\\0';  \n    {\n        char source[100];\n        memset(source, 'C', 100-1);  \n        source[100-1] = '\\0';  \n        strcat(data, source);\n        printLine(data);\n    }\n}",
        "CWE_ID": "CWE-665",
        "question": "Given the provided code snippet, would this code trigger CWE-665?",
        "case_id": "CWE665_Improper_Initialization__char_cat_01_bad",
        "choices": {
            "A": "Yes, this code would trigger CWE-665.",
            "B": "No, this code would not trigger CWE-665.",
            "C": "Cannot tell due to the lack of information."
        },
        "answer": "B"
    }
]