[
    {
        "code": "void Sample_Func()\n{\n    char * data;\n    char dataBuffer[100] = \"\";\n    data = dataBuffer;\n    {\n#ifdef _WIN32\n        WSADATA wsaData;\n        int wsaDataInit = 0;\n#endif\n        int recvResult;\n        struct sockaddr_in service;\n        char *replace;\n        SOCKET listenSocket = INVALID_SOCKET;\n        SOCKET acceptSocket = INVALID_SOCKET;\n        size_t dataLen = strlen(data);\n        do\n        {\n#ifdef _WIN32\n            if (WSAStartup(MAKEWORD(2,2), &wsaData) != NO_ERROR)\n            {\n                break;\n            }\n            wsaDataInit = 1;\n#endif\n            listenSocket = socket(AF_INET, SOCK_STREAM, IPPROTO_TCP);\n            if (listenSocket == INVALID_SOCKET)\n            {\n                break;\n            }\n            memset(&service, 0, sizeof(service));\n            service.sin_family = AF_INET;\n            service.sin_addr.s_addr = INADDR_ANY;\n            service.sin_port = htons(TCP_PORT);\n            if (bind(listenSocket, (struct sockaddr*)&service, sizeof(service)) == SOCKET_ERROR)\n            {\n                break;\n            }\n            if (listen(listenSocket, LISTEN_BACKLOG) == SOCKET_ERROR)\n            {\n                break;\n            }\n            acceptSocket = accept(listenSocket, NULL, NULL);\n            if (acceptSocket == SOCKET_ERROR)\n            {\n                break;\n            }\n            recvResult = recv(acceptSocket, (char *)(data + dataLen), sizeof(char) * (100 - dataLen - 1), 0);\n            if (recvResult == SOCKET_ERROR || recvResult == 0)\n            {\n                break;\n            }\n            data[dataLen + recvResult / sizeof(char)] = '\\0';\n            replace = strchr(data, '\\r');\n            if (replace)\n            {\n                *replace = '\\0';\n            }\n            replace = strchr(data, '\\n');\n            if (replace)\n            {\n                *replace = '\\0';\n            }\n        }\n        while (0);\n        if (listenSocket != INVALID_SOCKET)\n        {\n            CLOSE_SOCKET(listenSocket);\n        }\n        if (acceptSocket != INVALID_SOCKET)\n        {\n            CLOSE_SOCKET(acceptSocket);\n        }\n#ifdef _WIN32\n        if (wsaDataInit)\n        {\n            WSACleanup();\n        }\n#endif\n    }\n    {\n        int i, n, intVariable;\n        if (sscanf(data, \"%d\", &n) == 1)\n        {\n            intVariable = 0;\n            for (i = 0; i < n; i++)\n            {\n                intVariable++;  \n            }\n            printIntLine(intVariable);\n        }\n    }\n}",
        "CWE_ID": "CWE-606",
        "question": "Given the provided code snippet, would this code trigger CWE-606?",
        "case_id": "CWE606_Unchecked_Loop_Condition__char_listen_socket_01_bad",
        "choices": {
            "A": "Yes, this code would trigger CWE-606.",
            "B": "No, this code would not trigger CWE-606.",
            "C": "Cannot tell due to the lack of information."
        },
        "answer": "A"
    },
    {
        "code": "static Sample_Func_0()\n{\n    char * data;\n    char dataBuffer[100] = \"\";\n    data = dataBuffer;\n    strcpy(data, \"15\");\n    {\n        int i, n, intVariable;\n        if (sscanf(data, \"%d\", &n) == 1)\n        {\n            intVariable = 0;\n            for (i = 0; i < n; i++)\n            {\n                intVariable++;  \n            }\n            printIntLine(intVariable);\n        }\n    }\n}\nstatic Sample_Func_1()\n{\n    char * data;\n    char dataBuffer[100] = \"\";\n    data = dataBuffer;\n    {\n#ifdef _WIN32\n        WSADATA wsaData;\n        int wsaDataInit = 0;\n#endif\n        int recvResult;\n        struct sockaddr_in service;\n        char *replace;\n        SOCKET listenSocket = INVALID_SOCKET;\n        SOCKET acceptSocket = INVALID_SOCKET;\n        size_t dataLen = strlen(data);\n        do\n        {\n#ifdef _WIN32\n            if (WSAStartup(MAKEWORD(2,2), &wsaData) != NO_ERROR)\n            {\n                break;\n            }\n            wsaDataInit = 1;\n#endif\n            listenSocket = socket(AF_INET, SOCK_STREAM, IPPROTO_TCP);\n            if (listenSocket == INVALID_SOCKET)\n            {\n                break;\n            }\n            memset(&service, 0, sizeof(service));\n            service.sin_family = AF_INET;\n            service.sin_addr.s_addr = INADDR_ANY;\n            service.sin_port = htons(TCP_PORT);\n            if (bind(listenSocket, (struct sockaddr*)&service, sizeof(service)) == SOCKET_ERROR)\n            {\n                break;\n            }\n            if (listen(listenSocket, LISTEN_BACKLOG) == SOCKET_ERROR)\n            {\n                break;\n            }\n            acceptSocket = accept(listenSocket, NULL, NULL);\n            if (acceptSocket == SOCKET_ERROR)\n            {\n                break;\n            }\n            recvResult = recv(acceptSocket, (char *)(data + dataLen), sizeof(char) * (100 - dataLen - 1), 0);\n            if (recvResult == SOCKET_ERROR || recvResult == 0)\n            {\n                break;\n            }\n            data[dataLen + recvResult / sizeof(char)] = '\\0';\n            replace = strchr(data, '\\r');\n            if (replace)\n            {\n                *replace = '\\0';\n            }\n            replace = strchr(data, '\\n');\n            if (replace)\n            {\n                *replace = '\\0';\n            }\n        }\n        while (0);\n        if (listenSocket != INVALID_SOCKET)\n        {\n            CLOSE_SOCKET(listenSocket);\n        }\n        if (acceptSocket != INVALID_SOCKET)\n        {\n            CLOSE_SOCKET(acceptSocket);\n        }\n#ifdef _WIN32\n        if (wsaDataInit)\n        {\n            WSACleanup();\n        }\n#endif\n    }\n    {\n        int i, n, intVariable;\n        if (sscanf(data, \"%d\", &n) == 1)\n        {\n            if (n < MAX_LOOP)\n            {\n                intVariable = 0;\n                for (i = 0; i < n; i++)\n                {\n                    intVariable++;  \n                }\n                printIntLine(intVariable);\n            }\n        }\n    }\n}",
        "CWE_ID": "CWE-606",
        "question": "Given the provided code snippet, would this code trigger CWE-606?",
        "case_id": "CWE606_Unchecked_Loop_Condition__char_listen_socket_01_bad",
        "choices": {
            "A": "Yes, this code would trigger CWE-606.",
            "B": "No, this code would not trigger CWE-606.",
            "C": "Cannot tell due to the lack of information."
        },
        "answer": "B"
    }
]