[
    {
        "code": "void Sample_Func()\n{\n    int data;\n    data = -1;\n    data = OPEN(\"DogSource_open.txt\", O_RDWR|O_CREAT, S_IREAD|S_IWRITE);\n    ;  \n}",
        "CWE_ID": "CWE-775",
        "question": "Given the provided code snippet, would this code trigger CWE-775?",
        "case_id": "CWE775_Missing_Release_of_File_Descriptor_or_Handle__open_no_close_01_bad",
        "choices": {
            "A": "Yes, this code would trigger CWE-775.",
            "B": "No, this code would not trigger CWE-775.",
            "C": "Cannot tell due to the lack of information."
        },
        "answer": "A"
    },
    {
        "code": "static Sample_Func()\n{\n    int data;\n    data = -1;\n    data = OPEN(\"DogSource_open.txt\", O_RDWR|O_CREAT, S_IREAD|S_IWRITE);\n    if (data != -1)\n    {\n        CLOSE(data);\n    }\n}",
        "CWE_ID": "CWE-775",
        "question": "Given the provided code snippet, would this code trigger CWE-775?",
        "case_id": "CWE775_Missing_Release_of_File_Descriptor_or_Handle__open_no_close_01_bad",
        "choices": {
            "A": "Yes, this code would trigger CWE-775.",
            "B": "No, this code would not trigger CWE-775.",
            "C": "Cannot tell due to the lack of information."
        },
        "answer": "B"
    }
]