[
    {
        "code": "void Sample_Func()\n{\n    char * data;\n    data = (char *)malloc(100*sizeof(char));\n    if (data == NULL) {exit(-1);}\n    data[0] = '\\0';\n    {\n        size_t dataLen = strlen(data);\n        FILE * pFile;\n        if (100-dataLen > 1)\n        {\n            pFile = fopen(FILENAME, \"r\");\n            if (pFile != NULL)\n            {\n                if (fgets(data+dataLen, (int)(100-dataLen), pFile) == NULL)\n                {\n                    printLine(\"fgets() failed\");\n                    data[dataLen] = '\\0';\n                }\n                fclose(pFile);\n            }\n        }\n    }\n    for (; *data != '\\0'; data++)\n    {\n        if (*data == SEARCH_CHAR)\n        {\n            printLine(\"We have a match!\");\n            break;\n        }\n    }\n    free(data);\n}",
        "CWE_ID": "CWE-761",
        "question": "Given the provided code snippet, would this code trigger CWE-761?",
        "case_id": "CWE761_Free_Pointer_Not_at_Start_of_Buffer__char_file_01_bad",
        "choices": {
            "A": "Yes, this code would trigger CWE-761.",
            "B": "No, this code would not trigger CWE-761.",
            "C": "Cannot tell due to the lack of information."
        },
        "answer": "A"
    },
    {
        "code": "static Sample_Func()\n{\n    char * data;\n    data = (char *)malloc(100*sizeof(char));\n    if (data == NULL) {exit(-1);}\n    data[0] = '\\0';\n    {\n        size_t dataLen = strlen(data);\n        FILE * pFile;\n        if (100-dataLen > 1)\n        {\n            pFile = fopen(FILENAME, \"r\");\n            if (pFile != NULL)\n            {\n                if (fgets(data+dataLen, (int)(100-dataLen), pFile) == NULL)\n                {\n                    printLine(\"fgets() failed\");\n                    data[dataLen] = '\\0';\n                }\n                fclose(pFile);\n            }\n        }\n    }\n    {\n        size_t i;\n        for (i=0; i < strlen(data); i++)\n        {\n            if (data[i] == SEARCH_CHAR)\n            {\n                printLine(\"We have a match!\");\n                break;\n            }\n        }\n        free(data);\n    }\n}",
        "CWE_ID": "CWE-761",
        "question": "Given the provided code snippet, would this code trigger CWE-761?",
        "case_id": "CWE761_Free_Pointer_Not_at_Start_of_Buffer__char_file_01_bad",
        "choices": {
            "A": "Yes, this code would trigger CWE-761.",
            "B": "No, this code would not trigger CWE-761.",
            "C": "Cannot tell due to the lack of information."
        },
        "answer": "B"
    }
]