[
    {
        "code": "void Sample_Func()\n{\n    wchar_t * password;\n    wchar_t passwordBuffer[100] = L\"\";\n    password = passwordBuffer;\n    wcscpy(password, PASSWORD);\n    {\n        HANDLE pHandle;\n        wchar_t * username = L\"User\";\n        wchar_t * domain = L\"Domain\";\n        if (LogonUserW(\n                    username,\n                    domain,\n                    password,\n                    LOGON32_LOGON_NETWORK,\n                    LOGON32_PROVIDER_DEFAULT,\n                    &pHandle) != 0)\n        {\n            printLine(\"User logged in successfully.\");\n            CloseHandle(pHandle);\n        }\n        else\n        {\n            printLine(\"Unable to login.\");\n        }\n    }\n}",
        "CWE_ID": "CWE-259",
        "question": "Given the provided code snippet, would this code trigger CWE-259?",
        "case_id": "CWE259_Hard_Coded_Password__w32_wchar_t_01_bad",
        "choices": {
            "A": "Yes, this code would trigger CWE-259.",
            "B": "No, this code would not trigger CWE-259.",
            "C": "Cannot tell due to the lack of information."
        },
        "answer": "A"
    },
    {
        "code": "static Sample_Func()\n{\n    wchar_t * password;\n    wchar_t passwordBuffer[100] = L\"\";\n    password = passwordBuffer;\n    {\n        size_t passwordLen = 0;\n        if (fgetws(password, 100, stdin) == NULL)\n        {\n            printLine(\"fgetws() failed\");\n            password[0] = L'\\0';\n        }\n        passwordLen = wcslen(password);\n        if (passwordLen > 0)\n        {\n            password[passwordLen-1] = L'\\0';\n        }\n    }\n    {\n        HANDLE pHandle;\n        wchar_t * username = L\"User\";\n        wchar_t * domain = L\"Domain\";\n        if (LogonUserW(\n                    username,\n                    domain,\n                    password,\n                    LOGON32_LOGON_NETWORK,\n                    LOGON32_PROVIDER_DEFAULT,\n                    &pHandle) != 0)\n        {\n            printLine(\"User logged in successfully.\");\n            CloseHandle(pHandle);\n        }\n        else\n        {\n            printLine(\"Unable to login.\");\n        }\n    }\n}",
        "CWE_ID": "CWE-259",
        "question": "Given the provided code snippet, would this code trigger CWE-259?",
        "case_id": "CWE259_Hard_Coded_Password__w32_wchar_t_01_bad",
        "choices": {
            "A": "Yes, this code would trigger CWE-259.",
            "B": "No, this code would not trigger CWE-259.",
            "C": "Cannot tell due to the lack of information."
        },
        "answer": "B"
    }
]