[
    {
        "code": "void Sample_Func()\n{\n    {\n        char * reversedString = helperDog(\"DogSink\");\n        printLine(reversedString);\n    }\n}",
        "CWE_ID": "CWE-416",
        "question": "Given the provided code snippet, would this code trigger CWE-416?",
        "case_id": "CWE416_Use_After_Free__return_freed_ptr_01_bad",
        "choices": {
            "A": "Yes, this code would trigger CWE-416.",
            "B": "No, this code would not trigger CWE-416.",
            "C": "Cannot tell due to the lack of information."
        },
        "answer": "A"
    },
    {
        "code": "static Sample_Func()\n{\n    {\n        char * reversedString = helperCat(\"CatSink\");\n        printLine(reversedString);\n    }\n}",
        "CWE_ID": "CWE-416",
        "question": "Given the provided code snippet, would this code trigger CWE-416?",
        "case_id": "CWE416_Use_After_Free__return_freed_ptr_01_bad",
        "choices": {
            "A": "Yes, this code would trigger CWE-416.",
            "B": "No, this code would not trigger CWE-416.",
            "C": "Cannot tell due to the lack of information."
        },
        "answer": "B"
    }
]