[
    {
        "code": "void Sample_Func()\n{\n    char data;\n    data = 'C';\n    ;  \n}",
        "CWE_ID": "CWE-563",
        "question": "Given the provided code snippet, would this code trigger CWE-563?",
        "case_id": "CWE563_Unused_Variable__unused_init_variable_char_01_bad",
        "choices": {
            "A": "Yes, this code would trigger CWE-563.",
            "B": "No, this code would not trigger CWE-563.",
            "C": "Cannot tell due to the lack of information."
        },
        "answer": "A"
    },
    {
        "code": "static Sample_Func()\n{\n    char data;\n    data = 'C';\n    printHexCharLine(data);\n}",
        "CWE_ID": "CWE-563",
        "question": "Given the provided code snippet, would this code trigger CWE-563?",
        "case_id": "CWE563_Unused_Variable__unused_init_variable_char_01_bad",
        "choices": {
            "A": "Yes, this code would trigger CWE-563.",
            "B": "No, this code would not trigger CWE-563.",
            "C": "Cannot tell due to the lack of information."
        },
        "answer": "B"
    }
]