[
    {
        "code": "void Sample_Func()\n{\n    {\n        union\n        {\n            struct\n            {\n                char charFirst, charSecond, charThird, charFourth;\n            } structChars;\n            long longNumber;\n        } unionStructLong;\n        unionStructLong.longNumber = 0x10203040;\n        unionStructLong.structChars.charFourth |= 0x80;  \n        printIntLine(unionStructLong.longNumber);\n    }\n}",
        "CWE_ID": "CWE-188",
        "question": "Given the provided code snippet, would this code trigger CWE-188?",
        "case_id": "CWE188_Reliance_on_Data_Memory_Layout__union_01_bad",
        "choices": {
            "A": "Yes, this code would trigger CWE-188.",
            "B": "No, this code would not trigger CWE-188.",
            "C": "Cannot tell due to the lack of information."
        },
        "answer": "A"
    },
    {
        "code": "static Sample_Func()\n{\n    {\n        long longNumber;\n        longNumber = 0x10203040;\n        longNumber |= LONG_MIN;\n        printIntLine(longNumber);\n    }\n}",
        "CWE_ID": "CWE-188",
        "question": "Given the provided code snippet, would this code trigger CWE-188?",
        "case_id": "CWE188_Reliance_on_Data_Memory_Layout__union_01_bad",
        "choices": {
            "A": "Yes, this code would trigger CWE-188.",
            "B": "No, this code would not trigger CWE-188.",
            "C": "Cannot tell due to the lack of information."
        },
        "answer": "B"
    }
]