[
    {
        "code": "void Sample_Func()\n{\n    {\n        wchar_t * filename;\n        int fileDesc;\n        filename = TMPNAM(NULL);\n        if (filename == NULL)\n        {\n            exit(1);\n        }\n        printWLine(filename);\n        fileDesc = OPEN(filename, O_RDWR|O_CREAT, S_IREAD|S_IWRITE);\n        if (fileDesc != -1)\n        {\n            printLine(\"Temporary file was opened...now closing file\");\n            CLOSE(fileDesc);\n        }\n    }\n}",
        "CWE_ID": "CWE-377",
        "question": "Given the provided code snippet, would this code trigger CWE-377?",
        "case_id": "CWE377_Insecure_Temporary_File__wchar_t_tmpnam_01_bad",
        "choices": {
            "A": "Yes, this code would trigger CWE-377.",
            "B": "No, this code would not trigger CWE-377.",
            "C": "Cannot tell due to the lack of information."
        },
        "answer": "A"
    },
    {
        "code": "static Sample_Func()\n{\n    {\n        wchar_t * filename;\n        int fileDesc;\n        filename = TMPNAM(NULL);\n        if (filename == NULL)\n        {\n            exit(1);\n        }\n        printWLine(filename);\n        fileDesc = OPEN(filename, O_RDWR|O_CREAT|O_EXCL, S_IREAD|S_IWRITE);\n        if (fileDesc != -1)\n        {\n            printLine(\"Temporary file was opened...now closing file\");\n            CLOSE(fileDesc);\n        }\n    }\n}",
        "CWE_ID": "CWE-377",
        "question": "Given the provided code snippet, would this code trigger CWE-377?",
        "case_id": "CWE377_Insecure_Temporary_File__wchar_t_tmpnam_01_bad",
        "choices": {
            "A": "Yes, this code would trigger CWE-377.",
            "B": "No, this code would not trigger CWE-377.",
            "C": "Cannot tell due to the lack of information."
        },
        "answer": "B"
    }
]