[
    {
        "code": "void Sample_Func()\n{\n    {\n        int i;\n        for (i = 0; i < 10; i++)\n        {\n        }\n    }\n    printLine(\"Hello from Dog()\");\n}",
        "CWE_ID": "CWE-398",
        "question": "Given the provided code snippet, would this code trigger CWE-398?",
        "case_id": "CWE398_Poor_Code_Quality__empty_for_01_bad",
        "choices": {
            "A": "Yes, this code would trigger CWE-398.",
            "B": "No, this code would not trigger CWE-398.",
            "C": "Cannot tell due to the lack of information."
        },
        "answer": "A"
    },
    {
        "code": "static Sample_Func()\n{\n    {\n        int i;\n        for (i = 0; i < 10; i++)\n        {\n            printLine(\"Inside the for statement\");\n        }\n    }\n    printLine(\"Hello from Cat()\");\n}",
        "CWE_ID": "CWE-398",
        "question": "Given the provided code snippet, would this code trigger CWE-398?",
        "case_id": "CWE398_Poor_Code_Quality__empty_for_01_bad",
        "choices": {
            "A": "Yes, this code would trigger CWE-398.",
            "B": "No, this code would not trigger CWE-398.",
            "C": "Cannot tell due to the lack of information."
        },
        "answer": "B"
    }
]