[
    {
        "code": "void Sample_Func()\n{\n    {\n        wchar_t * filename;\n        wchar_t tmpl[] = L\"DogXXXXXX\";\n        FILE *pFile;\n        filename = MKTEMP(tmpl);\n        if (filename != NULL)\n        {\n            pFile = FOPEN(filename, L\"w\");\n            if (pFile != NULL)\n            {\n                fprintf(pFile, \"Temporary file\");\n                fclose(pFile);\n            }\n        }\n    }\n}",
        "CWE_ID": "CWE-459",
        "question": "Given the provided code snippet, would this code trigger CWE-459?",
        "case_id": "CWE459_Incomplete_Cleanup__wchar_t_01_bad",
        "choices": {
            "A": "Yes, this code would trigger CWE-459.",
            "B": "No, this code would not trigger CWE-459.",
            "C": "Cannot tell due to the lack of information."
        },
        "answer": "A"
    },
    {
        "code": "static Sample_Func()\n{\n    {\n        wchar_t * filename;\n        wchar_t tmpl[] = L\"CatXXXXXX\";\n        FILE *pFile;\n        filename = MKTEMP(tmpl);\n        if (filename != NULL)\n        {\n            pFile = FOPEN(filename, L\"w\");\n            if (pFile != NULL)\n            {\n                fprintf(pFile, \"Temporary file\");\n                fclose(pFile);\n                UNLINK(filename);  \n            }\n        }\n    }\n}",
        "CWE_ID": "CWE-459",
        "question": "Given the provided code snippet, would this code trigger CWE-459?",
        "case_id": "CWE459_Incomplete_Cleanup__wchar_t_01_bad",
        "choices": {
            "A": "Yes, this code would trigger CWE-459.",
            "B": "No, this code would not trigger CWE-459.",
            "C": "Cannot tell due to the lack of information."
        },
        "answer": "B"
    }
]