[
    {
        "code": "void Sample_Func()\n{\n    char * cryptoKey;\n    char cryptoKeyBuffer[100] = \"\";\n    cryptoKey = cryptoKeyBuffer;\n    strcpy(cryptoKey, CRYPTO_KEY);\n    {\n        HCRYPTPROV hCryptProv;\n        HCRYPTKEY hKey;\n        HCRYPTHASH hHash;\n        char toBeEncrypted[] = \"String to be encrypted\";\n        DWORD encryptedLen = strlen(toBeEncrypted)*sizeof(char);\n        BYTE encrypted[200];     \n        memcpy(encrypted, toBeEncrypted, encryptedLen);\n        if(!CryptAcquireContext(&hCryptProv, NULL, MS_ENHANCED_PROV, PROV_RSA_AES, 0))\n        {\n            if(!CryptAcquireContext(&hCryptProv, NULL, MS_ENHANCED_PROV, PROV_RSA_AES, CRYPT_NEWKEYSET))\n            {\n                printLine(\"Error in acquiring cryptographic context\");\n                exit(1);\n            }\n        }\n        if(!CryptCreateHash(hCryptProv, CALG_SHA_256, 0, 0, &hHash))\n        {\n            printLine(\"Error in creating hash\");\n            exit(1);\n        }\n        if(!CryptHashData(hHash, (BYTE *) cryptoKey, strlen(cryptoKey)*sizeof(char), 0))\n        {\n            printLine(\"Error in hashing cryptoKey\");\n            exit(1);\n        }\n        if(!CryptDeriveKey(hCryptProv, CALG_AES_256, hHash, 0, &hKey))\n        {\n            printLine(\"Error in CryptDeriveKey\");\n            exit(1);\n        }\n        if(!CryptEncrypt(hKey, (HCRYPTHASH)NULL, 1, 0, encrypted, &encryptedLen, sizeof(encrypted)))\n        {\n            printLine(\"Error in CryptEncrypt\");\n            exit(1);\n        }\n        printBytesLine(encrypted, encryptedLen);\n        if (hKey)\n        {\n            CryptDestroyKey(hKey);\n        }\n        if (hHash)\n        {\n            CryptDestroyHash(hHash);\n        }\n        if (hCryptProv)\n        {\n            CryptReleaseContext(hCryptProv, 0);\n        }\n    }\n}",
        "CWE_ID": "CWE-321",
        "question": "Given the provided code snippet, would this code trigger CWE-321?",
        "case_id": "CWE321_Hard_Coded_Cryptographic_Key__w32_char_01_bad",
        "choices": {
            "A": "Yes, this code would trigger CWE-321.",
            "B": "No, this code would not trigger CWE-321.",
            "C": "Cannot tell due to the lack of information."
        },
        "answer": "A"
    },
    {
        "code": "static Sample_Func()\n{\n    char * cryptoKey;\n    char cryptoKeyBuffer[100] = \"\";\n    cryptoKey = cryptoKeyBuffer;\n    {\n        size_t cryptoKeyLen = strlen(cryptoKey);\n        if(100-cryptoKeyLen > 1)\n        {\n            if (fgets(cryptoKey+cryptoKeyLen, (int)(100-cryptoKeyLen), stdin) == NULL)\n            {\n                printLine(\"fgets() failed\");\n                cryptoKey[cryptoKeyLen] = '\\0';\n            }\n            cryptoKeyLen = strlen(cryptoKey);\n            if (cryptoKeyLen > 0)\n            {\n                cryptoKey[cryptoKeyLen-1] = '\\0';\n            }\n        }\n    }\n    {\n        HCRYPTPROV hCryptProv;\n        HCRYPTKEY hKey;\n        HCRYPTHASH hHash;\n        char toBeEncrypted[] = \"String to be encrypted\";\n        DWORD encryptedLen = strlen(toBeEncrypted)*sizeof(char);\n        BYTE encrypted[200];     \n        memcpy(encrypted, toBeEncrypted, encryptedLen);\n        if(!CryptAcquireContext(&hCryptProv, NULL, MS_ENHANCED_PROV, PROV_RSA_AES, 0))\n        {\n            if(!CryptAcquireContext(&hCryptProv, NULL, MS_ENHANCED_PROV, PROV_RSA_AES, CRYPT_NEWKEYSET))\n            {\n                printLine(\"Error in acquiring cryptographic context\");\n                exit(1);\n            }\n        }\n        if(!CryptCreateHash(hCryptProv, CALG_SHA_256, 0, 0, &hHash))\n        {\n            printLine(\"Error in creating hash\");\n            exit(1);\n        }\n        if(!CryptHashData(hHash, (BYTE *) cryptoKey, strlen(cryptoKey)*sizeof(char), 0))\n        {\n            printLine(\"Error in hashing cryptoKey\");\n            exit(1);\n        }\n        if(!CryptDeriveKey(hCryptProv, CALG_AES_256, hHash, 0, &hKey))\n        {\n            printLine(\"Error in CryptDeriveKey\");\n            exit(1);\n        }\n        if(!CryptEncrypt(hKey, (HCRYPTHASH)NULL, 1, 0, encrypted, &encryptedLen, sizeof(encrypted)))\n        {\n            printLine(\"Error in CryptEncrypt\");\n            exit(1);\n        }\n        printBytesLine(encrypted, encryptedLen);\n        if (hKey)\n        {\n            CryptDestroyKey(hKey);\n        }\n        if (hHash)\n        {\n            CryptDestroyHash(hHash);\n        }\n        if (hCryptProv)\n        {\n            CryptReleaseContext(hCryptProv, 0);\n        }\n    }\n}",
        "CWE_ID": "CWE-321",
        "question": "Given the provided code snippet, would this code trigger CWE-321?",
        "case_id": "CWE321_Hard_Coded_Cryptographic_Key__w32_char_01_bad",
        "choices": {
            "A": "Yes, this code would trigger CWE-321.",
            "B": "No, this code would not trigger CWE-321.",
            "C": "Cannot tell due to the lack of information."
        },
        "answer": "B"
    }
]