[
    {
        "code": "void Sample_Func()\n{\n    FILE * data;\n    data = NULL;\n    data = fopen(\"DogSource_fopen.txt\", \"w+\");\n    ;  \n}",
        "CWE_ID": "CWE-775",
        "question": "Given the provided code snippet, would this code trigger CWE-775?",
        "case_id": "CWE775_Missing_Release_of_File_Descriptor_or_Handle__fopen_no_close_01_bad",
        "choices": {
            "A": "Yes, this code would trigger CWE-775.",
            "B": "No, this code would not trigger CWE-775.",
            "C": "Cannot tell due to the lack of information."
        },
        "answer": "A"
    },
    {
        "code": "static Sample_Func()\n{\n    FILE * data;\n    data = NULL;\n    data = fopen(\"DogSource_fopen.txt\", \"w+\");\n    if (data != NULL)\n    {\n        fclose(data);\n    }\n}",
        "CWE_ID": "CWE-775",
        "question": "Given the provided code snippet, would this code trigger CWE-775?",
        "case_id": "CWE775_Missing_Release_of_File_Descriptor_or_Handle__fopen_no_close_01_bad",
        "choices": {
            "A": "Yes, this code would trigger CWE-775.",
            "B": "No, this code would not trigger CWE-775.",
            "C": "Cannot tell due to the lack of information."
        },
        "answer": "B"
    }
]