[
    {
        "code": "void Sample_Func()\n{\n    wchar_t * data;\n    wchar_t dataBuffer[250] = L\"PATH=\";\n    data = dataBuffer;\n    {\n        size_t dataLen = wcslen(data);\n        if (250-dataLen > 1)\n        {\n            if (fgetws(data+dataLen, (int)(250-dataLen), stdin) != NULL)\n            {\n                dataLen = wcslen(data);\n                if (dataLen > 0 && data[dataLen-1] == L'\\n')\n                {\n                    data[dataLen-1] = L'\\0';\n                }\n            }\n            else\n            {\n                printLine(\"fgetws() failed\");\n                data[dataLen] = L'\\0';\n            }\n        }\n    }\n    PUTENV(data);\n}",
        "CWE_ID": "CWE-427",
        "question": "Given the provided code snippet, would this code trigger CWE-427?",
        "case_id": "CWE427_Uncontrolled_Search_Path_Element__wchar_t_console_01_bad",
        "choices": {
            "A": "Yes, this code would trigger CWE-427.",
            "B": "No, this code would not trigger CWE-427.",
            "C": "Cannot tell due to the lack of information."
        },
        "answer": "A"
    },
    {
        "code": "static Sample_Func()\n{\n    wchar_t * data;\n    wchar_t dataBuffer[250] = L\"PATH=\";\n    data = dataBuffer;\n    wcscat(data, NEW_PATH);\n    PUTENV(data);\n}",
        "CWE_ID": "CWE-427",
        "question": "Given the provided code snippet, would this code trigger CWE-427?",
        "case_id": "CWE427_Uncontrolled_Search_Path_Element__wchar_t_console_01_bad",
        "choices": {
            "A": "Yes, this code would trigger CWE-427.",
            "B": "No, this code would not trigger CWE-427.",
            "C": "Cannot tell due to the lack of information."
        },
        "answer": "B"
    }
]