[
    {
        "code": "void Sample_Func()\n{\n    {\n        HWINSTA hWinStation;\n        wchar_t * wStationName = L\"WindowsStationExample\";\n        hWinStation = CreateWindowStationW(\n                          wStationName,\n                          0,\n                          GENERIC_ALL,\n                          NULL);\n        if (hWinStation == NULL)\n        {\n            printLine(\"Windows station could not be created\");\n        }\n        else\n        {\n            printLine(\"Windows Station created successfully\");\n            CloseWindowStation(hWinStation);\n        }\n    }\n}",
        "CWE_ID": "CWE-284",
        "question": "Given the provided code snippet, would this code trigger CWE-284?",
        "case_id": "CWE284_Improper_Access_Control__w32_wchar_t_CreateWindowStation_01_bad",
        "choices": {
            "A": "Yes, this code would trigger CWE-284.",
            "B": "No, this code would not trigger CWE-284.",
            "C": "Cannot tell due to the lack of information."
        },
        "answer": "A"
    },
    {
        "code": "static Sample_Func()\n{\n    {\n        HWINSTA hWinStation;\n        wchar_t * wStationName = L\"WindowsStationExample\";\n        hWinStation = CreateWindowStationW(\n                          wStationName,\n                          0,\n                          GENERIC_READ,\n                          NULL);\n        if (hWinStation == NULL)\n        {\n            printLine(\"Windows station could not be created\");\n        }\n        else\n        {\n            printLine(\"Windows Station created successfully\");\n            CloseWindowStation(hWinStation);\n        }\n    }\n}",
        "CWE_ID": "CWE-284",
        "question": "Given the provided code snippet, would this code trigger CWE-284?",
        "case_id": "CWE284_Improper_Access_Control__w32_wchar_t_CreateWindowStation_01_bad",
        "choices": {
            "A": "Yes, this code would trigger CWE-284.",
            "B": "No, this code would not trigger CWE-284.",
            "C": "Cannot tell due to the lack of information."
        },
        "answer": "B"
    }
]