[
    {
        "code": "void Sample_Func()\n{\n    {\n        char * password = (char *)ALLOCA(100*sizeof(char));\n        size_t passwordLen = 0;\n        HANDLE hUser;\n        char * username = \"User\";\n        char * domain = \"Domain\";\n        password[0] = '\\0';\n        if (fgets(password, 100, stdin) == NULL)\n        {\n            printLine(\"fgets() failed\");\n            password[0] = '\\0';\n        }\n        passwordLen = strlen(password);\n        if (passwordLen > 0)\n        {\n            password[passwordLen-1] = '\\0';\n        }\n        if (LogonUserA(\n                    username,\n                    domain,\n                    password,\n                    LOGON32_LOGON_NETWORK,\n                    LOGON32_PROVIDER_DEFAULT,\n                    &hUser) != 0)\n        {\n            printLine(\"User logged in successfully.\");\n            CloseHandle(hUser);\n        }\n        else\n        {\n            printLine(\"Unable to login.\");\n        }\n    }\n}",
        "CWE_ID": "CWE-226",
        "question": "Given the provided code snippet, would this code trigger CWE-226?",
        "case_id": "CWE226_Sensitive_Information_Uncleared_Before_Release__w32_char_alloca_01_bad",
        "choices": {
            "A": "Yes, this code would trigger CWE-226.",
            "B": "No, this code would not trigger CWE-226.",
            "C": "Cannot tell due to the lack of information."
        },
        "answer": "A"
    },
    {
        "code": "static Sample_Func()\n{\n    {\n        char * password = (char *)ALLOCA(100*sizeof(char));\n        size_t passwordLen = 0;\n        HANDLE hUser;\n        char * username = \"User\";\n        char * domain = \"Domain\";\n        password[0] = '\\0';\n        if (fgets(password, 100, stdin) == NULL)\n        {\n            printLine(\"fgets() failed\");\n            password[0] = '\\0';\n        }\n        passwordLen = strlen(password);\n        if (passwordLen > 0)\n        {\n            password[passwordLen-1] = '\\0';\n        }\n        if (LogonUserA(\n                    username,\n                    domain,\n                    password,\n                    LOGON32_LOGON_NETWORK,\n                    LOGON32_PROVIDER_DEFAULT,\n                    &hUser) != 0)\n        {\n            printLine(\"User logged in successfully.\");\n            CloseHandle(hUser);\n        }\n        else\n        {\n            printLine(\"Unable to login.\");\n        }\n        passwordLen = strlen(password);\n        SecureZeroMemory(password, passwordLen * sizeof(char));\n    }\n}",
        "CWE_ID": "CWE-226",
        "question": "Given the provided code snippet, would this code trigger CWE-226?",
        "case_id": "CWE226_Sensitive_Information_Uncleared_Before_Release__w32_char_alloca_01_bad",
        "choices": {
            "A": "Yes, this code would trigger CWE-226.",
            "B": "No, this code would not trigger CWE-226.",
            "C": "Cannot tell due to the lack of information."
        },
        "answer": "B"
    }
]