[
    {
        "code": "void Sample_Func()\n{\n    char * data;\n    char dataBuffer[100] = \"\";\n    data = dataBuffer;\n    {\n        FILE *pFile;\n        pFile = fopen(\"passwords.txt\", \"r\");\n        if (pFile != NULL)\n        {\n            if (fgets(data, 100, pFile) == NULL)\n            {\n                data[0] = '\\0';\n            }\n            fclose(pFile);\n        }\n        else\n        {\n            data[0] = '\\0';\n        }\n    }\n    {\n        HANDLE pHandle;\n        char * username = \"User\";\n        char * domain = \"Domain\";\n        if (LogonUserA(\n                    username,\n                    domain,\n                    data,\n                    LOGON32_LOGON_NETWORK,\n                    LOGON32_PROVIDER_DEFAULT,\n                    &pHandle) != 0)\n        {\n            printLine(\"User logged in successfully.\");\n            CloseHandle(pHandle);\n        }\n        else\n        {\n            printLine(\"Unable to login.\");\n        }\n    }\n}",
        "CWE_ID": "CWE-256",
        "question": "Given the provided code snippet, would this code trigger CWE-256?",
        "case_id": "CWE256_Plaintext_Storage_of_Password__w32_char_01_bad",
        "choices": {
            "A": "Yes, this code would trigger CWE-256.",
            "B": "No, this code would not trigger CWE-256.",
            "C": "Cannot tell due to the lack of information."
        },
        "answer": "A"
    },
    {
        "code": "static Sample_Func_0()\n{\n    char * data;\n    char dataBuffer[100] = \"\";\n    data = dataBuffer;\n    {\n        FILE *pFile;\n        HCRYPTPROV hCryptProv = 0;\n        HCRYPTHASH hHash = 0;\n        HCRYPTKEY hKey = 0;\n        char hashData[100] = HASH_INPUT;\n        pFile = fopen(\"passwords.txt\", \"r\");\n        if (pFile != NULL)\n        {\n            if (fgets(data, 100, pFile) == NULL)\n            {\n                data[0] = '\\0';\n            }\n            fclose(pFile);\n        }\n        else\n        {\n            data[0] = '\\0';\n        }\n        do\n        {\n            BYTE payload[(100 - 1) * sizeof(char)];  \n            DWORD payloadBytes;\n            payloadBytes = decodeHexChars(payload, sizeof(payload), data);\n            SecureZeroMemory(data, 100 * sizeof(char));\n            if(!CryptAcquireContext(&hCryptProv, NULL, MS_ENH_RSA_AES_PROV, PROV_RSA_AES, 0))\n            {\n                break;\n            }\n            if(!CryptCreateHash(hCryptProv, CALG_SHA_256, 0, 0, &hHash))\n            {\n                break;\n            }\n            if(!CryptHashData(hHash, (BYTE*)hashData, strlen(hashData), 0))\n            {\n                break;\n            }\n            if(!CryptDeriveKey(hCryptProv, CALG_AES_256, hHash, 0, &hKey))\n            {\n                break;\n            }\n            if(!CryptDecrypt(hKey, 0, 1, 0, payload, &payloadBytes))\n            {\n                break;\n            }\n            memcpy(data, payload, payloadBytes);\n            data[payloadBytes / sizeof(char)] = '\\0';\n        }\n        while (0);\n        if (hKey)\n        {\n            CryptDestroyKey(hKey);\n        }\n        if (hHash)\n        {\n            CryptDestroyHash(hHash);\n        }\n        if (hCryptProv)\n        {\n            CryptReleaseContext(hCryptProv, 0);\n        }\n    }\n    {\n        HANDLE pHandle;\n        char * username = \"User\";\n        char * domain = \"Domain\";\n        if (LogonUserA(\n                    username,\n                    domain,\n                    data,\n                    LOGON32_LOGON_NETWORK,\n                    LOGON32_PROVIDER_DEFAULT,\n                    &pHandle) != 0)\n        {\n            printLine(\"User logged in successfully.\");\n            CloseHandle(pHandle);\n        }\n        else\n        {\n            printLine(\"Unable to login.\");\n        }\n    }\n}\nstatic Sample_Func_1()\n{\n    char * data;\n    char dataBuffer[100] = \"\";\n    data = dataBuffer;\n    {\n        FILE *pFile;\n        pFile = fopen(\"passwords.txt\", \"r\");\n        if (pFile != NULL)\n        {\n            if (fgets(data, 100, pFile) == NULL)\n            {\n                data[0] = '\\0';\n            }\n            fclose(pFile);\n        }\n        else\n        {\n            data[0] = '\\0';\n        }\n    }\n    {\n        HANDLE pHandle;\n        char * username = \"User\";\n        char * domain = \"Domain\";\n        char hashData[100] = HASH_INPUT;\n        HCRYPTPROV hCryptProv = 0;\n        HCRYPTHASH hHash = 0;\n        HCRYPTKEY hKey = 0;\n        do\n        {\n            BYTE payload[(100 - 1) * sizeof(char)];  \n            DWORD payloadBytes;\n            payloadBytes = decodeHexChars(payload, sizeof(payload), data);\n            SecureZeroMemory(data, 100 * sizeof(char));\n            if(!CryptAcquireContext(&hCryptProv, NULL, MS_ENH_RSA_AES_PROV, PROV_RSA_AES, 0))\n            {\n                break;\n            }\n            if(!CryptCreateHash(hCryptProv, CALG_SHA_256, 0, 0, &hHash))\n            {\n                break;\n            }\n            if(!CryptHashData(hHash, (BYTE*)hashData, strlen(hashData), 0))\n            {\n                break;\n            }\n            if(!CryptDeriveKey(hCryptProv, CALG_AES_256, hHash, 0, &hKey))\n            {\n                break;\n            }\n            if(!CryptDecrypt(hKey, 0, 1, 0, payload, &payloadBytes))\n            {\n                break;\n            }\n            memcpy(data, payload, payloadBytes);\n            data[payloadBytes / sizeof(char)] = '\\0';\n        }\n        while (0);\n        if (hKey)\n        {\n            CryptDestroyKey(hKey);\n        }\n        if (hHash)\n        {\n            CryptDestroyHash(hHash);\n        }\n        if (hCryptProv)\n        {\n            CryptReleaseContext(hCryptProv, 0);\n        }\n        if (LogonUserA(\n                    username,\n                    domain,\n                    data,\n                    LOGON32_LOGON_NETWORK,\n                    LOGON32_PROVIDER_DEFAULT,\n                    &pHandle) != 0)\n        {\n            printLine(\"User logged in successfully.\");\n            CloseHandle(pHandle);\n        }\n        else\n        {\n            printLine(\"Unable to login.\");\n        }\n    }\n}",
        "CWE_ID": "CWE-256",
        "question": "Given the provided code snippet, would this code trigger CWE-256?",
        "case_id": "CWE256_Plaintext_Storage_of_Password__w32_char_01_bad",
        "choices": {
            "A": "Yes, this code would trigger CWE-256.",
            "B": "No, this code would not trigger CWE-256.",
            "C": "Cannot tell due to the lack of information."
        },
        "answer": "B"
    }
]