[
    {
        "code": "void Sample_Func()\n{\n    {\n        char dataBuffer[100] = \"\";\n        char * data = dataBuffer;\n        if (scanf(\"%99s\\0\", data) == 0)\n        {\n            printLine(\"scanf failed!\");\n        }\n    }\n}",
        "CWE_ID": "CWE-253",
        "question": "Given the provided code snippet, would this code trigger CWE-253?",
        "case_id": "CWE253_Incorrect_Check_of_Function_Return_Value__char_scanf_01_bad",
        "choices": {
            "A": "Yes, this code would trigger CWE-253.",
            "B": "No, this code would not trigger CWE-253.",
            "C": "Cannot tell due to the lack of information."
        },
        "answer": "A"
    },
    {
        "code": "static Sample_Func()\n{\n    {\n        char dataBuffer[100] = \"\";\n        char * data = dataBuffer;\n        if (scanf(\"%99s\\0\", data) == EOF)\n        {\n            printLine(\"scanf failed!\");\n        }\n    }\n}",
        "CWE_ID": "CWE-253",
        "question": "Given the provided code snippet, would this code trigger CWE-253?",
        "case_id": "CWE253_Incorrect_Check_of_Function_Return_Value__char_scanf_01_bad",
        "choices": {
            "A": "Yes, this code would trigger CWE-253.",
            "B": "No, this code would not trigger CWE-253.",
            "C": "Cannot tell due to the lack of information."
        },
        "answer": "B"
    }
]