[
    {
        "code": "void Sample_Func()\n{\n    wchar_t * data;\n    wchar_t dataBuffer[256] = L\"\";\n    data = dataBuffer;\n    {\n        size_t dataLen = wcslen(data);\n        if (256-dataLen > 1)\n        {\n            if (fgetws(data+dataLen, (int)(256-dataLen), stdin) != NULL)\n            {\n                dataLen = wcslen(data);\n                if (dataLen > 0 && data[dataLen-1] == L'\\n')\n                {\n                    data[dataLen-1] = L'\\0';\n                }\n            }\n            else\n            {\n                printLine(\"fgetws() failed\");\n                data[dataLen] = L'\\0';\n            }\n        }\n    }\n    {\n        LDAP* pLdapConnection = NULL;\n        ULONG connectSuccess = 0L;\n        ULONG searchSuccess = 0L;\n        LDAPMessage *pMessage = NULL;\n        wchar_t filter[256];\n        _snwprintf(filter, 256-1, L\"(cn=%s)\", data);\n        pLdapConnection = ldap_initW(L\"localhost\", LDAP_PORT);\n        if (pLdapConnection == NULL)\n        {\n            printLine(\"Initialization failed\");\n            exit(1);\n        }\n        connectSuccess = ldap_connect(pLdapConnection, NULL);\n        if (connectSuccess != LDAP_SUCCESS)\n        {\n            printLine(\"Connection failed\");\n            exit(1);\n        }\n        searchSuccess = ldap_search_ext_sW(\n                            pLdapConnection,\n                            L\"base\",\n                            LDAP_SCOPE_SUBTREE,\n                            filter,\n                            NULL,\n                            0,\n                            NULL,\n                            NULL,\n                            LDAP_NO_LIMIT,\n                            LDAP_NO_LIMIT,\n                            &pMessage);\n        if (searchSuccess != LDAP_SUCCESS)\n        {\n            printLine(\"Search failed\");\n            if (pMessage != NULL)\n            {\n                ldap_msgfree(pMessage);\n            }\n            exit(1);\n        }\n        if (pMessage != NULL)\n        {\n            ldap_msgfree(pMessage);\n        }\n        ldap_unbind(pLdapConnection);\n    }\n}",
        "CWE_ID": "CWE-90",
        "question": "Given the provided code snippet, would this code trigger CWE-90?",
        "case_id": "CWE90_LDAP_Injection__w32_wchar_t_console_01_bad",
        "choices": {
            "A": "Yes, this code would trigger CWE-90.",
            "B": "No, this code would not trigger CWE-90.",
            "C": "Cannot tell due to the lack of information."
        },
        "answer": "A"
    },
    {
        "code": "static Sample_Func()\n{\n    wchar_t * data;\n    wchar_t dataBuffer[256] = L\"\";\n    data = dataBuffer;\n    wcscat(data, L\"Doe, XXXXX\");\n    {\n        LDAP* pLdapConnection = NULL;\n        ULONG connectSuccess = 0L;\n        ULONG searchSuccess = 0L;\n        LDAPMessage *pMessage = NULL;\n        wchar_t filter[256];\n        _snwprintf(filter, 256-1, L\"(cn=%s)\", data);\n        pLdapConnection = ldap_initW(L\"localhost\", LDAP_PORT);\n        if (pLdapConnection == NULL)\n        {\n            printLine(\"Initialization failed\");\n            exit(1);\n        }\n        connectSuccess = ldap_connect(pLdapConnection, NULL);\n        if (connectSuccess != LDAP_SUCCESS)\n        {\n            printLine(\"Connection failed\");\n            exit(1);\n        }\n        searchSuccess = ldap_search_ext_sW(\n                            pLdapConnection,\n                            L\"base\",\n                            LDAP_SCOPE_SUBTREE,\n                            filter,\n                            NULL,\n                            0,\n                            NULL,\n                            NULL,\n                            LDAP_NO_LIMIT,\n                            LDAP_NO_LIMIT,\n                            &pMessage);\n        if (searchSuccess != LDAP_SUCCESS)\n        {\n            printLine(\"Search failed\");\n            if (pMessage != NULL)\n            {\n                ldap_msgfree(pMessage);\n            }\n            exit(1);\n        }\n        if (pMessage != NULL)\n        {\n            ldap_msgfree(pMessage);\n        }\n        ldap_unbind(pLdapConnection);\n    }\n}",
        "CWE_ID": "CWE-90",
        "question": "Given the provided code snippet, would this code trigger CWE-90?",
        "case_id": "CWE90_LDAP_Injection__w32_wchar_t_console_01_bad",
        "choices": {
            "A": "Yes, this code would trigger CWE-90.",
            "B": "No, this code would not trigger CWE-90.",
            "C": "Cannot tell due to the lack of information."
        },
        "answer": "B"
    }
]