[
    {
        "code": "void Sample_Func()\n{\n    FILE * data;\n    data = NULL;\n    data = fopen(\"DogSource_fopen.txt\", \"w+\");\n    data = fopen(\"DogSink_fopen.txt\", \"w+\");\n    if (data != NULL)\n    {\n        fclose(data);\n    }\n}",
        "CWE_ID": "CWE-773",
        "question": "Given the provided code snippet, would this code trigger CWE-773?",
        "case_id": "CWE773_Missing_Reference_to_Active_File_Descriptor_or_Handle__fopen_01_bad",
        "choices": {
            "A": "Yes, this code would trigger CWE-773.",
            "B": "No, this code would not trigger CWE-773.",
            "C": "Cannot tell due to the lack of information."
        },
        "answer": "A"
    },
    {
        "code": "static Sample_Func()\n{\n    FILE * data;\n    data = NULL;\n    data = fopen(\"DogSource_fopen.txt\", \"w+\");\n    if (data != NULL)\n    {\n        fclose(data);\n    }\n    data = fopen(\"CatSink_fopen.txt\", \"w+\");\n    if (data != NULL)\n    {\n        fclose(data);\n    }\n}",
        "CWE_ID": "CWE-773",
        "question": "Given the provided code snippet, would this code trigger CWE-773?",
        "case_id": "CWE773_Missing_Reference_to_Active_File_Descriptor_or_Handle__fopen_01_bad",
        "choices": {
            "A": "Yes, this code would trigger CWE-773.",
            "B": "No, this code would not trigger CWE-773.",
            "C": "Cannot tell due to the lack of information."
        },
        "answer": "B"
    }
]