[
    {
        "code": "void Sample_Func()\n{\n    {\n        HDESK hDesk;\n        char * desktopName = \"DesktopExample\";\n        hDesk = CreateDesktopA(\n                    desktopName,\n                    NULL,\n                    NULL,\n                    0,\n                    GENERIC_ALL,\n                    NULL);\n        if (hDesk == NULL)\n        {\n            printLine(\"Desktop could not be created\");\n        }\n        else\n        {\n            printLine(\"Desktop created successfully\");\n            CloseDesktop(hDesk);\n        }\n    }\n}",
        "CWE_ID": "CWE-284",
        "question": "Given the provided code snippet, would this code trigger CWE-284?",
        "case_id": "CWE284_Improper_Access_Control__w32_char_CreateDesktop_01_bad",
        "choices": {
            "A": "Yes, this code would trigger CWE-284.",
            "B": "No, this code would not trigger CWE-284.",
            "C": "Cannot tell due to the lack of information."
        },
        "answer": "A"
    },
    {
        "code": "static Sample_Func()\n{\n    {\n        HDESK hDesk;\n        char * desktopName = \"DesktopExample\";\n        hDesk = CreateDesktopA(\n                    desktopName,\n                    NULL,\n                    NULL,\n                    0,\n                    GENERIC_READ,\n                    NULL);\n        if (hDesk == NULL)\n        {\n            printLine(\"Desktop could not be created\");\n        }\n        else\n        {\n            printLine(\"Desktop created successfully\");\n            CloseDesktop(hDesk);\n        }\n    }\n}",
        "CWE_ID": "CWE-284",
        "question": "Given the provided code snippet, would this code trigger CWE-284?",
        "case_id": "CWE284_Improper_Access_Control__w32_char_CreateDesktop_01_bad",
        "choices": {
            "A": "Yes, this code would trigger CWE-284.",
            "B": "No, this code would not trigger CWE-284.",
            "C": "Cannot tell due to the lack of information."
        },
        "answer": "B"
    }
]