[
    {
        "code": "void Sample_Func()\n{\n    char * data;\n    char dataBuffer[250] = \"PATH=\";\n    data = dataBuffer;\n    {\n        size_t dataLen = strlen(data);\n        char * environment = GETENV(ENV_VARIABLE);\n        if (environment != NULL)\n        {\n            strncat(data+dataLen, environment, 250-dataLen-1);\n        }\n    }\n    PUTENV(data);\n}",
        "CWE_ID": "CWE-427",
        "question": "Given the provided code snippet, would this code trigger CWE-427?",
        "case_id": "CWE427_Uncontrolled_Search_Path_Element__char_environment_01_bad",
        "choices": {
            "A": "Yes, this code would trigger CWE-427.",
            "B": "No, this code would not trigger CWE-427.",
            "C": "Cannot tell due to the lack of information."
        },
        "answer": "A"
    },
    {
        "code": "static Sample_Func()\n{\n    char * data;\n    char dataBuffer[250] = \"PATH=\";\n    data = dataBuffer;\n    strcat(data, NEW_PATH);\n    PUTENV(data);\n}",
        "CWE_ID": "CWE-427",
        "question": "Given the provided code snippet, would this code trigger CWE-427?",
        "case_id": "CWE427_Uncontrolled_Search_Path_Element__char_environment_01_bad",
        "choices": {
            "A": "Yes, this code would trigger CWE-427.",
            "B": "No, this code would not trigger CWE-427.",
            "C": "Cannot tell due to the lack of information."
        },
        "answer": "B"
    }
]