[
    {
        "code": "void Sample_Func()\n{\n    char * data;\n    char dataBuffer[100] = \"\";\n    data = dataBuffer;\n    {\n        size_t dataLen = strlen(data);\n        if (100-dataLen > 1)\n        {\n            if (fgets(data+dataLen, (int)(100-dataLen), stdin) != NULL)\n            {\n                dataLen = strlen(data);\n                if (dataLen > 0 && data[dataLen-1] == '\\n')\n                {\n                    data[dataLen-1] = '\\0';\n                }\n            }\n            else\n            {\n                printLine(\"fgets() failed\");\n                data[dataLen] = '\\0';\n            }\n        }\n    }\n    {\n        HMODULE hModule;\n        hModule = LoadLibraryA(data);\n        if (hModule != NULL)\n        {\n            FreeLibrary(hModule);\n            printLine(\"Library loaded and freed successfully\");\n        }\n        else\n        {\n            printLine(\"Unable to load library\");\n        }\n    }\n}",
        "CWE_ID": "CWE-114",
        "question": "Given the provided code snippet, would this code trigger CWE-114?",
        "case_id": "CWE114_Process_Control__w32_char_console_01_bad",
        "choices": {
            "A": "Yes, this code would trigger CWE-114.",
            "B": "No, this code would not trigger CWE-114.",
            "C": "Cannot tell due to the lack of information."
        },
        "answer": "A"
    },
    {
        "code": "static Sample_Func()\n{\n    char * data;\n    char dataBuffer[100] = \"\";\n    data = dataBuffer;\n    strcpy(data, \"C:\\\\Windows\\\\System32\\\\winsrv.dll\");\n    {\n        HMODULE hModule;\n        hModule = LoadLibraryA(data);\n        if (hModule != NULL)\n        {\n            FreeLibrary(hModule);\n            printLine(\"Library loaded and freed successfully\");\n        }\n        else\n        {\n            printLine(\"Unable to load library\");\n        }\n    }\n}",
        "CWE_ID": "CWE-114",
        "question": "Given the provided code snippet, would this code trigger CWE-114?",
        "case_id": "CWE114_Process_Control__w32_char_console_01_bad",
        "choices": {
            "A": "Yes, this code would trigger CWE-114.",
            "B": "No, this code would not trigger CWE-114.",
            "C": "Cannot tell due to the lack of information."
        },
        "answer": "B"
    }
]