[
    {
        "code": "void Sample_Func()\n{\n    {\n#ifdef _WIN32\n        WSADATA wsaData;\n        int wsaDataInit = 0;\n#endif\n        struct sockaddr_in service, acceptService;\n        int acceptServiceLen = sizeof(acceptService);\n        SOCKET listenSocket = INVALID_SOCKET;\n        SOCKET acceptSocket = INVALID_SOCKET;\n        do\n        {\n#ifdef _WIN32\n            if (WSAStartup(MAKEWORD(2,2), &wsaData) != NO_ERROR)\n            {\n                break;\n            }\n            wsaDataInit = 1;\n#endif\n            listenSocket = socket(AF_INET, SOCK_STREAM, IPPROTO_TCP);\n            if (listenSocket == INVALID_SOCKET)\n            {\n                break;\n            }\n            memset(&service, 0, sizeof(service));\n            service.sin_family = AF_INET;\n            service.sin_addr.s_addr = INADDR_ANY;\n            service.sin_port = htons(20000);\n            if (bind(listenSocket, (struct sockaddr*)&service, sizeof(service)) == SOCKET_ERROR)\n            {\n                break;\n            }\n            if (listen(listenSocket, 5) == SOCKET_ERROR)\n            {\n                break;\n            }\n            acceptSocket = accept(listenSocket, NULL, NULL);\n            if (acceptSocket == SOCKET_ERROR)\n            {\n                break;\n            }\n            if (getsockname(acceptSocket, (struct sockaddr *)&acceptService, &acceptServiceLen) == -1)\n            {\n                break;\n            }\n            if (strcmp(\"192.168.30.123\", inet_ntoa(acceptService.sin_addr)) == 0)\n            {\n                if (send(acceptSocket, ADMIN_MESSAGE, strlen(ADMIN_MESSAGE), 0) ==  SOCKET_ERROR)\n                {\n                    break;\n                }\n            }\n            else\n            {\n                if (send(acceptSocket, DEFAULT_MESSAGE, strlen(DEFAULT_MESSAGE), 0) == SOCKET_ERROR)\n                {\n                    printLine(\"Send failed!\");\n                }\n            }\n        }\n        while (0);\n        if (listenSocket != INVALID_SOCKET)\n        {\n            CLOSE_SOCKET(listenSocket);\n        }\n        if (acceptSocket != INVALID_SOCKET)\n        {\n            CLOSE_SOCKET(acceptSocket);\n        }\n#ifdef _WIN32\n        if (wsaDataInit)\n        {\n            WSACleanup();\n        }\n#endif\n    }\n}",
        "CWE_ID": "CWE-510",
        "question": "Given the provided code snippet, would this code trigger CWE-510?",
        "case_id": "CWE510_Trapdoor__ip_based_logic_01_bad",
        "choices": {
            "A": "Yes, this code would trigger CWE-510.",
            "B": "No, this code would not trigger CWE-510.",
            "C": "Cannot tell due to the lack of information."
        },
        "answer": "A"
    },
    {
        "code": "static Sample_Func()\n{\n    {\n#ifdef _WIN32\n        WSADATA wsaData;\n        int wsaDataInit = 0;\n#endif\n        struct sockaddr_in service;\n        SOCKET listenSocket = INVALID_SOCKET;\n        SOCKET acceptSocket = INVALID_SOCKET;\n        do\n        {\n#ifdef _WIN32\n            if (WSAStartup(MAKEWORD(2,2), &wsaData) != NO_ERROR)\n            {\n                break;\n            }\n            wsaDataInit = 1;\n#endif\n            listenSocket = socket(AF_INET, SOCK_STREAM, IPPROTO_TCP);\n            if (listenSocket == INVALID_SOCKET)\n            {\n                break;\n            }\n            memset(&service, 0, sizeof(service));\n            service.sin_family = AF_INET;\n            service.sin_addr.s_addr = INADDR_ANY;\n            service.sin_port = htons(20000);\n            if (bind(listenSocket, (struct sockaddr*)&service, sizeof(service)) == SOCKET_ERROR)\n            {\n                break;\n            }\n            if (listen(listenSocket, 5) == SOCKET_ERROR)\n            {\n                break;\n            }\n            acceptSocket = accept(listenSocket, NULL, NULL);\n            if (acceptSocket == SOCKET_ERROR)\n            {\n                break;\n            }\n            if (send(acceptSocket, DEFAULT_MESSAGE, strlen(DEFAULT_MESSAGE), 0) == SOCKET_ERROR)\n            {\n                printLine(\"Send failed!\");\n            }\n        }\n        while (0);\n        if (listenSocket != INVALID_SOCKET)\n        {\n            CLOSE_SOCKET(listenSocket);\n        }\n        if (acceptSocket != INVALID_SOCKET)\n        {\n            CLOSE_SOCKET(acceptSocket);\n        }\n#ifdef _WIN32\n        if (wsaDataInit)\n        {\n            WSACleanup();\n        }\n#endif\n    }\n}",
        "CWE_ID": "CWE-510",
        "question": "Given the provided code snippet, would this code trigger CWE-510?",
        "case_id": "CWE510_Trapdoor__ip_based_logic_01_bad",
        "choices": {
            "A": "Yes, this code would trigger CWE-510.",
            "B": "No, this code would not trigger CWE-510.",
            "C": "Cannot tell due to the lack of information."
        },
        "answer": "B"
    }
]