[
    {
        "code": "void Sample_Func()\n{\n    {\n        wchar_t * keyName = L\"TEST\\\\TestKey\";\n        HKEY hKey;\n        if (RegCreateKeyExW(\n                    HKEY_CURRENT_USER,\n                    keyName,\n                    0,\n                    NULL,\n                    REG_OPTION_NON_VOLATILE,\n                    KEY_ALL_ACCESS,\n                    NULL,\n                    &hKey,\n                    NULL) != ERROR_SUCCESS)\n        {\n            printLine(\"Registry key could not be created\");\n        }\n        else\n        {\n            printLine(\"Registry key created successfully\");\n            RegCloseKey(hKey);\n        }\n    }\n}",
        "CWE_ID": "CWE-284",
        "question": "Given the provided code snippet, would this code trigger CWE-284?",
        "case_id": "CWE284_Improper_Access_Control__w32_wchar_t_RegCreateKeyEx_01_bad",
        "choices": {
            "A": "Yes, this code would trigger CWE-284.",
            "B": "No, this code would not trigger CWE-284.",
            "C": "Cannot tell due to the lack of information."
        },
        "answer": "A"
    },
    {
        "code": "static Sample_Func()\n{\n    {\n        wchar_t * keyName = L\"TEST\\\\TestKey\";\n        HKEY hKey;\n        if (RegCreateKeyExW(\n                    HKEY_CURRENT_USER,\n                    keyName,\n                    0,\n                    NULL,\n                    REG_OPTION_NON_VOLATILE,\n                    KEY_WRITE,\n                    NULL,\n                    &hKey,\n                    NULL) != ERROR_SUCCESS)\n        {\n            printLine(\"Registry key could not be created\");\n        }\n        else\n        {\n            printLine(\"Registry key created successfully\");\n            RegCloseKey(hKey);\n        }\n    }\n}",
        "CWE_ID": "CWE-284",
        "question": "Given the provided code snippet, would this code trigger CWE-284?",
        "case_id": "CWE284_Improper_Access_Control__w32_wchar_t_RegCreateKeyEx_01_bad",
        "choices": {
            "A": "Yes, this code would trigger CWE-284.",
            "B": "No, this code would not trigger CWE-284.",
            "C": "Cannot tell due to the lack of information."
        },
        "answer": "B"
    }
]