[
    {
        "case_id": 6058,
        "code": "void CWE675_Duplicate_Operations_on_Resource__fopen_01_bad()\n{\n    FILE * data;\n    data = NULL; /* Initialize data */\n    data = fopen(\"BadSource_fopen.txt\", \"w+\");\n    /* POTENTIAL FLAW: Close the file in the source */\n    fclose(data);\n    /* POTENTIAL FLAW: Close the file in the sink (it may have been closed in the Source) */\n    fclose(data);\n}",
        "question": "Given that the parameter or function `fclose` is modified before the execution of the function `fopen`, evaluate the potential impact on the outcomes of `fopen`. Consider how `fclose` could influence `fopen`, including its role as a direct parameter, its effect on controlling conditions, or its indirect impacts through other related variables or system states.",
        "choices": {
            "A": "The change to `fclose` directly alters the arguments passed to `fopen`.",
            "B": "There is neither a direct nor a significant indirect relationship between the changes to `fclose` and the behavior or output of `fopen`, suggesting no observable impact.",
            "C": "The modification of `fclose` might indirectly influence `fopen` by modifying the control statement that controls the behavior of `fopen`.",
            "D": "It is not possible to determine the effect without additional context."
        },
        "answer": "B",
        "distance": 0
    },
    {
        "case_id": 6058,
        "code": "void CWE675_Duplicate_Operations_on_Resource__fopen_01_bad()\n{\n    FILE * data;\n    data = NULL; /* Initialize data */\n    data = fopen(\"BadSource_fopen.txt\", \"w+\");\n    /* POTENTIAL FLAW: Close the file in the source */\n    fclose(data);\n    /* POTENTIAL FLAW: Close the file in the sink (it may have been closed in the Source) */\n    fclose(data);\n}",
        "question": "Given that the parameter or function `data` is modified before the execution of the function `fopen`, evaluate the potential impact on the outcomes of `fopen`. Consider how `data` could influence `fopen`, including its role as a direct parameter, its effect on controlling conditions, or its indirect impacts through other related variables or system states.",
        "choices": {
            "A": "The change to `data` directly alters the arguments passed to `fopen`.",
            "B": "There is neither a direct nor a significant indirect relationship between the changes to `data` and the behavior or output of `fopen`, suggesting no observable impact.",
            "C": "The modification of `data` might indirectly influence `fopen` by modifying the control statement that controls the behavior of `fopen`.",
            "D": "It is not possible to determine the effect without additional context."
        },
        "answer": "B",
        "distance": 0
    }
]