[
    {
        "case_id": 459,
        "code": "void CWE196_Unsigned_to_Signed_Conversion_Error__basic_01_bad()\n{\n    {\n        unsigned intUnsigned;\n        int intSigned;\n        intUnsigned = rand();\n        if (rand() % 2 == 0)\n        {\n            intUnsigned = UINT_MAX - intUnsigned;\n        }\n        /* FLAW: intUnsigned could be very large, in which case intSigned will be negative */\n        intSigned = intUnsigned;\n        printIntLine(intSigned);\n    }\n}",
        "question": "Given that the parameter or function `rand` is modified before the execution of the function `printIntLine`, evaluate the potential impact on the outcomes of `printIntLine`. Consider how `rand` could influence `printIntLine`, including its role as a direct parameter, its effect on controlling conditions, or its indirect impacts through other related variables or system states.",
        "choices": {
            "A": "The change to `rand` directly alters the arguments passed to `printIntLine`.",
            "B": "There is neither a direct nor a significant indirect relationship between the changes to `rand` and the behavior or output of `printIntLine`, suggesting no observable impact.",
            "C": "The modification of `rand` might indirectly influence `printIntLine` by modifying the control statement that controls the behavior of `printIntLine`.",
            "D": "It is not possible to determine the effect without additional context."
        },
        "answer": "A",
        "distance": 2
    },
    {
        "case_id": 459,
        "code": "void CWE196_Unsigned_to_Signed_Conversion_Error__basic_01_bad()\n{\n    {\n        unsigned intUnsigned;\n        int intSigned;\n        intUnsigned = rand();\n        if (rand() % 2 == 0)\n        {\n            intUnsigned = UINT_MAX - intUnsigned;\n        }\n        /* FLAW: intUnsigned could be very large, in which case intSigned will be negative */\n        intSigned = intUnsigned;\n        printIntLine(intSigned);\n    }\n}",
        "question": "Given that the parameter or function `intSigned` is modified before the execution of the function `printIntLine`, evaluate the potential impact on the outcomes of `printIntLine`. Consider how `intSigned` could influence `printIntLine`, including its role as a direct parameter, its effect on controlling conditions, or its indirect impacts through other related variables or system states.",
        "choices": {
            "A": "The change to `intSigned` directly alters the arguments passed to `printIntLine`.",
            "B": "There is neither a direct nor a significant indirect relationship between the changes to `intSigned` and the behavior or output of `printIntLine`, suggesting no observable impact.",
            "C": "The modification of `intSigned` might indirectly influence `printIntLine` by modifying the control statement that controls the behavior of `printIntLine`.",
            "D": "It is not possible to determine the effect without additional context."
        },
        "answer": "A",
        "distance": 1
    },
    {
        "case_id": 459,
        "code": "void CWE196_Unsigned_to_Signed_Conversion_Error__basic_01_bad()\n{\n    {\n        unsigned intUnsigned;\n        int intSigned;\n        intUnsigned = rand();\n        if (rand() % 2 == 0)\n        {\n            intUnsigned = UINT_MAX - intUnsigned;\n        }\n        /* FLAW: intUnsigned could be very large, in which case intSigned will be negative */\n        intSigned = intUnsigned;\n        printIntLine(intSigned);\n    }\n}",
        "question": "Given that the parameter or function `intUnsigned` is modified before the execution of the function `printIntLine`, evaluate the potential impact on the outcomes of `printIntLine`. Consider how `intUnsigned` could influence `printIntLine`, including its role as a direct parameter, its effect on controlling conditions, or its indirect impacts through other related variables or system states.",
        "choices": {
            "A": "The change to `intUnsigned` directly alters the arguments passed to `printIntLine`.",
            "B": "There is neither a direct nor a significant indirect relationship between the changes to `intUnsigned` and the behavior or output of `printIntLine`, suggesting no observable impact.",
            "C": "The modification of `intUnsigned` might indirectly influence `printIntLine` by modifying the control statement that controls the behavior of `printIntLine`.",
            "D": "It is not possible to determine the effect without additional context."
        },
        "answer": "A",
        "distance": 1
    }
]