[
    {
        "case_id": 935,
        "code": "void CWE252_Unchecked_Return_Value__char_w32CreateMutex_01_bad()\n{\n    {\n        HANDLE hMutex = NULL;\n        hMutex = CreateMutexA(NULL, FALSE, NULL);\n        /* FLAW: Do not check the return value */\n        /* We'll leave out most of the implementation since it has nothing to do with the CWE\n         * and since the checkers are looking for certain function calls anyway */\n        CloseHandle(hMutex);\n    }\n}",
        "question": "Given that the parameter or function `FALSE` is modified before the execution of the function `CreateMutexA`, evaluate the potential impact on the outcomes of `CreateMutexA`. Consider how `FALSE` could influence `CreateMutexA`, including its role as a direct parameter, its effect on controlling conditions, or its indirect impacts through other related variables or system states.",
        "choices": {
            "A": "The change to `FALSE` directly alters the arguments passed to `CreateMutexA`.",
            "B": "There is neither a direct nor a significant indirect relationship between the changes to `FALSE` and the behavior or output of `CreateMutexA`, suggesting no observable impact.",
            "C": "The modification of `FALSE` might indirectly influence `CreateMutexA` by modifying the control statement that controls the behavior of `CreateMutexA`.",
            "D": "It is not possible to determine the effect without additional context."
        },
        "answer": "A",
        "distance": 1
    },
    {
        "case_id": 935,
        "code": "void CWE252_Unchecked_Return_Value__char_w32CreateMutex_01_bad()\n{\n    {\n        HANDLE hMutex = NULL;\n        hMutex = CreateMutexA(NULL, FALSE, NULL);\n        /* FLAW: Do not check the return value */\n        /* We'll leave out most of the implementation since it has nothing to do with the CWE\n         * and since the checkers are looking for certain function calls anyway */\n        CloseHandle(hMutex);\n    }\n}",
        "question": "Given that the parameter or function `CreateMutexA` is modified before the execution of the function `CloseHandle`, evaluate the potential impact on the outcomes of `CloseHandle`. Consider how `CreateMutexA` could influence `CloseHandle`, including its role as a direct parameter, its effect on controlling conditions, or its indirect impacts through other related variables or system states.",
        "choices": {
            "A": "The change to `CreateMutexA` directly alters the arguments passed to `CloseHandle`.",
            "B": "There is neither a direct nor a significant indirect relationship between the changes to `CreateMutexA` and the behavior or output of `CloseHandle`, suggesting no observable impact.",
            "C": "The modification of `CreateMutexA` might indirectly influence `CloseHandle` by modifying the control statement that controls the behavior of `CloseHandle`.",
            "D": "It is not possible to determine the effect without additional context."
        },
        "answer": "A",
        "distance": 1
    },
    {
        "case_id": 935,
        "code": "void CWE252_Unchecked_Return_Value__char_w32CreateMutex_01_bad()\n{\n    {\n        HANDLE hMutex = NULL;\n        hMutex = CreateMutexA(NULL, FALSE, NULL);\n        /* FLAW: Do not check the return value */\n        /* We'll leave out most of the implementation since it has nothing to do with the CWE\n         * and since the checkers are looking for certain function calls anyway */\n        CloseHandle(hMutex);\n    }\n}",
        "question": "Given that the parameter or function `FALSE` is modified before the execution of the function `CloseHandle`, evaluate the potential impact on the outcomes of `CloseHandle`. Consider how `FALSE` could influence `CloseHandle`, including its role as a direct parameter, its effect on controlling conditions, or its indirect impacts through other related variables or system states.",
        "choices": {
            "A": "The change to `FALSE` directly alters the arguments passed to `CloseHandle`.",
            "B": "There is neither a direct nor a significant indirect relationship between the changes to `FALSE` and the behavior or output of `CloseHandle`, suggesting no observable impact.",
            "C": "The modification of `FALSE` might indirectly influence `CloseHandle` by modifying the control statement that controls the behavior of `CloseHandle`.",
            "D": "It is not possible to determine the effect without additional context."
        },
        "answer": "A",
        "distance": 1
    },
    {
        "case_id": 935,
        "code": "void CWE252_Unchecked_Return_Value__char_w32CreateMutex_01_bad()\n{\n    {\n        HANDLE hMutex = NULL;\n        hMutex = CreateMutexA(NULL, FALSE, NULL);\n        /* FLAW: Do not check the return value */\n        /* We'll leave out most of the implementation since it has nothing to do with the CWE\n         * and since the checkers are looking for certain function calls anyway */\n        CloseHandle(hMutex);\n    }\n}",
        "question": "Given that the parameter or function `hMutex` is modified before the execution of the function `CloseHandle`, evaluate the potential impact on the outcomes of `CloseHandle`. Consider how `hMutex` could influence `CloseHandle`, including its role as a direct parameter, its effect on controlling conditions, or its indirect impacts through other related variables or system states.",
        "choices": {
            "A": "The change to `hMutex` directly alters the arguments passed to `CloseHandle`.",
            "B": "There is neither a direct nor a significant indirect relationship between the changes to `hMutex` and the behavior or output of `CloseHandle`, suggesting no observable impact.",
            "C": "The modification of `hMutex` might indirectly influence `CloseHandle` by modifying the control statement that controls the behavior of `CloseHandle`.",
            "D": "It is not possible to determine the effect without additional context."
        },
        "answer": "A",
        "distance": 1
    },
    {
        "case_id": 935,
        "code": "void CWE252_Unchecked_Return_Value__char_w32CreateMutex_01_bad()\n{\n    {\n        HANDLE hMutex = NULL;\n        hMutex = CreateMutexA(NULL, FALSE, NULL);\n        /* FLAW: Do not check the return value */\n        /* We'll leave out most of the implementation since it has nothing to do with the CWE\n         * and since the checkers are looking for certain function calls anyway */\n        CloseHandle(hMutex);\n    }\n}",
        "question": "Given that the parameter or function `CloseHandle` is modified before the execution of the function `CreateMutexA`, evaluate the potential impact on the outcomes of `CreateMutexA`. Consider how `CloseHandle` could influence `CreateMutexA`, including its role as a direct parameter, its effect on controlling conditions, or its indirect impacts through other related variables or system states.",
        "choices": {
            "A": "The change to `CloseHandle` directly alters the arguments passed to `CreateMutexA`.",
            "B": "There is neither a direct nor a significant indirect relationship between the changes to `CloseHandle` and the behavior or output of `CreateMutexA`, suggesting no observable impact.",
            "C": "The modification of `CloseHandle` might indirectly influence `CreateMutexA` by modifying the control statement that controls the behavior of `CreateMutexA`.",
            "D": "It is not possible to determine the effect without additional context."
        },
        "answer": "B",
        "distance": 0
    },
    {
        "case_id": 935,
        "code": "void CWE252_Unchecked_Return_Value__char_w32CreateMutex_01_bad()\n{\n    {\n        HANDLE hMutex = NULL;\n        hMutex = CreateMutexA(NULL, FALSE, NULL);\n        /* FLAW: Do not check the return value */\n        /* We'll leave out most of the implementation since it has nothing to do with the CWE\n         * and since the checkers are looking for certain function calls anyway */\n        CloseHandle(hMutex);\n    }\n}",
        "question": "Given that the parameter or function `hMutex` is modified before the execution of the function `CreateMutexA`, evaluate the potential impact on the outcomes of `CreateMutexA`. Consider how `hMutex` could influence `CreateMutexA`, including its role as a direct parameter, its effect on controlling conditions, or its indirect impacts through other related variables or system states.",
        "choices": {
            "A": "The change to `hMutex` directly alters the arguments passed to `CreateMutexA`.",
            "B": "There is neither a direct nor a significant indirect relationship between the changes to `hMutex` and the behavior or output of `CreateMutexA`, suggesting no observable impact.",
            "C": "The modification of `hMutex` might indirectly influence `CreateMutexA` by modifying the control statement that controls the behavior of `CreateMutexA`.",
            "D": "It is not possible to determine the effect without additional context."
        },
        "answer": "B",
        "distance": 0
    }
]