[
    {
        "case_id": 4805,
        "code": "void CWE511_Logic_Time_Bomb__w32CompareFileTime_01_bad()\n{\n    {\n        SYSTEMTIME setTime, currentTime;\n        FILETIME setTimeAsFileTime, currentTimeAsFileTime;\n        /* Jan 1, 2008 12:00:00 PM */\n        setTime.wYear         = 2008; /* Year */\n        setTime.wMonth        = 1;    /* January */\n        setTime.wDayOfWeek    = 0;    /* Ignored */\n        setTime.wDay          = 1;    /* The first of the month */\n        setTime.wHour         = 12;   /* 12 PM */\n        setTime.wMinute       = 0;    /* 0 minutes into the hour */\n        setTime.wSecond       = 0;    /* 0 seconds into the minute */\n        setTime.wMilliseconds = 0;    /* 0 milliseconds into the second */\n        GetSystemTime(&currentTime);\n        /* Must convert to FILETIME for comparison */\n        SystemTimeToFileTime(&currentTime, &currentTimeAsFileTime);\n        SystemTimeToFileTime(&setTime, &setTimeAsFileTime);\n        /* FLAW: After a certain date, delete a file */\n        if (CompareFileTime(&currentTimeAsFileTime, &setTimeAsFileTime) == 1)\n        {\n            UNLINK(\"important_file.txt\");\n        }\n    }\n}",
        "question": "Given that the parameter or function `currentTime` is modified before the execution of the function `GetSystemTime`, evaluate the potential impact on the outcomes of `GetSystemTime`. Consider how `currentTime` could influence `GetSystemTime`, including its role as a direct parameter, its effect on controlling conditions, or its indirect impacts through other related variables or system states.",
        "choices": {
            "A": "The change to `currentTime` directly alters the arguments passed to `GetSystemTime`.",
            "B": "There is neither a direct nor a significant indirect relationship between the changes to `currentTime` and the behavior or output of `GetSystemTime`, suggesting no observable impact.",
            "C": "The modification of `currentTime` might indirectly influence `GetSystemTime` by modifying the control statement that controls the behavior of `GetSystemTime`.",
            "D": "It is not possible to determine the effect without additional context."
        },
        "answer": "A",
        "distance": 1
    },
    {
        "case_id": 4805,
        "code": "void CWE511_Logic_Time_Bomb__w32CompareFileTime_01_bad()\n{\n    {\n        SYSTEMTIME setTime, currentTime;\n        FILETIME setTimeAsFileTime, currentTimeAsFileTime;\n        /* Jan 1, 2008 12:00:00 PM */\n        setTime.wYear         = 2008; /* Year */\n        setTime.wMonth        = 1;    /* January */\n        setTime.wDayOfWeek    = 0;    /* Ignored */\n        setTime.wDay          = 1;    /* The first of the month */\n        setTime.wHour         = 12;   /* 12 PM */\n        setTime.wMinute       = 0;    /* 0 minutes into the hour */\n        setTime.wSecond       = 0;    /* 0 seconds into the minute */\n        setTime.wMilliseconds = 0;    /* 0 milliseconds into the second */\n        GetSystemTime(&currentTime);\n        /* Must convert to FILETIME for comparison */\n        SystemTimeToFileTime(&currentTime, &currentTimeAsFileTime);\n        SystemTimeToFileTime(&setTime, &setTimeAsFileTime);\n        /* FLAW: After a certain date, delete a file */\n        if (CompareFileTime(&currentTimeAsFileTime, &setTimeAsFileTime) == 1)\n        {\n            UNLINK(\"important_file.txt\");\n        }\n    }\n}",
        "question": "Given that the parameter or function `UNLINK` is modified before the execution of the function `GetSystemTime`, evaluate the potential impact on the outcomes of `GetSystemTime`. Consider how `UNLINK` could influence `GetSystemTime`, including its role as a direct parameter, its effect on controlling conditions, or its indirect impacts through other related variables or system states.",
        "choices": {
            "A": "The change to `UNLINK` directly alters the arguments passed to `GetSystemTime`.",
            "B": "There is neither a direct nor a significant indirect relationship between the changes to `UNLINK` and the behavior or output of `GetSystemTime`, suggesting no observable impact.",
            "C": "The modification of `UNLINK` might indirectly influence `GetSystemTime` by modifying the control statement that controls the behavior of `GetSystemTime`.",
            "D": "It is not possible to determine the effect without additional context."
        },
        "answer": "B",
        "distance": 0
    },
    {
        "case_id": 4805,
        "code": "void CWE511_Logic_Time_Bomb__w32CompareFileTime_01_bad()\n{\n    {\n        SYSTEMTIME setTime, currentTime;\n        FILETIME setTimeAsFileTime, currentTimeAsFileTime;\n        /* Jan 1, 2008 12:00:00 PM */\n        setTime.wYear         = 2008; /* Year */\n        setTime.wMonth        = 1;    /* January */\n        setTime.wDayOfWeek    = 0;    /* Ignored */\n        setTime.wDay          = 1;    /* The first of the month */\n        setTime.wHour         = 12;   /* 12 PM */\n        setTime.wMinute       = 0;    /* 0 minutes into the hour */\n        setTime.wSecond       = 0;    /* 0 seconds into the minute */\n        setTime.wMilliseconds = 0;    /* 0 milliseconds into the second */\n        GetSystemTime(&currentTime);\n        /* Must convert to FILETIME for comparison */\n        SystemTimeToFileTime(&currentTime, &currentTimeAsFileTime);\n        SystemTimeToFileTime(&setTime, &setTimeAsFileTime);\n        /* FLAW: After a certain date, delete a file */\n        if (CompareFileTime(&currentTimeAsFileTime, &setTimeAsFileTime) == 1)\n        {\n            UNLINK(\"important_file.txt\");\n        }\n    }\n}",
        "question": "Given that the parameter or function `currentTimeAsFileTime` is modified before the execution of the function `GetSystemTime`, evaluate the potential impact on the outcomes of `GetSystemTime`. Consider how `currentTimeAsFileTime` could influence `GetSystemTime`, including its role as a direct parameter, its effect on controlling conditions, or its indirect impacts through other related variables or system states.",
        "choices": {
            "A": "The change to `currentTimeAsFileTime` directly alters the arguments passed to `GetSystemTime`.",
            "B": "There is neither a direct nor a significant indirect relationship between the changes to `currentTimeAsFileTime` and the behavior or output of `GetSystemTime`, suggesting no observable impact.",
            "C": "The modification of `currentTimeAsFileTime` might indirectly influence `GetSystemTime` by modifying the control statement that controls the behavior of `GetSystemTime`.",
            "D": "It is not possible to determine the effect without additional context."
        },
        "answer": "B",
        "distance": 0
    },
    {
        "case_id": 4805,
        "code": "void CWE511_Logic_Time_Bomb__w32CompareFileTime_01_bad()\n{\n    {\n        SYSTEMTIME setTime, currentTime;\n        FILETIME setTimeAsFileTime, currentTimeAsFileTime;\n        /* Jan 1, 2008 12:00:00 PM */\n        setTime.wYear         = 2008; /* Year */\n        setTime.wMonth        = 1;    /* January */\n        setTime.wDayOfWeek    = 0;    /* Ignored */\n        setTime.wDay          = 1;    /* The first of the month */\n        setTime.wHour         = 12;   /* 12 PM */\n        setTime.wMinute       = 0;    /* 0 minutes into the hour */\n        setTime.wSecond       = 0;    /* 0 seconds into the minute */\n        setTime.wMilliseconds = 0;    /* 0 milliseconds into the second */\n        GetSystemTime(&currentTime);\n        /* Must convert to FILETIME for comparison */\n        SystemTimeToFileTime(&currentTime, &currentTimeAsFileTime);\n        SystemTimeToFileTime(&setTime, &setTimeAsFileTime);\n        /* FLAW: After a certain date, delete a file */\n        if (CompareFileTime(&currentTimeAsFileTime, &setTimeAsFileTime) == 1)\n        {\n            UNLINK(\"important_file.txt\");\n        }\n    }\n}",
        "question": "Given that the parameter or function `wMinute` is modified before the execution of the function `GetSystemTime`, evaluate the potential impact on the outcomes of `GetSystemTime`. Consider how `wMinute` could influence `GetSystemTime`, including its role as a direct parameter, its effect on controlling conditions, or its indirect impacts through other related variables or system states.",
        "choices": {
            "A": "The change to `wMinute` directly alters the arguments passed to `GetSystemTime`.",
            "B": "There is neither a direct nor a significant indirect relationship between the changes to `wMinute` and the behavior or output of `GetSystemTime`, suggesting no observable impact.",
            "C": "The modification of `wMinute` might indirectly influence `GetSystemTime` by modifying the control statement that controls the behavior of `GetSystemTime`.",
            "D": "It is not possible to determine the effect without additional context."
        },
        "answer": "B",
        "distance": 0
    },
    {
        "case_id": 4805,
        "code": "void CWE511_Logic_Time_Bomb__w32CompareFileTime_01_bad()\n{\n    {\n        SYSTEMTIME setTime, currentTime;\n        FILETIME setTimeAsFileTime, currentTimeAsFileTime;\n        /* Jan 1, 2008 12:00:00 PM */\n        setTime.wYear         = 2008; /* Year */\n        setTime.wMonth        = 1;    /* January */\n        setTime.wDayOfWeek    = 0;    /* Ignored */\n        setTime.wDay          = 1;    /* The first of the month */\n        setTime.wHour         = 12;   /* 12 PM */\n        setTime.wMinute       = 0;    /* 0 minutes into the hour */\n        setTime.wSecond       = 0;    /* 0 seconds into the minute */\n        setTime.wMilliseconds = 0;    /* 0 milliseconds into the second */\n        GetSystemTime(&currentTime);\n        /* Must convert to FILETIME for comparison */\n        SystemTimeToFileTime(&currentTime, &currentTimeAsFileTime);\n        SystemTimeToFileTime(&setTime, &setTimeAsFileTime);\n        /* FLAW: After a certain date, delete a file */\n        if (CompareFileTime(&currentTimeAsFileTime, &setTimeAsFileTime) == 1)\n        {\n            UNLINK(\"important_file.txt\");\n        }\n    }\n}",
        "question": "Given that the parameter or function `wMonth` is modified before the execution of the function `GetSystemTime`, evaluate the potential impact on the outcomes of `GetSystemTime`. Consider how `wMonth` could influence `GetSystemTime`, including its role as a direct parameter, its effect on controlling conditions, or its indirect impacts through other related variables or system states.",
        "choices": {
            "A": "The change to `wMonth` directly alters the arguments passed to `GetSystemTime`.",
            "B": "There is neither a direct nor a significant indirect relationship between the changes to `wMonth` and the behavior or output of `GetSystemTime`, suggesting no observable impact.",
            "C": "The modification of `wMonth` might indirectly influence `GetSystemTime` by modifying the control statement that controls the behavior of `GetSystemTime`.",
            "D": "It is not possible to determine the effect without additional context."
        },
        "answer": "B",
        "distance": 0
    },
    {
        "case_id": 4805,
        "code": "void CWE511_Logic_Time_Bomb__w32CompareFileTime_01_bad()\n{\n    {\n        SYSTEMTIME setTime, currentTime;\n        FILETIME setTimeAsFileTime, currentTimeAsFileTime;\n        /* Jan 1, 2008 12:00:00 PM */\n        setTime.wYear         = 2008; /* Year */\n        setTime.wMonth        = 1;    /* January */\n        setTime.wDayOfWeek    = 0;    /* Ignored */\n        setTime.wDay          = 1;    /* The first of the month */\n        setTime.wHour         = 12;   /* 12 PM */\n        setTime.wMinute       = 0;    /* 0 minutes into the hour */\n        setTime.wSecond       = 0;    /* 0 seconds into the minute */\n        setTime.wMilliseconds = 0;    /* 0 milliseconds into the second */\n        GetSystemTime(&currentTime);\n        /* Must convert to FILETIME for comparison */\n        SystemTimeToFileTime(&currentTime, &currentTimeAsFileTime);\n        SystemTimeToFileTime(&setTime, &setTimeAsFileTime);\n        /* FLAW: After a certain date, delete a file */\n        if (CompareFileTime(&currentTimeAsFileTime, &setTimeAsFileTime) == 1)\n        {\n            UNLINK(\"important_file.txt\");\n        }\n    }\n}",
        "question": "Given that the parameter or function `currentTimeAsFileTime` is modified before the execution of the function `UNLINK`, evaluate the potential impact on the outcomes of `UNLINK`. Consider how `currentTimeAsFileTime` could influence `UNLINK`, including its role as a direct parameter, its effect on controlling conditions, or its indirect impacts through other related variables or system states.",
        "choices": {
            "A": "The change to `currentTimeAsFileTime` directly alters the arguments passed to `UNLINK`.",
            "B": "There is neither a direct nor a significant indirect relationship between the changes to `currentTimeAsFileTime` and the behavior or output of `UNLINK`, suggesting no observable impact.",
            "C": "The modification of `currentTimeAsFileTime` might indirectly influence `UNLINK` by modifying the control statement that controls the behavior of `UNLINK`.",
            "D": "It is not possible to determine the effect without additional context."
        },
        "answer": "C",
        "distance": 2
    },
    {
        "case_id": 4805,
        "code": "void CWE511_Logic_Time_Bomb__w32CompareFileTime_01_bad()\n{\n    {\n        SYSTEMTIME setTime, currentTime;\n        FILETIME setTimeAsFileTime, currentTimeAsFileTime;\n        /* Jan 1, 2008 12:00:00 PM */\n        setTime.wYear         = 2008; /* Year */\n        setTime.wMonth        = 1;    /* January */\n        setTime.wDayOfWeek    = 0;    /* Ignored */\n        setTime.wDay          = 1;    /* The first of the month */\n        setTime.wHour         = 12;   /* 12 PM */\n        setTime.wMinute       = 0;    /* 0 minutes into the hour */\n        setTime.wSecond       = 0;    /* 0 seconds into the minute */\n        setTime.wMilliseconds = 0;    /* 0 milliseconds into the second */\n        GetSystemTime(&currentTime);\n        /* Must convert to FILETIME for comparison */\n        SystemTimeToFileTime(&currentTime, &currentTimeAsFileTime);\n        SystemTimeToFileTime(&setTime, &setTimeAsFileTime);\n        /* FLAW: After a certain date, delete a file */\n        if (CompareFileTime(&currentTimeAsFileTime, &setTimeAsFileTime) == 1)\n        {\n            UNLINK(\"important_file.txt\");\n        }\n    }\n}",
        "question": "Given that the parameter or function `setTimeAsFileTime` is modified before the execution of the function `UNLINK`, evaluate the potential impact on the outcomes of `UNLINK`. Consider how `setTimeAsFileTime` could influence `UNLINK`, including its role as a direct parameter, its effect on controlling conditions, or its indirect impacts through other related variables or system states.",
        "choices": {
            "A": "The change to `setTimeAsFileTime` directly alters the arguments passed to `UNLINK`.",
            "B": "There is neither a direct nor a significant indirect relationship between the changes to `setTimeAsFileTime` and the behavior or output of `UNLINK`, suggesting no observable impact.",
            "C": "The modification of `setTimeAsFileTime` might indirectly influence `UNLINK` by modifying the control statement that controls the behavior of `UNLINK`.",
            "D": "It is not possible to determine the effect without additional context."
        },
        "answer": "C",
        "distance": 2
    },
    {
        "case_id": 4805,
        "code": "void CWE511_Logic_Time_Bomb__w32CompareFileTime_01_bad()\n{\n    {\n        SYSTEMTIME setTime, currentTime;\n        FILETIME setTimeAsFileTime, currentTimeAsFileTime;\n        /* Jan 1, 2008 12:00:00 PM */\n        setTime.wYear         = 2008; /* Year */\n        setTime.wMonth        = 1;    /* January */\n        setTime.wDayOfWeek    = 0;    /* Ignored */\n        setTime.wDay          = 1;    /* The first of the month */\n        setTime.wHour         = 12;   /* 12 PM */\n        setTime.wMinute       = 0;    /* 0 minutes into the hour */\n        setTime.wSecond       = 0;    /* 0 seconds into the minute */\n        setTime.wMilliseconds = 0;    /* 0 milliseconds into the second */\n        GetSystemTime(&currentTime);\n        /* Must convert to FILETIME for comparison */\n        SystemTimeToFileTime(&currentTime, &currentTimeAsFileTime);\n        SystemTimeToFileTime(&setTime, &setTimeAsFileTime);\n        /* FLAW: After a certain date, delete a file */\n        if (CompareFileTime(&currentTimeAsFileTime, &setTimeAsFileTime) == 1)\n        {\n            UNLINK(\"important_file.txt\");\n        }\n    }\n}",
        "question": "Given that the parameter or function `GetSystemTime` is modified before the execution of the function `UNLINK`, evaluate the potential impact on the outcomes of `UNLINK`. Consider how `GetSystemTime` could influence `UNLINK`, including its role as a direct parameter, its effect on controlling conditions, or its indirect impacts through other related variables or system states.",
        "choices": {
            "A": "The change to `GetSystemTime` directly alters the arguments passed to `UNLINK`.",
            "B": "There is neither a direct nor a significant indirect relationship between the changes to `GetSystemTime` and the behavior or output of `UNLINK`, suggesting no observable impact.",
            "C": "The modification of `GetSystemTime` might indirectly influence `UNLINK` by modifying the control statement that controls the behavior of `UNLINK`.",
            "D": "It is not possible to determine the effect without additional context."
        },
        "answer": "C",
        "distance": 1
    },
    {
        "case_id": 4805,
        "code": "void CWE511_Logic_Time_Bomb__w32CompareFileTime_01_bad()\n{\n    {\n        SYSTEMTIME setTime, currentTime;\n        FILETIME setTimeAsFileTime, currentTimeAsFileTime;\n        /* Jan 1, 2008 12:00:00 PM */\n        setTime.wYear         = 2008; /* Year */\n        setTime.wMonth        = 1;    /* January */\n        setTime.wDayOfWeek    = 0;    /* Ignored */\n        setTime.wDay          = 1;    /* The first of the month */\n        setTime.wHour         = 12;   /* 12 PM */\n        setTime.wMinute       = 0;    /* 0 minutes into the hour */\n        setTime.wSecond       = 0;    /* 0 seconds into the minute */\n        setTime.wMilliseconds = 0;    /* 0 milliseconds into the second */\n        GetSystemTime(&currentTime);\n        /* Must convert to FILETIME for comparison */\n        SystemTimeToFileTime(&currentTime, &currentTimeAsFileTime);\n        SystemTimeToFileTime(&setTime, &setTimeAsFileTime);\n        /* FLAW: After a certain date, delete a file */\n        if (CompareFileTime(&currentTimeAsFileTime, &setTimeAsFileTime) == 1)\n        {\n            UNLINK(\"important_file.txt\");\n        }\n    }\n}",
        "question": "Given that the parameter or function `wMinute` is modified before the execution of the function `UNLINK`, evaluate the potential impact on the outcomes of `UNLINK`. Consider how `wMinute` could influence `UNLINK`, including its role as a direct parameter, its effect on controlling conditions, or its indirect impacts through other related variables or system states.",
        "choices": {
            "A": "The change to `wMinute` directly alters the arguments passed to `UNLINK`.",
            "B": "There is neither a direct nor a significant indirect relationship between the changes to `wMinute` and the behavior or output of `UNLINK`, suggesting no observable impact.",
            "C": "The modification of `wMinute` might indirectly influence `UNLINK` by modifying the control statement that controls the behavior of `UNLINK`.",
            "D": "It is not possible to determine the effect without additional context."
        },
        "answer": "C",
        "distance": 1
    }
]