[
    {
        "case_id": 6478,
        "code": "void CWE758_Undefined_Behavior__double_pointer_malloc_use_01_bad()\n{\n    {\n        double * * pointer = (double * *)malloc(sizeof(double *));\n        if (pointer == NULL) {exit(-1);}\n        double * data = *pointer; /* FLAW: the value pointed to by pointer is undefined */\n        free(pointer);\n        printDoubleLine(*data);\n    }\n}",
        "question": "Given that the parameter or function `free` is modified before the execution of the function `printDoubleLine`, evaluate the potential impact on the outcomes of `printDoubleLine`. Consider how `free` could influence `printDoubleLine`, including its role as a direct parameter, its effect on controlling conditions, or its indirect impacts through other related variables or system states.",
        "choices": {
            "A": "The change to `free` directly alters the arguments passed to `printDoubleLine`.",
            "B": "There is neither a direct nor a significant indirect relationship between the changes to `free` and the behavior or output of `printDoubleLine`, suggesting no observable impact.",
            "C": "The modification of `free` might indirectly influence `printDoubleLine` by modifying the control statement that controls the behavior of `printDoubleLine`.",
            "D": "It is not possible to determine the effect without additional context."
        },
        "answer": "A",
        "distance": 2
    },
    {
        "case_id": 6478,
        "code": "void CWE758_Undefined_Behavior__double_pointer_malloc_use_01_bad()\n{\n    {\n        double * * pointer = (double * *)malloc(sizeof(double *));\n        if (pointer == NULL) {exit(-1);}\n        double * data = *pointer; /* FLAW: the value pointed to by pointer is undefined */\n        free(pointer);\n        printDoubleLine(*data);\n    }\n}",
        "question": "Given that the parameter or function `malloc` is modified before the execution of the function `printDoubleLine`, evaluate the potential impact on the outcomes of `printDoubleLine`. Consider how `malloc` could influence `printDoubleLine`, including its role as a direct parameter, its effect on controlling conditions, or its indirect impacts through other related variables or system states.",
        "choices": {
            "A": "The change to `malloc` directly alters the arguments passed to `printDoubleLine`.",
            "B": "There is neither a direct nor a significant indirect relationship between the changes to `malloc` and the behavior or output of `printDoubleLine`, suggesting no observable impact.",
            "C": "The modification of `malloc` might indirectly influence `printDoubleLine` by modifying the control statement that controls the behavior of `printDoubleLine`.",
            "D": "It is not possible to determine the effect without additional context."
        },
        "answer": "A",
        "distance": 2
    },
    {
        "case_id": 6478,
        "code": "void CWE758_Undefined_Behavior__double_pointer_malloc_use_01_bad()\n{\n    {\n        double * * pointer = (double * *)malloc(sizeof(double *));\n        if (pointer == NULL) {exit(-1);}\n        double * data = *pointer; /* FLAW: the value pointed to by pointer is undefined */\n        free(pointer);\n        printDoubleLine(*data);\n    }\n}",
        "question": "Given that the parameter or function `double` is modified before the execution of the function `printDoubleLine`, evaluate the potential impact on the outcomes of `printDoubleLine`. Consider how `double` could influence `printDoubleLine`, including its role as a direct parameter, its effect on controlling conditions, or its indirect impacts through other related variables or system states.",
        "choices": {
            "A": "The change to `double` directly alters the arguments passed to `printDoubleLine`.",
            "B": "There is neither a direct nor a significant indirect relationship between the changes to `double` and the behavior or output of `printDoubleLine`, suggesting no observable impact.",
            "C": "The modification of `double` might indirectly influence `printDoubleLine` by modifying the control statement that controls the behavior of `printDoubleLine`.",
            "D": "It is not possible to determine the effect without additional context."
        },
        "answer": "A",
        "distance": 2
    },
    {
        "case_id": 6478,
        "code": "void CWE758_Undefined_Behavior__double_pointer_malloc_use_01_bad()\n{\n    {\n        double * * pointer = (double * *)malloc(sizeof(double *));\n        if (pointer == NULL) {exit(-1);}\n        double * data = *pointer; /* FLAW: the value pointed to by pointer is undefined */\n        free(pointer);\n        printDoubleLine(*data);\n    }\n}",
        "question": "Given that the parameter or function `data` is modified before the execution of the function `printDoubleLine`, evaluate the potential impact on the outcomes of `printDoubleLine`. Consider how `data` could influence `printDoubleLine`, including its role as a direct parameter, its effect on controlling conditions, or its indirect impacts through other related variables or system states.",
        "choices": {
            "A": "The change to `data` directly alters the arguments passed to `printDoubleLine`.",
            "B": "There is neither a direct nor a significant indirect relationship between the changes to `data` and the behavior or output of `printDoubleLine`, suggesting no observable impact.",
            "C": "The modification of `data` might indirectly influence `printDoubleLine` by modifying the control statement that controls the behavior of `printDoubleLine`.",
            "D": "It is not possible to determine the effect without additional context."
        },
        "answer": "A",
        "distance": 1
    },
    {
        "case_id": 6478,
        "code": "void CWE758_Undefined_Behavior__double_pointer_malloc_use_01_bad()\n{\n    {\n        double * * pointer = (double * *)malloc(sizeof(double *));\n        if (pointer == NULL) {exit(-1);}\n        double * data = *pointer; /* FLAW: the value pointed to by pointer is undefined */\n        free(pointer);\n        printDoubleLine(*data);\n    }\n}",
        "question": "Given that the parameter or function `printDoubleLine` is modified before the execution of the function `free`, evaluate the potential impact on the outcomes of `free`. Consider how `printDoubleLine` could influence `free`, including its role as a direct parameter, its effect on controlling conditions, or its indirect impacts through other related variables or system states.",
        "choices": {
            "A": "The change to `printDoubleLine` directly alters the arguments passed to `free`.",
            "B": "There is neither a direct nor a significant indirect relationship between the changes to `printDoubleLine` and the behavior or output of `free`, suggesting no observable impact.",
            "C": "The modification of `printDoubleLine` might indirectly influence `free` by modifying the control statement that controls the behavior of `free`.",
            "D": "It is not possible to determine the effect without additional context."
        },
        "answer": "B",
        "distance": 0
    },
    {
        "case_id": 6478,
        "code": "void CWE758_Undefined_Behavior__double_pointer_malloc_use_01_bad()\n{\n    {\n        double * * pointer = (double * *)malloc(sizeof(double *));\n        if (pointer == NULL) {exit(-1);}\n        double * data = *pointer; /* FLAW: the value pointed to by pointer is undefined */\n        free(pointer);\n        printDoubleLine(*data);\n    }\n}",
        "question": "Given that the parameter or function `data` is modified before the execution of the function `free`, evaluate the potential impact on the outcomes of `free`. Consider how `data` could influence `free`, including its role as a direct parameter, its effect on controlling conditions, or its indirect impacts through other related variables or system states.",
        "choices": {
            "A": "The change to `data` directly alters the arguments passed to `free`.",
            "B": "There is neither a direct nor a significant indirect relationship between the changes to `data` and the behavior or output of `free`, suggesting no observable impact.",
            "C": "The modification of `data` might indirectly influence `free` by modifying the control statement that controls the behavior of `free`.",
            "D": "It is not possible to determine the effect without additional context."
        },
        "answer": "B",
        "distance": 0
    },
    {
        "case_id": 6478,
        "code": "void CWE758_Undefined_Behavior__double_pointer_malloc_use_01_bad()\n{\n    {\n        double * * pointer = (double * *)malloc(sizeof(double *));\n        if (pointer == NULL) {exit(-1);}\n        double * data = *pointer; /* FLAW: the value pointed to by pointer is undefined */\n        free(pointer);\n        printDoubleLine(*data);\n    }\n}",
        "question": "Given that the parameter or function `printDoubleLine` is modified before the execution of the function `malloc`, evaluate the potential impact on the outcomes of `malloc`. Consider how `printDoubleLine` could influence `malloc`, including its role as a direct parameter, its effect on controlling conditions, or its indirect impacts through other related variables or system states.",
        "choices": {
            "A": "The change to `printDoubleLine` directly alters the arguments passed to `malloc`.",
            "B": "There is neither a direct nor a significant indirect relationship between the changes to `printDoubleLine` and the behavior or output of `malloc`, suggesting no observable impact.",
            "C": "The modification of `printDoubleLine` might indirectly influence `malloc` by modifying the control statement that controls the behavior of `malloc`.",
            "D": "It is not possible to determine the effect without additional context."
        },
        "answer": "B",
        "distance": 0
    },
    {
        "case_id": 6478,
        "code": "void CWE758_Undefined_Behavior__double_pointer_malloc_use_01_bad()\n{\n    {\n        double * * pointer = (double * *)malloc(sizeof(double *));\n        if (pointer == NULL) {exit(-1);}\n        double * data = *pointer; /* FLAW: the value pointed to by pointer is undefined */\n        free(pointer);\n        printDoubleLine(*data);\n    }\n}",
        "question": "Given that the parameter or function `free` is modified before the execution of the function `malloc`, evaluate the potential impact on the outcomes of `malloc`. Consider how `free` could influence `malloc`, including its role as a direct parameter, its effect on controlling conditions, or its indirect impacts through other related variables or system states.",
        "choices": {
            "A": "The change to `free` directly alters the arguments passed to `malloc`.",
            "B": "There is neither a direct nor a significant indirect relationship between the changes to `free` and the behavior or output of `malloc`, suggesting no observable impact.",
            "C": "The modification of `free` might indirectly influence `malloc` by modifying the control statement that controls the behavior of `malloc`.",
            "D": "It is not possible to determine the effect without additional context."
        },
        "answer": "B",
        "distance": 0
    }
]