[
    {
        "case_id": 3225,
        "code": "void CWE398_Poor_Code_Quality__empty_else_01_bad()\n{\n    /* FLAW: An empty else statement has no effect */\n    {\n        int x;\n        x = (rand() % 3);\n        if (x == 0)\n        {\n            printLine(\"Inside the else statement\");\n        }\n        else\n        {\n        }\n    }\n    printLine(\"Hello from bad()\");\n}",
        "question": "Given that the parameter or function `rand` is modified before the execution of the function `bad`, evaluate the potential impact on the outcomes of `bad`. Consider how `rand` could influence `bad`, including its role as a direct parameter, its effect on controlling conditions, or its indirect impacts through other related variables or system states.",
        "choices": {
            "A": "The change to `rand` directly alters the arguments passed to `bad`.",
            "B": "There is neither a direct nor a significant indirect relationship between the changes to `rand` and the behavior or output of `bad`, suggesting no observable impact.",
            "C": "The modification of `rand` might indirectly influence `bad` by modifying the control statement that controls the behavior of `bad`.",
            "D": "It is not possible to determine the effect without additional context."
        },
        "answer": "B",
        "distance": 0
    },
    {
        "case_id": 3225,
        "code": "void CWE398_Poor_Code_Quality__empty_else_01_bad()\n{\n    /* FLAW: An empty else statement has no effect */\n    {\n        int x;\n        x = (rand() % 3);\n        if (x == 0)\n        {\n            printLine(\"Inside the else statement\");\n        }\n        else\n        {\n        }\n    }\n    printLine(\"Hello from bad()\");\n}",
        "question": "Given that the parameter or function `printLine` is modified before the execution of the function `bad`, evaluate the potential impact on the outcomes of `bad`. Consider how `printLine` could influence `bad`, including its role as a direct parameter, its effect on controlling conditions, or its indirect impacts through other related variables or system states.",
        "choices": {
            "A": "The change to `printLine` directly alters the arguments passed to `bad`.",
            "B": "There is neither a direct nor a significant indirect relationship between the changes to `printLine` and the behavior or output of `bad`, suggesting no observable impact.",
            "C": "The modification of `printLine` might indirectly influence `bad` by modifying the control statement that controls the behavior of `bad`.",
            "D": "It is not possible to determine the effect without additional context."
        },
        "answer": "B",
        "distance": 0
    },
    {
        "case_id": 3225,
        "code": "void CWE398_Poor_Code_Quality__empty_else_01_bad()\n{\n    /* FLAW: An empty else statement has no effect */\n    {\n        int x;\n        x = (rand() % 3);\n        if (x == 0)\n        {\n            printLine(\"Inside the else statement\");\n        }\n        else\n        {\n        }\n    }\n    printLine(\"Hello from bad()\");\n}",
        "question": "Given that the parameter or function `x` is modified before the execution of the function `bad`, evaluate the potential impact on the outcomes of `bad`. Consider how `x` could influence `bad`, including its role as a direct parameter, its effect on controlling conditions, or its indirect impacts through other related variables or system states.",
        "choices": {
            "A": "The change to `x` directly alters the arguments passed to `bad`.",
            "B": "There is neither a direct nor a significant indirect relationship between the changes to `x` and the behavior or output of `bad`, suggesting no observable impact.",
            "C": "The modification of `x` might indirectly influence `bad` by modifying the control statement that controls the behavior of `bad`.",
            "D": "It is not possible to determine the effect without additional context."
        },
        "answer": "B",
        "distance": 0
    },
    {
        "case_id": 3225,
        "code": "void CWE398_Poor_Code_Quality__empty_else_01_bad()\n{\n    /* FLAW: An empty else statement has no effect */\n    {\n        int x;\n        x = (rand() % 3);\n        if (x == 0)\n        {\n            printLine(\"Inside the else statement\");\n        }\n        else\n        {\n        }\n    }\n    printLine(\"Hello from bad()\");\n}",
        "question": "Given that the parameter or function `bad` is modified before the execution of the function `rand`, evaluate the potential impact on the outcomes of `rand`. Consider how `bad` could influence `rand`, including its role as a direct parameter, its effect on controlling conditions, or its indirect impacts through other related variables or system states.",
        "choices": {
            "A": "The change to `bad` directly alters the arguments passed to `rand`.",
            "B": "There is neither a direct nor a significant indirect relationship between the changes to `bad` and the behavior or output of `rand`, suggesting no observable impact.",
            "C": "The modification of `bad` might indirectly influence `rand` by modifying the control statement that controls the behavior of `rand`.",
            "D": "It is not possible to determine the effect without additional context."
        },
        "answer": "B",
        "distance": 0
    }
]