[
    {
        "case_id": 6983,
        "code": "void CWE761_Free_Pointer_Not_at_Start_of_Buffer__wchar_t_fixed_string_01_bad()\n{\n    wchar_t * data;\n    data = (wchar_t *)malloc(100*sizeof(wchar_t));\n    if (data == NULL) {exit(-1);}\n    data[0] = L'\\0';\n    /* POTENTIAL FLAW: Initialize data to be a fixed string that contains the search character in the sinks */\n    wcscpy(data, BAD_SOURCE_FIXED_STRING);\n    /* FLAW: We are incrementing the pointer in the loop - this will cause us to free the\n     * memory block not at the start of the buffer */\n    for (; *data != L'\\0'; data++)\n    {\n        if (*data == SEARCH_CHAR)\n        {\n            printLine(\"We have a match!\");\n            break;\n        }\n    }\n    free(data);\n}",
        "question": "Given that the parameter or function `BAD_SOURCE_FIXED_STRING` is modified before the execution of the function `free`, evaluate the potential impact on the outcomes of `free`. Consider how `BAD_SOURCE_FIXED_STRING` could influence `free`, including its role as a direct parameter, its effect on controlling conditions, or its indirect impacts through other related variables or system states.",
        "choices": {
            "A": "The change to `BAD_SOURCE_FIXED_STRING` directly alters the arguments passed to `free`.",
            "B": "There is neither a direct nor a significant indirect relationship between the changes to `BAD_SOURCE_FIXED_STRING` and the behavior or output of `free`, suggesting no observable impact.",
            "C": "The modification of `BAD_SOURCE_FIXED_STRING` might indirectly influence `free` by modifying the control statement that controls the behavior of `free`.",
            "D": "It is not possible to determine the effect without additional context."
        },
        "answer": "A",
        "distance": 2
    },
    {
        "case_id": 6983,
        "code": "void CWE761_Free_Pointer_Not_at_Start_of_Buffer__wchar_t_fixed_string_01_bad()\n{\n    wchar_t * data;\n    data = (wchar_t *)malloc(100*sizeof(wchar_t));\n    if (data == NULL) {exit(-1);}\n    data[0] = L'\\0';\n    /* POTENTIAL FLAW: Initialize data to be a fixed string that contains the search character in the sinks */\n    wcscpy(data, BAD_SOURCE_FIXED_STRING);\n    /* FLAW: We are incrementing the pointer in the loop - this will cause us to free the\n     * memory block not at the start of the buffer */\n    for (; *data != L'\\0'; data++)\n    {\n        if (*data == SEARCH_CHAR)\n        {\n            printLine(\"We have a match!\");\n            break;\n        }\n    }\n    free(data);\n}",
        "question": "Given that the parameter or function `malloc` is modified before the execution of the function `wcscpy`, evaluate the potential impact on the outcomes of `wcscpy`. Consider how `malloc` could influence `wcscpy`, including its role as a direct parameter, its effect on controlling conditions, or its indirect impacts through other related variables or system states.",
        "choices": {
            "A": "The change to `malloc` directly alters the arguments passed to `wcscpy`.",
            "B": "There is neither a direct nor a significant indirect relationship between the changes to `malloc` and the behavior or output of `wcscpy`, suggesting no observable impact.",
            "C": "The modification of `malloc` might indirectly influence `wcscpy` by modifying the control statement that controls the behavior of `wcscpy`.",
            "D": "It is not possible to determine the effect without additional context."
        },
        "answer": "A",
        "distance": 1
    },
    {
        "case_id": 6983,
        "code": "void CWE761_Free_Pointer_Not_at_Start_of_Buffer__wchar_t_fixed_string_01_bad()\n{\n    wchar_t * data;\n    data = (wchar_t *)malloc(100*sizeof(wchar_t));\n    if (data == NULL) {exit(-1);}\n    data[0] = L'\\0';\n    /* POTENTIAL FLAW: Initialize data to be a fixed string that contains the search character in the sinks */\n    wcscpy(data, BAD_SOURCE_FIXED_STRING);\n    /* FLAW: We are incrementing the pointer in the loop - this will cause us to free the\n     * memory block not at the start of the buffer */\n    for (; *data != L'\\0'; data++)\n    {\n        if (*data == SEARCH_CHAR)\n        {\n            printLine(\"We have a match!\");\n            break;\n        }\n    }\n    free(data);\n}",
        "question": "Given that the parameter or function `BAD_SOURCE_FIXED_STRING` is modified before the execution of the function `wcscpy`, evaluate the potential impact on the outcomes of `wcscpy`. Consider how `BAD_SOURCE_FIXED_STRING` could influence `wcscpy`, including its role as a direct parameter, its effect on controlling conditions, or its indirect impacts through other related variables or system states.",
        "choices": {
            "A": "The change to `BAD_SOURCE_FIXED_STRING` directly alters the arguments passed to `wcscpy`.",
            "B": "There is neither a direct nor a significant indirect relationship between the changes to `BAD_SOURCE_FIXED_STRING` and the behavior or output of `wcscpy`, suggesting no observable impact.",
            "C": "The modification of `BAD_SOURCE_FIXED_STRING` might indirectly influence `wcscpy` by modifying the control statement that controls the behavior of `wcscpy`.",
            "D": "It is not possible to determine the effect without additional context."
        },
        "answer": "A",
        "distance": 1
    },
    {
        "case_id": 6983,
        "code": "void CWE761_Free_Pointer_Not_at_Start_of_Buffer__wchar_t_fixed_string_01_bad()\n{\n    wchar_t * data;\n    data = (wchar_t *)malloc(100*sizeof(wchar_t));\n    if (data == NULL) {exit(-1);}\n    data[0] = L'\\0';\n    /* POTENTIAL FLAW: Initialize data to be a fixed string that contains the search character in the sinks */\n    wcscpy(data, BAD_SOURCE_FIXED_STRING);\n    /* FLAW: We are incrementing the pointer in the loop - this will cause us to free the\n     * memory block not at the start of the buffer */\n    for (; *data != L'\\0'; data++)\n    {\n        if (*data == SEARCH_CHAR)\n        {\n            printLine(\"We have a match!\");\n            break;\n        }\n    }\n    free(data);\n}",
        "question": "Given that the parameter or function `data` is modified before the execution of the function `wcscpy`, evaluate the potential impact on the outcomes of `wcscpy`. Consider how `data` could influence `wcscpy`, including its role as a direct parameter, its effect on controlling conditions, or its indirect impacts through other related variables or system states.",
        "choices": {
            "A": "The change to `data` directly alters the arguments passed to `wcscpy`.",
            "B": "There is neither a direct nor a significant indirect relationship between the changes to `data` and the behavior or output of `wcscpy`, suggesting no observable impact.",
            "C": "The modification of `data` might indirectly influence `wcscpy` by modifying the control statement that controls the behavior of `wcscpy`.",
            "D": "It is not possible to determine the effect without additional context."
        },
        "answer": "A",
        "distance": 1
    },
    {
        "case_id": 6983,
        "code": "void CWE761_Free_Pointer_Not_at_Start_of_Buffer__wchar_t_fixed_string_01_bad()\n{\n    wchar_t * data;\n    data = (wchar_t *)malloc(100*sizeof(wchar_t));\n    if (data == NULL) {exit(-1);}\n    data[0] = L'\\0';\n    /* POTENTIAL FLAW: Initialize data to be a fixed string that contains the search character in the sinks */\n    wcscpy(data, BAD_SOURCE_FIXED_STRING);\n    /* FLAW: We are incrementing the pointer in the loop - this will cause us to free the\n     * memory block not at the start of the buffer */\n    for (; *data != L'\\0'; data++)\n    {\n        if (*data == SEARCH_CHAR)\n        {\n            printLine(\"We have a match!\");\n            break;\n        }\n    }\n    free(data);\n}",
        "question": "Given that the parameter or function `printLine` is modified before the execution of the function `wcscpy`, evaluate the potential impact on the outcomes of `wcscpy`. Consider how `printLine` could influence `wcscpy`, including its role as a direct parameter, its effect on controlling conditions, or its indirect impacts through other related variables or system states.",
        "choices": {
            "A": "The change to `printLine` directly alters the arguments passed to `wcscpy`.",
            "B": "There is neither a direct nor a significant indirect relationship between the changes to `printLine` and the behavior or output of `wcscpy`, suggesting no observable impact.",
            "C": "The modification of `printLine` might indirectly influence `wcscpy` by modifying the control statement that controls the behavior of `wcscpy`.",
            "D": "It is not possible to determine the effect without additional context."
        },
        "answer": "B",
        "distance": 0
    },
    {
        "case_id": 6983,
        "code": "void CWE761_Free_Pointer_Not_at_Start_of_Buffer__wchar_t_fixed_string_01_bad()\n{\n    wchar_t * data;\n    data = (wchar_t *)malloc(100*sizeof(wchar_t));\n    if (data == NULL) {exit(-1);}\n    data[0] = L'\\0';\n    /* POTENTIAL FLAW: Initialize data to be a fixed string that contains the search character in the sinks */\n    wcscpy(data, BAD_SOURCE_FIXED_STRING);\n    /* FLAW: We are incrementing the pointer in the loop - this will cause us to free the\n     * memory block not at the start of the buffer */\n    for (; *data != L'\\0'; data++)\n    {\n        if (*data == SEARCH_CHAR)\n        {\n            printLine(\"We have a match!\");\n            break;\n        }\n    }\n    free(data);\n}",
        "question": "Given that the parameter or function `free` is modified before the execution of the function `wcscpy`, evaluate the potential impact on the outcomes of `wcscpy`. Consider how `free` could influence `wcscpy`, including its role as a direct parameter, its effect on controlling conditions, or its indirect impacts through other related variables or system states.",
        "choices": {
            "A": "The change to `free` directly alters the arguments passed to `wcscpy`.",
            "B": "There is neither a direct nor a significant indirect relationship between the changes to `free` and the behavior or output of `wcscpy`, suggesting no observable impact.",
            "C": "The modification of `free` might indirectly influence `wcscpy` by modifying the control statement that controls the behavior of `wcscpy`.",
            "D": "It is not possible to determine the effect without additional context."
        },
        "answer": "B",
        "distance": 0
    },
    {
        "case_id": 6983,
        "code": "void CWE761_Free_Pointer_Not_at_Start_of_Buffer__wchar_t_fixed_string_01_bad()\n{\n    wchar_t * data;\n    data = (wchar_t *)malloc(100*sizeof(wchar_t));\n    if (data == NULL) {exit(-1);}\n    data[0] = L'\\0';\n    /* POTENTIAL FLAW: Initialize data to be a fixed string that contains the search character in the sinks */\n    wcscpy(data, BAD_SOURCE_FIXED_STRING);\n    /* FLAW: We are incrementing the pointer in the loop - this will cause us to free the\n     * memory block not at the start of the buffer */\n    for (; *data != L'\\0'; data++)\n    {\n        if (*data == SEARCH_CHAR)\n        {\n            printLine(\"We have a match!\");\n            break;\n        }\n    }\n    free(data);\n}",
        "question": "Given that the parameter or function `free` is modified before the execution of the function `printLine`, evaluate the potential impact on the outcomes of `printLine`. Consider how `free` could influence `printLine`, including its role as a direct parameter, its effect on controlling conditions, or its indirect impacts through other related variables or system states.",
        "choices": {
            "A": "The change to `free` directly alters the arguments passed to `printLine`.",
            "B": "There is neither a direct nor a significant indirect relationship between the changes to `free` and the behavior or output of `printLine`, suggesting no observable impact.",
            "C": "The modification of `free` might indirectly influence `printLine` by modifying the control statement that controls the behavior of `printLine`.",
            "D": "It is not possible to determine the effect without additional context."
        },
        "answer": "B",
        "distance": 0
    },
    {
        "case_id": 6983,
        "code": "void CWE761_Free_Pointer_Not_at_Start_of_Buffer__wchar_t_fixed_string_01_bad()\n{\n    wchar_t * data;\n    data = (wchar_t *)malloc(100*sizeof(wchar_t));\n    if (data == NULL) {exit(-1);}\n    data[0] = L'\\0';\n    /* POTENTIAL FLAW: Initialize data to be a fixed string that contains the search character in the sinks */\n    wcscpy(data, BAD_SOURCE_FIXED_STRING);\n    /* FLAW: We are incrementing the pointer in the loop - this will cause us to free the\n     * memory block not at the start of the buffer */\n    for (; *data != L'\\0'; data++)\n    {\n        if (*data == SEARCH_CHAR)\n        {\n            printLine(\"We have a match!\");\n            break;\n        }\n    }\n    free(data);\n}",
        "question": "Given that the parameter or function `printLine` is modified before the execution of the function `free`, evaluate the potential impact on the outcomes of `free`. Consider how `printLine` could influence `free`, including its role as a direct parameter, its effect on controlling conditions, or its indirect impacts through other related variables or system states.",
        "choices": {
            "A": "The change to `printLine` directly alters the arguments passed to `free`.",
            "B": "There is neither a direct nor a significant indirect relationship between the changes to `printLine` and the behavior or output of `free`, suggesting no observable impact.",
            "C": "The modification of `printLine` might indirectly influence `free` by modifying the control statement that controls the behavior of `free`.",
            "D": "It is not possible to determine the effect without additional context."
        },
        "answer": "B",
        "distance": 0
    },
    {
        "case_id": 6983,
        "code": "void CWE761_Free_Pointer_Not_at_Start_of_Buffer__wchar_t_fixed_string_01_bad()\n{\n    wchar_t * data;\n    data = (wchar_t *)malloc(100*sizeof(wchar_t));\n    if (data == NULL) {exit(-1);}\n    data[0] = L'\\0';\n    /* POTENTIAL FLAW: Initialize data to be a fixed string that contains the search character in the sinks */\n    wcscpy(data, BAD_SOURCE_FIXED_STRING);\n    /* FLAW: We are incrementing the pointer in the loop - this will cause us to free the\n     * memory block not at the start of the buffer */\n    for (; *data != L'\\0'; data++)\n    {\n        if (*data == SEARCH_CHAR)\n        {\n            printLine(\"We have a match!\");\n            break;\n        }\n    }\n    free(data);\n}",
        "question": "Given that the parameter or function `BAD_SOURCE_FIXED_STRING` is modified before the execution of the function `printLine`, evaluate the potential impact on the outcomes of `printLine`. Consider how `BAD_SOURCE_FIXED_STRING` could influence `printLine`, including its role as a direct parameter, its effect on controlling conditions, or its indirect impacts through other related variables or system states.",
        "choices": {
            "A": "The change to `BAD_SOURCE_FIXED_STRING` directly alters the arguments passed to `printLine`.",
            "B": "There is neither a direct nor a significant indirect relationship between the changes to `BAD_SOURCE_FIXED_STRING` and the behavior or output of `printLine`, suggesting no observable impact.",
            "C": "The modification of `BAD_SOURCE_FIXED_STRING` might indirectly influence `printLine` by modifying the control statement that controls the behavior of `printLine`.",
            "D": "It is not possible to determine the effect without additional context."
        },
        "answer": "C",
        "distance": 2
    },
    {
        "case_id": 6983,
        "code": "void CWE761_Free_Pointer_Not_at_Start_of_Buffer__wchar_t_fixed_string_01_bad()\n{\n    wchar_t * data;\n    data = (wchar_t *)malloc(100*sizeof(wchar_t));\n    if (data == NULL) {exit(-1);}\n    data[0] = L'\\0';\n    /* POTENTIAL FLAW: Initialize data to be a fixed string that contains the search character in the sinks */\n    wcscpy(data, BAD_SOURCE_FIXED_STRING);\n    /* FLAW: We are incrementing the pointer in the loop - this will cause us to free the\n     * memory block not at the start of the buffer */\n    for (; *data != L'\\0'; data++)\n    {\n        if (*data == SEARCH_CHAR)\n        {\n            printLine(\"We have a match!\");\n            break;\n        }\n    }\n    free(data);\n}",
        "question": "Given that the parameter or function `wcscpy` is modified before the execution of the function `printLine`, evaluate the potential impact on the outcomes of `printLine`. Consider how `wcscpy` could influence `printLine`, including its role as a direct parameter, its effect on controlling conditions, or its indirect impacts through other related variables or system states.",
        "choices": {
            "A": "The change to `wcscpy` directly alters the arguments passed to `printLine`.",
            "B": "There is neither a direct nor a significant indirect relationship between the changes to `wcscpy` and the behavior or output of `printLine`, suggesting no observable impact.",
            "C": "The modification of `wcscpy` might indirectly influence `printLine` by modifying the control statement that controls the behavior of `printLine`.",
            "D": "It is not possible to determine the effect without additional context."
        },
        "answer": "C",
        "distance": 1
    },
    {
        "case_id": 6983,
        "code": "void CWE761_Free_Pointer_Not_at_Start_of_Buffer__wchar_t_fixed_string_01_bad()\n{\n    wchar_t * data;\n    data = (wchar_t *)malloc(100*sizeof(wchar_t));\n    if (data == NULL) {exit(-1);}\n    data[0] = L'\\0';\n    /* POTENTIAL FLAW: Initialize data to be a fixed string that contains the search character in the sinks */\n    wcscpy(data, BAD_SOURCE_FIXED_STRING);\n    /* FLAW: We are incrementing the pointer in the loop - this will cause us to free the\n     * memory block not at the start of the buffer */\n    for (; *data != L'\\0'; data++)\n    {\n        if (*data == SEARCH_CHAR)\n        {\n            printLine(\"We have a match!\");\n            break;\n        }\n    }\n    free(data);\n}",
        "question": "Given that the parameter or function `malloc` is modified before the execution of the function `printLine`, evaluate the potential impact on the outcomes of `printLine`. Consider how `malloc` could influence `printLine`, including its role as a direct parameter, its effect on controlling conditions, or its indirect impacts through other related variables or system states.",
        "choices": {
            "A": "The change to `malloc` directly alters the arguments passed to `printLine`.",
            "B": "There is neither a direct nor a significant indirect relationship between the changes to `malloc` and the behavior or output of `printLine`, suggesting no observable impact.",
            "C": "The modification of `malloc` might indirectly influence `printLine` by modifying the control statement that controls the behavior of `printLine`.",
            "D": "It is not possible to determine the effect without additional context."
        },
        "answer": "C",
        "distance": 1
    },
    {
        "case_id": 6983,
        "code": "void CWE761_Free_Pointer_Not_at_Start_of_Buffer__wchar_t_fixed_string_01_bad()\n{\n    wchar_t * data;\n    data = (wchar_t *)malloc(100*sizeof(wchar_t));\n    if (data == NULL) {exit(-1);}\n    data[0] = L'\\0';\n    /* POTENTIAL FLAW: Initialize data to be a fixed string that contains the search character in the sinks */\n    wcscpy(data, BAD_SOURCE_FIXED_STRING);\n    /* FLAW: We are incrementing the pointer in the loop - this will cause us to free the\n     * memory block not at the start of the buffer */\n    for (; *data != L'\\0'; data++)\n    {\n        if (*data == SEARCH_CHAR)\n        {\n            printLine(\"We have a match!\");\n            break;\n        }\n    }\n    free(data);\n}",
        "question": "Given that the parameter or function `wchar_t` is modified before the execution of the function `printLine`, evaluate the potential impact on the outcomes of `printLine`. Consider how `wchar_t` could influence `printLine`, including its role as a direct parameter, its effect on controlling conditions, or its indirect impacts through other related variables or system states.",
        "choices": {
            "A": "The change to `wchar_t` directly alters the arguments passed to `printLine`.",
            "B": "There is neither a direct nor a significant indirect relationship between the changes to `wchar_t` and the behavior or output of `printLine`, suggesting no observable impact.",
            "C": "The modification of `wchar_t` might indirectly influence `printLine` by modifying the control statement that controls the behavior of `printLine`.",
            "D": "It is not possible to determine the effect without additional context."
        },
        "answer": "C",
        "distance": 1
    }
]