[
    {
        "case_id": 5298,
        "code": "void CWE587_Assignment_of_Fixed_Address_to_Pointer__basic_01_bad()\n{\n    {\n        /* FLAW: Assigning fixed address to pointer */\n        char *charPointer = (char*)0x400000;\n        printHexCharLine(*charPointer);\n    }\n}",
        "question": "Given that the parameter or function `charPointer` is modified before the execution of the function `printHexCharLine`, evaluate the potential impact on the outcomes of `printHexCharLine`. Consider how `charPointer` could influence `printHexCharLine`, including its role as a direct parameter, its effect on controlling conditions, or its indirect impacts through other related variables or system states.",
        "choices": {
            "A": "The change to `charPointer` directly alters the arguments passed to `printHexCharLine`.",
            "B": "There is neither a direct nor a significant indirect relationship between the changes to `charPointer` and the behavior or output of `printHexCharLine`, suggesting no observable impact.",
            "C": "The modification of `charPointer` might indirectly influence `printHexCharLine` by modifying the control statement that controls the behavior of `printHexCharLine`.",
            "D": "It is not possible to determine the effect without additional context."
        },
        "answer": "A",
        "distance": 1
    },
    {
        "case_id": 5298,
        "code": "void CWE587_Assignment_of_Fixed_Address_to_Pointer__basic_01_bad()\n{\n    {\n        /* FLAW: Assigning fixed address to pointer */\n        char *charPointer = (char*)0x400000;\n        printHexCharLine(*charPointer);\n    }\n}",
        "question": "Given that the parameter or function `char` is modified before the execution of the function `printHexCharLine`, evaluate the potential impact on the outcomes of `printHexCharLine`. Consider how `char` could influence `printHexCharLine`, including its role as a direct parameter, its effect on controlling conditions, or its indirect impacts through other related variables or system states.",
        "choices": {
            "A": "The change to `char` directly alters the arguments passed to `printHexCharLine`.",
            "B": "There is neither a direct nor a significant indirect relationship between the changes to `char` and the behavior or output of `printHexCharLine`, suggesting no observable impact.",
            "C": "The modification of `char` might indirectly influence `printHexCharLine` by modifying the control statement that controls the behavior of `printHexCharLine`.",
            "D": "It is not possible to determine the effect without additional context."
        },
        "answer": "A",
        "distance": 1
    },
    {
        "case_id": 5298,
        "code": "void CWE587_Assignment_of_Fixed_Address_to_Pointer__basic_01_bad()\n{\n    {\n        /* FLAW: Assigning fixed address to pointer */\n        char *charPointer = (char*)0x400000;\n        printHexCharLine(*charPointer);\n    }\n}",
        "question": "Given that the parameter or function `0x400000` is modified before the execution of the function `printHexCharLine`, evaluate the potential impact on the outcomes of `printHexCharLine`. Consider how `0x400000` could influence `printHexCharLine`, including its role as a direct parameter, its effect on controlling conditions, or its indirect impacts through other related variables or system states.",
        "choices": {
            "A": "The change to `0x400000` directly alters the arguments passed to `printHexCharLine`.",
            "B": "There is neither a direct nor a significant indirect relationship between the changes to `0x400000` and the behavior or output of `printHexCharLine`, suggesting no observable impact.",
            "C": "The modification of `0x400000` might indirectly influence `printHexCharLine` by modifying the control statement that controls the behavior of `printHexCharLine`.",
            "D": "It is not possible to determine the effect without additional context."
        },
        "answer": "A",
        "distance": 1
    }
]