[
    {
        "case_id": 1258,
        "code": "void CWE252_Unchecked_Return_Value__wchar_t_w32CreateNamedPipe_01_bad()\n{\n    {\n        wchar_t * pipeName = L\"\\\\\\\\.\\\\pipe\\\\mypipe\";\n        HANDLE hPipe = INVALID_HANDLE_VALUE;\n        BOOL fConnected = FALSE;\n        hPipe = CreateNamedPipeW(\n                    pipeName,\n                    FILE_FLAG_FIRST_PIPE_INSTANCE, /* FILE_FLAG_FIRST_PIPE_INSTANCE - this flag must be set */\n                    PIPE_TYPE_MESSAGE |\n                    PIPE_READMODE_MESSAGE |\n                    PIPE_WAIT,\n                    PIPE_UNLIMITED_INSTANCES,\n                    BUFSIZE,\n                    BUFSIZE,\n                    NMPWAIT_USE_DEFAULT_WAIT,\n                    NULL);\n        /* FLAW: Do not check the return value */\n        fConnected = ConnectNamedPipe(hPipe, NULL) ? TRUE : (GetLastError() == ERROR_PIPE_CONNECTED);\n        /* We'll leave out most of the implementation since it has nothing to do with the CWE\n         * and since the checkers are looking for certain function calls anyway */\n        CloseHandle(hPipe);\n    }\n}",
        "question": "Given that the parameter or function `CreateNamedPipeW` is modified before the execution of the function `CloseHandle`, evaluate the potential impact on the outcomes of `CloseHandle`. Consider how `CreateNamedPipeW` could influence `CloseHandle`, including its role as a direct parameter, its effect on controlling conditions, or its indirect impacts through other related variables or system states.",
        "choices": {
            "A": "The change to `CreateNamedPipeW` directly alters the arguments passed to `CloseHandle`.",
            "B": "There is neither a direct nor a significant indirect relationship between the changes to `CreateNamedPipeW` and the behavior or output of `CloseHandle`, suggesting no observable impact.",
            "C": "The modification of `CreateNamedPipeW` might indirectly influence `CloseHandle` by modifying the control statement that controls the behavior of `CloseHandle`.",
            "D": "It is not possible to determine the effect without additional context."
        },
        "answer": "A",
        "distance": 1
    },
    {
        "case_id": 1258,
        "code": "void CWE252_Unchecked_Return_Value__wchar_t_w32CreateNamedPipe_01_bad()\n{\n    {\n        wchar_t * pipeName = L\"\\\\\\\\.\\\\pipe\\\\mypipe\";\n        HANDLE hPipe = INVALID_HANDLE_VALUE;\n        BOOL fConnected = FALSE;\n        hPipe = CreateNamedPipeW(\n                    pipeName,\n                    FILE_FLAG_FIRST_PIPE_INSTANCE, /* FILE_FLAG_FIRST_PIPE_INSTANCE - this flag must be set */\n                    PIPE_TYPE_MESSAGE |\n                    PIPE_READMODE_MESSAGE |\n                    PIPE_WAIT,\n                    PIPE_UNLIMITED_INSTANCES,\n                    BUFSIZE,\n                    BUFSIZE,\n                    NMPWAIT_USE_DEFAULT_WAIT,\n                    NULL);\n        /* FLAW: Do not check the return value */\n        fConnected = ConnectNamedPipe(hPipe, NULL) ? TRUE : (GetLastError() == ERROR_PIPE_CONNECTED);\n        /* We'll leave out most of the implementation since it has nothing to do with the CWE\n         * and since the checkers are looking for certain function calls anyway */\n        CloseHandle(hPipe);\n    }\n}",
        "question": "Given that the parameter or function `PIPE_READMODE_MESSAGE` is modified before the execution of the function `CloseHandle`, evaluate the potential impact on the outcomes of `CloseHandle`. Consider how `PIPE_READMODE_MESSAGE` could influence `CloseHandle`, including its role as a direct parameter, its effect on controlling conditions, or its indirect impacts through other related variables or system states.",
        "choices": {
            "A": "The change to `PIPE_READMODE_MESSAGE` directly alters the arguments passed to `CloseHandle`.",
            "B": "There is neither a direct nor a significant indirect relationship between the changes to `PIPE_READMODE_MESSAGE` and the behavior or output of `CloseHandle`, suggesting no observable impact.",
            "C": "The modification of `PIPE_READMODE_MESSAGE` might indirectly influence `CloseHandle` by modifying the control statement that controls the behavior of `CloseHandle`.",
            "D": "It is not possible to determine the effect without additional context."
        },
        "answer": "A",
        "distance": 1
    },
    {
        "case_id": 1258,
        "code": "void CWE252_Unchecked_Return_Value__wchar_t_w32CreateNamedPipe_01_bad()\n{\n    {\n        wchar_t * pipeName = L\"\\\\\\\\.\\\\pipe\\\\mypipe\";\n        HANDLE hPipe = INVALID_HANDLE_VALUE;\n        BOOL fConnected = FALSE;\n        hPipe = CreateNamedPipeW(\n                    pipeName,\n                    FILE_FLAG_FIRST_PIPE_INSTANCE, /* FILE_FLAG_FIRST_PIPE_INSTANCE - this flag must be set */\n                    PIPE_TYPE_MESSAGE |\n                    PIPE_READMODE_MESSAGE |\n                    PIPE_WAIT,\n                    PIPE_UNLIMITED_INSTANCES,\n                    BUFSIZE,\n                    BUFSIZE,\n                    NMPWAIT_USE_DEFAULT_WAIT,\n                    NULL);\n        /* FLAW: Do not check the return value */\n        fConnected = ConnectNamedPipe(hPipe, NULL) ? TRUE : (GetLastError() == ERROR_PIPE_CONNECTED);\n        /* We'll leave out most of the implementation since it has nothing to do with the CWE\n         * and since the checkers are looking for certain function calls anyway */\n        CloseHandle(hPipe);\n    }\n}",
        "question": "Given that the parameter or function `PIPE_TYPE_MESSAGE` is modified before the execution of the function `CloseHandle`, evaluate the potential impact on the outcomes of `CloseHandle`. Consider how `PIPE_TYPE_MESSAGE` could influence `CloseHandle`, including its role as a direct parameter, its effect on controlling conditions, or its indirect impacts through other related variables or system states.",
        "choices": {
            "A": "The change to `PIPE_TYPE_MESSAGE` directly alters the arguments passed to `CloseHandle`.",
            "B": "There is neither a direct nor a significant indirect relationship between the changes to `PIPE_TYPE_MESSAGE` and the behavior or output of `CloseHandle`, suggesting no observable impact.",
            "C": "The modification of `PIPE_TYPE_MESSAGE` might indirectly influence `CloseHandle` by modifying the control statement that controls the behavior of `CloseHandle`.",
            "D": "It is not possible to determine the effect without additional context."
        },
        "answer": "A",
        "distance": 1
    },
    {
        "case_id": 1258,
        "code": "void CWE252_Unchecked_Return_Value__wchar_t_w32CreateNamedPipe_01_bad()\n{\n    {\n        wchar_t * pipeName = L\"\\\\\\\\.\\\\pipe\\\\mypipe\";\n        HANDLE hPipe = INVALID_HANDLE_VALUE;\n        BOOL fConnected = FALSE;\n        hPipe = CreateNamedPipeW(\n                    pipeName,\n                    FILE_FLAG_FIRST_PIPE_INSTANCE, /* FILE_FLAG_FIRST_PIPE_INSTANCE - this flag must be set */\n                    PIPE_TYPE_MESSAGE |\n                    PIPE_READMODE_MESSAGE |\n                    PIPE_WAIT,\n                    PIPE_UNLIMITED_INSTANCES,\n                    BUFSIZE,\n                    BUFSIZE,\n                    NMPWAIT_USE_DEFAULT_WAIT,\n                    NULL);\n        /* FLAW: Do not check the return value */\n        fConnected = ConnectNamedPipe(hPipe, NULL) ? TRUE : (GetLastError() == ERROR_PIPE_CONNECTED);\n        /* We'll leave out most of the implementation since it has nothing to do with the CWE\n         * and since the checkers are looking for certain function calls anyway */\n        CloseHandle(hPipe);\n    }\n}",
        "question": "Given that the parameter or function `BUFSIZE` is modified before the execution of the function `CloseHandle`, evaluate the potential impact on the outcomes of `CloseHandle`. Consider how `BUFSIZE` could influence `CloseHandle`, including its role as a direct parameter, its effect on controlling conditions, or its indirect impacts through other related variables or system states.",
        "choices": {
            "A": "The change to `BUFSIZE` directly alters the arguments passed to `CloseHandle`.",
            "B": "There is neither a direct nor a significant indirect relationship between the changes to `BUFSIZE` and the behavior or output of `CloseHandle`, suggesting no observable impact.",
            "C": "The modification of `BUFSIZE` might indirectly influence `CloseHandle` by modifying the control statement that controls the behavior of `CloseHandle`.",
            "D": "It is not possible to determine the effect without additional context."
        },
        "answer": "A",
        "distance": 1
    },
    {
        "case_id": 1258,
        "code": "void CWE252_Unchecked_Return_Value__wchar_t_w32CreateNamedPipe_01_bad()\n{\n    {\n        wchar_t * pipeName = L\"\\\\\\\\.\\\\pipe\\\\mypipe\";\n        HANDLE hPipe = INVALID_HANDLE_VALUE;\n        BOOL fConnected = FALSE;\n        hPipe = CreateNamedPipeW(\n                    pipeName,\n                    FILE_FLAG_FIRST_PIPE_INSTANCE, /* FILE_FLAG_FIRST_PIPE_INSTANCE - this flag must be set */\n                    PIPE_TYPE_MESSAGE |\n                    PIPE_READMODE_MESSAGE |\n                    PIPE_WAIT,\n                    PIPE_UNLIMITED_INSTANCES,\n                    BUFSIZE,\n                    BUFSIZE,\n                    NMPWAIT_USE_DEFAULT_WAIT,\n                    NULL);\n        /* FLAW: Do not check the return value */\n        fConnected = ConnectNamedPipe(hPipe, NULL) ? TRUE : (GetLastError() == ERROR_PIPE_CONNECTED);\n        /* We'll leave out most of the implementation since it has nothing to do with the CWE\n         * and since the checkers are looking for certain function calls anyway */\n        CloseHandle(hPipe);\n    }\n}",
        "question": "Given that the parameter or function `GetLastError` is modified before the execution of the function `CreateNamedPipeW`, evaluate the potential impact on the outcomes of `CreateNamedPipeW`. Consider how `GetLastError` could influence `CreateNamedPipeW`, including its role as a direct parameter, its effect on controlling conditions, or its indirect impacts through other related variables or system states.",
        "choices": {
            "A": "The change to `GetLastError` directly alters the arguments passed to `CreateNamedPipeW`.",
            "B": "There is neither a direct nor a significant indirect relationship between the changes to `GetLastError` and the behavior or output of `CreateNamedPipeW`, suggesting no observable impact.",
            "C": "The modification of `GetLastError` might indirectly influence `CreateNamedPipeW` by modifying the control statement that controls the behavior of `CreateNamedPipeW`.",
            "D": "It is not possible to determine the effect without additional context."
        },
        "answer": "B",
        "distance": 0
    },
    {
        "case_id": 1258,
        "code": "void CWE252_Unchecked_Return_Value__wchar_t_w32CreateNamedPipe_01_bad()\n{\n    {\n        wchar_t * pipeName = L\"\\\\\\\\.\\\\pipe\\\\mypipe\";\n        HANDLE hPipe = INVALID_HANDLE_VALUE;\n        BOOL fConnected = FALSE;\n        hPipe = CreateNamedPipeW(\n                    pipeName,\n                    FILE_FLAG_FIRST_PIPE_INSTANCE, /* FILE_FLAG_FIRST_PIPE_INSTANCE - this flag must be set */\n                    PIPE_TYPE_MESSAGE |\n                    PIPE_READMODE_MESSAGE |\n                    PIPE_WAIT,\n                    PIPE_UNLIMITED_INSTANCES,\n                    BUFSIZE,\n                    BUFSIZE,\n                    NMPWAIT_USE_DEFAULT_WAIT,\n                    NULL);\n        /* FLAW: Do not check the return value */\n        fConnected = ConnectNamedPipe(hPipe, NULL) ? TRUE : (GetLastError() == ERROR_PIPE_CONNECTED);\n        /* We'll leave out most of the implementation since it has nothing to do with the CWE\n         * and since the checkers are looking for certain function calls anyway */\n        CloseHandle(hPipe);\n    }\n}",
        "question": "Given that the parameter or function `CloseHandle` is modified before the execution of the function `CreateNamedPipeW`, evaluate the potential impact on the outcomes of `CreateNamedPipeW`. Consider how `CloseHandle` could influence `CreateNamedPipeW`, including its role as a direct parameter, its effect on controlling conditions, or its indirect impacts through other related variables or system states.",
        "choices": {
            "A": "The change to `CloseHandle` directly alters the arguments passed to `CreateNamedPipeW`.",
            "B": "There is neither a direct nor a significant indirect relationship between the changes to `CloseHandle` and the behavior or output of `CreateNamedPipeW`, suggesting no observable impact.",
            "C": "The modification of `CloseHandle` might indirectly influence `CreateNamedPipeW` by modifying the control statement that controls the behavior of `CreateNamedPipeW`.",
            "D": "It is not possible to determine the effect without additional context."
        },
        "answer": "B",
        "distance": 0
    },
    {
        "case_id": 1258,
        "code": "void CWE252_Unchecked_Return_Value__wchar_t_w32CreateNamedPipe_01_bad()\n{\n    {\n        wchar_t * pipeName = L\"\\\\\\\\.\\\\pipe\\\\mypipe\";\n        HANDLE hPipe = INVALID_HANDLE_VALUE;\n        BOOL fConnected = FALSE;\n        hPipe = CreateNamedPipeW(\n                    pipeName,\n                    FILE_FLAG_FIRST_PIPE_INSTANCE, /* FILE_FLAG_FIRST_PIPE_INSTANCE - this flag must be set */\n                    PIPE_TYPE_MESSAGE |\n                    PIPE_READMODE_MESSAGE |\n                    PIPE_WAIT,\n                    PIPE_UNLIMITED_INSTANCES,\n                    BUFSIZE,\n                    BUFSIZE,\n                    NMPWAIT_USE_DEFAULT_WAIT,\n                    NULL);\n        /* FLAW: Do not check the return value */\n        fConnected = ConnectNamedPipe(hPipe, NULL) ? TRUE : (GetLastError() == ERROR_PIPE_CONNECTED);\n        /* We'll leave out most of the implementation since it has nothing to do with the CWE\n         * and since the checkers are looking for certain function calls anyway */\n        CloseHandle(hPipe);\n    }\n}",
        "question": "Given that the parameter or function `ConnectNamedPipe` is modified before the execution of the function `CreateNamedPipeW`, evaluate the potential impact on the outcomes of `CreateNamedPipeW`. Consider how `ConnectNamedPipe` could influence `CreateNamedPipeW`, including its role as a direct parameter, its effect on controlling conditions, or its indirect impacts through other related variables or system states.",
        "choices": {
            "A": "The change to `ConnectNamedPipe` directly alters the arguments passed to `CreateNamedPipeW`.",
            "B": "There is neither a direct nor a significant indirect relationship between the changes to `ConnectNamedPipe` and the behavior or output of `CreateNamedPipeW`, suggesting no observable impact.",
            "C": "The modification of `ConnectNamedPipe` might indirectly influence `CreateNamedPipeW` by modifying the control statement that controls the behavior of `CreateNamedPipeW`.",
            "D": "It is not possible to determine the effect without additional context."
        },
        "answer": "B",
        "distance": 0
    },
    {
        "case_id": 1258,
        "code": "void CWE252_Unchecked_Return_Value__wchar_t_w32CreateNamedPipe_01_bad()\n{\n    {\n        wchar_t * pipeName = L\"\\\\\\\\.\\\\pipe\\\\mypipe\";\n        HANDLE hPipe = INVALID_HANDLE_VALUE;\n        BOOL fConnected = FALSE;\n        hPipe = CreateNamedPipeW(\n                    pipeName,\n                    FILE_FLAG_FIRST_PIPE_INSTANCE, /* FILE_FLAG_FIRST_PIPE_INSTANCE - this flag must be set */\n                    PIPE_TYPE_MESSAGE |\n                    PIPE_READMODE_MESSAGE |\n                    PIPE_WAIT,\n                    PIPE_UNLIMITED_INSTANCES,\n                    BUFSIZE,\n                    BUFSIZE,\n                    NMPWAIT_USE_DEFAULT_WAIT,\n                    NULL);\n        /* FLAW: Do not check the return value */\n        fConnected = ConnectNamedPipe(hPipe, NULL) ? TRUE : (GetLastError() == ERROR_PIPE_CONNECTED);\n        /* We'll leave out most of the implementation since it has nothing to do with the CWE\n         * and since the checkers are looking for certain function calls anyway */\n        CloseHandle(hPipe);\n    }\n}",
        "question": "Given that the parameter or function `PIPE_READMODE_MESSAGE` is modified before the execution of the function `CreateNamedPipeW`, evaluate the potential impact on the outcomes of `CreateNamedPipeW`. Consider how `PIPE_READMODE_MESSAGE` could influence `CreateNamedPipeW`, including its role as a direct parameter, its effect on controlling conditions, or its indirect impacts through other related variables or system states.",
        "choices": {
            "A": "The change to `PIPE_READMODE_MESSAGE` directly alters the arguments passed to `CreateNamedPipeW`.",
            "B": "There is neither a direct nor a significant indirect relationship between the changes to `PIPE_READMODE_MESSAGE` and the behavior or output of `CreateNamedPipeW`, suggesting no observable impact.",
            "C": "The modification of `PIPE_READMODE_MESSAGE` might indirectly influence `CreateNamedPipeW` by modifying the control statement that controls the behavior of `CreateNamedPipeW`.",
            "D": "It is not possible to determine the effect without additional context."
        },
        "answer": "B",
        "distance": 0
    }
]