[
    {
        "case_id": 6546,
        "code": "void CWE758_Undefined_Behavior__int_malloc_use_01_bad()\n{\n    {\n        int * pointer = (int *)malloc(sizeof(int));\n        if (pointer == NULL) {exit(-1);}\n        int data = *pointer; /* FLAW: the value pointed to by pointer is undefined */\n        free(pointer);\n        printIntLine(data);\n    }\n}",
        "question": "Given that the parameter or function `free` is modified before the execution of the function `printIntLine`, evaluate the potential impact on the outcomes of `printIntLine`. Consider how `free` could influence `printIntLine`, including its role as a direct parameter, its effect on controlling conditions, or its indirect impacts through other related variables or system states.",
        "choices": {
            "A": "The change to `free` directly alters the arguments passed to `printIntLine`.",
            "B": "There is neither a direct nor a significant indirect relationship between the changes to `free` and the behavior or output of `printIntLine`, suggesting no observable impact.",
            "C": "The modification of `free` might indirectly influence `printIntLine` by modifying the control statement that controls the behavior of `printIntLine`.",
            "D": "It is not possible to determine the effect without additional context."
        },
        "answer": "A",
        "distance": 2
    },
    {
        "case_id": 6546,
        "code": "void CWE758_Undefined_Behavior__int_malloc_use_01_bad()\n{\n    {\n        int * pointer = (int *)malloc(sizeof(int));\n        if (pointer == NULL) {exit(-1);}\n        int data = *pointer; /* FLAW: the value pointed to by pointer is undefined */\n        free(pointer);\n        printIntLine(data);\n    }\n}",
        "question": "Given that the parameter or function `malloc` is modified before the execution of the function `printIntLine`, evaluate the potential impact on the outcomes of `printIntLine`. Consider how `malloc` could influence `printIntLine`, including its role as a direct parameter, its effect on controlling conditions, or its indirect impacts through other related variables or system states.",
        "choices": {
            "A": "The change to `malloc` directly alters the arguments passed to `printIntLine`.",
            "B": "There is neither a direct nor a significant indirect relationship between the changes to `malloc` and the behavior or output of `printIntLine`, suggesting no observable impact.",
            "C": "The modification of `malloc` might indirectly influence `printIntLine` by modifying the control statement that controls the behavior of `printIntLine`.",
            "D": "It is not possible to determine the effect without additional context."
        },
        "answer": "A",
        "distance": 2
    },
    {
        "case_id": 6546,
        "code": "void CWE758_Undefined_Behavior__int_malloc_use_01_bad()\n{\n    {\n        int * pointer = (int *)malloc(sizeof(int));\n        if (pointer == NULL) {exit(-1);}\n        int data = *pointer; /* FLAW: the value pointed to by pointer is undefined */\n        free(pointer);\n        printIntLine(data);\n    }\n}",
        "question": "Given that the parameter or function `int` is modified before the execution of the function `printIntLine`, evaluate the potential impact on the outcomes of `printIntLine`. Consider how `int` could influence `printIntLine`, including its role as a direct parameter, its effect on controlling conditions, or its indirect impacts through other related variables or system states.",
        "choices": {
            "A": "The change to `int` directly alters the arguments passed to `printIntLine`.",
            "B": "There is neither a direct nor a significant indirect relationship between the changes to `int` and the behavior or output of `printIntLine`, suggesting no observable impact.",
            "C": "The modification of `int` might indirectly influence `printIntLine` by modifying the control statement that controls the behavior of `printIntLine`.",
            "D": "It is not possible to determine the effect without additional context."
        },
        "answer": "A",
        "distance": 2
    },
    {
        "case_id": 6546,
        "code": "void CWE758_Undefined_Behavior__int_malloc_use_01_bad()\n{\n    {\n        int * pointer = (int *)malloc(sizeof(int));\n        if (pointer == NULL) {exit(-1);}\n        int data = *pointer; /* FLAW: the value pointed to by pointer is undefined */\n        free(pointer);\n        printIntLine(data);\n    }\n}",
        "question": "Given that the parameter or function `data` is modified before the execution of the function `printIntLine`, evaluate the potential impact on the outcomes of `printIntLine`. Consider how `data` could influence `printIntLine`, including its role as a direct parameter, its effect on controlling conditions, or its indirect impacts through other related variables or system states.",
        "choices": {
            "A": "The change to `data` directly alters the arguments passed to `printIntLine`.",
            "B": "There is neither a direct nor a significant indirect relationship between the changes to `data` and the behavior or output of `printIntLine`, suggesting no observable impact.",
            "C": "The modification of `data` might indirectly influence `printIntLine` by modifying the control statement that controls the behavior of `printIntLine`.",
            "D": "It is not possible to determine the effect without additional context."
        },
        "answer": "A",
        "distance": 1
    },
    {
        "case_id": 6546,
        "code": "void CWE758_Undefined_Behavior__int_malloc_use_01_bad()\n{\n    {\n        int * pointer = (int *)malloc(sizeof(int));\n        if (pointer == NULL) {exit(-1);}\n        int data = *pointer; /* FLAW: the value pointed to by pointer is undefined */\n        free(pointer);\n        printIntLine(data);\n    }\n}",
        "question": "Given that the parameter or function `printIntLine` is modified before the execution of the function `free`, evaluate the potential impact on the outcomes of `free`. Consider how `printIntLine` could influence `free`, including its role as a direct parameter, its effect on controlling conditions, or its indirect impacts through other related variables or system states.",
        "choices": {
            "A": "The change to `printIntLine` directly alters the arguments passed to `free`.",
            "B": "There is neither a direct nor a significant indirect relationship between the changes to `printIntLine` and the behavior or output of `free`, suggesting no observable impact.",
            "C": "The modification of `printIntLine` might indirectly influence `free` by modifying the control statement that controls the behavior of `free`.",
            "D": "It is not possible to determine the effect without additional context."
        },
        "answer": "B",
        "distance": 0
    },
    {
        "case_id": 6546,
        "code": "void CWE758_Undefined_Behavior__int_malloc_use_01_bad()\n{\n    {\n        int * pointer = (int *)malloc(sizeof(int));\n        if (pointer == NULL) {exit(-1);}\n        int data = *pointer; /* FLAW: the value pointed to by pointer is undefined */\n        free(pointer);\n        printIntLine(data);\n    }\n}",
        "question": "Given that the parameter or function `data` is modified before the execution of the function `free`, evaluate the potential impact on the outcomes of `free`. Consider how `data` could influence `free`, including its role as a direct parameter, its effect on controlling conditions, or its indirect impacts through other related variables or system states.",
        "choices": {
            "A": "The change to `data` directly alters the arguments passed to `free`.",
            "B": "There is neither a direct nor a significant indirect relationship between the changes to `data` and the behavior or output of `free`, suggesting no observable impact.",
            "C": "The modification of `data` might indirectly influence `free` by modifying the control statement that controls the behavior of `free`.",
            "D": "It is not possible to determine the effect without additional context."
        },
        "answer": "B",
        "distance": 0
    },
    {
        "case_id": 6546,
        "code": "void CWE758_Undefined_Behavior__int_malloc_use_01_bad()\n{\n    {\n        int * pointer = (int *)malloc(sizeof(int));\n        if (pointer == NULL) {exit(-1);}\n        int data = *pointer; /* FLAW: the value pointed to by pointer is undefined */\n        free(pointer);\n        printIntLine(data);\n    }\n}",
        "question": "Given that the parameter or function `printIntLine` is modified before the execution of the function `malloc`, evaluate the potential impact on the outcomes of `malloc`. Consider how `printIntLine` could influence `malloc`, including its role as a direct parameter, its effect on controlling conditions, or its indirect impacts through other related variables or system states.",
        "choices": {
            "A": "The change to `printIntLine` directly alters the arguments passed to `malloc`.",
            "B": "There is neither a direct nor a significant indirect relationship between the changes to `printIntLine` and the behavior or output of `malloc`, suggesting no observable impact.",
            "C": "The modification of `printIntLine` might indirectly influence `malloc` by modifying the control statement that controls the behavior of `malloc`.",
            "D": "It is not possible to determine the effect without additional context."
        },
        "answer": "B",
        "distance": 0
    },
    {
        "case_id": 6546,
        "code": "void CWE758_Undefined_Behavior__int_malloc_use_01_bad()\n{\n    {\n        int * pointer = (int *)malloc(sizeof(int));\n        if (pointer == NULL) {exit(-1);}\n        int data = *pointer; /* FLAW: the value pointed to by pointer is undefined */\n        free(pointer);\n        printIntLine(data);\n    }\n}",
        "question": "Given that the parameter or function `free` is modified before the execution of the function `malloc`, evaluate the potential impact on the outcomes of `malloc`. Consider how `free` could influence `malloc`, including its role as a direct parameter, its effect on controlling conditions, or its indirect impacts through other related variables or system states.",
        "choices": {
            "A": "The change to `free` directly alters the arguments passed to `malloc`.",
            "B": "There is neither a direct nor a significant indirect relationship between the changes to `free` and the behavior or output of `malloc`, suggesting no observable impact.",
            "C": "The modification of `free` might indirectly influence `malloc` by modifying the control statement that controls the behavior of `malloc`.",
            "D": "It is not possible to determine the effect without additional context."
        },
        "answer": "B",
        "distance": 0
    }
]