[
    {
        "case_id": 6563,
        "code": "void CWE758_Undefined_Behavior__int_pointer_alloca_use_01_bad()\n{\n    {\n        int * * pointer = (int * *)ALLOCA(sizeof(int *));\n        int * data = *pointer; /* FLAW: the value pointed to by pointer is undefined */\n        printIntLine(*data);\n    }\n}",
        "question": "Given that the parameter or function `ALLOCA` is modified before the execution of the function `printIntLine`, evaluate the potential impact on the outcomes of `printIntLine`. Consider how `ALLOCA` could influence `printIntLine`, including its role as a direct parameter, its effect on controlling conditions, or its indirect impacts through other related variables or system states.",
        "choices": {
            "A": "The change to `ALLOCA` directly alters the arguments passed to `printIntLine`.",
            "B": "There is neither a direct nor a significant indirect relationship between the changes to `ALLOCA` and the behavior or output of `printIntLine`, suggesting no observable impact.",
            "C": "The modification of `ALLOCA` might indirectly influence `printIntLine` by modifying the control statement that controls the behavior of `printIntLine`.",
            "D": "It is not possible to determine the effect without additional context."
        },
        "answer": "A",
        "distance": 2
    },
    {
        "case_id": 6563,
        "code": "void CWE758_Undefined_Behavior__int_pointer_alloca_use_01_bad()\n{\n    {\n        int * * pointer = (int * *)ALLOCA(sizeof(int *));\n        int * data = *pointer; /* FLAW: the value pointed to by pointer is undefined */\n        printIntLine(*data);\n    }\n}",
        "question": "Given that the parameter or function `int` is modified before the execution of the function `printIntLine`, evaluate the potential impact on the outcomes of `printIntLine`. Consider how `int` could influence `printIntLine`, including its role as a direct parameter, its effect on controlling conditions, or its indirect impacts through other related variables or system states.",
        "choices": {
            "A": "The change to `int` directly alters the arguments passed to `printIntLine`.",
            "B": "There is neither a direct nor a significant indirect relationship between the changes to `int` and the behavior or output of `printIntLine`, suggesting no observable impact.",
            "C": "The modification of `int` might indirectly influence `printIntLine` by modifying the control statement that controls the behavior of `printIntLine`.",
            "D": "It is not possible to determine the effect without additional context."
        },
        "answer": "A",
        "distance": 2
    },
    {
        "case_id": 6563,
        "code": "void CWE758_Undefined_Behavior__int_pointer_alloca_use_01_bad()\n{\n    {\n        int * * pointer = (int * *)ALLOCA(sizeof(int *));\n        int * data = *pointer; /* FLAW: the value pointed to by pointer is undefined */\n        printIntLine(*data);\n    }\n}",
        "question": "Given that the parameter or function `pointer` is modified before the execution of the function `printIntLine`, evaluate the potential impact on the outcomes of `printIntLine`. Consider how `pointer` could influence `printIntLine`, including its role as a direct parameter, its effect on controlling conditions, or its indirect impacts through other related variables or system states.",
        "choices": {
            "A": "The change to `pointer` directly alters the arguments passed to `printIntLine`.",
            "B": "There is neither a direct nor a significant indirect relationship between the changes to `pointer` and the behavior or output of `printIntLine`, suggesting no observable impact.",
            "C": "The modification of `pointer` might indirectly influence `printIntLine` by modifying the control statement that controls the behavior of `printIntLine`.",
            "D": "It is not possible to determine the effect without additional context."
        },
        "answer": "A",
        "distance": 1
    },
    {
        "case_id": 6563,
        "code": "void CWE758_Undefined_Behavior__int_pointer_alloca_use_01_bad()\n{\n    {\n        int * * pointer = (int * *)ALLOCA(sizeof(int *));\n        int * data = *pointer; /* FLAW: the value pointed to by pointer is undefined */\n        printIntLine(*data);\n    }\n}",
        "question": "Given that the parameter or function `data` is modified before the execution of the function `printIntLine`, evaluate the potential impact on the outcomes of `printIntLine`. Consider how `data` could influence `printIntLine`, including its role as a direct parameter, its effect on controlling conditions, or its indirect impacts through other related variables or system states.",
        "choices": {
            "A": "The change to `data` directly alters the arguments passed to `printIntLine`.",
            "B": "There is neither a direct nor a significant indirect relationship between the changes to `data` and the behavior or output of `printIntLine`, suggesting no observable impact.",
            "C": "The modification of `data` might indirectly influence `printIntLine` by modifying the control statement that controls the behavior of `printIntLine`.",
            "D": "It is not possible to determine the effect without additional context."
        },
        "answer": "A",
        "distance": 1
    },
    {
        "case_id": 6563,
        "code": "void CWE758_Undefined_Behavior__int_pointer_alloca_use_01_bad()\n{\n    {\n        int * * pointer = (int * *)ALLOCA(sizeof(int *));\n        int * data = *pointer; /* FLAW: the value pointed to by pointer is undefined */\n        printIntLine(*data);\n    }\n}",
        "question": "Given that the parameter or function `printIntLine` is modified before the execution of the function `ALLOCA`, evaluate the potential impact on the outcomes of `ALLOCA`. Consider how `printIntLine` could influence `ALLOCA`, including its role as a direct parameter, its effect on controlling conditions, or its indirect impacts through other related variables or system states.",
        "choices": {
            "A": "The change to `printIntLine` directly alters the arguments passed to `ALLOCA`.",
            "B": "There is neither a direct nor a significant indirect relationship between the changes to `printIntLine` and the behavior or output of `ALLOCA`, suggesting no observable impact.",
            "C": "The modification of `printIntLine` might indirectly influence `ALLOCA` by modifying the control statement that controls the behavior of `ALLOCA`.",
            "D": "It is not possible to determine the effect without additional context."
        },
        "answer": "B",
        "distance": 0
    },
    {
        "case_id": 6563,
        "code": "void CWE758_Undefined_Behavior__int_pointer_alloca_use_01_bad()\n{\n    {\n        int * * pointer = (int * *)ALLOCA(sizeof(int *));\n        int * data = *pointer; /* FLAW: the value pointed to by pointer is undefined */\n        printIntLine(*data);\n    }\n}",
        "question": "Given that the parameter or function `data` is modified before the execution of the function `ALLOCA`, evaluate the potential impact on the outcomes of `ALLOCA`. Consider how `data` could influence `ALLOCA`, including its role as a direct parameter, its effect on controlling conditions, or its indirect impacts through other related variables or system states.",
        "choices": {
            "A": "The change to `data` directly alters the arguments passed to `ALLOCA`.",
            "B": "There is neither a direct nor a significant indirect relationship between the changes to `data` and the behavior or output of `ALLOCA`, suggesting no observable impact.",
            "C": "The modification of `data` might indirectly influence `ALLOCA` by modifying the control statement that controls the behavior of `ALLOCA`.",
            "D": "It is not possible to determine the effect without additional context."
        },
        "answer": "B",
        "distance": 0
    }
]