[
    {
        "case_id": 7480,
        "code": "void CWE90_LDAP_Injection__w32_wchar_t_file_01_bad()\n{\n    wchar_t * data;\n    wchar_t dataBuffer[256] = L\"\";\n    data = dataBuffer;\n    {\n        /* Read input from a file */\n        size_t dataLen = wcslen(data);\n        FILE * pFile;\n        /* if there is room in data, attempt to read the input from a file */\n        if (256-dataLen > 1)\n        {\n            pFile = fopen(FILENAME, \"r\");\n            if (pFile != NULL)\n            {\n                /* POTENTIAL FLAW: Read data from a file */\n                if (fgetws(data+dataLen, (int)(256-dataLen), pFile) == NULL)\n                {\n                    printLine(\"fgetws() failed\");\n                    /* Restore NUL terminator if fgetws fails */\n                    data[dataLen] = L'\\0';\n                }\n                fclose(pFile);\n            }\n        }\n    }\n    {\n        LDAP* pLdapConnection = NULL;\n        ULONG connectSuccess = 0L;\n        ULONG searchSuccess = 0L;\n        LDAPMessage *pMessage = NULL;\n        wchar_t filter[256];\n        /* POTENTIAL FLAW: data concatenated into LDAP search, which could result in LDAP Injection*/\n        _snwprintf(filter, 256-1, L\"(cn=%s)\", data);\n        pLdapConnection = ldap_initW(L\"localhost\", LDAP_PORT);\n        if (pLdapConnection == NULL)\n        {\n            printLine(\"Initialization failed\");\n            exit(1);\n        }\n        connectSuccess = ldap_connect(pLdapConnection, NULL);\n        if (connectSuccess != LDAP_SUCCESS)\n        {\n            printLine(\"Connection failed\");\n            exit(1);\n        }\n        searchSuccess = ldap_search_ext_sW(\n                            pLdapConnection,\n                            L\"base\",\n                            LDAP_SCOPE_SUBTREE,\n                            filter,\n                            NULL,\n                            0,\n                            NULL,\n                            NULL,\n                            LDAP_NO_LIMIT,\n                            LDAP_NO_LIMIT,\n                            &pMessage);\n        if (searchSuccess != LDAP_SUCCESS)\n        {\n            printLine(\"Search failed\");\n            if (pMessage != NULL)\n            {\n                ldap_msgfree(pMessage);\n            }\n            exit(1);\n        }\n        /* Typically you would do something with the search results, but this is a test case and we can ignore them */\n        /* Free the results to avoid incidentals */\n        if (pMessage != NULL)\n        {\n            ldap_msgfree(pMessage);\n        }\n        /* Close the connection */\n        ldap_unbind(pLdapConnection);\n    }\n}",
        "question": "Given that the parameter or function `dataBuffer` is modified before the execution of the function `wcslen`, evaluate the potential impact on the outcomes of `wcslen`. Consider how `dataBuffer` could influence `wcslen`, including its role as a direct parameter, its effect on controlling conditions, or its indirect impacts through other related variables or system states.",
        "choices": {
            "A": "The change to `dataBuffer` directly alters the arguments passed to `wcslen`.",
            "B": "There is neither a direct nor a significant indirect relationship between the changes to `dataBuffer` and the behavior or output of `wcslen`, suggesting no observable impact.",
            "C": "The modification of `dataBuffer` might indirectly influence `wcslen` by modifying the control statement that controls the behavior of `wcslen`.",
            "D": "It is not possible to determine the effect without additional context."
        },
        "answer": "A",
        "distance": 2
    },
    {
        "case_id": 7480,
        "code": "void CWE90_LDAP_Injection__w32_wchar_t_file_01_bad()\n{\n    wchar_t * data;\n    wchar_t dataBuffer[256] = L\"\";\n    data = dataBuffer;\n    {\n        /* Read input from a file */\n        size_t dataLen = wcslen(data);\n        FILE * pFile;\n        /* if there is room in data, attempt to read the input from a file */\n        if (256-dataLen > 1)\n        {\n            pFile = fopen(FILENAME, \"r\");\n            if (pFile != NULL)\n            {\n                /* POTENTIAL FLAW: Read data from a file */\n                if (fgetws(data+dataLen, (int)(256-dataLen), pFile) == NULL)\n                {\n                    printLine(\"fgetws() failed\");\n                    /* Restore NUL terminator if fgetws fails */\n                    data[dataLen] = L'\\0';\n                }\n                fclose(pFile);\n            }\n        }\n    }\n    {\n        LDAP* pLdapConnection = NULL;\n        ULONG connectSuccess = 0L;\n        ULONG searchSuccess = 0L;\n        LDAPMessage *pMessage = NULL;\n        wchar_t filter[256];\n        /* POTENTIAL FLAW: data concatenated into LDAP search, which could result in LDAP Injection*/\n        _snwprintf(filter, 256-1, L\"(cn=%s)\", data);\n        pLdapConnection = ldap_initW(L\"localhost\", LDAP_PORT);\n        if (pLdapConnection == NULL)\n        {\n            printLine(\"Initialization failed\");\n            exit(1);\n        }\n        connectSuccess = ldap_connect(pLdapConnection, NULL);\n        if (connectSuccess != LDAP_SUCCESS)\n        {\n            printLine(\"Connection failed\");\n            exit(1);\n        }\n        searchSuccess = ldap_search_ext_sW(\n                            pLdapConnection,\n                            L\"base\",\n                            LDAP_SCOPE_SUBTREE,\n                            filter,\n                            NULL,\n                            0,\n                            NULL,\n                            NULL,\n                            LDAP_NO_LIMIT,\n                            LDAP_NO_LIMIT,\n                            &pMessage);\n        if (searchSuccess != LDAP_SUCCESS)\n        {\n            printLine(\"Search failed\");\n            if (pMessage != NULL)\n            {\n                ldap_msgfree(pMessage);\n            }\n            exit(1);\n        }\n        /* Typically you would do something with the search results, but this is a test case and we can ignore them */\n        /* Free the results to avoid incidentals */\n        if (pMessage != NULL)\n        {\n            ldap_msgfree(pMessage);\n        }\n        /* Close the connection */\n        ldap_unbind(pLdapConnection);\n    }\n}",
        "question": "Given that the parameter or function `data` is modified before the execution of the function `wcslen`, evaluate the potential impact on the outcomes of `wcslen`. Consider how `data` could influence `wcslen`, including its role as a direct parameter, its effect on controlling conditions, or its indirect impacts through other related variables or system states.",
        "choices": {
            "A": "The change to `data` directly alters the arguments passed to `wcslen`.",
            "B": "There is neither a direct nor a significant indirect relationship between the changes to `data` and the behavior or output of `wcslen`, suggesting no observable impact.",
            "C": "The modification of `data` might indirectly influence `wcslen` by modifying the control statement that controls the behavior of `wcslen`.",
            "D": "It is not possible to determine the effect without additional context."
        },
        "answer": "A",
        "distance": 1
    },
    {
        "case_id": 7480,
        "code": "void CWE90_LDAP_Injection__w32_wchar_t_file_01_bad()\n{\n    wchar_t * data;\n    wchar_t dataBuffer[256] = L\"\";\n    data = dataBuffer;\n    {\n        /* Read input from a file */\n        size_t dataLen = wcslen(data);\n        FILE * pFile;\n        /* if there is room in data, attempt to read the input from a file */\n        if (256-dataLen > 1)\n        {\n            pFile = fopen(FILENAME, \"r\");\n            if (pFile != NULL)\n            {\n                /* POTENTIAL FLAW: Read data from a file */\n                if (fgetws(data+dataLen, (int)(256-dataLen), pFile) == NULL)\n                {\n                    printLine(\"fgetws() failed\");\n                    /* Restore NUL terminator if fgetws fails */\n                    data[dataLen] = L'\\0';\n                }\n                fclose(pFile);\n            }\n        }\n    }\n    {\n        LDAP* pLdapConnection = NULL;\n        ULONG connectSuccess = 0L;\n        ULONG searchSuccess = 0L;\n        LDAPMessage *pMessage = NULL;\n        wchar_t filter[256];\n        /* POTENTIAL FLAW: data concatenated into LDAP search, which could result in LDAP Injection*/\n        _snwprintf(filter, 256-1, L\"(cn=%s)\", data);\n        pLdapConnection = ldap_initW(L\"localhost\", LDAP_PORT);\n        if (pLdapConnection == NULL)\n        {\n            printLine(\"Initialization failed\");\n            exit(1);\n        }\n        connectSuccess = ldap_connect(pLdapConnection, NULL);\n        if (connectSuccess != LDAP_SUCCESS)\n        {\n            printLine(\"Connection failed\");\n            exit(1);\n        }\n        searchSuccess = ldap_search_ext_sW(\n                            pLdapConnection,\n                            L\"base\",\n                            LDAP_SCOPE_SUBTREE,\n                            filter,\n                            NULL,\n                            0,\n                            NULL,\n                            NULL,\n                            LDAP_NO_LIMIT,\n                            LDAP_NO_LIMIT,\n                            &pMessage);\n        if (searchSuccess != LDAP_SUCCESS)\n        {\n            printLine(\"Search failed\");\n            if (pMessage != NULL)\n            {\n                ldap_msgfree(pMessage);\n            }\n            exit(1);\n        }\n        /* Typically you would do something with the search results, but this is a test case and we can ignore them */\n        /* Free the results to avoid incidentals */\n        if (pMessage != NULL)\n        {\n            ldap_msgfree(pMessage);\n        }\n        /* Close the connection */\n        ldap_unbind(pLdapConnection);\n    }\n}",
        "question": "Given that the parameter or function `dataLen` is modified before the execution of the function `wcslen`, evaluate the potential impact on the outcomes of `wcslen`. Consider how `dataLen` could influence `wcslen`, including its role as a direct parameter, its effect on controlling conditions, or its indirect impacts through other related variables or system states.",
        "choices": {
            "A": "The change to `dataLen` directly alters the arguments passed to `wcslen`.",
            "B": "There is neither a direct nor a significant indirect relationship between the changes to `dataLen` and the behavior or output of `wcslen`, suggesting no observable impact.",
            "C": "The modification of `dataLen` might indirectly influence `wcslen` by modifying the control statement that controls the behavior of `wcslen`.",
            "D": "It is not possible to determine the effect without additional context."
        },
        "answer": "A",
        "distance": 1
    },
    {
        "case_id": 7480,
        "code": "void CWE90_LDAP_Injection__w32_wchar_t_file_01_bad()\n{\n    wchar_t * data;\n    wchar_t dataBuffer[256] = L\"\";\n    data = dataBuffer;\n    {\n        /* Read input from a file */\n        size_t dataLen = wcslen(data);\n        FILE * pFile;\n        /* if there is room in data, attempt to read the input from a file */\n        if (256-dataLen > 1)\n        {\n            pFile = fopen(FILENAME, \"r\");\n            if (pFile != NULL)\n            {\n                /* POTENTIAL FLAW: Read data from a file */\n                if (fgetws(data+dataLen, (int)(256-dataLen), pFile) == NULL)\n                {\n                    printLine(\"fgetws() failed\");\n                    /* Restore NUL terminator if fgetws fails */\n                    data[dataLen] = L'\\0';\n                }\n                fclose(pFile);\n            }\n        }\n    }\n    {\n        LDAP* pLdapConnection = NULL;\n        ULONG connectSuccess = 0L;\n        ULONG searchSuccess = 0L;\n        LDAPMessage *pMessage = NULL;\n        wchar_t filter[256];\n        /* POTENTIAL FLAW: data concatenated into LDAP search, which could result in LDAP Injection*/\n        _snwprintf(filter, 256-1, L\"(cn=%s)\", data);\n        pLdapConnection = ldap_initW(L\"localhost\", LDAP_PORT);\n        if (pLdapConnection == NULL)\n        {\n            printLine(\"Initialization failed\");\n            exit(1);\n        }\n        connectSuccess = ldap_connect(pLdapConnection, NULL);\n        if (connectSuccess != LDAP_SUCCESS)\n        {\n            printLine(\"Connection failed\");\n            exit(1);\n        }\n        searchSuccess = ldap_search_ext_sW(\n                            pLdapConnection,\n                            L\"base\",\n                            LDAP_SCOPE_SUBTREE,\n                            filter,\n                            NULL,\n                            0,\n                            NULL,\n                            NULL,\n                            LDAP_NO_LIMIT,\n                            LDAP_NO_LIMIT,\n                            &pMessage);\n        if (searchSuccess != LDAP_SUCCESS)\n        {\n            printLine(\"Search failed\");\n            if (pMessage != NULL)\n            {\n                ldap_msgfree(pMessage);\n            }\n            exit(1);\n        }\n        /* Typically you would do something with the search results, but this is a test case and we can ignore them */\n        /* Free the results to avoid incidentals */\n        if (pMessage != NULL)\n        {\n            ldap_msgfree(pMessage);\n        }\n        /* Close the connection */\n        ldap_unbind(pLdapConnection);\n    }\n}",
        "question": "Given that the parameter or function `LDAP_PORT` is modified before the execution of the function `ldap_initW`, evaluate the potential impact on the outcomes of `ldap_initW`. Consider how `LDAP_PORT` could influence `ldap_initW`, including its role as a direct parameter, its effect on controlling conditions, or its indirect impacts through other related variables or system states.",
        "choices": {
            "A": "The change to `LDAP_PORT` directly alters the arguments passed to `ldap_initW`.",
            "B": "There is neither a direct nor a significant indirect relationship between the changes to `LDAP_PORT` and the behavior or output of `ldap_initW`, suggesting no observable impact.",
            "C": "The modification of `LDAP_PORT` might indirectly influence `ldap_initW` by modifying the control statement that controls the behavior of `ldap_initW`.",
            "D": "It is not possible to determine the effect without additional context."
        },
        "answer": "A",
        "distance": 1
    },
    {
        "case_id": 7480,
        "code": "void CWE90_LDAP_Injection__w32_wchar_t_file_01_bad()\n{\n    wchar_t * data;\n    wchar_t dataBuffer[256] = L\"\";\n    data = dataBuffer;\n    {\n        /* Read input from a file */\n        size_t dataLen = wcslen(data);\n        FILE * pFile;\n        /* if there is room in data, attempt to read the input from a file */\n        if (256-dataLen > 1)\n        {\n            pFile = fopen(FILENAME, \"r\");\n            if (pFile != NULL)\n            {\n                /* POTENTIAL FLAW: Read data from a file */\n                if (fgetws(data+dataLen, (int)(256-dataLen), pFile) == NULL)\n                {\n                    printLine(\"fgetws() failed\");\n                    /* Restore NUL terminator if fgetws fails */\n                    data[dataLen] = L'\\0';\n                }\n                fclose(pFile);\n            }\n        }\n    }\n    {\n        LDAP* pLdapConnection = NULL;\n        ULONG connectSuccess = 0L;\n        ULONG searchSuccess = 0L;\n        LDAPMessage *pMessage = NULL;\n        wchar_t filter[256];\n        /* POTENTIAL FLAW: data concatenated into LDAP search, which could result in LDAP Injection*/\n        _snwprintf(filter, 256-1, L\"(cn=%s)\", data);\n        pLdapConnection = ldap_initW(L\"localhost\", LDAP_PORT);\n        if (pLdapConnection == NULL)\n        {\n            printLine(\"Initialization failed\");\n            exit(1);\n        }\n        connectSuccess = ldap_connect(pLdapConnection, NULL);\n        if (connectSuccess != LDAP_SUCCESS)\n        {\n            printLine(\"Connection failed\");\n            exit(1);\n        }\n        searchSuccess = ldap_search_ext_sW(\n                            pLdapConnection,\n                            L\"base\",\n                            LDAP_SCOPE_SUBTREE,\n                            filter,\n                            NULL,\n                            0,\n                            NULL,\n                            NULL,\n                            LDAP_NO_LIMIT,\n                            LDAP_NO_LIMIT,\n                            &pMessage);\n        if (searchSuccess != LDAP_SUCCESS)\n        {\n            printLine(\"Search failed\");\n            if (pMessage != NULL)\n            {\n                ldap_msgfree(pMessage);\n            }\n            exit(1);\n        }\n        /* Typically you would do something with the search results, but this is a test case and we can ignore them */\n        /* Free the results to avoid incidentals */\n        if (pMessage != NULL)\n        {\n            ldap_msgfree(pMessage);\n        }\n        /* Close the connection */\n        ldap_unbind(pLdapConnection);\n    }\n}",
        "question": "Given that the parameter or function `ldap_initW` is modified before the execution of the function `wcslen`, evaluate the potential impact on the outcomes of `wcslen`. Consider how `ldap_initW` could influence `wcslen`, including its role as a direct parameter, its effect on controlling conditions, or its indirect impacts through other related variables or system states.",
        "choices": {
            "A": "The change to `ldap_initW` directly alters the arguments passed to `wcslen`.",
            "B": "There is neither a direct nor a significant indirect relationship between the changes to `ldap_initW` and the behavior or output of `wcslen`, suggesting no observable impact.",
            "C": "The modification of `ldap_initW` might indirectly influence `wcslen` by modifying the control statement that controls the behavior of `wcslen`.",
            "D": "It is not possible to determine the effect without additional context."
        },
        "answer": "B",
        "distance": 0
    },
    {
        "case_id": 7480,
        "code": "void CWE90_LDAP_Injection__w32_wchar_t_file_01_bad()\n{\n    wchar_t * data;\n    wchar_t dataBuffer[256] = L\"\";\n    data = dataBuffer;\n    {\n        /* Read input from a file */\n        size_t dataLen = wcslen(data);\n        FILE * pFile;\n        /* if there is room in data, attempt to read the input from a file */\n        if (256-dataLen > 1)\n        {\n            pFile = fopen(FILENAME, \"r\");\n            if (pFile != NULL)\n            {\n                /* POTENTIAL FLAW: Read data from a file */\n                if (fgetws(data+dataLen, (int)(256-dataLen), pFile) == NULL)\n                {\n                    printLine(\"fgetws() failed\");\n                    /* Restore NUL terminator if fgetws fails */\n                    data[dataLen] = L'\\0';\n                }\n                fclose(pFile);\n            }\n        }\n    }\n    {\n        LDAP* pLdapConnection = NULL;\n        ULONG connectSuccess = 0L;\n        ULONG searchSuccess = 0L;\n        LDAPMessage *pMessage = NULL;\n        wchar_t filter[256];\n        /* POTENTIAL FLAW: data concatenated into LDAP search, which could result in LDAP Injection*/\n        _snwprintf(filter, 256-1, L\"(cn=%s)\", data);\n        pLdapConnection = ldap_initW(L\"localhost\", LDAP_PORT);\n        if (pLdapConnection == NULL)\n        {\n            printLine(\"Initialization failed\");\n            exit(1);\n        }\n        connectSuccess = ldap_connect(pLdapConnection, NULL);\n        if (connectSuccess != LDAP_SUCCESS)\n        {\n            printLine(\"Connection failed\");\n            exit(1);\n        }\n        searchSuccess = ldap_search_ext_sW(\n                            pLdapConnection,\n                            L\"base\",\n                            LDAP_SCOPE_SUBTREE,\n                            filter,\n                            NULL,\n                            0,\n                            NULL,\n                            NULL,\n                            LDAP_NO_LIMIT,\n                            LDAP_NO_LIMIT,\n                            &pMessage);\n        if (searchSuccess != LDAP_SUCCESS)\n        {\n            printLine(\"Search failed\");\n            if (pMessage != NULL)\n            {\n                ldap_msgfree(pMessage);\n            }\n            exit(1);\n        }\n        /* Typically you would do something with the search results, but this is a test case and we can ignore them */\n        /* Free the results to avoid incidentals */\n        if (pMessage != NULL)\n        {\n            ldap_msgfree(pMessage);\n        }\n        /* Close the connection */\n        ldap_unbind(pLdapConnection);\n    }\n}",
        "question": "Given that the parameter or function `ldap_search_ext_sW` is modified before the execution of the function `wcslen`, evaluate the potential impact on the outcomes of `wcslen`. Consider how `ldap_search_ext_sW` could influence `wcslen`, including its role as a direct parameter, its effect on controlling conditions, or its indirect impacts through other related variables or system states.",
        "choices": {
            "A": "The change to `ldap_search_ext_sW` directly alters the arguments passed to `wcslen`.",
            "B": "There is neither a direct nor a significant indirect relationship between the changes to `ldap_search_ext_sW` and the behavior or output of `wcslen`, suggesting no observable impact.",
            "C": "The modification of `ldap_search_ext_sW` might indirectly influence `wcslen` by modifying the control statement that controls the behavior of `wcslen`.",
            "D": "It is not possible to determine the effect without additional context."
        },
        "answer": "B",
        "distance": 0
    },
    {
        "case_id": 7480,
        "code": "void CWE90_LDAP_Injection__w32_wchar_t_file_01_bad()\n{\n    wchar_t * data;\n    wchar_t dataBuffer[256] = L\"\";\n    data = dataBuffer;\n    {\n        /* Read input from a file */\n        size_t dataLen = wcslen(data);\n        FILE * pFile;\n        /* if there is room in data, attempt to read the input from a file */\n        if (256-dataLen > 1)\n        {\n            pFile = fopen(FILENAME, \"r\");\n            if (pFile != NULL)\n            {\n                /* POTENTIAL FLAW: Read data from a file */\n                if (fgetws(data+dataLen, (int)(256-dataLen), pFile) == NULL)\n                {\n                    printLine(\"fgetws() failed\");\n                    /* Restore NUL terminator if fgetws fails */\n                    data[dataLen] = L'\\0';\n                }\n                fclose(pFile);\n            }\n        }\n    }\n    {\n        LDAP* pLdapConnection = NULL;\n        ULONG connectSuccess = 0L;\n        ULONG searchSuccess = 0L;\n        LDAPMessage *pMessage = NULL;\n        wchar_t filter[256];\n        /* POTENTIAL FLAW: data concatenated into LDAP search, which could result in LDAP Injection*/\n        _snwprintf(filter, 256-1, L\"(cn=%s)\", data);\n        pLdapConnection = ldap_initW(L\"localhost\", LDAP_PORT);\n        if (pLdapConnection == NULL)\n        {\n            printLine(\"Initialization failed\");\n            exit(1);\n        }\n        connectSuccess = ldap_connect(pLdapConnection, NULL);\n        if (connectSuccess != LDAP_SUCCESS)\n        {\n            printLine(\"Connection failed\");\n            exit(1);\n        }\n        searchSuccess = ldap_search_ext_sW(\n                            pLdapConnection,\n                            L\"base\",\n                            LDAP_SCOPE_SUBTREE,\n                            filter,\n                            NULL,\n                            0,\n                            NULL,\n                            NULL,\n                            LDAP_NO_LIMIT,\n                            LDAP_NO_LIMIT,\n                            &pMessage);\n        if (searchSuccess != LDAP_SUCCESS)\n        {\n            printLine(\"Search failed\");\n            if (pMessage != NULL)\n            {\n                ldap_msgfree(pMessage);\n            }\n            exit(1);\n        }\n        /* Typically you would do something with the search results, but this is a test case and we can ignore them */\n        /* Free the results to avoid incidentals */\n        if (pMessage != NULL)\n        {\n            ldap_msgfree(pMessage);\n        }\n        /* Close the connection */\n        ldap_unbind(pLdapConnection);\n    }\n}",
        "question": "Given that the parameter or function `ldap_unbind` is modified before the execution of the function `wcslen`, evaluate the potential impact on the outcomes of `wcslen`. Consider how `ldap_unbind` could influence `wcslen`, including its role as a direct parameter, its effect on controlling conditions, or its indirect impacts through other related variables or system states.",
        "choices": {
            "A": "The change to `ldap_unbind` directly alters the arguments passed to `wcslen`.",
            "B": "There is neither a direct nor a significant indirect relationship between the changes to `ldap_unbind` and the behavior or output of `wcslen`, suggesting no observable impact.",
            "C": "The modification of `ldap_unbind` might indirectly influence `wcslen` by modifying the control statement that controls the behavior of `wcslen`.",
            "D": "It is not possible to determine the effect without additional context."
        },
        "answer": "B",
        "distance": 0
    },
    {
        "case_id": 7480,
        "code": "void CWE90_LDAP_Injection__w32_wchar_t_file_01_bad()\n{\n    wchar_t * data;\n    wchar_t dataBuffer[256] = L\"\";\n    data = dataBuffer;\n    {\n        /* Read input from a file */\n        size_t dataLen = wcslen(data);\n        FILE * pFile;\n        /* if there is room in data, attempt to read the input from a file */\n        if (256-dataLen > 1)\n        {\n            pFile = fopen(FILENAME, \"r\");\n            if (pFile != NULL)\n            {\n                /* POTENTIAL FLAW: Read data from a file */\n                if (fgetws(data+dataLen, (int)(256-dataLen), pFile) == NULL)\n                {\n                    printLine(\"fgetws() failed\");\n                    /* Restore NUL terminator if fgetws fails */\n                    data[dataLen] = L'\\0';\n                }\n                fclose(pFile);\n            }\n        }\n    }\n    {\n        LDAP* pLdapConnection = NULL;\n        ULONG connectSuccess = 0L;\n        ULONG searchSuccess = 0L;\n        LDAPMessage *pMessage = NULL;\n        wchar_t filter[256];\n        /* POTENTIAL FLAW: data concatenated into LDAP search, which could result in LDAP Injection*/\n        _snwprintf(filter, 256-1, L\"(cn=%s)\", data);\n        pLdapConnection = ldap_initW(L\"localhost\", LDAP_PORT);\n        if (pLdapConnection == NULL)\n        {\n            printLine(\"Initialization failed\");\n            exit(1);\n        }\n        connectSuccess = ldap_connect(pLdapConnection, NULL);\n        if (connectSuccess != LDAP_SUCCESS)\n        {\n            printLine(\"Connection failed\");\n            exit(1);\n        }\n        searchSuccess = ldap_search_ext_sW(\n                            pLdapConnection,\n                            L\"base\",\n                            LDAP_SCOPE_SUBTREE,\n                            filter,\n                            NULL,\n                            0,\n                            NULL,\n                            NULL,\n                            LDAP_NO_LIMIT,\n                            LDAP_NO_LIMIT,\n                            &pMessage);\n        if (searchSuccess != LDAP_SUCCESS)\n        {\n            printLine(\"Search failed\");\n            if (pMessage != NULL)\n            {\n                ldap_msgfree(pMessage);\n            }\n            exit(1);\n        }\n        /* Typically you would do something with the search results, but this is a test case and we can ignore them */\n        /* Free the results to avoid incidentals */\n        if (pMessage != NULL)\n        {\n            ldap_msgfree(pMessage);\n        }\n        /* Close the connection */\n        ldap_unbind(pLdapConnection);\n    }\n}",
        "question": "Given that the parameter or function `fclose` is modified before the execution of the function `wcslen`, evaluate the potential impact on the outcomes of `wcslen`. Consider how `fclose` could influence `wcslen`, including its role as a direct parameter, its effect on controlling conditions, or its indirect impacts through other related variables or system states.",
        "choices": {
            "A": "The change to `fclose` directly alters the arguments passed to `wcslen`.",
            "B": "There is neither a direct nor a significant indirect relationship between the changes to `fclose` and the behavior or output of `wcslen`, suggesting no observable impact.",
            "C": "The modification of `fclose` might indirectly influence `wcslen` by modifying the control statement that controls the behavior of `wcslen`.",
            "D": "It is not possible to determine the effect without additional context."
        },
        "answer": "B",
        "distance": 0
    },
    {
        "case_id": 7480,
        "code": "void CWE90_LDAP_Injection__w32_wchar_t_file_01_bad()\n{\n    wchar_t * data;\n    wchar_t dataBuffer[256] = L\"\";\n    data = dataBuffer;\n    {\n        /* Read input from a file */\n        size_t dataLen = wcslen(data);\n        FILE * pFile;\n        /* if there is room in data, attempt to read the input from a file */\n        if (256-dataLen > 1)\n        {\n            pFile = fopen(FILENAME, \"r\");\n            if (pFile != NULL)\n            {\n                /* POTENTIAL FLAW: Read data from a file */\n                if (fgetws(data+dataLen, (int)(256-dataLen), pFile) == NULL)\n                {\n                    printLine(\"fgetws() failed\");\n                    /* Restore NUL terminator if fgetws fails */\n                    data[dataLen] = L'\\0';\n                }\n                fclose(pFile);\n            }\n        }\n    }\n    {\n        LDAP* pLdapConnection = NULL;\n        ULONG connectSuccess = 0L;\n        ULONG searchSuccess = 0L;\n        LDAPMessage *pMessage = NULL;\n        wchar_t filter[256];\n        /* POTENTIAL FLAW: data concatenated into LDAP search, which could result in LDAP Injection*/\n        _snwprintf(filter, 256-1, L\"(cn=%s)\", data);\n        pLdapConnection = ldap_initW(L\"localhost\", LDAP_PORT);\n        if (pLdapConnection == NULL)\n        {\n            printLine(\"Initialization failed\");\n            exit(1);\n        }\n        connectSuccess = ldap_connect(pLdapConnection, NULL);\n        if (connectSuccess != LDAP_SUCCESS)\n        {\n            printLine(\"Connection failed\");\n            exit(1);\n        }\n        searchSuccess = ldap_search_ext_sW(\n                            pLdapConnection,\n                            L\"base\",\n                            LDAP_SCOPE_SUBTREE,\n                            filter,\n                            NULL,\n                            0,\n                            NULL,\n                            NULL,\n                            LDAP_NO_LIMIT,\n                            LDAP_NO_LIMIT,\n                            &pMessage);\n        if (searchSuccess != LDAP_SUCCESS)\n        {\n            printLine(\"Search failed\");\n            if (pMessage != NULL)\n            {\n                ldap_msgfree(pMessage);\n            }\n            exit(1);\n        }\n        /* Typically you would do something with the search results, but this is a test case and we can ignore them */\n        /* Free the results to avoid incidentals */\n        if (pMessage != NULL)\n        {\n            ldap_msgfree(pMessage);\n        }\n        /* Close the connection */\n        ldap_unbind(pLdapConnection);\n    }\n}",
        "question": "Given that the parameter or function `dataBuffer` is modified before the execution of the function `fclose`, evaluate the potential impact on the outcomes of `fclose`. Consider how `dataBuffer` could influence `fclose`, including its role as a direct parameter, its effect on controlling conditions, or its indirect impacts through other related variables or system states.",
        "choices": {
            "A": "The change to `dataBuffer` directly alters the arguments passed to `fclose`.",
            "B": "There is neither a direct nor a significant indirect relationship between the changes to `dataBuffer` and the behavior or output of `fclose`, suggesting no observable impact.",
            "C": "The modification of `dataBuffer` might indirectly influence `fclose` by modifying the control statement that controls the behavior of `fclose`.",
            "D": "It is not possible to determine the effect without additional context."
        },
        "answer": "C",
        "distance": 2
    },
    {
        "case_id": 7480,
        "code": "void CWE90_LDAP_Injection__w32_wchar_t_file_01_bad()\n{\n    wchar_t * data;\n    wchar_t dataBuffer[256] = L\"\";\n    data = dataBuffer;\n    {\n        /* Read input from a file */\n        size_t dataLen = wcslen(data);\n        FILE * pFile;\n        /* if there is room in data, attempt to read the input from a file */\n        if (256-dataLen > 1)\n        {\n            pFile = fopen(FILENAME, \"r\");\n            if (pFile != NULL)\n            {\n                /* POTENTIAL FLAW: Read data from a file */\n                if (fgetws(data+dataLen, (int)(256-dataLen), pFile) == NULL)\n                {\n                    printLine(\"fgetws() failed\");\n                    /* Restore NUL terminator if fgetws fails */\n                    data[dataLen] = L'\\0';\n                }\n                fclose(pFile);\n            }\n        }\n    }\n    {\n        LDAP* pLdapConnection = NULL;\n        ULONG connectSuccess = 0L;\n        ULONG searchSuccess = 0L;\n        LDAPMessage *pMessage = NULL;\n        wchar_t filter[256];\n        /* POTENTIAL FLAW: data concatenated into LDAP search, which could result in LDAP Injection*/\n        _snwprintf(filter, 256-1, L\"(cn=%s)\", data);\n        pLdapConnection = ldap_initW(L\"localhost\", LDAP_PORT);\n        if (pLdapConnection == NULL)\n        {\n            printLine(\"Initialization failed\");\n            exit(1);\n        }\n        connectSuccess = ldap_connect(pLdapConnection, NULL);\n        if (connectSuccess != LDAP_SUCCESS)\n        {\n            printLine(\"Connection failed\");\n            exit(1);\n        }\n        searchSuccess = ldap_search_ext_sW(\n                            pLdapConnection,\n                            L\"base\",\n                            LDAP_SCOPE_SUBTREE,\n                            filter,\n                            NULL,\n                            0,\n                            NULL,\n                            NULL,\n                            LDAP_NO_LIMIT,\n                            LDAP_NO_LIMIT,\n                            &pMessage);\n        if (searchSuccess != LDAP_SUCCESS)\n        {\n            printLine(\"Search failed\");\n            if (pMessage != NULL)\n            {\n                ldap_msgfree(pMessage);\n            }\n            exit(1);\n        }\n        /* Typically you would do something with the search results, but this is a test case and we can ignore them */\n        /* Free the results to avoid incidentals */\n        if (pMessage != NULL)\n        {\n            ldap_msgfree(pMessage);\n        }\n        /* Close the connection */\n        ldap_unbind(pLdapConnection);\n    }\n}",
        "question": "Given that the parameter or function `dataBuffer` is modified before the execution of the function `fopen`, evaluate the potential impact on the outcomes of `fopen`. Consider how `dataBuffer` could influence `fopen`, including its role as a direct parameter, its effect on controlling conditions, or its indirect impacts through other related variables or system states.",
        "choices": {
            "A": "The change to `dataBuffer` directly alters the arguments passed to `fopen`.",
            "B": "There is neither a direct nor a significant indirect relationship between the changes to `dataBuffer` and the behavior or output of `fopen`, suggesting no observable impact.",
            "C": "The modification of `dataBuffer` might indirectly influence `fopen` by modifying the control statement that controls the behavior of `fopen`.",
            "D": "It is not possible to determine the effect without additional context."
        },
        "answer": "C",
        "distance": 2
    },
    {
        "case_id": 7480,
        "code": "void CWE90_LDAP_Injection__w32_wchar_t_file_01_bad()\n{\n    wchar_t * data;\n    wchar_t dataBuffer[256] = L\"\";\n    data = dataBuffer;\n    {\n        /* Read input from a file */\n        size_t dataLen = wcslen(data);\n        FILE * pFile;\n        /* if there is room in data, attempt to read the input from a file */\n        if (256-dataLen > 1)\n        {\n            pFile = fopen(FILENAME, \"r\");\n            if (pFile != NULL)\n            {\n                /* POTENTIAL FLAW: Read data from a file */\n                if (fgetws(data+dataLen, (int)(256-dataLen), pFile) == NULL)\n                {\n                    printLine(\"fgetws() failed\");\n                    /* Restore NUL terminator if fgetws fails */\n                    data[dataLen] = L'\\0';\n                }\n                fclose(pFile);\n            }\n        }\n    }\n    {\n        LDAP* pLdapConnection = NULL;\n        ULONG connectSuccess = 0L;\n        ULONG searchSuccess = 0L;\n        LDAPMessage *pMessage = NULL;\n        wchar_t filter[256];\n        /* POTENTIAL FLAW: data concatenated into LDAP search, which could result in LDAP Injection*/\n        _snwprintf(filter, 256-1, L\"(cn=%s)\", data);\n        pLdapConnection = ldap_initW(L\"localhost\", LDAP_PORT);\n        if (pLdapConnection == NULL)\n        {\n            printLine(\"Initialization failed\");\n            exit(1);\n        }\n        connectSuccess = ldap_connect(pLdapConnection, NULL);\n        if (connectSuccess != LDAP_SUCCESS)\n        {\n            printLine(\"Connection failed\");\n            exit(1);\n        }\n        searchSuccess = ldap_search_ext_sW(\n                            pLdapConnection,\n                            L\"base\",\n                            LDAP_SCOPE_SUBTREE,\n                            filter,\n                            NULL,\n                            0,\n                            NULL,\n                            NULL,\n                            LDAP_NO_LIMIT,\n                            LDAP_NO_LIMIT,\n                            &pMessage);\n        if (searchSuccess != LDAP_SUCCESS)\n        {\n            printLine(\"Search failed\");\n            if (pMessage != NULL)\n            {\n                ldap_msgfree(pMessage);\n            }\n            exit(1);\n        }\n        /* Typically you would do something with the search results, but this is a test case and we can ignore them */\n        /* Free the results to avoid incidentals */\n        if (pMessage != NULL)\n        {\n            ldap_msgfree(pMessage);\n        }\n        /* Close the connection */\n        ldap_unbind(pLdapConnection);\n    }\n}",
        "question": "Given that the parameter or function `wcslen` is modified before the execution of the function `fclose`, evaluate the potential impact on the outcomes of `fclose`. Consider how `wcslen` could influence `fclose`, including its role as a direct parameter, its effect on controlling conditions, or its indirect impacts through other related variables or system states.",
        "choices": {
            "A": "The change to `wcslen` directly alters the arguments passed to `fclose`.",
            "B": "There is neither a direct nor a significant indirect relationship between the changes to `wcslen` and the behavior or output of `fclose`, suggesting no observable impact.",
            "C": "The modification of `wcslen` might indirectly influence `fclose` by modifying the control statement that controls the behavior of `fclose`.",
            "D": "It is not possible to determine the effect without additional context."
        },
        "answer": "C",
        "distance": 1
    },
    {
        "case_id": 7480,
        "code": "void CWE90_LDAP_Injection__w32_wchar_t_file_01_bad()\n{\n    wchar_t * data;\n    wchar_t dataBuffer[256] = L\"\";\n    data = dataBuffer;\n    {\n        /* Read input from a file */\n        size_t dataLen = wcslen(data);\n        FILE * pFile;\n        /* if there is room in data, attempt to read the input from a file */\n        if (256-dataLen > 1)\n        {\n            pFile = fopen(FILENAME, \"r\");\n            if (pFile != NULL)\n            {\n                /* POTENTIAL FLAW: Read data from a file */\n                if (fgetws(data+dataLen, (int)(256-dataLen), pFile) == NULL)\n                {\n                    printLine(\"fgetws() failed\");\n                    /* Restore NUL terminator if fgetws fails */\n                    data[dataLen] = L'\\0';\n                }\n                fclose(pFile);\n            }\n        }\n    }\n    {\n        LDAP* pLdapConnection = NULL;\n        ULONG connectSuccess = 0L;\n        ULONG searchSuccess = 0L;\n        LDAPMessage *pMessage = NULL;\n        wchar_t filter[256];\n        /* POTENTIAL FLAW: data concatenated into LDAP search, which could result in LDAP Injection*/\n        _snwprintf(filter, 256-1, L\"(cn=%s)\", data);\n        pLdapConnection = ldap_initW(L\"localhost\", LDAP_PORT);\n        if (pLdapConnection == NULL)\n        {\n            printLine(\"Initialization failed\");\n            exit(1);\n        }\n        connectSuccess = ldap_connect(pLdapConnection, NULL);\n        if (connectSuccess != LDAP_SUCCESS)\n        {\n            printLine(\"Connection failed\");\n            exit(1);\n        }\n        searchSuccess = ldap_search_ext_sW(\n                            pLdapConnection,\n                            L\"base\",\n                            LDAP_SCOPE_SUBTREE,\n                            filter,\n                            NULL,\n                            0,\n                            NULL,\n                            NULL,\n                            LDAP_NO_LIMIT,\n                            LDAP_NO_LIMIT,\n                            &pMessage);\n        if (searchSuccess != LDAP_SUCCESS)\n        {\n            printLine(\"Search failed\");\n            if (pMessage != NULL)\n            {\n                ldap_msgfree(pMessage);\n            }\n            exit(1);\n        }\n        /* Typically you would do something with the search results, but this is a test case and we can ignore them */\n        /* Free the results to avoid incidentals */\n        if (pMessage != NULL)\n        {\n            ldap_msgfree(pMessage);\n        }\n        /* Close the connection */\n        ldap_unbind(pLdapConnection);\n    }\n}",
        "question": "Given that the parameter or function `data` is modified before the execution of the function `fclose`, evaluate the potential impact on the outcomes of `fclose`. Consider how `data` could influence `fclose`, including its role as a direct parameter, its effect on controlling conditions, or its indirect impacts through other related variables or system states.",
        "choices": {
            "A": "The change to `data` directly alters the arguments passed to `fclose`.",
            "B": "There is neither a direct nor a significant indirect relationship between the changes to `data` and the behavior or output of `fclose`, suggesting no observable impact.",
            "C": "The modification of `data` might indirectly influence `fclose` by modifying the control statement that controls the behavior of `fclose`.",
            "D": "It is not possible to determine the effect without additional context."
        },
        "answer": "C",
        "distance": 1
    }
]