[
    {
        "case_id": 6342,
        "code": "void CWE681_Incorrect_Conversion_Between_Numeric_Types__doubleNaN2int_01_bad()\n{\n    {\n        char inputBuffer[CHAR_ARRAY_SIZE];\n        double doubleNumber = 0;\n        /*  * Enter: -2.0, result should be 0 (for bad case)\n         *\n         * Square root of a negative number is NaN. NaN when casted to int is 0.\n         */\n        if (fgets(inputBuffer, CHAR_ARRAY_SIZE, stdin) != NULL)\n        {\n            /* Read a double */\n            doubleNumber = atof(inputBuffer);\n        }\n        else\n        {\n            printLine(\"fgets() failed.\");\n        }\n        /* FLAW: should not cast without checking if conversion is safe */\n        printIntLine((int)(sqrt(doubleNumber)));\n    }\n}",
        "question": "Given that the parameter or function `inputBuffer` is modified before the execution of the function `atof`, evaluate the potential impact on the outcomes of `atof`. Consider how `inputBuffer` could influence `atof`, including its role as a direct parameter, its effect on controlling conditions, or its indirect impacts through other related variables or system states.",
        "choices": {
            "A": "The change to `inputBuffer` directly alters the arguments passed to `atof`.",
            "B": "There is neither a direct nor a significant indirect relationship between the changes to `inputBuffer` and the behavior or output of `atof`, suggesting no observable impact.",
            "C": "The modification of `inputBuffer` might indirectly influence `atof` by modifying the control statement that controls the behavior of `atof`.",
            "D": "It is not possible to determine the effect without additional context."
        },
        "answer": "A",
        "distance": 1
    },
    {
        "case_id": 6342,
        "code": "void CWE681_Incorrect_Conversion_Between_Numeric_Types__doubleNaN2int_01_bad()\n{\n    {\n        char inputBuffer[CHAR_ARRAY_SIZE];\n        double doubleNumber = 0;\n        /*  * Enter: -2.0, result should be 0 (for bad case)\n         *\n         * Square root of a negative number is NaN. NaN when casted to int is 0.\n         */\n        if (fgets(inputBuffer, CHAR_ARRAY_SIZE, stdin) != NULL)\n        {\n            /* Read a double */\n            doubleNumber = atof(inputBuffer);\n        }\n        else\n        {\n            printLine(\"fgets() failed.\");\n        }\n        /* FLAW: should not cast without checking if conversion is safe */\n        printIntLine((int)(sqrt(doubleNumber)));\n    }\n}",
        "question": "Given that the parameter or function `doubleNumber` is modified before the execution of the function `sqrt`, evaluate the potential impact on the outcomes of `sqrt`. Consider how `doubleNumber` could influence `sqrt`, including its role as a direct parameter, its effect on controlling conditions, or its indirect impacts through other related variables or system states.",
        "choices": {
            "A": "The change to `doubleNumber` directly alters the arguments passed to `sqrt`.",
            "B": "There is neither a direct nor a significant indirect relationship between the changes to `doubleNumber` and the behavior or output of `sqrt`, suggesting no observable impact.",
            "C": "The modification of `doubleNumber` might indirectly influence `sqrt` by modifying the control statement that controls the behavior of `sqrt`.",
            "D": "It is not possible to determine the effect without additional context."
        },
        "answer": "A",
        "distance": 1
    },
    {
        "case_id": 6342,
        "code": "void CWE681_Incorrect_Conversion_Between_Numeric_Types__doubleNaN2int_01_bad()\n{\n    {\n        char inputBuffer[CHAR_ARRAY_SIZE];\n        double doubleNumber = 0;\n        /*  * Enter: -2.0, result should be 0 (for bad case)\n         *\n         * Square root of a negative number is NaN. NaN when casted to int is 0.\n         */\n        if (fgets(inputBuffer, CHAR_ARRAY_SIZE, stdin) != NULL)\n        {\n            /* Read a double */\n            doubleNumber = atof(inputBuffer);\n        }\n        else\n        {\n            printLine(\"fgets() failed.\");\n        }\n        /* FLAW: should not cast without checking if conversion is safe */\n        printIntLine((int)(sqrt(doubleNumber)));\n    }\n}",
        "question": "Given that the parameter or function `atof` is modified before the execution of the function `printLine`, evaluate the potential impact on the outcomes of `printLine`. Consider how `atof` could influence `printLine`, including its role as a direct parameter, its effect on controlling conditions, or its indirect impacts through other related variables or system states.",
        "choices": {
            "A": "The change to `atof` directly alters the arguments passed to `printLine`.",
            "B": "There is neither a direct nor a significant indirect relationship between the changes to `atof` and the behavior or output of `printLine`, suggesting no observable impact.",
            "C": "The modification of `atof` might indirectly influence `printLine` by modifying the control statement that controls the behavior of `printLine`.",
            "D": "It is not possible to determine the effect without additional context."
        },
        "answer": "B",
        "distance": 0
    },
    {
        "case_id": 6342,
        "code": "void CWE681_Incorrect_Conversion_Between_Numeric_Types__doubleNaN2int_01_bad()\n{\n    {\n        char inputBuffer[CHAR_ARRAY_SIZE];\n        double doubleNumber = 0;\n        /*  * Enter: -2.0, result should be 0 (for bad case)\n         *\n         * Square root of a negative number is NaN. NaN when casted to int is 0.\n         */\n        if (fgets(inputBuffer, CHAR_ARRAY_SIZE, stdin) != NULL)\n        {\n            /* Read a double */\n            doubleNumber = atof(inputBuffer);\n        }\n        else\n        {\n            printLine(\"fgets() failed.\");\n        }\n        /* FLAW: should not cast without checking if conversion is safe */\n        printIntLine((int)(sqrt(doubleNumber)));\n    }\n}",
        "question": "Given that the parameter or function `sqrt` is modified before the execution of the function `printLine`, evaluate the potential impact on the outcomes of `printLine`. Consider how `sqrt` could influence `printLine`, including its role as a direct parameter, its effect on controlling conditions, or its indirect impacts through other related variables or system states.",
        "choices": {
            "A": "The change to `sqrt` directly alters the arguments passed to `printLine`.",
            "B": "There is neither a direct nor a significant indirect relationship between the changes to `sqrt` and the behavior or output of `printLine`, suggesting no observable impact.",
            "C": "The modification of `sqrt` might indirectly influence `printLine` by modifying the control statement that controls the behavior of `printLine`.",
            "D": "It is not possible to determine the effect without additional context."
        },
        "answer": "B",
        "distance": 0
    },
    {
        "case_id": 6342,
        "code": "void CWE681_Incorrect_Conversion_Between_Numeric_Types__doubleNaN2int_01_bad()\n{\n    {\n        char inputBuffer[CHAR_ARRAY_SIZE];\n        double doubleNumber = 0;\n        /*  * Enter: -2.0, result should be 0 (for bad case)\n         *\n         * Square root of a negative number is NaN. NaN when casted to int is 0.\n         */\n        if (fgets(inputBuffer, CHAR_ARRAY_SIZE, stdin) != NULL)\n        {\n            /* Read a double */\n            doubleNumber = atof(inputBuffer);\n        }\n        else\n        {\n            printLine(\"fgets() failed.\");\n        }\n        /* FLAW: should not cast without checking if conversion is safe */\n        printIntLine((int)(sqrt(doubleNumber)));\n    }\n}",
        "question": "Given that the parameter or function `inputBuffer` is modified before the execution of the function `printLine`, evaluate the potential impact on the outcomes of `printLine`. Consider how `inputBuffer` could influence `printLine`, including its role as a direct parameter, its effect on controlling conditions, or its indirect impacts through other related variables or system states.",
        "choices": {
            "A": "The change to `inputBuffer` directly alters the arguments passed to `printLine`.",
            "B": "There is neither a direct nor a significant indirect relationship between the changes to `inputBuffer` and the behavior or output of `printLine`, suggesting no observable impact.",
            "C": "The modification of `inputBuffer` might indirectly influence `printLine` by modifying the control statement that controls the behavior of `printLine`.",
            "D": "It is not possible to determine the effect without additional context."
        },
        "answer": "B",
        "distance": 0
    },
    {
        "case_id": 6342,
        "code": "void CWE681_Incorrect_Conversion_Between_Numeric_Types__doubleNaN2int_01_bad()\n{\n    {\n        char inputBuffer[CHAR_ARRAY_SIZE];\n        double doubleNumber = 0;\n        /*  * Enter: -2.0, result should be 0 (for bad case)\n         *\n         * Square root of a negative number is NaN. NaN when casted to int is 0.\n         */\n        if (fgets(inputBuffer, CHAR_ARRAY_SIZE, stdin) != NULL)\n        {\n            /* Read a double */\n            doubleNumber = atof(inputBuffer);\n        }\n        else\n        {\n            printLine(\"fgets() failed.\");\n        }\n        /* FLAW: should not cast without checking if conversion is safe */\n        printIntLine((int)(sqrt(doubleNumber)));\n    }\n}",
        "question": "Given that the parameter or function `doubleNumber` is modified before the execution of the function `printLine`, evaluate the potential impact on the outcomes of `printLine`. Consider how `doubleNumber` could influence `printLine`, including its role as a direct parameter, its effect on controlling conditions, or its indirect impacts through other related variables or system states.",
        "choices": {
            "A": "The change to `doubleNumber` directly alters the arguments passed to `printLine`.",
            "B": "There is neither a direct nor a significant indirect relationship between the changes to `doubleNumber` and the behavior or output of `printLine`, suggesting no observable impact.",
            "C": "The modification of `doubleNumber` might indirectly influence `printLine` by modifying the control statement that controls the behavior of `printLine`.",
            "D": "It is not possible to determine the effect without additional context."
        },
        "answer": "B",
        "distance": 0
    }
]