[
    {
        "case_id": 6183,
        "code": "void CWE680_Integer_Overflow_to_Buffer_Overflow__malloc_fgets_01_bad()\n{\n    int data;\n    /* Initialize data */\n    data = -1;\n    {\n        char inputBuffer[CHAR_ARRAY_SIZE] = \"\";\n        /* POTENTIAL FLAW: Read data from the console using fgets() */\n        if (fgets(inputBuffer, CHAR_ARRAY_SIZE, stdin) != NULL)\n        {\n            /* Convert to int */\n            data = atoi(inputBuffer);\n        }\n        else\n        {\n            printLine(\"fgets() failed.\");\n        }\n    }\n    {\n        size_t i;\n        int *intPointer;\n        /* POTENTIAL FLAW: if data * sizeof(int) > SIZE_MAX, overflows to a small value\n         * so that the for loop doing the initialization causes a buffer overflow */\n        intPointer = (int*)malloc(data * sizeof(int));\n        if (intPointer == NULL) {exit(-1);}\n        for (i = 0; i < (size_t)data; i++)\n        {\n            intPointer[i] = 0; /* Potentially writes beyond the boundary of intPointer */\n        }\n        printIntLine(intPointer[0]);\n        free(intPointer);\n    }\n}",
        "question": "Given that the parameter or function `-1` is modified before the execution of the function `free`, evaluate the potential impact on the outcomes of `free`. Consider how `-1` could influence `free`, including its role as a direct parameter, its effect on controlling conditions, or its indirect impacts through other related variables or system states.",
        "choices": {
            "A": "The change to `-1` directly alters the arguments passed to `free`.",
            "B": "There is neither a direct nor a significant indirect relationship between the changes to `-1` and the behavior or output of `free`, suggesting no observable impact.",
            "C": "The modification of `-1` might indirectly influence `free` by modifying the control statement that controls the behavior of `free`.",
            "D": "It is not possible to determine the effect without additional context."
        },
        "answer": "A",
        "distance": 2
    },
    {
        "case_id": 6183,
        "code": "void CWE680_Integer_Overflow_to_Buffer_Overflow__malloc_fgets_01_bad()\n{\n    int data;\n    /* Initialize data */\n    data = -1;\n    {\n        char inputBuffer[CHAR_ARRAY_SIZE] = \"\";\n        /* POTENTIAL FLAW: Read data from the console using fgets() */\n        if (fgets(inputBuffer, CHAR_ARRAY_SIZE, stdin) != NULL)\n        {\n            /* Convert to int */\n            data = atoi(inputBuffer);\n        }\n        else\n        {\n            printLine(\"fgets() failed.\");\n        }\n    }\n    {\n        size_t i;\n        int *intPointer;\n        /* POTENTIAL FLAW: if data * sizeof(int) > SIZE_MAX, overflows to a small value\n         * so that the for loop doing the initialization causes a buffer overflow */\n        intPointer = (int*)malloc(data * sizeof(int));\n        if (intPointer == NULL) {exit(-1);}\n        for (i = 0; i < (size_t)data; i++)\n        {\n            intPointer[i] = 0; /* Potentially writes beyond the boundary of intPointer */\n        }\n        printIntLine(intPointer[0]);\n        free(intPointer);\n    }\n}",
        "question": "Given that the parameter or function `-1` is modified before the execution of the function `malloc`, evaluate the potential impact on the outcomes of `malloc`. Consider how `-1` could influence `malloc`, including its role as a direct parameter, its effect on controlling conditions, or its indirect impacts through other related variables or system states.",
        "choices": {
            "A": "The change to `-1` directly alters the arguments passed to `malloc`.",
            "B": "There is neither a direct nor a significant indirect relationship between the changes to `-1` and the behavior or output of `malloc`, suggesting no observable impact.",
            "C": "The modification of `-1` might indirectly influence `malloc` by modifying the control statement that controls the behavior of `malloc`.",
            "D": "It is not possible to determine the effect without additional context."
        },
        "answer": "A",
        "distance": 2
    },
    {
        "case_id": 6183,
        "code": "void CWE680_Integer_Overflow_to_Buffer_Overflow__malloc_fgets_01_bad()\n{\n    int data;\n    /* Initialize data */\n    data = -1;\n    {\n        char inputBuffer[CHAR_ARRAY_SIZE] = \"\";\n        /* POTENTIAL FLAW: Read data from the console using fgets() */\n        if (fgets(inputBuffer, CHAR_ARRAY_SIZE, stdin) != NULL)\n        {\n            /* Convert to int */\n            data = atoi(inputBuffer);\n        }\n        else\n        {\n            printLine(\"fgets() failed.\");\n        }\n    }\n    {\n        size_t i;\n        int *intPointer;\n        /* POTENTIAL FLAW: if data * sizeof(int) > SIZE_MAX, overflows to a small value\n         * so that the for loop doing the initialization causes a buffer overflow */\n        intPointer = (int*)malloc(data * sizeof(int));\n        if (intPointer == NULL) {exit(-1);}\n        for (i = 0; i < (size_t)data; i++)\n        {\n            intPointer[i] = 0; /* Potentially writes beyond the boundary of intPointer */\n        }\n        printIntLine(intPointer[0]);\n        free(intPointer);\n    }\n}",
        "question": "Given that the parameter or function `malloc` is modified before the execution of the function `free`, evaluate the potential impact on the outcomes of `free`. Consider how `malloc` could influence `free`, including its role as a direct parameter, its effect on controlling conditions, or its indirect impacts through other related variables or system states.",
        "choices": {
            "A": "The change to `malloc` directly alters the arguments passed to `free`.",
            "B": "There is neither a direct nor a significant indirect relationship between the changes to `malloc` and the behavior or output of `free`, suggesting no observable impact.",
            "C": "The modification of `malloc` might indirectly influence `free` by modifying the control statement that controls the behavior of `free`.",
            "D": "It is not possible to determine the effect without additional context."
        },
        "answer": "A",
        "distance": 1
    },
    {
        "case_id": 6183,
        "code": "void CWE680_Integer_Overflow_to_Buffer_Overflow__malloc_fgets_01_bad()\n{\n    int data;\n    /* Initialize data */\n    data = -1;\n    {\n        char inputBuffer[CHAR_ARRAY_SIZE] = \"\";\n        /* POTENTIAL FLAW: Read data from the console using fgets() */\n        if (fgets(inputBuffer, CHAR_ARRAY_SIZE, stdin) != NULL)\n        {\n            /* Convert to int */\n            data = atoi(inputBuffer);\n        }\n        else\n        {\n            printLine(\"fgets() failed.\");\n        }\n    }\n    {\n        size_t i;\n        int *intPointer;\n        /* POTENTIAL FLAW: if data * sizeof(int) > SIZE_MAX, overflows to a small value\n         * so that the for loop doing the initialization causes a buffer overflow */\n        intPointer = (int*)malloc(data * sizeof(int));\n        if (intPointer == NULL) {exit(-1);}\n        for (i = 0; i < (size_t)data; i++)\n        {\n            intPointer[i] = 0; /* Potentially writes beyond the boundary of intPointer */\n        }\n        printIntLine(intPointer[0]);\n        free(intPointer);\n    }\n}",
        "question": "Given that the parameter or function `intPointer` is modified before the execution of the function `free`, evaluate the potential impact on the outcomes of `free`. Consider how `intPointer` could influence `free`, including its role as a direct parameter, its effect on controlling conditions, or its indirect impacts through other related variables or system states.",
        "choices": {
            "A": "The change to `intPointer` directly alters the arguments passed to `free`.",
            "B": "There is neither a direct nor a significant indirect relationship between the changes to `intPointer` and the behavior or output of `free`, suggesting no observable impact.",
            "C": "The modification of `intPointer` might indirectly influence `free` by modifying the control statement that controls the behavior of `free`.",
            "D": "It is not possible to determine the effect without additional context."
        },
        "answer": "A",
        "distance": 1
    },
    {
        "case_id": 6183,
        "code": "void CWE680_Integer_Overflow_to_Buffer_Overflow__malloc_fgets_01_bad()\n{\n    int data;\n    /* Initialize data */\n    data = -1;\n    {\n        char inputBuffer[CHAR_ARRAY_SIZE] = \"\";\n        /* POTENTIAL FLAW: Read data from the console using fgets() */\n        if (fgets(inputBuffer, CHAR_ARRAY_SIZE, stdin) != NULL)\n        {\n            /* Convert to int */\n            data = atoi(inputBuffer);\n        }\n        else\n        {\n            printLine(\"fgets() failed.\");\n        }\n    }\n    {\n        size_t i;\n        int *intPointer;\n        /* POTENTIAL FLAW: if data * sizeof(int) > SIZE_MAX, overflows to a small value\n         * so that the for loop doing the initialization causes a buffer overflow */\n        intPointer = (int*)malloc(data * sizeof(int));\n        if (intPointer == NULL) {exit(-1);}\n        for (i = 0; i < (size_t)data; i++)\n        {\n            intPointer[i] = 0; /* Potentially writes beyond the boundary of intPointer */\n        }\n        printIntLine(intPointer[0]);\n        free(intPointer);\n    }\n}",
        "question": "Given that the parameter or function `free` is modified before the execution of the function `printLine`, evaluate the potential impact on the outcomes of `printLine`. Consider how `free` could influence `printLine`, including its role as a direct parameter, its effect on controlling conditions, or its indirect impacts through other related variables or system states.",
        "choices": {
            "A": "The change to `free` directly alters the arguments passed to `printLine`.",
            "B": "There is neither a direct nor a significant indirect relationship between the changes to `free` and the behavior or output of `printLine`, suggesting no observable impact.",
            "C": "The modification of `free` might indirectly influence `printLine` by modifying the control statement that controls the behavior of `printLine`.",
            "D": "It is not possible to determine the effect without additional context."
        },
        "answer": "B",
        "distance": 0
    },
    {
        "case_id": 6183,
        "code": "void CWE680_Integer_Overflow_to_Buffer_Overflow__malloc_fgets_01_bad()\n{\n    int data;\n    /* Initialize data */\n    data = -1;\n    {\n        char inputBuffer[CHAR_ARRAY_SIZE] = \"\";\n        /* POTENTIAL FLAW: Read data from the console using fgets() */\n        if (fgets(inputBuffer, CHAR_ARRAY_SIZE, stdin) != NULL)\n        {\n            /* Convert to int */\n            data = atoi(inputBuffer);\n        }\n        else\n        {\n            printLine(\"fgets() failed.\");\n        }\n    }\n    {\n        size_t i;\n        int *intPointer;\n        /* POTENTIAL FLAW: if data * sizeof(int) > SIZE_MAX, overflows to a small value\n         * so that the for loop doing the initialization causes a buffer overflow */\n        intPointer = (int*)malloc(data * sizeof(int));\n        if (intPointer == NULL) {exit(-1);}\n        for (i = 0; i < (size_t)data; i++)\n        {\n            intPointer[i] = 0; /* Potentially writes beyond the boundary of intPointer */\n        }\n        printIntLine(intPointer[0]);\n        free(intPointer);\n    }\n}",
        "question": "Given that the parameter or function `printIntLine` is modified before the execution of the function `printLine`, evaluate the potential impact on the outcomes of `printLine`. Consider how `printIntLine` could influence `printLine`, including its role as a direct parameter, its effect on controlling conditions, or its indirect impacts through other related variables or system states.",
        "choices": {
            "A": "The change to `printIntLine` directly alters the arguments passed to `printLine`.",
            "B": "There is neither a direct nor a significant indirect relationship between the changes to `printIntLine` and the behavior or output of `printLine`, suggesting no observable impact.",
            "C": "The modification of `printIntLine` might indirectly influence `printLine` by modifying the control statement that controls the behavior of `printLine`.",
            "D": "It is not possible to determine the effect without additional context."
        },
        "answer": "B",
        "distance": 0
    },
    {
        "case_id": 6183,
        "code": "void CWE680_Integer_Overflow_to_Buffer_Overflow__malloc_fgets_01_bad()\n{\n    int data;\n    /* Initialize data */\n    data = -1;\n    {\n        char inputBuffer[CHAR_ARRAY_SIZE] = \"\";\n        /* POTENTIAL FLAW: Read data from the console using fgets() */\n        if (fgets(inputBuffer, CHAR_ARRAY_SIZE, stdin) != NULL)\n        {\n            /* Convert to int */\n            data = atoi(inputBuffer);\n        }\n        else\n        {\n            printLine(\"fgets() failed.\");\n        }\n    }\n    {\n        size_t i;\n        int *intPointer;\n        /* POTENTIAL FLAW: if data * sizeof(int) > SIZE_MAX, overflows to a small value\n         * so that the for loop doing the initialization causes a buffer overflow */\n        intPointer = (int*)malloc(data * sizeof(int));\n        if (intPointer == NULL) {exit(-1);}\n        for (i = 0; i < (size_t)data; i++)\n        {\n            intPointer[i] = 0; /* Potentially writes beyond the boundary of intPointer */\n        }\n        printIntLine(intPointer[0]);\n        free(intPointer);\n    }\n}",
        "question": "Given that the parameter or function `atoi` is modified before the execution of the function `printLine`, evaluate the potential impact on the outcomes of `printLine`. Consider how `atoi` could influence `printLine`, including its role as a direct parameter, its effect on controlling conditions, or its indirect impacts through other related variables or system states.",
        "choices": {
            "A": "The change to `atoi` directly alters the arguments passed to `printLine`.",
            "B": "There is neither a direct nor a significant indirect relationship between the changes to `atoi` and the behavior or output of `printLine`, suggesting no observable impact.",
            "C": "The modification of `atoi` might indirectly influence `printLine` by modifying the control statement that controls the behavior of `printLine`.",
            "D": "It is not possible to determine the effect without additional context."
        },
        "answer": "B",
        "distance": 0
    },
    {
        "case_id": 6183,
        "code": "void CWE680_Integer_Overflow_to_Buffer_Overflow__malloc_fgets_01_bad()\n{\n    int data;\n    /* Initialize data */\n    data = -1;\n    {\n        char inputBuffer[CHAR_ARRAY_SIZE] = \"\";\n        /* POTENTIAL FLAW: Read data from the console using fgets() */\n        if (fgets(inputBuffer, CHAR_ARRAY_SIZE, stdin) != NULL)\n        {\n            /* Convert to int */\n            data = atoi(inputBuffer);\n        }\n        else\n        {\n            printLine(\"fgets() failed.\");\n        }\n    }\n    {\n        size_t i;\n        int *intPointer;\n        /* POTENTIAL FLAW: if data * sizeof(int) > SIZE_MAX, overflows to a small value\n         * so that the for loop doing the initialization causes a buffer overflow */\n        intPointer = (int*)malloc(data * sizeof(int));\n        if (intPointer == NULL) {exit(-1);}\n        for (i = 0; i < (size_t)data; i++)\n        {\n            intPointer[i] = 0; /* Potentially writes beyond the boundary of intPointer */\n        }\n        printIntLine(intPointer[0]);\n        free(intPointer);\n    }\n}",
        "question": "Given that the parameter or function `malloc` is modified before the execution of the function `printLine`, evaluate the potential impact on the outcomes of `printLine`. Consider how `malloc` could influence `printLine`, including its role as a direct parameter, its effect on controlling conditions, or its indirect impacts through other related variables or system states.",
        "choices": {
            "A": "The change to `malloc` directly alters the arguments passed to `printLine`.",
            "B": "There is neither a direct nor a significant indirect relationship between the changes to `malloc` and the behavior or output of `printLine`, suggesting no observable impact.",
            "C": "The modification of `malloc` might indirectly influence `printLine` by modifying the control statement that controls the behavior of `printLine`.",
            "D": "It is not possible to determine the effect without additional context."
        },
        "answer": "B",
        "distance": 0
    }
]