[
    {
        "case_id": 2715,
        "code": "void CWE327_Use_Broken_Crypto__w32_3DES_01_bad()\n{\n    {\n        FILE *pFile;\n        HCRYPTPROV hCryptProv;\n        HCRYPTKEY hKey;\n        HCRYPTHASH hHash;\n        char password[100];\n        size_t passwordLen;\n        char toBeDecrypted[100];\n        DWORD toBeDecryptedLen = sizeof(toBeDecrypted)-1;\n        /* Read the password from the console */\n        printLine(\"Enter the password: \");\n        if (fgets(password, 100, stdin) == NULL)\n        {\n            printLine(\"fgets() failed\");\n            /* Restore NUL terminator if fgets fails */\n            password[0] = '\\0';\n        }\n        /* The next 3 lines remove the carriage return from the string that is\n         * inserted by fgets() */\n        passwordLen = strlen(password);\n        if (passwordLen > 0)\n        {\n            password[passwordLen-1] = '\\0';\n        }\n        /* Read the data to be decrypted from a file */\n        pFile = fopen(\"encrypted.txt\", \"rb\");\n        if (pFile == NULL)\n        {\n            exit(1);\n        }\n        if (fread(toBeDecrypted, sizeof(char), 100, pFile) != 100)\n        {\n            fclose(pFile);\n            exit(1);\n        }\n        toBeDecrypted[99] = '\\0';\n        /* Try to get a context with and without a new key set */\n        if(!CryptAcquireContext(&hCryptProv, NULL, MS_ENH_RSA_AES_PROV, PROV_RSA_AES, 0))\n        {\n            if(!CryptAcquireContext(&hCryptProv, NULL, MS_ENH_RSA_AES_PROV, PROV_RSA_AES, CRYPT_NEWKEYSET))\n            {\n                printLine(\"Error in acquiring cryptographic context\");\n                exit(1);\n            }\n        }\n        /* Create Hash handle */\n        if(!CryptCreateHash(hCryptProv, CALG_SHA_256, 0, 0, &hHash))\n        {\n            printLine(\"Error in creating hash\");\n            exit(1);\n        }\n        /* Hash the password */\n        if(!CryptHashData(hHash, (BYTE *) password, passwordLen, 0))\n        {\n            printLine(\"Error in hashing password\");\n            exit(1);\n        }\n        /* Derive a Triple DES key from the Hashed password */\n        if(!CryptDeriveKey(hCryptProv, CALG_3DES, hHash, 0, &hKey))\n        {\n            printLine(\"Error in CryptDeriveKey\");\n            exit(1);\n        }\n        /* FLAW: Decrypt using Triple DES */\n        if(!CryptDecrypt(hKey, 0, 1, 0, (BYTE *)toBeDecrypted, &toBeDecryptedLen))\n        {\n            printLine(\"Error in decryption\");\n            exit(1);\n        }\n        /* Ensure the plaintext is NUL-terminated */\n        toBeDecrypted[toBeDecryptedLen] = '\\0';\n        printLine(toBeDecrypted);\n        /* Cleanup */\n        if (hKey)\n        {\n            CryptDestroyKey(hKey);\n        }\n        if (hHash)\n        {\n            CryptDestroyHash(hHash);\n        }\n        if (hCryptProv)\n        {\n            CryptReleaseContext(hCryptProv, 0);\n        }\n        if (pFile)\n        {\n            fclose(pFile);\n        }\n    }\n}",
        "question": "Given that the parameter or function `password` is modified before the execution of the function `strlen`, evaluate the potential impact on the outcomes of `strlen`. Consider how `password` could influence `strlen`, including its role as a direct parameter, its effect on controlling conditions, or its indirect impacts through other related variables or system states.",
        "choices": {
            "A": "The change to `password` directly alters the arguments passed to `strlen`.",
            "B": "There is neither a direct nor a significant indirect relationship between the changes to `password` and the behavior or output of `strlen`, suggesting no observable impact.",
            "C": "The modification of `password` might indirectly influence `strlen` by modifying the control statement that controls the behavior of `strlen`.",
            "D": "It is not possible to determine the effect without additional context."
        },
        "answer": "A",
        "distance": 1
    },
    {
        "case_id": 2715,
        "code": "void CWE327_Use_Broken_Crypto__w32_3DES_01_bad()\n{\n    {\n        FILE *pFile;\n        HCRYPTPROV hCryptProv;\n        HCRYPTKEY hKey;\n        HCRYPTHASH hHash;\n        char password[100];\n        size_t passwordLen;\n        char toBeDecrypted[100];\n        DWORD toBeDecryptedLen = sizeof(toBeDecrypted)-1;\n        /* Read the password from the console */\n        printLine(\"Enter the password: \");\n        if (fgets(password, 100, stdin) == NULL)\n        {\n            printLine(\"fgets() failed\");\n            /* Restore NUL terminator if fgets fails */\n            password[0] = '\\0';\n        }\n        /* The next 3 lines remove the carriage return from the string that is\n         * inserted by fgets() */\n        passwordLen = strlen(password);\n        if (passwordLen > 0)\n        {\n            password[passwordLen-1] = '\\0';\n        }\n        /* Read the data to be decrypted from a file */\n        pFile = fopen(\"encrypted.txt\", \"rb\");\n        if (pFile == NULL)\n        {\n            exit(1);\n        }\n        if (fread(toBeDecrypted, sizeof(char), 100, pFile) != 100)\n        {\n            fclose(pFile);\n            exit(1);\n        }\n        toBeDecrypted[99] = '\\0';\n        /* Try to get a context with and without a new key set */\n        if(!CryptAcquireContext(&hCryptProv, NULL, MS_ENH_RSA_AES_PROV, PROV_RSA_AES, 0))\n        {\n            if(!CryptAcquireContext(&hCryptProv, NULL, MS_ENH_RSA_AES_PROV, PROV_RSA_AES, CRYPT_NEWKEYSET))\n            {\n                printLine(\"Error in acquiring cryptographic context\");\n                exit(1);\n            }\n        }\n        /* Create Hash handle */\n        if(!CryptCreateHash(hCryptProv, CALG_SHA_256, 0, 0, &hHash))\n        {\n            printLine(\"Error in creating hash\");\n            exit(1);\n        }\n        /* Hash the password */\n        if(!CryptHashData(hHash, (BYTE *) password, passwordLen, 0))\n        {\n            printLine(\"Error in hashing password\");\n            exit(1);\n        }\n        /* Derive a Triple DES key from the Hashed password */\n        if(!CryptDeriveKey(hCryptProv, CALG_3DES, hHash, 0, &hKey))\n        {\n            printLine(\"Error in CryptDeriveKey\");\n            exit(1);\n        }\n        /* FLAW: Decrypt using Triple DES */\n        if(!CryptDecrypt(hKey, 0, 1, 0, (BYTE *)toBeDecrypted, &toBeDecryptedLen))\n        {\n            printLine(\"Error in decryption\");\n            exit(1);\n        }\n        /* Ensure the plaintext is NUL-terminated */\n        toBeDecrypted[toBeDecryptedLen] = '\\0';\n        printLine(toBeDecrypted);\n        /* Cleanup */\n        if (hKey)\n        {\n            CryptDestroyKey(hKey);\n        }\n        if (hHash)\n        {\n            CryptDestroyHash(hHash);\n        }\n        if (hCryptProv)\n        {\n            CryptReleaseContext(hCryptProv, 0);\n        }\n        if (pFile)\n        {\n            fclose(pFile);\n        }\n    }\n}",
        "question": "Given that the parameter or function `hCryptProv` is modified before the execution of the function `CryptReleaseContext`, evaluate the potential impact on the outcomes of `CryptReleaseContext`. Consider how `hCryptProv` could influence `CryptReleaseContext`, including its role as a direct parameter, its effect on controlling conditions, or its indirect impacts through other related variables or system states.",
        "choices": {
            "A": "The change to `hCryptProv` directly alters the arguments passed to `CryptReleaseContext`.",
            "B": "There is neither a direct nor a significant indirect relationship between the changes to `hCryptProv` and the behavior or output of `CryptReleaseContext`, suggesting no observable impact.",
            "C": "The modification of `hCryptProv` might indirectly influence `CryptReleaseContext` by modifying the control statement that controls the behavior of `CryptReleaseContext`.",
            "D": "It is not possible to determine the effect without additional context."
        },
        "answer": "A",
        "distance": 1
    },
    {
        "case_id": 2715,
        "code": "void CWE327_Use_Broken_Crypto__w32_3DES_01_bad()\n{\n    {\n        FILE *pFile;\n        HCRYPTPROV hCryptProv;\n        HCRYPTKEY hKey;\n        HCRYPTHASH hHash;\n        char password[100];\n        size_t passwordLen;\n        char toBeDecrypted[100];\n        DWORD toBeDecryptedLen = sizeof(toBeDecrypted)-1;\n        /* Read the password from the console */\n        printLine(\"Enter the password: \");\n        if (fgets(password, 100, stdin) == NULL)\n        {\n            printLine(\"fgets() failed\");\n            /* Restore NUL terminator if fgets fails */\n            password[0] = '\\0';\n        }\n        /* The next 3 lines remove the carriage return from the string that is\n         * inserted by fgets() */\n        passwordLen = strlen(password);\n        if (passwordLen > 0)\n        {\n            password[passwordLen-1] = '\\0';\n        }\n        /* Read the data to be decrypted from a file */\n        pFile = fopen(\"encrypted.txt\", \"rb\");\n        if (pFile == NULL)\n        {\n            exit(1);\n        }\n        if (fread(toBeDecrypted, sizeof(char), 100, pFile) != 100)\n        {\n            fclose(pFile);\n            exit(1);\n        }\n        toBeDecrypted[99] = '\\0';\n        /* Try to get a context with and without a new key set */\n        if(!CryptAcquireContext(&hCryptProv, NULL, MS_ENH_RSA_AES_PROV, PROV_RSA_AES, 0))\n        {\n            if(!CryptAcquireContext(&hCryptProv, NULL, MS_ENH_RSA_AES_PROV, PROV_RSA_AES, CRYPT_NEWKEYSET))\n            {\n                printLine(\"Error in acquiring cryptographic context\");\n                exit(1);\n            }\n        }\n        /* Create Hash handle */\n        if(!CryptCreateHash(hCryptProv, CALG_SHA_256, 0, 0, &hHash))\n        {\n            printLine(\"Error in creating hash\");\n            exit(1);\n        }\n        /* Hash the password */\n        if(!CryptHashData(hHash, (BYTE *) password, passwordLen, 0))\n        {\n            printLine(\"Error in hashing password\");\n            exit(1);\n        }\n        /* Derive a Triple DES key from the Hashed password */\n        if(!CryptDeriveKey(hCryptProv, CALG_3DES, hHash, 0, &hKey))\n        {\n            printLine(\"Error in CryptDeriveKey\");\n            exit(1);\n        }\n        /* FLAW: Decrypt using Triple DES */\n        if(!CryptDecrypt(hKey, 0, 1, 0, (BYTE *)toBeDecrypted, &toBeDecryptedLen))\n        {\n            printLine(\"Error in decryption\");\n            exit(1);\n        }\n        /* Ensure the plaintext is NUL-terminated */\n        toBeDecrypted[toBeDecryptedLen] = '\\0';\n        printLine(toBeDecrypted);\n        /* Cleanup */\n        if (hKey)\n        {\n            CryptDestroyKey(hKey);\n        }\n        if (hHash)\n        {\n            CryptDestroyHash(hHash);\n        }\n        if (hCryptProv)\n        {\n            CryptReleaseContext(hCryptProv, 0);\n        }\n        if (pFile)\n        {\n            fclose(pFile);\n        }\n    }\n}",
        "question": "Given that the parameter or function `hKey` is modified before the execution of the function `CryptDestroyKey`, evaluate the potential impact on the outcomes of `CryptDestroyKey`. Consider how `hKey` could influence `CryptDestroyKey`, including its role as a direct parameter, its effect on controlling conditions, or its indirect impacts through other related variables or system states.",
        "choices": {
            "A": "The change to `hKey` directly alters the arguments passed to `CryptDestroyKey`.",
            "B": "There is neither a direct nor a significant indirect relationship between the changes to `hKey` and the behavior or output of `CryptDestroyKey`, suggesting no observable impact.",
            "C": "The modification of `hKey` might indirectly influence `CryptDestroyKey` by modifying the control statement that controls the behavior of `CryptDestroyKey`.",
            "D": "It is not possible to determine the effect without additional context."
        },
        "answer": "A",
        "distance": 1
    },
    {
        "case_id": 2715,
        "code": "void CWE327_Use_Broken_Crypto__w32_3DES_01_bad()\n{\n    {\n        FILE *pFile;\n        HCRYPTPROV hCryptProv;\n        HCRYPTKEY hKey;\n        HCRYPTHASH hHash;\n        char password[100];\n        size_t passwordLen;\n        char toBeDecrypted[100];\n        DWORD toBeDecryptedLen = sizeof(toBeDecrypted)-1;\n        /* Read the password from the console */\n        printLine(\"Enter the password: \");\n        if (fgets(password, 100, stdin) == NULL)\n        {\n            printLine(\"fgets() failed\");\n            /* Restore NUL terminator if fgets fails */\n            password[0] = '\\0';\n        }\n        /* The next 3 lines remove the carriage return from the string that is\n         * inserted by fgets() */\n        passwordLen = strlen(password);\n        if (passwordLen > 0)\n        {\n            password[passwordLen-1] = '\\0';\n        }\n        /* Read the data to be decrypted from a file */\n        pFile = fopen(\"encrypted.txt\", \"rb\");\n        if (pFile == NULL)\n        {\n            exit(1);\n        }\n        if (fread(toBeDecrypted, sizeof(char), 100, pFile) != 100)\n        {\n            fclose(pFile);\n            exit(1);\n        }\n        toBeDecrypted[99] = '\\0';\n        /* Try to get a context with and without a new key set */\n        if(!CryptAcquireContext(&hCryptProv, NULL, MS_ENH_RSA_AES_PROV, PROV_RSA_AES, 0))\n        {\n            if(!CryptAcquireContext(&hCryptProv, NULL, MS_ENH_RSA_AES_PROV, PROV_RSA_AES, CRYPT_NEWKEYSET))\n            {\n                printLine(\"Error in acquiring cryptographic context\");\n                exit(1);\n            }\n        }\n        /* Create Hash handle */\n        if(!CryptCreateHash(hCryptProv, CALG_SHA_256, 0, 0, &hHash))\n        {\n            printLine(\"Error in creating hash\");\n            exit(1);\n        }\n        /* Hash the password */\n        if(!CryptHashData(hHash, (BYTE *) password, passwordLen, 0))\n        {\n            printLine(\"Error in hashing password\");\n            exit(1);\n        }\n        /* Derive a Triple DES key from the Hashed password */\n        if(!CryptDeriveKey(hCryptProv, CALG_3DES, hHash, 0, &hKey))\n        {\n            printLine(\"Error in CryptDeriveKey\");\n            exit(1);\n        }\n        /* FLAW: Decrypt using Triple DES */\n        if(!CryptDecrypt(hKey, 0, 1, 0, (BYTE *)toBeDecrypted, &toBeDecryptedLen))\n        {\n            printLine(\"Error in decryption\");\n            exit(1);\n        }\n        /* Ensure the plaintext is NUL-terminated */\n        toBeDecrypted[toBeDecryptedLen] = '\\0';\n        printLine(toBeDecrypted);\n        /* Cleanup */\n        if (hKey)\n        {\n            CryptDestroyKey(hKey);\n        }\n        if (hHash)\n        {\n            CryptDestroyHash(hHash);\n        }\n        if (hCryptProv)\n        {\n            CryptReleaseContext(hCryptProv, 0);\n        }\n        if (pFile)\n        {\n            fclose(pFile);\n        }\n    }\n}",
        "question": "Given that the parameter or function `hHash` is modified before the execution of the function `CryptDestroyHash`, evaluate the potential impact on the outcomes of `CryptDestroyHash`. Consider how `hHash` could influence `CryptDestroyHash`, including its role as a direct parameter, its effect on controlling conditions, or its indirect impacts through other related variables or system states.",
        "choices": {
            "A": "The change to `hHash` directly alters the arguments passed to `CryptDestroyHash`.",
            "B": "There is neither a direct nor a significant indirect relationship between the changes to `hHash` and the behavior or output of `CryptDestroyHash`, suggesting no observable impact.",
            "C": "The modification of `hHash` might indirectly influence `CryptDestroyHash` by modifying the control statement that controls the behavior of `CryptDestroyHash`.",
            "D": "It is not possible to determine the effect without additional context."
        },
        "answer": "A",
        "distance": 1
    },
    {
        "case_id": 2715,
        "code": "void CWE327_Use_Broken_Crypto__w32_3DES_01_bad()\n{\n    {\n        FILE *pFile;\n        HCRYPTPROV hCryptProv;\n        HCRYPTKEY hKey;\n        HCRYPTHASH hHash;\n        char password[100];\n        size_t passwordLen;\n        char toBeDecrypted[100];\n        DWORD toBeDecryptedLen = sizeof(toBeDecrypted)-1;\n        /* Read the password from the console */\n        printLine(\"Enter the password: \");\n        if (fgets(password, 100, stdin) == NULL)\n        {\n            printLine(\"fgets() failed\");\n            /* Restore NUL terminator if fgets fails */\n            password[0] = '\\0';\n        }\n        /* The next 3 lines remove the carriage return from the string that is\n         * inserted by fgets() */\n        passwordLen = strlen(password);\n        if (passwordLen > 0)\n        {\n            password[passwordLen-1] = '\\0';\n        }\n        /* Read the data to be decrypted from a file */\n        pFile = fopen(\"encrypted.txt\", \"rb\");\n        if (pFile == NULL)\n        {\n            exit(1);\n        }\n        if (fread(toBeDecrypted, sizeof(char), 100, pFile) != 100)\n        {\n            fclose(pFile);\n            exit(1);\n        }\n        toBeDecrypted[99] = '\\0';\n        /* Try to get a context with and without a new key set */\n        if(!CryptAcquireContext(&hCryptProv, NULL, MS_ENH_RSA_AES_PROV, PROV_RSA_AES, 0))\n        {\n            if(!CryptAcquireContext(&hCryptProv, NULL, MS_ENH_RSA_AES_PROV, PROV_RSA_AES, CRYPT_NEWKEYSET))\n            {\n                printLine(\"Error in acquiring cryptographic context\");\n                exit(1);\n            }\n        }\n        /* Create Hash handle */\n        if(!CryptCreateHash(hCryptProv, CALG_SHA_256, 0, 0, &hHash))\n        {\n            printLine(\"Error in creating hash\");\n            exit(1);\n        }\n        /* Hash the password */\n        if(!CryptHashData(hHash, (BYTE *) password, passwordLen, 0))\n        {\n            printLine(\"Error in hashing password\");\n            exit(1);\n        }\n        /* Derive a Triple DES key from the Hashed password */\n        if(!CryptDeriveKey(hCryptProv, CALG_3DES, hHash, 0, &hKey))\n        {\n            printLine(\"Error in CryptDeriveKey\");\n            exit(1);\n        }\n        /* FLAW: Decrypt using Triple DES */\n        if(!CryptDecrypt(hKey, 0, 1, 0, (BYTE *)toBeDecrypted, &toBeDecryptedLen))\n        {\n            printLine(\"Error in decryption\");\n            exit(1);\n        }\n        /* Ensure the plaintext is NUL-terminated */\n        toBeDecrypted[toBeDecryptedLen] = '\\0';\n        printLine(toBeDecrypted);\n        /* Cleanup */\n        if (hKey)\n        {\n            CryptDestroyKey(hKey);\n        }\n        if (hHash)\n        {\n            CryptDestroyHash(hHash);\n        }\n        if (hCryptProv)\n        {\n            CryptReleaseContext(hCryptProv, 0);\n        }\n        if (pFile)\n        {\n            fclose(pFile);\n        }\n    }\n}",
        "question": "Given that the parameter or function `CryptReleaseContext` is modified before the execution of the function `strlen`, evaluate the potential impact on the outcomes of `strlen`. Consider how `CryptReleaseContext` could influence `strlen`, including its role as a direct parameter, its effect on controlling conditions, or its indirect impacts through other related variables or system states.",
        "choices": {
            "A": "The change to `CryptReleaseContext` directly alters the arguments passed to `strlen`.",
            "B": "There is neither a direct nor a significant indirect relationship between the changes to `CryptReleaseContext` and the behavior or output of `strlen`, suggesting no observable impact.",
            "C": "The modification of `CryptReleaseContext` might indirectly influence `strlen` by modifying the control statement that controls the behavior of `strlen`.",
            "D": "It is not possible to determine the effect without additional context."
        },
        "answer": "B",
        "distance": 0
    },
    {
        "case_id": 2715,
        "code": "void CWE327_Use_Broken_Crypto__w32_3DES_01_bad()\n{\n    {\n        FILE *pFile;\n        HCRYPTPROV hCryptProv;\n        HCRYPTKEY hKey;\n        HCRYPTHASH hHash;\n        char password[100];\n        size_t passwordLen;\n        char toBeDecrypted[100];\n        DWORD toBeDecryptedLen = sizeof(toBeDecrypted)-1;\n        /* Read the password from the console */\n        printLine(\"Enter the password: \");\n        if (fgets(password, 100, stdin) == NULL)\n        {\n            printLine(\"fgets() failed\");\n            /* Restore NUL terminator if fgets fails */\n            password[0] = '\\0';\n        }\n        /* The next 3 lines remove the carriage return from the string that is\n         * inserted by fgets() */\n        passwordLen = strlen(password);\n        if (passwordLen > 0)\n        {\n            password[passwordLen-1] = '\\0';\n        }\n        /* Read the data to be decrypted from a file */\n        pFile = fopen(\"encrypted.txt\", \"rb\");\n        if (pFile == NULL)\n        {\n            exit(1);\n        }\n        if (fread(toBeDecrypted, sizeof(char), 100, pFile) != 100)\n        {\n            fclose(pFile);\n            exit(1);\n        }\n        toBeDecrypted[99] = '\\0';\n        /* Try to get a context with and without a new key set */\n        if(!CryptAcquireContext(&hCryptProv, NULL, MS_ENH_RSA_AES_PROV, PROV_RSA_AES, 0))\n        {\n            if(!CryptAcquireContext(&hCryptProv, NULL, MS_ENH_RSA_AES_PROV, PROV_RSA_AES, CRYPT_NEWKEYSET))\n            {\n                printLine(\"Error in acquiring cryptographic context\");\n                exit(1);\n            }\n        }\n        /* Create Hash handle */\n        if(!CryptCreateHash(hCryptProv, CALG_SHA_256, 0, 0, &hHash))\n        {\n            printLine(\"Error in creating hash\");\n            exit(1);\n        }\n        /* Hash the password */\n        if(!CryptHashData(hHash, (BYTE *) password, passwordLen, 0))\n        {\n            printLine(\"Error in hashing password\");\n            exit(1);\n        }\n        /* Derive a Triple DES key from the Hashed password */\n        if(!CryptDeriveKey(hCryptProv, CALG_3DES, hHash, 0, &hKey))\n        {\n            printLine(\"Error in CryptDeriveKey\");\n            exit(1);\n        }\n        /* FLAW: Decrypt using Triple DES */\n        if(!CryptDecrypt(hKey, 0, 1, 0, (BYTE *)toBeDecrypted, &toBeDecryptedLen))\n        {\n            printLine(\"Error in decryption\");\n            exit(1);\n        }\n        /* Ensure the plaintext is NUL-terminated */\n        toBeDecrypted[toBeDecryptedLen] = '\\0';\n        printLine(toBeDecrypted);\n        /* Cleanup */\n        if (hKey)\n        {\n            CryptDestroyKey(hKey);\n        }\n        if (hHash)\n        {\n            CryptDestroyHash(hHash);\n        }\n        if (hCryptProv)\n        {\n            CryptReleaseContext(hCryptProv, 0);\n        }\n        if (pFile)\n        {\n            fclose(pFile);\n        }\n    }\n}",
        "question": "Given that the parameter or function `CryptDestroyKey` is modified before the execution of the function `strlen`, evaluate the potential impact on the outcomes of `strlen`. Consider how `CryptDestroyKey` could influence `strlen`, including its role as a direct parameter, its effect on controlling conditions, or its indirect impacts through other related variables or system states.",
        "choices": {
            "A": "The change to `CryptDestroyKey` directly alters the arguments passed to `strlen`.",
            "B": "There is neither a direct nor a significant indirect relationship between the changes to `CryptDestroyKey` and the behavior or output of `strlen`, suggesting no observable impact.",
            "C": "The modification of `CryptDestroyKey` might indirectly influence `strlen` by modifying the control statement that controls the behavior of `strlen`.",
            "D": "It is not possible to determine the effect without additional context."
        },
        "answer": "B",
        "distance": 0
    },
    {
        "case_id": 2715,
        "code": "void CWE327_Use_Broken_Crypto__w32_3DES_01_bad()\n{\n    {\n        FILE *pFile;\n        HCRYPTPROV hCryptProv;\n        HCRYPTKEY hKey;\n        HCRYPTHASH hHash;\n        char password[100];\n        size_t passwordLen;\n        char toBeDecrypted[100];\n        DWORD toBeDecryptedLen = sizeof(toBeDecrypted)-1;\n        /* Read the password from the console */\n        printLine(\"Enter the password: \");\n        if (fgets(password, 100, stdin) == NULL)\n        {\n            printLine(\"fgets() failed\");\n            /* Restore NUL terminator if fgets fails */\n            password[0] = '\\0';\n        }\n        /* The next 3 lines remove the carriage return from the string that is\n         * inserted by fgets() */\n        passwordLen = strlen(password);\n        if (passwordLen > 0)\n        {\n            password[passwordLen-1] = '\\0';\n        }\n        /* Read the data to be decrypted from a file */\n        pFile = fopen(\"encrypted.txt\", \"rb\");\n        if (pFile == NULL)\n        {\n            exit(1);\n        }\n        if (fread(toBeDecrypted, sizeof(char), 100, pFile) != 100)\n        {\n            fclose(pFile);\n            exit(1);\n        }\n        toBeDecrypted[99] = '\\0';\n        /* Try to get a context with and without a new key set */\n        if(!CryptAcquireContext(&hCryptProv, NULL, MS_ENH_RSA_AES_PROV, PROV_RSA_AES, 0))\n        {\n            if(!CryptAcquireContext(&hCryptProv, NULL, MS_ENH_RSA_AES_PROV, PROV_RSA_AES, CRYPT_NEWKEYSET))\n            {\n                printLine(\"Error in acquiring cryptographic context\");\n                exit(1);\n            }\n        }\n        /* Create Hash handle */\n        if(!CryptCreateHash(hCryptProv, CALG_SHA_256, 0, 0, &hHash))\n        {\n            printLine(\"Error in creating hash\");\n            exit(1);\n        }\n        /* Hash the password */\n        if(!CryptHashData(hHash, (BYTE *) password, passwordLen, 0))\n        {\n            printLine(\"Error in hashing password\");\n            exit(1);\n        }\n        /* Derive a Triple DES key from the Hashed password */\n        if(!CryptDeriveKey(hCryptProv, CALG_3DES, hHash, 0, &hKey))\n        {\n            printLine(\"Error in CryptDeriveKey\");\n            exit(1);\n        }\n        /* FLAW: Decrypt using Triple DES */\n        if(!CryptDecrypt(hKey, 0, 1, 0, (BYTE *)toBeDecrypted, &toBeDecryptedLen))\n        {\n            printLine(\"Error in decryption\");\n            exit(1);\n        }\n        /* Ensure the plaintext is NUL-terminated */\n        toBeDecrypted[toBeDecryptedLen] = '\\0';\n        printLine(toBeDecrypted);\n        /* Cleanup */\n        if (hKey)\n        {\n            CryptDestroyKey(hKey);\n        }\n        if (hHash)\n        {\n            CryptDestroyHash(hHash);\n        }\n        if (hCryptProv)\n        {\n            CryptReleaseContext(hCryptProv, 0);\n        }\n        if (pFile)\n        {\n            fclose(pFile);\n        }\n    }\n}",
        "question": "Given that the parameter or function `CryptDestroyHash` is modified before the execution of the function `strlen`, evaluate the potential impact on the outcomes of `strlen`. Consider how `CryptDestroyHash` could influence `strlen`, including its role as a direct parameter, its effect on controlling conditions, or its indirect impacts through other related variables or system states.",
        "choices": {
            "A": "The change to `CryptDestroyHash` directly alters the arguments passed to `strlen`.",
            "B": "There is neither a direct nor a significant indirect relationship between the changes to `CryptDestroyHash` and the behavior or output of `strlen`, suggesting no observable impact.",
            "C": "The modification of `CryptDestroyHash` might indirectly influence `strlen` by modifying the control statement that controls the behavior of `strlen`.",
            "D": "It is not possible to determine the effect without additional context."
        },
        "answer": "B",
        "distance": 0
    },
    {
        "case_id": 2715,
        "code": "void CWE327_Use_Broken_Crypto__w32_3DES_01_bad()\n{\n    {\n        FILE *pFile;\n        HCRYPTPROV hCryptProv;\n        HCRYPTKEY hKey;\n        HCRYPTHASH hHash;\n        char password[100];\n        size_t passwordLen;\n        char toBeDecrypted[100];\n        DWORD toBeDecryptedLen = sizeof(toBeDecrypted)-1;\n        /* Read the password from the console */\n        printLine(\"Enter the password: \");\n        if (fgets(password, 100, stdin) == NULL)\n        {\n            printLine(\"fgets() failed\");\n            /* Restore NUL terminator if fgets fails */\n            password[0] = '\\0';\n        }\n        /* The next 3 lines remove the carriage return from the string that is\n         * inserted by fgets() */\n        passwordLen = strlen(password);\n        if (passwordLen > 0)\n        {\n            password[passwordLen-1] = '\\0';\n        }\n        /* Read the data to be decrypted from a file */\n        pFile = fopen(\"encrypted.txt\", \"rb\");\n        if (pFile == NULL)\n        {\n            exit(1);\n        }\n        if (fread(toBeDecrypted, sizeof(char), 100, pFile) != 100)\n        {\n            fclose(pFile);\n            exit(1);\n        }\n        toBeDecrypted[99] = '\\0';\n        /* Try to get a context with and without a new key set */\n        if(!CryptAcquireContext(&hCryptProv, NULL, MS_ENH_RSA_AES_PROV, PROV_RSA_AES, 0))\n        {\n            if(!CryptAcquireContext(&hCryptProv, NULL, MS_ENH_RSA_AES_PROV, PROV_RSA_AES, CRYPT_NEWKEYSET))\n            {\n                printLine(\"Error in acquiring cryptographic context\");\n                exit(1);\n            }\n        }\n        /* Create Hash handle */\n        if(!CryptCreateHash(hCryptProv, CALG_SHA_256, 0, 0, &hHash))\n        {\n            printLine(\"Error in creating hash\");\n            exit(1);\n        }\n        /* Hash the password */\n        if(!CryptHashData(hHash, (BYTE *) password, passwordLen, 0))\n        {\n            printLine(\"Error in hashing password\");\n            exit(1);\n        }\n        /* Derive a Triple DES key from the Hashed password */\n        if(!CryptDeriveKey(hCryptProv, CALG_3DES, hHash, 0, &hKey))\n        {\n            printLine(\"Error in CryptDeriveKey\");\n            exit(1);\n        }\n        /* FLAW: Decrypt using Triple DES */\n        if(!CryptDecrypt(hKey, 0, 1, 0, (BYTE *)toBeDecrypted, &toBeDecryptedLen))\n        {\n            printLine(\"Error in decryption\");\n            exit(1);\n        }\n        /* Ensure the plaintext is NUL-terminated */\n        toBeDecrypted[toBeDecryptedLen] = '\\0';\n        printLine(toBeDecrypted);\n        /* Cleanup */\n        if (hKey)\n        {\n            CryptDestroyKey(hKey);\n        }\n        if (hHash)\n        {\n            CryptDestroyHash(hHash);\n        }\n        if (hCryptProv)\n        {\n            CryptReleaseContext(hCryptProv, 0);\n        }\n        if (pFile)\n        {\n            fclose(pFile);\n        }\n    }\n}",
        "question": "Given that the parameter or function `fopen` is modified before the execution of the function `strlen`, evaluate the potential impact on the outcomes of `strlen`. Consider how `fopen` could influence `strlen`, including its role as a direct parameter, its effect on controlling conditions, or its indirect impacts through other related variables or system states.",
        "choices": {
            "A": "The change to `fopen` directly alters the arguments passed to `strlen`.",
            "B": "There is neither a direct nor a significant indirect relationship between the changes to `fopen` and the behavior or output of `strlen`, suggesting no observable impact.",
            "C": "The modification of `fopen` might indirectly influence `strlen` by modifying the control statement that controls the behavior of `strlen`.",
            "D": "It is not possible to determine the effect without additional context."
        },
        "answer": "B",
        "distance": 0
    }
]