[
    {
        "case_id": 901,
        "code": "void CWE252_Unchecked_Return_Value__char_snprintf_01_bad()\n{\n    {\n        /* By initializing dataBuffer, we ensure this will not be the\n         * CWE 690 (Unchecked Return Value To NULL Pointer) flaw for fgets() and other variants */\n        char dataBuffer[100] = \"\";\n        char * data = dataBuffer;\n        /* FLAW: Do not check the return value */\n        SNPRINTF(data,100-strlen(SRC)-1, \"%s\\n\", SRC);\n    }\n}",
        "question": "Given that the parameter or function `strlen` is modified before the execution of the function `SNPRINTF`, evaluate the potential impact on the outcomes of `SNPRINTF`. Consider how `strlen` could influence `SNPRINTF`, including its role as a direct parameter, its effect on controlling conditions, or its indirect impacts through other related variables or system states.",
        "choices": {
            "A": "The change to `strlen` directly alters the arguments passed to `SNPRINTF`.",
            "B": "There is neither a direct nor a significant indirect relationship between the changes to `strlen` and the behavior or output of `SNPRINTF`, suggesting no observable impact.",
            "C": "The modification of `strlen` might indirectly influence `SNPRINTF` by modifying the control statement that controls the behavior of `SNPRINTF`.",
            "D": "It is not possible to determine the effect without additional context."
        },
        "answer": "A",
        "distance": 3
    },
    {
        "case_id": 901,
        "code": "void CWE252_Unchecked_Return_Value__char_snprintf_01_bad()\n{\n    {\n        /* By initializing dataBuffer, we ensure this will not be the\n         * CWE 690 (Unchecked Return Value To NULL Pointer) flaw for fgets() and other variants */\n        char dataBuffer[100] = \"\";\n        char * data = dataBuffer;\n        /* FLAW: Do not check the return value */\n        SNPRINTF(data,100-strlen(SRC)-1, \"%s\\n\", SRC);\n    }\n}",
        "question": "Given that the parameter or function `SRC` is modified before the execution of the function `strlen`, evaluate the potential impact on the outcomes of `strlen`. Consider how `SRC` could influence `strlen`, including its role as a direct parameter, its effect on controlling conditions, or its indirect impacts through other related variables or system states.",
        "choices": {
            "A": "The change to `SRC` directly alters the arguments passed to `strlen`.",
            "B": "There is neither a direct nor a significant indirect relationship between the changes to `SRC` and the behavior or output of `strlen`, suggesting no observable impact.",
            "C": "The modification of `SRC` might indirectly influence `strlen` by modifying the control statement that controls the behavior of `strlen`.",
            "D": "It is not possible to determine the effect without additional context."
        },
        "answer": "A",
        "distance": 1
    },
    {
        "case_id": 901,
        "code": "void CWE252_Unchecked_Return_Value__char_snprintf_01_bad()\n{\n    {\n        /* By initializing dataBuffer, we ensure this will not be the\n         * CWE 690 (Unchecked Return Value To NULL Pointer) flaw for fgets() and other variants */\n        char dataBuffer[100] = \"\";\n        char * data = dataBuffer;\n        /* FLAW: Do not check the return value */\n        SNPRINTF(data,100-strlen(SRC)-1, \"%s\\n\", SRC);\n    }\n}",
        "question": "Given that the parameter or function `strlen-1` is modified before the execution of the function `SNPRINTF`, evaluate the potential impact on the outcomes of `SNPRINTF`. Consider how `strlen-1` could influence `SNPRINTF`, including its role as a direct parameter, its effect on controlling conditions, or its indirect impacts through other related variables or system states.",
        "choices": {
            "A": "The change to `strlen-1` directly alters the arguments passed to `SNPRINTF`.",
            "B": "There is neither a direct nor a significant indirect relationship between the changes to `strlen-1` and the behavior or output of `SNPRINTF`, suggesting no observable impact.",
            "C": "The modification of `strlen-1` might indirectly influence `SNPRINTF` by modifying the control statement that controls the behavior of `SNPRINTF`.",
            "D": "It is not possible to determine the effect without additional context."
        },
        "answer": "A",
        "distance": 1
    },
    {
        "case_id": 901,
        "code": "void CWE252_Unchecked_Return_Value__char_snprintf_01_bad()\n{\n    {\n        /* By initializing dataBuffer, we ensure this will not be the\n         * CWE 690 (Unchecked Return Value To NULL Pointer) flaw for fgets() and other variants */\n        char dataBuffer[100] = \"\";\n        char * data = dataBuffer;\n        /* FLAW: Do not check the return value */\n        SNPRINTF(data,100-strlen(SRC)-1, \"%s\\n\", SRC);\n    }\n}",
        "question": "Given that the parameter or function `data` is modified before the execution of the function `SNPRINTF`, evaluate the potential impact on the outcomes of `SNPRINTF`. Consider how `data` could influence `SNPRINTF`, including its role as a direct parameter, its effect on controlling conditions, or its indirect impacts through other related variables or system states.",
        "choices": {
            "A": "The change to `data` directly alters the arguments passed to `SNPRINTF`.",
            "B": "There is neither a direct nor a significant indirect relationship between the changes to `data` and the behavior or output of `SNPRINTF`, suggesting no observable impact.",
            "C": "The modification of `data` might indirectly influence `SNPRINTF` by modifying the control statement that controls the behavior of `SNPRINTF`.",
            "D": "It is not possible to determine the effect without additional context."
        },
        "answer": "A",
        "distance": 1
    },
    {
        "case_id": 901,
        "code": "void CWE252_Unchecked_Return_Value__char_snprintf_01_bad()\n{\n    {\n        /* By initializing dataBuffer, we ensure this will not be the\n         * CWE 690 (Unchecked Return Value To NULL Pointer) flaw for fgets() and other variants */\n        char dataBuffer[100] = \"\";\n        char * data = dataBuffer;\n        /* FLAW: Do not check the return value */\n        SNPRINTF(data,100-strlen(SRC)-1, \"%s\\n\", SRC);\n    }\n}",
        "question": "Given that the parameter or function `SNPRINTF` is modified before the execution of the function `strlen`, evaluate the potential impact on the outcomes of `strlen`. Consider how `SNPRINTF` could influence `strlen`, including its role as a direct parameter, its effect on controlling conditions, or its indirect impacts through other related variables or system states.",
        "choices": {
            "A": "The change to `SNPRINTF` directly alters the arguments passed to `strlen`.",
            "B": "There is neither a direct nor a significant indirect relationship between the changes to `SNPRINTF` and the behavior or output of `strlen`, suggesting no observable impact.",
            "C": "The modification of `SNPRINTF` might indirectly influence `strlen` by modifying the control statement that controls the behavior of `strlen`.",
            "D": "It is not possible to determine the effect without additional context."
        },
        "answer": "B",
        "distance": 0
    },
    {
        "case_id": 901,
        "code": "void CWE252_Unchecked_Return_Value__char_snprintf_01_bad()\n{\n    {\n        /* By initializing dataBuffer, we ensure this will not be the\n         * CWE 690 (Unchecked Return Value To NULL Pointer) flaw for fgets() and other variants */\n        char dataBuffer[100] = \"\";\n        char * data = dataBuffer;\n        /* FLAW: Do not check the return value */\n        SNPRINTF(data,100-strlen(SRC)-1, \"%s\\n\", SRC);\n    }\n}",
        "question": "Given that the parameter or function `strlen-1` is modified before the execution of the function `strlen`, evaluate the potential impact on the outcomes of `strlen`. Consider how `strlen-1` could influence `strlen`, including its role as a direct parameter, its effect on controlling conditions, or its indirect impacts through other related variables or system states.",
        "choices": {
            "A": "The change to `strlen-1` directly alters the arguments passed to `strlen`.",
            "B": "There is neither a direct nor a significant indirect relationship between the changes to `strlen-1` and the behavior or output of `strlen`, suggesting no observable impact.",
            "C": "The modification of `strlen-1` might indirectly influence `strlen` by modifying the control statement that controls the behavior of `strlen`.",
            "D": "It is not possible to determine the effect without additional context."
        },
        "answer": "B",
        "distance": 0
    },
    {
        "case_id": 901,
        "code": "void CWE252_Unchecked_Return_Value__char_snprintf_01_bad()\n{\n    {\n        /* By initializing dataBuffer, we ensure this will not be the\n         * CWE 690 (Unchecked Return Value To NULL Pointer) flaw for fgets() and other variants */\n        char dataBuffer[100] = \"\";\n        char * data = dataBuffer;\n        /* FLAW: Do not check the return value */\n        SNPRINTF(data,100-strlen(SRC)-1, \"%s\\n\", SRC);\n    }\n}",
        "question": "Given that the parameter or function `data` is modified before the execution of the function `strlen`, evaluate the potential impact on the outcomes of `strlen`. Consider how `data` could influence `strlen`, including its role as a direct parameter, its effect on controlling conditions, or its indirect impacts through other related variables or system states.",
        "choices": {
            "A": "The change to `data` directly alters the arguments passed to `strlen`.",
            "B": "There is neither a direct nor a significant indirect relationship between the changes to `data` and the behavior or output of `strlen`, suggesting no observable impact.",
            "C": "The modification of `data` might indirectly influence `strlen` by modifying the control statement that controls the behavior of `strlen`.",
            "D": "It is not possible to determine the effect without additional context."
        },
        "answer": "B",
        "distance": 0
    },
    {
        "case_id": 901,
        "code": "void CWE252_Unchecked_Return_Value__char_snprintf_01_bad()\n{\n    {\n        /* By initializing dataBuffer, we ensure this will not be the\n         * CWE 690 (Unchecked Return Value To NULL Pointer) flaw for fgets() and other variants */\n        char dataBuffer[100] = \"\";\n        char * data = dataBuffer;\n        /* FLAW: Do not check the return value */\n        SNPRINTF(data,100-strlen(SRC)-1, \"%s\\n\", SRC);\n    }\n}",
        "question": "Given that the parameter or function `dataBuffer` is modified before the execution of the function `strlen`, evaluate the potential impact on the outcomes of `strlen`. Consider how `dataBuffer` could influence `strlen`, including its role as a direct parameter, its effect on controlling conditions, or its indirect impacts through other related variables or system states.",
        "choices": {
            "A": "The change to `dataBuffer` directly alters the arguments passed to `strlen`.",
            "B": "There is neither a direct nor a significant indirect relationship between the changes to `dataBuffer` and the behavior or output of `strlen`, suggesting no observable impact.",
            "C": "The modification of `dataBuffer` might indirectly influence `strlen` by modifying the control statement that controls the behavior of `strlen`.",
            "D": "It is not possible to determine the effect without additional context."
        },
        "answer": "B",
        "distance": 0
    }
]