[
    {
        "case_id": 7083,
        "code": "void CWE773_Missing_Reference_to_Active_File_Descriptor_or_Handle__w32CreateFile_01_bad()\n{\n    HANDLE data;\n    /* Initialize data */\n    data = INVALID_HANDLE_VALUE;\n    /* POTENTIAL FLAW: Create a file handle using CreateFile() that may not be closed properly */\n    data = CreateFile(\"BadSource_w32CreateFile.txt\",\n                      (GENERIC_WRITE|GENERIC_READ),\n                      0,\n                      NULL,\n                      OPEN_ALWAYS,\n                      FILE_ATTRIBUTE_NORMAL,\n                      NULL);\n    /* FLAW: Point data to another file handle without closing the handle from the source */\n    data = CreateFile(\"BadSink_w32CreateFile.txt\",\n                      (GENERIC_WRITE|GENERIC_READ),\n                      0,\n                      NULL,\n                      OPEN_ALWAYS,\n                      FILE_ATTRIBUTE_NORMAL,\n                      NULL);\n    /* avoid incidental for not closing the file handle */\n    if (data != INVALID_HANDLE_VALUE)\n    {\n        CloseHandle(data);\n    }\n}",
        "question": "Given that the parameter or function `data` is modified before the execution of the function `CloseHandle`, evaluate the potential impact on the outcomes of `CloseHandle`. Consider how `data` could influence `CloseHandle`, including its role as a direct parameter, its effect on controlling conditions, or its indirect impacts through other related variables or system states.",
        "choices": {
            "A": "The change to `data` directly alters the arguments passed to `CloseHandle`.",
            "B": "There is neither a direct nor a significant indirect relationship between the changes to `data` and the behavior or output of `CloseHandle`, suggesting no observable impact.",
            "C": "The modification of `data` might indirectly influence `CloseHandle` by modifying the control statement that controls the behavior of `CloseHandle`.",
            "D": "It is not possible to determine the effect without additional context."
        },
        "answer": "A",
        "distance": 1
    },
    {
        "case_id": 7083,
        "code": "void CWE773_Missing_Reference_to_Active_File_Descriptor_or_Handle__w32CreateFile_01_bad()\n{\n    HANDLE data;\n    /* Initialize data */\n    data = INVALID_HANDLE_VALUE;\n    /* POTENTIAL FLAW: Create a file handle using CreateFile() that may not be closed properly */\n    data = CreateFile(\"BadSource_w32CreateFile.txt\",\n                      (GENERIC_WRITE|GENERIC_READ),\n                      0,\n                      NULL,\n                      OPEN_ALWAYS,\n                      FILE_ATTRIBUTE_NORMAL,\n                      NULL);\n    /* FLAW: Point data to another file handle without closing the handle from the source */\n    data = CreateFile(\"BadSink_w32CreateFile.txt\",\n                      (GENERIC_WRITE|GENERIC_READ),\n                      0,\n                      NULL,\n                      OPEN_ALWAYS,\n                      FILE_ATTRIBUTE_NORMAL,\n                      NULL);\n    /* avoid incidental for not closing the file handle */\n    if (data != INVALID_HANDLE_VALUE)\n    {\n        CloseHandle(data);\n    }\n}",
        "question": "Given that the parameter or function `GENERIC_WRITE` is modified before the execution of the function `CloseHandle`, evaluate the potential impact on the outcomes of `CloseHandle`. Consider how `GENERIC_WRITE` could influence `CloseHandle`, including its role as a direct parameter, its effect on controlling conditions, or its indirect impacts through other related variables or system states.",
        "choices": {
            "A": "The change to `GENERIC_WRITE` directly alters the arguments passed to `CloseHandle`.",
            "B": "There is neither a direct nor a significant indirect relationship between the changes to `GENERIC_WRITE` and the behavior or output of `CloseHandle`, suggesting no observable impact.",
            "C": "The modification of `GENERIC_WRITE` might indirectly influence `CloseHandle` by modifying the control statement that controls the behavior of `CloseHandle`.",
            "D": "It is not possible to determine the effect without additional context."
        },
        "answer": "A, C",
        "distance": 1
    },
    {
        "case_id": 7083,
        "code": "void CWE773_Missing_Reference_to_Active_File_Descriptor_or_Handle__w32CreateFile_01_bad()\n{\n    HANDLE data;\n    /* Initialize data */\n    data = INVALID_HANDLE_VALUE;\n    /* POTENTIAL FLAW: Create a file handle using CreateFile() that may not be closed properly */\n    data = CreateFile(\"BadSource_w32CreateFile.txt\",\n                      (GENERIC_WRITE|GENERIC_READ),\n                      0,\n                      NULL,\n                      OPEN_ALWAYS,\n                      FILE_ATTRIBUTE_NORMAL,\n                      NULL);\n    /* FLAW: Point data to another file handle without closing the handle from the source */\n    data = CreateFile(\"BadSink_w32CreateFile.txt\",\n                      (GENERIC_WRITE|GENERIC_READ),\n                      0,\n                      NULL,\n                      OPEN_ALWAYS,\n                      FILE_ATTRIBUTE_NORMAL,\n                      NULL);\n    /* avoid incidental for not closing the file handle */\n    if (data != INVALID_HANDLE_VALUE)\n    {\n        CloseHandle(data);\n    }\n}",
        "question": "Given that the parameter or function `FILE_ATTRIBUTE_NORMAL` is modified before the execution of the function `CloseHandle`, evaluate the potential impact on the outcomes of `CloseHandle`. Consider how `FILE_ATTRIBUTE_NORMAL` could influence `CloseHandle`, including its role as a direct parameter, its effect on controlling conditions, or its indirect impacts through other related variables or system states.",
        "choices": {
            "A": "The change to `FILE_ATTRIBUTE_NORMAL` directly alters the arguments passed to `CloseHandle`.",
            "B": "There is neither a direct nor a significant indirect relationship between the changes to `FILE_ATTRIBUTE_NORMAL` and the behavior or output of `CloseHandle`, suggesting no observable impact.",
            "C": "The modification of `FILE_ATTRIBUTE_NORMAL` might indirectly influence `CloseHandle` by modifying the control statement that controls the behavior of `CloseHandle`.",
            "D": "It is not possible to determine the effect without additional context."
        },
        "answer": "A, C",
        "distance": 1
    },
    {
        "case_id": 7083,
        "code": "void CWE773_Missing_Reference_to_Active_File_Descriptor_or_Handle__w32CreateFile_01_bad()\n{\n    HANDLE data;\n    /* Initialize data */\n    data = INVALID_HANDLE_VALUE;\n    /* POTENTIAL FLAW: Create a file handle using CreateFile() that may not be closed properly */\n    data = CreateFile(\"BadSource_w32CreateFile.txt\",\n                      (GENERIC_WRITE|GENERIC_READ),\n                      0,\n                      NULL,\n                      OPEN_ALWAYS,\n                      FILE_ATTRIBUTE_NORMAL,\n                      NULL);\n    /* FLAW: Point data to another file handle without closing the handle from the source */\n    data = CreateFile(\"BadSink_w32CreateFile.txt\",\n                      (GENERIC_WRITE|GENERIC_READ),\n                      0,\n                      NULL,\n                      OPEN_ALWAYS,\n                      FILE_ATTRIBUTE_NORMAL,\n                      NULL);\n    /* avoid incidental for not closing the file handle */\n    if (data != INVALID_HANDLE_VALUE)\n    {\n        CloseHandle(data);\n    }\n}",
        "question": "Given that the parameter or function `INVALID_HANDLE_VALUE` is modified before the execution of the function `CloseHandle`, evaluate the potential impact on the outcomes of `CloseHandle`. Consider how `INVALID_HANDLE_VALUE` could influence `CloseHandle`, including its role as a direct parameter, its effect on controlling conditions, or its indirect impacts through other related variables or system states.",
        "choices": {
            "A": "The change to `INVALID_HANDLE_VALUE` directly alters the arguments passed to `CloseHandle`.",
            "B": "There is neither a direct nor a significant indirect relationship between the changes to `INVALID_HANDLE_VALUE` and the behavior or output of `CloseHandle`, suggesting no observable impact.",
            "C": "The modification of `INVALID_HANDLE_VALUE` might indirectly influence `CloseHandle` by modifying the control statement that controls the behavior of `CloseHandle`.",
            "D": "It is not possible to determine the effect without additional context."
        },
        "answer": "A, C",
        "distance": 1
    },
    {
        "case_id": 7083,
        "code": "void CWE773_Missing_Reference_to_Active_File_Descriptor_or_Handle__w32CreateFile_01_bad()\n{\n    HANDLE data;\n    /* Initialize data */\n    data = INVALID_HANDLE_VALUE;\n    /* POTENTIAL FLAW: Create a file handle using CreateFile() that may not be closed properly */\n    data = CreateFile(\"BadSource_w32CreateFile.txt\",\n                      (GENERIC_WRITE|GENERIC_READ),\n                      0,\n                      NULL,\n                      OPEN_ALWAYS,\n                      FILE_ATTRIBUTE_NORMAL,\n                      NULL);\n    /* FLAW: Point data to another file handle without closing the handle from the source */\n    data = CreateFile(\"BadSink_w32CreateFile.txt\",\n                      (GENERIC_WRITE|GENERIC_READ),\n                      0,\n                      NULL,\n                      OPEN_ALWAYS,\n                      FILE_ATTRIBUTE_NORMAL,\n                      NULL);\n    /* avoid incidental for not closing the file handle */\n    if (data != INVALID_HANDLE_VALUE)\n    {\n        CloseHandle(data);\n    }\n}",
        "question": "Given that the parameter or function `CreateFile` is modified before the execution of the function `CloseHandle`, evaluate the potential impact on the outcomes of `CloseHandle`. Consider how `CreateFile` could influence `CloseHandle`, including its role as a direct parameter, its effect on controlling conditions, or its indirect impacts through other related variables or system states.",
        "choices": {
            "A": "The change to `CreateFile` directly alters the arguments passed to `CloseHandle`.",
            "B": "There is neither a direct nor a significant indirect relationship between the changes to `CreateFile` and the behavior or output of `CloseHandle`, suggesting no observable impact.",
            "C": "The modification of `CreateFile` might indirectly influence `CloseHandle` by modifying the control statement that controls the behavior of `CloseHandle`.",
            "D": "It is not possible to determine the effect without additional context."
        },
        "answer": "A, C",
        "distance": 1
    }
]