[
    {
        "case_id": 2851,
        "code": "void CWE366_Race_Condition_Within_Thread__global_int_01_bad()\n{\n    {\n        stdThread threadA = NULL;\n        stdThread threadB = NULL;\n        gBadInt = 0;\n        if (!stdThreadCreate(helperBad, NULL, &threadA))\n        {\n            threadA = NULL;\n        }\n        if (!stdThreadCreate(helperBad, NULL, &threadB))\n        {\n            threadB = NULL;\n        }\n        if (threadA && stdThreadJoin(threadA))\n        {\n            stdThreadDestroy(threadA);\n        }\n        if (threadB && stdThreadJoin(threadB))\n        {\n            stdThreadDestroy(threadB);\n        }\n        printIntLine(gBadInt);\n    }\n}",
        "question": "Given that the parameter or function `gBadInt` is modified before the execution of the function `printIntLine`, evaluate the potential impact on the outcomes of `printIntLine`. Consider how `gBadInt` could influence `printIntLine`, including its role as a direct parameter, its effect on controlling conditions, or its indirect impacts through other related variables or system states.",
        "choices": {
            "A": "The change to `gBadInt` directly alters the arguments passed to `printIntLine`.",
            "B": "There is neither a direct nor a significant indirect relationship between the changes to `gBadInt` and the behavior or output of `printIntLine`, suggesting no observable impact.",
            "C": "The modification of `gBadInt` might indirectly influence `printIntLine` by modifying the control statement that controls the behavior of `printIntLine`.",
            "D": "It is not possible to determine the effect without additional context."
        },
        "answer": "A",
        "distance": 1
    },
    {
        "case_id": 2851,
        "code": "void CWE366_Race_Condition_Within_Thread__global_int_01_bad()\n{\n    {\n        stdThread threadA = NULL;\n        stdThread threadB = NULL;\n        gBadInt = 0;\n        if (!stdThreadCreate(helperBad, NULL, &threadA))\n        {\n            threadA = NULL;\n        }\n        if (!stdThreadCreate(helperBad, NULL, &threadB))\n        {\n            threadB = NULL;\n        }\n        if (threadA && stdThreadJoin(threadA))\n        {\n            stdThreadDestroy(threadA);\n        }\n        if (threadB && stdThreadJoin(threadB))\n        {\n            stdThreadDestroy(threadB);\n        }\n        printIntLine(gBadInt);\n    }\n}",
        "question": "Given that the parameter or function `stdThreadDestroy` is modified before the execution of the function `printIntLine`, evaluate the potential impact on the outcomes of `printIntLine`. Consider how `stdThreadDestroy` could influence `printIntLine`, including its role as a direct parameter, its effect on controlling conditions, or its indirect impacts through other related variables or system states.",
        "choices": {
            "A": "The change to `stdThreadDestroy` directly alters the arguments passed to `printIntLine`.",
            "B": "There is neither a direct nor a significant indirect relationship between the changes to `stdThreadDestroy` and the behavior or output of `printIntLine`, suggesting no observable impact.",
            "C": "The modification of `stdThreadDestroy` might indirectly influence `printIntLine` by modifying the control statement that controls the behavior of `printIntLine`.",
            "D": "It is not possible to determine the effect without additional context."
        },
        "answer": "B",
        "distance": 0
    },
    {
        "case_id": 2851,
        "code": "void CWE366_Race_Condition_Within_Thread__global_int_01_bad()\n{\n    {\n        stdThread threadA = NULL;\n        stdThread threadB = NULL;\n        gBadInt = 0;\n        if (!stdThreadCreate(helperBad, NULL, &threadA))\n        {\n            threadA = NULL;\n        }\n        if (!stdThreadCreate(helperBad, NULL, &threadB))\n        {\n            threadB = NULL;\n        }\n        if (threadA && stdThreadJoin(threadA))\n        {\n            stdThreadDestroy(threadA);\n        }\n        if (threadB && stdThreadJoin(threadB))\n        {\n            stdThreadDestroy(threadB);\n        }\n        printIntLine(gBadInt);\n    }\n}",
        "question": "Given that the parameter or function `threadB` is modified before the execution of the function `printIntLine`, evaluate the potential impact on the outcomes of `printIntLine`. Consider how `threadB` could influence `printIntLine`, including its role as a direct parameter, its effect on controlling conditions, or its indirect impacts through other related variables or system states.",
        "choices": {
            "A": "The change to `threadB` directly alters the arguments passed to `printIntLine`.",
            "B": "There is neither a direct nor a significant indirect relationship between the changes to `threadB` and the behavior or output of `printIntLine`, suggesting no observable impact.",
            "C": "The modification of `threadB` might indirectly influence `printIntLine` by modifying the control statement that controls the behavior of `printIntLine`.",
            "D": "It is not possible to determine the effect without additional context."
        },
        "answer": "B",
        "distance": 0
    },
    {
        "case_id": 2851,
        "code": "void CWE366_Race_Condition_Within_Thread__global_int_01_bad()\n{\n    {\n        stdThread threadA = NULL;\n        stdThread threadB = NULL;\n        gBadInt = 0;\n        if (!stdThreadCreate(helperBad, NULL, &threadA))\n        {\n            threadA = NULL;\n        }\n        if (!stdThreadCreate(helperBad, NULL, &threadB))\n        {\n            threadB = NULL;\n        }\n        if (threadA && stdThreadJoin(threadA))\n        {\n            stdThreadDestroy(threadA);\n        }\n        if (threadB && stdThreadJoin(threadB))\n        {\n            stdThreadDestroy(threadB);\n        }\n        printIntLine(gBadInt);\n    }\n}",
        "question": "Given that the parameter or function `threadA` is modified before the execution of the function `printIntLine`, evaluate the potential impact on the outcomes of `printIntLine`. Consider how `threadA` could influence `printIntLine`, including its role as a direct parameter, its effect on controlling conditions, or its indirect impacts through other related variables or system states.",
        "choices": {
            "A": "The change to `threadA` directly alters the arguments passed to `printIntLine`.",
            "B": "There is neither a direct nor a significant indirect relationship between the changes to `threadA` and the behavior or output of `printIntLine`, suggesting no observable impact.",
            "C": "The modification of `threadA` might indirectly influence `printIntLine` by modifying the control statement that controls the behavior of `printIntLine`.",
            "D": "It is not possible to determine the effect without additional context."
        },
        "answer": "B",
        "distance": 0
    }
]