[
    {
        "case_id": 986,
        "code": "void CWE252_Unchecked_Return_Value__wchar_t_fgets_01_bad()\n{\n    {\n        /* By initializing dataBuffer, we ensure this will not be the\n         * CWE 690 (Unchecked Return Value To NULL Pointer) flaw for fgetws() and other variants */\n        wchar_t dataBuffer[100] = L\"\";\n        wchar_t * data = dataBuffer;\n        printLine(\"Please enter a string: \");\n        /* FLAW: Do not check the return value */\n        fgetws(data, 100, stdin);\n        printWLine(data);\n    }\n}",
        "question": "Given that the parameter or function `stdin` is modified before the execution of the function `printWLine`, evaluate the potential impact on the outcomes of `printWLine`. Consider how `stdin` could influence `printWLine`, including its role as a direct parameter, its effect on controlling conditions, or its indirect impacts through other related variables or system states.",
        "choices": {
            "A": "The change to `stdin` directly alters the arguments passed to `printWLine`.",
            "B": "There is neither a direct nor a significant indirect relationship between the changes to `stdin` and the behavior or output of `printWLine`, suggesting no observable impact.",
            "C": "The modification of `stdin` might indirectly influence `printWLine` by modifying the control statement that controls the behavior of `printWLine`.",
            "D": "It is not possible to determine the effect without additional context."
        },
        "answer": "A",
        "distance": 2
    },
    {
        "case_id": 986,
        "code": "void CWE252_Unchecked_Return_Value__wchar_t_fgets_01_bad()\n{\n    {\n        /* By initializing dataBuffer, we ensure this will not be the\n         * CWE 690 (Unchecked Return Value To NULL Pointer) flaw for fgetws() and other variants */\n        wchar_t dataBuffer[100] = L\"\";\n        wchar_t * data = dataBuffer;\n        printLine(\"Please enter a string: \");\n        /* FLAW: Do not check the return value */\n        fgetws(data, 100, stdin);\n        printWLine(data);\n    }\n}",
        "question": "Given that the parameter or function `fgetws` is modified before the execution of the function `printWLine`, evaluate the potential impact on the outcomes of `printWLine`. Consider how `fgetws` could influence `printWLine`, including its role as a direct parameter, its effect on controlling conditions, or its indirect impacts through other related variables or system states.",
        "choices": {
            "A": "The change to `fgetws` directly alters the arguments passed to `printWLine`.",
            "B": "There is neither a direct nor a significant indirect relationship between the changes to `fgetws` and the behavior or output of `printWLine`, suggesting no observable impact.",
            "C": "The modification of `fgetws` might indirectly influence `printWLine` by modifying the control statement that controls the behavior of `printWLine`.",
            "D": "It is not possible to determine the effect without additional context."
        },
        "answer": "A",
        "distance": 1
    },
    {
        "case_id": 986,
        "code": "void CWE252_Unchecked_Return_Value__wchar_t_fgets_01_bad()\n{\n    {\n        /* By initializing dataBuffer, we ensure this will not be the\n         * CWE 690 (Unchecked Return Value To NULL Pointer) flaw for fgetws() and other variants */\n        wchar_t dataBuffer[100] = L\"\";\n        wchar_t * data = dataBuffer;\n        printLine(\"Please enter a string: \");\n        /* FLAW: Do not check the return value */\n        fgetws(data, 100, stdin);\n        printWLine(data);\n    }\n}",
        "question": "Given that the parameter or function `data` is modified before the execution of the function `printWLine`, evaluate the potential impact on the outcomes of `printWLine`. Consider how `data` could influence `printWLine`, including its role as a direct parameter, its effect on controlling conditions, or its indirect impacts through other related variables or system states.",
        "choices": {
            "A": "The change to `data` directly alters the arguments passed to `printWLine`.",
            "B": "There is neither a direct nor a significant indirect relationship between the changes to `data` and the behavior or output of `printWLine`, suggesting no observable impact.",
            "C": "The modification of `data` might indirectly influence `printWLine` by modifying the control statement that controls the behavior of `printWLine`.",
            "D": "It is not possible to determine the effect without additional context."
        },
        "answer": "A",
        "distance": 1
    },
    {
        "case_id": 986,
        "code": "void CWE252_Unchecked_Return_Value__wchar_t_fgets_01_bad()\n{\n    {\n        /* By initializing dataBuffer, we ensure this will not be the\n         * CWE 690 (Unchecked Return Value To NULL Pointer) flaw for fgetws() and other variants */\n        wchar_t dataBuffer[100] = L\"\";\n        wchar_t * data = dataBuffer;\n        printLine(\"Please enter a string: \");\n        /* FLAW: Do not check the return value */\n        fgetws(data, 100, stdin);\n        printWLine(data);\n    }\n}",
        "question": "Given that the parameter or function `dataBuffer` is modified before the execution of the function `printWLine`, evaluate the potential impact on the outcomes of `printWLine`. Consider how `dataBuffer` could influence `printWLine`, including its role as a direct parameter, its effect on controlling conditions, or its indirect impacts through other related variables or system states.",
        "choices": {
            "A": "The change to `dataBuffer` directly alters the arguments passed to `printWLine`.",
            "B": "There is neither a direct nor a significant indirect relationship between the changes to `dataBuffer` and the behavior or output of `printWLine`, suggesting no observable impact.",
            "C": "The modification of `dataBuffer` might indirectly influence `printWLine` by modifying the control statement that controls the behavior of `printWLine`.",
            "D": "It is not possible to determine the effect without additional context."
        },
        "answer": "A",
        "distance": 1
    },
    {
        "case_id": 986,
        "code": "void CWE252_Unchecked_Return_Value__wchar_t_fgets_01_bad()\n{\n    {\n        /* By initializing dataBuffer, we ensure this will not be the\n         * CWE 690 (Unchecked Return Value To NULL Pointer) flaw for fgetws() and other variants */\n        wchar_t dataBuffer[100] = L\"\";\n        wchar_t * data = dataBuffer;\n        printLine(\"Please enter a string: \");\n        /* FLAW: Do not check the return value */\n        fgetws(data, 100, stdin);\n        printWLine(data);\n    }\n}",
        "question": "Given that the parameter or function `printLine` is modified before the execution of the function `printWLine`, evaluate the potential impact on the outcomes of `printWLine`. Consider how `printLine` could influence `printWLine`, including its role as a direct parameter, its effect on controlling conditions, or its indirect impacts through other related variables or system states.",
        "choices": {
            "A": "The change to `printLine` directly alters the arguments passed to `printWLine`.",
            "B": "There is neither a direct nor a significant indirect relationship between the changes to `printLine` and the behavior or output of `printWLine`, suggesting no observable impact.",
            "C": "The modification of `printLine` might indirectly influence `printWLine` by modifying the control statement that controls the behavior of `printWLine`.",
            "D": "It is not possible to determine the effect without additional context."
        },
        "answer": "B",
        "distance": 0
    },
    {
        "case_id": 986,
        "code": "void CWE252_Unchecked_Return_Value__wchar_t_fgets_01_bad()\n{\n    {\n        /* By initializing dataBuffer, we ensure this will not be the\n         * CWE 690 (Unchecked Return Value To NULL Pointer) flaw for fgetws() and other variants */\n        wchar_t dataBuffer[100] = L\"\";\n        wchar_t * data = dataBuffer;\n        printLine(\"Please enter a string: \");\n        /* FLAW: Do not check the return value */\n        fgetws(data, 100, stdin);\n        printWLine(data);\n    }\n}",
        "question": "Given that the parameter or function `printWLine` is modified before the execution of the function `printLine`, evaluate the potential impact on the outcomes of `printLine`. Consider how `printWLine` could influence `printLine`, including its role as a direct parameter, its effect on controlling conditions, or its indirect impacts through other related variables or system states.",
        "choices": {
            "A": "The change to `printWLine` directly alters the arguments passed to `printLine`.",
            "B": "There is neither a direct nor a significant indirect relationship between the changes to `printWLine` and the behavior or output of `printLine`, suggesting no observable impact.",
            "C": "The modification of `printWLine` might indirectly influence `printLine` by modifying the control statement that controls the behavior of `printLine`.",
            "D": "It is not possible to determine the effect without additional context."
        },
        "answer": "B",
        "distance": 0
    },
    {
        "case_id": 986,
        "code": "void CWE252_Unchecked_Return_Value__wchar_t_fgets_01_bad()\n{\n    {\n        /* By initializing dataBuffer, we ensure this will not be the\n         * CWE 690 (Unchecked Return Value To NULL Pointer) flaw for fgetws() and other variants */\n        wchar_t dataBuffer[100] = L\"\";\n        wchar_t * data = dataBuffer;\n        printLine(\"Please enter a string: \");\n        /* FLAW: Do not check the return value */\n        fgetws(data, 100, stdin);\n        printWLine(data);\n    }\n}",
        "question": "Given that the parameter or function `fgetws` is modified before the execution of the function `printLine`, evaluate the potential impact on the outcomes of `printLine`. Consider how `fgetws` could influence `printLine`, including its role as a direct parameter, its effect on controlling conditions, or its indirect impacts through other related variables or system states.",
        "choices": {
            "A": "The change to `fgetws` directly alters the arguments passed to `printLine`.",
            "B": "There is neither a direct nor a significant indirect relationship between the changes to `fgetws` and the behavior or output of `printLine`, suggesting no observable impact.",
            "C": "The modification of `fgetws` might indirectly influence `printLine` by modifying the control statement that controls the behavior of `printLine`.",
            "D": "It is not possible to determine the effect without additional context."
        },
        "answer": "B",
        "distance": 0
    },
    {
        "case_id": 986,
        "code": "void CWE252_Unchecked_Return_Value__wchar_t_fgets_01_bad()\n{\n    {\n        /* By initializing dataBuffer, we ensure this will not be the\n         * CWE 690 (Unchecked Return Value To NULL Pointer) flaw for fgetws() and other variants */\n        wchar_t dataBuffer[100] = L\"\";\n        wchar_t * data = dataBuffer;\n        printLine(\"Please enter a string: \");\n        /* FLAW: Do not check the return value */\n        fgetws(data, 100, stdin);\n        printWLine(data);\n    }\n}",
        "question": "Given that the parameter or function `data` is modified before the execution of the function `printLine`, evaluate the potential impact on the outcomes of `printLine`. Consider how `data` could influence `printLine`, including its role as a direct parameter, its effect on controlling conditions, or its indirect impacts through other related variables or system states.",
        "choices": {
            "A": "The change to `data` directly alters the arguments passed to `printLine`.",
            "B": "There is neither a direct nor a significant indirect relationship between the changes to `data` and the behavior or output of `printLine`, suggesting no observable impact.",
            "C": "The modification of `data` might indirectly influence `printLine` by modifying the control statement that controls the behavior of `printLine`.",
            "D": "It is not possible to determine the effect without additional context."
        },
        "answer": "B",
        "distance": 0
    }
]