[
    {
        "case_id": 4638,
        "code": "void CWE506_Embedded_Malicious_Code__w32_file_attrib_created_01_bad()\n{\n    {\n        FILETIME ftCreate;\n        ULONGLONG qwResult;\n        HANDLE hFile = INVALID_HANDLE_VALUE;\n        do\n        {\n            hFile = CreateFile(TEXT(\"badFile.txt\"),\n                               GENERIC_READ | GENERIC_WRITE, /* needed for SetFileTime to work properly */\n                               0,\n                               NULL,\n                               CREATE_ALWAYS,\n                               FILE_ATTRIBUTE_NORMAL, NULL);\n            if (hFile == INVALID_HANDLE_VALUE)\n            {\n                break;\n            }\n            if (GetFileTime(hFile,\n                            &ftCreate,\n                            NULL,\n                            NULL) == 0)\n            {\n                break;\n            }\n            /* adapted from http://support.microsoft.com/kb/188768 */\n            qwResult = (((ULONGLONG) ftCreate.dwHighDateTime) << 32) + ftCreate.dwLowDateTime;\n            /* Subtract 10 days from real creation date */\n            qwResult -= 10 * _DAY;\n            /* Copy result back into ftCreate */\n            ftCreate.dwLowDateTime  = (DWORD)(qwResult & 0xFFFFFFFF);\n            ftCreate.dwHighDateTime = (DWORD)(qwResult >> 32);\n            /* FLAW: Modify the file's creation time */\n            SetFileTime(hFile,\n                        &ftCreate,\n                        (LPFILETIME)NULL,\n                        (LPFILETIME)NULL);\n        }\n        while (0);\n        if (hFile != INVALID_HANDLE_VALUE)\n        {\n            CloseHandle(hFile);\n        }\n    }\n}",
        "question": "Given that the parameter or function `hFile` is modified before the execution of the function `CloseHandle`, evaluate the potential impact on the outcomes of `CloseHandle`. Consider how `hFile` could influence `CloseHandle`, including its role as a direct parameter, its effect on controlling conditions, or its indirect impacts through other related variables or system states.",
        "choices": {
            "A": "The change to `hFile` directly alters the arguments passed to `CloseHandle`.",
            "B": "There is neither a direct nor a significant indirect relationship between the changes to `hFile` and the behavior or output of `CloseHandle`, suggesting no observable impact.",
            "C": "The modification of `hFile` might indirectly influence `CloseHandle` by modifying the control statement that controls the behavior of `CloseHandle`.",
            "D": "It is not possible to determine the effect without additional context."
        },
        "answer": "A",
        "distance": 1
    },
    {
        "case_id": 4638,
        "code": "void CWE506_Embedded_Malicious_Code__w32_file_attrib_created_01_bad()\n{\n    {\n        FILETIME ftCreate;\n        ULONGLONG qwResult;\n        HANDLE hFile = INVALID_HANDLE_VALUE;\n        do\n        {\n            hFile = CreateFile(TEXT(\"badFile.txt\"),\n                               GENERIC_READ | GENERIC_WRITE, /* needed for SetFileTime to work properly */\n                               0,\n                               NULL,\n                               CREATE_ALWAYS,\n                               FILE_ATTRIBUTE_NORMAL, NULL);\n            if (hFile == INVALID_HANDLE_VALUE)\n            {\n                break;\n            }\n            if (GetFileTime(hFile,\n                            &ftCreate,\n                            NULL,\n                            NULL) == 0)\n            {\n                break;\n            }\n            /* adapted from http://support.microsoft.com/kb/188768 */\n            qwResult = (((ULONGLONG) ftCreate.dwHighDateTime) << 32) + ftCreate.dwLowDateTime;\n            /* Subtract 10 days from real creation date */\n            qwResult -= 10 * _DAY;\n            /* Copy result back into ftCreate */\n            ftCreate.dwLowDateTime  = (DWORD)(qwResult & 0xFFFFFFFF);\n            ftCreate.dwHighDateTime = (DWORD)(qwResult >> 32);\n            /* FLAW: Modify the file's creation time */\n            SetFileTime(hFile,\n                        &ftCreate,\n                        (LPFILETIME)NULL,\n                        (LPFILETIME)NULL);\n        }\n        while (0);\n        if (hFile != INVALID_HANDLE_VALUE)\n        {\n            CloseHandle(hFile);\n        }\n    }\n}",
        "question": "Given that the parameter or function `CloseHandle` is modified before the execution of the function `GetFileTime`, evaluate the potential impact on the outcomes of `GetFileTime`. Consider how `CloseHandle` could influence `GetFileTime`, including its role as a direct parameter, its effect on controlling conditions, or its indirect impacts through other related variables or system states.",
        "choices": {
            "A": "The change to `CloseHandle` directly alters the arguments passed to `GetFileTime`.",
            "B": "There is neither a direct nor a significant indirect relationship between the changes to `CloseHandle` and the behavior or output of `GetFileTime`, suggesting no observable impact.",
            "C": "The modification of `CloseHandle` might indirectly influence `GetFileTime` by modifying the control statement that controls the behavior of `GetFileTime`.",
            "D": "It is not possible to determine the effect without additional context."
        },
        "answer": "B",
        "distance": 0
    },
    {
        "case_id": 4638,
        "code": "void CWE506_Embedded_Malicious_Code__w32_file_attrib_created_01_bad()\n{\n    {\n        FILETIME ftCreate;\n        ULONGLONG qwResult;\n        HANDLE hFile = INVALID_HANDLE_VALUE;\n        do\n        {\n            hFile = CreateFile(TEXT(\"badFile.txt\"),\n                               GENERIC_READ | GENERIC_WRITE, /* needed for SetFileTime to work properly */\n                               0,\n                               NULL,\n                               CREATE_ALWAYS,\n                               FILE_ATTRIBUTE_NORMAL, NULL);\n            if (hFile == INVALID_HANDLE_VALUE)\n            {\n                break;\n            }\n            if (GetFileTime(hFile,\n                            &ftCreate,\n                            NULL,\n                            NULL) == 0)\n            {\n                break;\n            }\n            /* adapted from http://support.microsoft.com/kb/188768 */\n            qwResult = (((ULONGLONG) ftCreate.dwHighDateTime) << 32) + ftCreate.dwLowDateTime;\n            /* Subtract 10 days from real creation date */\n            qwResult -= 10 * _DAY;\n            /* Copy result back into ftCreate */\n            ftCreate.dwLowDateTime  = (DWORD)(qwResult & 0xFFFFFFFF);\n            ftCreate.dwHighDateTime = (DWORD)(qwResult >> 32);\n            /* FLAW: Modify the file's creation time */\n            SetFileTime(hFile,\n                        &ftCreate,\n                        (LPFILETIME)NULL,\n                        (LPFILETIME)NULL);\n        }\n        while (0);\n        if (hFile != INVALID_HANDLE_VALUE)\n        {\n            CloseHandle(hFile);\n        }\n    }\n}",
        "question": "Given that the parameter or function `TEXT` is modified before the execution of the function `GetFileTime`, evaluate the potential impact on the outcomes of `GetFileTime`. Consider how `TEXT` could influence `GetFileTime`, including its role as a direct parameter, its effect on controlling conditions, or its indirect impacts through other related variables or system states.",
        "choices": {
            "A": "The change to `TEXT` directly alters the arguments passed to `GetFileTime`.",
            "B": "There is neither a direct nor a significant indirect relationship between the changes to `TEXT` and the behavior or output of `GetFileTime`, suggesting no observable impact.",
            "C": "The modification of `TEXT` might indirectly influence `GetFileTime` by modifying the control statement that controls the behavior of `GetFileTime`.",
            "D": "It is not possible to determine the effect without additional context."
        },
        "answer": "B",
        "distance": 0
    },
    {
        "case_id": 4638,
        "code": "void CWE506_Embedded_Malicious_Code__w32_file_attrib_created_01_bad()\n{\n    {\n        FILETIME ftCreate;\n        ULONGLONG qwResult;\n        HANDLE hFile = INVALID_HANDLE_VALUE;\n        do\n        {\n            hFile = CreateFile(TEXT(\"badFile.txt\"),\n                               GENERIC_READ | GENERIC_WRITE, /* needed for SetFileTime to work properly */\n                               0,\n                               NULL,\n                               CREATE_ALWAYS,\n                               FILE_ATTRIBUTE_NORMAL, NULL);\n            if (hFile == INVALID_HANDLE_VALUE)\n            {\n                break;\n            }\n            if (GetFileTime(hFile,\n                            &ftCreate,\n                            NULL,\n                            NULL) == 0)\n            {\n                break;\n            }\n            /* adapted from http://support.microsoft.com/kb/188768 */\n            qwResult = (((ULONGLONG) ftCreate.dwHighDateTime) << 32) + ftCreate.dwLowDateTime;\n            /* Subtract 10 days from real creation date */\n            qwResult -= 10 * _DAY;\n            /* Copy result back into ftCreate */\n            ftCreate.dwLowDateTime  = (DWORD)(qwResult & 0xFFFFFFFF);\n            ftCreate.dwHighDateTime = (DWORD)(qwResult >> 32);\n            /* FLAW: Modify the file's creation time */\n            SetFileTime(hFile,\n                        &ftCreate,\n                        (LPFILETIME)NULL,\n                        (LPFILETIME)NULL);\n        }\n        while (0);\n        if (hFile != INVALID_HANDLE_VALUE)\n        {\n            CloseHandle(hFile);\n        }\n    }\n}",
        "question": "Given that the parameter or function `CreateFile` is modified before the execution of the function `GetFileTime`, evaluate the potential impact on the outcomes of `GetFileTime`. Consider how `CreateFile` could influence `GetFileTime`, including its role as a direct parameter, its effect on controlling conditions, or its indirect impacts through other related variables or system states.",
        "choices": {
            "A": "The change to `CreateFile` directly alters the arguments passed to `GetFileTime`.",
            "B": "There is neither a direct nor a significant indirect relationship between the changes to `CreateFile` and the behavior or output of `GetFileTime`, suggesting no observable impact.",
            "C": "The modification of `CreateFile` might indirectly influence `GetFileTime` by modifying the control statement that controls the behavior of `GetFileTime`.",
            "D": "It is not possible to determine the effect without additional context."
        },
        "answer": "B",
        "distance": 0
    },
    {
        "case_id": 4638,
        "code": "void CWE506_Embedded_Malicious_Code__w32_file_attrib_created_01_bad()\n{\n    {\n        FILETIME ftCreate;\n        ULONGLONG qwResult;\n        HANDLE hFile = INVALID_HANDLE_VALUE;\n        do\n        {\n            hFile = CreateFile(TEXT(\"badFile.txt\"),\n                               GENERIC_READ | GENERIC_WRITE, /* needed for SetFileTime to work properly */\n                               0,\n                               NULL,\n                               CREATE_ALWAYS,\n                               FILE_ATTRIBUTE_NORMAL, NULL);\n            if (hFile == INVALID_HANDLE_VALUE)\n            {\n                break;\n            }\n            if (GetFileTime(hFile,\n                            &ftCreate,\n                            NULL,\n                            NULL) == 0)\n            {\n                break;\n            }\n            /* adapted from http://support.microsoft.com/kb/188768 */\n            qwResult = (((ULONGLONG) ftCreate.dwHighDateTime) << 32) + ftCreate.dwLowDateTime;\n            /* Subtract 10 days from real creation date */\n            qwResult -= 10 * _DAY;\n            /* Copy result back into ftCreate */\n            ftCreate.dwLowDateTime  = (DWORD)(qwResult & 0xFFFFFFFF);\n            ftCreate.dwHighDateTime = (DWORD)(qwResult >> 32);\n            /* FLAW: Modify the file's creation time */\n            SetFileTime(hFile,\n                        &ftCreate,\n                        (LPFILETIME)NULL,\n                        (LPFILETIME)NULL);\n        }\n        while (0);\n        if (hFile != INVALID_HANDLE_VALUE)\n        {\n            CloseHandle(hFile);\n        }\n    }\n}",
        "question": "Given that the parameter or function `SetFileTime` is modified before the execution of the function `GetFileTime`, evaluate the potential impact on the outcomes of `GetFileTime`. Consider how `SetFileTime` could influence `GetFileTime`, including its role as a direct parameter, its effect on controlling conditions, or its indirect impacts through other related variables or system states.",
        "choices": {
            "A": "The change to `SetFileTime` directly alters the arguments passed to `GetFileTime`.",
            "B": "There is neither a direct nor a significant indirect relationship between the changes to `SetFileTime` and the behavior or output of `GetFileTime`, suggesting no observable impact.",
            "C": "The modification of `SetFileTime` might indirectly influence `GetFileTime` by modifying the control statement that controls the behavior of `GetFileTime`.",
            "D": "It is not possible to determine the effect without additional context."
        },
        "answer": "B",
        "distance": 0
    },
    {
        "case_id": 4638,
        "code": "void CWE506_Embedded_Malicious_Code__w32_file_attrib_created_01_bad()\n{\n    {\n        FILETIME ftCreate;\n        ULONGLONG qwResult;\n        HANDLE hFile = INVALID_HANDLE_VALUE;\n        do\n        {\n            hFile = CreateFile(TEXT(\"badFile.txt\"),\n                               GENERIC_READ | GENERIC_WRITE, /* needed for SetFileTime to work properly */\n                               0,\n                               NULL,\n                               CREATE_ALWAYS,\n                               FILE_ATTRIBUTE_NORMAL, NULL);\n            if (hFile == INVALID_HANDLE_VALUE)\n            {\n                break;\n            }\n            if (GetFileTime(hFile,\n                            &ftCreate,\n                            NULL,\n                            NULL) == 0)\n            {\n                break;\n            }\n            /* adapted from http://support.microsoft.com/kb/188768 */\n            qwResult = (((ULONGLONG) ftCreate.dwHighDateTime) << 32) + ftCreate.dwLowDateTime;\n            /* Subtract 10 days from real creation date */\n            qwResult -= 10 * _DAY;\n            /* Copy result back into ftCreate */\n            ftCreate.dwLowDateTime  = (DWORD)(qwResult & 0xFFFFFFFF);\n            ftCreate.dwHighDateTime = (DWORD)(qwResult >> 32);\n            /* FLAW: Modify the file's creation time */\n            SetFileTime(hFile,\n                        &ftCreate,\n                        (LPFILETIME)NULL,\n                        (LPFILETIME)NULL);\n        }\n        while (0);\n        if (hFile != INVALID_HANDLE_VALUE)\n        {\n            CloseHandle(hFile);\n        }\n    }\n}",
        "question": "Given that the parameter or function `TEXT` is modified before the execution of the function `CloseHandle`, evaluate the potential impact on the outcomes of `CloseHandle`. Consider how `TEXT` could influence `CloseHandle`, including its role as a direct parameter, its effect on controlling conditions, or its indirect impacts through other related variables or system states.",
        "choices": {
            "A": "The change to `TEXT` directly alters the arguments passed to `CloseHandle`.",
            "B": "There is neither a direct nor a significant indirect relationship between the changes to `TEXT` and the behavior or output of `CloseHandle`, suggesting no observable impact.",
            "C": "The modification of `TEXT` might indirectly influence `CloseHandle` by modifying the control statement that controls the behavior of `CloseHandle`.",
            "D": "It is not possible to determine the effect without additional context."
        },
        "answer": "A, C",
        "distance": 1
    },
    {
        "case_id": 4638,
        "code": "void CWE506_Embedded_Malicious_Code__w32_file_attrib_created_01_bad()\n{\n    {\n        FILETIME ftCreate;\n        ULONGLONG qwResult;\n        HANDLE hFile = INVALID_HANDLE_VALUE;\n        do\n        {\n            hFile = CreateFile(TEXT(\"badFile.txt\"),\n                               GENERIC_READ | GENERIC_WRITE, /* needed for SetFileTime to work properly */\n                               0,\n                               NULL,\n                               CREATE_ALWAYS,\n                               FILE_ATTRIBUTE_NORMAL, NULL);\n            if (hFile == INVALID_HANDLE_VALUE)\n            {\n                break;\n            }\n            if (GetFileTime(hFile,\n                            &ftCreate,\n                            NULL,\n                            NULL) == 0)\n            {\n                break;\n            }\n            /* adapted from http://support.microsoft.com/kb/188768 */\n            qwResult = (((ULONGLONG) ftCreate.dwHighDateTime) << 32) + ftCreate.dwLowDateTime;\n            /* Subtract 10 days from real creation date */\n            qwResult -= 10 * _DAY;\n            /* Copy result back into ftCreate */\n            ftCreate.dwLowDateTime  = (DWORD)(qwResult & 0xFFFFFFFF);\n            ftCreate.dwHighDateTime = (DWORD)(qwResult >> 32);\n            /* FLAW: Modify the file's creation time */\n            SetFileTime(hFile,\n                        &ftCreate,\n                        (LPFILETIME)NULL,\n                        (LPFILETIME)NULL);\n        }\n        while (0);\n        if (hFile != INVALID_HANDLE_VALUE)\n        {\n            CloseHandle(hFile);\n        }\n    }\n}",
        "question": "Given that the parameter or function `CreateFile` is modified before the execution of the function `CloseHandle`, evaluate the potential impact on the outcomes of `CloseHandle`. Consider how `CreateFile` could influence `CloseHandle`, including its role as a direct parameter, its effect on controlling conditions, or its indirect impacts through other related variables or system states.",
        "choices": {
            "A": "The change to `CreateFile` directly alters the arguments passed to `CloseHandle`.",
            "B": "There is neither a direct nor a significant indirect relationship between the changes to `CreateFile` and the behavior or output of `CloseHandle`, suggesting no observable impact.",
            "C": "The modification of `CreateFile` might indirectly influence `CloseHandle` by modifying the control statement that controls the behavior of `CloseHandle`.",
            "D": "It is not possible to determine the effect without additional context."
        },
        "answer": "A, C",
        "distance": 1
    },
    {
        "case_id": 4638,
        "code": "void CWE506_Embedded_Malicious_Code__w32_file_attrib_created_01_bad()\n{\n    {\n        FILETIME ftCreate;\n        ULONGLONG qwResult;\n        HANDLE hFile = INVALID_HANDLE_VALUE;\n        do\n        {\n            hFile = CreateFile(TEXT(\"badFile.txt\"),\n                               GENERIC_READ | GENERIC_WRITE, /* needed for SetFileTime to work properly */\n                               0,\n                               NULL,\n                               CREATE_ALWAYS,\n                               FILE_ATTRIBUTE_NORMAL, NULL);\n            if (hFile == INVALID_HANDLE_VALUE)\n            {\n                break;\n            }\n            if (GetFileTime(hFile,\n                            &ftCreate,\n                            NULL,\n                            NULL) == 0)\n            {\n                break;\n            }\n            /* adapted from http://support.microsoft.com/kb/188768 */\n            qwResult = (((ULONGLONG) ftCreate.dwHighDateTime) << 32) + ftCreate.dwLowDateTime;\n            /* Subtract 10 days from real creation date */\n            qwResult -= 10 * _DAY;\n            /* Copy result back into ftCreate */\n            ftCreate.dwLowDateTime  = (DWORD)(qwResult & 0xFFFFFFFF);\n            ftCreate.dwHighDateTime = (DWORD)(qwResult >> 32);\n            /* FLAW: Modify the file's creation time */\n            SetFileTime(hFile,\n                        &ftCreate,\n                        (LPFILETIME)NULL,\n                        (LPFILETIME)NULL);\n        }\n        while (0);\n        if (hFile != INVALID_HANDLE_VALUE)\n        {\n            CloseHandle(hFile);\n        }\n    }\n}",
        "question": "Given that the parameter or function `INVALID_HANDLE_VALUE` is modified before the execution of the function `CloseHandle`, evaluate the potential impact on the outcomes of `CloseHandle`. Consider how `INVALID_HANDLE_VALUE` could influence `CloseHandle`, including its role as a direct parameter, its effect on controlling conditions, or its indirect impacts through other related variables or system states.",
        "choices": {
            "A": "The change to `INVALID_HANDLE_VALUE` directly alters the arguments passed to `CloseHandle`.",
            "B": "There is neither a direct nor a significant indirect relationship between the changes to `INVALID_HANDLE_VALUE` and the behavior or output of `CloseHandle`, suggesting no observable impact.",
            "C": "The modification of `INVALID_HANDLE_VALUE` might indirectly influence `CloseHandle` by modifying the control statement that controls the behavior of `CloseHandle`.",
            "D": "It is not possible to determine the effect without additional context."
        },
        "answer": "A, C",
        "distance": 1
    },
    {
        "case_id": 4638,
        "code": "void CWE506_Embedded_Malicious_Code__w32_file_attrib_created_01_bad()\n{\n    {\n        FILETIME ftCreate;\n        ULONGLONG qwResult;\n        HANDLE hFile = INVALID_HANDLE_VALUE;\n        do\n        {\n            hFile = CreateFile(TEXT(\"badFile.txt\"),\n                               GENERIC_READ | GENERIC_WRITE, /* needed for SetFileTime to work properly */\n                               0,\n                               NULL,\n                               CREATE_ALWAYS,\n                               FILE_ATTRIBUTE_NORMAL, NULL);\n            if (hFile == INVALID_HANDLE_VALUE)\n            {\n                break;\n            }\n            if (GetFileTime(hFile,\n                            &ftCreate,\n                            NULL,\n                            NULL) == 0)\n            {\n                break;\n            }\n            /* adapted from http://support.microsoft.com/kb/188768 */\n            qwResult = (((ULONGLONG) ftCreate.dwHighDateTime) << 32) + ftCreate.dwLowDateTime;\n            /* Subtract 10 days from real creation date */\n            qwResult -= 10 * _DAY;\n            /* Copy result back into ftCreate */\n            ftCreate.dwLowDateTime  = (DWORD)(qwResult & 0xFFFFFFFF);\n            ftCreate.dwHighDateTime = (DWORD)(qwResult >> 32);\n            /* FLAW: Modify the file's creation time */\n            SetFileTime(hFile,\n                        &ftCreate,\n                        (LPFILETIME)NULL,\n                        (LPFILETIME)NULL);\n        }\n        while (0);\n        if (hFile != INVALID_HANDLE_VALUE)\n        {\n            CloseHandle(hFile);\n        }\n    }\n}",
        "question": "Given that the parameter or function `GENERIC_WRITE` is modified before the execution of the function `CloseHandle`, evaluate the potential impact on the outcomes of `CloseHandle`. Consider how `GENERIC_WRITE` could influence `CloseHandle`, including its role as a direct parameter, its effect on controlling conditions, or its indirect impacts through other related variables or system states.",
        "choices": {
            "A": "The change to `GENERIC_WRITE` directly alters the arguments passed to `CloseHandle`.",
            "B": "There is neither a direct nor a significant indirect relationship between the changes to `GENERIC_WRITE` and the behavior or output of `CloseHandle`, suggesting no observable impact.",
            "C": "The modification of `GENERIC_WRITE` might indirectly influence `CloseHandle` by modifying the control statement that controls the behavior of `CloseHandle`.",
            "D": "It is not possible to determine the effect without additional context."
        },
        "answer": "A, C",
        "distance": 1
    }
]