[
    {
        "case_id": 3106,
        "code": "void CWE390_Error_Without_Action__sqrt_01_bad()\n{\n    {\n        double doubleNumber;\n        errno = 0; /* set errno to zero before calling sqrt(), which can change its value */\n        doubleNumber = (double)sqrt((double)-1);\n        /* FLAW: Check errno to see if sqrt() failed, but do not handle errors */\n        if (errno == EDOM)\n        {\n            /* do nothing */\n        }\n        printDoubleLine(doubleNumber);\n    }\n}",
        "question": "Given that the parameter or function `-1` is modified before the execution of the function `sqrt`, evaluate the potential impact on the outcomes of `sqrt`. Consider how `-1` could influence `sqrt`, including its role as a direct parameter, its effect on controlling conditions, or its indirect impacts through other related variables or system states.",
        "choices": {
            "A": "The change to `-1` directly alters the arguments passed to `sqrt`.",
            "B": "There is neither a direct nor a significant indirect relationship between the changes to `-1` and the behavior or output of `sqrt`, suggesting no observable impact.",
            "C": "The modification of `-1` might indirectly influence `sqrt` by modifying the control statement that controls the behavior of `sqrt`.",
            "D": "It is not possible to determine the effect without additional context."
        },
        "answer": "A",
        "distance": 1
    },
    {
        "case_id": 3106,
        "code": "void CWE390_Error_Without_Action__sqrt_01_bad()\n{\n    {\n        double doubleNumber;\n        errno = 0; /* set errno to zero before calling sqrt(), which can change its value */\n        doubleNumber = (double)sqrt((double)-1);\n        /* FLAW: Check errno to see if sqrt() failed, but do not handle errors */\n        if (errno == EDOM)\n        {\n            /* do nothing */\n        }\n        printDoubleLine(doubleNumber);\n    }\n}",
        "question": "Given that the parameter or function `double` is modified before the execution of the function `sqrt`, evaluate the potential impact on the outcomes of `sqrt`. Consider how `double` could influence `sqrt`, including its role as a direct parameter, its effect on controlling conditions, or its indirect impacts through other related variables or system states.",
        "choices": {
            "A": "The change to `double` directly alters the arguments passed to `sqrt`.",
            "B": "There is neither a direct nor a significant indirect relationship between the changes to `double` and the behavior or output of `sqrt`, suggesting no observable impact.",
            "C": "The modification of `double` might indirectly influence `sqrt` by modifying the control statement that controls the behavior of `sqrt`.",
            "D": "It is not possible to determine the effect without additional context."
        },
        "answer": "A",
        "distance": 1
    },
    {
        "case_id": 3106,
        "code": "void CWE390_Error_Without_Action__sqrt_01_bad()\n{\n    {\n        double doubleNumber;\n        errno = 0; /* set errno to zero before calling sqrt(), which can change its value */\n        doubleNumber = (double)sqrt((double)-1);\n        /* FLAW: Check errno to see if sqrt() failed, but do not handle errors */\n        if (errno == EDOM)\n        {\n            /* do nothing */\n        }\n        printDoubleLine(doubleNumber);\n    }\n}",
        "question": "Given that the parameter or function `sqrt` is modified before the execution of the function `printDoubleLine`, evaluate the potential impact on the outcomes of `printDoubleLine`. Consider how `sqrt` could influence `printDoubleLine`, including its role as a direct parameter, its effect on controlling conditions, or its indirect impacts through other related variables or system states.",
        "choices": {
            "A": "The change to `sqrt` directly alters the arguments passed to `printDoubleLine`.",
            "B": "There is neither a direct nor a significant indirect relationship between the changes to `sqrt` and the behavior or output of `printDoubleLine`, suggesting no observable impact.",
            "C": "The modification of `sqrt` might indirectly influence `printDoubleLine` by modifying the control statement that controls the behavior of `printDoubleLine`.",
            "D": "It is not possible to determine the effect without additional context."
        },
        "answer": "A",
        "distance": 1
    },
    {
        "case_id": 3106,
        "code": "void CWE390_Error_Without_Action__sqrt_01_bad()\n{\n    {\n        double doubleNumber;\n        errno = 0; /* set errno to zero before calling sqrt(), which can change its value */\n        doubleNumber = (double)sqrt((double)-1);\n        /* FLAW: Check errno to see if sqrt() failed, but do not handle errors */\n        if (errno == EDOM)\n        {\n            /* do nothing */\n        }\n        printDoubleLine(doubleNumber);\n    }\n}",
        "question": "Given that the parameter or function `-1` is modified before the execution of the function `printDoubleLine`, evaluate the potential impact on the outcomes of `printDoubleLine`. Consider how `-1` could influence `printDoubleLine`, including its role as a direct parameter, its effect on controlling conditions, or its indirect impacts through other related variables or system states.",
        "choices": {
            "A": "The change to `-1` directly alters the arguments passed to `printDoubleLine`.",
            "B": "There is neither a direct nor a significant indirect relationship between the changes to `-1` and the behavior or output of `printDoubleLine`, suggesting no observable impact.",
            "C": "The modification of `-1` might indirectly influence `printDoubleLine` by modifying the control statement that controls the behavior of `printDoubleLine`.",
            "D": "It is not possible to determine the effect without additional context."
        },
        "answer": "A",
        "distance": 1
    },
    {
        "case_id": 3106,
        "code": "void CWE390_Error_Without_Action__sqrt_01_bad()\n{\n    {\n        double doubleNumber;\n        errno = 0; /* set errno to zero before calling sqrt(), which can change its value */\n        doubleNumber = (double)sqrt((double)-1);\n        /* FLAW: Check errno to see if sqrt() failed, but do not handle errors */\n        if (errno == EDOM)\n        {\n            /* do nothing */\n        }\n        printDoubleLine(doubleNumber);\n    }\n}",
        "question": "Given that the parameter or function `printDoubleLine` is modified before the execution of the function `sqrt`, evaluate the potential impact on the outcomes of `sqrt`. Consider how `printDoubleLine` could influence `sqrt`, including its role as a direct parameter, its effect on controlling conditions, or its indirect impacts through other related variables or system states.",
        "choices": {
            "A": "The change to `printDoubleLine` directly alters the arguments passed to `sqrt`.",
            "B": "There is neither a direct nor a significant indirect relationship between the changes to `printDoubleLine` and the behavior or output of `sqrt`, suggesting no observable impact.",
            "C": "The modification of `printDoubleLine` might indirectly influence `sqrt` by modifying the control statement that controls the behavior of `sqrt`.",
            "D": "It is not possible to determine the effect without additional context."
        },
        "answer": "B",
        "distance": 0
    },
    {
        "case_id": 3106,
        "code": "void CWE390_Error_Without_Action__sqrt_01_bad()\n{\n    {\n        double doubleNumber;\n        errno = 0; /* set errno to zero before calling sqrt(), which can change its value */\n        doubleNumber = (double)sqrt((double)-1);\n        /* FLAW: Check errno to see if sqrt() failed, but do not handle errors */\n        if (errno == EDOM)\n        {\n            /* do nothing */\n        }\n        printDoubleLine(doubleNumber);\n    }\n}",
        "question": "Given that the parameter or function `errno` is modified before the execution of the function `sqrt`, evaluate the potential impact on the outcomes of `sqrt`. Consider how `errno` could influence `sqrt`, including its role as a direct parameter, its effect on controlling conditions, or its indirect impacts through other related variables or system states.",
        "choices": {
            "A": "The change to `errno` directly alters the arguments passed to `sqrt`.",
            "B": "There is neither a direct nor a significant indirect relationship between the changes to `errno` and the behavior or output of `sqrt`, suggesting no observable impact.",
            "C": "The modification of `errno` might indirectly influence `sqrt` by modifying the control statement that controls the behavior of `sqrt`.",
            "D": "It is not possible to determine the effect without additional context."
        },
        "answer": "B",
        "distance": 0
    },
    {
        "case_id": 3106,
        "code": "void CWE390_Error_Without_Action__sqrt_01_bad()\n{\n    {\n        double doubleNumber;\n        errno = 0; /* set errno to zero before calling sqrt(), which can change its value */\n        doubleNumber = (double)sqrt((double)-1);\n        /* FLAW: Check errno to see if sqrt() failed, but do not handle errors */\n        if (errno == EDOM)\n        {\n            /* do nothing */\n        }\n        printDoubleLine(doubleNumber);\n    }\n}",
        "question": "Given that the parameter or function `doubleNumber` is modified before the execution of the function `sqrt`, evaluate the potential impact on the outcomes of `sqrt`. Consider how `doubleNumber` could influence `sqrt`, including its role as a direct parameter, its effect on controlling conditions, or its indirect impacts through other related variables or system states.",
        "choices": {
            "A": "The change to `doubleNumber` directly alters the arguments passed to `sqrt`.",
            "B": "There is neither a direct nor a significant indirect relationship between the changes to `doubleNumber` and the behavior or output of `sqrt`, suggesting no observable impact.",
            "C": "The modification of `doubleNumber` might indirectly influence `sqrt` by modifying the control statement that controls the behavior of `sqrt`.",
            "D": "It is not possible to determine the effect without additional context."
        },
        "answer": "B",
        "distance": 0
    },
    {
        "case_id": 3106,
        "code": "void CWE390_Error_Without_Action__sqrt_01_bad()\n{\n    {\n        double doubleNumber;\n        errno = 0; /* set errno to zero before calling sqrt(), which can change its value */\n        doubleNumber = (double)sqrt((double)-1);\n        /* FLAW: Check errno to see if sqrt() failed, but do not handle errors */\n        if (errno == EDOM)\n        {\n            /* do nothing */\n        }\n        printDoubleLine(doubleNumber);\n    }\n}",
        "question": "Given that the parameter or function `errno` is modified before the execution of the function `printDoubleLine`, evaluate the potential impact on the outcomes of `printDoubleLine`. Consider how `errno` could influence `printDoubleLine`, including its role as a direct parameter, its effect on controlling conditions, or its indirect impacts through other related variables or system states.",
        "choices": {
            "A": "The change to `errno` directly alters the arguments passed to `printDoubleLine`.",
            "B": "There is neither a direct nor a significant indirect relationship between the changes to `errno` and the behavior or output of `printDoubleLine`, suggesting no observable impact.",
            "C": "The modification of `errno` might indirectly influence `printDoubleLine` by modifying the control statement that controls the behavior of `printDoubleLine`.",
            "D": "It is not possible to determine the effect without additional context."
        },
        "answer": "B",
        "distance": 0
    }
]