[
    {
        "case_id": 3913,
        "code": "void CWE427_Uncontrolled_Search_Path_Element__wchar_t_console_01_bad()\n{\n    wchar_t * data;\n    wchar_t dataBuffer[250] = L\"PATH=\";\n    data = dataBuffer;\n    {\n        /* Read input from the console */\n        size_t dataLen = wcslen(data);\n        /* if there is room in data, read into it from the console */\n        if (250-dataLen > 1)\n        {\n            /* POTENTIAL FLAW: Read data from the console */\n            if (fgetws(data+dataLen, (int)(250-dataLen), stdin) != NULL)\n            {\n                /* The next few lines remove the carriage return from the string that is\n                 * inserted by fgetws() */\n                dataLen = wcslen(data);\n                if (dataLen > 0 && data[dataLen-1] == L'\\n')\n                {\n                    data[dataLen-1] = L'\\0';\n                }\n            }\n            else\n            {\n                printLine(\"fgetws() failed\");\n                /* Restore NUL terminator if fgetws fails */\n                data[dataLen] = L'\\0';\n            }\n        }\n    }\n    /* POTENTIAL FLAW: Set a new environment variable with a path that is possibly insecure */\n    PUTENV(data);\n}",
        "question": "Given that the parameter or function `wcslen` is modified before the execution of the function `PUTENV`, evaluate the potential impact on the outcomes of `PUTENV`. Consider how `wcslen` could influence `PUTENV`, including its role as a direct parameter, its effect on controlling conditions, or its indirect impacts through other related variables or system states.",
        "choices": {
            "A": "The change to `wcslen` directly alters the arguments passed to `PUTENV`.",
            "B": "There is neither a direct nor a significant indirect relationship between the changes to `wcslen` and the behavior or output of `PUTENV`, suggesting no observable impact.",
            "C": "The modification of `wcslen` might indirectly influence `PUTENV` by modifying the control statement that controls the behavior of `PUTENV`.",
            "D": "It is not possible to determine the effect without additional context."
        },
        "answer": "A",
        "distance": 1
    },
    {
        "case_id": 3913,
        "code": "void CWE427_Uncontrolled_Search_Path_Element__wchar_t_console_01_bad()\n{\n    wchar_t * data;\n    wchar_t dataBuffer[250] = L\"PATH=\";\n    data = dataBuffer;\n    {\n        /* Read input from the console */\n        size_t dataLen = wcslen(data);\n        /* if there is room in data, read into it from the console */\n        if (250-dataLen > 1)\n        {\n            /* POTENTIAL FLAW: Read data from the console */\n            if (fgetws(data+dataLen, (int)(250-dataLen), stdin) != NULL)\n            {\n                /* The next few lines remove the carriage return from the string that is\n                 * inserted by fgetws() */\n                dataLen = wcslen(data);\n                if (dataLen > 0 && data[dataLen-1] == L'\\n')\n                {\n                    data[dataLen-1] = L'\\0';\n                }\n            }\n            else\n            {\n                printLine(\"fgetws() failed\");\n                /* Restore NUL terminator if fgetws fails */\n                data[dataLen] = L'\\0';\n            }\n        }\n    }\n    /* POTENTIAL FLAW: Set a new environment variable with a path that is possibly insecure */\n    PUTENV(data);\n}",
        "question": "Given that the parameter or function `data` is modified before the execution of the function `PUTENV`, evaluate the potential impact on the outcomes of `PUTENV`. Consider how `data` could influence `PUTENV`, including its role as a direct parameter, its effect on controlling conditions, or its indirect impacts through other related variables or system states.",
        "choices": {
            "A": "The change to `data` directly alters the arguments passed to `PUTENV`.",
            "B": "There is neither a direct nor a significant indirect relationship between the changes to `data` and the behavior or output of `PUTENV`, suggesting no observable impact.",
            "C": "The modification of `data` might indirectly influence `PUTENV` by modifying the control statement that controls the behavior of `PUTENV`.",
            "D": "It is not possible to determine the effect without additional context."
        },
        "answer": "A",
        "distance": 1
    },
    {
        "case_id": 3913,
        "code": "void CWE427_Uncontrolled_Search_Path_Element__wchar_t_console_01_bad()\n{\n    wchar_t * data;\n    wchar_t dataBuffer[250] = L\"PATH=\";\n    data = dataBuffer;\n    {\n        /* Read input from the console */\n        size_t dataLen = wcslen(data);\n        /* if there is room in data, read into it from the console */\n        if (250-dataLen > 1)\n        {\n            /* POTENTIAL FLAW: Read data from the console */\n            if (fgetws(data+dataLen, (int)(250-dataLen), stdin) != NULL)\n            {\n                /* The next few lines remove the carriage return from the string that is\n                 * inserted by fgetws() */\n                dataLen = wcslen(data);\n                if (dataLen > 0 && data[dataLen-1] == L'\\n')\n                {\n                    data[dataLen-1] = L'\\0';\n                }\n            }\n            else\n            {\n                printLine(\"fgetws() failed\");\n                /* Restore NUL terminator if fgetws fails */\n                data[dataLen] = L'\\0';\n            }\n        }\n    }\n    /* POTENTIAL FLAW: Set a new environment variable with a path that is possibly insecure */\n    PUTENV(data);\n}",
        "question": "Given that the parameter or function `dataBuffer` is modified before the execution of the function `PUTENV`, evaluate the potential impact on the outcomes of `PUTENV`. Consider how `dataBuffer` could influence `PUTENV`, including its role as a direct parameter, its effect on controlling conditions, or its indirect impacts through other related variables or system states.",
        "choices": {
            "A": "The change to `dataBuffer` directly alters the arguments passed to `PUTENV`.",
            "B": "There is neither a direct nor a significant indirect relationship between the changes to `dataBuffer` and the behavior or output of `PUTENV`, suggesting no observable impact.",
            "C": "The modification of `dataBuffer` might indirectly influence `PUTENV` by modifying the control statement that controls the behavior of `PUTENV`.",
            "D": "It is not possible to determine the effect without additional context."
        },
        "answer": "A",
        "distance": 1
    },
    {
        "case_id": 3913,
        "code": "void CWE427_Uncontrolled_Search_Path_Element__wchar_t_console_01_bad()\n{\n    wchar_t * data;\n    wchar_t dataBuffer[250] = L\"PATH=\";\n    data = dataBuffer;\n    {\n        /* Read input from the console */\n        size_t dataLen = wcslen(data);\n        /* if there is room in data, read into it from the console */\n        if (250-dataLen > 1)\n        {\n            /* POTENTIAL FLAW: Read data from the console */\n            if (fgetws(data+dataLen, (int)(250-dataLen), stdin) != NULL)\n            {\n                /* The next few lines remove the carriage return from the string that is\n                 * inserted by fgetws() */\n                dataLen = wcslen(data);\n                if (dataLen > 0 && data[dataLen-1] == L'\\n')\n                {\n                    data[dataLen-1] = L'\\0';\n                }\n            }\n            else\n            {\n                printLine(\"fgetws() failed\");\n                /* Restore NUL terminator if fgetws fails */\n                data[dataLen] = L'\\0';\n            }\n        }\n    }\n    /* POTENTIAL FLAW: Set a new environment variable with a path that is possibly insecure */\n    PUTENV(data);\n}",
        "question": "Given that the parameter or function `PUTENV` is modified before the execution of the function `printLine`, evaluate the potential impact on the outcomes of `printLine`. Consider how `PUTENV` could influence `printLine`, including its role as a direct parameter, its effect on controlling conditions, or its indirect impacts through other related variables or system states.",
        "choices": {
            "A": "The change to `PUTENV` directly alters the arguments passed to `printLine`.",
            "B": "There is neither a direct nor a significant indirect relationship between the changes to `PUTENV` and the behavior or output of `printLine`, suggesting no observable impact.",
            "C": "The modification of `PUTENV` might indirectly influence `printLine` by modifying the control statement that controls the behavior of `printLine`.",
            "D": "It is not possible to determine the effect without additional context."
        },
        "answer": "B",
        "distance": 0
    },
    {
        "case_id": 3913,
        "code": "void CWE427_Uncontrolled_Search_Path_Element__wchar_t_console_01_bad()\n{\n    wchar_t * data;\n    wchar_t dataBuffer[250] = L\"PATH=\";\n    data = dataBuffer;\n    {\n        /* Read input from the console */\n        size_t dataLen = wcslen(data);\n        /* if there is room in data, read into it from the console */\n        if (250-dataLen > 1)\n        {\n            /* POTENTIAL FLAW: Read data from the console */\n            if (fgetws(data+dataLen, (int)(250-dataLen), stdin) != NULL)\n            {\n                /* The next few lines remove the carriage return from the string that is\n                 * inserted by fgetws() */\n                dataLen = wcslen(data);\n                if (dataLen > 0 && data[dataLen-1] == L'\\n')\n                {\n                    data[dataLen-1] = L'\\0';\n                }\n            }\n            else\n            {\n                printLine(\"fgetws() failed\");\n                /* Restore NUL terminator if fgetws fails */\n                data[dataLen] = L'\\0';\n            }\n        }\n    }\n    /* POTENTIAL FLAW: Set a new environment variable with a path that is possibly insecure */\n    PUTENV(data);\n}",
        "question": "Given that the parameter or function `printLine` is modified before the execution of the function `PUTENV`, evaluate the potential impact on the outcomes of `PUTENV`. Consider how `printLine` could influence `PUTENV`, including its role as a direct parameter, its effect on controlling conditions, or its indirect impacts through other related variables or system states.",
        "choices": {
            "A": "The change to `printLine` directly alters the arguments passed to `PUTENV`.",
            "B": "There is neither a direct nor a significant indirect relationship between the changes to `printLine` and the behavior or output of `PUTENV`, suggesting no observable impact.",
            "C": "The modification of `printLine` might indirectly influence `PUTENV` by modifying the control statement that controls the behavior of `PUTENV`.",
            "D": "It is not possible to determine the effect without additional context."
        },
        "answer": "B",
        "distance": 0
    },
    {
        "case_id": 3913,
        "code": "void CWE427_Uncontrolled_Search_Path_Element__wchar_t_console_01_bad()\n{\n    wchar_t * data;\n    wchar_t dataBuffer[250] = L\"PATH=\";\n    data = dataBuffer;\n    {\n        /* Read input from the console */\n        size_t dataLen = wcslen(data);\n        /* if there is room in data, read into it from the console */\n        if (250-dataLen > 1)\n        {\n            /* POTENTIAL FLAW: Read data from the console */\n            if (fgetws(data+dataLen, (int)(250-dataLen), stdin) != NULL)\n            {\n                /* The next few lines remove the carriage return from the string that is\n                 * inserted by fgetws() */\n                dataLen = wcslen(data);\n                if (dataLen > 0 && data[dataLen-1] == L'\\n')\n                {\n                    data[dataLen-1] = L'\\0';\n                }\n            }\n            else\n            {\n                printLine(\"fgetws() failed\");\n                /* Restore NUL terminator if fgetws fails */\n                data[dataLen] = L'\\0';\n            }\n        }\n    }\n    /* POTENTIAL FLAW: Set a new environment variable with a path that is possibly insecure */\n    PUTENV(data);\n}",
        "question": "Given that the parameter or function `dataLen` is modified before the execution of the function `PUTENV`, evaluate the potential impact on the outcomes of `PUTENV`. Consider how `dataLen` could influence `PUTENV`, including its role as a direct parameter, its effect on controlling conditions, or its indirect impacts through other related variables or system states.",
        "choices": {
            "A": "The change to `dataLen` directly alters the arguments passed to `PUTENV`.",
            "B": "There is neither a direct nor a significant indirect relationship between the changes to `dataLen` and the behavior or output of `PUTENV`, suggesting no observable impact.",
            "C": "The modification of `dataLen` might indirectly influence `PUTENV` by modifying the control statement that controls the behavior of `PUTENV`.",
            "D": "It is not possible to determine the effect without additional context."
        },
        "answer": "B",
        "distance": 0
    },
    {
        "case_id": 3913,
        "code": "void CWE427_Uncontrolled_Search_Path_Element__wchar_t_console_01_bad()\n{\n    wchar_t * data;\n    wchar_t dataBuffer[250] = L\"PATH=\";\n    data = dataBuffer;\n    {\n        /* Read input from the console */\n        size_t dataLen = wcslen(data);\n        /* if there is room in data, read into it from the console */\n        if (250-dataLen > 1)\n        {\n            /* POTENTIAL FLAW: Read data from the console */\n            if (fgetws(data+dataLen, (int)(250-dataLen), stdin) != NULL)\n            {\n                /* The next few lines remove the carriage return from the string that is\n                 * inserted by fgetws() */\n                dataLen = wcslen(data);\n                if (dataLen > 0 && data[dataLen-1] == L'\\n')\n                {\n                    data[dataLen-1] = L'\\0';\n                }\n            }\n            else\n            {\n                printLine(\"fgetws() failed\");\n                /* Restore NUL terminator if fgetws fails */\n                data[dataLen] = L'\\0';\n            }\n        }\n    }\n    /* POTENTIAL FLAW: Set a new environment variable with a path that is possibly insecure */\n    PUTENV(data);\n}",
        "question": "Given that the parameter or function `dataBuffer` is modified before the execution of the function `printLine`, evaluate the potential impact on the outcomes of `printLine`. Consider how `dataBuffer` could influence `printLine`, including its role as a direct parameter, its effect on controlling conditions, or its indirect impacts through other related variables or system states.",
        "choices": {
            "A": "The change to `dataBuffer` directly alters the arguments passed to `printLine`.",
            "B": "There is neither a direct nor a significant indirect relationship between the changes to `dataBuffer` and the behavior or output of `printLine`, suggesting no observable impact.",
            "C": "The modification of `dataBuffer` might indirectly influence `printLine` by modifying the control statement that controls the behavior of `printLine`.",
            "D": "It is not possible to determine the effect without additional context."
        },
        "answer": "C",
        "distance": 2
    },
    {
        "case_id": 3913,
        "code": "void CWE427_Uncontrolled_Search_Path_Element__wchar_t_console_01_bad()\n{\n    wchar_t * data;\n    wchar_t dataBuffer[250] = L\"PATH=\";\n    data = dataBuffer;\n    {\n        /* Read input from the console */\n        size_t dataLen = wcslen(data);\n        /* if there is room in data, read into it from the console */\n        if (250-dataLen > 1)\n        {\n            /* POTENTIAL FLAW: Read data from the console */\n            if (fgetws(data+dataLen, (int)(250-dataLen), stdin) != NULL)\n            {\n                /* The next few lines remove the carriage return from the string that is\n                 * inserted by fgetws() */\n                dataLen = wcslen(data);\n                if (dataLen > 0 && data[dataLen-1] == L'\\n')\n                {\n                    data[dataLen-1] = L'\\0';\n                }\n            }\n            else\n            {\n                printLine(\"fgetws() failed\");\n                /* Restore NUL terminator if fgetws fails */\n                data[dataLen] = L'\\0';\n            }\n        }\n    }\n    /* POTENTIAL FLAW: Set a new environment variable with a path that is possibly insecure */\n    PUTENV(data);\n}",
        "question": "Given that the parameter or function `wcslen` is modified before the execution of the function `printLine`, evaluate the potential impact on the outcomes of `printLine`. Consider how `wcslen` could influence `printLine`, including its role as a direct parameter, its effect on controlling conditions, or its indirect impacts through other related variables or system states.",
        "choices": {
            "A": "The change to `wcslen` directly alters the arguments passed to `printLine`.",
            "B": "There is neither a direct nor a significant indirect relationship between the changes to `wcslen` and the behavior or output of `printLine`, suggesting no observable impact.",
            "C": "The modification of `wcslen` might indirectly influence `printLine` by modifying the control statement that controls the behavior of `printLine`.",
            "D": "It is not possible to determine the effect without additional context."
        },
        "answer": "C",
        "distance": 1
    },
    {
        "case_id": 3913,
        "code": "void CWE427_Uncontrolled_Search_Path_Element__wchar_t_console_01_bad()\n{\n    wchar_t * data;\n    wchar_t dataBuffer[250] = L\"PATH=\";\n    data = dataBuffer;\n    {\n        /* Read input from the console */\n        size_t dataLen = wcslen(data);\n        /* if there is room in data, read into it from the console */\n        if (250-dataLen > 1)\n        {\n            /* POTENTIAL FLAW: Read data from the console */\n            if (fgetws(data+dataLen, (int)(250-dataLen), stdin) != NULL)\n            {\n                /* The next few lines remove the carriage return from the string that is\n                 * inserted by fgetws() */\n                dataLen = wcslen(data);\n                if (dataLen > 0 && data[dataLen-1] == L'\\n')\n                {\n                    data[dataLen-1] = L'\\0';\n                }\n            }\n            else\n            {\n                printLine(\"fgetws() failed\");\n                /* Restore NUL terminator if fgetws fails */\n                data[dataLen] = L'\\0';\n            }\n        }\n    }\n    /* POTENTIAL FLAW: Set a new environment variable with a path that is possibly insecure */\n    PUTENV(data);\n}",
        "question": "Given that the parameter or function `data` is modified before the execution of the function `printLine`, evaluate the potential impact on the outcomes of `printLine`. Consider how `data` could influence `printLine`, including its role as a direct parameter, its effect on controlling conditions, or its indirect impacts through other related variables or system states.",
        "choices": {
            "A": "The change to `data` directly alters the arguments passed to `printLine`.",
            "B": "There is neither a direct nor a significant indirect relationship between the changes to `data` and the behavior or output of `printLine`, suggesting no observable impact.",
            "C": "The modification of `data` might indirectly influence `printLine` by modifying the control statement that controls the behavior of `printLine`.",
            "D": "It is not possible to determine the effect without additional context."
        },
        "answer": "C",
        "distance": 1
    },
    {
        "case_id": 3913,
        "code": "void CWE427_Uncontrolled_Search_Path_Element__wchar_t_console_01_bad()\n{\n    wchar_t * data;\n    wchar_t dataBuffer[250] = L\"PATH=\";\n    data = dataBuffer;\n    {\n        /* Read input from the console */\n        size_t dataLen = wcslen(data);\n        /* if there is room in data, read into it from the console */\n        if (250-dataLen > 1)\n        {\n            /* POTENTIAL FLAW: Read data from the console */\n            if (fgetws(data+dataLen, (int)(250-dataLen), stdin) != NULL)\n            {\n                /* The next few lines remove the carriage return from the string that is\n                 * inserted by fgetws() */\n                dataLen = wcslen(data);\n                if (dataLen > 0 && data[dataLen-1] == L'\\n')\n                {\n                    data[dataLen-1] = L'\\0';\n                }\n            }\n            else\n            {\n                printLine(\"fgetws() failed\");\n                /* Restore NUL terminator if fgetws fails */\n                data[dataLen] = L'\\0';\n            }\n        }\n    }\n    /* POTENTIAL FLAW: Set a new environment variable with a path that is possibly insecure */\n    PUTENV(data);\n}",
        "question": "Given that the parameter or function `dataLen` is modified before the execution of the function `printLine`, evaluate the potential impact on the outcomes of `printLine`. Consider how `dataLen` could influence `printLine`, including its role as a direct parameter, its effect on controlling conditions, or its indirect impacts through other related variables or system states.",
        "choices": {
            "A": "The change to `dataLen` directly alters the arguments passed to `printLine`.",
            "B": "There is neither a direct nor a significant indirect relationship between the changes to `dataLen` and the behavior or output of `printLine`, suggesting no observable impact.",
            "C": "The modification of `dataLen` might indirectly influence `printLine` by modifying the control statement that controls the behavior of `printLine`.",
            "D": "It is not possible to determine the effect without additional context."
        },
        "answer": "C",
        "distance": 0
    }
]