[
    {
        "case_id": 3344,
        "code": "void CWE404_Improper_Resource_Shutdown__fopen_w32CloseHandle_01_bad()\n{\n    FILE * data;\n    /* Initialize data */\n    data = NULL;\n    /* POTENTIAL FLAW: Open a file - need to make sure it is closed properly in the sink */\n    data = fopen(\"BadSource_fopen.txt\", \"w+\");\n    if (data != NULL)\n    {\n        /* FLAW: Attempt to close the file using CloseHandle() instead of fclose() */\n        CloseHandle((HANDLE)data);\n    }\n}",
        "question": "Given that the parameter or function `data` is modified before the execution of the function `fopen`, evaluate the potential impact on the outcomes of `fopen`. Consider how `data` could influence `fopen`, including its role as a direct parameter, its effect on controlling conditions, or its indirect impacts through other related variables or system states.",
        "choices": {
            "A": "The change to `data` directly alters the arguments passed to `fopen`.",
            "B": "There is neither a direct nor a significant indirect relationship between the changes to `data` and the behavior or output of `fopen`, suggesting no observable impact.",
            "C": "The modification of `data` might indirectly influence `fopen` by modifying the control statement that controls the behavior of `fopen`.",
            "D": "It is not possible to determine the effect without additional context."
        },
        "answer": "B",
        "distance": 0
    }
]