[
    {
        "case_id": 4420,
        "code": "void CWE478_Missing_Default_Case_in_Switch__basic_01_bad()\n{\n    {\n        const char *charString = \"shouldn\\'t see this value\";\n        int x;\n        x = (rand() % 3);\n        switch (x)\n        {\n        case 0:\n            charString = \"0\";\n            break;\n        case 1:\n            charString = \"1\";\n            break;\n            /* FLAW: x could be 2, and there is no 'default' case for that */\n        }\n        printLine(charString);\n    }\n}",
        "question": "Given that the parameter or function `charString` is modified before the execution of the function `printLine`, evaluate the potential impact on the outcomes of `printLine`. Consider how `charString` could influence `printLine`, including its role as a direct parameter, its effect on controlling conditions, or its indirect impacts through other related variables or system states.",
        "choices": {
            "A": "The change to `charString` directly alters the arguments passed to `printLine`.",
            "B": "There is neither a direct nor a significant indirect relationship between the changes to `charString` and the behavior or output of `printLine`, suggesting no observable impact.",
            "C": "The modification of `charString` might indirectly influence `printLine` by modifying the control statement that controls the behavior of `printLine`.",
            "D": "It is not possible to determine the effect without additional context."
        },
        "answer": "A",
        "distance": 1
    },
    {
        "case_id": 4420,
        "code": "void CWE478_Missing_Default_Case_in_Switch__basic_01_bad()\n{\n    {\n        const char *charString = \"shouldn\\'t see this value\";\n        int x;\n        x = (rand() % 3);\n        switch (x)\n        {\n        case 0:\n            charString = \"0\";\n            break;\n        case 1:\n            charString = \"1\";\n            break;\n            /* FLAW: x could be 2, and there is no 'default' case for that */\n        }\n        printLine(charString);\n    }\n}",
        "question": "Given that the parameter or function `printLine` is modified before the execution of the function `rand`, evaluate the potential impact on the outcomes of `rand`. Consider how `printLine` could influence `rand`, including its role as a direct parameter, its effect on controlling conditions, or its indirect impacts through other related variables or system states.",
        "choices": {
            "A": "The change to `printLine` directly alters the arguments passed to `rand`.",
            "B": "There is neither a direct nor a significant indirect relationship between the changes to `printLine` and the behavior or output of `rand`, suggesting no observable impact.",
            "C": "The modification of `printLine` might indirectly influence `rand` by modifying the control statement that controls the behavior of `rand`.",
            "D": "It is not possible to determine the effect without additional context."
        },
        "answer": "B",
        "distance": 0
    },
    {
        "case_id": 4420,
        "code": "void CWE478_Missing_Default_Case_in_Switch__basic_01_bad()\n{\n    {\n        const char *charString = \"shouldn\\'t see this value\";\n        int x;\n        x = (rand() % 3);\n        switch (x)\n        {\n        case 0:\n            charString = \"0\";\n            break;\n        case 1:\n            charString = \"1\";\n            break;\n            /* FLAW: x could be 2, and there is no 'default' case for that */\n        }\n        printLine(charString);\n    }\n}",
        "question": "Given that the parameter or function `charString` is modified before the execution of the function `rand`, evaluate the potential impact on the outcomes of `rand`. Consider how `charString` could influence `rand`, including its role as a direct parameter, its effect on controlling conditions, or its indirect impacts through other related variables or system states.",
        "choices": {
            "A": "The change to `charString` directly alters the arguments passed to `rand`.",
            "B": "There is neither a direct nor a significant indirect relationship between the changes to `charString` and the behavior or output of `rand`, suggesting no observable impact.",
            "C": "The modification of `charString` might indirectly influence `rand` by modifying the control statement that controls the behavior of `rand`.",
            "D": "It is not possible to determine the effect without additional context."
        },
        "answer": "B",
        "distance": 0
    },
    {
        "case_id": 4420,
        "code": "void CWE478_Missing_Default_Case_in_Switch__basic_01_bad()\n{\n    {\n        const char *charString = \"shouldn\\'t see this value\";\n        int x;\n        x = (rand() % 3);\n        switch (x)\n        {\n        case 0:\n            charString = \"0\";\n            break;\n        case 1:\n            charString = \"1\";\n            break;\n            /* FLAW: x could be 2, and there is no 'default' case for that */\n        }\n        printLine(charString);\n    }\n}",
        "question": "Given that the parameter or function `x` is modified before the execution of the function `rand`, evaluate the potential impact on the outcomes of `rand`. Consider how `x` could influence `rand`, including its role as a direct parameter, its effect on controlling conditions, or its indirect impacts through other related variables or system states.",
        "choices": {
            "A": "The change to `x` directly alters the arguments passed to `rand`.",
            "B": "There is neither a direct nor a significant indirect relationship between the changes to `x` and the behavior or output of `rand`, suggesting no observable impact.",
            "C": "The modification of `x` might indirectly influence `rand` by modifying the control statement that controls the behavior of `rand`.",
            "D": "It is not possible to determine the effect without additional context."
        },
        "answer": "B",
        "distance": 0
    },
    {
        "case_id": 4420,
        "code": "void CWE478_Missing_Default_Case_in_Switch__basic_01_bad()\n{\n    {\n        const char *charString = \"shouldn\\'t see this value\";\n        int x;\n        x = (rand() % 3);\n        switch (x)\n        {\n        case 0:\n            charString = \"0\";\n            break;\n        case 1:\n            charString = \"1\";\n            break;\n            /* FLAW: x could be 2, and there is no 'default' case for that */\n        }\n        printLine(charString);\n    }\n}",
        "question": "Given that the parameter or function `rand` is modified before the execution of the function `printLine`, evaluate the potential impact on the outcomes of `printLine`. Consider how `rand` could influence `printLine`, including its role as a direct parameter, its effect on controlling conditions, or its indirect impacts through other related variables or system states.",
        "choices": {
            "A": "The change to `rand` directly alters the arguments passed to `printLine`.",
            "B": "There is neither a direct nor a significant indirect relationship between the changes to `rand` and the behavior or output of `printLine`, suggesting no observable impact.",
            "C": "The modification of `rand` might indirectly influence `printLine` by modifying the control statement that controls the behavior of `printLine`.",
            "D": "It is not possible to determine the effect without additional context."
        },
        "answer": "B",
        "distance": 0
    }
]