[
    {
        "case_id": 442,
        "code": "void CWE188_Reliance_on_Data_Memory_Layout__union_01_bad()\n{\n    {\n        union\n        {\n            struct\n            {\n                char charFirst, charSecond, charThird, charFourth;\n            } structChars;\n            long longNumber;\n        } unionStructLong;\n        unionStructLong.longNumber = 0x10203040;\n        /* FLAW: this operation depends on the byte-order, size, alignment/packing of\n         * struct and union fields */\n        unionStructLong.structChars.charFourth |= 0x80; /* \"set the MSB\" */\n        printIntLine(unionStructLong.longNumber);\n    }\n}",
        "question": "Given that the parameter or function `unionStructLong.longNumber` is modified before the execution of the function `printIntLine`, evaluate the potential impact on the outcomes of `printIntLine`. Consider how `unionStructLong.longNumber` could influence `printIntLine`, including its role as a direct parameter, its effect on controlling conditions, or its indirect impacts through other related variables or system states.",
        "choices": {
            "A": "The change to `unionStructLong.longNumber` directly alters the arguments passed to `printIntLine`.",
            "B": "There is neither a direct nor a significant indirect relationship between the changes to `unionStructLong.longNumber` and the behavior or output of `printIntLine`, suggesting no observable impact.",
            "C": "The modification of `unionStructLong.longNumber` might indirectly influence `printIntLine` by modifying the control statement that controls the behavior of `printIntLine`.",
            "D": "It is not possible to determine the effect without additional context."
        },
        "answer": "A",
        "distance": 1
    },
    {
        "case_id": 442,
        "code": "void CWE188_Reliance_on_Data_Memory_Layout__union_01_bad()\n{\n    {\n        union\n        {\n            struct\n            {\n                char charFirst, charSecond, charThird, charFourth;\n            } structChars;\n            long longNumber;\n        } unionStructLong;\n        unionStructLong.longNumber = 0x10203040;\n        /* FLAW: this operation depends on the byte-order, size, alignment/packing of\n         * struct and union fields */\n        unionStructLong.structChars.charFourth |= 0x80; /* \"set the MSB\" */\n        printIntLine(unionStructLong.longNumber);\n    }\n}",
        "question": "Given that the parameter or function `longNumber` is modified before the execution of the function `printIntLine`, evaluate the potential impact on the outcomes of `printIntLine`. Consider how `longNumber` could influence `printIntLine`, including its role as a direct parameter, its effect on controlling conditions, or its indirect impacts through other related variables or system states.",
        "choices": {
            "A": "The change to `longNumber` directly alters the arguments passed to `printIntLine`.",
            "B": "There is neither a direct nor a significant indirect relationship between the changes to `longNumber` and the behavior or output of `printIntLine`, suggesting no observable impact.",
            "C": "The modification of `longNumber` might indirectly influence `printIntLine` by modifying the control statement that controls the behavior of `printIntLine`.",
            "D": "It is not possible to determine the effect without additional context."
        },
        "answer": "B",
        "distance": 0
    },
    {
        "case_id": 442,
        "code": "void CWE188_Reliance_on_Data_Memory_Layout__union_01_bad()\n{\n    {\n        union\n        {\n            struct\n            {\n                char charFirst, charSecond, charThird, charFourth;\n            } structChars;\n            long longNumber;\n        } unionStructLong;\n        unionStructLong.longNumber = 0x10203040;\n        /* FLAW: this operation depends on the byte-order, size, alignment/packing of\n         * struct and union fields */\n        unionStructLong.structChars.charFourth |= 0x80; /* \"set the MSB\" */\n        printIntLine(unionStructLong.longNumber);\n    }\n}",
        "question": "Given that the parameter or function `structChars` is modified before the execution of the function `printIntLine`, evaluate the potential impact on the outcomes of `printIntLine`. Consider how `structChars` could influence `printIntLine`, including its role as a direct parameter, its effect on controlling conditions, or its indirect impacts through other related variables or system states.",
        "choices": {
            "A": "The change to `structChars` directly alters the arguments passed to `printIntLine`.",
            "B": "There is neither a direct nor a significant indirect relationship between the changes to `structChars` and the behavior or output of `printIntLine`, suggesting no observable impact.",
            "C": "The modification of `structChars` might indirectly influence `printIntLine` by modifying the control statement that controls the behavior of `printIntLine`.",
            "D": "It is not possible to determine the effect without additional context."
        },
        "answer": "B",
        "distance": 0
    },
    {
        "case_id": 442,
        "code": "void CWE188_Reliance_on_Data_Memory_Layout__union_01_bad()\n{\n    {\n        union\n        {\n            struct\n            {\n                char charFirst, charSecond, charThird, charFourth;\n            } structChars;\n            long longNumber;\n        } unionStructLong;\n        unionStructLong.longNumber = 0x10203040;\n        /* FLAW: this operation depends on the byte-order, size, alignment/packing of\n         * struct and union fields */\n        unionStructLong.structChars.charFourth |= 0x80; /* \"set the MSB\" */\n        printIntLine(unionStructLong.longNumber);\n    }\n}",
        "question": "Given that the parameter or function `0x80` is modified before the execution of the function `printIntLine`, evaluate the potential impact on the outcomes of `printIntLine`. Consider how `0x80` could influence `printIntLine`, including its role as a direct parameter, its effect on controlling conditions, or its indirect impacts through other related variables or system states.",
        "choices": {
            "A": "The change to `0x80` directly alters the arguments passed to `printIntLine`.",
            "B": "There is neither a direct nor a significant indirect relationship between the changes to `0x80` and the behavior or output of `printIntLine`, suggesting no observable impact.",
            "C": "The modification of `0x80` might indirectly influence `printIntLine` by modifying the control statement that controls the behavior of `printIntLine`.",
            "D": "It is not possible to determine the effect without additional context."
        },
        "answer": "B",
        "distance": 0
    },
    {
        "case_id": 442,
        "code": "void CWE188_Reliance_on_Data_Memory_Layout__union_01_bad()\n{\n    {\n        union\n        {\n            struct\n            {\n                char charFirst, charSecond, charThird, charFourth;\n            } structChars;\n            long longNumber;\n        } unionStructLong;\n        unionStructLong.longNumber = 0x10203040;\n        /* FLAW: this operation depends on the byte-order, size, alignment/packing of\n         * struct and union fields */\n        unionStructLong.structChars.charFourth |= 0x80; /* \"set the MSB\" */\n        printIntLine(unionStructLong.longNumber);\n    }\n}",
        "question": "Given that the parameter or function `0x10203040` is modified before the execution of the function `printIntLine`, evaluate the potential impact on the outcomes of `printIntLine`. Consider how `0x10203040` could influence `printIntLine`, including its role as a direct parameter, its effect on controlling conditions, or its indirect impacts through other related variables or system states.",
        "choices": {
            "A": "The change to `0x10203040` directly alters the arguments passed to `printIntLine`.",
            "B": "There is neither a direct nor a significant indirect relationship between the changes to `0x10203040` and the behavior or output of `printIntLine`, suggesting no observable impact.",
            "C": "The modification of `0x10203040` might indirectly influence `printIntLine` by modifying the control statement that controls the behavior of `printIntLine`.",
            "D": "It is not possible to determine the effect without additional context."
        },
        "answer": "B",
        "distance": 0
    }
]