[
    {
        "case_id": 375,
        "code": "void CWE15_External_Control_of_System_or_Configuration_Setting__w32_01_bad()\n{\n    char * data;\n    char dataBuffer[100] = \"\";\n    data = dataBuffer;\n    {\n        WSADATA wsaData;\n        BOOL wsaDataInit = FALSE;\n        SOCKET listenSocket = INVALID_SOCKET;\n        SOCKET acceptSocket = INVALID_SOCKET;\n        struct sockaddr_in service;\n        int recvResult;\n        do\n        {\n            if (WSAStartup(MAKEWORD(2,2), &wsaData) != NO_ERROR)\n            {\n                break;\n            }\n            wsaDataInit = 1;\n            listenSocket = socket(PF_INET, SOCK_STREAM, 0);\n            if (listenSocket == INVALID_SOCKET)\n            {\n                break;\n            }\n            memset(&service, 0, sizeof(service));\n            service.sin_family = AF_INET;\n            service.sin_addr.s_addr = INADDR_ANY;\n            service.sin_port = htons(LISTEN_PORT);\n            if (SOCKET_ERROR == bind(listenSocket, (struct sockaddr*)&service, sizeof(service)))\n            {\n                break;\n            }\n            if (SOCKET_ERROR == listen(listenSocket, LISTEN_BACKLOG))\n            {\n                break;\n            }\n            acceptSocket = accept(listenSocket, NULL, NULL);\n            if (acceptSocket == INVALID_SOCKET)\n            {\n                break;\n            }\n            /* INCIDENTAL CWE 188 - reliance on data memory layout\n             * recv and friends return \"number of bytes\" received\n             * char's on our system, however, may not be \"octets\" (8-bit\n             * bytes) but could be just about anything.  Also,\n             * even if the external environment is ASCII or UTF8,\n             * the ANSI/ISO C standard does not dictate that the\n             * character set used by the actual language or character\n             * constants matches.\n             *\n             * In practice none of these are usually issues...\n             */\n            /* FLAW: read the new hostname from a network socket */\n            recvResult = recv(acceptSocket, data, 100 - 1, 0);\n            if (recvResult == SOCKET_ERROR || recvResult == 0)\n            {\n                break;\n            }\n            data[recvResult] = '\\0';\n        }\n        while (0);\n        if (acceptSocket != INVALID_SOCKET)\n        {\n            closesocket(acceptSocket);\n        }\n        if (listenSocket != INVALID_SOCKET)\n        {\n            closesocket(listenSocket);\n        }\n        if (wsaDataInit)\n        {\n            WSACleanup();\n        }\n    }\n    /* POTENTIAL FLAW: set the hostname to data obtained from a potentially external source */\n    if (!SetComputerNameA(data))\n    {\n        printLine(\"Failure setting computer name\");\n        exit(1);\n    }\n}",
        "question": "Given that the parameter or function `PF_INET` is modified before the execution of the function `recv`, evaluate the potential impact on the outcomes of `recv`. Consider how `PF_INET` could influence `recv`, including its role as a direct parameter, its effect on controlling conditions, or its indirect impacts through other related variables or system states.",
        "choices": {
            "A": "The change to `PF_INET` directly alters the arguments passed to `recv`.",
            "B": "There is neither a direct nor a significant indirect relationship between the changes to `PF_INET` and the behavior or output of `recv`, suggesting no observable impact.",
            "C": "The modification of `PF_INET` might indirectly influence `recv` by modifying the control statement that controls the behavior of `recv`.",
            "D": "It is not possible to determine the effect without additional context."
        },
        "answer": "A",
        "distance": 2
    },
    {
        "case_id": 375,
        "code": "void CWE15_External_Control_of_System_or_Configuration_Setting__w32_01_bad()\n{\n    char * data;\n    char dataBuffer[100] = \"\";\n    data = dataBuffer;\n    {\n        WSADATA wsaData;\n        BOOL wsaDataInit = FALSE;\n        SOCKET listenSocket = INVALID_SOCKET;\n        SOCKET acceptSocket = INVALID_SOCKET;\n        struct sockaddr_in service;\n        int recvResult;\n        do\n        {\n            if (WSAStartup(MAKEWORD(2,2), &wsaData) != NO_ERROR)\n            {\n                break;\n            }\n            wsaDataInit = 1;\n            listenSocket = socket(PF_INET, SOCK_STREAM, 0);\n            if (listenSocket == INVALID_SOCKET)\n            {\n                break;\n            }\n            memset(&service, 0, sizeof(service));\n            service.sin_family = AF_INET;\n            service.sin_addr.s_addr = INADDR_ANY;\n            service.sin_port = htons(LISTEN_PORT);\n            if (SOCKET_ERROR == bind(listenSocket, (struct sockaddr*)&service, sizeof(service)))\n            {\n                break;\n            }\n            if (SOCKET_ERROR == listen(listenSocket, LISTEN_BACKLOG))\n            {\n                break;\n            }\n            acceptSocket = accept(listenSocket, NULL, NULL);\n            if (acceptSocket == INVALID_SOCKET)\n            {\n                break;\n            }\n            /* INCIDENTAL CWE 188 - reliance on data memory layout\n             * recv and friends return \"number of bytes\" received\n             * char's on our system, however, may not be \"octets\" (8-bit\n             * bytes) but could be just about anything.  Also,\n             * even if the external environment is ASCII or UTF8,\n             * the ANSI/ISO C standard does not dictate that the\n             * character set used by the actual language or character\n             * constants matches.\n             *\n             * In practice none of these are usually issues...\n             */\n            /* FLAW: read the new hostname from a network socket */\n            recvResult = recv(acceptSocket, data, 100 - 1, 0);\n            if (recvResult == SOCKET_ERROR || recvResult == 0)\n            {\n                break;\n            }\n            data[recvResult] = '\\0';\n        }\n        while (0);\n        if (acceptSocket != INVALID_SOCKET)\n        {\n            closesocket(acceptSocket);\n        }\n        if (listenSocket != INVALID_SOCKET)\n        {\n            closesocket(listenSocket);\n        }\n        if (wsaDataInit)\n        {\n            WSACleanup();\n        }\n    }\n    /* POTENTIAL FLAW: set the hostname to data obtained from a potentially external source */\n    if (!SetComputerNameA(data))\n    {\n        printLine(\"Failure setting computer name\");\n        exit(1);\n    }\n}",
        "question": "Given that the parameter or function `socket` is modified before the execution of the function `recv`, evaluate the potential impact on the outcomes of `recv`. Consider how `socket` could influence `recv`, including its role as a direct parameter, its effect on controlling conditions, or its indirect impacts through other related variables or system states.",
        "choices": {
            "A": "The change to `socket` directly alters the arguments passed to `recv`.",
            "B": "There is neither a direct nor a significant indirect relationship between the changes to `socket` and the behavior or output of `recv`, suggesting no observable impact.",
            "C": "The modification of `socket` might indirectly influence `recv` by modifying the control statement that controls the behavior of `recv`.",
            "D": "It is not possible to determine the effect without additional context."
        },
        "answer": "A",
        "distance": 2
    },
    {
        "case_id": 375,
        "code": "void CWE15_External_Control_of_System_or_Configuration_Setting__w32_01_bad()\n{\n    char * data;\n    char dataBuffer[100] = \"\";\n    data = dataBuffer;\n    {\n        WSADATA wsaData;\n        BOOL wsaDataInit = FALSE;\n        SOCKET listenSocket = INVALID_SOCKET;\n        SOCKET acceptSocket = INVALID_SOCKET;\n        struct sockaddr_in service;\n        int recvResult;\n        do\n        {\n            if (WSAStartup(MAKEWORD(2,2), &wsaData) != NO_ERROR)\n            {\n                break;\n            }\n            wsaDataInit = 1;\n            listenSocket = socket(PF_INET, SOCK_STREAM, 0);\n            if (listenSocket == INVALID_SOCKET)\n            {\n                break;\n            }\n            memset(&service, 0, sizeof(service));\n            service.sin_family = AF_INET;\n            service.sin_addr.s_addr = INADDR_ANY;\n            service.sin_port = htons(LISTEN_PORT);\n            if (SOCKET_ERROR == bind(listenSocket, (struct sockaddr*)&service, sizeof(service)))\n            {\n                break;\n            }\n            if (SOCKET_ERROR == listen(listenSocket, LISTEN_BACKLOG))\n            {\n                break;\n            }\n            acceptSocket = accept(listenSocket, NULL, NULL);\n            if (acceptSocket == INVALID_SOCKET)\n            {\n                break;\n            }\n            /* INCIDENTAL CWE 188 - reliance on data memory layout\n             * recv and friends return \"number of bytes\" received\n             * char's on our system, however, may not be \"octets\" (8-bit\n             * bytes) but could be just about anything.  Also,\n             * even if the external environment is ASCII or UTF8,\n             * the ANSI/ISO C standard does not dictate that the\n             * character set used by the actual language or character\n             * constants matches.\n             *\n             * In practice none of these are usually issues...\n             */\n            /* FLAW: read the new hostname from a network socket */\n            recvResult = recv(acceptSocket, data, 100 - 1, 0);\n            if (recvResult == SOCKET_ERROR || recvResult == 0)\n            {\n                break;\n            }\n            data[recvResult] = '\\0';\n        }\n        while (0);\n        if (acceptSocket != INVALID_SOCKET)\n        {\n            closesocket(acceptSocket);\n        }\n        if (listenSocket != INVALID_SOCKET)\n        {\n            closesocket(listenSocket);\n        }\n        if (wsaDataInit)\n        {\n            WSACleanup();\n        }\n    }\n    /* POTENTIAL FLAW: set the hostname to data obtained from a potentially external source */\n    if (!SetComputerNameA(data))\n    {\n        printLine(\"Failure setting computer name\");\n        exit(1);\n    }\n}",
        "question": "Given that the parameter or function `SOCK_STREAM` is modified before the execution of the function `recv`, evaluate the potential impact on the outcomes of `recv`. Consider how `SOCK_STREAM` could influence `recv`, including its role as a direct parameter, its effect on controlling conditions, or its indirect impacts through other related variables or system states.",
        "choices": {
            "A": "The change to `SOCK_STREAM` directly alters the arguments passed to `recv`.",
            "B": "There is neither a direct nor a significant indirect relationship between the changes to `SOCK_STREAM` and the behavior or output of `recv`, suggesting no observable impact.",
            "C": "The modification of `SOCK_STREAM` might indirectly influence `recv` by modifying the control statement that controls the behavior of `recv`.",
            "D": "It is not possible to determine the effect without additional context."
        },
        "answer": "A",
        "distance": 2
    },
    {
        "case_id": 375,
        "code": "void CWE15_External_Control_of_System_or_Configuration_Setting__w32_01_bad()\n{\n    char * data;\n    char dataBuffer[100] = \"\";\n    data = dataBuffer;\n    {\n        WSADATA wsaData;\n        BOOL wsaDataInit = FALSE;\n        SOCKET listenSocket = INVALID_SOCKET;\n        SOCKET acceptSocket = INVALID_SOCKET;\n        struct sockaddr_in service;\n        int recvResult;\n        do\n        {\n            if (WSAStartup(MAKEWORD(2,2), &wsaData) != NO_ERROR)\n            {\n                break;\n            }\n            wsaDataInit = 1;\n            listenSocket = socket(PF_INET, SOCK_STREAM, 0);\n            if (listenSocket == INVALID_SOCKET)\n            {\n                break;\n            }\n            memset(&service, 0, sizeof(service));\n            service.sin_family = AF_INET;\n            service.sin_addr.s_addr = INADDR_ANY;\n            service.sin_port = htons(LISTEN_PORT);\n            if (SOCKET_ERROR == bind(listenSocket, (struct sockaddr*)&service, sizeof(service)))\n            {\n                break;\n            }\n            if (SOCKET_ERROR == listen(listenSocket, LISTEN_BACKLOG))\n            {\n                break;\n            }\n            acceptSocket = accept(listenSocket, NULL, NULL);\n            if (acceptSocket == INVALID_SOCKET)\n            {\n                break;\n            }\n            /* INCIDENTAL CWE 188 - reliance on data memory layout\n             * recv and friends return \"number of bytes\" received\n             * char's on our system, however, may not be \"octets\" (8-bit\n             * bytes) but could be just about anything.  Also,\n             * even if the external environment is ASCII or UTF8,\n             * the ANSI/ISO C standard does not dictate that the\n             * character set used by the actual language or character\n             * constants matches.\n             *\n             * In practice none of these are usually issues...\n             */\n            /* FLAW: read the new hostname from a network socket */\n            recvResult = recv(acceptSocket, data, 100 - 1, 0);\n            if (recvResult == SOCKET_ERROR || recvResult == 0)\n            {\n                break;\n            }\n            data[recvResult] = '\\0';\n        }\n        while (0);\n        if (acceptSocket != INVALID_SOCKET)\n        {\n            closesocket(acceptSocket);\n        }\n        if (listenSocket != INVALID_SOCKET)\n        {\n            closesocket(listenSocket);\n        }\n        if (wsaDataInit)\n        {\n            WSACleanup();\n        }\n    }\n    /* POTENTIAL FLAW: set the hostname to data obtained from a potentially external source */\n    if (!SetComputerNameA(data))\n    {\n        printLine(\"Failure setting computer name\");\n        exit(1);\n    }\n}",
        "question": "Given that the parameter or function `INVALID_SOCKET` is modified before the execution of the function `accept`, evaluate the potential impact on the outcomes of `accept`. Consider how `INVALID_SOCKET` could influence `accept`, including its role as a direct parameter, its effect on controlling conditions, or its indirect impacts through other related variables or system states.",
        "choices": {
            "A": "The change to `INVALID_SOCKET` directly alters the arguments passed to `accept`.",
            "B": "There is neither a direct nor a significant indirect relationship between the changes to `INVALID_SOCKET` and the behavior or output of `accept`, suggesting no observable impact.",
            "C": "The modification of `INVALID_SOCKET` might indirectly influence `accept` by modifying the control statement that controls the behavior of `accept`.",
            "D": "It is not possible to determine the effect without additional context."
        },
        "answer": "A",
        "distance": 1
    },
    {
        "case_id": 375,
        "code": "void CWE15_External_Control_of_System_or_Configuration_Setting__w32_01_bad()\n{\n    char * data;\n    char dataBuffer[100] = \"\";\n    data = dataBuffer;\n    {\n        WSADATA wsaData;\n        BOOL wsaDataInit = FALSE;\n        SOCKET listenSocket = INVALID_SOCKET;\n        SOCKET acceptSocket = INVALID_SOCKET;\n        struct sockaddr_in service;\n        int recvResult;\n        do\n        {\n            if (WSAStartup(MAKEWORD(2,2), &wsaData) != NO_ERROR)\n            {\n                break;\n            }\n            wsaDataInit = 1;\n            listenSocket = socket(PF_INET, SOCK_STREAM, 0);\n            if (listenSocket == INVALID_SOCKET)\n            {\n                break;\n            }\n            memset(&service, 0, sizeof(service));\n            service.sin_family = AF_INET;\n            service.sin_addr.s_addr = INADDR_ANY;\n            service.sin_port = htons(LISTEN_PORT);\n            if (SOCKET_ERROR == bind(listenSocket, (struct sockaddr*)&service, sizeof(service)))\n            {\n                break;\n            }\n            if (SOCKET_ERROR == listen(listenSocket, LISTEN_BACKLOG))\n            {\n                break;\n            }\n            acceptSocket = accept(listenSocket, NULL, NULL);\n            if (acceptSocket == INVALID_SOCKET)\n            {\n                break;\n            }\n            /* INCIDENTAL CWE 188 - reliance on data memory layout\n             * recv and friends return \"number of bytes\" received\n             * char's on our system, however, may not be \"octets\" (8-bit\n             * bytes) but could be just about anything.  Also,\n             * even if the external environment is ASCII or UTF8,\n             * the ANSI/ISO C standard does not dictate that the\n             * character set used by the actual language or character\n             * constants matches.\n             *\n             * In practice none of these are usually issues...\n             */\n            /* FLAW: read the new hostname from a network socket */\n            recvResult = recv(acceptSocket, data, 100 - 1, 0);\n            if (recvResult == SOCKET_ERROR || recvResult == 0)\n            {\n                break;\n            }\n            data[recvResult] = '\\0';\n        }\n        while (0);\n        if (acceptSocket != INVALID_SOCKET)\n        {\n            closesocket(acceptSocket);\n        }\n        if (listenSocket != INVALID_SOCKET)\n        {\n            closesocket(listenSocket);\n        }\n        if (wsaDataInit)\n        {\n            WSACleanup();\n        }\n    }\n    /* POTENTIAL FLAW: set the hostname to data obtained from a potentially external source */\n    if (!SetComputerNameA(data))\n    {\n        printLine(\"Failure setting computer name\");\n        exit(1);\n    }\n}",
        "question": "Given that the parameter or function `memset` is modified before the execution of the function `accept`, evaluate the potential impact on the outcomes of `accept`. Consider how `memset` could influence `accept`, including its role as a direct parameter, its effect on controlling conditions, or its indirect impacts through other related variables or system states.",
        "choices": {
            "A": "The change to `memset` directly alters the arguments passed to `accept`.",
            "B": "There is neither a direct nor a significant indirect relationship between the changes to `memset` and the behavior or output of `accept`, suggesting no observable impact.",
            "C": "The modification of `memset` might indirectly influence `accept` by modifying the control statement that controls the behavior of `accept`.",
            "D": "It is not possible to determine the effect without additional context."
        },
        "answer": "B",
        "distance": 0
    },
    {
        "case_id": 375,
        "code": "void CWE15_External_Control_of_System_or_Configuration_Setting__w32_01_bad()\n{\n    char * data;\n    char dataBuffer[100] = \"\";\n    data = dataBuffer;\n    {\n        WSADATA wsaData;\n        BOOL wsaDataInit = FALSE;\n        SOCKET listenSocket = INVALID_SOCKET;\n        SOCKET acceptSocket = INVALID_SOCKET;\n        struct sockaddr_in service;\n        int recvResult;\n        do\n        {\n            if (WSAStartup(MAKEWORD(2,2), &wsaData) != NO_ERROR)\n            {\n                break;\n            }\n            wsaDataInit = 1;\n            listenSocket = socket(PF_INET, SOCK_STREAM, 0);\n            if (listenSocket == INVALID_SOCKET)\n            {\n                break;\n            }\n            memset(&service, 0, sizeof(service));\n            service.sin_family = AF_INET;\n            service.sin_addr.s_addr = INADDR_ANY;\n            service.sin_port = htons(LISTEN_PORT);\n            if (SOCKET_ERROR == bind(listenSocket, (struct sockaddr*)&service, sizeof(service)))\n            {\n                break;\n            }\n            if (SOCKET_ERROR == listen(listenSocket, LISTEN_BACKLOG))\n            {\n                break;\n            }\n            acceptSocket = accept(listenSocket, NULL, NULL);\n            if (acceptSocket == INVALID_SOCKET)\n            {\n                break;\n            }\n            /* INCIDENTAL CWE 188 - reliance on data memory layout\n             * recv and friends return \"number of bytes\" received\n             * char's on our system, however, may not be \"octets\" (8-bit\n             * bytes) but could be just about anything.  Also,\n             * even if the external environment is ASCII or UTF8,\n             * the ANSI/ISO C standard does not dictate that the\n             * character set used by the actual language or character\n             * constants matches.\n             *\n             * In practice none of these are usually issues...\n             */\n            /* FLAW: read the new hostname from a network socket */\n            recvResult = recv(acceptSocket, data, 100 - 1, 0);\n            if (recvResult == SOCKET_ERROR || recvResult == 0)\n            {\n                break;\n            }\n            data[recvResult] = '\\0';\n        }\n        while (0);\n        if (acceptSocket != INVALID_SOCKET)\n        {\n            closesocket(acceptSocket);\n        }\n        if (listenSocket != INVALID_SOCKET)\n        {\n            closesocket(listenSocket);\n        }\n        if (wsaDataInit)\n        {\n            WSACleanup();\n        }\n    }\n    /* POTENTIAL FLAW: set the hostname to data obtained from a potentially external source */\n    if (!SetComputerNameA(data))\n    {\n        printLine(\"Failure setting computer name\");\n        exit(1);\n    }\n}",
        "question": "Given that the parameter or function `SetComputerNameA` is modified before the execution of the function `accept`, evaluate the potential impact on the outcomes of `accept`. Consider how `SetComputerNameA` could influence `accept`, including its role as a direct parameter, its effect on controlling conditions, or its indirect impacts through other related variables or system states.",
        "choices": {
            "A": "The change to `SetComputerNameA` directly alters the arguments passed to `accept`.",
            "B": "There is neither a direct nor a significant indirect relationship between the changes to `SetComputerNameA` and the behavior or output of `accept`, suggesting no observable impact.",
            "C": "The modification of `SetComputerNameA` might indirectly influence `accept` by modifying the control statement that controls the behavior of `accept`.",
            "D": "It is not possible to determine the effect without additional context."
        },
        "answer": "B",
        "distance": 0
    },
    {
        "case_id": 375,
        "code": "void CWE15_External_Control_of_System_or_Configuration_Setting__w32_01_bad()\n{\n    char * data;\n    char dataBuffer[100] = \"\";\n    data = dataBuffer;\n    {\n        WSADATA wsaData;\n        BOOL wsaDataInit = FALSE;\n        SOCKET listenSocket = INVALID_SOCKET;\n        SOCKET acceptSocket = INVALID_SOCKET;\n        struct sockaddr_in service;\n        int recvResult;\n        do\n        {\n            if (WSAStartup(MAKEWORD(2,2), &wsaData) != NO_ERROR)\n            {\n                break;\n            }\n            wsaDataInit = 1;\n            listenSocket = socket(PF_INET, SOCK_STREAM, 0);\n            if (listenSocket == INVALID_SOCKET)\n            {\n                break;\n            }\n            memset(&service, 0, sizeof(service));\n            service.sin_family = AF_INET;\n            service.sin_addr.s_addr = INADDR_ANY;\n            service.sin_port = htons(LISTEN_PORT);\n            if (SOCKET_ERROR == bind(listenSocket, (struct sockaddr*)&service, sizeof(service)))\n            {\n                break;\n            }\n            if (SOCKET_ERROR == listen(listenSocket, LISTEN_BACKLOG))\n            {\n                break;\n            }\n            acceptSocket = accept(listenSocket, NULL, NULL);\n            if (acceptSocket == INVALID_SOCKET)\n            {\n                break;\n            }\n            /* INCIDENTAL CWE 188 - reliance on data memory layout\n             * recv and friends return \"number of bytes\" received\n             * char's on our system, however, may not be \"octets\" (8-bit\n             * bytes) but could be just about anything.  Also,\n             * even if the external environment is ASCII or UTF8,\n             * the ANSI/ISO C standard does not dictate that the\n             * character set used by the actual language or character\n             * constants matches.\n             *\n             * In practice none of these are usually issues...\n             */\n            /* FLAW: read the new hostname from a network socket */\n            recvResult = recv(acceptSocket, data, 100 - 1, 0);\n            if (recvResult == SOCKET_ERROR || recvResult == 0)\n            {\n                break;\n            }\n            data[recvResult] = '\\0';\n        }\n        while (0);\n        if (acceptSocket != INVALID_SOCKET)\n        {\n            closesocket(acceptSocket);\n        }\n        if (listenSocket != INVALID_SOCKET)\n        {\n            closesocket(listenSocket);\n        }\n        if (wsaDataInit)\n        {\n            WSACleanup();\n        }\n    }\n    /* POTENTIAL FLAW: set the hostname to data obtained from a potentially external source */\n    if (!SetComputerNameA(data))\n    {\n        printLine(\"Failure setting computer name\");\n        exit(1);\n    }\n}",
        "question": "Given that the parameter or function `bind` is modified before the execution of the function `accept`, evaluate the potential impact on the outcomes of `accept`. Consider how `bind` could influence `accept`, including its role as a direct parameter, its effect on controlling conditions, or its indirect impacts through other related variables or system states.",
        "choices": {
            "A": "The change to `bind` directly alters the arguments passed to `accept`.",
            "B": "There is neither a direct nor a significant indirect relationship between the changes to `bind` and the behavior or output of `accept`, suggesting no observable impact.",
            "C": "The modification of `bind` might indirectly influence `accept` by modifying the control statement that controls the behavior of `accept`.",
            "D": "It is not possible to determine the effect without additional context."
        },
        "answer": "B",
        "distance": 0
    },
    {
        "case_id": 375,
        "code": "void CWE15_External_Control_of_System_or_Configuration_Setting__w32_01_bad()\n{\n    char * data;\n    char dataBuffer[100] = \"\";\n    data = dataBuffer;\n    {\n        WSADATA wsaData;\n        BOOL wsaDataInit = FALSE;\n        SOCKET listenSocket = INVALID_SOCKET;\n        SOCKET acceptSocket = INVALID_SOCKET;\n        struct sockaddr_in service;\n        int recvResult;\n        do\n        {\n            if (WSAStartup(MAKEWORD(2,2), &wsaData) != NO_ERROR)\n            {\n                break;\n            }\n            wsaDataInit = 1;\n            listenSocket = socket(PF_INET, SOCK_STREAM, 0);\n            if (listenSocket == INVALID_SOCKET)\n            {\n                break;\n            }\n            memset(&service, 0, sizeof(service));\n            service.sin_family = AF_INET;\n            service.sin_addr.s_addr = INADDR_ANY;\n            service.sin_port = htons(LISTEN_PORT);\n            if (SOCKET_ERROR == bind(listenSocket, (struct sockaddr*)&service, sizeof(service)))\n            {\n                break;\n            }\n            if (SOCKET_ERROR == listen(listenSocket, LISTEN_BACKLOG))\n            {\n                break;\n            }\n            acceptSocket = accept(listenSocket, NULL, NULL);\n            if (acceptSocket == INVALID_SOCKET)\n            {\n                break;\n            }\n            /* INCIDENTAL CWE 188 - reliance on data memory layout\n             * recv and friends return \"number of bytes\" received\n             * char's on our system, however, may not be \"octets\" (8-bit\n             * bytes) but could be just about anything.  Also,\n             * even if the external environment is ASCII or UTF8,\n             * the ANSI/ISO C standard does not dictate that the\n             * character set used by the actual language or character\n             * constants matches.\n             *\n             * In practice none of these are usually issues...\n             */\n            /* FLAW: read the new hostname from a network socket */\n            recvResult = recv(acceptSocket, data, 100 - 1, 0);\n            if (recvResult == SOCKET_ERROR || recvResult == 0)\n            {\n                break;\n            }\n            data[recvResult] = '\\0';\n        }\n        while (0);\n        if (acceptSocket != INVALID_SOCKET)\n        {\n            closesocket(acceptSocket);\n        }\n        if (listenSocket != INVALID_SOCKET)\n        {\n            closesocket(listenSocket);\n        }\n        if (wsaDataInit)\n        {\n            WSACleanup();\n        }\n    }\n    /* POTENTIAL FLAW: set the hostname to data obtained from a potentially external source */\n    if (!SetComputerNameA(data))\n    {\n        printLine(\"Failure setting computer name\");\n        exit(1);\n    }\n}",
        "question": "Given that the parameter or function `htons` is modified before the execution of the function `accept`, evaluate the potential impact on the outcomes of `accept`. Consider how `htons` could influence `accept`, including its role as a direct parameter, its effect on controlling conditions, or its indirect impacts through other related variables or system states.",
        "choices": {
            "A": "The change to `htons` directly alters the arguments passed to `accept`.",
            "B": "There is neither a direct nor a significant indirect relationship between the changes to `htons` and the behavior or output of `accept`, suggesting no observable impact.",
            "C": "The modification of `htons` might indirectly influence `accept` by modifying the control statement that controls the behavior of `accept`.",
            "D": "It is not possible to determine the effect without additional context."
        },
        "answer": "B",
        "distance": 0
    },
    {
        "case_id": 375,
        "code": "void CWE15_External_Control_of_System_or_Configuration_Setting__w32_01_bad()\n{\n    char * data;\n    char dataBuffer[100] = \"\";\n    data = dataBuffer;\n    {\n        WSADATA wsaData;\n        BOOL wsaDataInit = FALSE;\n        SOCKET listenSocket = INVALID_SOCKET;\n        SOCKET acceptSocket = INVALID_SOCKET;\n        struct sockaddr_in service;\n        int recvResult;\n        do\n        {\n            if (WSAStartup(MAKEWORD(2,2), &wsaData) != NO_ERROR)\n            {\n                break;\n            }\n            wsaDataInit = 1;\n            listenSocket = socket(PF_INET, SOCK_STREAM, 0);\n            if (listenSocket == INVALID_SOCKET)\n            {\n                break;\n            }\n            memset(&service, 0, sizeof(service));\n            service.sin_family = AF_INET;\n            service.sin_addr.s_addr = INADDR_ANY;\n            service.sin_port = htons(LISTEN_PORT);\n            if (SOCKET_ERROR == bind(listenSocket, (struct sockaddr*)&service, sizeof(service)))\n            {\n                break;\n            }\n            if (SOCKET_ERROR == listen(listenSocket, LISTEN_BACKLOG))\n            {\n                break;\n            }\n            acceptSocket = accept(listenSocket, NULL, NULL);\n            if (acceptSocket == INVALID_SOCKET)\n            {\n                break;\n            }\n            /* INCIDENTAL CWE 188 - reliance on data memory layout\n             * recv and friends return \"number of bytes\" received\n             * char's on our system, however, may not be \"octets\" (8-bit\n             * bytes) but could be just about anything.  Also,\n             * even if the external environment is ASCII or UTF8,\n             * the ANSI/ISO C standard does not dictate that the\n             * character set used by the actual language or character\n             * constants matches.\n             *\n             * In practice none of these are usually issues...\n             */\n            /* FLAW: read the new hostname from a network socket */\n            recvResult = recv(acceptSocket, data, 100 - 1, 0);\n            if (recvResult == SOCKET_ERROR || recvResult == 0)\n            {\n                break;\n            }\n            data[recvResult] = '\\0';\n        }\n        while (0);\n        if (acceptSocket != INVALID_SOCKET)\n        {\n            closesocket(acceptSocket);\n        }\n        if (listenSocket != INVALID_SOCKET)\n        {\n            closesocket(listenSocket);\n        }\n        if (wsaDataInit)\n        {\n            WSACleanup();\n        }\n    }\n    /* POTENTIAL FLAW: set the hostname to data obtained from a potentially external source */\n    if (!SetComputerNameA(data))\n    {\n        printLine(\"Failure setting computer name\");\n        exit(1);\n    }\n}",
        "question": "Given that the parameter or function `dataBuffer` is modified before the execution of the function `exit`, evaluate the potential impact on the outcomes of `exit`. Consider how `dataBuffer` could influence `exit`, including its role as a direct parameter, its effect on controlling conditions, or its indirect impacts through other related variables or system states.",
        "choices": {
            "A": "The change to `dataBuffer` directly alters the arguments passed to `exit`.",
            "B": "There is neither a direct nor a significant indirect relationship between the changes to `dataBuffer` and the behavior or output of `exit`, suggesting no observable impact.",
            "C": "The modification of `dataBuffer` might indirectly influence `exit` by modifying the control statement that controls the behavior of `exit`.",
            "D": "It is not possible to determine the effect without additional context."
        },
        "answer": "C",
        "distance": 1
    },
    {
        "case_id": 375,
        "code": "void CWE15_External_Control_of_System_or_Configuration_Setting__w32_01_bad()\n{\n    char * data;\n    char dataBuffer[100] = \"\";\n    data = dataBuffer;\n    {\n        WSADATA wsaData;\n        BOOL wsaDataInit = FALSE;\n        SOCKET listenSocket = INVALID_SOCKET;\n        SOCKET acceptSocket = INVALID_SOCKET;\n        struct sockaddr_in service;\n        int recvResult;\n        do\n        {\n            if (WSAStartup(MAKEWORD(2,2), &wsaData) != NO_ERROR)\n            {\n                break;\n            }\n            wsaDataInit = 1;\n            listenSocket = socket(PF_INET, SOCK_STREAM, 0);\n            if (listenSocket == INVALID_SOCKET)\n            {\n                break;\n            }\n            memset(&service, 0, sizeof(service));\n            service.sin_family = AF_INET;\n            service.sin_addr.s_addr = INADDR_ANY;\n            service.sin_port = htons(LISTEN_PORT);\n            if (SOCKET_ERROR == bind(listenSocket, (struct sockaddr*)&service, sizeof(service)))\n            {\n                break;\n            }\n            if (SOCKET_ERROR == listen(listenSocket, LISTEN_BACKLOG))\n            {\n                break;\n            }\n            acceptSocket = accept(listenSocket, NULL, NULL);\n            if (acceptSocket == INVALID_SOCKET)\n            {\n                break;\n            }\n            /* INCIDENTAL CWE 188 - reliance on data memory layout\n             * recv and friends return \"number of bytes\" received\n             * char's on our system, however, may not be \"octets\" (8-bit\n             * bytes) but could be just about anything.  Also,\n             * even if the external environment is ASCII or UTF8,\n             * the ANSI/ISO C standard does not dictate that the\n             * character set used by the actual language or character\n             * constants matches.\n             *\n             * In practice none of these are usually issues...\n             */\n            /* FLAW: read the new hostname from a network socket */\n            recvResult = recv(acceptSocket, data, 100 - 1, 0);\n            if (recvResult == SOCKET_ERROR || recvResult == 0)\n            {\n                break;\n            }\n            data[recvResult] = '\\0';\n        }\n        while (0);\n        if (acceptSocket != INVALID_SOCKET)\n        {\n            closesocket(acceptSocket);\n        }\n        if (listenSocket != INVALID_SOCKET)\n        {\n            closesocket(listenSocket);\n        }\n        if (wsaDataInit)\n        {\n            WSACleanup();\n        }\n    }\n    /* POTENTIAL FLAW: set the hostname to data obtained from a potentially external source */\n    if (!SetComputerNameA(data))\n    {\n        printLine(\"Failure setting computer name\");\n        exit(1);\n    }\n}",
        "question": "Given that the parameter or function `recvResult` is modified before the execution of the function `exit`, evaluate the potential impact on the outcomes of `exit`. Consider how `recvResult` could influence `exit`, including its role as a direct parameter, its effect on controlling conditions, or its indirect impacts through other related variables or system states.",
        "choices": {
            "A": "The change to `recvResult` directly alters the arguments passed to `exit`.",
            "B": "There is neither a direct nor a significant indirect relationship between the changes to `recvResult` and the behavior or output of `exit`, suggesting no observable impact.",
            "C": "The modification of `recvResult` might indirectly influence `exit` by modifying the control statement that controls the behavior of `exit`.",
            "D": "It is not possible to determine the effect without additional context."
        },
        "answer": "C",
        "distance": 1
    },
    {
        "case_id": 375,
        "code": "void CWE15_External_Control_of_System_or_Configuration_Setting__w32_01_bad()\n{\n    char * data;\n    char dataBuffer[100] = \"\";\n    data = dataBuffer;\n    {\n        WSADATA wsaData;\n        BOOL wsaDataInit = FALSE;\n        SOCKET listenSocket = INVALID_SOCKET;\n        SOCKET acceptSocket = INVALID_SOCKET;\n        struct sockaddr_in service;\n        int recvResult;\n        do\n        {\n            if (WSAStartup(MAKEWORD(2,2), &wsaData) != NO_ERROR)\n            {\n                break;\n            }\n            wsaDataInit = 1;\n            listenSocket = socket(PF_INET, SOCK_STREAM, 0);\n            if (listenSocket == INVALID_SOCKET)\n            {\n                break;\n            }\n            memset(&service, 0, sizeof(service));\n            service.sin_family = AF_INET;\n            service.sin_addr.s_addr = INADDR_ANY;\n            service.sin_port = htons(LISTEN_PORT);\n            if (SOCKET_ERROR == bind(listenSocket, (struct sockaddr*)&service, sizeof(service)))\n            {\n                break;\n            }\n            if (SOCKET_ERROR == listen(listenSocket, LISTEN_BACKLOG))\n            {\n                break;\n            }\n            acceptSocket = accept(listenSocket, NULL, NULL);\n            if (acceptSocket == INVALID_SOCKET)\n            {\n                break;\n            }\n            /* INCIDENTAL CWE 188 - reliance on data memory layout\n             * recv and friends return \"number of bytes\" received\n             * char's on our system, however, may not be \"octets\" (8-bit\n             * bytes) but could be just about anything.  Also,\n             * even if the external environment is ASCII or UTF8,\n             * the ANSI/ISO C standard does not dictate that the\n             * character set used by the actual language or character\n             * constants matches.\n             *\n             * In practice none of these are usually issues...\n             */\n            /* FLAW: read the new hostname from a network socket */\n            recvResult = recv(acceptSocket, data, 100 - 1, 0);\n            if (recvResult == SOCKET_ERROR || recvResult == 0)\n            {\n                break;\n            }\n            data[recvResult] = '\\0';\n        }\n        while (0);\n        if (acceptSocket != INVALID_SOCKET)\n        {\n            closesocket(acceptSocket);\n        }\n        if (listenSocket != INVALID_SOCKET)\n        {\n            closesocket(listenSocket);\n        }\n        if (wsaDataInit)\n        {\n            WSACleanup();\n        }\n    }\n    /* POTENTIAL FLAW: set the hostname to data obtained from a potentially external source */\n    if (!SetComputerNameA(data))\n    {\n        printLine(\"Failure setting computer name\");\n        exit(1);\n    }\n}",
        "question": "Given that the parameter or function `dataBuffer` is modified before the execution of the function `printLine`, evaluate the potential impact on the outcomes of `printLine`. Consider how `dataBuffer` could influence `printLine`, including its role as a direct parameter, its effect on controlling conditions, or its indirect impacts through other related variables or system states.",
        "choices": {
            "A": "The change to `dataBuffer` directly alters the arguments passed to `printLine`.",
            "B": "There is neither a direct nor a significant indirect relationship between the changes to `dataBuffer` and the behavior or output of `printLine`, suggesting no observable impact.",
            "C": "The modification of `dataBuffer` might indirectly influence `printLine` by modifying the control statement that controls the behavior of `printLine`.",
            "D": "It is not possible to determine the effect without additional context."
        },
        "answer": "C",
        "distance": 1
    },
    {
        "case_id": 375,
        "code": "void CWE15_External_Control_of_System_or_Configuration_Setting__w32_01_bad()\n{\n    char * data;\n    char dataBuffer[100] = \"\";\n    data = dataBuffer;\n    {\n        WSADATA wsaData;\n        BOOL wsaDataInit = FALSE;\n        SOCKET listenSocket = INVALID_SOCKET;\n        SOCKET acceptSocket = INVALID_SOCKET;\n        struct sockaddr_in service;\n        int recvResult;\n        do\n        {\n            if (WSAStartup(MAKEWORD(2,2), &wsaData) != NO_ERROR)\n            {\n                break;\n            }\n            wsaDataInit = 1;\n            listenSocket = socket(PF_INET, SOCK_STREAM, 0);\n            if (listenSocket == INVALID_SOCKET)\n            {\n                break;\n            }\n            memset(&service, 0, sizeof(service));\n            service.sin_family = AF_INET;\n            service.sin_addr.s_addr = INADDR_ANY;\n            service.sin_port = htons(LISTEN_PORT);\n            if (SOCKET_ERROR == bind(listenSocket, (struct sockaddr*)&service, sizeof(service)))\n            {\n                break;\n            }\n            if (SOCKET_ERROR == listen(listenSocket, LISTEN_BACKLOG))\n            {\n                break;\n            }\n            acceptSocket = accept(listenSocket, NULL, NULL);\n            if (acceptSocket == INVALID_SOCKET)\n            {\n                break;\n            }\n            /* INCIDENTAL CWE 188 - reliance on data memory layout\n             * recv and friends return \"number of bytes\" received\n             * char's on our system, however, may not be \"octets\" (8-bit\n             * bytes) but could be just about anything.  Also,\n             * even if the external environment is ASCII or UTF8,\n             * the ANSI/ISO C standard does not dictate that the\n             * character set used by the actual language or character\n             * constants matches.\n             *\n             * In practice none of these are usually issues...\n             */\n            /* FLAW: read the new hostname from a network socket */\n            recvResult = recv(acceptSocket, data, 100 - 1, 0);\n            if (recvResult == SOCKET_ERROR || recvResult == 0)\n            {\n                break;\n            }\n            data[recvResult] = '\\0';\n        }\n        while (0);\n        if (acceptSocket != INVALID_SOCKET)\n        {\n            closesocket(acceptSocket);\n        }\n        if (listenSocket != INVALID_SOCKET)\n        {\n            closesocket(listenSocket);\n        }\n        if (wsaDataInit)\n        {\n            WSACleanup();\n        }\n    }\n    /* POTENTIAL FLAW: set the hostname to data obtained from a potentially external source */\n    if (!SetComputerNameA(data))\n    {\n        printLine(\"Failure setting computer name\");\n        exit(1);\n    }\n}",
        "question": "Given that the parameter or function `recvResult` is modified before the execution of the function `printLine`, evaluate the potential impact on the outcomes of `printLine`. Consider how `recvResult` could influence `printLine`, including its role as a direct parameter, its effect on controlling conditions, or its indirect impacts through other related variables or system states.",
        "choices": {
            "A": "The change to `recvResult` directly alters the arguments passed to `printLine`.",
            "B": "There is neither a direct nor a significant indirect relationship between the changes to `recvResult` and the behavior or output of `printLine`, suggesting no observable impact.",
            "C": "The modification of `recvResult` might indirectly influence `printLine` by modifying the control statement that controls the behavior of `printLine`.",
            "D": "It is not possible to determine the effect without additional context."
        },
        "answer": "C",
        "distance": 1
    }
]