[
    {
        "case_id": 6427,
        "code": "void CWE758_Undefined_Behavior__char_pointer_alloca_use_01_bad()\n{\n    {\n        char * * pointer = (char * *)ALLOCA(sizeof(char *));\n        char * data = *pointer; /* FLAW: the value pointed to by pointer is undefined */\n        printLine(data);\n    }\n}",
        "question": "Given that the parameter or function `ALLOCA` is modified before the execution of the function `printLine`, evaluate the potential impact on the outcomes of `printLine`. Consider how `ALLOCA` could influence `printLine`, including its role as a direct parameter, its effect on controlling conditions, or its indirect impacts through other related variables or system states.",
        "choices": {
            "A": "The change to `ALLOCA` directly alters the arguments passed to `printLine`.",
            "B": "There is neither a direct nor a significant indirect relationship between the changes to `ALLOCA` and the behavior or output of `printLine`, suggesting no observable impact.",
            "C": "The modification of `ALLOCA` might indirectly influence `printLine` by modifying the control statement that controls the behavior of `printLine`.",
            "D": "It is not possible to determine the effect without additional context."
        },
        "answer": "A",
        "distance": 2
    },
    {
        "case_id": 6427,
        "code": "void CWE758_Undefined_Behavior__char_pointer_alloca_use_01_bad()\n{\n    {\n        char * * pointer = (char * *)ALLOCA(sizeof(char *));\n        char * data = *pointer; /* FLAW: the value pointed to by pointer is undefined */\n        printLine(data);\n    }\n}",
        "question": "Given that the parameter or function `char` is modified before the execution of the function `printLine`, evaluate the potential impact on the outcomes of `printLine`. Consider how `char` could influence `printLine`, including its role as a direct parameter, its effect on controlling conditions, or its indirect impacts through other related variables or system states.",
        "choices": {
            "A": "The change to `char` directly alters the arguments passed to `printLine`.",
            "B": "There is neither a direct nor a significant indirect relationship between the changes to `char` and the behavior or output of `printLine`, suggesting no observable impact.",
            "C": "The modification of `char` might indirectly influence `printLine` by modifying the control statement that controls the behavior of `printLine`.",
            "D": "It is not possible to determine the effect without additional context."
        },
        "answer": "A",
        "distance": 2
    },
    {
        "case_id": 6427,
        "code": "void CWE758_Undefined_Behavior__char_pointer_alloca_use_01_bad()\n{\n    {\n        char * * pointer = (char * *)ALLOCA(sizeof(char *));\n        char * data = *pointer; /* FLAW: the value pointed to by pointer is undefined */\n        printLine(data);\n    }\n}",
        "question": "Given that the parameter or function `pointer` is modified before the execution of the function `printLine`, evaluate the potential impact on the outcomes of `printLine`. Consider how `pointer` could influence `printLine`, including its role as a direct parameter, its effect on controlling conditions, or its indirect impacts through other related variables or system states.",
        "choices": {
            "A": "The change to `pointer` directly alters the arguments passed to `printLine`.",
            "B": "There is neither a direct nor a significant indirect relationship between the changes to `pointer` and the behavior or output of `printLine`, suggesting no observable impact.",
            "C": "The modification of `pointer` might indirectly influence `printLine` by modifying the control statement that controls the behavior of `printLine`.",
            "D": "It is not possible to determine the effect without additional context."
        },
        "answer": "A",
        "distance": 1
    },
    {
        "case_id": 6427,
        "code": "void CWE758_Undefined_Behavior__char_pointer_alloca_use_01_bad()\n{\n    {\n        char * * pointer = (char * *)ALLOCA(sizeof(char *));\n        char * data = *pointer; /* FLAW: the value pointed to by pointer is undefined */\n        printLine(data);\n    }\n}",
        "question": "Given that the parameter or function `data` is modified before the execution of the function `printLine`, evaluate the potential impact on the outcomes of `printLine`. Consider how `data` could influence `printLine`, including its role as a direct parameter, its effect on controlling conditions, or its indirect impacts through other related variables or system states.",
        "choices": {
            "A": "The change to `data` directly alters the arguments passed to `printLine`.",
            "B": "There is neither a direct nor a significant indirect relationship between the changes to `data` and the behavior or output of `printLine`, suggesting no observable impact.",
            "C": "The modification of `data` might indirectly influence `printLine` by modifying the control statement that controls the behavior of `printLine`.",
            "D": "It is not possible to determine the effect without additional context."
        },
        "answer": "A",
        "distance": 1
    },
    {
        "case_id": 6427,
        "code": "void CWE758_Undefined_Behavior__char_pointer_alloca_use_01_bad()\n{\n    {\n        char * * pointer = (char * *)ALLOCA(sizeof(char *));\n        char * data = *pointer; /* FLAW: the value pointed to by pointer is undefined */\n        printLine(data);\n    }\n}",
        "question": "Given that the parameter or function `printLine` is modified before the execution of the function `ALLOCA`, evaluate the potential impact on the outcomes of `ALLOCA`. Consider how `printLine` could influence `ALLOCA`, including its role as a direct parameter, its effect on controlling conditions, or its indirect impacts through other related variables or system states.",
        "choices": {
            "A": "The change to `printLine` directly alters the arguments passed to `ALLOCA`.",
            "B": "There is neither a direct nor a significant indirect relationship between the changes to `printLine` and the behavior or output of `ALLOCA`, suggesting no observable impact.",
            "C": "The modification of `printLine` might indirectly influence `ALLOCA` by modifying the control statement that controls the behavior of `ALLOCA`.",
            "D": "It is not possible to determine the effect without additional context."
        },
        "answer": "B",
        "distance": 0
    },
    {
        "case_id": 6427,
        "code": "void CWE758_Undefined_Behavior__char_pointer_alloca_use_01_bad()\n{\n    {\n        char * * pointer = (char * *)ALLOCA(sizeof(char *));\n        char * data = *pointer; /* FLAW: the value pointed to by pointer is undefined */\n        printLine(data);\n    }\n}",
        "question": "Given that the parameter or function `data` is modified before the execution of the function `ALLOCA`, evaluate the potential impact on the outcomes of `ALLOCA`. Consider how `data` could influence `ALLOCA`, including its role as a direct parameter, its effect on controlling conditions, or its indirect impacts through other related variables or system states.",
        "choices": {
            "A": "The change to `data` directly alters the arguments passed to `ALLOCA`.",
            "B": "There is neither a direct nor a significant indirect relationship between the changes to `data` and the behavior or output of `ALLOCA`, suggesting no observable impact.",
            "C": "The modification of `data` might indirectly influence `ALLOCA` by modifying the control statement that controls the behavior of `ALLOCA`.",
            "D": "It is not possible to determine the effect without additional context."
        },
        "answer": "B",
        "distance": 0
    }
]