[
    {
        "case_id": 7200,
        "code": "void CWE785_Path_Manipulation_Function_Without_Max_Sized_Buffer__w32_01_bad()\n{\n    {\n        char path[BAD_PATH_SIZE];\n        DWORD length;\n        length = GetCurrentDirectoryA(BAD_PATH_SIZE, path);\n        if (length == 0 || length >= BAD_PATH_SIZE) /* failure conditions for this API call */\n        {\n            exit(1);\n        }\n        /* FLAW: PathAppend assumes the 'path' parameter is MAX_PATH */\n        /* INCIDENTAL: CWE 121 stack based buffer overflow, which is intrinsic to\n         * this example identified on the CWE webpage */\n        if (!PathAppendA(path, \"AAAAAAAAAAAA\"))\n        {\n            exit(1);\n        }\n        printSizeTLine(strlen(path));\n        printIntLine(BAD_PATH_SIZE);\n        printLine(path);\n    }\n}",
        "question": "Given that the parameter or function `path` is modified before the execution of the function `strlen`, evaluate the potential impact on the outcomes of `strlen`. Consider how `path` could influence `strlen`, including its role as a direct parameter, its effect on controlling conditions, or its indirect impacts through other related variables or system states.",
        "choices": {
            "A": "The change to `path` directly alters the arguments passed to `strlen`.",
            "B": "There is neither a direct nor a significant indirect relationship between the changes to `path` and the behavior or output of `strlen`, suggesting no observable impact.",
            "C": "The modification of `path` might indirectly influence `strlen` by modifying the control statement that controls the behavior of `strlen`.",
            "D": "It is not possible to determine the effect without additional context."
        },
        "answer": "A",
        "distance": 1
    },
    {
        "case_id": 7200,
        "code": "void CWE785_Path_Manipulation_Function_Without_Max_Sized_Buffer__w32_01_bad()\n{\n    {\n        char path[BAD_PATH_SIZE];\n        DWORD length;\n        length = GetCurrentDirectoryA(BAD_PATH_SIZE, path);\n        if (length == 0 || length >= BAD_PATH_SIZE) /* failure conditions for this API call */\n        {\n            exit(1);\n        }\n        /* FLAW: PathAppend assumes the 'path' parameter is MAX_PATH */\n        /* INCIDENTAL: CWE 121 stack based buffer overflow, which is intrinsic to\n         * this example identified on the CWE webpage */\n        if (!PathAppendA(path, \"AAAAAAAAAAAA\"))\n        {\n            exit(1);\n        }\n        printSizeTLine(strlen(path));\n        printIntLine(BAD_PATH_SIZE);\n        printLine(path);\n    }\n}",
        "question": "Given that the parameter or function `path` is modified before the execution of the function `printLine`, evaluate the potential impact on the outcomes of `printLine`. Consider how `path` could influence `printLine`, including its role as a direct parameter, its effect on controlling conditions, or its indirect impacts through other related variables or system states.",
        "choices": {
            "A": "The change to `path` directly alters the arguments passed to `printLine`.",
            "B": "There is neither a direct nor a significant indirect relationship between the changes to `path` and the behavior or output of `printLine`, suggesting no observable impact.",
            "C": "The modification of `path` might indirectly influence `printLine` by modifying the control statement that controls the behavior of `printLine`.",
            "D": "It is not possible to determine the effect without additional context."
        },
        "answer": "A",
        "distance": 1
    },
    {
        "case_id": 7200,
        "code": "void CWE785_Path_Manipulation_Function_Without_Max_Sized_Buffer__w32_01_bad()\n{\n    {\n        char path[BAD_PATH_SIZE];\n        DWORD length;\n        length = GetCurrentDirectoryA(BAD_PATH_SIZE, path);\n        if (length == 0 || length >= BAD_PATH_SIZE) /* failure conditions for this API call */\n        {\n            exit(1);\n        }\n        /* FLAW: PathAppend assumes the 'path' parameter is MAX_PATH */\n        /* INCIDENTAL: CWE 121 stack based buffer overflow, which is intrinsic to\n         * this example identified on the CWE webpage */\n        if (!PathAppendA(path, \"AAAAAAAAAAAA\"))\n        {\n            exit(1);\n        }\n        printSizeTLine(strlen(path));\n        printIntLine(BAD_PATH_SIZE);\n        printLine(path);\n    }\n}",
        "question": "Given that the parameter or function `BAD_PATH_SIZE` is modified before the execution of the function `printIntLine`, evaluate the potential impact on the outcomes of `printIntLine`. Consider how `BAD_PATH_SIZE` could influence `printIntLine`, including its role as a direct parameter, its effect on controlling conditions, or its indirect impacts through other related variables or system states.",
        "choices": {
            "A": "The change to `BAD_PATH_SIZE` directly alters the arguments passed to `printIntLine`.",
            "B": "There is neither a direct nor a significant indirect relationship between the changes to `BAD_PATH_SIZE` and the behavior or output of `printIntLine`, suggesting no observable impact.",
            "C": "The modification of `BAD_PATH_SIZE` might indirectly influence `printIntLine` by modifying the control statement that controls the behavior of `printIntLine`.",
            "D": "It is not possible to determine the effect without additional context."
        },
        "answer": "A",
        "distance": 1
    },
    {
        "case_id": 7200,
        "code": "void CWE785_Path_Manipulation_Function_Without_Max_Sized_Buffer__w32_01_bad()\n{\n    {\n        char path[BAD_PATH_SIZE];\n        DWORD length;\n        length = GetCurrentDirectoryA(BAD_PATH_SIZE, path);\n        if (length == 0 || length >= BAD_PATH_SIZE) /* failure conditions for this API call */\n        {\n            exit(1);\n        }\n        /* FLAW: PathAppend assumes the 'path' parameter is MAX_PATH */\n        /* INCIDENTAL: CWE 121 stack based buffer overflow, which is intrinsic to\n         * this example identified on the CWE webpage */\n        if (!PathAppendA(path, \"AAAAAAAAAAAA\"))\n        {\n            exit(1);\n        }\n        printSizeTLine(strlen(path));\n        printIntLine(BAD_PATH_SIZE);\n        printLine(path);\n    }\n}",
        "question": "Given that the parameter or function `path` is modified before the execution of the function `GetCurrentDirectoryA`, evaluate the potential impact on the outcomes of `GetCurrentDirectoryA`. Consider how `path` could influence `GetCurrentDirectoryA`, including its role as a direct parameter, its effect on controlling conditions, or its indirect impacts through other related variables or system states.",
        "choices": {
            "A": "The change to `path` directly alters the arguments passed to `GetCurrentDirectoryA`.",
            "B": "There is neither a direct nor a significant indirect relationship between the changes to `path` and the behavior or output of `GetCurrentDirectoryA`, suggesting no observable impact.",
            "C": "The modification of `path` might indirectly influence `GetCurrentDirectoryA` by modifying the control statement that controls the behavior of `GetCurrentDirectoryA`.",
            "D": "It is not possible to determine the effect without additional context."
        },
        "answer": "A",
        "distance": 1
    },
    {
        "case_id": 7200,
        "code": "void CWE785_Path_Manipulation_Function_Without_Max_Sized_Buffer__w32_01_bad()\n{\n    {\n        char path[BAD_PATH_SIZE];\n        DWORD length;\n        length = GetCurrentDirectoryA(BAD_PATH_SIZE, path);\n        if (length == 0 || length >= BAD_PATH_SIZE) /* failure conditions for this API call */\n        {\n            exit(1);\n        }\n        /* FLAW: PathAppend assumes the 'path' parameter is MAX_PATH */\n        /* INCIDENTAL: CWE 121 stack based buffer overflow, which is intrinsic to\n         * this example identified on the CWE webpage */\n        if (!PathAppendA(path, \"AAAAAAAAAAAA\"))\n        {\n            exit(1);\n        }\n        printSizeTLine(strlen(path));\n        printIntLine(BAD_PATH_SIZE);\n        printLine(path);\n    }\n}",
        "question": "Given that the parameter or function `printLine` is modified before the execution of the function `strlen`, evaluate the potential impact on the outcomes of `strlen`. Consider how `printLine` could influence `strlen`, including its role as a direct parameter, its effect on controlling conditions, or its indirect impacts through other related variables or system states.",
        "choices": {
            "A": "The change to `printLine` directly alters the arguments passed to `strlen`.",
            "B": "There is neither a direct nor a significant indirect relationship between the changes to `printLine` and the behavior or output of `strlen`, suggesting no observable impact.",
            "C": "The modification of `printLine` might indirectly influence `strlen` by modifying the control statement that controls the behavior of `strlen`.",
            "D": "It is not possible to determine the effect without additional context."
        },
        "answer": "B",
        "distance": 0
    },
    {
        "case_id": 7200,
        "code": "void CWE785_Path_Manipulation_Function_Without_Max_Sized_Buffer__w32_01_bad()\n{\n    {\n        char path[BAD_PATH_SIZE];\n        DWORD length;\n        length = GetCurrentDirectoryA(BAD_PATH_SIZE, path);\n        if (length == 0 || length >= BAD_PATH_SIZE) /* failure conditions for this API call */\n        {\n            exit(1);\n        }\n        /* FLAW: PathAppend assumes the 'path' parameter is MAX_PATH */\n        /* INCIDENTAL: CWE 121 stack based buffer overflow, which is intrinsic to\n         * this example identified on the CWE webpage */\n        if (!PathAppendA(path, \"AAAAAAAAAAAA\"))\n        {\n            exit(1);\n        }\n        printSizeTLine(strlen(path));\n        printIntLine(BAD_PATH_SIZE);\n        printLine(path);\n    }\n}",
        "question": "Given that the parameter or function `printSizeTLine` is modified before the execution of the function `strlen`, evaluate the potential impact on the outcomes of `strlen`. Consider how `printSizeTLine` could influence `strlen`, including its role as a direct parameter, its effect on controlling conditions, or its indirect impacts through other related variables or system states.",
        "choices": {
            "A": "The change to `printSizeTLine` directly alters the arguments passed to `strlen`.",
            "B": "There is neither a direct nor a significant indirect relationship between the changes to `printSizeTLine` and the behavior or output of `strlen`, suggesting no observable impact.",
            "C": "The modification of `printSizeTLine` might indirectly influence `strlen` by modifying the control statement that controls the behavior of `strlen`.",
            "D": "It is not possible to determine the effect without additional context."
        },
        "answer": "B",
        "distance": 0
    },
    {
        "case_id": 7200,
        "code": "void CWE785_Path_Manipulation_Function_Without_Max_Sized_Buffer__w32_01_bad()\n{\n    {\n        char path[BAD_PATH_SIZE];\n        DWORD length;\n        length = GetCurrentDirectoryA(BAD_PATH_SIZE, path);\n        if (length == 0 || length >= BAD_PATH_SIZE) /* failure conditions for this API call */\n        {\n            exit(1);\n        }\n        /* FLAW: PathAppend assumes the 'path' parameter is MAX_PATH */\n        /* INCIDENTAL: CWE 121 stack based buffer overflow, which is intrinsic to\n         * this example identified on the CWE webpage */\n        if (!PathAppendA(path, \"AAAAAAAAAAAA\"))\n        {\n            exit(1);\n        }\n        printSizeTLine(strlen(path));\n        printIntLine(BAD_PATH_SIZE);\n        printLine(path);\n    }\n}",
        "question": "Given that the parameter or function `printIntLine` is modified before the execution of the function `strlen`, evaluate the potential impact on the outcomes of `strlen`. Consider how `printIntLine` could influence `strlen`, including its role as a direct parameter, its effect on controlling conditions, or its indirect impacts through other related variables or system states.",
        "choices": {
            "A": "The change to `printIntLine` directly alters the arguments passed to `strlen`.",
            "B": "There is neither a direct nor a significant indirect relationship between the changes to `printIntLine` and the behavior or output of `strlen`, suggesting no observable impact.",
            "C": "The modification of `printIntLine` might indirectly influence `strlen` by modifying the control statement that controls the behavior of `strlen`.",
            "D": "It is not possible to determine the effect without additional context."
        },
        "answer": "B",
        "distance": 0
    },
    {
        "case_id": 7200,
        "code": "void CWE785_Path_Manipulation_Function_Without_Max_Sized_Buffer__w32_01_bad()\n{\n    {\n        char path[BAD_PATH_SIZE];\n        DWORD length;\n        length = GetCurrentDirectoryA(BAD_PATH_SIZE, path);\n        if (length == 0 || length >= BAD_PATH_SIZE) /* failure conditions for this API call */\n        {\n            exit(1);\n        }\n        /* FLAW: PathAppend assumes the 'path' parameter is MAX_PATH */\n        /* INCIDENTAL: CWE 121 stack based buffer overflow, which is intrinsic to\n         * this example identified on the CWE webpage */\n        if (!PathAppendA(path, \"AAAAAAAAAAAA\"))\n        {\n            exit(1);\n        }\n        printSizeTLine(strlen(path));\n        printIntLine(BAD_PATH_SIZE);\n        printLine(path);\n    }\n}",
        "question": "Given that the parameter or function `GetCurrentDirectoryA` is modified before the execution of the function `strlen`, evaluate the potential impact on the outcomes of `strlen`. Consider how `GetCurrentDirectoryA` could influence `strlen`, including its role as a direct parameter, its effect on controlling conditions, or its indirect impacts through other related variables or system states.",
        "choices": {
            "A": "The change to `GetCurrentDirectoryA` directly alters the arguments passed to `strlen`.",
            "B": "There is neither a direct nor a significant indirect relationship between the changes to `GetCurrentDirectoryA` and the behavior or output of `strlen`, suggesting no observable impact.",
            "C": "The modification of `GetCurrentDirectoryA` might indirectly influence `strlen` by modifying the control statement that controls the behavior of `strlen`.",
            "D": "It is not possible to determine the effect without additional context."
        },
        "answer": "B",
        "distance": 0
    }
]