[
    {
        "case_id": 2766,
        "code": "void CWE328_Reversible_One_Way_Hash__w32_MD2_01_bad()\n{\n    {\n        HCRYPTPROV hCryptProv;\n        HCRYPTHASH hHash;\n        FILE *pFile = NULL;\n        char password[PASSWORD_INPUT_SIZE];\n        UCHAR savedHash[MD2_SUM_SIZE], calcHash[MD2_SUM_SIZE];\n        DWORD hashSize;\n        char *replace;\n        size_t i;\n        pFile = fopen(\"password.txt\", \"r\");\n        if (pFile == NULL)\n        {\n            exit(1);\n        }\n        for (i = 0; i < MD2_SUM_SIZE; i++)\n        {\n            ULONG val;\n            if (fscanf(pFile, \"%02x\", &val) != 1)\n            {\n                fclose(pFile);\n                exit(1);\n            }\n            if (val > 0xff) /* EXPECTED INCIDENTAL: Reliance on data memory layout, we assume char is at least 8 bits */\n            {\n                fclose(pFile);\n                exit(1);\n            }\n            savedHash[i] = (UCHAR)val;\n        }\n        if (pFile)\n        {\n            fclose(pFile);\n        }\n        if (fgets(password, PASSWORD_INPUT_SIZE, stdin) == NULL)\n        {\n            exit(1);\n        }\n        replace = strchr(password, '\\r');\n        if (replace)\n        {\n            *replace = '\\0';\n        }\n        replace = strchr(password, '\\n');\n        if (replace)\n        {\n            *replace = '\\0';\n        }\n        if (!CryptAcquireContextW(&hCryptProv, 0, 0, PROV_RSA_FULL, 0))\n        {\n            exit(1);\n        }\n        /* FLAW: Use a reversible hash (MD2) */\n        if (!CryptCreateHash(hCryptProv, CALG_MD2, 0, 0, &hHash))\n        {\n            CryptReleaseContext(hCryptProv, 0);\n            exit(1);\n        }\n        /* EXPECTED INCIDENTAL: We did not salt the password, that may raise flags,\n         * the password hash was not securely transmitted (via one form or another),\n         * that may raise flags\n         */\n        if (!CryptHashData(hHash, (BYTE*)password, strlen(password), 0))\n        {\n            CryptDestroyHash(hHash);\n            CryptReleaseContext(hCryptProv, 0);\n            exit(1);\n        }\n        hashSize = MD2_SUM_SIZE;\n        if (!CryptGetHashParam(hHash, HP_HASHVAL, (BYTE*)calcHash, &hashSize, 0))\n        {\n            CryptDestroyHash(hHash);\n            CryptReleaseContext(hCryptProv, 0);\n            exit(1);\n        }\n        if (memcmp(savedHash, calcHash, MD2_SUM_SIZE * sizeof(UCHAR)) == 0)\n        {\n            printLine(\"Access granted\");\n        }\n        else\n        {\n            printLine(\"Access denied\");\n        }\n        if (hHash)\n        {\n            CryptDestroyHash(hHash);\n        }\n        if (hCryptProv)\n        {\n            CryptReleaseContext(hCryptProv, 0);\n        }\n    }\n}",
        "question": "Given that the parameter or function `CryptDestroyHash` is modified before the execution of the function `fopen`, evaluate the potential impact on the outcomes of `fopen`. Consider how `CryptDestroyHash` could influence `fopen`, including its role as a direct parameter, its effect on controlling conditions, or its indirect impacts through other related variables or system states.",
        "choices": {
            "A": "The change to `CryptDestroyHash` directly alters the arguments passed to `fopen`.",
            "B": "There is neither a direct nor a significant indirect relationship between the changes to `CryptDestroyHash` and the behavior or output of `fopen`, suggesting no observable impact.",
            "C": "The modification of `CryptDestroyHash` might indirectly influence `fopen` by modifying the control statement that controls the behavior of `fopen`.",
            "D": "It is not possible to determine the effect without additional context."
        },
        "answer": "B",
        "distance": 0
    },
    {
        "case_id": 2766,
        "code": "void CWE328_Reversible_One_Way_Hash__w32_MD2_01_bad()\n{\n    {\n        HCRYPTPROV hCryptProv;\n        HCRYPTHASH hHash;\n        FILE *pFile = NULL;\n        char password[PASSWORD_INPUT_SIZE];\n        UCHAR savedHash[MD2_SUM_SIZE], calcHash[MD2_SUM_SIZE];\n        DWORD hashSize;\n        char *replace;\n        size_t i;\n        pFile = fopen(\"password.txt\", \"r\");\n        if (pFile == NULL)\n        {\n            exit(1);\n        }\n        for (i = 0; i < MD2_SUM_SIZE; i++)\n        {\n            ULONG val;\n            if (fscanf(pFile, \"%02x\", &val) != 1)\n            {\n                fclose(pFile);\n                exit(1);\n            }\n            if (val > 0xff) /* EXPECTED INCIDENTAL: Reliance on data memory layout, we assume char is at least 8 bits */\n            {\n                fclose(pFile);\n                exit(1);\n            }\n            savedHash[i] = (UCHAR)val;\n        }\n        if (pFile)\n        {\n            fclose(pFile);\n        }\n        if (fgets(password, PASSWORD_INPUT_SIZE, stdin) == NULL)\n        {\n            exit(1);\n        }\n        replace = strchr(password, '\\r');\n        if (replace)\n        {\n            *replace = '\\0';\n        }\n        replace = strchr(password, '\\n');\n        if (replace)\n        {\n            *replace = '\\0';\n        }\n        if (!CryptAcquireContextW(&hCryptProv, 0, 0, PROV_RSA_FULL, 0))\n        {\n            exit(1);\n        }\n        /* FLAW: Use a reversible hash (MD2) */\n        if (!CryptCreateHash(hCryptProv, CALG_MD2, 0, 0, &hHash))\n        {\n            CryptReleaseContext(hCryptProv, 0);\n            exit(1);\n        }\n        /* EXPECTED INCIDENTAL: We did not salt the password, that may raise flags,\n         * the password hash was not securely transmitted (via one form or another),\n         * that may raise flags\n         */\n        if (!CryptHashData(hHash, (BYTE*)password, strlen(password), 0))\n        {\n            CryptDestroyHash(hHash);\n            CryptReleaseContext(hCryptProv, 0);\n            exit(1);\n        }\n        hashSize = MD2_SUM_SIZE;\n        if (!CryptGetHashParam(hHash, HP_HASHVAL, (BYTE*)calcHash, &hashSize, 0))\n        {\n            CryptDestroyHash(hHash);\n            CryptReleaseContext(hCryptProv, 0);\n            exit(1);\n        }\n        if (memcmp(savedHash, calcHash, MD2_SUM_SIZE * sizeof(UCHAR)) == 0)\n        {\n            printLine(\"Access granted\");\n        }\n        else\n        {\n            printLine(\"Access denied\");\n        }\n        if (hHash)\n        {\n            CryptDestroyHash(hHash);\n        }\n        if (hCryptProv)\n        {\n            CryptReleaseContext(hCryptProv, 0);\n        }\n    }\n}",
        "question": "Given that the parameter or function `printLine` is modified before the execution of the function `fopen`, evaluate the potential impact on the outcomes of `fopen`. Consider how `printLine` could influence `fopen`, including its role as a direct parameter, its effect on controlling conditions, or its indirect impacts through other related variables or system states.",
        "choices": {
            "A": "The change to `printLine` directly alters the arguments passed to `fopen`.",
            "B": "There is neither a direct nor a significant indirect relationship between the changes to `printLine` and the behavior or output of `fopen`, suggesting no observable impact.",
            "C": "The modification of `printLine` might indirectly influence `fopen` by modifying the control statement that controls the behavior of `fopen`.",
            "D": "It is not possible to determine the effect without additional context."
        },
        "answer": "B",
        "distance": 0
    },
    {
        "case_id": 2766,
        "code": "void CWE328_Reversible_One_Way_Hash__w32_MD2_01_bad()\n{\n    {\n        HCRYPTPROV hCryptProv;\n        HCRYPTHASH hHash;\n        FILE *pFile = NULL;\n        char password[PASSWORD_INPUT_SIZE];\n        UCHAR savedHash[MD2_SUM_SIZE], calcHash[MD2_SUM_SIZE];\n        DWORD hashSize;\n        char *replace;\n        size_t i;\n        pFile = fopen(\"password.txt\", \"r\");\n        if (pFile == NULL)\n        {\n            exit(1);\n        }\n        for (i = 0; i < MD2_SUM_SIZE; i++)\n        {\n            ULONG val;\n            if (fscanf(pFile, \"%02x\", &val) != 1)\n            {\n                fclose(pFile);\n                exit(1);\n            }\n            if (val > 0xff) /* EXPECTED INCIDENTAL: Reliance on data memory layout, we assume char is at least 8 bits */\n            {\n                fclose(pFile);\n                exit(1);\n            }\n            savedHash[i] = (UCHAR)val;\n        }\n        if (pFile)\n        {\n            fclose(pFile);\n        }\n        if (fgets(password, PASSWORD_INPUT_SIZE, stdin) == NULL)\n        {\n            exit(1);\n        }\n        replace = strchr(password, '\\r');\n        if (replace)\n        {\n            *replace = '\\0';\n        }\n        replace = strchr(password, '\\n');\n        if (replace)\n        {\n            *replace = '\\0';\n        }\n        if (!CryptAcquireContextW(&hCryptProv, 0, 0, PROV_RSA_FULL, 0))\n        {\n            exit(1);\n        }\n        /* FLAW: Use a reversible hash (MD2) */\n        if (!CryptCreateHash(hCryptProv, CALG_MD2, 0, 0, &hHash))\n        {\n            CryptReleaseContext(hCryptProv, 0);\n            exit(1);\n        }\n        /* EXPECTED INCIDENTAL: We did not salt the password, that may raise flags,\n         * the password hash was not securely transmitted (via one form or another),\n         * that may raise flags\n         */\n        if (!CryptHashData(hHash, (BYTE*)password, strlen(password), 0))\n        {\n            CryptDestroyHash(hHash);\n            CryptReleaseContext(hCryptProv, 0);\n            exit(1);\n        }\n        hashSize = MD2_SUM_SIZE;\n        if (!CryptGetHashParam(hHash, HP_HASHVAL, (BYTE*)calcHash, &hashSize, 0))\n        {\n            CryptDestroyHash(hHash);\n            CryptReleaseContext(hCryptProv, 0);\n            exit(1);\n        }\n        if (memcmp(savedHash, calcHash, MD2_SUM_SIZE * sizeof(UCHAR)) == 0)\n        {\n            printLine(\"Access granted\");\n        }\n        else\n        {\n            printLine(\"Access denied\");\n        }\n        if (hHash)\n        {\n            CryptDestroyHash(hHash);\n        }\n        if (hCryptProv)\n        {\n            CryptReleaseContext(hCryptProv, 0);\n        }\n    }\n}",
        "question": "Given that the parameter or function `savedHash` is modified before the execution of the function `fopen`, evaluate the potential impact on the outcomes of `fopen`. Consider how `savedHash` could influence `fopen`, including its role as a direct parameter, its effect on controlling conditions, or its indirect impacts through other related variables or system states.",
        "choices": {
            "A": "The change to `savedHash` directly alters the arguments passed to `fopen`.",
            "B": "There is neither a direct nor a significant indirect relationship between the changes to `savedHash` and the behavior or output of `fopen`, suggesting no observable impact.",
            "C": "The modification of `savedHash` might indirectly influence `fopen` by modifying the control statement that controls the behavior of `fopen`.",
            "D": "It is not possible to determine the effect without additional context."
        },
        "answer": "B",
        "distance": 0
    },
    {
        "case_id": 2766,
        "code": "void CWE328_Reversible_One_Way_Hash__w32_MD2_01_bad()\n{\n    {\n        HCRYPTPROV hCryptProv;\n        HCRYPTHASH hHash;\n        FILE *pFile = NULL;\n        char password[PASSWORD_INPUT_SIZE];\n        UCHAR savedHash[MD2_SUM_SIZE], calcHash[MD2_SUM_SIZE];\n        DWORD hashSize;\n        char *replace;\n        size_t i;\n        pFile = fopen(\"password.txt\", \"r\");\n        if (pFile == NULL)\n        {\n            exit(1);\n        }\n        for (i = 0; i < MD2_SUM_SIZE; i++)\n        {\n            ULONG val;\n            if (fscanf(pFile, \"%02x\", &val) != 1)\n            {\n                fclose(pFile);\n                exit(1);\n            }\n            if (val > 0xff) /* EXPECTED INCIDENTAL: Reliance on data memory layout, we assume char is at least 8 bits */\n            {\n                fclose(pFile);\n                exit(1);\n            }\n            savedHash[i] = (UCHAR)val;\n        }\n        if (pFile)\n        {\n            fclose(pFile);\n        }\n        if (fgets(password, PASSWORD_INPUT_SIZE, stdin) == NULL)\n        {\n            exit(1);\n        }\n        replace = strchr(password, '\\r');\n        if (replace)\n        {\n            *replace = '\\0';\n        }\n        replace = strchr(password, '\\n');\n        if (replace)\n        {\n            *replace = '\\0';\n        }\n        if (!CryptAcquireContextW(&hCryptProv, 0, 0, PROV_RSA_FULL, 0))\n        {\n            exit(1);\n        }\n        /* FLAW: Use a reversible hash (MD2) */\n        if (!CryptCreateHash(hCryptProv, CALG_MD2, 0, 0, &hHash))\n        {\n            CryptReleaseContext(hCryptProv, 0);\n            exit(1);\n        }\n        /* EXPECTED INCIDENTAL: We did not salt the password, that may raise flags,\n         * the password hash was not securely transmitted (via one form or another),\n         * that may raise flags\n         */\n        if (!CryptHashData(hHash, (BYTE*)password, strlen(password), 0))\n        {\n            CryptDestroyHash(hHash);\n            CryptReleaseContext(hCryptProv, 0);\n            exit(1);\n        }\n        hashSize = MD2_SUM_SIZE;\n        if (!CryptGetHashParam(hHash, HP_HASHVAL, (BYTE*)calcHash, &hashSize, 0))\n        {\n            CryptDestroyHash(hHash);\n            CryptReleaseContext(hCryptProv, 0);\n            exit(1);\n        }\n        if (memcmp(savedHash, calcHash, MD2_SUM_SIZE * sizeof(UCHAR)) == 0)\n        {\n            printLine(\"Access granted\");\n        }\n        else\n        {\n            printLine(\"Access denied\");\n        }\n        if (hHash)\n        {\n            CryptDestroyHash(hHash);\n        }\n        if (hCryptProv)\n        {\n            CryptReleaseContext(hCryptProv, 0);\n        }\n    }\n}",
        "question": "Given that the parameter or function `val` is modified before the execution of the function `fopen`, evaluate the potential impact on the outcomes of `fopen`. Consider how `val` could influence `fopen`, including its role as a direct parameter, its effect on controlling conditions, or its indirect impacts through other related variables or system states.",
        "choices": {
            "A": "The change to `val` directly alters the arguments passed to `fopen`.",
            "B": "There is neither a direct nor a significant indirect relationship between the changes to `val` and the behavior or output of `fopen`, suggesting no observable impact.",
            "C": "The modification of `val` might indirectly influence `fopen` by modifying the control statement that controls the behavior of `fopen`.",
            "D": "It is not possible to determine the effect without additional context."
        },
        "answer": "B",
        "distance": 0
    }
]