[
    {
        "case_id": 5797,
        "code": "void CWE617_Reachable_Assertion__rand_01_bad()\n{\n    int data;\n    /* Initialize data */\n    data = -1;\n    /* POTENTIAL FLAW: Set data to a random value */\n    data = RAND32();\n    /* POTENTIAL FLAW: this assertion could trigger if n <= ASSERT_VALUE */\n    assert(data > ASSERT_VALUE);\n}",
        "question": "Given that the parameter or function `data > ASSERT_VALUE` is modified before the execution of the function `assert`, evaluate the potential impact on the outcomes of `assert`. Consider how `data > ASSERT_VALUE` could influence `assert`, including its role as a direct parameter, its effect on controlling conditions, or its indirect impacts through other related variables or system states.",
        "choices": {
            "A": "The change to `data > ASSERT_VALUE` directly alters the arguments passed to `assert`.",
            "B": "There is neither a direct nor a significant indirect relationship between the changes to `data > ASSERT_VALUE` and the behavior or output of `assert`, suggesting no observable impact.",
            "C": "The modification of `data > ASSERT_VALUE` might indirectly influence `assert` by modifying the control statement that controls the behavior of `assert`.",
            "D": "It is not possible to determine the effect without additional context."
        },
        "answer": "A",
        "distance": 1
    },
    {
        "case_id": 5797,
        "code": "void CWE617_Reachable_Assertion__rand_01_bad()\n{\n    int data;\n    /* Initialize data */\n    data = -1;\n    /* POTENTIAL FLAW: Set data to a random value */\n    data = RAND32();\n    /* POTENTIAL FLAW: this assertion could trigger if n <= ASSERT_VALUE */\n    assert(data > ASSERT_VALUE);\n}",
        "question": "Given that the parameter or function `RAND32` is modified before the execution of the function `assert`, evaluate the potential impact on the outcomes of `assert`. Consider how `RAND32` could influence `assert`, including its role as a direct parameter, its effect on controlling conditions, or its indirect impacts through other related variables or system states.",
        "choices": {
            "A": "The change to `RAND32` directly alters the arguments passed to `assert`.",
            "B": "There is neither a direct nor a significant indirect relationship between the changes to `RAND32` and the behavior or output of `assert`, suggesting no observable impact.",
            "C": "The modification of `RAND32` might indirectly influence `assert` by modifying the control statement that controls the behavior of `assert`.",
            "D": "It is not possible to determine the effect without additional context."
        },
        "answer": "B",
        "distance": 0
    },
    {
        "case_id": 5797,
        "code": "void CWE617_Reachable_Assertion__rand_01_bad()\n{\n    int data;\n    /* Initialize data */\n    data = -1;\n    /* POTENTIAL FLAW: Set data to a random value */\n    data = RAND32();\n    /* POTENTIAL FLAW: this assertion could trigger if n <= ASSERT_VALUE */\n    assert(data > ASSERT_VALUE);\n}",
        "question": "Given that the parameter or function `-1` is modified before the execution of the function `assert`, evaluate the potential impact on the outcomes of `assert`. Consider how `-1` could influence `assert`, including its role as a direct parameter, its effect on controlling conditions, or its indirect impacts through other related variables or system states.",
        "choices": {
            "A": "The change to `-1` directly alters the arguments passed to `assert`.",
            "B": "There is neither a direct nor a significant indirect relationship between the changes to `-1` and the behavior or output of `assert`, suggesting no observable impact.",
            "C": "The modification of `-1` might indirectly influence `assert` by modifying the control statement that controls the behavior of `assert`.",
            "D": "It is not possible to determine the effect without additional context."
        },
        "answer": "B",
        "distance": 0
    },
    {
        "case_id": 5797,
        "code": "void CWE617_Reachable_Assertion__rand_01_bad()\n{\n    int data;\n    /* Initialize data */\n    data = -1;\n    /* POTENTIAL FLAW: Set data to a random value */\n    data = RAND32();\n    /* POTENTIAL FLAW: this assertion could trigger if n <= ASSERT_VALUE */\n    assert(data > ASSERT_VALUE);\n}",
        "question": "Given that the parameter or function `data` is modified before the execution of the function `assert`, evaluate the potential impact on the outcomes of `assert`. Consider how `data` could influence `assert`, including its role as a direct parameter, its effect on controlling conditions, or its indirect impacts through other related variables or system states.",
        "choices": {
            "A": "The change to `data` directly alters the arguments passed to `assert`.",
            "B": "There is neither a direct nor a significant indirect relationship between the changes to `data` and the behavior or output of `assert`, suggesting no observable impact.",
            "C": "The modification of `data` might indirectly influence `assert` by modifying the control statement that controls the behavior of `assert`.",
            "D": "It is not possible to determine the effect without additional context."
        },
        "answer": "B",
        "distance": 0
    },
    {
        "case_id": 5797,
        "code": "void CWE617_Reachable_Assertion__rand_01_bad()\n{\n    int data;\n    /* Initialize data */\n    data = -1;\n    /* POTENTIAL FLAW: Set data to a random value */\n    data = RAND32();\n    /* POTENTIAL FLAW: this assertion could trigger if n <= ASSERT_VALUE */\n    assert(data > ASSERT_VALUE);\n}",
        "question": "Given that the parameter or function `assert` is modified before the execution of the function `RAND32`, evaluate the potential impact on the outcomes of `RAND32`. Consider how `assert` could influence `RAND32`, including its role as a direct parameter, its effect on controlling conditions, or its indirect impacts through other related variables or system states.",
        "choices": {
            "A": "The change to `assert` directly alters the arguments passed to `RAND32`.",
            "B": "There is neither a direct nor a significant indirect relationship between the changes to `assert` and the behavior or output of `RAND32`, suggesting no observable impact.",
            "C": "The modification of `assert` might indirectly influence `RAND32` by modifying the control statement that controls the behavior of `RAND32`.",
            "D": "It is not possible to determine the effect without additional context."
        },
        "answer": "B",
        "distance": 0
    }
]