[
    {
        "case_id": 4555,
        "code": "void CWE506_Embedded_Malicious_Code__file_transfer_listen_socket_01_bad()\n{\n    {\n#ifdef _WIN32\n        WSADATA wsaData;\n        int wsaDataInit = 0;\n#endif\n        struct sockaddr_in service;\n        SOCKET listenSocket = INVALID_SOCKET;\n        SOCKET acceptSocket = INVALID_SOCKET;\n        char contents[65536]; /* Assume file contents is less than 65k to make this test case easier to implement */\n        FILE * pFile;\n        pFile = fopen(FILENAME, \"r\");\n        if (pFile != NULL)\n        {\n            if (fgets(contents, (int)(65535), pFile) == NULL)\n            {\n                printLine(\"fgets() failed\");\n                /* Restore NUL terminator if fgets fails */\n                contents[0] = '\\0';\n            }\n            fclose(pFile);\n        }\n        do\n        {\n#ifdef _WIN32\n            if (WSAStartup(MAKEWORD(2,2), &wsaData) != NO_ERROR)\n            {\n                break;\n            }\n            wsaDataInit = 1;\n#endif\n            listenSocket = socket(AF_INET, SOCK_STREAM, IPPROTO_TCP);\n            if (listenSocket == INVALID_SOCKET)\n            {\n                break;\n            }\n            memset(&service, 0, sizeof(service));\n            service.sin_family = AF_INET;\n            service.sin_addr.s_addr = INADDR_ANY;\n            service.sin_port = htons(TCP_PORT);\n            if (bind(listenSocket, (struct sockaddr*)&service, sizeof(service)) == SOCKET_ERROR)\n            {\n                break;\n            }\n            if (listen(listenSocket, LISTEN_BACKLOG) == SOCKET_ERROR)\n            {\n                break;\n            }\n            acceptSocket = accept(listenSocket, NULL, NULL);\n            if (acceptSocket == SOCKET_ERROR)\n            {\n                break;\n            }\n            /* FLAW: Send the contents of a file over the network */\n            if (send(acceptSocket, contents, strlen(contents), 0) != strlen(contents))\n            {\n                break;\n            }\n        }\n        while (0);\n        if (listenSocket != INVALID_SOCKET)\n        {\n            CLOSE_SOCKET(listenSocket);\n        }\n        if (acceptSocket != INVALID_SOCKET)\n        {\n            CLOSE_SOCKET(acceptSocket);\n        }\n#ifdef _WIN32\n        if (wsaDataInit)\n        {\n            WSACleanup();\n        }\n#endif\n    }\n}",
        "question": "Given that the parameter or function `IPPROTO_TCP` is modified before the execution of the function `accept`, evaluate the potential impact on the outcomes of `accept`. Consider how `IPPROTO_TCP` could influence `accept`, including its role as a direct parameter, its effect on controlling conditions, or its indirect impacts through other related variables or system states.",
        "choices": {
            "A": "The change to `IPPROTO_TCP` directly alters the arguments passed to `accept`.",
            "B": "There is neither a direct nor a significant indirect relationship between the changes to `IPPROTO_TCP` and the behavior or output of `accept`, suggesting no observable impact.",
            "C": "The modification of `IPPROTO_TCP` might indirectly influence `accept` by modifying the control statement that controls the behavior of `accept`.",
            "D": "It is not possible to determine the effect without additional context."
        },
        "answer": "A",
        "distance": 1
    },
    {
        "case_id": 4555,
        "code": "void CWE506_Embedded_Malicious_Code__file_transfer_listen_socket_01_bad()\n{\n    {\n#ifdef _WIN32\n        WSADATA wsaData;\n        int wsaDataInit = 0;\n#endif\n        struct sockaddr_in service;\n        SOCKET listenSocket = INVALID_SOCKET;\n        SOCKET acceptSocket = INVALID_SOCKET;\n        char contents[65536]; /* Assume file contents is less than 65k to make this test case easier to implement */\n        FILE * pFile;\n        pFile = fopen(FILENAME, \"r\");\n        if (pFile != NULL)\n        {\n            if (fgets(contents, (int)(65535), pFile) == NULL)\n            {\n                printLine(\"fgets() failed\");\n                /* Restore NUL terminator if fgets fails */\n                contents[0] = '\\0';\n            }\n            fclose(pFile);\n        }\n        do\n        {\n#ifdef _WIN32\n            if (WSAStartup(MAKEWORD(2,2), &wsaData) != NO_ERROR)\n            {\n                break;\n            }\n            wsaDataInit = 1;\n#endif\n            listenSocket = socket(AF_INET, SOCK_STREAM, IPPROTO_TCP);\n            if (listenSocket == INVALID_SOCKET)\n            {\n                break;\n            }\n            memset(&service, 0, sizeof(service));\n            service.sin_family = AF_INET;\n            service.sin_addr.s_addr = INADDR_ANY;\n            service.sin_port = htons(TCP_PORT);\n            if (bind(listenSocket, (struct sockaddr*)&service, sizeof(service)) == SOCKET_ERROR)\n            {\n                break;\n            }\n            if (listen(listenSocket, LISTEN_BACKLOG) == SOCKET_ERROR)\n            {\n                break;\n            }\n            acceptSocket = accept(listenSocket, NULL, NULL);\n            if (acceptSocket == SOCKET_ERROR)\n            {\n                break;\n            }\n            /* FLAW: Send the contents of a file over the network */\n            if (send(acceptSocket, contents, strlen(contents), 0) != strlen(contents))\n            {\n                break;\n            }\n        }\n        while (0);\n        if (listenSocket != INVALID_SOCKET)\n        {\n            CLOSE_SOCKET(listenSocket);\n        }\n        if (acceptSocket != INVALID_SOCKET)\n        {\n            CLOSE_SOCKET(acceptSocket);\n        }\n#ifdef _WIN32\n        if (wsaDataInit)\n        {\n            WSACleanup();\n        }\n#endif\n    }\n}",
        "question": "Given that the parameter or function `INVALID_SOCKET` is modified before the execution of the function `accept`, evaluate the potential impact on the outcomes of `accept`. Consider how `INVALID_SOCKET` could influence `accept`, including its role as a direct parameter, its effect on controlling conditions, or its indirect impacts through other related variables or system states.",
        "choices": {
            "A": "The change to `INVALID_SOCKET` directly alters the arguments passed to `accept`.",
            "B": "There is neither a direct nor a significant indirect relationship between the changes to `INVALID_SOCKET` and the behavior or output of `accept`, suggesting no observable impact.",
            "C": "The modification of `INVALID_SOCKET` might indirectly influence `accept` by modifying the control statement that controls the behavior of `accept`.",
            "D": "It is not possible to determine the effect without additional context."
        },
        "answer": "A",
        "distance": 1
    },
    {
        "case_id": 4555,
        "code": "void CWE506_Embedded_Malicious_Code__file_transfer_listen_socket_01_bad()\n{\n    {\n#ifdef _WIN32\n        WSADATA wsaData;\n        int wsaDataInit = 0;\n#endif\n        struct sockaddr_in service;\n        SOCKET listenSocket = INVALID_SOCKET;\n        SOCKET acceptSocket = INVALID_SOCKET;\n        char contents[65536]; /* Assume file contents is less than 65k to make this test case easier to implement */\n        FILE * pFile;\n        pFile = fopen(FILENAME, \"r\");\n        if (pFile != NULL)\n        {\n            if (fgets(contents, (int)(65535), pFile) == NULL)\n            {\n                printLine(\"fgets() failed\");\n                /* Restore NUL terminator if fgets fails */\n                contents[0] = '\\0';\n            }\n            fclose(pFile);\n        }\n        do\n        {\n#ifdef _WIN32\n            if (WSAStartup(MAKEWORD(2,2), &wsaData) != NO_ERROR)\n            {\n                break;\n            }\n            wsaDataInit = 1;\n#endif\n            listenSocket = socket(AF_INET, SOCK_STREAM, IPPROTO_TCP);\n            if (listenSocket == INVALID_SOCKET)\n            {\n                break;\n            }\n            memset(&service, 0, sizeof(service));\n            service.sin_family = AF_INET;\n            service.sin_addr.s_addr = INADDR_ANY;\n            service.sin_port = htons(TCP_PORT);\n            if (bind(listenSocket, (struct sockaddr*)&service, sizeof(service)) == SOCKET_ERROR)\n            {\n                break;\n            }\n            if (listen(listenSocket, LISTEN_BACKLOG) == SOCKET_ERROR)\n            {\n                break;\n            }\n            acceptSocket = accept(listenSocket, NULL, NULL);\n            if (acceptSocket == SOCKET_ERROR)\n            {\n                break;\n            }\n            /* FLAW: Send the contents of a file over the network */\n            if (send(acceptSocket, contents, strlen(contents), 0) != strlen(contents))\n            {\n                break;\n            }\n        }\n        while (0);\n        if (listenSocket != INVALID_SOCKET)\n        {\n            CLOSE_SOCKET(listenSocket);\n        }\n        if (acceptSocket != INVALID_SOCKET)\n        {\n            CLOSE_SOCKET(acceptSocket);\n        }\n#ifdef _WIN32\n        if (wsaDataInit)\n        {\n            WSACleanup();\n        }\n#endif\n    }\n}",
        "question": "Given that the parameter or function `AF_INET` is modified before the execution of the function `accept`, evaluate the potential impact on the outcomes of `accept`. Consider how `AF_INET` could influence `accept`, including its role as a direct parameter, its effect on controlling conditions, or its indirect impacts through other related variables or system states.",
        "choices": {
            "A": "The change to `AF_INET` directly alters the arguments passed to `accept`.",
            "B": "There is neither a direct nor a significant indirect relationship between the changes to `AF_INET` and the behavior or output of `accept`, suggesting no observable impact.",
            "C": "The modification of `AF_INET` might indirectly influence `accept` by modifying the control statement that controls the behavior of `accept`.",
            "D": "It is not possible to determine the effect without additional context."
        },
        "answer": "A",
        "distance": 1
    },
    {
        "case_id": 4555,
        "code": "void CWE506_Embedded_Malicious_Code__file_transfer_listen_socket_01_bad()\n{\n    {\n#ifdef _WIN32\n        WSADATA wsaData;\n        int wsaDataInit = 0;\n#endif\n        struct sockaddr_in service;\n        SOCKET listenSocket = INVALID_SOCKET;\n        SOCKET acceptSocket = INVALID_SOCKET;\n        char contents[65536]; /* Assume file contents is less than 65k to make this test case easier to implement */\n        FILE * pFile;\n        pFile = fopen(FILENAME, \"r\");\n        if (pFile != NULL)\n        {\n            if (fgets(contents, (int)(65535), pFile) == NULL)\n            {\n                printLine(\"fgets() failed\");\n                /* Restore NUL terminator if fgets fails */\n                contents[0] = '\\0';\n            }\n            fclose(pFile);\n        }\n        do\n        {\n#ifdef _WIN32\n            if (WSAStartup(MAKEWORD(2,2), &wsaData) != NO_ERROR)\n            {\n                break;\n            }\n            wsaDataInit = 1;\n#endif\n            listenSocket = socket(AF_INET, SOCK_STREAM, IPPROTO_TCP);\n            if (listenSocket == INVALID_SOCKET)\n            {\n                break;\n            }\n            memset(&service, 0, sizeof(service));\n            service.sin_family = AF_INET;\n            service.sin_addr.s_addr = INADDR_ANY;\n            service.sin_port = htons(TCP_PORT);\n            if (bind(listenSocket, (struct sockaddr*)&service, sizeof(service)) == SOCKET_ERROR)\n            {\n                break;\n            }\n            if (listen(listenSocket, LISTEN_BACKLOG) == SOCKET_ERROR)\n            {\n                break;\n            }\n            acceptSocket = accept(listenSocket, NULL, NULL);\n            if (acceptSocket == SOCKET_ERROR)\n            {\n                break;\n            }\n            /* FLAW: Send the contents of a file over the network */\n            if (send(acceptSocket, contents, strlen(contents), 0) != strlen(contents))\n            {\n                break;\n            }\n        }\n        while (0);\n        if (listenSocket != INVALID_SOCKET)\n        {\n            CLOSE_SOCKET(listenSocket);\n        }\n        if (acceptSocket != INVALID_SOCKET)\n        {\n            CLOSE_SOCKET(acceptSocket);\n        }\n#ifdef _WIN32\n        if (wsaDataInit)\n        {\n            WSACleanup();\n        }\n#endif\n    }\n}",
        "question": "Given that the parameter or function `socket` is modified before the execution of the function `accept`, evaluate the potential impact on the outcomes of `accept`. Consider how `socket` could influence `accept`, including its role as a direct parameter, its effect on controlling conditions, or its indirect impacts through other related variables or system states.",
        "choices": {
            "A": "The change to `socket` directly alters the arguments passed to `accept`.",
            "B": "There is neither a direct nor a significant indirect relationship between the changes to `socket` and the behavior or output of `accept`, suggesting no observable impact.",
            "C": "The modification of `socket` might indirectly influence `accept` by modifying the control statement that controls the behavior of `accept`.",
            "D": "It is not possible to determine the effect without additional context."
        },
        "answer": "A",
        "distance": 1
    },
    {
        "case_id": 4555,
        "code": "void CWE506_Embedded_Malicious_Code__file_transfer_listen_socket_01_bad()\n{\n    {\n#ifdef _WIN32\n        WSADATA wsaData;\n        int wsaDataInit = 0;\n#endif\n        struct sockaddr_in service;\n        SOCKET listenSocket = INVALID_SOCKET;\n        SOCKET acceptSocket = INVALID_SOCKET;\n        char contents[65536]; /* Assume file contents is less than 65k to make this test case easier to implement */\n        FILE * pFile;\n        pFile = fopen(FILENAME, \"r\");\n        if (pFile != NULL)\n        {\n            if (fgets(contents, (int)(65535), pFile) == NULL)\n            {\n                printLine(\"fgets() failed\");\n                /* Restore NUL terminator if fgets fails */\n                contents[0] = '\\0';\n            }\n            fclose(pFile);\n        }\n        do\n        {\n#ifdef _WIN32\n            if (WSAStartup(MAKEWORD(2,2), &wsaData) != NO_ERROR)\n            {\n                break;\n            }\n            wsaDataInit = 1;\n#endif\n            listenSocket = socket(AF_INET, SOCK_STREAM, IPPROTO_TCP);\n            if (listenSocket == INVALID_SOCKET)\n            {\n                break;\n            }\n            memset(&service, 0, sizeof(service));\n            service.sin_family = AF_INET;\n            service.sin_addr.s_addr = INADDR_ANY;\n            service.sin_port = htons(TCP_PORT);\n            if (bind(listenSocket, (struct sockaddr*)&service, sizeof(service)) == SOCKET_ERROR)\n            {\n                break;\n            }\n            if (listen(listenSocket, LISTEN_BACKLOG) == SOCKET_ERROR)\n            {\n                break;\n            }\n            acceptSocket = accept(listenSocket, NULL, NULL);\n            if (acceptSocket == SOCKET_ERROR)\n            {\n                break;\n            }\n            /* FLAW: Send the contents of a file over the network */\n            if (send(acceptSocket, contents, strlen(contents), 0) != strlen(contents))\n            {\n                break;\n            }\n        }\n        while (0);\n        if (listenSocket != INVALID_SOCKET)\n        {\n            CLOSE_SOCKET(listenSocket);\n        }\n        if (acceptSocket != INVALID_SOCKET)\n        {\n            CLOSE_SOCKET(acceptSocket);\n        }\n#ifdef _WIN32\n        if (wsaDataInit)\n        {\n            WSACleanup();\n        }\n#endif\n    }\n}",
        "question": "Given that the parameter or function `memset` is modified before the execution of the function `accept`, evaluate the potential impact on the outcomes of `accept`. Consider how `memset` could influence `accept`, including its role as a direct parameter, its effect on controlling conditions, or its indirect impacts through other related variables or system states.",
        "choices": {
            "A": "The change to `memset` directly alters the arguments passed to `accept`.",
            "B": "There is neither a direct nor a significant indirect relationship between the changes to `memset` and the behavior or output of `accept`, suggesting no observable impact.",
            "C": "The modification of `memset` might indirectly influence `accept` by modifying the control statement that controls the behavior of `accept`.",
            "D": "It is not possible to determine the effect without additional context."
        },
        "answer": "B",
        "distance": 0
    },
    {
        "case_id": 4555,
        "code": "void CWE506_Embedded_Malicious_Code__file_transfer_listen_socket_01_bad()\n{\n    {\n#ifdef _WIN32\n        WSADATA wsaData;\n        int wsaDataInit = 0;\n#endif\n        struct sockaddr_in service;\n        SOCKET listenSocket = INVALID_SOCKET;\n        SOCKET acceptSocket = INVALID_SOCKET;\n        char contents[65536]; /* Assume file contents is less than 65k to make this test case easier to implement */\n        FILE * pFile;\n        pFile = fopen(FILENAME, \"r\");\n        if (pFile != NULL)\n        {\n            if (fgets(contents, (int)(65535), pFile) == NULL)\n            {\n                printLine(\"fgets() failed\");\n                /* Restore NUL terminator if fgets fails */\n                contents[0] = '\\0';\n            }\n            fclose(pFile);\n        }\n        do\n        {\n#ifdef _WIN32\n            if (WSAStartup(MAKEWORD(2,2), &wsaData) != NO_ERROR)\n            {\n                break;\n            }\n            wsaDataInit = 1;\n#endif\n            listenSocket = socket(AF_INET, SOCK_STREAM, IPPROTO_TCP);\n            if (listenSocket == INVALID_SOCKET)\n            {\n                break;\n            }\n            memset(&service, 0, sizeof(service));\n            service.sin_family = AF_INET;\n            service.sin_addr.s_addr = INADDR_ANY;\n            service.sin_port = htons(TCP_PORT);\n            if (bind(listenSocket, (struct sockaddr*)&service, sizeof(service)) == SOCKET_ERROR)\n            {\n                break;\n            }\n            if (listen(listenSocket, LISTEN_BACKLOG) == SOCKET_ERROR)\n            {\n                break;\n            }\n            acceptSocket = accept(listenSocket, NULL, NULL);\n            if (acceptSocket == SOCKET_ERROR)\n            {\n                break;\n            }\n            /* FLAW: Send the contents of a file over the network */\n            if (send(acceptSocket, contents, strlen(contents), 0) != strlen(contents))\n            {\n                break;\n            }\n        }\n        while (0);\n        if (listenSocket != INVALID_SOCKET)\n        {\n            CLOSE_SOCKET(listenSocket);\n        }\n        if (acceptSocket != INVALID_SOCKET)\n        {\n            CLOSE_SOCKET(acceptSocket);\n        }\n#ifdef _WIN32\n        if (wsaDataInit)\n        {\n            WSACleanup();\n        }\n#endif\n    }\n}",
        "question": "Given that the parameter or function `printLine` is modified before the execution of the function `accept`, evaluate the potential impact on the outcomes of `accept`. Consider how `printLine` could influence `accept`, including its role as a direct parameter, its effect on controlling conditions, or its indirect impacts through other related variables or system states.",
        "choices": {
            "A": "The change to `printLine` directly alters the arguments passed to `accept`.",
            "B": "There is neither a direct nor a significant indirect relationship between the changes to `printLine` and the behavior or output of `accept`, suggesting no observable impact.",
            "C": "The modification of `printLine` might indirectly influence `accept` by modifying the control statement that controls the behavior of `accept`.",
            "D": "It is not possible to determine the effect without additional context."
        },
        "answer": "B",
        "distance": 0
    },
    {
        "case_id": 4555,
        "code": "void CWE506_Embedded_Malicious_Code__file_transfer_listen_socket_01_bad()\n{\n    {\n#ifdef _WIN32\n        WSADATA wsaData;\n        int wsaDataInit = 0;\n#endif\n        struct sockaddr_in service;\n        SOCKET listenSocket = INVALID_SOCKET;\n        SOCKET acceptSocket = INVALID_SOCKET;\n        char contents[65536]; /* Assume file contents is less than 65k to make this test case easier to implement */\n        FILE * pFile;\n        pFile = fopen(FILENAME, \"r\");\n        if (pFile != NULL)\n        {\n            if (fgets(contents, (int)(65535), pFile) == NULL)\n            {\n                printLine(\"fgets() failed\");\n                /* Restore NUL terminator if fgets fails */\n                contents[0] = '\\0';\n            }\n            fclose(pFile);\n        }\n        do\n        {\n#ifdef _WIN32\n            if (WSAStartup(MAKEWORD(2,2), &wsaData) != NO_ERROR)\n            {\n                break;\n            }\n            wsaDataInit = 1;\n#endif\n            listenSocket = socket(AF_INET, SOCK_STREAM, IPPROTO_TCP);\n            if (listenSocket == INVALID_SOCKET)\n            {\n                break;\n            }\n            memset(&service, 0, sizeof(service));\n            service.sin_family = AF_INET;\n            service.sin_addr.s_addr = INADDR_ANY;\n            service.sin_port = htons(TCP_PORT);\n            if (bind(listenSocket, (struct sockaddr*)&service, sizeof(service)) == SOCKET_ERROR)\n            {\n                break;\n            }\n            if (listen(listenSocket, LISTEN_BACKLOG) == SOCKET_ERROR)\n            {\n                break;\n            }\n            acceptSocket = accept(listenSocket, NULL, NULL);\n            if (acceptSocket == SOCKET_ERROR)\n            {\n                break;\n            }\n            /* FLAW: Send the contents of a file over the network */\n            if (send(acceptSocket, contents, strlen(contents), 0) != strlen(contents))\n            {\n                break;\n            }\n        }\n        while (0);\n        if (listenSocket != INVALID_SOCKET)\n        {\n            CLOSE_SOCKET(listenSocket);\n        }\n        if (acceptSocket != INVALID_SOCKET)\n        {\n            CLOSE_SOCKET(acceptSocket);\n        }\n#ifdef _WIN32\n        if (wsaDataInit)\n        {\n            WSACleanup();\n        }\n#endif\n    }\n}",
        "question": "Given that the parameter or function `bind` is modified before the execution of the function `accept`, evaluate the potential impact on the outcomes of `accept`. Consider how `bind` could influence `accept`, including its role as a direct parameter, its effect on controlling conditions, or its indirect impacts through other related variables or system states.",
        "choices": {
            "A": "The change to `bind` directly alters the arguments passed to `accept`.",
            "B": "There is neither a direct nor a significant indirect relationship between the changes to `bind` and the behavior or output of `accept`, suggesting no observable impact.",
            "C": "The modification of `bind` might indirectly influence `accept` by modifying the control statement that controls the behavior of `accept`.",
            "D": "It is not possible to determine the effect without additional context."
        },
        "answer": "B",
        "distance": 0
    },
    {
        "case_id": 4555,
        "code": "void CWE506_Embedded_Malicious_Code__file_transfer_listen_socket_01_bad()\n{\n    {\n#ifdef _WIN32\n        WSADATA wsaData;\n        int wsaDataInit = 0;\n#endif\n        struct sockaddr_in service;\n        SOCKET listenSocket = INVALID_SOCKET;\n        SOCKET acceptSocket = INVALID_SOCKET;\n        char contents[65536]; /* Assume file contents is less than 65k to make this test case easier to implement */\n        FILE * pFile;\n        pFile = fopen(FILENAME, \"r\");\n        if (pFile != NULL)\n        {\n            if (fgets(contents, (int)(65535), pFile) == NULL)\n            {\n                printLine(\"fgets() failed\");\n                /* Restore NUL terminator if fgets fails */\n                contents[0] = '\\0';\n            }\n            fclose(pFile);\n        }\n        do\n        {\n#ifdef _WIN32\n            if (WSAStartup(MAKEWORD(2,2), &wsaData) != NO_ERROR)\n            {\n                break;\n            }\n            wsaDataInit = 1;\n#endif\n            listenSocket = socket(AF_INET, SOCK_STREAM, IPPROTO_TCP);\n            if (listenSocket == INVALID_SOCKET)\n            {\n                break;\n            }\n            memset(&service, 0, sizeof(service));\n            service.sin_family = AF_INET;\n            service.sin_addr.s_addr = INADDR_ANY;\n            service.sin_port = htons(TCP_PORT);\n            if (bind(listenSocket, (struct sockaddr*)&service, sizeof(service)) == SOCKET_ERROR)\n            {\n                break;\n            }\n            if (listen(listenSocket, LISTEN_BACKLOG) == SOCKET_ERROR)\n            {\n                break;\n            }\n            acceptSocket = accept(listenSocket, NULL, NULL);\n            if (acceptSocket == SOCKET_ERROR)\n            {\n                break;\n            }\n            /* FLAW: Send the contents of a file over the network */\n            if (send(acceptSocket, contents, strlen(contents), 0) != strlen(contents))\n            {\n                break;\n            }\n        }\n        while (0);\n        if (listenSocket != INVALID_SOCKET)\n        {\n            CLOSE_SOCKET(listenSocket);\n        }\n        if (acceptSocket != INVALID_SOCKET)\n        {\n            CLOSE_SOCKET(acceptSocket);\n        }\n#ifdef _WIN32\n        if (wsaDataInit)\n        {\n            WSACleanup();\n        }\n#endif\n    }\n}",
        "question": "Given that the parameter or function `htons` is modified before the execution of the function `accept`, evaluate the potential impact on the outcomes of `accept`. Consider how `htons` could influence `accept`, including its role as a direct parameter, its effect on controlling conditions, or its indirect impacts through other related variables or system states.",
        "choices": {
            "A": "The change to `htons` directly alters the arguments passed to `accept`.",
            "B": "There is neither a direct nor a significant indirect relationship between the changes to `htons` and the behavior or output of `accept`, suggesting no observable impact.",
            "C": "The modification of `htons` might indirectly influence `accept` by modifying the control statement that controls the behavior of `accept`.",
            "D": "It is not possible to determine the effect without additional context."
        },
        "answer": "B",
        "distance": 0
    },
    {
        "case_id": 4555,
        "code": "void CWE506_Embedded_Malicious_Code__file_transfer_listen_socket_01_bad()\n{\n    {\n#ifdef _WIN32\n        WSADATA wsaData;\n        int wsaDataInit = 0;\n#endif\n        struct sockaddr_in service;\n        SOCKET listenSocket = INVALID_SOCKET;\n        SOCKET acceptSocket = INVALID_SOCKET;\n        char contents[65536]; /* Assume file contents is less than 65k to make this test case easier to implement */\n        FILE * pFile;\n        pFile = fopen(FILENAME, \"r\");\n        if (pFile != NULL)\n        {\n            if (fgets(contents, (int)(65535), pFile) == NULL)\n            {\n                printLine(\"fgets() failed\");\n                /* Restore NUL terminator if fgets fails */\n                contents[0] = '\\0';\n            }\n            fclose(pFile);\n        }\n        do\n        {\n#ifdef _WIN32\n            if (WSAStartup(MAKEWORD(2,2), &wsaData) != NO_ERROR)\n            {\n                break;\n            }\n            wsaDataInit = 1;\n#endif\n            listenSocket = socket(AF_INET, SOCK_STREAM, IPPROTO_TCP);\n            if (listenSocket == INVALID_SOCKET)\n            {\n                break;\n            }\n            memset(&service, 0, sizeof(service));\n            service.sin_family = AF_INET;\n            service.sin_addr.s_addr = INADDR_ANY;\n            service.sin_port = htons(TCP_PORT);\n            if (bind(listenSocket, (struct sockaddr*)&service, sizeof(service)) == SOCKET_ERROR)\n            {\n                break;\n            }\n            if (listen(listenSocket, LISTEN_BACKLOG) == SOCKET_ERROR)\n            {\n                break;\n            }\n            acceptSocket = accept(listenSocket, NULL, NULL);\n            if (acceptSocket == SOCKET_ERROR)\n            {\n                break;\n            }\n            /* FLAW: Send the contents of a file over the network */\n            if (send(acceptSocket, contents, strlen(contents), 0) != strlen(contents))\n            {\n                break;\n            }\n        }\n        while (0);\n        if (listenSocket != INVALID_SOCKET)\n        {\n            CLOSE_SOCKET(listenSocket);\n        }\n        if (acceptSocket != INVALID_SOCKET)\n        {\n            CLOSE_SOCKET(acceptSocket);\n        }\n#ifdef _WIN32\n        if (wsaDataInit)\n        {\n            WSACleanup();\n        }\n#endif\n    }\n}",
        "question": "Given that the parameter or function `fopen` is modified before the execution of the function `printLine`, evaluate the potential impact on the outcomes of `printLine`. Consider how `fopen` could influence `printLine`, including its role as a direct parameter, its effect on controlling conditions, or its indirect impacts through other related variables or system states.",
        "choices": {
            "A": "The change to `fopen` directly alters the arguments passed to `printLine`.",
            "B": "There is neither a direct nor a significant indirect relationship between the changes to `fopen` and the behavior or output of `printLine`, suggesting no observable impact.",
            "C": "The modification of `fopen` might indirectly influence `printLine` by modifying the control statement that controls the behavior of `printLine`.",
            "D": "It is not possible to determine the effect without additional context."
        },
        "answer": "C",
        "distance": 1
    },
    {
        "case_id": 4555,
        "code": "void CWE506_Embedded_Malicious_Code__file_transfer_listen_socket_01_bad()\n{\n    {\n#ifdef _WIN32\n        WSADATA wsaData;\n        int wsaDataInit = 0;\n#endif\n        struct sockaddr_in service;\n        SOCKET listenSocket = INVALID_SOCKET;\n        SOCKET acceptSocket = INVALID_SOCKET;\n        char contents[65536]; /* Assume file contents is less than 65k to make this test case easier to implement */\n        FILE * pFile;\n        pFile = fopen(FILENAME, \"r\");\n        if (pFile != NULL)\n        {\n            if (fgets(contents, (int)(65535), pFile) == NULL)\n            {\n                printLine(\"fgets() failed\");\n                /* Restore NUL terminator if fgets fails */\n                contents[0] = '\\0';\n            }\n            fclose(pFile);\n        }\n        do\n        {\n#ifdef _WIN32\n            if (WSAStartup(MAKEWORD(2,2), &wsaData) != NO_ERROR)\n            {\n                break;\n            }\n            wsaDataInit = 1;\n#endif\n            listenSocket = socket(AF_INET, SOCK_STREAM, IPPROTO_TCP);\n            if (listenSocket == INVALID_SOCKET)\n            {\n                break;\n            }\n            memset(&service, 0, sizeof(service));\n            service.sin_family = AF_INET;\n            service.sin_addr.s_addr = INADDR_ANY;\n            service.sin_port = htons(TCP_PORT);\n            if (bind(listenSocket, (struct sockaddr*)&service, sizeof(service)) == SOCKET_ERROR)\n            {\n                break;\n            }\n            if (listen(listenSocket, LISTEN_BACKLOG) == SOCKET_ERROR)\n            {\n                break;\n            }\n            acceptSocket = accept(listenSocket, NULL, NULL);\n            if (acceptSocket == SOCKET_ERROR)\n            {\n                break;\n            }\n            /* FLAW: Send the contents of a file over the network */\n            if (send(acceptSocket, contents, strlen(contents), 0) != strlen(contents))\n            {\n                break;\n            }\n        }\n        while (0);\n        if (listenSocket != INVALID_SOCKET)\n        {\n            CLOSE_SOCKET(listenSocket);\n        }\n        if (acceptSocket != INVALID_SOCKET)\n        {\n            CLOSE_SOCKET(acceptSocket);\n        }\n#ifdef _WIN32\n        if (wsaDataInit)\n        {\n            WSACleanup();\n        }\n#endif\n    }\n}",
        "question": "Given that the parameter or function `FILENAME` is modified before the execution of the function `printLine`, evaluate the potential impact on the outcomes of `printLine`. Consider how `FILENAME` could influence `printLine`, including its role as a direct parameter, its effect on controlling conditions, or its indirect impacts through other related variables or system states.",
        "choices": {
            "A": "The change to `FILENAME` directly alters the arguments passed to `printLine`.",
            "B": "There is neither a direct nor a significant indirect relationship between the changes to `FILENAME` and the behavior or output of `printLine`, suggesting no observable impact.",
            "C": "The modification of `FILENAME` might indirectly influence `printLine` by modifying the control statement that controls the behavior of `printLine`.",
            "D": "It is not possible to determine the effect without additional context."
        },
        "answer": "C",
        "distance": 1
    },
    {
        "case_id": 4555,
        "code": "void CWE506_Embedded_Malicious_Code__file_transfer_listen_socket_01_bad()\n{\n    {\n#ifdef _WIN32\n        WSADATA wsaData;\n        int wsaDataInit = 0;\n#endif\n        struct sockaddr_in service;\n        SOCKET listenSocket = INVALID_SOCKET;\n        SOCKET acceptSocket = INVALID_SOCKET;\n        char contents[65536]; /* Assume file contents is less than 65k to make this test case easier to implement */\n        FILE * pFile;\n        pFile = fopen(FILENAME, \"r\");\n        if (pFile != NULL)\n        {\n            if (fgets(contents, (int)(65535), pFile) == NULL)\n            {\n                printLine(\"fgets() failed\");\n                /* Restore NUL terminator if fgets fails */\n                contents[0] = '\\0';\n            }\n            fclose(pFile);\n        }\n        do\n        {\n#ifdef _WIN32\n            if (WSAStartup(MAKEWORD(2,2), &wsaData) != NO_ERROR)\n            {\n                break;\n            }\n            wsaDataInit = 1;\n#endif\n            listenSocket = socket(AF_INET, SOCK_STREAM, IPPROTO_TCP);\n            if (listenSocket == INVALID_SOCKET)\n            {\n                break;\n            }\n            memset(&service, 0, sizeof(service));\n            service.sin_family = AF_INET;\n            service.sin_addr.s_addr = INADDR_ANY;\n            service.sin_port = htons(TCP_PORT);\n            if (bind(listenSocket, (struct sockaddr*)&service, sizeof(service)) == SOCKET_ERROR)\n            {\n                break;\n            }\n            if (listen(listenSocket, LISTEN_BACKLOG) == SOCKET_ERROR)\n            {\n                break;\n            }\n            acceptSocket = accept(listenSocket, NULL, NULL);\n            if (acceptSocket == SOCKET_ERROR)\n            {\n                break;\n            }\n            /* FLAW: Send the contents of a file over the network */\n            if (send(acceptSocket, contents, strlen(contents), 0) != strlen(contents))\n            {\n                break;\n            }\n        }\n        while (0);\n        if (listenSocket != INVALID_SOCKET)\n        {\n            CLOSE_SOCKET(listenSocket);\n        }\n        if (acceptSocket != INVALID_SOCKET)\n        {\n            CLOSE_SOCKET(acceptSocket);\n        }\n#ifdef _WIN32\n        if (wsaDataInit)\n        {\n            WSACleanup();\n        }\n#endif\n    }\n}",
        "question": "Given that the parameter or function `pFile` is modified before the execution of the function `printLine`, evaluate the potential impact on the outcomes of `printLine`. Consider how `pFile` could influence `printLine`, including its role as a direct parameter, its effect on controlling conditions, or its indirect impacts through other related variables or system states.",
        "choices": {
            "A": "The change to `pFile` directly alters the arguments passed to `printLine`.",
            "B": "There is neither a direct nor a significant indirect relationship between the changes to `pFile` and the behavior or output of `printLine`, suggesting no observable impact.",
            "C": "The modification of `pFile` might indirectly influence `printLine` by modifying the control statement that controls the behavior of `printLine`.",
            "D": "It is not possible to determine the effect without additional context."
        },
        "answer": "C",
        "distance": 0
    },
    {
        "case_id": 4555,
        "code": "void CWE506_Embedded_Malicious_Code__file_transfer_listen_socket_01_bad()\n{\n    {\n#ifdef _WIN32\n        WSADATA wsaData;\n        int wsaDataInit = 0;\n#endif\n        struct sockaddr_in service;\n        SOCKET listenSocket = INVALID_SOCKET;\n        SOCKET acceptSocket = INVALID_SOCKET;\n        char contents[65536]; /* Assume file contents is less than 65k to make this test case easier to implement */\n        FILE * pFile;\n        pFile = fopen(FILENAME, \"r\");\n        if (pFile != NULL)\n        {\n            if (fgets(contents, (int)(65535), pFile) == NULL)\n            {\n                printLine(\"fgets() failed\");\n                /* Restore NUL terminator if fgets fails */\n                contents[0] = '\\0';\n            }\n            fclose(pFile);\n        }\n        do\n        {\n#ifdef _WIN32\n            if (WSAStartup(MAKEWORD(2,2), &wsaData) != NO_ERROR)\n            {\n                break;\n            }\n            wsaDataInit = 1;\n#endif\n            listenSocket = socket(AF_INET, SOCK_STREAM, IPPROTO_TCP);\n            if (listenSocket == INVALID_SOCKET)\n            {\n                break;\n            }\n            memset(&service, 0, sizeof(service));\n            service.sin_family = AF_INET;\n            service.sin_addr.s_addr = INADDR_ANY;\n            service.sin_port = htons(TCP_PORT);\n            if (bind(listenSocket, (struct sockaddr*)&service, sizeof(service)) == SOCKET_ERROR)\n            {\n                break;\n            }\n            if (listen(listenSocket, LISTEN_BACKLOG) == SOCKET_ERROR)\n            {\n                break;\n            }\n            acceptSocket = accept(listenSocket, NULL, NULL);\n            if (acceptSocket == SOCKET_ERROR)\n            {\n                break;\n            }\n            /* FLAW: Send the contents of a file over the network */\n            if (send(acceptSocket, contents, strlen(contents), 0) != strlen(contents))\n            {\n                break;\n            }\n        }\n        while (0);\n        if (listenSocket != INVALID_SOCKET)\n        {\n            CLOSE_SOCKET(listenSocket);\n        }\n        if (acceptSocket != INVALID_SOCKET)\n        {\n            CLOSE_SOCKET(acceptSocket);\n        }\n#ifdef _WIN32\n        if (wsaDataInit)\n        {\n            WSACleanup();\n        }\n#endif\n    }\n}",
        "question": "Given that the parameter or function `fopen` is modified before the execution of the function `fclose`, evaluate the potential impact on the outcomes of `fclose`. Consider how `fopen` could influence `fclose`, including its role as a direct parameter, its effect on controlling conditions, or its indirect impacts through other related variables or system states.",
        "choices": {
            "A": "The change to `fopen` directly alters the arguments passed to `fclose`.",
            "B": "There is neither a direct nor a significant indirect relationship between the changes to `fopen` and the behavior or output of `fclose`, suggesting no observable impact.",
            "C": "The modification of `fopen` might indirectly influence `fclose` by modifying the control statement that controls the behavior of `fclose`.",
            "D": "It is not possible to determine the effect without additional context."
        },
        "answer": "A, C",
        "distance": 1
    },
    {
        "case_id": 4555,
        "code": "void CWE506_Embedded_Malicious_Code__file_transfer_listen_socket_01_bad()\n{\n    {\n#ifdef _WIN32\n        WSADATA wsaData;\n        int wsaDataInit = 0;\n#endif\n        struct sockaddr_in service;\n        SOCKET listenSocket = INVALID_SOCKET;\n        SOCKET acceptSocket = INVALID_SOCKET;\n        char contents[65536]; /* Assume file contents is less than 65k to make this test case easier to implement */\n        FILE * pFile;\n        pFile = fopen(FILENAME, \"r\");\n        if (pFile != NULL)\n        {\n            if (fgets(contents, (int)(65535), pFile) == NULL)\n            {\n                printLine(\"fgets() failed\");\n                /* Restore NUL terminator if fgets fails */\n                contents[0] = '\\0';\n            }\n            fclose(pFile);\n        }\n        do\n        {\n#ifdef _WIN32\n            if (WSAStartup(MAKEWORD(2,2), &wsaData) != NO_ERROR)\n            {\n                break;\n            }\n            wsaDataInit = 1;\n#endif\n            listenSocket = socket(AF_INET, SOCK_STREAM, IPPROTO_TCP);\n            if (listenSocket == INVALID_SOCKET)\n            {\n                break;\n            }\n            memset(&service, 0, sizeof(service));\n            service.sin_family = AF_INET;\n            service.sin_addr.s_addr = INADDR_ANY;\n            service.sin_port = htons(TCP_PORT);\n            if (bind(listenSocket, (struct sockaddr*)&service, sizeof(service)) == SOCKET_ERROR)\n            {\n                break;\n            }\n            if (listen(listenSocket, LISTEN_BACKLOG) == SOCKET_ERROR)\n            {\n                break;\n            }\n            acceptSocket = accept(listenSocket, NULL, NULL);\n            if (acceptSocket == SOCKET_ERROR)\n            {\n                break;\n            }\n            /* FLAW: Send the contents of a file over the network */\n            if (send(acceptSocket, contents, strlen(contents), 0) != strlen(contents))\n            {\n                break;\n            }\n        }\n        while (0);\n        if (listenSocket != INVALID_SOCKET)\n        {\n            CLOSE_SOCKET(listenSocket);\n        }\n        if (acceptSocket != INVALID_SOCKET)\n        {\n            CLOSE_SOCKET(acceptSocket);\n        }\n#ifdef _WIN32\n        if (wsaDataInit)\n        {\n            WSACleanup();\n        }\n#endif\n    }\n}",
        "question": "Given that the parameter or function `FILENAME` is modified before the execution of the function `fclose`, evaluate the potential impact on the outcomes of `fclose`. Consider how `FILENAME` could influence `fclose`, including its role as a direct parameter, its effect on controlling conditions, or its indirect impacts through other related variables or system states.",
        "choices": {
            "A": "The change to `FILENAME` directly alters the arguments passed to `fclose`.",
            "B": "There is neither a direct nor a significant indirect relationship between the changes to `FILENAME` and the behavior or output of `fclose`, suggesting no observable impact.",
            "C": "The modification of `FILENAME` might indirectly influence `fclose` by modifying the control statement that controls the behavior of `fclose`.",
            "D": "It is not possible to determine the effect without additional context."
        },
        "answer": "A, C",
        "distance": 1
    }
]