[
    {
        "case_id": 4522,
        "code": "void CWE484_Omitted_Break_Statement_in_Switch__basic_01_bad()\n{\n    {\n        int x = (rand() % 3);\n        /* FLAW: Missing break in first case */\n        switch (x)\n        {\n        case 0:\n            printLine(\"0\");\n        case 1:\n            printLine(\"1\");\n            break;\n        case 2:\n            printLine(\"2\");\n            break;\n        default:\n            printLine(\"Invalid Number\");\n            break;\n        }\n    }\n}",
        "question": "Given that the parameter or function `x` is modified before the execution of the function `rand`, evaluate the potential impact on the outcomes of `rand`. Consider how `x` could influence `rand`, including its role as a direct parameter, its effect on controlling conditions, or its indirect impacts through other related variables or system states.",
        "choices": {
            "A": "The change to `x` directly alters the arguments passed to `rand`.",
            "B": "There is neither a direct nor a significant indirect relationship between the changes to `x` and the behavior or output of `rand`, suggesting no observable impact.",
            "C": "The modification of `x` might indirectly influence `rand` by modifying the control statement that controls the behavior of `rand`.",
            "D": "It is not possible to determine the effect without additional context."
        },
        "answer": "A",
        "distance": 1
    },
    {
        "case_id": 4522,
        "code": "void CWE484_Omitted_Break_Statement_in_Switch__basic_01_bad()\n{\n    {\n        int x = (rand() % 3);\n        /* FLAW: Missing break in first case */\n        switch (x)\n        {\n        case 0:\n            printLine(\"0\");\n        case 1:\n            printLine(\"1\");\n            break;\n        case 2:\n            printLine(\"2\");\n            break;\n        default:\n            printLine(\"Invalid Number\");\n            break;\n        }\n    }\n}",
        "question": "Given that the parameter or function `printLine` is modified before the execution of the function `rand`, evaluate the potential impact on the outcomes of `rand`. Consider how `printLine` could influence `rand`, including its role as a direct parameter, its effect on controlling conditions, or its indirect impacts through other related variables or system states.",
        "choices": {
            "A": "The change to `printLine` directly alters the arguments passed to `rand`.",
            "B": "There is neither a direct nor a significant indirect relationship between the changes to `printLine` and the behavior or output of `rand`, suggesting no observable impact.",
            "C": "The modification of `printLine` might indirectly influence `rand` by modifying the control statement that controls the behavior of `rand`.",
            "D": "It is not possible to determine the effect without additional context."
        },
        "answer": "B",
        "distance": 0
    }
]