[
    {
        "case_id": 5338,
        "code": "void CWE591_Sensitive_Data_Storage_in_Improperly_Locked_Memory__w32_char_01_bad()\n{\n    char * password;\n    /* Initialize Data */\n    password = \"\";\n    password = (char *)malloc(100*sizeof(char));\n    if (password == NULL)\n    {\n        printLine(\"Memory could not be allocated\");\n        exit(1);\n    }\n    /* FLAW: Do not lock the memory */\n    /* INCIDENTAL FLAW: CWE-259 Hardcoded Password */\n    strcpy(password, \"Password1234!\");\n    {\n        HANDLE pHandle;\n        char * username = \"User\";\n        char * domain = \"Domain\";\n        /* Use the password in LogonUser() to establish that it is \"sensitive\" */\n        if (LogonUserA(\n                    username,\n                    domain,\n                    password,\n                    LOGON32_LOGON_NETWORK,\n                    LOGON32_PROVIDER_DEFAULT,\n                    &pHandle) != 0)\n        {\n            printLine(\"User logged in successfully.\");\n            CloseHandle(pHandle);\n        }\n        else\n        {\n            printLine(\"Unable to login.\");\n        }\n        /* POTENTIAL FLAW: Sensitive data possibly improperly locked */\n        free(password);\n    }\n}",
        "question": "Given that the parameter or function `malloc` is modified before the execution of the function `strcpy`, evaluate the potential impact on the outcomes of `strcpy`. Consider how `malloc` could influence `strcpy`, including its role as a direct parameter, its effect on controlling conditions, or its indirect impacts through other related variables or system states.",
        "choices": {
            "A": "The change to `malloc` directly alters the arguments passed to `strcpy`.",
            "B": "There is neither a direct nor a significant indirect relationship between the changes to `malloc` and the behavior or output of `strcpy`, suggesting no observable impact.",
            "C": "The modification of `malloc` might indirectly influence `strcpy` by modifying the control statement that controls the behavior of `strcpy`.",
            "D": "It is not possible to determine the effect without additional context."
        },
        "answer": "A",
        "distance": 1
    },
    {
        "case_id": 5338,
        "code": "void CWE591_Sensitive_Data_Storage_in_Improperly_Locked_Memory__w32_char_01_bad()\n{\n    char * password;\n    /* Initialize Data */\n    password = \"\";\n    password = (char *)malloc(100*sizeof(char));\n    if (password == NULL)\n    {\n        printLine(\"Memory could not be allocated\");\n        exit(1);\n    }\n    /* FLAW: Do not lock the memory */\n    /* INCIDENTAL FLAW: CWE-259 Hardcoded Password */\n    strcpy(password, \"Password1234!\");\n    {\n        HANDLE pHandle;\n        char * username = \"User\";\n        char * domain = \"Domain\";\n        /* Use the password in LogonUser() to establish that it is \"sensitive\" */\n        if (LogonUserA(\n                    username,\n                    domain,\n                    password,\n                    LOGON32_LOGON_NETWORK,\n                    LOGON32_PROVIDER_DEFAULT,\n                    &pHandle) != 0)\n        {\n            printLine(\"User logged in successfully.\");\n            CloseHandle(pHandle);\n        }\n        else\n        {\n            printLine(\"Unable to login.\");\n        }\n        /* POTENTIAL FLAW: Sensitive data possibly improperly locked */\n        free(password);\n    }\n}",
        "question": "Given that the parameter or function `char` is modified before the execution of the function `strcpy`, evaluate the potential impact on the outcomes of `strcpy`. Consider how `char` could influence `strcpy`, including its role as a direct parameter, its effect on controlling conditions, or its indirect impacts through other related variables or system states.",
        "choices": {
            "A": "The change to `char` directly alters the arguments passed to `strcpy`.",
            "B": "There is neither a direct nor a significant indirect relationship between the changes to `char` and the behavior or output of `strcpy`, suggesting no observable impact.",
            "C": "The modification of `char` might indirectly influence `strcpy` by modifying the control statement that controls the behavior of `strcpy`.",
            "D": "It is not possible to determine the effect without additional context."
        },
        "answer": "A",
        "distance": 1
    },
    {
        "case_id": 5338,
        "code": "void CWE591_Sensitive_Data_Storage_in_Improperly_Locked_Memory__w32_char_01_bad()\n{\n    char * password;\n    /* Initialize Data */\n    password = \"\";\n    password = (char *)malloc(100*sizeof(char));\n    if (password == NULL)\n    {\n        printLine(\"Memory could not be allocated\");\n        exit(1);\n    }\n    /* FLAW: Do not lock the memory */\n    /* INCIDENTAL FLAW: CWE-259 Hardcoded Password */\n    strcpy(password, \"Password1234!\");\n    {\n        HANDLE pHandle;\n        char * username = \"User\";\n        char * domain = \"Domain\";\n        /* Use the password in LogonUser() to establish that it is \"sensitive\" */\n        if (LogonUserA(\n                    username,\n                    domain,\n                    password,\n                    LOGON32_LOGON_NETWORK,\n                    LOGON32_PROVIDER_DEFAULT,\n                    &pHandle) != 0)\n        {\n            printLine(\"User logged in successfully.\");\n            CloseHandle(pHandle);\n        }\n        else\n        {\n            printLine(\"Unable to login.\");\n        }\n        /* POTENTIAL FLAW: Sensitive data possibly improperly locked */\n        free(password);\n    }\n}",
        "question": "Given that the parameter or function `password` is modified before the execution of the function `strcpy`, evaluate the potential impact on the outcomes of `strcpy`. Consider how `password` could influence `strcpy`, including its role as a direct parameter, its effect on controlling conditions, or its indirect impacts through other related variables or system states.",
        "choices": {
            "A": "The change to `password` directly alters the arguments passed to `strcpy`.",
            "B": "There is neither a direct nor a significant indirect relationship between the changes to `password` and the behavior or output of `strcpy`, suggesting no observable impact.",
            "C": "The modification of `password` might indirectly influence `strcpy` by modifying the control statement that controls the behavior of `strcpy`.",
            "D": "It is not possible to determine the effect without additional context."
        },
        "answer": "A",
        "distance": 1
    },
    {
        "case_id": 5338,
        "code": "void CWE591_Sensitive_Data_Storage_in_Improperly_Locked_Memory__w32_char_01_bad()\n{\n    char * password;\n    /* Initialize Data */\n    password = \"\";\n    password = (char *)malloc(100*sizeof(char));\n    if (password == NULL)\n    {\n        printLine(\"Memory could not be allocated\");\n        exit(1);\n    }\n    /* FLAW: Do not lock the memory */\n    /* INCIDENTAL FLAW: CWE-259 Hardcoded Password */\n    strcpy(password, \"Password1234!\");\n    {\n        HANDLE pHandle;\n        char * username = \"User\";\n        char * domain = \"Domain\";\n        /* Use the password in LogonUser() to establish that it is \"sensitive\" */\n        if (LogonUserA(\n                    username,\n                    domain,\n                    password,\n                    LOGON32_LOGON_NETWORK,\n                    LOGON32_PROVIDER_DEFAULT,\n                    &pHandle) != 0)\n        {\n            printLine(\"User logged in successfully.\");\n            CloseHandle(pHandle);\n        }\n        else\n        {\n            printLine(\"Unable to login.\");\n        }\n        /* POTENTIAL FLAW: Sensitive data possibly improperly locked */\n        free(password);\n    }\n}",
        "question": "Given that the parameter or function `strcpy` is modified before the execution of the function `free`, evaluate the potential impact on the outcomes of `free`. Consider how `strcpy` could influence `free`, including its role as a direct parameter, its effect on controlling conditions, or its indirect impacts through other related variables or system states.",
        "choices": {
            "A": "The change to `strcpy` directly alters the arguments passed to `free`.",
            "B": "There is neither a direct nor a significant indirect relationship between the changes to `strcpy` and the behavior or output of `free`, suggesting no observable impact.",
            "C": "The modification of `strcpy` might indirectly influence `free` by modifying the control statement that controls the behavior of `free`.",
            "D": "It is not possible to determine the effect without additional context."
        },
        "answer": "A",
        "distance": 1
    },
    {
        "case_id": 5338,
        "code": "void CWE591_Sensitive_Data_Storage_in_Improperly_Locked_Memory__w32_char_01_bad()\n{\n    char * password;\n    /* Initialize Data */\n    password = \"\";\n    password = (char *)malloc(100*sizeof(char));\n    if (password == NULL)\n    {\n        printLine(\"Memory could not be allocated\");\n        exit(1);\n    }\n    /* FLAW: Do not lock the memory */\n    /* INCIDENTAL FLAW: CWE-259 Hardcoded Password */\n    strcpy(password, \"Password1234!\");\n    {\n        HANDLE pHandle;\n        char * username = \"User\";\n        char * domain = \"Domain\";\n        /* Use the password in LogonUser() to establish that it is \"sensitive\" */\n        if (LogonUserA(\n                    username,\n                    domain,\n                    password,\n                    LOGON32_LOGON_NETWORK,\n                    LOGON32_PROVIDER_DEFAULT,\n                    &pHandle) != 0)\n        {\n            printLine(\"User logged in successfully.\");\n            CloseHandle(pHandle);\n        }\n        else\n        {\n            printLine(\"Unable to login.\");\n        }\n        /* POTENTIAL FLAW: Sensitive data possibly improperly locked */\n        free(password);\n    }\n}",
        "question": "Given that the parameter or function `free` is modified before the execution of the function `strcpy`, evaluate the potential impact on the outcomes of `strcpy`. Consider how `free` could influence `strcpy`, including its role as a direct parameter, its effect on controlling conditions, or its indirect impacts through other related variables or system states.",
        "choices": {
            "A": "The change to `free` directly alters the arguments passed to `strcpy`.",
            "B": "There is neither a direct nor a significant indirect relationship between the changes to `free` and the behavior or output of `strcpy`, suggesting no observable impact.",
            "C": "The modification of `free` might indirectly influence `strcpy` by modifying the control statement that controls the behavior of `strcpy`.",
            "D": "It is not possible to determine the effect without additional context."
        },
        "answer": "B",
        "distance": 0
    },
    {
        "case_id": 5338,
        "code": "void CWE591_Sensitive_Data_Storage_in_Improperly_Locked_Memory__w32_char_01_bad()\n{\n    char * password;\n    /* Initialize Data */\n    password = \"\";\n    password = (char *)malloc(100*sizeof(char));\n    if (password == NULL)\n    {\n        printLine(\"Memory could not be allocated\");\n        exit(1);\n    }\n    /* FLAW: Do not lock the memory */\n    /* INCIDENTAL FLAW: CWE-259 Hardcoded Password */\n    strcpy(password, \"Password1234!\");\n    {\n        HANDLE pHandle;\n        char * username = \"User\";\n        char * domain = \"Domain\";\n        /* Use the password in LogonUser() to establish that it is \"sensitive\" */\n        if (LogonUserA(\n                    username,\n                    domain,\n                    password,\n                    LOGON32_LOGON_NETWORK,\n                    LOGON32_PROVIDER_DEFAULT,\n                    &pHandle) != 0)\n        {\n            printLine(\"User logged in successfully.\");\n            CloseHandle(pHandle);\n        }\n        else\n        {\n            printLine(\"Unable to login.\");\n        }\n        /* POTENTIAL FLAW: Sensitive data possibly improperly locked */\n        free(password);\n    }\n}",
        "question": "Given that the parameter or function `exit` is modified before the execution of the function `strcpy`, evaluate the potential impact on the outcomes of `strcpy`. Consider how `exit` could influence `strcpy`, including its role as a direct parameter, its effect on controlling conditions, or its indirect impacts through other related variables or system states.",
        "choices": {
            "A": "The change to `exit` directly alters the arguments passed to `strcpy`.",
            "B": "There is neither a direct nor a significant indirect relationship between the changes to `exit` and the behavior or output of `strcpy`, suggesting no observable impact.",
            "C": "The modification of `exit` might indirectly influence `strcpy` by modifying the control statement that controls the behavior of `strcpy`.",
            "D": "It is not possible to determine the effect without additional context."
        },
        "answer": "B",
        "distance": 0
    },
    {
        "case_id": 5338,
        "code": "void CWE591_Sensitive_Data_Storage_in_Improperly_Locked_Memory__w32_char_01_bad()\n{\n    char * password;\n    /* Initialize Data */\n    password = \"\";\n    password = (char *)malloc(100*sizeof(char));\n    if (password == NULL)\n    {\n        printLine(\"Memory could not be allocated\");\n        exit(1);\n    }\n    /* FLAW: Do not lock the memory */\n    /* INCIDENTAL FLAW: CWE-259 Hardcoded Password */\n    strcpy(password, \"Password1234!\");\n    {\n        HANDLE pHandle;\n        char * username = \"User\";\n        char * domain = \"Domain\";\n        /* Use the password in LogonUser() to establish that it is \"sensitive\" */\n        if (LogonUserA(\n                    username,\n                    domain,\n                    password,\n                    LOGON32_LOGON_NETWORK,\n                    LOGON32_PROVIDER_DEFAULT,\n                    &pHandle) != 0)\n        {\n            printLine(\"User logged in successfully.\");\n            CloseHandle(pHandle);\n        }\n        else\n        {\n            printLine(\"Unable to login.\");\n        }\n        /* POTENTIAL FLAW: Sensitive data possibly improperly locked */\n        free(password);\n    }\n}",
        "question": "Given that the parameter or function `CloseHandle` is modified before the execution of the function `strcpy`, evaluate the potential impact on the outcomes of `strcpy`. Consider how `CloseHandle` could influence `strcpy`, including its role as a direct parameter, its effect on controlling conditions, or its indirect impacts through other related variables or system states.",
        "choices": {
            "A": "The change to `CloseHandle` directly alters the arguments passed to `strcpy`.",
            "B": "There is neither a direct nor a significant indirect relationship between the changes to `CloseHandle` and the behavior or output of `strcpy`, suggesting no observable impact.",
            "C": "The modification of `CloseHandle` might indirectly influence `strcpy` by modifying the control statement that controls the behavior of `strcpy`.",
            "D": "It is not possible to determine the effect without additional context."
        },
        "answer": "B",
        "distance": 0
    },
    {
        "case_id": 5338,
        "code": "void CWE591_Sensitive_Data_Storage_in_Improperly_Locked_Memory__w32_char_01_bad()\n{\n    char * password;\n    /* Initialize Data */\n    password = \"\";\n    password = (char *)malloc(100*sizeof(char));\n    if (password == NULL)\n    {\n        printLine(\"Memory could not be allocated\");\n        exit(1);\n    }\n    /* FLAW: Do not lock the memory */\n    /* INCIDENTAL FLAW: CWE-259 Hardcoded Password */\n    strcpy(password, \"Password1234!\");\n    {\n        HANDLE pHandle;\n        char * username = \"User\";\n        char * domain = \"Domain\";\n        /* Use the password in LogonUser() to establish that it is \"sensitive\" */\n        if (LogonUserA(\n                    username,\n                    domain,\n                    password,\n                    LOGON32_LOGON_NETWORK,\n                    LOGON32_PROVIDER_DEFAULT,\n                    &pHandle) != 0)\n        {\n            printLine(\"User logged in successfully.\");\n            CloseHandle(pHandle);\n        }\n        else\n        {\n            printLine(\"Unable to login.\");\n        }\n        /* POTENTIAL FLAW: Sensitive data possibly improperly locked */\n        free(password);\n    }\n}",
        "question": "Given that the parameter or function `domain` is modified before the execution of the function `strcpy`, evaluate the potential impact on the outcomes of `strcpy`. Consider how `domain` could influence `strcpy`, including its role as a direct parameter, its effect on controlling conditions, or its indirect impacts through other related variables or system states.",
        "choices": {
            "A": "The change to `domain` directly alters the arguments passed to `strcpy`.",
            "B": "There is neither a direct nor a significant indirect relationship between the changes to `domain` and the behavior or output of `strcpy`, suggesting no observable impact.",
            "C": "The modification of `domain` might indirectly influence `strcpy` by modifying the control statement that controls the behavior of `strcpy`.",
            "D": "It is not possible to determine the effect without additional context."
        },
        "answer": "B",
        "distance": 0
    },
    {
        "case_id": 5338,
        "code": "void CWE591_Sensitive_Data_Storage_in_Improperly_Locked_Memory__w32_char_01_bad()\n{\n    char * password;\n    /* Initialize Data */\n    password = \"\";\n    password = (char *)malloc(100*sizeof(char));\n    if (password == NULL)\n    {\n        printLine(\"Memory could not be allocated\");\n        exit(1);\n    }\n    /* FLAW: Do not lock the memory */\n    /* INCIDENTAL FLAW: CWE-259 Hardcoded Password */\n    strcpy(password, \"Password1234!\");\n    {\n        HANDLE pHandle;\n        char * username = \"User\";\n        char * domain = \"Domain\";\n        /* Use the password in LogonUser() to establish that it is \"sensitive\" */\n        if (LogonUserA(\n                    username,\n                    domain,\n                    password,\n                    LOGON32_LOGON_NETWORK,\n                    LOGON32_PROVIDER_DEFAULT,\n                    &pHandle) != 0)\n        {\n            printLine(\"User logged in successfully.\");\n            CloseHandle(pHandle);\n        }\n        else\n        {\n            printLine(\"Unable to login.\");\n        }\n        /* POTENTIAL FLAW: Sensitive data possibly improperly locked */\n        free(password);\n    }\n}",
        "question": "Given that the parameter or function `malloc` is modified before the execution of the function `exit`, evaluate the potential impact on the outcomes of `exit`. Consider how `malloc` could influence `exit`, including its role as a direct parameter, its effect on controlling conditions, or its indirect impacts through other related variables or system states.",
        "choices": {
            "A": "The change to `malloc` directly alters the arguments passed to `exit`.",
            "B": "There is neither a direct nor a significant indirect relationship between the changes to `malloc` and the behavior or output of `exit`, suggesting no observable impact.",
            "C": "The modification of `malloc` might indirectly influence `exit` by modifying the control statement that controls the behavior of `exit`.",
            "D": "It is not possible to determine the effect without additional context."
        },
        "answer": "C",
        "distance": 1
    },
    {
        "case_id": 5338,
        "code": "void CWE591_Sensitive_Data_Storage_in_Improperly_Locked_Memory__w32_char_01_bad()\n{\n    char * password;\n    /* Initialize Data */\n    password = \"\";\n    password = (char *)malloc(100*sizeof(char));\n    if (password == NULL)\n    {\n        printLine(\"Memory could not be allocated\");\n        exit(1);\n    }\n    /* FLAW: Do not lock the memory */\n    /* INCIDENTAL FLAW: CWE-259 Hardcoded Password */\n    strcpy(password, \"Password1234!\");\n    {\n        HANDLE pHandle;\n        char * username = \"User\";\n        char * domain = \"Domain\";\n        /* Use the password in LogonUser() to establish that it is \"sensitive\" */\n        if (LogonUserA(\n                    username,\n                    domain,\n                    password,\n                    LOGON32_LOGON_NETWORK,\n                    LOGON32_PROVIDER_DEFAULT,\n                    &pHandle) != 0)\n        {\n            printLine(\"User logged in successfully.\");\n            CloseHandle(pHandle);\n        }\n        else\n        {\n            printLine(\"Unable to login.\");\n        }\n        /* POTENTIAL FLAW: Sensitive data possibly improperly locked */\n        free(password);\n    }\n}",
        "question": "Given that the parameter or function `char` is modified before the execution of the function `exit`, evaluate the potential impact on the outcomes of `exit`. Consider how `char` could influence `exit`, including its role as a direct parameter, its effect on controlling conditions, or its indirect impacts through other related variables or system states.",
        "choices": {
            "A": "The change to `char` directly alters the arguments passed to `exit`.",
            "B": "There is neither a direct nor a significant indirect relationship between the changes to `char` and the behavior or output of `exit`, suggesting no observable impact.",
            "C": "The modification of `char` might indirectly influence `exit` by modifying the control statement that controls the behavior of `exit`.",
            "D": "It is not possible to determine the effect without additional context."
        },
        "answer": "C",
        "distance": 1
    },
    {
        "case_id": 5338,
        "code": "void CWE591_Sensitive_Data_Storage_in_Improperly_Locked_Memory__w32_char_01_bad()\n{\n    char * password;\n    /* Initialize Data */\n    password = \"\";\n    password = (char *)malloc(100*sizeof(char));\n    if (password == NULL)\n    {\n        printLine(\"Memory could not be allocated\");\n        exit(1);\n    }\n    /* FLAW: Do not lock the memory */\n    /* INCIDENTAL FLAW: CWE-259 Hardcoded Password */\n    strcpy(password, \"Password1234!\");\n    {\n        HANDLE pHandle;\n        char * username = \"User\";\n        char * domain = \"Domain\";\n        /* Use the password in LogonUser() to establish that it is \"sensitive\" */\n        if (LogonUserA(\n                    username,\n                    domain,\n                    password,\n                    LOGON32_LOGON_NETWORK,\n                    LOGON32_PROVIDER_DEFAULT,\n                    &pHandle) != 0)\n        {\n            printLine(\"User logged in successfully.\");\n            CloseHandle(pHandle);\n        }\n        else\n        {\n            printLine(\"Unable to login.\");\n        }\n        /* POTENTIAL FLAW: Sensitive data possibly improperly locked */\n        free(password);\n    }\n}",
        "question": "Given that the parameter or function `strcpy` is modified before the execution of the function `CloseHandle`, evaluate the potential impact on the outcomes of `CloseHandle`. Consider how `strcpy` could influence `CloseHandle`, including its role as a direct parameter, its effect on controlling conditions, or its indirect impacts through other related variables or system states.",
        "choices": {
            "A": "The change to `strcpy` directly alters the arguments passed to `CloseHandle`.",
            "B": "There is neither a direct nor a significant indirect relationship between the changes to `strcpy` and the behavior or output of `CloseHandle`, suggesting no observable impact.",
            "C": "The modification of `strcpy` might indirectly influence `CloseHandle` by modifying the control statement that controls the behavior of `CloseHandle`.",
            "D": "It is not possible to determine the effect without additional context."
        },
        "answer": "C",
        "distance": 1
    },
    {
        "case_id": 5338,
        "code": "void CWE591_Sensitive_Data_Storage_in_Improperly_Locked_Memory__w32_char_01_bad()\n{\n    char * password;\n    /* Initialize Data */\n    password = \"\";\n    password = (char *)malloc(100*sizeof(char));\n    if (password == NULL)\n    {\n        printLine(\"Memory could not be allocated\");\n        exit(1);\n    }\n    /* FLAW: Do not lock the memory */\n    /* INCIDENTAL FLAW: CWE-259 Hardcoded Password */\n    strcpy(password, \"Password1234!\");\n    {\n        HANDLE pHandle;\n        char * username = \"User\";\n        char * domain = \"Domain\";\n        /* Use the password in LogonUser() to establish that it is \"sensitive\" */\n        if (LogonUserA(\n                    username,\n                    domain,\n                    password,\n                    LOGON32_LOGON_NETWORK,\n                    LOGON32_PROVIDER_DEFAULT,\n                    &pHandle) != 0)\n        {\n            printLine(\"User logged in successfully.\");\n            CloseHandle(pHandle);\n        }\n        else\n        {\n            printLine(\"Unable to login.\");\n        }\n        /* POTENTIAL FLAW: Sensitive data possibly improperly locked */\n        free(password);\n    }\n}",
        "question": "Given that the parameter or function `malloc` is modified before the execution of the function `CloseHandle`, evaluate the potential impact on the outcomes of `CloseHandle`. Consider how `malloc` could influence `CloseHandle`, including its role as a direct parameter, its effect on controlling conditions, or its indirect impacts through other related variables or system states.",
        "choices": {
            "A": "The change to `malloc` directly alters the arguments passed to `CloseHandle`.",
            "B": "There is neither a direct nor a significant indirect relationship between the changes to `malloc` and the behavior or output of `CloseHandle`, suggesting no observable impact.",
            "C": "The modification of `malloc` might indirectly influence `CloseHandle` by modifying the control statement that controls the behavior of `CloseHandle`.",
            "D": "It is not possible to determine the effect without additional context."
        },
        "answer": "C",
        "distance": 1
    }
]