[
    {
        "case_id": 3394,
        "code": "void CWE404_Improper_Resource_Shutdown__freopen_w32CloseHandle_01_bad()\n{\n    FILE * data;\n    /* Initialize data */\n    data = NULL;\n    /* POTENTIAL FLAW: Open a file - need to make sure it is closed properly in the sink */\n    data = freopen(\"BadSource_freopen.txt\",\"w+\",stdin);\n    if (data != NULL)\n    {\n        /* FLAW: Attempt to close the file using CloseHandle() instead of fclose() */\n        CloseHandle((HANDLE)data);\n    }\n}",
        "question": "Given that the parameter or function `stdin` is modified before the execution of the function `freopen`, evaluate the potential impact on the outcomes of `freopen`. Consider how `stdin` could influence `freopen`, including its role as a direct parameter, its effect on controlling conditions, or its indirect impacts through other related variables or system states.",
        "choices": {
            "A": "The change to `stdin` directly alters the arguments passed to `freopen`.",
            "B": "There is neither a direct nor a significant indirect relationship between the changes to `stdin` and the behavior or output of `freopen`, suggesting no observable impact.",
            "C": "The modification of `stdin` might indirectly influence `freopen` by modifying the control statement that controls the behavior of `freopen`.",
            "D": "It is not possible to determine the effect without additional context."
        },
        "answer": "A",
        "distance": 1
    },
    {
        "case_id": 3394,
        "code": "void CWE404_Improper_Resource_Shutdown__freopen_w32CloseHandle_01_bad()\n{\n    FILE * data;\n    /* Initialize data */\n    data = NULL;\n    /* POTENTIAL FLAW: Open a file - need to make sure it is closed properly in the sink */\n    data = freopen(\"BadSource_freopen.txt\",\"w+\",stdin);\n    if (data != NULL)\n    {\n        /* FLAW: Attempt to close the file using CloseHandle() instead of fclose() */\n        CloseHandle((HANDLE)data);\n    }\n}",
        "question": "Given that the parameter or function `data` is modified before the execution of the function `freopen`, evaluate the potential impact on the outcomes of `freopen`. Consider how `data` could influence `freopen`, including its role as a direct parameter, its effect on controlling conditions, or its indirect impacts through other related variables or system states.",
        "choices": {
            "A": "The change to `data` directly alters the arguments passed to `freopen`.",
            "B": "There is neither a direct nor a significant indirect relationship between the changes to `data` and the behavior or output of `freopen`, suggesting no observable impact.",
            "C": "The modification of `data` might indirectly influence `freopen` by modifying the control statement that controls the behavior of `freopen`.",
            "D": "It is not possible to determine the effect without additional context."
        },
        "answer": "B",
        "distance": 0
    }
]