[
    {
        "case_id": 3544,
        "code": "void CWE416_Use_After_Free__malloc_free_char_01_bad()\n{\n    char * data;\n    /* Initialize data */\n    data = NULL;\n    data = (char *)malloc(100*sizeof(char));\n    if (data == NULL) {exit(-1);}\n    memset(data, 'A', 100-1);\n    data[100-1] = '\\0';\n    /* POTENTIAL FLAW: Free data in the source - the bad sink attempts to use data */\n    free(data);\n    /* POTENTIAL FLAW: Use of data that may have been freed */\n    printLine(data);\n    /* POTENTIAL INCIDENTAL - Possible memory leak here if data was not freed */\n}",
        "question": "Given that the parameter or function `100-1` is modified before the execution of the function `printLine`, evaluate the potential impact on the outcomes of `printLine`. Consider how `100-1` could influence `printLine`, including its role as a direct parameter, its effect on controlling conditions, or its indirect impacts through other related variables or system states.",
        "choices": {
            "A": "The change to `100-1` directly alters the arguments passed to `printLine`.",
            "B": "There is neither a direct nor a significant indirect relationship between the changes to `100-1` and the behavior or output of `printLine`, suggesting no observable impact.",
            "C": "The modification of `100-1` might indirectly influence `printLine` by modifying the control statement that controls the behavior of `printLine`.",
            "D": "It is not possible to determine the effect without additional context."
        },
        "answer": "A",
        "distance": 2
    },
    {
        "case_id": 3544,
        "code": "void CWE416_Use_After_Free__malloc_free_char_01_bad()\n{\n    char * data;\n    /* Initialize data */\n    data = NULL;\n    data = (char *)malloc(100*sizeof(char));\n    if (data == NULL) {exit(-1);}\n    memset(data, 'A', 100-1);\n    data[100-1] = '\\0';\n    /* POTENTIAL FLAW: Free data in the source - the bad sink attempts to use data */\n    free(data);\n    /* POTENTIAL FLAW: Use of data that may have been freed */\n    printLine(data);\n    /* POTENTIAL INCIDENTAL - Possible memory leak here if data was not freed */\n}",
        "question": "Given that the parameter or function `100-1` is modified before the execution of the function `free`, evaluate the potential impact on the outcomes of `free`. Consider how `100-1` could influence `free`, including its role as a direct parameter, its effect on controlling conditions, or its indirect impacts through other related variables or system states.",
        "choices": {
            "A": "The change to `100-1` directly alters the arguments passed to `free`.",
            "B": "There is neither a direct nor a significant indirect relationship between the changes to `100-1` and the behavior or output of `free`, suggesting no observable impact.",
            "C": "The modification of `100-1` might indirectly influence `free` by modifying the control statement that controls the behavior of `free`.",
            "D": "It is not possible to determine the effect without additional context."
        },
        "answer": "A",
        "distance": 2
    },
    {
        "case_id": 3544,
        "code": "void CWE416_Use_After_Free__malloc_free_char_01_bad()\n{\n    char * data;\n    /* Initialize data */\n    data = NULL;\n    data = (char *)malloc(100*sizeof(char));\n    if (data == NULL) {exit(-1);}\n    memset(data, 'A', 100-1);\n    data[100-1] = '\\0';\n    /* POTENTIAL FLAW: Free data in the source - the bad sink attempts to use data */\n    free(data);\n    /* POTENTIAL FLAW: Use of data that may have been freed */\n    printLine(data);\n    /* POTENTIAL INCIDENTAL - Possible memory leak here if data was not freed */\n}",
        "question": "Given that the parameter or function `malloc` is modified before the execution of the function `memset`, evaluate the potential impact on the outcomes of `memset`. Consider how `malloc` could influence `memset`, including its role as a direct parameter, its effect on controlling conditions, or its indirect impacts through other related variables or system states.",
        "choices": {
            "A": "The change to `malloc` directly alters the arguments passed to `memset`.",
            "B": "There is neither a direct nor a significant indirect relationship between the changes to `malloc` and the behavior or output of `memset`, suggesting no observable impact.",
            "C": "The modification of `malloc` might indirectly influence `memset` by modifying the control statement that controls the behavior of `memset`.",
            "D": "It is not possible to determine the effect without additional context."
        },
        "answer": "A",
        "distance": 1
    },
    {
        "case_id": 3544,
        "code": "void CWE416_Use_After_Free__malloc_free_char_01_bad()\n{\n    char * data;\n    /* Initialize data */\n    data = NULL;\n    data = (char *)malloc(100*sizeof(char));\n    if (data == NULL) {exit(-1);}\n    memset(data, 'A', 100-1);\n    data[100-1] = '\\0';\n    /* POTENTIAL FLAW: Free data in the source - the bad sink attempts to use data */\n    free(data);\n    /* POTENTIAL FLAW: Use of data that may have been freed */\n    printLine(data);\n    /* POTENTIAL INCIDENTAL - Possible memory leak here if data was not freed */\n}",
        "question": "Given that the parameter or function `100-1` is modified before the execution of the function `memset`, evaluate the potential impact on the outcomes of `memset`. Consider how `100-1` could influence `memset`, including its role as a direct parameter, its effect on controlling conditions, or its indirect impacts through other related variables or system states.",
        "choices": {
            "A": "The change to `100-1` directly alters the arguments passed to `memset`.",
            "B": "There is neither a direct nor a significant indirect relationship between the changes to `100-1` and the behavior or output of `memset`, suggesting no observable impact.",
            "C": "The modification of `100-1` might indirectly influence `memset` by modifying the control statement that controls the behavior of `memset`.",
            "D": "It is not possible to determine the effect without additional context."
        },
        "answer": "A",
        "distance": 1
    },
    {
        "case_id": 3544,
        "code": "void CWE416_Use_After_Free__malloc_free_char_01_bad()\n{\n    char * data;\n    /* Initialize data */\n    data = NULL;\n    data = (char *)malloc(100*sizeof(char));\n    if (data == NULL) {exit(-1);}\n    memset(data, 'A', 100-1);\n    data[100-1] = '\\0';\n    /* POTENTIAL FLAW: Free data in the source - the bad sink attempts to use data */\n    free(data);\n    /* POTENTIAL FLAW: Use of data that may have been freed */\n    printLine(data);\n    /* POTENTIAL INCIDENTAL - Possible memory leak here if data was not freed */\n}",
        "question": "Given that the parameter or function `printLine` is modified before the execution of the function `memset`, evaluate the potential impact on the outcomes of `memset`. Consider how `printLine` could influence `memset`, including its role as a direct parameter, its effect on controlling conditions, or its indirect impacts through other related variables or system states.",
        "choices": {
            "A": "The change to `printLine` directly alters the arguments passed to `memset`.",
            "B": "There is neither a direct nor a significant indirect relationship between the changes to `printLine` and the behavior or output of `memset`, suggesting no observable impact.",
            "C": "The modification of `printLine` might indirectly influence `memset` by modifying the control statement that controls the behavior of `memset`.",
            "D": "It is not possible to determine the effect without additional context."
        },
        "answer": "B",
        "distance": 0
    },
    {
        "case_id": 3544,
        "code": "void CWE416_Use_After_Free__malloc_free_char_01_bad()\n{\n    char * data;\n    /* Initialize data */\n    data = NULL;\n    data = (char *)malloc(100*sizeof(char));\n    if (data == NULL) {exit(-1);}\n    memset(data, 'A', 100-1);\n    data[100-1] = '\\0';\n    /* POTENTIAL FLAW: Free data in the source - the bad sink attempts to use data */\n    free(data);\n    /* POTENTIAL FLAW: Use of data that may have been freed */\n    printLine(data);\n    /* POTENTIAL INCIDENTAL - Possible memory leak here if data was not freed */\n}",
        "question": "Given that the parameter or function `free` is modified before the execution of the function `memset`, evaluate the potential impact on the outcomes of `memset`. Consider how `free` could influence `memset`, including its role as a direct parameter, its effect on controlling conditions, or its indirect impacts through other related variables or system states.",
        "choices": {
            "A": "The change to `free` directly alters the arguments passed to `memset`.",
            "B": "There is neither a direct nor a significant indirect relationship between the changes to `free` and the behavior or output of `memset`, suggesting no observable impact.",
            "C": "The modification of `free` might indirectly influence `memset` by modifying the control statement that controls the behavior of `memset`.",
            "D": "It is not possible to determine the effect without additional context."
        },
        "answer": "B",
        "distance": 0
    },
    {
        "case_id": 3544,
        "code": "void CWE416_Use_After_Free__malloc_free_char_01_bad()\n{\n    char * data;\n    /* Initialize data */\n    data = NULL;\n    data = (char *)malloc(100*sizeof(char));\n    if (data == NULL) {exit(-1);}\n    memset(data, 'A', 100-1);\n    data[100-1] = '\\0';\n    /* POTENTIAL FLAW: Free data in the source - the bad sink attempts to use data */\n    free(data);\n    /* POTENTIAL FLAW: Use of data that may have been freed */\n    printLine(data);\n    /* POTENTIAL INCIDENTAL - Possible memory leak here if data was not freed */\n}",
        "question": "Given that the parameter or function `printLine` is modified before the execution of the function `free`, evaluate the potential impact on the outcomes of `free`. Consider how `printLine` could influence `free`, including its role as a direct parameter, its effect on controlling conditions, or its indirect impacts through other related variables or system states.",
        "choices": {
            "A": "The change to `printLine` directly alters the arguments passed to `free`.",
            "B": "There is neither a direct nor a significant indirect relationship between the changes to `printLine` and the behavior or output of `free`, suggesting no observable impact.",
            "C": "The modification of `printLine` might indirectly influence `free` by modifying the control statement that controls the behavior of `free`.",
            "D": "It is not possible to determine the effect without additional context."
        },
        "answer": "B",
        "distance": 0
    },
    {
        "case_id": 3544,
        "code": "void CWE416_Use_After_Free__malloc_free_char_01_bad()\n{\n    char * data;\n    /* Initialize data */\n    data = NULL;\n    data = (char *)malloc(100*sizeof(char));\n    if (data == NULL) {exit(-1);}\n    memset(data, 'A', 100-1);\n    data[100-1] = '\\0';\n    /* POTENTIAL FLAW: Free data in the source - the bad sink attempts to use data */\n    free(data);\n    /* POTENTIAL FLAW: Use of data that may have been freed */\n    printLine(data);\n    /* POTENTIAL INCIDENTAL - Possible memory leak here if data was not freed */\n}",
        "question": "Given that the parameter or function `memset` is modified before the execution of the function `malloc`, evaluate the potential impact on the outcomes of `malloc`. Consider how `memset` could influence `malloc`, including its role as a direct parameter, its effect on controlling conditions, or its indirect impacts through other related variables or system states.",
        "choices": {
            "A": "The change to `memset` directly alters the arguments passed to `malloc`.",
            "B": "There is neither a direct nor a significant indirect relationship between the changes to `memset` and the behavior or output of `malloc`, suggesting no observable impact.",
            "C": "The modification of `memset` might indirectly influence `malloc` by modifying the control statement that controls the behavior of `malloc`.",
            "D": "It is not possible to determine the effect without additional context."
        },
        "answer": "B",
        "distance": 0
    }
]