[
    {
        "case_id": 3938,
        "code": "void CWE427_Uncontrolled_Search_Path_Element__wchar_t_environment_01_bad()\n{\n    wchar_t * data;\n    wchar_t dataBuffer[250] = L\"PATH=\";\n    data = dataBuffer;\n    {\n        /* Append input from an environment variable to data */\n        size_t dataLen = wcslen(data);\n        wchar_t * environment = GETENV(ENV_VARIABLE);\n        /* If there is data in the environment variable */\n        if (environment != NULL)\n        {\n            /* POTENTIAL FLAW: Read data from an environment variable */\n            wcsncat(data+dataLen, environment, 250-dataLen-1);\n        }\n    }\n    /* POTENTIAL FLAW: Set a new environment variable with a path that is possibly insecure */\n    PUTENV(data);\n}",
        "question": "Given that the parameter or function `dataBuffer` is modified before the execution of the function `wcslen`, evaluate the potential impact on the outcomes of `wcslen`. Consider how `dataBuffer` could influence `wcslen`, including its role as a direct parameter, its effect on controlling conditions, or its indirect impacts through other related variables or system states.",
        "choices": {
            "A": "The change to `dataBuffer` directly alters the arguments passed to `wcslen`.",
            "B": "There is neither a direct nor a significant indirect relationship between the changes to `dataBuffer` and the behavior or output of `wcslen`, suggesting no observable impact.",
            "C": "The modification of `dataBuffer` might indirectly influence `wcslen` by modifying the control statement that controls the behavior of `wcslen`.",
            "D": "It is not possible to determine the effect without additional context."
        },
        "answer": "A",
        "distance": 2
    },
    {
        "case_id": 3938,
        "code": "void CWE427_Uncontrolled_Search_Path_Element__wchar_t_environment_01_bad()\n{\n    wchar_t * data;\n    wchar_t dataBuffer[250] = L\"PATH=\";\n    data = dataBuffer;\n    {\n        /* Append input from an environment variable to data */\n        size_t dataLen = wcslen(data);\n        wchar_t * environment = GETENV(ENV_VARIABLE);\n        /* If there is data in the environment variable */\n        if (environment != NULL)\n        {\n            /* POTENTIAL FLAW: Read data from an environment variable */\n            wcsncat(data+dataLen, environment, 250-dataLen-1);\n        }\n    }\n    /* POTENTIAL FLAW: Set a new environment variable with a path that is possibly insecure */\n    PUTENV(data);\n}",
        "question": "Given that the parameter or function `250-dataLen-1` is modified before the execution of the function `wcsncat`, evaluate the potential impact on the outcomes of `wcsncat`. Consider how `250-dataLen-1` could influence `wcsncat`, including its role as a direct parameter, its effect on controlling conditions, or its indirect impacts through other related variables or system states.",
        "choices": {
            "A": "The change to `250-dataLen-1` directly alters the arguments passed to `wcsncat`.",
            "B": "There is neither a direct nor a significant indirect relationship between the changes to `250-dataLen-1` and the behavior or output of `wcsncat`, suggesting no observable impact.",
            "C": "The modification of `250-dataLen-1` might indirectly influence `wcsncat` by modifying the control statement that controls the behavior of `wcsncat`.",
            "D": "It is not possible to determine the effect without additional context."
        },
        "answer": "A",
        "distance": 1
    },
    {
        "case_id": 3938,
        "code": "void CWE427_Uncontrolled_Search_Path_Element__wchar_t_environment_01_bad()\n{\n    wchar_t * data;\n    wchar_t dataBuffer[250] = L\"PATH=\";\n    data = dataBuffer;\n    {\n        /* Append input from an environment variable to data */\n        size_t dataLen = wcslen(data);\n        wchar_t * environment = GETENV(ENV_VARIABLE);\n        /* If there is data in the environment variable */\n        if (environment != NULL)\n        {\n            /* POTENTIAL FLAW: Read data from an environment variable */\n            wcsncat(data+dataLen, environment, 250-dataLen-1);\n        }\n    }\n    /* POTENTIAL FLAW: Set a new environment variable with a path that is possibly insecure */\n    PUTENV(data);\n}",
        "question": "Given that the parameter or function `environment` is modified before the execution of the function `wcsncat`, evaluate the potential impact on the outcomes of `wcsncat`. Consider how `environment` could influence `wcsncat`, including its role as a direct parameter, its effect on controlling conditions, or its indirect impacts through other related variables or system states.",
        "choices": {
            "A": "The change to `environment` directly alters the arguments passed to `wcsncat`.",
            "B": "There is neither a direct nor a significant indirect relationship between the changes to `environment` and the behavior or output of `wcsncat`, suggesting no observable impact.",
            "C": "The modification of `environment` might indirectly influence `wcsncat` by modifying the control statement that controls the behavior of `wcsncat`.",
            "D": "It is not possible to determine the effect without additional context."
        },
        "answer": "A",
        "distance": 1
    },
    {
        "case_id": 3938,
        "code": "void CWE427_Uncontrolled_Search_Path_Element__wchar_t_environment_01_bad()\n{\n    wchar_t * data;\n    wchar_t dataBuffer[250] = L\"PATH=\";\n    data = dataBuffer;\n    {\n        /* Append input from an environment variable to data */\n        size_t dataLen = wcslen(data);\n        wchar_t * environment = GETENV(ENV_VARIABLE);\n        /* If there is data in the environment variable */\n        if (environment != NULL)\n        {\n            /* POTENTIAL FLAW: Read data from an environment variable */\n            wcsncat(data+dataLen, environment, 250-dataLen-1);\n        }\n    }\n    /* POTENTIAL FLAW: Set a new environment variable with a path that is possibly insecure */\n    PUTENV(data);\n}",
        "question": "Given that the parameter or function `data+dataLen` is modified before the execution of the function `wcsncat`, evaluate the potential impact on the outcomes of `wcsncat`. Consider how `data+dataLen` could influence `wcsncat`, including its role as a direct parameter, its effect on controlling conditions, or its indirect impacts through other related variables or system states.",
        "choices": {
            "A": "The change to `data+dataLen` directly alters the arguments passed to `wcsncat`.",
            "B": "There is neither a direct nor a significant indirect relationship between the changes to `data+dataLen` and the behavior or output of `wcsncat`, suggesting no observable impact.",
            "C": "The modification of `data+dataLen` might indirectly influence `wcsncat` by modifying the control statement that controls the behavior of `wcsncat`.",
            "D": "It is not possible to determine the effect without additional context."
        },
        "answer": "A",
        "distance": 1
    },
    {
        "case_id": 3938,
        "code": "void CWE427_Uncontrolled_Search_Path_Element__wchar_t_environment_01_bad()\n{\n    wchar_t * data;\n    wchar_t dataBuffer[250] = L\"PATH=\";\n    data = dataBuffer;\n    {\n        /* Append input from an environment variable to data */\n        size_t dataLen = wcslen(data);\n        wchar_t * environment = GETENV(ENV_VARIABLE);\n        /* If there is data in the environment variable */\n        if (environment != NULL)\n        {\n            /* POTENTIAL FLAW: Read data from an environment variable */\n            wcsncat(data+dataLen, environment, 250-dataLen-1);\n        }\n    }\n    /* POTENTIAL FLAW: Set a new environment variable with a path that is possibly insecure */\n    PUTENV(data);\n}",
        "question": "Given that the parameter or function `wcslen` is modified before the execution of the function `wcsncat`, evaluate the potential impact on the outcomes of `wcsncat`. Consider how `wcslen` could influence `wcsncat`, including its role as a direct parameter, its effect on controlling conditions, or its indirect impacts through other related variables or system states.",
        "choices": {
            "A": "The change to `wcslen` directly alters the arguments passed to `wcsncat`.",
            "B": "There is neither a direct nor a significant indirect relationship between the changes to `wcslen` and the behavior or output of `wcsncat`, suggesting no observable impact.",
            "C": "The modification of `wcslen` might indirectly influence `wcsncat` by modifying the control statement that controls the behavior of `wcsncat`.",
            "D": "It is not possible to determine the effect without additional context."
        },
        "answer": "B",
        "distance": 0
    },
    {
        "case_id": 3938,
        "code": "void CWE427_Uncontrolled_Search_Path_Element__wchar_t_environment_01_bad()\n{\n    wchar_t * data;\n    wchar_t dataBuffer[250] = L\"PATH=\";\n    data = dataBuffer;\n    {\n        /* Append input from an environment variable to data */\n        size_t dataLen = wcslen(data);\n        wchar_t * environment = GETENV(ENV_VARIABLE);\n        /* If there is data in the environment variable */\n        if (environment != NULL)\n        {\n            /* POTENTIAL FLAW: Read data from an environment variable */\n            wcsncat(data+dataLen, environment, 250-dataLen-1);\n        }\n    }\n    /* POTENTIAL FLAW: Set a new environment variable with a path that is possibly insecure */\n    PUTENV(data);\n}",
        "question": "Given that the parameter or function `PUTENV` is modified before the execution of the function `wcsncat`, evaluate the potential impact on the outcomes of `wcsncat`. Consider how `PUTENV` could influence `wcsncat`, including its role as a direct parameter, its effect on controlling conditions, or its indirect impacts through other related variables or system states.",
        "choices": {
            "A": "The change to `PUTENV` directly alters the arguments passed to `wcsncat`.",
            "B": "There is neither a direct nor a significant indirect relationship between the changes to `PUTENV` and the behavior or output of `wcsncat`, suggesting no observable impact.",
            "C": "The modification of `PUTENV` might indirectly influence `wcsncat` by modifying the control statement that controls the behavior of `wcsncat`.",
            "D": "It is not possible to determine the effect without additional context."
        },
        "answer": "B",
        "distance": 0
    },
    {
        "case_id": 3938,
        "code": "void CWE427_Uncontrolled_Search_Path_Element__wchar_t_environment_01_bad()\n{\n    wchar_t * data;\n    wchar_t dataBuffer[250] = L\"PATH=\";\n    data = dataBuffer;\n    {\n        /* Append input from an environment variable to data */\n        size_t dataLen = wcslen(data);\n        wchar_t * environment = GETENV(ENV_VARIABLE);\n        /* If there is data in the environment variable */\n        if (environment != NULL)\n        {\n            /* POTENTIAL FLAW: Read data from an environment variable */\n            wcsncat(data+dataLen, environment, 250-dataLen-1);\n        }\n    }\n    /* POTENTIAL FLAW: Set a new environment variable with a path that is possibly insecure */\n    PUTENV(data);\n}",
        "question": "Given that the parameter or function `data` is modified before the execution of the function `wcsncat`, evaluate the potential impact on the outcomes of `wcsncat`. Consider how `data` could influence `wcsncat`, including its role as a direct parameter, its effect on controlling conditions, or its indirect impacts through other related variables or system states.",
        "choices": {
            "A": "The change to `data` directly alters the arguments passed to `wcsncat`.",
            "B": "There is neither a direct nor a significant indirect relationship between the changes to `data` and the behavior or output of `wcsncat`, suggesting no observable impact.",
            "C": "The modification of `data` might indirectly influence `wcsncat` by modifying the control statement that controls the behavior of `wcsncat`.",
            "D": "It is not possible to determine the effect without additional context."
        },
        "answer": "B",
        "distance": 0
    },
    {
        "case_id": 3938,
        "code": "void CWE427_Uncontrolled_Search_Path_Element__wchar_t_environment_01_bad()\n{\n    wchar_t * data;\n    wchar_t dataBuffer[250] = L\"PATH=\";\n    data = dataBuffer;\n    {\n        /* Append input from an environment variable to data */\n        size_t dataLen = wcslen(data);\n        wchar_t * environment = GETENV(ENV_VARIABLE);\n        /* If there is data in the environment variable */\n        if (environment != NULL)\n        {\n            /* POTENTIAL FLAW: Read data from an environment variable */\n            wcsncat(data+dataLen, environment, 250-dataLen-1);\n        }\n    }\n    /* POTENTIAL FLAW: Set a new environment variable with a path that is possibly insecure */\n    PUTENV(data);\n}",
        "question": "Given that the parameter or function `dataLen` is modified before the execution of the function `wcsncat`, evaluate the potential impact on the outcomes of `wcsncat`. Consider how `dataLen` could influence `wcsncat`, including its role as a direct parameter, its effect on controlling conditions, or its indirect impacts through other related variables or system states.",
        "choices": {
            "A": "The change to `dataLen` directly alters the arguments passed to `wcsncat`.",
            "B": "There is neither a direct nor a significant indirect relationship between the changes to `dataLen` and the behavior or output of `wcsncat`, suggesting no observable impact.",
            "C": "The modification of `dataLen` might indirectly influence `wcsncat` by modifying the control statement that controls the behavior of `wcsncat`.",
            "D": "It is not possible to determine the effect without additional context."
        },
        "answer": "B",
        "distance": 0
    },
    {
        "case_id": 3938,
        "code": "void CWE427_Uncontrolled_Search_Path_Element__wchar_t_environment_01_bad()\n{\n    wchar_t * data;\n    wchar_t dataBuffer[250] = L\"PATH=\";\n    data = dataBuffer;\n    {\n        /* Append input from an environment variable to data */\n        size_t dataLen = wcslen(data);\n        wchar_t * environment = GETENV(ENV_VARIABLE);\n        /* If there is data in the environment variable */\n        if (environment != NULL)\n        {\n            /* POTENTIAL FLAW: Read data from an environment variable */\n            wcsncat(data+dataLen, environment, 250-dataLen-1);\n        }\n    }\n    /* POTENTIAL FLAW: Set a new environment variable with a path that is possibly insecure */\n    PUTENV(data);\n}",
        "question": "Given that the parameter or function `GETENV` is modified before the execution of the function `wcsncat`, evaluate the potential impact on the outcomes of `wcsncat`. Consider how `GETENV` could influence `wcsncat`, including its role as a direct parameter, its effect on controlling conditions, or its indirect impacts through other related variables or system states.",
        "choices": {
            "A": "The change to `GETENV` directly alters the arguments passed to `wcsncat`.",
            "B": "There is neither a direct nor a significant indirect relationship between the changes to `GETENV` and the behavior or output of `wcsncat`, suggesting no observable impact.",
            "C": "The modification of `GETENV` might indirectly influence `wcsncat` by modifying the control statement that controls the behavior of `wcsncat`.",
            "D": "It is not possible to determine the effect without additional context."
        },
        "answer": "A, C",
        "distance": 3
    },
    {
        "case_id": 3938,
        "code": "void CWE427_Uncontrolled_Search_Path_Element__wchar_t_environment_01_bad()\n{\n    wchar_t * data;\n    wchar_t dataBuffer[250] = L\"PATH=\";\n    data = dataBuffer;\n    {\n        /* Append input from an environment variable to data */\n        size_t dataLen = wcslen(data);\n        wchar_t * environment = GETENV(ENV_VARIABLE);\n        /* If there is data in the environment variable */\n        if (environment != NULL)\n        {\n            /* POTENTIAL FLAW: Read data from an environment variable */\n            wcsncat(data+dataLen, environment, 250-dataLen-1);\n        }\n    }\n    /* POTENTIAL FLAW: Set a new environment variable with a path that is possibly insecure */\n    PUTENV(data);\n}",
        "question": "Given that the parameter or function `ENV_VARIABLE` is modified before the execution of the function `wcsncat`, evaluate the potential impact on the outcomes of `wcsncat`. Consider how `ENV_VARIABLE` could influence `wcsncat`, including its role as a direct parameter, its effect on controlling conditions, or its indirect impacts through other related variables or system states.",
        "choices": {
            "A": "The change to `ENV_VARIABLE` directly alters the arguments passed to `wcsncat`.",
            "B": "There is neither a direct nor a significant indirect relationship between the changes to `ENV_VARIABLE` and the behavior or output of `wcsncat`, suggesting no observable impact.",
            "C": "The modification of `ENV_VARIABLE` might indirectly influence `wcsncat` by modifying the control statement that controls the behavior of `wcsncat`.",
            "D": "It is not possible to determine the effect without additional context."
        },
        "answer": "A, C",
        "distance": 3
    }
]