[
    {
        "case_id": 510,
        "code": "void CWE226_Sensitive_Information_Uncleared_Before_Release__w32_char_alloca_01_bad()\n{\n    {\n        char * password = (char *)ALLOCA(100*sizeof(char));\n        size_t passwordLen = 0;\n        HANDLE hUser;\n        char * username = \"User\";\n        char * domain = \"Domain\";\n        /* Initialize password */\n        password[0] = '\\0';\n        if (fgets(password, 100, stdin) == NULL)\n        {\n            printLine(\"fgets() failed\");\n            /* Restore NUL terminator if fgets fails */\n            password[0] = '\\0';\n        }\n        /* Remove the carriage return from the string that is inserted by fgets() */\n        passwordLen = strlen(password);\n        if (passwordLen > 0)\n        {\n            password[passwordLen-1] = '\\0';\n        }\n        /* Use the password in LogonUser() to establish that it is \"sensitive\" */\n        if (LogonUserA(\n                    username,\n                    domain,\n                    password,\n                    LOGON32_LOGON_NETWORK,\n                    LOGON32_PROVIDER_DEFAULT,\n                    &hUser) != 0)\n        {\n            printLine(\"User logged in successfully.\");\n            CloseHandle(hUser);\n        }\n        else\n        {\n            printLine(\"Unable to login.\");\n        }\n        /* FLAW: Release password from the stack without first clearing the buffer */\n    }\n}",
        "question": "Given that the parameter or function `ALLOCA` is modified before the execution of the function `strlen`, evaluate the potential impact on the outcomes of `strlen`. Consider how `ALLOCA` could influence `strlen`, including its role as a direct parameter, its effect on controlling conditions, or its indirect impacts through other related variables or system states.",
        "choices": {
            "A": "The change to `ALLOCA` directly alters the arguments passed to `strlen`.",
            "B": "There is neither a direct nor a significant indirect relationship between the changes to `ALLOCA` and the behavior or output of `strlen`, suggesting no observable impact.",
            "C": "The modification of `ALLOCA` might indirectly influence `strlen` by modifying the control statement that controls the behavior of `strlen`.",
            "D": "It is not possible to determine the effect without additional context."
        },
        "answer": "A",
        "distance": 1
    },
    {
        "case_id": 510,
        "code": "void CWE226_Sensitive_Information_Uncleared_Before_Release__w32_char_alloca_01_bad()\n{\n    {\n        char * password = (char *)ALLOCA(100*sizeof(char));\n        size_t passwordLen = 0;\n        HANDLE hUser;\n        char * username = \"User\";\n        char * domain = \"Domain\";\n        /* Initialize password */\n        password[0] = '\\0';\n        if (fgets(password, 100, stdin) == NULL)\n        {\n            printLine(\"fgets() failed\");\n            /* Restore NUL terminator if fgets fails */\n            password[0] = '\\0';\n        }\n        /* Remove the carriage return from the string that is inserted by fgets() */\n        passwordLen = strlen(password);\n        if (passwordLen > 0)\n        {\n            password[passwordLen-1] = '\\0';\n        }\n        /* Use the password in LogonUser() to establish that it is \"sensitive\" */\n        if (LogonUserA(\n                    username,\n                    domain,\n                    password,\n                    LOGON32_LOGON_NETWORK,\n                    LOGON32_PROVIDER_DEFAULT,\n                    &hUser) != 0)\n        {\n            printLine(\"User logged in successfully.\");\n            CloseHandle(hUser);\n        }\n        else\n        {\n            printLine(\"Unable to login.\");\n        }\n        /* FLAW: Release password from the stack without first clearing the buffer */\n    }\n}",
        "question": "Given that the parameter or function `char` is modified before the execution of the function `strlen`, evaluate the potential impact on the outcomes of `strlen`. Consider how `char` could influence `strlen`, including its role as a direct parameter, its effect on controlling conditions, or its indirect impacts through other related variables or system states.",
        "choices": {
            "A": "The change to `char` directly alters the arguments passed to `strlen`.",
            "B": "There is neither a direct nor a significant indirect relationship between the changes to `char` and the behavior or output of `strlen`, suggesting no observable impact.",
            "C": "The modification of `char` might indirectly influence `strlen` by modifying the control statement that controls the behavior of `strlen`.",
            "D": "It is not possible to determine the effect without additional context."
        },
        "answer": "A",
        "distance": 1
    },
    {
        "case_id": 510,
        "code": "void CWE226_Sensitive_Information_Uncleared_Before_Release__w32_char_alloca_01_bad()\n{\n    {\n        char * password = (char *)ALLOCA(100*sizeof(char));\n        size_t passwordLen = 0;\n        HANDLE hUser;\n        char * username = \"User\";\n        char * domain = \"Domain\";\n        /* Initialize password */\n        password[0] = '\\0';\n        if (fgets(password, 100, stdin) == NULL)\n        {\n            printLine(\"fgets() failed\");\n            /* Restore NUL terminator if fgets fails */\n            password[0] = '\\0';\n        }\n        /* Remove the carriage return from the string that is inserted by fgets() */\n        passwordLen = strlen(password);\n        if (passwordLen > 0)\n        {\n            password[passwordLen-1] = '\\0';\n        }\n        /* Use the password in LogonUser() to establish that it is \"sensitive\" */\n        if (LogonUserA(\n                    username,\n                    domain,\n                    password,\n                    LOGON32_LOGON_NETWORK,\n                    LOGON32_PROVIDER_DEFAULT,\n                    &hUser) != 0)\n        {\n            printLine(\"User logged in successfully.\");\n            CloseHandle(hUser);\n        }\n        else\n        {\n            printLine(\"Unable to login.\");\n        }\n        /* FLAW: Release password from the stack without first clearing the buffer */\n    }\n}",
        "question": "Given that the parameter or function `password` is modified before the execution of the function `strlen`, evaluate the potential impact on the outcomes of `strlen`. Consider how `password` could influence `strlen`, including its role as a direct parameter, its effect on controlling conditions, or its indirect impacts through other related variables or system states.",
        "choices": {
            "A": "The change to `password` directly alters the arguments passed to `strlen`.",
            "B": "There is neither a direct nor a significant indirect relationship between the changes to `password` and the behavior or output of `strlen`, suggesting no observable impact.",
            "C": "The modification of `password` might indirectly influence `strlen` by modifying the control statement that controls the behavior of `strlen`.",
            "D": "It is not possible to determine the effect without additional context."
        },
        "answer": "A",
        "distance": 1
    },
    {
        "case_id": 510,
        "code": "void CWE226_Sensitive_Information_Uncleared_Before_Release__w32_char_alloca_01_bad()\n{\n    {\n        char * password = (char *)ALLOCA(100*sizeof(char));\n        size_t passwordLen = 0;\n        HANDLE hUser;\n        char * username = \"User\";\n        char * domain = \"Domain\";\n        /* Initialize password */\n        password[0] = '\\0';\n        if (fgets(password, 100, stdin) == NULL)\n        {\n            printLine(\"fgets() failed\");\n            /* Restore NUL terminator if fgets fails */\n            password[0] = '\\0';\n        }\n        /* Remove the carriage return from the string that is inserted by fgets() */\n        passwordLen = strlen(password);\n        if (passwordLen > 0)\n        {\n            password[passwordLen-1] = '\\0';\n        }\n        /* Use the password in LogonUser() to establish that it is \"sensitive\" */\n        if (LogonUserA(\n                    username,\n                    domain,\n                    password,\n                    LOGON32_LOGON_NETWORK,\n                    LOGON32_PROVIDER_DEFAULT,\n                    &hUser) != 0)\n        {\n            printLine(\"User logged in successfully.\");\n            CloseHandle(hUser);\n        }\n        else\n        {\n            printLine(\"Unable to login.\");\n        }\n        /* FLAW: Release password from the stack without first clearing the buffer */\n    }\n}",
        "question": "Given that the parameter or function `hUser` is modified before the execution of the function `CloseHandle`, evaluate the potential impact on the outcomes of `CloseHandle`. Consider how `hUser` could influence `CloseHandle`, including its role as a direct parameter, its effect on controlling conditions, or its indirect impacts through other related variables or system states.",
        "choices": {
            "A": "The change to `hUser` directly alters the arguments passed to `CloseHandle`.",
            "B": "There is neither a direct nor a significant indirect relationship between the changes to `hUser` and the behavior or output of `CloseHandle`, suggesting no observable impact.",
            "C": "The modification of `hUser` might indirectly influence `CloseHandle` by modifying the control statement that controls the behavior of `CloseHandle`.",
            "D": "It is not possible to determine the effect without additional context."
        },
        "answer": "A",
        "distance": 1
    },
    {
        "case_id": 510,
        "code": "void CWE226_Sensitive_Information_Uncleared_Before_Release__w32_char_alloca_01_bad()\n{\n    {\n        char * password = (char *)ALLOCA(100*sizeof(char));\n        size_t passwordLen = 0;\n        HANDLE hUser;\n        char * username = \"User\";\n        char * domain = \"Domain\";\n        /* Initialize password */\n        password[0] = '\\0';\n        if (fgets(password, 100, stdin) == NULL)\n        {\n            printLine(\"fgets() failed\");\n            /* Restore NUL terminator if fgets fails */\n            password[0] = '\\0';\n        }\n        /* Remove the carriage return from the string that is inserted by fgets() */\n        passwordLen = strlen(password);\n        if (passwordLen > 0)\n        {\n            password[passwordLen-1] = '\\0';\n        }\n        /* Use the password in LogonUser() to establish that it is \"sensitive\" */\n        if (LogonUserA(\n                    username,\n                    domain,\n                    password,\n                    LOGON32_LOGON_NETWORK,\n                    LOGON32_PROVIDER_DEFAULT,\n                    &hUser) != 0)\n        {\n            printLine(\"User logged in successfully.\");\n            CloseHandle(hUser);\n        }\n        else\n        {\n            printLine(\"Unable to login.\");\n        }\n        /* FLAW: Release password from the stack without first clearing the buffer */\n    }\n}",
        "question": "Given that the parameter or function `CloseHandle` is modified before the execution of the function `strlen`, evaluate the potential impact on the outcomes of `strlen`. Consider how `CloseHandle` could influence `strlen`, including its role as a direct parameter, its effect on controlling conditions, or its indirect impacts through other related variables or system states.",
        "choices": {
            "A": "The change to `CloseHandle` directly alters the arguments passed to `strlen`.",
            "B": "There is neither a direct nor a significant indirect relationship between the changes to `CloseHandle` and the behavior or output of `strlen`, suggesting no observable impact.",
            "C": "The modification of `CloseHandle` might indirectly influence `strlen` by modifying the control statement that controls the behavior of `strlen`.",
            "D": "It is not possible to determine the effect without additional context."
        },
        "answer": "B",
        "distance": 0
    },
    {
        "case_id": 510,
        "code": "void CWE226_Sensitive_Information_Uncleared_Before_Release__w32_char_alloca_01_bad()\n{\n    {\n        char * password = (char *)ALLOCA(100*sizeof(char));\n        size_t passwordLen = 0;\n        HANDLE hUser;\n        char * username = \"User\";\n        char * domain = \"Domain\";\n        /* Initialize password */\n        password[0] = '\\0';\n        if (fgets(password, 100, stdin) == NULL)\n        {\n            printLine(\"fgets() failed\");\n            /* Restore NUL terminator if fgets fails */\n            password[0] = '\\0';\n        }\n        /* Remove the carriage return from the string that is inserted by fgets() */\n        passwordLen = strlen(password);\n        if (passwordLen > 0)\n        {\n            password[passwordLen-1] = '\\0';\n        }\n        /* Use the password in LogonUser() to establish that it is \"sensitive\" */\n        if (LogonUserA(\n                    username,\n                    domain,\n                    password,\n                    LOGON32_LOGON_NETWORK,\n                    LOGON32_PROVIDER_DEFAULT,\n                    &hUser) != 0)\n        {\n            printLine(\"User logged in successfully.\");\n            CloseHandle(hUser);\n        }\n        else\n        {\n            printLine(\"Unable to login.\");\n        }\n        /* FLAW: Release password from the stack without first clearing the buffer */\n    }\n}",
        "question": "Given that the parameter or function `domain` is modified before the execution of the function `strlen`, evaluate the potential impact on the outcomes of `strlen`. Consider how `domain` could influence `strlen`, including its role as a direct parameter, its effect on controlling conditions, or its indirect impacts through other related variables or system states.",
        "choices": {
            "A": "The change to `domain` directly alters the arguments passed to `strlen`.",
            "B": "There is neither a direct nor a significant indirect relationship between the changes to `domain` and the behavior or output of `strlen`, suggesting no observable impact.",
            "C": "The modification of `domain` might indirectly influence `strlen` by modifying the control statement that controls the behavior of `strlen`.",
            "D": "It is not possible to determine the effect without additional context."
        },
        "answer": "B",
        "distance": 0
    },
    {
        "case_id": 510,
        "code": "void CWE226_Sensitive_Information_Uncleared_Before_Release__w32_char_alloca_01_bad()\n{\n    {\n        char * password = (char *)ALLOCA(100*sizeof(char));\n        size_t passwordLen = 0;\n        HANDLE hUser;\n        char * username = \"User\";\n        char * domain = \"Domain\";\n        /* Initialize password */\n        password[0] = '\\0';\n        if (fgets(password, 100, stdin) == NULL)\n        {\n            printLine(\"fgets() failed\");\n            /* Restore NUL terminator if fgets fails */\n            password[0] = '\\0';\n        }\n        /* Remove the carriage return from the string that is inserted by fgets() */\n        passwordLen = strlen(password);\n        if (passwordLen > 0)\n        {\n            password[passwordLen-1] = '\\0';\n        }\n        /* Use the password in LogonUser() to establish that it is \"sensitive\" */\n        if (LogonUserA(\n                    username,\n                    domain,\n                    password,\n                    LOGON32_LOGON_NETWORK,\n                    LOGON32_PROVIDER_DEFAULT,\n                    &hUser) != 0)\n        {\n            printLine(\"User logged in successfully.\");\n            CloseHandle(hUser);\n        }\n        else\n        {\n            printLine(\"Unable to login.\");\n        }\n        /* FLAW: Release password from the stack without first clearing the buffer */\n    }\n}",
        "question": "Given that the parameter or function `passwordLen` is modified before the execution of the function `strlen`, evaluate the potential impact on the outcomes of `strlen`. Consider how `passwordLen` could influence `strlen`, including its role as a direct parameter, its effect on controlling conditions, or its indirect impacts through other related variables or system states.",
        "choices": {
            "A": "The change to `passwordLen` directly alters the arguments passed to `strlen`.",
            "B": "There is neither a direct nor a significant indirect relationship between the changes to `passwordLen` and the behavior or output of `strlen`, suggesting no observable impact.",
            "C": "The modification of `passwordLen` might indirectly influence `strlen` by modifying the control statement that controls the behavior of `strlen`.",
            "D": "It is not possible to determine the effect without additional context."
        },
        "answer": "B",
        "distance": 0
    },
    {
        "case_id": 510,
        "code": "void CWE226_Sensitive_Information_Uncleared_Before_Release__w32_char_alloca_01_bad()\n{\n    {\n        char * password = (char *)ALLOCA(100*sizeof(char));\n        size_t passwordLen = 0;\n        HANDLE hUser;\n        char * username = \"User\";\n        char * domain = \"Domain\";\n        /* Initialize password */\n        password[0] = '\\0';\n        if (fgets(password, 100, stdin) == NULL)\n        {\n            printLine(\"fgets() failed\");\n            /* Restore NUL terminator if fgets fails */\n            password[0] = '\\0';\n        }\n        /* Remove the carriage return from the string that is inserted by fgets() */\n        passwordLen = strlen(password);\n        if (passwordLen > 0)\n        {\n            password[passwordLen-1] = '\\0';\n        }\n        /* Use the password in LogonUser() to establish that it is \"sensitive\" */\n        if (LogonUserA(\n                    username,\n                    domain,\n                    password,\n                    LOGON32_LOGON_NETWORK,\n                    LOGON32_PROVIDER_DEFAULT,\n                    &hUser) != 0)\n        {\n            printLine(\"User logged in successfully.\");\n            CloseHandle(hUser);\n        }\n        else\n        {\n            printLine(\"Unable to login.\");\n        }\n        /* FLAW: Release password from the stack without first clearing the buffer */\n    }\n}",
        "question": "Given that the parameter or function `hUser` is modified before the execution of the function `strlen`, evaluate the potential impact on the outcomes of `strlen`. Consider how `hUser` could influence `strlen`, including its role as a direct parameter, its effect on controlling conditions, or its indirect impacts through other related variables or system states.",
        "choices": {
            "A": "The change to `hUser` directly alters the arguments passed to `strlen`.",
            "B": "There is neither a direct nor a significant indirect relationship between the changes to `hUser` and the behavior or output of `strlen`, suggesting no observable impact.",
            "C": "The modification of `hUser` might indirectly influence `strlen` by modifying the control statement that controls the behavior of `strlen`.",
            "D": "It is not possible to determine the effect without additional context."
        },
        "answer": "B",
        "distance": 0
    },
    {
        "case_id": 510,
        "code": "void CWE226_Sensitive_Information_Uncleared_Before_Release__w32_char_alloca_01_bad()\n{\n    {\n        char * password = (char *)ALLOCA(100*sizeof(char));\n        size_t passwordLen = 0;\n        HANDLE hUser;\n        char * username = \"User\";\n        char * domain = \"Domain\";\n        /* Initialize password */\n        password[0] = '\\0';\n        if (fgets(password, 100, stdin) == NULL)\n        {\n            printLine(\"fgets() failed\");\n            /* Restore NUL terminator if fgets fails */\n            password[0] = '\\0';\n        }\n        /* Remove the carriage return from the string that is inserted by fgets() */\n        passwordLen = strlen(password);\n        if (passwordLen > 0)\n        {\n            password[passwordLen-1] = '\\0';\n        }\n        /* Use the password in LogonUser() to establish that it is \"sensitive\" */\n        if (LogonUserA(\n                    username,\n                    domain,\n                    password,\n                    LOGON32_LOGON_NETWORK,\n                    LOGON32_PROVIDER_DEFAULT,\n                    &hUser) != 0)\n        {\n            printLine(\"User logged in successfully.\");\n            CloseHandle(hUser);\n        }\n        else\n        {\n            printLine(\"Unable to login.\");\n        }\n        /* FLAW: Release password from the stack without first clearing the buffer */\n    }\n}",
        "question": "Given that the parameter or function `ALLOCA` is modified before the execution of the function `CloseHandle`, evaluate the potential impact on the outcomes of `CloseHandle`. Consider how `ALLOCA` could influence `CloseHandle`, including its role as a direct parameter, its effect on controlling conditions, or its indirect impacts through other related variables or system states.",
        "choices": {
            "A": "The change to `ALLOCA` directly alters the arguments passed to `CloseHandle`.",
            "B": "There is neither a direct nor a significant indirect relationship between the changes to `ALLOCA` and the behavior or output of `CloseHandle`, suggesting no observable impact.",
            "C": "The modification of `ALLOCA` might indirectly influence `CloseHandle` by modifying the control statement that controls the behavior of `CloseHandle`.",
            "D": "It is not possible to determine the effect without additional context."
        },
        "answer": "C",
        "distance": 1
    },
    {
        "case_id": 510,
        "code": "void CWE226_Sensitive_Information_Uncleared_Before_Release__w32_char_alloca_01_bad()\n{\n    {\n        char * password = (char *)ALLOCA(100*sizeof(char));\n        size_t passwordLen = 0;\n        HANDLE hUser;\n        char * username = \"User\";\n        char * domain = \"Domain\";\n        /* Initialize password */\n        password[0] = '\\0';\n        if (fgets(password, 100, stdin) == NULL)\n        {\n            printLine(\"fgets() failed\");\n            /* Restore NUL terminator if fgets fails */\n            password[0] = '\\0';\n        }\n        /* Remove the carriage return from the string that is inserted by fgets() */\n        passwordLen = strlen(password);\n        if (passwordLen > 0)\n        {\n            password[passwordLen-1] = '\\0';\n        }\n        /* Use the password in LogonUser() to establish that it is \"sensitive\" */\n        if (LogonUserA(\n                    username,\n                    domain,\n                    password,\n                    LOGON32_LOGON_NETWORK,\n                    LOGON32_PROVIDER_DEFAULT,\n                    &hUser) != 0)\n        {\n            printLine(\"User logged in successfully.\");\n            CloseHandle(hUser);\n        }\n        else\n        {\n            printLine(\"Unable to login.\");\n        }\n        /* FLAW: Release password from the stack without first clearing the buffer */\n    }\n}",
        "question": "Given that the parameter or function `char` is modified before the execution of the function `CloseHandle`, evaluate the potential impact on the outcomes of `CloseHandle`. Consider how `char` could influence `CloseHandle`, including its role as a direct parameter, its effect on controlling conditions, or its indirect impacts through other related variables or system states.",
        "choices": {
            "A": "The change to `char` directly alters the arguments passed to `CloseHandle`.",
            "B": "There is neither a direct nor a significant indirect relationship between the changes to `char` and the behavior or output of `CloseHandle`, suggesting no observable impact.",
            "C": "The modification of `char` might indirectly influence `CloseHandle` by modifying the control statement that controls the behavior of `CloseHandle`.",
            "D": "It is not possible to determine the effect without additional context."
        },
        "answer": "C",
        "distance": 1
    },
    {
        "case_id": 510,
        "code": "void CWE226_Sensitive_Information_Uncleared_Before_Release__w32_char_alloca_01_bad()\n{\n    {\n        char * password = (char *)ALLOCA(100*sizeof(char));\n        size_t passwordLen = 0;\n        HANDLE hUser;\n        char * username = \"User\";\n        char * domain = \"Domain\";\n        /* Initialize password */\n        password[0] = '\\0';\n        if (fgets(password, 100, stdin) == NULL)\n        {\n            printLine(\"fgets() failed\");\n            /* Restore NUL terminator if fgets fails */\n            password[0] = '\\0';\n        }\n        /* Remove the carriage return from the string that is inserted by fgets() */\n        passwordLen = strlen(password);\n        if (passwordLen > 0)\n        {\n            password[passwordLen-1] = '\\0';\n        }\n        /* Use the password in LogonUser() to establish that it is \"sensitive\" */\n        if (LogonUserA(\n                    username,\n                    domain,\n                    password,\n                    LOGON32_LOGON_NETWORK,\n                    LOGON32_PROVIDER_DEFAULT,\n                    &hUser) != 0)\n        {\n            printLine(\"User logged in successfully.\");\n            CloseHandle(hUser);\n        }\n        else\n        {\n            printLine(\"Unable to login.\");\n        }\n        /* FLAW: Release password from the stack without first clearing the buffer */\n    }\n}",
        "question": "Given that the parameter or function `domain` is modified before the execution of the function `CloseHandle`, evaluate the potential impact on the outcomes of `CloseHandle`. Consider how `domain` could influence `CloseHandle`, including its role as a direct parameter, its effect on controlling conditions, or its indirect impacts through other related variables or system states.",
        "choices": {
            "A": "The change to `domain` directly alters the arguments passed to `CloseHandle`.",
            "B": "There is neither a direct nor a significant indirect relationship between the changes to `domain` and the behavior or output of `CloseHandle`, suggesting no observable impact.",
            "C": "The modification of `domain` might indirectly influence `CloseHandle` by modifying the control statement that controls the behavior of `CloseHandle`.",
            "D": "It is not possible to determine the effect without additional context."
        },
        "answer": "C",
        "distance": 0
    },
    {
        "case_id": 510,
        "code": "void CWE226_Sensitive_Information_Uncleared_Before_Release__w32_char_alloca_01_bad()\n{\n    {\n        char * password = (char *)ALLOCA(100*sizeof(char));\n        size_t passwordLen = 0;\n        HANDLE hUser;\n        char * username = \"User\";\n        char * domain = \"Domain\";\n        /* Initialize password */\n        password[0] = '\\0';\n        if (fgets(password, 100, stdin) == NULL)\n        {\n            printLine(\"fgets() failed\");\n            /* Restore NUL terminator if fgets fails */\n            password[0] = '\\0';\n        }\n        /* Remove the carriage return from the string that is inserted by fgets() */\n        passwordLen = strlen(password);\n        if (passwordLen > 0)\n        {\n            password[passwordLen-1] = '\\0';\n        }\n        /* Use the password in LogonUser() to establish that it is \"sensitive\" */\n        if (LogonUserA(\n                    username,\n                    domain,\n                    password,\n                    LOGON32_LOGON_NETWORK,\n                    LOGON32_PROVIDER_DEFAULT,\n                    &hUser) != 0)\n        {\n            printLine(\"User logged in successfully.\");\n            CloseHandle(hUser);\n        }\n        else\n        {\n            printLine(\"Unable to login.\");\n        }\n        /* FLAW: Release password from the stack without first clearing the buffer */\n    }\n}",
        "question": "Given that the parameter or function `password` is modified before the execution of the function `CloseHandle`, evaluate the potential impact on the outcomes of `CloseHandle`. Consider how `password` could influence `CloseHandle`, including its role as a direct parameter, its effect on controlling conditions, or its indirect impacts through other related variables or system states.",
        "choices": {
            "A": "The change to `password` directly alters the arguments passed to `CloseHandle`.",
            "B": "There is neither a direct nor a significant indirect relationship between the changes to `password` and the behavior or output of `CloseHandle`, suggesting no observable impact.",
            "C": "The modification of `password` might indirectly influence `CloseHandle` by modifying the control statement that controls the behavior of `CloseHandle`.",
            "D": "It is not possible to determine the effect without additional context."
        },
        "answer": "C",
        "distance": 0
    }
]