[
    {
        "case_id": 300,
        "code": "void CWE123_Write_What_Where_Condition__connect_socket_01_bad()\n{\n    badStruct data;\n    linkedList head = { &head, &head };\n    /* This simulates a Microsoft-style linked list insertion */\n    data.list.next = head.next;\n    data.list.prev = head.prev;\n    head.next = &data.list;\n    head.prev = &data.list;\n    {\n#ifdef _WIN32\n        WSADATA wsaData;\n        int wsaDataInit = 0;\n#endif\n        int recvResult;\n        struct sockaddr_in service;\n        SOCKET connectSocket = INVALID_SOCKET;\n        do\n        {\n#ifdef _WIN32\n            if (WSAStartup(MAKEWORD(2,2), &wsaData) != NO_ERROR)\n            {\n                break;\n            }\n            wsaDataInit = 1;\n#endif\n            connectSocket = socket(AF_INET, SOCK_STREAM, IPPROTO_TCP);\n            if (connectSocket == INVALID_SOCKET)\n            {\n                break;\n            }\n            memset(&service, 0, sizeof(service));\n            service.sin_family = AF_INET;\n            service.sin_addr.s_addr = inet_addr(IP_ADDRESS);\n            service.sin_port = htons(TCP_PORT);\n            if (connect(connectSocket, (struct sockaddr*)&service, sizeof(service)) == SOCKET_ERROR)\n            {\n                break;\n            }\n            /* Abort on error or the connection was closed, make sure to recv one\n             * less char than is in the recv_buf in order to append a terminator */\n            /* FLAW: overwrite linked list pointers with data */\n            recvResult = recv(connectSocket, (char*)&data, sizeof(data), 0);\n            if (recvResult == SOCKET_ERROR || recvResult == 0)\n            {\n                break;\n            }\n        }\n        while (0);\n        if (connectSocket != INVALID_SOCKET)\n        {\n            CLOSE_SOCKET(connectSocket);\n        }\n#ifdef _WIN32\n        if (wsaDataInit)\n        {\n            WSACleanup();\n        }\n#endif\n    }\n    /* POTENTIAL FLAW: The following removes 'a' from the list.  Because of the possible overflow this\n     * causes a \"write-what-where\" aka \"write4\".  It does another write as\n     * well.  But this is the prototypical \"write-what-where\" at least from\n     * the Windows perspective.\n     *\n     * linkedListPrev = a->list->prev  WHAT\n     * linkedListNext = a->list->next  WHERE\n     * linkedListPrev->next = linkedListNext  \"at the address that prev/WHERE points, write\n     *                    next/WHAT\"\n     *                    aka \"write-what-where\"\n     * linkedListNext->prev = linkedListPrev  \"at the address that next/WHAT points plus 4\n     *                    (because prev is the second field in 'list' hence\n     *                    4 bytes away on 32b machines), write prev/WHERE\"\n     */\n    linkedListPrev = data.list.prev;\n    linkedListNext = data.list.next;\n    linkedListPrev->next = linkedListNext;\n    linkedListNext->prev = linkedListPrev;\n}",
        "question": "Given that the parameter or function `service` is modified before the execution of the function `memset`, evaluate the potential impact on the outcomes of `memset`. Consider how `service` could influence `memset`, including its role as a direct parameter, its effect on controlling conditions, or its indirect impacts through other related variables or system states.",
        "choices": {
            "A": "The change to `service` directly alters the arguments passed to `memset`.",
            "B": "There is neither a direct nor a significant indirect relationship between the changes to `service` and the behavior or output of `memset`, suggesting no observable impact.",
            "C": "The modification of `service` might indirectly influence `memset` by modifying the control statement that controls the behavior of `memset`.",
            "D": "It is not possible to determine the effect without additional context."
        },
        "answer": "A",
        "distance": 1
    },
    {
        "case_id": 300,
        "code": "void CWE123_Write_What_Where_Condition__connect_socket_01_bad()\n{\n    badStruct data;\n    linkedList head = { &head, &head };\n    /* This simulates a Microsoft-style linked list insertion */\n    data.list.next = head.next;\n    data.list.prev = head.prev;\n    head.next = &data.list;\n    head.prev = &data.list;\n    {\n#ifdef _WIN32\n        WSADATA wsaData;\n        int wsaDataInit = 0;\n#endif\n        int recvResult;\n        struct sockaddr_in service;\n        SOCKET connectSocket = INVALID_SOCKET;\n        do\n        {\n#ifdef _WIN32\n            if (WSAStartup(MAKEWORD(2,2), &wsaData) != NO_ERROR)\n            {\n                break;\n            }\n            wsaDataInit = 1;\n#endif\n            connectSocket = socket(AF_INET, SOCK_STREAM, IPPROTO_TCP);\n            if (connectSocket == INVALID_SOCKET)\n            {\n                break;\n            }\n            memset(&service, 0, sizeof(service));\n            service.sin_family = AF_INET;\n            service.sin_addr.s_addr = inet_addr(IP_ADDRESS);\n            service.sin_port = htons(TCP_PORT);\n            if (connect(connectSocket, (struct sockaddr*)&service, sizeof(service)) == SOCKET_ERROR)\n            {\n                break;\n            }\n            /* Abort on error or the connection was closed, make sure to recv one\n             * less char than is in the recv_buf in order to append a terminator */\n            /* FLAW: overwrite linked list pointers with data */\n            recvResult = recv(connectSocket, (char*)&data, sizeof(data), 0);\n            if (recvResult == SOCKET_ERROR || recvResult == 0)\n            {\n                break;\n            }\n        }\n        while (0);\n        if (connectSocket != INVALID_SOCKET)\n        {\n            CLOSE_SOCKET(connectSocket);\n        }\n#ifdef _WIN32\n        if (wsaDataInit)\n        {\n            WSACleanup();\n        }\n#endif\n    }\n    /* POTENTIAL FLAW: The following removes 'a' from the list.  Because of the possible overflow this\n     * causes a \"write-what-where\" aka \"write4\".  It does another write as\n     * well.  But this is the prototypical \"write-what-where\" at least from\n     * the Windows perspective.\n     *\n     * linkedListPrev = a->list->prev  WHAT\n     * linkedListNext = a->list->next  WHERE\n     * linkedListPrev->next = linkedListNext  \"at the address that prev/WHERE points, write\n     *                    next/WHAT\"\n     *                    aka \"write-what-where\"\n     * linkedListNext->prev = linkedListPrev  \"at the address that next/WHAT points plus 4\n     *                    (because prev is the second field in 'list' hence\n     *                    4 bytes away on 32b machines), write prev/WHERE\"\n     */\n    linkedListPrev = data.list.prev;\n    linkedListNext = data.list.next;\n    linkedListPrev->next = linkedListNext;\n    linkedListNext->prev = linkedListPrev;\n}",
        "question": "Given that the parameter or function `TCP_PORT` is modified before the execution of the function `htons`, evaluate the potential impact on the outcomes of `htons`. Consider how `TCP_PORT` could influence `htons`, including its role as a direct parameter, its effect on controlling conditions, or its indirect impacts through other related variables or system states.",
        "choices": {
            "A": "The change to `TCP_PORT` directly alters the arguments passed to `htons`.",
            "B": "There is neither a direct nor a significant indirect relationship between the changes to `TCP_PORT` and the behavior or output of `htons`, suggesting no observable impact.",
            "C": "The modification of `TCP_PORT` might indirectly influence `htons` by modifying the control statement that controls the behavior of `htons`.",
            "D": "It is not possible to determine the effect without additional context."
        },
        "answer": "A",
        "distance": 1
    },
    {
        "case_id": 300,
        "code": "void CWE123_Write_What_Where_Condition__connect_socket_01_bad()\n{\n    badStruct data;\n    linkedList head = { &head, &head };\n    /* This simulates a Microsoft-style linked list insertion */\n    data.list.next = head.next;\n    data.list.prev = head.prev;\n    head.next = &data.list;\n    head.prev = &data.list;\n    {\n#ifdef _WIN32\n        WSADATA wsaData;\n        int wsaDataInit = 0;\n#endif\n        int recvResult;\n        struct sockaddr_in service;\n        SOCKET connectSocket = INVALID_SOCKET;\n        do\n        {\n#ifdef _WIN32\n            if (WSAStartup(MAKEWORD(2,2), &wsaData) != NO_ERROR)\n            {\n                break;\n            }\n            wsaDataInit = 1;\n#endif\n            connectSocket = socket(AF_INET, SOCK_STREAM, IPPROTO_TCP);\n            if (connectSocket == INVALID_SOCKET)\n            {\n                break;\n            }\n            memset(&service, 0, sizeof(service));\n            service.sin_family = AF_INET;\n            service.sin_addr.s_addr = inet_addr(IP_ADDRESS);\n            service.sin_port = htons(TCP_PORT);\n            if (connect(connectSocket, (struct sockaddr*)&service, sizeof(service)) == SOCKET_ERROR)\n            {\n                break;\n            }\n            /* Abort on error or the connection was closed, make sure to recv one\n             * less char than is in the recv_buf in order to append a terminator */\n            /* FLAW: overwrite linked list pointers with data */\n            recvResult = recv(connectSocket, (char*)&data, sizeof(data), 0);\n            if (recvResult == SOCKET_ERROR || recvResult == 0)\n            {\n                break;\n            }\n        }\n        while (0);\n        if (connectSocket != INVALID_SOCKET)\n        {\n            CLOSE_SOCKET(connectSocket);\n        }\n#ifdef _WIN32\n        if (wsaDataInit)\n        {\n            WSACleanup();\n        }\n#endif\n    }\n    /* POTENTIAL FLAW: The following removes 'a' from the list.  Because of the possible overflow this\n     * causes a \"write-what-where\" aka \"write4\".  It does another write as\n     * well.  But this is the prototypical \"write-what-where\" at least from\n     * the Windows perspective.\n     *\n     * linkedListPrev = a->list->prev  WHAT\n     * linkedListNext = a->list->next  WHERE\n     * linkedListPrev->next = linkedListNext  \"at the address that prev/WHERE points, write\n     *                    next/WHAT\"\n     *                    aka \"write-what-where\"\n     * linkedListNext->prev = linkedListPrev  \"at the address that next/WHAT points plus 4\n     *                    (because prev is the second field in 'list' hence\n     *                    4 bytes away on 32b machines), write prev/WHERE\"\n     */\n    linkedListPrev = data.list.prev;\n    linkedListNext = data.list.next;\n    linkedListPrev->next = linkedListNext;\n    linkedListNext->prev = linkedListPrev;\n}",
        "question": "Given that the parameter or function `IPPROTO_TCP` is modified before the execution of the function `recv`, evaluate the potential impact on the outcomes of `recv`. Consider how `IPPROTO_TCP` could influence `recv`, including its role as a direct parameter, its effect on controlling conditions, or its indirect impacts through other related variables or system states.",
        "choices": {
            "A": "The change to `IPPROTO_TCP` directly alters the arguments passed to `recv`.",
            "B": "There is neither a direct nor a significant indirect relationship between the changes to `IPPROTO_TCP` and the behavior or output of `recv`, suggesting no observable impact.",
            "C": "The modification of `IPPROTO_TCP` might indirectly influence `recv` by modifying the control statement that controls the behavior of `recv`.",
            "D": "It is not possible to determine the effect without additional context."
        },
        "answer": "A",
        "distance": 1
    },
    {
        "case_id": 300,
        "code": "void CWE123_Write_What_Where_Condition__connect_socket_01_bad()\n{\n    badStruct data;\n    linkedList head = { &head, &head };\n    /* This simulates a Microsoft-style linked list insertion */\n    data.list.next = head.next;\n    data.list.prev = head.prev;\n    head.next = &data.list;\n    head.prev = &data.list;\n    {\n#ifdef _WIN32\n        WSADATA wsaData;\n        int wsaDataInit = 0;\n#endif\n        int recvResult;\n        struct sockaddr_in service;\n        SOCKET connectSocket = INVALID_SOCKET;\n        do\n        {\n#ifdef _WIN32\n            if (WSAStartup(MAKEWORD(2,2), &wsaData) != NO_ERROR)\n            {\n                break;\n            }\n            wsaDataInit = 1;\n#endif\n            connectSocket = socket(AF_INET, SOCK_STREAM, IPPROTO_TCP);\n            if (connectSocket == INVALID_SOCKET)\n            {\n                break;\n            }\n            memset(&service, 0, sizeof(service));\n            service.sin_family = AF_INET;\n            service.sin_addr.s_addr = inet_addr(IP_ADDRESS);\n            service.sin_port = htons(TCP_PORT);\n            if (connect(connectSocket, (struct sockaddr*)&service, sizeof(service)) == SOCKET_ERROR)\n            {\n                break;\n            }\n            /* Abort on error or the connection was closed, make sure to recv one\n             * less char than is in the recv_buf in order to append a terminator */\n            /* FLAW: overwrite linked list pointers with data */\n            recvResult = recv(connectSocket, (char*)&data, sizeof(data), 0);\n            if (recvResult == SOCKET_ERROR || recvResult == 0)\n            {\n                break;\n            }\n        }\n        while (0);\n        if (connectSocket != INVALID_SOCKET)\n        {\n            CLOSE_SOCKET(connectSocket);\n        }\n#ifdef _WIN32\n        if (wsaDataInit)\n        {\n            WSACleanup();\n        }\n#endif\n    }\n    /* POTENTIAL FLAW: The following removes 'a' from the list.  Because of the possible overflow this\n     * causes a \"write-what-where\" aka \"write4\".  It does another write as\n     * well.  But this is the prototypical \"write-what-where\" at least from\n     * the Windows perspective.\n     *\n     * linkedListPrev = a->list->prev  WHAT\n     * linkedListNext = a->list->next  WHERE\n     * linkedListPrev->next = linkedListNext  \"at the address that prev/WHERE points, write\n     *                    next/WHAT\"\n     *                    aka \"write-what-where\"\n     * linkedListNext->prev = linkedListPrev  \"at the address that next/WHAT points plus 4\n     *                    (because prev is the second field in 'list' hence\n     *                    4 bytes away on 32b machines), write prev/WHERE\"\n     */\n    linkedListPrev = data.list.prev;\n    linkedListNext = data.list.next;\n    linkedListPrev->next = linkedListNext;\n    linkedListNext->prev = linkedListPrev;\n}",
        "question": "Given that the parameter or function `char` is modified before the execution of the function `recv`, evaluate the potential impact on the outcomes of `recv`. Consider how `char` could influence `recv`, including its role as a direct parameter, its effect on controlling conditions, or its indirect impacts through other related variables or system states.",
        "choices": {
            "A": "The change to `char` directly alters the arguments passed to `recv`.",
            "B": "There is neither a direct nor a significant indirect relationship between the changes to `char` and the behavior or output of `recv`, suggesting no observable impact.",
            "C": "The modification of `char` might indirectly influence `recv` by modifying the control statement that controls the behavior of `recv`.",
            "D": "It is not possible to determine the effect without additional context."
        },
        "answer": "A",
        "distance": 1
    },
    {
        "case_id": 300,
        "code": "void CWE123_Write_What_Where_Condition__connect_socket_01_bad()\n{\n    badStruct data;\n    linkedList head = { &head, &head };\n    /* This simulates a Microsoft-style linked list insertion */\n    data.list.next = head.next;\n    data.list.prev = head.prev;\n    head.next = &data.list;\n    head.prev = &data.list;\n    {\n#ifdef _WIN32\n        WSADATA wsaData;\n        int wsaDataInit = 0;\n#endif\n        int recvResult;\n        struct sockaddr_in service;\n        SOCKET connectSocket = INVALID_SOCKET;\n        do\n        {\n#ifdef _WIN32\n            if (WSAStartup(MAKEWORD(2,2), &wsaData) != NO_ERROR)\n            {\n                break;\n            }\n            wsaDataInit = 1;\n#endif\n            connectSocket = socket(AF_INET, SOCK_STREAM, IPPROTO_TCP);\n            if (connectSocket == INVALID_SOCKET)\n            {\n                break;\n            }\n            memset(&service, 0, sizeof(service));\n            service.sin_family = AF_INET;\n            service.sin_addr.s_addr = inet_addr(IP_ADDRESS);\n            service.sin_port = htons(TCP_PORT);\n            if (connect(connectSocket, (struct sockaddr*)&service, sizeof(service)) == SOCKET_ERROR)\n            {\n                break;\n            }\n            /* Abort on error or the connection was closed, make sure to recv one\n             * less char than is in the recv_buf in order to append a terminator */\n            /* FLAW: overwrite linked list pointers with data */\n            recvResult = recv(connectSocket, (char*)&data, sizeof(data), 0);\n            if (recvResult == SOCKET_ERROR || recvResult == 0)\n            {\n                break;\n            }\n        }\n        while (0);\n        if (connectSocket != INVALID_SOCKET)\n        {\n            CLOSE_SOCKET(connectSocket);\n        }\n#ifdef _WIN32\n        if (wsaDataInit)\n        {\n            WSACleanup();\n        }\n#endif\n    }\n    /* POTENTIAL FLAW: The following removes 'a' from the list.  Because of the possible overflow this\n     * causes a \"write-what-where\" aka \"write4\".  It does another write as\n     * well.  But this is the prototypical \"write-what-where\" at least from\n     * the Windows perspective.\n     *\n     * linkedListPrev = a->list->prev  WHAT\n     * linkedListNext = a->list->next  WHERE\n     * linkedListPrev->next = linkedListNext  \"at the address that prev/WHERE points, write\n     *                    next/WHAT\"\n     *                    aka \"write-what-where\"\n     * linkedListNext->prev = linkedListPrev  \"at the address that next/WHAT points plus 4\n     *                    (because prev is the second field in 'list' hence\n     *                    4 bytes away on 32b machines), write prev/WHERE\"\n     */\n    linkedListPrev = data.list.prev;\n    linkedListNext = data.list.next;\n    linkedListPrev->next = linkedListNext;\n    linkedListNext->prev = linkedListPrev;\n}",
        "question": "Given that the parameter or function `htons` is modified before the execution of the function `memset`, evaluate the potential impact on the outcomes of `memset`. Consider how `htons` could influence `memset`, including its role as a direct parameter, its effect on controlling conditions, or its indirect impacts through other related variables or system states.",
        "choices": {
            "A": "The change to `htons` directly alters the arguments passed to `memset`.",
            "B": "There is neither a direct nor a significant indirect relationship between the changes to `htons` and the behavior or output of `memset`, suggesting no observable impact.",
            "C": "The modification of `htons` might indirectly influence `memset` by modifying the control statement that controls the behavior of `memset`.",
            "D": "It is not possible to determine the effect without additional context."
        },
        "answer": "B",
        "distance": 0
    },
    {
        "case_id": 300,
        "code": "void CWE123_Write_What_Where_Condition__connect_socket_01_bad()\n{\n    badStruct data;\n    linkedList head = { &head, &head };\n    /* This simulates a Microsoft-style linked list insertion */\n    data.list.next = head.next;\n    data.list.prev = head.prev;\n    head.next = &data.list;\n    head.prev = &data.list;\n    {\n#ifdef _WIN32\n        WSADATA wsaData;\n        int wsaDataInit = 0;\n#endif\n        int recvResult;\n        struct sockaddr_in service;\n        SOCKET connectSocket = INVALID_SOCKET;\n        do\n        {\n#ifdef _WIN32\n            if (WSAStartup(MAKEWORD(2,2), &wsaData) != NO_ERROR)\n            {\n                break;\n            }\n            wsaDataInit = 1;\n#endif\n            connectSocket = socket(AF_INET, SOCK_STREAM, IPPROTO_TCP);\n            if (connectSocket == INVALID_SOCKET)\n            {\n                break;\n            }\n            memset(&service, 0, sizeof(service));\n            service.sin_family = AF_INET;\n            service.sin_addr.s_addr = inet_addr(IP_ADDRESS);\n            service.sin_port = htons(TCP_PORT);\n            if (connect(connectSocket, (struct sockaddr*)&service, sizeof(service)) == SOCKET_ERROR)\n            {\n                break;\n            }\n            /* Abort on error or the connection was closed, make sure to recv one\n             * less char than is in the recv_buf in order to append a terminator */\n            /* FLAW: overwrite linked list pointers with data */\n            recvResult = recv(connectSocket, (char*)&data, sizeof(data), 0);\n            if (recvResult == SOCKET_ERROR || recvResult == 0)\n            {\n                break;\n            }\n        }\n        while (0);\n        if (connectSocket != INVALID_SOCKET)\n        {\n            CLOSE_SOCKET(connectSocket);\n        }\n#ifdef _WIN32\n        if (wsaDataInit)\n        {\n            WSACleanup();\n        }\n#endif\n    }\n    /* POTENTIAL FLAW: The following removes 'a' from the list.  Because of the possible overflow this\n     * causes a \"write-what-where\" aka \"write4\".  It does another write as\n     * well.  But this is the prototypical \"write-what-where\" at least from\n     * the Windows perspective.\n     *\n     * linkedListPrev = a->list->prev  WHAT\n     * linkedListNext = a->list->next  WHERE\n     * linkedListPrev->next = linkedListNext  \"at the address that prev/WHERE points, write\n     *                    next/WHAT\"\n     *                    aka \"write-what-where\"\n     * linkedListNext->prev = linkedListPrev  \"at the address that next/WHAT points plus 4\n     *                    (because prev is the second field in 'list' hence\n     *                    4 bytes away on 32b machines), write prev/WHERE\"\n     */\n    linkedListPrev = data.list.prev;\n    linkedListNext = data.list.next;\n    linkedListPrev->next = linkedListNext;\n    linkedListNext->prev = linkedListPrev;\n}",
        "question": "Given that the parameter or function `connect` is modified before the execution of the function `memset`, evaluate the potential impact on the outcomes of `memset`. Consider how `connect` could influence `memset`, including its role as a direct parameter, its effect on controlling conditions, or its indirect impacts through other related variables or system states.",
        "choices": {
            "A": "The change to `connect` directly alters the arguments passed to `memset`.",
            "B": "There is neither a direct nor a significant indirect relationship between the changes to `connect` and the behavior or output of `memset`, suggesting no observable impact.",
            "C": "The modification of `connect` might indirectly influence `memset` by modifying the control statement that controls the behavior of `memset`.",
            "D": "It is not possible to determine the effect without additional context."
        },
        "answer": "B",
        "distance": 0
    },
    {
        "case_id": 300,
        "code": "void CWE123_Write_What_Where_Condition__connect_socket_01_bad()\n{\n    badStruct data;\n    linkedList head = { &head, &head };\n    /* This simulates a Microsoft-style linked list insertion */\n    data.list.next = head.next;\n    data.list.prev = head.prev;\n    head.next = &data.list;\n    head.prev = &data.list;\n    {\n#ifdef _WIN32\n        WSADATA wsaData;\n        int wsaDataInit = 0;\n#endif\n        int recvResult;\n        struct sockaddr_in service;\n        SOCKET connectSocket = INVALID_SOCKET;\n        do\n        {\n#ifdef _WIN32\n            if (WSAStartup(MAKEWORD(2,2), &wsaData) != NO_ERROR)\n            {\n                break;\n            }\n            wsaDataInit = 1;\n#endif\n            connectSocket = socket(AF_INET, SOCK_STREAM, IPPROTO_TCP);\n            if (connectSocket == INVALID_SOCKET)\n            {\n                break;\n            }\n            memset(&service, 0, sizeof(service));\n            service.sin_family = AF_INET;\n            service.sin_addr.s_addr = inet_addr(IP_ADDRESS);\n            service.sin_port = htons(TCP_PORT);\n            if (connect(connectSocket, (struct sockaddr*)&service, sizeof(service)) == SOCKET_ERROR)\n            {\n                break;\n            }\n            /* Abort on error or the connection was closed, make sure to recv one\n             * less char than is in the recv_buf in order to append a terminator */\n            /* FLAW: overwrite linked list pointers with data */\n            recvResult = recv(connectSocket, (char*)&data, sizeof(data), 0);\n            if (recvResult == SOCKET_ERROR || recvResult == 0)\n            {\n                break;\n            }\n        }\n        while (0);\n        if (connectSocket != INVALID_SOCKET)\n        {\n            CLOSE_SOCKET(connectSocket);\n        }\n#ifdef _WIN32\n        if (wsaDataInit)\n        {\n            WSACleanup();\n        }\n#endif\n    }\n    /* POTENTIAL FLAW: The following removes 'a' from the list.  Because of the possible overflow this\n     * causes a \"write-what-where\" aka \"write4\".  It does another write as\n     * well.  But this is the prototypical \"write-what-where\" at least from\n     * the Windows perspective.\n     *\n     * linkedListPrev = a->list->prev  WHAT\n     * linkedListNext = a->list->next  WHERE\n     * linkedListPrev->next = linkedListNext  \"at the address that prev/WHERE points, write\n     *                    next/WHAT\"\n     *                    aka \"write-what-where\"\n     * linkedListNext->prev = linkedListPrev  \"at the address that next/WHAT points plus 4\n     *                    (because prev is the second field in 'list' hence\n     *                    4 bytes away on 32b machines), write prev/WHERE\"\n     */\n    linkedListPrev = data.list.prev;\n    linkedListNext = data.list.next;\n    linkedListPrev->next = linkedListNext;\n    linkedListNext->prev = linkedListPrev;\n}",
        "question": "Given that the parameter or function `WSACleanup` is modified before the execution of the function `memset`, evaluate the potential impact on the outcomes of `memset`. Consider how `WSACleanup` could influence `memset`, including its role as a direct parameter, its effect on controlling conditions, or its indirect impacts through other related variables or system states.",
        "choices": {
            "A": "The change to `WSACleanup` directly alters the arguments passed to `memset`.",
            "B": "There is neither a direct nor a significant indirect relationship between the changes to `WSACleanup` and the behavior or output of `memset`, suggesting no observable impact.",
            "C": "The modification of `WSACleanup` might indirectly influence `memset` by modifying the control statement that controls the behavior of `memset`.",
            "D": "It is not possible to determine the effect without additional context."
        },
        "answer": "B",
        "distance": 0
    },
    {
        "case_id": 300,
        "code": "void CWE123_Write_What_Where_Condition__connect_socket_01_bad()\n{\n    badStruct data;\n    linkedList head = { &head, &head };\n    /* This simulates a Microsoft-style linked list insertion */\n    data.list.next = head.next;\n    data.list.prev = head.prev;\n    head.next = &data.list;\n    head.prev = &data.list;\n    {\n#ifdef _WIN32\n        WSADATA wsaData;\n        int wsaDataInit = 0;\n#endif\n        int recvResult;\n        struct sockaddr_in service;\n        SOCKET connectSocket = INVALID_SOCKET;\n        do\n        {\n#ifdef _WIN32\n            if (WSAStartup(MAKEWORD(2,2), &wsaData) != NO_ERROR)\n            {\n                break;\n            }\n            wsaDataInit = 1;\n#endif\n            connectSocket = socket(AF_INET, SOCK_STREAM, IPPROTO_TCP);\n            if (connectSocket == INVALID_SOCKET)\n            {\n                break;\n            }\n            memset(&service, 0, sizeof(service));\n            service.sin_family = AF_INET;\n            service.sin_addr.s_addr = inet_addr(IP_ADDRESS);\n            service.sin_port = htons(TCP_PORT);\n            if (connect(connectSocket, (struct sockaddr*)&service, sizeof(service)) == SOCKET_ERROR)\n            {\n                break;\n            }\n            /* Abort on error or the connection was closed, make sure to recv one\n             * less char than is in the recv_buf in order to append a terminator */\n            /* FLAW: overwrite linked list pointers with data */\n            recvResult = recv(connectSocket, (char*)&data, sizeof(data), 0);\n            if (recvResult == SOCKET_ERROR || recvResult == 0)\n            {\n                break;\n            }\n        }\n        while (0);\n        if (connectSocket != INVALID_SOCKET)\n        {\n            CLOSE_SOCKET(connectSocket);\n        }\n#ifdef _WIN32\n        if (wsaDataInit)\n        {\n            WSACleanup();\n        }\n#endif\n    }\n    /* POTENTIAL FLAW: The following removes 'a' from the list.  Because of the possible overflow this\n     * causes a \"write-what-where\" aka \"write4\".  It does another write as\n     * well.  But this is the prototypical \"write-what-where\" at least from\n     * the Windows perspective.\n     *\n     * linkedListPrev = a->list->prev  WHAT\n     * linkedListNext = a->list->next  WHERE\n     * linkedListPrev->next = linkedListNext  \"at the address that prev/WHERE points, write\n     *                    next/WHAT\"\n     *                    aka \"write-what-where\"\n     * linkedListNext->prev = linkedListPrev  \"at the address that next/WHAT points plus 4\n     *                    (because prev is the second field in 'list' hence\n     *                    4 bytes away on 32b machines), write prev/WHERE\"\n     */\n    linkedListPrev = data.list.prev;\n    linkedListNext = data.list.next;\n    linkedListPrev->next = linkedListNext;\n    linkedListNext->prev = linkedListPrev;\n}",
        "question": "Given that the parameter or function `recv` is modified before the execution of the function `memset`, evaluate the potential impact on the outcomes of `memset`. Consider how `recv` could influence `memset`, including its role as a direct parameter, its effect on controlling conditions, or its indirect impacts through other related variables or system states.",
        "choices": {
            "A": "The change to `recv` directly alters the arguments passed to `memset`.",
            "B": "There is neither a direct nor a significant indirect relationship between the changes to `recv` and the behavior or output of `memset`, suggesting no observable impact.",
            "C": "The modification of `recv` might indirectly influence `memset` by modifying the control statement that controls the behavior of `memset`.",
            "D": "It is not possible to determine the effect without additional context."
        },
        "answer": "B",
        "distance": 0
    },
    {
        "case_id": 300,
        "code": "void CWE123_Write_What_Where_Condition__connect_socket_01_bad()\n{\n    badStruct data;\n    linkedList head = { &head, &head };\n    /* This simulates a Microsoft-style linked list insertion */\n    data.list.next = head.next;\n    data.list.prev = head.prev;\n    head.next = &data.list;\n    head.prev = &data.list;\n    {\n#ifdef _WIN32\n        WSADATA wsaData;\n        int wsaDataInit = 0;\n#endif\n        int recvResult;\n        struct sockaddr_in service;\n        SOCKET connectSocket = INVALID_SOCKET;\n        do\n        {\n#ifdef _WIN32\n            if (WSAStartup(MAKEWORD(2,2), &wsaData) != NO_ERROR)\n            {\n                break;\n            }\n            wsaDataInit = 1;\n#endif\n            connectSocket = socket(AF_INET, SOCK_STREAM, IPPROTO_TCP);\n            if (connectSocket == INVALID_SOCKET)\n            {\n                break;\n            }\n            memset(&service, 0, sizeof(service));\n            service.sin_family = AF_INET;\n            service.sin_addr.s_addr = inet_addr(IP_ADDRESS);\n            service.sin_port = htons(TCP_PORT);\n            if (connect(connectSocket, (struct sockaddr*)&service, sizeof(service)) == SOCKET_ERROR)\n            {\n                break;\n            }\n            /* Abort on error or the connection was closed, make sure to recv one\n             * less char than is in the recv_buf in order to append a terminator */\n            /* FLAW: overwrite linked list pointers with data */\n            recvResult = recv(connectSocket, (char*)&data, sizeof(data), 0);\n            if (recvResult == SOCKET_ERROR || recvResult == 0)\n            {\n                break;\n            }\n        }\n        while (0);\n        if (connectSocket != INVALID_SOCKET)\n        {\n            CLOSE_SOCKET(connectSocket);\n        }\n#ifdef _WIN32\n        if (wsaDataInit)\n        {\n            WSACleanup();\n        }\n#endif\n    }\n    /* POTENTIAL FLAW: The following removes 'a' from the list.  Because of the possible overflow this\n     * causes a \"write-what-where\" aka \"write4\".  It does another write as\n     * well.  But this is the prototypical \"write-what-where\" at least from\n     * the Windows perspective.\n     *\n     * linkedListPrev = a->list->prev  WHAT\n     * linkedListNext = a->list->next  WHERE\n     * linkedListPrev->next = linkedListNext  \"at the address that prev/WHERE points, write\n     *                    next/WHAT\"\n     *                    aka \"write-what-where\"\n     * linkedListNext->prev = linkedListPrev  \"at the address that next/WHAT points plus 4\n     *                    (because prev is the second field in 'list' hence\n     *                    4 bytes away on 32b machines), write prev/WHERE\"\n     */\n    linkedListPrev = data.list.prev;\n    linkedListNext = data.list.next;\n    linkedListPrev->next = linkedListNext;\n    linkedListNext->prev = linkedListPrev;\n}",
        "question": "Given that the parameter or function `IPPROTO_TCP` is modified before the execution of the function `CLOSE_SOCKET`, evaluate the potential impact on the outcomes of `CLOSE_SOCKET`. Consider how `IPPROTO_TCP` could influence `CLOSE_SOCKET`, including its role as a direct parameter, its effect on controlling conditions, or its indirect impacts through other related variables or system states.",
        "choices": {
            "A": "The change to `IPPROTO_TCP` directly alters the arguments passed to `CLOSE_SOCKET`.",
            "B": "There is neither a direct nor a significant indirect relationship between the changes to `IPPROTO_TCP` and the behavior or output of `CLOSE_SOCKET`, suggesting no observable impact.",
            "C": "The modification of `IPPROTO_TCP` might indirectly influence `CLOSE_SOCKET` by modifying the control statement that controls the behavior of `CLOSE_SOCKET`.",
            "D": "It is not possible to determine the effect without additional context."
        },
        "answer": "A, C",
        "distance": 1
    },
    {
        "case_id": 300,
        "code": "void CWE123_Write_What_Where_Condition__connect_socket_01_bad()\n{\n    badStruct data;\n    linkedList head = { &head, &head };\n    /* This simulates a Microsoft-style linked list insertion */\n    data.list.next = head.next;\n    data.list.prev = head.prev;\n    head.next = &data.list;\n    head.prev = &data.list;\n    {\n#ifdef _WIN32\n        WSADATA wsaData;\n        int wsaDataInit = 0;\n#endif\n        int recvResult;\n        struct sockaddr_in service;\n        SOCKET connectSocket = INVALID_SOCKET;\n        do\n        {\n#ifdef _WIN32\n            if (WSAStartup(MAKEWORD(2,2), &wsaData) != NO_ERROR)\n            {\n                break;\n            }\n            wsaDataInit = 1;\n#endif\n            connectSocket = socket(AF_INET, SOCK_STREAM, IPPROTO_TCP);\n            if (connectSocket == INVALID_SOCKET)\n            {\n                break;\n            }\n            memset(&service, 0, sizeof(service));\n            service.sin_family = AF_INET;\n            service.sin_addr.s_addr = inet_addr(IP_ADDRESS);\n            service.sin_port = htons(TCP_PORT);\n            if (connect(connectSocket, (struct sockaddr*)&service, sizeof(service)) == SOCKET_ERROR)\n            {\n                break;\n            }\n            /* Abort on error or the connection was closed, make sure to recv one\n             * less char than is in the recv_buf in order to append a terminator */\n            /* FLAW: overwrite linked list pointers with data */\n            recvResult = recv(connectSocket, (char*)&data, sizeof(data), 0);\n            if (recvResult == SOCKET_ERROR || recvResult == 0)\n            {\n                break;\n            }\n        }\n        while (0);\n        if (connectSocket != INVALID_SOCKET)\n        {\n            CLOSE_SOCKET(connectSocket);\n        }\n#ifdef _WIN32\n        if (wsaDataInit)\n        {\n            WSACleanup();\n        }\n#endif\n    }\n    /* POTENTIAL FLAW: The following removes 'a' from the list.  Because of the possible overflow this\n     * causes a \"write-what-where\" aka \"write4\".  It does another write as\n     * well.  But this is the prototypical \"write-what-where\" at least from\n     * the Windows perspective.\n     *\n     * linkedListPrev = a->list->prev  WHAT\n     * linkedListNext = a->list->next  WHERE\n     * linkedListPrev->next = linkedListNext  \"at the address that prev/WHERE points, write\n     *                    next/WHAT\"\n     *                    aka \"write-what-where\"\n     * linkedListNext->prev = linkedListPrev  \"at the address that next/WHAT points plus 4\n     *                    (because prev is the second field in 'list' hence\n     *                    4 bytes away on 32b machines), write prev/WHERE\"\n     */\n    linkedListPrev = data.list.prev;\n    linkedListNext = data.list.next;\n    linkedListPrev->next = linkedListNext;\n    linkedListNext->prev = linkedListPrev;\n}",
        "question": "Given that the parameter or function `INVALID_SOCKET` is modified before the execution of the function `CLOSE_SOCKET`, evaluate the potential impact on the outcomes of `CLOSE_SOCKET`. Consider how `INVALID_SOCKET` could influence `CLOSE_SOCKET`, including its role as a direct parameter, its effect on controlling conditions, or its indirect impacts through other related variables or system states.",
        "choices": {
            "A": "The change to `INVALID_SOCKET` directly alters the arguments passed to `CLOSE_SOCKET`.",
            "B": "There is neither a direct nor a significant indirect relationship between the changes to `INVALID_SOCKET` and the behavior or output of `CLOSE_SOCKET`, suggesting no observable impact.",
            "C": "The modification of `INVALID_SOCKET` might indirectly influence `CLOSE_SOCKET` by modifying the control statement that controls the behavior of `CLOSE_SOCKET`.",
            "D": "It is not possible to determine the effect without additional context."
        },
        "answer": "A, C",
        "distance": 1
    },
    {
        "case_id": 300,
        "code": "void CWE123_Write_What_Where_Condition__connect_socket_01_bad()\n{\n    badStruct data;\n    linkedList head = { &head, &head };\n    /* This simulates a Microsoft-style linked list insertion */\n    data.list.next = head.next;\n    data.list.prev = head.prev;\n    head.next = &data.list;\n    head.prev = &data.list;\n    {\n#ifdef _WIN32\n        WSADATA wsaData;\n        int wsaDataInit = 0;\n#endif\n        int recvResult;\n        struct sockaddr_in service;\n        SOCKET connectSocket = INVALID_SOCKET;\n        do\n        {\n#ifdef _WIN32\n            if (WSAStartup(MAKEWORD(2,2), &wsaData) != NO_ERROR)\n            {\n                break;\n            }\n            wsaDataInit = 1;\n#endif\n            connectSocket = socket(AF_INET, SOCK_STREAM, IPPROTO_TCP);\n            if (connectSocket == INVALID_SOCKET)\n            {\n                break;\n            }\n            memset(&service, 0, sizeof(service));\n            service.sin_family = AF_INET;\n            service.sin_addr.s_addr = inet_addr(IP_ADDRESS);\n            service.sin_port = htons(TCP_PORT);\n            if (connect(connectSocket, (struct sockaddr*)&service, sizeof(service)) == SOCKET_ERROR)\n            {\n                break;\n            }\n            /* Abort on error or the connection was closed, make sure to recv one\n             * less char than is in the recv_buf in order to append a terminator */\n            /* FLAW: overwrite linked list pointers with data */\n            recvResult = recv(connectSocket, (char*)&data, sizeof(data), 0);\n            if (recvResult == SOCKET_ERROR || recvResult == 0)\n            {\n                break;\n            }\n        }\n        while (0);\n        if (connectSocket != INVALID_SOCKET)\n        {\n            CLOSE_SOCKET(connectSocket);\n        }\n#ifdef _WIN32\n        if (wsaDataInit)\n        {\n            WSACleanup();\n        }\n#endif\n    }\n    /* POTENTIAL FLAW: The following removes 'a' from the list.  Because of the possible overflow this\n     * causes a \"write-what-where\" aka \"write4\".  It does another write as\n     * well.  But this is the prototypical \"write-what-where\" at least from\n     * the Windows perspective.\n     *\n     * linkedListPrev = a->list->prev  WHAT\n     * linkedListNext = a->list->next  WHERE\n     * linkedListPrev->next = linkedListNext  \"at the address that prev/WHERE points, write\n     *                    next/WHAT\"\n     *                    aka \"write-what-where\"\n     * linkedListNext->prev = linkedListPrev  \"at the address that next/WHAT points plus 4\n     *                    (because prev is the second field in 'list' hence\n     *                    4 bytes away on 32b machines), write prev/WHERE\"\n     */\n    linkedListPrev = data.list.prev;\n    linkedListNext = data.list.next;\n    linkedListPrev->next = linkedListNext;\n    linkedListNext->prev = linkedListPrev;\n}",
        "question": "Given that the parameter or function `AF_INET` is modified before the execution of the function `CLOSE_SOCKET`, evaluate the potential impact on the outcomes of `CLOSE_SOCKET`. Consider how `AF_INET` could influence `CLOSE_SOCKET`, including its role as a direct parameter, its effect on controlling conditions, or its indirect impacts through other related variables or system states.",
        "choices": {
            "A": "The change to `AF_INET` directly alters the arguments passed to `CLOSE_SOCKET`.",
            "B": "There is neither a direct nor a significant indirect relationship between the changes to `AF_INET` and the behavior or output of `CLOSE_SOCKET`, suggesting no observable impact.",
            "C": "The modification of `AF_INET` might indirectly influence `CLOSE_SOCKET` by modifying the control statement that controls the behavior of `CLOSE_SOCKET`.",
            "D": "It is not possible to determine the effect without additional context."
        },
        "answer": "A, C",
        "distance": 1
    },
    {
        "case_id": 300,
        "code": "void CWE123_Write_What_Where_Condition__connect_socket_01_bad()\n{\n    badStruct data;\n    linkedList head = { &head, &head };\n    /* This simulates a Microsoft-style linked list insertion */\n    data.list.next = head.next;\n    data.list.prev = head.prev;\n    head.next = &data.list;\n    head.prev = &data.list;\n    {\n#ifdef _WIN32\n        WSADATA wsaData;\n        int wsaDataInit = 0;\n#endif\n        int recvResult;\n        struct sockaddr_in service;\n        SOCKET connectSocket = INVALID_SOCKET;\n        do\n        {\n#ifdef _WIN32\n            if (WSAStartup(MAKEWORD(2,2), &wsaData) != NO_ERROR)\n            {\n                break;\n            }\n            wsaDataInit = 1;\n#endif\n            connectSocket = socket(AF_INET, SOCK_STREAM, IPPROTO_TCP);\n            if (connectSocket == INVALID_SOCKET)\n            {\n                break;\n            }\n            memset(&service, 0, sizeof(service));\n            service.sin_family = AF_INET;\n            service.sin_addr.s_addr = inet_addr(IP_ADDRESS);\n            service.sin_port = htons(TCP_PORT);\n            if (connect(connectSocket, (struct sockaddr*)&service, sizeof(service)) == SOCKET_ERROR)\n            {\n                break;\n            }\n            /* Abort on error or the connection was closed, make sure to recv one\n             * less char than is in the recv_buf in order to append a terminator */\n            /* FLAW: overwrite linked list pointers with data */\n            recvResult = recv(connectSocket, (char*)&data, sizeof(data), 0);\n            if (recvResult == SOCKET_ERROR || recvResult == 0)\n            {\n                break;\n            }\n        }\n        while (0);\n        if (connectSocket != INVALID_SOCKET)\n        {\n            CLOSE_SOCKET(connectSocket);\n        }\n#ifdef _WIN32\n        if (wsaDataInit)\n        {\n            WSACleanup();\n        }\n#endif\n    }\n    /* POTENTIAL FLAW: The following removes 'a' from the list.  Because of the possible overflow this\n     * causes a \"write-what-where\" aka \"write4\".  It does another write as\n     * well.  But this is the prototypical \"write-what-where\" at least from\n     * the Windows perspective.\n     *\n     * linkedListPrev = a->list->prev  WHAT\n     * linkedListNext = a->list->next  WHERE\n     * linkedListPrev->next = linkedListNext  \"at the address that prev/WHERE points, write\n     *                    next/WHAT\"\n     *                    aka \"write-what-where\"\n     * linkedListNext->prev = linkedListPrev  \"at the address that next/WHAT points plus 4\n     *                    (because prev is the second field in 'list' hence\n     *                    4 bytes away on 32b machines), write prev/WHERE\"\n     */\n    linkedListPrev = data.list.prev;\n    linkedListNext = data.list.next;\n    linkedListPrev->next = linkedListNext;\n    linkedListNext->prev = linkedListPrev;\n}",
        "question": "Given that the parameter or function `socket` is modified before the execution of the function `CLOSE_SOCKET`, evaluate the potential impact on the outcomes of `CLOSE_SOCKET`. Consider how `socket` could influence `CLOSE_SOCKET`, including its role as a direct parameter, its effect on controlling conditions, or its indirect impacts through other related variables or system states.",
        "choices": {
            "A": "The change to `socket` directly alters the arguments passed to `CLOSE_SOCKET`.",
            "B": "There is neither a direct nor a significant indirect relationship between the changes to `socket` and the behavior or output of `CLOSE_SOCKET`, suggesting no observable impact.",
            "C": "The modification of `socket` might indirectly influence `CLOSE_SOCKET` by modifying the control statement that controls the behavior of `CLOSE_SOCKET`.",
            "D": "It is not possible to determine the effect without additional context."
        },
        "answer": "A, C",
        "distance": 1
    }
]