[
    {
        "case_id": 493,
        "code": "void CWE223_Omission_of_Security_Relevant_Information__w32_01_bad()\n{\n    {\n        WSADATA wsaData;\n        BOOL wsaDataInit = FALSE;\n        SOCKET listenSocket = INVALID_SOCKET;\n        SOCKET acceptSocket = INVALID_SOCKET;\n        struct sockaddr_in service;\n        char username[USERNAME_SZ+1];\n        HANDLE pHandle;\n        do\n        {\n            if (0 != WSAStartup(MAKEWORD(2, 2), &wsaData))\n            {\n                break;\n            }\n            wsaDataInit = TRUE;\n            listenSocket = socket(PF_INET, SOCK_STREAM, 0);\n            if (listenSocket == INVALID_SOCKET)\n            {\n                break;\n            }\n            memset(&service, 0, sizeof(service));\n            service.sin_family = AF_INET;\n            service.sin_addr.s_addr = INADDR_ANY;\n            service.sin_port = htons(LISTEN_PORT);\n            if (SOCKET_ERROR == bind(listenSocket, (struct sockaddr*)&service, sizeof(service)))\n            {\n                break;\n            }\n            if (SOCKET_ERROR == listen(listenSocket, LISTEN_BACKLOG))\n            {\n                break;\n            }\n            acceptSocket = accept(listenSocket, NULL, NULL);\n            if (acceptSocket == INVALID_SOCKET)\n            {\n                break;\n            }\n            if (sizeof(username)-sizeof(char) != recv(acceptSocket, username, sizeof(username)-sizeof(char), 0))\n            {\n                break;\n            }\n            username[USERNAME_SZ] = '\\0';\n            /* INCIDENTAL CWE 188 - reliance on data memory layout\n             * recv and friends return \"number of bytes\" received\n             * fwrite wants \"the size of\".  ANSI/ISO allows the size of chars\n             * to be anything (32 bits, 9 bits, etc.) so technically you\n             * have to do conversion between these values\n            */\n            /* FLAW: username is not logged */\n            fprintf(stderr, \"Attempted login\\n\");\n            /* Establish the fact that the input is a username */\n            if (LogonUserA(\n                        username,\n                        DOMAIN,\n                        PASSWORD, /* INCIDENTAL CWE 259 - Hard-coded Password */\n                        LOGON32_LOGON_NETWORK,\n                        LOGON32_PROVIDER_DEFAULT,\n                        &pHandle) != 0)\n            {\n                printLine(\"User logged in successfully.\");\n                CloseHandle(pHandle);\n            }\n            else\n            {\n                printLine(\"Unable to login.\");\n            }\n        }\n        while (0);\n        if (acceptSocket != INVALID_SOCKET)\n        {\n            closesocket(acceptSocket);\n        }\n        if (listenSocket != INVALID_SOCKET)\n        {\n            closesocket(listenSocket);\n        }\n        if (wsaDataInit)\n        {\n            WSACleanup();\n        }\n    }\n}",
        "question": "Given that the parameter or function `stderr` is modified before the execution of the function `fprintf`, evaluate the potential impact on the outcomes of `fprintf`. Consider how `stderr` could influence `fprintf`, including its role as a direct parameter, its effect on controlling conditions, or its indirect impacts through other related variables or system states.",
        "choices": {
            "A": "The change to `stderr` directly alters the arguments passed to `fprintf`.",
            "B": "There is neither a direct nor a significant indirect relationship between the changes to `stderr` and the behavior or output of `fprintf`, suggesting no observable impact.",
            "C": "The modification of `stderr` might indirectly influence `fprintf` by modifying the control statement that controls the behavior of `fprintf`.",
            "D": "It is not possible to determine the effect without additional context."
        },
        "answer": "A",
        "distance": 1
    },
    {
        "case_id": 493,
        "code": "void CWE223_Omission_of_Security_Relevant_Information__w32_01_bad()\n{\n    {\n        WSADATA wsaData;\n        BOOL wsaDataInit = FALSE;\n        SOCKET listenSocket = INVALID_SOCKET;\n        SOCKET acceptSocket = INVALID_SOCKET;\n        struct sockaddr_in service;\n        char username[USERNAME_SZ+1];\n        HANDLE pHandle;\n        do\n        {\n            if (0 != WSAStartup(MAKEWORD(2, 2), &wsaData))\n            {\n                break;\n            }\n            wsaDataInit = TRUE;\n            listenSocket = socket(PF_INET, SOCK_STREAM, 0);\n            if (listenSocket == INVALID_SOCKET)\n            {\n                break;\n            }\n            memset(&service, 0, sizeof(service));\n            service.sin_family = AF_INET;\n            service.sin_addr.s_addr = INADDR_ANY;\n            service.sin_port = htons(LISTEN_PORT);\n            if (SOCKET_ERROR == bind(listenSocket, (struct sockaddr*)&service, sizeof(service)))\n            {\n                break;\n            }\n            if (SOCKET_ERROR == listen(listenSocket, LISTEN_BACKLOG))\n            {\n                break;\n            }\n            acceptSocket = accept(listenSocket, NULL, NULL);\n            if (acceptSocket == INVALID_SOCKET)\n            {\n                break;\n            }\n            if (sizeof(username)-sizeof(char) != recv(acceptSocket, username, sizeof(username)-sizeof(char), 0))\n            {\n                break;\n            }\n            username[USERNAME_SZ] = '\\0';\n            /* INCIDENTAL CWE 188 - reliance on data memory layout\n             * recv and friends return \"number of bytes\" received\n             * fwrite wants \"the size of\".  ANSI/ISO allows the size of chars\n             * to be anything (32 bits, 9 bits, etc.) so technically you\n             * have to do conversion between these values\n            */\n            /* FLAW: username is not logged */\n            fprintf(stderr, \"Attempted login\\n\");\n            /* Establish the fact that the input is a username */\n            if (LogonUserA(\n                        username,\n                        DOMAIN,\n                        PASSWORD, /* INCIDENTAL CWE 259 - Hard-coded Password */\n                        LOGON32_LOGON_NETWORK,\n                        LOGON32_PROVIDER_DEFAULT,\n                        &pHandle) != 0)\n            {\n                printLine(\"User logged in successfully.\");\n                CloseHandle(pHandle);\n            }\n            else\n            {\n                printLine(\"Unable to login.\");\n            }\n        }\n        while (0);\n        if (acceptSocket != INVALID_SOCKET)\n        {\n            closesocket(acceptSocket);\n        }\n        if (listenSocket != INVALID_SOCKET)\n        {\n            closesocket(listenSocket);\n        }\n        if (wsaDataInit)\n        {\n            WSACleanup();\n        }\n    }\n}",
        "question": "Given that the parameter or function `INVALID_SOCKET` is modified before the execution of the function `accept`, evaluate the potential impact on the outcomes of `accept`. Consider how `INVALID_SOCKET` could influence `accept`, including its role as a direct parameter, its effect on controlling conditions, or its indirect impacts through other related variables or system states.",
        "choices": {
            "A": "The change to `INVALID_SOCKET` directly alters the arguments passed to `accept`.",
            "B": "There is neither a direct nor a significant indirect relationship between the changes to `INVALID_SOCKET` and the behavior or output of `accept`, suggesting no observable impact.",
            "C": "The modification of `INVALID_SOCKET` might indirectly influence `accept` by modifying the control statement that controls the behavior of `accept`.",
            "D": "It is not possible to determine the effect without additional context."
        },
        "answer": "A",
        "distance": 1
    },
    {
        "case_id": 493,
        "code": "void CWE223_Omission_of_Security_Relevant_Information__w32_01_bad()\n{\n    {\n        WSADATA wsaData;\n        BOOL wsaDataInit = FALSE;\n        SOCKET listenSocket = INVALID_SOCKET;\n        SOCKET acceptSocket = INVALID_SOCKET;\n        struct sockaddr_in service;\n        char username[USERNAME_SZ+1];\n        HANDLE pHandle;\n        do\n        {\n            if (0 != WSAStartup(MAKEWORD(2, 2), &wsaData))\n            {\n                break;\n            }\n            wsaDataInit = TRUE;\n            listenSocket = socket(PF_INET, SOCK_STREAM, 0);\n            if (listenSocket == INVALID_SOCKET)\n            {\n                break;\n            }\n            memset(&service, 0, sizeof(service));\n            service.sin_family = AF_INET;\n            service.sin_addr.s_addr = INADDR_ANY;\n            service.sin_port = htons(LISTEN_PORT);\n            if (SOCKET_ERROR == bind(listenSocket, (struct sockaddr*)&service, sizeof(service)))\n            {\n                break;\n            }\n            if (SOCKET_ERROR == listen(listenSocket, LISTEN_BACKLOG))\n            {\n                break;\n            }\n            acceptSocket = accept(listenSocket, NULL, NULL);\n            if (acceptSocket == INVALID_SOCKET)\n            {\n                break;\n            }\n            if (sizeof(username)-sizeof(char) != recv(acceptSocket, username, sizeof(username)-sizeof(char), 0))\n            {\n                break;\n            }\n            username[USERNAME_SZ] = '\\0';\n            /* INCIDENTAL CWE 188 - reliance on data memory layout\n             * recv and friends return \"number of bytes\" received\n             * fwrite wants \"the size of\".  ANSI/ISO allows the size of chars\n             * to be anything (32 bits, 9 bits, etc.) so technically you\n             * have to do conversion between these values\n            */\n            /* FLAW: username is not logged */\n            fprintf(stderr, \"Attempted login\\n\");\n            /* Establish the fact that the input is a username */\n            if (LogonUserA(\n                        username,\n                        DOMAIN,\n                        PASSWORD, /* INCIDENTAL CWE 259 - Hard-coded Password */\n                        LOGON32_LOGON_NETWORK,\n                        LOGON32_PROVIDER_DEFAULT,\n                        &pHandle) != 0)\n            {\n                printLine(\"User logged in successfully.\");\n                CloseHandle(pHandle);\n            }\n            else\n            {\n                printLine(\"Unable to login.\");\n            }\n        }\n        while (0);\n        if (acceptSocket != INVALID_SOCKET)\n        {\n            closesocket(acceptSocket);\n        }\n        if (listenSocket != INVALID_SOCKET)\n        {\n            closesocket(listenSocket);\n        }\n        if (wsaDataInit)\n        {\n            WSACleanup();\n        }\n    }\n}",
        "question": "Given that the parameter or function `PF_INET` is modified before the execution of the function `accept`, evaluate the potential impact on the outcomes of `accept`. Consider how `PF_INET` could influence `accept`, including its role as a direct parameter, its effect on controlling conditions, or its indirect impacts through other related variables or system states.",
        "choices": {
            "A": "The change to `PF_INET` directly alters the arguments passed to `accept`.",
            "B": "There is neither a direct nor a significant indirect relationship between the changes to `PF_INET` and the behavior or output of `accept`, suggesting no observable impact.",
            "C": "The modification of `PF_INET` might indirectly influence `accept` by modifying the control statement that controls the behavior of `accept`.",
            "D": "It is not possible to determine the effect without additional context."
        },
        "answer": "A",
        "distance": 1
    },
    {
        "case_id": 493,
        "code": "void CWE223_Omission_of_Security_Relevant_Information__w32_01_bad()\n{\n    {\n        WSADATA wsaData;\n        BOOL wsaDataInit = FALSE;\n        SOCKET listenSocket = INVALID_SOCKET;\n        SOCKET acceptSocket = INVALID_SOCKET;\n        struct sockaddr_in service;\n        char username[USERNAME_SZ+1];\n        HANDLE pHandle;\n        do\n        {\n            if (0 != WSAStartup(MAKEWORD(2, 2), &wsaData))\n            {\n                break;\n            }\n            wsaDataInit = TRUE;\n            listenSocket = socket(PF_INET, SOCK_STREAM, 0);\n            if (listenSocket == INVALID_SOCKET)\n            {\n                break;\n            }\n            memset(&service, 0, sizeof(service));\n            service.sin_family = AF_INET;\n            service.sin_addr.s_addr = INADDR_ANY;\n            service.sin_port = htons(LISTEN_PORT);\n            if (SOCKET_ERROR == bind(listenSocket, (struct sockaddr*)&service, sizeof(service)))\n            {\n                break;\n            }\n            if (SOCKET_ERROR == listen(listenSocket, LISTEN_BACKLOG))\n            {\n                break;\n            }\n            acceptSocket = accept(listenSocket, NULL, NULL);\n            if (acceptSocket == INVALID_SOCKET)\n            {\n                break;\n            }\n            if (sizeof(username)-sizeof(char) != recv(acceptSocket, username, sizeof(username)-sizeof(char), 0))\n            {\n                break;\n            }\n            username[USERNAME_SZ] = '\\0';\n            /* INCIDENTAL CWE 188 - reliance on data memory layout\n             * recv and friends return \"number of bytes\" received\n             * fwrite wants \"the size of\".  ANSI/ISO allows the size of chars\n             * to be anything (32 bits, 9 bits, etc.) so technically you\n             * have to do conversion between these values\n            */\n            /* FLAW: username is not logged */\n            fprintf(stderr, \"Attempted login\\n\");\n            /* Establish the fact that the input is a username */\n            if (LogonUserA(\n                        username,\n                        DOMAIN,\n                        PASSWORD, /* INCIDENTAL CWE 259 - Hard-coded Password */\n                        LOGON32_LOGON_NETWORK,\n                        LOGON32_PROVIDER_DEFAULT,\n                        &pHandle) != 0)\n            {\n                printLine(\"User logged in successfully.\");\n                CloseHandle(pHandle);\n            }\n            else\n            {\n                printLine(\"Unable to login.\");\n            }\n        }\n        while (0);\n        if (acceptSocket != INVALID_SOCKET)\n        {\n            closesocket(acceptSocket);\n        }\n        if (listenSocket != INVALID_SOCKET)\n        {\n            closesocket(listenSocket);\n        }\n        if (wsaDataInit)\n        {\n            WSACleanup();\n        }\n    }\n}",
        "question": "Given that the parameter or function `socket` is modified before the execution of the function `accept`, evaluate the potential impact on the outcomes of `accept`. Consider how `socket` could influence `accept`, including its role as a direct parameter, its effect on controlling conditions, or its indirect impacts through other related variables or system states.",
        "choices": {
            "A": "The change to `socket` directly alters the arguments passed to `accept`.",
            "B": "There is neither a direct nor a significant indirect relationship between the changes to `socket` and the behavior or output of `accept`, suggesting no observable impact.",
            "C": "The modification of `socket` might indirectly influence `accept` by modifying the control statement that controls the behavior of `accept`.",
            "D": "It is not possible to determine the effect without additional context."
        },
        "answer": "A",
        "distance": 1
    },
    {
        "case_id": 493,
        "code": "void CWE223_Omission_of_Security_Relevant_Information__w32_01_bad()\n{\n    {\n        WSADATA wsaData;\n        BOOL wsaDataInit = FALSE;\n        SOCKET listenSocket = INVALID_SOCKET;\n        SOCKET acceptSocket = INVALID_SOCKET;\n        struct sockaddr_in service;\n        char username[USERNAME_SZ+1];\n        HANDLE pHandle;\n        do\n        {\n            if (0 != WSAStartup(MAKEWORD(2, 2), &wsaData))\n            {\n                break;\n            }\n            wsaDataInit = TRUE;\n            listenSocket = socket(PF_INET, SOCK_STREAM, 0);\n            if (listenSocket == INVALID_SOCKET)\n            {\n                break;\n            }\n            memset(&service, 0, sizeof(service));\n            service.sin_family = AF_INET;\n            service.sin_addr.s_addr = INADDR_ANY;\n            service.sin_port = htons(LISTEN_PORT);\n            if (SOCKET_ERROR == bind(listenSocket, (struct sockaddr*)&service, sizeof(service)))\n            {\n                break;\n            }\n            if (SOCKET_ERROR == listen(listenSocket, LISTEN_BACKLOG))\n            {\n                break;\n            }\n            acceptSocket = accept(listenSocket, NULL, NULL);\n            if (acceptSocket == INVALID_SOCKET)\n            {\n                break;\n            }\n            if (sizeof(username)-sizeof(char) != recv(acceptSocket, username, sizeof(username)-sizeof(char), 0))\n            {\n                break;\n            }\n            username[USERNAME_SZ] = '\\0';\n            /* INCIDENTAL CWE 188 - reliance on data memory layout\n             * recv and friends return \"number of bytes\" received\n             * fwrite wants \"the size of\".  ANSI/ISO allows the size of chars\n             * to be anything (32 bits, 9 bits, etc.) so technically you\n             * have to do conversion between these values\n            */\n            /* FLAW: username is not logged */\n            fprintf(stderr, \"Attempted login\\n\");\n            /* Establish the fact that the input is a username */\n            if (LogonUserA(\n                        username,\n                        DOMAIN,\n                        PASSWORD, /* INCIDENTAL CWE 259 - Hard-coded Password */\n                        LOGON32_LOGON_NETWORK,\n                        LOGON32_PROVIDER_DEFAULT,\n                        &pHandle) != 0)\n            {\n                printLine(\"User logged in successfully.\");\n                CloseHandle(pHandle);\n            }\n            else\n            {\n                printLine(\"Unable to login.\");\n            }\n        }\n        while (0);\n        if (acceptSocket != INVALID_SOCKET)\n        {\n            closesocket(acceptSocket);\n        }\n        if (listenSocket != INVALID_SOCKET)\n        {\n            closesocket(listenSocket);\n        }\n        if (wsaDataInit)\n        {\n            WSACleanup();\n        }\n    }\n}",
        "question": "Given that the parameter or function `accept` is modified before the execution of the function `fprintf`, evaluate the potential impact on the outcomes of `fprintf`. Consider how `accept` could influence `fprintf`, including its role as a direct parameter, its effect on controlling conditions, or its indirect impacts through other related variables or system states.",
        "choices": {
            "A": "The change to `accept` directly alters the arguments passed to `fprintf`.",
            "B": "There is neither a direct nor a significant indirect relationship between the changes to `accept` and the behavior or output of `fprintf`, suggesting no observable impact.",
            "C": "The modification of `accept` might indirectly influence `fprintf` by modifying the control statement that controls the behavior of `fprintf`.",
            "D": "It is not possible to determine the effect without additional context."
        },
        "answer": "B",
        "distance": 0
    },
    {
        "case_id": 493,
        "code": "void CWE223_Omission_of_Security_Relevant_Information__w32_01_bad()\n{\n    {\n        WSADATA wsaData;\n        BOOL wsaDataInit = FALSE;\n        SOCKET listenSocket = INVALID_SOCKET;\n        SOCKET acceptSocket = INVALID_SOCKET;\n        struct sockaddr_in service;\n        char username[USERNAME_SZ+1];\n        HANDLE pHandle;\n        do\n        {\n            if (0 != WSAStartup(MAKEWORD(2, 2), &wsaData))\n            {\n                break;\n            }\n            wsaDataInit = TRUE;\n            listenSocket = socket(PF_INET, SOCK_STREAM, 0);\n            if (listenSocket == INVALID_SOCKET)\n            {\n                break;\n            }\n            memset(&service, 0, sizeof(service));\n            service.sin_family = AF_INET;\n            service.sin_addr.s_addr = INADDR_ANY;\n            service.sin_port = htons(LISTEN_PORT);\n            if (SOCKET_ERROR == bind(listenSocket, (struct sockaddr*)&service, sizeof(service)))\n            {\n                break;\n            }\n            if (SOCKET_ERROR == listen(listenSocket, LISTEN_BACKLOG))\n            {\n                break;\n            }\n            acceptSocket = accept(listenSocket, NULL, NULL);\n            if (acceptSocket == INVALID_SOCKET)\n            {\n                break;\n            }\n            if (sizeof(username)-sizeof(char) != recv(acceptSocket, username, sizeof(username)-sizeof(char), 0))\n            {\n                break;\n            }\n            username[USERNAME_SZ] = '\\0';\n            /* INCIDENTAL CWE 188 - reliance on data memory layout\n             * recv and friends return \"number of bytes\" received\n             * fwrite wants \"the size of\".  ANSI/ISO allows the size of chars\n             * to be anything (32 bits, 9 bits, etc.) so technically you\n             * have to do conversion between these values\n            */\n            /* FLAW: username is not logged */\n            fprintf(stderr, \"Attempted login\\n\");\n            /* Establish the fact that the input is a username */\n            if (LogonUserA(\n                        username,\n                        DOMAIN,\n                        PASSWORD, /* INCIDENTAL CWE 259 - Hard-coded Password */\n                        LOGON32_LOGON_NETWORK,\n                        LOGON32_PROVIDER_DEFAULT,\n                        &pHandle) != 0)\n            {\n                printLine(\"User logged in successfully.\");\n                CloseHandle(pHandle);\n            }\n            else\n            {\n                printLine(\"Unable to login.\");\n            }\n        }\n        while (0);\n        if (acceptSocket != INVALID_SOCKET)\n        {\n            closesocket(acceptSocket);\n        }\n        if (listenSocket != INVALID_SOCKET)\n        {\n            closesocket(listenSocket);\n        }\n        if (wsaDataInit)\n        {\n            WSACleanup();\n        }\n    }\n}",
        "question": "Given that the parameter or function `memset` is modified before the execution of the function `fprintf`, evaluate the potential impact on the outcomes of `fprintf`. Consider how `memset` could influence `fprintf`, including its role as a direct parameter, its effect on controlling conditions, or its indirect impacts through other related variables or system states.",
        "choices": {
            "A": "The change to `memset` directly alters the arguments passed to `fprintf`.",
            "B": "There is neither a direct nor a significant indirect relationship between the changes to `memset` and the behavior or output of `fprintf`, suggesting no observable impact.",
            "C": "The modification of `memset` might indirectly influence `fprintf` by modifying the control statement that controls the behavior of `fprintf`.",
            "D": "It is not possible to determine the effect without additional context."
        },
        "answer": "B",
        "distance": 0
    },
    {
        "case_id": 493,
        "code": "void CWE223_Omission_of_Security_Relevant_Information__w32_01_bad()\n{\n    {\n        WSADATA wsaData;\n        BOOL wsaDataInit = FALSE;\n        SOCKET listenSocket = INVALID_SOCKET;\n        SOCKET acceptSocket = INVALID_SOCKET;\n        struct sockaddr_in service;\n        char username[USERNAME_SZ+1];\n        HANDLE pHandle;\n        do\n        {\n            if (0 != WSAStartup(MAKEWORD(2, 2), &wsaData))\n            {\n                break;\n            }\n            wsaDataInit = TRUE;\n            listenSocket = socket(PF_INET, SOCK_STREAM, 0);\n            if (listenSocket == INVALID_SOCKET)\n            {\n                break;\n            }\n            memset(&service, 0, sizeof(service));\n            service.sin_family = AF_INET;\n            service.sin_addr.s_addr = INADDR_ANY;\n            service.sin_port = htons(LISTEN_PORT);\n            if (SOCKET_ERROR == bind(listenSocket, (struct sockaddr*)&service, sizeof(service)))\n            {\n                break;\n            }\n            if (SOCKET_ERROR == listen(listenSocket, LISTEN_BACKLOG))\n            {\n                break;\n            }\n            acceptSocket = accept(listenSocket, NULL, NULL);\n            if (acceptSocket == INVALID_SOCKET)\n            {\n                break;\n            }\n            if (sizeof(username)-sizeof(char) != recv(acceptSocket, username, sizeof(username)-sizeof(char), 0))\n            {\n                break;\n            }\n            username[USERNAME_SZ] = '\\0';\n            /* INCIDENTAL CWE 188 - reliance on data memory layout\n             * recv and friends return \"number of bytes\" received\n             * fwrite wants \"the size of\".  ANSI/ISO allows the size of chars\n             * to be anything (32 bits, 9 bits, etc.) so technically you\n             * have to do conversion between these values\n            */\n            /* FLAW: username is not logged */\n            fprintf(stderr, \"Attempted login\\n\");\n            /* Establish the fact that the input is a username */\n            if (LogonUserA(\n                        username,\n                        DOMAIN,\n                        PASSWORD, /* INCIDENTAL CWE 259 - Hard-coded Password */\n                        LOGON32_LOGON_NETWORK,\n                        LOGON32_PROVIDER_DEFAULT,\n                        &pHandle) != 0)\n            {\n                printLine(\"User logged in successfully.\");\n                CloseHandle(pHandle);\n            }\n            else\n            {\n                printLine(\"Unable to login.\");\n            }\n        }\n        while (0);\n        if (acceptSocket != INVALID_SOCKET)\n        {\n            closesocket(acceptSocket);\n        }\n        if (listenSocket != INVALID_SOCKET)\n        {\n            closesocket(listenSocket);\n        }\n        if (wsaDataInit)\n        {\n            WSACleanup();\n        }\n    }\n}",
        "question": "Given that the parameter or function `bind` is modified before the execution of the function `fprintf`, evaluate the potential impact on the outcomes of `fprintf`. Consider how `bind` could influence `fprintf`, including its role as a direct parameter, its effect on controlling conditions, or its indirect impacts through other related variables or system states.",
        "choices": {
            "A": "The change to `bind` directly alters the arguments passed to `fprintf`.",
            "B": "There is neither a direct nor a significant indirect relationship between the changes to `bind` and the behavior or output of `fprintf`, suggesting no observable impact.",
            "C": "The modification of `bind` might indirectly influence `fprintf` by modifying the control statement that controls the behavior of `fprintf`.",
            "D": "It is not possible to determine the effect without additional context."
        },
        "answer": "B",
        "distance": 0
    },
    {
        "case_id": 493,
        "code": "void CWE223_Omission_of_Security_Relevant_Information__w32_01_bad()\n{\n    {\n        WSADATA wsaData;\n        BOOL wsaDataInit = FALSE;\n        SOCKET listenSocket = INVALID_SOCKET;\n        SOCKET acceptSocket = INVALID_SOCKET;\n        struct sockaddr_in service;\n        char username[USERNAME_SZ+1];\n        HANDLE pHandle;\n        do\n        {\n            if (0 != WSAStartup(MAKEWORD(2, 2), &wsaData))\n            {\n                break;\n            }\n            wsaDataInit = TRUE;\n            listenSocket = socket(PF_INET, SOCK_STREAM, 0);\n            if (listenSocket == INVALID_SOCKET)\n            {\n                break;\n            }\n            memset(&service, 0, sizeof(service));\n            service.sin_family = AF_INET;\n            service.sin_addr.s_addr = INADDR_ANY;\n            service.sin_port = htons(LISTEN_PORT);\n            if (SOCKET_ERROR == bind(listenSocket, (struct sockaddr*)&service, sizeof(service)))\n            {\n                break;\n            }\n            if (SOCKET_ERROR == listen(listenSocket, LISTEN_BACKLOG))\n            {\n                break;\n            }\n            acceptSocket = accept(listenSocket, NULL, NULL);\n            if (acceptSocket == INVALID_SOCKET)\n            {\n                break;\n            }\n            if (sizeof(username)-sizeof(char) != recv(acceptSocket, username, sizeof(username)-sizeof(char), 0))\n            {\n                break;\n            }\n            username[USERNAME_SZ] = '\\0';\n            /* INCIDENTAL CWE 188 - reliance on data memory layout\n             * recv and friends return \"number of bytes\" received\n             * fwrite wants \"the size of\".  ANSI/ISO allows the size of chars\n             * to be anything (32 bits, 9 bits, etc.) so technically you\n             * have to do conversion between these values\n            */\n            /* FLAW: username is not logged */\n            fprintf(stderr, \"Attempted login\\n\");\n            /* Establish the fact that the input is a username */\n            if (LogonUserA(\n                        username,\n                        DOMAIN,\n                        PASSWORD, /* INCIDENTAL CWE 259 - Hard-coded Password */\n                        LOGON32_LOGON_NETWORK,\n                        LOGON32_PROVIDER_DEFAULT,\n                        &pHandle) != 0)\n            {\n                printLine(\"User logged in successfully.\");\n                CloseHandle(pHandle);\n            }\n            else\n            {\n                printLine(\"Unable to login.\");\n            }\n        }\n        while (0);\n        if (acceptSocket != INVALID_SOCKET)\n        {\n            closesocket(acceptSocket);\n        }\n        if (listenSocket != INVALID_SOCKET)\n        {\n            closesocket(listenSocket);\n        }\n        if (wsaDataInit)\n        {\n            WSACleanup();\n        }\n    }\n}",
        "question": "Given that the parameter or function `htons` is modified before the execution of the function `fprintf`, evaluate the potential impact on the outcomes of `fprintf`. Consider how `htons` could influence `fprintf`, including its role as a direct parameter, its effect on controlling conditions, or its indirect impacts through other related variables or system states.",
        "choices": {
            "A": "The change to `htons` directly alters the arguments passed to `fprintf`.",
            "B": "There is neither a direct nor a significant indirect relationship between the changes to `htons` and the behavior or output of `fprintf`, suggesting no observable impact.",
            "C": "The modification of `htons` might indirectly influence `fprintf` by modifying the control statement that controls the behavior of `fprintf`.",
            "D": "It is not possible to determine the effect without additional context."
        },
        "answer": "B",
        "distance": 0
    }
]