[
    {
        "case_id": 7405,
        "code": "void CWE90_LDAP_Injection__w32_wchar_t_connect_socket_01_bad()\n{\n    wchar_t * data;\n    wchar_t dataBuffer[256] = L\"\";\n    data = dataBuffer;\n    {\n#ifdef _WIN32\n        WSADATA wsaData;\n        int wsaDataInit = 0;\n#endif\n        int recvResult;\n        struct sockaddr_in service;\n        wchar_t *replace;\n        SOCKET connectSocket = INVALID_SOCKET;\n        size_t dataLen = wcslen(data);\n        do\n        {\n#ifdef _WIN32\n            if (WSAStartup(MAKEWORD(2,2), &wsaData) != NO_ERROR)\n            {\n                break;\n            }\n            wsaDataInit = 1;\n#endif\n            /* POTENTIAL FLAW: Read data using a connect socket */\n            connectSocket = socket(AF_INET, SOCK_STREAM, IPPROTO_TCP);\n            if (connectSocket == INVALID_SOCKET)\n            {\n                break;\n            }\n            memset(&service, 0, sizeof(service));\n            service.sin_family = AF_INET;\n            service.sin_addr.s_addr = inet_addr(IP_ADDRESS);\n            service.sin_port = htons(TCP_PORT);\n            if (connect(connectSocket, (struct sockaddr*)&service, sizeof(service)) == SOCKET_ERROR)\n            {\n                break;\n            }\n            /* Abort on error or the connection was closed, make sure to recv one\n             * less char than is in the recv_buf in order to append a terminator */\n            /* Abort on error or the connection was closed */\n            recvResult = recv(connectSocket, (char *)(data + dataLen), sizeof(wchar_t) * (256 - dataLen - 1), 0);\n            if (recvResult == SOCKET_ERROR || recvResult == 0)\n            {\n                break;\n            }\n            /* Append null terminator */\n            data[dataLen + recvResult / sizeof(wchar_t)] = L'\\0';\n            /* Eliminate CRLF */\n            replace = wcschr(data, L'\\r');\n            if (replace)\n            {\n                *replace = L'\\0';\n            }\n            replace = wcschr(data, L'\\n');\n            if (replace)\n            {\n                *replace = L'\\0';\n            }\n        }\n        while (0);\n        if (connectSocket != INVALID_SOCKET)\n        {\n            CLOSE_SOCKET(connectSocket);\n        }\n#ifdef _WIN32\n        if (wsaDataInit)\n        {\n            WSACleanup();\n        }\n#endif\n    }\n    {\n        LDAP* pLdapConnection = NULL;\n        ULONG connectSuccess = 0L;\n        ULONG searchSuccess = 0L;\n        LDAPMessage *pMessage = NULL;\n        wchar_t filter[256];\n        /* POTENTIAL FLAW: data concatenated into LDAP search, which could result in LDAP Injection*/\n        _snwprintf(filter, 256-1, L\"(cn=%s)\", data);\n        pLdapConnection = ldap_initW(L\"localhost\", LDAP_PORT);\n        if (pLdapConnection == NULL)\n        {\n            printLine(\"Initialization failed\");\n            exit(1);\n        }\n        connectSuccess = ldap_connect(pLdapConnection, NULL);\n        if (connectSuccess != LDAP_SUCCESS)\n        {\n            printLine(\"Connection failed\");\n            exit(1);\n        }\n        searchSuccess = ldap_search_ext_sW(\n                            pLdapConnection,\n                            L\"base\",\n                            LDAP_SCOPE_SUBTREE,\n                            filter,\n                            NULL,\n                            0,\n                            NULL,\n                            NULL,\n                            LDAP_NO_LIMIT,\n                            LDAP_NO_LIMIT,\n                            &pMessage);\n        if (searchSuccess != LDAP_SUCCESS)\n        {\n            printLine(\"Search failed\");\n            if (pMessage != NULL)\n            {\n                ldap_msgfree(pMessage);\n            }\n            exit(1);\n        }\n        /* Typically you would do something with the search results, but this is a test case and we can ignore them */\n        /* Free the results to avoid incidentals */\n        if (pMessage != NULL)\n        {\n            ldap_msgfree(pMessage);\n        }\n        /* Close the connection */\n        ldap_unbind(pLdapConnection);\n    }\n}",
        "question": "Given that the parameter or function `dataBuffer` is modified before the execution of the function `wcslen`, evaluate the potential impact on the outcomes of `wcslen`. Consider how `dataBuffer` could influence `wcslen`, including its role as a direct parameter, its effect on controlling conditions, or its indirect impacts through other related variables or system states.",
        "choices": {
            "A": "The change to `dataBuffer` directly alters the arguments passed to `wcslen`.",
            "B": "There is neither a direct nor a significant indirect relationship between the changes to `dataBuffer` and the behavior or output of `wcslen`, suggesting no observable impact.",
            "C": "The modification of `dataBuffer` might indirectly influence `wcslen` by modifying the control statement that controls the behavior of `wcslen`.",
            "D": "It is not possible to determine the effect without additional context."
        },
        "answer": "A",
        "distance": 2
    },
    {
        "case_id": 7405,
        "code": "void CWE90_LDAP_Injection__w32_wchar_t_connect_socket_01_bad()\n{\n    wchar_t * data;\n    wchar_t dataBuffer[256] = L\"\";\n    data = dataBuffer;\n    {\n#ifdef _WIN32\n        WSADATA wsaData;\n        int wsaDataInit = 0;\n#endif\n        int recvResult;\n        struct sockaddr_in service;\n        wchar_t *replace;\n        SOCKET connectSocket = INVALID_SOCKET;\n        size_t dataLen = wcslen(data);\n        do\n        {\n#ifdef _WIN32\n            if (WSAStartup(MAKEWORD(2,2), &wsaData) != NO_ERROR)\n            {\n                break;\n            }\n            wsaDataInit = 1;\n#endif\n            /* POTENTIAL FLAW: Read data using a connect socket */\n            connectSocket = socket(AF_INET, SOCK_STREAM, IPPROTO_TCP);\n            if (connectSocket == INVALID_SOCKET)\n            {\n                break;\n            }\n            memset(&service, 0, sizeof(service));\n            service.sin_family = AF_INET;\n            service.sin_addr.s_addr = inet_addr(IP_ADDRESS);\n            service.sin_port = htons(TCP_PORT);\n            if (connect(connectSocket, (struct sockaddr*)&service, sizeof(service)) == SOCKET_ERROR)\n            {\n                break;\n            }\n            /* Abort on error or the connection was closed, make sure to recv one\n             * less char than is in the recv_buf in order to append a terminator */\n            /* Abort on error or the connection was closed */\n            recvResult = recv(connectSocket, (char *)(data + dataLen), sizeof(wchar_t) * (256 - dataLen - 1), 0);\n            if (recvResult == SOCKET_ERROR || recvResult == 0)\n            {\n                break;\n            }\n            /* Append null terminator */\n            data[dataLen + recvResult / sizeof(wchar_t)] = L'\\0';\n            /* Eliminate CRLF */\n            replace = wcschr(data, L'\\r');\n            if (replace)\n            {\n                *replace = L'\\0';\n            }\n            replace = wcschr(data, L'\\n');\n            if (replace)\n            {\n                *replace = L'\\0';\n            }\n        }\n        while (0);\n        if (connectSocket != INVALID_SOCKET)\n        {\n            CLOSE_SOCKET(connectSocket);\n        }\n#ifdef _WIN32\n        if (wsaDataInit)\n        {\n            WSACleanup();\n        }\n#endif\n    }\n    {\n        LDAP* pLdapConnection = NULL;\n        ULONG connectSuccess = 0L;\n        ULONG searchSuccess = 0L;\n        LDAPMessage *pMessage = NULL;\n        wchar_t filter[256];\n        /* POTENTIAL FLAW: data concatenated into LDAP search, which could result in LDAP Injection*/\n        _snwprintf(filter, 256-1, L\"(cn=%s)\", data);\n        pLdapConnection = ldap_initW(L\"localhost\", LDAP_PORT);\n        if (pLdapConnection == NULL)\n        {\n            printLine(\"Initialization failed\");\n            exit(1);\n        }\n        connectSuccess = ldap_connect(pLdapConnection, NULL);\n        if (connectSuccess != LDAP_SUCCESS)\n        {\n            printLine(\"Connection failed\");\n            exit(1);\n        }\n        searchSuccess = ldap_search_ext_sW(\n                            pLdapConnection,\n                            L\"base\",\n                            LDAP_SCOPE_SUBTREE,\n                            filter,\n                            NULL,\n                            0,\n                            NULL,\n                            NULL,\n                            LDAP_NO_LIMIT,\n                            LDAP_NO_LIMIT,\n                            &pMessage);\n        if (searchSuccess != LDAP_SUCCESS)\n        {\n            printLine(\"Search failed\");\n            if (pMessage != NULL)\n            {\n                ldap_msgfree(pMessage);\n            }\n            exit(1);\n        }\n        /* Typically you would do something with the search results, but this is a test case and we can ignore them */\n        /* Free the results to avoid incidentals */\n        if (pMessage != NULL)\n        {\n            ldap_msgfree(pMessage);\n        }\n        /* Close the connection */\n        ldap_unbind(pLdapConnection);\n    }\n}",
        "question": "Given that the parameter or function `dataLen` is modified before the execution of the function `wcslen`, evaluate the potential impact on the outcomes of `wcslen`. Consider how `dataLen` could influence `wcslen`, including its role as a direct parameter, its effect on controlling conditions, or its indirect impacts through other related variables or system states.",
        "choices": {
            "A": "The change to `dataLen` directly alters the arguments passed to `wcslen`.",
            "B": "There is neither a direct nor a significant indirect relationship between the changes to `dataLen` and the behavior or output of `wcslen`, suggesting no observable impact.",
            "C": "The modification of `dataLen` might indirectly influence `wcslen` by modifying the control statement that controls the behavior of `wcslen`.",
            "D": "It is not possible to determine the effect without additional context."
        },
        "answer": "A",
        "distance": 1
    },
    {
        "case_id": 7405,
        "code": "void CWE90_LDAP_Injection__w32_wchar_t_connect_socket_01_bad()\n{\n    wchar_t * data;\n    wchar_t dataBuffer[256] = L\"\";\n    data = dataBuffer;\n    {\n#ifdef _WIN32\n        WSADATA wsaData;\n        int wsaDataInit = 0;\n#endif\n        int recvResult;\n        struct sockaddr_in service;\n        wchar_t *replace;\n        SOCKET connectSocket = INVALID_SOCKET;\n        size_t dataLen = wcslen(data);\n        do\n        {\n#ifdef _WIN32\n            if (WSAStartup(MAKEWORD(2,2), &wsaData) != NO_ERROR)\n            {\n                break;\n            }\n            wsaDataInit = 1;\n#endif\n            /* POTENTIAL FLAW: Read data using a connect socket */\n            connectSocket = socket(AF_INET, SOCK_STREAM, IPPROTO_TCP);\n            if (connectSocket == INVALID_SOCKET)\n            {\n                break;\n            }\n            memset(&service, 0, sizeof(service));\n            service.sin_family = AF_INET;\n            service.sin_addr.s_addr = inet_addr(IP_ADDRESS);\n            service.sin_port = htons(TCP_PORT);\n            if (connect(connectSocket, (struct sockaddr*)&service, sizeof(service)) == SOCKET_ERROR)\n            {\n                break;\n            }\n            /* Abort on error or the connection was closed, make sure to recv one\n             * less char than is in the recv_buf in order to append a terminator */\n            /* Abort on error or the connection was closed */\n            recvResult = recv(connectSocket, (char *)(data + dataLen), sizeof(wchar_t) * (256 - dataLen - 1), 0);\n            if (recvResult == SOCKET_ERROR || recvResult == 0)\n            {\n                break;\n            }\n            /* Append null terminator */\n            data[dataLen + recvResult / sizeof(wchar_t)] = L'\\0';\n            /* Eliminate CRLF */\n            replace = wcschr(data, L'\\r');\n            if (replace)\n            {\n                *replace = L'\\0';\n            }\n            replace = wcschr(data, L'\\n');\n            if (replace)\n            {\n                *replace = L'\\0';\n            }\n        }\n        while (0);\n        if (connectSocket != INVALID_SOCKET)\n        {\n            CLOSE_SOCKET(connectSocket);\n        }\n#ifdef _WIN32\n        if (wsaDataInit)\n        {\n            WSACleanup();\n        }\n#endif\n    }\n    {\n        LDAP* pLdapConnection = NULL;\n        ULONG connectSuccess = 0L;\n        ULONG searchSuccess = 0L;\n        LDAPMessage *pMessage = NULL;\n        wchar_t filter[256];\n        /* POTENTIAL FLAW: data concatenated into LDAP search, which could result in LDAP Injection*/\n        _snwprintf(filter, 256-1, L\"(cn=%s)\", data);\n        pLdapConnection = ldap_initW(L\"localhost\", LDAP_PORT);\n        if (pLdapConnection == NULL)\n        {\n            printLine(\"Initialization failed\");\n            exit(1);\n        }\n        connectSuccess = ldap_connect(pLdapConnection, NULL);\n        if (connectSuccess != LDAP_SUCCESS)\n        {\n            printLine(\"Connection failed\");\n            exit(1);\n        }\n        searchSuccess = ldap_search_ext_sW(\n                            pLdapConnection,\n                            L\"base\",\n                            LDAP_SCOPE_SUBTREE,\n                            filter,\n                            NULL,\n                            0,\n                            NULL,\n                            NULL,\n                            LDAP_NO_LIMIT,\n                            LDAP_NO_LIMIT,\n                            &pMessage);\n        if (searchSuccess != LDAP_SUCCESS)\n        {\n            printLine(\"Search failed\");\n            if (pMessage != NULL)\n            {\n                ldap_msgfree(pMessage);\n            }\n            exit(1);\n        }\n        /* Typically you would do something with the search results, but this is a test case and we can ignore them */\n        /* Free the results to avoid incidentals */\n        if (pMessage != NULL)\n        {\n            ldap_msgfree(pMessage);\n        }\n        /* Close the connection */\n        ldap_unbind(pLdapConnection);\n    }\n}",
        "question": "Given that the parameter or function `data` is modified before the execution of the function `wcslen`, evaluate the potential impact on the outcomes of `wcslen`. Consider how `data` could influence `wcslen`, including its role as a direct parameter, its effect on controlling conditions, or its indirect impacts through other related variables or system states.",
        "choices": {
            "A": "The change to `data` directly alters the arguments passed to `wcslen`.",
            "B": "There is neither a direct nor a significant indirect relationship between the changes to `data` and the behavior or output of `wcslen`, suggesting no observable impact.",
            "C": "The modification of `data` might indirectly influence `wcslen` by modifying the control statement that controls the behavior of `wcslen`.",
            "D": "It is not possible to determine the effect without additional context."
        },
        "answer": "A",
        "distance": 1
    },
    {
        "case_id": 7405,
        "code": "void CWE90_LDAP_Injection__w32_wchar_t_connect_socket_01_bad()\n{\n    wchar_t * data;\n    wchar_t dataBuffer[256] = L\"\";\n    data = dataBuffer;\n    {\n#ifdef _WIN32\n        WSADATA wsaData;\n        int wsaDataInit = 0;\n#endif\n        int recvResult;\n        struct sockaddr_in service;\n        wchar_t *replace;\n        SOCKET connectSocket = INVALID_SOCKET;\n        size_t dataLen = wcslen(data);\n        do\n        {\n#ifdef _WIN32\n            if (WSAStartup(MAKEWORD(2,2), &wsaData) != NO_ERROR)\n            {\n                break;\n            }\n            wsaDataInit = 1;\n#endif\n            /* POTENTIAL FLAW: Read data using a connect socket */\n            connectSocket = socket(AF_INET, SOCK_STREAM, IPPROTO_TCP);\n            if (connectSocket == INVALID_SOCKET)\n            {\n                break;\n            }\n            memset(&service, 0, sizeof(service));\n            service.sin_family = AF_INET;\n            service.sin_addr.s_addr = inet_addr(IP_ADDRESS);\n            service.sin_port = htons(TCP_PORT);\n            if (connect(connectSocket, (struct sockaddr*)&service, sizeof(service)) == SOCKET_ERROR)\n            {\n                break;\n            }\n            /* Abort on error or the connection was closed, make sure to recv one\n             * less char than is in the recv_buf in order to append a terminator */\n            /* Abort on error or the connection was closed */\n            recvResult = recv(connectSocket, (char *)(data + dataLen), sizeof(wchar_t) * (256 - dataLen - 1), 0);\n            if (recvResult == SOCKET_ERROR || recvResult == 0)\n            {\n                break;\n            }\n            /* Append null terminator */\n            data[dataLen + recvResult / sizeof(wchar_t)] = L'\\0';\n            /* Eliminate CRLF */\n            replace = wcschr(data, L'\\r');\n            if (replace)\n            {\n                *replace = L'\\0';\n            }\n            replace = wcschr(data, L'\\n');\n            if (replace)\n            {\n                *replace = L'\\0';\n            }\n        }\n        while (0);\n        if (connectSocket != INVALID_SOCKET)\n        {\n            CLOSE_SOCKET(connectSocket);\n        }\n#ifdef _WIN32\n        if (wsaDataInit)\n        {\n            WSACleanup();\n        }\n#endif\n    }\n    {\n        LDAP* pLdapConnection = NULL;\n        ULONG connectSuccess = 0L;\n        ULONG searchSuccess = 0L;\n        LDAPMessage *pMessage = NULL;\n        wchar_t filter[256];\n        /* POTENTIAL FLAW: data concatenated into LDAP search, which could result in LDAP Injection*/\n        _snwprintf(filter, 256-1, L\"(cn=%s)\", data);\n        pLdapConnection = ldap_initW(L\"localhost\", LDAP_PORT);\n        if (pLdapConnection == NULL)\n        {\n            printLine(\"Initialization failed\");\n            exit(1);\n        }\n        connectSuccess = ldap_connect(pLdapConnection, NULL);\n        if (connectSuccess != LDAP_SUCCESS)\n        {\n            printLine(\"Connection failed\");\n            exit(1);\n        }\n        searchSuccess = ldap_search_ext_sW(\n                            pLdapConnection,\n                            L\"base\",\n                            LDAP_SCOPE_SUBTREE,\n                            filter,\n                            NULL,\n                            0,\n                            NULL,\n                            NULL,\n                            LDAP_NO_LIMIT,\n                            LDAP_NO_LIMIT,\n                            &pMessage);\n        if (searchSuccess != LDAP_SUCCESS)\n        {\n            printLine(\"Search failed\");\n            if (pMessage != NULL)\n            {\n                ldap_msgfree(pMessage);\n            }\n            exit(1);\n        }\n        /* Typically you would do something with the search results, but this is a test case and we can ignore them */\n        /* Free the results to avoid incidentals */\n        if (pMessage != NULL)\n        {\n            ldap_msgfree(pMessage);\n        }\n        /* Close the connection */\n        ldap_unbind(pLdapConnection);\n    }\n}",
        "question": "Given that the parameter or function `LDAP_PORT` is modified before the execution of the function `ldap_initW`, evaluate the potential impact on the outcomes of `ldap_initW`. Consider how `LDAP_PORT` could influence `ldap_initW`, including its role as a direct parameter, its effect on controlling conditions, or its indirect impacts through other related variables or system states.",
        "choices": {
            "A": "The change to `LDAP_PORT` directly alters the arguments passed to `ldap_initW`.",
            "B": "There is neither a direct nor a significant indirect relationship between the changes to `LDAP_PORT` and the behavior or output of `ldap_initW`, suggesting no observable impact.",
            "C": "The modification of `LDAP_PORT` might indirectly influence `ldap_initW` by modifying the control statement that controls the behavior of `ldap_initW`.",
            "D": "It is not possible to determine the effect without additional context."
        },
        "answer": "A",
        "distance": 1
    },
    {
        "case_id": 7405,
        "code": "void CWE90_LDAP_Injection__w32_wchar_t_connect_socket_01_bad()\n{\n    wchar_t * data;\n    wchar_t dataBuffer[256] = L\"\";\n    data = dataBuffer;\n    {\n#ifdef _WIN32\n        WSADATA wsaData;\n        int wsaDataInit = 0;\n#endif\n        int recvResult;\n        struct sockaddr_in service;\n        wchar_t *replace;\n        SOCKET connectSocket = INVALID_SOCKET;\n        size_t dataLen = wcslen(data);\n        do\n        {\n#ifdef _WIN32\n            if (WSAStartup(MAKEWORD(2,2), &wsaData) != NO_ERROR)\n            {\n                break;\n            }\n            wsaDataInit = 1;\n#endif\n            /* POTENTIAL FLAW: Read data using a connect socket */\n            connectSocket = socket(AF_INET, SOCK_STREAM, IPPROTO_TCP);\n            if (connectSocket == INVALID_SOCKET)\n            {\n                break;\n            }\n            memset(&service, 0, sizeof(service));\n            service.sin_family = AF_INET;\n            service.sin_addr.s_addr = inet_addr(IP_ADDRESS);\n            service.sin_port = htons(TCP_PORT);\n            if (connect(connectSocket, (struct sockaddr*)&service, sizeof(service)) == SOCKET_ERROR)\n            {\n                break;\n            }\n            /* Abort on error or the connection was closed, make sure to recv one\n             * less char than is in the recv_buf in order to append a terminator */\n            /* Abort on error or the connection was closed */\n            recvResult = recv(connectSocket, (char *)(data + dataLen), sizeof(wchar_t) * (256 - dataLen - 1), 0);\n            if (recvResult == SOCKET_ERROR || recvResult == 0)\n            {\n                break;\n            }\n            /* Append null terminator */\n            data[dataLen + recvResult / sizeof(wchar_t)] = L'\\0';\n            /* Eliminate CRLF */\n            replace = wcschr(data, L'\\r');\n            if (replace)\n            {\n                *replace = L'\\0';\n            }\n            replace = wcschr(data, L'\\n');\n            if (replace)\n            {\n                *replace = L'\\0';\n            }\n        }\n        while (0);\n        if (connectSocket != INVALID_SOCKET)\n        {\n            CLOSE_SOCKET(connectSocket);\n        }\n#ifdef _WIN32\n        if (wsaDataInit)\n        {\n            WSACleanup();\n        }\n#endif\n    }\n    {\n        LDAP* pLdapConnection = NULL;\n        ULONG connectSuccess = 0L;\n        ULONG searchSuccess = 0L;\n        LDAPMessage *pMessage = NULL;\n        wchar_t filter[256];\n        /* POTENTIAL FLAW: data concatenated into LDAP search, which could result in LDAP Injection*/\n        _snwprintf(filter, 256-1, L\"(cn=%s)\", data);\n        pLdapConnection = ldap_initW(L\"localhost\", LDAP_PORT);\n        if (pLdapConnection == NULL)\n        {\n            printLine(\"Initialization failed\");\n            exit(1);\n        }\n        connectSuccess = ldap_connect(pLdapConnection, NULL);\n        if (connectSuccess != LDAP_SUCCESS)\n        {\n            printLine(\"Connection failed\");\n            exit(1);\n        }\n        searchSuccess = ldap_search_ext_sW(\n                            pLdapConnection,\n                            L\"base\",\n                            LDAP_SCOPE_SUBTREE,\n                            filter,\n                            NULL,\n                            0,\n                            NULL,\n                            NULL,\n                            LDAP_NO_LIMIT,\n                            LDAP_NO_LIMIT,\n                            &pMessage);\n        if (searchSuccess != LDAP_SUCCESS)\n        {\n            printLine(\"Search failed\");\n            if (pMessage != NULL)\n            {\n                ldap_msgfree(pMessage);\n            }\n            exit(1);\n        }\n        /* Typically you would do something with the search results, but this is a test case and we can ignore them */\n        /* Free the results to avoid incidentals */\n        if (pMessage != NULL)\n        {\n            ldap_msgfree(pMessage);\n        }\n        /* Close the connection */\n        ldap_unbind(pLdapConnection);\n    }\n}",
        "question": "Given that the parameter or function `ldap_initW` is modified before the execution of the function `wcslen`, evaluate the potential impact on the outcomes of `wcslen`. Consider how `ldap_initW` could influence `wcslen`, including its role as a direct parameter, its effect on controlling conditions, or its indirect impacts through other related variables or system states.",
        "choices": {
            "A": "The change to `ldap_initW` directly alters the arguments passed to `wcslen`.",
            "B": "There is neither a direct nor a significant indirect relationship between the changes to `ldap_initW` and the behavior or output of `wcslen`, suggesting no observable impact.",
            "C": "The modification of `ldap_initW` might indirectly influence `wcslen` by modifying the control statement that controls the behavior of `wcslen`.",
            "D": "It is not possible to determine the effect without additional context."
        },
        "answer": "B",
        "distance": 0
    },
    {
        "case_id": 7405,
        "code": "void CWE90_LDAP_Injection__w32_wchar_t_connect_socket_01_bad()\n{\n    wchar_t * data;\n    wchar_t dataBuffer[256] = L\"\";\n    data = dataBuffer;\n    {\n#ifdef _WIN32\n        WSADATA wsaData;\n        int wsaDataInit = 0;\n#endif\n        int recvResult;\n        struct sockaddr_in service;\n        wchar_t *replace;\n        SOCKET connectSocket = INVALID_SOCKET;\n        size_t dataLen = wcslen(data);\n        do\n        {\n#ifdef _WIN32\n            if (WSAStartup(MAKEWORD(2,2), &wsaData) != NO_ERROR)\n            {\n                break;\n            }\n            wsaDataInit = 1;\n#endif\n            /* POTENTIAL FLAW: Read data using a connect socket */\n            connectSocket = socket(AF_INET, SOCK_STREAM, IPPROTO_TCP);\n            if (connectSocket == INVALID_SOCKET)\n            {\n                break;\n            }\n            memset(&service, 0, sizeof(service));\n            service.sin_family = AF_INET;\n            service.sin_addr.s_addr = inet_addr(IP_ADDRESS);\n            service.sin_port = htons(TCP_PORT);\n            if (connect(connectSocket, (struct sockaddr*)&service, sizeof(service)) == SOCKET_ERROR)\n            {\n                break;\n            }\n            /* Abort on error or the connection was closed, make sure to recv one\n             * less char than is in the recv_buf in order to append a terminator */\n            /* Abort on error or the connection was closed */\n            recvResult = recv(connectSocket, (char *)(data + dataLen), sizeof(wchar_t) * (256 - dataLen - 1), 0);\n            if (recvResult == SOCKET_ERROR || recvResult == 0)\n            {\n                break;\n            }\n            /* Append null terminator */\n            data[dataLen + recvResult / sizeof(wchar_t)] = L'\\0';\n            /* Eliminate CRLF */\n            replace = wcschr(data, L'\\r');\n            if (replace)\n            {\n                *replace = L'\\0';\n            }\n            replace = wcschr(data, L'\\n');\n            if (replace)\n            {\n                *replace = L'\\0';\n            }\n        }\n        while (0);\n        if (connectSocket != INVALID_SOCKET)\n        {\n            CLOSE_SOCKET(connectSocket);\n        }\n#ifdef _WIN32\n        if (wsaDataInit)\n        {\n            WSACleanup();\n        }\n#endif\n    }\n    {\n        LDAP* pLdapConnection = NULL;\n        ULONG connectSuccess = 0L;\n        ULONG searchSuccess = 0L;\n        LDAPMessage *pMessage = NULL;\n        wchar_t filter[256];\n        /* POTENTIAL FLAW: data concatenated into LDAP search, which could result in LDAP Injection*/\n        _snwprintf(filter, 256-1, L\"(cn=%s)\", data);\n        pLdapConnection = ldap_initW(L\"localhost\", LDAP_PORT);\n        if (pLdapConnection == NULL)\n        {\n            printLine(\"Initialization failed\");\n            exit(1);\n        }\n        connectSuccess = ldap_connect(pLdapConnection, NULL);\n        if (connectSuccess != LDAP_SUCCESS)\n        {\n            printLine(\"Connection failed\");\n            exit(1);\n        }\n        searchSuccess = ldap_search_ext_sW(\n                            pLdapConnection,\n                            L\"base\",\n                            LDAP_SCOPE_SUBTREE,\n                            filter,\n                            NULL,\n                            0,\n                            NULL,\n                            NULL,\n                            LDAP_NO_LIMIT,\n                            LDAP_NO_LIMIT,\n                            &pMessage);\n        if (searchSuccess != LDAP_SUCCESS)\n        {\n            printLine(\"Search failed\");\n            if (pMessage != NULL)\n            {\n                ldap_msgfree(pMessage);\n            }\n            exit(1);\n        }\n        /* Typically you would do something with the search results, but this is a test case and we can ignore them */\n        /* Free the results to avoid incidentals */\n        if (pMessage != NULL)\n        {\n            ldap_msgfree(pMessage);\n        }\n        /* Close the connection */\n        ldap_unbind(pLdapConnection);\n    }\n}",
        "question": "Given that the parameter or function `WSACleanup` is modified before the execution of the function `wcslen`, evaluate the potential impact on the outcomes of `wcslen`. Consider how `WSACleanup` could influence `wcslen`, including its role as a direct parameter, its effect on controlling conditions, or its indirect impacts through other related variables or system states.",
        "choices": {
            "A": "The change to `WSACleanup` directly alters the arguments passed to `wcslen`.",
            "B": "There is neither a direct nor a significant indirect relationship between the changes to `WSACleanup` and the behavior or output of `wcslen`, suggesting no observable impact.",
            "C": "The modification of `WSACleanup` might indirectly influence `wcslen` by modifying the control statement that controls the behavior of `wcslen`.",
            "D": "It is not possible to determine the effect without additional context."
        },
        "answer": "B",
        "distance": 0
    },
    {
        "case_id": 7405,
        "code": "void CWE90_LDAP_Injection__w32_wchar_t_connect_socket_01_bad()\n{\n    wchar_t * data;\n    wchar_t dataBuffer[256] = L\"\";\n    data = dataBuffer;\n    {\n#ifdef _WIN32\n        WSADATA wsaData;\n        int wsaDataInit = 0;\n#endif\n        int recvResult;\n        struct sockaddr_in service;\n        wchar_t *replace;\n        SOCKET connectSocket = INVALID_SOCKET;\n        size_t dataLen = wcslen(data);\n        do\n        {\n#ifdef _WIN32\n            if (WSAStartup(MAKEWORD(2,2), &wsaData) != NO_ERROR)\n            {\n                break;\n            }\n            wsaDataInit = 1;\n#endif\n            /* POTENTIAL FLAW: Read data using a connect socket */\n            connectSocket = socket(AF_INET, SOCK_STREAM, IPPROTO_TCP);\n            if (connectSocket == INVALID_SOCKET)\n            {\n                break;\n            }\n            memset(&service, 0, sizeof(service));\n            service.sin_family = AF_INET;\n            service.sin_addr.s_addr = inet_addr(IP_ADDRESS);\n            service.sin_port = htons(TCP_PORT);\n            if (connect(connectSocket, (struct sockaddr*)&service, sizeof(service)) == SOCKET_ERROR)\n            {\n                break;\n            }\n            /* Abort on error or the connection was closed, make sure to recv one\n             * less char than is in the recv_buf in order to append a terminator */\n            /* Abort on error or the connection was closed */\n            recvResult = recv(connectSocket, (char *)(data + dataLen), sizeof(wchar_t) * (256 - dataLen - 1), 0);\n            if (recvResult == SOCKET_ERROR || recvResult == 0)\n            {\n                break;\n            }\n            /* Append null terminator */\n            data[dataLen + recvResult / sizeof(wchar_t)] = L'\\0';\n            /* Eliminate CRLF */\n            replace = wcschr(data, L'\\r');\n            if (replace)\n            {\n                *replace = L'\\0';\n            }\n            replace = wcschr(data, L'\\n');\n            if (replace)\n            {\n                *replace = L'\\0';\n            }\n        }\n        while (0);\n        if (connectSocket != INVALID_SOCKET)\n        {\n            CLOSE_SOCKET(connectSocket);\n        }\n#ifdef _WIN32\n        if (wsaDataInit)\n        {\n            WSACleanup();\n        }\n#endif\n    }\n    {\n        LDAP* pLdapConnection = NULL;\n        ULONG connectSuccess = 0L;\n        ULONG searchSuccess = 0L;\n        LDAPMessage *pMessage = NULL;\n        wchar_t filter[256];\n        /* POTENTIAL FLAW: data concatenated into LDAP search, which could result in LDAP Injection*/\n        _snwprintf(filter, 256-1, L\"(cn=%s)\", data);\n        pLdapConnection = ldap_initW(L\"localhost\", LDAP_PORT);\n        if (pLdapConnection == NULL)\n        {\n            printLine(\"Initialization failed\");\n            exit(1);\n        }\n        connectSuccess = ldap_connect(pLdapConnection, NULL);\n        if (connectSuccess != LDAP_SUCCESS)\n        {\n            printLine(\"Connection failed\");\n            exit(1);\n        }\n        searchSuccess = ldap_search_ext_sW(\n                            pLdapConnection,\n                            L\"base\",\n                            LDAP_SCOPE_SUBTREE,\n                            filter,\n                            NULL,\n                            0,\n                            NULL,\n                            NULL,\n                            LDAP_NO_LIMIT,\n                            LDAP_NO_LIMIT,\n                            &pMessage);\n        if (searchSuccess != LDAP_SUCCESS)\n        {\n            printLine(\"Search failed\");\n            if (pMessage != NULL)\n            {\n                ldap_msgfree(pMessage);\n            }\n            exit(1);\n        }\n        /* Typically you would do something with the search results, but this is a test case and we can ignore them */\n        /* Free the results to avoid incidentals */\n        if (pMessage != NULL)\n        {\n            ldap_msgfree(pMessage);\n        }\n        /* Close the connection */\n        ldap_unbind(pLdapConnection);\n    }\n}",
        "question": "Given that the parameter or function `CLOSE_SOCKET` is modified before the execution of the function `wcslen`, evaluate the potential impact on the outcomes of `wcslen`. Consider how `CLOSE_SOCKET` could influence `wcslen`, including its role as a direct parameter, its effect on controlling conditions, or its indirect impacts through other related variables or system states.",
        "choices": {
            "A": "The change to `CLOSE_SOCKET` directly alters the arguments passed to `wcslen`.",
            "B": "There is neither a direct nor a significant indirect relationship between the changes to `CLOSE_SOCKET` and the behavior or output of `wcslen`, suggesting no observable impact.",
            "C": "The modification of `CLOSE_SOCKET` might indirectly influence `wcslen` by modifying the control statement that controls the behavior of `wcslen`.",
            "D": "It is not possible to determine the effect without additional context."
        },
        "answer": "B",
        "distance": 0
    },
    {
        "case_id": 7405,
        "code": "void CWE90_LDAP_Injection__w32_wchar_t_connect_socket_01_bad()\n{\n    wchar_t * data;\n    wchar_t dataBuffer[256] = L\"\";\n    data = dataBuffer;\n    {\n#ifdef _WIN32\n        WSADATA wsaData;\n        int wsaDataInit = 0;\n#endif\n        int recvResult;\n        struct sockaddr_in service;\n        wchar_t *replace;\n        SOCKET connectSocket = INVALID_SOCKET;\n        size_t dataLen = wcslen(data);\n        do\n        {\n#ifdef _WIN32\n            if (WSAStartup(MAKEWORD(2,2), &wsaData) != NO_ERROR)\n            {\n                break;\n            }\n            wsaDataInit = 1;\n#endif\n            /* POTENTIAL FLAW: Read data using a connect socket */\n            connectSocket = socket(AF_INET, SOCK_STREAM, IPPROTO_TCP);\n            if (connectSocket == INVALID_SOCKET)\n            {\n                break;\n            }\n            memset(&service, 0, sizeof(service));\n            service.sin_family = AF_INET;\n            service.sin_addr.s_addr = inet_addr(IP_ADDRESS);\n            service.sin_port = htons(TCP_PORT);\n            if (connect(connectSocket, (struct sockaddr*)&service, sizeof(service)) == SOCKET_ERROR)\n            {\n                break;\n            }\n            /* Abort on error or the connection was closed, make sure to recv one\n             * less char than is in the recv_buf in order to append a terminator */\n            /* Abort on error or the connection was closed */\n            recvResult = recv(connectSocket, (char *)(data + dataLen), sizeof(wchar_t) * (256 - dataLen - 1), 0);\n            if (recvResult == SOCKET_ERROR || recvResult == 0)\n            {\n                break;\n            }\n            /* Append null terminator */\n            data[dataLen + recvResult / sizeof(wchar_t)] = L'\\0';\n            /* Eliminate CRLF */\n            replace = wcschr(data, L'\\r');\n            if (replace)\n            {\n                *replace = L'\\0';\n            }\n            replace = wcschr(data, L'\\n');\n            if (replace)\n            {\n                *replace = L'\\0';\n            }\n        }\n        while (0);\n        if (connectSocket != INVALID_SOCKET)\n        {\n            CLOSE_SOCKET(connectSocket);\n        }\n#ifdef _WIN32\n        if (wsaDataInit)\n        {\n            WSACleanup();\n        }\n#endif\n    }\n    {\n        LDAP* pLdapConnection = NULL;\n        ULONG connectSuccess = 0L;\n        ULONG searchSuccess = 0L;\n        LDAPMessage *pMessage = NULL;\n        wchar_t filter[256];\n        /* POTENTIAL FLAW: data concatenated into LDAP search, which could result in LDAP Injection*/\n        _snwprintf(filter, 256-1, L\"(cn=%s)\", data);\n        pLdapConnection = ldap_initW(L\"localhost\", LDAP_PORT);\n        if (pLdapConnection == NULL)\n        {\n            printLine(\"Initialization failed\");\n            exit(1);\n        }\n        connectSuccess = ldap_connect(pLdapConnection, NULL);\n        if (connectSuccess != LDAP_SUCCESS)\n        {\n            printLine(\"Connection failed\");\n            exit(1);\n        }\n        searchSuccess = ldap_search_ext_sW(\n                            pLdapConnection,\n                            L\"base\",\n                            LDAP_SCOPE_SUBTREE,\n                            filter,\n                            NULL,\n                            0,\n                            NULL,\n                            NULL,\n                            LDAP_NO_LIMIT,\n                            LDAP_NO_LIMIT,\n                            &pMessage);\n        if (searchSuccess != LDAP_SUCCESS)\n        {\n            printLine(\"Search failed\");\n            if (pMessage != NULL)\n            {\n                ldap_msgfree(pMessage);\n            }\n            exit(1);\n        }\n        /* Typically you would do something with the search results, but this is a test case and we can ignore them */\n        /* Free the results to avoid incidentals */\n        if (pMessage != NULL)\n        {\n            ldap_msgfree(pMessage);\n        }\n        /* Close the connection */\n        ldap_unbind(pLdapConnection);\n    }\n}",
        "question": "Given that the parameter or function `ldap_connect` is modified before the execution of the function `wcslen`, evaluate the potential impact on the outcomes of `wcslen`. Consider how `ldap_connect` could influence `wcslen`, including its role as a direct parameter, its effect on controlling conditions, or its indirect impacts through other related variables or system states.",
        "choices": {
            "A": "The change to `ldap_connect` directly alters the arguments passed to `wcslen`.",
            "B": "There is neither a direct nor a significant indirect relationship between the changes to `ldap_connect` and the behavior or output of `wcslen`, suggesting no observable impact.",
            "C": "The modification of `ldap_connect` might indirectly influence `wcslen` by modifying the control statement that controls the behavior of `wcslen`.",
            "D": "It is not possible to determine the effect without additional context."
        },
        "answer": "B",
        "distance": 0
    },
    {
        "case_id": 7405,
        "code": "void CWE90_LDAP_Injection__w32_wchar_t_connect_socket_01_bad()\n{\n    wchar_t * data;\n    wchar_t dataBuffer[256] = L\"\";\n    data = dataBuffer;\n    {\n#ifdef _WIN32\n        WSADATA wsaData;\n        int wsaDataInit = 0;\n#endif\n        int recvResult;\n        struct sockaddr_in service;\n        wchar_t *replace;\n        SOCKET connectSocket = INVALID_SOCKET;\n        size_t dataLen = wcslen(data);\n        do\n        {\n#ifdef _WIN32\n            if (WSAStartup(MAKEWORD(2,2), &wsaData) != NO_ERROR)\n            {\n                break;\n            }\n            wsaDataInit = 1;\n#endif\n            /* POTENTIAL FLAW: Read data using a connect socket */\n            connectSocket = socket(AF_INET, SOCK_STREAM, IPPROTO_TCP);\n            if (connectSocket == INVALID_SOCKET)\n            {\n                break;\n            }\n            memset(&service, 0, sizeof(service));\n            service.sin_family = AF_INET;\n            service.sin_addr.s_addr = inet_addr(IP_ADDRESS);\n            service.sin_port = htons(TCP_PORT);\n            if (connect(connectSocket, (struct sockaddr*)&service, sizeof(service)) == SOCKET_ERROR)\n            {\n                break;\n            }\n            /* Abort on error or the connection was closed, make sure to recv one\n             * less char than is in the recv_buf in order to append a terminator */\n            /* Abort on error or the connection was closed */\n            recvResult = recv(connectSocket, (char *)(data + dataLen), sizeof(wchar_t) * (256 - dataLen - 1), 0);\n            if (recvResult == SOCKET_ERROR || recvResult == 0)\n            {\n                break;\n            }\n            /* Append null terminator */\n            data[dataLen + recvResult / sizeof(wchar_t)] = L'\\0';\n            /* Eliminate CRLF */\n            replace = wcschr(data, L'\\r');\n            if (replace)\n            {\n                *replace = L'\\0';\n            }\n            replace = wcschr(data, L'\\n');\n            if (replace)\n            {\n                *replace = L'\\0';\n            }\n        }\n        while (0);\n        if (connectSocket != INVALID_SOCKET)\n        {\n            CLOSE_SOCKET(connectSocket);\n        }\n#ifdef _WIN32\n        if (wsaDataInit)\n        {\n            WSACleanup();\n        }\n#endif\n    }\n    {\n        LDAP* pLdapConnection = NULL;\n        ULONG connectSuccess = 0L;\n        ULONG searchSuccess = 0L;\n        LDAPMessage *pMessage = NULL;\n        wchar_t filter[256];\n        /* POTENTIAL FLAW: data concatenated into LDAP search, which could result in LDAP Injection*/\n        _snwprintf(filter, 256-1, L\"(cn=%s)\", data);\n        pLdapConnection = ldap_initW(L\"localhost\", LDAP_PORT);\n        if (pLdapConnection == NULL)\n        {\n            printLine(\"Initialization failed\");\n            exit(1);\n        }\n        connectSuccess = ldap_connect(pLdapConnection, NULL);\n        if (connectSuccess != LDAP_SUCCESS)\n        {\n            printLine(\"Connection failed\");\n            exit(1);\n        }\n        searchSuccess = ldap_search_ext_sW(\n                            pLdapConnection,\n                            L\"base\",\n                            LDAP_SCOPE_SUBTREE,\n                            filter,\n                            NULL,\n                            0,\n                            NULL,\n                            NULL,\n                            LDAP_NO_LIMIT,\n                            LDAP_NO_LIMIT,\n                            &pMessage);\n        if (searchSuccess != LDAP_SUCCESS)\n        {\n            printLine(\"Search failed\");\n            if (pMessage != NULL)\n            {\n                ldap_msgfree(pMessage);\n            }\n            exit(1);\n        }\n        /* Typically you would do something with the search results, but this is a test case and we can ignore them */\n        /* Free the results to avoid incidentals */\n        if (pMessage != NULL)\n        {\n            ldap_msgfree(pMessage);\n        }\n        /* Close the connection */\n        ldap_unbind(pLdapConnection);\n    }\n}",
        "question": "Given that the parameter or function `IPPROTO_TCP` is modified before the execution of the function `CLOSE_SOCKET`, evaluate the potential impact on the outcomes of `CLOSE_SOCKET`. Consider how `IPPROTO_TCP` could influence `CLOSE_SOCKET`, including its role as a direct parameter, its effect on controlling conditions, or its indirect impacts through other related variables or system states.",
        "choices": {
            "A": "The change to `IPPROTO_TCP` directly alters the arguments passed to `CLOSE_SOCKET`.",
            "B": "There is neither a direct nor a significant indirect relationship between the changes to `IPPROTO_TCP` and the behavior or output of `CLOSE_SOCKET`, suggesting no observable impact.",
            "C": "The modification of `IPPROTO_TCP` might indirectly influence `CLOSE_SOCKET` by modifying the control statement that controls the behavior of `CLOSE_SOCKET`.",
            "D": "It is not possible to determine the effect without additional context."
        },
        "answer": "A, C",
        "distance": 1
    },
    {
        "case_id": 7405,
        "code": "void CWE90_LDAP_Injection__w32_wchar_t_connect_socket_01_bad()\n{\n    wchar_t * data;\n    wchar_t dataBuffer[256] = L\"\";\n    data = dataBuffer;\n    {\n#ifdef _WIN32\n        WSADATA wsaData;\n        int wsaDataInit = 0;\n#endif\n        int recvResult;\n        struct sockaddr_in service;\n        wchar_t *replace;\n        SOCKET connectSocket = INVALID_SOCKET;\n        size_t dataLen = wcslen(data);\n        do\n        {\n#ifdef _WIN32\n            if (WSAStartup(MAKEWORD(2,2), &wsaData) != NO_ERROR)\n            {\n                break;\n            }\n            wsaDataInit = 1;\n#endif\n            /* POTENTIAL FLAW: Read data using a connect socket */\n            connectSocket = socket(AF_INET, SOCK_STREAM, IPPROTO_TCP);\n            if (connectSocket == INVALID_SOCKET)\n            {\n                break;\n            }\n            memset(&service, 0, sizeof(service));\n            service.sin_family = AF_INET;\n            service.sin_addr.s_addr = inet_addr(IP_ADDRESS);\n            service.sin_port = htons(TCP_PORT);\n            if (connect(connectSocket, (struct sockaddr*)&service, sizeof(service)) == SOCKET_ERROR)\n            {\n                break;\n            }\n            /* Abort on error or the connection was closed, make sure to recv one\n             * less char than is in the recv_buf in order to append a terminator */\n            /* Abort on error or the connection was closed */\n            recvResult = recv(connectSocket, (char *)(data + dataLen), sizeof(wchar_t) * (256 - dataLen - 1), 0);\n            if (recvResult == SOCKET_ERROR || recvResult == 0)\n            {\n                break;\n            }\n            /* Append null terminator */\n            data[dataLen + recvResult / sizeof(wchar_t)] = L'\\0';\n            /* Eliminate CRLF */\n            replace = wcschr(data, L'\\r');\n            if (replace)\n            {\n                *replace = L'\\0';\n            }\n            replace = wcschr(data, L'\\n');\n            if (replace)\n            {\n                *replace = L'\\0';\n            }\n        }\n        while (0);\n        if (connectSocket != INVALID_SOCKET)\n        {\n            CLOSE_SOCKET(connectSocket);\n        }\n#ifdef _WIN32\n        if (wsaDataInit)\n        {\n            WSACleanup();\n        }\n#endif\n    }\n    {\n        LDAP* pLdapConnection = NULL;\n        ULONG connectSuccess = 0L;\n        ULONG searchSuccess = 0L;\n        LDAPMessage *pMessage = NULL;\n        wchar_t filter[256];\n        /* POTENTIAL FLAW: data concatenated into LDAP search, which could result in LDAP Injection*/\n        _snwprintf(filter, 256-1, L\"(cn=%s)\", data);\n        pLdapConnection = ldap_initW(L\"localhost\", LDAP_PORT);\n        if (pLdapConnection == NULL)\n        {\n            printLine(\"Initialization failed\");\n            exit(1);\n        }\n        connectSuccess = ldap_connect(pLdapConnection, NULL);\n        if (connectSuccess != LDAP_SUCCESS)\n        {\n            printLine(\"Connection failed\");\n            exit(1);\n        }\n        searchSuccess = ldap_search_ext_sW(\n                            pLdapConnection,\n                            L\"base\",\n                            LDAP_SCOPE_SUBTREE,\n                            filter,\n                            NULL,\n                            0,\n                            NULL,\n                            NULL,\n                            LDAP_NO_LIMIT,\n                            LDAP_NO_LIMIT,\n                            &pMessage);\n        if (searchSuccess != LDAP_SUCCESS)\n        {\n            printLine(\"Search failed\");\n            if (pMessage != NULL)\n            {\n                ldap_msgfree(pMessage);\n            }\n            exit(1);\n        }\n        /* Typically you would do something with the search results, but this is a test case and we can ignore them */\n        /* Free the results to avoid incidentals */\n        if (pMessage != NULL)\n        {\n            ldap_msgfree(pMessage);\n        }\n        /* Close the connection */\n        ldap_unbind(pLdapConnection);\n    }\n}",
        "question": "Given that the parameter or function `INVALID_SOCKET` is modified before the execution of the function `CLOSE_SOCKET`, evaluate the potential impact on the outcomes of `CLOSE_SOCKET`. Consider how `INVALID_SOCKET` could influence `CLOSE_SOCKET`, including its role as a direct parameter, its effect on controlling conditions, or its indirect impacts through other related variables or system states.",
        "choices": {
            "A": "The change to `INVALID_SOCKET` directly alters the arguments passed to `CLOSE_SOCKET`.",
            "B": "There is neither a direct nor a significant indirect relationship between the changes to `INVALID_SOCKET` and the behavior or output of `CLOSE_SOCKET`, suggesting no observable impact.",
            "C": "The modification of `INVALID_SOCKET` might indirectly influence `CLOSE_SOCKET` by modifying the control statement that controls the behavior of `CLOSE_SOCKET`.",
            "D": "It is not possible to determine the effect without additional context."
        },
        "answer": "A, C",
        "distance": 1
    },
    {
        "case_id": 7405,
        "code": "void CWE90_LDAP_Injection__w32_wchar_t_connect_socket_01_bad()\n{\n    wchar_t * data;\n    wchar_t dataBuffer[256] = L\"\";\n    data = dataBuffer;\n    {\n#ifdef _WIN32\n        WSADATA wsaData;\n        int wsaDataInit = 0;\n#endif\n        int recvResult;\n        struct sockaddr_in service;\n        wchar_t *replace;\n        SOCKET connectSocket = INVALID_SOCKET;\n        size_t dataLen = wcslen(data);\n        do\n        {\n#ifdef _WIN32\n            if (WSAStartup(MAKEWORD(2,2), &wsaData) != NO_ERROR)\n            {\n                break;\n            }\n            wsaDataInit = 1;\n#endif\n            /* POTENTIAL FLAW: Read data using a connect socket */\n            connectSocket = socket(AF_INET, SOCK_STREAM, IPPROTO_TCP);\n            if (connectSocket == INVALID_SOCKET)\n            {\n                break;\n            }\n            memset(&service, 0, sizeof(service));\n            service.sin_family = AF_INET;\n            service.sin_addr.s_addr = inet_addr(IP_ADDRESS);\n            service.sin_port = htons(TCP_PORT);\n            if (connect(connectSocket, (struct sockaddr*)&service, sizeof(service)) == SOCKET_ERROR)\n            {\n                break;\n            }\n            /* Abort on error or the connection was closed, make sure to recv one\n             * less char than is in the recv_buf in order to append a terminator */\n            /* Abort on error or the connection was closed */\n            recvResult = recv(connectSocket, (char *)(data + dataLen), sizeof(wchar_t) * (256 - dataLen - 1), 0);\n            if (recvResult == SOCKET_ERROR || recvResult == 0)\n            {\n                break;\n            }\n            /* Append null terminator */\n            data[dataLen + recvResult / sizeof(wchar_t)] = L'\\0';\n            /* Eliminate CRLF */\n            replace = wcschr(data, L'\\r');\n            if (replace)\n            {\n                *replace = L'\\0';\n            }\n            replace = wcschr(data, L'\\n');\n            if (replace)\n            {\n                *replace = L'\\0';\n            }\n        }\n        while (0);\n        if (connectSocket != INVALID_SOCKET)\n        {\n            CLOSE_SOCKET(connectSocket);\n        }\n#ifdef _WIN32\n        if (wsaDataInit)\n        {\n            WSACleanup();\n        }\n#endif\n    }\n    {\n        LDAP* pLdapConnection = NULL;\n        ULONG connectSuccess = 0L;\n        ULONG searchSuccess = 0L;\n        LDAPMessage *pMessage = NULL;\n        wchar_t filter[256];\n        /* POTENTIAL FLAW: data concatenated into LDAP search, which could result in LDAP Injection*/\n        _snwprintf(filter, 256-1, L\"(cn=%s)\", data);\n        pLdapConnection = ldap_initW(L\"localhost\", LDAP_PORT);\n        if (pLdapConnection == NULL)\n        {\n            printLine(\"Initialization failed\");\n            exit(1);\n        }\n        connectSuccess = ldap_connect(pLdapConnection, NULL);\n        if (connectSuccess != LDAP_SUCCESS)\n        {\n            printLine(\"Connection failed\");\n            exit(1);\n        }\n        searchSuccess = ldap_search_ext_sW(\n                            pLdapConnection,\n                            L\"base\",\n                            LDAP_SCOPE_SUBTREE,\n                            filter,\n                            NULL,\n                            0,\n                            NULL,\n                            NULL,\n                            LDAP_NO_LIMIT,\n                            LDAP_NO_LIMIT,\n                            &pMessage);\n        if (searchSuccess != LDAP_SUCCESS)\n        {\n            printLine(\"Search failed\");\n            if (pMessage != NULL)\n            {\n                ldap_msgfree(pMessage);\n            }\n            exit(1);\n        }\n        /* Typically you would do something with the search results, but this is a test case and we can ignore them */\n        /* Free the results to avoid incidentals */\n        if (pMessage != NULL)\n        {\n            ldap_msgfree(pMessage);\n        }\n        /* Close the connection */\n        ldap_unbind(pLdapConnection);\n    }\n}",
        "question": "Given that the parameter or function `AF_INET` is modified before the execution of the function `CLOSE_SOCKET`, evaluate the potential impact on the outcomes of `CLOSE_SOCKET`. Consider how `AF_INET` could influence `CLOSE_SOCKET`, including its role as a direct parameter, its effect on controlling conditions, or its indirect impacts through other related variables or system states.",
        "choices": {
            "A": "The change to `AF_INET` directly alters the arguments passed to `CLOSE_SOCKET`.",
            "B": "There is neither a direct nor a significant indirect relationship between the changes to `AF_INET` and the behavior or output of `CLOSE_SOCKET`, suggesting no observable impact.",
            "C": "The modification of `AF_INET` might indirectly influence `CLOSE_SOCKET` by modifying the control statement that controls the behavior of `CLOSE_SOCKET`.",
            "D": "It is not possible to determine the effect without additional context."
        },
        "answer": "A, C",
        "distance": 1
    },
    {
        "case_id": 7405,
        "code": "void CWE90_LDAP_Injection__w32_wchar_t_connect_socket_01_bad()\n{\n    wchar_t * data;\n    wchar_t dataBuffer[256] = L\"\";\n    data = dataBuffer;\n    {\n#ifdef _WIN32\n        WSADATA wsaData;\n        int wsaDataInit = 0;\n#endif\n        int recvResult;\n        struct sockaddr_in service;\n        wchar_t *replace;\n        SOCKET connectSocket = INVALID_SOCKET;\n        size_t dataLen = wcslen(data);\n        do\n        {\n#ifdef _WIN32\n            if (WSAStartup(MAKEWORD(2,2), &wsaData) != NO_ERROR)\n            {\n                break;\n            }\n            wsaDataInit = 1;\n#endif\n            /* POTENTIAL FLAW: Read data using a connect socket */\n            connectSocket = socket(AF_INET, SOCK_STREAM, IPPROTO_TCP);\n            if (connectSocket == INVALID_SOCKET)\n            {\n                break;\n            }\n            memset(&service, 0, sizeof(service));\n            service.sin_family = AF_INET;\n            service.sin_addr.s_addr = inet_addr(IP_ADDRESS);\n            service.sin_port = htons(TCP_PORT);\n            if (connect(connectSocket, (struct sockaddr*)&service, sizeof(service)) == SOCKET_ERROR)\n            {\n                break;\n            }\n            /* Abort on error or the connection was closed, make sure to recv one\n             * less char than is in the recv_buf in order to append a terminator */\n            /* Abort on error or the connection was closed */\n            recvResult = recv(connectSocket, (char *)(data + dataLen), sizeof(wchar_t) * (256 - dataLen - 1), 0);\n            if (recvResult == SOCKET_ERROR || recvResult == 0)\n            {\n                break;\n            }\n            /* Append null terminator */\n            data[dataLen + recvResult / sizeof(wchar_t)] = L'\\0';\n            /* Eliminate CRLF */\n            replace = wcschr(data, L'\\r');\n            if (replace)\n            {\n                *replace = L'\\0';\n            }\n            replace = wcschr(data, L'\\n');\n            if (replace)\n            {\n                *replace = L'\\0';\n            }\n        }\n        while (0);\n        if (connectSocket != INVALID_SOCKET)\n        {\n            CLOSE_SOCKET(connectSocket);\n        }\n#ifdef _WIN32\n        if (wsaDataInit)\n        {\n            WSACleanup();\n        }\n#endif\n    }\n    {\n        LDAP* pLdapConnection = NULL;\n        ULONG connectSuccess = 0L;\n        ULONG searchSuccess = 0L;\n        LDAPMessage *pMessage = NULL;\n        wchar_t filter[256];\n        /* POTENTIAL FLAW: data concatenated into LDAP search, which could result in LDAP Injection*/\n        _snwprintf(filter, 256-1, L\"(cn=%s)\", data);\n        pLdapConnection = ldap_initW(L\"localhost\", LDAP_PORT);\n        if (pLdapConnection == NULL)\n        {\n            printLine(\"Initialization failed\");\n            exit(1);\n        }\n        connectSuccess = ldap_connect(pLdapConnection, NULL);\n        if (connectSuccess != LDAP_SUCCESS)\n        {\n            printLine(\"Connection failed\");\n            exit(1);\n        }\n        searchSuccess = ldap_search_ext_sW(\n                            pLdapConnection,\n                            L\"base\",\n                            LDAP_SCOPE_SUBTREE,\n                            filter,\n                            NULL,\n                            0,\n                            NULL,\n                            NULL,\n                            LDAP_NO_LIMIT,\n                            LDAP_NO_LIMIT,\n                            &pMessage);\n        if (searchSuccess != LDAP_SUCCESS)\n        {\n            printLine(\"Search failed\");\n            if (pMessage != NULL)\n            {\n                ldap_msgfree(pMessage);\n            }\n            exit(1);\n        }\n        /* Typically you would do something with the search results, but this is a test case and we can ignore them */\n        /* Free the results to avoid incidentals */\n        if (pMessage != NULL)\n        {\n            ldap_msgfree(pMessage);\n        }\n        /* Close the connection */\n        ldap_unbind(pLdapConnection);\n    }\n}",
        "question": "Given that the parameter or function `socket` is modified before the execution of the function `CLOSE_SOCKET`, evaluate the potential impact on the outcomes of `CLOSE_SOCKET`. Consider how `socket` could influence `CLOSE_SOCKET`, including its role as a direct parameter, its effect on controlling conditions, or its indirect impacts through other related variables or system states.",
        "choices": {
            "A": "The change to `socket` directly alters the arguments passed to `CLOSE_SOCKET`.",
            "B": "There is neither a direct nor a significant indirect relationship between the changes to `socket` and the behavior or output of `CLOSE_SOCKET`, suggesting no observable impact.",
            "C": "The modification of `socket` might indirectly influence `CLOSE_SOCKET` by modifying the control statement that controls the behavior of `CLOSE_SOCKET`.",
            "D": "It is not possible to determine the effect without additional context."
        },
        "answer": "A, C",
        "distance": 1
    }
]