[
    {
        "case_id": 4396,
        "code": "void CWE476_NULL_Pointer_Dereference__wchar_t_01_bad()\n{\n    wchar_t * data;\n    /* POTENTIAL FLAW: Set data to NULL */\n    data = NULL;\n    /* POTENTIAL FLAW: Attempt to use data, which may be NULL */\n    /* printWLine() checks for NULL, so we cannot use it here */\n    printWcharLine(data[0]);\n}",
        "question": "Given that the parameter or function `data[0]` is modified before the execution of the function `printWcharLine`, evaluate the potential impact on the outcomes of `printWcharLine`. Consider how `data[0]` could influence `printWcharLine`, including its role as a direct parameter, its effect on controlling conditions, or its indirect impacts through other related variables or system states.",
        "choices": {
            "A": "The change to `data[0]` directly alters the arguments passed to `printWcharLine`.",
            "B": "There is neither a direct nor a significant indirect relationship between the changes to `data[0]` and the behavior or output of `printWcharLine`, suggesting no observable impact.",
            "C": "The modification of `data[0]` might indirectly influence `printWcharLine` by modifying the control statement that controls the behavior of `printWcharLine`.",
            "D": "It is not possible to determine the effect without additional context."
        },
        "answer": "A",
        "distance": 1
    }
]