[
    {
        "case_id": 2987,
        "code": "void CWE377_Insecure_Temporary_File__wchar_t_mktemp_01_bad()\n{\n    {\n        wchar_t * filename;\n        wchar_t tmpl[] = L\"fnXXXXXX\";\n        int fileDesc;\n        filename = MKTEMP(tmpl);\n        if (filename == NULL)\n        {\n            exit(1);\n        }\n        printWLine(filename);\n        /* FLAW: Open a temporary file using open() and flags that do not prevent a race condition */\n        fileDesc = OPEN(filename, O_RDWR|O_CREAT, S_IREAD|S_IWRITE);\n        if (fileDesc != -1)\n        {\n            printLine(\"Temporary file was opened...now closing file\");\n            CLOSE(fileDesc);\n        }\n    }\n}",
        "question": "Given that the parameter or function `MKTEMP` is modified before the execution of the function `OPEN`, evaluate the potential impact on the outcomes of `OPEN`. Consider how `MKTEMP` could influence `OPEN`, including its role as a direct parameter, its effect on controlling conditions, or its indirect impacts through other related variables or system states.",
        "choices": {
            "A": "The change to `MKTEMP` directly alters the arguments passed to `OPEN`.",
            "B": "There is neither a direct nor a significant indirect relationship between the changes to `MKTEMP` and the behavior or output of `OPEN`, suggesting no observable impact.",
            "C": "The modification of `MKTEMP` might indirectly influence `OPEN` by modifying the control statement that controls the behavior of `OPEN`.",
            "D": "It is not possible to determine the effect without additional context."
        },
        "answer": "A",
        "distance": 1
    },
    {
        "case_id": 2987,
        "code": "void CWE377_Insecure_Temporary_File__wchar_t_mktemp_01_bad()\n{\n    {\n        wchar_t * filename;\n        wchar_t tmpl[] = L\"fnXXXXXX\";\n        int fileDesc;\n        filename = MKTEMP(tmpl);\n        if (filename == NULL)\n        {\n            exit(1);\n        }\n        printWLine(filename);\n        /* FLAW: Open a temporary file using open() and flags that do not prevent a race condition */\n        fileDesc = OPEN(filename, O_RDWR|O_CREAT, S_IREAD|S_IWRITE);\n        if (fileDesc != -1)\n        {\n            printLine(\"Temporary file was opened...now closing file\");\n            CLOSE(fileDesc);\n        }\n    }\n}",
        "question": "Given that the parameter or function `printWLine` is modified before the execution of the function `OPEN`, evaluate the potential impact on the outcomes of `OPEN`. Consider how `printWLine` could influence `OPEN`, including its role as a direct parameter, its effect on controlling conditions, or its indirect impacts through other related variables or system states.",
        "choices": {
            "A": "The change to `printWLine` directly alters the arguments passed to `OPEN`.",
            "B": "There is neither a direct nor a significant indirect relationship between the changes to `printWLine` and the behavior or output of `OPEN`, suggesting no observable impact.",
            "C": "The modification of `printWLine` might indirectly influence `OPEN` by modifying the control statement that controls the behavior of `OPEN`.",
            "D": "It is not possible to determine the effect without additional context."
        },
        "answer": "A",
        "distance": 1
    },
    {
        "case_id": 2987,
        "code": "void CWE377_Insecure_Temporary_File__wchar_t_mktemp_01_bad()\n{\n    {\n        wchar_t * filename;\n        wchar_t tmpl[] = L\"fnXXXXXX\";\n        int fileDesc;\n        filename = MKTEMP(tmpl);\n        if (filename == NULL)\n        {\n            exit(1);\n        }\n        printWLine(filename);\n        /* FLAW: Open a temporary file using open() and flags that do not prevent a race condition */\n        fileDesc = OPEN(filename, O_RDWR|O_CREAT, S_IREAD|S_IWRITE);\n        if (fileDesc != -1)\n        {\n            printLine(\"Temporary file was opened...now closing file\");\n            CLOSE(fileDesc);\n        }\n    }\n}",
        "question": "Given that the parameter or function `S_IWRITE` is modified before the execution of the function `OPEN`, evaluate the potential impact on the outcomes of `OPEN`. Consider how `S_IWRITE` could influence `OPEN`, including its role as a direct parameter, its effect on controlling conditions, or its indirect impacts through other related variables or system states.",
        "choices": {
            "A": "The change to `S_IWRITE` directly alters the arguments passed to `OPEN`.",
            "B": "There is neither a direct nor a significant indirect relationship between the changes to `S_IWRITE` and the behavior or output of `OPEN`, suggesting no observable impact.",
            "C": "The modification of `S_IWRITE` might indirectly influence `OPEN` by modifying the control statement that controls the behavior of `OPEN`.",
            "D": "It is not possible to determine the effect without additional context."
        },
        "answer": "A",
        "distance": 1
    },
    {
        "case_id": 2987,
        "code": "void CWE377_Insecure_Temporary_File__wchar_t_mktemp_01_bad()\n{\n    {\n        wchar_t * filename;\n        wchar_t tmpl[] = L\"fnXXXXXX\";\n        int fileDesc;\n        filename = MKTEMP(tmpl);\n        if (filename == NULL)\n        {\n            exit(1);\n        }\n        printWLine(filename);\n        /* FLAW: Open a temporary file using open() and flags that do not prevent a race condition */\n        fileDesc = OPEN(filename, O_RDWR|O_CREAT, S_IREAD|S_IWRITE);\n        if (fileDesc != -1)\n        {\n            printLine(\"Temporary file was opened...now closing file\");\n            CLOSE(fileDesc);\n        }\n    }\n}",
        "question": "Given that the parameter or function `O_CREAT` is modified before the execution of the function `OPEN`, evaluate the potential impact on the outcomes of `OPEN`. Consider how `O_CREAT` could influence `OPEN`, including its role as a direct parameter, its effect on controlling conditions, or its indirect impacts through other related variables or system states.",
        "choices": {
            "A": "The change to `O_CREAT` directly alters the arguments passed to `OPEN`.",
            "B": "There is neither a direct nor a significant indirect relationship between the changes to `O_CREAT` and the behavior or output of `OPEN`, suggesting no observable impact.",
            "C": "The modification of `O_CREAT` might indirectly influence `OPEN` by modifying the control statement that controls the behavior of `OPEN`.",
            "D": "It is not possible to determine the effect without additional context."
        },
        "answer": "A",
        "distance": 1
    },
    {
        "case_id": 2987,
        "code": "void CWE377_Insecure_Temporary_File__wchar_t_mktemp_01_bad()\n{\n    {\n        wchar_t * filename;\n        wchar_t tmpl[] = L\"fnXXXXXX\";\n        int fileDesc;\n        filename = MKTEMP(tmpl);\n        if (filename == NULL)\n        {\n            exit(1);\n        }\n        printWLine(filename);\n        /* FLAW: Open a temporary file using open() and flags that do not prevent a race condition */\n        fileDesc = OPEN(filename, O_RDWR|O_CREAT, S_IREAD|S_IWRITE);\n        if (fileDesc != -1)\n        {\n            printLine(\"Temporary file was opened...now closing file\");\n            CLOSE(fileDesc);\n        }\n    }\n}",
        "question": "Given that the parameter or function `OPEN` is modified before the execution of the function `exit`, evaluate the potential impact on the outcomes of `exit`. Consider how `OPEN` could influence `exit`, including its role as a direct parameter, its effect on controlling conditions, or its indirect impacts through other related variables or system states.",
        "choices": {
            "A": "The change to `OPEN` directly alters the arguments passed to `exit`.",
            "B": "There is neither a direct nor a significant indirect relationship between the changes to `OPEN` and the behavior or output of `exit`, suggesting no observable impact.",
            "C": "The modification of `OPEN` might indirectly influence `exit` by modifying the control statement that controls the behavior of `exit`.",
            "D": "It is not possible to determine the effect without additional context."
        },
        "answer": "B",
        "distance": 0
    },
    {
        "case_id": 2987,
        "code": "void CWE377_Insecure_Temporary_File__wchar_t_mktemp_01_bad()\n{\n    {\n        wchar_t * filename;\n        wchar_t tmpl[] = L\"fnXXXXXX\";\n        int fileDesc;\n        filename = MKTEMP(tmpl);\n        if (filename == NULL)\n        {\n            exit(1);\n        }\n        printWLine(filename);\n        /* FLAW: Open a temporary file using open() and flags that do not prevent a race condition */\n        fileDesc = OPEN(filename, O_RDWR|O_CREAT, S_IREAD|S_IWRITE);\n        if (fileDesc != -1)\n        {\n            printLine(\"Temporary file was opened...now closing file\");\n            CLOSE(fileDesc);\n        }\n    }\n}",
        "question": "Given that the parameter or function `CLOSE` is modified before the execution of the function `exit`, evaluate the potential impact on the outcomes of `exit`. Consider how `CLOSE` could influence `exit`, including its role as a direct parameter, its effect on controlling conditions, or its indirect impacts through other related variables or system states.",
        "choices": {
            "A": "The change to `CLOSE` directly alters the arguments passed to `exit`.",
            "B": "There is neither a direct nor a significant indirect relationship between the changes to `CLOSE` and the behavior or output of `exit`, suggesting no observable impact.",
            "C": "The modification of `CLOSE` might indirectly influence `exit` by modifying the control statement that controls the behavior of `exit`.",
            "D": "It is not possible to determine the effect without additional context."
        },
        "answer": "B",
        "distance": 0
    },
    {
        "case_id": 2987,
        "code": "void CWE377_Insecure_Temporary_File__wchar_t_mktemp_01_bad()\n{\n    {\n        wchar_t * filename;\n        wchar_t tmpl[] = L\"fnXXXXXX\";\n        int fileDesc;\n        filename = MKTEMP(tmpl);\n        if (filename == NULL)\n        {\n            exit(1);\n        }\n        printWLine(filename);\n        /* FLAW: Open a temporary file using open() and flags that do not prevent a race condition */\n        fileDesc = OPEN(filename, O_RDWR|O_CREAT, S_IREAD|S_IWRITE);\n        if (fileDesc != -1)\n        {\n            printLine(\"Temporary file was opened...now closing file\");\n            CLOSE(fileDesc);\n        }\n    }\n}",
        "question": "Given that the parameter or function `printLine` is modified before the execution of the function `exit`, evaluate the potential impact on the outcomes of `exit`. Consider how `printLine` could influence `exit`, including its role as a direct parameter, its effect on controlling conditions, or its indirect impacts through other related variables or system states.",
        "choices": {
            "A": "The change to `printLine` directly alters the arguments passed to `exit`.",
            "B": "There is neither a direct nor a significant indirect relationship between the changes to `printLine` and the behavior or output of `exit`, suggesting no observable impact.",
            "C": "The modification of `printLine` might indirectly influence `exit` by modifying the control statement that controls the behavior of `exit`.",
            "D": "It is not possible to determine the effect without additional context."
        },
        "answer": "B",
        "distance": 0
    },
    {
        "case_id": 2987,
        "code": "void CWE377_Insecure_Temporary_File__wchar_t_mktemp_01_bad()\n{\n    {\n        wchar_t * filename;\n        wchar_t tmpl[] = L\"fnXXXXXX\";\n        int fileDesc;\n        filename = MKTEMP(tmpl);\n        if (filename == NULL)\n        {\n            exit(1);\n        }\n        printWLine(filename);\n        /* FLAW: Open a temporary file using open() and flags that do not prevent a race condition */\n        fileDesc = OPEN(filename, O_RDWR|O_CREAT, S_IREAD|S_IWRITE);\n        if (fileDesc != -1)\n        {\n            printLine(\"Temporary file was opened...now closing file\");\n            CLOSE(fileDesc);\n        }\n    }\n}",
        "question": "Given that the parameter or function `printWLine` is modified before the execution of the function `exit`, evaluate the potential impact on the outcomes of `exit`. Consider how `printWLine` could influence `exit`, including its role as a direct parameter, its effect on controlling conditions, or its indirect impacts through other related variables or system states.",
        "choices": {
            "A": "The change to `printWLine` directly alters the arguments passed to `exit`.",
            "B": "There is neither a direct nor a significant indirect relationship between the changes to `printWLine` and the behavior or output of `exit`, suggesting no observable impact.",
            "C": "The modification of `printWLine` might indirectly influence `exit` by modifying the control statement that controls the behavior of `exit`.",
            "D": "It is not possible to determine the effect without additional context."
        },
        "answer": "B",
        "distance": 0
    },
    {
        "case_id": 2987,
        "code": "void CWE377_Insecure_Temporary_File__wchar_t_mktemp_01_bad()\n{\n    {\n        wchar_t * filename;\n        wchar_t tmpl[] = L\"fnXXXXXX\";\n        int fileDesc;\n        filename = MKTEMP(tmpl);\n        if (filename == NULL)\n        {\n            exit(1);\n        }\n        printWLine(filename);\n        /* FLAW: Open a temporary file using open() and flags that do not prevent a race condition */\n        fileDesc = OPEN(filename, O_RDWR|O_CREAT, S_IREAD|S_IWRITE);\n        if (fileDesc != -1)\n        {\n            printLine(\"Temporary file was opened...now closing file\");\n            CLOSE(fileDesc);\n        }\n    }\n}",
        "question": "Given that the parameter or function `MKTEMP` is modified before the execution of the function `printLine`, evaluate the potential impact on the outcomes of `printLine`. Consider how `MKTEMP` could influence `printLine`, including its role as a direct parameter, its effect on controlling conditions, or its indirect impacts through other related variables or system states.",
        "choices": {
            "A": "The change to `MKTEMP` directly alters the arguments passed to `printLine`.",
            "B": "There is neither a direct nor a significant indirect relationship between the changes to `MKTEMP` and the behavior or output of `printLine`, suggesting no observable impact.",
            "C": "The modification of `MKTEMP` might indirectly influence `printLine` by modifying the control statement that controls the behavior of `printLine`.",
            "D": "It is not possible to determine the effect without additional context."
        },
        "answer": "C",
        "distance": 2
    },
    {
        "case_id": 2987,
        "code": "void CWE377_Insecure_Temporary_File__wchar_t_mktemp_01_bad()\n{\n    {\n        wchar_t * filename;\n        wchar_t tmpl[] = L\"fnXXXXXX\";\n        int fileDesc;\n        filename = MKTEMP(tmpl);\n        if (filename == NULL)\n        {\n            exit(1);\n        }\n        printWLine(filename);\n        /* FLAW: Open a temporary file using open() and flags that do not prevent a race condition */\n        fileDesc = OPEN(filename, O_RDWR|O_CREAT, S_IREAD|S_IWRITE);\n        if (fileDesc != -1)\n        {\n            printLine(\"Temporary file was opened...now closing file\");\n            CLOSE(fileDesc);\n        }\n    }\n}",
        "question": "Given that the parameter or function `printWLine` is modified before the execution of the function `printLine`, evaluate the potential impact on the outcomes of `printLine`. Consider how `printWLine` could influence `printLine`, including its role as a direct parameter, its effect on controlling conditions, or its indirect impacts through other related variables or system states.",
        "choices": {
            "A": "The change to `printWLine` directly alters the arguments passed to `printLine`.",
            "B": "There is neither a direct nor a significant indirect relationship between the changes to `printWLine` and the behavior or output of `printLine`, suggesting no observable impact.",
            "C": "The modification of `printWLine` might indirectly influence `printLine` by modifying the control statement that controls the behavior of `printLine`.",
            "D": "It is not possible to determine the effect without additional context."
        },
        "answer": "C",
        "distance": 2
    },
    {
        "case_id": 2987,
        "code": "void CWE377_Insecure_Temporary_File__wchar_t_mktemp_01_bad()\n{\n    {\n        wchar_t * filename;\n        wchar_t tmpl[] = L\"fnXXXXXX\";\n        int fileDesc;\n        filename = MKTEMP(tmpl);\n        if (filename == NULL)\n        {\n            exit(1);\n        }\n        printWLine(filename);\n        /* FLAW: Open a temporary file using open() and flags that do not prevent a race condition */\n        fileDesc = OPEN(filename, O_RDWR|O_CREAT, S_IREAD|S_IWRITE);\n        if (fileDesc != -1)\n        {\n            printLine(\"Temporary file was opened...now closing file\");\n            CLOSE(fileDesc);\n        }\n    }\n}",
        "question": "Given that the parameter or function `tmpl` is modified before the execution of the function `printLine`, evaluate the potential impact on the outcomes of `printLine`. Consider how `tmpl` could influence `printLine`, including its role as a direct parameter, its effect on controlling conditions, or its indirect impacts through other related variables or system states.",
        "choices": {
            "A": "The change to `tmpl` directly alters the arguments passed to `printLine`.",
            "B": "There is neither a direct nor a significant indirect relationship between the changes to `tmpl` and the behavior or output of `printLine`, suggesting no observable impact.",
            "C": "The modification of `tmpl` might indirectly influence `printLine` by modifying the control statement that controls the behavior of `printLine`.",
            "D": "It is not possible to determine the effect without additional context."
        },
        "answer": "C",
        "distance": 2
    },
    {
        "case_id": 2987,
        "code": "void CWE377_Insecure_Temporary_File__wchar_t_mktemp_01_bad()\n{\n    {\n        wchar_t * filename;\n        wchar_t tmpl[] = L\"fnXXXXXX\";\n        int fileDesc;\n        filename = MKTEMP(tmpl);\n        if (filename == NULL)\n        {\n            exit(1);\n        }\n        printWLine(filename);\n        /* FLAW: Open a temporary file using open() and flags that do not prevent a race condition */\n        fileDesc = OPEN(filename, O_RDWR|O_CREAT, S_IREAD|S_IWRITE);\n        if (fileDesc != -1)\n        {\n            printLine(\"Temporary file was opened...now closing file\");\n            CLOSE(fileDesc);\n        }\n    }\n}",
        "question": "Given that the parameter or function `MKTEMP` is modified before the execution of the function `exit`, evaluate the potential impact on the outcomes of `exit`. Consider how `MKTEMP` could influence `exit`, including its role as a direct parameter, its effect on controlling conditions, or its indirect impacts through other related variables or system states.",
        "choices": {
            "A": "The change to `MKTEMP` directly alters the arguments passed to `exit`.",
            "B": "There is neither a direct nor a significant indirect relationship between the changes to `MKTEMP` and the behavior or output of `exit`, suggesting no observable impact.",
            "C": "The modification of `MKTEMP` might indirectly influence `exit` by modifying the control statement that controls the behavior of `exit`.",
            "D": "It is not possible to determine the effect without additional context."
        },
        "answer": "C",
        "distance": 1
    },
    {
        "case_id": 2987,
        "code": "void CWE377_Insecure_Temporary_File__wchar_t_mktemp_01_bad()\n{\n    {\n        wchar_t * filename;\n        wchar_t tmpl[] = L\"fnXXXXXX\";\n        int fileDesc;\n        filename = MKTEMP(tmpl);\n        if (filename == NULL)\n        {\n            exit(1);\n        }\n        printWLine(filename);\n        /* FLAW: Open a temporary file using open() and flags that do not prevent a race condition */\n        fileDesc = OPEN(filename, O_RDWR|O_CREAT, S_IREAD|S_IWRITE);\n        if (fileDesc != -1)\n        {\n            printLine(\"Temporary file was opened...now closing file\");\n            CLOSE(fileDesc);\n        }\n    }\n}",
        "question": "Given that the parameter or function `MKTEMP` is modified before the execution of the function `CLOSE`, evaluate the potential impact on the outcomes of `CLOSE`. Consider how `MKTEMP` could influence `CLOSE`, including its role as a direct parameter, its effect on controlling conditions, or its indirect impacts through other related variables or system states.",
        "choices": {
            "A": "The change to `MKTEMP` directly alters the arguments passed to `CLOSE`.",
            "B": "There is neither a direct nor a significant indirect relationship between the changes to `MKTEMP` and the behavior or output of `CLOSE`, suggesting no observable impact.",
            "C": "The modification of `MKTEMP` might indirectly influence `CLOSE` by modifying the control statement that controls the behavior of `CLOSE`.",
            "D": "It is not possible to determine the effect without additional context."
        },
        "answer": "A, C",
        "distance": 2
    },
    {
        "case_id": 2987,
        "code": "void CWE377_Insecure_Temporary_File__wchar_t_mktemp_01_bad()\n{\n    {\n        wchar_t * filename;\n        wchar_t tmpl[] = L\"fnXXXXXX\";\n        int fileDesc;\n        filename = MKTEMP(tmpl);\n        if (filename == NULL)\n        {\n            exit(1);\n        }\n        printWLine(filename);\n        /* FLAW: Open a temporary file using open() and flags that do not prevent a race condition */\n        fileDesc = OPEN(filename, O_RDWR|O_CREAT, S_IREAD|S_IWRITE);\n        if (fileDesc != -1)\n        {\n            printLine(\"Temporary file was opened...now closing file\");\n            CLOSE(fileDesc);\n        }\n    }\n}",
        "question": "Given that the parameter or function `printWLine` is modified before the execution of the function `CLOSE`, evaluate the potential impact on the outcomes of `CLOSE`. Consider how `printWLine` could influence `CLOSE`, including its role as a direct parameter, its effect on controlling conditions, or its indirect impacts through other related variables or system states.",
        "choices": {
            "A": "The change to `printWLine` directly alters the arguments passed to `CLOSE`.",
            "B": "There is neither a direct nor a significant indirect relationship between the changes to `printWLine` and the behavior or output of `CLOSE`, suggesting no observable impact.",
            "C": "The modification of `printWLine` might indirectly influence `CLOSE` by modifying the control statement that controls the behavior of `CLOSE`.",
            "D": "It is not possible to determine the effect without additional context."
        },
        "answer": "A, C",
        "distance": 2
    },
    {
        "case_id": 2987,
        "code": "void CWE377_Insecure_Temporary_File__wchar_t_mktemp_01_bad()\n{\n    {\n        wchar_t * filename;\n        wchar_t tmpl[] = L\"fnXXXXXX\";\n        int fileDesc;\n        filename = MKTEMP(tmpl);\n        if (filename == NULL)\n        {\n            exit(1);\n        }\n        printWLine(filename);\n        /* FLAW: Open a temporary file using open() and flags that do not prevent a race condition */\n        fileDesc = OPEN(filename, O_RDWR|O_CREAT, S_IREAD|S_IWRITE);\n        if (fileDesc != -1)\n        {\n            printLine(\"Temporary file was opened...now closing file\");\n            CLOSE(fileDesc);\n        }\n    }\n}",
        "question": "Given that the parameter or function `tmpl` is modified before the execution of the function `CLOSE`, evaluate the potential impact on the outcomes of `CLOSE`. Consider how `tmpl` could influence `CLOSE`, including its role as a direct parameter, its effect on controlling conditions, or its indirect impacts through other related variables or system states.",
        "choices": {
            "A": "The change to `tmpl` directly alters the arguments passed to `CLOSE`.",
            "B": "There is neither a direct nor a significant indirect relationship between the changes to `tmpl` and the behavior or output of `CLOSE`, suggesting no observable impact.",
            "C": "The modification of `tmpl` might indirectly influence `CLOSE` by modifying the control statement that controls the behavior of `CLOSE`.",
            "D": "It is not possible to determine the effect without additional context."
        },
        "answer": "A, C",
        "distance": 2
    },
    {
        "case_id": 2987,
        "code": "void CWE377_Insecure_Temporary_File__wchar_t_mktemp_01_bad()\n{\n    {\n        wchar_t * filename;\n        wchar_t tmpl[] = L\"fnXXXXXX\";\n        int fileDesc;\n        filename = MKTEMP(tmpl);\n        if (filename == NULL)\n        {\n            exit(1);\n        }\n        printWLine(filename);\n        /* FLAW: Open a temporary file using open() and flags that do not prevent a race condition */\n        fileDesc = OPEN(filename, O_RDWR|O_CREAT, S_IREAD|S_IWRITE);\n        if (fileDesc != -1)\n        {\n            printLine(\"Temporary file was opened...now closing file\");\n            CLOSE(fileDesc);\n        }\n    }\n}",
        "question": "Given that the parameter or function `OPEN` is modified before the execution of the function `CLOSE`, evaluate the potential impact on the outcomes of `CLOSE`. Consider how `OPEN` could influence `CLOSE`, including its role as a direct parameter, its effect on controlling conditions, or its indirect impacts through other related variables or system states.",
        "choices": {
            "A": "The change to `OPEN` directly alters the arguments passed to `CLOSE`.",
            "B": "There is neither a direct nor a significant indirect relationship between the changes to `OPEN` and the behavior or output of `CLOSE`, suggesting no observable impact.",
            "C": "The modification of `OPEN` might indirectly influence `CLOSE` by modifying the control statement that controls the behavior of `CLOSE`.",
            "D": "It is not possible to determine the effect without additional context."
        },
        "answer": "A, C",
        "distance": 1
    }
]