[
    {
        "case_id": 400,
        "code": "void CWE176_Improper_Handling_of_Unicode_Encoding__w32_01_bad()\n{\n    wchar_t * data;\n    wchar_t dataBuffer[100];\n    data = dataBuffer;\n    /* POTENTIAL FLAW: Initialize data as a large unicode string that will cause a buffer overflow in the bad sink */\n    wcscpy(data, L\"\\\\u9580\\\\u961c\\\\u9640\\\\u963f\\\\u963b\\\\u9644\\\\u9580\\\\u961c\\\\u9640\\\\u963f\\\\u963b\\\\u9644\");\n    {\n        char convertedText[10] = \"\";\n        int requiredSize;\n        requiredSize = WideCharToMultiByte(CP_ACP, WC_COMPOSITECHECK, data, -1, convertedText, 0, 0, 0);\n        /* POTENTIAL FLAW: Do not check that the size of the destination buffer for the conversion is large enough. */\n        WideCharToMultiByte(CP_ACP, WC_COMPOSITECHECK, data, -1, convertedText, requiredSize , 0, 0);\n    }\n}",
        "question": "Given that the parameter or function `data` is modified before the execution of the function `wcscpy`, evaluate the potential impact on the outcomes of `wcscpy`. Consider how `data` could influence `wcscpy`, including its role as a direct parameter, its effect on controlling conditions, or its indirect impacts through other related variables or system states.",
        "choices": {
            "A": "The change to `data` directly alters the arguments passed to `wcscpy`.",
            "B": "There is neither a direct nor a significant indirect relationship between the changes to `data` and the behavior or output of `wcscpy`, suggesting no observable impact.",
            "C": "The modification of `data` might indirectly influence `wcscpy` by modifying the control statement that controls the behavior of `wcscpy`.",
            "D": "It is not possible to determine the effect without additional context."
        },
        "answer": "A",
        "distance": 1
    },
    {
        "case_id": 400,
        "code": "void CWE176_Improper_Handling_of_Unicode_Encoding__w32_01_bad()\n{\n    wchar_t * data;\n    wchar_t dataBuffer[100];\n    data = dataBuffer;\n    /* POTENTIAL FLAW: Initialize data as a large unicode string that will cause a buffer overflow in the bad sink */\n    wcscpy(data, L\"\\\\u9580\\\\u961c\\\\u9640\\\\u963f\\\\u963b\\\\u9644\\\\u9580\\\\u961c\\\\u9640\\\\u963f\\\\u963b\\\\u9644\");\n    {\n        char convertedText[10] = \"\";\n        int requiredSize;\n        requiredSize = WideCharToMultiByte(CP_ACP, WC_COMPOSITECHECK, data, -1, convertedText, 0, 0, 0);\n        /* POTENTIAL FLAW: Do not check that the size of the destination buffer for the conversion is large enough. */\n        WideCharToMultiByte(CP_ACP, WC_COMPOSITECHECK, data, -1, convertedText, requiredSize , 0, 0);\n    }\n}",
        "question": "Given that the parameter or function `dataBuffer` is modified before the execution of the function `wcscpy`, evaluate the potential impact on the outcomes of `wcscpy`. Consider how `dataBuffer` could influence `wcscpy`, including its role as a direct parameter, its effect on controlling conditions, or its indirect impacts through other related variables or system states.",
        "choices": {
            "A": "The change to `dataBuffer` directly alters the arguments passed to `wcscpy`.",
            "B": "There is neither a direct nor a significant indirect relationship between the changes to `dataBuffer` and the behavior or output of `wcscpy`, suggesting no observable impact.",
            "C": "The modification of `dataBuffer` might indirectly influence `wcscpy` by modifying the control statement that controls the behavior of `wcscpy`.",
            "D": "It is not possible to determine the effect without additional context."
        },
        "answer": "A",
        "distance": 1
    },
    {
        "case_id": 400,
        "code": "void CWE176_Improper_Handling_of_Unicode_Encoding__w32_01_bad()\n{\n    wchar_t * data;\n    wchar_t dataBuffer[100];\n    data = dataBuffer;\n    /* POTENTIAL FLAW: Initialize data as a large unicode string that will cause a buffer overflow in the bad sink */\n    wcscpy(data, L\"\\\\u9580\\\\u961c\\\\u9640\\\\u963f\\\\u963b\\\\u9644\\\\u9580\\\\u961c\\\\u9640\\\\u963f\\\\u963b\\\\u9644\");\n    {\n        char convertedText[10] = \"\";\n        int requiredSize;\n        requiredSize = WideCharToMultiByte(CP_ACP, WC_COMPOSITECHECK, data, -1, convertedText, 0, 0, 0);\n        /* POTENTIAL FLAW: Do not check that the size of the destination buffer for the conversion is large enough. */\n        WideCharToMultiByte(CP_ACP, WC_COMPOSITECHECK, data, -1, convertedText, requiredSize , 0, 0);\n    }\n}",
        "question": "Given that the parameter or function `-1` is modified before the execution of the function `wcscpy`, evaluate the potential impact on the outcomes of `wcscpy`. Consider how `-1` could influence `wcscpy`, including its role as a direct parameter, its effect on controlling conditions, or its indirect impacts through other related variables or system states.",
        "choices": {
            "A": "The change to `-1` directly alters the arguments passed to `wcscpy`.",
            "B": "There is neither a direct nor a significant indirect relationship between the changes to `-1` and the behavior or output of `wcscpy`, suggesting no observable impact.",
            "C": "The modification of `-1` might indirectly influence `wcscpy` by modifying the control statement that controls the behavior of `wcscpy`.",
            "D": "It is not possible to determine the effect without additional context."
        },
        "answer": "B",
        "distance": 0
    },
    {
        "case_id": 400,
        "code": "void CWE176_Improper_Handling_of_Unicode_Encoding__w32_01_bad()\n{\n    wchar_t * data;\n    wchar_t dataBuffer[100];\n    data = dataBuffer;\n    /* POTENTIAL FLAW: Initialize data as a large unicode string that will cause a buffer overflow in the bad sink */\n    wcscpy(data, L\"\\\\u9580\\\\u961c\\\\u9640\\\\u963f\\\\u963b\\\\u9644\\\\u9580\\\\u961c\\\\u9640\\\\u963f\\\\u963b\\\\u9644\");\n    {\n        char convertedText[10] = \"\";\n        int requiredSize;\n        requiredSize = WideCharToMultiByte(CP_ACP, WC_COMPOSITECHECK, data, -1, convertedText, 0, 0, 0);\n        /* POTENTIAL FLAW: Do not check that the size of the destination buffer for the conversion is large enough. */\n        WideCharToMultiByte(CP_ACP, WC_COMPOSITECHECK, data, -1, convertedText, requiredSize , 0, 0);\n    }\n}",
        "question": "Given that the parameter or function `convertedText` is modified before the execution of the function `wcscpy`, evaluate the potential impact on the outcomes of `wcscpy`. Consider how `convertedText` could influence `wcscpy`, including its role as a direct parameter, its effect on controlling conditions, or its indirect impacts through other related variables or system states.",
        "choices": {
            "A": "The change to `convertedText` directly alters the arguments passed to `wcscpy`.",
            "B": "There is neither a direct nor a significant indirect relationship between the changes to `convertedText` and the behavior or output of `wcscpy`, suggesting no observable impact.",
            "C": "The modification of `convertedText` might indirectly influence `wcscpy` by modifying the control statement that controls the behavior of `wcscpy`.",
            "D": "It is not possible to determine the effect without additional context."
        },
        "answer": "B",
        "distance": 0
    },
    {
        "case_id": 400,
        "code": "void CWE176_Improper_Handling_of_Unicode_Encoding__w32_01_bad()\n{\n    wchar_t * data;\n    wchar_t dataBuffer[100];\n    data = dataBuffer;\n    /* POTENTIAL FLAW: Initialize data as a large unicode string that will cause a buffer overflow in the bad sink */\n    wcscpy(data, L\"\\\\u9580\\\\u961c\\\\u9640\\\\u963f\\\\u963b\\\\u9644\\\\u9580\\\\u961c\\\\u9640\\\\u963f\\\\u963b\\\\u9644\");\n    {\n        char convertedText[10] = \"\";\n        int requiredSize;\n        requiredSize = WideCharToMultiByte(CP_ACP, WC_COMPOSITECHECK, data, -1, convertedText, 0, 0, 0);\n        /* POTENTIAL FLAW: Do not check that the size of the destination buffer for the conversion is large enough. */\n        WideCharToMultiByte(CP_ACP, WC_COMPOSITECHECK, data, -1, convertedText, requiredSize , 0, 0);\n    }\n}",
        "question": "Given that the parameter or function `requiredSize` is modified before the execution of the function `wcscpy`, evaluate the potential impact on the outcomes of `wcscpy`. Consider how `requiredSize` could influence `wcscpy`, including its role as a direct parameter, its effect on controlling conditions, or its indirect impacts through other related variables or system states.",
        "choices": {
            "A": "The change to `requiredSize` directly alters the arguments passed to `wcscpy`.",
            "B": "There is neither a direct nor a significant indirect relationship between the changes to `requiredSize` and the behavior or output of `wcscpy`, suggesting no observable impact.",
            "C": "The modification of `requiredSize` might indirectly influence `wcscpy` by modifying the control statement that controls the behavior of `wcscpy`.",
            "D": "It is not possible to determine the effect without additional context."
        },
        "answer": "B",
        "distance": 0
    },
    {
        "case_id": 400,
        "code": "void CWE176_Improper_Handling_of_Unicode_Encoding__w32_01_bad()\n{\n    wchar_t * data;\n    wchar_t dataBuffer[100];\n    data = dataBuffer;\n    /* POTENTIAL FLAW: Initialize data as a large unicode string that will cause a buffer overflow in the bad sink */\n    wcscpy(data, L\"\\\\u9580\\\\u961c\\\\u9640\\\\u963f\\\\u963b\\\\u9644\\\\u9580\\\\u961c\\\\u9640\\\\u963f\\\\u963b\\\\u9644\");\n    {\n        char convertedText[10] = \"\";\n        int requiredSize;\n        requiredSize = WideCharToMultiByte(CP_ACP, WC_COMPOSITECHECK, data, -1, convertedText, 0, 0, 0);\n        /* POTENTIAL FLAW: Do not check that the size of the destination buffer for the conversion is large enough. */\n        WideCharToMultiByte(CP_ACP, WC_COMPOSITECHECK, data, -1, convertedText, requiredSize , 0, 0);\n    }\n}",
        "question": "Given that the parameter or function `WC_COMPOSITECHECK` is modified before the execution of the function `wcscpy`, evaluate the potential impact on the outcomes of `wcscpy`. Consider how `WC_COMPOSITECHECK` could influence `wcscpy`, including its role as a direct parameter, its effect on controlling conditions, or its indirect impacts through other related variables or system states.",
        "choices": {
            "A": "The change to `WC_COMPOSITECHECK` directly alters the arguments passed to `wcscpy`.",
            "B": "There is neither a direct nor a significant indirect relationship between the changes to `WC_COMPOSITECHECK` and the behavior or output of `wcscpy`, suggesting no observable impact.",
            "C": "The modification of `WC_COMPOSITECHECK` might indirectly influence `wcscpy` by modifying the control statement that controls the behavior of `wcscpy`.",
            "D": "It is not possible to determine the effect without additional context."
        },
        "answer": "B",
        "distance": 0
    }
]