[
    {
        "case_id": 4890,
        "code": "void CWE535_Info_Exposure_Shell_Error__w32_wchar_t_01_bad()\n{\n    {\n        wchar_t password[100] = L\"\";\n        size_t passwordLen = 0;\n        HANDLE pHandle;\n        wchar_t * username = L\"User\";\n        wchar_t * domain = L\"Domain\";\n        if (fgetws(password, 100, stdin) == NULL)\n        {\n            printLine(\"fgetws() failed\");\n            /* Restore NUL terminator if fgetws fails */\n            password[0] = L'\\0';\n        }\n        /* Remove the carriage return from the string that is inserted by fgetws() */\n        passwordLen = wcslen(password);\n        if (passwordLen > 0)\n        {\n            password[passwordLen-1] = L'\\0';\n        }\n        /* Use the password in LogonUser() to establish that it is \"sensitive\" */\n        if (LogonUserW(\n                    username,\n                    domain,\n                    password,\n                    LOGON32_LOGON_NETWORK,\n                    LOGON32_PROVIDER_DEFAULT,\n                    &pHandle) != 0)\n        {\n            printLine(\"User logged in successfully.\");\n            CloseHandle(pHandle);\n        }\n        else\n        {\n            printLine(\"Unable to login.\");\n        }\n        /* FLAW: Write sensitive data to stderr */\n        fwprintf(stderr, L\"User attempted access with password: %s\\n\", password);\n    }\n}",
        "question": "Given that the parameter or function `pHandle` is modified before the execution of the function `CloseHandle`, evaluate the potential impact on the outcomes of `CloseHandle`. Consider how `pHandle` could influence `CloseHandle`, including its role as a direct parameter, its effect on controlling conditions, or its indirect impacts through other related variables or system states.",
        "choices": {
            "A": "The change to `pHandle` directly alters the arguments passed to `CloseHandle`.",
            "B": "There is neither a direct nor a significant indirect relationship between the changes to `pHandle` and the behavior or output of `CloseHandle`, suggesting no observable impact.",
            "C": "The modification of `pHandle` might indirectly influence `CloseHandle` by modifying the control statement that controls the behavior of `CloseHandle`.",
            "D": "It is not possible to determine the effect without additional context."
        },
        "answer": "A",
        "distance": 1
    },
    {
        "case_id": 4890,
        "code": "void CWE535_Info_Exposure_Shell_Error__w32_wchar_t_01_bad()\n{\n    {\n        wchar_t password[100] = L\"\";\n        size_t passwordLen = 0;\n        HANDLE pHandle;\n        wchar_t * username = L\"User\";\n        wchar_t * domain = L\"Domain\";\n        if (fgetws(password, 100, stdin) == NULL)\n        {\n            printLine(\"fgetws() failed\");\n            /* Restore NUL terminator if fgetws fails */\n            password[0] = L'\\0';\n        }\n        /* Remove the carriage return from the string that is inserted by fgetws() */\n        passwordLen = wcslen(password);\n        if (passwordLen > 0)\n        {\n            password[passwordLen-1] = L'\\0';\n        }\n        /* Use the password in LogonUser() to establish that it is \"sensitive\" */\n        if (LogonUserW(\n                    username,\n                    domain,\n                    password,\n                    LOGON32_LOGON_NETWORK,\n                    LOGON32_PROVIDER_DEFAULT,\n                    &pHandle) != 0)\n        {\n            printLine(\"User logged in successfully.\");\n            CloseHandle(pHandle);\n        }\n        else\n        {\n            printLine(\"Unable to login.\");\n        }\n        /* FLAW: Write sensitive data to stderr */\n        fwprintf(stderr, L\"User attempted access with password: %s\\n\", password);\n    }\n}",
        "question": "Given that the parameter or function `password` is modified before the execution of the function `wcslen`, evaluate the potential impact on the outcomes of `wcslen`. Consider how `password` could influence `wcslen`, including its role as a direct parameter, its effect on controlling conditions, or its indirect impacts through other related variables or system states.",
        "choices": {
            "A": "The change to `password` directly alters the arguments passed to `wcslen`.",
            "B": "There is neither a direct nor a significant indirect relationship between the changes to `password` and the behavior or output of `wcslen`, suggesting no observable impact.",
            "C": "The modification of `password` might indirectly influence `wcslen` by modifying the control statement that controls the behavior of `wcslen`.",
            "D": "It is not possible to determine the effect without additional context."
        },
        "answer": "A",
        "distance": 1
    },
    {
        "case_id": 4890,
        "code": "void CWE535_Info_Exposure_Shell_Error__w32_wchar_t_01_bad()\n{\n    {\n        wchar_t password[100] = L\"\";\n        size_t passwordLen = 0;\n        HANDLE pHandle;\n        wchar_t * username = L\"User\";\n        wchar_t * domain = L\"Domain\";\n        if (fgetws(password, 100, stdin) == NULL)\n        {\n            printLine(\"fgetws() failed\");\n            /* Restore NUL terminator if fgetws fails */\n            password[0] = L'\\0';\n        }\n        /* Remove the carriage return from the string that is inserted by fgetws() */\n        passwordLen = wcslen(password);\n        if (passwordLen > 0)\n        {\n            password[passwordLen-1] = L'\\0';\n        }\n        /* Use the password in LogonUser() to establish that it is \"sensitive\" */\n        if (LogonUserW(\n                    username,\n                    domain,\n                    password,\n                    LOGON32_LOGON_NETWORK,\n                    LOGON32_PROVIDER_DEFAULT,\n                    &pHandle) != 0)\n        {\n            printLine(\"User logged in successfully.\");\n            CloseHandle(pHandle);\n        }\n        else\n        {\n            printLine(\"Unable to login.\");\n        }\n        /* FLAW: Write sensitive data to stderr */\n        fwprintf(stderr, L\"User attempted access with password: %s\\n\", password);\n    }\n}",
        "question": "Given that the parameter or function `stderr` is modified before the execution of the function `fwprintf`, evaluate the potential impact on the outcomes of `fwprintf`. Consider how `stderr` could influence `fwprintf`, including its role as a direct parameter, its effect on controlling conditions, or its indirect impacts through other related variables or system states.",
        "choices": {
            "A": "The change to `stderr` directly alters the arguments passed to `fwprintf`.",
            "B": "There is neither a direct nor a significant indirect relationship between the changes to `stderr` and the behavior or output of `fwprintf`, suggesting no observable impact.",
            "C": "The modification of `stderr` might indirectly influence `fwprintf` by modifying the control statement that controls the behavior of `fwprintf`.",
            "D": "It is not possible to determine the effect without additional context."
        },
        "answer": "A",
        "distance": 1
    },
    {
        "case_id": 4890,
        "code": "void CWE535_Info_Exposure_Shell_Error__w32_wchar_t_01_bad()\n{\n    {\n        wchar_t password[100] = L\"\";\n        size_t passwordLen = 0;\n        HANDLE pHandle;\n        wchar_t * username = L\"User\";\n        wchar_t * domain = L\"Domain\";\n        if (fgetws(password, 100, stdin) == NULL)\n        {\n            printLine(\"fgetws() failed\");\n            /* Restore NUL terminator if fgetws fails */\n            password[0] = L'\\0';\n        }\n        /* Remove the carriage return from the string that is inserted by fgetws() */\n        passwordLen = wcslen(password);\n        if (passwordLen > 0)\n        {\n            password[passwordLen-1] = L'\\0';\n        }\n        /* Use the password in LogonUser() to establish that it is \"sensitive\" */\n        if (LogonUserW(\n                    username,\n                    domain,\n                    password,\n                    LOGON32_LOGON_NETWORK,\n                    LOGON32_PROVIDER_DEFAULT,\n                    &pHandle) != 0)\n        {\n            printLine(\"User logged in successfully.\");\n            CloseHandle(pHandle);\n        }\n        else\n        {\n            printLine(\"Unable to login.\");\n        }\n        /* FLAW: Write sensitive data to stderr */\n        fwprintf(stderr, L\"User attempted access with password: %s\\n\", password);\n    }\n}",
        "question": "Given that the parameter or function `password` is modified before the execution of the function `fwprintf`, evaluate the potential impact on the outcomes of `fwprintf`. Consider how `password` could influence `fwprintf`, including its role as a direct parameter, its effect on controlling conditions, or its indirect impacts through other related variables or system states.",
        "choices": {
            "A": "The change to `password` directly alters the arguments passed to `fwprintf`.",
            "B": "There is neither a direct nor a significant indirect relationship between the changes to `password` and the behavior or output of `fwprintf`, suggesting no observable impact.",
            "C": "The modification of `password` might indirectly influence `fwprintf` by modifying the control statement that controls the behavior of `fwprintf`.",
            "D": "It is not possible to determine the effect without additional context."
        },
        "answer": "A",
        "distance": 1
    },
    {
        "case_id": 4890,
        "code": "void CWE535_Info_Exposure_Shell_Error__w32_wchar_t_01_bad()\n{\n    {\n        wchar_t password[100] = L\"\";\n        size_t passwordLen = 0;\n        HANDLE pHandle;\n        wchar_t * username = L\"User\";\n        wchar_t * domain = L\"Domain\";\n        if (fgetws(password, 100, stdin) == NULL)\n        {\n            printLine(\"fgetws() failed\");\n            /* Restore NUL terminator if fgetws fails */\n            password[0] = L'\\0';\n        }\n        /* Remove the carriage return from the string that is inserted by fgetws() */\n        passwordLen = wcslen(password);\n        if (passwordLen > 0)\n        {\n            password[passwordLen-1] = L'\\0';\n        }\n        /* Use the password in LogonUser() to establish that it is \"sensitive\" */\n        if (LogonUserW(\n                    username,\n                    domain,\n                    password,\n                    LOGON32_LOGON_NETWORK,\n                    LOGON32_PROVIDER_DEFAULT,\n                    &pHandle) != 0)\n        {\n            printLine(\"User logged in successfully.\");\n            CloseHandle(pHandle);\n        }\n        else\n        {\n            printLine(\"Unable to login.\");\n        }\n        /* FLAW: Write sensitive data to stderr */\n        fwprintf(stderr, L\"User attempted access with password: %s\\n\", password);\n    }\n}",
        "question": "Given that the parameter or function `wcslen` is modified before the execution of the function `CloseHandle`, evaluate the potential impact on the outcomes of `CloseHandle`. Consider how `wcslen` could influence `CloseHandle`, including its role as a direct parameter, its effect on controlling conditions, or its indirect impacts through other related variables or system states.",
        "choices": {
            "A": "The change to `wcslen` directly alters the arguments passed to `CloseHandle`.",
            "B": "There is neither a direct nor a significant indirect relationship between the changes to `wcslen` and the behavior or output of `CloseHandle`, suggesting no observable impact.",
            "C": "The modification of `wcslen` might indirectly influence `CloseHandle` by modifying the control statement that controls the behavior of `CloseHandle`.",
            "D": "It is not possible to determine the effect without additional context."
        },
        "answer": "B",
        "distance": 0
    },
    {
        "case_id": 4890,
        "code": "void CWE535_Info_Exposure_Shell_Error__w32_wchar_t_01_bad()\n{\n    {\n        wchar_t password[100] = L\"\";\n        size_t passwordLen = 0;\n        HANDLE pHandle;\n        wchar_t * username = L\"User\";\n        wchar_t * domain = L\"Domain\";\n        if (fgetws(password, 100, stdin) == NULL)\n        {\n            printLine(\"fgetws() failed\");\n            /* Restore NUL terminator if fgetws fails */\n            password[0] = L'\\0';\n        }\n        /* Remove the carriage return from the string that is inserted by fgetws() */\n        passwordLen = wcslen(password);\n        if (passwordLen > 0)\n        {\n            password[passwordLen-1] = L'\\0';\n        }\n        /* Use the password in LogonUser() to establish that it is \"sensitive\" */\n        if (LogonUserW(\n                    username,\n                    domain,\n                    password,\n                    LOGON32_LOGON_NETWORK,\n                    LOGON32_PROVIDER_DEFAULT,\n                    &pHandle) != 0)\n        {\n            printLine(\"User logged in successfully.\");\n            CloseHandle(pHandle);\n        }\n        else\n        {\n            printLine(\"Unable to login.\");\n        }\n        /* FLAW: Write sensitive data to stderr */\n        fwprintf(stderr, L\"User attempted access with password: %s\\n\", password);\n    }\n}",
        "question": "Given that the parameter or function `fwprintf` is modified before the execution of the function `CloseHandle`, evaluate the potential impact on the outcomes of `CloseHandle`. Consider how `fwprintf` could influence `CloseHandle`, including its role as a direct parameter, its effect on controlling conditions, or its indirect impacts through other related variables or system states.",
        "choices": {
            "A": "The change to `fwprintf` directly alters the arguments passed to `CloseHandle`.",
            "B": "There is neither a direct nor a significant indirect relationship between the changes to `fwprintf` and the behavior or output of `CloseHandle`, suggesting no observable impact.",
            "C": "The modification of `fwprintf` might indirectly influence `CloseHandle` by modifying the control statement that controls the behavior of `CloseHandle`.",
            "D": "It is not possible to determine the effect without additional context."
        },
        "answer": "B",
        "distance": 0
    },
    {
        "case_id": 4890,
        "code": "void CWE535_Info_Exposure_Shell_Error__w32_wchar_t_01_bad()\n{\n    {\n        wchar_t password[100] = L\"\";\n        size_t passwordLen = 0;\n        HANDLE pHandle;\n        wchar_t * username = L\"User\";\n        wchar_t * domain = L\"Domain\";\n        if (fgetws(password, 100, stdin) == NULL)\n        {\n            printLine(\"fgetws() failed\");\n            /* Restore NUL terminator if fgetws fails */\n            password[0] = L'\\0';\n        }\n        /* Remove the carriage return from the string that is inserted by fgetws() */\n        passwordLen = wcslen(password);\n        if (passwordLen > 0)\n        {\n            password[passwordLen-1] = L'\\0';\n        }\n        /* Use the password in LogonUser() to establish that it is \"sensitive\" */\n        if (LogonUserW(\n                    username,\n                    domain,\n                    password,\n                    LOGON32_LOGON_NETWORK,\n                    LOGON32_PROVIDER_DEFAULT,\n                    &pHandle) != 0)\n        {\n            printLine(\"User logged in successfully.\");\n            CloseHandle(pHandle);\n        }\n        else\n        {\n            printLine(\"Unable to login.\");\n        }\n        /* FLAW: Write sensitive data to stderr */\n        fwprintf(stderr, L\"User attempted access with password: %s\\n\", password);\n    }\n}",
        "question": "Given that the parameter or function `stderr` is modified before the execution of the function `CloseHandle`, evaluate the potential impact on the outcomes of `CloseHandle`. Consider how `stderr` could influence `CloseHandle`, including its role as a direct parameter, its effect on controlling conditions, or its indirect impacts through other related variables or system states.",
        "choices": {
            "A": "The change to `stderr` directly alters the arguments passed to `CloseHandle`.",
            "B": "There is neither a direct nor a significant indirect relationship between the changes to `stderr` and the behavior or output of `CloseHandle`, suggesting no observable impact.",
            "C": "The modification of `stderr` might indirectly influence `CloseHandle` by modifying the control statement that controls the behavior of `CloseHandle`.",
            "D": "It is not possible to determine the effect without additional context."
        },
        "answer": "B",
        "distance": 0
    },
    {
        "case_id": 4890,
        "code": "void CWE535_Info_Exposure_Shell_Error__w32_wchar_t_01_bad()\n{\n    {\n        wchar_t password[100] = L\"\";\n        size_t passwordLen = 0;\n        HANDLE pHandle;\n        wchar_t * username = L\"User\";\n        wchar_t * domain = L\"Domain\";\n        if (fgetws(password, 100, stdin) == NULL)\n        {\n            printLine(\"fgetws() failed\");\n            /* Restore NUL terminator if fgetws fails */\n            password[0] = L'\\0';\n        }\n        /* Remove the carriage return from the string that is inserted by fgetws() */\n        passwordLen = wcslen(password);\n        if (passwordLen > 0)\n        {\n            password[passwordLen-1] = L'\\0';\n        }\n        /* Use the password in LogonUser() to establish that it is \"sensitive\" */\n        if (LogonUserW(\n                    username,\n                    domain,\n                    password,\n                    LOGON32_LOGON_NETWORK,\n                    LOGON32_PROVIDER_DEFAULT,\n                    &pHandle) != 0)\n        {\n            printLine(\"User logged in successfully.\");\n            CloseHandle(pHandle);\n        }\n        else\n        {\n            printLine(\"Unable to login.\");\n        }\n        /* FLAW: Write sensitive data to stderr */\n        fwprintf(stderr, L\"User attempted access with password: %s\\n\", password);\n    }\n}",
        "question": "Given that the parameter or function `passwordLen` is modified before the execution of the function `CloseHandle`, evaluate the potential impact on the outcomes of `CloseHandle`. Consider how `passwordLen` could influence `CloseHandle`, including its role as a direct parameter, its effect on controlling conditions, or its indirect impacts through other related variables or system states.",
        "choices": {
            "A": "The change to `passwordLen` directly alters the arguments passed to `CloseHandle`.",
            "B": "There is neither a direct nor a significant indirect relationship between the changes to `passwordLen` and the behavior or output of `CloseHandle`, suggesting no observable impact.",
            "C": "The modification of `passwordLen` might indirectly influence `CloseHandle` by modifying the control statement that controls the behavior of `CloseHandle`.",
            "D": "It is not possible to determine the effect without additional context."
        },
        "answer": "B",
        "distance": 0
    },
    {
        "case_id": 4890,
        "code": "void CWE535_Info_Exposure_Shell_Error__w32_wchar_t_01_bad()\n{\n    {\n        wchar_t password[100] = L\"\";\n        size_t passwordLen = 0;\n        HANDLE pHandle;\n        wchar_t * username = L\"User\";\n        wchar_t * domain = L\"Domain\";\n        if (fgetws(password, 100, stdin) == NULL)\n        {\n            printLine(\"fgetws() failed\");\n            /* Restore NUL terminator if fgetws fails */\n            password[0] = L'\\0';\n        }\n        /* Remove the carriage return from the string that is inserted by fgetws() */\n        passwordLen = wcslen(password);\n        if (passwordLen > 0)\n        {\n            password[passwordLen-1] = L'\\0';\n        }\n        /* Use the password in LogonUser() to establish that it is \"sensitive\" */\n        if (LogonUserW(\n                    username,\n                    domain,\n                    password,\n                    LOGON32_LOGON_NETWORK,\n                    LOGON32_PROVIDER_DEFAULT,\n                    &pHandle) != 0)\n        {\n            printLine(\"User logged in successfully.\");\n            CloseHandle(pHandle);\n        }\n        else\n        {\n            printLine(\"Unable to login.\");\n        }\n        /* FLAW: Write sensitive data to stderr */\n        fwprintf(stderr, L\"User attempted access with password: %s\\n\", password);\n    }\n}",
        "question": "Given that the parameter or function `domain` is modified before the execution of the function `CloseHandle`, evaluate the potential impact on the outcomes of `CloseHandle`. Consider how `domain` could influence `CloseHandle`, including its role as a direct parameter, its effect on controlling conditions, or its indirect impacts through other related variables or system states.",
        "choices": {
            "A": "The change to `domain` directly alters the arguments passed to `CloseHandle`.",
            "B": "There is neither a direct nor a significant indirect relationship between the changes to `domain` and the behavior or output of `CloseHandle`, suggesting no observable impact.",
            "C": "The modification of `domain` might indirectly influence `CloseHandle` by modifying the control statement that controls the behavior of `CloseHandle`.",
            "D": "It is not possible to determine the effect without additional context."
        },
        "answer": "C",
        "distance": 0
    },
    {
        "case_id": 4890,
        "code": "void CWE535_Info_Exposure_Shell_Error__w32_wchar_t_01_bad()\n{\n    {\n        wchar_t password[100] = L\"\";\n        size_t passwordLen = 0;\n        HANDLE pHandle;\n        wchar_t * username = L\"User\";\n        wchar_t * domain = L\"Domain\";\n        if (fgetws(password, 100, stdin) == NULL)\n        {\n            printLine(\"fgetws() failed\");\n            /* Restore NUL terminator if fgetws fails */\n            password[0] = L'\\0';\n        }\n        /* Remove the carriage return from the string that is inserted by fgetws() */\n        passwordLen = wcslen(password);\n        if (passwordLen > 0)\n        {\n            password[passwordLen-1] = L'\\0';\n        }\n        /* Use the password in LogonUser() to establish that it is \"sensitive\" */\n        if (LogonUserW(\n                    username,\n                    domain,\n                    password,\n                    LOGON32_LOGON_NETWORK,\n                    LOGON32_PROVIDER_DEFAULT,\n                    &pHandle) != 0)\n        {\n            printLine(\"User logged in successfully.\");\n            CloseHandle(pHandle);\n        }\n        else\n        {\n            printLine(\"Unable to login.\");\n        }\n        /* FLAW: Write sensitive data to stderr */\n        fwprintf(stderr, L\"User attempted access with password: %s\\n\", password);\n    }\n}",
        "question": "Given that the parameter or function `password` is modified before the execution of the function `CloseHandle`, evaluate the potential impact on the outcomes of `CloseHandle`. Consider how `password` could influence `CloseHandle`, including its role as a direct parameter, its effect on controlling conditions, or its indirect impacts through other related variables or system states.",
        "choices": {
            "A": "The change to `password` directly alters the arguments passed to `CloseHandle`.",
            "B": "There is neither a direct nor a significant indirect relationship between the changes to `password` and the behavior or output of `CloseHandle`, suggesting no observable impact.",
            "C": "The modification of `password` might indirectly influence `CloseHandle` by modifying the control statement that controls the behavior of `CloseHandle`.",
            "D": "It is not possible to determine the effect without additional context."
        },
        "answer": "C",
        "distance": 0
    },
    {
        "case_id": 4890,
        "code": "void CWE535_Info_Exposure_Shell_Error__w32_wchar_t_01_bad()\n{\n    {\n        wchar_t password[100] = L\"\";\n        size_t passwordLen = 0;\n        HANDLE pHandle;\n        wchar_t * username = L\"User\";\n        wchar_t * domain = L\"Domain\";\n        if (fgetws(password, 100, stdin) == NULL)\n        {\n            printLine(\"fgetws() failed\");\n            /* Restore NUL terminator if fgetws fails */\n            password[0] = L'\\0';\n        }\n        /* Remove the carriage return from the string that is inserted by fgetws() */\n        passwordLen = wcslen(password);\n        if (passwordLen > 0)\n        {\n            password[passwordLen-1] = L'\\0';\n        }\n        /* Use the password in LogonUser() to establish that it is \"sensitive\" */\n        if (LogonUserW(\n                    username,\n                    domain,\n                    password,\n                    LOGON32_LOGON_NETWORK,\n                    LOGON32_PROVIDER_DEFAULT,\n                    &pHandle) != 0)\n        {\n            printLine(\"User logged in successfully.\");\n            CloseHandle(pHandle);\n        }\n        else\n        {\n            printLine(\"Unable to login.\");\n        }\n        /* FLAW: Write sensitive data to stderr */\n        fwprintf(stderr, L\"User attempted access with password: %s\\n\", password);\n    }\n}",
        "question": "Given that the parameter or function `username` is modified before the execution of the function `CloseHandle`, evaluate the potential impact on the outcomes of `CloseHandle`. Consider how `username` could influence `CloseHandle`, including its role as a direct parameter, its effect on controlling conditions, or its indirect impacts through other related variables or system states.",
        "choices": {
            "A": "The change to `username` directly alters the arguments passed to `CloseHandle`.",
            "B": "There is neither a direct nor a significant indirect relationship between the changes to `username` and the behavior or output of `CloseHandle`, suggesting no observable impact.",
            "C": "The modification of `username` might indirectly influence `CloseHandle` by modifying the control statement that controls the behavior of `CloseHandle`.",
            "D": "It is not possible to determine the effect without additional context."
        },
        "answer": "C",
        "distance": 0
    }
]