[
    {
        "case_id": 5605,
        "code": "void CWE606_Unchecked_Loop_Condition__wchar_t_file_01_bad()\n{\n    wchar_t * data;\n    wchar_t dataBuffer[100] = L\"\";\n    data = dataBuffer;\n    {\n        /* Read input from a file */\n        size_t dataLen = wcslen(data);\n        FILE * pFile;\n        /* if there is room in data, attempt to read the input from a file */\n        if (100-dataLen > 1)\n        {\n            pFile = fopen(FILENAME, \"r\");\n            if (pFile != NULL)\n            {\n                /* POTENTIAL FLAW: Read data from a file */\n                if (fgetws(data+dataLen, (int)(100-dataLen), pFile) == NULL)\n                {\n                    printLine(\"fgetws() failed\");\n                    /* Restore NUL terminator if fgetws fails */\n                    data[dataLen] = L'\\0';\n                }\n                fclose(pFile);\n            }\n        }\n    }\n    {\n        int i, n, intVariable;\n        if (swscanf(data, L\"%d\", &n) == 1)\n        {\n            /* POTENTIAL FLAW: user-supplied value 'n' could lead to very large loop iteration */\n            intVariable = 0;\n            for (i = 0; i < n; i++)\n            {\n                /* INCIDENTAL: CWE 561: Dead Code - non-avoidable if n <= 0 */\n                intVariable++; /* avoid a dead/empty code block issue */\n            }\n            printIntLine(intVariable);\n        }\n    }\n}",
        "question": "Given that the parameter or function `dataBuffer` is modified before the execution of the function `wcslen`, evaluate the potential impact on the outcomes of `wcslen`. Consider how `dataBuffer` could influence `wcslen`, including its role as a direct parameter, its effect on controlling conditions, or its indirect impacts through other related variables or system states.",
        "choices": {
            "A": "The change to `dataBuffer` directly alters the arguments passed to `wcslen`.",
            "B": "There is neither a direct nor a significant indirect relationship between the changes to `dataBuffer` and the behavior or output of `wcslen`, suggesting no observable impact.",
            "C": "The modification of `dataBuffer` might indirectly influence `wcslen` by modifying the control statement that controls the behavior of `wcslen`.",
            "D": "It is not possible to determine the effect without additional context."
        },
        "answer": "A",
        "distance": 2
    },
    {
        "case_id": 5605,
        "code": "void CWE606_Unchecked_Loop_Condition__wchar_t_file_01_bad()\n{\n    wchar_t * data;\n    wchar_t dataBuffer[100] = L\"\";\n    data = dataBuffer;\n    {\n        /* Read input from a file */\n        size_t dataLen = wcslen(data);\n        FILE * pFile;\n        /* if there is room in data, attempt to read the input from a file */\n        if (100-dataLen > 1)\n        {\n            pFile = fopen(FILENAME, \"r\");\n            if (pFile != NULL)\n            {\n                /* POTENTIAL FLAW: Read data from a file */\n                if (fgetws(data+dataLen, (int)(100-dataLen), pFile) == NULL)\n                {\n                    printLine(\"fgetws() failed\");\n                    /* Restore NUL terminator if fgetws fails */\n                    data[dataLen] = L'\\0';\n                }\n                fclose(pFile);\n            }\n        }\n    }\n    {\n        int i, n, intVariable;\n        if (swscanf(data, L\"%d\", &n) == 1)\n        {\n            /* POTENTIAL FLAW: user-supplied value 'n' could lead to very large loop iteration */\n            intVariable = 0;\n            for (i = 0; i < n; i++)\n            {\n                /* INCIDENTAL: CWE 561: Dead Code - non-avoidable if n <= 0 */\n                intVariable++; /* avoid a dead/empty code block issue */\n            }\n            printIntLine(intVariable);\n        }\n    }\n}",
        "question": "Given that the parameter or function `pFile` is modified before the execution of the function `fclose`, evaluate the potential impact on the outcomes of `fclose`. Consider how `pFile` could influence `fclose`, including its role as a direct parameter, its effect on controlling conditions, or its indirect impacts through other related variables or system states.",
        "choices": {
            "A": "The change to `pFile` directly alters the arguments passed to `fclose`.",
            "B": "There is neither a direct nor a significant indirect relationship between the changes to `pFile` and the behavior or output of `fclose`, suggesting no observable impact.",
            "C": "The modification of `pFile` might indirectly influence `fclose` by modifying the control statement that controls the behavior of `fclose`.",
            "D": "It is not possible to determine the effect without additional context."
        },
        "answer": "A",
        "distance": 1
    },
    {
        "case_id": 5605,
        "code": "void CWE606_Unchecked_Loop_Condition__wchar_t_file_01_bad()\n{\n    wchar_t * data;\n    wchar_t dataBuffer[100] = L\"\";\n    data = dataBuffer;\n    {\n        /* Read input from a file */\n        size_t dataLen = wcslen(data);\n        FILE * pFile;\n        /* if there is room in data, attempt to read the input from a file */\n        if (100-dataLen > 1)\n        {\n            pFile = fopen(FILENAME, \"r\");\n            if (pFile != NULL)\n            {\n                /* POTENTIAL FLAW: Read data from a file */\n                if (fgetws(data+dataLen, (int)(100-dataLen), pFile) == NULL)\n                {\n                    printLine(\"fgetws() failed\");\n                    /* Restore NUL terminator if fgetws fails */\n                    data[dataLen] = L'\\0';\n                }\n                fclose(pFile);\n            }\n        }\n    }\n    {\n        int i, n, intVariable;\n        if (swscanf(data, L\"%d\", &n) == 1)\n        {\n            /* POTENTIAL FLAW: user-supplied value 'n' could lead to very large loop iteration */\n            intVariable = 0;\n            for (i = 0; i < n; i++)\n            {\n                /* INCIDENTAL: CWE 561: Dead Code - non-avoidable if n <= 0 */\n                intVariable++; /* avoid a dead/empty code block issue */\n            }\n            printIntLine(intVariable);\n        }\n    }\n}",
        "question": "Given that the parameter or function `data` is modified before the execution of the function `wcslen`, evaluate the potential impact on the outcomes of `wcslen`. Consider how `data` could influence `wcslen`, including its role as a direct parameter, its effect on controlling conditions, or its indirect impacts through other related variables or system states.",
        "choices": {
            "A": "The change to `data` directly alters the arguments passed to `wcslen`.",
            "B": "There is neither a direct nor a significant indirect relationship between the changes to `data` and the behavior or output of `wcslen`, suggesting no observable impact.",
            "C": "The modification of `data` might indirectly influence `wcslen` by modifying the control statement that controls the behavior of `wcslen`.",
            "D": "It is not possible to determine the effect without additional context."
        },
        "answer": "A",
        "distance": 1
    },
    {
        "case_id": 5605,
        "code": "void CWE606_Unchecked_Loop_Condition__wchar_t_file_01_bad()\n{\n    wchar_t * data;\n    wchar_t dataBuffer[100] = L\"\";\n    data = dataBuffer;\n    {\n        /* Read input from a file */\n        size_t dataLen = wcslen(data);\n        FILE * pFile;\n        /* if there is room in data, attempt to read the input from a file */\n        if (100-dataLen > 1)\n        {\n            pFile = fopen(FILENAME, \"r\");\n            if (pFile != NULL)\n            {\n                /* POTENTIAL FLAW: Read data from a file */\n                if (fgetws(data+dataLen, (int)(100-dataLen), pFile) == NULL)\n                {\n                    printLine(\"fgetws() failed\");\n                    /* Restore NUL terminator if fgetws fails */\n                    data[dataLen] = L'\\0';\n                }\n                fclose(pFile);\n            }\n        }\n    }\n    {\n        int i, n, intVariable;\n        if (swscanf(data, L\"%d\", &n) == 1)\n        {\n            /* POTENTIAL FLAW: user-supplied value 'n' could lead to very large loop iteration */\n            intVariable = 0;\n            for (i = 0; i < n; i++)\n            {\n                /* INCIDENTAL: CWE 561: Dead Code - non-avoidable if n <= 0 */\n                intVariable++; /* avoid a dead/empty code block issue */\n            }\n            printIntLine(intVariable);\n        }\n    }\n}",
        "question": "Given that the parameter or function `dataLen` is modified before the execution of the function `wcslen`, evaluate the potential impact on the outcomes of `wcslen`. Consider how `dataLen` could influence `wcslen`, including its role as a direct parameter, its effect on controlling conditions, or its indirect impacts through other related variables or system states.",
        "choices": {
            "A": "The change to `dataLen` directly alters the arguments passed to `wcslen`.",
            "B": "There is neither a direct nor a significant indirect relationship between the changes to `dataLen` and the behavior or output of `wcslen`, suggesting no observable impact.",
            "C": "The modification of `dataLen` might indirectly influence `wcslen` by modifying the control statement that controls the behavior of `wcslen`.",
            "D": "It is not possible to determine the effect without additional context."
        },
        "answer": "A",
        "distance": 1
    },
    {
        "case_id": 5605,
        "code": "void CWE606_Unchecked_Loop_Condition__wchar_t_file_01_bad()\n{\n    wchar_t * data;\n    wchar_t dataBuffer[100] = L\"\";\n    data = dataBuffer;\n    {\n        /* Read input from a file */\n        size_t dataLen = wcslen(data);\n        FILE * pFile;\n        /* if there is room in data, attempt to read the input from a file */\n        if (100-dataLen > 1)\n        {\n            pFile = fopen(FILENAME, \"r\");\n            if (pFile != NULL)\n            {\n                /* POTENTIAL FLAW: Read data from a file */\n                if (fgetws(data+dataLen, (int)(100-dataLen), pFile) == NULL)\n                {\n                    printLine(\"fgetws() failed\");\n                    /* Restore NUL terminator if fgetws fails */\n                    data[dataLen] = L'\\0';\n                }\n                fclose(pFile);\n            }\n        }\n    }\n    {\n        int i, n, intVariable;\n        if (swscanf(data, L\"%d\", &n) == 1)\n        {\n            /* POTENTIAL FLAW: user-supplied value 'n' could lead to very large loop iteration */\n            intVariable = 0;\n            for (i = 0; i < n; i++)\n            {\n                /* INCIDENTAL: CWE 561: Dead Code - non-avoidable if n <= 0 */\n                intVariable++; /* avoid a dead/empty code block issue */\n            }\n            printIntLine(intVariable);\n        }\n    }\n}",
        "question": "Given that the parameter or function `fopen` is modified before the execution of the function `fclose`, evaluate the potential impact on the outcomes of `fclose`. Consider how `fopen` could influence `fclose`, including its role as a direct parameter, its effect on controlling conditions, or its indirect impacts through other related variables or system states.",
        "choices": {
            "A": "The change to `fopen` directly alters the arguments passed to `fclose`.",
            "B": "There is neither a direct nor a significant indirect relationship between the changes to `fopen` and the behavior or output of `fclose`, suggesting no observable impact.",
            "C": "The modification of `fopen` might indirectly influence `fclose` by modifying the control statement that controls the behavior of `fclose`.",
            "D": "It is not possible to determine the effect without additional context."
        },
        "answer": "B",
        "distance": 0
    },
    {
        "case_id": 5605,
        "code": "void CWE606_Unchecked_Loop_Condition__wchar_t_file_01_bad()\n{\n    wchar_t * data;\n    wchar_t dataBuffer[100] = L\"\";\n    data = dataBuffer;\n    {\n        /* Read input from a file */\n        size_t dataLen = wcslen(data);\n        FILE * pFile;\n        /* if there is room in data, attempt to read the input from a file */\n        if (100-dataLen > 1)\n        {\n            pFile = fopen(FILENAME, \"r\");\n            if (pFile != NULL)\n            {\n                /* POTENTIAL FLAW: Read data from a file */\n                if (fgetws(data+dataLen, (int)(100-dataLen), pFile) == NULL)\n                {\n                    printLine(\"fgetws() failed\");\n                    /* Restore NUL terminator if fgetws fails */\n                    data[dataLen] = L'\\0';\n                }\n                fclose(pFile);\n            }\n        }\n    }\n    {\n        int i, n, intVariable;\n        if (swscanf(data, L\"%d\", &n) == 1)\n        {\n            /* POTENTIAL FLAW: user-supplied value 'n' could lead to very large loop iteration */\n            intVariable = 0;\n            for (i = 0; i < n; i++)\n            {\n                /* INCIDENTAL: CWE 561: Dead Code - non-avoidable if n <= 0 */\n                intVariable++; /* avoid a dead/empty code block issue */\n            }\n            printIntLine(intVariable);\n        }\n    }\n}",
        "question": "Given that the parameter or function `printLine` is modified before the execution of the function `fclose`, evaluate the potential impact on the outcomes of `fclose`. Consider how `printLine` could influence `fclose`, including its role as a direct parameter, its effect on controlling conditions, or its indirect impacts through other related variables or system states.",
        "choices": {
            "A": "The change to `printLine` directly alters the arguments passed to `fclose`.",
            "B": "There is neither a direct nor a significant indirect relationship between the changes to `printLine` and the behavior or output of `fclose`, suggesting no observable impact.",
            "C": "The modification of `printLine` might indirectly influence `fclose` by modifying the control statement that controls the behavior of `fclose`.",
            "D": "It is not possible to determine the effect without additional context."
        },
        "answer": "B",
        "distance": 0
    },
    {
        "case_id": 5605,
        "code": "void CWE606_Unchecked_Loop_Condition__wchar_t_file_01_bad()\n{\n    wchar_t * data;\n    wchar_t dataBuffer[100] = L\"\";\n    data = dataBuffer;\n    {\n        /* Read input from a file */\n        size_t dataLen = wcslen(data);\n        FILE * pFile;\n        /* if there is room in data, attempt to read the input from a file */\n        if (100-dataLen > 1)\n        {\n            pFile = fopen(FILENAME, \"r\");\n            if (pFile != NULL)\n            {\n                /* POTENTIAL FLAW: Read data from a file */\n                if (fgetws(data+dataLen, (int)(100-dataLen), pFile) == NULL)\n                {\n                    printLine(\"fgetws() failed\");\n                    /* Restore NUL terminator if fgetws fails */\n                    data[dataLen] = L'\\0';\n                }\n                fclose(pFile);\n            }\n        }\n    }\n    {\n        int i, n, intVariable;\n        if (swscanf(data, L\"%d\", &n) == 1)\n        {\n            /* POTENTIAL FLAW: user-supplied value 'n' could lead to very large loop iteration */\n            intVariable = 0;\n            for (i = 0; i < n; i++)\n            {\n                /* INCIDENTAL: CWE 561: Dead Code - non-avoidable if n <= 0 */\n                intVariable++; /* avoid a dead/empty code block issue */\n            }\n            printIntLine(intVariable);\n        }\n    }\n}",
        "question": "Given that the parameter or function `printIntLine` is modified before the execution of the function `fclose`, evaluate the potential impact on the outcomes of `fclose`. Consider how `printIntLine` could influence `fclose`, including its role as a direct parameter, its effect on controlling conditions, or its indirect impacts through other related variables or system states.",
        "choices": {
            "A": "The change to `printIntLine` directly alters the arguments passed to `fclose`.",
            "B": "There is neither a direct nor a significant indirect relationship between the changes to `printIntLine` and the behavior or output of `fclose`, suggesting no observable impact.",
            "C": "The modification of `printIntLine` might indirectly influence `fclose` by modifying the control statement that controls the behavior of `fclose`.",
            "D": "It is not possible to determine the effect without additional context."
        },
        "answer": "B",
        "distance": 0
    },
    {
        "case_id": 5605,
        "code": "void CWE606_Unchecked_Loop_Condition__wchar_t_file_01_bad()\n{\n    wchar_t * data;\n    wchar_t dataBuffer[100] = L\"\";\n    data = dataBuffer;\n    {\n        /* Read input from a file */\n        size_t dataLen = wcslen(data);\n        FILE * pFile;\n        /* if there is room in data, attempt to read the input from a file */\n        if (100-dataLen > 1)\n        {\n            pFile = fopen(FILENAME, \"r\");\n            if (pFile != NULL)\n            {\n                /* POTENTIAL FLAW: Read data from a file */\n                if (fgetws(data+dataLen, (int)(100-dataLen), pFile) == NULL)\n                {\n                    printLine(\"fgetws() failed\");\n                    /* Restore NUL terminator if fgetws fails */\n                    data[dataLen] = L'\\0';\n                }\n                fclose(pFile);\n            }\n        }\n    }\n    {\n        int i, n, intVariable;\n        if (swscanf(data, L\"%d\", &n) == 1)\n        {\n            /* POTENTIAL FLAW: user-supplied value 'n' could lead to very large loop iteration */\n            intVariable = 0;\n            for (i = 0; i < n; i++)\n            {\n                /* INCIDENTAL: CWE 561: Dead Code - non-avoidable if n <= 0 */\n                intVariable++; /* avoid a dead/empty code block issue */\n            }\n            printIntLine(intVariable);\n        }\n    }\n}",
        "question": "Given that the parameter or function `FILENAME` is modified before the execution of the function `fclose`, evaluate the potential impact on the outcomes of `fclose`. Consider how `FILENAME` could influence `fclose`, including its role as a direct parameter, its effect on controlling conditions, or its indirect impacts through other related variables or system states.",
        "choices": {
            "A": "The change to `FILENAME` directly alters the arguments passed to `fclose`.",
            "B": "There is neither a direct nor a significant indirect relationship between the changes to `FILENAME` and the behavior or output of `fclose`, suggesting no observable impact.",
            "C": "The modification of `FILENAME` might indirectly influence `fclose` by modifying the control statement that controls the behavior of `fclose`.",
            "D": "It is not possible to determine the effect without additional context."
        },
        "answer": "B",
        "distance": 0
    },
    {
        "case_id": 5605,
        "code": "void CWE606_Unchecked_Loop_Condition__wchar_t_file_01_bad()\n{\n    wchar_t * data;\n    wchar_t dataBuffer[100] = L\"\";\n    data = dataBuffer;\n    {\n        /* Read input from a file */\n        size_t dataLen = wcslen(data);\n        FILE * pFile;\n        /* if there is room in data, attempt to read the input from a file */\n        if (100-dataLen > 1)\n        {\n            pFile = fopen(FILENAME, \"r\");\n            if (pFile != NULL)\n            {\n                /* POTENTIAL FLAW: Read data from a file */\n                if (fgetws(data+dataLen, (int)(100-dataLen), pFile) == NULL)\n                {\n                    printLine(\"fgetws() failed\");\n                    /* Restore NUL terminator if fgetws fails */\n                    data[dataLen] = L'\\0';\n                }\n                fclose(pFile);\n            }\n        }\n    }\n    {\n        int i, n, intVariable;\n        if (swscanf(data, L\"%d\", &n) == 1)\n        {\n            /* POTENTIAL FLAW: user-supplied value 'n' could lead to very large loop iteration */\n            intVariable = 0;\n            for (i = 0; i < n; i++)\n            {\n                /* INCIDENTAL: CWE 561: Dead Code - non-avoidable if n <= 0 */\n                intVariable++; /* avoid a dead/empty code block issue */\n            }\n            printIntLine(intVariable);\n        }\n    }\n}",
        "question": "Given that the parameter or function `dataBuffer` is modified before the execution of the function `fclose`, evaluate the potential impact on the outcomes of `fclose`. Consider how `dataBuffer` could influence `fclose`, including its role as a direct parameter, its effect on controlling conditions, or its indirect impacts through other related variables or system states.",
        "choices": {
            "A": "The change to `dataBuffer` directly alters the arguments passed to `fclose`.",
            "B": "There is neither a direct nor a significant indirect relationship between the changes to `dataBuffer` and the behavior or output of `fclose`, suggesting no observable impact.",
            "C": "The modification of `dataBuffer` might indirectly influence `fclose` by modifying the control statement that controls the behavior of `fclose`.",
            "D": "It is not possible to determine the effect without additional context."
        },
        "answer": "C",
        "distance": 2
    },
    {
        "case_id": 5605,
        "code": "void CWE606_Unchecked_Loop_Condition__wchar_t_file_01_bad()\n{\n    wchar_t * data;\n    wchar_t dataBuffer[100] = L\"\";\n    data = dataBuffer;\n    {\n        /* Read input from a file */\n        size_t dataLen = wcslen(data);\n        FILE * pFile;\n        /* if there is room in data, attempt to read the input from a file */\n        if (100-dataLen > 1)\n        {\n            pFile = fopen(FILENAME, \"r\");\n            if (pFile != NULL)\n            {\n                /* POTENTIAL FLAW: Read data from a file */\n                if (fgetws(data+dataLen, (int)(100-dataLen), pFile) == NULL)\n                {\n                    printLine(\"fgetws() failed\");\n                    /* Restore NUL terminator if fgetws fails */\n                    data[dataLen] = L'\\0';\n                }\n                fclose(pFile);\n            }\n        }\n    }\n    {\n        int i, n, intVariable;\n        if (swscanf(data, L\"%d\", &n) == 1)\n        {\n            /* POTENTIAL FLAW: user-supplied value 'n' could lead to very large loop iteration */\n            intVariable = 0;\n            for (i = 0; i < n; i++)\n            {\n                /* INCIDENTAL: CWE 561: Dead Code - non-avoidable if n <= 0 */\n                intVariable++; /* avoid a dead/empty code block issue */\n            }\n            printIntLine(intVariable);\n        }\n    }\n}",
        "question": "Given that the parameter or function `dataBuffer` is modified before the execution of the function `fopen`, evaluate the potential impact on the outcomes of `fopen`. Consider how `dataBuffer` could influence `fopen`, including its role as a direct parameter, its effect on controlling conditions, or its indirect impacts through other related variables or system states.",
        "choices": {
            "A": "The change to `dataBuffer` directly alters the arguments passed to `fopen`.",
            "B": "There is neither a direct nor a significant indirect relationship between the changes to `dataBuffer` and the behavior or output of `fopen`, suggesting no observable impact.",
            "C": "The modification of `dataBuffer` might indirectly influence `fopen` by modifying the control statement that controls the behavior of `fopen`.",
            "D": "It is not possible to determine the effect without additional context."
        },
        "answer": "C",
        "distance": 2
    },
    {
        "case_id": 5605,
        "code": "void CWE606_Unchecked_Loop_Condition__wchar_t_file_01_bad()\n{\n    wchar_t * data;\n    wchar_t dataBuffer[100] = L\"\";\n    data = dataBuffer;\n    {\n        /* Read input from a file */\n        size_t dataLen = wcslen(data);\n        FILE * pFile;\n        /* if there is room in data, attempt to read the input from a file */\n        if (100-dataLen > 1)\n        {\n            pFile = fopen(FILENAME, \"r\");\n            if (pFile != NULL)\n            {\n                /* POTENTIAL FLAW: Read data from a file */\n                if (fgetws(data+dataLen, (int)(100-dataLen), pFile) == NULL)\n                {\n                    printLine(\"fgetws() failed\");\n                    /* Restore NUL terminator if fgetws fails */\n                    data[dataLen] = L'\\0';\n                }\n                fclose(pFile);\n            }\n        }\n    }\n    {\n        int i, n, intVariable;\n        if (swscanf(data, L\"%d\", &n) == 1)\n        {\n            /* POTENTIAL FLAW: user-supplied value 'n' could lead to very large loop iteration */\n            intVariable = 0;\n            for (i = 0; i < n; i++)\n            {\n                /* INCIDENTAL: CWE 561: Dead Code - non-avoidable if n <= 0 */\n                intVariable++; /* avoid a dead/empty code block issue */\n            }\n            printIntLine(intVariable);\n        }\n    }\n}",
        "question": "Given that the parameter or function `dataBuffer` is modified before the execution of the function `printLine`, evaluate the potential impact on the outcomes of `printLine`. Consider how `dataBuffer` could influence `printLine`, including its role as a direct parameter, its effect on controlling conditions, or its indirect impacts through other related variables or system states.",
        "choices": {
            "A": "The change to `dataBuffer` directly alters the arguments passed to `printLine`.",
            "B": "There is neither a direct nor a significant indirect relationship between the changes to `dataBuffer` and the behavior or output of `printLine`, suggesting no observable impact.",
            "C": "The modification of `dataBuffer` might indirectly influence `printLine` by modifying the control statement that controls the behavior of `printLine`.",
            "D": "It is not possible to determine the effect without additional context."
        },
        "answer": "C",
        "distance": 2
    },
    {
        "case_id": 5605,
        "code": "void CWE606_Unchecked_Loop_Condition__wchar_t_file_01_bad()\n{\n    wchar_t * data;\n    wchar_t dataBuffer[100] = L\"\";\n    data = dataBuffer;\n    {\n        /* Read input from a file */\n        size_t dataLen = wcslen(data);\n        FILE * pFile;\n        /* if there is room in data, attempt to read the input from a file */\n        if (100-dataLen > 1)\n        {\n            pFile = fopen(FILENAME, \"r\");\n            if (pFile != NULL)\n            {\n                /* POTENTIAL FLAW: Read data from a file */\n                if (fgetws(data+dataLen, (int)(100-dataLen), pFile) == NULL)\n                {\n                    printLine(\"fgetws() failed\");\n                    /* Restore NUL terminator if fgetws fails */\n                    data[dataLen] = L'\\0';\n                }\n                fclose(pFile);\n            }\n        }\n    }\n    {\n        int i, n, intVariable;\n        if (swscanf(data, L\"%d\", &n) == 1)\n        {\n            /* POTENTIAL FLAW: user-supplied value 'n' could lead to very large loop iteration */\n            intVariable = 0;\n            for (i = 0; i < n; i++)\n            {\n                /* INCIDENTAL: CWE 561: Dead Code - non-avoidable if n <= 0 */\n                intVariable++; /* avoid a dead/empty code block issue */\n            }\n            printIntLine(intVariable);\n        }\n    }\n}",
        "question": "Given that the parameter or function `wcslen` is modified before the execution of the function `fclose`, evaluate the potential impact on the outcomes of `fclose`. Consider how `wcslen` could influence `fclose`, including its role as a direct parameter, its effect on controlling conditions, or its indirect impacts through other related variables or system states.",
        "choices": {
            "A": "The change to `wcslen` directly alters the arguments passed to `fclose`.",
            "B": "There is neither a direct nor a significant indirect relationship between the changes to `wcslen` and the behavior or output of `fclose`, suggesting no observable impact.",
            "C": "The modification of `wcslen` might indirectly influence `fclose` by modifying the control statement that controls the behavior of `fclose`.",
            "D": "It is not possible to determine the effect without additional context."
        },
        "answer": "C",
        "distance": 1
    }
]