[
    {
        "case_id": 6444,
        "code": "void CWE758_Undefined_Behavior__char_pointer_malloc_use_01_bad()\n{\n    {\n        char * * pointer = (char * *)malloc(sizeof(char *));\n        if (pointer == NULL) {exit(-1);}\n        char * data = *pointer; /* FLAW: the value pointed to by pointer is undefined */\n        free(pointer);\n        printLine(data);\n    }\n}",
        "question": "Given that the parameter or function `free` is modified before the execution of the function `printLine`, evaluate the potential impact on the outcomes of `printLine`. Consider how `free` could influence `printLine`, including its role as a direct parameter, its effect on controlling conditions, or its indirect impacts through other related variables or system states.",
        "choices": {
            "A": "The change to `free` directly alters the arguments passed to `printLine`.",
            "B": "There is neither a direct nor a significant indirect relationship between the changes to `free` and the behavior or output of `printLine`, suggesting no observable impact.",
            "C": "The modification of `free` might indirectly influence `printLine` by modifying the control statement that controls the behavior of `printLine`.",
            "D": "It is not possible to determine the effect without additional context."
        },
        "answer": "A",
        "distance": 2
    },
    {
        "case_id": 6444,
        "code": "void CWE758_Undefined_Behavior__char_pointer_malloc_use_01_bad()\n{\n    {\n        char * * pointer = (char * *)malloc(sizeof(char *));\n        if (pointer == NULL) {exit(-1);}\n        char * data = *pointer; /* FLAW: the value pointed to by pointer is undefined */\n        free(pointer);\n        printLine(data);\n    }\n}",
        "question": "Given that the parameter or function `malloc` is modified before the execution of the function `printLine`, evaluate the potential impact on the outcomes of `printLine`. Consider how `malloc` could influence `printLine`, including its role as a direct parameter, its effect on controlling conditions, or its indirect impacts through other related variables or system states.",
        "choices": {
            "A": "The change to `malloc` directly alters the arguments passed to `printLine`.",
            "B": "There is neither a direct nor a significant indirect relationship between the changes to `malloc` and the behavior or output of `printLine`, suggesting no observable impact.",
            "C": "The modification of `malloc` might indirectly influence `printLine` by modifying the control statement that controls the behavior of `printLine`.",
            "D": "It is not possible to determine the effect without additional context."
        },
        "answer": "A",
        "distance": 2
    },
    {
        "case_id": 6444,
        "code": "void CWE758_Undefined_Behavior__char_pointer_malloc_use_01_bad()\n{\n    {\n        char * * pointer = (char * *)malloc(sizeof(char *));\n        if (pointer == NULL) {exit(-1);}\n        char * data = *pointer; /* FLAW: the value pointed to by pointer is undefined */\n        free(pointer);\n        printLine(data);\n    }\n}",
        "question": "Given that the parameter or function `char` is modified before the execution of the function `printLine`, evaluate the potential impact on the outcomes of `printLine`. Consider how `char` could influence `printLine`, including its role as a direct parameter, its effect on controlling conditions, or its indirect impacts through other related variables or system states.",
        "choices": {
            "A": "The change to `char` directly alters the arguments passed to `printLine`.",
            "B": "There is neither a direct nor a significant indirect relationship between the changes to `char` and the behavior or output of `printLine`, suggesting no observable impact.",
            "C": "The modification of `char` might indirectly influence `printLine` by modifying the control statement that controls the behavior of `printLine`.",
            "D": "It is not possible to determine the effect without additional context."
        },
        "answer": "A",
        "distance": 2
    },
    {
        "case_id": 6444,
        "code": "void CWE758_Undefined_Behavior__char_pointer_malloc_use_01_bad()\n{\n    {\n        char * * pointer = (char * *)malloc(sizeof(char *));\n        if (pointer == NULL) {exit(-1);}\n        char * data = *pointer; /* FLAW: the value pointed to by pointer is undefined */\n        free(pointer);\n        printLine(data);\n    }\n}",
        "question": "Given that the parameter or function `data` is modified before the execution of the function `printLine`, evaluate the potential impact on the outcomes of `printLine`. Consider how `data` could influence `printLine`, including its role as a direct parameter, its effect on controlling conditions, or its indirect impacts through other related variables or system states.",
        "choices": {
            "A": "The change to `data` directly alters the arguments passed to `printLine`.",
            "B": "There is neither a direct nor a significant indirect relationship between the changes to `data` and the behavior or output of `printLine`, suggesting no observable impact.",
            "C": "The modification of `data` might indirectly influence `printLine` by modifying the control statement that controls the behavior of `printLine`.",
            "D": "It is not possible to determine the effect without additional context."
        },
        "answer": "A",
        "distance": 1
    },
    {
        "case_id": 6444,
        "code": "void CWE758_Undefined_Behavior__char_pointer_malloc_use_01_bad()\n{\n    {\n        char * * pointer = (char * *)malloc(sizeof(char *));\n        if (pointer == NULL) {exit(-1);}\n        char * data = *pointer; /* FLAW: the value pointed to by pointer is undefined */\n        free(pointer);\n        printLine(data);\n    }\n}",
        "question": "Given that the parameter or function `printLine` is modified before the execution of the function `free`, evaluate the potential impact on the outcomes of `free`. Consider how `printLine` could influence `free`, including its role as a direct parameter, its effect on controlling conditions, or its indirect impacts through other related variables or system states.",
        "choices": {
            "A": "The change to `printLine` directly alters the arguments passed to `free`.",
            "B": "There is neither a direct nor a significant indirect relationship between the changes to `printLine` and the behavior or output of `free`, suggesting no observable impact.",
            "C": "The modification of `printLine` might indirectly influence `free` by modifying the control statement that controls the behavior of `free`.",
            "D": "It is not possible to determine the effect without additional context."
        },
        "answer": "B",
        "distance": 0
    },
    {
        "case_id": 6444,
        "code": "void CWE758_Undefined_Behavior__char_pointer_malloc_use_01_bad()\n{\n    {\n        char * * pointer = (char * *)malloc(sizeof(char *));\n        if (pointer == NULL) {exit(-1);}\n        char * data = *pointer; /* FLAW: the value pointed to by pointer is undefined */\n        free(pointer);\n        printLine(data);\n    }\n}",
        "question": "Given that the parameter or function `data` is modified before the execution of the function `free`, evaluate the potential impact on the outcomes of `free`. Consider how `data` could influence `free`, including its role as a direct parameter, its effect on controlling conditions, or its indirect impacts through other related variables or system states.",
        "choices": {
            "A": "The change to `data` directly alters the arguments passed to `free`.",
            "B": "There is neither a direct nor a significant indirect relationship between the changes to `data` and the behavior or output of `free`, suggesting no observable impact.",
            "C": "The modification of `data` might indirectly influence `free` by modifying the control statement that controls the behavior of `free`.",
            "D": "It is not possible to determine the effect without additional context."
        },
        "answer": "B",
        "distance": 0
    },
    {
        "case_id": 6444,
        "code": "void CWE758_Undefined_Behavior__char_pointer_malloc_use_01_bad()\n{\n    {\n        char * * pointer = (char * *)malloc(sizeof(char *));\n        if (pointer == NULL) {exit(-1);}\n        char * data = *pointer; /* FLAW: the value pointed to by pointer is undefined */\n        free(pointer);\n        printLine(data);\n    }\n}",
        "question": "Given that the parameter or function `printLine` is modified before the execution of the function `malloc`, evaluate the potential impact on the outcomes of `malloc`. Consider how `printLine` could influence `malloc`, including its role as a direct parameter, its effect on controlling conditions, or its indirect impacts through other related variables or system states.",
        "choices": {
            "A": "The change to `printLine` directly alters the arguments passed to `malloc`.",
            "B": "There is neither a direct nor a significant indirect relationship between the changes to `printLine` and the behavior or output of `malloc`, suggesting no observable impact.",
            "C": "The modification of `printLine` might indirectly influence `malloc` by modifying the control statement that controls the behavior of `malloc`.",
            "D": "It is not possible to determine the effect without additional context."
        },
        "answer": "B",
        "distance": 0
    },
    {
        "case_id": 6444,
        "code": "void CWE758_Undefined_Behavior__char_pointer_malloc_use_01_bad()\n{\n    {\n        char * * pointer = (char * *)malloc(sizeof(char *));\n        if (pointer == NULL) {exit(-1);}\n        char * data = *pointer; /* FLAW: the value pointed to by pointer is undefined */\n        free(pointer);\n        printLine(data);\n    }\n}",
        "question": "Given that the parameter or function `free` is modified before the execution of the function `malloc`, evaluate the potential impact on the outcomes of `malloc`. Consider how `free` could influence `malloc`, including its role as a direct parameter, its effect on controlling conditions, or its indirect impacts through other related variables or system states.",
        "choices": {
            "A": "The change to `free` directly alters the arguments passed to `malloc`.",
            "B": "There is neither a direct nor a significant indirect relationship between the changes to `free` and the behavior or output of `malloc`, suggesting no observable impact.",
            "C": "The modification of `free` might indirectly influence `malloc` by modifying the control statement that controls the behavior of `malloc`.",
            "D": "It is not possible to determine the effect without additional context."
        },
        "answer": "B",
        "distance": 0
    }
]