[
    {
        "case_id": 4242,
        "code": "void CWE476_NULL_Pointer_Dereference__char_01_bad()\n{\n    char * data;\n    /* POTENTIAL FLAW: Set data to NULL */\n    data = NULL;\n    /* POTENTIAL FLAW: Attempt to use data, which may be NULL */\n    /* printLine() checks for NULL, so we cannot use it here */\n    printHexCharLine(data[0]);\n}",
        "question": "Given that the parameter or function `data[0]` is modified before the execution of the function `printHexCharLine`, evaluate the potential impact on the outcomes of `printHexCharLine`. Consider how `data[0]` could influence `printHexCharLine`, including its role as a direct parameter, its effect on controlling conditions, or its indirect impacts through other related variables or system states.",
        "choices": {
            "A": "The change to `data[0]` directly alters the arguments passed to `printHexCharLine`.",
            "B": "There is neither a direct nor a significant indirect relationship between the changes to `data[0]` and the behavior or output of `printHexCharLine`, suggesting no observable impact.",
            "C": "The modification of `data[0]` might indirectly influence `printHexCharLine` by modifying the control statement that controls the behavior of `printHexCharLine`.",
            "D": "It is not possible to determine the effect without additional context."
        },
        "answer": "A",
        "distance": 1
    }
]