[
    {
        "case_id": 5697,
        "code": "void CWE617_Reachable_Assertion__fgets_01_bad()\n{\n    int data;\n    /* Initialize data */\n    data = -1;\n    {\n        char inputBuffer[CHAR_ARRAY_SIZE] = \"\";\n        /* POTENTIAL FLAW: Read data from the console using fgets() */\n        if (fgets(inputBuffer, CHAR_ARRAY_SIZE, stdin) != NULL)\n        {\n            /* Convert to int */\n            data = atoi(inputBuffer);\n        }\n        else\n        {\n            printLine(\"fgets() failed.\");\n        }\n    }\n    /* POTENTIAL FLAW: this assertion could trigger if n <= ASSERT_VALUE */\n    assert(data > ASSERT_VALUE);\n}",
        "question": "Given that the parameter or function `data > ASSERT_VALUE` is modified before the execution of the function `assert`, evaluate the potential impact on the outcomes of `assert`. Consider how `data > ASSERT_VALUE` could influence `assert`, including its role as a direct parameter, its effect on controlling conditions, or its indirect impacts through other related variables or system states.",
        "choices": {
            "A": "The change to `data > ASSERT_VALUE` directly alters the arguments passed to `assert`.",
            "B": "There is neither a direct nor a significant indirect relationship between the changes to `data > ASSERT_VALUE` and the behavior or output of `assert`, suggesting no observable impact.",
            "C": "The modification of `data > ASSERT_VALUE` might indirectly influence `assert` by modifying the control statement that controls the behavior of `assert`.",
            "D": "It is not possible to determine the effect without additional context."
        },
        "answer": "A",
        "distance": 1
    },
    {
        "case_id": 5697,
        "code": "void CWE617_Reachable_Assertion__fgets_01_bad()\n{\n    int data;\n    /* Initialize data */\n    data = -1;\n    {\n        char inputBuffer[CHAR_ARRAY_SIZE] = \"\";\n        /* POTENTIAL FLAW: Read data from the console using fgets() */\n        if (fgets(inputBuffer, CHAR_ARRAY_SIZE, stdin) != NULL)\n        {\n            /* Convert to int */\n            data = atoi(inputBuffer);\n        }\n        else\n        {\n            printLine(\"fgets() failed.\");\n        }\n    }\n    /* POTENTIAL FLAW: this assertion could trigger if n <= ASSERT_VALUE */\n    assert(data > ASSERT_VALUE);\n}",
        "question": "Given that the parameter or function `inputBuffer` is modified before the execution of the function `atoi`, evaluate the potential impact on the outcomes of `atoi`. Consider how `inputBuffer` could influence `atoi`, including its role as a direct parameter, its effect on controlling conditions, or its indirect impacts through other related variables or system states.",
        "choices": {
            "A": "The change to `inputBuffer` directly alters the arguments passed to `atoi`.",
            "B": "There is neither a direct nor a significant indirect relationship between the changes to `inputBuffer` and the behavior or output of `atoi`, suggesting no observable impact.",
            "C": "The modification of `inputBuffer` might indirectly influence `atoi` by modifying the control statement that controls the behavior of `atoi`.",
            "D": "It is not possible to determine the effect without additional context."
        },
        "answer": "A",
        "distance": 1
    },
    {
        "case_id": 5697,
        "code": "void CWE617_Reachable_Assertion__fgets_01_bad()\n{\n    int data;\n    /* Initialize data */\n    data = -1;\n    {\n        char inputBuffer[CHAR_ARRAY_SIZE] = \"\";\n        /* POTENTIAL FLAW: Read data from the console using fgets() */\n        if (fgets(inputBuffer, CHAR_ARRAY_SIZE, stdin) != NULL)\n        {\n            /* Convert to int */\n            data = atoi(inputBuffer);\n        }\n        else\n        {\n            printLine(\"fgets() failed.\");\n        }\n    }\n    /* POTENTIAL FLAW: this assertion could trigger if n <= ASSERT_VALUE */\n    assert(data > ASSERT_VALUE);\n}",
        "question": "Given that the parameter or function `assert` is modified before the execution of the function `printLine`, evaluate the potential impact on the outcomes of `printLine`. Consider how `assert` could influence `printLine`, including its role as a direct parameter, its effect on controlling conditions, or its indirect impacts through other related variables or system states.",
        "choices": {
            "A": "The change to `assert` directly alters the arguments passed to `printLine`.",
            "B": "There is neither a direct nor a significant indirect relationship between the changes to `assert` and the behavior or output of `printLine`, suggesting no observable impact.",
            "C": "The modification of `assert` might indirectly influence `printLine` by modifying the control statement that controls the behavior of `printLine`.",
            "D": "It is not possible to determine the effect without additional context."
        },
        "answer": "B",
        "distance": 0
    },
    {
        "case_id": 5697,
        "code": "void CWE617_Reachable_Assertion__fgets_01_bad()\n{\n    int data;\n    /* Initialize data */\n    data = -1;\n    {\n        char inputBuffer[CHAR_ARRAY_SIZE] = \"\";\n        /* POTENTIAL FLAW: Read data from the console using fgets() */\n        if (fgets(inputBuffer, CHAR_ARRAY_SIZE, stdin) != NULL)\n        {\n            /* Convert to int */\n            data = atoi(inputBuffer);\n        }\n        else\n        {\n            printLine(\"fgets() failed.\");\n        }\n    }\n    /* POTENTIAL FLAW: this assertion could trigger if n <= ASSERT_VALUE */\n    assert(data > ASSERT_VALUE);\n}",
        "question": "Given that the parameter or function `atoi` is modified before the execution of the function `printLine`, evaluate the potential impact on the outcomes of `printLine`. Consider how `atoi` could influence `printLine`, including its role as a direct parameter, its effect on controlling conditions, or its indirect impacts through other related variables or system states.",
        "choices": {
            "A": "The change to `atoi` directly alters the arguments passed to `printLine`.",
            "B": "There is neither a direct nor a significant indirect relationship between the changes to `atoi` and the behavior or output of `printLine`, suggesting no observable impact.",
            "C": "The modification of `atoi` might indirectly influence `printLine` by modifying the control statement that controls the behavior of `printLine`.",
            "D": "It is not possible to determine the effect without additional context."
        },
        "answer": "B",
        "distance": 0
    },
    {
        "case_id": 5697,
        "code": "void CWE617_Reachable_Assertion__fgets_01_bad()\n{\n    int data;\n    /* Initialize data */\n    data = -1;\n    {\n        char inputBuffer[CHAR_ARRAY_SIZE] = \"\";\n        /* POTENTIAL FLAW: Read data from the console using fgets() */\n        if (fgets(inputBuffer, CHAR_ARRAY_SIZE, stdin) != NULL)\n        {\n            /* Convert to int */\n            data = atoi(inputBuffer);\n        }\n        else\n        {\n            printLine(\"fgets() failed.\");\n        }\n    }\n    /* POTENTIAL FLAW: this assertion could trigger if n <= ASSERT_VALUE */\n    assert(data > ASSERT_VALUE);\n}",
        "question": "Given that the parameter or function `-1` is modified before the execution of the function `printLine`, evaluate the potential impact on the outcomes of `printLine`. Consider how `-1` could influence `printLine`, including its role as a direct parameter, its effect on controlling conditions, or its indirect impacts through other related variables or system states.",
        "choices": {
            "A": "The change to `-1` directly alters the arguments passed to `printLine`.",
            "B": "There is neither a direct nor a significant indirect relationship between the changes to `-1` and the behavior or output of `printLine`, suggesting no observable impact.",
            "C": "The modification of `-1` might indirectly influence `printLine` by modifying the control statement that controls the behavior of `printLine`.",
            "D": "It is not possible to determine the effect without additional context."
        },
        "answer": "B",
        "distance": 0
    },
    {
        "case_id": 5697,
        "code": "void CWE617_Reachable_Assertion__fgets_01_bad()\n{\n    int data;\n    /* Initialize data */\n    data = -1;\n    {\n        char inputBuffer[CHAR_ARRAY_SIZE] = \"\";\n        /* POTENTIAL FLAW: Read data from the console using fgets() */\n        if (fgets(inputBuffer, CHAR_ARRAY_SIZE, stdin) != NULL)\n        {\n            /* Convert to int */\n            data = atoi(inputBuffer);\n        }\n        else\n        {\n            printLine(\"fgets() failed.\");\n        }\n    }\n    /* POTENTIAL FLAW: this assertion could trigger if n <= ASSERT_VALUE */\n    assert(data > ASSERT_VALUE);\n}",
        "question": "Given that the parameter or function `inputBuffer` is modified before the execution of the function `printLine`, evaluate the potential impact on the outcomes of `printLine`. Consider how `inputBuffer` could influence `printLine`, including its role as a direct parameter, its effect on controlling conditions, or its indirect impacts through other related variables or system states.",
        "choices": {
            "A": "The change to `inputBuffer` directly alters the arguments passed to `printLine`.",
            "B": "There is neither a direct nor a significant indirect relationship between the changes to `inputBuffer` and the behavior or output of `printLine`, suggesting no observable impact.",
            "C": "The modification of `inputBuffer` might indirectly influence `printLine` by modifying the control statement that controls the behavior of `printLine`.",
            "D": "It is not possible to determine the effect without additional context."
        },
        "answer": "B",
        "distance": 0
    }
]