[
    {
        "case_id": 7133,
        "code": "void CWE775_Missing_Release_of_File_Descriptor_or_Handle__open_no_close_01_bad()\n{\n    int data;\n    /* Initialize data */\n    data = -1;\n    /* POTENTIAL FLAW: Open a file without closing it */\n    data = OPEN(\"BadSource_open.txt\", O_RDWR|O_CREAT, S_IREAD|S_IWRITE);\n    /* FLAW: No attempt to close the file */\n    ; /* empty statement needed for some flow variants */\n}",
        "question": "Given that the parameter or function `S_IWRITE` is modified before the execution of the function `OPEN`, evaluate the potential impact on the outcomes of `OPEN`. Consider how `S_IWRITE` could influence `OPEN`, including its role as a direct parameter, its effect on controlling conditions, or its indirect impacts through other related variables or system states.",
        "choices": {
            "A": "The change to `S_IWRITE` directly alters the arguments passed to `OPEN`.",
            "B": "There is neither a direct nor a significant indirect relationship between the changes to `S_IWRITE` and the behavior or output of `OPEN`, suggesting no observable impact.",
            "C": "The modification of `S_IWRITE` might indirectly influence `OPEN` by modifying the control statement that controls the behavior of `OPEN`.",
            "D": "It is not possible to determine the effect without additional context."
        },
        "answer": "A",
        "distance": 1
    },
    {
        "case_id": 7133,
        "code": "void CWE775_Missing_Release_of_File_Descriptor_or_Handle__open_no_close_01_bad()\n{\n    int data;\n    /* Initialize data */\n    data = -1;\n    /* POTENTIAL FLAW: Open a file without closing it */\n    data = OPEN(\"BadSource_open.txt\", O_RDWR|O_CREAT, S_IREAD|S_IWRITE);\n    /* FLAW: No attempt to close the file */\n    ; /* empty statement needed for some flow variants */\n}",
        "question": "Given that the parameter or function `O_CREAT` is modified before the execution of the function `OPEN`, evaluate the potential impact on the outcomes of `OPEN`. Consider how `O_CREAT` could influence `OPEN`, including its role as a direct parameter, its effect on controlling conditions, or its indirect impacts through other related variables or system states.",
        "choices": {
            "A": "The change to `O_CREAT` directly alters the arguments passed to `OPEN`.",
            "B": "There is neither a direct nor a significant indirect relationship between the changes to `O_CREAT` and the behavior or output of `OPEN`, suggesting no observable impact.",
            "C": "The modification of `O_CREAT` might indirectly influence `OPEN` by modifying the control statement that controls the behavior of `OPEN`.",
            "D": "It is not possible to determine the effect without additional context."
        },
        "answer": "A",
        "distance": 1
    },
    {
        "case_id": 7133,
        "code": "void CWE775_Missing_Release_of_File_Descriptor_or_Handle__open_no_close_01_bad()\n{\n    int data;\n    /* Initialize data */\n    data = -1;\n    /* POTENTIAL FLAW: Open a file without closing it */\n    data = OPEN(\"BadSource_open.txt\", O_RDWR|O_CREAT, S_IREAD|S_IWRITE);\n    /* FLAW: No attempt to close the file */\n    ; /* empty statement needed for some flow variants */\n}",
        "question": "Given that the parameter or function `S_IREAD` is modified before the execution of the function `OPEN`, evaluate the potential impact on the outcomes of `OPEN`. Consider how `S_IREAD` could influence `OPEN`, including its role as a direct parameter, its effect on controlling conditions, or its indirect impacts through other related variables or system states.",
        "choices": {
            "A": "The change to `S_IREAD` directly alters the arguments passed to `OPEN`.",
            "B": "There is neither a direct nor a significant indirect relationship between the changes to `S_IREAD` and the behavior or output of `OPEN`, suggesting no observable impact.",
            "C": "The modification of `S_IREAD` might indirectly influence `OPEN` by modifying the control statement that controls the behavior of `OPEN`.",
            "D": "It is not possible to determine the effect without additional context."
        },
        "answer": "A",
        "distance": 1
    },
    {
        "case_id": 7133,
        "code": "void CWE775_Missing_Release_of_File_Descriptor_or_Handle__open_no_close_01_bad()\n{\n    int data;\n    /* Initialize data */\n    data = -1;\n    /* POTENTIAL FLAW: Open a file without closing it */\n    data = OPEN(\"BadSource_open.txt\", O_RDWR|O_CREAT, S_IREAD|S_IWRITE);\n    /* FLAW: No attempt to close the file */\n    ; /* empty statement needed for some flow variants */\n}",
        "question": "Given that the parameter or function `O_RDWR` is modified before the execution of the function `OPEN`, evaluate the potential impact on the outcomes of `OPEN`. Consider how `O_RDWR` could influence `OPEN`, including its role as a direct parameter, its effect on controlling conditions, or its indirect impacts through other related variables or system states.",
        "choices": {
            "A": "The change to `O_RDWR` directly alters the arguments passed to `OPEN`.",
            "B": "There is neither a direct nor a significant indirect relationship between the changes to `O_RDWR` and the behavior or output of `OPEN`, suggesting no observable impact.",
            "C": "The modification of `O_RDWR` might indirectly influence `OPEN` by modifying the control statement that controls the behavior of `OPEN`.",
            "D": "It is not possible to determine the effect without additional context."
        },
        "answer": "A",
        "distance": 1
    },
    {
        "case_id": 7133,
        "code": "void CWE775_Missing_Release_of_File_Descriptor_or_Handle__open_no_close_01_bad()\n{\n    int data;\n    /* Initialize data */\n    data = -1;\n    /* POTENTIAL FLAW: Open a file without closing it */\n    data = OPEN(\"BadSource_open.txt\", O_RDWR|O_CREAT, S_IREAD|S_IWRITE);\n    /* FLAW: No attempt to close the file */\n    ; /* empty statement needed for some flow variants */\n}",
        "question": "Given that the parameter or function `-1` is modified before the execution of the function `OPEN`, evaluate the potential impact on the outcomes of `OPEN`. Consider how `-1` could influence `OPEN`, including its role as a direct parameter, its effect on controlling conditions, or its indirect impacts through other related variables or system states.",
        "choices": {
            "A": "The change to `-1` directly alters the arguments passed to `OPEN`.",
            "B": "There is neither a direct nor a significant indirect relationship between the changes to `-1` and the behavior or output of `OPEN`, suggesting no observable impact.",
            "C": "The modification of `-1` might indirectly influence `OPEN` by modifying the control statement that controls the behavior of `OPEN`.",
            "D": "It is not possible to determine the effect without additional context."
        },
        "answer": "B",
        "distance": 0
    },
    {
        "case_id": 7133,
        "code": "void CWE775_Missing_Release_of_File_Descriptor_or_Handle__open_no_close_01_bad()\n{\n    int data;\n    /* Initialize data */\n    data = -1;\n    /* POTENTIAL FLAW: Open a file without closing it */\n    data = OPEN(\"BadSource_open.txt\", O_RDWR|O_CREAT, S_IREAD|S_IWRITE);\n    /* FLAW: No attempt to close the file */\n    ; /* empty statement needed for some flow variants */\n}",
        "question": "Given that the parameter or function `data` is modified before the execution of the function `OPEN`, evaluate the potential impact on the outcomes of `OPEN`. Consider how `data` could influence `OPEN`, including its role as a direct parameter, its effect on controlling conditions, or its indirect impacts through other related variables or system states.",
        "choices": {
            "A": "The change to `data` directly alters the arguments passed to `OPEN`.",
            "B": "There is neither a direct nor a significant indirect relationship between the changes to `data` and the behavior or output of `OPEN`, suggesting no observable impact.",
            "C": "The modification of `data` might indirectly influence `OPEN` by modifying the control statement that controls the behavior of `OPEN`.",
            "D": "It is not possible to determine the effect without additional context."
        },
        "answer": "B",
        "distance": 0
    }
]