[
    {
        "case_id": 6908,
        "code": "void CWE761_Free_Pointer_Not_at_Start_of_Buffer__wchar_t_console_01_bad()\n{\n    wchar_t * data;\n    data = (wchar_t *)malloc(100*sizeof(wchar_t));\n    if (data == NULL) {exit(-1);}\n    data[0] = L'\\0';\n    {\n        /* Read input from the console */\n        size_t dataLen = wcslen(data);\n        /* if there is room in data, read into it from the console */\n        if (100-dataLen > 1)\n        {\n            /* POTENTIAL FLAW: Read data from the console */\n            if (fgetws(data+dataLen, (int)(100-dataLen), stdin) != NULL)\n            {\n                /* The next few lines remove the carriage return from the string that is\n                 * inserted by fgetws() */\n                dataLen = wcslen(data);\n                if (dataLen > 0 && data[dataLen-1] == L'\\n')\n                {\n                    data[dataLen-1] = L'\\0';\n                }\n            }\n            else\n            {\n                printLine(\"fgetws() failed\");\n                /* Restore NUL terminator if fgetws fails */\n                data[dataLen] = L'\\0';\n            }\n        }\n    }\n    /* FLAW: We are incrementing the pointer in the loop - this will cause us to free the\n     * memory block not at the start of the buffer */\n    for (; *data != L'\\0'; data++)\n    {\n        if (*data == SEARCH_CHAR)\n        {\n            printLine(\"We have a match!\");\n            break;\n        }\n    }\n    free(data);\n}",
        "question": "Given that the parameter or function `malloc` is modified before the execution of the function `free`, evaluate the potential impact on the outcomes of `free`. Consider how `malloc` could influence `free`, including its role as a direct parameter, its effect on controlling conditions, or its indirect impacts through other related variables or system states.",
        "choices": {
            "A": "The change to `malloc` directly alters the arguments passed to `free`.",
            "B": "There is neither a direct nor a significant indirect relationship between the changes to `malloc` and the behavior or output of `free`, suggesting no observable impact.",
            "C": "The modification of `malloc` might indirectly influence `free` by modifying the control statement that controls the behavior of `free`.",
            "D": "It is not possible to determine the effect without additional context."
        },
        "answer": "A",
        "distance": 1
    },
    {
        "case_id": 6908,
        "code": "void CWE761_Free_Pointer_Not_at_Start_of_Buffer__wchar_t_console_01_bad()\n{\n    wchar_t * data;\n    data = (wchar_t *)malloc(100*sizeof(wchar_t));\n    if (data == NULL) {exit(-1);}\n    data[0] = L'\\0';\n    {\n        /* Read input from the console */\n        size_t dataLen = wcslen(data);\n        /* if there is room in data, read into it from the console */\n        if (100-dataLen > 1)\n        {\n            /* POTENTIAL FLAW: Read data from the console */\n            if (fgetws(data+dataLen, (int)(100-dataLen), stdin) != NULL)\n            {\n                /* The next few lines remove the carriage return from the string that is\n                 * inserted by fgetws() */\n                dataLen = wcslen(data);\n                if (dataLen > 0 && data[dataLen-1] == L'\\n')\n                {\n                    data[dataLen-1] = L'\\0';\n                }\n            }\n            else\n            {\n                printLine(\"fgetws() failed\");\n                /* Restore NUL terminator if fgetws fails */\n                data[dataLen] = L'\\0';\n            }\n        }\n    }\n    /* FLAW: We are incrementing the pointer in the loop - this will cause us to free the\n     * memory block not at the start of the buffer */\n    for (; *data != L'\\0'; data++)\n    {\n        if (*data == SEARCH_CHAR)\n        {\n            printLine(\"We have a match!\");\n            break;\n        }\n    }\n    free(data);\n}",
        "question": "Given that the parameter or function `wcslen` is modified before the execution of the function `free`, evaluate the potential impact on the outcomes of `free`. Consider how `wcslen` could influence `free`, including its role as a direct parameter, its effect on controlling conditions, or its indirect impacts through other related variables or system states.",
        "choices": {
            "A": "The change to `wcslen` directly alters the arguments passed to `free`.",
            "B": "There is neither a direct nor a significant indirect relationship between the changes to `wcslen` and the behavior or output of `free`, suggesting no observable impact.",
            "C": "The modification of `wcslen` might indirectly influence `free` by modifying the control statement that controls the behavior of `free`.",
            "D": "It is not possible to determine the effect without additional context."
        },
        "answer": "A",
        "distance": 1
    },
    {
        "case_id": 6908,
        "code": "void CWE761_Free_Pointer_Not_at_Start_of_Buffer__wchar_t_console_01_bad()\n{\n    wchar_t * data;\n    data = (wchar_t *)malloc(100*sizeof(wchar_t));\n    if (data == NULL) {exit(-1);}\n    data[0] = L'\\0';\n    {\n        /* Read input from the console */\n        size_t dataLen = wcslen(data);\n        /* if there is room in data, read into it from the console */\n        if (100-dataLen > 1)\n        {\n            /* POTENTIAL FLAW: Read data from the console */\n            if (fgetws(data+dataLen, (int)(100-dataLen), stdin) != NULL)\n            {\n                /* The next few lines remove the carriage return from the string that is\n                 * inserted by fgetws() */\n                dataLen = wcslen(data);\n                if (dataLen > 0 && data[dataLen-1] == L'\\n')\n                {\n                    data[dataLen-1] = L'\\0';\n                }\n            }\n            else\n            {\n                printLine(\"fgetws() failed\");\n                /* Restore NUL terminator if fgetws fails */\n                data[dataLen] = L'\\0';\n            }\n        }\n    }\n    /* FLAW: We are incrementing the pointer in the loop - this will cause us to free the\n     * memory block not at the start of the buffer */\n    for (; *data != L'\\0'; data++)\n    {\n        if (*data == SEARCH_CHAR)\n        {\n            printLine(\"We have a match!\");\n            break;\n        }\n    }\n    free(data);\n}",
        "question": "Given that the parameter or function `data` is modified before the execution of the function `free`, evaluate the potential impact on the outcomes of `free`. Consider how `data` could influence `free`, including its role as a direct parameter, its effect on controlling conditions, or its indirect impacts through other related variables or system states.",
        "choices": {
            "A": "The change to `data` directly alters the arguments passed to `free`.",
            "B": "There is neither a direct nor a significant indirect relationship between the changes to `data` and the behavior or output of `free`, suggesting no observable impact.",
            "C": "The modification of `data` might indirectly influence `free` by modifying the control statement that controls the behavior of `free`.",
            "D": "It is not possible to determine the effect without additional context."
        },
        "answer": "A",
        "distance": 1
    },
    {
        "case_id": 6908,
        "code": "void CWE761_Free_Pointer_Not_at_Start_of_Buffer__wchar_t_console_01_bad()\n{\n    wchar_t * data;\n    data = (wchar_t *)malloc(100*sizeof(wchar_t));\n    if (data == NULL) {exit(-1);}\n    data[0] = L'\\0';\n    {\n        /* Read input from the console */\n        size_t dataLen = wcslen(data);\n        /* if there is room in data, read into it from the console */\n        if (100-dataLen > 1)\n        {\n            /* POTENTIAL FLAW: Read data from the console */\n            if (fgetws(data+dataLen, (int)(100-dataLen), stdin) != NULL)\n            {\n                /* The next few lines remove the carriage return from the string that is\n                 * inserted by fgetws() */\n                dataLen = wcslen(data);\n                if (dataLen > 0 && data[dataLen-1] == L'\\n')\n                {\n                    data[dataLen-1] = L'\\0';\n                }\n            }\n            else\n            {\n                printLine(\"fgetws() failed\");\n                /* Restore NUL terminator if fgetws fails */\n                data[dataLen] = L'\\0';\n            }\n        }\n    }\n    /* FLAW: We are incrementing the pointer in the loop - this will cause us to free the\n     * memory block not at the start of the buffer */\n    for (; *data != L'\\0'; data++)\n    {\n        if (*data == SEARCH_CHAR)\n        {\n            printLine(\"We have a match!\");\n            break;\n        }\n    }\n    free(data);\n}",
        "question": "Given that the parameter or function `wchar_t` is modified before the execution of the function `free`, evaluate the potential impact on the outcomes of `free`. Consider how `wchar_t` could influence `free`, including its role as a direct parameter, its effect on controlling conditions, or its indirect impacts through other related variables or system states.",
        "choices": {
            "A": "The change to `wchar_t` directly alters the arguments passed to `free`.",
            "B": "There is neither a direct nor a significant indirect relationship between the changes to `wchar_t` and the behavior or output of `free`, suggesting no observable impact.",
            "C": "The modification of `wchar_t` might indirectly influence `free` by modifying the control statement that controls the behavior of `free`.",
            "D": "It is not possible to determine the effect without additional context."
        },
        "answer": "A",
        "distance": 1
    },
    {
        "case_id": 6908,
        "code": "void CWE761_Free_Pointer_Not_at_Start_of_Buffer__wchar_t_console_01_bad()\n{\n    wchar_t * data;\n    data = (wchar_t *)malloc(100*sizeof(wchar_t));\n    if (data == NULL) {exit(-1);}\n    data[0] = L'\\0';\n    {\n        /* Read input from the console */\n        size_t dataLen = wcslen(data);\n        /* if there is room in data, read into it from the console */\n        if (100-dataLen > 1)\n        {\n            /* POTENTIAL FLAW: Read data from the console */\n            if (fgetws(data+dataLen, (int)(100-dataLen), stdin) != NULL)\n            {\n                /* The next few lines remove the carriage return from the string that is\n                 * inserted by fgetws() */\n                dataLen = wcslen(data);\n                if (dataLen > 0 && data[dataLen-1] == L'\\n')\n                {\n                    data[dataLen-1] = L'\\0';\n                }\n            }\n            else\n            {\n                printLine(\"fgetws() failed\");\n                /* Restore NUL terminator if fgetws fails */\n                data[dataLen] = L'\\0';\n            }\n        }\n    }\n    /* FLAW: We are incrementing the pointer in the loop - this will cause us to free the\n     * memory block not at the start of the buffer */\n    for (; *data != L'\\0'; data++)\n    {\n        if (*data == SEARCH_CHAR)\n        {\n            printLine(\"We have a match!\");\n            break;\n        }\n    }\n    free(data);\n}",
        "question": "Given that the parameter or function `dataLen` is modified before the execution of the function `free`, evaluate the potential impact on the outcomes of `free`. Consider how `dataLen` could influence `free`, including its role as a direct parameter, its effect on controlling conditions, or its indirect impacts through other related variables or system states.",
        "choices": {
            "A": "The change to `dataLen` directly alters the arguments passed to `free`.",
            "B": "There is neither a direct nor a significant indirect relationship between the changes to `dataLen` and the behavior or output of `free`, suggesting no observable impact.",
            "C": "The modification of `dataLen` might indirectly influence `free` by modifying the control statement that controls the behavior of `free`.",
            "D": "It is not possible to determine the effect without additional context."
        },
        "answer": "B",
        "distance": 0
    },
    {
        "case_id": 6908,
        "code": "void CWE761_Free_Pointer_Not_at_Start_of_Buffer__wchar_t_console_01_bad()\n{\n    wchar_t * data;\n    data = (wchar_t *)malloc(100*sizeof(wchar_t));\n    if (data == NULL) {exit(-1);}\n    data[0] = L'\\0';\n    {\n        /* Read input from the console */\n        size_t dataLen = wcslen(data);\n        /* if there is room in data, read into it from the console */\n        if (100-dataLen > 1)\n        {\n            /* POTENTIAL FLAW: Read data from the console */\n            if (fgetws(data+dataLen, (int)(100-dataLen), stdin) != NULL)\n            {\n                /* The next few lines remove the carriage return from the string that is\n                 * inserted by fgetws() */\n                dataLen = wcslen(data);\n                if (dataLen > 0 && data[dataLen-1] == L'\\n')\n                {\n                    data[dataLen-1] = L'\\0';\n                }\n            }\n            else\n            {\n                printLine(\"fgetws() failed\");\n                /* Restore NUL terminator if fgetws fails */\n                data[dataLen] = L'\\0';\n            }\n        }\n    }\n    /* FLAW: We are incrementing the pointer in the loop - this will cause us to free the\n     * memory block not at the start of the buffer */\n    for (; *data != L'\\0'; data++)\n    {\n        if (*data == SEARCH_CHAR)\n        {\n            printLine(\"We have a match!\");\n            break;\n        }\n    }\n    free(data);\n}",
        "question": "Given that the parameter or function `printLine` is modified before the execution of the function `free`, evaluate the potential impact on the outcomes of `free`. Consider how `printLine` could influence `free`, including its role as a direct parameter, its effect on controlling conditions, or its indirect impacts through other related variables or system states.",
        "choices": {
            "A": "The change to `printLine` directly alters the arguments passed to `free`.",
            "B": "There is neither a direct nor a significant indirect relationship between the changes to `printLine` and the behavior or output of `free`, suggesting no observable impact.",
            "C": "The modification of `printLine` might indirectly influence `free` by modifying the control statement that controls the behavior of `free`.",
            "D": "It is not possible to determine the effect without additional context."
        },
        "answer": "B",
        "distance": 0
    },
    {
        "case_id": 6908,
        "code": "void CWE761_Free_Pointer_Not_at_Start_of_Buffer__wchar_t_console_01_bad()\n{\n    wchar_t * data;\n    data = (wchar_t *)malloc(100*sizeof(wchar_t));\n    if (data == NULL) {exit(-1);}\n    data[0] = L'\\0';\n    {\n        /* Read input from the console */\n        size_t dataLen = wcslen(data);\n        /* if there is room in data, read into it from the console */\n        if (100-dataLen > 1)\n        {\n            /* POTENTIAL FLAW: Read data from the console */\n            if (fgetws(data+dataLen, (int)(100-dataLen), stdin) != NULL)\n            {\n                /* The next few lines remove the carriage return from the string that is\n                 * inserted by fgetws() */\n                dataLen = wcslen(data);\n                if (dataLen > 0 && data[dataLen-1] == L'\\n')\n                {\n                    data[dataLen-1] = L'\\0';\n                }\n            }\n            else\n            {\n                printLine(\"fgetws() failed\");\n                /* Restore NUL terminator if fgetws fails */\n                data[dataLen] = L'\\0';\n            }\n        }\n    }\n    /* FLAW: We are incrementing the pointer in the loop - this will cause us to free the\n     * memory block not at the start of the buffer */\n    for (; *data != L'\\0'; data++)\n    {\n        if (*data == SEARCH_CHAR)\n        {\n            printLine(\"We have a match!\");\n            break;\n        }\n    }\n    free(data);\n}",
        "question": "Given that the parameter or function `free` is modified before the execution of the function `malloc`, evaluate the potential impact on the outcomes of `malloc`. Consider how `free` could influence `malloc`, including its role as a direct parameter, its effect on controlling conditions, or its indirect impacts through other related variables or system states.",
        "choices": {
            "A": "The change to `free` directly alters the arguments passed to `malloc`.",
            "B": "There is neither a direct nor a significant indirect relationship between the changes to `free` and the behavior or output of `malloc`, suggesting no observable impact.",
            "C": "The modification of `free` might indirectly influence `malloc` by modifying the control statement that controls the behavior of `malloc`.",
            "D": "It is not possible to determine the effect without additional context."
        },
        "answer": "B",
        "distance": 0
    },
    {
        "case_id": 6908,
        "code": "void CWE761_Free_Pointer_Not_at_Start_of_Buffer__wchar_t_console_01_bad()\n{\n    wchar_t * data;\n    data = (wchar_t *)malloc(100*sizeof(wchar_t));\n    if (data == NULL) {exit(-1);}\n    data[0] = L'\\0';\n    {\n        /* Read input from the console */\n        size_t dataLen = wcslen(data);\n        /* if there is room in data, read into it from the console */\n        if (100-dataLen > 1)\n        {\n            /* POTENTIAL FLAW: Read data from the console */\n            if (fgetws(data+dataLen, (int)(100-dataLen), stdin) != NULL)\n            {\n                /* The next few lines remove the carriage return from the string that is\n                 * inserted by fgetws() */\n                dataLen = wcslen(data);\n                if (dataLen > 0 && data[dataLen-1] == L'\\n')\n                {\n                    data[dataLen-1] = L'\\0';\n                }\n            }\n            else\n            {\n                printLine(\"fgetws() failed\");\n                /* Restore NUL terminator if fgetws fails */\n                data[dataLen] = L'\\0';\n            }\n        }\n    }\n    /* FLAW: We are incrementing the pointer in the loop - this will cause us to free the\n     * memory block not at the start of the buffer */\n    for (; *data != L'\\0'; data++)\n    {\n        if (*data == SEARCH_CHAR)\n        {\n            printLine(\"We have a match!\");\n            break;\n        }\n    }\n    free(data);\n}",
        "question": "Given that the parameter or function `wcslen` is modified before the execution of the function `malloc`, evaluate the potential impact on the outcomes of `malloc`. Consider how `wcslen` could influence `malloc`, including its role as a direct parameter, its effect on controlling conditions, or its indirect impacts through other related variables or system states.",
        "choices": {
            "A": "The change to `wcslen` directly alters the arguments passed to `malloc`.",
            "B": "There is neither a direct nor a significant indirect relationship between the changes to `wcslen` and the behavior or output of `malloc`, suggesting no observable impact.",
            "C": "The modification of `wcslen` might indirectly influence `malloc` by modifying the control statement that controls the behavior of `malloc`.",
            "D": "It is not possible to determine the effect without additional context."
        },
        "answer": "B",
        "distance": 0
    }
]