[
    {
        "case_id": 3140,
        "code": "void CWE391_Unchecked_Error_Condition__strtol_01_bad()\n{\n    {\n        long longNumber;\n        longNumber = strtol(\"0xfffffffff\", NULL, 0);\n        /* FLAW: Do not check to see if strtol() failed */\n        printf(\"%li\\n\", longNumber);\n    }\n}",
        "question": "Given that the parameter or function `strtol` is modified before the execution of the function `printf`, evaluate the potential impact on the outcomes of `printf`. Consider how `strtol` could influence `printf`, including its role as a direct parameter, its effect on controlling conditions, or its indirect impacts through other related variables or system states.",
        "choices": {
            "A": "The change to `strtol` directly alters the arguments passed to `printf`.",
            "B": "There is neither a direct nor a significant indirect relationship between the changes to `strtol` and the behavior or output of `printf`, suggesting no observable impact.",
            "C": "The modification of `strtol` might indirectly influence `printf` by modifying the control statement that controls the behavior of `printf`.",
            "D": "It is not possible to determine the effect without additional context."
        },
        "answer": "A",
        "distance": 1
    },
    {
        "case_id": 3140,
        "code": "void CWE391_Unchecked_Error_Condition__strtol_01_bad()\n{\n    {\n        long longNumber;\n        longNumber = strtol(\"0xfffffffff\", NULL, 0);\n        /* FLAW: Do not check to see if strtol() failed */\n        printf(\"%li\\n\", longNumber);\n    }\n}",
        "question": "Given that the parameter or function `longNumber` is modified before the execution of the function `printf`, evaluate the potential impact on the outcomes of `printf`. Consider how `longNumber` could influence `printf`, including its role as a direct parameter, its effect on controlling conditions, or its indirect impacts through other related variables or system states.",
        "choices": {
            "A": "The change to `longNumber` directly alters the arguments passed to `printf`.",
            "B": "There is neither a direct nor a significant indirect relationship between the changes to `longNumber` and the behavior or output of `printf`, suggesting no observable impact.",
            "C": "The modification of `longNumber` might indirectly influence `printf` by modifying the control statement that controls the behavior of `printf`.",
            "D": "It is not possible to determine the effect without additional context."
        },
        "answer": "A",
        "distance": 1
    },
    {
        "case_id": 3140,
        "code": "void CWE391_Unchecked_Error_Condition__strtol_01_bad()\n{\n    {\n        long longNumber;\n        longNumber = strtol(\"0xfffffffff\", NULL, 0);\n        /* FLAW: Do not check to see if strtol() failed */\n        printf(\"%li\\n\", longNumber);\n    }\n}",
        "question": "Given that the parameter or function `printf` is modified before the execution of the function `strtol`, evaluate the potential impact on the outcomes of `strtol`. Consider how `printf` could influence `strtol`, including its role as a direct parameter, its effect on controlling conditions, or its indirect impacts through other related variables or system states.",
        "choices": {
            "A": "The change to `printf` directly alters the arguments passed to `strtol`.",
            "B": "There is neither a direct nor a significant indirect relationship between the changes to `printf` and the behavior or output of `strtol`, suggesting no observable impact.",
            "C": "The modification of `printf` might indirectly influence `strtol` by modifying the control statement that controls the behavior of `strtol`.",
            "D": "It is not possible to determine the effect without additional context."
        },
        "answer": "B",
        "distance": 0
    },
    {
        "case_id": 3140,
        "code": "void CWE391_Unchecked_Error_Condition__strtol_01_bad()\n{\n    {\n        long longNumber;\n        longNumber = strtol(\"0xfffffffff\", NULL, 0);\n        /* FLAW: Do not check to see if strtol() failed */\n        printf(\"%li\\n\", longNumber);\n    }\n}",
        "question": "Given that the parameter or function `longNumber` is modified before the execution of the function `strtol`, evaluate the potential impact on the outcomes of `strtol`. Consider how `longNumber` could influence `strtol`, including its role as a direct parameter, its effect on controlling conditions, or its indirect impacts through other related variables or system states.",
        "choices": {
            "A": "The change to `longNumber` directly alters the arguments passed to `strtol`.",
            "B": "There is neither a direct nor a significant indirect relationship between the changes to `longNumber` and the behavior or output of `strtol`, suggesting no observable impact.",
            "C": "The modification of `longNumber` might indirectly influence `strtol` by modifying the control statement that controls the behavior of `strtol`.",
            "D": "It is not possible to determine the effect without additional context."
        },
        "answer": "B",
        "distance": 0
    }
]