[
    {
        "case_id": 2622,
        "code": "void CWE321_Hard_Coded_Cryptographic_Key__w32_wchar_t_01_bad()\n{\n    wchar_t * cryptoKey;\n    wchar_t cryptoKeyBuffer[100] = L\"\";\n    cryptoKey = cryptoKeyBuffer;\n    /* FLAW: Use a hardcoded value for the hash input causing a hardcoded crypto key in the sink */\n    wcscpy(cryptoKey, CRYPTO_KEY);\n    {\n        HCRYPTPROV hCryptProv;\n        HCRYPTKEY hKey;\n        HCRYPTHASH hHash;\n        wchar_t toBeEncrypted[] = L\"String to be encrypted\";\n        DWORD encryptedLen = wcslen(toBeEncrypted)*sizeof(wchar_t);\n        BYTE encrypted[200];    /* buffer should be larger than toBeEncrypted to have room for IV and padding */\n        /* Copy plaintext (without NUL terminator) into byte buffer */\n        memcpy(encrypted, toBeEncrypted, encryptedLen);\n        /* Try to get a context with and without a new key set */\n        if(!CryptAcquireContext(&hCryptProv, NULL, MS_ENHANCED_PROV, PROV_RSA_AES, 0))\n        {\n            if(!CryptAcquireContext(&hCryptProv, NULL, MS_ENHANCED_PROV, PROV_RSA_AES, CRYPT_NEWKEYSET))\n            {\n                printLine(\"Error in acquiring cryptographic context\");\n                exit(1);\n            }\n        }\n        /* Create Hash handle */\n        if(!CryptCreateHash(hCryptProv, CALG_SHA_256, 0, 0, &hHash))\n        {\n            printLine(\"Error in creating hash\");\n            exit(1);\n        }\n        /* Hash the cryptoKey */\n        if(!CryptHashData(hHash, (BYTE *) cryptoKey, wcslen(cryptoKey)*sizeof(wchar_t), 0))\n        {\n            printLine(\"Error in hashing cryptoKey\");\n            exit(1);\n        }\n        /* Derive an AES key from the Hashed cryptoKey */\n        if(!CryptDeriveKey(hCryptProv, CALG_AES_256, hHash, 0, &hKey))\n        {\n            printLine(\"Error in CryptDeriveKey\");\n            exit(1);\n        }\n        /* POTENTIAL FLAW: Possibly using a hardcoded crypto key */\n        /* Use the derived key to encrypt something */\n        if(!CryptEncrypt(hKey, (HCRYPTHASH)NULL, 1, 0, encrypted, &encryptedLen, sizeof(encrypted)))\n        {\n            printLine(\"Error in CryptEncrypt\");\n            exit(1);\n        }\n        /* use encrypted block */\n        printBytesLine(encrypted, encryptedLen);\n        if (hKey)\n        {\n            CryptDestroyKey(hKey);\n        }\n        if (hHash)\n        {\n            CryptDestroyHash(hHash);\n        }\n        if (hCryptProv)\n        {\n            CryptReleaseContext(hCryptProv, 0);\n        }\n    }\n}",
        "question": "Given that the parameter or function `wcslen` is modified before the execution of the function `printBytesLine`, evaluate the potential impact on the outcomes of `printBytesLine`. Consider how `wcslen` could influence `printBytesLine`, including its role as a direct parameter, its effect on controlling conditions, or its indirect impacts through other related variables or system states.",
        "choices": {
            "A": "The change to `wcslen` directly alters the arguments passed to `printBytesLine`.",
            "B": "There is neither a direct nor a significant indirect relationship between the changes to `wcslen` and the behavior or output of `printBytesLine`, suggesting no observable impact.",
            "C": "The modification of `wcslen` might indirectly influence `printBytesLine` by modifying the control statement that controls the behavior of `printBytesLine`.",
            "D": "It is not possible to determine the effect without additional context."
        },
        "answer": "A",
        "distance": 3
    },
    {
        "case_id": 2622,
        "code": "void CWE321_Hard_Coded_Cryptographic_Key__w32_wchar_t_01_bad()\n{\n    wchar_t * cryptoKey;\n    wchar_t cryptoKeyBuffer[100] = L\"\";\n    cryptoKey = cryptoKeyBuffer;\n    /* FLAW: Use a hardcoded value for the hash input causing a hardcoded crypto key in the sink */\n    wcscpy(cryptoKey, CRYPTO_KEY);\n    {\n        HCRYPTPROV hCryptProv;\n        HCRYPTKEY hKey;\n        HCRYPTHASH hHash;\n        wchar_t toBeEncrypted[] = L\"String to be encrypted\";\n        DWORD encryptedLen = wcslen(toBeEncrypted)*sizeof(wchar_t);\n        BYTE encrypted[200];    /* buffer should be larger than toBeEncrypted to have room for IV and padding */\n        /* Copy plaintext (without NUL terminator) into byte buffer */\n        memcpy(encrypted, toBeEncrypted, encryptedLen);\n        /* Try to get a context with and without a new key set */\n        if(!CryptAcquireContext(&hCryptProv, NULL, MS_ENHANCED_PROV, PROV_RSA_AES, 0))\n        {\n            if(!CryptAcquireContext(&hCryptProv, NULL, MS_ENHANCED_PROV, PROV_RSA_AES, CRYPT_NEWKEYSET))\n            {\n                printLine(\"Error in acquiring cryptographic context\");\n                exit(1);\n            }\n        }\n        /* Create Hash handle */\n        if(!CryptCreateHash(hCryptProv, CALG_SHA_256, 0, 0, &hHash))\n        {\n            printLine(\"Error in creating hash\");\n            exit(1);\n        }\n        /* Hash the cryptoKey */\n        if(!CryptHashData(hHash, (BYTE *) cryptoKey, wcslen(cryptoKey)*sizeof(wchar_t), 0))\n        {\n            printLine(\"Error in hashing cryptoKey\");\n            exit(1);\n        }\n        /* Derive an AES key from the Hashed cryptoKey */\n        if(!CryptDeriveKey(hCryptProv, CALG_AES_256, hHash, 0, &hKey))\n        {\n            printLine(\"Error in CryptDeriveKey\");\n            exit(1);\n        }\n        /* POTENTIAL FLAW: Possibly using a hardcoded crypto key */\n        /* Use the derived key to encrypt something */\n        if(!CryptEncrypt(hKey, (HCRYPTHASH)NULL, 1, 0, encrypted, &encryptedLen, sizeof(encrypted)))\n        {\n            printLine(\"Error in CryptEncrypt\");\n            exit(1);\n        }\n        /* use encrypted block */\n        printBytesLine(encrypted, encryptedLen);\n        if (hKey)\n        {\n            CryptDestroyKey(hKey);\n        }\n        if (hHash)\n        {\n            CryptDestroyHash(hHash);\n        }\n        if (hCryptProv)\n        {\n            CryptReleaseContext(hCryptProv, 0);\n        }\n    }\n}",
        "question": "Given that the parameter or function `wchar_t` is modified before the execution of the function `printBytesLine`, evaluate the potential impact on the outcomes of `printBytesLine`. Consider how `wchar_t` could influence `printBytesLine`, including its role as a direct parameter, its effect on controlling conditions, or its indirect impacts through other related variables or system states.",
        "choices": {
            "A": "The change to `wchar_t` directly alters the arguments passed to `printBytesLine`.",
            "B": "There is neither a direct nor a significant indirect relationship between the changes to `wchar_t` and the behavior or output of `printBytesLine`, suggesting no observable impact.",
            "C": "The modification of `wchar_t` might indirectly influence `printBytesLine` by modifying the control statement that controls the behavior of `printBytesLine`.",
            "D": "It is not possible to determine the effect without additional context."
        },
        "answer": "A",
        "distance": 3
    },
    {
        "case_id": 2622,
        "code": "void CWE321_Hard_Coded_Cryptographic_Key__w32_wchar_t_01_bad()\n{\n    wchar_t * cryptoKey;\n    wchar_t cryptoKeyBuffer[100] = L\"\";\n    cryptoKey = cryptoKeyBuffer;\n    /* FLAW: Use a hardcoded value for the hash input causing a hardcoded crypto key in the sink */\n    wcscpy(cryptoKey, CRYPTO_KEY);\n    {\n        HCRYPTPROV hCryptProv;\n        HCRYPTKEY hKey;\n        HCRYPTHASH hHash;\n        wchar_t toBeEncrypted[] = L\"String to be encrypted\";\n        DWORD encryptedLen = wcslen(toBeEncrypted)*sizeof(wchar_t);\n        BYTE encrypted[200];    /* buffer should be larger than toBeEncrypted to have room for IV and padding */\n        /* Copy plaintext (without NUL terminator) into byte buffer */\n        memcpy(encrypted, toBeEncrypted, encryptedLen);\n        /* Try to get a context with and without a new key set */\n        if(!CryptAcquireContext(&hCryptProv, NULL, MS_ENHANCED_PROV, PROV_RSA_AES, 0))\n        {\n            if(!CryptAcquireContext(&hCryptProv, NULL, MS_ENHANCED_PROV, PROV_RSA_AES, CRYPT_NEWKEYSET))\n            {\n                printLine(\"Error in acquiring cryptographic context\");\n                exit(1);\n            }\n        }\n        /* Create Hash handle */\n        if(!CryptCreateHash(hCryptProv, CALG_SHA_256, 0, 0, &hHash))\n        {\n            printLine(\"Error in creating hash\");\n            exit(1);\n        }\n        /* Hash the cryptoKey */\n        if(!CryptHashData(hHash, (BYTE *) cryptoKey, wcslen(cryptoKey)*sizeof(wchar_t), 0))\n        {\n            printLine(\"Error in hashing cryptoKey\");\n            exit(1);\n        }\n        /* Derive an AES key from the Hashed cryptoKey */\n        if(!CryptDeriveKey(hCryptProv, CALG_AES_256, hHash, 0, &hKey))\n        {\n            printLine(\"Error in CryptDeriveKey\");\n            exit(1);\n        }\n        /* POTENTIAL FLAW: Possibly using a hardcoded crypto key */\n        /* Use the derived key to encrypt something */\n        if(!CryptEncrypt(hKey, (HCRYPTHASH)NULL, 1, 0, encrypted, &encryptedLen, sizeof(encrypted)))\n        {\n            printLine(\"Error in CryptEncrypt\");\n            exit(1);\n        }\n        /* use encrypted block */\n        printBytesLine(encrypted, encryptedLen);\n        if (hKey)\n        {\n            CryptDestroyKey(hKey);\n        }\n        if (hHash)\n        {\n            CryptDestroyHash(hHash);\n        }\n        if (hCryptProv)\n        {\n            CryptReleaseContext(hCryptProv, 0);\n        }\n    }\n}",
        "question": "Given that the parameter or function `wcslen` is modified before the execution of the function `memcpy`, evaluate the potential impact on the outcomes of `memcpy`. Consider how `wcslen` could influence `memcpy`, including its role as a direct parameter, its effect on controlling conditions, or its indirect impacts through other related variables or system states.",
        "choices": {
            "A": "The change to `wcslen` directly alters the arguments passed to `memcpy`.",
            "B": "There is neither a direct nor a significant indirect relationship between the changes to `wcslen` and the behavior or output of `memcpy`, suggesting no observable impact.",
            "C": "The modification of `wcslen` might indirectly influence `memcpy` by modifying the control statement that controls the behavior of `memcpy`.",
            "D": "It is not possible to determine the effect without additional context."
        },
        "answer": "A",
        "distance": 3
    },
    {
        "case_id": 2622,
        "code": "void CWE321_Hard_Coded_Cryptographic_Key__w32_wchar_t_01_bad()\n{\n    wchar_t * cryptoKey;\n    wchar_t cryptoKeyBuffer[100] = L\"\";\n    cryptoKey = cryptoKeyBuffer;\n    /* FLAW: Use a hardcoded value for the hash input causing a hardcoded crypto key in the sink */\n    wcscpy(cryptoKey, CRYPTO_KEY);\n    {\n        HCRYPTPROV hCryptProv;\n        HCRYPTKEY hKey;\n        HCRYPTHASH hHash;\n        wchar_t toBeEncrypted[] = L\"String to be encrypted\";\n        DWORD encryptedLen = wcslen(toBeEncrypted)*sizeof(wchar_t);\n        BYTE encrypted[200];    /* buffer should be larger than toBeEncrypted to have room for IV and padding */\n        /* Copy plaintext (without NUL terminator) into byte buffer */\n        memcpy(encrypted, toBeEncrypted, encryptedLen);\n        /* Try to get a context with and without a new key set */\n        if(!CryptAcquireContext(&hCryptProv, NULL, MS_ENHANCED_PROV, PROV_RSA_AES, 0))\n        {\n            if(!CryptAcquireContext(&hCryptProv, NULL, MS_ENHANCED_PROV, PROV_RSA_AES, CRYPT_NEWKEYSET))\n            {\n                printLine(\"Error in acquiring cryptographic context\");\n                exit(1);\n            }\n        }\n        /* Create Hash handle */\n        if(!CryptCreateHash(hCryptProv, CALG_SHA_256, 0, 0, &hHash))\n        {\n            printLine(\"Error in creating hash\");\n            exit(1);\n        }\n        /* Hash the cryptoKey */\n        if(!CryptHashData(hHash, (BYTE *) cryptoKey, wcslen(cryptoKey)*sizeof(wchar_t), 0))\n        {\n            printLine(\"Error in hashing cryptoKey\");\n            exit(1);\n        }\n        /* Derive an AES key from the Hashed cryptoKey */\n        if(!CryptDeriveKey(hCryptProv, CALG_AES_256, hHash, 0, &hKey))\n        {\n            printLine(\"Error in CryptDeriveKey\");\n            exit(1);\n        }\n        /* POTENTIAL FLAW: Possibly using a hardcoded crypto key */\n        /* Use the derived key to encrypt something */\n        if(!CryptEncrypt(hKey, (HCRYPTHASH)NULL, 1, 0, encrypted, &encryptedLen, sizeof(encrypted)))\n        {\n            printLine(\"Error in CryptEncrypt\");\n            exit(1);\n        }\n        /* use encrypted block */\n        printBytesLine(encrypted, encryptedLen);\n        if (hKey)\n        {\n            CryptDestroyKey(hKey);\n        }\n        if (hHash)\n        {\n            CryptDestroyHash(hHash);\n        }\n        if (hCryptProv)\n        {\n            CryptReleaseContext(hCryptProv, 0);\n        }\n    }\n}",
        "question": "Given that the parameter or function `wchar_t` is modified before the execution of the function `memcpy`, evaluate the potential impact on the outcomes of `memcpy`. Consider how `wchar_t` could influence `memcpy`, including its role as a direct parameter, its effect on controlling conditions, or its indirect impacts through other related variables or system states.",
        "choices": {
            "A": "The change to `wchar_t` directly alters the arguments passed to `memcpy`.",
            "B": "There is neither a direct nor a significant indirect relationship between the changes to `wchar_t` and the behavior or output of `memcpy`, suggesting no observable impact.",
            "C": "The modification of `wchar_t` might indirectly influence `memcpy` by modifying the control statement that controls the behavior of `memcpy`.",
            "D": "It is not possible to determine the effect without additional context."
        },
        "answer": "A",
        "distance": 3
    },
    {
        "case_id": 2622,
        "code": "void CWE321_Hard_Coded_Cryptographic_Key__w32_wchar_t_01_bad()\n{\n    wchar_t * cryptoKey;\n    wchar_t cryptoKeyBuffer[100] = L\"\";\n    cryptoKey = cryptoKeyBuffer;\n    /* FLAW: Use a hardcoded value for the hash input causing a hardcoded crypto key in the sink */\n    wcscpy(cryptoKey, CRYPTO_KEY);\n    {\n        HCRYPTPROV hCryptProv;\n        HCRYPTKEY hKey;\n        HCRYPTHASH hHash;\n        wchar_t toBeEncrypted[] = L\"String to be encrypted\";\n        DWORD encryptedLen = wcslen(toBeEncrypted)*sizeof(wchar_t);\n        BYTE encrypted[200];    /* buffer should be larger than toBeEncrypted to have room for IV and padding */\n        /* Copy plaintext (without NUL terminator) into byte buffer */\n        memcpy(encrypted, toBeEncrypted, encryptedLen);\n        /* Try to get a context with and without a new key set */\n        if(!CryptAcquireContext(&hCryptProv, NULL, MS_ENHANCED_PROV, PROV_RSA_AES, 0))\n        {\n            if(!CryptAcquireContext(&hCryptProv, NULL, MS_ENHANCED_PROV, PROV_RSA_AES, CRYPT_NEWKEYSET))\n            {\n                printLine(\"Error in acquiring cryptographic context\");\n                exit(1);\n            }\n        }\n        /* Create Hash handle */\n        if(!CryptCreateHash(hCryptProv, CALG_SHA_256, 0, 0, &hHash))\n        {\n            printLine(\"Error in creating hash\");\n            exit(1);\n        }\n        /* Hash the cryptoKey */\n        if(!CryptHashData(hHash, (BYTE *) cryptoKey, wcslen(cryptoKey)*sizeof(wchar_t), 0))\n        {\n            printLine(\"Error in hashing cryptoKey\");\n            exit(1);\n        }\n        /* Derive an AES key from the Hashed cryptoKey */\n        if(!CryptDeriveKey(hCryptProv, CALG_AES_256, hHash, 0, &hKey))\n        {\n            printLine(\"Error in CryptDeriveKey\");\n            exit(1);\n        }\n        /* POTENTIAL FLAW: Possibly using a hardcoded crypto key */\n        /* Use the derived key to encrypt something */\n        if(!CryptEncrypt(hKey, (HCRYPTHASH)NULL, 1, 0, encrypted, &encryptedLen, sizeof(encrypted)))\n        {\n            printLine(\"Error in CryptEncrypt\");\n            exit(1);\n        }\n        /* use encrypted block */\n        printBytesLine(encrypted, encryptedLen);\n        if (hKey)\n        {\n            CryptDestroyKey(hKey);\n        }\n        if (hHash)\n        {\n            CryptDestroyHash(hHash);\n        }\n        if (hCryptProv)\n        {\n            CryptReleaseContext(hCryptProv, 0);\n        }\n    }\n}",
        "question": "Given that the parameter or function `printBytesLine` is modified before the execution of the function `wcscpy`, evaluate the potential impact on the outcomes of `wcscpy`. Consider how `printBytesLine` could influence `wcscpy`, including its role as a direct parameter, its effect on controlling conditions, or its indirect impacts through other related variables or system states.",
        "choices": {
            "A": "The change to `printBytesLine` directly alters the arguments passed to `wcscpy`.",
            "B": "There is neither a direct nor a significant indirect relationship between the changes to `printBytesLine` and the behavior or output of `wcscpy`, suggesting no observable impact.",
            "C": "The modification of `printBytesLine` might indirectly influence `wcscpy` by modifying the control statement that controls the behavior of `wcscpy`.",
            "D": "It is not possible to determine the effect without additional context."
        },
        "answer": "B",
        "distance": 0
    },
    {
        "case_id": 2622,
        "code": "void CWE321_Hard_Coded_Cryptographic_Key__w32_wchar_t_01_bad()\n{\n    wchar_t * cryptoKey;\n    wchar_t cryptoKeyBuffer[100] = L\"\";\n    cryptoKey = cryptoKeyBuffer;\n    /* FLAW: Use a hardcoded value for the hash input causing a hardcoded crypto key in the sink */\n    wcscpy(cryptoKey, CRYPTO_KEY);\n    {\n        HCRYPTPROV hCryptProv;\n        HCRYPTKEY hKey;\n        HCRYPTHASH hHash;\n        wchar_t toBeEncrypted[] = L\"String to be encrypted\";\n        DWORD encryptedLen = wcslen(toBeEncrypted)*sizeof(wchar_t);\n        BYTE encrypted[200];    /* buffer should be larger than toBeEncrypted to have room for IV and padding */\n        /* Copy plaintext (without NUL terminator) into byte buffer */\n        memcpy(encrypted, toBeEncrypted, encryptedLen);\n        /* Try to get a context with and without a new key set */\n        if(!CryptAcquireContext(&hCryptProv, NULL, MS_ENHANCED_PROV, PROV_RSA_AES, 0))\n        {\n            if(!CryptAcquireContext(&hCryptProv, NULL, MS_ENHANCED_PROV, PROV_RSA_AES, CRYPT_NEWKEYSET))\n            {\n                printLine(\"Error in acquiring cryptographic context\");\n                exit(1);\n            }\n        }\n        /* Create Hash handle */\n        if(!CryptCreateHash(hCryptProv, CALG_SHA_256, 0, 0, &hHash))\n        {\n            printLine(\"Error in creating hash\");\n            exit(1);\n        }\n        /* Hash the cryptoKey */\n        if(!CryptHashData(hHash, (BYTE *) cryptoKey, wcslen(cryptoKey)*sizeof(wchar_t), 0))\n        {\n            printLine(\"Error in hashing cryptoKey\");\n            exit(1);\n        }\n        /* Derive an AES key from the Hashed cryptoKey */\n        if(!CryptDeriveKey(hCryptProv, CALG_AES_256, hHash, 0, &hKey))\n        {\n            printLine(\"Error in CryptDeriveKey\");\n            exit(1);\n        }\n        /* POTENTIAL FLAW: Possibly using a hardcoded crypto key */\n        /* Use the derived key to encrypt something */\n        if(!CryptEncrypt(hKey, (HCRYPTHASH)NULL, 1, 0, encrypted, &encryptedLen, sizeof(encrypted)))\n        {\n            printLine(\"Error in CryptEncrypt\");\n            exit(1);\n        }\n        /* use encrypted block */\n        printBytesLine(encrypted, encryptedLen);\n        if (hKey)\n        {\n            CryptDestroyKey(hKey);\n        }\n        if (hHash)\n        {\n            CryptDestroyHash(hHash);\n        }\n        if (hCryptProv)\n        {\n            CryptReleaseContext(hCryptProv, 0);\n        }\n    }\n}",
        "question": "Given that the parameter or function `CryptReleaseContext` is modified before the execution of the function `wcscpy`, evaluate the potential impact on the outcomes of `wcscpy`. Consider how `CryptReleaseContext` could influence `wcscpy`, including its role as a direct parameter, its effect on controlling conditions, or its indirect impacts through other related variables or system states.",
        "choices": {
            "A": "The change to `CryptReleaseContext` directly alters the arguments passed to `wcscpy`.",
            "B": "There is neither a direct nor a significant indirect relationship between the changes to `CryptReleaseContext` and the behavior or output of `wcscpy`, suggesting no observable impact.",
            "C": "The modification of `CryptReleaseContext` might indirectly influence `wcscpy` by modifying the control statement that controls the behavior of `wcscpy`.",
            "D": "It is not possible to determine the effect without additional context."
        },
        "answer": "B",
        "distance": 0
    },
    {
        "case_id": 2622,
        "code": "void CWE321_Hard_Coded_Cryptographic_Key__w32_wchar_t_01_bad()\n{\n    wchar_t * cryptoKey;\n    wchar_t cryptoKeyBuffer[100] = L\"\";\n    cryptoKey = cryptoKeyBuffer;\n    /* FLAW: Use a hardcoded value for the hash input causing a hardcoded crypto key in the sink */\n    wcscpy(cryptoKey, CRYPTO_KEY);\n    {\n        HCRYPTPROV hCryptProv;\n        HCRYPTKEY hKey;\n        HCRYPTHASH hHash;\n        wchar_t toBeEncrypted[] = L\"String to be encrypted\";\n        DWORD encryptedLen = wcslen(toBeEncrypted)*sizeof(wchar_t);\n        BYTE encrypted[200];    /* buffer should be larger than toBeEncrypted to have room for IV and padding */\n        /* Copy plaintext (without NUL terminator) into byte buffer */\n        memcpy(encrypted, toBeEncrypted, encryptedLen);\n        /* Try to get a context with and without a new key set */\n        if(!CryptAcquireContext(&hCryptProv, NULL, MS_ENHANCED_PROV, PROV_RSA_AES, 0))\n        {\n            if(!CryptAcquireContext(&hCryptProv, NULL, MS_ENHANCED_PROV, PROV_RSA_AES, CRYPT_NEWKEYSET))\n            {\n                printLine(\"Error in acquiring cryptographic context\");\n                exit(1);\n            }\n        }\n        /* Create Hash handle */\n        if(!CryptCreateHash(hCryptProv, CALG_SHA_256, 0, 0, &hHash))\n        {\n            printLine(\"Error in creating hash\");\n            exit(1);\n        }\n        /* Hash the cryptoKey */\n        if(!CryptHashData(hHash, (BYTE *) cryptoKey, wcslen(cryptoKey)*sizeof(wchar_t), 0))\n        {\n            printLine(\"Error in hashing cryptoKey\");\n            exit(1);\n        }\n        /* Derive an AES key from the Hashed cryptoKey */\n        if(!CryptDeriveKey(hCryptProv, CALG_AES_256, hHash, 0, &hKey))\n        {\n            printLine(\"Error in CryptDeriveKey\");\n            exit(1);\n        }\n        /* POTENTIAL FLAW: Possibly using a hardcoded crypto key */\n        /* Use the derived key to encrypt something */\n        if(!CryptEncrypt(hKey, (HCRYPTHASH)NULL, 1, 0, encrypted, &encryptedLen, sizeof(encrypted)))\n        {\n            printLine(\"Error in CryptEncrypt\");\n            exit(1);\n        }\n        /* use encrypted block */\n        printBytesLine(encrypted, encryptedLen);\n        if (hKey)\n        {\n            CryptDestroyKey(hKey);\n        }\n        if (hHash)\n        {\n            CryptDestroyHash(hHash);\n        }\n        if (hCryptProv)\n        {\n            CryptReleaseContext(hCryptProv, 0);\n        }\n    }\n}",
        "question": "Given that the parameter or function `CryptDestroyKey` is modified before the execution of the function `wcscpy`, evaluate the potential impact on the outcomes of `wcscpy`. Consider how `CryptDestroyKey` could influence `wcscpy`, including its role as a direct parameter, its effect on controlling conditions, or its indirect impacts through other related variables or system states.",
        "choices": {
            "A": "The change to `CryptDestroyKey` directly alters the arguments passed to `wcscpy`.",
            "B": "There is neither a direct nor a significant indirect relationship between the changes to `CryptDestroyKey` and the behavior or output of `wcscpy`, suggesting no observable impact.",
            "C": "The modification of `CryptDestroyKey` might indirectly influence `wcscpy` by modifying the control statement that controls the behavior of `wcscpy`.",
            "D": "It is not possible to determine the effect without additional context."
        },
        "answer": "B",
        "distance": 0
    },
    {
        "case_id": 2622,
        "code": "void CWE321_Hard_Coded_Cryptographic_Key__w32_wchar_t_01_bad()\n{\n    wchar_t * cryptoKey;\n    wchar_t cryptoKeyBuffer[100] = L\"\";\n    cryptoKey = cryptoKeyBuffer;\n    /* FLAW: Use a hardcoded value for the hash input causing a hardcoded crypto key in the sink */\n    wcscpy(cryptoKey, CRYPTO_KEY);\n    {\n        HCRYPTPROV hCryptProv;\n        HCRYPTKEY hKey;\n        HCRYPTHASH hHash;\n        wchar_t toBeEncrypted[] = L\"String to be encrypted\";\n        DWORD encryptedLen = wcslen(toBeEncrypted)*sizeof(wchar_t);\n        BYTE encrypted[200];    /* buffer should be larger than toBeEncrypted to have room for IV and padding */\n        /* Copy plaintext (without NUL terminator) into byte buffer */\n        memcpy(encrypted, toBeEncrypted, encryptedLen);\n        /* Try to get a context with and without a new key set */\n        if(!CryptAcquireContext(&hCryptProv, NULL, MS_ENHANCED_PROV, PROV_RSA_AES, 0))\n        {\n            if(!CryptAcquireContext(&hCryptProv, NULL, MS_ENHANCED_PROV, PROV_RSA_AES, CRYPT_NEWKEYSET))\n            {\n                printLine(\"Error in acquiring cryptographic context\");\n                exit(1);\n            }\n        }\n        /* Create Hash handle */\n        if(!CryptCreateHash(hCryptProv, CALG_SHA_256, 0, 0, &hHash))\n        {\n            printLine(\"Error in creating hash\");\n            exit(1);\n        }\n        /* Hash the cryptoKey */\n        if(!CryptHashData(hHash, (BYTE *) cryptoKey, wcslen(cryptoKey)*sizeof(wchar_t), 0))\n        {\n            printLine(\"Error in hashing cryptoKey\");\n            exit(1);\n        }\n        /* Derive an AES key from the Hashed cryptoKey */\n        if(!CryptDeriveKey(hCryptProv, CALG_AES_256, hHash, 0, &hKey))\n        {\n            printLine(\"Error in CryptDeriveKey\");\n            exit(1);\n        }\n        /* POTENTIAL FLAW: Possibly using a hardcoded crypto key */\n        /* Use the derived key to encrypt something */\n        if(!CryptEncrypt(hKey, (HCRYPTHASH)NULL, 1, 0, encrypted, &encryptedLen, sizeof(encrypted)))\n        {\n            printLine(\"Error in CryptEncrypt\");\n            exit(1);\n        }\n        /* use encrypted block */\n        printBytesLine(encrypted, encryptedLen);\n        if (hKey)\n        {\n            CryptDestroyKey(hKey);\n        }\n        if (hHash)\n        {\n            CryptDestroyHash(hHash);\n        }\n        if (hCryptProv)\n        {\n            CryptReleaseContext(hCryptProv, 0);\n        }\n    }\n}",
        "question": "Given that the parameter or function `CryptDestroyHash` is modified before the execution of the function `wcscpy`, evaluate the potential impact on the outcomes of `wcscpy`. Consider how `CryptDestroyHash` could influence `wcscpy`, including its role as a direct parameter, its effect on controlling conditions, or its indirect impacts through other related variables or system states.",
        "choices": {
            "A": "The change to `CryptDestroyHash` directly alters the arguments passed to `wcscpy`.",
            "B": "There is neither a direct nor a significant indirect relationship between the changes to `CryptDestroyHash` and the behavior or output of `wcscpy`, suggesting no observable impact.",
            "C": "The modification of `CryptDestroyHash` might indirectly influence `wcscpy` by modifying the control statement that controls the behavior of `wcscpy`.",
            "D": "It is not possible to determine the effect without additional context."
        },
        "answer": "B",
        "distance": 0
    }
]