[
    {
        "case_id": "primevul_48",
        "code": "static int einj_error_inject(u32 type, u32 flags, u64 param1, u64 param2, u64 param3, u64 param4)\n{\n    int rc;\n    u64 base_addr, size;\n    if (flags && (flags & ~(SETWA_FLAGS_APICID|SETWA_FLAGS_MEM|SETWA_FLAGS_PCIE_SBDF)))\n    {\n        return -EINVAL;\n    }\n    if (!(param_extension || acpi5))\n    {\n        goto inject;\n    }\n    if (type & ACPI5_VENDOR_BIT)\n    {\n        if (vendor_flags != SETWA_FLAGS_MEM)\n        {\n            goto inject;\n        }\n    }\n    else if (!(type & MEM_ERROR_MASK) && !(flags & SETWA_FLAGS_MEM))\n    {\n        goto inject;\n    }\n    base_addr = param1 & param2;\n    size = ~param2 + 1;\n    if (((param2 & PAGE_MASK) != PAGE_MASK) ||\n        ((region_intersects(base_addr, size, IORESOURCE_SYSTEM_RAM, IORES_DESC_NONE) != REGION_INTERSECTS) &&\n         (region_intersects(base_addr, size, IORESOURCE_MEM, IORES_DESC_PERSISTENT_MEMORY) != REGION_INTERSECTS)))\n    {\n        return -EINVAL;\n    }\n    inject:\n    mutex_lock(&einj_mutex);\n    rc = __einj_error_inject(type, flags, param1, param2, param3, param4);\n    mutex_unlock(&einj_mutex);\n    return rc;\n}\n",
        "question": "How does modifying the control structure `else if (!(type & MEM_ERROR_MASK) && !(flags & SETWA_FLAGS_MEM))` affect the behavior or output of `mutex_unlock`?",
        "choices": {
            "A": "The modification of `else if (!(type & MEM_ERROR_MASK) && !(flags & SETWA_FLAGS_MEM))` directly impacts the execution of `mutex_unlock` because its entire operation is controlled by `else if (!(type & MEM_ERROR_MASK) && !(flags & SETWA_FLAGS_MEM))` and located within `else if (!(type & MEM_ERROR_MASK) && !(flags & SETWA_FLAGS_MEM))`.",
            "B": "Modifying `else if (!(type & MEM_ERROR_MASK) && !(flags & SETWA_FLAGS_MEM))` has no impact on the behavior or output of `mutex_unlock`.",
            "C": "The change of else if (!(type & MEM_ERROR_MASK) && !(flags & SETWA_FLAGS_MEM)) indirectly affects the execution of `mutex_unlock`, as the modifications in `else if (!(type & MEM_ERROR_MASK) && !(flags & SETWA_FLAGS_MEM))` influence the arguments or conditions within `mutex_unlock`.",
            "D": "It is not possible to determine the effect without additional context."
        },
        "answer": "B",
        "distance": 0
    },
    {
        "case_id": "primevul_48",
        "code": "static int einj_error_inject(u32 type, u32 flags, u64 param1, u64 param2, u64 param3, u64 param4)\n{\n    int rc;\n    u64 base_addr, size;\n    if (flags && (flags & ~(SETWA_FLAGS_APICID|SETWA_FLAGS_MEM|SETWA_FLAGS_PCIE_SBDF)))\n    {\n        return -EINVAL;\n    }\n    if (!(param_extension || acpi5))\n    {\n        goto inject;\n    }\n    if (type & ACPI5_VENDOR_BIT)\n    {\n        if (vendor_flags != SETWA_FLAGS_MEM)\n        {\n            goto inject;\n        }\n    }\n    else if (!(type & MEM_ERROR_MASK) && !(flags & SETWA_FLAGS_MEM))\n    {\n        goto inject;\n    }\n    base_addr = param1 & param2;\n    size = ~param2 + 1;\n    if (((param2 & PAGE_MASK) != PAGE_MASK) ||\n        ((region_intersects(base_addr, size, IORESOURCE_SYSTEM_RAM, IORES_DESC_NONE) != REGION_INTERSECTS) &&\n         (region_intersects(base_addr, size, IORESOURCE_MEM, IORES_DESC_PERSISTENT_MEMORY) != REGION_INTERSECTS)))\n    {\n        return -EINVAL;\n    }\n    inject:\n    mutex_lock(&einj_mutex);\n    rc = __einj_error_inject(type, flags, param1, param2, param3, param4);\n    mutex_unlock(&einj_mutex);\n    return rc;\n}\n",
        "question": "How does modifying the control structure `else if (!(type & MEM_ERROR_MASK) && !(flags & SETWA_FLAGS_MEM))` affect the behavior or output of `mutex_lock`?",
        "choices": {
            "A": "The modification of `else if (!(type & MEM_ERROR_MASK) && !(flags & SETWA_FLAGS_MEM))` directly impacts the execution of `mutex_lock` because its entire operation is controlled by `else if (!(type & MEM_ERROR_MASK) && !(flags & SETWA_FLAGS_MEM))` and located within `else if (!(type & MEM_ERROR_MASK) && !(flags & SETWA_FLAGS_MEM))`.",
            "B": "Modifying `else if (!(type & MEM_ERROR_MASK) && !(flags & SETWA_FLAGS_MEM))` has no impact on the behavior or output of `mutex_lock`.",
            "C": "The change of else if (!(type & MEM_ERROR_MASK) && !(flags & SETWA_FLAGS_MEM)) indirectly affects the execution of `mutex_lock`, as the modifications in `else if (!(type & MEM_ERROR_MASK) && !(flags & SETWA_FLAGS_MEM))` influence the arguments or conditions within `mutex_lock`.",
            "D": "It is not possible to determine the effect without additional context."
        },
        "answer": "B",
        "distance": 0
    },
    {
        "case_id": "primevul_48",
        "code": "static int einj_error_inject(u32 type, u32 flags, u64 param1, u64 param2, u64 param3, u64 param4)\n{\n    int rc;\n    u64 base_addr, size;\n    if (flags && (flags & ~(SETWA_FLAGS_APICID|SETWA_FLAGS_MEM|SETWA_FLAGS_PCIE_SBDF)))\n    {\n        return -EINVAL;\n    }\n    if (!(param_extension || acpi5))\n    {\n        goto inject;\n    }\n    if (type & ACPI5_VENDOR_BIT)\n    {\n        if (vendor_flags != SETWA_FLAGS_MEM)\n        {\n            goto inject;\n        }\n    }\n    else if (!(type & MEM_ERROR_MASK) && !(flags & SETWA_FLAGS_MEM))\n    {\n        goto inject;\n    }\n    base_addr = param1 & param2;\n    size = ~param2 + 1;\n    if (((param2 & PAGE_MASK) != PAGE_MASK) ||\n        ((region_intersects(base_addr, size, IORESOURCE_SYSTEM_RAM, IORES_DESC_NONE) != REGION_INTERSECTS) &&\n         (region_intersects(base_addr, size, IORESOURCE_MEM, IORES_DESC_PERSISTENT_MEMORY) != REGION_INTERSECTS)))\n    {\n        return -EINVAL;\n    }\n    inject:\n    mutex_lock(&einj_mutex);\n    rc = __einj_error_inject(type, flags, param1, param2, param3, param4);\n    mutex_unlock(&einj_mutex);\n    return rc;\n}\n",
        "question": "How does modifying the control structure `else if (!(type & MEM_ERROR_MASK) && !(flags & SETWA_FLAGS_MEM))` affect the behavior or output of `__einj_error_inject`?",
        "choices": {
            "A": "The modification of `else if (!(type & MEM_ERROR_MASK) && !(flags & SETWA_FLAGS_MEM))` directly impacts the execution of `__einj_error_inject` because its entire operation is controlled by `else if (!(type & MEM_ERROR_MASK) && !(flags & SETWA_FLAGS_MEM))` and located within `else if (!(type & MEM_ERROR_MASK) && !(flags & SETWA_FLAGS_MEM))`.",
            "B": "Modifying `else if (!(type & MEM_ERROR_MASK) && !(flags & SETWA_FLAGS_MEM))` has no impact on the behavior or output of `__einj_error_inject`.",
            "C": "The change of else if (!(type & MEM_ERROR_MASK) && !(flags & SETWA_FLAGS_MEM)) indirectly affects the execution of `__einj_error_inject`, as the modifications in `else if (!(type & MEM_ERROR_MASK) && !(flags & SETWA_FLAGS_MEM))` influence the arguments or conditions within `__einj_error_inject`.",
            "D": "It is not possible to determine the effect without additional context."
        },
        "answer": "B",
        "distance": 0
    },
    {
        "case_id": "primevul_48",
        "code": "static int einj_error_inject(u32 type, u32 flags, u64 param1, u64 param2, u64 param3, u64 param4)\n{\n    int rc;\n    u64 base_addr, size;\n    if (flags && (flags & ~(SETWA_FLAGS_APICID|SETWA_FLAGS_MEM|SETWA_FLAGS_PCIE_SBDF)))\n    {\n        return -EINVAL;\n    }\n    if (!(param_extension || acpi5))\n    {\n        goto inject;\n    }\n    if (type & ACPI5_VENDOR_BIT)\n    {\n        if (vendor_flags != SETWA_FLAGS_MEM)\n        {\n            goto inject;\n        }\n    }\n    else if (!(type & MEM_ERROR_MASK) && !(flags & SETWA_FLAGS_MEM))\n    {\n        goto inject;\n    }\n    base_addr = param1 & param2;\n    size = ~param2 + 1;\n    if (((param2 & PAGE_MASK) != PAGE_MASK) ||\n        ((region_intersects(base_addr, size, IORESOURCE_SYSTEM_RAM, IORES_DESC_NONE) != REGION_INTERSECTS) &&\n         (region_intersects(base_addr, size, IORESOURCE_MEM, IORES_DESC_PERSISTENT_MEMORY) != REGION_INTERSECTS)))\n    {\n        return -EINVAL;\n    }\n    inject:\n    mutex_lock(&einj_mutex);\n    rc = __einj_error_inject(type, flags, param1, param2, param3, param4);\n    mutex_unlock(&einj_mutex);\n    return rc;\n}\n",
        "question": "How does modifying the control structure `return -EINVAL;` affect the behavior or output of `mutex_unlock`?",
        "choices": {
            "A": "The modification of `return -EINVAL;` directly impacts the execution of `mutex_unlock` because its entire operation is controlled by `return -EINVAL;` and located within `return -EINVAL;`.",
            "B": "Modifying `return -EINVAL;` has no impact on the behavior or output of `mutex_unlock`.",
            "C": "The change of return -EINVAL; indirectly affects the execution of `mutex_unlock`, as the modifications in `return -EINVAL;` influence the arguments or conditions within `mutex_unlock`.",
            "D": "It is not possible to determine the effect without additional context."
        },
        "answer": "B",
        "distance": 0
    }
]