[
    {
        "case_id": "primevul_60",
        "code": "static void construct_get_dest_keyring(struct key **_dest_keyring)\n{\n\tstruct request_key_auth *rka;\n\tconst struct cred *cred = current_cred();\n\tstruct key *dest_keyring = *_dest_keyring, *authkey;\n\tkenter(\"%p\", dest_keyring);\n\tif (dest_keyring)\n\t{\n\t\tkey_get(dest_keyring);\n\t}\n\telse\n\t{\n\t\tswitch (cred->jit_keyring)\n\t\t{\n\t\t\tcase KEY_REQKEY_DEFL_DEFAULT:\n\t\t\tcase KEY_REQKEY_DEFL_REQUESTOR_KEYRING:\n\t\t\t\tif (cred->request_key_auth)\n\t\t\t\t{\n\t\t\t\t\tauthkey = cred->request_key_auth;\n\t\t\t\t\tdown_read(&authkey->sem);\n\t\t\t\t\trka = authkey->payload.data[0];\n\t\t\t\t\tif (!test_bit(KEY_FLAG_REVOKED, &authkey->flags))\n\t\t\t\t\t\tdest_keyring = key_get(rka->dest_keyring);\n\t\t\t\t\tup_read(&authkey->sem);\n\t\t\t\t\tif (dest_keyring)\n\t\t\t\t\t\tbreak;\n\t\t\t\t}\n\t\t\tcase KEY_REQKEY_DEFL_THREAD_KEYRING:\n\t\t\t\tdest_keyring = key_get(cred->thread_keyring);\n\t\t\t\tif (dest_keyring)\n\t\t\t\t\tbreak;\n\t\t\tcase KEY_REQKEY_DEFL_PROCESS_KEYRING:\n\t\t\t\tdest_keyring = key_get(cred->process_keyring);\n\t\t\t\tif (dest_keyring)\n\t\t\t\t\tbreak;\n\t\t\tcase KEY_REQKEY_DEFL_SESSION_KEYRING:\n\t\t\t\trcu_read_lock();\n\t\t\t\tdest_keyring = key_get(rcu_dereference(cred->session_keyring));\n\t\t\t\trcu_read_unlock();\n\t\t\t\tif (dest_keyring)\n\t\t\t\t\tbreak;\n\t\t\tcase KEY_REQKEY_DEFL_USER_SESSION_KEYRING:\n\t\t\t\tdest_keyring = key_get(cred->user->session_keyring);\n\t\t\t\tbreak;\n\t\t\tcase KEY_REQKEY_DEFL_USER_KEYRING:\n\t\t\t\tdest_keyring = key_get(cred->user->uid_keyring);\n\t\t\t\tbreak;\n\t\t\tcase KEY_REQKEY_DEFL_GROUP_KEYRING:\n\t\t\tdefault:\n\t\t\t\tBUG();\n\t\t}\n\t}\n\t*_dest_keyring = dest_keyring;\n\tkleave(\" [dk %d]\", key_serial(dest_keyring));\n\treturn;\n}\n",
        "question": "How does modifying the control structure `if (dest_keyring)` affect the behavior or output of `rcu_dereference`?",
        "choices": {
            "A": "The modification of `if (dest_keyring)` directly impacts the execution of `rcu_dereference` because its entire operation is controlled by `if (dest_keyring)` and located within `if (dest_keyring)`.",
            "B": "Modifying `if (dest_keyring)` has no impact on the behavior or output of `rcu_dereference`.",
            "C": "The change of if (dest_keyring) indirectly affects the execution of `rcu_dereference`, as the modifications in `if (dest_keyring)` influence the arguments or conditions within `rcu_dereference`.",
            "D": "It is not possible to determine the effect without additional context."
        },
        "answer": "A",
        "distance": 2
    },
    {
        "case_id": "primevul_60",
        "code": "static void construct_get_dest_keyring(struct key **_dest_keyring)\n{\n\tstruct request_key_auth *rka;\n\tconst struct cred *cred = current_cred();\n\tstruct key *dest_keyring = *_dest_keyring, *authkey;\n\tkenter(\"%p\", dest_keyring);\n\tif (dest_keyring)\n\t{\n\t\tkey_get(dest_keyring);\n\t}\n\telse\n\t{\n\t\tswitch (cred->jit_keyring)\n\t\t{\n\t\t\tcase KEY_REQKEY_DEFL_DEFAULT:\n\t\t\tcase KEY_REQKEY_DEFL_REQUESTOR_KEYRING:\n\t\t\t\tif (cred->request_key_auth)\n\t\t\t\t{\n\t\t\t\t\tauthkey = cred->request_key_auth;\n\t\t\t\t\tdown_read(&authkey->sem);\n\t\t\t\t\trka = authkey->payload.data[0];\n\t\t\t\t\tif (!test_bit(KEY_FLAG_REVOKED, &authkey->flags))\n\t\t\t\t\t\tdest_keyring = key_get(rka->dest_keyring);\n\t\t\t\t\tup_read(&authkey->sem);\n\t\t\t\t\tif (dest_keyring)\n\t\t\t\t\t\tbreak;\n\t\t\t\t}\n\t\t\tcase KEY_REQKEY_DEFL_THREAD_KEYRING:\n\t\t\t\tdest_keyring = key_get(cred->thread_keyring);\n\t\t\t\tif (dest_keyring)\n\t\t\t\t\tbreak;\n\t\t\tcase KEY_REQKEY_DEFL_PROCESS_KEYRING:\n\t\t\t\tdest_keyring = key_get(cred->process_keyring);\n\t\t\t\tif (dest_keyring)\n\t\t\t\t\tbreak;\n\t\t\tcase KEY_REQKEY_DEFL_SESSION_KEYRING:\n\t\t\t\trcu_read_lock();\n\t\t\t\tdest_keyring = key_get(rcu_dereference(cred->session_keyring));\n\t\t\t\trcu_read_unlock();\n\t\t\t\tif (dest_keyring)\n\t\t\t\t\tbreak;\n\t\t\tcase KEY_REQKEY_DEFL_USER_SESSION_KEYRING:\n\t\t\t\tdest_keyring = key_get(cred->user->session_keyring);\n\t\t\t\tbreak;\n\t\t\tcase KEY_REQKEY_DEFL_USER_KEYRING:\n\t\t\t\tdest_keyring = key_get(cred->user->uid_keyring);\n\t\t\t\tbreak;\n\t\t\tcase KEY_REQKEY_DEFL_GROUP_KEYRING:\n\t\t\tdefault:\n\t\t\t\tBUG();\n\t\t}\n\t}\n\t*_dest_keyring = dest_keyring;\n\tkleave(\" [dk %d]\", key_serial(dest_keyring));\n\treturn;\n}\n",
        "question": "How does modifying the control structure `if (dest_keyring)` affect the behavior or output of `up_read`?",
        "choices": {
            "A": "The modification of `if (dest_keyring)` directly impacts the execution of `up_read` because its entire operation is controlled by `if (dest_keyring)` and located within `if (dest_keyring)`.",
            "B": "Modifying `if (dest_keyring)` has no impact on the behavior or output of `up_read`.",
            "C": "The change of if (dest_keyring) indirectly affects the execution of `up_read`, as the modifications in `if (dest_keyring)` influence the arguments or conditions within `up_read`.",
            "D": "It is not possible to determine the effect without additional context."
        },
        "answer": "A",
        "distance": 2
    },
    {
        "case_id": "primevul_60",
        "code": "static void construct_get_dest_keyring(struct key **_dest_keyring)\n{\n\tstruct request_key_auth *rka;\n\tconst struct cred *cred = current_cred();\n\tstruct key *dest_keyring = *_dest_keyring, *authkey;\n\tkenter(\"%p\", dest_keyring);\n\tif (dest_keyring)\n\t{\n\t\tkey_get(dest_keyring);\n\t}\n\telse\n\t{\n\t\tswitch (cred->jit_keyring)\n\t\t{\n\t\t\tcase KEY_REQKEY_DEFL_DEFAULT:\n\t\t\tcase KEY_REQKEY_DEFL_REQUESTOR_KEYRING:\n\t\t\t\tif (cred->request_key_auth)\n\t\t\t\t{\n\t\t\t\t\tauthkey = cred->request_key_auth;\n\t\t\t\t\tdown_read(&authkey->sem);\n\t\t\t\t\trka = authkey->payload.data[0];\n\t\t\t\t\tif (!test_bit(KEY_FLAG_REVOKED, &authkey->flags))\n\t\t\t\t\t\tdest_keyring = key_get(rka->dest_keyring);\n\t\t\t\t\tup_read(&authkey->sem);\n\t\t\t\t\tif (dest_keyring)\n\t\t\t\t\t\tbreak;\n\t\t\t\t}\n\t\t\tcase KEY_REQKEY_DEFL_THREAD_KEYRING:\n\t\t\t\tdest_keyring = key_get(cred->thread_keyring);\n\t\t\t\tif (dest_keyring)\n\t\t\t\t\tbreak;\n\t\t\tcase KEY_REQKEY_DEFL_PROCESS_KEYRING:\n\t\t\t\tdest_keyring = key_get(cred->process_keyring);\n\t\t\t\tif (dest_keyring)\n\t\t\t\t\tbreak;\n\t\t\tcase KEY_REQKEY_DEFL_SESSION_KEYRING:\n\t\t\t\trcu_read_lock();\n\t\t\t\tdest_keyring = key_get(rcu_dereference(cred->session_keyring));\n\t\t\t\trcu_read_unlock();\n\t\t\t\tif (dest_keyring)\n\t\t\t\t\tbreak;\n\t\t\tcase KEY_REQKEY_DEFL_USER_SESSION_KEYRING:\n\t\t\t\tdest_keyring = key_get(cred->user->session_keyring);\n\t\t\t\tbreak;\n\t\t\tcase KEY_REQKEY_DEFL_USER_KEYRING:\n\t\t\t\tdest_keyring = key_get(cred->user->uid_keyring);\n\t\t\t\tbreak;\n\t\t\tcase KEY_REQKEY_DEFL_GROUP_KEYRING:\n\t\t\tdefault:\n\t\t\t\tBUG();\n\t\t}\n\t}\n\t*_dest_keyring = dest_keyring;\n\tkleave(\" [dk %d]\", key_serial(dest_keyring));\n\treturn;\n}\n",
        "question": "How does modifying the control structure `if (dest_keyring)` affect the behavior or output of `down_read`?",
        "choices": {
            "A": "The modification of `if (dest_keyring)` directly impacts the execution of `down_read` because its entire operation is controlled by `if (dest_keyring)` and located within `if (dest_keyring)`.",
            "B": "Modifying `if (dest_keyring)` has no impact on the behavior or output of `down_read`.",
            "C": "The change of if (dest_keyring) indirectly affects the execution of `down_read`, as the modifications in `if (dest_keyring)` influence the arguments or conditions within `down_read`.",
            "D": "It is not possible to determine the effect without additional context."
        },
        "answer": "A",
        "distance": 2
    },
    {
        "case_id": "primevul_60",
        "code": "static void construct_get_dest_keyring(struct key **_dest_keyring)\n{\n\tstruct request_key_auth *rka;\n\tconst struct cred *cred = current_cred();\n\tstruct key *dest_keyring = *_dest_keyring, *authkey;\n\tkenter(\"%p\", dest_keyring);\n\tif (dest_keyring)\n\t{\n\t\tkey_get(dest_keyring);\n\t}\n\telse\n\t{\n\t\tswitch (cred->jit_keyring)\n\t\t{\n\t\t\tcase KEY_REQKEY_DEFL_DEFAULT:\n\t\t\tcase KEY_REQKEY_DEFL_REQUESTOR_KEYRING:\n\t\t\t\tif (cred->request_key_auth)\n\t\t\t\t{\n\t\t\t\t\tauthkey = cred->request_key_auth;\n\t\t\t\t\tdown_read(&authkey->sem);\n\t\t\t\t\trka = authkey->payload.data[0];\n\t\t\t\t\tif (!test_bit(KEY_FLAG_REVOKED, &authkey->flags))\n\t\t\t\t\t\tdest_keyring = key_get(rka->dest_keyring);\n\t\t\t\t\tup_read(&authkey->sem);\n\t\t\t\t\tif (dest_keyring)\n\t\t\t\t\t\tbreak;\n\t\t\t\t}\n\t\t\tcase KEY_REQKEY_DEFL_THREAD_KEYRING:\n\t\t\t\tdest_keyring = key_get(cred->thread_keyring);\n\t\t\t\tif (dest_keyring)\n\t\t\t\t\tbreak;\n\t\t\tcase KEY_REQKEY_DEFL_PROCESS_KEYRING:\n\t\t\t\tdest_keyring = key_get(cred->process_keyring);\n\t\t\t\tif (dest_keyring)\n\t\t\t\t\tbreak;\n\t\t\tcase KEY_REQKEY_DEFL_SESSION_KEYRING:\n\t\t\t\trcu_read_lock();\n\t\t\t\tdest_keyring = key_get(rcu_dereference(cred->session_keyring));\n\t\t\t\trcu_read_unlock();\n\t\t\t\tif (dest_keyring)\n\t\t\t\t\tbreak;\n\t\t\tcase KEY_REQKEY_DEFL_USER_SESSION_KEYRING:\n\t\t\t\tdest_keyring = key_get(cred->user->session_keyring);\n\t\t\t\tbreak;\n\t\t\tcase KEY_REQKEY_DEFL_USER_KEYRING:\n\t\t\t\tdest_keyring = key_get(cred->user->uid_keyring);\n\t\t\t\tbreak;\n\t\t\tcase KEY_REQKEY_DEFL_GROUP_KEYRING:\n\t\t\tdefault:\n\t\t\t\tBUG();\n\t\t}\n\t}\n\t*_dest_keyring = dest_keyring;\n\tkleave(\" [dk %d]\", key_serial(dest_keyring));\n\treturn;\n}\n",
        "question": "How does modifying the control structure `else` affect the behavior or output of `rcu_dereference`?",
        "choices": {
            "A": "The modification of `else` directly impacts the execution of `rcu_dereference` because its entire operation is controlled by `else` and located within `else`.",
            "B": "Modifying `else` has no impact on the behavior or output of `rcu_dereference`.",
            "C": "The change of else indirectly affects the execution of `rcu_dereference`, as the modifications in `else` influence the arguments or conditions within `rcu_dereference`.",
            "D": "It is not possible to determine the effect without additional context."
        },
        "answer": "A",
        "distance": 1
    },
    {
        "case_id": "primevul_60",
        "code": "static void construct_get_dest_keyring(struct key **_dest_keyring)\n{\n\tstruct request_key_auth *rka;\n\tconst struct cred *cred = current_cred();\n\tstruct key *dest_keyring = *_dest_keyring, *authkey;\n\tkenter(\"%p\", dest_keyring);\n\tif (dest_keyring)\n\t{\n\t\tkey_get(dest_keyring);\n\t}\n\telse\n\t{\n\t\tswitch (cred->jit_keyring)\n\t\t{\n\t\t\tcase KEY_REQKEY_DEFL_DEFAULT:\n\t\t\tcase KEY_REQKEY_DEFL_REQUESTOR_KEYRING:\n\t\t\t\tif (cred->request_key_auth)\n\t\t\t\t{\n\t\t\t\t\tauthkey = cred->request_key_auth;\n\t\t\t\t\tdown_read(&authkey->sem);\n\t\t\t\t\trka = authkey->payload.data[0];\n\t\t\t\t\tif (!test_bit(KEY_FLAG_REVOKED, &authkey->flags))\n\t\t\t\t\t\tdest_keyring = key_get(rka->dest_keyring);\n\t\t\t\t\tup_read(&authkey->sem);\n\t\t\t\t\tif (dest_keyring)\n\t\t\t\t\t\tbreak;\n\t\t\t\t}\n\t\t\tcase KEY_REQKEY_DEFL_THREAD_KEYRING:\n\t\t\t\tdest_keyring = key_get(cred->thread_keyring);\n\t\t\t\tif (dest_keyring)\n\t\t\t\t\tbreak;\n\t\t\tcase KEY_REQKEY_DEFL_PROCESS_KEYRING:\n\t\t\t\tdest_keyring = key_get(cred->process_keyring);\n\t\t\t\tif (dest_keyring)\n\t\t\t\t\tbreak;\n\t\t\tcase KEY_REQKEY_DEFL_SESSION_KEYRING:\n\t\t\t\trcu_read_lock();\n\t\t\t\tdest_keyring = key_get(rcu_dereference(cred->session_keyring));\n\t\t\t\trcu_read_unlock();\n\t\t\t\tif (dest_keyring)\n\t\t\t\t\tbreak;\n\t\t\tcase KEY_REQKEY_DEFL_USER_SESSION_KEYRING:\n\t\t\t\tdest_keyring = key_get(cred->user->session_keyring);\n\t\t\t\tbreak;\n\t\t\tcase KEY_REQKEY_DEFL_USER_KEYRING:\n\t\t\t\tdest_keyring = key_get(cred->user->uid_keyring);\n\t\t\t\tbreak;\n\t\t\tcase KEY_REQKEY_DEFL_GROUP_KEYRING:\n\t\t\tdefault:\n\t\t\t\tBUG();\n\t\t}\n\t}\n\t*_dest_keyring = dest_keyring;\n\tkleave(\" [dk %d]\", key_serial(dest_keyring));\n\treturn;\n}\n",
        "question": "How does modifying the control structure `case KEY_REQKEY_DEFL_THREAD_KEYRING:` affect the behavior or output of `kleave`?",
        "choices": {
            "A": "The modification of `case KEY_REQKEY_DEFL_THREAD_KEYRING:` directly impacts the execution of `kleave` because its entire operation is controlled by `case KEY_REQKEY_DEFL_THREAD_KEYRING:` and located within `case KEY_REQKEY_DEFL_THREAD_KEYRING:`.",
            "B": "Modifying `case KEY_REQKEY_DEFL_THREAD_KEYRING:` has no impact on the behavior or output of `kleave`.",
            "C": "The change of case KEY_REQKEY_DEFL_THREAD_KEYRING: indirectly affects the execution of `kleave`, as the modifications in `case KEY_REQKEY_DEFL_THREAD_KEYRING:` influence the arguments or conditions within `kleave`.",
            "D": "It is not possible to determine the effect without additional context."
        },
        "answer": "B",
        "distance": 0
    },
    {
        "case_id": "primevul_60",
        "code": "static void construct_get_dest_keyring(struct key **_dest_keyring)\n{\n\tstruct request_key_auth *rka;\n\tconst struct cred *cred = current_cred();\n\tstruct key *dest_keyring = *_dest_keyring, *authkey;\n\tkenter(\"%p\", dest_keyring);\n\tif (dest_keyring)\n\t{\n\t\tkey_get(dest_keyring);\n\t}\n\telse\n\t{\n\t\tswitch (cred->jit_keyring)\n\t\t{\n\t\t\tcase KEY_REQKEY_DEFL_DEFAULT:\n\t\t\tcase KEY_REQKEY_DEFL_REQUESTOR_KEYRING:\n\t\t\t\tif (cred->request_key_auth)\n\t\t\t\t{\n\t\t\t\t\tauthkey = cred->request_key_auth;\n\t\t\t\t\tdown_read(&authkey->sem);\n\t\t\t\t\trka = authkey->payload.data[0];\n\t\t\t\t\tif (!test_bit(KEY_FLAG_REVOKED, &authkey->flags))\n\t\t\t\t\t\tdest_keyring = key_get(rka->dest_keyring);\n\t\t\t\t\tup_read(&authkey->sem);\n\t\t\t\t\tif (dest_keyring)\n\t\t\t\t\t\tbreak;\n\t\t\t\t}\n\t\t\tcase KEY_REQKEY_DEFL_THREAD_KEYRING:\n\t\t\t\tdest_keyring = key_get(cred->thread_keyring);\n\t\t\t\tif (dest_keyring)\n\t\t\t\t\tbreak;\n\t\t\tcase KEY_REQKEY_DEFL_PROCESS_KEYRING:\n\t\t\t\tdest_keyring = key_get(cred->process_keyring);\n\t\t\t\tif (dest_keyring)\n\t\t\t\t\tbreak;\n\t\t\tcase KEY_REQKEY_DEFL_SESSION_KEYRING:\n\t\t\t\trcu_read_lock();\n\t\t\t\tdest_keyring = key_get(rcu_dereference(cred->session_keyring));\n\t\t\t\trcu_read_unlock();\n\t\t\t\tif (dest_keyring)\n\t\t\t\t\tbreak;\n\t\t\tcase KEY_REQKEY_DEFL_USER_SESSION_KEYRING:\n\t\t\t\tdest_keyring = key_get(cred->user->session_keyring);\n\t\t\t\tbreak;\n\t\t\tcase KEY_REQKEY_DEFL_USER_KEYRING:\n\t\t\t\tdest_keyring = key_get(cred->user->uid_keyring);\n\t\t\t\tbreak;\n\t\t\tcase KEY_REQKEY_DEFL_GROUP_KEYRING:\n\t\t\tdefault:\n\t\t\t\tBUG();\n\t\t}\n\t}\n\t*_dest_keyring = dest_keyring;\n\tkleave(\" [dk %d]\", key_serial(dest_keyring));\n\treturn;\n}\n",
        "question": "How does modifying the control structure `case KEY_REQKEY_DEFL_THREAD_KEYRING:` affect the behavior or output of `rcu_dereference`?",
        "choices": {
            "A": "The modification of `case KEY_REQKEY_DEFL_THREAD_KEYRING:` directly impacts the execution of `rcu_dereference` because its entire operation is controlled by `case KEY_REQKEY_DEFL_THREAD_KEYRING:` and located within `case KEY_REQKEY_DEFL_THREAD_KEYRING:`.",
            "B": "Modifying `case KEY_REQKEY_DEFL_THREAD_KEYRING:` has no impact on the behavior or output of `rcu_dereference`.",
            "C": "The change of case KEY_REQKEY_DEFL_THREAD_KEYRING: indirectly affects the execution of `rcu_dereference`, as the modifications in `case KEY_REQKEY_DEFL_THREAD_KEYRING:` influence the arguments or conditions within `rcu_dereference`.",
            "D": "It is not possible to determine the effect without additional context."
        },
        "answer": "B",
        "distance": 0
    },
    {
        "case_id": "primevul_60",
        "code": "static void construct_get_dest_keyring(struct key **_dest_keyring)\n{\n\tstruct request_key_auth *rka;\n\tconst struct cred *cred = current_cred();\n\tstruct key *dest_keyring = *_dest_keyring, *authkey;\n\tkenter(\"%p\", dest_keyring);\n\tif (dest_keyring)\n\t{\n\t\tkey_get(dest_keyring);\n\t}\n\telse\n\t{\n\t\tswitch (cred->jit_keyring)\n\t\t{\n\t\t\tcase KEY_REQKEY_DEFL_DEFAULT:\n\t\t\tcase KEY_REQKEY_DEFL_REQUESTOR_KEYRING:\n\t\t\t\tif (cred->request_key_auth)\n\t\t\t\t{\n\t\t\t\t\tauthkey = cred->request_key_auth;\n\t\t\t\t\tdown_read(&authkey->sem);\n\t\t\t\t\trka = authkey->payload.data[0];\n\t\t\t\t\tif (!test_bit(KEY_FLAG_REVOKED, &authkey->flags))\n\t\t\t\t\t\tdest_keyring = key_get(rka->dest_keyring);\n\t\t\t\t\tup_read(&authkey->sem);\n\t\t\t\t\tif (dest_keyring)\n\t\t\t\t\t\tbreak;\n\t\t\t\t}\n\t\t\tcase KEY_REQKEY_DEFL_THREAD_KEYRING:\n\t\t\t\tdest_keyring = key_get(cred->thread_keyring);\n\t\t\t\tif (dest_keyring)\n\t\t\t\t\tbreak;\n\t\t\tcase KEY_REQKEY_DEFL_PROCESS_KEYRING:\n\t\t\t\tdest_keyring = key_get(cred->process_keyring);\n\t\t\t\tif (dest_keyring)\n\t\t\t\t\tbreak;\n\t\t\tcase KEY_REQKEY_DEFL_SESSION_KEYRING:\n\t\t\t\trcu_read_lock();\n\t\t\t\tdest_keyring = key_get(rcu_dereference(cred->session_keyring));\n\t\t\t\trcu_read_unlock();\n\t\t\t\tif (dest_keyring)\n\t\t\t\t\tbreak;\n\t\t\tcase KEY_REQKEY_DEFL_USER_SESSION_KEYRING:\n\t\t\t\tdest_keyring = key_get(cred->user->session_keyring);\n\t\t\t\tbreak;\n\t\t\tcase KEY_REQKEY_DEFL_USER_KEYRING:\n\t\t\t\tdest_keyring = key_get(cred->user->uid_keyring);\n\t\t\t\tbreak;\n\t\t\tcase KEY_REQKEY_DEFL_GROUP_KEYRING:\n\t\t\tdefault:\n\t\t\t\tBUG();\n\t\t}\n\t}\n\t*_dest_keyring = dest_keyring;\n\tkleave(\" [dk %d]\", key_serial(dest_keyring));\n\treturn;\n}\n",
        "question": "How does modifying the control structure `case KEY_REQKEY_DEFL_THREAD_KEYRING:` affect the behavior or output of `up_read`?",
        "choices": {
            "A": "The modification of `case KEY_REQKEY_DEFL_THREAD_KEYRING:` directly impacts the execution of `up_read` because its entire operation is controlled by `case KEY_REQKEY_DEFL_THREAD_KEYRING:` and located within `case KEY_REQKEY_DEFL_THREAD_KEYRING:`.",
            "B": "Modifying `case KEY_REQKEY_DEFL_THREAD_KEYRING:` has no impact on the behavior or output of `up_read`.",
            "C": "The change of case KEY_REQKEY_DEFL_THREAD_KEYRING: indirectly affects the execution of `up_read`, as the modifications in `case KEY_REQKEY_DEFL_THREAD_KEYRING:` influence the arguments or conditions within `up_read`.",
            "D": "It is not possible to determine the effect without additional context."
        },
        "answer": "B",
        "distance": 0
    },
    {
        "case_id": "primevul_60",
        "code": "static void construct_get_dest_keyring(struct key **_dest_keyring)\n{\n\tstruct request_key_auth *rka;\n\tconst struct cred *cred = current_cred();\n\tstruct key *dest_keyring = *_dest_keyring, *authkey;\n\tkenter(\"%p\", dest_keyring);\n\tif (dest_keyring)\n\t{\n\t\tkey_get(dest_keyring);\n\t}\n\telse\n\t{\n\t\tswitch (cred->jit_keyring)\n\t\t{\n\t\t\tcase KEY_REQKEY_DEFL_DEFAULT:\n\t\t\tcase KEY_REQKEY_DEFL_REQUESTOR_KEYRING:\n\t\t\t\tif (cred->request_key_auth)\n\t\t\t\t{\n\t\t\t\t\tauthkey = cred->request_key_auth;\n\t\t\t\t\tdown_read(&authkey->sem);\n\t\t\t\t\trka = authkey->payload.data[0];\n\t\t\t\t\tif (!test_bit(KEY_FLAG_REVOKED, &authkey->flags))\n\t\t\t\t\t\tdest_keyring = key_get(rka->dest_keyring);\n\t\t\t\t\tup_read(&authkey->sem);\n\t\t\t\t\tif (dest_keyring)\n\t\t\t\t\t\tbreak;\n\t\t\t\t}\n\t\t\tcase KEY_REQKEY_DEFL_THREAD_KEYRING:\n\t\t\t\tdest_keyring = key_get(cred->thread_keyring);\n\t\t\t\tif (dest_keyring)\n\t\t\t\t\tbreak;\n\t\t\tcase KEY_REQKEY_DEFL_PROCESS_KEYRING:\n\t\t\t\tdest_keyring = key_get(cred->process_keyring);\n\t\t\t\tif (dest_keyring)\n\t\t\t\t\tbreak;\n\t\t\tcase KEY_REQKEY_DEFL_SESSION_KEYRING:\n\t\t\t\trcu_read_lock();\n\t\t\t\tdest_keyring = key_get(rcu_dereference(cred->session_keyring));\n\t\t\t\trcu_read_unlock();\n\t\t\t\tif (dest_keyring)\n\t\t\t\t\tbreak;\n\t\t\tcase KEY_REQKEY_DEFL_USER_SESSION_KEYRING:\n\t\t\t\tdest_keyring = key_get(cred->user->session_keyring);\n\t\t\t\tbreak;\n\t\t\tcase KEY_REQKEY_DEFL_USER_KEYRING:\n\t\t\t\tdest_keyring = key_get(cred->user->uid_keyring);\n\t\t\t\tbreak;\n\t\t\tcase KEY_REQKEY_DEFL_GROUP_KEYRING:\n\t\t\tdefault:\n\t\t\t\tBUG();\n\t\t}\n\t}\n\t*_dest_keyring = dest_keyring;\n\tkleave(\" [dk %d]\", key_serial(dest_keyring));\n\treturn;\n}\n",
        "question": "How does modifying the control structure `case KEY_REQKEY_DEFL_THREAD_KEYRING:` affect the behavior or output of `key_serial`?",
        "choices": {
            "A": "The modification of `case KEY_REQKEY_DEFL_THREAD_KEYRING:` directly impacts the execution of `key_serial` because its entire operation is controlled by `case KEY_REQKEY_DEFL_THREAD_KEYRING:` and located within `case KEY_REQKEY_DEFL_THREAD_KEYRING:`.",
            "B": "Modifying `case KEY_REQKEY_DEFL_THREAD_KEYRING:` has no impact on the behavior or output of `key_serial`.",
            "C": "The change of case KEY_REQKEY_DEFL_THREAD_KEYRING: indirectly affects the execution of `key_serial`, as the modifications in `case KEY_REQKEY_DEFL_THREAD_KEYRING:` influence the arguments or conditions within `key_serial`.",
            "D": "It is not possible to determine the effect without additional context."
        },
        "answer": "B",
        "distance": 0
    },
    {
        "case_id": "primevul_60",
        "code": "static void construct_get_dest_keyring(struct key **_dest_keyring)\n{\n\tstruct request_key_auth *rka;\n\tconst struct cred *cred = current_cred();\n\tstruct key *dest_keyring = *_dest_keyring, *authkey;\n\tkenter(\"%p\", dest_keyring);\n\tif (dest_keyring)\n\t{\n\t\tkey_get(dest_keyring);\n\t}\n\telse\n\t{\n\t\tswitch (cred->jit_keyring)\n\t\t{\n\t\t\tcase KEY_REQKEY_DEFL_DEFAULT:\n\t\t\tcase KEY_REQKEY_DEFL_REQUESTOR_KEYRING:\n\t\t\t\tif (cred->request_key_auth)\n\t\t\t\t{\n\t\t\t\t\tauthkey = cred->request_key_auth;\n\t\t\t\t\tdown_read(&authkey->sem);\n\t\t\t\t\trka = authkey->payload.data[0];\n\t\t\t\t\tif (!test_bit(KEY_FLAG_REVOKED, &authkey->flags))\n\t\t\t\t\t\tdest_keyring = key_get(rka->dest_keyring);\n\t\t\t\t\tup_read(&authkey->sem);\n\t\t\t\t\tif (dest_keyring)\n\t\t\t\t\t\tbreak;\n\t\t\t\t}\n\t\t\tcase KEY_REQKEY_DEFL_THREAD_KEYRING:\n\t\t\t\tdest_keyring = key_get(cred->thread_keyring);\n\t\t\t\tif (dest_keyring)\n\t\t\t\t\tbreak;\n\t\t\tcase KEY_REQKEY_DEFL_PROCESS_KEYRING:\n\t\t\t\tdest_keyring = key_get(cred->process_keyring);\n\t\t\t\tif (dest_keyring)\n\t\t\t\t\tbreak;\n\t\t\tcase KEY_REQKEY_DEFL_SESSION_KEYRING:\n\t\t\t\trcu_read_lock();\n\t\t\t\tdest_keyring = key_get(rcu_dereference(cred->session_keyring));\n\t\t\t\trcu_read_unlock();\n\t\t\t\tif (dest_keyring)\n\t\t\t\t\tbreak;\n\t\t\tcase KEY_REQKEY_DEFL_USER_SESSION_KEYRING:\n\t\t\t\tdest_keyring = key_get(cred->user->session_keyring);\n\t\t\t\tbreak;\n\t\t\tcase KEY_REQKEY_DEFL_USER_KEYRING:\n\t\t\t\tdest_keyring = key_get(cred->user->uid_keyring);\n\t\t\t\tbreak;\n\t\t\tcase KEY_REQKEY_DEFL_GROUP_KEYRING:\n\t\t\tdefault:\n\t\t\t\tBUG();\n\t\t}\n\t}\n\t*_dest_keyring = dest_keyring;\n\tkleave(\" [dk %d]\", key_serial(dest_keyring));\n\treturn;\n}\n",
        "question": "How does modifying the control structure `else` affect the behavior or output of `key_serial`?",
        "choices": {
            "A": "The modification of `else` directly impacts the execution of `key_serial` because its entire operation is controlled by `else` and located within `else`.",
            "B": "Modifying `else` has no impact on the behavior or output of `key_serial`.",
            "C": "The change of else indirectly affects the execution of `key_serial`, as the modifications in `else` influence the arguments or conditions within `key_serial`.",
            "D": "It is not possible to determine the effect without additional context."
        },
        "answer": "C",
        "distance": 3
    },
    {
        "case_id": "primevul_60",
        "code": "static void construct_get_dest_keyring(struct key **_dest_keyring)\n{\n\tstruct request_key_auth *rka;\n\tconst struct cred *cred = current_cred();\n\tstruct key *dest_keyring = *_dest_keyring, *authkey;\n\tkenter(\"%p\", dest_keyring);\n\tif (dest_keyring)\n\t{\n\t\tkey_get(dest_keyring);\n\t}\n\telse\n\t{\n\t\tswitch (cred->jit_keyring)\n\t\t{\n\t\t\tcase KEY_REQKEY_DEFL_DEFAULT:\n\t\t\tcase KEY_REQKEY_DEFL_REQUESTOR_KEYRING:\n\t\t\t\tif (cred->request_key_auth)\n\t\t\t\t{\n\t\t\t\t\tauthkey = cred->request_key_auth;\n\t\t\t\t\tdown_read(&authkey->sem);\n\t\t\t\t\trka = authkey->payload.data[0];\n\t\t\t\t\tif (!test_bit(KEY_FLAG_REVOKED, &authkey->flags))\n\t\t\t\t\t\tdest_keyring = key_get(rka->dest_keyring);\n\t\t\t\t\tup_read(&authkey->sem);\n\t\t\t\t\tif (dest_keyring)\n\t\t\t\t\t\tbreak;\n\t\t\t\t}\n\t\t\tcase KEY_REQKEY_DEFL_THREAD_KEYRING:\n\t\t\t\tdest_keyring = key_get(cred->thread_keyring);\n\t\t\t\tif (dest_keyring)\n\t\t\t\t\tbreak;\n\t\t\tcase KEY_REQKEY_DEFL_PROCESS_KEYRING:\n\t\t\t\tdest_keyring = key_get(cred->process_keyring);\n\t\t\t\tif (dest_keyring)\n\t\t\t\t\tbreak;\n\t\t\tcase KEY_REQKEY_DEFL_SESSION_KEYRING:\n\t\t\t\trcu_read_lock();\n\t\t\t\tdest_keyring = key_get(rcu_dereference(cred->session_keyring));\n\t\t\t\trcu_read_unlock();\n\t\t\t\tif (dest_keyring)\n\t\t\t\t\tbreak;\n\t\t\tcase KEY_REQKEY_DEFL_USER_SESSION_KEYRING:\n\t\t\t\tdest_keyring = key_get(cred->user->session_keyring);\n\t\t\t\tbreak;\n\t\t\tcase KEY_REQKEY_DEFL_USER_KEYRING:\n\t\t\t\tdest_keyring = key_get(cred->user->uid_keyring);\n\t\t\t\tbreak;\n\t\t\tcase KEY_REQKEY_DEFL_GROUP_KEYRING:\n\t\t\tdefault:\n\t\t\t\tBUG();\n\t\t}\n\t}\n\t*_dest_keyring = dest_keyring;\n\tkleave(\" [dk %d]\", key_serial(dest_keyring));\n\treturn;\n}\n",
        "question": "How does modifying the control structure `if (dest_keyring)` affect the behavior or output of `key_serial`?",
        "choices": {
            "A": "The modification of `if (dest_keyring)` directly impacts the execution of `key_serial` because its entire operation is controlled by `if (dest_keyring)` and located within `if (dest_keyring)`.",
            "B": "Modifying `if (dest_keyring)` has no impact on the behavior or output of `key_serial`.",
            "C": "The change of if (dest_keyring) indirectly affects the execution of `key_serial`, as the modifications in `if (dest_keyring)` influence the arguments or conditions within `key_serial`.",
            "D": "It is not possible to determine the effect without additional context."
        },
        "answer": "C",
        "distance": 3
    },
    {
        "case_id": "primevul_60",
        "code": "static void construct_get_dest_keyring(struct key **_dest_keyring)\n{\n\tstruct request_key_auth *rka;\n\tconst struct cred *cred = current_cred();\n\tstruct key *dest_keyring = *_dest_keyring, *authkey;\n\tkenter(\"%p\", dest_keyring);\n\tif (dest_keyring)\n\t{\n\t\tkey_get(dest_keyring);\n\t}\n\telse\n\t{\n\t\tswitch (cred->jit_keyring)\n\t\t{\n\t\t\tcase KEY_REQKEY_DEFL_DEFAULT:\n\t\t\tcase KEY_REQKEY_DEFL_REQUESTOR_KEYRING:\n\t\t\t\tif (cred->request_key_auth)\n\t\t\t\t{\n\t\t\t\t\tauthkey = cred->request_key_auth;\n\t\t\t\t\tdown_read(&authkey->sem);\n\t\t\t\t\trka = authkey->payload.data[0];\n\t\t\t\t\tif (!test_bit(KEY_FLAG_REVOKED, &authkey->flags))\n\t\t\t\t\t\tdest_keyring = key_get(rka->dest_keyring);\n\t\t\t\t\tup_read(&authkey->sem);\n\t\t\t\t\tif (dest_keyring)\n\t\t\t\t\t\tbreak;\n\t\t\t\t}\n\t\t\tcase KEY_REQKEY_DEFL_THREAD_KEYRING:\n\t\t\t\tdest_keyring = key_get(cred->thread_keyring);\n\t\t\t\tif (dest_keyring)\n\t\t\t\t\tbreak;\n\t\t\tcase KEY_REQKEY_DEFL_PROCESS_KEYRING:\n\t\t\t\tdest_keyring = key_get(cred->process_keyring);\n\t\t\t\tif (dest_keyring)\n\t\t\t\t\tbreak;\n\t\t\tcase KEY_REQKEY_DEFL_SESSION_KEYRING:\n\t\t\t\trcu_read_lock();\n\t\t\t\tdest_keyring = key_get(rcu_dereference(cred->session_keyring));\n\t\t\t\trcu_read_unlock();\n\t\t\t\tif (dest_keyring)\n\t\t\t\t\tbreak;\n\t\t\tcase KEY_REQKEY_DEFL_USER_SESSION_KEYRING:\n\t\t\t\tdest_keyring = key_get(cred->user->session_keyring);\n\t\t\t\tbreak;\n\t\t\tcase KEY_REQKEY_DEFL_USER_KEYRING:\n\t\t\t\tdest_keyring = key_get(cred->user->uid_keyring);\n\t\t\t\tbreak;\n\t\t\tcase KEY_REQKEY_DEFL_GROUP_KEYRING:\n\t\t\tdefault:\n\t\t\t\tBUG();\n\t\t}\n\t}\n\t*_dest_keyring = dest_keyring;\n\tkleave(\" [dk %d]\", key_serial(dest_keyring));\n\treturn;\n}\n",
        "question": "How does modifying the control structure `if (dest_keyring)` affect the behavior or output of `rcu_dereference`?",
        "choices": {
            "A": "The modification of `if (dest_keyring)` directly impacts the execution of `rcu_dereference` because its entire operation is controlled by `if (dest_keyring)` and located within `if (dest_keyring)`.",
            "B": "Modifying `if (dest_keyring)` has no impact on the behavior or output of `rcu_dereference`.",
            "C": "The change of if (dest_keyring) indirectly affects the execution of `rcu_dereference`, as the modifications in `if (dest_keyring)` influence the arguments or conditions within `rcu_dereference`.",
            "D": "It is not possible to determine the effect without additional context."
        },
        "answer": "C",
        "distance": 2
    }
]