[
    {
        "case_id": "primevul_52",
        "code": "WORD32 ihevcd_create(iv_obj_t *ps_codec_obj, void *pv_api_ip, void *pv_api_op)\n{\n    ihevcd_cxa_create_op_t *ps_create_op;\n    WORD32 ret;\n    codec_t *ps_codec;\n    ps_create_op = (ihevcd_cxa_create_op_t *)pv_api_op;\n    ps_create_op->s_ivd_create_op_t.u4_error_code = 0;\n    ret = ihevcd_allocate_static_bufs(&ps_codec_obj, pv_api_ip, pv_api_op);\n    if((IV_FAIL == ret) && (NULL != ps_codec_obj))\n    {\n        ihevcd_free_static_bufs(ps_codec_obj);\n        ps_create_op->s_ivd_create_op_t.u4_error_code = IVD_MEM_ALLOC_FAILED;\n        ps_create_op->s_ivd_create_op_t.u4_error_code = 1 << IVD_FATALERROR;\n        return IV_FAIL;\n    }\n    ps_codec = (codec_t *)ps_codec_obj->pv_codec_handle;\n    ret = ihevcd_init(ps_codec);\n    TRACE_INIT(NULL);\n    STATS_INIT();\n    return ret;\n}\n",
        "question": "How does modifying the control structure `if((IV_FAIL == ret) && (NULL != ps_codec_obj))` affect the behavior or output of `ihevcd_free_static_bufs`?",
        "choices": {
            "A": "The modification of `if((IV_FAIL == ret) && (NULL != ps_codec_obj))` directly impacts the execution of `ihevcd_free_static_bufs` because its entire operation is controlled by `if((IV_FAIL == ret) && (NULL != ps_codec_obj))` and located within `if((IV_FAIL == ret) && (NULL != ps_codec_obj))`.",
            "B": "Modifying `if((IV_FAIL == ret) && (NULL != ps_codec_obj))` has no impact on the behavior or output of `ihevcd_free_static_bufs`.",
            "C": "The change of if((IV_FAIL == ret) && (NULL != ps_codec_obj)) indirectly affects the execution of `ihevcd_free_static_bufs`, as the modifications in `if((IV_FAIL == ret) && (NULL != ps_codec_obj))` influence the arguments or conditions within `ihevcd_free_static_bufs`.",
            "D": "It is not possible to determine the effect without additional context."
        },
        "answer": "A",
        "distance": 1
    },
    {
        "case_id": "primevul_52",
        "code": "WORD32 ihevcd_create(iv_obj_t *ps_codec_obj, void *pv_api_ip, void *pv_api_op)\n{\n    ihevcd_cxa_create_op_t *ps_create_op;\n    WORD32 ret;\n    codec_t *ps_codec;\n    ps_create_op = (ihevcd_cxa_create_op_t *)pv_api_op;\n    ps_create_op->s_ivd_create_op_t.u4_error_code = 0;\n    ret = ihevcd_allocate_static_bufs(&ps_codec_obj, pv_api_ip, pv_api_op);\n    if((IV_FAIL == ret) && (NULL != ps_codec_obj))\n    {\n        ihevcd_free_static_bufs(ps_codec_obj);\n        ps_create_op->s_ivd_create_op_t.u4_error_code = IVD_MEM_ALLOC_FAILED;\n        ps_create_op->s_ivd_create_op_t.u4_error_code = 1 << IVD_FATALERROR;\n        return IV_FAIL;\n    }\n    ps_codec = (codec_t *)ps_codec_obj->pv_codec_handle;\n    ret = ihevcd_init(ps_codec);\n    TRACE_INIT(NULL);\n    STATS_INIT();\n    return ret;\n}\n",
        "question": "How does modifying the control structure `return IV_FAIL;` affect the behavior or output of `STATS_INIT`?",
        "choices": {
            "A": "The modification of `return IV_FAIL;` directly impacts the execution of `STATS_INIT` because its entire operation is controlled by `return IV_FAIL;` and located within `return IV_FAIL;`.",
            "B": "Modifying `return IV_FAIL;` has no impact on the behavior or output of `STATS_INIT`.",
            "C": "The change of return IV_FAIL; indirectly affects the execution of `STATS_INIT`, as the modifications in `return IV_FAIL;` influence the arguments or conditions within `STATS_INIT`.",
            "D": "It is not possible to determine the effect without additional context."
        },
        "answer": "B",
        "distance": 0
    },
    {
        "case_id": "primevul_52",
        "code": "WORD32 ihevcd_create(iv_obj_t *ps_codec_obj, void *pv_api_ip, void *pv_api_op)\n{\n    ihevcd_cxa_create_op_t *ps_create_op;\n    WORD32 ret;\n    codec_t *ps_codec;\n    ps_create_op = (ihevcd_cxa_create_op_t *)pv_api_op;\n    ps_create_op->s_ivd_create_op_t.u4_error_code = 0;\n    ret = ihevcd_allocate_static_bufs(&ps_codec_obj, pv_api_ip, pv_api_op);\n    if((IV_FAIL == ret) && (NULL != ps_codec_obj))\n    {\n        ihevcd_free_static_bufs(ps_codec_obj);\n        ps_create_op->s_ivd_create_op_t.u4_error_code = IVD_MEM_ALLOC_FAILED;\n        ps_create_op->s_ivd_create_op_t.u4_error_code = 1 << IVD_FATALERROR;\n        return IV_FAIL;\n    }\n    ps_codec = (codec_t *)ps_codec_obj->pv_codec_handle;\n    ret = ihevcd_init(ps_codec);\n    TRACE_INIT(NULL);\n    STATS_INIT();\n    return ret;\n}\n",
        "question": "How does modifying the control structure `return IV_FAIL;` affect the behavior or output of `ihevcd_free_static_bufs`?",
        "choices": {
            "A": "The modification of `return IV_FAIL;` directly impacts the execution of `ihevcd_free_static_bufs` because its entire operation is controlled by `return IV_FAIL;` and located within `return IV_FAIL;`.",
            "B": "Modifying `return IV_FAIL;` has no impact on the behavior or output of `ihevcd_free_static_bufs`.",
            "C": "The change of return IV_FAIL; indirectly affects the execution of `ihevcd_free_static_bufs`, as the modifications in `return IV_FAIL;` influence the arguments or conditions within `ihevcd_free_static_bufs`.",
            "D": "It is not possible to determine the effect without additional context."
        },
        "answer": "B",
        "distance": 0
    },
    {
        "case_id": "primevul_52",
        "code": "WORD32 ihevcd_create(iv_obj_t *ps_codec_obj, void *pv_api_ip, void *pv_api_op)\n{\n    ihevcd_cxa_create_op_t *ps_create_op;\n    WORD32 ret;\n    codec_t *ps_codec;\n    ps_create_op = (ihevcd_cxa_create_op_t *)pv_api_op;\n    ps_create_op->s_ivd_create_op_t.u4_error_code = 0;\n    ret = ihevcd_allocate_static_bufs(&ps_codec_obj, pv_api_ip, pv_api_op);\n    if((IV_FAIL == ret) && (NULL != ps_codec_obj))\n    {\n        ihevcd_free_static_bufs(ps_codec_obj);\n        ps_create_op->s_ivd_create_op_t.u4_error_code = IVD_MEM_ALLOC_FAILED;\n        ps_create_op->s_ivd_create_op_t.u4_error_code = 1 << IVD_FATALERROR;\n        return IV_FAIL;\n    }\n    ps_codec = (codec_t *)ps_codec_obj->pv_codec_handle;\n    ret = ihevcd_init(ps_codec);\n    TRACE_INIT(NULL);\n    STATS_INIT();\n    return ret;\n}\n",
        "question": "How does modifying the control structure `return IV_FAIL;` affect the behavior or output of `ihevcd_allocate_static_bufs`?",
        "choices": {
            "A": "The modification of `return IV_FAIL;` directly impacts the execution of `ihevcd_allocate_static_bufs` because its entire operation is controlled by `return IV_FAIL;` and located within `return IV_FAIL;`.",
            "B": "Modifying `return IV_FAIL;` has no impact on the behavior or output of `ihevcd_allocate_static_bufs`.",
            "C": "The change of return IV_FAIL; indirectly affects the execution of `ihevcd_allocate_static_bufs`, as the modifications in `return IV_FAIL;` influence the arguments or conditions within `ihevcd_allocate_static_bufs`.",
            "D": "It is not possible to determine the effect without additional context."
        },
        "answer": "B",
        "distance": 0
    },
    {
        "case_id": "primevul_52",
        "code": "WORD32 ihevcd_create(iv_obj_t *ps_codec_obj, void *pv_api_ip, void *pv_api_op)\n{\n    ihevcd_cxa_create_op_t *ps_create_op;\n    WORD32 ret;\n    codec_t *ps_codec;\n    ps_create_op = (ihevcd_cxa_create_op_t *)pv_api_op;\n    ps_create_op->s_ivd_create_op_t.u4_error_code = 0;\n    ret = ihevcd_allocate_static_bufs(&ps_codec_obj, pv_api_ip, pv_api_op);\n    if((IV_FAIL == ret) && (NULL != ps_codec_obj))\n    {\n        ihevcd_free_static_bufs(ps_codec_obj);\n        ps_create_op->s_ivd_create_op_t.u4_error_code = IVD_MEM_ALLOC_FAILED;\n        ps_create_op->s_ivd_create_op_t.u4_error_code = 1 << IVD_FATALERROR;\n        return IV_FAIL;\n    }\n    ps_codec = (codec_t *)ps_codec_obj->pv_codec_handle;\n    ret = ihevcd_init(ps_codec);\n    TRACE_INIT(NULL);\n    STATS_INIT();\n    return ret;\n}\n",
        "question": "How does modifying the control structure `return IV_FAIL;` affect the behavior or output of `TRACE_INIT`?",
        "choices": {
            "A": "The modification of `return IV_FAIL;` directly impacts the execution of `TRACE_INIT` because its entire operation is controlled by `return IV_FAIL;` and located within `return IV_FAIL;`.",
            "B": "Modifying `return IV_FAIL;` has no impact on the behavior or output of `TRACE_INIT`.",
            "C": "The change of return IV_FAIL; indirectly affects the execution of `TRACE_INIT`, as the modifications in `return IV_FAIL;` influence the arguments or conditions within `TRACE_INIT`.",
            "D": "It is not possible to determine the effect without additional context."
        },
        "answer": "B",
        "distance": 0
    }
]