[
    {
        "case_id": "primevul_9",
        "code": "static enum integrity_status evm_verify_hmac(struct dentry *dentry, const char *xattr_name, char *xattr_value, size_t xattr_value_len, struct integrity_iint_cache *iint)\n{\n    struct evm_ima_xattr_data *xattr_data = NULL;\n    struct evm_ima_xattr_data calc;\n    enum integrity_status evm_status = INTEGRITY_PASS;\n    int rc, xattr_len;\n    if (iint && iint->evm_status == INTEGRITY_PASS)\n    {\n        return iint->evm_status;\n    }\n    rc = vfs_getxattr_alloc(dentry, XATTR_NAME_EVM, (char **)&xattr_data, 0, GFP_NOFS);\n    if (rc <= 0)\n    {\n        evm_status = INTEGRITY_FAIL;\n        if (rc == -ENODATA)\n        {\n            rc = evm_find_protected_xattrs(dentry);\n            if (rc > 0)\n            {\n                evm_status = INTEGRITY_NOLABEL;\n            }\n            else if (rc == 0)\n            {\n                evm_status = INTEGRITY_NOXATTRS;\n            }\n        }\n        else if (rc == -EOPNOTSUPP)\n        {\n            evm_status = INTEGRITY_UNKNOWN;\n        }\n        goto out;\n    }\n    xattr_len = rc;\n    switch (xattr_data->type)\n    {\n        case EVM_XATTR_HMAC:\n            rc = evm_calc_hmac(dentry, xattr_name, xattr_value, xattr_value_len, calc.digest);\n            if (rc)\n            {\n                break;\n            }\n            rc = memcmp(xattr_data->digest, calc.digest, sizeof(calc.digest));\n            if (rc)\n            {\n                rc = -EINVAL;\n            }\n            break;\n        case EVM_IMA_XATTR_DIGSIG:\n            rc = evm_calc_hash(dentry, xattr_name, xattr_value, xattr_value_len, calc.digest);\n            if (rc)\n            {\n                break;\n            }\n            rc = integrity_digsig_verify(INTEGRITY_KEYRING_EVM, (const char *)xattr_data, xattr_len, calc.digest, sizeof(calc.digest));\n            if (!rc)\n            {\n                if (!IS_RDONLY(d_backing_inode(dentry)) && !IS_IMMUTABLE(d_backing_inode(dentry)))\n                {\n                    evm_update_evmxattr(dentry, xattr_name, xattr_value, xattr_value_len);\n                }\n            }\n            break;\n        default:\n            rc = -EINVAL;\n            break;\n    }\n    if (rc)\n    {\n        evm_status = (rc == -ENODATA) ? INTEGRITY_NOXATTRS : INTEGRITY_FAIL;\n    }\nout:\n    if (iint)\n    {\n        iint->evm_status = evm_status;\n    }\n    kfree(xattr_data);\n    return evm_status;\n}\n",
        "question": "How does modifying the control structure `if (!rc)` affect the behavior or output of `evm_update_evmxattr`?",
        "choices": {
            "A": "The modification of `if (!rc)` directly impacts the execution of `evm_update_evmxattr` because its entire operation is controlled by `if (!rc)` and located within `if (!rc)`.",
            "B": "Modifying `if (!rc)` has no impact on the behavior or output of `evm_update_evmxattr`.",
            "C": "The change of if (!rc) indirectly affects the execution of `evm_update_evmxattr`, as the modifications in `if (!rc)` influence the arguments or conditions within `evm_update_evmxattr`.",
            "D": "It is not possible to determine the effect without additional context."
        },
        "answer": "A",
        "distance": 1
    },
    {
        "case_id": "primevul_9",
        "code": "static enum integrity_status evm_verify_hmac(struct dentry *dentry, const char *xattr_name, char *xattr_value, size_t xattr_value_len, struct integrity_iint_cache *iint)\n{\n    struct evm_ima_xattr_data *xattr_data = NULL;\n    struct evm_ima_xattr_data calc;\n    enum integrity_status evm_status = INTEGRITY_PASS;\n    int rc, xattr_len;\n    if (iint && iint->evm_status == INTEGRITY_PASS)\n    {\n        return iint->evm_status;\n    }\n    rc = vfs_getxattr_alloc(dentry, XATTR_NAME_EVM, (char **)&xattr_data, 0, GFP_NOFS);\n    if (rc <= 0)\n    {\n        evm_status = INTEGRITY_FAIL;\n        if (rc == -ENODATA)\n        {\n            rc = evm_find_protected_xattrs(dentry);\n            if (rc > 0)\n            {\n                evm_status = INTEGRITY_NOLABEL;\n            }\n            else if (rc == 0)\n            {\n                evm_status = INTEGRITY_NOXATTRS;\n            }\n        }\n        else if (rc == -EOPNOTSUPP)\n        {\n            evm_status = INTEGRITY_UNKNOWN;\n        }\n        goto out;\n    }\n    xattr_len = rc;\n    switch (xattr_data->type)\n    {\n        case EVM_XATTR_HMAC:\n            rc = evm_calc_hmac(dentry, xattr_name, xattr_value, xattr_value_len, calc.digest);\n            if (rc)\n            {\n                break;\n            }\n            rc = memcmp(xattr_data->digest, calc.digest, sizeof(calc.digest));\n            if (rc)\n            {\n                rc = -EINVAL;\n            }\n            break;\n        case EVM_IMA_XATTR_DIGSIG:\n            rc = evm_calc_hash(dentry, xattr_name, xattr_value, xattr_value_len, calc.digest);\n            if (rc)\n            {\n                break;\n            }\n            rc = integrity_digsig_verify(INTEGRITY_KEYRING_EVM, (const char *)xattr_data, xattr_len, calc.digest, sizeof(calc.digest));\n            if (!rc)\n            {\n                if (!IS_RDONLY(d_backing_inode(dentry)) && !IS_IMMUTABLE(d_backing_inode(dentry)))\n                {\n                    evm_update_evmxattr(dentry, xattr_name, xattr_value, xattr_value_len);\n                }\n            }\n            break;\n        default:\n            rc = -EINVAL;\n            break;\n    }\n    if (rc)\n    {\n        evm_status = (rc == -ENODATA) ? INTEGRITY_NOXATTRS : INTEGRITY_FAIL;\n    }\nout:\n    if (iint)\n    {\n        iint->evm_status = evm_status;\n    }\n    kfree(xattr_data);\n    return evm_status;\n}\n",
        "question": "How does modifying the control structure `if (rc <= 0)` affect the behavior or output of `evm_find_protected_xattrs`?",
        "choices": {
            "A": "The modification of `if (rc <= 0)` directly impacts the execution of `evm_find_protected_xattrs` because its entire operation is controlled by `if (rc <= 0)` and located within `if (rc <= 0)`.",
            "B": "Modifying `if (rc <= 0)` has no impact on the behavior or output of `evm_find_protected_xattrs`.",
            "C": "The change of if (rc <= 0) indirectly affects the execution of `evm_find_protected_xattrs`, as the modifications in `if (rc <= 0)` influence the arguments or conditions within `evm_find_protected_xattrs`.",
            "D": "It is not possible to determine the effect without additional context."
        },
        "answer": "A",
        "distance": 1
    },
    {
        "case_id": "primevul_9",
        "code": "static enum integrity_status evm_verify_hmac(struct dentry *dentry, const char *xattr_name, char *xattr_value, size_t xattr_value_len, struct integrity_iint_cache *iint)\n{\n    struct evm_ima_xattr_data *xattr_data = NULL;\n    struct evm_ima_xattr_data calc;\n    enum integrity_status evm_status = INTEGRITY_PASS;\n    int rc, xattr_len;\n    if (iint && iint->evm_status == INTEGRITY_PASS)\n    {\n        return iint->evm_status;\n    }\n    rc = vfs_getxattr_alloc(dentry, XATTR_NAME_EVM, (char **)&xattr_data, 0, GFP_NOFS);\n    if (rc <= 0)\n    {\n        evm_status = INTEGRITY_FAIL;\n        if (rc == -ENODATA)\n        {\n            rc = evm_find_protected_xattrs(dentry);\n            if (rc > 0)\n            {\n                evm_status = INTEGRITY_NOLABEL;\n            }\n            else if (rc == 0)\n            {\n                evm_status = INTEGRITY_NOXATTRS;\n            }\n        }\n        else if (rc == -EOPNOTSUPP)\n        {\n            evm_status = INTEGRITY_UNKNOWN;\n        }\n        goto out;\n    }\n    xattr_len = rc;\n    switch (xattr_data->type)\n    {\n        case EVM_XATTR_HMAC:\n            rc = evm_calc_hmac(dentry, xattr_name, xattr_value, xattr_value_len, calc.digest);\n            if (rc)\n            {\n                break;\n            }\n            rc = memcmp(xattr_data->digest, calc.digest, sizeof(calc.digest));\n            if (rc)\n            {\n                rc = -EINVAL;\n            }\n            break;\n        case EVM_IMA_XATTR_DIGSIG:\n            rc = evm_calc_hash(dentry, xattr_name, xattr_value, xattr_value_len, calc.digest);\n            if (rc)\n            {\n                break;\n            }\n            rc = integrity_digsig_verify(INTEGRITY_KEYRING_EVM, (const char *)xattr_data, xattr_len, calc.digest, sizeof(calc.digest));\n            if (!rc)\n            {\n                if (!IS_RDONLY(d_backing_inode(dentry)) && !IS_IMMUTABLE(d_backing_inode(dentry)))\n                {\n                    evm_update_evmxattr(dentry, xattr_name, xattr_value, xattr_value_len);\n                }\n            }\n            break;\n        default:\n            rc = -EINVAL;\n            break;\n    }\n    if (rc)\n    {\n        evm_status = (rc == -ENODATA) ? INTEGRITY_NOXATTRS : INTEGRITY_FAIL;\n    }\nout:\n    if (iint)\n    {\n        iint->evm_status = evm_status;\n    }\n    kfree(xattr_data);\n    return evm_status;\n}\n",
        "question": "How does modifying the control structure `if (!rc)` affect the behavior or output of `memcmp`?",
        "choices": {
            "A": "The modification of `if (!rc)` directly impacts the execution of `memcmp` because its entire operation is controlled by `if (!rc)` and located within `if (!rc)`.",
            "B": "Modifying `if (!rc)` has no impact on the behavior or output of `memcmp`.",
            "C": "The change of if (!rc) indirectly affects the execution of `memcmp`, as the modifications in `if (!rc)` influence the arguments or conditions within `memcmp`.",
            "D": "It is not possible to determine the effect without additional context."
        },
        "answer": "B",
        "distance": 0
    },
    {
        "case_id": "primevul_9",
        "code": "static enum integrity_status evm_verify_hmac(struct dentry *dentry, const char *xattr_name, char *xattr_value, size_t xattr_value_len, struct integrity_iint_cache *iint)\n{\n    struct evm_ima_xattr_data *xattr_data = NULL;\n    struct evm_ima_xattr_data calc;\n    enum integrity_status evm_status = INTEGRITY_PASS;\n    int rc, xattr_len;\n    if (iint && iint->evm_status == INTEGRITY_PASS)\n    {\n        return iint->evm_status;\n    }\n    rc = vfs_getxattr_alloc(dentry, XATTR_NAME_EVM, (char **)&xattr_data, 0, GFP_NOFS);\n    if (rc <= 0)\n    {\n        evm_status = INTEGRITY_FAIL;\n        if (rc == -ENODATA)\n        {\n            rc = evm_find_protected_xattrs(dentry);\n            if (rc > 0)\n            {\n                evm_status = INTEGRITY_NOLABEL;\n            }\n            else if (rc == 0)\n            {\n                evm_status = INTEGRITY_NOXATTRS;\n            }\n        }\n        else if (rc == -EOPNOTSUPP)\n        {\n            evm_status = INTEGRITY_UNKNOWN;\n        }\n        goto out;\n    }\n    xattr_len = rc;\n    switch (xattr_data->type)\n    {\n        case EVM_XATTR_HMAC:\n            rc = evm_calc_hmac(dentry, xattr_name, xattr_value, xattr_value_len, calc.digest);\n            if (rc)\n            {\n                break;\n            }\n            rc = memcmp(xattr_data->digest, calc.digest, sizeof(calc.digest));\n            if (rc)\n            {\n                rc = -EINVAL;\n            }\n            break;\n        case EVM_IMA_XATTR_DIGSIG:\n            rc = evm_calc_hash(dentry, xattr_name, xattr_value, xattr_value_len, calc.digest);\n            if (rc)\n            {\n                break;\n            }\n            rc = integrity_digsig_verify(INTEGRITY_KEYRING_EVM, (const char *)xattr_data, xattr_len, calc.digest, sizeof(calc.digest));\n            if (!rc)\n            {\n                if (!IS_RDONLY(d_backing_inode(dentry)) && !IS_IMMUTABLE(d_backing_inode(dentry)))\n                {\n                    evm_update_evmxattr(dentry, xattr_name, xattr_value, xattr_value_len);\n                }\n            }\n            break;\n        default:\n            rc = -EINVAL;\n            break;\n    }\n    if (rc)\n    {\n        evm_status = (rc == -ENODATA) ? INTEGRITY_NOXATTRS : INTEGRITY_FAIL;\n    }\nout:\n    if (iint)\n    {\n        iint->evm_status = evm_status;\n    }\n    kfree(xattr_data);\n    return evm_status;\n}\n",
        "question": "How does modifying the control structure `if (!rc)` affect the behavior or output of `evm_calc_hmac`?",
        "choices": {
            "A": "The modification of `if (!rc)` directly impacts the execution of `evm_calc_hmac` because its entire operation is controlled by `if (!rc)` and located within `if (!rc)`.",
            "B": "Modifying `if (!rc)` has no impact on the behavior or output of `evm_calc_hmac`.",
            "C": "The change of if (!rc) indirectly affects the execution of `evm_calc_hmac`, as the modifications in `if (!rc)` influence the arguments or conditions within `evm_calc_hmac`.",
            "D": "It is not possible to determine the effect without additional context."
        },
        "answer": "B",
        "distance": 0
    },
    {
        "case_id": "primevul_9",
        "code": "static enum integrity_status evm_verify_hmac(struct dentry *dentry, const char *xattr_name, char *xattr_value, size_t xattr_value_len, struct integrity_iint_cache *iint)\n{\n    struct evm_ima_xattr_data *xattr_data = NULL;\n    struct evm_ima_xattr_data calc;\n    enum integrity_status evm_status = INTEGRITY_PASS;\n    int rc, xattr_len;\n    if (iint && iint->evm_status == INTEGRITY_PASS)\n    {\n        return iint->evm_status;\n    }\n    rc = vfs_getxattr_alloc(dentry, XATTR_NAME_EVM, (char **)&xattr_data, 0, GFP_NOFS);\n    if (rc <= 0)\n    {\n        evm_status = INTEGRITY_FAIL;\n        if (rc == -ENODATA)\n        {\n            rc = evm_find_protected_xattrs(dentry);\n            if (rc > 0)\n            {\n                evm_status = INTEGRITY_NOLABEL;\n            }\n            else if (rc == 0)\n            {\n                evm_status = INTEGRITY_NOXATTRS;\n            }\n        }\n        else if (rc == -EOPNOTSUPP)\n        {\n            evm_status = INTEGRITY_UNKNOWN;\n        }\n        goto out;\n    }\n    xattr_len = rc;\n    switch (xattr_data->type)\n    {\n        case EVM_XATTR_HMAC:\n            rc = evm_calc_hmac(dentry, xattr_name, xattr_value, xattr_value_len, calc.digest);\n            if (rc)\n            {\n                break;\n            }\n            rc = memcmp(xattr_data->digest, calc.digest, sizeof(calc.digest));\n            if (rc)\n            {\n                rc = -EINVAL;\n            }\n            break;\n        case EVM_IMA_XATTR_DIGSIG:\n            rc = evm_calc_hash(dentry, xattr_name, xattr_value, xattr_value_len, calc.digest);\n            if (rc)\n            {\n                break;\n            }\n            rc = integrity_digsig_verify(INTEGRITY_KEYRING_EVM, (const char *)xattr_data, xattr_len, calc.digest, sizeof(calc.digest));\n            if (!rc)\n            {\n                if (!IS_RDONLY(d_backing_inode(dentry)) && !IS_IMMUTABLE(d_backing_inode(dentry)))\n                {\n                    evm_update_evmxattr(dentry, xattr_name, xattr_value, xattr_value_len);\n                }\n            }\n            break;\n        default:\n            rc = -EINVAL;\n            break;\n    }\n    if (rc)\n    {\n        evm_status = (rc == -ENODATA) ? INTEGRITY_NOXATTRS : INTEGRITY_FAIL;\n    }\nout:\n    if (iint)\n    {\n        iint->evm_status = evm_status;\n    }\n    kfree(xattr_data);\n    return evm_status;\n}\n",
        "question": "How does modifying the control structure `if (!rc)` affect the behavior or output of `kfree`?",
        "choices": {
            "A": "The modification of `if (!rc)` directly impacts the execution of `kfree` because its entire operation is controlled by `if (!rc)` and located within `if (!rc)`.",
            "B": "Modifying `if (!rc)` has no impact on the behavior or output of `kfree`.",
            "C": "The change of if (!rc) indirectly affects the execution of `kfree`, as the modifications in `if (!rc)` influence the arguments or conditions within `kfree`.",
            "D": "It is not possible to determine the effect without additional context."
        },
        "answer": "B",
        "distance": 0
    },
    {
        "case_id": "primevul_9",
        "code": "static enum integrity_status evm_verify_hmac(struct dentry *dentry, const char *xattr_name, char *xattr_value, size_t xattr_value_len, struct integrity_iint_cache *iint)\n{\n    struct evm_ima_xattr_data *xattr_data = NULL;\n    struct evm_ima_xattr_data calc;\n    enum integrity_status evm_status = INTEGRITY_PASS;\n    int rc, xattr_len;\n    if (iint && iint->evm_status == INTEGRITY_PASS)\n    {\n        return iint->evm_status;\n    }\n    rc = vfs_getxattr_alloc(dentry, XATTR_NAME_EVM, (char **)&xattr_data, 0, GFP_NOFS);\n    if (rc <= 0)\n    {\n        evm_status = INTEGRITY_FAIL;\n        if (rc == -ENODATA)\n        {\n            rc = evm_find_protected_xattrs(dentry);\n            if (rc > 0)\n            {\n                evm_status = INTEGRITY_NOLABEL;\n            }\n            else if (rc == 0)\n            {\n                evm_status = INTEGRITY_NOXATTRS;\n            }\n        }\n        else if (rc == -EOPNOTSUPP)\n        {\n            evm_status = INTEGRITY_UNKNOWN;\n        }\n        goto out;\n    }\n    xattr_len = rc;\n    switch (xattr_data->type)\n    {\n        case EVM_XATTR_HMAC:\n            rc = evm_calc_hmac(dentry, xattr_name, xattr_value, xattr_value_len, calc.digest);\n            if (rc)\n            {\n                break;\n            }\n            rc = memcmp(xattr_data->digest, calc.digest, sizeof(calc.digest));\n            if (rc)\n            {\n                rc = -EINVAL;\n            }\n            break;\n        case EVM_IMA_XATTR_DIGSIG:\n            rc = evm_calc_hash(dentry, xattr_name, xattr_value, xattr_value_len, calc.digest);\n            if (rc)\n            {\n                break;\n            }\n            rc = integrity_digsig_verify(INTEGRITY_KEYRING_EVM, (const char *)xattr_data, xattr_len, calc.digest, sizeof(calc.digest));\n            if (!rc)\n            {\n                if (!IS_RDONLY(d_backing_inode(dentry)) && !IS_IMMUTABLE(d_backing_inode(dentry)))\n                {\n                    evm_update_evmxattr(dentry, xattr_name, xattr_value, xattr_value_len);\n                }\n            }\n            break;\n        default:\n            rc = -EINVAL;\n            break;\n    }\n    if (rc)\n    {\n        evm_status = (rc == -ENODATA) ? INTEGRITY_NOXATTRS : INTEGRITY_FAIL;\n    }\nout:\n    if (iint)\n    {\n        iint->evm_status = evm_status;\n    }\n    kfree(xattr_data);\n    return evm_status;\n}\n",
        "question": "How does modifying the control structure `if (!rc)` affect the behavior or output of `vfs_getxattr_alloc`?",
        "choices": {
            "A": "The modification of `if (!rc)` directly impacts the execution of `vfs_getxattr_alloc` because its entire operation is controlled by `if (!rc)` and located within `if (!rc)`.",
            "B": "Modifying `if (!rc)` has no impact on the behavior or output of `vfs_getxattr_alloc`.",
            "C": "The change of if (!rc) indirectly affects the execution of `vfs_getxattr_alloc`, as the modifications in `if (!rc)` influence the arguments or conditions within `vfs_getxattr_alloc`.",
            "D": "It is not possible to determine the effect without additional context."
        },
        "answer": "B",
        "distance": 0
    },
    {
        "case_id": "primevul_9",
        "code": "static enum integrity_status evm_verify_hmac(struct dentry *dentry, const char *xattr_name, char *xattr_value, size_t xattr_value_len, struct integrity_iint_cache *iint)\n{\n    struct evm_ima_xattr_data *xattr_data = NULL;\n    struct evm_ima_xattr_data calc;\n    enum integrity_status evm_status = INTEGRITY_PASS;\n    int rc, xattr_len;\n    if (iint && iint->evm_status == INTEGRITY_PASS)\n    {\n        return iint->evm_status;\n    }\n    rc = vfs_getxattr_alloc(dentry, XATTR_NAME_EVM, (char **)&xattr_data, 0, GFP_NOFS);\n    if (rc <= 0)\n    {\n        evm_status = INTEGRITY_FAIL;\n        if (rc == -ENODATA)\n        {\n            rc = evm_find_protected_xattrs(dentry);\n            if (rc > 0)\n            {\n                evm_status = INTEGRITY_NOLABEL;\n            }\n            else if (rc == 0)\n            {\n                evm_status = INTEGRITY_NOXATTRS;\n            }\n        }\n        else if (rc == -EOPNOTSUPP)\n        {\n            evm_status = INTEGRITY_UNKNOWN;\n        }\n        goto out;\n    }\n    xattr_len = rc;\n    switch (xattr_data->type)\n    {\n        case EVM_XATTR_HMAC:\n            rc = evm_calc_hmac(dentry, xattr_name, xattr_value, xattr_value_len, calc.digest);\n            if (rc)\n            {\n                break;\n            }\n            rc = memcmp(xattr_data->digest, calc.digest, sizeof(calc.digest));\n            if (rc)\n            {\n                rc = -EINVAL;\n            }\n            break;\n        case EVM_IMA_XATTR_DIGSIG:\n            rc = evm_calc_hash(dentry, xattr_name, xattr_value, xattr_value_len, calc.digest);\n            if (rc)\n            {\n                break;\n            }\n            rc = integrity_digsig_verify(INTEGRITY_KEYRING_EVM, (const char *)xattr_data, xattr_len, calc.digest, sizeof(calc.digest));\n            if (!rc)\n            {\n                if (!IS_RDONLY(d_backing_inode(dentry)) && !IS_IMMUTABLE(d_backing_inode(dentry)))\n                {\n                    evm_update_evmxattr(dentry, xattr_name, xattr_value, xattr_value_len);\n                }\n            }\n            break;\n        default:\n            rc = -EINVAL;\n            break;\n    }\n    if (rc)\n    {\n        evm_status = (rc == -ENODATA) ? INTEGRITY_NOXATTRS : INTEGRITY_FAIL;\n    }\nout:\n    if (iint)\n    {\n        iint->evm_status = evm_status;\n    }\n    kfree(xattr_data);\n    return evm_status;\n}\n",
        "question": "How does modifying the control structure `if (rc <= 0)` affect the behavior or output of `evm_update_evmxattr`?",
        "choices": {
            "A": "The modification of `if (rc <= 0)` directly impacts the execution of `evm_update_evmxattr` because its entire operation is controlled by `if (rc <= 0)` and located within `if (rc <= 0)`.",
            "B": "Modifying `if (rc <= 0)` has no impact on the behavior or output of `evm_update_evmxattr`.",
            "C": "The change of if (rc <= 0) indirectly affects the execution of `evm_update_evmxattr`, as the modifications in `if (rc <= 0)` influence the arguments or conditions within `evm_update_evmxattr`.",
            "D": "It is not possible to determine the effect without additional context."
        },
        "answer": "C",
        "distance": 3
    },
    {
        "case_id": "primevul_9",
        "code": "static enum integrity_status evm_verify_hmac(struct dentry *dentry, const char *xattr_name, char *xattr_value, size_t xattr_value_len, struct integrity_iint_cache *iint)\n{\n    struct evm_ima_xattr_data *xattr_data = NULL;\n    struct evm_ima_xattr_data calc;\n    enum integrity_status evm_status = INTEGRITY_PASS;\n    int rc, xattr_len;\n    if (iint && iint->evm_status == INTEGRITY_PASS)\n    {\n        return iint->evm_status;\n    }\n    rc = vfs_getxattr_alloc(dentry, XATTR_NAME_EVM, (char **)&xattr_data, 0, GFP_NOFS);\n    if (rc <= 0)\n    {\n        evm_status = INTEGRITY_FAIL;\n        if (rc == -ENODATA)\n        {\n            rc = evm_find_protected_xattrs(dentry);\n            if (rc > 0)\n            {\n                evm_status = INTEGRITY_NOLABEL;\n            }\n            else if (rc == 0)\n            {\n                evm_status = INTEGRITY_NOXATTRS;\n            }\n        }\n        else if (rc == -EOPNOTSUPP)\n        {\n            evm_status = INTEGRITY_UNKNOWN;\n        }\n        goto out;\n    }\n    xattr_len = rc;\n    switch (xattr_data->type)\n    {\n        case EVM_XATTR_HMAC:\n            rc = evm_calc_hmac(dentry, xattr_name, xattr_value, xattr_value_len, calc.digest);\n            if (rc)\n            {\n                break;\n            }\n            rc = memcmp(xattr_data->digest, calc.digest, sizeof(calc.digest));\n            if (rc)\n            {\n                rc = -EINVAL;\n            }\n            break;\n        case EVM_IMA_XATTR_DIGSIG:\n            rc = evm_calc_hash(dentry, xattr_name, xattr_value, xattr_value_len, calc.digest);\n            if (rc)\n            {\n                break;\n            }\n            rc = integrity_digsig_verify(INTEGRITY_KEYRING_EVM, (const char *)xattr_data, xattr_len, calc.digest, sizeof(calc.digest));\n            if (!rc)\n            {\n                if (!IS_RDONLY(d_backing_inode(dentry)) && !IS_IMMUTABLE(d_backing_inode(dentry)))\n                {\n                    evm_update_evmxattr(dentry, xattr_name, xattr_value, xattr_value_len);\n                }\n            }\n            break;\n        default:\n            rc = -EINVAL;\n            break;\n    }\n    if (rc)\n    {\n        evm_status = (rc == -ENODATA) ? INTEGRITY_NOXATTRS : INTEGRITY_FAIL;\n    }\nout:\n    if (iint)\n    {\n        iint->evm_status = evm_status;\n    }\n    kfree(xattr_data);\n    return evm_status;\n}\n",
        "question": "How does modifying the control structure `if (rc <= 0)` affect the behavior or output of `evm_calc_hmac`?",
        "choices": {
            "A": "The modification of `if (rc <= 0)` directly impacts the execution of `evm_calc_hmac` because its entire operation is controlled by `if (rc <= 0)` and located within `if (rc <= 0)`.",
            "B": "Modifying `if (rc <= 0)` has no impact on the behavior or output of `evm_calc_hmac`.",
            "C": "The change of if (rc <= 0) indirectly affects the execution of `evm_calc_hmac`, as the modifications in `if (rc <= 0)` influence the arguments or conditions within `evm_calc_hmac`.",
            "D": "It is not possible to determine the effect without additional context."
        },
        "answer": "C",
        "distance": 3
    },
    {
        "case_id": "primevul_9",
        "code": "static enum integrity_status evm_verify_hmac(struct dentry *dentry, const char *xattr_name, char *xattr_value, size_t xattr_value_len, struct integrity_iint_cache *iint)\n{\n    struct evm_ima_xattr_data *xattr_data = NULL;\n    struct evm_ima_xattr_data calc;\n    enum integrity_status evm_status = INTEGRITY_PASS;\n    int rc, xattr_len;\n    if (iint && iint->evm_status == INTEGRITY_PASS)\n    {\n        return iint->evm_status;\n    }\n    rc = vfs_getxattr_alloc(dentry, XATTR_NAME_EVM, (char **)&xattr_data, 0, GFP_NOFS);\n    if (rc <= 0)\n    {\n        evm_status = INTEGRITY_FAIL;\n        if (rc == -ENODATA)\n        {\n            rc = evm_find_protected_xattrs(dentry);\n            if (rc > 0)\n            {\n                evm_status = INTEGRITY_NOLABEL;\n            }\n            else if (rc == 0)\n            {\n                evm_status = INTEGRITY_NOXATTRS;\n            }\n        }\n        else if (rc == -EOPNOTSUPP)\n        {\n            evm_status = INTEGRITY_UNKNOWN;\n        }\n        goto out;\n    }\n    xattr_len = rc;\n    switch (xattr_data->type)\n    {\n        case EVM_XATTR_HMAC:\n            rc = evm_calc_hmac(dentry, xattr_name, xattr_value, xattr_value_len, calc.digest);\n            if (rc)\n            {\n                break;\n            }\n            rc = memcmp(xattr_data->digest, calc.digest, sizeof(calc.digest));\n            if (rc)\n            {\n                rc = -EINVAL;\n            }\n            break;\n        case EVM_IMA_XATTR_DIGSIG:\n            rc = evm_calc_hash(dentry, xattr_name, xattr_value, xattr_value_len, calc.digest);\n            if (rc)\n            {\n                break;\n            }\n            rc = integrity_digsig_verify(INTEGRITY_KEYRING_EVM, (const char *)xattr_data, xattr_len, calc.digest, sizeof(calc.digest));\n            if (!rc)\n            {\n                if (!IS_RDONLY(d_backing_inode(dentry)) && !IS_IMMUTABLE(d_backing_inode(dentry)))\n                {\n                    evm_update_evmxattr(dentry, xattr_name, xattr_value, xattr_value_len);\n                }\n            }\n            break;\n        default:\n            rc = -EINVAL;\n            break;\n    }\n    if (rc)\n    {\n        evm_status = (rc == -ENODATA) ? INTEGRITY_NOXATTRS : INTEGRITY_FAIL;\n    }\nout:\n    if (iint)\n    {\n        iint->evm_status = evm_status;\n    }\n    kfree(xattr_data);\n    return evm_status;\n}\n",
        "question": "How does modifying the control structure `if (rc <= 0)` affect the behavior or output of `evm_calc_hash`?",
        "choices": {
            "A": "The modification of `if (rc <= 0)` directly impacts the execution of `evm_calc_hash` because its entire operation is controlled by `if (rc <= 0)` and located within `if (rc <= 0)`.",
            "B": "Modifying `if (rc <= 0)` has no impact on the behavior or output of `evm_calc_hash`.",
            "C": "The change of if (rc <= 0) indirectly affects the execution of `evm_calc_hash`, as the modifications in `if (rc <= 0)` influence the arguments or conditions within `evm_calc_hash`.",
            "D": "It is not possible to determine the effect without additional context."
        },
        "answer": "C",
        "distance": 3
    }
]