[
    {
        "case_id": "primevul_5",
        "code": "static void b43_request_firmware(struct work_struct *work)\n{\n\tstruct b43_wl *wl = container_of(work, struct b43_wl, firmware_load);\n\tstruct b43_wldev *dev = wl->current_dev;\n\tstruct b43_request_fw_context *ctx;\n\tunsigned int i;\n\tint err;\n\tconst char *errmsg;\n\tctx = kzalloc(sizeof(*ctx), GFP_KERNEL);\n\tif (!ctx)\n\t{\n\t\treturn;\n\t}\n\tctx->dev = dev;\n\tctx->req_type = B43_FWTYPE_PROPRIETARY;\n\terr = b43_try_request_fw(ctx);\n\tif (!err)\n\t{\n\t\tgoto start_ieee80211;\n\t}\n\tif (ctx->fatal_failure)\n\t{\n\t\tgoto out;\n\t}\n\tctx->req_type = B43_FWTYPE_OPENSOURCE;\n\terr = b43_try_request_fw(ctx);\n\tif (!err)\n\t{\n\t\tgoto start_ieee80211;\n\t}\n\tif(ctx->fatal_failure)\n\t{\n\t\tgoto out;\n\t}\n\tfor (i = 0; i < B43_NR_FWTYPES; i++)\n\t{\n\t\terrmsg = ctx->errors[i];\n\t\tif (strlen(errmsg))\n\t\t{\n\t\t\tb43err(dev->wl, errmsg);\n\t\t}\n\t}\n\tb43_print_fw_helptext(dev->wl, 1);\n\tgoto out;\nstart_ieee80211:\n\twl->hw->queues = B43_QOS_QUEUE_NUM;\n\tif (!modparam_qos || dev->fw.opensource)\n\t{\n\t\twl->hw->queues = 1;\n\t}\n\terr = ieee80211_register_hw(wl->hw);\n\tif (err)\n\t{\n\t\tgoto err_one_core_detach;\n\t}\n\twl->hw_registred = true;\n\tb43_leds_register(wl->current_dev);\n\tgoto out;\nerr_one_core_detach:\n\tb43_one_core_detach(dev->dev);\nout:\n\tkfree(ctx);\n}\n",
        "question": "How does modifying the control structure `for (i = 0; i < B43_NR_FWTYPES; i++)` affect the behavior or output of `b43err`?",
        "choices": {
            "A": "The modification of `for (i = 0; i < B43_NR_FWTYPES; i++)` directly impacts the execution of `b43err` because its entire operation is controlled by `for (i = 0; i < B43_NR_FWTYPES; i++)` and located within `for (i = 0; i < B43_NR_FWTYPES; i++)`.",
            "B": "Modifying `for (i = 0; i < B43_NR_FWTYPES; i++)` has no impact on the behavior or output of `b43err`.",
            "C": "The change of for (i = 0; i < B43_NR_FWTYPES; i++) indirectly affects the execution of `b43err`, as the modifications in `for (i = 0; i < B43_NR_FWTYPES; i++)` influence the arguments or conditions within `b43err`.",
            "D": "It is not possible to determine the effect without additional context."
        },
        "answer": "A",
        "distance": 1
    },
    {
        "case_id": "primevul_5",
        "code": "static void b43_request_firmware(struct work_struct *work)\n{\n\tstruct b43_wl *wl = container_of(work, struct b43_wl, firmware_load);\n\tstruct b43_wldev *dev = wl->current_dev;\n\tstruct b43_request_fw_context *ctx;\n\tunsigned int i;\n\tint err;\n\tconst char *errmsg;\n\tctx = kzalloc(sizeof(*ctx), GFP_KERNEL);\n\tif (!ctx)\n\t{\n\t\treturn;\n\t}\n\tctx->dev = dev;\n\tctx->req_type = B43_FWTYPE_PROPRIETARY;\n\terr = b43_try_request_fw(ctx);\n\tif (!err)\n\t{\n\t\tgoto start_ieee80211;\n\t}\n\tif (ctx->fatal_failure)\n\t{\n\t\tgoto out;\n\t}\n\tctx->req_type = B43_FWTYPE_OPENSOURCE;\n\terr = b43_try_request_fw(ctx);\n\tif (!err)\n\t{\n\t\tgoto start_ieee80211;\n\t}\n\tif(ctx->fatal_failure)\n\t{\n\t\tgoto out;\n\t}\n\tfor (i = 0; i < B43_NR_FWTYPES; i++)\n\t{\n\t\terrmsg = ctx->errors[i];\n\t\tif (strlen(errmsg))\n\t\t{\n\t\t\tb43err(dev->wl, errmsg);\n\t\t}\n\t}\n\tb43_print_fw_helptext(dev->wl, 1);\n\tgoto out;\nstart_ieee80211:\n\twl->hw->queues = B43_QOS_QUEUE_NUM;\n\tif (!modparam_qos || dev->fw.opensource)\n\t{\n\t\twl->hw->queues = 1;\n\t}\n\terr = ieee80211_register_hw(wl->hw);\n\tif (err)\n\t{\n\t\tgoto err_one_core_detach;\n\t}\n\twl->hw_registred = true;\n\tb43_leds_register(wl->current_dev);\n\tgoto out;\nerr_one_core_detach:\n\tb43_one_core_detach(dev->dev);\nout:\n\tkfree(ctx);\n}\n",
        "question": "How does modifying the control structure `if (!err)` affect the behavior or output of `strlen`?",
        "choices": {
            "A": "The modification of `if (!err)` directly impacts the execution of `strlen` because its entire operation is controlled by `if (!err)` and located within `if (!err)`.",
            "B": "Modifying `if (!err)` has no impact on the behavior or output of `strlen`.",
            "C": "The change of if (!err) indirectly affects the execution of `strlen`, as the modifications in `if (!err)` influence the arguments or conditions within `strlen`.",
            "D": "It is not possible to determine the effect without additional context."
        },
        "answer": "B",
        "distance": 0
    },
    {
        "case_id": "primevul_5",
        "code": "static void b43_request_firmware(struct work_struct *work)\n{\n\tstruct b43_wl *wl = container_of(work, struct b43_wl, firmware_load);\n\tstruct b43_wldev *dev = wl->current_dev;\n\tstruct b43_request_fw_context *ctx;\n\tunsigned int i;\n\tint err;\n\tconst char *errmsg;\n\tctx = kzalloc(sizeof(*ctx), GFP_KERNEL);\n\tif (!ctx)\n\t{\n\t\treturn;\n\t}\n\tctx->dev = dev;\n\tctx->req_type = B43_FWTYPE_PROPRIETARY;\n\terr = b43_try_request_fw(ctx);\n\tif (!err)\n\t{\n\t\tgoto start_ieee80211;\n\t}\n\tif (ctx->fatal_failure)\n\t{\n\t\tgoto out;\n\t}\n\tctx->req_type = B43_FWTYPE_OPENSOURCE;\n\terr = b43_try_request_fw(ctx);\n\tif (!err)\n\t{\n\t\tgoto start_ieee80211;\n\t}\n\tif(ctx->fatal_failure)\n\t{\n\t\tgoto out;\n\t}\n\tfor (i = 0; i < B43_NR_FWTYPES; i++)\n\t{\n\t\terrmsg = ctx->errors[i];\n\t\tif (strlen(errmsg))\n\t\t{\n\t\t\tb43err(dev->wl, errmsg);\n\t\t}\n\t}\n\tb43_print_fw_helptext(dev->wl, 1);\n\tgoto out;\nstart_ieee80211:\n\twl->hw->queues = B43_QOS_QUEUE_NUM;\n\tif (!modparam_qos || dev->fw.opensource)\n\t{\n\t\twl->hw->queues = 1;\n\t}\n\terr = ieee80211_register_hw(wl->hw);\n\tif (err)\n\t{\n\t\tgoto err_one_core_detach;\n\t}\n\twl->hw_registred = true;\n\tb43_leds_register(wl->current_dev);\n\tgoto out;\nerr_one_core_detach:\n\tb43_one_core_detach(dev->dev);\nout:\n\tkfree(ctx);\n}\n",
        "question": "How does modifying the control structure `if (!err)` affect the behavior or output of `ieee80211_register_hw`?",
        "choices": {
            "A": "The modification of `if (!err)` directly impacts the execution of `ieee80211_register_hw` because its entire operation is controlled by `if (!err)` and located within `if (!err)`.",
            "B": "Modifying `if (!err)` has no impact on the behavior or output of `ieee80211_register_hw`.",
            "C": "The change of if (!err) indirectly affects the execution of `ieee80211_register_hw`, as the modifications in `if (!err)` influence the arguments or conditions within `ieee80211_register_hw`.",
            "D": "It is not possible to determine the effect without additional context."
        },
        "answer": "B",
        "distance": 0
    },
    {
        "case_id": "primevul_5",
        "code": "static void b43_request_firmware(struct work_struct *work)\n{\n\tstruct b43_wl *wl = container_of(work, struct b43_wl, firmware_load);\n\tstruct b43_wldev *dev = wl->current_dev;\n\tstruct b43_request_fw_context *ctx;\n\tunsigned int i;\n\tint err;\n\tconst char *errmsg;\n\tctx = kzalloc(sizeof(*ctx), GFP_KERNEL);\n\tif (!ctx)\n\t{\n\t\treturn;\n\t}\n\tctx->dev = dev;\n\tctx->req_type = B43_FWTYPE_PROPRIETARY;\n\terr = b43_try_request_fw(ctx);\n\tif (!err)\n\t{\n\t\tgoto start_ieee80211;\n\t}\n\tif (ctx->fatal_failure)\n\t{\n\t\tgoto out;\n\t}\n\tctx->req_type = B43_FWTYPE_OPENSOURCE;\n\terr = b43_try_request_fw(ctx);\n\tif (!err)\n\t{\n\t\tgoto start_ieee80211;\n\t}\n\tif(ctx->fatal_failure)\n\t{\n\t\tgoto out;\n\t}\n\tfor (i = 0; i < B43_NR_FWTYPES; i++)\n\t{\n\t\terrmsg = ctx->errors[i];\n\t\tif (strlen(errmsg))\n\t\t{\n\t\t\tb43err(dev->wl, errmsg);\n\t\t}\n\t}\n\tb43_print_fw_helptext(dev->wl, 1);\n\tgoto out;\nstart_ieee80211:\n\twl->hw->queues = B43_QOS_QUEUE_NUM;\n\tif (!modparam_qos || dev->fw.opensource)\n\t{\n\t\twl->hw->queues = 1;\n\t}\n\terr = ieee80211_register_hw(wl->hw);\n\tif (err)\n\t{\n\t\tgoto err_one_core_detach;\n\t}\n\twl->hw_registred = true;\n\tb43_leds_register(wl->current_dev);\n\tgoto out;\nerr_one_core_detach:\n\tb43_one_core_detach(dev->dev);\nout:\n\tkfree(ctx);\n}\n",
        "question": "How does modifying the control structure `if (!err)` affect the behavior or output of `b43_print_fw_helptext`?",
        "choices": {
            "A": "The modification of `if (!err)` directly impacts the execution of `b43_print_fw_helptext` because its entire operation is controlled by `if (!err)` and located within `if (!err)`.",
            "B": "Modifying `if (!err)` has no impact on the behavior or output of `b43_print_fw_helptext`.",
            "C": "The change of if (!err) indirectly affects the execution of `b43_print_fw_helptext`, as the modifications in `if (!err)` influence the arguments or conditions within `b43_print_fw_helptext`.",
            "D": "It is not possible to determine the effect without additional context."
        },
        "answer": "B",
        "distance": 0
    },
    {
        "case_id": "primevul_5",
        "code": "static void b43_request_firmware(struct work_struct *work)\n{\n\tstruct b43_wl *wl = container_of(work, struct b43_wl, firmware_load);\n\tstruct b43_wldev *dev = wl->current_dev;\n\tstruct b43_request_fw_context *ctx;\n\tunsigned int i;\n\tint err;\n\tconst char *errmsg;\n\tctx = kzalloc(sizeof(*ctx), GFP_KERNEL);\n\tif (!ctx)\n\t{\n\t\treturn;\n\t}\n\tctx->dev = dev;\n\tctx->req_type = B43_FWTYPE_PROPRIETARY;\n\terr = b43_try_request_fw(ctx);\n\tif (!err)\n\t{\n\t\tgoto start_ieee80211;\n\t}\n\tif (ctx->fatal_failure)\n\t{\n\t\tgoto out;\n\t}\n\tctx->req_type = B43_FWTYPE_OPENSOURCE;\n\terr = b43_try_request_fw(ctx);\n\tif (!err)\n\t{\n\t\tgoto start_ieee80211;\n\t}\n\tif(ctx->fatal_failure)\n\t{\n\t\tgoto out;\n\t}\n\tfor (i = 0; i < B43_NR_FWTYPES; i++)\n\t{\n\t\terrmsg = ctx->errors[i];\n\t\tif (strlen(errmsg))\n\t\t{\n\t\t\tb43err(dev->wl, errmsg);\n\t\t}\n\t}\n\tb43_print_fw_helptext(dev->wl, 1);\n\tgoto out;\nstart_ieee80211:\n\twl->hw->queues = B43_QOS_QUEUE_NUM;\n\tif (!modparam_qos || dev->fw.opensource)\n\t{\n\t\twl->hw->queues = 1;\n\t}\n\terr = ieee80211_register_hw(wl->hw);\n\tif (err)\n\t{\n\t\tgoto err_one_core_detach;\n\t}\n\twl->hw_registred = true;\n\tb43_leds_register(wl->current_dev);\n\tgoto out;\nerr_one_core_detach:\n\tb43_one_core_detach(dev->dev);\nout:\n\tkfree(ctx);\n}\n",
        "question": "How does modifying the control structure `if (!err)` affect the behavior or output of `b43_leds_register`?",
        "choices": {
            "A": "The modification of `if (!err)` directly impacts the execution of `b43_leds_register` because its entire operation is controlled by `if (!err)` and located within `if (!err)`.",
            "B": "Modifying `if (!err)` has no impact on the behavior or output of `b43_leds_register`.",
            "C": "The change of if (!err) indirectly affects the execution of `b43_leds_register`, as the modifications in `if (!err)` influence the arguments or conditions within `b43_leds_register`.",
            "D": "It is not possible to determine the effect without additional context."
        },
        "answer": "B",
        "distance": 0
    },
    {
        "case_id": "primevul_5",
        "code": "static void b43_request_firmware(struct work_struct *work)\n{\n\tstruct b43_wl *wl = container_of(work, struct b43_wl, firmware_load);\n\tstruct b43_wldev *dev = wl->current_dev;\n\tstruct b43_request_fw_context *ctx;\n\tunsigned int i;\n\tint err;\n\tconst char *errmsg;\n\tctx = kzalloc(sizeof(*ctx), GFP_KERNEL);\n\tif (!ctx)\n\t{\n\t\treturn;\n\t}\n\tctx->dev = dev;\n\tctx->req_type = B43_FWTYPE_PROPRIETARY;\n\terr = b43_try_request_fw(ctx);\n\tif (!err)\n\t{\n\t\tgoto start_ieee80211;\n\t}\n\tif (ctx->fatal_failure)\n\t{\n\t\tgoto out;\n\t}\n\tctx->req_type = B43_FWTYPE_OPENSOURCE;\n\terr = b43_try_request_fw(ctx);\n\tif (!err)\n\t{\n\t\tgoto start_ieee80211;\n\t}\n\tif(ctx->fatal_failure)\n\t{\n\t\tgoto out;\n\t}\n\tfor (i = 0; i < B43_NR_FWTYPES; i++)\n\t{\n\t\terrmsg = ctx->errors[i];\n\t\tif (strlen(errmsg))\n\t\t{\n\t\t\tb43err(dev->wl, errmsg);\n\t\t}\n\t}\n\tb43_print_fw_helptext(dev->wl, 1);\n\tgoto out;\nstart_ieee80211:\n\twl->hw->queues = B43_QOS_QUEUE_NUM;\n\tif (!modparam_qos || dev->fw.opensource)\n\t{\n\t\twl->hw->queues = 1;\n\t}\n\terr = ieee80211_register_hw(wl->hw);\n\tif (err)\n\t{\n\t\tgoto err_one_core_detach;\n\t}\n\twl->hw_registred = true;\n\tb43_leds_register(wl->current_dev);\n\tgoto out;\nerr_one_core_detach:\n\tb43_one_core_detach(dev->dev);\nout:\n\tkfree(ctx);\n}\n",
        "question": "How does modifying the control structure `for (i = 0; i < B43_NR_FWTYPES; i++)` affect the behavior or output of `b43_print_fw_helptext`?",
        "choices": {
            "A": "The modification of `for (i = 0; i < B43_NR_FWTYPES; i++)` directly impacts the execution of `b43_print_fw_helptext` because its entire operation is controlled by `for (i = 0; i < B43_NR_FWTYPES; i++)` and located within `for (i = 0; i < B43_NR_FWTYPES; i++)`.",
            "B": "Modifying `for (i = 0; i < B43_NR_FWTYPES; i++)` has no impact on the behavior or output of `b43_print_fw_helptext`.",
            "C": "The change of for (i = 0; i < B43_NR_FWTYPES; i++) indirectly affects the execution of `b43_print_fw_helptext`, as the modifications in `for (i = 0; i < B43_NR_FWTYPES; i++)` influence the arguments or conditions within `b43_print_fw_helptext`.",
            "D": "It is not possible to determine the effect without additional context."
        },
        "answer": "C",
        "distance": 3
    },
    {
        "case_id": "primevul_5",
        "code": "static void b43_request_firmware(struct work_struct *work)\n{\n\tstruct b43_wl *wl = container_of(work, struct b43_wl, firmware_load);\n\tstruct b43_wldev *dev = wl->current_dev;\n\tstruct b43_request_fw_context *ctx;\n\tunsigned int i;\n\tint err;\n\tconst char *errmsg;\n\tctx = kzalloc(sizeof(*ctx), GFP_KERNEL);\n\tif (!ctx)\n\t{\n\t\treturn;\n\t}\n\tctx->dev = dev;\n\tctx->req_type = B43_FWTYPE_PROPRIETARY;\n\terr = b43_try_request_fw(ctx);\n\tif (!err)\n\t{\n\t\tgoto start_ieee80211;\n\t}\n\tif (ctx->fatal_failure)\n\t{\n\t\tgoto out;\n\t}\n\tctx->req_type = B43_FWTYPE_OPENSOURCE;\n\terr = b43_try_request_fw(ctx);\n\tif (!err)\n\t{\n\t\tgoto start_ieee80211;\n\t}\n\tif(ctx->fatal_failure)\n\t{\n\t\tgoto out;\n\t}\n\tfor (i = 0; i < B43_NR_FWTYPES; i++)\n\t{\n\t\terrmsg = ctx->errors[i];\n\t\tif (strlen(errmsg))\n\t\t{\n\t\t\tb43err(dev->wl, errmsg);\n\t\t}\n\t}\n\tb43_print_fw_helptext(dev->wl, 1);\n\tgoto out;\nstart_ieee80211:\n\twl->hw->queues = B43_QOS_QUEUE_NUM;\n\tif (!modparam_qos || dev->fw.opensource)\n\t{\n\t\twl->hw->queues = 1;\n\t}\n\terr = ieee80211_register_hw(wl->hw);\n\tif (err)\n\t{\n\t\tgoto err_one_core_detach;\n\t}\n\twl->hw_registred = true;\n\tb43_leds_register(wl->current_dev);\n\tgoto out;\nerr_one_core_detach:\n\tb43_one_core_detach(dev->dev);\nout:\n\tkfree(ctx);\n}\n",
        "question": "How does modifying the control structure `for (i = 0; i < B43_NR_FWTYPES; i++)` affect the behavior or output of `kfree`?",
        "choices": {
            "A": "The modification of `for (i = 0; i < B43_NR_FWTYPES; i++)` directly impacts the execution of `kfree` because its entire operation is controlled by `for (i = 0; i < B43_NR_FWTYPES; i++)` and located within `for (i = 0; i < B43_NR_FWTYPES; i++)`.",
            "B": "Modifying `for (i = 0; i < B43_NR_FWTYPES; i++)` has no impact on the behavior or output of `kfree`.",
            "C": "The change of for (i = 0; i < B43_NR_FWTYPES; i++) indirectly affects the execution of `kfree`, as the modifications in `for (i = 0; i < B43_NR_FWTYPES; i++)` influence the arguments or conditions within `kfree`.",
            "D": "It is not possible to determine the effect without additional context."
        },
        "answer": "C",
        "distance": 3
    }
]