[
    {
        "case_id": "primevul_8",
        "code": "static void recalculate_apic_map(struct kvm *kvm)\n{\n    struct kvm_apic_map *new, *old = NULL;\n    struct kvm_vcpu *vcpu;\n    int i;\n    new = kzalloc(sizeof(struct kvm_apic_map), GFP_KERNEL);\n    mutex_lock(&kvm->arch.apic_map_lock);\n    if (!new)\n    {\n        goto out;\n    }\n    new->ldr_bits = 8;\n    new->cid_shift = 8;\n    new->cid_mask = 0;\n    new->lid_mask = 0xff;\n    kvm_for_each_vcpu(i, vcpu, kvm)\n    {\n        struct kvm_lapic *apic = vcpu->arch.apic;\n        u16 cid, lid;\n        u32 ldr;\n        if (!kvm_apic_present(vcpu))\n        {\n            continue;\n        }\n        if (apic_x2apic_mode(apic))\n        {\n            new->ldr_bits = 32;\n            new->cid_shift = 16;\n            new->cid_mask = new->lid_mask = 0xffff;\n        }\n        else if (kvm_apic_sw_enabled(apic) &&\n                 !new->cid_mask &&\n                 kvm_apic_get_reg(apic, APIC_DFR) == APIC_DFR_CLUSTER)\n        {\n            new->cid_shift = 4;\n            new->cid_mask = 0xf;\n            new->lid_mask = 0xf;\n        }\n        new->phys_map[kvm_apic_id(apic)] = apic;\n        ldr = kvm_apic_get_reg(apic, APIC_LDR);\n        cid = apic_cluster_id(new, ldr);\n        lid = apic_logical_id(new, ldr);\n        if (lid)\n        {\n            new->logical_map[cid][ffs(lid) - 1] = apic;\n        }\n    }\nout:\n    old = rcu_dereference_protected(kvm->arch.apic_map,\n                                    lockdep_is_held(&kvm->arch.apic_map_lock));\n    rcu_assign_pointer(kvm->arch.apic_map, new);\n    mutex_unlock(&kvm->arch.apic_map_lock);\n    if (old)\n    {\n        kfree_rcu(old, rcu);\n    }\n    kvm_vcpu_request_scan_ioapic(kvm);\n}\n",
        "question": "How does modifying the control structure `if (old)` affect the behavior or output of `kfree_rcu`?",
        "choices": {
            "A": "The modification of `if (old)` directly impacts the execution of `kfree_rcu` because its entire operation is controlled by `if (old)` and located within `if (old)`.",
            "B": "Modifying `if (old)` has no impact on the behavior or output of `kfree_rcu`.",
            "C": "The change of if (old) indirectly affects the execution of `kfree_rcu`, as the modifications in `if (old)` influence the arguments or conditions within `kfree_rcu`.",
            "D": "It is not possible to determine the effect without additional context."
        },
        "answer": "A",
        "distance": 1
    },
    {
        "case_id": "primevul_8",
        "code": "static void recalculate_apic_map(struct kvm *kvm)\n{\n    struct kvm_apic_map *new, *old = NULL;\n    struct kvm_vcpu *vcpu;\n    int i;\n    new = kzalloc(sizeof(struct kvm_apic_map), GFP_KERNEL);\n    mutex_lock(&kvm->arch.apic_map_lock);\n    if (!new)\n    {\n        goto out;\n    }\n    new->ldr_bits = 8;\n    new->cid_shift = 8;\n    new->cid_mask = 0;\n    new->lid_mask = 0xff;\n    kvm_for_each_vcpu(i, vcpu, kvm)\n    {\n        struct kvm_lapic *apic = vcpu->arch.apic;\n        u16 cid, lid;\n        u32 ldr;\n        if (!kvm_apic_present(vcpu))\n        {\n            continue;\n        }\n        if (apic_x2apic_mode(apic))\n        {\n            new->ldr_bits = 32;\n            new->cid_shift = 16;\n            new->cid_mask = new->lid_mask = 0xffff;\n        }\n        else if (kvm_apic_sw_enabled(apic) &&\n                 !new->cid_mask &&\n                 kvm_apic_get_reg(apic, APIC_DFR) == APIC_DFR_CLUSTER)\n        {\n            new->cid_shift = 4;\n            new->cid_mask = 0xf;\n            new->lid_mask = 0xf;\n        }\n        new->phys_map[kvm_apic_id(apic)] = apic;\n        ldr = kvm_apic_get_reg(apic, APIC_LDR);\n        cid = apic_cluster_id(new, ldr);\n        lid = apic_logical_id(new, ldr);\n        if (lid)\n        {\n            new->logical_map[cid][ffs(lid) - 1] = apic;\n        }\n    }\nout:\n    old = rcu_dereference_protected(kvm->arch.apic_map,\n                                    lockdep_is_held(&kvm->arch.apic_map_lock));\n    rcu_assign_pointer(kvm->arch.apic_map, new);\n    mutex_unlock(&kvm->arch.apic_map_lock);\n    if (old)\n    {\n        kfree_rcu(old, rcu);\n    }\n    kvm_vcpu_request_scan_ioapic(kvm);\n}\n",
        "question": "How does modifying the control structure `if (lid)` affect the behavior or output of `ffs`?",
        "choices": {
            "A": "The modification of `if (lid)` directly impacts the execution of `ffs` because its entire operation is controlled by `if (lid)` and located within `if (lid)`.",
            "B": "Modifying `if (lid)` has no impact on the behavior or output of `ffs`.",
            "C": "The change of if (lid) indirectly affects the execution of `ffs`, as the modifications in `if (lid)` influence the arguments or conditions within `ffs`.",
            "D": "It is not possible to determine the effect without additional context."
        },
        "answer": "A",
        "distance": 1
    },
    {
        "case_id": "primevul_8",
        "code": "static void recalculate_apic_map(struct kvm *kvm)\n{\n    struct kvm_apic_map *new, *old = NULL;\n    struct kvm_vcpu *vcpu;\n    int i;\n    new = kzalloc(sizeof(struct kvm_apic_map), GFP_KERNEL);\n    mutex_lock(&kvm->arch.apic_map_lock);\n    if (!new)\n    {\n        goto out;\n    }\n    new->ldr_bits = 8;\n    new->cid_shift = 8;\n    new->cid_mask = 0;\n    new->lid_mask = 0xff;\n    kvm_for_each_vcpu(i, vcpu, kvm)\n    {\n        struct kvm_lapic *apic = vcpu->arch.apic;\n        u16 cid, lid;\n        u32 ldr;\n        if (!kvm_apic_present(vcpu))\n        {\n            continue;\n        }\n        if (apic_x2apic_mode(apic))\n        {\n            new->ldr_bits = 32;\n            new->cid_shift = 16;\n            new->cid_mask = new->lid_mask = 0xffff;\n        }\n        else if (kvm_apic_sw_enabled(apic) &&\n                 !new->cid_mask &&\n                 kvm_apic_get_reg(apic, APIC_DFR) == APIC_DFR_CLUSTER)\n        {\n            new->cid_shift = 4;\n            new->cid_mask = 0xf;\n            new->lid_mask = 0xf;\n        }\n        new->phys_map[kvm_apic_id(apic)] = apic;\n        ldr = kvm_apic_get_reg(apic, APIC_LDR);\n        cid = apic_cluster_id(new, ldr);\n        lid = apic_logical_id(new, ldr);\n        if (lid)\n        {\n            new->logical_map[cid][ffs(lid) - 1] = apic;\n        }\n    }\nout:\n    old = rcu_dereference_protected(kvm->arch.apic_map,\n                                    lockdep_is_held(&kvm->arch.apic_map_lock));\n    rcu_assign_pointer(kvm->arch.apic_map, new);\n    mutex_unlock(&kvm->arch.apic_map_lock);\n    if (old)\n    {\n        kfree_rcu(old, rcu);\n    }\n    kvm_vcpu_request_scan_ioapic(kvm);\n}\n",
        "question": "How does modifying the control structure `else if (kvm_apic_sw_enabled(apic) &&!new->cid_mask &&kvm_apic_get_reg(apic, APIC_DFR) == APIC_DFR_CLUSTER)` affect the behavior or output of `ffs`?",
        "choices": {
            "A": "The modification of `else if (kvm_apic_sw_enabled(apic) &&!new->cid_mask &&kvm_apic_get_reg(apic, APIC_DFR) == APIC_DFR_CLUSTER)` directly impacts the execution of `ffs` because its entire operation is controlled by `else if (kvm_apic_sw_enabled(apic) &&!new->cid_mask &&kvm_apic_get_reg(apic, APIC_DFR) == APIC_DFR_CLUSTER)` and located within `else if (kvm_apic_sw_enabled(apic) &&!new->cid_mask &&kvm_apic_get_reg(apic, APIC_DFR) == APIC_DFR_CLUSTER)`.",
            "B": "Modifying `else if (kvm_apic_sw_enabled(apic) &&!new->cid_mask &&kvm_apic_get_reg(apic, APIC_DFR) == APIC_DFR_CLUSTER)` has no impact on the behavior or output of `ffs`.",
            "C": "The change of else if (kvm_apic_sw_enabled(apic) &&!new->cid_mask &&kvm_apic_get_reg(apic, APIC_DFR) == APIC_DFR_CLUSTER) indirectly affects the execution of `ffs`, as the modifications in `else if (kvm_apic_sw_enabled(apic) &&!new->cid_mask &&kvm_apic_get_reg(apic, APIC_DFR) == APIC_DFR_CLUSTER)` influence the arguments or conditions within `ffs`.",
            "D": "It is not possible to determine the effect without additional context."
        },
        "answer": "B",
        "distance": 0
    },
    {
        "case_id": "primevul_8",
        "code": "static void recalculate_apic_map(struct kvm *kvm)\n{\n    struct kvm_apic_map *new, *old = NULL;\n    struct kvm_vcpu *vcpu;\n    int i;\n    new = kzalloc(sizeof(struct kvm_apic_map), GFP_KERNEL);\n    mutex_lock(&kvm->arch.apic_map_lock);\n    if (!new)\n    {\n        goto out;\n    }\n    new->ldr_bits = 8;\n    new->cid_shift = 8;\n    new->cid_mask = 0;\n    new->lid_mask = 0xff;\n    kvm_for_each_vcpu(i, vcpu, kvm)\n    {\n        struct kvm_lapic *apic = vcpu->arch.apic;\n        u16 cid, lid;\n        u32 ldr;\n        if (!kvm_apic_present(vcpu))\n        {\n            continue;\n        }\n        if (apic_x2apic_mode(apic))\n        {\n            new->ldr_bits = 32;\n            new->cid_shift = 16;\n            new->cid_mask = new->lid_mask = 0xffff;\n        }\n        else if (kvm_apic_sw_enabled(apic) &&\n                 !new->cid_mask &&\n                 kvm_apic_get_reg(apic, APIC_DFR) == APIC_DFR_CLUSTER)\n        {\n            new->cid_shift = 4;\n            new->cid_mask = 0xf;\n            new->lid_mask = 0xf;\n        }\n        new->phys_map[kvm_apic_id(apic)] = apic;\n        ldr = kvm_apic_get_reg(apic, APIC_LDR);\n        cid = apic_cluster_id(new, ldr);\n        lid = apic_logical_id(new, ldr);\n        if (lid)\n        {\n            new->logical_map[cid][ffs(lid) - 1] = apic;\n        }\n    }\nout:\n    old = rcu_dereference_protected(kvm->arch.apic_map,\n                                    lockdep_is_held(&kvm->arch.apic_map_lock));\n    rcu_assign_pointer(kvm->arch.apic_map, new);\n    mutex_unlock(&kvm->arch.apic_map_lock);\n    if (old)\n    {\n        kfree_rcu(old, rcu);\n    }\n    kvm_vcpu_request_scan_ioapic(kvm);\n}\n",
        "question": "How does modifying the control structure `else if (kvm_apic_sw_enabled(apic) &&!new->cid_mask &&kvm_apic_get_reg(apic, APIC_DFR) == APIC_DFR_CLUSTER)` affect the behavior or output of `kzalloc`?",
        "choices": {
            "A": "The modification of `else if (kvm_apic_sw_enabled(apic) &&!new->cid_mask &&kvm_apic_get_reg(apic, APIC_DFR) == APIC_DFR_CLUSTER)` directly impacts the execution of `kzalloc` because its entire operation is controlled by `else if (kvm_apic_sw_enabled(apic) &&!new->cid_mask &&kvm_apic_get_reg(apic, APIC_DFR) == APIC_DFR_CLUSTER)` and located within `else if (kvm_apic_sw_enabled(apic) &&!new->cid_mask &&kvm_apic_get_reg(apic, APIC_DFR) == APIC_DFR_CLUSTER)`.",
            "B": "Modifying `else if (kvm_apic_sw_enabled(apic) &&!new->cid_mask &&kvm_apic_get_reg(apic, APIC_DFR) == APIC_DFR_CLUSTER)` has no impact on the behavior or output of `kzalloc`.",
            "C": "The change of else if (kvm_apic_sw_enabled(apic) &&!new->cid_mask &&kvm_apic_get_reg(apic, APIC_DFR) == APIC_DFR_CLUSTER) indirectly affects the execution of `kzalloc`, as the modifications in `else if (kvm_apic_sw_enabled(apic) &&!new->cid_mask &&kvm_apic_get_reg(apic, APIC_DFR) == APIC_DFR_CLUSTER)` influence the arguments or conditions within `kzalloc`.",
            "D": "It is not possible to determine the effect without additional context."
        },
        "answer": "B",
        "distance": 0
    },
    {
        "case_id": "primevul_8",
        "code": "static void recalculate_apic_map(struct kvm *kvm)\n{\n    struct kvm_apic_map *new, *old = NULL;\n    struct kvm_vcpu *vcpu;\n    int i;\n    new = kzalloc(sizeof(struct kvm_apic_map), GFP_KERNEL);\n    mutex_lock(&kvm->arch.apic_map_lock);\n    if (!new)\n    {\n        goto out;\n    }\n    new->ldr_bits = 8;\n    new->cid_shift = 8;\n    new->cid_mask = 0;\n    new->lid_mask = 0xff;\n    kvm_for_each_vcpu(i, vcpu, kvm)\n    {\n        struct kvm_lapic *apic = vcpu->arch.apic;\n        u16 cid, lid;\n        u32 ldr;\n        if (!kvm_apic_present(vcpu))\n        {\n            continue;\n        }\n        if (apic_x2apic_mode(apic))\n        {\n            new->ldr_bits = 32;\n            new->cid_shift = 16;\n            new->cid_mask = new->lid_mask = 0xffff;\n        }\n        else if (kvm_apic_sw_enabled(apic) &&\n                 !new->cid_mask &&\n                 kvm_apic_get_reg(apic, APIC_DFR) == APIC_DFR_CLUSTER)\n        {\n            new->cid_shift = 4;\n            new->cid_mask = 0xf;\n            new->lid_mask = 0xf;\n        }\n        new->phys_map[kvm_apic_id(apic)] = apic;\n        ldr = kvm_apic_get_reg(apic, APIC_LDR);\n        cid = apic_cluster_id(new, ldr);\n        lid = apic_logical_id(new, ldr);\n        if (lid)\n        {\n            new->logical_map[cid][ffs(lid) - 1] = apic;\n        }\n    }\nout:\n    old = rcu_dereference_protected(kvm->arch.apic_map,\n                                    lockdep_is_held(&kvm->arch.apic_map_lock));\n    rcu_assign_pointer(kvm->arch.apic_map, new);\n    mutex_unlock(&kvm->arch.apic_map_lock);\n    if (old)\n    {\n        kfree_rcu(old, rcu);\n    }\n    kvm_vcpu_request_scan_ioapic(kvm);\n}\n",
        "question": "How does modifying the control structure `else if (kvm_apic_sw_enabled(apic) &&!new->cid_mask &&kvm_apic_get_reg(apic, APIC_DFR) == APIC_DFR_CLUSTER)` affect the behavior or output of `lockdep_is_held`?",
        "choices": {
            "A": "The modification of `else if (kvm_apic_sw_enabled(apic) &&!new->cid_mask &&kvm_apic_get_reg(apic, APIC_DFR) == APIC_DFR_CLUSTER)` directly impacts the execution of `lockdep_is_held` because its entire operation is controlled by `else if (kvm_apic_sw_enabled(apic) &&!new->cid_mask &&kvm_apic_get_reg(apic, APIC_DFR) == APIC_DFR_CLUSTER)` and located within `else if (kvm_apic_sw_enabled(apic) &&!new->cid_mask &&kvm_apic_get_reg(apic, APIC_DFR) == APIC_DFR_CLUSTER)`.",
            "B": "Modifying `else if (kvm_apic_sw_enabled(apic) &&!new->cid_mask &&kvm_apic_get_reg(apic, APIC_DFR) == APIC_DFR_CLUSTER)` has no impact on the behavior or output of `lockdep_is_held`.",
            "C": "The change of else if (kvm_apic_sw_enabled(apic) &&!new->cid_mask &&kvm_apic_get_reg(apic, APIC_DFR) == APIC_DFR_CLUSTER) indirectly affects the execution of `lockdep_is_held`, as the modifications in `else if (kvm_apic_sw_enabled(apic) &&!new->cid_mask &&kvm_apic_get_reg(apic, APIC_DFR) == APIC_DFR_CLUSTER)` influence the arguments or conditions within `lockdep_is_held`.",
            "D": "It is not possible to determine the effect without additional context."
        },
        "answer": "B",
        "distance": 0
    },
    {
        "case_id": "primevul_8",
        "code": "static void recalculate_apic_map(struct kvm *kvm)\n{\n    struct kvm_apic_map *new, *old = NULL;\n    struct kvm_vcpu *vcpu;\n    int i;\n    new = kzalloc(sizeof(struct kvm_apic_map), GFP_KERNEL);\n    mutex_lock(&kvm->arch.apic_map_lock);\n    if (!new)\n    {\n        goto out;\n    }\n    new->ldr_bits = 8;\n    new->cid_shift = 8;\n    new->cid_mask = 0;\n    new->lid_mask = 0xff;\n    kvm_for_each_vcpu(i, vcpu, kvm)\n    {\n        struct kvm_lapic *apic = vcpu->arch.apic;\n        u16 cid, lid;\n        u32 ldr;\n        if (!kvm_apic_present(vcpu))\n        {\n            continue;\n        }\n        if (apic_x2apic_mode(apic))\n        {\n            new->ldr_bits = 32;\n            new->cid_shift = 16;\n            new->cid_mask = new->lid_mask = 0xffff;\n        }\n        else if (kvm_apic_sw_enabled(apic) &&\n                 !new->cid_mask &&\n                 kvm_apic_get_reg(apic, APIC_DFR) == APIC_DFR_CLUSTER)\n        {\n            new->cid_shift = 4;\n            new->cid_mask = 0xf;\n            new->lid_mask = 0xf;\n        }\n        new->phys_map[kvm_apic_id(apic)] = apic;\n        ldr = kvm_apic_get_reg(apic, APIC_LDR);\n        cid = apic_cluster_id(new, ldr);\n        lid = apic_logical_id(new, ldr);\n        if (lid)\n        {\n            new->logical_map[cid][ffs(lid) - 1] = apic;\n        }\n    }\nout:\n    old = rcu_dereference_protected(kvm->arch.apic_map,\n                                    lockdep_is_held(&kvm->arch.apic_map_lock));\n    rcu_assign_pointer(kvm->arch.apic_map, new);\n    mutex_unlock(&kvm->arch.apic_map_lock);\n    if (old)\n    {\n        kfree_rcu(old, rcu);\n    }\n    kvm_vcpu_request_scan_ioapic(kvm);\n}\n",
        "question": "How does modifying the control structure `else if (kvm_apic_sw_enabled(apic) &&!new->cid_mask &&kvm_apic_get_reg(apic, APIC_DFR) == APIC_DFR_CLUSTER)` affect the behavior or output of `kfree_rcu`?",
        "choices": {
            "A": "The modification of `else if (kvm_apic_sw_enabled(apic) &&!new->cid_mask &&kvm_apic_get_reg(apic, APIC_DFR) == APIC_DFR_CLUSTER)` directly impacts the execution of `kfree_rcu` because its entire operation is controlled by `else if (kvm_apic_sw_enabled(apic) &&!new->cid_mask &&kvm_apic_get_reg(apic, APIC_DFR) == APIC_DFR_CLUSTER)` and located within `else if (kvm_apic_sw_enabled(apic) &&!new->cid_mask &&kvm_apic_get_reg(apic, APIC_DFR) == APIC_DFR_CLUSTER)`.",
            "B": "Modifying `else if (kvm_apic_sw_enabled(apic) &&!new->cid_mask &&kvm_apic_get_reg(apic, APIC_DFR) == APIC_DFR_CLUSTER)` has no impact on the behavior or output of `kfree_rcu`.",
            "C": "The change of else if (kvm_apic_sw_enabled(apic) &&!new->cid_mask &&kvm_apic_get_reg(apic, APIC_DFR) == APIC_DFR_CLUSTER) indirectly affects the execution of `kfree_rcu`, as the modifications in `else if (kvm_apic_sw_enabled(apic) &&!new->cid_mask &&kvm_apic_get_reg(apic, APIC_DFR) == APIC_DFR_CLUSTER)` influence the arguments or conditions within `kfree_rcu`.",
            "D": "It is not possible to determine the effect without additional context."
        },
        "answer": "B",
        "distance": 0
    }
]