[
    {
        "case_id": "primevul_41",
        "code": "static bool dump_fd_info(const char *dest_filename, char *source_filename, int source_base_ofs, uid_t uid, gid_t gid)\n{\n    FILE *fp = fopen(dest_filename, \"w\");\n    if (!fp)\n    {\n        return false;\n    }\n    unsigned fd = 0;\n    while (fd <= 99999)\n    {\n        sprintf(source_filename + source_base_ofs, \"fd/%u\", fd);\n        char *name = malloc_readlink(source_filename);\n        if (!name)\n        {\n            break;\n        }\n        fprintf(fp, \"%u:%s\\n\", fd, name);\n        free(name);\n        sprintf(source_filename + source_base_ofs, \"fdinfo/%u\", fd);\n        fd++;\n        FILE *in = fopen(source_filename, \"r\");\n        if (!in)\n        {\n            continue;\n        }\n        char buf[128];\n        while (fgets(buf, sizeof(buf)-1, in))\n        {\n            char *eol = strchrnul(buf, '\\n');\n            eol[0] = '\\n';\n            eol[1] = '\\0';\n            fputs(buf, fp);\n        }\n        fclose(in);\n    }\n    const int dest_fd = fileno(fp);\n    if (fchown(dest_fd, uid, gid) < 0)\n    {\n        perror_msg(\"Can't change '%s' ownership to %lu:%lu\", dest_filename, (long)uid, (long)gid);\n        fclose(fp);\n        unlink(dest_filename);\n        return false;\n    }\n    fclose(fp);\n    return true;\n}\n",
        "question": "How does modifying the control structure `if (fchown(dest_fd, uid, gid) < 0)` affect the behavior or output of `unlink`?",
        "choices": {
            "A": "The modification of `if (fchown(dest_fd, uid, gid) < 0)` directly impacts the execution of `unlink` because its entire operation is controlled by `if (fchown(dest_fd, uid, gid) < 0)` and located within `if (fchown(dest_fd, uid, gid) < 0)`.",
            "B": "Modifying `if (fchown(dest_fd, uid, gid) < 0)` has no impact on the behavior or output of `unlink`.",
            "C": "The change of if (fchown(dest_fd, uid, gid) < 0) indirectly affects the execution of `unlink`, as the modifications in `if (fchown(dest_fd, uid, gid) < 0)` influence the arguments or conditions within `unlink`.",
            "D": "It is not possible to determine the effect without additional context."
        },
        "answer": "A",
        "distance": 1
    },
    {
        "case_id": "primevul_41",
        "code": "static bool dump_fd_info(const char *dest_filename, char *source_filename, int source_base_ofs, uid_t uid, gid_t gid)\n{\n    FILE *fp = fopen(dest_filename, \"w\");\n    if (!fp)\n    {\n        return false;\n    }\n    unsigned fd = 0;\n    while (fd <= 99999)\n    {\n        sprintf(source_filename + source_base_ofs, \"fd/%u\", fd);\n        char *name = malloc_readlink(source_filename);\n        if (!name)\n        {\n            break;\n        }\n        fprintf(fp, \"%u:%s\\n\", fd, name);\n        free(name);\n        sprintf(source_filename + source_base_ofs, \"fdinfo/%u\", fd);\n        fd++;\n        FILE *in = fopen(source_filename, \"r\");\n        if (!in)\n        {\n            continue;\n        }\n        char buf[128];\n        while (fgets(buf, sizeof(buf)-1, in))\n        {\n            char *eol = strchrnul(buf, '\\n');\n            eol[0] = '\\n';\n            eol[1] = '\\0';\n            fputs(buf, fp);\n        }\n        fclose(in);\n    }\n    const int dest_fd = fileno(fp);\n    if (fchown(dest_fd, uid, gid) < 0)\n    {\n        perror_msg(\"Can't change '%s' ownership to %lu:%lu\", dest_filename, (long)uid, (long)gid);\n        fclose(fp);\n        unlink(dest_filename);\n        return false;\n    }\n    fclose(fp);\n    return true;\n}\n",
        "question": "How does modifying the control structure `while (fd <= 99999)` affect the behavior or output of `free`?",
        "choices": {
            "A": "The modification of `while (fd <= 99999)` directly impacts the execution of `free` because its entire operation is controlled by `while (fd <= 99999)` and located within `while (fd <= 99999)`.",
            "B": "Modifying `while (fd <= 99999)` has no impact on the behavior or output of `free`.",
            "C": "The change of while (fd <= 99999) indirectly affects the execution of `free`, as the modifications in `while (fd <= 99999)` influence the arguments or conditions within `free`.",
            "D": "It is not possible to determine the effect without additional context."
        },
        "answer": "A",
        "distance": 1
    },
    {
        "case_id": "primevul_41",
        "code": "static bool dump_fd_info(const char *dest_filename, char *source_filename, int source_base_ofs, uid_t uid, gid_t gid)\n{\n    FILE *fp = fopen(dest_filename, \"w\");\n    if (!fp)\n    {\n        return false;\n    }\n    unsigned fd = 0;\n    while (fd <= 99999)\n    {\n        sprintf(source_filename + source_base_ofs, \"fd/%u\", fd);\n        char *name = malloc_readlink(source_filename);\n        if (!name)\n        {\n            break;\n        }\n        fprintf(fp, \"%u:%s\\n\", fd, name);\n        free(name);\n        sprintf(source_filename + source_base_ofs, \"fdinfo/%u\", fd);\n        fd++;\n        FILE *in = fopen(source_filename, \"r\");\n        if (!in)\n        {\n            continue;\n        }\n        char buf[128];\n        while (fgets(buf, sizeof(buf)-1, in))\n        {\n            char *eol = strchrnul(buf, '\\n');\n            eol[0] = '\\n';\n            eol[1] = '\\0';\n            fputs(buf, fp);\n        }\n        fclose(in);\n    }\n    const int dest_fd = fileno(fp);\n    if (fchown(dest_fd, uid, gid) < 0)\n    {\n        perror_msg(\"Can't change '%s' ownership to %lu:%lu\", dest_filename, (long)uid, (long)gid);\n        fclose(fp);\n        unlink(dest_filename);\n        return false;\n    }\n    fclose(fp);\n    return true;\n}\n",
        "question": "How does modifying the control structure `while (fd <= 99999)` affect the behavior or output of `fputs`?",
        "choices": {
            "A": "The modification of `while (fd <= 99999)` directly impacts the execution of `fputs` because its entire operation is controlled by `while (fd <= 99999)` and located within `while (fd <= 99999)`.",
            "B": "Modifying `while (fd <= 99999)` has no impact on the behavior or output of `fputs`.",
            "C": "The change of while (fd <= 99999) indirectly affects the execution of `fputs`, as the modifications in `while (fd <= 99999)` influence the arguments or conditions within `fputs`.",
            "D": "It is not possible to determine the effect without additional context."
        },
        "answer": "A",
        "distance": 1
    },
    {
        "case_id": "primevul_41",
        "code": "static bool dump_fd_info(const char *dest_filename, char *source_filename, int source_base_ofs, uid_t uid, gid_t gid)\n{\n    FILE *fp = fopen(dest_filename, \"w\");\n    if (!fp)\n    {\n        return false;\n    }\n    unsigned fd = 0;\n    while (fd <= 99999)\n    {\n        sprintf(source_filename + source_base_ofs, \"fd/%u\", fd);\n        char *name = malloc_readlink(source_filename);\n        if (!name)\n        {\n            break;\n        }\n        fprintf(fp, \"%u:%s\\n\", fd, name);\n        free(name);\n        sprintf(source_filename + source_base_ofs, \"fdinfo/%u\", fd);\n        fd++;\n        FILE *in = fopen(source_filename, \"r\");\n        if (!in)\n        {\n            continue;\n        }\n        char buf[128];\n        while (fgets(buf, sizeof(buf)-1, in))\n        {\n            char *eol = strchrnul(buf, '\\n');\n            eol[0] = '\\n';\n            eol[1] = '\\0';\n            fputs(buf, fp);\n        }\n        fclose(in);\n    }\n    const int dest_fd = fileno(fp);\n    if (fchown(dest_fd, uid, gid) < 0)\n    {\n        perror_msg(\"Can't change '%s' ownership to %lu:%lu\", dest_filename, (long)uid, (long)gid);\n        fclose(fp);\n        unlink(dest_filename);\n        return false;\n    }\n    fclose(fp);\n    return true;\n}\n",
        "question": "How does modifying the control structure `while (fd <= 99999)` affect the behavior or output of `strchrnul`?",
        "choices": {
            "A": "The modification of `while (fd <= 99999)` directly impacts the execution of `strchrnul` because its entire operation is controlled by `while (fd <= 99999)` and located within `while (fd <= 99999)`.",
            "B": "Modifying `while (fd <= 99999)` has no impact on the behavior or output of `strchrnul`.",
            "C": "The change of while (fd <= 99999) indirectly affects the execution of `strchrnul`, as the modifications in `while (fd <= 99999)` influence the arguments or conditions within `strchrnul`.",
            "D": "It is not possible to determine the effect without additional context."
        },
        "answer": "A",
        "distance": 1
    },
    {
        "case_id": "primevul_41",
        "code": "static bool dump_fd_info(const char *dest_filename, char *source_filename, int source_base_ofs, uid_t uid, gid_t gid)\n{\n    FILE *fp = fopen(dest_filename, \"w\");\n    if (!fp)\n    {\n        return false;\n    }\n    unsigned fd = 0;\n    while (fd <= 99999)\n    {\n        sprintf(source_filename + source_base_ofs, \"fd/%u\", fd);\n        char *name = malloc_readlink(source_filename);\n        if (!name)\n        {\n            break;\n        }\n        fprintf(fp, \"%u:%s\\n\", fd, name);\n        free(name);\n        sprintf(source_filename + source_base_ofs, \"fdinfo/%u\", fd);\n        fd++;\n        FILE *in = fopen(source_filename, \"r\");\n        if (!in)\n        {\n            continue;\n        }\n        char buf[128];\n        while (fgets(buf, sizeof(buf)-1, in))\n        {\n            char *eol = strchrnul(buf, '\\n');\n            eol[0] = '\\n';\n            eol[1] = '\\0';\n            fputs(buf, fp);\n        }\n        fclose(in);\n    }\n    const int dest_fd = fileno(fp);\n    if (fchown(dest_fd, uid, gid) < 0)\n    {\n        perror_msg(\"Can't change '%s' ownership to %lu:%lu\", dest_filename, (long)uid, (long)gid);\n        fclose(fp);\n        unlink(dest_filename);\n        return false;\n    }\n    fclose(fp);\n    return true;\n}\n",
        "question": "How does modifying the control structure `break;` affect the behavior or output of `fileno`?",
        "choices": {
            "A": "The modification of `break;` directly impacts the execution of `fileno` because its entire operation is controlled by `break;` and located within `break;`.",
            "B": "Modifying `break;` has no impact on the behavior or output of `fileno`.",
            "C": "The change of break; indirectly affects the execution of `fileno`, as the modifications in `break;` influence the arguments or conditions within `fileno`.",
            "D": "It is not possible to determine the effect without additional context."
        },
        "answer": "B",
        "distance": 0
    },
    {
        "case_id": "primevul_41",
        "code": "static bool dump_fd_info(const char *dest_filename, char *source_filename, int source_base_ofs, uid_t uid, gid_t gid)\n{\n    FILE *fp = fopen(dest_filename, \"w\");\n    if (!fp)\n    {\n        return false;\n    }\n    unsigned fd = 0;\n    while (fd <= 99999)\n    {\n        sprintf(source_filename + source_base_ofs, \"fd/%u\", fd);\n        char *name = malloc_readlink(source_filename);\n        if (!name)\n        {\n            break;\n        }\n        fprintf(fp, \"%u:%s\\n\", fd, name);\n        free(name);\n        sprintf(source_filename + source_base_ofs, \"fdinfo/%u\", fd);\n        fd++;\n        FILE *in = fopen(source_filename, \"r\");\n        if (!in)\n        {\n            continue;\n        }\n        char buf[128];\n        while (fgets(buf, sizeof(buf)-1, in))\n        {\n            char *eol = strchrnul(buf, '\\n');\n            eol[0] = '\\n';\n            eol[1] = '\\0';\n            fputs(buf, fp);\n        }\n        fclose(in);\n    }\n    const int dest_fd = fileno(fp);\n    if (fchown(dest_fd, uid, gid) < 0)\n    {\n        perror_msg(\"Can't change '%s' ownership to %lu:%lu\", dest_filename, (long)uid, (long)gid);\n        fclose(fp);\n        unlink(dest_filename);\n        return false;\n    }\n    fclose(fp);\n    return true;\n}\n",
        "question": "How does modifying the control structure `break;` affect the behavior or output of `free`?",
        "choices": {
            "A": "The modification of `break;` directly impacts the execution of `free` because its entire operation is controlled by `break;` and located within `break;`.",
            "B": "Modifying `break;` has no impact on the behavior or output of `free`.",
            "C": "The change of break; indirectly affects the execution of `free`, as the modifications in `break;` influence the arguments or conditions within `free`.",
            "D": "It is not possible to determine the effect without additional context."
        },
        "answer": "B",
        "distance": 0
    },
    {
        "case_id": "primevul_41",
        "code": "static bool dump_fd_info(const char *dest_filename, char *source_filename, int source_base_ofs, uid_t uid, gid_t gid)\n{\n    FILE *fp = fopen(dest_filename, \"w\");\n    if (!fp)\n    {\n        return false;\n    }\n    unsigned fd = 0;\n    while (fd <= 99999)\n    {\n        sprintf(source_filename + source_base_ofs, \"fd/%u\", fd);\n        char *name = malloc_readlink(source_filename);\n        if (!name)\n        {\n            break;\n        }\n        fprintf(fp, \"%u:%s\\n\", fd, name);\n        free(name);\n        sprintf(source_filename + source_base_ofs, \"fdinfo/%u\", fd);\n        fd++;\n        FILE *in = fopen(source_filename, \"r\");\n        if (!in)\n        {\n            continue;\n        }\n        char buf[128];\n        while (fgets(buf, sizeof(buf)-1, in))\n        {\n            char *eol = strchrnul(buf, '\\n');\n            eol[0] = '\\n';\n            eol[1] = '\\0';\n            fputs(buf, fp);\n        }\n        fclose(in);\n    }\n    const int dest_fd = fileno(fp);\n    if (fchown(dest_fd, uid, gid) < 0)\n    {\n        perror_msg(\"Can't change '%s' ownership to %lu:%lu\", dest_filename, (long)uid, (long)gid);\n        fclose(fp);\n        unlink(dest_filename);\n        return false;\n    }\n    fclose(fp);\n    return true;\n}\n",
        "question": "How does modifying the control structure `break;` affect the behavior or output of `fputs`?",
        "choices": {
            "A": "The modification of `break;` directly impacts the execution of `fputs` because its entire operation is controlled by `break;` and located within `break;`.",
            "B": "Modifying `break;` has no impact on the behavior or output of `fputs`.",
            "C": "The change of break; indirectly affects the execution of `fputs`, as the modifications in `break;` influence the arguments or conditions within `fputs`.",
            "D": "It is not possible to determine the effect without additional context."
        },
        "answer": "B",
        "distance": 0
    },
    {
        "case_id": "primevul_41",
        "code": "static bool dump_fd_info(const char *dest_filename, char *source_filename, int source_base_ofs, uid_t uid, gid_t gid)\n{\n    FILE *fp = fopen(dest_filename, \"w\");\n    if (!fp)\n    {\n        return false;\n    }\n    unsigned fd = 0;\n    while (fd <= 99999)\n    {\n        sprintf(source_filename + source_base_ofs, \"fd/%u\", fd);\n        char *name = malloc_readlink(source_filename);\n        if (!name)\n        {\n            break;\n        }\n        fprintf(fp, \"%u:%s\\n\", fd, name);\n        free(name);\n        sprintf(source_filename + source_base_ofs, \"fdinfo/%u\", fd);\n        fd++;\n        FILE *in = fopen(source_filename, \"r\");\n        if (!in)\n        {\n            continue;\n        }\n        char buf[128];\n        while (fgets(buf, sizeof(buf)-1, in))\n        {\n            char *eol = strchrnul(buf, '\\n');\n            eol[0] = '\\n';\n            eol[1] = '\\0';\n            fputs(buf, fp);\n        }\n        fclose(in);\n    }\n    const int dest_fd = fileno(fp);\n    if (fchown(dest_fd, uid, gid) < 0)\n    {\n        perror_msg(\"Can't change '%s' ownership to %lu:%lu\", dest_filename, (long)uid, (long)gid);\n        fclose(fp);\n        unlink(dest_filename);\n        return false;\n    }\n    fclose(fp);\n    return true;\n}\n",
        "question": "How does modifying the control structure `break;` affect the behavior or output of `strchrnul`?",
        "choices": {
            "A": "The modification of `break;` directly impacts the execution of `strchrnul` because its entire operation is controlled by `break;` and located within `break;`.",
            "B": "Modifying `break;` has no impact on the behavior or output of `strchrnul`.",
            "C": "The change of break; indirectly affects the execution of `strchrnul`, as the modifications in `break;` influence the arguments or conditions within `strchrnul`.",
            "D": "It is not possible to determine the effect without additional context."
        },
        "answer": "B",
        "distance": 0
    },
    {
        "case_id": "primevul_41",
        "code": "static bool dump_fd_info(const char *dest_filename, char *source_filename, int source_base_ofs, uid_t uid, gid_t gid)\n{\n    FILE *fp = fopen(dest_filename, \"w\");\n    if (!fp)\n    {\n        return false;\n    }\n    unsigned fd = 0;\n    while (fd <= 99999)\n    {\n        sprintf(source_filename + source_base_ofs, \"fd/%u\", fd);\n        char *name = malloc_readlink(source_filename);\n        if (!name)\n        {\n            break;\n        }\n        fprintf(fp, \"%u:%s\\n\", fd, name);\n        free(name);\n        sprintf(source_filename + source_base_ofs, \"fdinfo/%u\", fd);\n        fd++;\n        FILE *in = fopen(source_filename, \"r\");\n        if (!in)\n        {\n            continue;\n        }\n        char buf[128];\n        while (fgets(buf, sizeof(buf)-1, in))\n        {\n            char *eol = strchrnul(buf, '\\n');\n            eol[0] = '\\n';\n            eol[1] = '\\0';\n            fputs(buf, fp);\n        }\n        fclose(in);\n    }\n    const int dest_fd = fileno(fp);\n    if (fchown(dest_fd, uid, gid) < 0)\n    {\n        perror_msg(\"Can't change '%s' ownership to %lu:%lu\", dest_filename, (long)uid, (long)gid);\n        fclose(fp);\n        unlink(dest_filename);\n        return false;\n    }\n    fclose(fp);\n    return true;\n}\n",
        "question": "How does modifying the control structure `while (fd <= 99999)` affect the behavior or output of `fileno`?",
        "choices": {
            "A": "The modification of `while (fd <= 99999)` directly impacts the execution of `fileno` because its entire operation is controlled by `while (fd <= 99999)` and located within `while (fd <= 99999)`.",
            "B": "Modifying `while (fd <= 99999)` has no impact on the behavior or output of `fileno`.",
            "C": "The change of while (fd <= 99999) indirectly affects the execution of `fileno`, as the modifications in `while (fd <= 99999)` influence the arguments or conditions within `fileno`.",
            "D": "It is not possible to determine the effect without additional context."
        },
        "answer": "C",
        "distance": 3
    },
    {
        "case_id": "primevul_41",
        "code": "static bool dump_fd_info(const char *dest_filename, char *source_filename, int source_base_ofs, uid_t uid, gid_t gid)\n{\n    FILE *fp = fopen(dest_filename, \"w\");\n    if (!fp)\n    {\n        return false;\n    }\n    unsigned fd = 0;\n    while (fd <= 99999)\n    {\n        sprintf(source_filename + source_base_ofs, \"fd/%u\", fd);\n        char *name = malloc_readlink(source_filename);\n        if (!name)\n        {\n            break;\n        }\n        fprintf(fp, \"%u:%s\\n\", fd, name);\n        free(name);\n        sprintf(source_filename + source_base_ofs, \"fdinfo/%u\", fd);\n        fd++;\n        FILE *in = fopen(source_filename, \"r\");\n        if (!in)\n        {\n            continue;\n        }\n        char buf[128];\n        while (fgets(buf, sizeof(buf)-1, in))\n        {\n            char *eol = strchrnul(buf, '\\n');\n            eol[0] = '\\n';\n            eol[1] = '\\0';\n            fputs(buf, fp);\n        }\n        fclose(in);\n    }\n    const int dest_fd = fileno(fp);\n    if (fchown(dest_fd, uid, gid) < 0)\n    {\n        perror_msg(\"Can't change '%s' ownership to %lu:%lu\", dest_filename, (long)uid, (long)gid);\n        fclose(fp);\n        unlink(dest_filename);\n        return false;\n    }\n    fclose(fp);\n    return true;\n}\n",
        "question": "How does modifying the control structure `if (!name)` affect the behavior or output of `free`?",
        "choices": {
            "A": "The modification of `if (!name)` directly impacts the execution of `free` because its entire operation is controlled by `if (!name)` and located within `if (!name)`.",
            "B": "Modifying `if (!name)` has no impact on the behavior or output of `free`.",
            "C": "The change of if (!name) indirectly affects the execution of `free`, as the modifications in `if (!name)` influence the arguments or conditions within `free`.",
            "D": "It is not possible to determine the effect without additional context."
        },
        "answer": "C",
        "distance": 2
    },
    {
        "case_id": "primevul_41",
        "code": "static bool dump_fd_info(const char *dest_filename, char *source_filename, int source_base_ofs, uid_t uid, gid_t gid)\n{\n    FILE *fp = fopen(dest_filename, \"w\");\n    if (!fp)\n    {\n        return false;\n    }\n    unsigned fd = 0;\n    while (fd <= 99999)\n    {\n        sprintf(source_filename + source_base_ofs, \"fd/%u\", fd);\n        char *name = malloc_readlink(source_filename);\n        if (!name)\n        {\n            break;\n        }\n        fprintf(fp, \"%u:%s\\n\", fd, name);\n        free(name);\n        sprintf(source_filename + source_base_ofs, \"fdinfo/%u\", fd);\n        fd++;\n        FILE *in = fopen(source_filename, \"r\");\n        if (!in)\n        {\n            continue;\n        }\n        char buf[128];\n        while (fgets(buf, sizeof(buf)-1, in))\n        {\n            char *eol = strchrnul(buf, '\\n');\n            eol[0] = '\\n';\n            eol[1] = '\\0';\n            fputs(buf, fp);\n        }\n        fclose(in);\n    }\n    const int dest_fd = fileno(fp);\n    if (fchown(dest_fd, uid, gid) < 0)\n    {\n        perror_msg(\"Can't change '%s' ownership to %lu:%lu\", dest_filename, (long)uid, (long)gid);\n        fclose(fp);\n        unlink(dest_filename);\n        return false;\n    }\n    fclose(fp);\n    return true;\n}\n",
        "question": "How does modifying the control structure `if (!name)` affect the behavior or output of `fputs`?",
        "choices": {
            "A": "The modification of `if (!name)` directly impacts the execution of `fputs` because its entire operation is controlled by `if (!name)` and located within `if (!name)`.",
            "B": "Modifying `if (!name)` has no impact on the behavior or output of `fputs`.",
            "C": "The change of if (!name) indirectly affects the execution of `fputs`, as the modifications in `if (!name)` influence the arguments or conditions within `fputs`.",
            "D": "It is not possible to determine the effect without additional context."
        },
        "answer": "C",
        "distance": 2
    },
    {
        "case_id": "primevul_41",
        "code": "static bool dump_fd_info(const char *dest_filename, char *source_filename, int source_base_ofs, uid_t uid, gid_t gid)\n{\n    FILE *fp = fopen(dest_filename, \"w\");\n    if (!fp)\n    {\n        return false;\n    }\n    unsigned fd = 0;\n    while (fd <= 99999)\n    {\n        sprintf(source_filename + source_base_ofs, \"fd/%u\", fd);\n        char *name = malloc_readlink(source_filename);\n        if (!name)\n        {\n            break;\n        }\n        fprintf(fp, \"%u:%s\\n\", fd, name);\n        free(name);\n        sprintf(source_filename + source_base_ofs, \"fdinfo/%u\", fd);\n        fd++;\n        FILE *in = fopen(source_filename, \"r\");\n        if (!in)\n        {\n            continue;\n        }\n        char buf[128];\n        while (fgets(buf, sizeof(buf)-1, in))\n        {\n            char *eol = strchrnul(buf, '\\n');\n            eol[0] = '\\n';\n            eol[1] = '\\0';\n            fputs(buf, fp);\n        }\n        fclose(in);\n    }\n    const int dest_fd = fileno(fp);\n    if (fchown(dest_fd, uid, gid) < 0)\n    {\n        perror_msg(\"Can't change '%s' ownership to %lu:%lu\", dest_filename, (long)uid, (long)gid);\n        fclose(fp);\n        unlink(dest_filename);\n        return false;\n    }\n    fclose(fp);\n    return true;\n}\n",
        "question": "How does modifying the control structure `if (!name)` affect the behavior or output of `strchrnul`?",
        "choices": {
            "A": "The modification of `if (!name)` directly impacts the execution of `strchrnul` because its entire operation is controlled by `if (!name)` and located within `if (!name)`.",
            "B": "Modifying `if (!name)` has no impact on the behavior or output of `strchrnul`.",
            "C": "The change of if (!name) indirectly affects the execution of `strchrnul`, as the modifications in `if (!name)` influence the arguments or conditions within `strchrnul`.",
            "D": "It is not possible to determine the effect without additional context."
        },
        "answer": "C",
        "distance": 2
    }
]