[
    {
        "case_id": "primevul_7",
        "code": "void V8LazyEventListener::prepareListenerObject(ExecutionContext* executionContext)\n{\n    if (!executionContext)\n    {\n        return;\n    }\n    v8::HandleScope handleScope(toIsolate(executionContext));\n    v8::Local<v8::Context> v8Context = toV8Context(executionContext, world());\n    if (v8Context.IsEmpty())\n    {\n        return;\n    }\n    ScriptState* scriptState = ScriptState::from(v8Context);\n    if (!scriptState->contextIsValid())\n    {\n        return;\n    }\n    if (executionContext->isDocument() && !toDocument(executionContext)->allowInlineEventHandlers(m_node, this, m_sourceURL, m_position.m_line))\n    {\n        clearListenerObject();\n        return;\n    }\n    if (hasExistingListenerObject())\n    {\n        return;\n    }\n    ASSERT(executionContext->isDocument());\n    ScriptState::Scope scope(scriptState);\n    String listenerSource = InspectorInstrumentation::preprocessEventListener(toDocument(executionContext)->frame(), m_code, m_sourceURL, m_functionName);\n    String code = \"(function() {\"\n        \"with (this[2]) {\"\n        \"with (this[1]) {\"\n        \"with (this[0]) {\"\n            \"return function(\" + m_eventParameterName + \") {\" +\n                listenerSource + \"\\n\"  \n            \"};\"\n        \"}}}})\";\n    v8::Handle<v8::String> codeExternalString = v8String(isolate(), code);\n    v8::Local<v8::Value> result = V8ScriptRunner::compileAndRunInternalScript(codeExternalString, isolate(), m_sourceURL, m_position);\n    if (result.IsEmpty())\n    {\n        return;\n    }\n    ASSERT(result->IsFunction());\n    v8::Local<v8::Function> intermediateFunction = result.As<v8::Function>();\n    HTMLFormElement* formElement = 0;\n    if (m_node && m_node->isHTMLElement())\n    {\n        formElement = toHTMLElement(m_node)->formOwner();\n    }\n    v8::Handle<v8::Object> nodeWrapper = toObjectWrapper<Node>(m_node, scriptState);\n    v8::Handle<v8::Object> formWrapper = toObjectWrapper<HTMLFormElement>(formElement, scriptState);\n    v8::Handle<v8::Object> documentWrapper = toObjectWrapper<Document>(m_node ? m_node->ownerDocument() : 0, scriptState);\n    v8::Local<v8::Object> thisObject = v8::Object::New(isolate());\n    if (thisObject.IsEmpty())\n    {\n        return;\n    }\n    if (!thisObject->ForceSet(v8::Integer::New(isolate(), 0), nodeWrapper))\n    {\n        return;\n    }\n    if (!thisObject->ForceSet(v8::Integer::New(isolate(), 1), formWrapper))\n    {\n        return;\n    }\n    if (!thisObject->ForceSet(v8::Integer::New(isolate(), 2), documentWrapper))\n    {\n        return;\n    }\n    v8::Local<v8::Value> innerValue = V8ScriptRunner::callInternalFunction(intermediateFunction, thisObject, 0, 0, isolate());\n    if (innerValue.IsEmpty() || !innerValue->IsFunction())\n    {\n        return;\n    }\n    v8::Local<v8::Function> wrappedFunction = innerValue.As<v8::Function>();\n    v8::Local<v8::Function> toStringFunction = v8::Function::New(isolate(), V8LazyEventListenerToString);\n    ASSERT(!toStringFunction.IsEmpty());\n    String toStringString = \"function \" + m_functionName + \"(\" + m_eventParameterName + \") {\\n  \" + m_code + \"\\n}\";\n    V8HiddenValue::setHiddenValue(isolate(), wrappedFunction, V8HiddenValue::toStringString(isolate()), v8String(isolate(), toStringString));\n    wrappedFunction->Set(v8AtomicString(isolate(), \"toString\"), toStringFunction);\n    wrappedFunction->SetName(v8String(isolate(), m_functionName));\n    setListenerObject(wrappedFunction);\n}\n",
        "question": "How does modifying the control structure `if (m_node && m_node->isHTMLElement())` affect the behavior or output of `toHTMLElement`?",
        "choices": {
            "A": "The modification of `if (m_node && m_node->isHTMLElement())` directly impacts the execution of `toHTMLElement` because its entire operation is controlled by `if (m_node && m_node->isHTMLElement())` and located within `if (m_node && m_node->isHTMLElement())`.",
            "B": "Modifying `if (m_node && m_node->isHTMLElement())` has no impact on the behavior or output of `toHTMLElement`.",
            "C": "The change of if (m_node && m_node->isHTMLElement()) indirectly affects the execution of `toHTMLElement`, as the modifications in `if (m_node && m_node->isHTMLElement())` influence the arguments or conditions within `toHTMLElement`.",
            "D": "It is not possible to determine the effect without additional context."
        },
        "answer": "A",
        "distance": 1
    },
    {
        "case_id": "primevul_7",
        "code": "void V8LazyEventListener::prepareListenerObject(ExecutionContext* executionContext)\n{\n    if (!executionContext)\n    {\n        return;\n    }\n    v8::HandleScope handleScope(toIsolate(executionContext));\n    v8::Local<v8::Context> v8Context = toV8Context(executionContext, world());\n    if (v8Context.IsEmpty())\n    {\n        return;\n    }\n    ScriptState* scriptState = ScriptState::from(v8Context);\n    if (!scriptState->contextIsValid())\n    {\n        return;\n    }\n    if (executionContext->isDocument() && !toDocument(executionContext)->allowInlineEventHandlers(m_node, this, m_sourceURL, m_position.m_line))\n    {\n        clearListenerObject();\n        return;\n    }\n    if (hasExistingListenerObject())\n    {\n        return;\n    }\n    ASSERT(executionContext->isDocument());\n    ScriptState::Scope scope(scriptState);\n    String listenerSource = InspectorInstrumentation::preprocessEventListener(toDocument(executionContext)->frame(), m_code, m_sourceURL, m_functionName);\n    String code = \"(function() {\"\n        \"with (this[2]) {\"\n        \"with (this[1]) {\"\n        \"with (this[0]) {\"\n            \"return function(\" + m_eventParameterName + \") {\" +\n                listenerSource + \"\\n\"  \n            \"};\"\n        \"}}}})\";\n    v8::Handle<v8::String> codeExternalString = v8String(isolate(), code);\n    v8::Local<v8::Value> result = V8ScriptRunner::compileAndRunInternalScript(codeExternalString, isolate(), m_sourceURL, m_position);\n    if (result.IsEmpty())\n    {\n        return;\n    }\n    ASSERT(result->IsFunction());\n    v8::Local<v8::Function> intermediateFunction = result.As<v8::Function>();\n    HTMLFormElement* formElement = 0;\n    if (m_node && m_node->isHTMLElement())\n    {\n        formElement = toHTMLElement(m_node)->formOwner();\n    }\n    v8::Handle<v8::Object> nodeWrapper = toObjectWrapper<Node>(m_node, scriptState);\n    v8::Handle<v8::Object> formWrapper = toObjectWrapper<HTMLFormElement>(formElement, scriptState);\n    v8::Handle<v8::Object> documentWrapper = toObjectWrapper<Document>(m_node ? m_node->ownerDocument() : 0, scriptState);\n    v8::Local<v8::Object> thisObject = v8::Object::New(isolate());\n    if (thisObject.IsEmpty())\n    {\n        return;\n    }\n    if (!thisObject->ForceSet(v8::Integer::New(isolate(), 0), nodeWrapper))\n    {\n        return;\n    }\n    if (!thisObject->ForceSet(v8::Integer::New(isolate(), 1), formWrapper))\n    {\n        return;\n    }\n    if (!thisObject->ForceSet(v8::Integer::New(isolate(), 2), documentWrapper))\n    {\n        return;\n    }\n    v8::Local<v8::Value> innerValue = V8ScriptRunner::callInternalFunction(intermediateFunction, thisObject, 0, 0, isolate());\n    if (innerValue.IsEmpty() || !innerValue->IsFunction())\n    {\n        return;\n    }\n    v8::Local<v8::Function> wrappedFunction = innerValue.As<v8::Function>();\n    v8::Local<v8::Function> toStringFunction = v8::Function::New(isolate(), V8LazyEventListenerToString);\n    ASSERT(!toStringFunction.IsEmpty());\n    String toStringString = \"function \" + m_functionName + \"(\" + m_eventParameterName + \") {\\n  \" + m_code + \"\\n}\";\n    V8HiddenValue::setHiddenValue(isolate(), wrappedFunction, V8HiddenValue::toStringString(isolate()), v8String(isolate(), toStringString));\n    wrappedFunction->Set(v8AtomicString(isolate(), \"toString\"), toStringFunction);\n    wrappedFunction->SetName(v8String(isolate(), m_functionName));\n    setListenerObject(wrappedFunction);\n}\n",
        "question": "How does modifying the control structure `if (!thisObject->ForceSet(v8::Integer::New(isolate(), 2), documentWrapper))` affect the behavior or output of `toV8Context`?",
        "choices": {
            "A": "The modification of `if (!thisObject->ForceSet(v8::Integer::New(isolate(), 2), documentWrapper))` directly impacts the execution of `toV8Context` because its entire operation is controlled by `if (!thisObject->ForceSet(v8::Integer::New(isolate(), 2), documentWrapper))` and located within `if (!thisObject->ForceSet(v8::Integer::New(isolate(), 2), documentWrapper))`.",
            "B": "Modifying `if (!thisObject->ForceSet(v8::Integer::New(isolate(), 2), documentWrapper))` has no impact on the behavior or output of `toV8Context`.",
            "C": "The change of if (!thisObject->ForceSet(v8::Integer::New(isolate(), 2), documentWrapper)) indirectly affects the execution of `toV8Context`, as the modifications in `if (!thisObject->ForceSet(v8::Integer::New(isolate(), 2), documentWrapper))` influence the arguments or conditions within `toV8Context`.",
            "D": "It is not possible to determine the effect without additional context."
        },
        "answer": "B",
        "distance": 0
    },
    {
        "case_id": "primevul_7",
        "code": "void V8LazyEventListener::prepareListenerObject(ExecutionContext* executionContext)\n{\n    if (!executionContext)\n    {\n        return;\n    }\n    v8::HandleScope handleScope(toIsolate(executionContext));\n    v8::Local<v8::Context> v8Context = toV8Context(executionContext, world());\n    if (v8Context.IsEmpty())\n    {\n        return;\n    }\n    ScriptState* scriptState = ScriptState::from(v8Context);\n    if (!scriptState->contextIsValid())\n    {\n        return;\n    }\n    if (executionContext->isDocument() && !toDocument(executionContext)->allowInlineEventHandlers(m_node, this, m_sourceURL, m_position.m_line))\n    {\n        clearListenerObject();\n        return;\n    }\n    if (hasExistingListenerObject())\n    {\n        return;\n    }\n    ASSERT(executionContext->isDocument());\n    ScriptState::Scope scope(scriptState);\n    String listenerSource = InspectorInstrumentation::preprocessEventListener(toDocument(executionContext)->frame(), m_code, m_sourceURL, m_functionName);\n    String code = \"(function() {\"\n        \"with (this[2]) {\"\n        \"with (this[1]) {\"\n        \"with (this[0]) {\"\n            \"return function(\" + m_eventParameterName + \") {\" +\n                listenerSource + \"\\n\"  \n            \"};\"\n        \"}}}})\";\n    v8::Handle<v8::String> codeExternalString = v8String(isolate(), code);\n    v8::Local<v8::Value> result = V8ScriptRunner::compileAndRunInternalScript(codeExternalString, isolate(), m_sourceURL, m_position);\n    if (result.IsEmpty())\n    {\n        return;\n    }\n    ASSERT(result->IsFunction());\n    v8::Local<v8::Function> intermediateFunction = result.As<v8::Function>();\n    HTMLFormElement* formElement = 0;\n    if (m_node && m_node->isHTMLElement())\n    {\n        formElement = toHTMLElement(m_node)->formOwner();\n    }\n    v8::Handle<v8::Object> nodeWrapper = toObjectWrapper<Node>(m_node, scriptState);\n    v8::Handle<v8::Object> formWrapper = toObjectWrapper<HTMLFormElement>(formElement, scriptState);\n    v8::Handle<v8::Object> documentWrapper = toObjectWrapper<Document>(m_node ? m_node->ownerDocument() : 0, scriptState);\n    v8::Local<v8::Object> thisObject = v8::Object::New(isolate());\n    if (thisObject.IsEmpty())\n    {\n        return;\n    }\n    if (!thisObject->ForceSet(v8::Integer::New(isolate(), 0), nodeWrapper))\n    {\n        return;\n    }\n    if (!thisObject->ForceSet(v8::Integer::New(isolate(), 1), formWrapper))\n    {\n        return;\n    }\n    if (!thisObject->ForceSet(v8::Integer::New(isolate(), 2), documentWrapper))\n    {\n        return;\n    }\n    v8::Local<v8::Value> innerValue = V8ScriptRunner::callInternalFunction(intermediateFunction, thisObject, 0, 0, isolate());\n    if (innerValue.IsEmpty() || !innerValue->IsFunction())\n    {\n        return;\n    }\n    v8::Local<v8::Function> wrappedFunction = innerValue.As<v8::Function>();\n    v8::Local<v8::Function> toStringFunction = v8::Function::New(isolate(), V8LazyEventListenerToString);\n    ASSERT(!toStringFunction.IsEmpty());\n    String toStringString = \"function \" + m_functionName + \"(\" + m_eventParameterName + \") {\\n  \" + m_code + \"\\n}\";\n    V8HiddenValue::setHiddenValue(isolate(), wrappedFunction, V8HiddenValue::toStringString(isolate()), v8String(isolate(), toStringString));\n    wrappedFunction->Set(v8AtomicString(isolate(), \"toString\"), toStringFunction);\n    wrappedFunction->SetName(v8String(isolate(), m_functionName));\n    setListenerObject(wrappedFunction);\n}\n",
        "question": "How does modifying the control structure `if (!thisObject->ForceSet(v8::Integer::New(isolate(), 2), documentWrapper))` affect the behavior or output of `ownerDocument`?",
        "choices": {
            "A": "The modification of `if (!thisObject->ForceSet(v8::Integer::New(isolate(), 2), documentWrapper))` directly impacts the execution of `ownerDocument` because its entire operation is controlled by `if (!thisObject->ForceSet(v8::Integer::New(isolate(), 2), documentWrapper))` and located within `if (!thisObject->ForceSet(v8::Integer::New(isolate(), 2), documentWrapper))`.",
            "B": "Modifying `if (!thisObject->ForceSet(v8::Integer::New(isolate(), 2), documentWrapper))` has no impact on the behavior or output of `ownerDocument`.",
            "C": "The change of if (!thisObject->ForceSet(v8::Integer::New(isolate(), 2), documentWrapper)) indirectly affects the execution of `ownerDocument`, as the modifications in `if (!thisObject->ForceSet(v8::Integer::New(isolate(), 2), documentWrapper))` influence the arguments or conditions within `ownerDocument`.",
            "D": "It is not possible to determine the effect without additional context."
        },
        "answer": "B",
        "distance": 0
    },
    {
        "case_id": "primevul_7",
        "code": "void V8LazyEventListener::prepareListenerObject(ExecutionContext* executionContext)\n{\n    if (!executionContext)\n    {\n        return;\n    }\n    v8::HandleScope handleScope(toIsolate(executionContext));\n    v8::Local<v8::Context> v8Context = toV8Context(executionContext, world());\n    if (v8Context.IsEmpty())\n    {\n        return;\n    }\n    ScriptState* scriptState = ScriptState::from(v8Context);\n    if (!scriptState->contextIsValid())\n    {\n        return;\n    }\n    if (executionContext->isDocument() && !toDocument(executionContext)->allowInlineEventHandlers(m_node, this, m_sourceURL, m_position.m_line))\n    {\n        clearListenerObject();\n        return;\n    }\n    if (hasExistingListenerObject())\n    {\n        return;\n    }\n    ASSERT(executionContext->isDocument());\n    ScriptState::Scope scope(scriptState);\n    String listenerSource = InspectorInstrumentation::preprocessEventListener(toDocument(executionContext)->frame(), m_code, m_sourceURL, m_functionName);\n    String code = \"(function() {\"\n        \"with (this[2]) {\"\n        \"with (this[1]) {\"\n        \"with (this[0]) {\"\n            \"return function(\" + m_eventParameterName + \") {\" +\n                listenerSource + \"\\n\"  \n            \"};\"\n        \"}}}})\";\n    v8::Handle<v8::String> codeExternalString = v8String(isolate(), code);\n    v8::Local<v8::Value> result = V8ScriptRunner::compileAndRunInternalScript(codeExternalString, isolate(), m_sourceURL, m_position);\n    if (result.IsEmpty())\n    {\n        return;\n    }\n    ASSERT(result->IsFunction());\n    v8::Local<v8::Function> intermediateFunction = result.As<v8::Function>();\n    HTMLFormElement* formElement = 0;\n    if (m_node && m_node->isHTMLElement())\n    {\n        formElement = toHTMLElement(m_node)->formOwner();\n    }\n    v8::Handle<v8::Object> nodeWrapper = toObjectWrapper<Node>(m_node, scriptState);\n    v8::Handle<v8::Object> formWrapper = toObjectWrapper<HTMLFormElement>(formElement, scriptState);\n    v8::Handle<v8::Object> documentWrapper = toObjectWrapper<Document>(m_node ? m_node->ownerDocument() : 0, scriptState);\n    v8::Local<v8::Object> thisObject = v8::Object::New(isolate());\n    if (thisObject.IsEmpty())\n    {\n        return;\n    }\n    if (!thisObject->ForceSet(v8::Integer::New(isolate(), 0), nodeWrapper))\n    {\n        return;\n    }\n    if (!thisObject->ForceSet(v8::Integer::New(isolate(), 1), formWrapper))\n    {\n        return;\n    }\n    if (!thisObject->ForceSet(v8::Integer::New(isolate(), 2), documentWrapper))\n    {\n        return;\n    }\n    v8::Local<v8::Value> innerValue = V8ScriptRunner::callInternalFunction(intermediateFunction, thisObject, 0, 0, isolate());\n    if (innerValue.IsEmpty() || !innerValue->IsFunction())\n    {\n        return;\n    }\n    v8::Local<v8::Function> wrappedFunction = innerValue.As<v8::Function>();\n    v8::Local<v8::Function> toStringFunction = v8::Function::New(isolate(), V8LazyEventListenerToString);\n    ASSERT(!toStringFunction.IsEmpty());\n    String toStringString = \"function \" + m_functionName + \"(\" + m_eventParameterName + \") {\\n  \" + m_code + \"\\n}\";\n    V8HiddenValue::setHiddenValue(isolate(), wrappedFunction, V8HiddenValue::toStringString(isolate()), v8String(isolate(), toStringString));\n    wrappedFunction->Set(v8AtomicString(isolate(), \"toString\"), toStringFunction);\n    wrappedFunction->SetName(v8String(isolate(), m_functionName));\n    setListenerObject(wrappedFunction);\n}\n",
        "question": "How does modifying the control structure `if (!thisObject->ForceSet(v8::Integer::New(isolate(), 2), documentWrapper))` affect the behavior or output of `world`?",
        "choices": {
            "A": "The modification of `if (!thisObject->ForceSet(v8::Integer::New(isolate(), 2), documentWrapper))` directly impacts the execution of `world` because its entire operation is controlled by `if (!thisObject->ForceSet(v8::Integer::New(isolate(), 2), documentWrapper))` and located within `if (!thisObject->ForceSet(v8::Integer::New(isolate(), 2), documentWrapper))`.",
            "B": "Modifying `if (!thisObject->ForceSet(v8::Integer::New(isolate(), 2), documentWrapper))` has no impact on the behavior or output of `world`.",
            "C": "The change of if (!thisObject->ForceSet(v8::Integer::New(isolate(), 2), documentWrapper)) indirectly affects the execution of `world`, as the modifications in `if (!thisObject->ForceSet(v8::Integer::New(isolate(), 2), documentWrapper))` influence the arguments or conditions within `world`.",
            "D": "It is not possible to determine the effect without additional context."
        },
        "answer": "B",
        "distance": 0
    },
    {
        "case_id": "primevul_7",
        "code": "void V8LazyEventListener::prepareListenerObject(ExecutionContext* executionContext)\n{\n    if (!executionContext)\n    {\n        return;\n    }\n    v8::HandleScope handleScope(toIsolate(executionContext));\n    v8::Local<v8::Context> v8Context = toV8Context(executionContext, world());\n    if (v8Context.IsEmpty())\n    {\n        return;\n    }\n    ScriptState* scriptState = ScriptState::from(v8Context);\n    if (!scriptState->contextIsValid())\n    {\n        return;\n    }\n    if (executionContext->isDocument() && !toDocument(executionContext)->allowInlineEventHandlers(m_node, this, m_sourceURL, m_position.m_line))\n    {\n        clearListenerObject();\n        return;\n    }\n    if (hasExistingListenerObject())\n    {\n        return;\n    }\n    ASSERT(executionContext->isDocument());\n    ScriptState::Scope scope(scriptState);\n    String listenerSource = InspectorInstrumentation::preprocessEventListener(toDocument(executionContext)->frame(), m_code, m_sourceURL, m_functionName);\n    String code = \"(function() {\"\n        \"with (this[2]) {\"\n        \"with (this[1]) {\"\n        \"with (this[0]) {\"\n            \"return function(\" + m_eventParameterName + \") {\" +\n                listenerSource + \"\\n\"  \n            \"};\"\n        \"}}}})\";\n    v8::Handle<v8::String> codeExternalString = v8String(isolate(), code);\n    v8::Local<v8::Value> result = V8ScriptRunner::compileAndRunInternalScript(codeExternalString, isolate(), m_sourceURL, m_position);\n    if (result.IsEmpty())\n    {\n        return;\n    }\n    ASSERT(result->IsFunction());\n    v8::Local<v8::Function> intermediateFunction = result.As<v8::Function>();\n    HTMLFormElement* formElement = 0;\n    if (m_node && m_node->isHTMLElement())\n    {\n        formElement = toHTMLElement(m_node)->formOwner();\n    }\n    v8::Handle<v8::Object> nodeWrapper = toObjectWrapper<Node>(m_node, scriptState);\n    v8::Handle<v8::Object> formWrapper = toObjectWrapper<HTMLFormElement>(formElement, scriptState);\n    v8::Handle<v8::Object> documentWrapper = toObjectWrapper<Document>(m_node ? m_node->ownerDocument() : 0, scriptState);\n    v8::Local<v8::Object> thisObject = v8::Object::New(isolate());\n    if (thisObject.IsEmpty())\n    {\n        return;\n    }\n    if (!thisObject->ForceSet(v8::Integer::New(isolate(), 0), nodeWrapper))\n    {\n        return;\n    }\n    if (!thisObject->ForceSet(v8::Integer::New(isolate(), 1), formWrapper))\n    {\n        return;\n    }\n    if (!thisObject->ForceSet(v8::Integer::New(isolate(), 2), documentWrapper))\n    {\n        return;\n    }\n    v8::Local<v8::Value> innerValue = V8ScriptRunner::callInternalFunction(intermediateFunction, thisObject, 0, 0, isolate());\n    if (innerValue.IsEmpty() || !innerValue->IsFunction())\n    {\n        return;\n    }\n    v8::Local<v8::Function> wrappedFunction = innerValue.As<v8::Function>();\n    v8::Local<v8::Function> toStringFunction = v8::Function::New(isolate(), V8LazyEventListenerToString);\n    ASSERT(!toStringFunction.IsEmpty());\n    String toStringString = \"function \" + m_functionName + \"(\" + m_eventParameterName + \") {\\n  \" + m_code + \"\\n}\";\n    V8HiddenValue::setHiddenValue(isolate(), wrappedFunction, V8HiddenValue::toStringString(isolate()), v8String(isolate(), toStringString));\n    wrappedFunction->Set(v8AtomicString(isolate(), \"toString\"), toStringFunction);\n    wrappedFunction->SetName(v8String(isolate(), m_functionName));\n    setListenerObject(wrappedFunction);\n}\n",
        "question": "How does modifying the control structure `if (!thisObject->ForceSet(v8::Integer::New(isolate(), 2), documentWrapper))` affect the behavior or output of `frame`?",
        "choices": {
            "A": "The modification of `if (!thisObject->ForceSet(v8::Integer::New(isolate(), 2), documentWrapper))` directly impacts the execution of `frame` because its entire operation is controlled by `if (!thisObject->ForceSet(v8::Integer::New(isolate(), 2), documentWrapper))` and located within `if (!thisObject->ForceSet(v8::Integer::New(isolate(), 2), documentWrapper))`.",
            "B": "Modifying `if (!thisObject->ForceSet(v8::Integer::New(isolate(), 2), documentWrapper))` has no impact on the behavior or output of `frame`.",
            "C": "The change of if (!thisObject->ForceSet(v8::Integer::New(isolate(), 2), documentWrapper)) indirectly affects the execution of `frame`, as the modifications in `if (!thisObject->ForceSet(v8::Integer::New(isolate(), 2), documentWrapper))` influence the arguments or conditions within `frame`.",
            "D": "It is not possible to determine the effect without additional context."
        },
        "answer": "B",
        "distance": 0
    }
]