[
    {
        "case_id": "primevul_57",
        "code": "static int fetch_uidl(char *line, void *data)\n{\n  int i, index;\n  struct Context *ctx = (struct Context *) data;\n  struct PopData *pop_data = (struct PopData *) ctx->data;\n  char *endp = NULL;\n  errno = 0;\n  index = strtol(line, &endp, 10);\n  if (errno)\n  {\n    return -1;\n  }\n  while (*endp == ' ')\n  {\n    endp++;\n  }\n  memmove(line, endp, strlen(endp) + 1);\n  for (i = 0; i < ctx->msgcount; i++)\n  {\n    if (mutt_str_strcmp(line, ctx->hdrs[i]->data) == 0)\n    {\n      break;\n    }\n  }\n  if (i == ctx->msgcount)\n  {\n    mutt_debug(1, \"new header %d %s\\n\", index, line);\n    if (i >= ctx->hdrmax)\n    {\n      mx_alloc_memory(ctx);\n    }\n    ctx->msgcount++;\n    ctx->hdrs[i] = mutt_header_new();\n    ctx->hdrs[i]->data = mutt_str_strdup(line);\n  }\n  else if (ctx->hdrs[i]->index != index - 1)\n  {\n    pop_data->clear_cache = true;\n  }\n  ctx->hdrs[i]->refno = index;\n  ctx->hdrs[i]->index = index - 1;\n  return 0;\n}\n",
        "question": "How does modifying the control structure `if (i == ctx->msgcount)` affect the behavior or output of `mutt_str_strdup`?",
        "choices": {
            "A": "The modification of `if (i == ctx->msgcount)` directly impacts the execution of `mutt_str_strdup` because its entire operation is controlled by `if (i == ctx->msgcount)` and located within `if (i == ctx->msgcount)`.",
            "B": "Modifying `if (i == ctx->msgcount)` has no impact on the behavior or output of `mutt_str_strdup`.",
            "C": "The change of if (i == ctx->msgcount) indirectly affects the execution of `mutt_str_strdup`, as the modifications in `if (i == ctx->msgcount)` influence the arguments or conditions within `mutt_str_strdup`.",
            "D": "It is not possible to determine the effect without additional context."
        },
        "answer": "A",
        "distance": 1
    },
    {
        "case_id": "primevul_57",
        "code": "static int fetch_uidl(char *line, void *data)\n{\n  int i, index;\n  struct Context *ctx = (struct Context *) data;\n  struct PopData *pop_data = (struct PopData *) ctx->data;\n  char *endp = NULL;\n  errno = 0;\n  index = strtol(line, &endp, 10);\n  if (errno)\n  {\n    return -1;\n  }\n  while (*endp == ' ')\n  {\n    endp++;\n  }\n  memmove(line, endp, strlen(endp) + 1);\n  for (i = 0; i < ctx->msgcount; i++)\n  {\n    if (mutt_str_strcmp(line, ctx->hdrs[i]->data) == 0)\n    {\n      break;\n    }\n  }\n  if (i == ctx->msgcount)\n  {\n    mutt_debug(1, \"new header %d %s\\n\", index, line);\n    if (i >= ctx->hdrmax)\n    {\n      mx_alloc_memory(ctx);\n    }\n    ctx->msgcount++;\n    ctx->hdrs[i] = mutt_header_new();\n    ctx->hdrs[i]->data = mutt_str_strdup(line);\n  }\n  else if (ctx->hdrs[i]->index != index - 1)\n  {\n    pop_data->clear_cache = true;\n  }\n  ctx->hdrs[i]->refno = index;\n  ctx->hdrs[i]->index = index - 1;\n  return 0;\n}\n",
        "question": "How does modifying the control structure `if (i == ctx->msgcount)` affect the behavior or output of `mx_alloc_memory`?",
        "choices": {
            "A": "The modification of `if (i == ctx->msgcount)` directly impacts the execution of `mx_alloc_memory` because its entire operation is controlled by `if (i == ctx->msgcount)` and located within `if (i == ctx->msgcount)`.",
            "B": "Modifying `if (i == ctx->msgcount)` has no impact on the behavior or output of `mx_alloc_memory`.",
            "C": "The change of if (i == ctx->msgcount) indirectly affects the execution of `mx_alloc_memory`, as the modifications in `if (i == ctx->msgcount)` influence the arguments or conditions within `mx_alloc_memory`.",
            "D": "It is not possible to determine the effect without additional context."
        },
        "answer": "A",
        "distance": 1
    },
    {
        "case_id": "primevul_57",
        "code": "static int fetch_uidl(char *line, void *data)\n{\n  int i, index;\n  struct Context *ctx = (struct Context *) data;\n  struct PopData *pop_data = (struct PopData *) ctx->data;\n  char *endp = NULL;\n  errno = 0;\n  index = strtol(line, &endp, 10);\n  if (errno)\n  {\n    return -1;\n  }\n  while (*endp == ' ')\n  {\n    endp++;\n  }\n  memmove(line, endp, strlen(endp) + 1);\n  for (i = 0; i < ctx->msgcount; i++)\n  {\n    if (mutt_str_strcmp(line, ctx->hdrs[i]->data) == 0)\n    {\n      break;\n    }\n  }\n  if (i == ctx->msgcount)\n  {\n    mutt_debug(1, \"new header %d %s\\n\", index, line);\n    if (i >= ctx->hdrmax)\n    {\n      mx_alloc_memory(ctx);\n    }\n    ctx->msgcount++;\n    ctx->hdrs[i] = mutt_header_new();\n    ctx->hdrs[i]->data = mutt_str_strdup(line);\n  }\n  else if (ctx->hdrs[i]->index != index - 1)\n  {\n    pop_data->clear_cache = true;\n  }\n  ctx->hdrs[i]->refno = index;\n  ctx->hdrs[i]->index = index - 1;\n  return 0;\n}\n",
        "question": "How does modifying the control structure `if (i == ctx->msgcount)` affect the behavior or output of `mutt_debug`?",
        "choices": {
            "A": "The modification of `if (i == ctx->msgcount)` directly impacts the execution of `mutt_debug` because its entire operation is controlled by `if (i == ctx->msgcount)` and located within `if (i == ctx->msgcount)`.",
            "B": "Modifying `if (i == ctx->msgcount)` has no impact on the behavior or output of `mutt_debug`.",
            "C": "The change of if (i == ctx->msgcount) indirectly affects the execution of `mutt_debug`, as the modifications in `if (i == ctx->msgcount)` influence the arguments or conditions within `mutt_debug`.",
            "D": "It is not possible to determine the effect without additional context."
        },
        "answer": "A",
        "distance": 1
    },
    {
        "case_id": "primevul_57",
        "code": "static int fetch_uidl(char *line, void *data)\n{\n  int i, index;\n  struct Context *ctx = (struct Context *) data;\n  struct PopData *pop_data = (struct PopData *) ctx->data;\n  char *endp = NULL;\n  errno = 0;\n  index = strtol(line, &endp, 10);\n  if (errno)\n  {\n    return -1;\n  }\n  while (*endp == ' ')\n  {\n    endp++;\n  }\n  memmove(line, endp, strlen(endp) + 1);\n  for (i = 0; i < ctx->msgcount; i++)\n  {\n    if (mutt_str_strcmp(line, ctx->hdrs[i]->data) == 0)\n    {\n      break;\n    }\n  }\n  if (i == ctx->msgcount)\n  {\n    mutt_debug(1, \"new header %d %s\\n\", index, line);\n    if (i >= ctx->hdrmax)\n    {\n      mx_alloc_memory(ctx);\n    }\n    ctx->msgcount++;\n    ctx->hdrs[i] = mutt_header_new();\n    ctx->hdrs[i]->data = mutt_str_strdup(line);\n  }\n  else if (ctx->hdrs[i]->index != index - 1)\n  {\n    pop_data->clear_cache = true;\n  }\n  ctx->hdrs[i]->refno = index;\n  ctx->hdrs[i]->index = index - 1;\n  return 0;\n}\n",
        "question": "How does modifying the control structure `else if (ctx->hdrs[i]->index != index - 1)` affect the behavior or output of `mutt_str_strdup`?",
        "choices": {
            "A": "The modification of `else if (ctx->hdrs[i]->index != index - 1)` directly impacts the execution of `mutt_str_strdup` because its entire operation is controlled by `else if (ctx->hdrs[i]->index != index - 1)` and located within `else if (ctx->hdrs[i]->index != index - 1)`.",
            "B": "Modifying `else if (ctx->hdrs[i]->index != index - 1)` has no impact on the behavior or output of `mutt_str_strdup`.",
            "C": "The change of else if (ctx->hdrs[i]->index != index - 1) indirectly affects the execution of `mutt_str_strdup`, as the modifications in `else if (ctx->hdrs[i]->index != index - 1)` influence the arguments or conditions within `mutt_str_strdup`.",
            "D": "It is not possible to determine the effect without additional context."
        },
        "answer": "B",
        "distance": 0
    },
    {
        "case_id": "primevul_57",
        "code": "static int fetch_uidl(char *line, void *data)\n{\n  int i, index;\n  struct Context *ctx = (struct Context *) data;\n  struct PopData *pop_data = (struct PopData *) ctx->data;\n  char *endp = NULL;\n  errno = 0;\n  index = strtol(line, &endp, 10);\n  if (errno)\n  {\n    return -1;\n  }\n  while (*endp == ' ')\n  {\n    endp++;\n  }\n  memmove(line, endp, strlen(endp) + 1);\n  for (i = 0; i < ctx->msgcount; i++)\n  {\n    if (mutt_str_strcmp(line, ctx->hdrs[i]->data) == 0)\n    {\n      break;\n    }\n  }\n  if (i == ctx->msgcount)\n  {\n    mutt_debug(1, \"new header %d %s\\n\", index, line);\n    if (i >= ctx->hdrmax)\n    {\n      mx_alloc_memory(ctx);\n    }\n    ctx->msgcount++;\n    ctx->hdrs[i] = mutt_header_new();\n    ctx->hdrs[i]->data = mutt_str_strdup(line);\n  }\n  else if (ctx->hdrs[i]->index != index - 1)\n  {\n    pop_data->clear_cache = true;\n  }\n  ctx->hdrs[i]->refno = index;\n  ctx->hdrs[i]->index = index - 1;\n  return 0;\n}\n",
        "question": "How does modifying the control structure `else if (ctx->hdrs[i]->index != index - 1)` affect the behavior or output of `strlen`?",
        "choices": {
            "A": "The modification of `else if (ctx->hdrs[i]->index != index - 1)` directly impacts the execution of `strlen` because its entire operation is controlled by `else if (ctx->hdrs[i]->index != index - 1)` and located within `else if (ctx->hdrs[i]->index != index - 1)`.",
            "B": "Modifying `else if (ctx->hdrs[i]->index != index - 1)` has no impact on the behavior or output of `strlen`.",
            "C": "The change of else if (ctx->hdrs[i]->index != index - 1) indirectly affects the execution of `strlen`, as the modifications in `else if (ctx->hdrs[i]->index != index - 1)` influence the arguments or conditions within `strlen`.",
            "D": "It is not possible to determine the effect without additional context."
        },
        "answer": "B",
        "distance": 0
    },
    {
        "case_id": "primevul_57",
        "code": "static int fetch_uidl(char *line, void *data)\n{\n  int i, index;\n  struct Context *ctx = (struct Context *) data;\n  struct PopData *pop_data = (struct PopData *) ctx->data;\n  char *endp = NULL;\n  errno = 0;\n  index = strtol(line, &endp, 10);\n  if (errno)\n  {\n    return -1;\n  }\n  while (*endp == ' ')\n  {\n    endp++;\n  }\n  memmove(line, endp, strlen(endp) + 1);\n  for (i = 0; i < ctx->msgcount; i++)\n  {\n    if (mutt_str_strcmp(line, ctx->hdrs[i]->data) == 0)\n    {\n      break;\n    }\n  }\n  if (i == ctx->msgcount)\n  {\n    mutt_debug(1, \"new header %d %s\\n\", index, line);\n    if (i >= ctx->hdrmax)\n    {\n      mx_alloc_memory(ctx);\n    }\n    ctx->msgcount++;\n    ctx->hdrs[i] = mutt_header_new();\n    ctx->hdrs[i]->data = mutt_str_strdup(line);\n  }\n  else if (ctx->hdrs[i]->index != index - 1)\n  {\n    pop_data->clear_cache = true;\n  }\n  ctx->hdrs[i]->refno = index;\n  ctx->hdrs[i]->index = index - 1;\n  return 0;\n}\n",
        "question": "How does modifying the control structure `else if (ctx->hdrs[i]->index != index - 1)` affect the behavior or output of `mutt_header_new`?",
        "choices": {
            "A": "The modification of `else if (ctx->hdrs[i]->index != index - 1)` directly impacts the execution of `mutt_header_new` because its entire operation is controlled by `else if (ctx->hdrs[i]->index != index - 1)` and located within `else if (ctx->hdrs[i]->index != index - 1)`.",
            "B": "Modifying `else if (ctx->hdrs[i]->index != index - 1)` has no impact on the behavior or output of `mutt_header_new`.",
            "C": "The change of else if (ctx->hdrs[i]->index != index - 1) indirectly affects the execution of `mutt_header_new`, as the modifications in `else if (ctx->hdrs[i]->index != index - 1)` influence the arguments or conditions within `mutt_header_new`.",
            "D": "It is not possible to determine the effect without additional context."
        },
        "answer": "B",
        "distance": 0
    },
    {
        "case_id": "primevul_57",
        "code": "static int fetch_uidl(char *line, void *data)\n{\n  int i, index;\n  struct Context *ctx = (struct Context *) data;\n  struct PopData *pop_data = (struct PopData *) ctx->data;\n  char *endp = NULL;\n  errno = 0;\n  index = strtol(line, &endp, 10);\n  if (errno)\n  {\n    return -1;\n  }\n  while (*endp == ' ')\n  {\n    endp++;\n  }\n  memmove(line, endp, strlen(endp) + 1);\n  for (i = 0; i < ctx->msgcount; i++)\n  {\n    if (mutt_str_strcmp(line, ctx->hdrs[i]->data) == 0)\n    {\n      break;\n    }\n  }\n  if (i == ctx->msgcount)\n  {\n    mutt_debug(1, \"new header %d %s\\n\", index, line);\n    if (i >= ctx->hdrmax)\n    {\n      mx_alloc_memory(ctx);\n    }\n    ctx->msgcount++;\n    ctx->hdrs[i] = mutt_header_new();\n    ctx->hdrs[i]->data = mutt_str_strdup(line);\n  }\n  else if (ctx->hdrs[i]->index != index - 1)\n  {\n    pop_data->clear_cache = true;\n  }\n  ctx->hdrs[i]->refno = index;\n  ctx->hdrs[i]->index = index - 1;\n  return 0;\n}\n",
        "question": "How does modifying the control structure `else if (ctx->hdrs[i]->index != index - 1)` affect the behavior or output of `strtol`?",
        "choices": {
            "A": "The modification of `else if (ctx->hdrs[i]->index != index - 1)` directly impacts the execution of `strtol` because its entire operation is controlled by `else if (ctx->hdrs[i]->index != index - 1)` and located within `else if (ctx->hdrs[i]->index != index - 1)`.",
            "B": "Modifying `else if (ctx->hdrs[i]->index != index - 1)` has no impact on the behavior or output of `strtol`.",
            "C": "The change of else if (ctx->hdrs[i]->index != index - 1) indirectly affects the execution of `strtol`, as the modifications in `else if (ctx->hdrs[i]->index != index - 1)` influence the arguments or conditions within `strtol`.",
            "D": "It is not possible to determine the effect without additional context."
        },
        "answer": "B",
        "distance": 0
    },
    {
        "case_id": "primevul_57",
        "code": "static int fetch_uidl(char *line, void *data)\n{\n  int i, index;\n  struct Context *ctx = (struct Context *) data;\n  struct PopData *pop_data = (struct PopData *) ctx->data;\n  char *endp = NULL;\n  errno = 0;\n  index = strtol(line, &endp, 10);\n  if (errno)\n  {\n    return -1;\n  }\n  while (*endp == ' ')\n  {\n    endp++;\n  }\n  memmove(line, endp, strlen(endp) + 1);\n  for (i = 0; i < ctx->msgcount; i++)\n  {\n    if (mutt_str_strcmp(line, ctx->hdrs[i]->data) == 0)\n    {\n      break;\n    }\n  }\n  if (i == ctx->msgcount)\n  {\n    mutt_debug(1, \"new header %d %s\\n\", index, line);\n    if (i >= ctx->hdrmax)\n    {\n      mx_alloc_memory(ctx);\n    }\n    ctx->msgcount++;\n    ctx->hdrs[i] = mutt_header_new();\n    ctx->hdrs[i]->data = mutt_str_strdup(line);\n  }\n  else if (ctx->hdrs[i]->index != index - 1)\n  {\n    pop_data->clear_cache = true;\n  }\n  ctx->hdrs[i]->refno = index;\n  ctx->hdrs[i]->index = index - 1;\n  return 0;\n}\n",
        "question": "How does modifying the control structure `while (*endp == ' ')` affect the behavior or output of `strlen`?",
        "choices": {
            "A": "The modification of `while (*endp == ' ')` directly impacts the execution of `strlen` because its entire operation is controlled by `while (*endp == ' ')` and located within `while (*endp == ' ')`.",
            "B": "Modifying `while (*endp == ' ')` has no impact on the behavior or output of `strlen`.",
            "C": "The change of while (*endp == ' ') indirectly affects the execution of `strlen`, as the modifications in `while (*endp == ' ')` influence the arguments or conditions within `strlen`.",
            "D": "It is not possible to determine the effect without additional context."
        },
        "answer": "C",
        "distance": 3
    },
    {
        "case_id": "primevul_57",
        "code": "static int fetch_uidl(char *line, void *data)\n{\n  int i, index;\n  struct Context *ctx = (struct Context *) data;\n  struct PopData *pop_data = (struct PopData *) ctx->data;\n  char *endp = NULL;\n  errno = 0;\n  index = strtol(line, &endp, 10);\n  if (errno)\n  {\n    return -1;\n  }\n  while (*endp == ' ')\n  {\n    endp++;\n  }\n  memmove(line, endp, strlen(endp) + 1);\n  for (i = 0; i < ctx->msgcount; i++)\n  {\n    if (mutt_str_strcmp(line, ctx->hdrs[i]->data) == 0)\n    {\n      break;\n    }\n  }\n  if (i == ctx->msgcount)\n  {\n    mutt_debug(1, \"new header %d %s\\n\", index, line);\n    if (i >= ctx->hdrmax)\n    {\n      mx_alloc_memory(ctx);\n    }\n    ctx->msgcount++;\n    ctx->hdrs[i] = mutt_header_new();\n    ctx->hdrs[i]->data = mutt_str_strdup(line);\n  }\n  else if (ctx->hdrs[i]->index != index - 1)\n  {\n    pop_data->clear_cache = true;\n  }\n  ctx->hdrs[i]->refno = index;\n  ctx->hdrs[i]->index = index - 1;\n  return 0;\n}\n",
        "question": "How does modifying the control structure `while (*endp == ' ')` affect the behavior or output of `memmove`?",
        "choices": {
            "A": "The modification of `while (*endp == ' ')` directly impacts the execution of `memmove` because its entire operation is controlled by `while (*endp == ' ')` and located within `while (*endp == ' ')`.",
            "B": "Modifying `while (*endp == ' ')` has no impact on the behavior or output of `memmove`.",
            "C": "The change of while (*endp == ' ') indirectly affects the execution of `memmove`, as the modifications in `while (*endp == ' ')` influence the arguments or conditions within `memmove`.",
            "D": "It is not possible to determine the effect without additional context."
        },
        "answer": "C",
        "distance": 3
    }
]