[
    {
        "case_id": "primevul_45",
        "code": "smb_fdata(netdissect_options *ndo, const u_char *buf, const char *fmt, const u_char *maxbuf, int unicodestr)\n{\n    static int depth = 0;\n    char s[128];\n    char *p;\n    while (*fmt)\n    {\n        switch (*fmt)\n        {\n            case '*':\n                fmt++;\n                while (buf < maxbuf)\n                {\n                    const u_char *buf2;\n                    depth++;\n                    buf2 = smb_fdata(ndo, buf, fmt, maxbuf, unicodestr);\n                    depth--;\n                    if (buf2 == NULL)\n                    {\n                        return(NULL);\n                    }\n                    if (buf2 == buf)\n                    {\n                        return(buf);\n                    }\n                    buf = buf2;\n                }\n                return(buf);\n            case '|':\n                fmt++;\n                if (buf >= maxbuf)\n                {\n                    return(buf);\n                }\n                break;\n            case '%':\n                fmt++;\n                buf = maxbuf;\n                break;\n            case '#':\n                fmt++;\n                return(buf);\n                break;\n            case '[':\n                fmt++;\n                if (buf >= maxbuf)\n                {\n                    return(buf);\n                }\n                memset(s, 0, sizeof(s));\n                p = strchr(fmt, ']');\n                if ((size_t)(p - fmt + 1) > sizeof(s))\n                {\n                    return(buf);\n                }\n                strncpy(s, fmt, p - fmt);\n                s[p - fmt] = '\\0';\n                fmt = p + 1;\n                buf = smb_fdata1(ndo, buf, s, maxbuf, unicodestr);\n                if (buf == NULL)\n                {\n                    return(NULL);\n                }\n                break;\n            default:\n                ND_PRINT((ndo, \"%c\", *fmt));\n                fmt++;\n                break;\n        }\n    }\n    if (!depth && buf < maxbuf)\n    {\n        size_t len = PTR_DIFF(maxbuf, buf);\n        ND_PRINT((ndo, \"Data: (%lu bytes)\\n\", (unsigned long)len));\n        smb_print_data(ndo, buf, len);\n        return(buf + len);\n    }\n    return(buf);\n}\n",
        "question": "How does modifying the control structure `while (*fmt)` affect the behavior or output of `strncpy`?",
        "choices": {
            "A": "The modification of `while (*fmt)` directly impacts the execution of `strncpy` because its entire operation is controlled by `while (*fmt)` and located within `while (*fmt)`.",
            "B": "Modifying `while (*fmt)` has no impact on the behavior or output of `strncpy`.",
            "C": "The change of while (*fmt) indirectly affects the execution of `strncpy`, as the modifications in `while (*fmt)` influence the arguments or conditions within `strncpy`.",
            "D": "It is not possible to determine the effect without additional context."
        },
        "answer": "A",
        "distance": 1
    },
    {
        "case_id": "primevul_45",
        "code": "smb_fdata(netdissect_options *ndo, const u_char *buf, const char *fmt, const u_char *maxbuf, int unicodestr)\n{\n    static int depth = 0;\n    char s[128];\n    char *p;\n    while (*fmt)\n    {\n        switch (*fmt)\n        {\n            case '*':\n                fmt++;\n                while (buf < maxbuf)\n                {\n                    const u_char *buf2;\n                    depth++;\n                    buf2 = smb_fdata(ndo, buf, fmt, maxbuf, unicodestr);\n                    depth--;\n                    if (buf2 == NULL)\n                    {\n                        return(NULL);\n                    }\n                    if (buf2 == buf)\n                    {\n                        return(buf);\n                    }\n                    buf = buf2;\n                }\n                return(buf);\n            case '|':\n                fmt++;\n                if (buf >= maxbuf)\n                {\n                    return(buf);\n                }\n                break;\n            case '%':\n                fmt++;\n                buf = maxbuf;\n                break;\n            case '#':\n                fmt++;\n                return(buf);\n                break;\n            case '[':\n                fmt++;\n                if (buf >= maxbuf)\n                {\n                    return(buf);\n                }\n                memset(s, 0, sizeof(s));\n                p = strchr(fmt, ']');\n                if ((size_t)(p - fmt + 1) > sizeof(s))\n                {\n                    return(buf);\n                }\n                strncpy(s, fmt, p - fmt);\n                s[p - fmt] = '\\0';\n                fmt = p + 1;\n                buf = smb_fdata1(ndo, buf, s, maxbuf, unicodestr);\n                if (buf == NULL)\n                {\n                    return(NULL);\n                }\n                break;\n            default:\n                ND_PRINT((ndo, \"%c\", *fmt));\n                fmt++;\n                break;\n        }\n    }\n    if (!depth && buf < maxbuf)\n    {\n        size_t len = PTR_DIFF(maxbuf, buf);\n        ND_PRINT((ndo, \"Data: (%lu bytes)\\n\", (unsigned long)len));\n        smb_print_data(ndo, buf, len);\n        return(buf + len);\n    }\n    return(buf);\n}\n",
        "question": "How does modifying the control structure `while (*fmt)` affect the behavior or output of `memset`?",
        "choices": {
            "A": "The modification of `while (*fmt)` directly impacts the execution of `memset` because its entire operation is controlled by `while (*fmt)` and located within `while (*fmt)`.",
            "B": "Modifying `while (*fmt)` has no impact on the behavior or output of `memset`.",
            "C": "The change of while (*fmt) indirectly affects the execution of `memset`, as the modifications in `while (*fmt)` influence the arguments or conditions within `memset`.",
            "D": "It is not possible to determine the effect without additional context."
        },
        "answer": "A",
        "distance": 1
    },
    {
        "case_id": "primevul_45",
        "code": "smb_fdata(netdissect_options *ndo, const u_char *buf, const char *fmt, const u_char *maxbuf, int unicodestr)\n{\n    static int depth = 0;\n    char s[128];\n    char *p;\n    while (*fmt)\n    {\n        switch (*fmt)\n        {\n            case '*':\n                fmt++;\n                while (buf < maxbuf)\n                {\n                    const u_char *buf2;\n                    depth++;\n                    buf2 = smb_fdata(ndo, buf, fmt, maxbuf, unicodestr);\n                    depth--;\n                    if (buf2 == NULL)\n                    {\n                        return(NULL);\n                    }\n                    if (buf2 == buf)\n                    {\n                        return(buf);\n                    }\n                    buf = buf2;\n                }\n                return(buf);\n            case '|':\n                fmt++;\n                if (buf >= maxbuf)\n                {\n                    return(buf);\n                }\n                break;\n            case '%':\n                fmt++;\n                buf = maxbuf;\n                break;\n            case '#':\n                fmt++;\n                return(buf);\n                break;\n            case '[':\n                fmt++;\n                if (buf >= maxbuf)\n                {\n                    return(buf);\n                }\n                memset(s, 0, sizeof(s));\n                p = strchr(fmt, ']');\n                if ((size_t)(p - fmt + 1) > sizeof(s))\n                {\n                    return(buf);\n                }\n                strncpy(s, fmt, p - fmt);\n                s[p - fmt] = '\\0';\n                fmt = p + 1;\n                buf = smb_fdata1(ndo, buf, s, maxbuf, unicodestr);\n                if (buf == NULL)\n                {\n                    return(NULL);\n                }\n                break;\n            default:\n                ND_PRINT((ndo, \"%c\", *fmt));\n                fmt++;\n                break;\n        }\n    }\n    if (!depth && buf < maxbuf)\n    {\n        size_t len = PTR_DIFF(maxbuf, buf);\n        ND_PRINT((ndo, \"Data: (%lu bytes)\\n\", (unsigned long)len));\n        smb_print_data(ndo, buf, len);\n        return(buf + len);\n    }\n    return(buf);\n}\n",
        "question": "How does modifying the control structure `if (!depth && buf < maxbuf)` affect the behavior or output of `PTR_DIFF`?",
        "choices": {
            "A": "The modification of `if (!depth && buf < maxbuf)` directly impacts the execution of `PTR_DIFF` because its entire operation is controlled by `if (!depth && buf < maxbuf)` and located within `if (!depth && buf < maxbuf)`.",
            "B": "Modifying `if (!depth && buf < maxbuf)` has no impact on the behavior or output of `PTR_DIFF`.",
            "C": "The change of if (!depth && buf < maxbuf) indirectly affects the execution of `PTR_DIFF`, as the modifications in `if (!depth && buf < maxbuf)` influence the arguments or conditions within `PTR_DIFF`.",
            "D": "It is not possible to determine the effect without additional context."
        },
        "answer": "A",
        "distance": 1
    },
    {
        "case_id": "primevul_45",
        "code": "smb_fdata(netdissect_options *ndo, const u_char *buf, const char *fmt, const u_char *maxbuf, int unicodestr)\n{\n    static int depth = 0;\n    char s[128];\n    char *p;\n    while (*fmt)\n    {\n        switch (*fmt)\n        {\n            case '*':\n                fmt++;\n                while (buf < maxbuf)\n                {\n                    const u_char *buf2;\n                    depth++;\n                    buf2 = smb_fdata(ndo, buf, fmt, maxbuf, unicodestr);\n                    depth--;\n                    if (buf2 == NULL)\n                    {\n                        return(NULL);\n                    }\n                    if (buf2 == buf)\n                    {\n                        return(buf);\n                    }\n                    buf = buf2;\n                }\n                return(buf);\n            case '|':\n                fmt++;\n                if (buf >= maxbuf)\n                {\n                    return(buf);\n                }\n                break;\n            case '%':\n                fmt++;\n                buf = maxbuf;\n                break;\n            case '#':\n                fmt++;\n                return(buf);\n                break;\n            case '[':\n                fmt++;\n                if (buf >= maxbuf)\n                {\n                    return(buf);\n                }\n                memset(s, 0, sizeof(s));\n                p = strchr(fmt, ']');\n                if ((size_t)(p - fmt + 1) > sizeof(s))\n                {\n                    return(buf);\n                }\n                strncpy(s, fmt, p - fmt);\n                s[p - fmt] = '\\0';\n                fmt = p + 1;\n                buf = smb_fdata1(ndo, buf, s, maxbuf, unicodestr);\n                if (buf == NULL)\n                {\n                    return(NULL);\n                }\n                break;\n            default:\n                ND_PRINT((ndo, \"%c\", *fmt));\n                fmt++;\n                break;\n        }\n    }\n    if (!depth && buf < maxbuf)\n    {\n        size_t len = PTR_DIFF(maxbuf, buf);\n        ND_PRINT((ndo, \"Data: (%lu bytes)\\n\", (unsigned long)len));\n        smb_print_data(ndo, buf, len);\n        return(buf + len);\n    }\n    return(buf);\n}\n",
        "question": "How does modifying the control structure `if (!depth && buf < maxbuf)` affect the behavior or output of `smb_print_data`?",
        "choices": {
            "A": "The modification of `if (!depth && buf < maxbuf)` directly impacts the execution of `smb_print_data` because its entire operation is controlled by `if (!depth && buf < maxbuf)` and located within `if (!depth && buf < maxbuf)`.",
            "B": "Modifying `if (!depth && buf < maxbuf)` has no impact on the behavior or output of `smb_print_data`.",
            "C": "The change of if (!depth && buf < maxbuf) indirectly affects the execution of `smb_print_data`, as the modifications in `if (!depth && buf < maxbuf)` influence the arguments or conditions within `smb_print_data`.",
            "D": "It is not possible to determine the effect without additional context."
        },
        "answer": "A",
        "distance": 1
    },
    {
        "case_id": "primevul_45",
        "code": "smb_fdata(netdissect_options *ndo, const u_char *buf, const char *fmt, const u_char *maxbuf, int unicodestr)\n{\n    static int depth = 0;\n    char s[128];\n    char *p;\n    while (*fmt)\n    {\n        switch (*fmt)\n        {\n            case '*':\n                fmt++;\n                while (buf < maxbuf)\n                {\n                    const u_char *buf2;\n                    depth++;\n                    buf2 = smb_fdata(ndo, buf, fmt, maxbuf, unicodestr);\n                    depth--;\n                    if (buf2 == NULL)\n                    {\n                        return(NULL);\n                    }\n                    if (buf2 == buf)\n                    {\n                        return(buf);\n                    }\n                    buf = buf2;\n                }\n                return(buf);\n            case '|':\n                fmt++;\n                if (buf >= maxbuf)\n                {\n                    return(buf);\n                }\n                break;\n            case '%':\n                fmt++;\n                buf = maxbuf;\n                break;\n            case '#':\n                fmt++;\n                return(buf);\n                break;\n            case '[':\n                fmt++;\n                if (buf >= maxbuf)\n                {\n                    return(buf);\n                }\n                memset(s, 0, sizeof(s));\n                p = strchr(fmt, ']');\n                if ((size_t)(p - fmt + 1) > sizeof(s))\n                {\n                    return(buf);\n                }\n                strncpy(s, fmt, p - fmt);\n                s[p - fmt] = '\\0';\n                fmt = p + 1;\n                buf = smb_fdata1(ndo, buf, s, maxbuf, unicodestr);\n                if (buf == NULL)\n                {\n                    return(NULL);\n                }\n                break;\n            default:\n                ND_PRINT((ndo, \"%c\", *fmt));\n                fmt++;\n                break;\n        }\n    }\n    if (!depth && buf < maxbuf)\n    {\n        size_t len = PTR_DIFF(maxbuf, buf);\n        ND_PRINT((ndo, \"Data: (%lu bytes)\\n\", (unsigned long)len));\n        smb_print_data(ndo, buf, len);\n        return(buf + len);\n    }\n    return(buf);\n}\n",
        "question": "How does modifying the control structure `switch (*fmt)` affect the behavior or output of `PTR_DIFF`?",
        "choices": {
            "A": "The modification of `switch (*fmt)` directly impacts the execution of `PTR_DIFF` because its entire operation is controlled by `switch (*fmt)` and located within `switch (*fmt)`.",
            "B": "Modifying `switch (*fmt)` has no impact on the behavior or output of `PTR_DIFF`.",
            "C": "The change of switch (*fmt) indirectly affects the execution of `PTR_DIFF`, as the modifications in `switch (*fmt)` influence the arguments or conditions within `PTR_DIFF`.",
            "D": "It is not possible to determine the effect without additional context."
        },
        "answer": "B",
        "distance": 0
    },
    {
        "case_id": "primevul_45",
        "code": "smb_fdata(netdissect_options *ndo, const u_char *buf, const char *fmt, const u_char *maxbuf, int unicodestr)\n{\n    static int depth = 0;\n    char s[128];\n    char *p;\n    while (*fmt)\n    {\n        switch (*fmt)\n        {\n            case '*':\n                fmt++;\n                while (buf < maxbuf)\n                {\n                    const u_char *buf2;\n                    depth++;\n                    buf2 = smb_fdata(ndo, buf, fmt, maxbuf, unicodestr);\n                    depth--;\n                    if (buf2 == NULL)\n                    {\n                        return(NULL);\n                    }\n                    if (buf2 == buf)\n                    {\n                        return(buf);\n                    }\n                    buf = buf2;\n                }\n                return(buf);\n            case '|':\n                fmt++;\n                if (buf >= maxbuf)\n                {\n                    return(buf);\n                }\n                break;\n            case '%':\n                fmt++;\n                buf = maxbuf;\n                break;\n            case '#':\n                fmt++;\n                return(buf);\n                break;\n            case '[':\n                fmt++;\n                if (buf >= maxbuf)\n                {\n                    return(buf);\n                }\n                memset(s, 0, sizeof(s));\n                p = strchr(fmt, ']');\n                if ((size_t)(p - fmt + 1) > sizeof(s))\n                {\n                    return(buf);\n                }\n                strncpy(s, fmt, p - fmt);\n                s[p - fmt] = '\\0';\n                fmt = p + 1;\n                buf = smb_fdata1(ndo, buf, s, maxbuf, unicodestr);\n                if (buf == NULL)\n                {\n                    return(NULL);\n                }\n                break;\n            default:\n                ND_PRINT((ndo, \"%c\", *fmt));\n                fmt++;\n                break;\n        }\n    }\n    if (!depth && buf < maxbuf)\n    {\n        size_t len = PTR_DIFF(maxbuf, buf);\n        ND_PRINT((ndo, \"Data: (%lu bytes)\\n\", (unsigned long)len));\n        smb_print_data(ndo, buf, len);\n        return(buf + len);\n    }\n    return(buf);\n}\n",
        "question": "How does modifying the control structure `switch (*fmt)` affect the behavior or output of `strncpy`?",
        "choices": {
            "A": "The modification of `switch (*fmt)` directly impacts the execution of `strncpy` because its entire operation is controlled by `switch (*fmt)` and located within `switch (*fmt)`.",
            "B": "Modifying `switch (*fmt)` has no impact on the behavior or output of `strncpy`.",
            "C": "The change of switch (*fmt) indirectly affects the execution of `strncpy`, as the modifications in `switch (*fmt)` influence the arguments or conditions within `strncpy`.",
            "D": "It is not possible to determine the effect without additional context."
        },
        "answer": "B",
        "distance": 0
    },
    {
        "case_id": "primevul_45",
        "code": "smb_fdata(netdissect_options *ndo, const u_char *buf, const char *fmt, const u_char *maxbuf, int unicodestr)\n{\n    static int depth = 0;\n    char s[128];\n    char *p;\n    while (*fmt)\n    {\n        switch (*fmt)\n        {\n            case '*':\n                fmt++;\n                while (buf < maxbuf)\n                {\n                    const u_char *buf2;\n                    depth++;\n                    buf2 = smb_fdata(ndo, buf, fmt, maxbuf, unicodestr);\n                    depth--;\n                    if (buf2 == NULL)\n                    {\n                        return(NULL);\n                    }\n                    if (buf2 == buf)\n                    {\n                        return(buf);\n                    }\n                    buf = buf2;\n                }\n                return(buf);\n            case '|':\n                fmt++;\n                if (buf >= maxbuf)\n                {\n                    return(buf);\n                }\n                break;\n            case '%':\n                fmt++;\n                buf = maxbuf;\n                break;\n            case '#':\n                fmt++;\n                return(buf);\n                break;\n            case '[':\n                fmt++;\n                if (buf >= maxbuf)\n                {\n                    return(buf);\n                }\n                memset(s, 0, sizeof(s));\n                p = strchr(fmt, ']');\n                if ((size_t)(p - fmt + 1) > sizeof(s))\n                {\n                    return(buf);\n                }\n                strncpy(s, fmt, p - fmt);\n                s[p - fmt] = '\\0';\n                fmt = p + 1;\n                buf = smb_fdata1(ndo, buf, s, maxbuf, unicodestr);\n                if (buf == NULL)\n                {\n                    return(NULL);\n                }\n                break;\n            default:\n                ND_PRINT((ndo, \"%c\", *fmt));\n                fmt++;\n                break;\n        }\n    }\n    if (!depth && buf < maxbuf)\n    {\n        size_t len = PTR_DIFF(maxbuf, buf);\n        ND_PRINT((ndo, \"Data: (%lu bytes)\\n\", (unsigned long)len));\n        smb_print_data(ndo, buf, len);\n        return(buf + len);\n    }\n    return(buf);\n}\n",
        "question": "How does modifying the control structure `switch (*fmt)` affect the behavior or output of `memset`?",
        "choices": {
            "A": "The modification of `switch (*fmt)` directly impacts the execution of `memset` because its entire operation is controlled by `switch (*fmt)` and located within `switch (*fmt)`.",
            "B": "Modifying `switch (*fmt)` has no impact on the behavior or output of `memset`.",
            "C": "The change of switch (*fmt) indirectly affects the execution of `memset`, as the modifications in `switch (*fmt)` influence the arguments or conditions within `memset`.",
            "D": "It is not possible to determine the effect without additional context."
        },
        "answer": "B",
        "distance": 0
    },
    {
        "case_id": "primevul_45",
        "code": "smb_fdata(netdissect_options *ndo, const u_char *buf, const char *fmt, const u_char *maxbuf, int unicodestr)\n{\n    static int depth = 0;\n    char s[128];\n    char *p;\n    while (*fmt)\n    {\n        switch (*fmt)\n        {\n            case '*':\n                fmt++;\n                while (buf < maxbuf)\n                {\n                    const u_char *buf2;\n                    depth++;\n                    buf2 = smb_fdata(ndo, buf, fmt, maxbuf, unicodestr);\n                    depth--;\n                    if (buf2 == NULL)\n                    {\n                        return(NULL);\n                    }\n                    if (buf2 == buf)\n                    {\n                        return(buf);\n                    }\n                    buf = buf2;\n                }\n                return(buf);\n            case '|':\n                fmt++;\n                if (buf >= maxbuf)\n                {\n                    return(buf);\n                }\n                break;\n            case '%':\n                fmt++;\n                buf = maxbuf;\n                break;\n            case '#':\n                fmt++;\n                return(buf);\n                break;\n            case '[':\n                fmt++;\n                if (buf >= maxbuf)\n                {\n                    return(buf);\n                }\n                memset(s, 0, sizeof(s));\n                p = strchr(fmt, ']');\n                if ((size_t)(p - fmt + 1) > sizeof(s))\n                {\n                    return(buf);\n                }\n                strncpy(s, fmt, p - fmt);\n                s[p - fmt] = '\\0';\n                fmt = p + 1;\n                buf = smb_fdata1(ndo, buf, s, maxbuf, unicodestr);\n                if (buf == NULL)\n                {\n                    return(NULL);\n                }\n                break;\n            default:\n                ND_PRINT((ndo, \"%c\", *fmt));\n                fmt++;\n                break;\n        }\n    }\n    if (!depth && buf < maxbuf)\n    {\n        size_t len = PTR_DIFF(maxbuf, buf);\n        ND_PRINT((ndo, \"Data: (%lu bytes)\\n\", (unsigned long)len));\n        smb_print_data(ndo, buf, len);\n        return(buf + len);\n    }\n    return(buf);\n}\n",
        "question": "How does modifying the control structure `switch (*fmt)` affect the behavior or output of `smb_print_data`?",
        "choices": {
            "A": "The modification of `switch (*fmt)` directly impacts the execution of `smb_print_data` because its entire operation is controlled by `switch (*fmt)` and located within `switch (*fmt)`.",
            "B": "Modifying `switch (*fmt)` has no impact on the behavior or output of `smb_print_data`.",
            "C": "The change of switch (*fmt) indirectly affects the execution of `smb_print_data`, as the modifications in `switch (*fmt)` influence the arguments or conditions within `smb_print_data`.",
            "D": "It is not possible to determine the effect without additional context."
        },
        "answer": "B",
        "distance": 0
    },
    {
        "case_id": "primevul_45",
        "code": "smb_fdata(netdissect_options *ndo, const u_char *buf, const char *fmt, const u_char *maxbuf, int unicodestr)\n{\n    static int depth = 0;\n    char s[128];\n    char *p;\n    while (*fmt)\n    {\n        switch (*fmt)\n        {\n            case '*':\n                fmt++;\n                while (buf < maxbuf)\n                {\n                    const u_char *buf2;\n                    depth++;\n                    buf2 = smb_fdata(ndo, buf, fmt, maxbuf, unicodestr);\n                    depth--;\n                    if (buf2 == NULL)\n                    {\n                        return(NULL);\n                    }\n                    if (buf2 == buf)\n                    {\n                        return(buf);\n                    }\n                    buf = buf2;\n                }\n                return(buf);\n            case '|':\n                fmt++;\n                if (buf >= maxbuf)\n                {\n                    return(buf);\n                }\n                break;\n            case '%':\n                fmt++;\n                buf = maxbuf;\n                break;\n            case '#':\n                fmt++;\n                return(buf);\n                break;\n            case '[':\n                fmt++;\n                if (buf >= maxbuf)\n                {\n                    return(buf);\n                }\n                memset(s, 0, sizeof(s));\n                p = strchr(fmt, ']');\n                if ((size_t)(p - fmt + 1) > sizeof(s))\n                {\n                    return(buf);\n                }\n                strncpy(s, fmt, p - fmt);\n                s[p - fmt] = '\\0';\n                fmt = p + 1;\n                buf = smb_fdata1(ndo, buf, s, maxbuf, unicodestr);\n                if (buf == NULL)\n                {\n                    return(NULL);\n                }\n                break;\n            default:\n                ND_PRINT((ndo, \"%c\", *fmt));\n                fmt++;\n                break;\n        }\n    }\n    if (!depth && buf < maxbuf)\n    {\n        size_t len = PTR_DIFF(maxbuf, buf);\n        ND_PRINT((ndo, \"Data: (%lu bytes)\\n\", (unsigned long)len));\n        smb_print_data(ndo, buf, len);\n        return(buf + len);\n    }\n    return(buf);\n}\n",
        "question": "How does modifying the control structure `while (*fmt)` affect the behavior or output of `PTR_DIFF`?",
        "choices": {
            "A": "The modification of `while (*fmt)` directly impacts the execution of `PTR_DIFF` because its entire operation is controlled by `while (*fmt)` and located within `while (*fmt)`.",
            "B": "Modifying `while (*fmt)` has no impact on the behavior or output of `PTR_DIFF`.",
            "C": "The change of while (*fmt) indirectly affects the execution of `PTR_DIFF`, as the modifications in `while (*fmt)` influence the arguments or conditions within `PTR_DIFF`.",
            "D": "It is not possible to determine the effect without additional context."
        },
        "answer": "C",
        "distance": 3
    },
    {
        "case_id": "primevul_45",
        "code": "smb_fdata(netdissect_options *ndo, const u_char *buf, const char *fmt, const u_char *maxbuf, int unicodestr)\n{\n    static int depth = 0;\n    char s[128];\n    char *p;\n    while (*fmt)\n    {\n        switch (*fmt)\n        {\n            case '*':\n                fmt++;\n                while (buf < maxbuf)\n                {\n                    const u_char *buf2;\n                    depth++;\n                    buf2 = smb_fdata(ndo, buf, fmt, maxbuf, unicodestr);\n                    depth--;\n                    if (buf2 == NULL)\n                    {\n                        return(NULL);\n                    }\n                    if (buf2 == buf)\n                    {\n                        return(buf);\n                    }\n                    buf = buf2;\n                }\n                return(buf);\n            case '|':\n                fmt++;\n                if (buf >= maxbuf)\n                {\n                    return(buf);\n                }\n                break;\n            case '%':\n                fmt++;\n                buf = maxbuf;\n                break;\n            case '#':\n                fmt++;\n                return(buf);\n                break;\n            case '[':\n                fmt++;\n                if (buf >= maxbuf)\n                {\n                    return(buf);\n                }\n                memset(s, 0, sizeof(s));\n                p = strchr(fmt, ']');\n                if ((size_t)(p - fmt + 1) > sizeof(s))\n                {\n                    return(buf);\n                }\n                strncpy(s, fmt, p - fmt);\n                s[p - fmt] = '\\0';\n                fmt = p + 1;\n                buf = smb_fdata1(ndo, buf, s, maxbuf, unicodestr);\n                if (buf == NULL)\n                {\n                    return(NULL);\n                }\n                break;\n            default:\n                ND_PRINT((ndo, \"%c\", *fmt));\n                fmt++;\n                break;\n        }\n    }\n    if (!depth && buf < maxbuf)\n    {\n        size_t len = PTR_DIFF(maxbuf, buf);\n        ND_PRINT((ndo, \"Data: (%lu bytes)\\n\", (unsigned long)len));\n        smb_print_data(ndo, buf, len);\n        return(buf + len);\n    }\n    return(buf);\n}\n",
        "question": "How does modifying the control structure `while (*fmt)` affect the behavior or output of `smb_print_data`?",
        "choices": {
            "A": "The modification of `while (*fmt)` directly impacts the execution of `smb_print_data` because its entire operation is controlled by `while (*fmt)` and located within `while (*fmt)`.",
            "B": "Modifying `while (*fmt)` has no impact on the behavior or output of `smb_print_data`.",
            "C": "The change of while (*fmt) indirectly affects the execution of `smb_print_data`, as the modifications in `while (*fmt)` influence the arguments or conditions within `smb_print_data`.",
            "D": "It is not possible to determine the effect without additional context."
        },
        "answer": "C",
        "distance": 3
    }
]