[
    {
        "case_id": "primevul_64",
        "code": "int virtio_load(VirtIODevice *vdev, QEMUFile *f)\n{\n    int i, ret;\n    uint32_t num;\n    uint32_t features;\n    uint32_t supported_features;\n    BusState *qbus = qdev_get_parent_bus(DEVICE(vdev));\n    VirtioBusClass *k = VIRTIO_BUS_GET_CLASS(qbus);\n    if (k->load_config)\n    {\n        ret = k->load_config(qbus->parent, f);\n        if (ret)\n        {\n            return ret;\n        }\n    }\n    qemu_get_8s(f, &vdev->status);\n    qemu_get_8s(f, &vdev->isr);\n    qemu_get_be16s(f, &vdev->queue_sel);\n    qemu_get_be32s(f, &features);\n    if (virtio_set_features(vdev, features) < 0)\n    {\n        return -1;\n    }\n    vdev->config_len = qemu_get_be32(f);\n    qemu_get_buffer(f, vdev->config, vdev->config_len);\n    num = qemu_get_be32(f);\n    if (num > VIRTIO_PCI_QUEUE_MAX)\n    {\n        error_report(\"Invalid number of PCI queues: 0x%x\", num);\n        return -1;\n    }\n    for (i = 0; i < num; i++)\n    {\n        vdev->vq[i].vring.num = qemu_get_be32(f);\n        if (k->has_variable_vring_alignment)\n        {\n            vdev->vq[i].vring.align = qemu_get_be32(f);\n        }\n        vdev->vq[i].pa = qemu_get_be64(f);\n        qemu_get_be16s(f, &vdev->vq[i].last_avail_idx);\n        vdev->vq[i].signalled_used_valid = false;\n        vdev->vq[i].notification = true;\n        if (vdev->vq[i].pa)\n        {\n            uint16_t nheads;\n            virtqueue_init(&vdev->vq[i]);\n            nheads = vring_avail_idx(&vdev->vq[i]) - vdev->vq[i].last_avail_idx;\n            if (nheads > vdev->vq[i].vring.num)\n            {\n                error_report(\"VQ %d size 0x%x Guest index 0x%x \"\n                             \"inconsistent with Host index 0x%x: delta 0x%x\",\n                             i, vdev->vq[i].vring.num,\n                             vring_avail_idx(&vdev->vq[i]),\n                             vdev->vq[i].last_avail_idx, nheads);\n                return -1;\n            }\n        }\n        else if (vdev->vq[i].last_avail_idx)\n        {\n            error_report(\"VQ %d address 0x0 \"\n                         \"inconsistent with Host index 0x%x\",\n                         i, vdev->vq[i].last_avail_idx);\n            return -1;\n        }\n        if (k->load_queue)\n        {\n            ret = k->load_queue(qbus->parent, i, f);\n            if (ret)\n            {\n                return ret;\n            }\n        }\n    }\n    virtio_notify_vector(vdev, VIRTIO_NO_VECTOR);\n    return 0;\n}\n",
        "question": "How does modifying the control structure `for (i = 0; i < num; i++)` affect the behavior or output of `virtqueue_init`?",
        "choices": {
            "A": "The modification of `for (i = 0; i < num; i++)` directly impacts the execution of `virtqueue_init` because its entire operation is controlled by `for (i = 0; i < num; i++)` and located within `for (i = 0; i < num; i++)`.",
            "B": "Modifying `for (i = 0; i < num; i++)` has no impact on the behavior or output of `virtqueue_init`.",
            "C": "The change of for (i = 0; i < num; i++) indirectly affects the execution of `virtqueue_init`, as the modifications in `for (i = 0; i < num; i++)` influence the arguments or conditions within `virtqueue_init`.",
            "D": "It is not possible to determine the effect without additional context."
        },
        "answer": "A",
        "distance": 1
    },
    {
        "case_id": "primevul_64",
        "code": "int virtio_load(VirtIODevice *vdev, QEMUFile *f)\n{\n    int i, ret;\n    uint32_t num;\n    uint32_t features;\n    uint32_t supported_features;\n    BusState *qbus = qdev_get_parent_bus(DEVICE(vdev));\n    VirtioBusClass *k = VIRTIO_BUS_GET_CLASS(qbus);\n    if (k->load_config)\n    {\n        ret = k->load_config(qbus->parent, f);\n        if (ret)\n        {\n            return ret;\n        }\n    }\n    qemu_get_8s(f, &vdev->status);\n    qemu_get_8s(f, &vdev->isr);\n    qemu_get_be16s(f, &vdev->queue_sel);\n    qemu_get_be32s(f, &features);\n    if (virtio_set_features(vdev, features) < 0)\n    {\n        return -1;\n    }\n    vdev->config_len = qemu_get_be32(f);\n    qemu_get_buffer(f, vdev->config, vdev->config_len);\n    num = qemu_get_be32(f);\n    if (num > VIRTIO_PCI_QUEUE_MAX)\n    {\n        error_report(\"Invalid number of PCI queues: 0x%x\", num);\n        return -1;\n    }\n    for (i = 0; i < num; i++)\n    {\n        vdev->vq[i].vring.num = qemu_get_be32(f);\n        if (k->has_variable_vring_alignment)\n        {\n            vdev->vq[i].vring.align = qemu_get_be32(f);\n        }\n        vdev->vq[i].pa = qemu_get_be64(f);\n        qemu_get_be16s(f, &vdev->vq[i].last_avail_idx);\n        vdev->vq[i].signalled_used_valid = false;\n        vdev->vq[i].notification = true;\n        if (vdev->vq[i].pa)\n        {\n            uint16_t nheads;\n            virtqueue_init(&vdev->vq[i]);\n            nheads = vring_avail_idx(&vdev->vq[i]) - vdev->vq[i].last_avail_idx;\n            if (nheads > vdev->vq[i].vring.num)\n            {\n                error_report(\"VQ %d size 0x%x Guest index 0x%x \"\n                             \"inconsistent with Host index 0x%x: delta 0x%x\",\n                             i, vdev->vq[i].vring.num,\n                             vring_avail_idx(&vdev->vq[i]),\n                             vdev->vq[i].last_avail_idx, nheads);\n                return -1;\n            }\n        }\n        else if (vdev->vq[i].last_avail_idx)\n        {\n            error_report(\"VQ %d address 0x0 \"\n                         \"inconsistent with Host index 0x%x\",\n                         i, vdev->vq[i].last_avail_idx);\n            return -1;\n        }\n        if (k->load_queue)\n        {\n            ret = k->load_queue(qbus->parent, i, f);\n            if (ret)\n            {\n                return ret;\n            }\n        }\n    }\n    virtio_notify_vector(vdev, VIRTIO_NO_VECTOR);\n    return 0;\n}\n",
        "question": "How does modifying the control structure `for (i = 0; i < num; i++)` affect the behavior or output of `qemu_get_be64`?",
        "choices": {
            "A": "The modification of `for (i = 0; i < num; i++)` directly impacts the execution of `qemu_get_be64` because its entire operation is controlled by `for (i = 0; i < num; i++)` and located within `for (i = 0; i < num; i++)`.",
            "B": "Modifying `for (i = 0; i < num; i++)` has no impact on the behavior or output of `qemu_get_be64`.",
            "C": "The change of for (i = 0; i < num; i++) indirectly affects the execution of `qemu_get_be64`, as the modifications in `for (i = 0; i < num; i++)` influence the arguments or conditions within `qemu_get_be64`.",
            "D": "It is not possible to determine the effect without additional context."
        },
        "answer": "A",
        "distance": 1
    },
    {
        "case_id": "primevul_64",
        "code": "int virtio_load(VirtIODevice *vdev, QEMUFile *f)\n{\n    int i, ret;\n    uint32_t num;\n    uint32_t features;\n    uint32_t supported_features;\n    BusState *qbus = qdev_get_parent_bus(DEVICE(vdev));\n    VirtioBusClass *k = VIRTIO_BUS_GET_CLASS(qbus);\n    if (k->load_config)\n    {\n        ret = k->load_config(qbus->parent, f);\n        if (ret)\n        {\n            return ret;\n        }\n    }\n    qemu_get_8s(f, &vdev->status);\n    qemu_get_8s(f, &vdev->isr);\n    qemu_get_be16s(f, &vdev->queue_sel);\n    qemu_get_be32s(f, &features);\n    if (virtio_set_features(vdev, features) < 0)\n    {\n        return -1;\n    }\n    vdev->config_len = qemu_get_be32(f);\n    qemu_get_buffer(f, vdev->config, vdev->config_len);\n    num = qemu_get_be32(f);\n    if (num > VIRTIO_PCI_QUEUE_MAX)\n    {\n        error_report(\"Invalid number of PCI queues: 0x%x\", num);\n        return -1;\n    }\n    for (i = 0; i < num; i++)\n    {\n        vdev->vq[i].vring.num = qemu_get_be32(f);\n        if (k->has_variable_vring_alignment)\n        {\n            vdev->vq[i].vring.align = qemu_get_be32(f);\n        }\n        vdev->vq[i].pa = qemu_get_be64(f);\n        qemu_get_be16s(f, &vdev->vq[i].last_avail_idx);\n        vdev->vq[i].signalled_used_valid = false;\n        vdev->vq[i].notification = true;\n        if (vdev->vq[i].pa)\n        {\n            uint16_t nheads;\n            virtqueue_init(&vdev->vq[i]);\n            nheads = vring_avail_idx(&vdev->vq[i]) - vdev->vq[i].last_avail_idx;\n            if (nheads > vdev->vq[i].vring.num)\n            {\n                error_report(\"VQ %d size 0x%x Guest index 0x%x \"\n                             \"inconsistent with Host index 0x%x: delta 0x%x\",\n                             i, vdev->vq[i].vring.num,\n                             vring_avail_idx(&vdev->vq[i]),\n                             vdev->vq[i].last_avail_idx, nheads);\n                return -1;\n            }\n        }\n        else if (vdev->vq[i].last_avail_idx)\n        {\n            error_report(\"VQ %d address 0x0 \"\n                         \"inconsistent with Host index 0x%x\",\n                         i, vdev->vq[i].last_avail_idx);\n            return -1;\n        }\n        if (k->load_queue)\n        {\n            ret = k->load_queue(qbus->parent, i, f);\n            if (ret)\n            {\n                return ret;\n            }\n        }\n    }\n    virtio_notify_vector(vdev, VIRTIO_NO_VECTOR);\n    return 0;\n}\n",
        "question": "How does modifying the control structure `return -1;` affect the behavior or output of `VIRTIO_BUS_GET_CLASS`?",
        "choices": {
            "A": "The modification of `return -1;` directly impacts the execution of `VIRTIO_BUS_GET_CLASS` because its entire operation is controlled by `return -1;` and located within `return -1;`.",
            "B": "Modifying `return -1;` has no impact on the behavior or output of `VIRTIO_BUS_GET_CLASS`.",
            "C": "The change of return -1; indirectly affects the execution of `VIRTIO_BUS_GET_CLASS`, as the modifications in `return -1;` influence the arguments or conditions within `VIRTIO_BUS_GET_CLASS`.",
            "D": "It is not possible to determine the effect without additional context."
        },
        "answer": "B",
        "distance": 0
    },
    {
        "case_id": "primevul_64",
        "code": "int virtio_load(VirtIODevice *vdev, QEMUFile *f)\n{\n    int i, ret;\n    uint32_t num;\n    uint32_t features;\n    uint32_t supported_features;\n    BusState *qbus = qdev_get_parent_bus(DEVICE(vdev));\n    VirtioBusClass *k = VIRTIO_BUS_GET_CLASS(qbus);\n    if (k->load_config)\n    {\n        ret = k->load_config(qbus->parent, f);\n        if (ret)\n        {\n            return ret;\n        }\n    }\n    qemu_get_8s(f, &vdev->status);\n    qemu_get_8s(f, &vdev->isr);\n    qemu_get_be16s(f, &vdev->queue_sel);\n    qemu_get_be32s(f, &features);\n    if (virtio_set_features(vdev, features) < 0)\n    {\n        return -1;\n    }\n    vdev->config_len = qemu_get_be32(f);\n    qemu_get_buffer(f, vdev->config, vdev->config_len);\n    num = qemu_get_be32(f);\n    if (num > VIRTIO_PCI_QUEUE_MAX)\n    {\n        error_report(\"Invalid number of PCI queues: 0x%x\", num);\n        return -1;\n    }\n    for (i = 0; i < num; i++)\n    {\n        vdev->vq[i].vring.num = qemu_get_be32(f);\n        if (k->has_variable_vring_alignment)\n        {\n            vdev->vq[i].vring.align = qemu_get_be32(f);\n        }\n        vdev->vq[i].pa = qemu_get_be64(f);\n        qemu_get_be16s(f, &vdev->vq[i].last_avail_idx);\n        vdev->vq[i].signalled_used_valid = false;\n        vdev->vq[i].notification = true;\n        if (vdev->vq[i].pa)\n        {\n            uint16_t nheads;\n            virtqueue_init(&vdev->vq[i]);\n            nheads = vring_avail_idx(&vdev->vq[i]) - vdev->vq[i].last_avail_idx;\n            if (nheads > vdev->vq[i].vring.num)\n            {\n                error_report(\"VQ %d size 0x%x Guest index 0x%x \"\n                             \"inconsistent with Host index 0x%x: delta 0x%x\",\n                             i, vdev->vq[i].vring.num,\n                             vring_avail_idx(&vdev->vq[i]),\n                             vdev->vq[i].last_avail_idx, nheads);\n                return -1;\n            }\n        }\n        else if (vdev->vq[i].last_avail_idx)\n        {\n            error_report(\"VQ %d address 0x0 \"\n                         \"inconsistent with Host index 0x%x\",\n                         i, vdev->vq[i].last_avail_idx);\n            return -1;\n        }\n        if (k->load_queue)\n        {\n            ret = k->load_queue(qbus->parent, i, f);\n            if (ret)\n            {\n                return ret;\n            }\n        }\n    }\n    virtio_notify_vector(vdev, VIRTIO_NO_VECTOR);\n    return 0;\n}\n",
        "question": "How does modifying the control structure `return -1;` affect the behavior or output of `qdev_get_parent_bus`?",
        "choices": {
            "A": "The modification of `return -1;` directly impacts the execution of `qdev_get_parent_bus` because its entire operation is controlled by `return -1;` and located within `return -1;`.",
            "B": "Modifying `return -1;` has no impact on the behavior or output of `qdev_get_parent_bus`.",
            "C": "The change of return -1; indirectly affects the execution of `qdev_get_parent_bus`, as the modifications in `return -1;` influence the arguments or conditions within `qdev_get_parent_bus`.",
            "D": "It is not possible to determine the effect without additional context."
        },
        "answer": "B",
        "distance": 0
    },
    {
        "case_id": "primevul_64",
        "code": "int virtio_load(VirtIODevice *vdev, QEMUFile *f)\n{\n    int i, ret;\n    uint32_t num;\n    uint32_t features;\n    uint32_t supported_features;\n    BusState *qbus = qdev_get_parent_bus(DEVICE(vdev));\n    VirtioBusClass *k = VIRTIO_BUS_GET_CLASS(qbus);\n    if (k->load_config)\n    {\n        ret = k->load_config(qbus->parent, f);\n        if (ret)\n        {\n            return ret;\n        }\n    }\n    qemu_get_8s(f, &vdev->status);\n    qemu_get_8s(f, &vdev->isr);\n    qemu_get_be16s(f, &vdev->queue_sel);\n    qemu_get_be32s(f, &features);\n    if (virtio_set_features(vdev, features) < 0)\n    {\n        return -1;\n    }\n    vdev->config_len = qemu_get_be32(f);\n    qemu_get_buffer(f, vdev->config, vdev->config_len);\n    num = qemu_get_be32(f);\n    if (num > VIRTIO_PCI_QUEUE_MAX)\n    {\n        error_report(\"Invalid number of PCI queues: 0x%x\", num);\n        return -1;\n    }\n    for (i = 0; i < num; i++)\n    {\n        vdev->vq[i].vring.num = qemu_get_be32(f);\n        if (k->has_variable_vring_alignment)\n        {\n            vdev->vq[i].vring.align = qemu_get_be32(f);\n        }\n        vdev->vq[i].pa = qemu_get_be64(f);\n        qemu_get_be16s(f, &vdev->vq[i].last_avail_idx);\n        vdev->vq[i].signalled_used_valid = false;\n        vdev->vq[i].notification = true;\n        if (vdev->vq[i].pa)\n        {\n            uint16_t nheads;\n            virtqueue_init(&vdev->vq[i]);\n            nheads = vring_avail_idx(&vdev->vq[i]) - vdev->vq[i].last_avail_idx;\n            if (nheads > vdev->vq[i].vring.num)\n            {\n                error_report(\"VQ %d size 0x%x Guest index 0x%x \"\n                             \"inconsistent with Host index 0x%x: delta 0x%x\",\n                             i, vdev->vq[i].vring.num,\n                             vring_avail_idx(&vdev->vq[i]),\n                             vdev->vq[i].last_avail_idx, nheads);\n                return -1;\n            }\n        }\n        else if (vdev->vq[i].last_avail_idx)\n        {\n            error_report(\"VQ %d address 0x0 \"\n                         \"inconsistent with Host index 0x%x\",\n                         i, vdev->vq[i].last_avail_idx);\n            return -1;\n        }\n        if (k->load_queue)\n        {\n            ret = k->load_queue(qbus->parent, i, f);\n            if (ret)\n            {\n                return ret;\n            }\n        }\n    }\n    virtio_notify_vector(vdev, VIRTIO_NO_VECTOR);\n    return 0;\n}\n",
        "question": "How does modifying the control structure `return -1;` affect the behavior or output of `virtio_notify_vector`?",
        "choices": {
            "A": "The modification of `return -1;` directly impacts the execution of `virtio_notify_vector` because its entire operation is controlled by `return -1;` and located within `return -1;`.",
            "B": "Modifying `return -1;` has no impact on the behavior or output of `virtio_notify_vector`.",
            "C": "The change of return -1; indirectly affects the execution of `virtio_notify_vector`, as the modifications in `return -1;` influence the arguments or conditions within `virtio_notify_vector`.",
            "D": "It is not possible to determine the effect without additional context."
        },
        "answer": "B",
        "distance": 0
    },
    {
        "case_id": "primevul_64",
        "code": "int virtio_load(VirtIODevice *vdev, QEMUFile *f)\n{\n    int i, ret;\n    uint32_t num;\n    uint32_t features;\n    uint32_t supported_features;\n    BusState *qbus = qdev_get_parent_bus(DEVICE(vdev));\n    VirtioBusClass *k = VIRTIO_BUS_GET_CLASS(qbus);\n    if (k->load_config)\n    {\n        ret = k->load_config(qbus->parent, f);\n        if (ret)\n        {\n            return ret;\n        }\n    }\n    qemu_get_8s(f, &vdev->status);\n    qemu_get_8s(f, &vdev->isr);\n    qemu_get_be16s(f, &vdev->queue_sel);\n    qemu_get_be32s(f, &features);\n    if (virtio_set_features(vdev, features) < 0)\n    {\n        return -1;\n    }\n    vdev->config_len = qemu_get_be32(f);\n    qemu_get_buffer(f, vdev->config, vdev->config_len);\n    num = qemu_get_be32(f);\n    if (num > VIRTIO_PCI_QUEUE_MAX)\n    {\n        error_report(\"Invalid number of PCI queues: 0x%x\", num);\n        return -1;\n    }\n    for (i = 0; i < num; i++)\n    {\n        vdev->vq[i].vring.num = qemu_get_be32(f);\n        if (k->has_variable_vring_alignment)\n        {\n            vdev->vq[i].vring.align = qemu_get_be32(f);\n        }\n        vdev->vq[i].pa = qemu_get_be64(f);\n        qemu_get_be16s(f, &vdev->vq[i].last_avail_idx);\n        vdev->vq[i].signalled_used_valid = false;\n        vdev->vq[i].notification = true;\n        if (vdev->vq[i].pa)\n        {\n            uint16_t nheads;\n            virtqueue_init(&vdev->vq[i]);\n            nheads = vring_avail_idx(&vdev->vq[i]) - vdev->vq[i].last_avail_idx;\n            if (nheads > vdev->vq[i].vring.num)\n            {\n                error_report(\"VQ %d size 0x%x Guest index 0x%x \"\n                             \"inconsistent with Host index 0x%x: delta 0x%x\",\n                             i, vdev->vq[i].vring.num,\n                             vring_avail_idx(&vdev->vq[i]),\n                             vdev->vq[i].last_avail_idx, nheads);\n                return -1;\n            }\n        }\n        else if (vdev->vq[i].last_avail_idx)\n        {\n            error_report(\"VQ %d address 0x0 \"\n                         \"inconsistent with Host index 0x%x\",\n                         i, vdev->vq[i].last_avail_idx);\n            return -1;\n        }\n        if (k->load_queue)\n        {\n            ret = k->load_queue(qbus->parent, i, f);\n            if (ret)\n            {\n                return ret;\n            }\n        }\n    }\n    virtio_notify_vector(vdev, VIRTIO_NO_VECTOR);\n    return 0;\n}\n",
        "question": "How does modifying the control structure `return -1;` affect the behavior or output of `virtqueue_init`?",
        "choices": {
            "A": "The modification of `return -1;` directly impacts the execution of `virtqueue_init` because its entire operation is controlled by `return -1;` and located within `return -1;`.",
            "B": "Modifying `return -1;` has no impact on the behavior or output of `virtqueue_init`.",
            "C": "The change of return -1; indirectly affects the execution of `virtqueue_init`, as the modifications in `return -1;` influence the arguments or conditions within `virtqueue_init`.",
            "D": "It is not possible to determine the effect without additional context."
        },
        "answer": "B",
        "distance": 0
    },
    {
        "case_id": "primevul_64",
        "code": "int virtio_load(VirtIODevice *vdev, QEMUFile *f)\n{\n    int i, ret;\n    uint32_t num;\n    uint32_t features;\n    uint32_t supported_features;\n    BusState *qbus = qdev_get_parent_bus(DEVICE(vdev));\n    VirtioBusClass *k = VIRTIO_BUS_GET_CLASS(qbus);\n    if (k->load_config)\n    {\n        ret = k->load_config(qbus->parent, f);\n        if (ret)\n        {\n            return ret;\n        }\n    }\n    qemu_get_8s(f, &vdev->status);\n    qemu_get_8s(f, &vdev->isr);\n    qemu_get_be16s(f, &vdev->queue_sel);\n    qemu_get_be32s(f, &features);\n    if (virtio_set_features(vdev, features) < 0)\n    {\n        return -1;\n    }\n    vdev->config_len = qemu_get_be32(f);\n    qemu_get_buffer(f, vdev->config, vdev->config_len);\n    num = qemu_get_be32(f);\n    if (num > VIRTIO_PCI_QUEUE_MAX)\n    {\n        error_report(\"Invalid number of PCI queues: 0x%x\", num);\n        return -1;\n    }\n    for (i = 0; i < num; i++)\n    {\n        vdev->vq[i].vring.num = qemu_get_be32(f);\n        if (k->has_variable_vring_alignment)\n        {\n            vdev->vq[i].vring.align = qemu_get_be32(f);\n        }\n        vdev->vq[i].pa = qemu_get_be64(f);\n        qemu_get_be16s(f, &vdev->vq[i].last_avail_idx);\n        vdev->vq[i].signalled_used_valid = false;\n        vdev->vq[i].notification = true;\n        if (vdev->vq[i].pa)\n        {\n            uint16_t nheads;\n            virtqueue_init(&vdev->vq[i]);\n            nheads = vring_avail_idx(&vdev->vq[i]) - vdev->vq[i].last_avail_idx;\n            if (nheads > vdev->vq[i].vring.num)\n            {\n                error_report(\"VQ %d size 0x%x Guest index 0x%x \"\n                             \"inconsistent with Host index 0x%x: delta 0x%x\",\n                             i, vdev->vq[i].vring.num,\n                             vring_avail_idx(&vdev->vq[i]),\n                             vdev->vq[i].last_avail_idx, nheads);\n                return -1;\n            }\n        }\n        else if (vdev->vq[i].last_avail_idx)\n        {\n            error_report(\"VQ %d address 0x0 \"\n                         \"inconsistent with Host index 0x%x\",\n                         i, vdev->vq[i].last_avail_idx);\n            return -1;\n        }\n        if (k->load_queue)\n        {\n            ret = k->load_queue(qbus->parent, i, f);\n            if (ret)\n            {\n                return ret;\n            }\n        }\n    }\n    virtio_notify_vector(vdev, VIRTIO_NO_VECTOR);\n    return 0;\n}\n",
        "question": "How does modifying the control structure `for (i = 0; i < num; i++)` affect the behavior or output of `virtio_notify_vector`?",
        "choices": {
            "A": "The modification of `for (i = 0; i < num; i++)` directly impacts the execution of `virtio_notify_vector` because its entire operation is controlled by `for (i = 0; i < num; i++)` and located within `for (i = 0; i < num; i++)`.",
            "B": "Modifying `for (i = 0; i < num; i++)` has no impact on the behavior or output of `virtio_notify_vector`.",
            "C": "The change of for (i = 0; i < num; i++) indirectly affects the execution of `virtio_notify_vector`, as the modifications in `for (i = 0; i < num; i++)` influence the arguments or conditions within `virtio_notify_vector`.",
            "D": "It is not possible to determine the effect without additional context."
        },
        "answer": "C",
        "distance": 3
    },
    {
        "case_id": "primevul_64",
        "code": "int virtio_load(VirtIODevice *vdev, QEMUFile *f)\n{\n    int i, ret;\n    uint32_t num;\n    uint32_t features;\n    uint32_t supported_features;\n    BusState *qbus = qdev_get_parent_bus(DEVICE(vdev));\n    VirtioBusClass *k = VIRTIO_BUS_GET_CLASS(qbus);\n    if (k->load_config)\n    {\n        ret = k->load_config(qbus->parent, f);\n        if (ret)\n        {\n            return ret;\n        }\n    }\n    qemu_get_8s(f, &vdev->status);\n    qemu_get_8s(f, &vdev->isr);\n    qemu_get_be16s(f, &vdev->queue_sel);\n    qemu_get_be32s(f, &features);\n    if (virtio_set_features(vdev, features) < 0)\n    {\n        return -1;\n    }\n    vdev->config_len = qemu_get_be32(f);\n    qemu_get_buffer(f, vdev->config, vdev->config_len);\n    num = qemu_get_be32(f);\n    if (num > VIRTIO_PCI_QUEUE_MAX)\n    {\n        error_report(\"Invalid number of PCI queues: 0x%x\", num);\n        return -1;\n    }\n    for (i = 0; i < num; i++)\n    {\n        vdev->vq[i].vring.num = qemu_get_be32(f);\n        if (k->has_variable_vring_alignment)\n        {\n            vdev->vq[i].vring.align = qemu_get_be32(f);\n        }\n        vdev->vq[i].pa = qemu_get_be64(f);\n        qemu_get_be16s(f, &vdev->vq[i].last_avail_idx);\n        vdev->vq[i].signalled_used_valid = false;\n        vdev->vq[i].notification = true;\n        if (vdev->vq[i].pa)\n        {\n            uint16_t nheads;\n            virtqueue_init(&vdev->vq[i]);\n            nheads = vring_avail_idx(&vdev->vq[i]) - vdev->vq[i].last_avail_idx;\n            if (nheads > vdev->vq[i].vring.num)\n            {\n                error_report(\"VQ %d size 0x%x Guest index 0x%x \"\n                             \"inconsistent with Host index 0x%x: delta 0x%x\",\n                             i, vdev->vq[i].vring.num,\n                             vring_avail_idx(&vdev->vq[i]),\n                             vdev->vq[i].last_avail_idx, nheads);\n                return -1;\n            }\n        }\n        else if (vdev->vq[i].last_avail_idx)\n        {\n            error_report(\"VQ %d address 0x0 \"\n                         \"inconsistent with Host index 0x%x\",\n                         i, vdev->vq[i].last_avail_idx);\n            return -1;\n        }\n        if (k->load_queue)\n        {\n            ret = k->load_queue(qbus->parent, i, f);\n            if (ret)\n            {\n                return ret;\n            }\n        }\n    }\n    virtio_notify_vector(vdev, VIRTIO_NO_VECTOR);\n    return 0;\n}\n",
        "question": "How does modifying the control structure `if (k->load_config)` affect the behavior or output of `qemu_get_be32s`?",
        "choices": {
            "A": "The modification of `if (k->load_config)` directly impacts the execution of `qemu_get_be32s` because its entire operation is controlled by `if (k->load_config)` and located within `if (k->load_config)`.",
            "B": "Modifying `if (k->load_config)` has no impact on the behavior or output of `qemu_get_be32s`.",
            "C": "The change of if (k->load_config) indirectly affects the execution of `qemu_get_be32s`, as the modifications in `if (k->load_config)` influence the arguments or conditions within `qemu_get_be32s`.",
            "D": "It is not possible to determine the effect without additional context."
        },
        "answer": "C",
        "distance": 3
    },
    {
        "case_id": "primevul_64",
        "code": "int virtio_load(VirtIODevice *vdev, QEMUFile *f)\n{\n    int i, ret;\n    uint32_t num;\n    uint32_t features;\n    uint32_t supported_features;\n    BusState *qbus = qdev_get_parent_bus(DEVICE(vdev));\n    VirtioBusClass *k = VIRTIO_BUS_GET_CLASS(qbus);\n    if (k->load_config)\n    {\n        ret = k->load_config(qbus->parent, f);\n        if (ret)\n        {\n            return ret;\n        }\n    }\n    qemu_get_8s(f, &vdev->status);\n    qemu_get_8s(f, &vdev->isr);\n    qemu_get_be16s(f, &vdev->queue_sel);\n    qemu_get_be32s(f, &features);\n    if (virtio_set_features(vdev, features) < 0)\n    {\n        return -1;\n    }\n    vdev->config_len = qemu_get_be32(f);\n    qemu_get_buffer(f, vdev->config, vdev->config_len);\n    num = qemu_get_be32(f);\n    if (num > VIRTIO_PCI_QUEUE_MAX)\n    {\n        error_report(\"Invalid number of PCI queues: 0x%x\", num);\n        return -1;\n    }\n    for (i = 0; i < num; i++)\n    {\n        vdev->vq[i].vring.num = qemu_get_be32(f);\n        if (k->has_variable_vring_alignment)\n        {\n            vdev->vq[i].vring.align = qemu_get_be32(f);\n        }\n        vdev->vq[i].pa = qemu_get_be64(f);\n        qemu_get_be16s(f, &vdev->vq[i].last_avail_idx);\n        vdev->vq[i].signalled_used_valid = false;\n        vdev->vq[i].notification = true;\n        if (vdev->vq[i].pa)\n        {\n            uint16_t nheads;\n            virtqueue_init(&vdev->vq[i]);\n            nheads = vring_avail_idx(&vdev->vq[i]) - vdev->vq[i].last_avail_idx;\n            if (nheads > vdev->vq[i].vring.num)\n            {\n                error_report(\"VQ %d size 0x%x Guest index 0x%x \"\n                             \"inconsistent with Host index 0x%x: delta 0x%x\",\n                             i, vdev->vq[i].vring.num,\n                             vring_avail_idx(&vdev->vq[i]),\n                             vdev->vq[i].last_avail_idx, nheads);\n                return -1;\n            }\n        }\n        else if (vdev->vq[i].last_avail_idx)\n        {\n            error_report(\"VQ %d address 0x0 \"\n                         \"inconsistent with Host index 0x%x\",\n                         i, vdev->vq[i].last_avail_idx);\n            return -1;\n        }\n        if (k->load_queue)\n        {\n            ret = k->load_queue(qbus->parent, i, f);\n            if (ret)\n            {\n                return ret;\n            }\n        }\n    }\n    virtio_notify_vector(vdev, VIRTIO_NO_VECTOR);\n    return 0;\n}\n",
        "question": "How does modifying the control structure `if (k->load_config)` affect the behavior or output of `qemu_get_be64`?",
        "choices": {
            "A": "The modification of `if (k->load_config)` directly impacts the execution of `qemu_get_be64` because its entire operation is controlled by `if (k->load_config)` and located within `if (k->load_config)`.",
            "B": "Modifying `if (k->load_config)` has no impact on the behavior or output of `qemu_get_be64`.",
            "C": "The change of if (k->load_config) indirectly affects the execution of `qemu_get_be64`, as the modifications in `if (k->load_config)` influence the arguments or conditions within `qemu_get_be64`.",
            "D": "It is not possible to determine the effect without additional context."
        },
        "answer": "C",
        "distance": 3
    },
    {
        "case_id": "primevul_64",
        "code": "int virtio_load(VirtIODevice *vdev, QEMUFile *f)\n{\n    int i, ret;\n    uint32_t num;\n    uint32_t features;\n    uint32_t supported_features;\n    BusState *qbus = qdev_get_parent_bus(DEVICE(vdev));\n    VirtioBusClass *k = VIRTIO_BUS_GET_CLASS(qbus);\n    if (k->load_config)\n    {\n        ret = k->load_config(qbus->parent, f);\n        if (ret)\n        {\n            return ret;\n        }\n    }\n    qemu_get_8s(f, &vdev->status);\n    qemu_get_8s(f, &vdev->isr);\n    qemu_get_be16s(f, &vdev->queue_sel);\n    qemu_get_be32s(f, &features);\n    if (virtio_set_features(vdev, features) < 0)\n    {\n        return -1;\n    }\n    vdev->config_len = qemu_get_be32(f);\n    qemu_get_buffer(f, vdev->config, vdev->config_len);\n    num = qemu_get_be32(f);\n    if (num > VIRTIO_PCI_QUEUE_MAX)\n    {\n        error_report(\"Invalid number of PCI queues: 0x%x\", num);\n        return -1;\n    }\n    for (i = 0; i < num; i++)\n    {\n        vdev->vq[i].vring.num = qemu_get_be32(f);\n        if (k->has_variable_vring_alignment)\n        {\n            vdev->vq[i].vring.align = qemu_get_be32(f);\n        }\n        vdev->vq[i].pa = qemu_get_be64(f);\n        qemu_get_be16s(f, &vdev->vq[i].last_avail_idx);\n        vdev->vq[i].signalled_used_valid = false;\n        vdev->vq[i].notification = true;\n        if (vdev->vq[i].pa)\n        {\n            uint16_t nheads;\n            virtqueue_init(&vdev->vq[i]);\n            nheads = vring_avail_idx(&vdev->vq[i]) - vdev->vq[i].last_avail_idx;\n            if (nheads > vdev->vq[i].vring.num)\n            {\n                error_report(\"VQ %d size 0x%x Guest index 0x%x \"\n                             \"inconsistent with Host index 0x%x: delta 0x%x\",\n                             i, vdev->vq[i].vring.num,\n                             vring_avail_idx(&vdev->vq[i]),\n                             vdev->vq[i].last_avail_idx, nheads);\n                return -1;\n            }\n        }\n        else if (vdev->vq[i].last_avail_idx)\n        {\n            error_report(\"VQ %d address 0x0 \"\n                         \"inconsistent with Host index 0x%x\",\n                         i, vdev->vq[i].last_avail_idx);\n            return -1;\n        }\n        if (k->load_queue)\n        {\n            ret = k->load_queue(qbus->parent, i, f);\n            if (ret)\n            {\n                return ret;\n            }\n        }\n    }\n    virtio_notify_vector(vdev, VIRTIO_NO_VECTOR);\n    return 0;\n}\n",
        "question": "How does modifying the control structure `if (k->load_config)` affect the behavior or output of `qemu_get_buffer`?",
        "choices": {
            "A": "The modification of `if (k->load_config)` directly impacts the execution of `qemu_get_buffer` because its entire operation is controlled by `if (k->load_config)` and located within `if (k->load_config)`.",
            "B": "Modifying `if (k->load_config)` has no impact on the behavior or output of `qemu_get_buffer`.",
            "C": "The change of if (k->load_config) indirectly affects the execution of `qemu_get_buffer`, as the modifications in `if (k->load_config)` influence the arguments or conditions within `qemu_get_buffer`.",
            "D": "It is not possible to determine the effect without additional context."
        },
        "answer": "C",
        "distance": 3
    }
]