[
    {
        "case_id": "primevul_34",
        "code": "static int cp2112_gpio_direction_input(struct gpio_chip *chip, unsigned offset)\n{\n\tstruct cp2112_device *dev = gpiochip_get_data(chip);\n\tstruct hid_device *hdev = dev->hdev;\n\tu8 *buf = dev->in_out_buffer;\n\tint ret;\n\tmutex_lock(&dev->lock);\n\tret = hid_hw_raw_request(hdev, CP2112_GPIO_CONFIG, buf, CP2112_GPIO_CONFIG_LENGTH, HID_FEATURE_REPORT, HID_REQ_GET_REPORT);\n\tif (ret != CP2112_GPIO_CONFIG_LENGTH)\n\t{\n\t\thid_err(hdev, \"error requesting GPIO config: %d\\n\", ret);\n\t\tgoto exit;\n\t}\n\tbuf[1] &= ~(1 << offset);\n\tbuf[2] = gpio_push_pull;\n\tret = hid_hw_raw_request(hdev, CP2112_GPIO_CONFIG, buf, CP2112_GPIO_CONFIG_LENGTH, HID_FEATURE_REPORT, HID_REQ_SET_REPORT);\n\tif (ret < 0)\n\t{\n\t\thid_err(hdev, \"error setting GPIO config: %d\\n\", ret);\n\t\tgoto exit;\n\t}\n\tret = 0;\nexit:\n\tmutex_unlock(&dev->lock);\n\treturn ret <= 0 ? ret : -EIO;\n}\n",
        "question": "How does modifying the control structure `goto exit;` affect the behavior or output of `mutex_lock`?",
        "choices": {
            "A": "The modification of `goto exit;` directly impacts the execution of `mutex_lock` because its entire operation is controlled by `goto exit;` and located within `goto exit;`.",
            "B": "Modifying `goto exit;` has no impact on the behavior or output of `mutex_lock`.",
            "C": "The change of goto exit; indirectly affects the execution of `mutex_lock`, as the modifications in `goto exit;` influence the arguments or conditions within `mutex_lock`.",
            "D": "It is not possible to determine the effect without additional context."
        },
        "answer": "B",
        "distance": 0
    },
    {
        "case_id": "primevul_34",
        "code": "static int cp2112_gpio_direction_input(struct gpio_chip *chip, unsigned offset)\n{\n\tstruct cp2112_device *dev = gpiochip_get_data(chip);\n\tstruct hid_device *hdev = dev->hdev;\n\tu8 *buf = dev->in_out_buffer;\n\tint ret;\n\tmutex_lock(&dev->lock);\n\tret = hid_hw_raw_request(hdev, CP2112_GPIO_CONFIG, buf, CP2112_GPIO_CONFIG_LENGTH, HID_FEATURE_REPORT, HID_REQ_GET_REPORT);\n\tif (ret != CP2112_GPIO_CONFIG_LENGTH)\n\t{\n\t\thid_err(hdev, \"error requesting GPIO config: %d\\n\", ret);\n\t\tgoto exit;\n\t}\n\tbuf[1] &= ~(1 << offset);\n\tbuf[2] = gpio_push_pull;\n\tret = hid_hw_raw_request(hdev, CP2112_GPIO_CONFIG, buf, CP2112_GPIO_CONFIG_LENGTH, HID_FEATURE_REPORT, HID_REQ_SET_REPORT);\n\tif (ret < 0)\n\t{\n\t\thid_err(hdev, \"error setting GPIO config: %d\\n\", ret);\n\t\tgoto exit;\n\t}\n\tret = 0;\nexit:\n\tmutex_unlock(&dev->lock);\n\treturn ret <= 0 ? ret : -EIO;\n}\n",
        "question": "How does modifying the control structure `goto exit;` affect the behavior or output of `gpiochip_get_data`?",
        "choices": {
            "A": "The modification of `goto exit;` directly impacts the execution of `gpiochip_get_data` because its entire operation is controlled by `goto exit;` and located within `goto exit;`.",
            "B": "Modifying `goto exit;` has no impact on the behavior or output of `gpiochip_get_data`.",
            "C": "The change of goto exit; indirectly affects the execution of `gpiochip_get_data`, as the modifications in `goto exit;` influence the arguments or conditions within `gpiochip_get_data`.",
            "D": "It is not possible to determine the effect without additional context."
        },
        "answer": "B",
        "distance": 0
    },
    {
        "case_id": "primevul_34",
        "code": "static int cp2112_gpio_direction_input(struct gpio_chip *chip, unsigned offset)\n{\n\tstruct cp2112_device *dev = gpiochip_get_data(chip);\n\tstruct hid_device *hdev = dev->hdev;\n\tu8 *buf = dev->in_out_buffer;\n\tint ret;\n\tmutex_lock(&dev->lock);\n\tret = hid_hw_raw_request(hdev, CP2112_GPIO_CONFIG, buf, CP2112_GPIO_CONFIG_LENGTH, HID_FEATURE_REPORT, HID_REQ_GET_REPORT);\n\tif (ret != CP2112_GPIO_CONFIG_LENGTH)\n\t{\n\t\thid_err(hdev, \"error requesting GPIO config: %d\\n\", ret);\n\t\tgoto exit;\n\t}\n\tbuf[1] &= ~(1 << offset);\n\tbuf[2] = gpio_push_pull;\n\tret = hid_hw_raw_request(hdev, CP2112_GPIO_CONFIG, buf, CP2112_GPIO_CONFIG_LENGTH, HID_FEATURE_REPORT, HID_REQ_SET_REPORT);\n\tif (ret < 0)\n\t{\n\t\thid_err(hdev, \"error setting GPIO config: %d\\n\", ret);\n\t\tgoto exit;\n\t}\n\tret = 0;\nexit:\n\tmutex_unlock(&dev->lock);\n\treturn ret <= 0 ? ret : -EIO;\n}\n",
        "question": "How does modifying the control structure `goto exit;` affect the behavior or output of `mutex_unlock`?",
        "choices": {
            "A": "The modification of `goto exit;` directly impacts the execution of `mutex_unlock` because its entire operation is controlled by `goto exit;` and located within `goto exit;`.",
            "B": "Modifying `goto exit;` has no impact on the behavior or output of `mutex_unlock`.",
            "C": "The change of goto exit; indirectly affects the execution of `mutex_unlock`, as the modifications in `goto exit;` influence the arguments or conditions within `mutex_unlock`.",
            "D": "It is not possible to determine the effect without additional context."
        },
        "answer": "B",
        "distance": 0
    },
    {
        "case_id": "primevul_34",
        "code": "static int cp2112_gpio_direction_input(struct gpio_chip *chip, unsigned offset)\n{\n\tstruct cp2112_device *dev = gpiochip_get_data(chip);\n\tstruct hid_device *hdev = dev->hdev;\n\tu8 *buf = dev->in_out_buffer;\n\tint ret;\n\tmutex_lock(&dev->lock);\n\tret = hid_hw_raw_request(hdev, CP2112_GPIO_CONFIG, buf, CP2112_GPIO_CONFIG_LENGTH, HID_FEATURE_REPORT, HID_REQ_GET_REPORT);\n\tif (ret != CP2112_GPIO_CONFIG_LENGTH)\n\t{\n\t\thid_err(hdev, \"error requesting GPIO config: %d\\n\", ret);\n\t\tgoto exit;\n\t}\n\tbuf[1] &= ~(1 << offset);\n\tbuf[2] = gpio_push_pull;\n\tret = hid_hw_raw_request(hdev, CP2112_GPIO_CONFIG, buf, CP2112_GPIO_CONFIG_LENGTH, HID_FEATURE_REPORT, HID_REQ_SET_REPORT);\n\tif (ret < 0)\n\t{\n\t\thid_err(hdev, \"error setting GPIO config: %d\\n\", ret);\n\t\tgoto exit;\n\t}\n\tret = 0;\nexit:\n\tmutex_unlock(&dev->lock);\n\treturn ret <= 0 ? ret : -EIO;\n}\n",
        "question": "How does modifying the control structure `if (ret != CP2112_GPIO_CONFIG_LENGTH)` affect the behavior or output of `mutex_lock`?",
        "choices": {
            "A": "The modification of `if (ret != CP2112_GPIO_CONFIG_LENGTH)` directly impacts the execution of `mutex_lock` because its entire operation is controlled by `if (ret != CP2112_GPIO_CONFIG_LENGTH)` and located within `if (ret != CP2112_GPIO_CONFIG_LENGTH)`.",
            "B": "Modifying `if (ret != CP2112_GPIO_CONFIG_LENGTH)` has no impact on the behavior or output of `mutex_lock`.",
            "C": "The change of if (ret != CP2112_GPIO_CONFIG_LENGTH) indirectly affects the execution of `mutex_lock`, as the modifications in `if (ret != CP2112_GPIO_CONFIG_LENGTH)` influence the arguments or conditions within `mutex_lock`.",
            "D": "It is not possible to determine the effect without additional context."
        },
        "answer": "B",
        "distance": 0
    }
]