[
    {
        "case_id": "primevul_17",
        "code": "process_open(u_int32_t id)\n{\n\tu_int32_t pflags;\n\tAttrib a;\n\tchar *name;\n\tint r, handle, fd, flags, mode, status = SSH2_FX_FAILURE;\n\tif ((r = sshbuf_get_cstring(iqueue, &name, NULL)) != 0 ||\n\t    (r = sshbuf_get_u32(iqueue, &pflags)) != 0 ||\n\t    (r = decode_attrib(iqueue, &a)) != 0)\n\t{\n\t\tfatal(\"%s: buffer error: %s\", __func__, ssh_err(r));\n\t}\n\tdebug3(\"request %u: open flags %d\", id, pflags);\n\tflags = flags_from_portable(pflags);\n\tmode = (a.flags & SSH2_FILEXFER_ATTR_PERMISSIONS) ? a.perm : 0666;\n\tlogit(\"open \\\"%s\\\" flags %s mode 0%o\",\n\t    name, string_from_portable(pflags), mode);\n\tif (readonly &&\n\t    ((flags & O_ACCMODE) == O_WRONLY ||\n\t    (flags & O_ACCMODE) == O_RDWR))\n\t{\n\t\tverbose(\"Refusing open request in read-only mode\");\n\t\tstatus = SSH2_FX_PERMISSION_DENIED;\n\t}\n\telse\n\t{\n\t\tfd = open(name, flags, mode);\n\t\tif (fd < 0)\n\t\t{\n\t\t\tstatus = errno_to_portable(errno);\n\t\t}\n\t\telse\n\t\t{\n\t\t\thandle = handle_new(HANDLE_FILE, name, fd, flags, NULL);\n\t\t\tif (handle < 0)\n\t\t\t{\n\t\t\t\tclose(fd);\n\t\t\t}\n\t\t\telse\n\t\t\t{\n\t\t\t\tsend_handle(id, handle);\n\t\t\t\tstatus = SSH2_FX_OK;\n\t\t\t}\n\t\t}\n\t}\n\tif (status != SSH2_FX_OK)\n\t{\n\t\tsend_status(id, status);\n\t}\n\tfree(name);\n}",
        "question": "How does modifying the control structure `if (readonly &&((flags & O_ACCMODE) == O_WRONLY ||(flags & O_ACCMODE) == O_RDWR))` affect the behavior or output of `send_handle`?",
        "choices": {
            "A": "The modification of `if (readonly &&((flags & O_ACCMODE) == O_WRONLY ||(flags & O_ACCMODE) == O_RDWR))` directly impacts the execution of `send_handle` because its entire operation is controlled by `if (readonly &&((flags & O_ACCMODE) == O_WRONLY ||(flags & O_ACCMODE) == O_RDWR))` and located within `if (readonly &&((flags & O_ACCMODE) == O_WRONLY ||(flags & O_ACCMODE) == O_RDWR))`.",
            "B": "Modifying `if (readonly &&((flags & O_ACCMODE) == O_WRONLY ||(flags & O_ACCMODE) == O_RDWR))` has no impact on the behavior or output of `send_handle`.",
            "C": "The change of if (readonly &&((flags & O_ACCMODE) == O_WRONLY ||(flags & O_ACCMODE) == O_RDWR)) indirectly affects the execution of `send_handle`, as the modifications in `if (readonly &&((flags & O_ACCMODE) == O_WRONLY ||(flags & O_ACCMODE) == O_RDWR))` influence the arguments or conditions within `send_handle`.",
            "D": "It is not possible to determine the effect without additional context."
        },
        "answer": "A",
        "distance": 2
    },
    {
        "case_id": "primevul_17",
        "code": "process_open(u_int32_t id)\n{\n\tu_int32_t pflags;\n\tAttrib a;\n\tchar *name;\n\tint r, handle, fd, flags, mode, status = SSH2_FX_FAILURE;\n\tif ((r = sshbuf_get_cstring(iqueue, &name, NULL)) != 0 ||\n\t    (r = sshbuf_get_u32(iqueue, &pflags)) != 0 ||\n\t    (r = decode_attrib(iqueue, &a)) != 0)\n\t{\n\t\tfatal(\"%s: buffer error: %s\", __func__, ssh_err(r));\n\t}\n\tdebug3(\"request %u: open flags %d\", id, pflags);\n\tflags = flags_from_portable(pflags);\n\tmode = (a.flags & SSH2_FILEXFER_ATTR_PERMISSIONS) ? a.perm : 0666;\n\tlogit(\"open \\\"%s\\\" flags %s mode 0%o\",\n\t    name, string_from_portable(pflags), mode);\n\tif (readonly &&\n\t    ((flags & O_ACCMODE) == O_WRONLY ||\n\t    (flags & O_ACCMODE) == O_RDWR))\n\t{\n\t\tverbose(\"Refusing open request in read-only mode\");\n\t\tstatus = SSH2_FX_PERMISSION_DENIED;\n\t}\n\telse\n\t{\n\t\tfd = open(name, flags, mode);\n\t\tif (fd < 0)\n\t\t{\n\t\t\tstatus = errno_to_portable(errno);\n\t\t}\n\t\telse\n\t\t{\n\t\t\thandle = handle_new(HANDLE_FILE, name, fd, flags, NULL);\n\t\t\tif (handle < 0)\n\t\t\t{\n\t\t\t\tclose(fd);\n\t\t\t}\n\t\t\telse\n\t\t\t{\n\t\t\t\tsend_handle(id, handle);\n\t\t\t\tstatus = SSH2_FX_OK;\n\t\t\t}\n\t\t}\n\t}\n\tif (status != SSH2_FX_OK)\n\t{\n\t\tsend_status(id, status);\n\t}\n\tfree(name);\n}",
        "question": "How does modifying the control structure `if (readonly &&((flags & O_ACCMODE) == O_WRONLY ||(flags & O_ACCMODE) == O_RDWR))` affect the behavior or output of `close`?",
        "choices": {
            "A": "The modification of `if (readonly &&((flags & O_ACCMODE) == O_WRONLY ||(flags & O_ACCMODE) == O_RDWR))` directly impacts the execution of `close` because its entire operation is controlled by `if (readonly &&((flags & O_ACCMODE) == O_WRONLY ||(flags & O_ACCMODE) == O_RDWR))` and located within `if (readonly &&((flags & O_ACCMODE) == O_WRONLY ||(flags & O_ACCMODE) == O_RDWR))`.",
            "B": "Modifying `if (readonly &&((flags & O_ACCMODE) == O_WRONLY ||(flags & O_ACCMODE) == O_RDWR))` has no impact on the behavior or output of `close`.",
            "C": "The change of if (readonly &&((flags & O_ACCMODE) == O_WRONLY ||(flags & O_ACCMODE) == O_RDWR)) indirectly affects the execution of `close`, as the modifications in `if (readonly &&((flags & O_ACCMODE) == O_WRONLY ||(flags & O_ACCMODE) == O_RDWR))` influence the arguments or conditions within `close`.",
            "D": "It is not possible to determine the effect without additional context."
        },
        "answer": "A",
        "distance": 2
    },
    {
        "case_id": "primevul_17",
        "code": "process_open(u_int32_t id)\n{\n\tu_int32_t pflags;\n\tAttrib a;\n\tchar *name;\n\tint r, handle, fd, flags, mode, status = SSH2_FX_FAILURE;\n\tif ((r = sshbuf_get_cstring(iqueue, &name, NULL)) != 0 ||\n\t    (r = sshbuf_get_u32(iqueue, &pflags)) != 0 ||\n\t    (r = decode_attrib(iqueue, &a)) != 0)\n\t{\n\t\tfatal(\"%s: buffer error: %s\", __func__, ssh_err(r));\n\t}\n\tdebug3(\"request %u: open flags %d\", id, pflags);\n\tflags = flags_from_portable(pflags);\n\tmode = (a.flags & SSH2_FILEXFER_ATTR_PERMISSIONS) ? a.perm : 0666;\n\tlogit(\"open \\\"%s\\\" flags %s mode 0%o\",\n\t    name, string_from_portable(pflags), mode);\n\tif (readonly &&\n\t    ((flags & O_ACCMODE) == O_WRONLY ||\n\t    (flags & O_ACCMODE) == O_RDWR))\n\t{\n\t\tverbose(\"Refusing open request in read-only mode\");\n\t\tstatus = SSH2_FX_PERMISSION_DENIED;\n\t}\n\telse\n\t{\n\t\tfd = open(name, flags, mode);\n\t\tif (fd < 0)\n\t\t{\n\t\t\tstatus = errno_to_portable(errno);\n\t\t}\n\t\telse\n\t\t{\n\t\t\thandle = handle_new(HANDLE_FILE, name, fd, flags, NULL);\n\t\t\tif (handle < 0)\n\t\t\t{\n\t\t\t\tclose(fd);\n\t\t\t}\n\t\t\telse\n\t\t\t{\n\t\t\t\tsend_handle(id, handle);\n\t\t\t\tstatus = SSH2_FX_OK;\n\t\t\t}\n\t\t}\n\t}\n\tif (status != SSH2_FX_OK)\n\t{\n\t\tsend_status(id, status);\n\t}\n\tfree(name);\n}",
        "question": "How does modifying the control structure `if (readonly &&((flags & O_ACCMODE) == O_WRONLY ||(flags & O_ACCMODE) == O_RDWR))` affect the behavior or output of `handle_new`?",
        "choices": {
            "A": "The modification of `if (readonly &&((flags & O_ACCMODE) == O_WRONLY ||(flags & O_ACCMODE) == O_RDWR))` directly impacts the execution of `handle_new` because its entire operation is controlled by `if (readonly &&((flags & O_ACCMODE) == O_WRONLY ||(flags & O_ACCMODE) == O_RDWR))` and located within `if (readonly &&((flags & O_ACCMODE) == O_WRONLY ||(flags & O_ACCMODE) == O_RDWR))`.",
            "B": "Modifying `if (readonly &&((flags & O_ACCMODE) == O_WRONLY ||(flags & O_ACCMODE) == O_RDWR))` has no impact on the behavior or output of `handle_new`.",
            "C": "The change of if (readonly &&((flags & O_ACCMODE) == O_WRONLY ||(flags & O_ACCMODE) == O_RDWR)) indirectly affects the execution of `handle_new`, as the modifications in `if (readonly &&((flags & O_ACCMODE) == O_WRONLY ||(flags & O_ACCMODE) == O_RDWR))` influence the arguments or conditions within `handle_new`.",
            "D": "It is not possible to determine the effect without additional context."
        },
        "answer": "A",
        "distance": 2
    },
    {
        "case_id": "primevul_17",
        "code": "process_open(u_int32_t id)\n{\n\tu_int32_t pflags;\n\tAttrib a;\n\tchar *name;\n\tint r, handle, fd, flags, mode, status = SSH2_FX_FAILURE;\n\tif ((r = sshbuf_get_cstring(iqueue, &name, NULL)) != 0 ||\n\t    (r = sshbuf_get_u32(iqueue, &pflags)) != 0 ||\n\t    (r = decode_attrib(iqueue, &a)) != 0)\n\t{\n\t\tfatal(\"%s: buffer error: %s\", __func__, ssh_err(r));\n\t}\n\tdebug3(\"request %u: open flags %d\", id, pflags);\n\tflags = flags_from_portable(pflags);\n\tmode = (a.flags & SSH2_FILEXFER_ATTR_PERMISSIONS) ? a.perm : 0666;\n\tlogit(\"open \\\"%s\\\" flags %s mode 0%o\",\n\t    name, string_from_portable(pflags), mode);\n\tif (readonly &&\n\t    ((flags & O_ACCMODE) == O_WRONLY ||\n\t    (flags & O_ACCMODE) == O_RDWR))\n\t{\n\t\tverbose(\"Refusing open request in read-only mode\");\n\t\tstatus = SSH2_FX_PERMISSION_DENIED;\n\t}\n\telse\n\t{\n\t\tfd = open(name, flags, mode);\n\t\tif (fd < 0)\n\t\t{\n\t\t\tstatus = errno_to_portable(errno);\n\t\t}\n\t\telse\n\t\t{\n\t\t\thandle = handle_new(HANDLE_FILE, name, fd, flags, NULL);\n\t\t\tif (handle < 0)\n\t\t\t{\n\t\t\t\tclose(fd);\n\t\t\t}\n\t\t\telse\n\t\t\t{\n\t\t\t\tsend_handle(id, handle);\n\t\t\t\tstatus = SSH2_FX_OK;\n\t\t\t}\n\t\t}\n\t}\n\tif (status != SSH2_FX_OK)\n\t{\n\t\tsend_status(id, status);\n\t}\n\tfree(name);\n}",
        "question": "How does modifying the control structure `if (readonly &&((flags & O_ACCMODE) == O_WRONLY ||(flags & O_ACCMODE) == O_RDWR))` affect the behavior or output of `errno_to_portable`?",
        "choices": {
            "A": "The modification of `if (readonly &&((flags & O_ACCMODE) == O_WRONLY ||(flags & O_ACCMODE) == O_RDWR))` directly impacts the execution of `errno_to_portable` because its entire operation is controlled by `if (readonly &&((flags & O_ACCMODE) == O_WRONLY ||(flags & O_ACCMODE) == O_RDWR))` and located within `if (readonly &&((flags & O_ACCMODE) == O_WRONLY ||(flags & O_ACCMODE) == O_RDWR))`.",
            "B": "Modifying `if (readonly &&((flags & O_ACCMODE) == O_WRONLY ||(flags & O_ACCMODE) == O_RDWR))` has no impact on the behavior or output of `errno_to_portable`.",
            "C": "The change of if (readonly &&((flags & O_ACCMODE) == O_WRONLY ||(flags & O_ACCMODE) == O_RDWR)) indirectly affects the execution of `errno_to_portable`, as the modifications in `if (readonly &&((flags & O_ACCMODE) == O_WRONLY ||(flags & O_ACCMODE) == O_RDWR))` influence the arguments or conditions within `errno_to_portable`.",
            "D": "It is not possible to determine the effect without additional context."
        },
        "answer": "A",
        "distance": 2
    },
    {
        "case_id": "primevul_17",
        "code": "process_open(u_int32_t id)\n{\n\tu_int32_t pflags;\n\tAttrib a;\n\tchar *name;\n\tint r, handle, fd, flags, mode, status = SSH2_FX_FAILURE;\n\tif ((r = sshbuf_get_cstring(iqueue, &name, NULL)) != 0 ||\n\t    (r = sshbuf_get_u32(iqueue, &pflags)) != 0 ||\n\t    (r = decode_attrib(iqueue, &a)) != 0)\n\t{\n\t\tfatal(\"%s: buffer error: %s\", __func__, ssh_err(r));\n\t}\n\tdebug3(\"request %u: open flags %d\", id, pflags);\n\tflags = flags_from_portable(pflags);\n\tmode = (a.flags & SSH2_FILEXFER_ATTR_PERMISSIONS) ? a.perm : 0666;\n\tlogit(\"open \\\"%s\\\" flags %s mode 0%o\",\n\t    name, string_from_portable(pflags), mode);\n\tif (readonly &&\n\t    ((flags & O_ACCMODE) == O_WRONLY ||\n\t    (flags & O_ACCMODE) == O_RDWR))\n\t{\n\t\tverbose(\"Refusing open request in read-only mode\");\n\t\tstatus = SSH2_FX_PERMISSION_DENIED;\n\t}\n\telse\n\t{\n\t\tfd = open(name, flags, mode);\n\t\tif (fd < 0)\n\t\t{\n\t\t\tstatus = errno_to_portable(errno);\n\t\t}\n\t\telse\n\t\t{\n\t\t\thandle = handle_new(HANDLE_FILE, name, fd, flags, NULL);\n\t\t\tif (handle < 0)\n\t\t\t{\n\t\t\t\tclose(fd);\n\t\t\t}\n\t\t\telse\n\t\t\t{\n\t\t\t\tsend_handle(id, handle);\n\t\t\t\tstatus = SSH2_FX_OK;\n\t\t\t}\n\t\t}\n\t}\n\tif (status != SSH2_FX_OK)\n\t{\n\t\tsend_status(id, status);\n\t}\n\tfree(name);\n}",
        "question": "How does modifying the control structure `else` affect the behavior or output of `sshbuf_get_u32`?",
        "choices": {
            "A": "The modification of `else` directly impacts the execution of `sshbuf_get_u32` because its entire operation is controlled by `else` and located within `else`.",
            "B": "Modifying `else` has no impact on the behavior or output of `sshbuf_get_u32`.",
            "C": "The change of else indirectly affects the execution of `sshbuf_get_u32`, as the modifications in `else` influence the arguments or conditions within `sshbuf_get_u32`.",
            "D": "It is not possible to determine the effect without additional context."
        },
        "answer": "B",
        "distance": 0
    },
    {
        "case_id": "primevul_17",
        "code": "process_open(u_int32_t id)\n{\n\tu_int32_t pflags;\n\tAttrib a;\n\tchar *name;\n\tint r, handle, fd, flags, mode, status = SSH2_FX_FAILURE;\n\tif ((r = sshbuf_get_cstring(iqueue, &name, NULL)) != 0 ||\n\t    (r = sshbuf_get_u32(iqueue, &pflags)) != 0 ||\n\t    (r = decode_attrib(iqueue, &a)) != 0)\n\t{\n\t\tfatal(\"%s: buffer error: %s\", __func__, ssh_err(r));\n\t}\n\tdebug3(\"request %u: open flags %d\", id, pflags);\n\tflags = flags_from_portable(pflags);\n\tmode = (a.flags & SSH2_FILEXFER_ATTR_PERMISSIONS) ? a.perm : 0666;\n\tlogit(\"open \\\"%s\\\" flags %s mode 0%o\",\n\t    name, string_from_portable(pflags), mode);\n\tif (readonly &&\n\t    ((flags & O_ACCMODE) == O_WRONLY ||\n\t    (flags & O_ACCMODE) == O_RDWR))\n\t{\n\t\tverbose(\"Refusing open request in read-only mode\");\n\t\tstatus = SSH2_FX_PERMISSION_DENIED;\n\t}\n\telse\n\t{\n\t\tfd = open(name, flags, mode);\n\t\tif (fd < 0)\n\t\t{\n\t\t\tstatus = errno_to_portable(errno);\n\t\t}\n\t\telse\n\t\t{\n\t\t\thandle = handle_new(HANDLE_FILE, name, fd, flags, NULL);\n\t\t\tif (handle < 0)\n\t\t\t{\n\t\t\t\tclose(fd);\n\t\t\t}\n\t\t\telse\n\t\t\t{\n\t\t\t\tsend_handle(id, handle);\n\t\t\t\tstatus = SSH2_FX_OK;\n\t\t\t}\n\t\t}\n\t}\n\tif (status != SSH2_FX_OK)\n\t{\n\t\tsend_status(id, status);\n\t}\n\tfree(name);\n}",
        "question": "How does modifying the control structure `else` affect the behavior or output of `fatal`?",
        "choices": {
            "A": "The modification of `else` directly impacts the execution of `fatal` because its entire operation is controlled by `else` and located within `else`.",
            "B": "Modifying `else` has no impact on the behavior or output of `fatal`.",
            "C": "The change of else indirectly affects the execution of `fatal`, as the modifications in `else` influence the arguments or conditions within `fatal`.",
            "D": "It is not possible to determine the effect without additional context."
        },
        "answer": "B",
        "distance": 0
    },
    {
        "case_id": "primevul_17",
        "code": "process_open(u_int32_t id)\n{\n\tu_int32_t pflags;\n\tAttrib a;\n\tchar *name;\n\tint r, handle, fd, flags, mode, status = SSH2_FX_FAILURE;\n\tif ((r = sshbuf_get_cstring(iqueue, &name, NULL)) != 0 ||\n\t    (r = sshbuf_get_u32(iqueue, &pflags)) != 0 ||\n\t    (r = decode_attrib(iqueue, &a)) != 0)\n\t{\n\t\tfatal(\"%s: buffer error: %s\", __func__, ssh_err(r));\n\t}\n\tdebug3(\"request %u: open flags %d\", id, pflags);\n\tflags = flags_from_portable(pflags);\n\tmode = (a.flags & SSH2_FILEXFER_ATTR_PERMISSIONS) ? a.perm : 0666;\n\tlogit(\"open \\\"%s\\\" flags %s mode 0%o\",\n\t    name, string_from_portable(pflags), mode);\n\tif (readonly &&\n\t    ((flags & O_ACCMODE) == O_WRONLY ||\n\t    (flags & O_ACCMODE) == O_RDWR))\n\t{\n\t\tverbose(\"Refusing open request in read-only mode\");\n\t\tstatus = SSH2_FX_PERMISSION_DENIED;\n\t}\n\telse\n\t{\n\t\tfd = open(name, flags, mode);\n\t\tif (fd < 0)\n\t\t{\n\t\t\tstatus = errno_to_portable(errno);\n\t\t}\n\t\telse\n\t\t{\n\t\t\thandle = handle_new(HANDLE_FILE, name, fd, flags, NULL);\n\t\t\tif (handle < 0)\n\t\t\t{\n\t\t\t\tclose(fd);\n\t\t\t}\n\t\t\telse\n\t\t\t{\n\t\t\t\tsend_handle(id, handle);\n\t\t\t\tstatus = SSH2_FX_OK;\n\t\t\t}\n\t\t}\n\t}\n\tif (status != SSH2_FX_OK)\n\t{\n\t\tsend_status(id, status);\n\t}\n\tfree(name);\n}",
        "question": "How does modifying the control structure `else` affect the behavior or output of `ssh_err`?",
        "choices": {
            "A": "The modification of `else` directly impacts the execution of `ssh_err` because its entire operation is controlled by `else` and located within `else`.",
            "B": "Modifying `else` has no impact on the behavior or output of `ssh_err`.",
            "C": "The change of else indirectly affects the execution of `ssh_err`, as the modifications in `else` influence the arguments or conditions within `ssh_err`.",
            "D": "It is not possible to determine the effect without additional context."
        },
        "answer": "B",
        "distance": 0
    },
    {
        "case_id": "primevul_17",
        "code": "process_open(u_int32_t id)\n{\n\tu_int32_t pflags;\n\tAttrib a;\n\tchar *name;\n\tint r, handle, fd, flags, mode, status = SSH2_FX_FAILURE;\n\tif ((r = sshbuf_get_cstring(iqueue, &name, NULL)) != 0 ||\n\t    (r = sshbuf_get_u32(iqueue, &pflags)) != 0 ||\n\t    (r = decode_attrib(iqueue, &a)) != 0)\n\t{\n\t\tfatal(\"%s: buffer error: %s\", __func__, ssh_err(r));\n\t}\n\tdebug3(\"request %u: open flags %d\", id, pflags);\n\tflags = flags_from_portable(pflags);\n\tmode = (a.flags & SSH2_FILEXFER_ATTR_PERMISSIONS) ? a.perm : 0666;\n\tlogit(\"open \\\"%s\\\" flags %s mode 0%o\",\n\t    name, string_from_portable(pflags), mode);\n\tif (readonly &&\n\t    ((flags & O_ACCMODE) == O_WRONLY ||\n\t    (flags & O_ACCMODE) == O_RDWR))\n\t{\n\t\tverbose(\"Refusing open request in read-only mode\");\n\t\tstatus = SSH2_FX_PERMISSION_DENIED;\n\t}\n\telse\n\t{\n\t\tfd = open(name, flags, mode);\n\t\tif (fd < 0)\n\t\t{\n\t\t\tstatus = errno_to_portable(errno);\n\t\t}\n\t\telse\n\t\t{\n\t\t\thandle = handle_new(HANDLE_FILE, name, fd, flags, NULL);\n\t\t\tif (handle < 0)\n\t\t\t{\n\t\t\t\tclose(fd);\n\t\t\t}\n\t\t\telse\n\t\t\t{\n\t\t\t\tsend_handle(id, handle);\n\t\t\t\tstatus = SSH2_FX_OK;\n\t\t\t}\n\t\t}\n\t}\n\tif (status != SSH2_FX_OK)\n\t{\n\t\tsend_status(id, status);\n\t}\n\tfree(name);\n}",
        "question": "How does modifying the control structure `else` affect the behavior or output of `sshbuf_get_cstring`?",
        "choices": {
            "A": "The modification of `else` directly impacts the execution of `sshbuf_get_cstring` because its entire operation is controlled by `else` and located within `else`.",
            "B": "Modifying `else` has no impact on the behavior or output of `sshbuf_get_cstring`.",
            "C": "The change of else indirectly affects the execution of `sshbuf_get_cstring`, as the modifications in `else` influence the arguments or conditions within `sshbuf_get_cstring`.",
            "D": "It is not possible to determine the effect without additional context."
        },
        "answer": "B",
        "distance": 0
    },
    {
        "case_id": "primevul_17",
        "code": "process_open(u_int32_t id)\n{\n\tu_int32_t pflags;\n\tAttrib a;\n\tchar *name;\n\tint r, handle, fd, flags, mode, status = SSH2_FX_FAILURE;\n\tif ((r = sshbuf_get_cstring(iqueue, &name, NULL)) != 0 ||\n\t    (r = sshbuf_get_u32(iqueue, &pflags)) != 0 ||\n\t    (r = decode_attrib(iqueue, &a)) != 0)\n\t{\n\t\tfatal(\"%s: buffer error: %s\", __func__, ssh_err(r));\n\t}\n\tdebug3(\"request %u: open flags %d\", id, pflags);\n\tflags = flags_from_portable(pflags);\n\tmode = (a.flags & SSH2_FILEXFER_ATTR_PERMISSIONS) ? a.perm : 0666;\n\tlogit(\"open \\\"%s\\\" flags %s mode 0%o\",\n\t    name, string_from_portable(pflags), mode);\n\tif (readonly &&\n\t    ((flags & O_ACCMODE) == O_WRONLY ||\n\t    (flags & O_ACCMODE) == O_RDWR))\n\t{\n\t\tverbose(\"Refusing open request in read-only mode\");\n\t\tstatus = SSH2_FX_PERMISSION_DENIED;\n\t}\n\telse\n\t{\n\t\tfd = open(name, flags, mode);\n\t\tif (fd < 0)\n\t\t{\n\t\t\tstatus = errno_to_portable(errno);\n\t\t}\n\t\telse\n\t\t{\n\t\t\thandle = handle_new(HANDLE_FILE, name, fd, flags, NULL);\n\t\t\tif (handle < 0)\n\t\t\t{\n\t\t\t\tclose(fd);\n\t\t\t}\n\t\t\telse\n\t\t\t{\n\t\t\t\tsend_handle(id, handle);\n\t\t\t\tstatus = SSH2_FX_OK;\n\t\t\t}\n\t\t}\n\t}\n\tif (status != SSH2_FX_OK)\n\t{\n\t\tsend_status(id, status);\n\t}\n\tfree(name);\n}",
        "question": "How does modifying the control structure `else` affect the behavior or output of `free`?",
        "choices": {
            "A": "The modification of `else` directly impacts the execution of `free` because its entire operation is controlled by `else` and located within `else`.",
            "B": "Modifying `else` has no impact on the behavior or output of `free`.",
            "C": "The change of else indirectly affects the execution of `free`, as the modifications in `else` influence the arguments or conditions within `free`.",
            "D": "It is not possible to determine the effect without additional context."
        },
        "answer": "C",
        "distance": 3
    },
    {
        "case_id": "primevul_17",
        "code": "process_open(u_int32_t id)\n{\n\tu_int32_t pflags;\n\tAttrib a;\n\tchar *name;\n\tint r, handle, fd, flags, mode, status = SSH2_FX_FAILURE;\n\tif ((r = sshbuf_get_cstring(iqueue, &name, NULL)) != 0 ||\n\t    (r = sshbuf_get_u32(iqueue, &pflags)) != 0 ||\n\t    (r = decode_attrib(iqueue, &a)) != 0)\n\t{\n\t\tfatal(\"%s: buffer error: %s\", __func__, ssh_err(r));\n\t}\n\tdebug3(\"request %u: open flags %d\", id, pflags);\n\tflags = flags_from_portable(pflags);\n\tmode = (a.flags & SSH2_FILEXFER_ATTR_PERMISSIONS) ? a.perm : 0666;\n\tlogit(\"open \\\"%s\\\" flags %s mode 0%o\",\n\t    name, string_from_portable(pflags), mode);\n\tif (readonly &&\n\t    ((flags & O_ACCMODE) == O_WRONLY ||\n\t    (flags & O_ACCMODE) == O_RDWR))\n\t{\n\t\tverbose(\"Refusing open request in read-only mode\");\n\t\tstatus = SSH2_FX_PERMISSION_DENIED;\n\t}\n\telse\n\t{\n\t\tfd = open(name, flags, mode);\n\t\tif (fd < 0)\n\t\t{\n\t\t\tstatus = errno_to_portable(errno);\n\t\t}\n\t\telse\n\t\t{\n\t\t\thandle = handle_new(HANDLE_FILE, name, fd, flags, NULL);\n\t\t\tif (handle < 0)\n\t\t\t{\n\t\t\t\tclose(fd);\n\t\t\t}\n\t\t\telse\n\t\t\t{\n\t\t\t\tsend_handle(id, handle);\n\t\t\t\tstatus = SSH2_FX_OK;\n\t\t\t}\n\t\t}\n\t}\n\tif (status != SSH2_FX_OK)\n\t{\n\t\tsend_status(id, status);\n\t}\n\tfree(name);\n}",
        "question": "How does modifying the control structure `else` affect the behavior or output of `send_status`?",
        "choices": {
            "A": "The modification of `else` directly impacts the execution of `send_status` because its entire operation is controlled by `else` and located within `else`.",
            "B": "Modifying `else` has no impact on the behavior or output of `send_status`.",
            "C": "The change of else indirectly affects the execution of `send_status`, as the modifications in `else` influence the arguments or conditions within `send_status`.",
            "D": "It is not possible to determine the effect without additional context."
        },
        "answer": "C",
        "distance": 3
    },
    {
        "case_id": "primevul_17",
        "code": "process_open(u_int32_t id)\n{\n\tu_int32_t pflags;\n\tAttrib a;\n\tchar *name;\n\tint r, handle, fd, flags, mode, status = SSH2_FX_FAILURE;\n\tif ((r = sshbuf_get_cstring(iqueue, &name, NULL)) != 0 ||\n\t    (r = sshbuf_get_u32(iqueue, &pflags)) != 0 ||\n\t    (r = decode_attrib(iqueue, &a)) != 0)\n\t{\n\t\tfatal(\"%s: buffer error: %s\", __func__, ssh_err(r));\n\t}\n\tdebug3(\"request %u: open flags %d\", id, pflags);\n\tflags = flags_from_portable(pflags);\n\tmode = (a.flags & SSH2_FILEXFER_ATTR_PERMISSIONS) ? a.perm : 0666;\n\tlogit(\"open \\\"%s\\\" flags %s mode 0%o\",\n\t    name, string_from_portable(pflags), mode);\n\tif (readonly &&\n\t    ((flags & O_ACCMODE) == O_WRONLY ||\n\t    (flags & O_ACCMODE) == O_RDWR))\n\t{\n\t\tverbose(\"Refusing open request in read-only mode\");\n\t\tstatus = SSH2_FX_PERMISSION_DENIED;\n\t}\n\telse\n\t{\n\t\tfd = open(name, flags, mode);\n\t\tif (fd < 0)\n\t\t{\n\t\t\tstatus = errno_to_portable(errno);\n\t\t}\n\t\telse\n\t\t{\n\t\t\thandle = handle_new(HANDLE_FILE, name, fd, flags, NULL);\n\t\t\tif (handle < 0)\n\t\t\t{\n\t\t\t\tclose(fd);\n\t\t\t}\n\t\t\telse\n\t\t\t{\n\t\t\t\tsend_handle(id, handle);\n\t\t\t\tstatus = SSH2_FX_OK;\n\t\t\t}\n\t\t}\n\t}\n\tif (status != SSH2_FX_OK)\n\t{\n\t\tsend_status(id, status);\n\t}\n\tfree(name);\n}",
        "question": "How does modifying the control structure `if ((r = sshbuf_get_cstring(iqueue, &name, NULL)) != 0 ||(r = sshbuf_get_u32(iqueue, &pflags)) != 0 ||(r = decode_attrib(iqueue, &a)) != 0)` affect the behavior or output of `free`?",
        "choices": {
            "A": "The modification of `if ((r = sshbuf_get_cstring(iqueue, &name, NULL)) != 0 ||(r = sshbuf_get_u32(iqueue, &pflags)) != 0 ||(r = decode_attrib(iqueue, &a)) != 0)` directly impacts the execution of `free` because its entire operation is controlled by `if ((r = sshbuf_get_cstring(iqueue, &name, NULL)) != 0 ||(r = sshbuf_get_u32(iqueue, &pflags)) != 0 ||(r = decode_attrib(iqueue, &a)) != 0)` and located within `if ((r = sshbuf_get_cstring(iqueue, &name, NULL)) != 0 ||(r = sshbuf_get_u32(iqueue, &pflags)) != 0 ||(r = decode_attrib(iqueue, &a)) != 0)`.",
            "B": "Modifying `if ((r = sshbuf_get_cstring(iqueue, &name, NULL)) != 0 ||(r = sshbuf_get_u32(iqueue, &pflags)) != 0 ||(r = decode_attrib(iqueue, &a)) != 0)` has no impact on the behavior or output of `free`.",
            "C": "The change of if ((r = sshbuf_get_cstring(iqueue, &name, NULL)) != 0 ||(r = sshbuf_get_u32(iqueue, &pflags)) != 0 ||(r = decode_attrib(iqueue, &a)) != 0) indirectly affects the execution of `free`, as the modifications in `if ((r = sshbuf_get_cstring(iqueue, &name, NULL)) != 0 ||(r = sshbuf_get_u32(iqueue, &pflags)) != 0 ||(r = decode_attrib(iqueue, &a)) != 0)` influence the arguments or conditions within `free`.",
            "D": "It is not possible to determine the effect without additional context."
        },
        "answer": "C",
        "distance": 3
    },
    {
        "case_id": "primevul_17",
        "code": "process_open(u_int32_t id)\n{\n\tu_int32_t pflags;\n\tAttrib a;\n\tchar *name;\n\tint r, handle, fd, flags, mode, status = SSH2_FX_FAILURE;\n\tif ((r = sshbuf_get_cstring(iqueue, &name, NULL)) != 0 ||\n\t    (r = sshbuf_get_u32(iqueue, &pflags)) != 0 ||\n\t    (r = decode_attrib(iqueue, &a)) != 0)\n\t{\n\t\tfatal(\"%s: buffer error: %s\", __func__, ssh_err(r));\n\t}\n\tdebug3(\"request %u: open flags %d\", id, pflags);\n\tflags = flags_from_portable(pflags);\n\tmode = (a.flags & SSH2_FILEXFER_ATTR_PERMISSIONS) ? a.perm : 0666;\n\tlogit(\"open \\\"%s\\\" flags %s mode 0%o\",\n\t    name, string_from_portable(pflags), mode);\n\tif (readonly &&\n\t    ((flags & O_ACCMODE) == O_WRONLY ||\n\t    (flags & O_ACCMODE) == O_RDWR))\n\t{\n\t\tverbose(\"Refusing open request in read-only mode\");\n\t\tstatus = SSH2_FX_PERMISSION_DENIED;\n\t}\n\telse\n\t{\n\t\tfd = open(name, flags, mode);\n\t\tif (fd < 0)\n\t\t{\n\t\t\tstatus = errno_to_portable(errno);\n\t\t}\n\t\telse\n\t\t{\n\t\t\thandle = handle_new(HANDLE_FILE, name, fd, flags, NULL);\n\t\t\tif (handle < 0)\n\t\t\t{\n\t\t\t\tclose(fd);\n\t\t\t}\n\t\t\telse\n\t\t\t{\n\t\t\t\tsend_handle(id, handle);\n\t\t\t\tstatus = SSH2_FX_OK;\n\t\t\t}\n\t\t}\n\t}\n\tif (status != SSH2_FX_OK)\n\t{\n\t\tsend_status(id, status);\n\t}\n\tfree(name);\n}",
        "question": "How does modifying the control structure `if ((r = sshbuf_get_cstring(iqueue, &name, NULL)) != 0 ||(r = sshbuf_get_u32(iqueue, &pflags)) != 0 ||(r = decode_attrib(iqueue, &a)) != 0)` affect the behavior or output of `sshbuf_get_u32`?",
        "choices": {
            "A": "The modification of `if ((r = sshbuf_get_cstring(iqueue, &name, NULL)) != 0 ||(r = sshbuf_get_u32(iqueue, &pflags)) != 0 ||(r = decode_attrib(iqueue, &a)) != 0)` directly impacts the execution of `sshbuf_get_u32` because its entire operation is controlled by `if ((r = sshbuf_get_cstring(iqueue, &name, NULL)) != 0 ||(r = sshbuf_get_u32(iqueue, &pflags)) != 0 ||(r = decode_attrib(iqueue, &a)) != 0)` and located within `if ((r = sshbuf_get_cstring(iqueue, &name, NULL)) != 0 ||(r = sshbuf_get_u32(iqueue, &pflags)) != 0 ||(r = decode_attrib(iqueue, &a)) != 0)`.",
            "B": "Modifying `if ((r = sshbuf_get_cstring(iqueue, &name, NULL)) != 0 ||(r = sshbuf_get_u32(iqueue, &pflags)) != 0 ||(r = decode_attrib(iqueue, &a)) != 0)` has no impact on the behavior or output of `sshbuf_get_u32`.",
            "C": "The change of if ((r = sshbuf_get_cstring(iqueue, &name, NULL)) != 0 ||(r = sshbuf_get_u32(iqueue, &pflags)) != 0 ||(r = decode_attrib(iqueue, &a)) != 0) indirectly affects the execution of `sshbuf_get_u32`, as the modifications in `if ((r = sshbuf_get_cstring(iqueue, &name, NULL)) != 0 ||(r = sshbuf_get_u32(iqueue, &pflags)) != 0 ||(r = decode_attrib(iqueue, &a)) != 0)` influence the arguments or conditions within `sshbuf_get_u32`.",
            "D": "It is not possible to determine the effect without additional context."
        },
        "answer": "C",
        "distance": 3
    }
]