[
    {
        "case_id": "primevul_50",
        "code": "void acpi_ns_terminate(void)\n{\n    acpi_status status;\n    ACPI_FUNCTION_TRACE(ns_terminate);\n#ifdef ACPI_EXEC_APP\n    {\n        union acpi_operand_object *prev;\n        union acpi_operand_object *next;\n        next = acpi_gbl_module_code_list;\n        while (next)\n        {\n            prev = next;\n            next = next->method.mutex;\n            prev->method.mutex = NULL;\n            acpi_ut_remove_reference(prev);\n        }\n    }\n#endif\n    acpi_ns_delete_namespace_subtree(acpi_gbl_root_node);\n    status = acpi_ut_acquire_mutex(ACPI_MTX_NAMESPACE);\n    if (ACPI_FAILURE(status))\n    {\n        return_VOID;\n    }\n    acpi_ns_delete_node(acpi_gbl_root_node);\n    (void)acpi_ut_release_mutex(ACPI_MTX_NAMESPACE);\n    ACPI_DEBUG_PRINT((ACPI_DB_INFO, \"Namespace freed\\n\"));\n    return_VOID;\n}",
        "question": "How does modifying the control structure `while (next)` affect the behavior or output of `acpi_ut_remove_reference`?",
        "choices": {
            "A": "The modification of `while (next)` directly impacts the execution of `acpi_ut_remove_reference` because its entire operation is controlled by `while (next)` and located within `while (next)`.",
            "B": "Modifying `while (next)` has no impact on the behavior or output of `acpi_ut_remove_reference`.",
            "C": "The change of while (next) indirectly affects the execution of `acpi_ut_remove_reference`, as the modifications in `while (next)` influence the arguments or conditions within `acpi_ut_remove_reference`.",
            "D": "It is not possible to determine the effect without additional context."
        },
        "answer": "A",
        "distance": 1
    },
    {
        "case_id": "primevul_50",
        "code": "void acpi_ns_terminate(void)\n{\n    acpi_status status;\n    ACPI_FUNCTION_TRACE(ns_terminate);\n#ifdef ACPI_EXEC_APP\n    {\n        union acpi_operand_object *prev;\n        union acpi_operand_object *next;\n        next = acpi_gbl_module_code_list;\n        while (next)\n        {\n            prev = next;\n            next = next->method.mutex;\n            prev->method.mutex = NULL;\n            acpi_ut_remove_reference(prev);\n        }\n    }\n#endif\n    acpi_ns_delete_namespace_subtree(acpi_gbl_root_node);\n    status = acpi_ut_acquire_mutex(ACPI_MTX_NAMESPACE);\n    if (ACPI_FAILURE(status))\n    {\n        return_VOID;\n    }\n    acpi_ns_delete_node(acpi_gbl_root_node);\n    (void)acpi_ut_release_mutex(ACPI_MTX_NAMESPACE);\n    ACPI_DEBUG_PRINT((ACPI_DB_INFO, \"Namespace freed\\n\"));\n    return_VOID;\n}",
        "question": "How does modifying the control structure `while (next)` affect the behavior or output of `ACPI_FUNCTION_TRACE`?",
        "choices": {
            "A": "The modification of `while (next)` directly impacts the execution of `ACPI_FUNCTION_TRACE` because its entire operation is controlled by `while (next)` and located within `while (next)`.",
            "B": "Modifying `while (next)` has no impact on the behavior or output of `ACPI_FUNCTION_TRACE`.",
            "C": "The change of while (next) indirectly affects the execution of `ACPI_FUNCTION_TRACE`, as the modifications in `while (next)` influence the arguments or conditions within `ACPI_FUNCTION_TRACE`.",
            "D": "It is not possible to determine the effect without additional context."
        },
        "answer": "B",
        "distance": 0
    },
    {
        "case_id": "primevul_50",
        "code": "void acpi_ns_terminate(void)\n{\n    acpi_status status;\n    ACPI_FUNCTION_TRACE(ns_terminate);\n#ifdef ACPI_EXEC_APP\n    {\n        union acpi_operand_object *prev;\n        union acpi_operand_object *next;\n        next = acpi_gbl_module_code_list;\n        while (next)\n        {\n            prev = next;\n            next = next->method.mutex;\n            prev->method.mutex = NULL;\n            acpi_ut_remove_reference(prev);\n        }\n    }\n#endif\n    acpi_ns_delete_namespace_subtree(acpi_gbl_root_node);\n    status = acpi_ut_acquire_mutex(ACPI_MTX_NAMESPACE);\n    if (ACPI_FAILURE(status))\n    {\n        return_VOID;\n    }\n    acpi_ns_delete_node(acpi_gbl_root_node);\n    (void)acpi_ut_release_mutex(ACPI_MTX_NAMESPACE);\n    ACPI_DEBUG_PRINT((ACPI_DB_INFO, \"Namespace freed\\n\"));\n    return_VOID;\n}",
        "question": "How does modifying the control structure `while (next)` affect the behavior or output of `acpi_ns_delete_node`?",
        "choices": {
            "A": "The modification of `while (next)` directly impacts the execution of `acpi_ns_delete_node` because its entire operation is controlled by `while (next)` and located within `while (next)`.",
            "B": "Modifying `while (next)` has no impact on the behavior or output of `acpi_ns_delete_node`.",
            "C": "The change of while (next) indirectly affects the execution of `acpi_ns_delete_node`, as the modifications in `while (next)` influence the arguments or conditions within `acpi_ns_delete_node`.",
            "D": "It is not possible to determine the effect without additional context."
        },
        "answer": "B",
        "distance": 0
    },
    {
        "case_id": "primevul_50",
        "code": "void acpi_ns_terminate(void)\n{\n    acpi_status status;\n    ACPI_FUNCTION_TRACE(ns_terminate);\n#ifdef ACPI_EXEC_APP\n    {\n        union acpi_operand_object *prev;\n        union acpi_operand_object *next;\n        next = acpi_gbl_module_code_list;\n        while (next)\n        {\n            prev = next;\n            next = next->method.mutex;\n            prev->method.mutex = NULL;\n            acpi_ut_remove_reference(prev);\n        }\n    }\n#endif\n    acpi_ns_delete_namespace_subtree(acpi_gbl_root_node);\n    status = acpi_ut_acquire_mutex(ACPI_MTX_NAMESPACE);\n    if (ACPI_FAILURE(status))\n    {\n        return_VOID;\n    }\n    acpi_ns_delete_node(acpi_gbl_root_node);\n    (void)acpi_ut_release_mutex(ACPI_MTX_NAMESPACE);\n    ACPI_DEBUG_PRINT((ACPI_DB_INFO, \"Namespace freed\\n\"));\n    return_VOID;\n}",
        "question": "How does modifying the control structure `while (next)` affect the behavior or output of `acpi_ut_acquire_mutex`?",
        "choices": {
            "A": "The modification of `while (next)` directly impacts the execution of `acpi_ut_acquire_mutex` because its entire operation is controlled by `while (next)` and located within `while (next)`.",
            "B": "Modifying `while (next)` has no impact on the behavior or output of `acpi_ut_acquire_mutex`.",
            "C": "The change of while (next) indirectly affects the execution of `acpi_ut_acquire_mutex`, as the modifications in `while (next)` influence the arguments or conditions within `acpi_ut_acquire_mutex`.",
            "D": "It is not possible to determine the effect without additional context."
        },
        "answer": "B",
        "distance": 0
    },
    {
        "case_id": "primevul_50",
        "code": "void acpi_ns_terminate(void)\n{\n    acpi_status status;\n    ACPI_FUNCTION_TRACE(ns_terminate);\n#ifdef ACPI_EXEC_APP\n    {\n        union acpi_operand_object *prev;\n        union acpi_operand_object *next;\n        next = acpi_gbl_module_code_list;\n        while (next)\n        {\n            prev = next;\n            next = next->method.mutex;\n            prev->method.mutex = NULL;\n            acpi_ut_remove_reference(prev);\n        }\n    }\n#endif\n    acpi_ns_delete_namespace_subtree(acpi_gbl_root_node);\n    status = acpi_ut_acquire_mutex(ACPI_MTX_NAMESPACE);\n    if (ACPI_FAILURE(status))\n    {\n        return_VOID;\n    }\n    acpi_ns_delete_node(acpi_gbl_root_node);\n    (void)acpi_ut_release_mutex(ACPI_MTX_NAMESPACE);\n    ACPI_DEBUG_PRINT((ACPI_DB_INFO, \"Namespace freed\\n\"));\n    return_VOID;\n}",
        "question": "How does modifying the control structure `while (next)` affect the behavior or output of `acpi_ns_delete_namespace_subtree`?",
        "choices": {
            "A": "The modification of `while (next)` directly impacts the execution of `acpi_ns_delete_namespace_subtree` because its entire operation is controlled by `while (next)` and located within `while (next)`.",
            "B": "Modifying `while (next)` has no impact on the behavior or output of `acpi_ns_delete_namespace_subtree`.",
            "C": "The change of while (next) indirectly affects the execution of `acpi_ns_delete_namespace_subtree`, as the modifications in `while (next)` influence the arguments or conditions within `acpi_ns_delete_namespace_subtree`.",
            "D": "It is not possible to determine the effect without additional context."
        },
        "answer": "B",
        "distance": 0
    }
]