[
    {
        "case_id": "primevul_1",
        "code": "static void ssdp_recv(int sd)\n{\n    ssize_t len;\n    struct sockaddr sa;\n    socklen_t salen;\n    char buf[MAX_PKT_SIZE];\n    memset(buf, 0, sizeof(buf));\n    len = recvfrom(sd, buf, sizeof(buf), MSG_DONTWAIT, &sa, &salen);\n    if (len > 0)\n    {\n        buf[len] = 0;\n        if (sa.sa_family != AF_INET)\n        {\n            return;\n        }\n        if (strstr(buf, \"M-SEARCH *\"))\n        {\n            size_t i;\n            char *ptr, *type;\n            struct ifsock *ifs;\n            struct sockaddr_in *sin = (struct sockaddr_in *)&sa;\n            ifs = find_outbound(&sa);\n            if (!ifs)\n            {\n                logit(LOG_DEBUG, \"No matching socket for client %s\", inet_ntoa(sin->sin_addr));\n                return;\n            }\n            logit(LOG_DEBUG, \"Matching socket for client %s\", inet_ntoa(sin->sin_addr));\n            type = strcasestr(buf, \"\\r\\nST:\");\n            if (!type)\n            {\n                logit(LOG_DEBUG, \"No Search Type (ST:) found in M-SEARCH *, assuming \" SSDP_ST_ALL);\n                type = SSDP_ST_ALL;\n                send_message(ifs, type, &sa);\n                return;\n            }\n            type = strchr(type, ':');\n            if (!type)\n            {\n                return;\n            }\n            type++;\n            while (isspace(*type))\n            {\n                type++;\n            }\n            ptr = strstr(type, \"\\r\\n\");\n            if (!ptr)\n            {\n                return;\n            }\n            *ptr = 0;\n            for (i = 0; supported_types[i]; i++)\n            {\n                if (!strcmp(supported_types[i], type))\n                {\n                    logit(LOG_DEBUG, \"M-SEARCH * ST: %s from %s port %d\", type, inet_ntoa(sin->sin_addr), ntohs(sin->sin_port));\n                    send_message(ifs, type, &sa);\n                    return;\n                }\n            }\n            logit(LOG_DEBUG, \"M-SEARCH * for unsupported ST: %s from %s\", type, inet_ntoa(sin->sin_addr));\n        }\n    }\n}\n",
        "question": "How does modifying the control structure `if (len > 0)` affect the behavior or output of `strchr`?",
        "choices": {
            "A": "The modification of `if (len > 0)` directly impacts the execution of `strchr` because its entire operation is controlled by `if (len > 0)` and located within `if (len > 0)`.",
            "B": "Modifying `if (len > 0)` has no impact on the behavior or output of `strchr`.",
            "C": "The change of if (len > 0) indirectly affects the execution of `strchr`, as the modifications in `if (len > 0)` influence the arguments or conditions within `strchr`.",
            "D": "It is not possible to determine the effect without additional context."
        },
        "answer": "A",
        "distance": 1
    },
    {
        "case_id": "primevul_1",
        "code": "static void ssdp_recv(int sd)\n{\n    ssize_t len;\n    struct sockaddr sa;\n    socklen_t salen;\n    char buf[MAX_PKT_SIZE];\n    memset(buf, 0, sizeof(buf));\n    len = recvfrom(sd, buf, sizeof(buf), MSG_DONTWAIT, &sa, &salen);\n    if (len > 0)\n    {\n        buf[len] = 0;\n        if (sa.sa_family != AF_INET)\n        {\n            return;\n        }\n        if (strstr(buf, \"M-SEARCH *\"))\n        {\n            size_t i;\n            char *ptr, *type;\n            struct ifsock *ifs;\n            struct sockaddr_in *sin = (struct sockaddr_in *)&sa;\n            ifs = find_outbound(&sa);\n            if (!ifs)\n            {\n                logit(LOG_DEBUG, \"No matching socket for client %s\", inet_ntoa(sin->sin_addr));\n                return;\n            }\n            logit(LOG_DEBUG, \"Matching socket for client %s\", inet_ntoa(sin->sin_addr));\n            type = strcasestr(buf, \"\\r\\nST:\");\n            if (!type)\n            {\n                logit(LOG_DEBUG, \"No Search Type (ST:) found in M-SEARCH *, assuming \" SSDP_ST_ALL);\n                type = SSDP_ST_ALL;\n                send_message(ifs, type, &sa);\n                return;\n            }\n            type = strchr(type, ':');\n            if (!type)\n            {\n                return;\n            }\n            type++;\n            while (isspace(*type))\n            {\n                type++;\n            }\n            ptr = strstr(type, \"\\r\\n\");\n            if (!ptr)\n            {\n                return;\n            }\n            *ptr = 0;\n            for (i = 0; supported_types[i]; i++)\n            {\n                if (!strcmp(supported_types[i], type))\n                {\n                    logit(LOG_DEBUG, \"M-SEARCH * ST: %s from %s port %d\", type, inet_ntoa(sin->sin_addr), ntohs(sin->sin_port));\n                    send_message(ifs, type, &sa);\n                    return;\n                }\n            }\n            logit(LOG_DEBUG, \"M-SEARCH * for unsupported ST: %s from %s\", type, inet_ntoa(sin->sin_addr));\n        }\n    }\n}\n",
        "question": "How does modifying the control structure `if (len > 0)` affect the behavior or output of `find_outbound`?",
        "choices": {
            "A": "The modification of `if (len > 0)` directly impacts the execution of `find_outbound` because its entire operation is controlled by `if (len > 0)` and located within `if (len > 0)`.",
            "B": "Modifying `if (len > 0)` has no impact on the behavior or output of `find_outbound`.",
            "C": "The change of if (len > 0) indirectly affects the execution of `find_outbound`, as the modifications in `if (len > 0)` influence the arguments or conditions within `find_outbound`.",
            "D": "It is not possible to determine the effect without additional context."
        },
        "answer": "A",
        "distance": 1
    },
    {
        "case_id": "primevul_1",
        "code": "static void ssdp_recv(int sd)\n{\n    ssize_t len;\n    struct sockaddr sa;\n    socklen_t salen;\n    char buf[MAX_PKT_SIZE];\n    memset(buf, 0, sizeof(buf));\n    len = recvfrom(sd, buf, sizeof(buf), MSG_DONTWAIT, &sa, &salen);\n    if (len > 0)\n    {\n        buf[len] = 0;\n        if (sa.sa_family != AF_INET)\n        {\n            return;\n        }\n        if (strstr(buf, \"M-SEARCH *\"))\n        {\n            size_t i;\n            char *ptr, *type;\n            struct ifsock *ifs;\n            struct sockaddr_in *sin = (struct sockaddr_in *)&sa;\n            ifs = find_outbound(&sa);\n            if (!ifs)\n            {\n                logit(LOG_DEBUG, \"No matching socket for client %s\", inet_ntoa(sin->sin_addr));\n                return;\n            }\n            logit(LOG_DEBUG, \"Matching socket for client %s\", inet_ntoa(sin->sin_addr));\n            type = strcasestr(buf, \"\\r\\nST:\");\n            if (!type)\n            {\n                logit(LOG_DEBUG, \"No Search Type (ST:) found in M-SEARCH *, assuming \" SSDP_ST_ALL);\n                type = SSDP_ST_ALL;\n                send_message(ifs, type, &sa);\n                return;\n            }\n            type = strchr(type, ':');\n            if (!type)\n            {\n                return;\n            }\n            type++;\n            while (isspace(*type))\n            {\n                type++;\n            }\n            ptr = strstr(type, \"\\r\\n\");\n            if (!ptr)\n            {\n                return;\n            }\n            *ptr = 0;\n            for (i = 0; supported_types[i]; i++)\n            {\n                if (!strcmp(supported_types[i], type))\n                {\n                    logit(LOG_DEBUG, \"M-SEARCH * ST: %s from %s port %d\", type, inet_ntoa(sin->sin_addr), ntohs(sin->sin_port));\n                    send_message(ifs, type, &sa);\n                    return;\n                }\n            }\n            logit(LOG_DEBUG, \"M-SEARCH * for unsupported ST: %s from %s\", type, inet_ntoa(sin->sin_addr));\n        }\n    }\n}\n",
        "question": "How does modifying the control structure `if (len > 0)` affect the behavior or output of `strcasestr`?",
        "choices": {
            "A": "The modification of `if (len > 0)` directly impacts the execution of `strcasestr` because its entire operation is controlled by `if (len > 0)` and located within `if (len > 0)`.",
            "B": "Modifying `if (len > 0)` has no impact on the behavior or output of `strcasestr`.",
            "C": "The change of if (len > 0) indirectly affects the execution of `strcasestr`, as the modifications in `if (len > 0)` influence the arguments or conditions within `strcasestr`.",
            "D": "It is not possible to determine the effect without additional context."
        },
        "answer": "A",
        "distance": 1
    },
    {
        "case_id": "primevul_1",
        "code": "static void ssdp_recv(int sd)\n{\n    ssize_t len;\n    struct sockaddr sa;\n    socklen_t salen;\n    char buf[MAX_PKT_SIZE];\n    memset(buf, 0, sizeof(buf));\n    len = recvfrom(sd, buf, sizeof(buf), MSG_DONTWAIT, &sa, &salen);\n    if (len > 0)\n    {\n        buf[len] = 0;\n        if (sa.sa_family != AF_INET)\n        {\n            return;\n        }\n        if (strstr(buf, \"M-SEARCH *\"))\n        {\n            size_t i;\n            char *ptr, *type;\n            struct ifsock *ifs;\n            struct sockaddr_in *sin = (struct sockaddr_in *)&sa;\n            ifs = find_outbound(&sa);\n            if (!ifs)\n            {\n                logit(LOG_DEBUG, \"No matching socket for client %s\", inet_ntoa(sin->sin_addr));\n                return;\n            }\n            logit(LOG_DEBUG, \"Matching socket for client %s\", inet_ntoa(sin->sin_addr));\n            type = strcasestr(buf, \"\\r\\nST:\");\n            if (!type)\n            {\n                logit(LOG_DEBUG, \"No Search Type (ST:) found in M-SEARCH *, assuming \" SSDP_ST_ALL);\n                type = SSDP_ST_ALL;\n                send_message(ifs, type, &sa);\n                return;\n            }\n            type = strchr(type, ':');\n            if (!type)\n            {\n                return;\n            }\n            type++;\n            while (isspace(*type))\n            {\n                type++;\n            }\n            ptr = strstr(type, \"\\r\\n\");\n            if (!ptr)\n            {\n                return;\n            }\n            *ptr = 0;\n            for (i = 0; supported_types[i]; i++)\n            {\n                if (!strcmp(supported_types[i], type))\n                {\n                    logit(LOG_DEBUG, \"M-SEARCH * ST: %s from %s port %d\", type, inet_ntoa(sin->sin_addr), ntohs(sin->sin_port));\n                    send_message(ifs, type, &sa);\n                    return;\n                }\n            }\n            logit(LOG_DEBUG, \"M-SEARCH * for unsupported ST: %s from %s\", type, inet_ntoa(sin->sin_addr));\n        }\n    }\n}\n",
        "question": "How does modifying the control structure `if (len > 0)` affect the behavior or output of `ntohs`?",
        "choices": {
            "A": "The modification of `if (len > 0)` directly impacts the execution of `ntohs` because its entire operation is controlled by `if (len > 0)` and located within `if (len > 0)`.",
            "B": "Modifying `if (len > 0)` has no impact on the behavior or output of `ntohs`.",
            "C": "The change of if (len > 0) indirectly affects the execution of `ntohs`, as the modifications in `if (len > 0)` influence the arguments or conditions within `ntohs`.",
            "D": "It is not possible to determine the effect without additional context."
        },
        "answer": "A",
        "distance": 1
    },
    {
        "case_id": "primevul_1",
        "code": "static void ssdp_recv(int sd)\n{\n    ssize_t len;\n    struct sockaddr sa;\n    socklen_t salen;\n    char buf[MAX_PKT_SIZE];\n    memset(buf, 0, sizeof(buf));\n    len = recvfrom(sd, buf, sizeof(buf), MSG_DONTWAIT, &sa, &salen);\n    if (len > 0)\n    {\n        buf[len] = 0;\n        if (sa.sa_family != AF_INET)\n        {\n            return;\n        }\n        if (strstr(buf, \"M-SEARCH *\"))\n        {\n            size_t i;\n            char *ptr, *type;\n            struct ifsock *ifs;\n            struct sockaddr_in *sin = (struct sockaddr_in *)&sa;\n            ifs = find_outbound(&sa);\n            if (!ifs)\n            {\n                logit(LOG_DEBUG, \"No matching socket for client %s\", inet_ntoa(sin->sin_addr));\n                return;\n            }\n            logit(LOG_DEBUG, \"Matching socket for client %s\", inet_ntoa(sin->sin_addr));\n            type = strcasestr(buf, \"\\r\\nST:\");\n            if (!type)\n            {\n                logit(LOG_DEBUG, \"No Search Type (ST:) found in M-SEARCH *, assuming \" SSDP_ST_ALL);\n                type = SSDP_ST_ALL;\n                send_message(ifs, type, &sa);\n                return;\n            }\n            type = strchr(type, ':');\n            if (!type)\n            {\n                return;\n            }\n            type++;\n            while (isspace(*type))\n            {\n                type++;\n            }\n            ptr = strstr(type, \"\\r\\n\");\n            if (!ptr)\n            {\n                return;\n            }\n            *ptr = 0;\n            for (i = 0; supported_types[i]; i++)\n            {\n                if (!strcmp(supported_types[i], type))\n                {\n                    logit(LOG_DEBUG, \"M-SEARCH * ST: %s from %s port %d\", type, inet_ntoa(sin->sin_addr), ntohs(sin->sin_port));\n                    send_message(ifs, type, &sa);\n                    return;\n                }\n            }\n            logit(LOG_DEBUG, \"M-SEARCH * for unsupported ST: %s from %s\", type, inet_ntoa(sin->sin_addr));\n        }\n    }\n}\n",
        "question": "How does modifying the control structure `if (!strcmp(supported_types[i], type))` affect the behavior or output of `strchr`?",
        "choices": {
            "A": "The modification of `if (!strcmp(supported_types[i], type))` directly impacts the execution of `strchr` because its entire operation is controlled by `if (!strcmp(supported_types[i], type))` and located within `if (!strcmp(supported_types[i], type))`.",
            "B": "Modifying `if (!strcmp(supported_types[i], type))` has no impact on the behavior or output of `strchr`.",
            "C": "The change of if (!strcmp(supported_types[i], type)) indirectly affects the execution of `strchr`, as the modifications in `if (!strcmp(supported_types[i], type))` influence the arguments or conditions within `strchr`.",
            "D": "It is not possible to determine the effect without additional context."
        },
        "answer": "B",
        "distance": 0
    },
    {
        "case_id": "primevul_1",
        "code": "static void ssdp_recv(int sd)\n{\n    ssize_t len;\n    struct sockaddr sa;\n    socklen_t salen;\n    char buf[MAX_PKT_SIZE];\n    memset(buf, 0, sizeof(buf));\n    len = recvfrom(sd, buf, sizeof(buf), MSG_DONTWAIT, &sa, &salen);\n    if (len > 0)\n    {\n        buf[len] = 0;\n        if (sa.sa_family != AF_INET)\n        {\n            return;\n        }\n        if (strstr(buf, \"M-SEARCH *\"))\n        {\n            size_t i;\n            char *ptr, *type;\n            struct ifsock *ifs;\n            struct sockaddr_in *sin = (struct sockaddr_in *)&sa;\n            ifs = find_outbound(&sa);\n            if (!ifs)\n            {\n                logit(LOG_DEBUG, \"No matching socket for client %s\", inet_ntoa(sin->sin_addr));\n                return;\n            }\n            logit(LOG_DEBUG, \"Matching socket for client %s\", inet_ntoa(sin->sin_addr));\n            type = strcasestr(buf, \"\\r\\nST:\");\n            if (!type)\n            {\n                logit(LOG_DEBUG, \"No Search Type (ST:) found in M-SEARCH *, assuming \" SSDP_ST_ALL);\n                type = SSDP_ST_ALL;\n                send_message(ifs, type, &sa);\n                return;\n            }\n            type = strchr(type, ':');\n            if (!type)\n            {\n                return;\n            }\n            type++;\n            while (isspace(*type))\n            {\n                type++;\n            }\n            ptr = strstr(type, \"\\r\\n\");\n            if (!ptr)\n            {\n                return;\n            }\n            *ptr = 0;\n            for (i = 0; supported_types[i]; i++)\n            {\n                if (!strcmp(supported_types[i], type))\n                {\n                    logit(LOG_DEBUG, \"M-SEARCH * ST: %s from %s port %d\", type, inet_ntoa(sin->sin_addr), ntohs(sin->sin_port));\n                    send_message(ifs, type, &sa);\n                    return;\n                }\n            }\n            logit(LOG_DEBUG, \"M-SEARCH * for unsupported ST: %s from %s\", type, inet_ntoa(sin->sin_addr));\n        }\n    }\n}\n",
        "question": "How does modifying the control structure `if (!strcmp(supported_types[i], type))` affect the behavior or output of `recvfrom`?",
        "choices": {
            "A": "The modification of `if (!strcmp(supported_types[i], type))` directly impacts the execution of `recvfrom` because its entire operation is controlled by `if (!strcmp(supported_types[i], type))` and located within `if (!strcmp(supported_types[i], type))`.",
            "B": "Modifying `if (!strcmp(supported_types[i], type))` has no impact on the behavior or output of `recvfrom`.",
            "C": "The change of if (!strcmp(supported_types[i], type)) indirectly affects the execution of `recvfrom`, as the modifications in `if (!strcmp(supported_types[i], type))` influence the arguments or conditions within `recvfrom`.",
            "D": "It is not possible to determine the effect without additional context."
        },
        "answer": "B",
        "distance": 0
    },
    {
        "case_id": "primevul_1",
        "code": "static void ssdp_recv(int sd)\n{\n    ssize_t len;\n    struct sockaddr sa;\n    socklen_t salen;\n    char buf[MAX_PKT_SIZE];\n    memset(buf, 0, sizeof(buf));\n    len = recvfrom(sd, buf, sizeof(buf), MSG_DONTWAIT, &sa, &salen);\n    if (len > 0)\n    {\n        buf[len] = 0;\n        if (sa.sa_family != AF_INET)\n        {\n            return;\n        }\n        if (strstr(buf, \"M-SEARCH *\"))\n        {\n            size_t i;\n            char *ptr, *type;\n            struct ifsock *ifs;\n            struct sockaddr_in *sin = (struct sockaddr_in *)&sa;\n            ifs = find_outbound(&sa);\n            if (!ifs)\n            {\n                logit(LOG_DEBUG, \"No matching socket for client %s\", inet_ntoa(sin->sin_addr));\n                return;\n            }\n            logit(LOG_DEBUG, \"Matching socket for client %s\", inet_ntoa(sin->sin_addr));\n            type = strcasestr(buf, \"\\r\\nST:\");\n            if (!type)\n            {\n                logit(LOG_DEBUG, \"No Search Type (ST:) found in M-SEARCH *, assuming \" SSDP_ST_ALL);\n                type = SSDP_ST_ALL;\n                send_message(ifs, type, &sa);\n                return;\n            }\n            type = strchr(type, ':');\n            if (!type)\n            {\n                return;\n            }\n            type++;\n            while (isspace(*type))\n            {\n                type++;\n            }\n            ptr = strstr(type, \"\\r\\n\");\n            if (!ptr)\n            {\n                return;\n            }\n            *ptr = 0;\n            for (i = 0; supported_types[i]; i++)\n            {\n                if (!strcmp(supported_types[i], type))\n                {\n                    logit(LOG_DEBUG, \"M-SEARCH * ST: %s from %s port %d\", type, inet_ntoa(sin->sin_addr), ntohs(sin->sin_port));\n                    send_message(ifs, type, &sa);\n                    return;\n                }\n            }\n            logit(LOG_DEBUG, \"M-SEARCH * for unsupported ST: %s from %s\", type, inet_ntoa(sin->sin_addr));\n        }\n    }\n}\n",
        "question": "How does modifying the control structure `if (!strcmp(supported_types[i], type))` affect the behavior or output of `find_outbound`?",
        "choices": {
            "A": "The modification of `if (!strcmp(supported_types[i], type))` directly impacts the execution of `find_outbound` because its entire operation is controlled by `if (!strcmp(supported_types[i], type))` and located within `if (!strcmp(supported_types[i], type))`.",
            "B": "Modifying `if (!strcmp(supported_types[i], type))` has no impact on the behavior or output of `find_outbound`.",
            "C": "The change of if (!strcmp(supported_types[i], type)) indirectly affects the execution of `find_outbound`, as the modifications in `if (!strcmp(supported_types[i], type))` influence the arguments or conditions within `find_outbound`.",
            "D": "It is not possible to determine the effect without additional context."
        },
        "answer": "B",
        "distance": 0
    },
    {
        "case_id": "primevul_1",
        "code": "static void ssdp_recv(int sd)\n{\n    ssize_t len;\n    struct sockaddr sa;\n    socklen_t salen;\n    char buf[MAX_PKT_SIZE];\n    memset(buf, 0, sizeof(buf));\n    len = recvfrom(sd, buf, sizeof(buf), MSG_DONTWAIT, &sa, &salen);\n    if (len > 0)\n    {\n        buf[len] = 0;\n        if (sa.sa_family != AF_INET)\n        {\n            return;\n        }\n        if (strstr(buf, \"M-SEARCH *\"))\n        {\n            size_t i;\n            char *ptr, *type;\n            struct ifsock *ifs;\n            struct sockaddr_in *sin = (struct sockaddr_in *)&sa;\n            ifs = find_outbound(&sa);\n            if (!ifs)\n            {\n                logit(LOG_DEBUG, \"No matching socket for client %s\", inet_ntoa(sin->sin_addr));\n                return;\n            }\n            logit(LOG_DEBUG, \"Matching socket for client %s\", inet_ntoa(sin->sin_addr));\n            type = strcasestr(buf, \"\\r\\nST:\");\n            if (!type)\n            {\n                logit(LOG_DEBUG, \"No Search Type (ST:) found in M-SEARCH *, assuming \" SSDP_ST_ALL);\n                type = SSDP_ST_ALL;\n                send_message(ifs, type, &sa);\n                return;\n            }\n            type = strchr(type, ':');\n            if (!type)\n            {\n                return;\n            }\n            type++;\n            while (isspace(*type))\n            {\n                type++;\n            }\n            ptr = strstr(type, \"\\r\\n\");\n            if (!ptr)\n            {\n                return;\n            }\n            *ptr = 0;\n            for (i = 0; supported_types[i]; i++)\n            {\n                if (!strcmp(supported_types[i], type))\n                {\n                    logit(LOG_DEBUG, \"M-SEARCH * ST: %s from %s port %d\", type, inet_ntoa(sin->sin_addr), ntohs(sin->sin_port));\n                    send_message(ifs, type, &sa);\n                    return;\n                }\n            }\n            logit(LOG_DEBUG, \"M-SEARCH * for unsupported ST: %s from %s\", type, inet_ntoa(sin->sin_addr));\n        }\n    }\n}\n",
        "question": "How does modifying the control structure `if (!strcmp(supported_types[i], type))` affect the behavior or output of `strcasestr`?",
        "choices": {
            "A": "The modification of `if (!strcmp(supported_types[i], type))` directly impacts the execution of `strcasestr` because its entire operation is controlled by `if (!strcmp(supported_types[i], type))` and located within `if (!strcmp(supported_types[i], type))`.",
            "B": "Modifying `if (!strcmp(supported_types[i], type))` has no impact on the behavior or output of `strcasestr`.",
            "C": "The change of if (!strcmp(supported_types[i], type)) indirectly affects the execution of `strcasestr`, as the modifications in `if (!strcmp(supported_types[i], type))` influence the arguments or conditions within `strcasestr`.",
            "D": "It is not possible to determine the effect without additional context."
        },
        "answer": "B",
        "distance": 0
    }
]