[
    {
        "case_id": "primevul_33",
        "code": "int main(int, char **argv)\n{\n  InitializeMagick(*argv);\n  int failures = 0;\n  try\n  {\n    string srcdir(\"\");\n    if (getenv(\"SRCDIR\") != 0)\n    {\n      srcdir = getenv(\"SRCDIR\");\n    }\n    list<Image> imageList;\n    readImages(&imageList, srcdir + \"test_image_anim.miff\");\n    Image appended;\n    appendImages(&appended, imageList.begin(), imageList.end());\n    if ((appended.signature() != \"3a90bb0bb8f69f6788ab99e9e25598a0d6c5cdbbb797f77ad68011e0a8b1689d\") &&\n        (appended.signature() != \"c15fcd1e739b73638dc4e36837bdb53f7087359544664caf7b1763928129f3c7\") &&\n        (appended.signature() != \"229ff72f812e5f536245dc3b4502a0bc2ab2363f67c545863a85ab91ebfbfb83\") &&\n        (appended.signature() != \"b98c42c55fc4e661cb3684154256809c03c0c6b53da2738b6ce8066e1b6ddef0\"))\n    {\n      ++failures;\n      cout << \"Line: \" << __LINE__\n           << \"  Horizontal append failed, signature = \"\n           << appended.signature() << endl;\n      appended.write(\"appendImages_horizontal_out.miff\");\n    }\n    appendImages(&appended, imageList.begin(), imageList.end(), true);\n    if ((appended.signature() != \"d73d25ccd6011936d08b6d0d89183b7a61790544c2195269aff4db2f782ffc08\") &&\n        (appended.signature() != \"0909f7ffa7c6ea410fb2ebfdbcb19d61b19c4bd271851ce3bd51662519dc2b58\") &&\n        (appended.signature() != \"11b97ba6ac1664aa1c2faed4c86195472ae9cce2ed75402d975bb4ffcf1de751\") &&\n        (appended.signature() != \"cae4815eeb3cb689e73b94d897a9957d3414d1d4f513e8b5e52579b05d164bfe\"))\n    {\n      ++failures;\n      cout << \"Line: \" << __LINE__\n           << \"  Vertical append failed, signature = \"\n           << appended.signature() << endl;\n      appended.write(\"appendImages_vertical_out.miff\");\n    }\n  }\n  catch (Exception &error_)\n  {\n    cout << \"Caught exception: \" << error_.what() << endl;\n    return 1;\n  }\n  catch (exception &error_)\n  {\n    cout << \"Caught exception: \" << error_.what() << endl;\n    return 1;\n  }\n  if (failures)\n  {\n    cout << failures << \" failures\" << endl;\n    return 1;\n  }\n  return 0;\n}\n",
        "question": "How does modifying the control structure `return 1;` affect the behavior or output of `readImages`?",
        "choices": {
            "A": "The modification of `return 1;` directly impacts the execution of `readImages` because its entire operation is controlled by `return 1;` and located within `return 1;`.",
            "B": "Modifying `return 1;` has no impact on the behavior or output of `readImages`.",
            "C": "The change of return 1; indirectly affects the execution of `readImages`, as the modifications in `return 1;` influence the arguments or conditions within `readImages`.",
            "D": "It is not possible to determine the effect without additional context."
        },
        "answer": "B",
        "distance": 0
    },
    {
        "case_id": "primevul_33",
        "code": "int main(int, char **argv)\n{\n  InitializeMagick(*argv);\n  int failures = 0;\n  try\n  {\n    string srcdir(\"\");\n    if (getenv(\"SRCDIR\") != 0)\n    {\n      srcdir = getenv(\"SRCDIR\");\n    }\n    list<Image> imageList;\n    readImages(&imageList, srcdir + \"test_image_anim.miff\");\n    Image appended;\n    appendImages(&appended, imageList.begin(), imageList.end());\n    if ((appended.signature() != \"3a90bb0bb8f69f6788ab99e9e25598a0d6c5cdbbb797f77ad68011e0a8b1689d\") &&\n        (appended.signature() != \"c15fcd1e739b73638dc4e36837bdb53f7087359544664caf7b1763928129f3c7\") &&\n        (appended.signature() != \"229ff72f812e5f536245dc3b4502a0bc2ab2363f67c545863a85ab91ebfbfb83\") &&\n        (appended.signature() != \"b98c42c55fc4e661cb3684154256809c03c0c6b53da2738b6ce8066e1b6ddef0\"))\n    {\n      ++failures;\n      cout << \"Line: \" << __LINE__\n           << \"  Horizontal append failed, signature = \"\n           << appended.signature() << endl;\n      appended.write(\"appendImages_horizontal_out.miff\");\n    }\n    appendImages(&appended, imageList.begin(), imageList.end(), true);\n    if ((appended.signature() != \"d73d25ccd6011936d08b6d0d89183b7a61790544c2195269aff4db2f782ffc08\") &&\n        (appended.signature() != \"0909f7ffa7c6ea410fb2ebfdbcb19d61b19c4bd271851ce3bd51662519dc2b58\") &&\n        (appended.signature() != \"11b97ba6ac1664aa1c2faed4c86195472ae9cce2ed75402d975bb4ffcf1de751\") &&\n        (appended.signature() != \"cae4815eeb3cb689e73b94d897a9957d3414d1d4f513e8b5e52579b05d164bfe\"))\n    {\n      ++failures;\n      cout << \"Line: \" << __LINE__\n           << \"  Vertical append failed, signature = \"\n           << appended.signature() << endl;\n      appended.write(\"appendImages_vertical_out.miff\");\n    }\n  }\n  catch (Exception &error_)\n  {\n    cout << \"Caught exception: \" << error_.what() << endl;\n    return 1;\n  }\n  catch (exception &error_)\n  {\n    cout << \"Caught exception: \" << error_.what() << endl;\n    return 1;\n  }\n  if (failures)\n  {\n    cout << failures << \" failures\" << endl;\n    return 1;\n  }\n  return 0;\n}\n",
        "question": "How does modifying the control structure `return 0;` affect the behavior or output of `readImages`?",
        "choices": {
            "A": "The modification of `return 0;` directly impacts the execution of `readImages` because its entire operation is controlled by `return 0;` and located within `return 0;`.",
            "B": "Modifying `return 0;` has no impact on the behavior or output of `readImages`.",
            "C": "The change of return 0; indirectly affects the execution of `readImages`, as the modifications in `return 0;` influence the arguments or conditions within `readImages`.",
            "D": "It is not possible to determine the effect without additional context."
        },
        "answer": "B",
        "distance": 0
    },
    {
        "case_id": "primevul_33",
        "code": "int main(int, char **argv)\n{\n  InitializeMagick(*argv);\n  int failures = 0;\n  try\n  {\n    string srcdir(\"\");\n    if (getenv(\"SRCDIR\") != 0)\n    {\n      srcdir = getenv(\"SRCDIR\");\n    }\n    list<Image> imageList;\n    readImages(&imageList, srcdir + \"test_image_anim.miff\");\n    Image appended;\n    appendImages(&appended, imageList.begin(), imageList.end());\n    if ((appended.signature() != \"3a90bb0bb8f69f6788ab99e9e25598a0d6c5cdbbb797f77ad68011e0a8b1689d\") &&\n        (appended.signature() != \"c15fcd1e739b73638dc4e36837bdb53f7087359544664caf7b1763928129f3c7\") &&\n        (appended.signature() != \"229ff72f812e5f536245dc3b4502a0bc2ab2363f67c545863a85ab91ebfbfb83\") &&\n        (appended.signature() != \"b98c42c55fc4e661cb3684154256809c03c0c6b53da2738b6ce8066e1b6ddef0\"))\n    {\n      ++failures;\n      cout << \"Line: \" << __LINE__\n           << \"  Horizontal append failed, signature = \"\n           << appended.signature() << endl;\n      appended.write(\"appendImages_horizontal_out.miff\");\n    }\n    appendImages(&appended, imageList.begin(), imageList.end(), true);\n    if ((appended.signature() != \"d73d25ccd6011936d08b6d0d89183b7a61790544c2195269aff4db2f782ffc08\") &&\n        (appended.signature() != \"0909f7ffa7c6ea410fb2ebfdbcb19d61b19c4bd271851ce3bd51662519dc2b58\") &&\n        (appended.signature() != \"11b97ba6ac1664aa1c2faed4c86195472ae9cce2ed75402d975bb4ffcf1de751\") &&\n        (appended.signature() != \"cae4815eeb3cb689e73b94d897a9957d3414d1d4f513e8b5e52579b05d164bfe\"))\n    {\n      ++failures;\n      cout << \"Line: \" << __LINE__\n           << \"  Vertical append failed, signature = \"\n           << appended.signature() << endl;\n      appended.write(\"appendImages_vertical_out.miff\");\n    }\n  }\n  catch (Exception &error_)\n  {\n    cout << \"Caught exception: \" << error_.what() << endl;\n    return 1;\n  }\n  catch (exception &error_)\n  {\n    cout << \"Caught exception: \" << error_.what() << endl;\n    return 1;\n  }\n  if (failures)\n  {\n    cout << failures << \" failures\" << endl;\n    return 1;\n  }\n  return 0;\n}\n",
        "question": "How does modifying the control structure `if (failures)` affect the behavior or output of `readImages`?",
        "choices": {
            "A": "The modification of `if (failures)` directly impacts the execution of `readImages` because its entire operation is controlled by `if (failures)` and located within `if (failures)`.",
            "B": "Modifying `if (failures)` has no impact on the behavior or output of `readImages`.",
            "C": "The change of if (failures) indirectly affects the execution of `readImages`, as the modifications in `if (failures)` influence the arguments or conditions within `readImages`.",
            "D": "It is not possible to determine the effect without additional context."
        },
        "answer": "B",
        "distance": 0
    },
    {
        "case_id": "primevul_33",
        "code": "int main(int, char **argv)\n{\n  InitializeMagick(*argv);\n  int failures = 0;\n  try\n  {\n    string srcdir(\"\");\n    if (getenv(\"SRCDIR\") != 0)\n    {\n      srcdir = getenv(\"SRCDIR\");\n    }\n    list<Image> imageList;\n    readImages(&imageList, srcdir + \"test_image_anim.miff\");\n    Image appended;\n    appendImages(&appended, imageList.begin(), imageList.end());\n    if ((appended.signature() != \"3a90bb0bb8f69f6788ab99e9e25598a0d6c5cdbbb797f77ad68011e0a8b1689d\") &&\n        (appended.signature() != \"c15fcd1e739b73638dc4e36837bdb53f7087359544664caf7b1763928129f3c7\") &&\n        (appended.signature() != \"229ff72f812e5f536245dc3b4502a0bc2ab2363f67c545863a85ab91ebfbfb83\") &&\n        (appended.signature() != \"b98c42c55fc4e661cb3684154256809c03c0c6b53da2738b6ce8066e1b6ddef0\"))\n    {\n      ++failures;\n      cout << \"Line: \" << __LINE__\n           << \"  Horizontal append failed, signature = \"\n           << appended.signature() << endl;\n      appended.write(\"appendImages_horizontal_out.miff\");\n    }\n    appendImages(&appended, imageList.begin(), imageList.end(), true);\n    if ((appended.signature() != \"d73d25ccd6011936d08b6d0d89183b7a61790544c2195269aff4db2f782ffc08\") &&\n        (appended.signature() != \"0909f7ffa7c6ea410fb2ebfdbcb19d61b19c4bd271851ce3bd51662519dc2b58\") &&\n        (appended.signature() != \"11b97ba6ac1664aa1c2faed4c86195472ae9cce2ed75402d975bb4ffcf1de751\") &&\n        (appended.signature() != \"cae4815eeb3cb689e73b94d897a9957d3414d1d4f513e8b5e52579b05d164bfe\"))\n    {\n      ++failures;\n      cout << \"Line: \" << __LINE__\n           << \"  Vertical append failed, signature = \"\n           << appended.signature() << endl;\n      appended.write(\"appendImages_vertical_out.miff\");\n    }\n  }\n  catch (Exception &error_)\n  {\n    cout << \"Caught exception: \" << error_.what() << endl;\n    return 1;\n  }\n  catch (exception &error_)\n  {\n    cout << \"Caught exception: \" << error_.what() << endl;\n    return 1;\n  }\n  if (failures)\n  {\n    cout << failures << \" failures\" << endl;\n    return 1;\n  }\n  return 0;\n}\n",
        "question": "How does modifying the control structure `if ((appended.signature() != \"3a90bb0bb8f69f6788ab99e9e25598a0d6c5cdbbb797f77ad68011e0a8b1689d\") &&(appended.signature() != \"c15fcd1e739b73638dc4e36837bdb53f7087359544664caf7b1763928129f3c7\") &&(appended.signature() != \"229ff72f812e5f536245dc3b4502a0bc2ab2363f67c545863a85ab91ebfbfb83\") &&(appended.signature() != \"b98c42c55fc4e661cb3684154256809c03c0c6b53da2738b6ce8066e1b6ddef0\"))` affect the behavior or output of `readImages`?",
        "choices": {
            "A": "The modification of `if ((appended.signature() != \"3a90bb0bb8f69f6788ab99e9e25598a0d6c5cdbbb797f77ad68011e0a8b1689d\") &&(appended.signature() != \"c15fcd1e739b73638dc4e36837bdb53f7087359544664caf7b1763928129f3c7\") &&(appended.signature() != \"229ff72f812e5f536245dc3b4502a0bc2ab2363f67c545863a85ab91ebfbfb83\") &&(appended.signature() != \"b98c42c55fc4e661cb3684154256809c03c0c6b53da2738b6ce8066e1b6ddef0\"))` directly impacts the execution of `readImages` because its entire operation is controlled by `if ((appended.signature() != \"3a90bb0bb8f69f6788ab99e9e25598a0d6c5cdbbb797f77ad68011e0a8b1689d\") &&(appended.signature() != \"c15fcd1e739b73638dc4e36837bdb53f7087359544664caf7b1763928129f3c7\") &&(appended.signature() != \"229ff72f812e5f536245dc3b4502a0bc2ab2363f67c545863a85ab91ebfbfb83\") &&(appended.signature() != \"b98c42c55fc4e661cb3684154256809c03c0c6b53da2738b6ce8066e1b6ddef0\"))` and located within `if ((appended.signature() != \"3a90bb0bb8f69f6788ab99e9e25598a0d6c5cdbbb797f77ad68011e0a8b1689d\") &&(appended.signature() != \"c15fcd1e739b73638dc4e36837bdb53f7087359544664caf7b1763928129f3c7\") &&(appended.signature() != \"229ff72f812e5f536245dc3b4502a0bc2ab2363f67c545863a85ab91ebfbfb83\") &&(appended.signature() != \"b98c42c55fc4e661cb3684154256809c03c0c6b53da2738b6ce8066e1b6ddef0\"))`.",
            "B": "Modifying `if ((appended.signature() != \"3a90bb0bb8f69f6788ab99e9e25598a0d6c5cdbbb797f77ad68011e0a8b1689d\") &&(appended.signature() != \"c15fcd1e739b73638dc4e36837bdb53f7087359544664caf7b1763928129f3c7\") &&(appended.signature() != \"229ff72f812e5f536245dc3b4502a0bc2ab2363f67c545863a85ab91ebfbfb83\") &&(appended.signature() != \"b98c42c55fc4e661cb3684154256809c03c0c6b53da2738b6ce8066e1b6ddef0\"))` has no impact on the behavior or output of `readImages`.",
            "C": "The change of if ((appended.signature() != \"3a90bb0bb8f69f6788ab99e9e25598a0d6c5cdbbb797f77ad68011e0a8b1689d\") &&(appended.signature() != \"c15fcd1e739b73638dc4e36837bdb53f7087359544664caf7b1763928129f3c7\") &&(appended.signature() != \"229ff72f812e5f536245dc3b4502a0bc2ab2363f67c545863a85ab91ebfbfb83\") &&(appended.signature() != \"b98c42c55fc4e661cb3684154256809c03c0c6b53da2738b6ce8066e1b6ddef0\")) indirectly affects the execution of `readImages`, as the modifications in `if ((appended.signature() != \"3a90bb0bb8f69f6788ab99e9e25598a0d6c5cdbbb797f77ad68011e0a8b1689d\") &&(appended.signature() != \"c15fcd1e739b73638dc4e36837bdb53f7087359544664caf7b1763928129f3c7\") &&(appended.signature() != \"229ff72f812e5f536245dc3b4502a0bc2ab2363f67c545863a85ab91ebfbfb83\") &&(appended.signature() != \"b98c42c55fc4e661cb3684154256809c03c0c6b53da2738b6ce8066e1b6ddef0\"))` influence the arguments or conditions within `readImages`.",
            "D": "It is not possible to determine the effect without additional context."
        },
        "answer": "B",
        "distance": 0
    }
]