[
    {
        "case_id": "primevul_29",
        "code": "err_t verify_signed_hash(const struct RSA_public_key *k, u_char *s, unsigned int s_max_octets, u_char **psig, size_t hash_len, const u_char *sig_val, size_t sig_len)\n{\n    unsigned int padlen;\n    {\n        chunk_t temp_s;\n        MP_INT c;\n        n_to_mpz(&c, sig_val, sig_len);\n        oswcrypto.mod_exp(&c, &c, &k->e, &k->n);\n        temp_s = mpz_to_n(&c, sig_len);\n        if (s_max_octets < sig_len)\n        {\n            return \"2\"\"exponentiation failed; too many octets\";\n        }\n        memcpy(s, temp_s.ptr, sig_len);\n        pfree(temp_s.ptr);\n        mpz_clear(&c);\n    }\n    padlen = sig_len - 3 - hash_len;\n    DBG(DBG_CRYPT,\n        DBG_dump(\"verify_sh decrypted SIG1:\", s, sig_len));\n    DBG(DBG_CRYPT, DBG_log(\"pad_len calculated: %d hash_len: %d\", padlen, (int)hash_len));\n    if (s[0] != 0x00 || s[1] != 0x01 || s[padlen + 2] != 0x00)\n    {\n        return \"3\"\"SIG padding does not check out\";\n    }\n    s += padlen + 3;\n    (*psig) = s;\n    return NULL;\n}",
        "question": "How does modifying the control structure `return \"2\"\"exponentiation failed; too many octets\";` affect the behavior or output of `memcpy`?",
        "choices": {
            "A": "The modification of `return \"2\"\"exponentiation failed; too many octets\";` directly impacts the execution of `memcpy` because its entire operation is controlled by `return \"2\"\"exponentiation failed; too many octets\";` and located within `return \"2\"\"exponentiation failed; too many octets\";`.",
            "B": "Modifying `return \"2\"\"exponentiation failed; too many octets\";` has no impact on the behavior or output of `memcpy`.",
            "C": "The change of return \"2\"\"exponentiation failed; too many octets\"; indirectly affects the execution of `memcpy`, as the modifications in `return \"2\"\"exponentiation failed; too many octets\";` influence the arguments or conditions within `memcpy`.",
            "D": "It is not possible to determine the effect without additional context."
        },
        "answer": "B",
        "distance": 0
    },
    {
        "case_id": "primevul_29",
        "code": "err_t verify_signed_hash(const struct RSA_public_key *k, u_char *s, unsigned int s_max_octets, u_char **psig, size_t hash_len, const u_char *sig_val, size_t sig_len)\n{\n    unsigned int padlen;\n    {\n        chunk_t temp_s;\n        MP_INT c;\n        n_to_mpz(&c, sig_val, sig_len);\n        oswcrypto.mod_exp(&c, &c, &k->e, &k->n);\n        temp_s = mpz_to_n(&c, sig_len);\n        if (s_max_octets < sig_len)\n        {\n            return \"2\"\"exponentiation failed; too many octets\";\n        }\n        memcpy(s, temp_s.ptr, sig_len);\n        pfree(temp_s.ptr);\n        mpz_clear(&c);\n    }\n    padlen = sig_len - 3 - hash_len;\n    DBG(DBG_CRYPT,\n        DBG_dump(\"verify_sh decrypted SIG1:\", s, sig_len));\n    DBG(DBG_CRYPT, DBG_log(\"pad_len calculated: %d hash_len: %d\", padlen, (int)hash_len));\n    if (s[0] != 0x00 || s[1] != 0x01 || s[padlen + 2] != 0x00)\n    {\n        return \"3\"\"SIG padding does not check out\";\n    }\n    s += padlen + 3;\n    (*psig) = s;\n    return NULL;\n}",
        "question": "How does modifying the control structure `return \"2\"\"exponentiation failed; too many octets\";` affect the behavior or output of `DBG_dump`?",
        "choices": {
            "A": "The modification of `return \"2\"\"exponentiation failed; too many octets\";` directly impacts the execution of `DBG_dump` because its entire operation is controlled by `return \"2\"\"exponentiation failed; too many octets\";` and located within `return \"2\"\"exponentiation failed; too many octets\";`.",
            "B": "Modifying `return \"2\"\"exponentiation failed; too many octets\";` has no impact on the behavior or output of `DBG_dump`.",
            "C": "The change of return \"2\"\"exponentiation failed; too many octets\"; indirectly affects the execution of `DBG_dump`, as the modifications in `return \"2\"\"exponentiation failed; too many octets\";` influence the arguments or conditions within `DBG_dump`.",
            "D": "It is not possible to determine the effect without additional context."
        },
        "answer": "B",
        "distance": 0
    },
    {
        "case_id": "primevul_29",
        "code": "err_t verify_signed_hash(const struct RSA_public_key *k, u_char *s, unsigned int s_max_octets, u_char **psig, size_t hash_len, const u_char *sig_val, size_t sig_len)\n{\n    unsigned int padlen;\n    {\n        chunk_t temp_s;\n        MP_INT c;\n        n_to_mpz(&c, sig_val, sig_len);\n        oswcrypto.mod_exp(&c, &c, &k->e, &k->n);\n        temp_s = mpz_to_n(&c, sig_len);\n        if (s_max_octets < sig_len)\n        {\n            return \"2\"\"exponentiation failed; too many octets\";\n        }\n        memcpy(s, temp_s.ptr, sig_len);\n        pfree(temp_s.ptr);\n        mpz_clear(&c);\n    }\n    padlen = sig_len - 3 - hash_len;\n    DBG(DBG_CRYPT,\n        DBG_dump(\"verify_sh decrypted SIG1:\", s, sig_len));\n    DBG(DBG_CRYPT, DBG_log(\"pad_len calculated: %d hash_len: %d\", padlen, (int)hash_len));\n    if (s[0] != 0x00 || s[1] != 0x01 || s[padlen + 2] != 0x00)\n    {\n        return \"3\"\"SIG padding does not check out\";\n    }\n    s += padlen + 3;\n    (*psig) = s;\n    return NULL;\n}",
        "question": "How does modifying the control structure `return \"2\"\"exponentiation failed; too many octets\";` affect the behavior or output of `mpz_to_n`?",
        "choices": {
            "A": "The modification of `return \"2\"\"exponentiation failed; too many octets\";` directly impacts the execution of `mpz_to_n` because its entire operation is controlled by `return \"2\"\"exponentiation failed; too many octets\";` and located within `return \"2\"\"exponentiation failed; too many octets\";`.",
            "B": "Modifying `return \"2\"\"exponentiation failed; too many octets\";` has no impact on the behavior or output of `mpz_to_n`.",
            "C": "The change of return \"2\"\"exponentiation failed; too many octets\"; indirectly affects the execution of `mpz_to_n`, as the modifications in `return \"2\"\"exponentiation failed; too many octets\";` influence the arguments or conditions within `mpz_to_n`.",
            "D": "It is not possible to determine the effect without additional context."
        },
        "answer": "B",
        "distance": 0
    },
    {
        "case_id": "primevul_29",
        "code": "err_t verify_signed_hash(const struct RSA_public_key *k, u_char *s, unsigned int s_max_octets, u_char **psig, size_t hash_len, const u_char *sig_val, size_t sig_len)\n{\n    unsigned int padlen;\n    {\n        chunk_t temp_s;\n        MP_INT c;\n        n_to_mpz(&c, sig_val, sig_len);\n        oswcrypto.mod_exp(&c, &c, &k->e, &k->n);\n        temp_s = mpz_to_n(&c, sig_len);\n        if (s_max_octets < sig_len)\n        {\n            return \"2\"\"exponentiation failed; too many octets\";\n        }\n        memcpy(s, temp_s.ptr, sig_len);\n        pfree(temp_s.ptr);\n        mpz_clear(&c);\n    }\n    padlen = sig_len - 3 - hash_len;\n    DBG(DBG_CRYPT,\n        DBG_dump(\"verify_sh decrypted SIG1:\", s, sig_len));\n    DBG(DBG_CRYPT, DBG_log(\"pad_len calculated: %d hash_len: %d\", padlen, (int)hash_len));\n    if (s[0] != 0x00 || s[1] != 0x01 || s[padlen + 2] != 0x00)\n    {\n        return \"3\"\"SIG padding does not check out\";\n    }\n    s += padlen + 3;\n    (*psig) = s;\n    return NULL;\n}",
        "question": "How does modifying the control structure `return \"2\"\"exponentiation failed; too many octets\";` affect the behavior or output of `n_to_mpz`?",
        "choices": {
            "A": "The modification of `return \"2\"\"exponentiation failed; too many octets\";` directly impacts the execution of `n_to_mpz` because its entire operation is controlled by `return \"2\"\"exponentiation failed; too many octets\";` and located within `return \"2\"\"exponentiation failed; too many octets\";`.",
            "B": "Modifying `return \"2\"\"exponentiation failed; too many octets\";` has no impact on the behavior or output of `n_to_mpz`.",
            "C": "The change of return \"2\"\"exponentiation failed; too many octets\"; indirectly affects the execution of `n_to_mpz`, as the modifications in `return \"2\"\"exponentiation failed; too many octets\";` influence the arguments or conditions within `n_to_mpz`.",
            "D": "It is not possible to determine the effect without additional context."
        },
        "answer": "B",
        "distance": 0
    }
]