[
    {
        "case_id": "primevul_3",
        "code": "walk_string(fz_context *ctx, int uni, int remove, editable_str *str)\n{\n    int rune;\n    if (str->utf8 == NULL)\n    {\n        return;\n    }\n    do\n    {\n        char *s = &str->utf8[str->pos];\n        size_t len;\n        int n = fz_chartorune(&rune, s);\n        if (rune == uni)\n        {\n            str->pos += n;\n        }\n        else if (uni == 32)\n        {\n            break;\n        }\n        else if (rune == 32)\n        {\n        }\n        else\n        {\n            str->pos = -1;\n            break;\n        }\n        if (remove)\n        {\n            len = strlen(s+n);\n            memmove(s, s+n, len+1);\n            str->edited = 1;\n        }\n    }\n    while (rune != uni);\n}",
        "question": "How does modifying the control structure `do` affect the behavior or output of `fz_chartorune`?",
        "choices": {
            "A": "The modification of `do` directly impacts the execution of `fz_chartorune` because its entire operation is controlled by `do` and located within `do`.",
            "B": "Modifying `do` has no impact on the behavior or output of `fz_chartorune`.",
            "C": "The change of do indirectly affects the execution of `fz_chartorune`, as the modifications in `do` influence the arguments or conditions within `fz_chartorune`.",
            "D": "It is not possible to determine the effect without additional context."
        },
        "answer": "A",
        "distance": 1
    },
    {
        "case_id": "primevul_3",
        "code": "walk_string(fz_context *ctx, int uni, int remove, editable_str *str)\n{\n    int rune;\n    if (str->utf8 == NULL)\n    {\n        return;\n    }\n    do\n    {\n        char *s = &str->utf8[str->pos];\n        size_t len;\n        int n = fz_chartorune(&rune, s);\n        if (rune == uni)\n        {\n            str->pos += n;\n        }\n        else if (uni == 32)\n        {\n            break;\n        }\n        else if (rune == 32)\n        {\n        }\n        else\n        {\n            str->pos = -1;\n            break;\n        }\n        if (remove)\n        {\n            len = strlen(s+n);\n            memmove(s, s+n, len+1);\n            str->edited = 1;\n        }\n    }\n    while (rune != uni);\n}",
        "question": "How does modifying the control structure `do` affect the behavior or output of `strlen`?",
        "choices": {
            "A": "The modification of `do` directly impacts the execution of `strlen` because its entire operation is controlled by `do` and located within `do`.",
            "B": "Modifying `do` has no impact on the behavior or output of `strlen`.",
            "C": "The change of do indirectly affects the execution of `strlen`, as the modifications in `do` influence the arguments or conditions within `strlen`.",
            "D": "It is not possible to determine the effect without additional context."
        },
        "answer": "A",
        "distance": 1
    },
    {
        "case_id": "primevul_3",
        "code": "walk_string(fz_context *ctx, int uni, int remove, editable_str *str)\n{\n    int rune;\n    if (str->utf8 == NULL)\n    {\n        return;\n    }\n    do\n    {\n        char *s = &str->utf8[str->pos];\n        size_t len;\n        int n = fz_chartorune(&rune, s);\n        if (rune == uni)\n        {\n            str->pos += n;\n        }\n        else if (uni == 32)\n        {\n            break;\n        }\n        else if (rune == 32)\n        {\n        }\n        else\n        {\n            str->pos = -1;\n            break;\n        }\n        if (remove)\n        {\n            len = strlen(s+n);\n            memmove(s, s+n, len+1);\n            str->edited = 1;\n        }\n    }\n    while (rune != uni);\n}",
        "question": "How does modifying the control structure `do` affect the behavior or output of `memmove`?",
        "choices": {
            "A": "The modification of `do` directly impacts the execution of `memmove` because its entire operation is controlled by `do` and located within `do`.",
            "B": "Modifying `do` has no impact on the behavior or output of `memmove`.",
            "C": "The change of do indirectly affects the execution of `memmove`, as the modifications in `do` influence the arguments or conditions within `memmove`.",
            "D": "It is not possible to determine the effect without additional context."
        },
        "answer": "A",
        "distance": 1
    },
    {
        "case_id": "primevul_3",
        "code": "walk_string(fz_context *ctx, int uni, int remove, editable_str *str)\n{\n    int rune;\n    if (str->utf8 == NULL)\n    {\n        return;\n    }\n    do\n    {\n        char *s = &str->utf8[str->pos];\n        size_t len;\n        int n = fz_chartorune(&rune, s);\n        if (rune == uni)\n        {\n            str->pos += n;\n        }\n        else if (uni == 32)\n        {\n            break;\n        }\n        else if (rune == 32)\n        {\n        }\n        else\n        {\n            str->pos = -1;\n            break;\n        }\n        if (remove)\n        {\n            len = strlen(s+n);\n            memmove(s, s+n, len+1);\n            str->edited = 1;\n        }\n    }\n    while (rune != uni);\n}",
        "question": "How does modifying the control structure `else` affect the behavior or output of `fz_chartorune`?",
        "choices": {
            "A": "The modification of `else` directly impacts the execution of `fz_chartorune` because its entire operation is controlled by `else` and located within `else`.",
            "B": "Modifying `else` has no impact on the behavior or output of `fz_chartorune`.",
            "C": "The change of else indirectly affects the execution of `fz_chartorune`, as the modifications in `else` influence the arguments or conditions within `fz_chartorune`.",
            "D": "It is not possible to determine the effect without additional context."
        },
        "answer": "B",
        "distance": 0
    },
    {
        "case_id": "primevul_3",
        "code": "walk_string(fz_context *ctx, int uni, int remove, editable_str *str)\n{\n    int rune;\n    if (str->utf8 == NULL)\n    {\n        return;\n    }\n    do\n    {\n        char *s = &str->utf8[str->pos];\n        size_t len;\n        int n = fz_chartorune(&rune, s);\n        if (rune == uni)\n        {\n            str->pos += n;\n        }\n        else if (uni == 32)\n        {\n            break;\n        }\n        else if (rune == 32)\n        {\n        }\n        else\n        {\n            str->pos = -1;\n            break;\n        }\n        if (remove)\n        {\n            len = strlen(s+n);\n            memmove(s, s+n, len+1);\n            str->edited = 1;\n        }\n    }\n    while (rune != uni);\n}",
        "question": "How does modifying the control structure `else if (rune == 32)` affect the behavior or output of `fz_chartorune`?",
        "choices": {
            "A": "The modification of `else if (rune == 32)` directly impacts the execution of `fz_chartorune` because its entire operation is controlled by `else if (rune == 32)` and located within `else if (rune == 32)`.",
            "B": "Modifying `else if (rune == 32)` has no impact on the behavior or output of `fz_chartorune`.",
            "C": "The change of else if (rune == 32) indirectly affects the execution of `fz_chartorune`, as the modifications in `else if (rune == 32)` influence the arguments or conditions within `fz_chartorune`.",
            "D": "It is not possible to determine the effect without additional context."
        },
        "answer": "B",
        "distance": 0
    },
    {
        "case_id": "primevul_3",
        "code": "walk_string(fz_context *ctx, int uni, int remove, editable_str *str)\n{\n    int rune;\n    if (str->utf8 == NULL)\n    {\n        return;\n    }\n    do\n    {\n        char *s = &str->utf8[str->pos];\n        size_t len;\n        int n = fz_chartorune(&rune, s);\n        if (rune == uni)\n        {\n            str->pos += n;\n        }\n        else if (uni == 32)\n        {\n            break;\n        }\n        else if (rune == 32)\n        {\n        }\n        else\n        {\n            str->pos = -1;\n            break;\n        }\n        if (remove)\n        {\n            len = strlen(s+n);\n            memmove(s, s+n, len+1);\n            str->edited = 1;\n        }\n    }\n    while (rune != uni);\n}",
        "question": "How does modifying the control structure `return;` affect the behavior or output of `fz_chartorune`?",
        "choices": {
            "A": "The modification of `return;` directly impacts the execution of `fz_chartorune` because its entire operation is controlled by `return;` and located within `return;`.",
            "B": "Modifying `return;` has no impact on the behavior or output of `fz_chartorune`.",
            "C": "The change of return; indirectly affects the execution of `fz_chartorune`, as the modifications in `return;` influence the arguments or conditions within `fz_chartorune`.",
            "D": "It is not possible to determine the effect without additional context."
        },
        "answer": "B",
        "distance": 0
    },
    {
        "case_id": "primevul_3",
        "code": "walk_string(fz_context *ctx, int uni, int remove, editable_str *str)\n{\n    int rune;\n    if (str->utf8 == NULL)\n    {\n        return;\n    }\n    do\n    {\n        char *s = &str->utf8[str->pos];\n        size_t len;\n        int n = fz_chartorune(&rune, s);\n        if (rune == uni)\n        {\n            str->pos += n;\n        }\n        else if (uni == 32)\n        {\n            break;\n        }\n        else if (rune == 32)\n        {\n        }\n        else\n        {\n            str->pos = -1;\n            break;\n        }\n        if (remove)\n        {\n            len = strlen(s+n);\n            memmove(s, s+n, len+1);\n            str->edited = 1;\n        }\n    }\n    while (rune != uni);\n}",
        "question": "How does modifying the control structure `return;` affect the behavior or output of `strlen`?",
        "choices": {
            "A": "The modification of `return;` directly impacts the execution of `strlen` because its entire operation is controlled by `return;` and located within `return;`.",
            "B": "Modifying `return;` has no impact on the behavior or output of `strlen`.",
            "C": "The change of return; indirectly affects the execution of `strlen`, as the modifications in `return;` influence the arguments or conditions within `strlen`.",
            "D": "It is not possible to determine the effect without additional context."
        },
        "answer": "B",
        "distance": 0
    },
    {
        "case_id": "primevul_3",
        "code": "walk_string(fz_context *ctx, int uni, int remove, editable_str *str)\n{\n    int rune;\n    if (str->utf8 == NULL)\n    {\n        return;\n    }\n    do\n    {\n        char *s = &str->utf8[str->pos];\n        size_t len;\n        int n = fz_chartorune(&rune, s);\n        if (rune == uni)\n        {\n            str->pos += n;\n        }\n        else if (uni == 32)\n        {\n            break;\n        }\n        else if (rune == 32)\n        {\n        }\n        else\n        {\n            str->pos = -1;\n            break;\n        }\n        if (remove)\n        {\n            len = strlen(s+n);\n            memmove(s, s+n, len+1);\n            str->edited = 1;\n        }\n    }\n    while (rune != uni);\n}",
        "question": "How does modifying the control structure `else` affect the behavior or output of `strlen`?",
        "choices": {
            "A": "The modification of `else` directly impacts the execution of `strlen` because its entire operation is controlled by `else` and located within `else`.",
            "B": "Modifying `else` has no impact on the behavior or output of `strlen`.",
            "C": "The change of else indirectly affects the execution of `strlen`, as the modifications in `else` influence the arguments or conditions within `strlen`.",
            "D": "It is not possible to determine the effect without additional context."
        },
        "answer": "C",
        "distance": 2
    },
    {
        "case_id": "primevul_3",
        "code": "walk_string(fz_context *ctx, int uni, int remove, editable_str *str)\n{\n    int rune;\n    if (str->utf8 == NULL)\n    {\n        return;\n    }\n    do\n    {\n        char *s = &str->utf8[str->pos];\n        size_t len;\n        int n = fz_chartorune(&rune, s);\n        if (rune == uni)\n        {\n            str->pos += n;\n        }\n        else if (uni == 32)\n        {\n            break;\n        }\n        else if (rune == 32)\n        {\n        }\n        else\n        {\n            str->pos = -1;\n            break;\n        }\n        if (remove)\n        {\n            len = strlen(s+n);\n            memmove(s, s+n, len+1);\n            str->edited = 1;\n        }\n    }\n    while (rune != uni);\n}",
        "question": "How does modifying the control structure `else` affect the behavior or output of `memmove`?",
        "choices": {
            "A": "The modification of `else` directly impacts the execution of `memmove` because its entire operation is controlled by `else` and located within `else`.",
            "B": "Modifying `else` has no impact on the behavior or output of `memmove`.",
            "C": "The change of else indirectly affects the execution of `memmove`, as the modifications in `else` influence the arguments or conditions within `memmove`.",
            "D": "It is not possible to determine the effect without additional context."
        },
        "answer": "C",
        "distance": 2
    },
    {
        "case_id": "primevul_3",
        "code": "walk_string(fz_context *ctx, int uni, int remove, editable_str *str)\n{\n    int rune;\n    if (str->utf8 == NULL)\n    {\n        return;\n    }\n    do\n    {\n        char *s = &str->utf8[str->pos];\n        size_t len;\n        int n = fz_chartorune(&rune, s);\n        if (rune == uni)\n        {\n            str->pos += n;\n        }\n        else if (uni == 32)\n        {\n            break;\n        }\n        else if (rune == 32)\n        {\n        }\n        else\n        {\n            str->pos = -1;\n            break;\n        }\n        if (remove)\n        {\n            len = strlen(s+n);\n            memmove(s, s+n, len+1);\n            str->edited = 1;\n        }\n    }\n    while (rune != uni);\n}",
        "question": "How does modifying the control structure `else if (rune == 32)` affect the behavior or output of `strlen`?",
        "choices": {
            "A": "The modification of `else if (rune == 32)` directly impacts the execution of `strlen` because its entire operation is controlled by `else if (rune == 32)` and located within `else if (rune == 32)`.",
            "B": "Modifying `else if (rune == 32)` has no impact on the behavior or output of `strlen`.",
            "C": "The change of else if (rune == 32) indirectly affects the execution of `strlen`, as the modifications in `else if (rune == 32)` influence the arguments or conditions within `strlen`.",
            "D": "It is not possible to determine the effect without additional context."
        },
        "answer": "C",
        "distance": 2
    },
    {
        "case_id": "primevul_3",
        "code": "walk_string(fz_context *ctx, int uni, int remove, editable_str *str)\n{\n    int rune;\n    if (str->utf8 == NULL)\n    {\n        return;\n    }\n    do\n    {\n        char *s = &str->utf8[str->pos];\n        size_t len;\n        int n = fz_chartorune(&rune, s);\n        if (rune == uni)\n        {\n            str->pos += n;\n        }\n        else if (uni == 32)\n        {\n            break;\n        }\n        else if (rune == 32)\n        {\n        }\n        else\n        {\n            str->pos = -1;\n            break;\n        }\n        if (remove)\n        {\n            len = strlen(s+n);\n            memmove(s, s+n, len+1);\n            str->edited = 1;\n        }\n    }\n    while (rune != uni);\n}",
        "question": "How does modifying the control structure `else if (rune == 32)` affect the behavior or output of `memmove`?",
        "choices": {
            "A": "The modification of `else if (rune == 32)` directly impacts the execution of `memmove` because its entire operation is controlled by `else if (rune == 32)` and located within `else if (rune == 32)`.",
            "B": "Modifying `else if (rune == 32)` has no impact on the behavior or output of `memmove`.",
            "C": "The change of else if (rune == 32) indirectly affects the execution of `memmove`, as the modifications in `else if (rune == 32)` influence the arguments or conditions within `memmove`.",
            "D": "It is not possible to determine the effect without additional context."
        },
        "answer": "C",
        "distance": 2
    }
]