[
    {
        "case_id": "primevul_46",
        "code": "xbstream_open(ds_ctxt_t *ctxt, const char *path, MY_STAT *mystat)\n{\n\tds_file_t *file;\n\tds_stream_file_t *stream_file;\n\tds_stream_ctxt_t *stream_ctxt;\n\tds_ctxt_t *dest_ctxt;\n\txb_wstream_t *xbstream;\n\txb_wstream_file_t *xbstream_file;\n\txb_ad(ctxt->pipe_ctxt != NULL);\n\tdest_ctxt = ctxt->pipe_ctxt;\n\tstream_ctxt = (ds_stream_ctxt_t *) ctxt->ptr;\n\tpthread_mutex_lock(&stream_ctxt->mutex);\n\tif (stream_ctxt->dest_file == NULL)\n\t{\n\t\tstream_ctxt->dest_file = ds_open(dest_ctxt, path, mystat);\n\t\tif (stream_ctxt->dest_file == NULL)\n\t\t{\n\t\t\treturn NULL;\n\t\t}\n\t}\n\tpthread_mutex_unlock(&stream_ctxt->mutex);\n\tfile = (ds_file_t *) my_malloc(sizeof(ds_file_t) + sizeof(ds_stream_file_t), MYF(MY_FAE));\n\tstream_file = (ds_stream_file_t *) (file + 1);\n\txbstream = stream_ctxt->xbstream;\n\txbstream_file = xb_stream_write_open(xbstream, path, mystat, stream_ctxt, my_xbstream_write_callback);\n\tif (xbstream_file == NULL)\n\t{\n\t\tmsg(\"xb_stream_write_open() failed.\");\n\t\tgoto err;\n\t}\n\tstream_file->xbstream_file = xbstream_file;\n\tstream_file->stream_ctxt = stream_ctxt;\n\tfile->ptr = stream_file;\n\tfile->path = stream_ctxt->dest_file->path;\n\treturn file;\nerr:\n\tif (stream_ctxt->dest_file)\n\t{\n\t\tds_close(stream_ctxt->dest_file);\n\t\tstream_ctxt->dest_file = NULL;\n\t}\n\tmy_free(file);\n\treturn NULL;\n}\n",
        "question": "How does modifying the control structure `if (stream_ctxt->dest_file)` affect the behavior or output of `ds_close`?",
        "choices": {
            "A": "The modification of `if (stream_ctxt->dest_file)` directly impacts the execution of `ds_close` because its entire operation is controlled by `if (stream_ctxt->dest_file)` and located within `if (stream_ctxt->dest_file)`.",
            "B": "Modifying `if (stream_ctxt->dest_file)` has no impact on the behavior or output of `ds_close`.",
            "C": "The change of if (stream_ctxt->dest_file) indirectly affects the execution of `ds_close`, as the modifications in `if (stream_ctxt->dest_file)` influence the arguments or conditions within `ds_close`.",
            "D": "It is not possible to determine the effect without additional context."
        },
        "answer": "A",
        "distance": 1
    },
    {
        "case_id": "primevul_46",
        "code": "xbstream_open(ds_ctxt_t *ctxt, const char *path, MY_STAT *mystat)\n{\n\tds_file_t *file;\n\tds_stream_file_t *stream_file;\n\tds_stream_ctxt_t *stream_ctxt;\n\tds_ctxt_t *dest_ctxt;\n\txb_wstream_t *xbstream;\n\txb_wstream_file_t *xbstream_file;\n\txb_ad(ctxt->pipe_ctxt != NULL);\n\tdest_ctxt = ctxt->pipe_ctxt;\n\tstream_ctxt = (ds_stream_ctxt_t *) ctxt->ptr;\n\tpthread_mutex_lock(&stream_ctxt->mutex);\n\tif (stream_ctxt->dest_file == NULL)\n\t{\n\t\tstream_ctxt->dest_file = ds_open(dest_ctxt, path, mystat);\n\t\tif (stream_ctxt->dest_file == NULL)\n\t\t{\n\t\t\treturn NULL;\n\t\t}\n\t}\n\tpthread_mutex_unlock(&stream_ctxt->mutex);\n\tfile = (ds_file_t *) my_malloc(sizeof(ds_file_t) + sizeof(ds_stream_file_t), MYF(MY_FAE));\n\tstream_file = (ds_stream_file_t *) (file + 1);\n\txbstream = stream_ctxt->xbstream;\n\txbstream_file = xb_stream_write_open(xbstream, path, mystat, stream_ctxt, my_xbstream_write_callback);\n\tif (xbstream_file == NULL)\n\t{\n\t\tmsg(\"xb_stream_write_open() failed.\");\n\t\tgoto err;\n\t}\n\tstream_file->xbstream_file = xbstream_file;\n\tstream_file->stream_ctxt = stream_ctxt;\n\tfile->ptr = stream_file;\n\tfile->path = stream_ctxt->dest_file->path;\n\treturn file;\nerr:\n\tif (stream_ctxt->dest_file)\n\t{\n\t\tds_close(stream_ctxt->dest_file);\n\t\tstream_ctxt->dest_file = NULL;\n\t}\n\tmy_free(file);\n\treturn NULL;\n}\n",
        "question": "How does modifying the control structure `if (stream_ctxt->dest_file == NULL)` affect the behavior or output of `ds_open`?",
        "choices": {
            "A": "The modification of `if (stream_ctxt->dest_file == NULL)` directly impacts the execution of `ds_open` because its entire operation is controlled by `if (stream_ctxt->dest_file == NULL)` and located within `if (stream_ctxt->dest_file == NULL)`.",
            "B": "Modifying `if (stream_ctxt->dest_file == NULL)` has no impact on the behavior or output of `ds_open`.",
            "C": "The change of if (stream_ctxt->dest_file == NULL) indirectly affects the execution of `ds_open`, as the modifications in `if (stream_ctxt->dest_file == NULL)` influence the arguments or conditions within `ds_open`.",
            "D": "It is not possible to determine the effect without additional context."
        },
        "answer": "A",
        "distance": 1
    },
    {
        "case_id": "primevul_46",
        "code": "xbstream_open(ds_ctxt_t *ctxt, const char *path, MY_STAT *mystat)\n{\n\tds_file_t *file;\n\tds_stream_file_t *stream_file;\n\tds_stream_ctxt_t *stream_ctxt;\n\tds_ctxt_t *dest_ctxt;\n\txb_wstream_t *xbstream;\n\txb_wstream_file_t *xbstream_file;\n\txb_ad(ctxt->pipe_ctxt != NULL);\n\tdest_ctxt = ctxt->pipe_ctxt;\n\tstream_ctxt = (ds_stream_ctxt_t *) ctxt->ptr;\n\tpthread_mutex_lock(&stream_ctxt->mutex);\n\tif (stream_ctxt->dest_file == NULL)\n\t{\n\t\tstream_ctxt->dest_file = ds_open(dest_ctxt, path, mystat);\n\t\tif (stream_ctxt->dest_file == NULL)\n\t\t{\n\t\t\treturn NULL;\n\t\t}\n\t}\n\tpthread_mutex_unlock(&stream_ctxt->mutex);\n\tfile = (ds_file_t *) my_malloc(sizeof(ds_file_t) + sizeof(ds_stream_file_t), MYF(MY_FAE));\n\tstream_file = (ds_stream_file_t *) (file + 1);\n\txbstream = stream_ctxt->xbstream;\n\txbstream_file = xb_stream_write_open(xbstream, path, mystat, stream_ctxt, my_xbstream_write_callback);\n\tif (xbstream_file == NULL)\n\t{\n\t\tmsg(\"xb_stream_write_open() failed.\");\n\t\tgoto err;\n\t}\n\tstream_file->xbstream_file = xbstream_file;\n\tstream_file->stream_ctxt = stream_ctxt;\n\tfile->ptr = stream_file;\n\tfile->path = stream_ctxt->dest_file->path;\n\treturn file;\nerr:\n\tif (stream_ctxt->dest_file)\n\t{\n\t\tds_close(stream_ctxt->dest_file);\n\t\tstream_ctxt->dest_file = NULL;\n\t}\n\tmy_free(file);\n\treturn NULL;\n}\n",
        "question": "How does modifying the control structure `if (xbstream_file == NULL)` affect the behavior or output of `msg`?",
        "choices": {
            "A": "The modification of `if (xbstream_file == NULL)` directly impacts the execution of `msg` because its entire operation is controlled by `if (xbstream_file == NULL)` and located within `if (xbstream_file == NULL)`.",
            "B": "Modifying `if (xbstream_file == NULL)` has no impact on the behavior or output of `msg`.",
            "C": "The change of if (xbstream_file == NULL) indirectly affects the execution of `msg`, as the modifications in `if (xbstream_file == NULL)` influence the arguments or conditions within `msg`.",
            "D": "It is not possible to determine the effect without additional context."
        },
        "answer": "A",
        "distance": 1
    },
    {
        "case_id": "primevul_46",
        "code": "xbstream_open(ds_ctxt_t *ctxt, const char *path, MY_STAT *mystat)\n{\n\tds_file_t *file;\n\tds_stream_file_t *stream_file;\n\tds_stream_ctxt_t *stream_ctxt;\n\tds_ctxt_t *dest_ctxt;\n\txb_wstream_t *xbstream;\n\txb_wstream_file_t *xbstream_file;\n\txb_ad(ctxt->pipe_ctxt != NULL);\n\tdest_ctxt = ctxt->pipe_ctxt;\n\tstream_ctxt = (ds_stream_ctxt_t *) ctxt->ptr;\n\tpthread_mutex_lock(&stream_ctxt->mutex);\n\tif (stream_ctxt->dest_file == NULL)\n\t{\n\t\tstream_ctxt->dest_file = ds_open(dest_ctxt, path, mystat);\n\t\tif (stream_ctxt->dest_file == NULL)\n\t\t{\n\t\t\treturn NULL;\n\t\t}\n\t}\n\tpthread_mutex_unlock(&stream_ctxt->mutex);\n\tfile = (ds_file_t *) my_malloc(sizeof(ds_file_t) + sizeof(ds_stream_file_t), MYF(MY_FAE));\n\tstream_file = (ds_stream_file_t *) (file + 1);\n\txbstream = stream_ctxt->xbstream;\n\txbstream_file = xb_stream_write_open(xbstream, path, mystat, stream_ctxt, my_xbstream_write_callback);\n\tif (xbstream_file == NULL)\n\t{\n\t\tmsg(\"xb_stream_write_open() failed.\");\n\t\tgoto err;\n\t}\n\tstream_file->xbstream_file = xbstream_file;\n\tstream_file->stream_ctxt = stream_ctxt;\n\tfile->ptr = stream_file;\n\tfile->path = stream_ctxt->dest_file->path;\n\treturn file;\nerr:\n\tif (stream_ctxt->dest_file)\n\t{\n\t\tds_close(stream_ctxt->dest_file);\n\t\tstream_ctxt->dest_file = NULL;\n\t}\n\tmy_free(file);\n\treturn NULL;\n}\n",
        "question": "How does modifying the control structure `if (stream_ctxt->dest_file)` affect the behavior or output of `pthread_mutex_unlock`?",
        "choices": {
            "A": "The modification of `if (stream_ctxt->dest_file)` directly impacts the execution of `pthread_mutex_unlock` because its entire operation is controlled by `if (stream_ctxt->dest_file)` and located within `if (stream_ctxt->dest_file)`.",
            "B": "Modifying `if (stream_ctxt->dest_file)` has no impact on the behavior or output of `pthread_mutex_unlock`.",
            "C": "The change of if (stream_ctxt->dest_file) indirectly affects the execution of `pthread_mutex_unlock`, as the modifications in `if (stream_ctxt->dest_file)` influence the arguments or conditions within `pthread_mutex_unlock`.",
            "D": "It is not possible to determine the effect without additional context."
        },
        "answer": "B",
        "distance": 0
    },
    {
        "case_id": "primevul_46",
        "code": "xbstream_open(ds_ctxt_t *ctxt, const char *path, MY_STAT *mystat)\n{\n\tds_file_t *file;\n\tds_stream_file_t *stream_file;\n\tds_stream_ctxt_t *stream_ctxt;\n\tds_ctxt_t *dest_ctxt;\n\txb_wstream_t *xbstream;\n\txb_wstream_file_t *xbstream_file;\n\txb_ad(ctxt->pipe_ctxt != NULL);\n\tdest_ctxt = ctxt->pipe_ctxt;\n\tstream_ctxt = (ds_stream_ctxt_t *) ctxt->ptr;\n\tpthread_mutex_lock(&stream_ctxt->mutex);\n\tif (stream_ctxt->dest_file == NULL)\n\t{\n\t\tstream_ctxt->dest_file = ds_open(dest_ctxt, path, mystat);\n\t\tif (stream_ctxt->dest_file == NULL)\n\t\t{\n\t\t\treturn NULL;\n\t\t}\n\t}\n\tpthread_mutex_unlock(&stream_ctxt->mutex);\n\tfile = (ds_file_t *) my_malloc(sizeof(ds_file_t) + sizeof(ds_stream_file_t), MYF(MY_FAE));\n\tstream_file = (ds_stream_file_t *) (file + 1);\n\txbstream = stream_ctxt->xbstream;\n\txbstream_file = xb_stream_write_open(xbstream, path, mystat, stream_ctxt, my_xbstream_write_callback);\n\tif (xbstream_file == NULL)\n\t{\n\t\tmsg(\"xb_stream_write_open() failed.\");\n\t\tgoto err;\n\t}\n\tstream_file->xbstream_file = xbstream_file;\n\tstream_file->stream_ctxt = stream_ctxt;\n\tfile->ptr = stream_file;\n\tfile->path = stream_ctxt->dest_file->path;\n\treturn file;\nerr:\n\tif (stream_ctxt->dest_file)\n\t{\n\t\tds_close(stream_ctxt->dest_file);\n\t\tstream_ctxt->dest_file = NULL;\n\t}\n\tmy_free(file);\n\treturn NULL;\n}\n",
        "question": "How does modifying the control structure `if (stream_ctxt->dest_file)` affect the behavior or output of `ds_open`?",
        "choices": {
            "A": "The modification of `if (stream_ctxt->dest_file)` directly impacts the execution of `ds_open` because its entire operation is controlled by `if (stream_ctxt->dest_file)` and located within `if (stream_ctxt->dest_file)`.",
            "B": "Modifying `if (stream_ctxt->dest_file)` has no impact on the behavior or output of `ds_open`.",
            "C": "The change of if (stream_ctxt->dest_file) indirectly affects the execution of `ds_open`, as the modifications in `if (stream_ctxt->dest_file)` influence the arguments or conditions within `ds_open`.",
            "D": "It is not possible to determine the effect without additional context."
        },
        "answer": "B",
        "distance": 0
    },
    {
        "case_id": "primevul_46",
        "code": "xbstream_open(ds_ctxt_t *ctxt, const char *path, MY_STAT *mystat)\n{\n\tds_file_t *file;\n\tds_stream_file_t *stream_file;\n\tds_stream_ctxt_t *stream_ctxt;\n\tds_ctxt_t *dest_ctxt;\n\txb_wstream_t *xbstream;\n\txb_wstream_file_t *xbstream_file;\n\txb_ad(ctxt->pipe_ctxt != NULL);\n\tdest_ctxt = ctxt->pipe_ctxt;\n\tstream_ctxt = (ds_stream_ctxt_t *) ctxt->ptr;\n\tpthread_mutex_lock(&stream_ctxt->mutex);\n\tif (stream_ctxt->dest_file == NULL)\n\t{\n\t\tstream_ctxt->dest_file = ds_open(dest_ctxt, path, mystat);\n\t\tif (stream_ctxt->dest_file == NULL)\n\t\t{\n\t\t\treturn NULL;\n\t\t}\n\t}\n\tpthread_mutex_unlock(&stream_ctxt->mutex);\n\tfile = (ds_file_t *) my_malloc(sizeof(ds_file_t) + sizeof(ds_stream_file_t), MYF(MY_FAE));\n\tstream_file = (ds_stream_file_t *) (file + 1);\n\txbstream = stream_ctxt->xbstream;\n\txbstream_file = xb_stream_write_open(xbstream, path, mystat, stream_ctxt, my_xbstream_write_callback);\n\tif (xbstream_file == NULL)\n\t{\n\t\tmsg(\"xb_stream_write_open() failed.\");\n\t\tgoto err;\n\t}\n\tstream_file->xbstream_file = xbstream_file;\n\tstream_file->stream_ctxt = stream_ctxt;\n\tfile->ptr = stream_file;\n\tfile->path = stream_ctxt->dest_file->path;\n\treturn file;\nerr:\n\tif (stream_ctxt->dest_file)\n\t{\n\t\tds_close(stream_ctxt->dest_file);\n\t\tstream_ctxt->dest_file = NULL;\n\t}\n\tmy_free(file);\n\treturn NULL;\n}\n",
        "question": "How does modifying the control structure `if (stream_ctxt->dest_file)` affect the behavior or output of `MYF`?",
        "choices": {
            "A": "The modification of `if (stream_ctxt->dest_file)` directly impacts the execution of `MYF` because its entire operation is controlled by `if (stream_ctxt->dest_file)` and located within `if (stream_ctxt->dest_file)`.",
            "B": "Modifying `if (stream_ctxt->dest_file)` has no impact on the behavior or output of `MYF`.",
            "C": "The change of if (stream_ctxt->dest_file) indirectly affects the execution of `MYF`, as the modifications in `if (stream_ctxt->dest_file)` influence the arguments or conditions within `MYF`.",
            "D": "It is not possible to determine the effect without additional context."
        },
        "answer": "B",
        "distance": 0
    },
    {
        "case_id": "primevul_46",
        "code": "xbstream_open(ds_ctxt_t *ctxt, const char *path, MY_STAT *mystat)\n{\n\tds_file_t *file;\n\tds_stream_file_t *stream_file;\n\tds_stream_ctxt_t *stream_ctxt;\n\tds_ctxt_t *dest_ctxt;\n\txb_wstream_t *xbstream;\n\txb_wstream_file_t *xbstream_file;\n\txb_ad(ctxt->pipe_ctxt != NULL);\n\tdest_ctxt = ctxt->pipe_ctxt;\n\tstream_ctxt = (ds_stream_ctxt_t *) ctxt->ptr;\n\tpthread_mutex_lock(&stream_ctxt->mutex);\n\tif (stream_ctxt->dest_file == NULL)\n\t{\n\t\tstream_ctxt->dest_file = ds_open(dest_ctxt, path, mystat);\n\t\tif (stream_ctxt->dest_file == NULL)\n\t\t{\n\t\t\treturn NULL;\n\t\t}\n\t}\n\tpthread_mutex_unlock(&stream_ctxt->mutex);\n\tfile = (ds_file_t *) my_malloc(sizeof(ds_file_t) + sizeof(ds_stream_file_t), MYF(MY_FAE));\n\tstream_file = (ds_stream_file_t *) (file + 1);\n\txbstream = stream_ctxt->xbstream;\n\txbstream_file = xb_stream_write_open(xbstream, path, mystat, stream_ctxt, my_xbstream_write_callback);\n\tif (xbstream_file == NULL)\n\t{\n\t\tmsg(\"xb_stream_write_open() failed.\");\n\t\tgoto err;\n\t}\n\tstream_file->xbstream_file = xbstream_file;\n\tstream_file->stream_ctxt = stream_ctxt;\n\tfile->ptr = stream_file;\n\tfile->path = stream_ctxt->dest_file->path;\n\treturn file;\nerr:\n\tif (stream_ctxt->dest_file)\n\t{\n\t\tds_close(stream_ctxt->dest_file);\n\t\tstream_ctxt->dest_file = NULL;\n\t}\n\tmy_free(file);\n\treturn NULL;\n}\n",
        "question": "How does modifying the control structure `if (stream_ctxt->dest_file)` affect the behavior or output of `pthread_mutex_lock`?",
        "choices": {
            "A": "The modification of `if (stream_ctxt->dest_file)` directly impacts the execution of `pthread_mutex_lock` because its entire operation is controlled by `if (stream_ctxt->dest_file)` and located within `if (stream_ctxt->dest_file)`.",
            "B": "Modifying `if (stream_ctxt->dest_file)` has no impact on the behavior or output of `pthread_mutex_lock`.",
            "C": "The change of if (stream_ctxt->dest_file) indirectly affects the execution of `pthread_mutex_lock`, as the modifications in `if (stream_ctxt->dest_file)` influence the arguments or conditions within `pthread_mutex_lock`.",
            "D": "It is not possible to determine the effect without additional context."
        },
        "answer": "B",
        "distance": 0
    }
]