[
    {
        "case_id": "primevul_62",
        "code": "static int tc_fill_tclass(struct sk_buff *skb, struct Qdisc *q, unsigned long cl, u32 pid, u32 seq, u16 flags, int event)\n{\n    struct tcmsg *tcm;\n    struct nlmsghdr  *nlh;\n    unsigned char *b = skb_tail_pointer(skb);\n    struct gnet_dump d;\n    const struct Qdisc_class_ops *cl_ops = q->ops->cl_ops;\n\n    nlh = NLMSG_NEW(skb, pid, seq, event, sizeof(*tcm), flags);\n    tcm = NLMSG_DATA(nlh);\n    tcm->tcm_family = AF_UNSPEC;\n    tcm->tcm_ifindex = qdisc_dev(q)->ifindex;\n    tcm->tcm_parent = q->handle;\n    tcm->tcm_handle = q->handle;\n    tcm->tcm_info = 0;\n\n    NLA_PUT_STRING(skb, TCA_KIND, q->ops->id);\n\n    if (cl_ops->dump && cl_ops->dump(q, cl, skb, tcm) < 0)\n    {\n        goto nla_put_failure;\n    }\n\n    if (gnet_stats_start_copy_compat(skb, TCA_STATS2, TCA_STATS, TCA_XSTATS, qdisc_root_sleeping_lock(q), &d) < 0)\n    {\n        goto nla_put_failure;\n    }\n\n    if (cl_ops->dump_stats && cl_ops->dump_stats(q, cl, &d) < 0)\n    {\n        goto nla_put_failure;\n    }\n\n    if (gnet_stats_finish_copy(&d) < 0)\n    {\n        goto nla_put_failure;\n    }\n\n    nlh->nlmsg_len = skb_tail_pointer(skb) - b;\n    return skb->len;\n\nnlmsg_failure:\nnla_put_failure:\n    nlmsg_trim(skb, b);\n    return -1;\n}\n",
        "question": "How does modifying the control structure `if (gnet_stats_finish_copy(&d) < 0)` affect the behavior or output of `qdisc_dev`?",
        "choices": {
            "A": "The modification of `if (gnet_stats_finish_copy(&d) < 0)` directly impacts the execution of `qdisc_dev` because its entire operation is controlled by `if (gnet_stats_finish_copy(&d) < 0)` and located within `if (gnet_stats_finish_copy(&d) < 0)`.",
            "B": "Modifying `if (gnet_stats_finish_copy(&d) < 0)` has no impact on the behavior or output of `qdisc_dev`.",
            "C": "The change of if (gnet_stats_finish_copy(&d) < 0) indirectly affects the execution of `qdisc_dev`, as the modifications in `if (gnet_stats_finish_copy(&d) < 0)` influence the arguments or conditions within `qdisc_dev`.",
            "D": "It is not possible to determine the effect without additional context."
        },
        "answer": "B",
        "distance": 0
    },
    {
        "case_id": "primevul_62",
        "code": "static int tc_fill_tclass(struct sk_buff *skb, struct Qdisc *q, unsigned long cl, u32 pid, u32 seq, u16 flags, int event)\n{\n    struct tcmsg *tcm;\n    struct nlmsghdr  *nlh;\n    unsigned char *b = skb_tail_pointer(skb);\n    struct gnet_dump d;\n    const struct Qdisc_class_ops *cl_ops = q->ops->cl_ops;\n\n    nlh = NLMSG_NEW(skb, pid, seq, event, sizeof(*tcm), flags);\n    tcm = NLMSG_DATA(nlh);\n    tcm->tcm_family = AF_UNSPEC;\n    tcm->tcm_ifindex = qdisc_dev(q)->ifindex;\n    tcm->tcm_parent = q->handle;\n    tcm->tcm_handle = q->handle;\n    tcm->tcm_info = 0;\n\n    NLA_PUT_STRING(skb, TCA_KIND, q->ops->id);\n\n    if (cl_ops->dump && cl_ops->dump(q, cl, skb, tcm) < 0)\n    {\n        goto nla_put_failure;\n    }\n\n    if (gnet_stats_start_copy_compat(skb, TCA_STATS2, TCA_STATS, TCA_XSTATS, qdisc_root_sleeping_lock(q), &d) < 0)\n    {\n        goto nla_put_failure;\n    }\n\n    if (cl_ops->dump_stats && cl_ops->dump_stats(q, cl, &d) < 0)\n    {\n        goto nla_put_failure;\n    }\n\n    if (gnet_stats_finish_copy(&d) < 0)\n    {\n        goto nla_put_failure;\n    }\n\n    nlh->nlmsg_len = skb_tail_pointer(skb) - b;\n    return skb->len;\n\nnlmsg_failure:\nnla_put_failure:\n    nlmsg_trim(skb, b);\n    return -1;\n}\n",
        "question": "How does modifying the control structure `if (gnet_stats_finish_copy(&d) < 0)` affect the behavior or output of `NLMSG_DATA`?",
        "choices": {
            "A": "The modification of `if (gnet_stats_finish_copy(&d) < 0)` directly impacts the execution of `NLMSG_DATA` because its entire operation is controlled by `if (gnet_stats_finish_copy(&d) < 0)` and located within `if (gnet_stats_finish_copy(&d) < 0)`.",
            "B": "Modifying `if (gnet_stats_finish_copy(&d) < 0)` has no impact on the behavior or output of `NLMSG_DATA`.",
            "C": "The change of if (gnet_stats_finish_copy(&d) < 0) indirectly affects the execution of `NLMSG_DATA`, as the modifications in `if (gnet_stats_finish_copy(&d) < 0)` influence the arguments or conditions within `NLMSG_DATA`.",
            "D": "It is not possible to determine the effect without additional context."
        },
        "answer": "B",
        "distance": 0
    },
    {
        "case_id": "primevul_62",
        "code": "static int tc_fill_tclass(struct sk_buff *skb, struct Qdisc *q, unsigned long cl, u32 pid, u32 seq, u16 flags, int event)\n{\n    struct tcmsg *tcm;\n    struct nlmsghdr  *nlh;\n    unsigned char *b = skb_tail_pointer(skb);\n    struct gnet_dump d;\n    const struct Qdisc_class_ops *cl_ops = q->ops->cl_ops;\n\n    nlh = NLMSG_NEW(skb, pid, seq, event, sizeof(*tcm), flags);\n    tcm = NLMSG_DATA(nlh);\n    tcm->tcm_family = AF_UNSPEC;\n    tcm->tcm_ifindex = qdisc_dev(q)->ifindex;\n    tcm->tcm_parent = q->handle;\n    tcm->tcm_handle = q->handle;\n    tcm->tcm_info = 0;\n\n    NLA_PUT_STRING(skb, TCA_KIND, q->ops->id);\n\n    if (cl_ops->dump && cl_ops->dump(q, cl, skb, tcm) < 0)\n    {\n        goto nla_put_failure;\n    }\n\n    if (gnet_stats_start_copy_compat(skb, TCA_STATS2, TCA_STATS, TCA_XSTATS, qdisc_root_sleeping_lock(q), &d) < 0)\n    {\n        goto nla_put_failure;\n    }\n\n    if (cl_ops->dump_stats && cl_ops->dump_stats(q, cl, &d) < 0)\n    {\n        goto nla_put_failure;\n    }\n\n    if (gnet_stats_finish_copy(&d) < 0)\n    {\n        goto nla_put_failure;\n    }\n\n    nlh->nlmsg_len = skb_tail_pointer(skb) - b;\n    return skb->len;\n\nnlmsg_failure:\nnla_put_failure:\n    nlmsg_trim(skb, b);\n    return -1;\n}\n",
        "question": "How does modifying the control structure `if (gnet_stats_finish_copy(&d) < 0)` affect the behavior or output of `NLMSG_NEW`?",
        "choices": {
            "A": "The modification of `if (gnet_stats_finish_copy(&d) < 0)` directly impacts the execution of `NLMSG_NEW` because its entire operation is controlled by `if (gnet_stats_finish_copy(&d) < 0)` and located within `if (gnet_stats_finish_copy(&d) < 0)`.",
            "B": "Modifying `if (gnet_stats_finish_copy(&d) < 0)` has no impact on the behavior or output of `NLMSG_NEW`.",
            "C": "The change of if (gnet_stats_finish_copy(&d) < 0) indirectly affects the execution of `NLMSG_NEW`, as the modifications in `if (gnet_stats_finish_copy(&d) < 0)` influence the arguments or conditions within `NLMSG_NEW`.",
            "D": "It is not possible to determine the effect without additional context."
        },
        "answer": "B",
        "distance": 0
    },
    {
        "case_id": "primevul_62",
        "code": "static int tc_fill_tclass(struct sk_buff *skb, struct Qdisc *q, unsigned long cl, u32 pid, u32 seq, u16 flags, int event)\n{\n    struct tcmsg *tcm;\n    struct nlmsghdr  *nlh;\n    unsigned char *b = skb_tail_pointer(skb);\n    struct gnet_dump d;\n    const struct Qdisc_class_ops *cl_ops = q->ops->cl_ops;\n\n    nlh = NLMSG_NEW(skb, pid, seq, event, sizeof(*tcm), flags);\n    tcm = NLMSG_DATA(nlh);\n    tcm->tcm_family = AF_UNSPEC;\n    tcm->tcm_ifindex = qdisc_dev(q)->ifindex;\n    tcm->tcm_parent = q->handle;\n    tcm->tcm_handle = q->handle;\n    tcm->tcm_info = 0;\n\n    NLA_PUT_STRING(skb, TCA_KIND, q->ops->id);\n\n    if (cl_ops->dump && cl_ops->dump(q, cl, skb, tcm) < 0)\n    {\n        goto nla_put_failure;\n    }\n\n    if (gnet_stats_start_copy_compat(skb, TCA_STATS2, TCA_STATS, TCA_XSTATS, qdisc_root_sleeping_lock(q), &d) < 0)\n    {\n        goto nla_put_failure;\n    }\n\n    if (cl_ops->dump_stats && cl_ops->dump_stats(q, cl, &d) < 0)\n    {\n        goto nla_put_failure;\n    }\n\n    if (gnet_stats_finish_copy(&d) < 0)\n    {\n        goto nla_put_failure;\n    }\n\n    nlh->nlmsg_len = skb_tail_pointer(skb) - b;\n    return skb->len;\n\nnlmsg_failure:\nnla_put_failure:\n    nlmsg_trim(skb, b);\n    return -1;\n}\n",
        "question": "How does modifying the control structure `if (gnet_stats_finish_copy(&d) < 0)` affect the behavior or output of `nlmsg_trim`?",
        "choices": {
            "A": "The modification of `if (gnet_stats_finish_copy(&d) < 0)` directly impacts the execution of `nlmsg_trim` because its entire operation is controlled by `if (gnet_stats_finish_copy(&d) < 0)` and located within `if (gnet_stats_finish_copy(&d) < 0)`.",
            "B": "Modifying `if (gnet_stats_finish_copy(&d) < 0)` has no impact on the behavior or output of `nlmsg_trim`.",
            "C": "The change of if (gnet_stats_finish_copy(&d) < 0) indirectly affects the execution of `nlmsg_trim`, as the modifications in `if (gnet_stats_finish_copy(&d) < 0)` influence the arguments or conditions within `nlmsg_trim`.",
            "D": "It is not possible to determine the effect without additional context."
        },
        "answer": "B",
        "distance": 0
    }
]