[
    {
        "case_id": "primevul_13",
        "code": "int compat_get_timex(struct timex *txc, const struct compat_timex __user *utp)\n{\n    struct compat_timex tx32;\n    if (copy_from_user(&tx32, utp, sizeof(struct compat_timex)))\n    {\n        return -EFAULT;\n    }\n    txc->modes = tx32.modes;\n    txc->offset = tx32.offset;\n    txc->freq = tx32.freq;\n    txc->maxerror = tx32.maxerror;\n    txc->esterror = tx32.esterror;\n    txc->status = tx32.status;\n    txc->constant = tx32.constant;\n    txc->precision = tx32.precision;\n    txc->tolerance = tx32.tolerance;\n    txc->time.tv_sec = tx32.time.tv_sec;\n    txc->time.tv_usec = tx32.time.tv_usec;\n    txc->tick = tx32.tick;\n    txc->ppsfreq = tx32.ppsfreq;\n    txc->jitter = tx32.jitter;\n    txc->shift = tx32.shift;\n    txc->stabil = tx32.stabil;\n    txc->jitcnt = tx32.jitcnt;\n    txc->calcnt = tx32.calcnt;\n    txc->errcnt = tx32.errcnt;\n    txc->stbcnt = tx32.stbcnt;\n    return 0;\n}\n",
        "question": "How does modifying the control structure `return -EFAULT;` affect the behavior or output of `copy_from_user`?",
        "choices": {
            "A": "The modification of `return -EFAULT;` directly impacts the execution of `copy_from_user` because its entire operation is controlled by `return -EFAULT;` and located within `return -EFAULT;`.",
            "B": "Modifying `return -EFAULT;` has no impact on the behavior or output of `copy_from_user`.",
            "C": "The change of return -EFAULT; indirectly affects the execution of `copy_from_user`, as the modifications in `return -EFAULT;` influence the arguments or conditions within `copy_from_user`.",
            "D": "It is not possible to determine the effect without additional context."
        },
        "answer": "B",
        "distance": 0
    },
    {
        "case_id": "primevul_13",
        "code": "int compat_get_timex(struct timex *txc, const struct compat_timex __user *utp)\n{\n    struct compat_timex tx32;\n    if (copy_from_user(&tx32, utp, sizeof(struct compat_timex)))\n    {\n        return -EFAULT;\n    }\n    txc->modes = tx32.modes;\n    txc->offset = tx32.offset;\n    txc->freq = tx32.freq;\n    txc->maxerror = tx32.maxerror;\n    txc->esterror = tx32.esterror;\n    txc->status = tx32.status;\n    txc->constant = tx32.constant;\n    txc->precision = tx32.precision;\n    txc->tolerance = tx32.tolerance;\n    txc->time.tv_sec = tx32.time.tv_sec;\n    txc->time.tv_usec = tx32.time.tv_usec;\n    txc->tick = tx32.tick;\n    txc->ppsfreq = tx32.ppsfreq;\n    txc->jitter = tx32.jitter;\n    txc->shift = tx32.shift;\n    txc->stabil = tx32.stabil;\n    txc->jitcnt = tx32.jitcnt;\n    txc->calcnt = tx32.calcnt;\n    txc->errcnt = tx32.errcnt;\n    txc->stbcnt = tx32.stbcnt;\n    return 0;\n}\n",
        "question": "How does modifying the control structure `if (copy_from_user(&tx32, utp, sizeof(struct compat_timex)))` affect the behavior or output of `copy_from_user`?",
        "choices": {
            "A": "The modification of `if (copy_from_user(&tx32, utp, sizeof(struct compat_timex)))` directly impacts the execution of `copy_from_user` because its entire operation is controlled by `if (copy_from_user(&tx32, utp, sizeof(struct compat_timex)))` and located within `if (copy_from_user(&tx32, utp, sizeof(struct compat_timex)))`.",
            "B": "Modifying `if (copy_from_user(&tx32, utp, sizeof(struct compat_timex)))` has no impact on the behavior or output of `copy_from_user`.",
            "C": "The change of if (copy_from_user(&tx32, utp, sizeof(struct compat_timex))) indirectly affects the execution of `copy_from_user`, as the modifications in `if (copy_from_user(&tx32, utp, sizeof(struct compat_timex)))` influence the arguments or conditions within `copy_from_user`.",
            "D": "It is not possible to determine the effect without additional context."
        },
        "answer": "B",
        "distance": 0
    }
]