[
    {
        "case_id": "primevul_14",
        "code": "bool CopyDirectory(const FilePath& from_path, const FilePath& to_path, bool recursive)\n{\n    base::ThreadRestrictions::AssertIOAllowed();\n    DCHECK(to_path.value().find('*') == std::string::npos);\n    DCHECK(from_path.value().find('*') == std::string::npos);\n    char top_dir[PATH_MAX];\n    if (base::strlcpy(top_dir, from_path.value().c_str(), arraysize(top_dir)) >= arraysize(top_dir))\n    {\n        return false;\n    }\n    FilePath real_to_path = to_path;\n    if (PathExists(real_to_path))\n    {\n        if (!AbsolutePath(&real_to_path))\n        {\n            return false;\n        }\n    }\n    else\n    {\n        real_to_path = real_to_path.DirName();\n        if (!AbsolutePath(&real_to_path))\n        {\n            return false;\n        }\n    }\n    FilePath real_from_path = from_path;\n    if (!AbsolutePath(&real_from_path))\n    {\n        return false;\n    }\n    if (real_to_path.value().size() >= real_from_path.value().size() && real_to_path.value().compare(0, real_from_path.value().size(), real_from_path.value()) == 0)\n    {\n        return false;\n    }\n    bool success = true;\n    int traverse_type = FileEnumerator::FILES | FileEnumerator::SHOW_SYM_LINKS;\n    if (recursive)\n    {\n        traverse_type |= FileEnumerator::DIRECTORIES;\n    }\n    FileEnumerator traversal(from_path, recursive, traverse_type);\n    FileEnumerator::FindInfo info;\n    FilePath current = from_path;\n    if (stat(from_path.value().c_str(), &info.stat) < 0)\n    {\n        DLOG(ERROR) << \"CopyDirectory() couldn't stat source directory: \" << from_path.value() << \" errno = \" << errno;\n        success = false;\n    }\n    struct stat to_path_stat;\n    FilePath from_path_base = from_path;\n    if (recursive && stat(to_path.value().c_str(), &to_path_stat) == 0 && S_ISDIR(to_path_stat.st_mode))\n    {\n        from_path_base = from_path.DirName();\n    }\n    DCHECK(recursive || S_ISDIR(info.stat.st_mode));\n    while (success && !current.empty())\n    {\n        std::string suffix(&current.value().c_str()[from_path_base.value().size()]);\n        if (!suffix.empty())\n        {\n            DCHECK_EQ('/', suffix[0]);\n            suffix.erase(0, 1);\n        }\n        const FilePath target_path = to_path.Append(suffix);\n        if (S_ISDIR(info.stat.st_mode))\n        {\n            if (mkdir(target_path.value().c_str(), info.stat.st_mode & 01777) != 0 && errno != EEXIST)\n            {\n                DLOG(ERROR) << \"CopyDirectory() couldn't create directory: \" << target_path.value() << \" errno = \" << errno;\n                success = false;\n            }\n        }\n        else if (S_ISREG(info.stat.st_mode))\n        {\n            if (!CopyFile(current, target_path))\n            {\n                DLOG(ERROR) << \"CopyDirectory() couldn't create file: \" << target_path.value();\n                success = false;\n            }\n        }\n        else\n        {\n            DLOG(WARNING) << \"CopyDirectory() skipping non-regular file: \" << current.value();\n        }\n        current = traversal.Next();\n        traversal.GetFindInfo(&info);\n    }\n    return success;\n}\n",
        "question": "How does modifying the control structure `while (success && !current.empty())` affect the behavior or output of `erase`?",
        "choices": {
            "A": "The modification of `while (success && !current.empty())` directly impacts the execution of `erase` because its entire operation is controlled by `while (success && !current.empty())` and located within `while (success && !current.empty())`.",
            "B": "Modifying `while (success && !current.empty())` has no impact on the behavior or output of `erase`.",
            "C": "The change of while (success && !current.empty()) indirectly affects the execution of `erase`, as the modifications in `while (success && !current.empty())` influence the arguments or conditions within `erase`.",
            "D": "It is not possible to determine the effect without additional context."
        },
        "answer": "A",
        "distance": 1
    },
    {
        "case_id": "primevul_14",
        "code": "bool CopyDirectory(const FilePath& from_path, const FilePath& to_path, bool recursive)\n{\n    base::ThreadRestrictions::AssertIOAllowed();\n    DCHECK(to_path.value().find('*') == std::string::npos);\n    DCHECK(from_path.value().find('*') == std::string::npos);\n    char top_dir[PATH_MAX];\n    if (base::strlcpy(top_dir, from_path.value().c_str(), arraysize(top_dir)) >= arraysize(top_dir))\n    {\n        return false;\n    }\n    FilePath real_to_path = to_path;\n    if (PathExists(real_to_path))\n    {\n        if (!AbsolutePath(&real_to_path))\n        {\n            return false;\n        }\n    }\n    else\n    {\n        real_to_path = real_to_path.DirName();\n        if (!AbsolutePath(&real_to_path))\n        {\n            return false;\n        }\n    }\n    FilePath real_from_path = from_path;\n    if (!AbsolutePath(&real_from_path))\n    {\n        return false;\n    }\n    if (real_to_path.value().size() >= real_from_path.value().size() && real_to_path.value().compare(0, real_from_path.value().size(), real_from_path.value()) == 0)\n    {\n        return false;\n    }\n    bool success = true;\n    int traverse_type = FileEnumerator::FILES | FileEnumerator::SHOW_SYM_LINKS;\n    if (recursive)\n    {\n        traverse_type |= FileEnumerator::DIRECTORIES;\n    }\n    FileEnumerator traversal(from_path, recursive, traverse_type);\n    FileEnumerator::FindInfo info;\n    FilePath current = from_path;\n    if (stat(from_path.value().c_str(), &info.stat) < 0)\n    {\n        DLOG(ERROR) << \"CopyDirectory() couldn't stat source directory: \" << from_path.value() << \" errno = \" << errno;\n        success = false;\n    }\n    struct stat to_path_stat;\n    FilePath from_path_base = from_path;\n    if (recursive && stat(to_path.value().c_str(), &to_path_stat) == 0 && S_ISDIR(to_path_stat.st_mode))\n    {\n        from_path_base = from_path.DirName();\n    }\n    DCHECK(recursive || S_ISDIR(info.stat.st_mode));\n    while (success && !current.empty())\n    {\n        std::string suffix(&current.value().c_str()[from_path_base.value().size()]);\n        if (!suffix.empty())\n        {\n            DCHECK_EQ('/', suffix[0]);\n            suffix.erase(0, 1);\n        }\n        const FilePath target_path = to_path.Append(suffix);\n        if (S_ISDIR(info.stat.st_mode))\n        {\n            if (mkdir(target_path.value().c_str(), info.stat.st_mode & 01777) != 0 && errno != EEXIST)\n            {\n                DLOG(ERROR) << \"CopyDirectory() couldn't create directory: \" << target_path.value() << \" errno = \" << errno;\n                success = false;\n            }\n        }\n        else if (S_ISREG(info.stat.st_mode))\n        {\n            if (!CopyFile(current, target_path))\n            {\n                DLOG(ERROR) << \"CopyDirectory() couldn't create file: \" << target_path.value();\n                success = false;\n            }\n        }\n        else\n        {\n            DLOG(WARNING) << \"CopyDirectory() skipping non-regular file: \" << current.value();\n        }\n        current = traversal.Next();\n        traversal.GetFindInfo(&info);\n    }\n    return success;\n}\n",
        "question": "How does modifying the control structure `while (success && !current.empty())` affect the behavior or output of `GetFindInfo`?",
        "choices": {
            "A": "The modification of `while (success && !current.empty())` directly impacts the execution of `GetFindInfo` because its entire operation is controlled by `while (success && !current.empty())` and located within `while (success && !current.empty())`.",
            "B": "Modifying `while (success && !current.empty())` has no impact on the behavior or output of `GetFindInfo`.",
            "C": "The change of while (success && !current.empty()) indirectly affects the execution of `GetFindInfo`, as the modifications in `while (success && !current.empty())` influence the arguments or conditions within `GetFindInfo`.",
            "D": "It is not possible to determine the effect without additional context."
        },
        "answer": "A",
        "distance": 1
    },
    {
        "case_id": "primevul_14",
        "code": "bool CopyDirectory(const FilePath& from_path, const FilePath& to_path, bool recursive)\n{\n    base::ThreadRestrictions::AssertIOAllowed();\n    DCHECK(to_path.value().find('*') == std::string::npos);\n    DCHECK(from_path.value().find('*') == std::string::npos);\n    char top_dir[PATH_MAX];\n    if (base::strlcpy(top_dir, from_path.value().c_str(), arraysize(top_dir)) >= arraysize(top_dir))\n    {\n        return false;\n    }\n    FilePath real_to_path = to_path;\n    if (PathExists(real_to_path))\n    {\n        if (!AbsolutePath(&real_to_path))\n        {\n            return false;\n        }\n    }\n    else\n    {\n        real_to_path = real_to_path.DirName();\n        if (!AbsolutePath(&real_to_path))\n        {\n            return false;\n        }\n    }\n    FilePath real_from_path = from_path;\n    if (!AbsolutePath(&real_from_path))\n    {\n        return false;\n    }\n    if (real_to_path.value().size() >= real_from_path.value().size() && real_to_path.value().compare(0, real_from_path.value().size(), real_from_path.value()) == 0)\n    {\n        return false;\n    }\n    bool success = true;\n    int traverse_type = FileEnumerator::FILES | FileEnumerator::SHOW_SYM_LINKS;\n    if (recursive)\n    {\n        traverse_type |= FileEnumerator::DIRECTORIES;\n    }\n    FileEnumerator traversal(from_path, recursive, traverse_type);\n    FileEnumerator::FindInfo info;\n    FilePath current = from_path;\n    if (stat(from_path.value().c_str(), &info.stat) < 0)\n    {\n        DLOG(ERROR) << \"CopyDirectory() couldn't stat source directory: \" << from_path.value() << \" errno = \" << errno;\n        success = false;\n    }\n    struct stat to_path_stat;\n    FilePath from_path_base = from_path;\n    if (recursive && stat(to_path.value().c_str(), &to_path_stat) == 0 && S_ISDIR(to_path_stat.st_mode))\n    {\n        from_path_base = from_path.DirName();\n    }\n    DCHECK(recursive || S_ISDIR(info.stat.st_mode));\n    while (success && !current.empty())\n    {\n        std::string suffix(&current.value().c_str()[from_path_base.value().size()]);\n        if (!suffix.empty())\n        {\n            DCHECK_EQ('/', suffix[0]);\n            suffix.erase(0, 1);\n        }\n        const FilePath target_path = to_path.Append(suffix);\n        if (S_ISDIR(info.stat.st_mode))\n        {\n            if (mkdir(target_path.value().c_str(), info.stat.st_mode & 01777) != 0 && errno != EEXIST)\n            {\n                DLOG(ERROR) << \"CopyDirectory() couldn't create directory: \" << target_path.value() << \" errno = \" << errno;\n                success = false;\n            }\n        }\n        else if (S_ISREG(info.stat.st_mode))\n        {\n            if (!CopyFile(current, target_path))\n            {\n                DLOG(ERROR) << \"CopyDirectory() couldn't create file: \" << target_path.value();\n                success = false;\n            }\n        }\n        else\n        {\n            DLOG(WARNING) << \"CopyDirectory() skipping non-regular file: \" << current.value();\n        }\n        current = traversal.Next();\n        traversal.GetFindInfo(&info);\n    }\n    return success;\n}\n",
        "question": "How does modifying the control structure `while (success && !current.empty())` affect the behavior or output of `DCHECK_EQ`?",
        "choices": {
            "A": "The modification of `while (success && !current.empty())` directly impacts the execution of `DCHECK_EQ` because its entire operation is controlled by `while (success && !current.empty())` and located within `while (success && !current.empty())`.",
            "B": "Modifying `while (success && !current.empty())` has no impact on the behavior or output of `DCHECK_EQ`.",
            "C": "The change of while (success && !current.empty()) indirectly affects the execution of `DCHECK_EQ`, as the modifications in `while (success && !current.empty())` influence the arguments or conditions within `DCHECK_EQ`.",
            "D": "It is not possible to determine the effect without additional context."
        },
        "answer": "A",
        "distance": 1
    },
    {
        "case_id": "primevul_14",
        "code": "bool CopyDirectory(const FilePath& from_path, const FilePath& to_path, bool recursive)\n{\n    base::ThreadRestrictions::AssertIOAllowed();\n    DCHECK(to_path.value().find('*') == std::string::npos);\n    DCHECK(from_path.value().find('*') == std::string::npos);\n    char top_dir[PATH_MAX];\n    if (base::strlcpy(top_dir, from_path.value().c_str(), arraysize(top_dir)) >= arraysize(top_dir))\n    {\n        return false;\n    }\n    FilePath real_to_path = to_path;\n    if (PathExists(real_to_path))\n    {\n        if (!AbsolutePath(&real_to_path))\n        {\n            return false;\n        }\n    }\n    else\n    {\n        real_to_path = real_to_path.DirName();\n        if (!AbsolutePath(&real_to_path))\n        {\n            return false;\n        }\n    }\n    FilePath real_from_path = from_path;\n    if (!AbsolutePath(&real_from_path))\n    {\n        return false;\n    }\n    if (real_to_path.value().size() >= real_from_path.value().size() && real_to_path.value().compare(0, real_from_path.value().size(), real_from_path.value()) == 0)\n    {\n        return false;\n    }\n    bool success = true;\n    int traverse_type = FileEnumerator::FILES | FileEnumerator::SHOW_SYM_LINKS;\n    if (recursive)\n    {\n        traverse_type |= FileEnumerator::DIRECTORIES;\n    }\n    FileEnumerator traversal(from_path, recursive, traverse_type);\n    FileEnumerator::FindInfo info;\n    FilePath current = from_path;\n    if (stat(from_path.value().c_str(), &info.stat) < 0)\n    {\n        DLOG(ERROR) << \"CopyDirectory() couldn't stat source directory: \" << from_path.value() << \" errno = \" << errno;\n        success = false;\n    }\n    struct stat to_path_stat;\n    FilePath from_path_base = from_path;\n    if (recursive && stat(to_path.value().c_str(), &to_path_stat) == 0 && S_ISDIR(to_path_stat.st_mode))\n    {\n        from_path_base = from_path.DirName();\n    }\n    DCHECK(recursive || S_ISDIR(info.stat.st_mode));\n    while (success && !current.empty())\n    {\n        std::string suffix(&current.value().c_str()[from_path_base.value().size()]);\n        if (!suffix.empty())\n        {\n            DCHECK_EQ('/', suffix[0]);\n            suffix.erase(0, 1);\n        }\n        const FilePath target_path = to_path.Append(suffix);\n        if (S_ISDIR(info.stat.st_mode))\n        {\n            if (mkdir(target_path.value().c_str(), info.stat.st_mode & 01777) != 0 && errno != EEXIST)\n            {\n                DLOG(ERROR) << \"CopyDirectory() couldn't create directory: \" << target_path.value() << \" errno = \" << errno;\n                success = false;\n            }\n        }\n        else if (S_ISREG(info.stat.st_mode))\n        {\n            if (!CopyFile(current, target_path))\n            {\n                DLOG(ERROR) << \"CopyDirectory() couldn't create file: \" << target_path.value();\n                success = false;\n            }\n        }\n        else\n        {\n            DLOG(WARNING) << \"CopyDirectory() skipping non-regular file: \" << current.value();\n        }\n        current = traversal.Next();\n        traversal.GetFindInfo(&info);\n    }\n    return success;\n}\n",
        "question": "How does modifying the control structure `while (success && !current.empty())` affect the behavior or output of `Next`?",
        "choices": {
            "A": "The modification of `while (success && !current.empty())` directly impacts the execution of `Next` because its entire operation is controlled by `while (success && !current.empty())` and located within `while (success && !current.empty())`.",
            "B": "Modifying `while (success && !current.empty())` has no impact on the behavior or output of `Next`.",
            "C": "The change of while (success && !current.empty()) indirectly affects the execution of `Next`, as the modifications in `while (success && !current.empty())` influence the arguments or conditions within `Next`.",
            "D": "It is not possible to determine the effect without additional context."
        },
        "answer": "A",
        "distance": 1
    },
    {
        "case_id": "primevul_14",
        "code": "bool CopyDirectory(const FilePath& from_path, const FilePath& to_path, bool recursive)\n{\n    base::ThreadRestrictions::AssertIOAllowed();\n    DCHECK(to_path.value().find('*') == std::string::npos);\n    DCHECK(from_path.value().find('*') == std::string::npos);\n    char top_dir[PATH_MAX];\n    if (base::strlcpy(top_dir, from_path.value().c_str(), arraysize(top_dir)) >= arraysize(top_dir))\n    {\n        return false;\n    }\n    FilePath real_to_path = to_path;\n    if (PathExists(real_to_path))\n    {\n        if (!AbsolutePath(&real_to_path))\n        {\n            return false;\n        }\n    }\n    else\n    {\n        real_to_path = real_to_path.DirName();\n        if (!AbsolutePath(&real_to_path))\n        {\n            return false;\n        }\n    }\n    FilePath real_from_path = from_path;\n    if (!AbsolutePath(&real_from_path))\n    {\n        return false;\n    }\n    if (real_to_path.value().size() >= real_from_path.value().size() && real_to_path.value().compare(0, real_from_path.value().size(), real_from_path.value()) == 0)\n    {\n        return false;\n    }\n    bool success = true;\n    int traverse_type = FileEnumerator::FILES | FileEnumerator::SHOW_SYM_LINKS;\n    if (recursive)\n    {\n        traverse_type |= FileEnumerator::DIRECTORIES;\n    }\n    FileEnumerator traversal(from_path, recursive, traverse_type);\n    FileEnumerator::FindInfo info;\n    FilePath current = from_path;\n    if (stat(from_path.value().c_str(), &info.stat) < 0)\n    {\n        DLOG(ERROR) << \"CopyDirectory() couldn't stat source directory: \" << from_path.value() << \" errno = \" << errno;\n        success = false;\n    }\n    struct stat to_path_stat;\n    FilePath from_path_base = from_path;\n    if (recursive && stat(to_path.value().c_str(), &to_path_stat) == 0 && S_ISDIR(to_path_stat.st_mode))\n    {\n        from_path_base = from_path.DirName();\n    }\n    DCHECK(recursive || S_ISDIR(info.stat.st_mode));\n    while (success && !current.empty())\n    {\n        std::string suffix(&current.value().c_str()[from_path_base.value().size()]);\n        if (!suffix.empty())\n        {\n            DCHECK_EQ('/', suffix[0]);\n            suffix.erase(0, 1);\n        }\n        const FilePath target_path = to_path.Append(suffix);\n        if (S_ISDIR(info.stat.st_mode))\n        {\n            if (mkdir(target_path.value().c_str(), info.stat.st_mode & 01777) != 0 && errno != EEXIST)\n            {\n                DLOG(ERROR) << \"CopyDirectory() couldn't create directory: \" << target_path.value() << \" errno = \" << errno;\n                success = false;\n            }\n        }\n        else if (S_ISREG(info.stat.st_mode))\n        {\n            if (!CopyFile(current, target_path))\n            {\n                DLOG(ERROR) << \"CopyDirectory() couldn't create file: \" << target_path.value();\n                success = false;\n            }\n        }\n        else\n        {\n            DLOG(WARNING) << \"CopyDirectory() skipping non-regular file: \" << current.value();\n        }\n        current = traversal.Next();\n        traversal.GetFindInfo(&info);\n    }\n    return success;\n}\n",
        "question": "How does modifying the control structure `return false;` affect the behavior or output of `erase`?",
        "choices": {
            "A": "The modification of `return false;` directly impacts the execution of `erase` because its entire operation is controlled by `return false;` and located within `return false;`.",
            "B": "Modifying `return false;` has no impact on the behavior or output of `erase`.",
            "C": "The change of return false; indirectly affects the execution of `erase`, as the modifications in `return false;` influence the arguments or conditions within `erase`.",
            "D": "It is not possible to determine the effect without additional context."
        },
        "answer": "B",
        "distance": 0
    },
    {
        "case_id": "primevul_14",
        "code": "bool CopyDirectory(const FilePath& from_path, const FilePath& to_path, bool recursive)\n{\n    base::ThreadRestrictions::AssertIOAllowed();\n    DCHECK(to_path.value().find('*') == std::string::npos);\n    DCHECK(from_path.value().find('*') == std::string::npos);\n    char top_dir[PATH_MAX];\n    if (base::strlcpy(top_dir, from_path.value().c_str(), arraysize(top_dir)) >= arraysize(top_dir))\n    {\n        return false;\n    }\n    FilePath real_to_path = to_path;\n    if (PathExists(real_to_path))\n    {\n        if (!AbsolutePath(&real_to_path))\n        {\n            return false;\n        }\n    }\n    else\n    {\n        real_to_path = real_to_path.DirName();\n        if (!AbsolutePath(&real_to_path))\n        {\n            return false;\n        }\n    }\n    FilePath real_from_path = from_path;\n    if (!AbsolutePath(&real_from_path))\n    {\n        return false;\n    }\n    if (real_to_path.value().size() >= real_from_path.value().size() && real_to_path.value().compare(0, real_from_path.value().size(), real_from_path.value()) == 0)\n    {\n        return false;\n    }\n    bool success = true;\n    int traverse_type = FileEnumerator::FILES | FileEnumerator::SHOW_SYM_LINKS;\n    if (recursive)\n    {\n        traverse_type |= FileEnumerator::DIRECTORIES;\n    }\n    FileEnumerator traversal(from_path, recursive, traverse_type);\n    FileEnumerator::FindInfo info;\n    FilePath current = from_path;\n    if (stat(from_path.value().c_str(), &info.stat) < 0)\n    {\n        DLOG(ERROR) << \"CopyDirectory() couldn't stat source directory: \" << from_path.value() << \" errno = \" << errno;\n        success = false;\n    }\n    struct stat to_path_stat;\n    FilePath from_path_base = from_path;\n    if (recursive && stat(to_path.value().c_str(), &to_path_stat) == 0 && S_ISDIR(to_path_stat.st_mode))\n    {\n        from_path_base = from_path.DirName();\n    }\n    DCHECK(recursive || S_ISDIR(info.stat.st_mode));\n    while (success && !current.empty())\n    {\n        std::string suffix(&current.value().c_str()[from_path_base.value().size()]);\n        if (!suffix.empty())\n        {\n            DCHECK_EQ('/', suffix[0]);\n            suffix.erase(0, 1);\n        }\n        const FilePath target_path = to_path.Append(suffix);\n        if (S_ISDIR(info.stat.st_mode))\n        {\n            if (mkdir(target_path.value().c_str(), info.stat.st_mode & 01777) != 0 && errno != EEXIST)\n            {\n                DLOG(ERROR) << \"CopyDirectory() couldn't create directory: \" << target_path.value() << \" errno = \" << errno;\n                success = false;\n            }\n        }\n        else if (S_ISREG(info.stat.st_mode))\n        {\n            if (!CopyFile(current, target_path))\n            {\n                DLOG(ERROR) << \"CopyDirectory() couldn't create file: \" << target_path.value();\n                success = false;\n            }\n        }\n        else\n        {\n            DLOG(WARNING) << \"CopyDirectory() skipping non-regular file: \" << current.value();\n        }\n        current = traversal.Next();\n        traversal.GetFindInfo(&info);\n    }\n    return success;\n}\n",
        "question": "How does modifying the control structure `return false;` affect the behavior or output of `strlcpy`?",
        "choices": {
            "A": "The modification of `return false;` directly impacts the execution of `strlcpy` because its entire operation is controlled by `return false;` and located within `return false;`.",
            "B": "Modifying `return false;` has no impact on the behavior or output of `strlcpy`.",
            "C": "The change of return false; indirectly affects the execution of `strlcpy`, as the modifications in `return false;` influence the arguments or conditions within `strlcpy`.",
            "D": "It is not possible to determine the effect without additional context."
        },
        "answer": "B",
        "distance": 0
    },
    {
        "case_id": "primevul_14",
        "code": "bool CopyDirectory(const FilePath& from_path, const FilePath& to_path, bool recursive)\n{\n    base::ThreadRestrictions::AssertIOAllowed();\n    DCHECK(to_path.value().find('*') == std::string::npos);\n    DCHECK(from_path.value().find('*') == std::string::npos);\n    char top_dir[PATH_MAX];\n    if (base::strlcpy(top_dir, from_path.value().c_str(), arraysize(top_dir)) >= arraysize(top_dir))\n    {\n        return false;\n    }\n    FilePath real_to_path = to_path;\n    if (PathExists(real_to_path))\n    {\n        if (!AbsolutePath(&real_to_path))\n        {\n            return false;\n        }\n    }\n    else\n    {\n        real_to_path = real_to_path.DirName();\n        if (!AbsolutePath(&real_to_path))\n        {\n            return false;\n        }\n    }\n    FilePath real_from_path = from_path;\n    if (!AbsolutePath(&real_from_path))\n    {\n        return false;\n    }\n    if (real_to_path.value().size() >= real_from_path.value().size() && real_to_path.value().compare(0, real_from_path.value().size(), real_from_path.value()) == 0)\n    {\n        return false;\n    }\n    bool success = true;\n    int traverse_type = FileEnumerator::FILES | FileEnumerator::SHOW_SYM_LINKS;\n    if (recursive)\n    {\n        traverse_type |= FileEnumerator::DIRECTORIES;\n    }\n    FileEnumerator traversal(from_path, recursive, traverse_type);\n    FileEnumerator::FindInfo info;\n    FilePath current = from_path;\n    if (stat(from_path.value().c_str(), &info.stat) < 0)\n    {\n        DLOG(ERROR) << \"CopyDirectory() couldn't stat source directory: \" << from_path.value() << \" errno = \" << errno;\n        success = false;\n    }\n    struct stat to_path_stat;\n    FilePath from_path_base = from_path;\n    if (recursive && stat(to_path.value().c_str(), &to_path_stat) == 0 && S_ISDIR(to_path_stat.st_mode))\n    {\n        from_path_base = from_path.DirName();\n    }\n    DCHECK(recursive || S_ISDIR(info.stat.st_mode));\n    while (success && !current.empty())\n    {\n        std::string suffix(&current.value().c_str()[from_path_base.value().size()]);\n        if (!suffix.empty())\n        {\n            DCHECK_EQ('/', suffix[0]);\n            suffix.erase(0, 1);\n        }\n        const FilePath target_path = to_path.Append(suffix);\n        if (S_ISDIR(info.stat.st_mode))\n        {\n            if (mkdir(target_path.value().c_str(), info.stat.st_mode & 01777) != 0 && errno != EEXIST)\n            {\n                DLOG(ERROR) << \"CopyDirectory() couldn't create directory: \" << target_path.value() << \" errno = \" << errno;\n                success = false;\n            }\n        }\n        else if (S_ISREG(info.stat.st_mode))\n        {\n            if (!CopyFile(current, target_path))\n            {\n                DLOG(ERROR) << \"CopyDirectory() couldn't create file: \" << target_path.value();\n                success = false;\n            }\n        }\n        else\n        {\n            DLOG(WARNING) << \"CopyDirectory() skipping non-regular file: \" << current.value();\n        }\n        current = traversal.Next();\n        traversal.GetFindInfo(&info);\n    }\n    return success;\n}\n",
        "question": "How does modifying the control structure `return false;` affect the behavior or output of `GetFindInfo`?",
        "choices": {
            "A": "The modification of `return false;` directly impacts the execution of `GetFindInfo` because its entire operation is controlled by `return false;` and located within `return false;`.",
            "B": "Modifying `return false;` has no impact on the behavior or output of `GetFindInfo`.",
            "C": "The change of return false; indirectly affects the execution of `GetFindInfo`, as the modifications in `return false;` influence the arguments or conditions within `GetFindInfo`.",
            "D": "It is not possible to determine the effect without additional context."
        },
        "answer": "B",
        "distance": 0
    },
    {
        "case_id": "primevul_14",
        "code": "bool CopyDirectory(const FilePath& from_path, const FilePath& to_path, bool recursive)\n{\n    base::ThreadRestrictions::AssertIOAllowed();\n    DCHECK(to_path.value().find('*') == std::string::npos);\n    DCHECK(from_path.value().find('*') == std::string::npos);\n    char top_dir[PATH_MAX];\n    if (base::strlcpy(top_dir, from_path.value().c_str(), arraysize(top_dir)) >= arraysize(top_dir))\n    {\n        return false;\n    }\n    FilePath real_to_path = to_path;\n    if (PathExists(real_to_path))\n    {\n        if (!AbsolutePath(&real_to_path))\n        {\n            return false;\n        }\n    }\n    else\n    {\n        real_to_path = real_to_path.DirName();\n        if (!AbsolutePath(&real_to_path))\n        {\n            return false;\n        }\n    }\n    FilePath real_from_path = from_path;\n    if (!AbsolutePath(&real_from_path))\n    {\n        return false;\n    }\n    if (real_to_path.value().size() >= real_from_path.value().size() && real_to_path.value().compare(0, real_from_path.value().size(), real_from_path.value()) == 0)\n    {\n        return false;\n    }\n    bool success = true;\n    int traverse_type = FileEnumerator::FILES | FileEnumerator::SHOW_SYM_LINKS;\n    if (recursive)\n    {\n        traverse_type |= FileEnumerator::DIRECTORIES;\n    }\n    FileEnumerator traversal(from_path, recursive, traverse_type);\n    FileEnumerator::FindInfo info;\n    FilePath current = from_path;\n    if (stat(from_path.value().c_str(), &info.stat) < 0)\n    {\n        DLOG(ERROR) << \"CopyDirectory() couldn't stat source directory: \" << from_path.value() << \" errno = \" << errno;\n        success = false;\n    }\n    struct stat to_path_stat;\n    FilePath from_path_base = from_path;\n    if (recursive && stat(to_path.value().c_str(), &to_path_stat) == 0 && S_ISDIR(to_path_stat.st_mode))\n    {\n        from_path_base = from_path.DirName();\n    }\n    DCHECK(recursive || S_ISDIR(info.stat.st_mode));\n    while (success && !current.empty())\n    {\n        std::string suffix(&current.value().c_str()[from_path_base.value().size()]);\n        if (!suffix.empty())\n        {\n            DCHECK_EQ('/', suffix[0]);\n            suffix.erase(0, 1);\n        }\n        const FilePath target_path = to_path.Append(suffix);\n        if (S_ISDIR(info.stat.st_mode))\n        {\n            if (mkdir(target_path.value().c_str(), info.stat.st_mode & 01777) != 0 && errno != EEXIST)\n            {\n                DLOG(ERROR) << \"CopyDirectory() couldn't create directory: \" << target_path.value() << \" errno = \" << errno;\n                success = false;\n            }\n        }\n        else if (S_ISREG(info.stat.st_mode))\n        {\n            if (!CopyFile(current, target_path))\n            {\n                DLOG(ERROR) << \"CopyDirectory() couldn't create file: \" << target_path.value();\n                success = false;\n            }\n        }\n        else\n        {\n            DLOG(WARNING) << \"CopyDirectory() skipping non-regular file: \" << current.value();\n        }\n        current = traversal.Next();\n        traversal.GetFindInfo(&info);\n    }\n    return success;\n}\n",
        "question": "How does modifying the control structure `return false;` affect the behavior or output of `PathExists`?",
        "choices": {
            "A": "The modification of `return false;` directly impacts the execution of `PathExists` because its entire operation is controlled by `return false;` and located within `return false;`.",
            "B": "Modifying `return false;` has no impact on the behavior or output of `PathExists`.",
            "C": "The change of return false; indirectly affects the execution of `PathExists`, as the modifications in `return false;` influence the arguments or conditions within `PathExists`.",
            "D": "It is not possible to determine the effect without additional context."
        },
        "answer": "B",
        "distance": 0
    }
]