[
    {
        "case_id": "primevul_25",
        "code": "int ssl3_do_change_cipher_spec(SSL *s)\n{\n    int i;\n    const char *sender;\n    int slen;\n    if (s->state & SSL_ST_ACCEPT)\n    {\n        i = SSL3_CHANGE_CIPHER_SERVER_READ;\n    }\n    else\n    {\n        i = SSL3_CHANGE_CIPHER_CLIENT_READ;\n    }\n    if (s->s3->tmp.key_block == NULL)\n    {\n        if (s->session == NULL)\n        {\n            SSLerr(SSL_F_SSL3_DO_CHANGE_CIPHER_SPEC, SSL_R_CCS_RECEIVED_EARLY);\n            return (0);\n        }\n        s->session->cipher = s->s3->tmp.new_cipher;\n        if (!s->method->ssl3_enc->setup_key_block(s))\n        {\n            return (0);\n        }\n    }\n    if (!s->method->ssl3_enc->change_cipher_state(s, i))\n    {\n        return (0);\n    }\n    if (s->state & SSL_ST_CONNECT)\n    {\n        sender = s->method->ssl3_enc->server_finished_label;\n        slen = s->method->ssl3_enc->server_finished_label_len;\n    }\n    else\n    {\n        sender = s->method->ssl3_enc->client_finished_label;\n        slen = s->method->ssl3_enc->client_finished_label_len;\n    }\n    i = s->method->ssl3_enc->final_finish_mac(s, sender, slen, s->s3->tmp.peer_finish_md);\n    if (i == 0)\n    {\n        SSLerr(SSL_F_SSL3_DO_CHANGE_CIPHER_SPEC, ERR_R_INTERNAL_ERROR);\n        return 0;\n    }\n    s->s3->tmp.peer_finish_md_len = i;\n    return (1);\n}\n",
        "question": "How does modifying the control structure `return (0);` affect the behavior or output of `final_finish_mac`?",
        "choices": {
            "A": "The modification of `return (0);` directly impacts the execution of `final_finish_mac` because its entire operation is controlled by `return (0);` and located within `return (0);`.",
            "B": "Modifying `return (0);` has no impact on the behavior or output of `final_finish_mac`.",
            "C": "The change of return (0); indirectly affects the execution of `final_finish_mac`, as the modifications in `return (0);` influence the arguments or conditions within `final_finish_mac`.",
            "D": "It is not possible to determine the effect without additional context."
        },
        "answer": "B",
        "distance": 0
    },
    {
        "case_id": "primevul_25",
        "code": "int ssl3_do_change_cipher_spec(SSL *s)\n{\n    int i;\n    const char *sender;\n    int slen;\n    if (s->state & SSL_ST_ACCEPT)\n    {\n        i = SSL3_CHANGE_CIPHER_SERVER_READ;\n    }\n    else\n    {\n        i = SSL3_CHANGE_CIPHER_CLIENT_READ;\n    }\n    if (s->s3->tmp.key_block == NULL)\n    {\n        if (s->session == NULL)\n        {\n            SSLerr(SSL_F_SSL3_DO_CHANGE_CIPHER_SPEC, SSL_R_CCS_RECEIVED_EARLY);\n            return (0);\n        }\n        s->session->cipher = s->s3->tmp.new_cipher;\n        if (!s->method->ssl3_enc->setup_key_block(s))\n        {\n            return (0);\n        }\n    }\n    if (!s->method->ssl3_enc->change_cipher_state(s, i))\n    {\n        return (0);\n    }\n    if (s->state & SSL_ST_CONNECT)\n    {\n        sender = s->method->ssl3_enc->server_finished_label;\n        slen = s->method->ssl3_enc->server_finished_label_len;\n    }\n    else\n    {\n        sender = s->method->ssl3_enc->client_finished_label;\n        slen = s->method->ssl3_enc->client_finished_label_len;\n    }\n    i = s->method->ssl3_enc->final_finish_mac(s, sender, slen, s->s3->tmp.peer_finish_md);\n    if (i == 0)\n    {\n        SSLerr(SSL_F_SSL3_DO_CHANGE_CIPHER_SPEC, ERR_R_INTERNAL_ERROR);\n        return 0;\n    }\n    s->s3->tmp.peer_finish_md_len = i;\n    return (1);\n}\n",
        "question": "How does modifying the control structure `return (0);` affect the behavior or output of `final_finish_mac`?",
        "choices": {
            "A": "The modification of `return (0);` directly impacts the execution of `final_finish_mac` because its entire operation is controlled by `return (0);` and located within `return (0);`.",
            "B": "Modifying `return (0);` has no impact on the behavior or output of `final_finish_mac`.",
            "C": "The change of return (0); indirectly affects the execution of `final_finish_mac`, as the modifications in `return (0);` influence the arguments or conditions within `final_finish_mac`.",
            "D": "It is not possible to determine the effect without additional context."
        },
        "answer": "B",
        "distance": 0
    },
    {
        "case_id": "primevul_25",
        "code": "int ssl3_do_change_cipher_spec(SSL *s)\n{\n    int i;\n    const char *sender;\n    int slen;\n    if (s->state & SSL_ST_ACCEPT)\n    {\n        i = SSL3_CHANGE_CIPHER_SERVER_READ;\n    }\n    else\n    {\n        i = SSL3_CHANGE_CIPHER_CLIENT_READ;\n    }\n    if (s->s3->tmp.key_block == NULL)\n    {\n        if (s->session == NULL)\n        {\n            SSLerr(SSL_F_SSL3_DO_CHANGE_CIPHER_SPEC, SSL_R_CCS_RECEIVED_EARLY);\n            return (0);\n        }\n        s->session->cipher = s->s3->tmp.new_cipher;\n        if (!s->method->ssl3_enc->setup_key_block(s))\n        {\n            return (0);\n        }\n    }\n    if (!s->method->ssl3_enc->change_cipher_state(s, i))\n    {\n        return (0);\n    }\n    if (s->state & SSL_ST_CONNECT)\n    {\n        sender = s->method->ssl3_enc->server_finished_label;\n        slen = s->method->ssl3_enc->server_finished_label_len;\n    }\n    else\n    {\n        sender = s->method->ssl3_enc->client_finished_label;\n        slen = s->method->ssl3_enc->client_finished_label_len;\n    }\n    i = s->method->ssl3_enc->final_finish_mac(s, sender, slen, s->s3->tmp.peer_finish_md);\n    if (i == 0)\n    {\n        SSLerr(SSL_F_SSL3_DO_CHANGE_CIPHER_SPEC, ERR_R_INTERNAL_ERROR);\n        return 0;\n    }\n    s->s3->tmp.peer_finish_md_len = i;\n    return (1);\n}\n",
        "question": "How does modifying the control structure `return 0;` affect the behavior or output of `final_finish_mac`?",
        "choices": {
            "A": "The modification of `return 0;` directly impacts the execution of `final_finish_mac` because its entire operation is controlled by `return 0;` and located within `return 0;`.",
            "B": "Modifying `return 0;` has no impact on the behavior or output of `final_finish_mac`.",
            "C": "The change of return 0; indirectly affects the execution of `final_finish_mac`, as the modifications in `return 0;` influence the arguments or conditions within `final_finish_mac`.",
            "D": "It is not possible to determine the effect without additional context."
        },
        "answer": "B",
        "distance": 0
    },
    {
        "case_id": "primevul_25",
        "code": "int ssl3_do_change_cipher_spec(SSL *s)\n{\n    int i;\n    const char *sender;\n    int slen;\n    if (s->state & SSL_ST_ACCEPT)\n    {\n        i = SSL3_CHANGE_CIPHER_SERVER_READ;\n    }\n    else\n    {\n        i = SSL3_CHANGE_CIPHER_CLIENT_READ;\n    }\n    if (s->s3->tmp.key_block == NULL)\n    {\n        if (s->session == NULL)\n        {\n            SSLerr(SSL_F_SSL3_DO_CHANGE_CIPHER_SPEC, SSL_R_CCS_RECEIVED_EARLY);\n            return (0);\n        }\n        s->session->cipher = s->s3->tmp.new_cipher;\n        if (!s->method->ssl3_enc->setup_key_block(s))\n        {\n            return (0);\n        }\n    }\n    if (!s->method->ssl3_enc->change_cipher_state(s, i))\n    {\n        return (0);\n    }\n    if (s->state & SSL_ST_CONNECT)\n    {\n        sender = s->method->ssl3_enc->server_finished_label;\n        slen = s->method->ssl3_enc->server_finished_label_len;\n    }\n    else\n    {\n        sender = s->method->ssl3_enc->client_finished_label;\n        slen = s->method->ssl3_enc->client_finished_label_len;\n    }\n    i = s->method->ssl3_enc->final_finish_mac(s, sender, slen, s->s3->tmp.peer_finish_md);\n    if (i == 0)\n    {\n        SSLerr(SSL_F_SSL3_DO_CHANGE_CIPHER_SPEC, ERR_R_INTERNAL_ERROR);\n        return 0;\n    }\n    s->s3->tmp.peer_finish_md_len = i;\n    return (1);\n}\n",
        "question": "How does modifying the control structure `if (!s->method->ssl3_enc->setup_key_block(s))` affect the behavior or output of `final_finish_mac`?",
        "choices": {
            "A": "The modification of `if (!s->method->ssl3_enc->setup_key_block(s))` directly impacts the execution of `final_finish_mac` because its entire operation is controlled by `if (!s->method->ssl3_enc->setup_key_block(s))` and located within `if (!s->method->ssl3_enc->setup_key_block(s))`.",
            "B": "Modifying `if (!s->method->ssl3_enc->setup_key_block(s))` has no impact on the behavior or output of `final_finish_mac`.",
            "C": "The change of if (!s->method->ssl3_enc->setup_key_block(s)) indirectly affects the execution of `final_finish_mac`, as the modifications in `if (!s->method->ssl3_enc->setup_key_block(s))` influence the arguments or conditions within `final_finish_mac`.",
            "D": "It is not possible to determine the effect without additional context."
        },
        "answer": "B",
        "distance": 0
    },
    {
        "case_id": "primevul_25",
        "code": "int ssl3_do_change_cipher_spec(SSL *s)\n{\n    int i;\n    const char *sender;\n    int slen;\n    if (s->state & SSL_ST_ACCEPT)\n    {\n        i = SSL3_CHANGE_CIPHER_SERVER_READ;\n    }\n    else\n    {\n        i = SSL3_CHANGE_CIPHER_CLIENT_READ;\n    }\n    if (s->s3->tmp.key_block == NULL)\n    {\n        if (s->session == NULL)\n        {\n            SSLerr(SSL_F_SSL3_DO_CHANGE_CIPHER_SPEC, SSL_R_CCS_RECEIVED_EARLY);\n            return (0);\n        }\n        s->session->cipher = s->s3->tmp.new_cipher;\n        if (!s->method->ssl3_enc->setup_key_block(s))\n        {\n            return (0);\n        }\n    }\n    if (!s->method->ssl3_enc->change_cipher_state(s, i))\n    {\n        return (0);\n    }\n    if (s->state & SSL_ST_CONNECT)\n    {\n        sender = s->method->ssl3_enc->server_finished_label;\n        slen = s->method->ssl3_enc->server_finished_label_len;\n    }\n    else\n    {\n        sender = s->method->ssl3_enc->client_finished_label;\n        slen = s->method->ssl3_enc->client_finished_label_len;\n    }\n    i = s->method->ssl3_enc->final_finish_mac(s, sender, slen, s->s3->tmp.peer_finish_md);\n    if (i == 0)\n    {\n        SSLerr(SSL_F_SSL3_DO_CHANGE_CIPHER_SPEC, ERR_R_INTERNAL_ERROR);\n        return 0;\n    }\n    s->s3->tmp.peer_finish_md_len = i;\n    return (1);\n}\n",
        "question": "How does modifying the control structure `else` affect the behavior or output of `final_finish_mac`?",
        "choices": {
            "A": "The modification of `else` directly impacts the execution of `final_finish_mac` because its entire operation is controlled by `else` and located within `else`.",
            "B": "Modifying `else` has no impact on the behavior or output of `final_finish_mac`.",
            "C": "The change of else indirectly affects the execution of `final_finish_mac`, as the modifications in `else` influence the arguments or conditions within `final_finish_mac`.",
            "D": "It is not possible to determine the effect without additional context."
        },
        "answer": "C",
        "distance": 3
    },
    {
        "case_id": "primevul_25",
        "code": "int ssl3_do_change_cipher_spec(SSL *s)\n{\n    int i;\n    const char *sender;\n    int slen;\n    if (s->state & SSL_ST_ACCEPT)\n    {\n        i = SSL3_CHANGE_CIPHER_SERVER_READ;\n    }\n    else\n    {\n        i = SSL3_CHANGE_CIPHER_CLIENT_READ;\n    }\n    if (s->s3->tmp.key_block == NULL)\n    {\n        if (s->session == NULL)\n        {\n            SSLerr(SSL_F_SSL3_DO_CHANGE_CIPHER_SPEC, SSL_R_CCS_RECEIVED_EARLY);\n            return (0);\n        }\n        s->session->cipher = s->s3->tmp.new_cipher;\n        if (!s->method->ssl3_enc->setup_key_block(s))\n        {\n            return (0);\n        }\n    }\n    if (!s->method->ssl3_enc->change_cipher_state(s, i))\n    {\n        return (0);\n    }\n    if (s->state & SSL_ST_CONNECT)\n    {\n        sender = s->method->ssl3_enc->server_finished_label;\n        slen = s->method->ssl3_enc->server_finished_label_len;\n    }\n    else\n    {\n        sender = s->method->ssl3_enc->client_finished_label;\n        slen = s->method->ssl3_enc->client_finished_label_len;\n    }\n    i = s->method->ssl3_enc->final_finish_mac(s, sender, slen, s->s3->tmp.peer_finish_md);\n    if (i == 0)\n    {\n        SSLerr(SSL_F_SSL3_DO_CHANGE_CIPHER_SPEC, ERR_R_INTERNAL_ERROR);\n        return 0;\n    }\n    s->s3->tmp.peer_finish_md_len = i;\n    return (1);\n}\n",
        "question": "How does modifying the control structure `if (s->state & SSL_ST_CONNECT)` affect the behavior or output of `final_finish_mac`?",
        "choices": {
            "A": "The modification of `if (s->state & SSL_ST_CONNECT)` directly impacts the execution of `final_finish_mac` because its entire operation is controlled by `if (s->state & SSL_ST_CONNECT)` and located within `if (s->state & SSL_ST_CONNECT)`.",
            "B": "Modifying `if (s->state & SSL_ST_CONNECT)` has no impact on the behavior or output of `final_finish_mac`.",
            "C": "The change of if (s->state & SSL_ST_CONNECT) indirectly affects the execution of `final_finish_mac`, as the modifications in `if (s->state & SSL_ST_CONNECT)` influence the arguments or conditions within `final_finish_mac`.",
            "D": "It is not possible to determine the effect without additional context."
        },
        "answer": "C",
        "distance": 2
    }
]