[
    {
        "case_id": "primevul_49",
        "code": "xfs_attr_shortform_addname(xfs_da_args_t *args)\n{\n    int newsize, forkoff, retval;\n    trace_xfs_attr_sf_addname(args);\n    retval = xfs_attr_shortform_lookup(args);\n    if ((args->flags & ATTR_REPLACE) && (retval == -ENOATTR))\n    {\n        return retval;\n    }\n    else if (retval == -EEXIST)\n    {\n        if (args->flags & ATTR_CREATE)\n        {\n            return retval;\n        }\n        retval = xfs_attr_shortform_remove(args);\n        ASSERT(retval == 0);\n    }\n    if (args->namelen >= XFS_ATTR_SF_ENTSIZE_MAX || args->valuelen >= XFS_ATTR_SF_ENTSIZE_MAX)\n    {\n        return -ENOSPC;\n    }\n    newsize = XFS_ATTR_SF_TOTSIZE(args->dp);\n    newsize += XFS_ATTR_SF_ENTSIZE_BYNAME(args->namelen, args->valuelen);\n    forkoff = xfs_attr_shortform_bytesfit(args->dp, newsize);\n    if (!forkoff)\n    {\n        return -ENOSPC;\n    }\n    xfs_attr_shortform_add(args, forkoff);\n    return 0;\n}\n",
        "question": "How does modifying the control structure `else if (retval == -EEXIST)` affect the behavior or output of `ASSERT`?",
        "choices": {
            "A": "The modification of `else if (retval == -EEXIST)` directly impacts the execution of `ASSERT` because its entire operation is controlled by `else if (retval == -EEXIST)` and located within `else if (retval == -EEXIST)`.",
            "B": "Modifying `else if (retval == -EEXIST)` has no impact on the behavior or output of `ASSERT`.",
            "C": "The change of else if (retval == -EEXIST) indirectly affects the execution of `ASSERT`, as the modifications in `else if (retval == -EEXIST)` influence the arguments or conditions within `ASSERT`.",
            "D": "It is not possible to determine the effect without additional context."
        },
        "answer": "A",
        "distance": 1
    },
    {
        "case_id": "primevul_49",
        "code": "xfs_attr_shortform_addname(xfs_da_args_t *args)\n{\n    int newsize, forkoff, retval;\n    trace_xfs_attr_sf_addname(args);\n    retval = xfs_attr_shortform_lookup(args);\n    if ((args->flags & ATTR_REPLACE) && (retval == -ENOATTR))\n    {\n        return retval;\n    }\n    else if (retval == -EEXIST)\n    {\n        if (args->flags & ATTR_CREATE)\n        {\n            return retval;\n        }\n        retval = xfs_attr_shortform_remove(args);\n        ASSERT(retval == 0);\n    }\n    if (args->namelen >= XFS_ATTR_SF_ENTSIZE_MAX || args->valuelen >= XFS_ATTR_SF_ENTSIZE_MAX)\n    {\n        return -ENOSPC;\n    }\n    newsize = XFS_ATTR_SF_TOTSIZE(args->dp);\n    newsize += XFS_ATTR_SF_ENTSIZE_BYNAME(args->namelen, args->valuelen);\n    forkoff = xfs_attr_shortform_bytesfit(args->dp, newsize);\n    if (!forkoff)\n    {\n        return -ENOSPC;\n    }\n    xfs_attr_shortform_add(args, forkoff);\n    return 0;\n}\n",
        "question": "How does modifying the control structure `else if (retval == -EEXIST)` affect the behavior or output of `xfs_attr_shortform_remove`?",
        "choices": {
            "A": "The modification of `else if (retval == -EEXIST)` directly impacts the execution of `xfs_attr_shortform_remove` because its entire operation is controlled by `else if (retval == -EEXIST)` and located within `else if (retval == -EEXIST)`.",
            "B": "Modifying `else if (retval == -EEXIST)` has no impact on the behavior or output of `xfs_attr_shortform_remove`.",
            "C": "The change of else if (retval == -EEXIST) indirectly affects the execution of `xfs_attr_shortform_remove`, as the modifications in `else if (retval == -EEXIST)` influence the arguments or conditions within `xfs_attr_shortform_remove`.",
            "D": "It is not possible to determine the effect without additional context."
        },
        "answer": "A",
        "distance": 1
    },
    {
        "case_id": "primevul_49",
        "code": "xfs_attr_shortform_addname(xfs_da_args_t *args)\n{\n    int newsize, forkoff, retval;\n    trace_xfs_attr_sf_addname(args);\n    retval = xfs_attr_shortform_lookup(args);\n    if ((args->flags & ATTR_REPLACE) && (retval == -ENOATTR))\n    {\n        return retval;\n    }\n    else if (retval == -EEXIST)\n    {\n        if (args->flags & ATTR_CREATE)\n        {\n            return retval;\n        }\n        retval = xfs_attr_shortform_remove(args);\n        ASSERT(retval == 0);\n    }\n    if (args->namelen >= XFS_ATTR_SF_ENTSIZE_MAX || args->valuelen >= XFS_ATTR_SF_ENTSIZE_MAX)\n    {\n        return -ENOSPC;\n    }\n    newsize = XFS_ATTR_SF_TOTSIZE(args->dp);\n    newsize += XFS_ATTR_SF_ENTSIZE_BYNAME(args->namelen, args->valuelen);\n    forkoff = xfs_attr_shortform_bytesfit(args->dp, newsize);\n    if (!forkoff)\n    {\n        return -ENOSPC;\n    }\n    xfs_attr_shortform_add(args, forkoff);\n    return 0;\n}\n",
        "question": "How does modifying the control structure `else if (retval == -EEXIST)` affect the behavior or output of `xfs_attr_shortform_lookup`?",
        "choices": {
            "A": "The modification of `else if (retval == -EEXIST)` directly impacts the execution of `xfs_attr_shortform_lookup` because its entire operation is controlled by `else if (retval == -EEXIST)` and located within `else if (retval == -EEXIST)`.",
            "B": "Modifying `else if (retval == -EEXIST)` has no impact on the behavior or output of `xfs_attr_shortform_lookup`.",
            "C": "The change of else if (retval == -EEXIST) indirectly affects the execution of `xfs_attr_shortform_lookup`, as the modifications in `else if (retval == -EEXIST)` influence the arguments or conditions within `xfs_attr_shortform_lookup`.",
            "D": "It is not possible to determine the effect without additional context."
        },
        "answer": "B",
        "distance": 0
    },
    {
        "case_id": "primevul_49",
        "code": "xfs_attr_shortform_addname(xfs_da_args_t *args)\n{\n    int newsize, forkoff, retval;\n    trace_xfs_attr_sf_addname(args);\n    retval = xfs_attr_shortform_lookup(args);\n    if ((args->flags & ATTR_REPLACE) && (retval == -ENOATTR))\n    {\n        return retval;\n    }\n    else if (retval == -EEXIST)\n    {\n        if (args->flags & ATTR_CREATE)\n        {\n            return retval;\n        }\n        retval = xfs_attr_shortform_remove(args);\n        ASSERT(retval == 0);\n    }\n    if (args->namelen >= XFS_ATTR_SF_ENTSIZE_MAX || args->valuelen >= XFS_ATTR_SF_ENTSIZE_MAX)\n    {\n        return -ENOSPC;\n    }\n    newsize = XFS_ATTR_SF_TOTSIZE(args->dp);\n    newsize += XFS_ATTR_SF_ENTSIZE_BYNAME(args->namelen, args->valuelen);\n    forkoff = xfs_attr_shortform_bytesfit(args->dp, newsize);\n    if (!forkoff)\n    {\n        return -ENOSPC;\n    }\n    xfs_attr_shortform_add(args, forkoff);\n    return 0;\n}\n",
        "question": "How does modifying the control structure `else if (retval == -EEXIST)` affect the behavior or output of `trace_xfs_attr_sf_addname`?",
        "choices": {
            "A": "The modification of `else if (retval == -EEXIST)` directly impacts the execution of `trace_xfs_attr_sf_addname` because its entire operation is controlled by `else if (retval == -EEXIST)` and located within `else if (retval == -EEXIST)`.",
            "B": "Modifying `else if (retval == -EEXIST)` has no impact on the behavior or output of `trace_xfs_attr_sf_addname`.",
            "C": "The change of else if (retval == -EEXIST) indirectly affects the execution of `trace_xfs_attr_sf_addname`, as the modifications in `else if (retval == -EEXIST)` influence the arguments or conditions within `trace_xfs_attr_sf_addname`.",
            "D": "It is not possible to determine the effect without additional context."
        },
        "answer": "B",
        "distance": 0
    },
    {
        "case_id": "primevul_49",
        "code": "xfs_attr_shortform_addname(xfs_da_args_t *args)\n{\n    int newsize, forkoff, retval;\n    trace_xfs_attr_sf_addname(args);\n    retval = xfs_attr_shortform_lookup(args);\n    if ((args->flags & ATTR_REPLACE) && (retval == -ENOATTR))\n    {\n        return retval;\n    }\n    else if (retval == -EEXIST)\n    {\n        if (args->flags & ATTR_CREATE)\n        {\n            return retval;\n        }\n        retval = xfs_attr_shortform_remove(args);\n        ASSERT(retval == 0);\n    }\n    if (args->namelen >= XFS_ATTR_SF_ENTSIZE_MAX || args->valuelen >= XFS_ATTR_SF_ENTSIZE_MAX)\n    {\n        return -ENOSPC;\n    }\n    newsize = XFS_ATTR_SF_TOTSIZE(args->dp);\n    newsize += XFS_ATTR_SF_ENTSIZE_BYNAME(args->namelen, args->valuelen);\n    forkoff = xfs_attr_shortform_bytesfit(args->dp, newsize);\n    if (!forkoff)\n    {\n        return -ENOSPC;\n    }\n    xfs_attr_shortform_add(args, forkoff);\n    return 0;\n}\n",
        "question": "How does modifying the control structure `if (args->namelen >= XFS_ATTR_SF_ENTSIZE_MAX || args->valuelen >= XFS_ATTR_SF_ENTSIZE_MAX)` affect the behavior or output of `ASSERT`?",
        "choices": {
            "A": "The modification of `if (args->namelen >= XFS_ATTR_SF_ENTSIZE_MAX || args->valuelen >= XFS_ATTR_SF_ENTSIZE_MAX)` directly impacts the execution of `ASSERT` because its entire operation is controlled by `if (args->namelen >= XFS_ATTR_SF_ENTSIZE_MAX || args->valuelen >= XFS_ATTR_SF_ENTSIZE_MAX)` and located within `if (args->namelen >= XFS_ATTR_SF_ENTSIZE_MAX || args->valuelen >= XFS_ATTR_SF_ENTSIZE_MAX)`.",
            "B": "Modifying `if (args->namelen >= XFS_ATTR_SF_ENTSIZE_MAX || args->valuelen >= XFS_ATTR_SF_ENTSIZE_MAX)` has no impact on the behavior or output of `ASSERT`.",
            "C": "The change of if (args->namelen >= XFS_ATTR_SF_ENTSIZE_MAX || args->valuelen >= XFS_ATTR_SF_ENTSIZE_MAX) indirectly affects the execution of `ASSERT`, as the modifications in `if (args->namelen >= XFS_ATTR_SF_ENTSIZE_MAX || args->valuelen >= XFS_ATTR_SF_ENTSIZE_MAX)` influence the arguments or conditions within `ASSERT`.",
            "D": "It is not possible to determine the effect without additional context."
        },
        "answer": "B",
        "distance": 0
    },
    {
        "case_id": "primevul_49",
        "code": "xfs_attr_shortform_addname(xfs_da_args_t *args)\n{\n    int newsize, forkoff, retval;\n    trace_xfs_attr_sf_addname(args);\n    retval = xfs_attr_shortform_lookup(args);\n    if ((args->flags & ATTR_REPLACE) && (retval == -ENOATTR))\n    {\n        return retval;\n    }\n    else if (retval == -EEXIST)\n    {\n        if (args->flags & ATTR_CREATE)\n        {\n            return retval;\n        }\n        retval = xfs_attr_shortform_remove(args);\n        ASSERT(retval == 0);\n    }\n    if (args->namelen >= XFS_ATTR_SF_ENTSIZE_MAX || args->valuelen >= XFS_ATTR_SF_ENTSIZE_MAX)\n    {\n        return -ENOSPC;\n    }\n    newsize = XFS_ATTR_SF_TOTSIZE(args->dp);\n    newsize += XFS_ATTR_SF_ENTSIZE_BYNAME(args->namelen, args->valuelen);\n    forkoff = xfs_attr_shortform_bytesfit(args->dp, newsize);\n    if (!forkoff)\n    {\n        return -ENOSPC;\n    }\n    xfs_attr_shortform_add(args, forkoff);\n    return 0;\n}\n",
        "question": "How does modifying the control structure `if (args->namelen >= XFS_ATTR_SF_ENTSIZE_MAX || args->valuelen >= XFS_ATTR_SF_ENTSIZE_MAX)` affect the behavior or output of `XFS_ATTR_SF_ENTSIZE_BYNAME`?",
        "choices": {
            "A": "The modification of `if (args->namelen >= XFS_ATTR_SF_ENTSIZE_MAX || args->valuelen >= XFS_ATTR_SF_ENTSIZE_MAX)` directly impacts the execution of `XFS_ATTR_SF_ENTSIZE_BYNAME` because its entire operation is controlled by `if (args->namelen >= XFS_ATTR_SF_ENTSIZE_MAX || args->valuelen >= XFS_ATTR_SF_ENTSIZE_MAX)` and located within `if (args->namelen >= XFS_ATTR_SF_ENTSIZE_MAX || args->valuelen >= XFS_ATTR_SF_ENTSIZE_MAX)`.",
            "B": "Modifying `if (args->namelen >= XFS_ATTR_SF_ENTSIZE_MAX || args->valuelen >= XFS_ATTR_SF_ENTSIZE_MAX)` has no impact on the behavior or output of `XFS_ATTR_SF_ENTSIZE_BYNAME`.",
            "C": "The change of if (args->namelen >= XFS_ATTR_SF_ENTSIZE_MAX || args->valuelen >= XFS_ATTR_SF_ENTSIZE_MAX) indirectly affects the execution of `XFS_ATTR_SF_ENTSIZE_BYNAME`, as the modifications in `if (args->namelen >= XFS_ATTR_SF_ENTSIZE_MAX || args->valuelen >= XFS_ATTR_SF_ENTSIZE_MAX)` influence the arguments or conditions within `XFS_ATTR_SF_ENTSIZE_BYNAME`.",
            "D": "It is not possible to determine the effect without additional context."
        },
        "answer": "B",
        "distance": 0
    },
    {
        "case_id": "primevul_49",
        "code": "xfs_attr_shortform_addname(xfs_da_args_t *args)\n{\n    int newsize, forkoff, retval;\n    trace_xfs_attr_sf_addname(args);\n    retval = xfs_attr_shortform_lookup(args);\n    if ((args->flags & ATTR_REPLACE) && (retval == -ENOATTR))\n    {\n        return retval;\n    }\n    else if (retval == -EEXIST)\n    {\n        if (args->flags & ATTR_CREATE)\n        {\n            return retval;\n        }\n        retval = xfs_attr_shortform_remove(args);\n        ASSERT(retval == 0);\n    }\n    if (args->namelen >= XFS_ATTR_SF_ENTSIZE_MAX || args->valuelen >= XFS_ATTR_SF_ENTSIZE_MAX)\n    {\n        return -ENOSPC;\n    }\n    newsize = XFS_ATTR_SF_TOTSIZE(args->dp);\n    newsize += XFS_ATTR_SF_ENTSIZE_BYNAME(args->namelen, args->valuelen);\n    forkoff = xfs_attr_shortform_bytesfit(args->dp, newsize);\n    if (!forkoff)\n    {\n        return -ENOSPC;\n    }\n    xfs_attr_shortform_add(args, forkoff);\n    return 0;\n}\n",
        "question": "How does modifying the control structure `else if (retval == -EEXIST)` affect the behavior or output of `XFS_ATTR_SF_ENTSIZE_BYNAME`?",
        "choices": {
            "A": "The modification of `else if (retval == -EEXIST)` directly impacts the execution of `XFS_ATTR_SF_ENTSIZE_BYNAME` because its entire operation is controlled by `else if (retval == -EEXIST)` and located within `else if (retval == -EEXIST)`.",
            "B": "Modifying `else if (retval == -EEXIST)` has no impact on the behavior or output of `XFS_ATTR_SF_ENTSIZE_BYNAME`.",
            "C": "The change of else if (retval == -EEXIST) indirectly affects the execution of `XFS_ATTR_SF_ENTSIZE_BYNAME`, as the modifications in `else if (retval == -EEXIST)` influence the arguments or conditions within `XFS_ATTR_SF_ENTSIZE_BYNAME`.",
            "D": "It is not possible to determine the effect without additional context."
        },
        "answer": "C",
        "distance": 3
    },
    {
        "case_id": "primevul_49",
        "code": "xfs_attr_shortform_addname(xfs_da_args_t *args)\n{\n    int newsize, forkoff, retval;\n    trace_xfs_attr_sf_addname(args);\n    retval = xfs_attr_shortform_lookup(args);\n    if ((args->flags & ATTR_REPLACE) && (retval == -ENOATTR))\n    {\n        return retval;\n    }\n    else if (retval == -EEXIST)\n    {\n        if (args->flags & ATTR_CREATE)\n        {\n            return retval;\n        }\n        retval = xfs_attr_shortform_remove(args);\n        ASSERT(retval == 0);\n    }\n    if (args->namelen >= XFS_ATTR_SF_ENTSIZE_MAX || args->valuelen >= XFS_ATTR_SF_ENTSIZE_MAX)\n    {\n        return -ENOSPC;\n    }\n    newsize = XFS_ATTR_SF_TOTSIZE(args->dp);\n    newsize += XFS_ATTR_SF_ENTSIZE_BYNAME(args->namelen, args->valuelen);\n    forkoff = xfs_attr_shortform_bytesfit(args->dp, newsize);\n    if (!forkoff)\n    {\n        return -ENOSPC;\n    }\n    xfs_attr_shortform_add(args, forkoff);\n    return 0;\n}\n",
        "question": "How does modifying the control structure `else if (retval == -EEXIST)` affect the behavior or output of `xfs_attr_shortform_add`?",
        "choices": {
            "A": "The modification of `else if (retval == -EEXIST)` directly impacts the execution of `xfs_attr_shortform_add` because its entire operation is controlled by `else if (retval == -EEXIST)` and located within `else if (retval == -EEXIST)`.",
            "B": "Modifying `else if (retval == -EEXIST)` has no impact on the behavior or output of `xfs_attr_shortform_add`.",
            "C": "The change of else if (retval == -EEXIST) indirectly affects the execution of `xfs_attr_shortform_add`, as the modifications in `else if (retval == -EEXIST)` influence the arguments or conditions within `xfs_attr_shortform_add`.",
            "D": "It is not possible to determine the effect without additional context."
        },
        "answer": "C",
        "distance": 3
    },
    {
        "case_id": "primevul_49",
        "code": "xfs_attr_shortform_addname(xfs_da_args_t *args)\n{\n    int newsize, forkoff, retval;\n    trace_xfs_attr_sf_addname(args);\n    retval = xfs_attr_shortform_lookup(args);\n    if ((args->flags & ATTR_REPLACE) && (retval == -ENOATTR))\n    {\n        return retval;\n    }\n    else if (retval == -EEXIST)\n    {\n        if (args->flags & ATTR_CREATE)\n        {\n            return retval;\n        }\n        retval = xfs_attr_shortform_remove(args);\n        ASSERT(retval == 0);\n    }\n    if (args->namelen >= XFS_ATTR_SF_ENTSIZE_MAX || args->valuelen >= XFS_ATTR_SF_ENTSIZE_MAX)\n    {\n        return -ENOSPC;\n    }\n    newsize = XFS_ATTR_SF_TOTSIZE(args->dp);\n    newsize += XFS_ATTR_SF_ENTSIZE_BYNAME(args->namelen, args->valuelen);\n    forkoff = xfs_attr_shortform_bytesfit(args->dp, newsize);\n    if (!forkoff)\n    {\n        return -ENOSPC;\n    }\n    xfs_attr_shortform_add(args, forkoff);\n    return 0;\n}\n",
        "question": "How does modifying the control structure `else if (retval == -EEXIST)` affect the behavior or output of `xfs_attr_shortform_bytesfit`?",
        "choices": {
            "A": "The modification of `else if (retval == -EEXIST)` directly impacts the execution of `xfs_attr_shortform_bytesfit` because its entire operation is controlled by `else if (retval == -EEXIST)` and located within `else if (retval == -EEXIST)`.",
            "B": "Modifying `else if (retval == -EEXIST)` has no impact on the behavior or output of `xfs_attr_shortform_bytesfit`.",
            "C": "The change of else if (retval == -EEXIST) indirectly affects the execution of `xfs_attr_shortform_bytesfit`, as the modifications in `else if (retval == -EEXIST)` influence the arguments or conditions within `xfs_attr_shortform_bytesfit`.",
            "D": "It is not possible to determine the effect without additional context."
        },
        "answer": "C",
        "distance": 3
    },
    {
        "case_id": "primevul_49",
        "code": "xfs_attr_shortform_addname(xfs_da_args_t *args)\n{\n    int newsize, forkoff, retval;\n    trace_xfs_attr_sf_addname(args);\n    retval = xfs_attr_shortform_lookup(args);\n    if ((args->flags & ATTR_REPLACE) && (retval == -ENOATTR))\n    {\n        return retval;\n    }\n    else if (retval == -EEXIST)\n    {\n        if (args->flags & ATTR_CREATE)\n        {\n            return retval;\n        }\n        retval = xfs_attr_shortform_remove(args);\n        ASSERT(retval == 0);\n    }\n    if (args->namelen >= XFS_ATTR_SF_ENTSIZE_MAX || args->valuelen >= XFS_ATTR_SF_ENTSIZE_MAX)\n    {\n        return -ENOSPC;\n    }\n    newsize = XFS_ATTR_SF_TOTSIZE(args->dp);\n    newsize += XFS_ATTR_SF_ENTSIZE_BYNAME(args->namelen, args->valuelen);\n    forkoff = xfs_attr_shortform_bytesfit(args->dp, newsize);\n    if (!forkoff)\n    {\n        return -ENOSPC;\n    }\n    xfs_attr_shortform_add(args, forkoff);\n    return 0;\n}\n",
        "question": "How does modifying the control structure `else if (retval == -EEXIST)` affect the behavior or output of `XFS_ATTR_SF_TOTSIZE`?",
        "choices": {
            "A": "The modification of `else if (retval == -EEXIST)` directly impacts the execution of `XFS_ATTR_SF_TOTSIZE` because its entire operation is controlled by `else if (retval == -EEXIST)` and located within `else if (retval == -EEXIST)`.",
            "B": "Modifying `else if (retval == -EEXIST)` has no impact on the behavior or output of `XFS_ATTR_SF_TOTSIZE`.",
            "C": "The change of else if (retval == -EEXIST) indirectly affects the execution of `XFS_ATTR_SF_TOTSIZE`, as the modifications in `else if (retval == -EEXIST)` influence the arguments or conditions within `XFS_ATTR_SF_TOTSIZE`.",
            "D": "It is not possible to determine the effect without additional context."
        },
        "answer": "C",
        "distance": 3
    }
]