[
    {
        "case_id": "primevul_38",
        "code": "static struct ucounts *get_ucounts(struct user_namespace *ns, kuid_t uid)\n{\n    struct hlist_head *hashent = ucounts_hashentry(ns, uid);\n    struct ucounts *ucounts, *new;\n    spin_lock_irq(&ucounts_lock);\n    ucounts = find_ucounts(ns, uid, hashent);\n    if (!ucounts)\n    {\n        spin_unlock_irq(&ucounts_lock);\n        new = kzalloc(sizeof(*new), GFP_KERNEL);\n        if (!new)\n        {\n            return NULL;\n        }\n        new->ns = ns;\n        new->uid = uid;\n        atomic_set(&new->count, 0);\n        spin_lock_irq(&ucounts_lock);\n        ucounts = find_ucounts(ns, uid, hashent);\n        if (ucounts)\n        {\n            kfree(new);\n        }\n        else\n        {\n            hlist_add_head(&new->node, hashent);\n            ucounts = new;\n        }\n    }\n    if (!atomic_add_unless(&ucounts->count, 1, INT_MAX))\n    {\n        ucounts = NULL;\n    }\n    spin_unlock_irq(&ucounts_lock);\n    return ucounts;\n}\n",
        "question": "How does modifying the control structure `if (!ucounts)` affect the behavior or output of `kzalloc`?",
        "choices": {
            "A": "The modification of `if (!ucounts)` directly impacts the execution of `kzalloc` because its entire operation is controlled by `if (!ucounts)` and located within `if (!ucounts)`.",
            "B": "Modifying `if (!ucounts)` has no impact on the behavior or output of `kzalloc`.",
            "C": "The change of if (!ucounts) indirectly affects the execution of `kzalloc`, as the modifications in `if (!ucounts)` influence the arguments or conditions within `kzalloc`.",
            "D": "It is not possible to determine the effect without additional context."
        },
        "answer": "A",
        "distance": 1
    },
    {
        "case_id": "primevul_38",
        "code": "static struct ucounts *get_ucounts(struct user_namespace *ns, kuid_t uid)\n{\n    struct hlist_head *hashent = ucounts_hashentry(ns, uid);\n    struct ucounts *ucounts, *new;\n    spin_lock_irq(&ucounts_lock);\n    ucounts = find_ucounts(ns, uid, hashent);\n    if (!ucounts)\n    {\n        spin_unlock_irq(&ucounts_lock);\n        new = kzalloc(sizeof(*new), GFP_KERNEL);\n        if (!new)\n        {\n            return NULL;\n        }\n        new->ns = ns;\n        new->uid = uid;\n        atomic_set(&new->count, 0);\n        spin_lock_irq(&ucounts_lock);\n        ucounts = find_ucounts(ns, uid, hashent);\n        if (ucounts)\n        {\n            kfree(new);\n        }\n        else\n        {\n            hlist_add_head(&new->node, hashent);\n            ucounts = new;\n        }\n    }\n    if (!atomic_add_unless(&ucounts->count, 1, INT_MAX))\n    {\n        ucounts = NULL;\n    }\n    spin_unlock_irq(&ucounts_lock);\n    return ucounts;\n}\n",
        "question": "How does modifying the control structure `if (!ucounts)` affect the behavior or output of `kfree`?",
        "choices": {
            "A": "The modification of `if (!ucounts)` directly impacts the execution of `kfree` because its entire operation is controlled by `if (!ucounts)` and located within `if (!ucounts)`.",
            "B": "Modifying `if (!ucounts)` has no impact on the behavior or output of `kfree`.",
            "C": "The change of if (!ucounts) indirectly affects the execution of `kfree`, as the modifications in `if (!ucounts)` influence the arguments or conditions within `kfree`.",
            "D": "It is not possible to determine the effect without additional context."
        },
        "answer": "A",
        "distance": 1
    },
    {
        "case_id": "primevul_38",
        "code": "static struct ucounts *get_ucounts(struct user_namespace *ns, kuid_t uid)\n{\n    struct hlist_head *hashent = ucounts_hashentry(ns, uid);\n    struct ucounts *ucounts, *new;\n    spin_lock_irq(&ucounts_lock);\n    ucounts = find_ucounts(ns, uid, hashent);\n    if (!ucounts)\n    {\n        spin_unlock_irq(&ucounts_lock);\n        new = kzalloc(sizeof(*new), GFP_KERNEL);\n        if (!new)\n        {\n            return NULL;\n        }\n        new->ns = ns;\n        new->uid = uid;\n        atomic_set(&new->count, 0);\n        spin_lock_irq(&ucounts_lock);\n        ucounts = find_ucounts(ns, uid, hashent);\n        if (ucounts)\n        {\n            kfree(new);\n        }\n        else\n        {\n            hlist_add_head(&new->node, hashent);\n            ucounts = new;\n        }\n    }\n    if (!atomic_add_unless(&ucounts->count, 1, INT_MAX))\n    {\n        ucounts = NULL;\n    }\n    spin_unlock_irq(&ucounts_lock);\n    return ucounts;\n}\n",
        "question": "How does modifying the control structure `if (!ucounts)` affect the behavior or output of `hlist_add_head`?",
        "choices": {
            "A": "The modification of `if (!ucounts)` directly impacts the execution of `hlist_add_head` because its entire operation is controlled by `if (!ucounts)` and located within `if (!ucounts)`.",
            "B": "Modifying `if (!ucounts)` has no impact on the behavior or output of `hlist_add_head`.",
            "C": "The change of if (!ucounts) indirectly affects the execution of `hlist_add_head`, as the modifications in `if (!ucounts)` influence the arguments or conditions within `hlist_add_head`.",
            "D": "It is not possible to determine the effect without additional context."
        },
        "answer": "A",
        "distance": 1
    },
    {
        "case_id": "primevul_38",
        "code": "static struct ucounts *get_ucounts(struct user_namespace *ns, kuid_t uid)\n{\n    struct hlist_head *hashent = ucounts_hashentry(ns, uid);\n    struct ucounts *ucounts, *new;\n    spin_lock_irq(&ucounts_lock);\n    ucounts = find_ucounts(ns, uid, hashent);\n    if (!ucounts)\n    {\n        spin_unlock_irq(&ucounts_lock);\n        new = kzalloc(sizeof(*new), GFP_KERNEL);\n        if (!new)\n        {\n            return NULL;\n        }\n        new->ns = ns;\n        new->uid = uid;\n        atomic_set(&new->count, 0);\n        spin_lock_irq(&ucounts_lock);\n        ucounts = find_ucounts(ns, uid, hashent);\n        if (ucounts)\n        {\n            kfree(new);\n        }\n        else\n        {\n            hlist_add_head(&new->node, hashent);\n            ucounts = new;\n        }\n    }\n    if (!atomic_add_unless(&ucounts->count, 1, INT_MAX))\n    {\n        ucounts = NULL;\n    }\n    spin_unlock_irq(&ucounts_lock);\n    return ucounts;\n}\n",
        "question": "How does modifying the control structure `if (!ucounts)` affect the behavior or output of `atomic_set`?",
        "choices": {
            "A": "The modification of `if (!ucounts)` directly impacts the execution of `atomic_set` because its entire operation is controlled by `if (!ucounts)` and located within `if (!ucounts)`.",
            "B": "Modifying `if (!ucounts)` has no impact on the behavior or output of `atomic_set`.",
            "C": "The change of if (!ucounts) indirectly affects the execution of `atomic_set`, as the modifications in `if (!ucounts)` influence the arguments or conditions within `atomic_set`.",
            "D": "It is not possible to determine the effect without additional context."
        },
        "answer": "A",
        "distance": 1
    },
    {
        "case_id": "primevul_38",
        "code": "static struct ucounts *get_ucounts(struct user_namespace *ns, kuid_t uid)\n{\n    struct hlist_head *hashent = ucounts_hashentry(ns, uid);\n    struct ucounts *ucounts, *new;\n    spin_lock_irq(&ucounts_lock);\n    ucounts = find_ucounts(ns, uid, hashent);\n    if (!ucounts)\n    {\n        spin_unlock_irq(&ucounts_lock);\n        new = kzalloc(sizeof(*new), GFP_KERNEL);\n        if (!new)\n        {\n            return NULL;\n        }\n        new->ns = ns;\n        new->uid = uid;\n        atomic_set(&new->count, 0);\n        spin_lock_irq(&ucounts_lock);\n        ucounts = find_ucounts(ns, uid, hashent);\n        if (ucounts)\n        {\n            kfree(new);\n        }\n        else\n        {\n            hlist_add_head(&new->node, hashent);\n            ucounts = new;\n        }\n    }\n    if (!atomic_add_unless(&ucounts->count, 1, INT_MAX))\n    {\n        ucounts = NULL;\n    }\n    spin_unlock_irq(&ucounts_lock);\n    return ucounts;\n}\n",
        "question": "How does modifying the control structure `return NULL;` affect the behavior or output of `kzalloc`?",
        "choices": {
            "A": "The modification of `return NULL;` directly impacts the execution of `kzalloc` because its entire operation is controlled by `return NULL;` and located within `return NULL;`.",
            "B": "Modifying `return NULL;` has no impact on the behavior or output of `kzalloc`.",
            "C": "The change of return NULL; indirectly affects the execution of `kzalloc`, as the modifications in `return NULL;` influence the arguments or conditions within `kzalloc`.",
            "D": "It is not possible to determine the effect without additional context."
        },
        "answer": "B",
        "distance": 0
    },
    {
        "case_id": "primevul_38",
        "code": "static struct ucounts *get_ucounts(struct user_namespace *ns, kuid_t uid)\n{\n    struct hlist_head *hashent = ucounts_hashentry(ns, uid);\n    struct ucounts *ucounts, *new;\n    spin_lock_irq(&ucounts_lock);\n    ucounts = find_ucounts(ns, uid, hashent);\n    if (!ucounts)\n    {\n        spin_unlock_irq(&ucounts_lock);\n        new = kzalloc(sizeof(*new), GFP_KERNEL);\n        if (!new)\n        {\n            return NULL;\n        }\n        new->ns = ns;\n        new->uid = uid;\n        atomic_set(&new->count, 0);\n        spin_lock_irq(&ucounts_lock);\n        ucounts = find_ucounts(ns, uid, hashent);\n        if (ucounts)\n        {\n            kfree(new);\n        }\n        else\n        {\n            hlist_add_head(&new->node, hashent);\n            ucounts = new;\n        }\n    }\n    if (!atomic_add_unless(&ucounts->count, 1, INT_MAX))\n    {\n        ucounts = NULL;\n    }\n    spin_unlock_irq(&ucounts_lock);\n    return ucounts;\n}\n",
        "question": "How does modifying the control structure `return NULL;` affect the behavior or output of `kfree`?",
        "choices": {
            "A": "The modification of `return NULL;` directly impacts the execution of `kfree` because its entire operation is controlled by `return NULL;` and located within `return NULL;`.",
            "B": "Modifying `return NULL;` has no impact on the behavior or output of `kfree`.",
            "C": "The change of return NULL; indirectly affects the execution of `kfree`, as the modifications in `return NULL;` influence the arguments or conditions within `kfree`.",
            "D": "It is not possible to determine the effect without additional context."
        },
        "answer": "B",
        "distance": 0
    },
    {
        "case_id": "primevul_38",
        "code": "static struct ucounts *get_ucounts(struct user_namespace *ns, kuid_t uid)\n{\n    struct hlist_head *hashent = ucounts_hashentry(ns, uid);\n    struct ucounts *ucounts, *new;\n    spin_lock_irq(&ucounts_lock);\n    ucounts = find_ucounts(ns, uid, hashent);\n    if (!ucounts)\n    {\n        spin_unlock_irq(&ucounts_lock);\n        new = kzalloc(sizeof(*new), GFP_KERNEL);\n        if (!new)\n        {\n            return NULL;\n        }\n        new->ns = ns;\n        new->uid = uid;\n        atomic_set(&new->count, 0);\n        spin_lock_irq(&ucounts_lock);\n        ucounts = find_ucounts(ns, uid, hashent);\n        if (ucounts)\n        {\n            kfree(new);\n        }\n        else\n        {\n            hlist_add_head(&new->node, hashent);\n            ucounts = new;\n        }\n    }\n    if (!atomic_add_unless(&ucounts->count, 1, INT_MAX))\n    {\n        ucounts = NULL;\n    }\n    spin_unlock_irq(&ucounts_lock);\n    return ucounts;\n}\n",
        "question": "How does modifying the control structure `return NULL;` affect the behavior or output of `hlist_add_head`?",
        "choices": {
            "A": "The modification of `return NULL;` directly impacts the execution of `hlist_add_head` because its entire operation is controlled by `return NULL;` and located within `return NULL;`.",
            "B": "Modifying `return NULL;` has no impact on the behavior or output of `hlist_add_head`.",
            "C": "The change of return NULL; indirectly affects the execution of `hlist_add_head`, as the modifications in `return NULL;` influence the arguments or conditions within `hlist_add_head`.",
            "D": "It is not possible to determine the effect without additional context."
        },
        "answer": "B",
        "distance": 0
    },
    {
        "case_id": "primevul_38",
        "code": "static struct ucounts *get_ucounts(struct user_namespace *ns, kuid_t uid)\n{\n    struct hlist_head *hashent = ucounts_hashentry(ns, uid);\n    struct ucounts *ucounts, *new;\n    spin_lock_irq(&ucounts_lock);\n    ucounts = find_ucounts(ns, uid, hashent);\n    if (!ucounts)\n    {\n        spin_unlock_irq(&ucounts_lock);\n        new = kzalloc(sizeof(*new), GFP_KERNEL);\n        if (!new)\n        {\n            return NULL;\n        }\n        new->ns = ns;\n        new->uid = uid;\n        atomic_set(&new->count, 0);\n        spin_lock_irq(&ucounts_lock);\n        ucounts = find_ucounts(ns, uid, hashent);\n        if (ucounts)\n        {\n            kfree(new);\n        }\n        else\n        {\n            hlist_add_head(&new->node, hashent);\n            ucounts = new;\n        }\n    }\n    if (!atomic_add_unless(&ucounts->count, 1, INT_MAX))\n    {\n        ucounts = NULL;\n    }\n    spin_unlock_irq(&ucounts_lock);\n    return ucounts;\n}\n",
        "question": "How does modifying the control structure `return NULL;` affect the behavior or output of `atomic_set`?",
        "choices": {
            "A": "The modification of `return NULL;` directly impacts the execution of `atomic_set` because its entire operation is controlled by `return NULL;` and located within `return NULL;`.",
            "B": "Modifying `return NULL;` has no impact on the behavior or output of `atomic_set`.",
            "C": "The change of return NULL; indirectly affects the execution of `atomic_set`, as the modifications in `return NULL;` influence the arguments or conditions within `atomic_set`.",
            "D": "It is not possible to determine the effect without additional context."
        },
        "answer": "B",
        "distance": 0
    }
]