[
    {
        "case_id": "primevul_39",
        "code": "static bool check_client_passwd(PgSocket *client, const char *passwd)\n{\n\tchar md5[MD5_PASSWD_LEN + 1];\n\tconst char *correct;\n\tPgUser *user = client->auth_user;\n\tif (!*passwd || !*user->passwd)\n\t{\n\t\treturn false;\n\t}\n\tswitch (cf_auth_type)\n\t{\n\t\tcase AUTH_PLAIN:\n\t\t{\n\t\t\treturn strcmp(user->passwd, passwd) == 0;\n\t\t}\n\t\tcase AUTH_CRYPT:\n\t\t{\n\t\t\tcorrect = crypt(user->passwd, (char *)client->tmp_login_salt);\n\t\t\treturn correct && strcmp(correct, passwd) == 0;\n\t\t}\n\t\tcase AUTH_MD5:\n\t\t{\n\t\t\tif (strlen(passwd) != MD5_PASSWD_LEN)\n\t\t\t{\n\t\t\t\treturn false;\n\t\t\t}\n\t\t\tif (!isMD5(user->passwd))\n\t\t\t{\n\t\t\t\tpg_md5_encrypt(user->passwd, user->name, strlen(user->name), user->passwd);\n\t\t\t}\n\t\t\tpg_md5_encrypt(user->passwd + 3, (char *)client->tmp_login_salt, 4, md5);\n\t\t\treturn strcmp(md5, passwd) == 0;\n\t\t}\n\t}\n\treturn false;\n}\n",
        "question": "How does modifying the control structure `switch (cf_auth_type)` affect the behavior or output of `crypt`?",
        "choices": {
            "A": "The modification of `switch (cf_auth_type)` directly impacts the execution of `crypt` because its entire operation is controlled by `switch (cf_auth_type)` and located within `switch (cf_auth_type)`.",
            "B": "Modifying `switch (cf_auth_type)` has no impact on the behavior or output of `crypt`.",
            "C": "The change of switch (cf_auth_type) indirectly affects the execution of `crypt`, as the modifications in `switch (cf_auth_type)` influence the arguments or conditions within `crypt`.",
            "D": "It is not possible to determine the effect without additional context."
        },
        "answer": "B",
        "distance": 0
    },
    {
        "case_id": "primevul_39",
        "code": "static bool check_client_passwd(PgSocket *client, const char *passwd)\n{\n\tchar md5[MD5_PASSWD_LEN + 1];\n\tconst char *correct;\n\tPgUser *user = client->auth_user;\n\tif (!*passwd || !*user->passwd)\n\t{\n\t\treturn false;\n\t}\n\tswitch (cf_auth_type)\n\t{\n\t\tcase AUTH_PLAIN:\n\t\t{\n\t\t\treturn strcmp(user->passwd, passwd) == 0;\n\t\t}\n\t\tcase AUTH_CRYPT:\n\t\t{\n\t\t\tcorrect = crypt(user->passwd, (char *)client->tmp_login_salt);\n\t\t\treturn correct && strcmp(correct, passwd) == 0;\n\t\t}\n\t\tcase AUTH_MD5:\n\t\t{\n\t\t\tif (strlen(passwd) != MD5_PASSWD_LEN)\n\t\t\t{\n\t\t\t\treturn false;\n\t\t\t}\n\t\t\tif (!isMD5(user->passwd))\n\t\t\t{\n\t\t\t\tpg_md5_encrypt(user->passwd, user->name, strlen(user->name), user->passwd);\n\t\t\t}\n\t\t\tpg_md5_encrypt(user->passwd + 3, (char *)client->tmp_login_salt, 4, md5);\n\t\t\treturn strcmp(md5, passwd) == 0;\n\t\t}\n\t}\n\treturn false;\n}\n",
        "question": "How does modifying the control structure `return false;` affect the behavior or output of `crypt`?",
        "choices": {
            "A": "The modification of `return false;` directly impacts the execution of `crypt` because its entire operation is controlled by `return false;` and located within `return false;`.",
            "B": "Modifying `return false;` has no impact on the behavior or output of `crypt`.",
            "C": "The change of return false; indirectly affects the execution of `crypt`, as the modifications in `return false;` influence the arguments or conditions within `crypt`.",
            "D": "It is not possible to determine the effect without additional context."
        },
        "answer": "B",
        "distance": 0
    },
    {
        "case_id": "primevul_39",
        "code": "static bool check_client_passwd(PgSocket *client, const char *passwd)\n{\n\tchar md5[MD5_PASSWD_LEN + 1];\n\tconst char *correct;\n\tPgUser *user = client->auth_user;\n\tif (!*passwd || !*user->passwd)\n\t{\n\t\treturn false;\n\t}\n\tswitch (cf_auth_type)\n\t{\n\t\tcase AUTH_PLAIN:\n\t\t{\n\t\t\treturn strcmp(user->passwd, passwd) == 0;\n\t\t}\n\t\tcase AUTH_CRYPT:\n\t\t{\n\t\t\tcorrect = crypt(user->passwd, (char *)client->tmp_login_salt);\n\t\t\treturn correct && strcmp(correct, passwd) == 0;\n\t\t}\n\t\tcase AUTH_MD5:\n\t\t{\n\t\t\tif (strlen(passwd) != MD5_PASSWD_LEN)\n\t\t\t{\n\t\t\t\treturn false;\n\t\t\t}\n\t\t\tif (!isMD5(user->passwd))\n\t\t\t{\n\t\t\t\tpg_md5_encrypt(user->passwd, user->name, strlen(user->name), user->passwd);\n\t\t\t}\n\t\t\tpg_md5_encrypt(user->passwd + 3, (char *)client->tmp_login_salt, 4, md5);\n\t\t\treturn strcmp(md5, passwd) == 0;\n\t\t}\n\t}\n\treturn false;\n}\n",
        "question": "How does modifying the control structure `if (strlen(passwd) != MD5_PASSWD_LEN)` affect the behavior or output of `crypt`?",
        "choices": {
            "A": "The modification of `if (strlen(passwd) != MD5_PASSWD_LEN)` directly impacts the execution of `crypt` because its entire operation is controlled by `if (strlen(passwd) != MD5_PASSWD_LEN)` and located within `if (strlen(passwd) != MD5_PASSWD_LEN)`.",
            "B": "Modifying `if (strlen(passwd) != MD5_PASSWD_LEN)` has no impact on the behavior or output of `crypt`.",
            "C": "The change of if (strlen(passwd) != MD5_PASSWD_LEN) indirectly affects the execution of `crypt`, as the modifications in `if (strlen(passwd) != MD5_PASSWD_LEN)` influence the arguments or conditions within `crypt`.",
            "D": "It is not possible to determine the effect without additional context."
        },
        "answer": "B",
        "distance": 0
    },
    {
        "case_id": "primevul_39",
        "code": "static bool check_client_passwd(PgSocket *client, const char *passwd)\n{\n\tchar md5[MD5_PASSWD_LEN + 1];\n\tconst char *correct;\n\tPgUser *user = client->auth_user;\n\tif (!*passwd || !*user->passwd)\n\t{\n\t\treturn false;\n\t}\n\tswitch (cf_auth_type)\n\t{\n\t\tcase AUTH_PLAIN:\n\t\t{\n\t\t\treturn strcmp(user->passwd, passwd) == 0;\n\t\t}\n\t\tcase AUTH_CRYPT:\n\t\t{\n\t\t\tcorrect = crypt(user->passwd, (char *)client->tmp_login_salt);\n\t\t\treturn correct && strcmp(correct, passwd) == 0;\n\t\t}\n\t\tcase AUTH_MD5:\n\t\t{\n\t\t\tif (strlen(passwd) != MD5_PASSWD_LEN)\n\t\t\t{\n\t\t\t\treturn false;\n\t\t\t}\n\t\t\tif (!isMD5(user->passwd))\n\t\t\t{\n\t\t\t\tpg_md5_encrypt(user->passwd, user->name, strlen(user->name), user->passwd);\n\t\t\t}\n\t\t\tpg_md5_encrypt(user->passwd + 3, (char *)client->tmp_login_salt, 4, md5);\n\t\t\treturn strcmp(md5, passwd) == 0;\n\t\t}\n\t}\n\treturn false;\n}\n",
        "question": "How does modifying the control structure `return false;` affect the behavior or output of `crypt`?",
        "choices": {
            "A": "The modification of `return false;` directly impacts the execution of `crypt` because its entire operation is controlled by `return false;` and located within `return false;`.",
            "B": "Modifying `return false;` has no impact on the behavior or output of `crypt`.",
            "C": "The change of return false; indirectly affects the execution of `crypt`, as the modifications in `return false;` influence the arguments or conditions within `crypt`.",
            "D": "It is not possible to determine the effect without additional context."
        },
        "answer": "B",
        "distance": 0
    }
]