[
    {
        "case_id": "primevul_31",
        "code": "void sum_update(const char *p, int32 len)\n{\n\tswitch (cursum_type)\n\t{\n\t\tcase CSUM_MD5:\n\t\t\tmd5_update(&md, (uchar *)p, len);\n\t\t\tbreak;\n\t\tcase CSUM_MD4:\n\t\tcase CSUM_MD4_OLD:\n\t\tcase CSUM_MD4_BUSTED:\n\t\t\tif (len + sumresidue < CSUM_CHUNK)\n\t\t\t{\n\t\t\t\tmemcpy(md.buffer + sumresidue, p, len);\n\t\t\t\tsumresidue += len;\n\t\t\t}\n\t\t\tif (sumresidue)\n\t\t\t{\n\t\t\t\tint32 i = CSUM_CHUNK - sumresidue;\n\t\t\t\tmemcpy(md.buffer + sumresidue, p, i);\n\t\t\t\tmdfour_update(&md, (uchar *)md.buffer, CSUM_CHUNK);\n\t\t\t\tlen -= i;\n\t\t\t\tp += i;\n\t\t\t}\n\t\t\twhile (len >= CSUM_CHUNK)\n\t\t\t{\n\t\t\t\tmdfour_update(&md, (uchar *)p, CSUM_CHUNK);\n\t\t\t\tlen -= CSUM_CHUNK;\n\t\t\t\tp += CSUM_CHUNK;\n\t\t\t}\n\t\t\tsumresidue = len;\n\t\t\tif (sumresidue)\n\t\t\t{\n\t\t\t\tmemcpy(md.buffer, p, sumresidue);\n\t\t\t}\n\t\t\tbreak;\n\t\tcase CSUM_NONE:\n\t\t\tbreak;\n\t}\n}",
        "question": "How does modifying the control structure `if (sumresidue)` affect the behavior or output of `md5_update`?",
        "choices": {
            "A": "The modification of `if (sumresidue)` directly impacts the execution of `md5_update` because its entire operation is controlled by `if (sumresidue)` and located within `if (sumresidue)`.",
            "B": "Modifying `if (sumresidue)` has no impact on the behavior or output of `md5_update`.",
            "C": "The change of if (sumresidue) indirectly affects the execution of `md5_update`, as the modifications in `if (sumresidue)` influence the arguments or conditions within `md5_update`.",
            "D": "It is not possible to determine the effect without additional context."
        },
        "answer": "B",
        "distance": 0
    },
    {
        "case_id": "primevul_31",
        "code": "void sum_update(const char *p, int32 len)\n{\n\tswitch (cursum_type)\n\t{\n\t\tcase CSUM_MD5:\n\t\t\tmd5_update(&md, (uchar *)p, len);\n\t\t\tbreak;\n\t\tcase CSUM_MD4:\n\t\tcase CSUM_MD4_OLD:\n\t\tcase CSUM_MD4_BUSTED:\n\t\t\tif (len + sumresidue < CSUM_CHUNK)\n\t\t\t{\n\t\t\t\tmemcpy(md.buffer + sumresidue, p, len);\n\t\t\t\tsumresidue += len;\n\t\t\t}\n\t\t\tif (sumresidue)\n\t\t\t{\n\t\t\t\tint32 i = CSUM_CHUNK - sumresidue;\n\t\t\t\tmemcpy(md.buffer + sumresidue, p, i);\n\t\t\t\tmdfour_update(&md, (uchar *)md.buffer, CSUM_CHUNK);\n\t\t\t\tlen -= i;\n\t\t\t\tp += i;\n\t\t\t}\n\t\t\twhile (len >= CSUM_CHUNK)\n\t\t\t{\n\t\t\t\tmdfour_update(&md, (uchar *)p, CSUM_CHUNK);\n\t\t\t\tlen -= CSUM_CHUNK;\n\t\t\t\tp += CSUM_CHUNK;\n\t\t\t}\n\t\t\tsumresidue = len;\n\t\t\tif (sumresidue)\n\t\t\t{\n\t\t\t\tmemcpy(md.buffer, p, sumresidue);\n\t\t\t}\n\t\t\tbreak;\n\t\tcase CSUM_NONE:\n\t\t\tbreak;\n\t}\n}",
        "question": "How does modifying the control structure `if (len + sumresidue < CSUM_CHUNK)` affect the behavior or output of `md5_update`?",
        "choices": {
            "A": "The modification of `if (len + sumresidue < CSUM_CHUNK)` directly impacts the execution of `md5_update` because its entire operation is controlled by `if (len + sumresidue < CSUM_CHUNK)` and located within `if (len + sumresidue < CSUM_CHUNK)`.",
            "B": "Modifying `if (len + sumresidue < CSUM_CHUNK)` has no impact on the behavior or output of `md5_update`.",
            "C": "The change of if (len + sumresidue < CSUM_CHUNK) indirectly affects the execution of `md5_update`, as the modifications in `if (len + sumresidue < CSUM_CHUNK)` influence the arguments or conditions within `md5_update`.",
            "D": "It is not possible to determine the effect without additional context."
        },
        "answer": "B",
        "distance": 0
    },
    {
        "case_id": "primevul_31",
        "code": "void sum_update(const char *p, int32 len)\n{\n\tswitch (cursum_type)\n\t{\n\t\tcase CSUM_MD5:\n\t\t\tmd5_update(&md, (uchar *)p, len);\n\t\t\tbreak;\n\t\tcase CSUM_MD4:\n\t\tcase CSUM_MD4_OLD:\n\t\tcase CSUM_MD4_BUSTED:\n\t\t\tif (len + sumresidue < CSUM_CHUNK)\n\t\t\t{\n\t\t\t\tmemcpy(md.buffer + sumresidue, p, len);\n\t\t\t\tsumresidue += len;\n\t\t\t}\n\t\t\tif (sumresidue)\n\t\t\t{\n\t\t\t\tint32 i = CSUM_CHUNK - sumresidue;\n\t\t\t\tmemcpy(md.buffer + sumresidue, p, i);\n\t\t\t\tmdfour_update(&md, (uchar *)md.buffer, CSUM_CHUNK);\n\t\t\t\tlen -= i;\n\t\t\t\tp += i;\n\t\t\t}\n\t\t\twhile (len >= CSUM_CHUNK)\n\t\t\t{\n\t\t\t\tmdfour_update(&md, (uchar *)p, CSUM_CHUNK);\n\t\t\t\tlen -= CSUM_CHUNK;\n\t\t\t\tp += CSUM_CHUNK;\n\t\t\t}\n\t\t\tsumresidue = len;\n\t\t\tif (sumresidue)\n\t\t\t{\n\t\t\t\tmemcpy(md.buffer, p, sumresidue);\n\t\t\t}\n\t\t\tbreak;\n\t\tcase CSUM_NONE:\n\t\t\tbreak;\n\t}\n}",
        "question": "How does modifying the control structure `break;` affect the behavior or output of `md5_update`?",
        "choices": {
            "A": "The modification of `break;` directly impacts the execution of `md5_update` because its entire operation is controlled by `break;` and located within `break;`.",
            "B": "Modifying `break;` has no impact on the behavior or output of `md5_update`.",
            "C": "The change of break; indirectly affects the execution of `md5_update`, as the modifications in `break;` influence the arguments or conditions within `md5_update`.",
            "D": "It is not possible to determine the effect without additional context."
        },
        "answer": "B",
        "distance": 0
    },
    {
        "case_id": "primevul_31",
        "code": "void sum_update(const char *p, int32 len)\n{\n\tswitch (cursum_type)\n\t{\n\t\tcase CSUM_MD5:\n\t\t\tmd5_update(&md, (uchar *)p, len);\n\t\t\tbreak;\n\t\tcase CSUM_MD4:\n\t\tcase CSUM_MD4_OLD:\n\t\tcase CSUM_MD4_BUSTED:\n\t\t\tif (len + sumresidue < CSUM_CHUNK)\n\t\t\t{\n\t\t\t\tmemcpy(md.buffer + sumresidue, p, len);\n\t\t\t\tsumresidue += len;\n\t\t\t}\n\t\t\tif (sumresidue)\n\t\t\t{\n\t\t\t\tint32 i = CSUM_CHUNK - sumresidue;\n\t\t\t\tmemcpy(md.buffer + sumresidue, p, i);\n\t\t\t\tmdfour_update(&md, (uchar *)md.buffer, CSUM_CHUNK);\n\t\t\t\tlen -= i;\n\t\t\t\tp += i;\n\t\t\t}\n\t\t\twhile (len >= CSUM_CHUNK)\n\t\t\t{\n\t\t\t\tmdfour_update(&md, (uchar *)p, CSUM_CHUNK);\n\t\t\t\tlen -= CSUM_CHUNK;\n\t\t\t\tp += CSUM_CHUNK;\n\t\t\t}\n\t\t\tsumresidue = len;\n\t\t\tif (sumresidue)\n\t\t\t{\n\t\t\t\tmemcpy(md.buffer, p, sumresidue);\n\t\t\t}\n\t\t\tbreak;\n\t\tcase CSUM_NONE:\n\t\t\tbreak;\n\t}\n}",
        "question": "How does modifying the control structure `while (len >= CSUM_CHUNK)` affect the behavior or output of `md5_update`?",
        "choices": {
            "A": "The modification of `while (len >= CSUM_CHUNK)` directly impacts the execution of `md5_update` because its entire operation is controlled by `while (len >= CSUM_CHUNK)` and located within `while (len >= CSUM_CHUNK)`.",
            "B": "Modifying `while (len >= CSUM_CHUNK)` has no impact on the behavior or output of `md5_update`.",
            "C": "The change of while (len >= CSUM_CHUNK) indirectly affects the execution of `md5_update`, as the modifications in `while (len >= CSUM_CHUNK)` influence the arguments or conditions within `md5_update`.",
            "D": "It is not possible to determine the effect without additional context."
        },
        "answer": "B",
        "distance": 0
    }
]