[
    {
        "case_id": "primevul_61",
        "code": "void CWebServer::GetFloorplanImage(WebEmSession & session, const request& req, reply & rep)\n{\n    std::string idx = request::findValue(&req, \"idx\");\n    if (idx == \"\")\n    {\n        return;\n    }\n    std::vector<std::vector<std::string> > result;\n    result = m_sql.safe_queryBlob(\"SELECT Image FROM Floorplans WHERE ID=%s\", idx.c_str());\n    if (result.empty())\n    {\n        return;\n    }\n    reply::set_content(&rep, result[0][0].begin(), result[0][0].end());\n    std::string oname = \"floorplan\";\n    if (result[0][0].size() > 10)\n    {\n        if (result[0][0][0] == 'P')\n        {\n            oname += \".png\";\n        }\n        else if (result[0][0][0] == -1)\n        {\n            oname += \".jpg\";\n        }\n        else if (result[0][0][0] == 'B')\n        {\n            oname += \".bmp\";\n        }\n        else if (result[0][0][0] == 'G')\n        {\n            oname += \".gif\";\n        }\n    }\n    reply::add_header_attachment(&rep, oname);\n}\n",
        "question": "How does modifying the control structure `else if (result[0][0][0] == 'B')` affect the behavior or output of `safe_queryBlob`?",
        "choices": {
            "A": "The modification of `else if (result[0][0][0] == 'B')` directly impacts the execution of `safe_queryBlob` because its entire operation is controlled by `else if (result[0][0][0] == 'B')` and located within `else if (result[0][0][0] == 'B')`.",
            "B": "Modifying `else if (result[0][0][0] == 'B')` has no impact on the behavior or output of `safe_queryBlob`.",
            "C": "The change of else if (result[0][0][0] == 'B') indirectly affects the execution of `safe_queryBlob`, as the modifications in `else if (result[0][0][0] == 'B')` influence the arguments or conditions within `safe_queryBlob`.",
            "D": "It is not possible to determine the effect without additional context."
        },
        "answer": "B",
        "distance": 0
    },
    {
        "case_id": "primevul_61",
        "code": "void CWebServer::GetFloorplanImage(WebEmSession & session, const request& req, reply & rep)\n{\n    std::string idx = request::findValue(&req, \"idx\");\n    if (idx == \"\")\n    {\n        return;\n    }\n    std::vector<std::vector<std::string> > result;\n    result = m_sql.safe_queryBlob(\"SELECT Image FROM Floorplans WHERE ID=%s\", idx.c_str());\n    if (result.empty())\n    {\n        return;\n    }\n    reply::set_content(&rep, result[0][0].begin(), result[0][0].end());\n    std::string oname = \"floorplan\";\n    if (result[0][0].size() > 10)\n    {\n        if (result[0][0][0] == 'P')\n        {\n            oname += \".png\";\n        }\n        else if (result[0][0][0] == -1)\n        {\n            oname += \".jpg\";\n        }\n        else if (result[0][0][0] == 'B')\n        {\n            oname += \".bmp\";\n        }\n        else if (result[0][0][0] == 'G')\n        {\n            oname += \".gif\";\n        }\n    }\n    reply::add_header_attachment(&rep, oname);\n}\n",
        "question": "How does modifying the control structure `else if (result[0][0][0] == 'B')` affect the behavior or output of `end`?",
        "choices": {
            "A": "The modification of `else if (result[0][0][0] == 'B')` directly impacts the execution of `end` because its entire operation is controlled by `else if (result[0][0][0] == 'B')` and located within `else if (result[0][0][0] == 'B')`.",
            "B": "Modifying `else if (result[0][0][0] == 'B')` has no impact on the behavior or output of `end`.",
            "C": "The change of else if (result[0][0][0] == 'B') indirectly affects the execution of `end`, as the modifications in `else if (result[0][0][0] == 'B')` influence the arguments or conditions within `end`.",
            "D": "It is not possible to determine the effect without additional context."
        },
        "answer": "B",
        "distance": 0
    },
    {
        "case_id": "primevul_61",
        "code": "void CWebServer::GetFloorplanImage(WebEmSession & session, const request& req, reply & rep)\n{\n    std::string idx = request::findValue(&req, \"idx\");\n    if (idx == \"\")\n    {\n        return;\n    }\n    std::vector<std::vector<std::string> > result;\n    result = m_sql.safe_queryBlob(\"SELECT Image FROM Floorplans WHERE ID=%s\", idx.c_str());\n    if (result.empty())\n    {\n        return;\n    }\n    reply::set_content(&rep, result[0][0].begin(), result[0][0].end());\n    std::string oname = \"floorplan\";\n    if (result[0][0].size() > 10)\n    {\n        if (result[0][0][0] == 'P')\n        {\n            oname += \".png\";\n        }\n        else if (result[0][0][0] == -1)\n        {\n            oname += \".jpg\";\n        }\n        else if (result[0][0][0] == 'B')\n        {\n            oname += \".bmp\";\n        }\n        else if (result[0][0][0] == 'G')\n        {\n            oname += \".gif\";\n        }\n    }\n    reply::add_header_attachment(&rep, oname);\n}\n",
        "question": "How does modifying the control structure `else if (result[0][0][0] == 'B')` affect the behavior or output of `c_str`?",
        "choices": {
            "A": "The modification of `else if (result[0][0][0] == 'B')` directly impacts the execution of `c_str` because its entire operation is controlled by `else if (result[0][0][0] == 'B')` and located within `else if (result[0][0][0] == 'B')`.",
            "B": "Modifying `else if (result[0][0][0] == 'B')` has no impact on the behavior or output of `c_str`.",
            "C": "The change of else if (result[0][0][0] == 'B') indirectly affects the execution of `c_str`, as the modifications in `else if (result[0][0][0] == 'B')` influence the arguments or conditions within `c_str`.",
            "D": "It is not possible to determine the effect without additional context."
        },
        "answer": "B",
        "distance": 0
    },
    {
        "case_id": "primevul_61",
        "code": "void CWebServer::GetFloorplanImage(WebEmSession & session, const request& req, reply & rep)\n{\n    std::string idx = request::findValue(&req, \"idx\");\n    if (idx == \"\")\n    {\n        return;\n    }\n    std::vector<std::vector<std::string> > result;\n    result = m_sql.safe_queryBlob(\"SELECT Image FROM Floorplans WHERE ID=%s\", idx.c_str());\n    if (result.empty())\n    {\n        return;\n    }\n    reply::set_content(&rep, result[0][0].begin(), result[0][0].end());\n    std::string oname = \"floorplan\";\n    if (result[0][0].size() > 10)\n    {\n        if (result[0][0][0] == 'P')\n        {\n            oname += \".png\";\n        }\n        else if (result[0][0][0] == -1)\n        {\n            oname += \".jpg\";\n        }\n        else if (result[0][0][0] == 'B')\n        {\n            oname += \".bmp\";\n        }\n        else if (result[0][0][0] == 'G')\n        {\n            oname += \".gif\";\n        }\n    }\n    reply::add_header_attachment(&rep, oname);\n}\n",
        "question": "How does modifying the control structure `else if (result[0][0][0] == 'B')` affect the behavior or output of `begin`?",
        "choices": {
            "A": "The modification of `else if (result[0][0][0] == 'B')` directly impacts the execution of `begin` because its entire operation is controlled by `else if (result[0][0][0] == 'B')` and located within `else if (result[0][0][0] == 'B')`.",
            "B": "Modifying `else if (result[0][0][0] == 'B')` has no impact on the behavior or output of `begin`.",
            "C": "The change of else if (result[0][0][0] == 'B') indirectly affects the execution of `begin`, as the modifications in `else if (result[0][0][0] == 'B')` influence the arguments or conditions within `begin`.",
            "D": "It is not possible to determine the effect without additional context."
        },
        "answer": "B",
        "distance": 0
    }
]