[
    {
        "case_id": "primevul_6",
        "code": "static int override_release(char __user *release, int len)\n{\n    int ret = 0;\n    char buf[65];\n    if (current->personality & UNAME26)\n    {\n        char *rest = UTS_RELEASE;\n        int ndots = 0;\n        unsigned v;\n        while (*rest)\n        {\n            if (*rest == '.' && ++ndots >= 3)\n            {\n                break;\n            }\n            if (!isdigit(*rest) && *rest != '.')\n            {\n                break;\n            }\n            rest++;\n        }\n        v = ((LINUX_VERSION_CODE >> 8) & 0xff) + 40;\n        snprintf(buf, len, \"2.6.%u%s\", v, rest);\n        ret = copy_to_user(release, buf, len);\n    }\n    return ret;\n}\n",
        "question": "How does modifying the control structure `if (current->personality & UNAME26)` affect the behavior or output of `copy_to_user`?",
        "choices": {
            "A": "The modification of `if (current->personality & UNAME26)` directly impacts the execution of `copy_to_user` because its entire operation is controlled by `if (current->personality & UNAME26)` and located within `if (current->personality & UNAME26)`.",
            "B": "Modifying `if (current->personality & UNAME26)` has no impact on the behavior or output of `copy_to_user`.",
            "C": "The change of if (current->personality & UNAME26) indirectly affects the execution of `copy_to_user`, as the modifications in `if (current->personality & UNAME26)` influence the arguments or conditions within `copy_to_user`.",
            "D": "It is not possible to determine the effect without additional context."
        },
        "answer": "A",
        "distance": 1
    },
    {
        "case_id": "primevul_6",
        "code": "static int override_release(char __user *release, int len)\n{\n    int ret = 0;\n    char buf[65];\n    if (current->personality & UNAME26)\n    {\n        char *rest = UTS_RELEASE;\n        int ndots = 0;\n        unsigned v;\n        while (*rest)\n        {\n            if (*rest == '.' && ++ndots >= 3)\n            {\n                break;\n            }\n            if (!isdigit(*rest) && *rest != '.')\n            {\n                break;\n            }\n            rest++;\n        }\n        v = ((LINUX_VERSION_CODE >> 8) & 0xff) + 40;\n        snprintf(buf, len, \"2.6.%u%s\", v, rest);\n        ret = copy_to_user(release, buf, len);\n    }\n    return ret;\n}\n",
        "question": "How does modifying the control structure `if (current->personality & UNAME26)` affect the behavior or output of `snprintf`?",
        "choices": {
            "A": "The modification of `if (current->personality & UNAME26)` directly impacts the execution of `snprintf` because its entire operation is controlled by `if (current->personality & UNAME26)` and located within `if (current->personality & UNAME26)`.",
            "B": "Modifying `if (current->personality & UNAME26)` has no impact on the behavior or output of `snprintf`.",
            "C": "The change of if (current->personality & UNAME26) indirectly affects the execution of `snprintf`, as the modifications in `if (current->personality & UNAME26)` influence the arguments or conditions within `snprintf`.",
            "D": "It is not possible to determine the effect without additional context."
        },
        "answer": "A",
        "distance": 1
    },
    {
        "case_id": "primevul_6",
        "code": "static int override_release(char __user *release, int len)\n{\n    int ret = 0;\n    char buf[65];\n    if (current->personality & UNAME26)\n    {\n        char *rest = UTS_RELEASE;\n        int ndots = 0;\n        unsigned v;\n        while (*rest)\n        {\n            if (*rest == '.' && ++ndots >= 3)\n            {\n                break;\n            }\n            if (!isdigit(*rest) && *rest != '.')\n            {\n                break;\n            }\n            rest++;\n        }\n        v = ((LINUX_VERSION_CODE >> 8) & 0xff) + 40;\n        snprintf(buf, len, \"2.6.%u%s\", v, rest);\n        ret = copy_to_user(release, buf, len);\n    }\n    return ret;\n}\n",
        "question": "How does modifying the control structure `return ret;` affect the behavior or output of `copy_to_user`?",
        "choices": {
            "A": "The modification of `return ret;` directly impacts the execution of `copy_to_user` because its entire operation is controlled by `return ret;` and located within `return ret;`.",
            "B": "Modifying `return ret;` has no impact on the behavior or output of `copy_to_user`.",
            "C": "The change of return ret; indirectly affects the execution of `copy_to_user`, as the modifications in `return ret;` influence the arguments or conditions within `copy_to_user`.",
            "D": "It is not possible to determine the effect without additional context."
        },
        "answer": "B",
        "distance": 0
    },
    {
        "case_id": "primevul_6",
        "code": "static int override_release(char __user *release, int len)\n{\n    int ret = 0;\n    char buf[65];\n    if (current->personality & UNAME26)\n    {\n        char *rest = UTS_RELEASE;\n        int ndots = 0;\n        unsigned v;\n        while (*rest)\n        {\n            if (*rest == '.' && ++ndots >= 3)\n            {\n                break;\n            }\n            if (!isdigit(*rest) && *rest != '.')\n            {\n                break;\n            }\n            rest++;\n        }\n        v = ((LINUX_VERSION_CODE >> 8) & 0xff) + 40;\n        snprintf(buf, len, \"2.6.%u%s\", v, rest);\n        ret = copy_to_user(release, buf, len);\n    }\n    return ret;\n}\n",
        "question": "How does modifying the control structure `return ret;` affect the behavior or output of `snprintf`?",
        "choices": {
            "A": "The modification of `return ret;` directly impacts the execution of `snprintf` because its entire operation is controlled by `return ret;` and located within `return ret;`.",
            "B": "Modifying `return ret;` has no impact on the behavior or output of `snprintf`.",
            "C": "The change of return ret; indirectly affects the execution of `snprintf`, as the modifications in `return ret;` influence the arguments or conditions within `snprintf`.",
            "D": "It is not possible to determine the effect without additional context."
        },
        "answer": "B",
        "distance": 0
    },
    {
        "case_id": "primevul_6",
        "code": "static int override_release(char __user *release, int len)\n{\n    int ret = 0;\n    char buf[65];\n    if (current->personality & UNAME26)\n    {\n        char *rest = UTS_RELEASE;\n        int ndots = 0;\n        unsigned v;\n        while (*rest)\n        {\n            if (*rest == '.' && ++ndots >= 3)\n            {\n                break;\n            }\n            if (!isdigit(*rest) && *rest != '.')\n            {\n                break;\n            }\n            rest++;\n        }\n        v = ((LINUX_VERSION_CODE >> 8) & 0xff) + 40;\n        snprintf(buf, len, \"2.6.%u%s\", v, rest);\n        ret = copy_to_user(release, buf, len);\n    }\n    return ret;\n}\n",
        "question": "How does modifying the control structure `break;` affect the behavior or output of `copy_to_user`?",
        "choices": {
            "A": "The modification of `break;` directly impacts the execution of `copy_to_user` because its entire operation is controlled by `break;` and located within `break;`.",
            "B": "Modifying `break;` has no impact on the behavior or output of `copy_to_user`.",
            "C": "The change of break; indirectly affects the execution of `copy_to_user`, as the modifications in `break;` influence the arguments or conditions within `copy_to_user`.",
            "D": "It is not possible to determine the effect without additional context."
        },
        "answer": "B",
        "distance": 0
    },
    {
        "case_id": "primevul_6",
        "code": "static int override_release(char __user *release, int len)\n{\n    int ret = 0;\n    char buf[65];\n    if (current->personality & UNAME26)\n    {\n        char *rest = UTS_RELEASE;\n        int ndots = 0;\n        unsigned v;\n        while (*rest)\n        {\n            if (*rest == '.' && ++ndots >= 3)\n            {\n                break;\n            }\n            if (!isdigit(*rest) && *rest != '.')\n            {\n                break;\n            }\n            rest++;\n        }\n        v = ((LINUX_VERSION_CODE >> 8) & 0xff) + 40;\n        snprintf(buf, len, \"2.6.%u%s\", v, rest);\n        ret = copy_to_user(release, buf, len);\n    }\n    return ret;\n}\n",
        "question": "How does modifying the control structure `break;` affect the behavior or output of `snprintf`?",
        "choices": {
            "A": "The modification of `break;` directly impacts the execution of `snprintf` because its entire operation is controlled by `break;` and located within `break;`.",
            "B": "Modifying `break;` has no impact on the behavior or output of `snprintf`.",
            "C": "The change of break; indirectly affects the execution of `snprintf`, as the modifications in `break;` influence the arguments or conditions within `snprintf`.",
            "D": "It is not possible to determine the effect without additional context."
        },
        "answer": "B",
        "distance": 0
    },
    {
        "case_id": "primevul_6",
        "code": "static int override_release(char __user *release, int len)\n{\n    int ret = 0;\n    char buf[65];\n    if (current->personality & UNAME26)\n    {\n        char *rest = UTS_RELEASE;\n        int ndots = 0;\n        unsigned v;\n        while (*rest)\n        {\n            if (*rest == '.' && ++ndots >= 3)\n            {\n                break;\n            }\n            if (!isdigit(*rest) && *rest != '.')\n            {\n                break;\n            }\n            rest++;\n        }\n        v = ((LINUX_VERSION_CODE >> 8) & 0xff) + 40;\n        snprintf(buf, len, \"2.6.%u%s\", v, rest);\n        ret = copy_to_user(release, buf, len);\n    }\n    return ret;\n}\n",
        "question": "How does modifying the control structure `if (!isdigit(*rest) && *rest != '.')` affect the behavior or output of `copy_to_user`?",
        "choices": {
            "A": "The modification of `if (!isdigit(*rest) && *rest != '.')` directly impacts the execution of `copy_to_user` because its entire operation is controlled by `if (!isdigit(*rest) && *rest != '.')` and located within `if (!isdigit(*rest) && *rest != '.')`.",
            "B": "Modifying `if (!isdigit(*rest) && *rest != '.')` has no impact on the behavior or output of `copy_to_user`.",
            "C": "The change of if (!isdigit(*rest) && *rest != '.') indirectly affects the execution of `copy_to_user`, as the modifications in `if (!isdigit(*rest) && *rest != '.')` influence the arguments or conditions within `copy_to_user`.",
            "D": "It is not possible to determine the effect without additional context."
        },
        "answer": "C",
        "distance": 2
    },
    {
        "case_id": "primevul_6",
        "code": "static int override_release(char __user *release, int len)\n{\n    int ret = 0;\n    char buf[65];\n    if (current->personality & UNAME26)\n    {\n        char *rest = UTS_RELEASE;\n        int ndots = 0;\n        unsigned v;\n        while (*rest)\n        {\n            if (*rest == '.' && ++ndots >= 3)\n            {\n                break;\n            }\n            if (!isdigit(*rest) && *rest != '.')\n            {\n                break;\n            }\n            rest++;\n        }\n        v = ((LINUX_VERSION_CODE >> 8) & 0xff) + 40;\n        snprintf(buf, len, \"2.6.%u%s\", v, rest);\n        ret = copy_to_user(release, buf, len);\n    }\n    return ret;\n}\n",
        "question": "How does modifying the control structure `if (!isdigit(*rest) && *rest != '.')` affect the behavior or output of `snprintf`?",
        "choices": {
            "A": "The modification of `if (!isdigit(*rest) && *rest != '.')` directly impacts the execution of `snprintf` because its entire operation is controlled by `if (!isdigit(*rest) && *rest != '.')` and located within `if (!isdigit(*rest) && *rest != '.')`.",
            "B": "Modifying `if (!isdigit(*rest) && *rest != '.')` has no impact on the behavior or output of `snprintf`.",
            "C": "The change of if (!isdigit(*rest) && *rest != '.') indirectly affects the execution of `snprintf`, as the modifications in `if (!isdigit(*rest) && *rest != '.')` influence the arguments or conditions within `snprintf`.",
            "D": "It is not possible to determine the effect without additional context."
        },
        "answer": "C",
        "distance": 2
    },
    {
        "case_id": "primevul_6",
        "code": "static int override_release(char __user *release, int len)\n{\n    int ret = 0;\n    char buf[65];\n    if (current->personality & UNAME26)\n    {\n        char *rest = UTS_RELEASE;\n        int ndots = 0;\n        unsigned v;\n        while (*rest)\n        {\n            if (*rest == '.' && ++ndots >= 3)\n            {\n                break;\n            }\n            if (!isdigit(*rest) && *rest != '.')\n            {\n                break;\n            }\n            rest++;\n        }\n        v = ((LINUX_VERSION_CODE >> 8) & 0xff) + 40;\n        snprintf(buf, len, \"2.6.%u%s\", v, rest);\n        ret = copy_to_user(release, buf, len);\n    }\n    return ret;\n}\n",
        "question": "How does modifying the control structure `while (*rest)` affect the behavior or output of `copy_to_user`?",
        "choices": {
            "A": "The modification of `while (*rest)` directly impacts the execution of `copy_to_user` because its entire operation is controlled by `while (*rest)` and located within `while (*rest)`.",
            "B": "Modifying `while (*rest)` has no impact on the behavior or output of `copy_to_user`.",
            "C": "The change of while (*rest) indirectly affects the execution of `copy_to_user`, as the modifications in `while (*rest)` influence the arguments or conditions within `copy_to_user`.",
            "D": "It is not possible to determine the effect without additional context."
        },
        "answer": "C",
        "distance": 2
    },
    {
        "case_id": "primevul_6",
        "code": "static int override_release(char __user *release, int len)\n{\n    int ret = 0;\n    char buf[65];\n    if (current->personality & UNAME26)\n    {\n        char *rest = UTS_RELEASE;\n        int ndots = 0;\n        unsigned v;\n        while (*rest)\n        {\n            if (*rest == '.' && ++ndots >= 3)\n            {\n                break;\n            }\n            if (!isdigit(*rest) && *rest != '.')\n            {\n                break;\n            }\n            rest++;\n        }\n        v = ((LINUX_VERSION_CODE >> 8) & 0xff) + 40;\n        snprintf(buf, len, \"2.6.%u%s\", v, rest);\n        ret = copy_to_user(release, buf, len);\n    }\n    return ret;\n}\n",
        "question": "How does modifying the control structure `while (*rest)` affect the behavior or output of `snprintf`?",
        "choices": {
            "A": "The modification of `while (*rest)` directly impacts the execution of `snprintf` because its entire operation is controlled by `while (*rest)` and located within `while (*rest)`.",
            "B": "Modifying `while (*rest)` has no impact on the behavior or output of `snprintf`.",
            "C": "The change of while (*rest) indirectly affects the execution of `snprintf`, as the modifications in `while (*rest)` influence the arguments or conditions within `snprintf`.",
            "D": "It is not possible to determine the effect without additional context."
        },
        "answer": "C",
        "distance": 2
    }
]