[
    {
        "case_id": "primevul_2",
        "code": "static ssize_t clusterip_proc_write(struct file *file, const char __user *input, size_t size, loff_t *ofs)\n{\n    struct clusterip_config *c = PDE(file->f_path.dentry->d_inode)->data;\n#define PROC_WRITELEN 10\n    char buffer[PROC_WRITELEN+1];\n    unsigned long nodenum;\n    if (copy_from_user(buffer, input, PROC_WRITELEN))\n    {\n        return -EFAULT;\n    }\n    if (*buffer == '+')\n    {\n        nodenum = simple_strtoul(buffer+1, NULL, 10);\n        if (clusterip_add_node(c, nodenum))\n        {\n            return -ENOMEM;\n        }\n    }\n    else if (*buffer == '-')\n    {\n        nodenum = simple_strtoul(buffer+1, NULL, 10);\n        if (clusterip_del_node(c, nodenum))\n        {\n            return -ENOENT;\n        }\n    }\n    else\n    {\n        return -EIO;\n    }\n    return size;\n}\n",
        "question": "How does modifying the control structure `else if (*buffer == '-')` affect the behavior or output of `PDE`?",
        "choices": {
            "A": "The modification of `else if (*buffer == '-')` directly impacts the execution of `PDE` because its entire operation is controlled by `else if (*buffer == '-')` and located within `else if (*buffer == '-')`.",
            "B": "Modifying `else if (*buffer == '-')` has no impact on the behavior or output of `PDE`.",
            "C": "The change of else if (*buffer == '-') indirectly affects the execution of `PDE`, as the modifications in `else if (*buffer == '-')` influence the arguments or conditions within `PDE`.",
            "D": "It is not possible to determine the effect without additional context."
        },
        "answer": "B",
        "distance": 0
    },
    {
        "case_id": "primevul_2",
        "code": "static ssize_t clusterip_proc_write(struct file *file, const char __user *input, size_t size, loff_t *ofs)\n{\n    struct clusterip_config *c = PDE(file->f_path.dentry->d_inode)->data;\n#define PROC_WRITELEN 10\n    char buffer[PROC_WRITELEN+1];\n    unsigned long nodenum;\n    if (copy_from_user(buffer, input, PROC_WRITELEN))\n    {\n        return -EFAULT;\n    }\n    if (*buffer == '+')\n    {\n        nodenum = simple_strtoul(buffer+1, NULL, 10);\n        if (clusterip_add_node(c, nodenum))\n        {\n            return -ENOMEM;\n        }\n    }\n    else if (*buffer == '-')\n    {\n        nodenum = simple_strtoul(buffer+1, NULL, 10);\n        if (clusterip_del_node(c, nodenum))\n        {\n            return -ENOENT;\n        }\n    }\n    else\n    {\n        return -EIO;\n    }\n    return size;\n}\n",
        "question": "How does modifying the control structure `return -ENOMEM;` affect the behavior or output of `PDE`?",
        "choices": {
            "A": "The modification of `return -ENOMEM;` directly impacts the execution of `PDE` because its entire operation is controlled by `return -ENOMEM;` and located within `return -ENOMEM;`.",
            "B": "Modifying `return -ENOMEM;` has no impact on the behavior or output of `PDE`.",
            "C": "The change of return -ENOMEM; indirectly affects the execution of `PDE`, as the modifications in `return -ENOMEM;` influence the arguments or conditions within `PDE`.",
            "D": "It is not possible to determine the effect without additional context."
        },
        "answer": "B",
        "distance": 0
    },
    {
        "case_id": "primevul_2",
        "code": "static ssize_t clusterip_proc_write(struct file *file, const char __user *input, size_t size, loff_t *ofs)\n{\n    struct clusterip_config *c = PDE(file->f_path.dentry->d_inode)->data;\n#define PROC_WRITELEN 10\n    char buffer[PROC_WRITELEN+1];\n    unsigned long nodenum;\n    if (copy_from_user(buffer, input, PROC_WRITELEN))\n    {\n        return -EFAULT;\n    }\n    if (*buffer == '+')\n    {\n        nodenum = simple_strtoul(buffer+1, NULL, 10);\n        if (clusterip_add_node(c, nodenum))\n        {\n            return -ENOMEM;\n        }\n    }\n    else if (*buffer == '-')\n    {\n        nodenum = simple_strtoul(buffer+1, NULL, 10);\n        if (clusterip_del_node(c, nodenum))\n        {\n            return -ENOENT;\n        }\n    }\n    else\n    {\n        return -EIO;\n    }\n    return size;\n}\n",
        "question": "How does modifying the control structure `return size;` affect the behavior or output of `PDE`?",
        "choices": {
            "A": "The modification of `return size;` directly impacts the execution of `PDE` because its entire operation is controlled by `return size;` and located within `return size;`.",
            "B": "Modifying `return size;` has no impact on the behavior or output of `PDE`.",
            "C": "The change of return size; indirectly affects the execution of `PDE`, as the modifications in `return size;` influence the arguments or conditions within `PDE`.",
            "D": "It is not possible to determine the effect without additional context."
        },
        "answer": "B",
        "distance": 0
    },
    {
        "case_id": "primevul_2",
        "code": "static ssize_t clusterip_proc_write(struct file *file, const char __user *input, size_t size, loff_t *ofs)\n{\n    struct clusterip_config *c = PDE(file->f_path.dentry->d_inode)->data;\n#define PROC_WRITELEN 10\n    char buffer[PROC_WRITELEN+1];\n    unsigned long nodenum;\n    if (copy_from_user(buffer, input, PROC_WRITELEN))\n    {\n        return -EFAULT;\n    }\n    if (*buffer == '+')\n    {\n        nodenum = simple_strtoul(buffer+1, NULL, 10);\n        if (clusterip_add_node(c, nodenum))\n        {\n            return -ENOMEM;\n        }\n    }\n    else if (*buffer == '-')\n    {\n        nodenum = simple_strtoul(buffer+1, NULL, 10);\n        if (clusterip_del_node(c, nodenum))\n        {\n            return -ENOENT;\n        }\n    }\n    else\n    {\n        return -EIO;\n    }\n    return size;\n}\n",
        "question": "How does modifying the control structure `return -EFAULT;` affect the behavior or output of `PDE`?",
        "choices": {
            "A": "The modification of `return -EFAULT;` directly impacts the execution of `PDE` because its entire operation is controlled by `return -EFAULT;` and located within `return -EFAULT;`.",
            "B": "Modifying `return -EFAULT;` has no impact on the behavior or output of `PDE`.",
            "C": "The change of return -EFAULT; indirectly affects the execution of `PDE`, as the modifications in `return -EFAULT;` influence the arguments or conditions within `PDE`.",
            "D": "It is not possible to determine the effect without additional context."
        },
        "answer": "B",
        "distance": 0
    }
]