[
    {
        "case_id": "primevul_56",
        "code": "int OmniboxViewViews::OnDrop(const ui::OSExchangeData& data)\n{\n  if (HasTextBeingDragged())\n  {\n    return ui::DragDropTypes::DRAG_NONE;\n  }\n  if (data.HasURL(ui::OSExchangeData::CONVERT_FILENAMES))\n  {\n    GURL url;\n    base::string16 title;\n    if (data.GetURLAndTitle(ui::OSExchangeData::CONVERT_FILENAMES, &url, &title))\n    {\n      base::string16 text(StripJavascriptSchemas(base::UTF8ToUTF16(url.spec())));\n      if (model()->CanPasteAndGo(text))\n      {\n        model()->PasteAndGo(text);\n        return ui::DragDropTypes::DRAG_COPY;\n      }\n    }\n  }\n  else if (data.HasString())\n  {\n    base::string16 text;\n    if (data.GetString(&text))\n    {\n      base::string16 collapsed_text(base::CollapseWhitespace(text, true));\n      if (model()->CanPasteAndGo(collapsed_text))\n      {\n        model()->PasteAndGo(collapsed_text);\n      }\n      return ui::DragDropTypes::DRAG_COPY;\n    }\n  }\n  return ui::DragDropTypes::DRAG_NONE;\n}\n",
        "question": "How does modifying the control structure `else if (data.HasString())` affect the behavior or output of `CollapseWhitespace`?",
        "choices": {
            "A": "The modification of `else if (data.HasString())` directly impacts the execution of `CollapseWhitespace` because its entire operation is controlled by `else if (data.HasString())` and located within `else if (data.HasString())`.",
            "B": "Modifying `else if (data.HasString())` has no impact on the behavior or output of `CollapseWhitespace`.",
            "C": "The change of else if (data.HasString()) indirectly affects the execution of `CollapseWhitespace`, as the modifications in `else if (data.HasString())` influence the arguments or conditions within `CollapseWhitespace`.",
            "D": "It is not possible to determine the effect without additional context."
        },
        "answer": "A",
        "distance": 1
    },
    {
        "case_id": "primevul_56",
        "code": "int OmniboxViewViews::OnDrop(const ui::OSExchangeData& data)\n{\n  if (HasTextBeingDragged())\n  {\n    return ui::DragDropTypes::DRAG_NONE;\n  }\n  if (data.HasURL(ui::OSExchangeData::CONVERT_FILENAMES))\n  {\n    GURL url;\n    base::string16 title;\n    if (data.GetURLAndTitle(ui::OSExchangeData::CONVERT_FILENAMES, &url, &title))\n    {\n      base::string16 text(StripJavascriptSchemas(base::UTF8ToUTF16(url.spec())));\n      if (model()->CanPasteAndGo(text))\n      {\n        model()->PasteAndGo(text);\n        return ui::DragDropTypes::DRAG_COPY;\n      }\n    }\n  }\n  else if (data.HasString())\n  {\n    base::string16 text;\n    if (data.GetString(&text))\n    {\n      base::string16 collapsed_text(base::CollapseWhitespace(text, true));\n      if (model()->CanPasteAndGo(collapsed_text))\n      {\n        model()->PasteAndGo(collapsed_text);\n      }\n      return ui::DragDropTypes::DRAG_COPY;\n    }\n  }\n  return ui::DragDropTypes::DRAG_NONE;\n}\n",
        "question": "How does modifying the control structure `if (data.HasURL(ui::OSExchangeData::CONVERT_FILENAMES))` affect the behavior or output of `StripJavascriptSchemas`?",
        "choices": {
            "A": "The modification of `if (data.HasURL(ui::OSExchangeData::CONVERT_FILENAMES))` directly impacts the execution of `StripJavascriptSchemas` because its entire operation is controlled by `if (data.HasURL(ui::OSExchangeData::CONVERT_FILENAMES))` and located within `if (data.HasURL(ui::OSExchangeData::CONVERT_FILENAMES))`.",
            "B": "Modifying `if (data.HasURL(ui::OSExchangeData::CONVERT_FILENAMES))` has no impact on the behavior or output of `StripJavascriptSchemas`.",
            "C": "The change of if (data.HasURL(ui::OSExchangeData::CONVERT_FILENAMES)) indirectly affects the execution of `StripJavascriptSchemas`, as the modifications in `if (data.HasURL(ui::OSExchangeData::CONVERT_FILENAMES))` influence the arguments or conditions within `StripJavascriptSchemas`.",
            "D": "It is not possible to determine the effect without additional context."
        },
        "answer": "A",
        "distance": 1
    },
    {
        "case_id": "primevul_56",
        "code": "int OmniboxViewViews::OnDrop(const ui::OSExchangeData& data)\n{\n  if (HasTextBeingDragged())\n  {\n    return ui::DragDropTypes::DRAG_NONE;\n  }\n  if (data.HasURL(ui::OSExchangeData::CONVERT_FILENAMES))\n  {\n    GURL url;\n    base::string16 title;\n    if (data.GetURLAndTitle(ui::OSExchangeData::CONVERT_FILENAMES, &url, &title))\n    {\n      base::string16 text(StripJavascriptSchemas(base::UTF8ToUTF16(url.spec())));\n      if (model()->CanPasteAndGo(text))\n      {\n        model()->PasteAndGo(text);\n        return ui::DragDropTypes::DRAG_COPY;\n      }\n    }\n  }\n  else if (data.HasString())\n  {\n    base::string16 text;\n    if (data.GetString(&text))\n    {\n      base::string16 collapsed_text(base::CollapseWhitespace(text, true));\n      if (model()->CanPasteAndGo(collapsed_text))\n      {\n        model()->PasteAndGo(collapsed_text);\n      }\n      return ui::DragDropTypes::DRAG_COPY;\n    }\n  }\n  return ui::DragDropTypes::DRAG_NONE;\n}\n",
        "question": "How does modifying the control structure `if (data.HasURL(ui::OSExchangeData::CONVERT_FILENAMES))` affect the behavior or output of `spec`?",
        "choices": {
            "A": "The modification of `if (data.HasURL(ui::OSExchangeData::CONVERT_FILENAMES))` directly impacts the execution of `spec` because its entire operation is controlled by `if (data.HasURL(ui::OSExchangeData::CONVERT_FILENAMES))` and located within `if (data.HasURL(ui::OSExchangeData::CONVERT_FILENAMES))`.",
            "B": "Modifying `if (data.HasURL(ui::OSExchangeData::CONVERT_FILENAMES))` has no impact on the behavior or output of `spec`.",
            "C": "The change of if (data.HasURL(ui::OSExchangeData::CONVERT_FILENAMES)) indirectly affects the execution of `spec`, as the modifications in `if (data.HasURL(ui::OSExchangeData::CONVERT_FILENAMES))` influence the arguments or conditions within `spec`.",
            "D": "It is not possible to determine the effect without additional context."
        },
        "answer": "A",
        "distance": 1
    },
    {
        "case_id": "primevul_56",
        "code": "int OmniboxViewViews::OnDrop(const ui::OSExchangeData& data)\n{\n  if (HasTextBeingDragged())\n  {\n    return ui::DragDropTypes::DRAG_NONE;\n  }\n  if (data.HasURL(ui::OSExchangeData::CONVERT_FILENAMES))\n  {\n    GURL url;\n    base::string16 title;\n    if (data.GetURLAndTitle(ui::OSExchangeData::CONVERT_FILENAMES, &url, &title))\n    {\n      base::string16 text(StripJavascriptSchemas(base::UTF8ToUTF16(url.spec())));\n      if (model()->CanPasteAndGo(text))\n      {\n        model()->PasteAndGo(text);\n        return ui::DragDropTypes::DRAG_COPY;\n      }\n    }\n  }\n  else if (data.HasString())\n  {\n    base::string16 text;\n    if (data.GetString(&text))\n    {\n      base::string16 collapsed_text(base::CollapseWhitespace(text, true));\n      if (model()->CanPasteAndGo(collapsed_text))\n      {\n        model()->PasteAndGo(collapsed_text);\n      }\n      return ui::DragDropTypes::DRAG_COPY;\n    }\n  }\n  return ui::DragDropTypes::DRAG_NONE;\n}\n",
        "question": "How does modifying the control structure `if (data.HasURL(ui::OSExchangeData::CONVERT_FILENAMES))` affect the behavior or output of `UTF8ToUTF16`?",
        "choices": {
            "A": "The modification of `if (data.HasURL(ui::OSExchangeData::CONVERT_FILENAMES))` directly impacts the execution of `UTF8ToUTF16` because its entire operation is controlled by `if (data.HasURL(ui::OSExchangeData::CONVERT_FILENAMES))` and located within `if (data.HasURL(ui::OSExchangeData::CONVERT_FILENAMES))`.",
            "B": "Modifying `if (data.HasURL(ui::OSExchangeData::CONVERT_FILENAMES))` has no impact on the behavior or output of `UTF8ToUTF16`.",
            "C": "The change of if (data.HasURL(ui::OSExchangeData::CONVERT_FILENAMES)) indirectly affects the execution of `UTF8ToUTF16`, as the modifications in `if (data.HasURL(ui::OSExchangeData::CONVERT_FILENAMES))` influence the arguments or conditions within `UTF8ToUTF16`.",
            "D": "It is not possible to determine the effect without additional context."
        },
        "answer": "A",
        "distance": 1
    },
    {
        "case_id": "primevul_56",
        "code": "int OmniboxViewViews::OnDrop(const ui::OSExchangeData& data)\n{\n  if (HasTextBeingDragged())\n  {\n    return ui::DragDropTypes::DRAG_NONE;\n  }\n  if (data.HasURL(ui::OSExchangeData::CONVERT_FILENAMES))\n  {\n    GURL url;\n    base::string16 title;\n    if (data.GetURLAndTitle(ui::OSExchangeData::CONVERT_FILENAMES, &url, &title))\n    {\n      base::string16 text(StripJavascriptSchemas(base::UTF8ToUTF16(url.spec())));\n      if (model()->CanPasteAndGo(text))\n      {\n        model()->PasteAndGo(text);\n        return ui::DragDropTypes::DRAG_COPY;\n      }\n    }\n  }\n  else if (data.HasString())\n  {\n    base::string16 text;\n    if (data.GetString(&text))\n    {\n      base::string16 collapsed_text(base::CollapseWhitespace(text, true));\n      if (model()->CanPasteAndGo(collapsed_text))\n      {\n        model()->PasteAndGo(collapsed_text);\n      }\n      return ui::DragDropTypes::DRAG_COPY;\n    }\n  }\n  return ui::DragDropTypes::DRAG_NONE;\n}\n",
        "question": "How does modifying the control structure `if (model()->CanPasteAndGo(collapsed_text))` affect the behavior or output of `StripJavascriptSchemas`?",
        "choices": {
            "A": "The modification of `if (model()->CanPasteAndGo(collapsed_text))` directly impacts the execution of `StripJavascriptSchemas` because its entire operation is controlled by `if (model()->CanPasteAndGo(collapsed_text))` and located within `if (model()->CanPasteAndGo(collapsed_text))`.",
            "B": "Modifying `if (model()->CanPasteAndGo(collapsed_text))` has no impact on the behavior or output of `StripJavascriptSchemas`.",
            "C": "The change of if (model()->CanPasteAndGo(collapsed_text)) indirectly affects the execution of `StripJavascriptSchemas`, as the modifications in `if (model()->CanPasteAndGo(collapsed_text))` influence the arguments or conditions within `StripJavascriptSchemas`.",
            "D": "It is not possible to determine the effect without additional context."
        },
        "answer": "B",
        "distance": 0
    },
    {
        "case_id": "primevul_56",
        "code": "int OmniboxViewViews::OnDrop(const ui::OSExchangeData& data)\n{\n  if (HasTextBeingDragged())\n  {\n    return ui::DragDropTypes::DRAG_NONE;\n  }\n  if (data.HasURL(ui::OSExchangeData::CONVERT_FILENAMES))\n  {\n    GURL url;\n    base::string16 title;\n    if (data.GetURLAndTitle(ui::OSExchangeData::CONVERT_FILENAMES, &url, &title))\n    {\n      base::string16 text(StripJavascriptSchemas(base::UTF8ToUTF16(url.spec())));\n      if (model()->CanPasteAndGo(text))\n      {\n        model()->PasteAndGo(text);\n        return ui::DragDropTypes::DRAG_COPY;\n      }\n    }\n  }\n  else if (data.HasString())\n  {\n    base::string16 text;\n    if (data.GetString(&text))\n    {\n      base::string16 collapsed_text(base::CollapseWhitespace(text, true));\n      if (model()->CanPasteAndGo(collapsed_text))\n      {\n        model()->PasteAndGo(collapsed_text);\n      }\n      return ui::DragDropTypes::DRAG_COPY;\n    }\n  }\n  return ui::DragDropTypes::DRAG_NONE;\n}\n",
        "question": "How does modifying the control structure `if (model()->CanPasteAndGo(collapsed_text))` affect the behavior or output of `spec`?",
        "choices": {
            "A": "The modification of `if (model()->CanPasteAndGo(collapsed_text))` directly impacts the execution of `spec` because its entire operation is controlled by `if (model()->CanPasteAndGo(collapsed_text))` and located within `if (model()->CanPasteAndGo(collapsed_text))`.",
            "B": "Modifying `if (model()->CanPasteAndGo(collapsed_text))` has no impact on the behavior or output of `spec`.",
            "C": "The change of if (model()->CanPasteAndGo(collapsed_text)) indirectly affects the execution of `spec`, as the modifications in `if (model()->CanPasteAndGo(collapsed_text))` influence the arguments or conditions within `spec`.",
            "D": "It is not possible to determine the effect without additional context."
        },
        "answer": "B",
        "distance": 0
    },
    {
        "case_id": "primevul_56",
        "code": "int OmniboxViewViews::OnDrop(const ui::OSExchangeData& data)\n{\n  if (HasTextBeingDragged())\n  {\n    return ui::DragDropTypes::DRAG_NONE;\n  }\n  if (data.HasURL(ui::OSExchangeData::CONVERT_FILENAMES))\n  {\n    GURL url;\n    base::string16 title;\n    if (data.GetURLAndTitle(ui::OSExchangeData::CONVERT_FILENAMES, &url, &title))\n    {\n      base::string16 text(StripJavascriptSchemas(base::UTF8ToUTF16(url.spec())));\n      if (model()->CanPasteAndGo(text))\n      {\n        model()->PasteAndGo(text);\n        return ui::DragDropTypes::DRAG_COPY;\n      }\n    }\n  }\n  else if (data.HasString())\n  {\n    base::string16 text;\n    if (data.GetString(&text))\n    {\n      base::string16 collapsed_text(base::CollapseWhitespace(text, true));\n      if (model()->CanPasteAndGo(collapsed_text))\n      {\n        model()->PasteAndGo(collapsed_text);\n      }\n      return ui::DragDropTypes::DRAG_COPY;\n    }\n  }\n  return ui::DragDropTypes::DRAG_NONE;\n}\n",
        "question": "How does modifying the control structure `if (model()->CanPasteAndGo(collapsed_text))` affect the behavior or output of `CollapseWhitespace`?",
        "choices": {
            "A": "The modification of `if (model()->CanPasteAndGo(collapsed_text))` directly impacts the execution of `CollapseWhitespace` because its entire operation is controlled by `if (model()->CanPasteAndGo(collapsed_text))` and located within `if (model()->CanPasteAndGo(collapsed_text))`.",
            "B": "Modifying `if (model()->CanPasteAndGo(collapsed_text))` has no impact on the behavior or output of `CollapseWhitespace`.",
            "C": "The change of if (model()->CanPasteAndGo(collapsed_text)) indirectly affects the execution of `CollapseWhitespace`, as the modifications in `if (model()->CanPasteAndGo(collapsed_text))` influence the arguments or conditions within `CollapseWhitespace`.",
            "D": "It is not possible to determine the effect without additional context."
        },
        "answer": "B",
        "distance": 0
    },
    {
        "case_id": "primevul_56",
        "code": "int OmniboxViewViews::OnDrop(const ui::OSExchangeData& data)\n{\n  if (HasTextBeingDragged())\n  {\n    return ui::DragDropTypes::DRAG_NONE;\n  }\n  if (data.HasURL(ui::OSExchangeData::CONVERT_FILENAMES))\n  {\n    GURL url;\n    base::string16 title;\n    if (data.GetURLAndTitle(ui::OSExchangeData::CONVERT_FILENAMES, &url, &title))\n    {\n      base::string16 text(StripJavascriptSchemas(base::UTF8ToUTF16(url.spec())));\n      if (model()->CanPasteAndGo(text))\n      {\n        model()->PasteAndGo(text);\n        return ui::DragDropTypes::DRAG_COPY;\n      }\n    }\n  }\n  else if (data.HasString())\n  {\n    base::string16 text;\n    if (data.GetString(&text))\n    {\n      base::string16 collapsed_text(base::CollapseWhitespace(text, true));\n      if (model()->CanPasteAndGo(collapsed_text))\n      {\n        model()->PasteAndGo(collapsed_text);\n      }\n      return ui::DragDropTypes::DRAG_COPY;\n    }\n  }\n  return ui::DragDropTypes::DRAG_NONE;\n}\n",
        "question": "How does modifying the control structure `if (model()->CanPasteAndGo(collapsed_text))` affect the behavior or output of `UTF8ToUTF16`?",
        "choices": {
            "A": "The modification of `if (model()->CanPasteAndGo(collapsed_text))` directly impacts the execution of `UTF8ToUTF16` because its entire operation is controlled by `if (model()->CanPasteAndGo(collapsed_text))` and located within `if (model()->CanPasteAndGo(collapsed_text))`.",
            "B": "Modifying `if (model()->CanPasteAndGo(collapsed_text))` has no impact on the behavior or output of `UTF8ToUTF16`.",
            "C": "The change of if (model()->CanPasteAndGo(collapsed_text)) indirectly affects the execution of `UTF8ToUTF16`, as the modifications in `if (model()->CanPasteAndGo(collapsed_text))` influence the arguments or conditions within `UTF8ToUTF16`.",
            "D": "It is not possible to determine the effect without additional context."
        },
        "answer": "B",
        "distance": 0
    }
]