[
    {
        "case_id": "primevul_40",
        "code": "rend_service_intro_established(origin_circuit_t *circuit, const uint8_t *request, size_t request_len)\n{\n  rend_service_t *service;\n  rend_intro_point_t *intro;\n  char serviceid[REND_SERVICE_ID_LEN_BASE32+1];\n  (void) request;\n  (void) request_len;\n  tor_assert(circuit->rend_data);\n  const char *rend_pk_digest = (char *) rend_data_get_pk_digest(circuit->rend_data, NULL);\n  if (circuit->base_.purpose != CIRCUIT_PURPOSE_S_ESTABLISH_INTRO)\n  {\n    log_warn(LD_PROTOCOL,\n             \"received INTRO_ESTABLISHED cell on non-intro circuit.\");\n    goto err;\n  }\n  service = rend_service_get_by_pk_digest(rend_pk_digest);\n  if (!service)\n  {\n    log_warn(LD_REND, \"Unknown service on introduction circuit %u.\",\n              (unsigned)circuit->base_.n_circ_id);\n    goto err;\n  }\n  intro = find_intro_point(circuit);\n  if (intro == NULL)\n  {\n    log_warn(LD_REND,\n             \"Introduction circuit established without a rend_intro_point_t \"\n             \"object for service %s on circuit %u\",\n             safe_str_client(serviceid), (unsigned)circuit->base_.n_circ_id);\n    goto err;\n  }\n  intro->circuit_established = 1;\n  service->desc_is_dirty = time(NULL);\n  circuit_change_purpose(TO_CIRCUIT(circuit), CIRCUIT_PURPOSE_S_INTRO);\n  base32_encode(serviceid, REND_SERVICE_ID_LEN_BASE32 + 1, rend_pk_digest, REND_SERVICE_ID_LEN);\n  log_info(LD_REND,\n           \"Received INTRO_ESTABLISHED cell on circuit %u for service %s\",\n           (unsigned)circuit->base_.n_circ_id, serviceid);\n  pathbias_mark_use_success(circuit);\n  return 0;\n err:\n  circuit_mark_for_close(TO_CIRCUIT(circuit), END_CIRC_REASON_TORPROTOCOL);\n  return -1;\n}\n",
        "question": "How does modifying the control structure `if (intro == NULL)` affect the behavior or output of `safe_str_client`?",
        "choices": {
            "A": "The modification of `if (intro == NULL)` directly impacts the execution of `safe_str_client` because its entire operation is controlled by `if (intro == NULL)` and located within `if (intro == NULL)`.",
            "B": "Modifying `if (intro == NULL)` has no impact on the behavior or output of `safe_str_client`.",
            "C": "The change of if (intro == NULL) indirectly affects the execution of `safe_str_client`, as the modifications in `if (intro == NULL)` influence the arguments or conditions within `safe_str_client`.",
            "D": "It is not possible to determine the effect without additional context."
        },
        "answer": "A",
        "distance": 1
    },
    {
        "case_id": "primevul_40",
        "code": "rend_service_intro_established(origin_circuit_t *circuit, const uint8_t *request, size_t request_len)\n{\n  rend_service_t *service;\n  rend_intro_point_t *intro;\n  char serviceid[REND_SERVICE_ID_LEN_BASE32+1];\n  (void) request;\n  (void) request_len;\n  tor_assert(circuit->rend_data);\n  const char *rend_pk_digest = (char *) rend_data_get_pk_digest(circuit->rend_data, NULL);\n  if (circuit->base_.purpose != CIRCUIT_PURPOSE_S_ESTABLISH_INTRO)\n  {\n    log_warn(LD_PROTOCOL,\n             \"received INTRO_ESTABLISHED cell on non-intro circuit.\");\n    goto err;\n  }\n  service = rend_service_get_by_pk_digest(rend_pk_digest);\n  if (!service)\n  {\n    log_warn(LD_REND, \"Unknown service on introduction circuit %u.\",\n              (unsigned)circuit->base_.n_circ_id);\n    goto err;\n  }\n  intro = find_intro_point(circuit);\n  if (intro == NULL)\n  {\n    log_warn(LD_REND,\n             \"Introduction circuit established without a rend_intro_point_t \"\n             \"object for service %s on circuit %u\",\n             safe_str_client(serviceid), (unsigned)circuit->base_.n_circ_id);\n    goto err;\n  }\n  intro->circuit_established = 1;\n  service->desc_is_dirty = time(NULL);\n  circuit_change_purpose(TO_CIRCUIT(circuit), CIRCUIT_PURPOSE_S_INTRO);\n  base32_encode(serviceid, REND_SERVICE_ID_LEN_BASE32 + 1, rend_pk_digest, REND_SERVICE_ID_LEN);\n  log_info(LD_REND,\n           \"Received INTRO_ESTABLISHED cell on circuit %u for service %s\",\n           (unsigned)circuit->base_.n_circ_id, serviceid);\n  pathbias_mark_use_success(circuit);\n  return 0;\n err:\n  circuit_mark_for_close(TO_CIRCUIT(circuit), END_CIRC_REASON_TORPROTOCOL);\n  return -1;\n}\n",
        "question": "How does modifying the control structure `goto err;` affect the behavior or output of `rend_data_get_pk_digest`?",
        "choices": {
            "A": "The modification of `goto err;` directly impacts the execution of `rend_data_get_pk_digest` because its entire operation is controlled by `goto err;` and located within `goto err;`.",
            "B": "Modifying `goto err;` has no impact on the behavior or output of `rend_data_get_pk_digest`.",
            "C": "The change of goto err; indirectly affects the execution of `rend_data_get_pk_digest`, as the modifications in `goto err;` influence the arguments or conditions within `rend_data_get_pk_digest`.",
            "D": "It is not possible to determine the effect without additional context."
        },
        "answer": "B",
        "distance": 0
    },
    {
        "case_id": "primevul_40",
        "code": "rend_service_intro_established(origin_circuit_t *circuit, const uint8_t *request, size_t request_len)\n{\n  rend_service_t *service;\n  rend_intro_point_t *intro;\n  char serviceid[REND_SERVICE_ID_LEN_BASE32+1];\n  (void) request;\n  (void) request_len;\n  tor_assert(circuit->rend_data);\n  const char *rend_pk_digest = (char *) rend_data_get_pk_digest(circuit->rend_data, NULL);\n  if (circuit->base_.purpose != CIRCUIT_PURPOSE_S_ESTABLISH_INTRO)\n  {\n    log_warn(LD_PROTOCOL,\n             \"received INTRO_ESTABLISHED cell on non-intro circuit.\");\n    goto err;\n  }\n  service = rend_service_get_by_pk_digest(rend_pk_digest);\n  if (!service)\n  {\n    log_warn(LD_REND, \"Unknown service on introduction circuit %u.\",\n              (unsigned)circuit->base_.n_circ_id);\n    goto err;\n  }\n  intro = find_intro_point(circuit);\n  if (intro == NULL)\n  {\n    log_warn(LD_REND,\n             \"Introduction circuit established without a rend_intro_point_t \"\n             \"object for service %s on circuit %u\",\n             safe_str_client(serviceid), (unsigned)circuit->base_.n_circ_id);\n    goto err;\n  }\n  intro->circuit_established = 1;\n  service->desc_is_dirty = time(NULL);\n  circuit_change_purpose(TO_CIRCUIT(circuit), CIRCUIT_PURPOSE_S_INTRO);\n  base32_encode(serviceid, REND_SERVICE_ID_LEN_BASE32 + 1, rend_pk_digest, REND_SERVICE_ID_LEN);\n  log_info(LD_REND,\n           \"Received INTRO_ESTABLISHED cell on circuit %u for service %s\",\n           (unsigned)circuit->base_.n_circ_id, serviceid);\n  pathbias_mark_use_success(circuit);\n  return 0;\n err:\n  circuit_mark_for_close(TO_CIRCUIT(circuit), END_CIRC_REASON_TORPROTOCOL);\n  return -1;\n}\n",
        "question": "How does modifying the control structure `goto err;` affect the behavior or output of `pathbias_mark_use_success`?",
        "choices": {
            "A": "The modification of `goto err;` directly impacts the execution of `pathbias_mark_use_success` because its entire operation is controlled by `goto err;` and located within `goto err;`.",
            "B": "Modifying `goto err;` has no impact on the behavior or output of `pathbias_mark_use_success`.",
            "C": "The change of goto err; indirectly affects the execution of `pathbias_mark_use_success`, as the modifications in `goto err;` influence the arguments or conditions within `pathbias_mark_use_success`.",
            "D": "It is not possible to determine the effect without additional context."
        },
        "answer": "B",
        "distance": 0
    },
    {
        "case_id": "primevul_40",
        "code": "rend_service_intro_established(origin_circuit_t *circuit, const uint8_t *request, size_t request_len)\n{\n  rend_service_t *service;\n  rend_intro_point_t *intro;\n  char serviceid[REND_SERVICE_ID_LEN_BASE32+1];\n  (void) request;\n  (void) request_len;\n  tor_assert(circuit->rend_data);\n  const char *rend_pk_digest = (char *) rend_data_get_pk_digest(circuit->rend_data, NULL);\n  if (circuit->base_.purpose != CIRCUIT_PURPOSE_S_ESTABLISH_INTRO)\n  {\n    log_warn(LD_PROTOCOL,\n             \"received INTRO_ESTABLISHED cell on non-intro circuit.\");\n    goto err;\n  }\n  service = rend_service_get_by_pk_digest(rend_pk_digest);\n  if (!service)\n  {\n    log_warn(LD_REND, \"Unknown service on introduction circuit %u.\",\n              (unsigned)circuit->base_.n_circ_id);\n    goto err;\n  }\n  intro = find_intro_point(circuit);\n  if (intro == NULL)\n  {\n    log_warn(LD_REND,\n             \"Introduction circuit established without a rend_intro_point_t \"\n             \"object for service %s on circuit %u\",\n             safe_str_client(serviceid), (unsigned)circuit->base_.n_circ_id);\n    goto err;\n  }\n  intro->circuit_established = 1;\n  service->desc_is_dirty = time(NULL);\n  circuit_change_purpose(TO_CIRCUIT(circuit), CIRCUIT_PURPOSE_S_INTRO);\n  base32_encode(serviceid, REND_SERVICE_ID_LEN_BASE32 + 1, rend_pk_digest, REND_SERVICE_ID_LEN);\n  log_info(LD_REND,\n           \"Received INTRO_ESTABLISHED cell on circuit %u for service %s\",\n           (unsigned)circuit->base_.n_circ_id, serviceid);\n  pathbias_mark_use_success(circuit);\n  return 0;\n err:\n  circuit_mark_for_close(TO_CIRCUIT(circuit), END_CIRC_REASON_TORPROTOCOL);\n  return -1;\n}\n",
        "question": "How does modifying the control structure `goto err;` affect the behavior or output of `base32_encode`?",
        "choices": {
            "A": "The modification of `goto err;` directly impacts the execution of `base32_encode` because its entire operation is controlled by `goto err;` and located within `goto err;`.",
            "B": "Modifying `goto err;` has no impact on the behavior or output of `base32_encode`.",
            "C": "The change of goto err; indirectly affects the execution of `base32_encode`, as the modifications in `goto err;` influence the arguments or conditions within `base32_encode`.",
            "D": "It is not possible to determine the effect without additional context."
        },
        "answer": "B",
        "distance": 0
    },
    {
        "case_id": "primevul_40",
        "code": "rend_service_intro_established(origin_circuit_t *circuit, const uint8_t *request, size_t request_len)\n{\n  rend_service_t *service;\n  rend_intro_point_t *intro;\n  char serviceid[REND_SERVICE_ID_LEN_BASE32+1];\n  (void) request;\n  (void) request_len;\n  tor_assert(circuit->rend_data);\n  const char *rend_pk_digest = (char *) rend_data_get_pk_digest(circuit->rend_data, NULL);\n  if (circuit->base_.purpose != CIRCUIT_PURPOSE_S_ESTABLISH_INTRO)\n  {\n    log_warn(LD_PROTOCOL,\n             \"received INTRO_ESTABLISHED cell on non-intro circuit.\");\n    goto err;\n  }\n  service = rend_service_get_by_pk_digest(rend_pk_digest);\n  if (!service)\n  {\n    log_warn(LD_REND, \"Unknown service on introduction circuit %u.\",\n              (unsigned)circuit->base_.n_circ_id);\n    goto err;\n  }\n  intro = find_intro_point(circuit);\n  if (intro == NULL)\n  {\n    log_warn(LD_REND,\n             \"Introduction circuit established without a rend_intro_point_t \"\n             \"object for service %s on circuit %u\",\n             safe_str_client(serviceid), (unsigned)circuit->base_.n_circ_id);\n    goto err;\n  }\n  intro->circuit_established = 1;\n  service->desc_is_dirty = time(NULL);\n  circuit_change_purpose(TO_CIRCUIT(circuit), CIRCUIT_PURPOSE_S_INTRO);\n  base32_encode(serviceid, REND_SERVICE_ID_LEN_BASE32 + 1, rend_pk_digest, REND_SERVICE_ID_LEN);\n  log_info(LD_REND,\n           \"Received INTRO_ESTABLISHED cell on circuit %u for service %s\",\n           (unsigned)circuit->base_.n_circ_id, serviceid);\n  pathbias_mark_use_success(circuit);\n  return 0;\n err:\n  circuit_mark_for_close(TO_CIRCUIT(circuit), END_CIRC_REASON_TORPROTOCOL);\n  return -1;\n}\n",
        "question": "How does modifying the control structure `goto err;` affect the behavior or output of `safe_str_client`?",
        "choices": {
            "A": "The modification of `goto err;` directly impacts the execution of `safe_str_client` because its entire operation is controlled by `goto err;` and located within `goto err;`.",
            "B": "Modifying `goto err;` has no impact on the behavior or output of `safe_str_client`.",
            "C": "The change of goto err; indirectly affects the execution of `safe_str_client`, as the modifications in `goto err;` influence the arguments or conditions within `safe_str_client`.",
            "D": "It is not possible to determine the effect without additional context."
        },
        "answer": "B",
        "distance": 0
    },
    {
        "case_id": "primevul_40",
        "code": "rend_service_intro_established(origin_circuit_t *circuit, const uint8_t *request, size_t request_len)\n{\n  rend_service_t *service;\n  rend_intro_point_t *intro;\n  char serviceid[REND_SERVICE_ID_LEN_BASE32+1];\n  (void) request;\n  (void) request_len;\n  tor_assert(circuit->rend_data);\n  const char *rend_pk_digest = (char *) rend_data_get_pk_digest(circuit->rend_data, NULL);\n  if (circuit->base_.purpose != CIRCUIT_PURPOSE_S_ESTABLISH_INTRO)\n  {\n    log_warn(LD_PROTOCOL,\n             \"received INTRO_ESTABLISHED cell on non-intro circuit.\");\n    goto err;\n  }\n  service = rend_service_get_by_pk_digest(rend_pk_digest);\n  if (!service)\n  {\n    log_warn(LD_REND, \"Unknown service on introduction circuit %u.\",\n              (unsigned)circuit->base_.n_circ_id);\n    goto err;\n  }\n  intro = find_intro_point(circuit);\n  if (intro == NULL)\n  {\n    log_warn(LD_REND,\n             \"Introduction circuit established without a rend_intro_point_t \"\n             \"object for service %s on circuit %u\",\n             safe_str_client(serviceid), (unsigned)circuit->base_.n_circ_id);\n    goto err;\n  }\n  intro->circuit_established = 1;\n  service->desc_is_dirty = time(NULL);\n  circuit_change_purpose(TO_CIRCUIT(circuit), CIRCUIT_PURPOSE_S_INTRO);\n  base32_encode(serviceid, REND_SERVICE_ID_LEN_BASE32 + 1, rend_pk_digest, REND_SERVICE_ID_LEN);\n  log_info(LD_REND,\n           \"Received INTRO_ESTABLISHED cell on circuit %u for service %s\",\n           (unsigned)circuit->base_.n_circ_id, serviceid);\n  pathbias_mark_use_success(circuit);\n  return 0;\n err:\n  circuit_mark_for_close(TO_CIRCUIT(circuit), END_CIRC_REASON_TORPROTOCOL);\n  return -1;\n}\n",
        "question": "How does modifying the control structure `if (intro == NULL)` affect the behavior or output of `base32_encode`?",
        "choices": {
            "A": "The modification of `if (intro == NULL)` directly impacts the execution of `base32_encode` because its entire operation is controlled by `if (intro == NULL)` and located within `if (intro == NULL)`.",
            "B": "Modifying `if (intro == NULL)` has no impact on the behavior or output of `base32_encode`.",
            "C": "The change of if (intro == NULL) indirectly affects the execution of `base32_encode`, as the modifications in `if (intro == NULL)` influence the arguments or conditions within `base32_encode`.",
            "D": "It is not possible to determine the effect without additional context."
        },
        "answer": "C",
        "distance": 3
    }
]