[
    {
        "case_id": "primevul_24",
        "code": "sshkey_load_file(int fd, struct sshbuf *blob)\n{\n\tu_char buf[1024];\n\tsize_t len;\n\tstruct stat st;\n\tint r;\n\tif (fstat(fd, &st) < 0)\n\t{\n\t\treturn SSH_ERR_SYSTEM_ERROR;\n\t}\n\tif ((st.st_mode & (S_IFSOCK|S_IFCHR|S_IFIFO)) == 0 && st.st_size > MAX_KEY_FILE_SIZE)\n\t{\n\t\treturn SSH_ERR_INVALID_FORMAT;\n\t}\n\tfor (;;)\n\t{\n\t\tif ((len = atomicio(read, fd, buf, sizeof(buf))) == 0)\n\t\t{\n\t\t\tif (errno == EPIPE)\n\t\t\t{\n\t\t\t\tbreak;\n\t\t\t}\n\t\t\tr = SSH_ERR_SYSTEM_ERROR;\n\t\t\tgoto out;\n\t\t}\n\t\tif ((r = sshbuf_put(blob, buf, len)) != 0)\n\t\t{\n\t\t\tgoto out;\n\t\t}\n\t\tif (sshbuf_len(blob) > MAX_KEY_FILE_SIZE)\n\t\t{\n\t\t\tr = SSH_ERR_INVALID_FORMAT;\n\t\t\tgoto out;\n\t\t}\n\t}\n\tif ((st.st_mode & (S_IFSOCK|S_IFCHR|S_IFIFO)) == 0 && st.st_size != (off_t)sshbuf_len(blob))\n\t{\n\t\tr = SSH_ERR_FILE_CHANGED;\n\t\tgoto out;\n\t}\n\tr = 0;\n out:\n\texplicit_bzero(buf, sizeof(buf));\n\tif (r != 0)\n\t{\n\t\tsshbuf_reset(blob);\n\t}\n\treturn r;\n}\n",
        "question": "How does modifying the control structure `if (r != 0)` affect the behavior or output of `sshbuf_reset`?",
        "choices": {
            "A": "The modification of `if (r != 0)` directly impacts the execution of `sshbuf_reset` because its entire operation is controlled by `if (r != 0)` and located within `if (r != 0)`.",
            "B": "Modifying `if (r != 0)` has no impact on the behavior or output of `sshbuf_reset`.",
            "C": "The change of if (r != 0) indirectly affects the execution of `sshbuf_reset`, as the modifications in `if (r != 0)` influence the arguments or conditions within `sshbuf_reset`.",
            "D": "It is not possible to determine the effect without additional context."
        },
        "answer": "A",
        "distance": 1
    },
    {
        "case_id": "primevul_24",
        "code": "sshkey_load_file(int fd, struct sshbuf *blob)\n{\n\tu_char buf[1024];\n\tsize_t len;\n\tstruct stat st;\n\tint r;\n\tif (fstat(fd, &st) < 0)\n\t{\n\t\treturn SSH_ERR_SYSTEM_ERROR;\n\t}\n\tif ((st.st_mode & (S_IFSOCK|S_IFCHR|S_IFIFO)) == 0 && st.st_size > MAX_KEY_FILE_SIZE)\n\t{\n\t\treturn SSH_ERR_INVALID_FORMAT;\n\t}\n\tfor (;;)\n\t{\n\t\tif ((len = atomicio(read, fd, buf, sizeof(buf))) == 0)\n\t\t{\n\t\t\tif (errno == EPIPE)\n\t\t\t{\n\t\t\t\tbreak;\n\t\t\t}\n\t\t\tr = SSH_ERR_SYSTEM_ERROR;\n\t\t\tgoto out;\n\t\t}\n\t\tif ((r = sshbuf_put(blob, buf, len)) != 0)\n\t\t{\n\t\t\tgoto out;\n\t\t}\n\t\tif (sshbuf_len(blob) > MAX_KEY_FILE_SIZE)\n\t\t{\n\t\t\tr = SSH_ERR_INVALID_FORMAT;\n\t\t\tgoto out;\n\t\t}\n\t}\n\tif ((st.st_mode & (S_IFSOCK|S_IFCHR|S_IFIFO)) == 0 && st.st_size != (off_t)sshbuf_len(blob))\n\t{\n\t\tr = SSH_ERR_FILE_CHANGED;\n\t\tgoto out;\n\t}\n\tr = 0;\n out:\n\texplicit_bzero(buf, sizeof(buf));\n\tif (r != 0)\n\t{\n\t\tsshbuf_reset(blob);\n\t}\n\treturn r;\n}\n",
        "question": "How does modifying the control structure `for (;;)` affect the behavior or output of `sshbuf_put`?",
        "choices": {
            "A": "The modification of `for (;;)` directly impacts the execution of `sshbuf_put` because its entire operation is controlled by `for (;;)` and located within `for (;;)`.",
            "B": "Modifying `for (;;)` has no impact on the behavior or output of `sshbuf_put`.",
            "C": "The change of for (;;) indirectly affects the execution of `sshbuf_put`, as the modifications in `for (;;)` influence the arguments or conditions within `sshbuf_put`.",
            "D": "It is not possible to determine the effect without additional context."
        },
        "answer": "A",
        "distance": 1
    },
    {
        "case_id": "primevul_24",
        "code": "sshkey_load_file(int fd, struct sshbuf *blob)\n{\n\tu_char buf[1024];\n\tsize_t len;\n\tstruct stat st;\n\tint r;\n\tif (fstat(fd, &st) < 0)\n\t{\n\t\treturn SSH_ERR_SYSTEM_ERROR;\n\t}\n\tif ((st.st_mode & (S_IFSOCK|S_IFCHR|S_IFIFO)) == 0 && st.st_size > MAX_KEY_FILE_SIZE)\n\t{\n\t\treturn SSH_ERR_INVALID_FORMAT;\n\t}\n\tfor (;;)\n\t{\n\t\tif ((len = atomicio(read, fd, buf, sizeof(buf))) == 0)\n\t\t{\n\t\t\tif (errno == EPIPE)\n\t\t\t{\n\t\t\t\tbreak;\n\t\t\t}\n\t\t\tr = SSH_ERR_SYSTEM_ERROR;\n\t\t\tgoto out;\n\t\t}\n\t\tif ((r = sshbuf_put(blob, buf, len)) != 0)\n\t\t{\n\t\t\tgoto out;\n\t\t}\n\t\tif (sshbuf_len(blob) > MAX_KEY_FILE_SIZE)\n\t\t{\n\t\t\tr = SSH_ERR_INVALID_FORMAT;\n\t\t\tgoto out;\n\t\t}\n\t}\n\tif ((st.st_mode & (S_IFSOCK|S_IFCHR|S_IFIFO)) == 0 && st.st_size != (off_t)sshbuf_len(blob))\n\t{\n\t\tr = SSH_ERR_FILE_CHANGED;\n\t\tgoto out;\n\t}\n\tr = 0;\n out:\n\texplicit_bzero(buf, sizeof(buf));\n\tif (r != 0)\n\t{\n\t\tsshbuf_reset(blob);\n\t}\n\treturn r;\n}\n",
        "question": "How does modifying the control structure `for (;;)` affect the behavior or output of `atomicio`?",
        "choices": {
            "A": "The modification of `for (;;)` directly impacts the execution of `atomicio` because its entire operation is controlled by `for (;;)` and located within `for (;;)`.",
            "B": "Modifying `for (;;)` has no impact on the behavior or output of `atomicio`.",
            "C": "The change of for (;;) indirectly affects the execution of `atomicio`, as the modifications in `for (;;)` influence the arguments or conditions within `atomicio`.",
            "D": "It is not possible to determine the effect without additional context."
        },
        "answer": "A",
        "distance": 1
    },
    {
        "case_id": "primevul_24",
        "code": "sshkey_load_file(int fd, struct sshbuf *blob)\n{\n\tu_char buf[1024];\n\tsize_t len;\n\tstruct stat st;\n\tint r;\n\tif (fstat(fd, &st) < 0)\n\t{\n\t\treturn SSH_ERR_SYSTEM_ERROR;\n\t}\n\tif ((st.st_mode & (S_IFSOCK|S_IFCHR|S_IFIFO)) == 0 && st.st_size > MAX_KEY_FILE_SIZE)\n\t{\n\t\treturn SSH_ERR_INVALID_FORMAT;\n\t}\n\tfor (;;)\n\t{\n\t\tif ((len = atomicio(read, fd, buf, sizeof(buf))) == 0)\n\t\t{\n\t\t\tif (errno == EPIPE)\n\t\t\t{\n\t\t\t\tbreak;\n\t\t\t}\n\t\t\tr = SSH_ERR_SYSTEM_ERROR;\n\t\t\tgoto out;\n\t\t}\n\t\tif ((r = sshbuf_put(blob, buf, len)) != 0)\n\t\t{\n\t\t\tgoto out;\n\t\t}\n\t\tif (sshbuf_len(blob) > MAX_KEY_FILE_SIZE)\n\t\t{\n\t\t\tr = SSH_ERR_INVALID_FORMAT;\n\t\t\tgoto out;\n\t\t}\n\t}\n\tif ((st.st_mode & (S_IFSOCK|S_IFCHR|S_IFIFO)) == 0 && st.st_size != (off_t)sshbuf_len(blob))\n\t{\n\t\tr = SSH_ERR_FILE_CHANGED;\n\t\tgoto out;\n\t}\n\tr = 0;\n out:\n\texplicit_bzero(buf, sizeof(buf));\n\tif (r != 0)\n\t{\n\t\tsshbuf_reset(blob);\n\t}\n\treturn r;\n}\n",
        "question": "How does modifying the control structure `goto out;` affect the behavior or output of `fstat`?",
        "choices": {
            "A": "The modification of `goto out;` directly impacts the execution of `fstat` because its entire operation is controlled by `goto out;` and located within `goto out;`.",
            "B": "Modifying `goto out;` has no impact on the behavior or output of `fstat`.",
            "C": "The change of goto out; indirectly affects the execution of `fstat`, as the modifications in `goto out;` influence the arguments or conditions within `fstat`.",
            "D": "It is not possible to determine the effect without additional context."
        },
        "answer": "B",
        "distance": 0
    },
    {
        "case_id": "primevul_24",
        "code": "sshkey_load_file(int fd, struct sshbuf *blob)\n{\n\tu_char buf[1024];\n\tsize_t len;\n\tstruct stat st;\n\tint r;\n\tif (fstat(fd, &st) < 0)\n\t{\n\t\treturn SSH_ERR_SYSTEM_ERROR;\n\t}\n\tif ((st.st_mode & (S_IFSOCK|S_IFCHR|S_IFIFO)) == 0 && st.st_size > MAX_KEY_FILE_SIZE)\n\t{\n\t\treturn SSH_ERR_INVALID_FORMAT;\n\t}\n\tfor (;;)\n\t{\n\t\tif ((len = atomicio(read, fd, buf, sizeof(buf))) == 0)\n\t\t{\n\t\t\tif (errno == EPIPE)\n\t\t\t{\n\t\t\t\tbreak;\n\t\t\t}\n\t\t\tr = SSH_ERR_SYSTEM_ERROR;\n\t\t\tgoto out;\n\t\t}\n\t\tif ((r = sshbuf_put(blob, buf, len)) != 0)\n\t\t{\n\t\t\tgoto out;\n\t\t}\n\t\tif (sshbuf_len(blob) > MAX_KEY_FILE_SIZE)\n\t\t{\n\t\t\tr = SSH_ERR_INVALID_FORMAT;\n\t\t\tgoto out;\n\t\t}\n\t}\n\tif ((st.st_mode & (S_IFSOCK|S_IFCHR|S_IFIFO)) == 0 && st.st_size != (off_t)sshbuf_len(blob))\n\t{\n\t\tr = SSH_ERR_FILE_CHANGED;\n\t\tgoto out;\n\t}\n\tr = 0;\n out:\n\texplicit_bzero(buf, sizeof(buf));\n\tif (r != 0)\n\t{\n\t\tsshbuf_reset(blob);\n\t}\n\treturn r;\n}\n",
        "question": "How does modifying the control structure `goto out;` affect the behavior or output of `sshbuf_put`?",
        "choices": {
            "A": "The modification of `goto out;` directly impacts the execution of `sshbuf_put` because its entire operation is controlled by `goto out;` and located within `goto out;`.",
            "B": "Modifying `goto out;` has no impact on the behavior or output of `sshbuf_put`.",
            "C": "The change of goto out; indirectly affects the execution of `sshbuf_put`, as the modifications in `goto out;` influence the arguments or conditions within `sshbuf_put`.",
            "D": "It is not possible to determine the effect without additional context."
        },
        "answer": "B",
        "distance": 0
    },
    {
        "case_id": "primevul_24",
        "code": "sshkey_load_file(int fd, struct sshbuf *blob)\n{\n\tu_char buf[1024];\n\tsize_t len;\n\tstruct stat st;\n\tint r;\n\tif (fstat(fd, &st) < 0)\n\t{\n\t\treturn SSH_ERR_SYSTEM_ERROR;\n\t}\n\tif ((st.st_mode & (S_IFSOCK|S_IFCHR|S_IFIFO)) == 0 && st.st_size > MAX_KEY_FILE_SIZE)\n\t{\n\t\treturn SSH_ERR_INVALID_FORMAT;\n\t}\n\tfor (;;)\n\t{\n\t\tif ((len = atomicio(read, fd, buf, sizeof(buf))) == 0)\n\t\t{\n\t\t\tif (errno == EPIPE)\n\t\t\t{\n\t\t\t\tbreak;\n\t\t\t}\n\t\t\tr = SSH_ERR_SYSTEM_ERROR;\n\t\t\tgoto out;\n\t\t}\n\t\tif ((r = sshbuf_put(blob, buf, len)) != 0)\n\t\t{\n\t\t\tgoto out;\n\t\t}\n\t\tif (sshbuf_len(blob) > MAX_KEY_FILE_SIZE)\n\t\t{\n\t\t\tr = SSH_ERR_INVALID_FORMAT;\n\t\t\tgoto out;\n\t\t}\n\t}\n\tif ((st.st_mode & (S_IFSOCK|S_IFCHR|S_IFIFO)) == 0 && st.st_size != (off_t)sshbuf_len(blob))\n\t{\n\t\tr = SSH_ERR_FILE_CHANGED;\n\t\tgoto out;\n\t}\n\tr = 0;\n out:\n\texplicit_bzero(buf, sizeof(buf));\n\tif (r != 0)\n\t{\n\t\tsshbuf_reset(blob);\n\t}\n\treturn r;\n}\n",
        "question": "How does modifying the control structure `goto out;` affect the behavior or output of `atomicio`?",
        "choices": {
            "A": "The modification of `goto out;` directly impacts the execution of `atomicio` because its entire operation is controlled by `goto out;` and located within `goto out;`.",
            "B": "Modifying `goto out;` has no impact on the behavior or output of `atomicio`.",
            "C": "The change of goto out; indirectly affects the execution of `atomicio`, as the modifications in `goto out;` influence the arguments or conditions within `atomicio`.",
            "D": "It is not possible to determine the effect without additional context."
        },
        "answer": "B",
        "distance": 0
    },
    {
        "case_id": "primevul_24",
        "code": "sshkey_load_file(int fd, struct sshbuf *blob)\n{\n\tu_char buf[1024];\n\tsize_t len;\n\tstruct stat st;\n\tint r;\n\tif (fstat(fd, &st) < 0)\n\t{\n\t\treturn SSH_ERR_SYSTEM_ERROR;\n\t}\n\tif ((st.st_mode & (S_IFSOCK|S_IFCHR|S_IFIFO)) == 0 && st.st_size > MAX_KEY_FILE_SIZE)\n\t{\n\t\treturn SSH_ERR_INVALID_FORMAT;\n\t}\n\tfor (;;)\n\t{\n\t\tif ((len = atomicio(read, fd, buf, sizeof(buf))) == 0)\n\t\t{\n\t\t\tif (errno == EPIPE)\n\t\t\t{\n\t\t\t\tbreak;\n\t\t\t}\n\t\t\tr = SSH_ERR_SYSTEM_ERROR;\n\t\t\tgoto out;\n\t\t}\n\t\tif ((r = sshbuf_put(blob, buf, len)) != 0)\n\t\t{\n\t\t\tgoto out;\n\t\t}\n\t\tif (sshbuf_len(blob) > MAX_KEY_FILE_SIZE)\n\t\t{\n\t\t\tr = SSH_ERR_INVALID_FORMAT;\n\t\t\tgoto out;\n\t\t}\n\t}\n\tif ((st.st_mode & (S_IFSOCK|S_IFCHR|S_IFIFO)) == 0 && st.st_size != (off_t)sshbuf_len(blob))\n\t{\n\t\tr = SSH_ERR_FILE_CHANGED;\n\t\tgoto out;\n\t}\n\tr = 0;\n out:\n\texplicit_bzero(buf, sizeof(buf));\n\tif (r != 0)\n\t{\n\t\tsshbuf_reset(blob);\n\t}\n\treturn r;\n}\n",
        "question": "How does modifying the control structure `goto out;` affect the behavior or output of `explicit_bzero`?",
        "choices": {
            "A": "The modification of `goto out;` directly impacts the execution of `explicit_bzero` because its entire operation is controlled by `goto out;` and located within `goto out;`.",
            "B": "Modifying `goto out;` has no impact on the behavior or output of `explicit_bzero`.",
            "C": "The change of goto out; indirectly affects the execution of `explicit_bzero`, as the modifications in `goto out;` influence the arguments or conditions within `explicit_bzero`.",
            "D": "It is not possible to determine the effect without additional context."
        },
        "answer": "B",
        "distance": 0
    },
    {
        "case_id": "primevul_24",
        "code": "sshkey_load_file(int fd, struct sshbuf *blob)\n{\n\tu_char buf[1024];\n\tsize_t len;\n\tstruct stat st;\n\tint r;\n\tif (fstat(fd, &st) < 0)\n\t{\n\t\treturn SSH_ERR_SYSTEM_ERROR;\n\t}\n\tif ((st.st_mode & (S_IFSOCK|S_IFCHR|S_IFIFO)) == 0 && st.st_size > MAX_KEY_FILE_SIZE)\n\t{\n\t\treturn SSH_ERR_INVALID_FORMAT;\n\t}\n\tfor (;;)\n\t{\n\t\tif ((len = atomicio(read, fd, buf, sizeof(buf))) == 0)\n\t\t{\n\t\t\tif (errno == EPIPE)\n\t\t\t{\n\t\t\t\tbreak;\n\t\t\t}\n\t\t\tr = SSH_ERR_SYSTEM_ERROR;\n\t\t\tgoto out;\n\t\t}\n\t\tif ((r = sshbuf_put(blob, buf, len)) != 0)\n\t\t{\n\t\t\tgoto out;\n\t\t}\n\t\tif (sshbuf_len(blob) > MAX_KEY_FILE_SIZE)\n\t\t{\n\t\t\tr = SSH_ERR_INVALID_FORMAT;\n\t\t\tgoto out;\n\t\t}\n\t}\n\tif ((st.st_mode & (S_IFSOCK|S_IFCHR|S_IFIFO)) == 0 && st.st_size != (off_t)sshbuf_len(blob))\n\t{\n\t\tr = SSH_ERR_FILE_CHANGED;\n\t\tgoto out;\n\t}\n\tr = 0;\n out:\n\texplicit_bzero(buf, sizeof(buf));\n\tif (r != 0)\n\t{\n\t\tsshbuf_reset(blob);\n\t}\n\treturn r;\n}\n",
        "question": "How does modifying the control structure `for (;;)` affect the behavior or output of `explicit_bzero`?",
        "choices": {
            "A": "The modification of `for (;;)` directly impacts the execution of `explicit_bzero` because its entire operation is controlled by `for (;;)` and located within `for (;;)`.",
            "B": "Modifying `for (;;)` has no impact on the behavior or output of `explicit_bzero`.",
            "C": "The change of for (;;) indirectly affects the execution of `explicit_bzero`, as the modifications in `for (;;)` influence the arguments or conditions within `explicit_bzero`.",
            "D": "It is not possible to determine the effect without additional context."
        },
        "answer": "C",
        "distance": 3
    },
    {
        "case_id": "primevul_24",
        "code": "sshkey_load_file(int fd, struct sshbuf *blob)\n{\n\tu_char buf[1024];\n\tsize_t len;\n\tstruct stat st;\n\tint r;\n\tif (fstat(fd, &st) < 0)\n\t{\n\t\treturn SSH_ERR_SYSTEM_ERROR;\n\t}\n\tif ((st.st_mode & (S_IFSOCK|S_IFCHR|S_IFIFO)) == 0 && st.st_size > MAX_KEY_FILE_SIZE)\n\t{\n\t\treturn SSH_ERR_INVALID_FORMAT;\n\t}\n\tfor (;;)\n\t{\n\t\tif ((len = atomicio(read, fd, buf, sizeof(buf))) == 0)\n\t\t{\n\t\t\tif (errno == EPIPE)\n\t\t\t{\n\t\t\t\tbreak;\n\t\t\t}\n\t\t\tr = SSH_ERR_SYSTEM_ERROR;\n\t\t\tgoto out;\n\t\t}\n\t\tif ((r = sshbuf_put(blob, buf, len)) != 0)\n\t\t{\n\t\t\tgoto out;\n\t\t}\n\t\tif (sshbuf_len(blob) > MAX_KEY_FILE_SIZE)\n\t\t{\n\t\t\tr = SSH_ERR_INVALID_FORMAT;\n\t\t\tgoto out;\n\t\t}\n\t}\n\tif ((st.st_mode & (S_IFSOCK|S_IFCHR|S_IFIFO)) == 0 && st.st_size != (off_t)sshbuf_len(blob))\n\t{\n\t\tr = SSH_ERR_FILE_CHANGED;\n\t\tgoto out;\n\t}\n\tr = 0;\n out:\n\texplicit_bzero(buf, sizeof(buf));\n\tif (r != 0)\n\t{\n\t\tsshbuf_reset(blob);\n\t}\n\treturn r;\n}\n",
        "question": "How does modifying the control structure `for (;;)` affect the behavior or output of `sshbuf_reset`?",
        "choices": {
            "A": "The modification of `for (;;)` directly impacts the execution of `sshbuf_reset` because its entire operation is controlled by `for (;;)` and located within `for (;;)`.",
            "B": "Modifying `for (;;)` has no impact on the behavior or output of `sshbuf_reset`.",
            "C": "The change of for (;;) indirectly affects the execution of `sshbuf_reset`, as the modifications in `for (;;)` influence the arguments or conditions within `sshbuf_reset`.",
            "D": "It is not possible to determine the effect without additional context."
        },
        "answer": "C",
        "distance": 3
    },
    {
        "case_id": "primevul_24",
        "code": "sshkey_load_file(int fd, struct sshbuf *blob)\n{\n\tu_char buf[1024];\n\tsize_t len;\n\tstruct stat st;\n\tint r;\n\tif (fstat(fd, &st) < 0)\n\t{\n\t\treturn SSH_ERR_SYSTEM_ERROR;\n\t}\n\tif ((st.st_mode & (S_IFSOCK|S_IFCHR|S_IFIFO)) == 0 && st.st_size > MAX_KEY_FILE_SIZE)\n\t{\n\t\treturn SSH_ERR_INVALID_FORMAT;\n\t}\n\tfor (;;)\n\t{\n\t\tif ((len = atomicio(read, fd, buf, sizeof(buf))) == 0)\n\t\t{\n\t\t\tif (errno == EPIPE)\n\t\t\t{\n\t\t\t\tbreak;\n\t\t\t}\n\t\t\tr = SSH_ERR_SYSTEM_ERROR;\n\t\t\tgoto out;\n\t\t}\n\t\tif ((r = sshbuf_put(blob, buf, len)) != 0)\n\t\t{\n\t\t\tgoto out;\n\t\t}\n\t\tif (sshbuf_len(blob) > MAX_KEY_FILE_SIZE)\n\t\t{\n\t\t\tr = SSH_ERR_INVALID_FORMAT;\n\t\t\tgoto out;\n\t\t}\n\t}\n\tif ((st.st_mode & (S_IFSOCK|S_IFCHR|S_IFIFO)) == 0 && st.st_size != (off_t)sshbuf_len(blob))\n\t{\n\t\tr = SSH_ERR_FILE_CHANGED;\n\t\tgoto out;\n\t}\n\tr = 0;\n out:\n\texplicit_bzero(buf, sizeof(buf));\n\tif (r != 0)\n\t{\n\t\tsshbuf_reset(blob);\n\t}\n\treturn r;\n}\n",
        "question": "How does modifying the control structure `if (errno == EPIPE)` affect the behavior or output of `sshbuf_put`?",
        "choices": {
            "A": "The modification of `if (errno == EPIPE)` directly impacts the execution of `sshbuf_put` because its entire operation is controlled by `if (errno == EPIPE)` and located within `if (errno == EPIPE)`.",
            "B": "Modifying `if (errno == EPIPE)` has no impact on the behavior or output of `sshbuf_put`.",
            "C": "The change of if (errno == EPIPE) indirectly affects the execution of `sshbuf_put`, as the modifications in `if (errno == EPIPE)` influence the arguments or conditions within `sshbuf_put`.",
            "D": "It is not possible to determine the effect without additional context."
        },
        "answer": "C",
        "distance": 2
    },
    {
        "case_id": "primevul_24",
        "code": "sshkey_load_file(int fd, struct sshbuf *blob)\n{\n\tu_char buf[1024];\n\tsize_t len;\n\tstruct stat st;\n\tint r;\n\tif (fstat(fd, &st) < 0)\n\t{\n\t\treturn SSH_ERR_SYSTEM_ERROR;\n\t}\n\tif ((st.st_mode & (S_IFSOCK|S_IFCHR|S_IFIFO)) == 0 && st.st_size > MAX_KEY_FILE_SIZE)\n\t{\n\t\treturn SSH_ERR_INVALID_FORMAT;\n\t}\n\tfor (;;)\n\t{\n\t\tif ((len = atomicio(read, fd, buf, sizeof(buf))) == 0)\n\t\t{\n\t\t\tif (errno == EPIPE)\n\t\t\t{\n\t\t\t\tbreak;\n\t\t\t}\n\t\t\tr = SSH_ERR_SYSTEM_ERROR;\n\t\t\tgoto out;\n\t\t}\n\t\tif ((r = sshbuf_put(blob, buf, len)) != 0)\n\t\t{\n\t\t\tgoto out;\n\t\t}\n\t\tif (sshbuf_len(blob) > MAX_KEY_FILE_SIZE)\n\t\t{\n\t\t\tr = SSH_ERR_INVALID_FORMAT;\n\t\t\tgoto out;\n\t\t}\n\t}\n\tif ((st.st_mode & (S_IFSOCK|S_IFCHR|S_IFIFO)) == 0 && st.st_size != (off_t)sshbuf_len(blob))\n\t{\n\t\tr = SSH_ERR_FILE_CHANGED;\n\t\tgoto out;\n\t}\n\tr = 0;\n out:\n\texplicit_bzero(buf, sizeof(buf));\n\tif (r != 0)\n\t{\n\t\tsshbuf_reset(blob);\n\t}\n\treturn r;\n}\n",
        "question": "How does modifying the control structure `if ((len = atomicio(read, fd, buf, sizeof(buf))) == 0)` affect the behavior or output of `sshbuf_put`?",
        "choices": {
            "A": "The modification of `if ((len = atomicio(read, fd, buf, sizeof(buf))) == 0)` directly impacts the execution of `sshbuf_put` because its entire operation is controlled by `if ((len = atomicio(read, fd, buf, sizeof(buf))) == 0)` and located within `if ((len = atomicio(read, fd, buf, sizeof(buf))) == 0)`.",
            "B": "Modifying `if ((len = atomicio(read, fd, buf, sizeof(buf))) == 0)` has no impact on the behavior or output of `sshbuf_put`.",
            "C": "The change of if ((len = atomicio(read, fd, buf, sizeof(buf))) == 0) indirectly affects the execution of `sshbuf_put`, as the modifications in `if ((len = atomicio(read, fd, buf, sizeof(buf))) == 0)` influence the arguments or conditions within `sshbuf_put`.",
            "D": "It is not possible to determine the effect without additional context."
        },
        "answer": "C",
        "distance": 2
    }
]