[
    {
        "case_id": "primevul_35",
        "code": "static int br_parse_ip_options(struct sk_buff *skb)\n{\n\tstruct ip_options *opt;\n\tstruct iphdr *iph;\n\tstruct net_device *dev = skb->dev;\n\tu32 len;\n\tiph = ip_hdr(skb);\n\topt = &(IPCB(skb)->opt);\n\tif (iph->ihl < 5 || iph->version != 4)\n\t{\n\t\tgoto inhdr_error;\n\t}\n\tif (!pskb_may_pull(skb, iph->ihl*4))\n\t{\n\t\tgoto inhdr_error;\n\t}\n\tiph = ip_hdr(skb);\n\tif (unlikely(ip_fast_csum((u8 *)iph, iph->ihl)))\n\t{\n\t\tgoto inhdr_error;\n\t}\n\tlen = ntohs(iph->tot_len);\n\tif (skb->len < len)\n\t{\n\t\tIP_INC_STATS_BH(dev_net(dev), IPSTATS_MIB_INTRUNCATEDPKTS);\n\t\tgoto drop;\n\t}\n\telse if (len < (iph->ihl*4))\n\t{\n\t\tgoto inhdr_error;\n\t}\n\tif (pskb_trim_rcsum(skb, len))\n\t{\n\t\tIP_INC_STATS_BH(dev_net(dev), IPSTATS_MIB_INDISCARDS);\n\t\tgoto drop;\n\t}\n\tif (iph->ihl == 5)\n\t{\n\t\tmemset(IPCB(skb), 0, sizeof(struct inet_skb_parm));\n\t\treturn 0;\n\t}\n\topt->optlen = iph->ihl*4 - sizeof(struct iphdr);\n\tif (ip_options_compile(dev_net(dev), opt, skb))\n\t{\n\t\tgoto inhdr_error;\n\t}\n\tif (unlikely(opt->srr))\n\t{\n\t\tstruct in_device *in_dev = __in_dev_get_rcu(dev);\n\t\tif (in_dev && !IN_DEV_SOURCE_ROUTE(in_dev))\n\t\t{\n\t\t\tgoto drop;\n\t\t}\n\t\tif (ip_options_rcv_srr(skb))\n\t\t{\n\t\t\tgoto drop;\n\t\t}\n\t}\n\treturn 0;\ninhdr_error:\n\tIP_INC_STATS_BH(dev_net(dev), IPSTATS_MIB_INHDRERRORS);\ndrop:\n\treturn -1;\n}",
        "question": "How does modifying the control structure `if (iph->ihl == 5)` affect the behavior or output of `memset`?",
        "choices": {
            "A": "The modification of `if (iph->ihl == 5)` directly impacts the execution of `memset` because its entire operation is controlled by `if (iph->ihl == 5)` and located within `if (iph->ihl == 5)`.",
            "B": "Modifying `if (iph->ihl == 5)` has no impact on the behavior or output of `memset`.",
            "C": "The change of if (iph->ihl == 5) indirectly affects the execution of `memset`, as the modifications in `if (iph->ihl == 5)` influence the arguments or conditions within `memset`.",
            "D": "It is not possible to determine the effect without additional context."
        },
        "answer": "A",
        "distance": 1
    },
    {
        "case_id": "primevul_35",
        "code": "static int br_parse_ip_options(struct sk_buff *skb)\n{\n\tstruct ip_options *opt;\n\tstruct iphdr *iph;\n\tstruct net_device *dev = skb->dev;\n\tu32 len;\n\tiph = ip_hdr(skb);\n\topt = &(IPCB(skb)->opt);\n\tif (iph->ihl < 5 || iph->version != 4)\n\t{\n\t\tgoto inhdr_error;\n\t}\n\tif (!pskb_may_pull(skb, iph->ihl*4))\n\t{\n\t\tgoto inhdr_error;\n\t}\n\tiph = ip_hdr(skb);\n\tif (unlikely(ip_fast_csum((u8 *)iph, iph->ihl)))\n\t{\n\t\tgoto inhdr_error;\n\t}\n\tlen = ntohs(iph->tot_len);\n\tif (skb->len < len)\n\t{\n\t\tIP_INC_STATS_BH(dev_net(dev), IPSTATS_MIB_INTRUNCATEDPKTS);\n\t\tgoto drop;\n\t}\n\telse if (len < (iph->ihl*4))\n\t{\n\t\tgoto inhdr_error;\n\t}\n\tif (pskb_trim_rcsum(skb, len))\n\t{\n\t\tIP_INC_STATS_BH(dev_net(dev), IPSTATS_MIB_INDISCARDS);\n\t\tgoto drop;\n\t}\n\tif (iph->ihl == 5)\n\t{\n\t\tmemset(IPCB(skb), 0, sizeof(struct inet_skb_parm));\n\t\treturn 0;\n\t}\n\topt->optlen = iph->ihl*4 - sizeof(struct iphdr);\n\tif (ip_options_compile(dev_net(dev), opt, skb))\n\t{\n\t\tgoto inhdr_error;\n\t}\n\tif (unlikely(opt->srr))\n\t{\n\t\tstruct in_device *in_dev = __in_dev_get_rcu(dev);\n\t\tif (in_dev && !IN_DEV_SOURCE_ROUTE(in_dev))\n\t\t{\n\t\t\tgoto drop;\n\t\t}\n\t\tif (ip_options_rcv_srr(skb))\n\t\t{\n\t\t\tgoto drop;\n\t\t}\n\t}\n\treturn 0;\ninhdr_error:\n\tIP_INC_STATS_BH(dev_net(dev), IPSTATS_MIB_INHDRERRORS);\ndrop:\n\treturn -1;\n}",
        "question": "How does modifying the control structure `if (unlikely(opt->srr))` affect the behavior or output of `__in_dev_get_rcu`?",
        "choices": {
            "A": "The modification of `if (unlikely(opt->srr))` directly impacts the execution of `__in_dev_get_rcu` because its entire operation is controlled by `if (unlikely(opt->srr))` and located within `if (unlikely(opt->srr))`.",
            "B": "Modifying `if (unlikely(opt->srr))` has no impact on the behavior or output of `__in_dev_get_rcu`.",
            "C": "The change of if (unlikely(opt->srr)) indirectly affects the execution of `__in_dev_get_rcu`, as the modifications in `if (unlikely(opt->srr))` influence the arguments or conditions within `__in_dev_get_rcu`.",
            "D": "It is not possible to determine the effect without additional context."
        },
        "answer": "A",
        "distance": 1
    },
    {
        "case_id": "primevul_35",
        "code": "static int br_parse_ip_options(struct sk_buff *skb)\n{\n\tstruct ip_options *opt;\n\tstruct iphdr *iph;\n\tstruct net_device *dev = skb->dev;\n\tu32 len;\n\tiph = ip_hdr(skb);\n\topt = &(IPCB(skb)->opt);\n\tif (iph->ihl < 5 || iph->version != 4)\n\t{\n\t\tgoto inhdr_error;\n\t}\n\tif (!pskb_may_pull(skb, iph->ihl*4))\n\t{\n\t\tgoto inhdr_error;\n\t}\n\tiph = ip_hdr(skb);\n\tif (unlikely(ip_fast_csum((u8 *)iph, iph->ihl)))\n\t{\n\t\tgoto inhdr_error;\n\t}\n\tlen = ntohs(iph->tot_len);\n\tif (skb->len < len)\n\t{\n\t\tIP_INC_STATS_BH(dev_net(dev), IPSTATS_MIB_INTRUNCATEDPKTS);\n\t\tgoto drop;\n\t}\n\telse if (len < (iph->ihl*4))\n\t{\n\t\tgoto inhdr_error;\n\t}\n\tif (pskb_trim_rcsum(skb, len))\n\t{\n\t\tIP_INC_STATS_BH(dev_net(dev), IPSTATS_MIB_INDISCARDS);\n\t\tgoto drop;\n\t}\n\tif (iph->ihl == 5)\n\t{\n\t\tmemset(IPCB(skb), 0, sizeof(struct inet_skb_parm));\n\t\treturn 0;\n\t}\n\topt->optlen = iph->ihl*4 - sizeof(struct iphdr);\n\tif (ip_options_compile(dev_net(dev), opt, skb))\n\t{\n\t\tgoto inhdr_error;\n\t}\n\tif (unlikely(opt->srr))\n\t{\n\t\tstruct in_device *in_dev = __in_dev_get_rcu(dev);\n\t\tif (in_dev && !IN_DEV_SOURCE_ROUTE(in_dev))\n\t\t{\n\t\t\tgoto drop;\n\t\t}\n\t\tif (ip_options_rcv_srr(skb))\n\t\t{\n\t\t\tgoto drop;\n\t\t}\n\t}\n\treturn 0;\ninhdr_error:\n\tIP_INC_STATS_BH(dev_net(dev), IPSTATS_MIB_INHDRERRORS);\ndrop:\n\treturn -1;\n}",
        "question": "How does modifying the control structure `goto drop;` affect the behavior or output of `pskb_may_pull`?",
        "choices": {
            "A": "The modification of `goto drop;` directly impacts the execution of `pskb_may_pull` because its entire operation is controlled by `goto drop;` and located within `goto drop;`.",
            "B": "Modifying `goto drop;` has no impact on the behavior or output of `pskb_may_pull`.",
            "C": "The change of goto drop; indirectly affects the execution of `pskb_may_pull`, as the modifications in `goto drop;` influence the arguments or conditions within `pskb_may_pull`.",
            "D": "It is not possible to determine the effect without additional context."
        },
        "answer": "B",
        "distance": 0
    },
    {
        "case_id": "primevul_35",
        "code": "static int br_parse_ip_options(struct sk_buff *skb)\n{\n\tstruct ip_options *opt;\n\tstruct iphdr *iph;\n\tstruct net_device *dev = skb->dev;\n\tu32 len;\n\tiph = ip_hdr(skb);\n\topt = &(IPCB(skb)->opt);\n\tif (iph->ihl < 5 || iph->version != 4)\n\t{\n\t\tgoto inhdr_error;\n\t}\n\tif (!pskb_may_pull(skb, iph->ihl*4))\n\t{\n\t\tgoto inhdr_error;\n\t}\n\tiph = ip_hdr(skb);\n\tif (unlikely(ip_fast_csum((u8 *)iph, iph->ihl)))\n\t{\n\t\tgoto inhdr_error;\n\t}\n\tlen = ntohs(iph->tot_len);\n\tif (skb->len < len)\n\t{\n\t\tIP_INC_STATS_BH(dev_net(dev), IPSTATS_MIB_INTRUNCATEDPKTS);\n\t\tgoto drop;\n\t}\n\telse if (len < (iph->ihl*4))\n\t{\n\t\tgoto inhdr_error;\n\t}\n\tif (pskb_trim_rcsum(skb, len))\n\t{\n\t\tIP_INC_STATS_BH(dev_net(dev), IPSTATS_MIB_INDISCARDS);\n\t\tgoto drop;\n\t}\n\tif (iph->ihl == 5)\n\t{\n\t\tmemset(IPCB(skb), 0, sizeof(struct inet_skb_parm));\n\t\treturn 0;\n\t}\n\topt->optlen = iph->ihl*4 - sizeof(struct iphdr);\n\tif (ip_options_compile(dev_net(dev), opt, skb))\n\t{\n\t\tgoto inhdr_error;\n\t}\n\tif (unlikely(opt->srr))\n\t{\n\t\tstruct in_device *in_dev = __in_dev_get_rcu(dev);\n\t\tif (in_dev && !IN_DEV_SOURCE_ROUTE(in_dev))\n\t\t{\n\t\t\tgoto drop;\n\t\t}\n\t\tif (ip_options_rcv_srr(skb))\n\t\t{\n\t\t\tgoto drop;\n\t\t}\n\t}\n\treturn 0;\ninhdr_error:\n\tIP_INC_STATS_BH(dev_net(dev), IPSTATS_MIB_INHDRERRORS);\ndrop:\n\treturn -1;\n}",
        "question": "How does modifying the control structure `goto drop;` affect the behavior or output of `ntohs`?",
        "choices": {
            "A": "The modification of `goto drop;` directly impacts the execution of `ntohs` because its entire operation is controlled by `goto drop;` and located within `goto drop;`.",
            "B": "Modifying `goto drop;` has no impact on the behavior or output of `ntohs`.",
            "C": "The change of goto drop; indirectly affects the execution of `ntohs`, as the modifications in `goto drop;` influence the arguments or conditions within `ntohs`.",
            "D": "It is not possible to determine the effect without additional context."
        },
        "answer": "B",
        "distance": 0
    },
    {
        "case_id": "primevul_35",
        "code": "static int br_parse_ip_options(struct sk_buff *skb)\n{\n\tstruct ip_options *opt;\n\tstruct iphdr *iph;\n\tstruct net_device *dev = skb->dev;\n\tu32 len;\n\tiph = ip_hdr(skb);\n\topt = &(IPCB(skb)->opt);\n\tif (iph->ihl < 5 || iph->version != 4)\n\t{\n\t\tgoto inhdr_error;\n\t}\n\tif (!pskb_may_pull(skb, iph->ihl*4))\n\t{\n\t\tgoto inhdr_error;\n\t}\n\tiph = ip_hdr(skb);\n\tif (unlikely(ip_fast_csum((u8 *)iph, iph->ihl)))\n\t{\n\t\tgoto inhdr_error;\n\t}\n\tlen = ntohs(iph->tot_len);\n\tif (skb->len < len)\n\t{\n\t\tIP_INC_STATS_BH(dev_net(dev), IPSTATS_MIB_INTRUNCATEDPKTS);\n\t\tgoto drop;\n\t}\n\telse if (len < (iph->ihl*4))\n\t{\n\t\tgoto inhdr_error;\n\t}\n\tif (pskb_trim_rcsum(skb, len))\n\t{\n\t\tIP_INC_STATS_BH(dev_net(dev), IPSTATS_MIB_INDISCARDS);\n\t\tgoto drop;\n\t}\n\tif (iph->ihl == 5)\n\t{\n\t\tmemset(IPCB(skb), 0, sizeof(struct inet_skb_parm));\n\t\treturn 0;\n\t}\n\topt->optlen = iph->ihl*4 - sizeof(struct iphdr);\n\tif (ip_options_compile(dev_net(dev), opt, skb))\n\t{\n\t\tgoto inhdr_error;\n\t}\n\tif (unlikely(opt->srr))\n\t{\n\t\tstruct in_device *in_dev = __in_dev_get_rcu(dev);\n\t\tif (in_dev && !IN_DEV_SOURCE_ROUTE(in_dev))\n\t\t{\n\t\t\tgoto drop;\n\t\t}\n\t\tif (ip_options_rcv_srr(skb))\n\t\t{\n\t\t\tgoto drop;\n\t\t}\n\t}\n\treturn 0;\ninhdr_error:\n\tIP_INC_STATS_BH(dev_net(dev), IPSTATS_MIB_INHDRERRORS);\ndrop:\n\treturn -1;\n}",
        "question": "How does modifying the control structure `goto drop;` affect the behavior or output of `__in_dev_get_rcu`?",
        "choices": {
            "A": "The modification of `goto drop;` directly impacts the execution of `__in_dev_get_rcu` because its entire operation is controlled by `goto drop;` and located within `goto drop;`.",
            "B": "Modifying `goto drop;` has no impact on the behavior or output of `__in_dev_get_rcu`.",
            "C": "The change of goto drop; indirectly affects the execution of `__in_dev_get_rcu`, as the modifications in `goto drop;` influence the arguments or conditions within `__in_dev_get_rcu`.",
            "D": "It is not possible to determine the effect without additional context."
        },
        "answer": "B",
        "distance": 0
    },
    {
        "case_id": "primevul_35",
        "code": "static int br_parse_ip_options(struct sk_buff *skb)\n{\n\tstruct ip_options *opt;\n\tstruct iphdr *iph;\n\tstruct net_device *dev = skb->dev;\n\tu32 len;\n\tiph = ip_hdr(skb);\n\topt = &(IPCB(skb)->opt);\n\tif (iph->ihl < 5 || iph->version != 4)\n\t{\n\t\tgoto inhdr_error;\n\t}\n\tif (!pskb_may_pull(skb, iph->ihl*4))\n\t{\n\t\tgoto inhdr_error;\n\t}\n\tiph = ip_hdr(skb);\n\tif (unlikely(ip_fast_csum((u8 *)iph, iph->ihl)))\n\t{\n\t\tgoto inhdr_error;\n\t}\n\tlen = ntohs(iph->tot_len);\n\tif (skb->len < len)\n\t{\n\t\tIP_INC_STATS_BH(dev_net(dev), IPSTATS_MIB_INTRUNCATEDPKTS);\n\t\tgoto drop;\n\t}\n\telse if (len < (iph->ihl*4))\n\t{\n\t\tgoto inhdr_error;\n\t}\n\tif (pskb_trim_rcsum(skb, len))\n\t{\n\t\tIP_INC_STATS_BH(dev_net(dev), IPSTATS_MIB_INDISCARDS);\n\t\tgoto drop;\n\t}\n\tif (iph->ihl == 5)\n\t{\n\t\tmemset(IPCB(skb), 0, sizeof(struct inet_skb_parm));\n\t\treturn 0;\n\t}\n\topt->optlen = iph->ihl*4 - sizeof(struct iphdr);\n\tif (ip_options_compile(dev_net(dev), opt, skb))\n\t{\n\t\tgoto inhdr_error;\n\t}\n\tif (unlikely(opt->srr))\n\t{\n\t\tstruct in_device *in_dev = __in_dev_get_rcu(dev);\n\t\tif (in_dev && !IN_DEV_SOURCE_ROUTE(in_dev))\n\t\t{\n\t\t\tgoto drop;\n\t\t}\n\t\tif (ip_options_rcv_srr(skb))\n\t\t{\n\t\t\tgoto drop;\n\t\t}\n\t}\n\treturn 0;\ninhdr_error:\n\tIP_INC_STATS_BH(dev_net(dev), IPSTATS_MIB_INHDRERRORS);\ndrop:\n\treturn -1;\n}",
        "question": "How does modifying the control structure `goto drop;` affect the behavior or output of `memset`?",
        "choices": {
            "A": "The modification of `goto drop;` directly impacts the execution of `memset` because its entire operation is controlled by `goto drop;` and located within `goto drop;`.",
            "B": "Modifying `goto drop;` has no impact on the behavior or output of `memset`.",
            "C": "The change of goto drop; indirectly affects the execution of `memset`, as the modifications in `goto drop;` influence the arguments or conditions within `memset`.",
            "D": "It is not possible to determine the effect without additional context."
        },
        "answer": "B",
        "distance": 0
    },
    {
        "case_id": "primevul_35",
        "code": "static int br_parse_ip_options(struct sk_buff *skb)\n{\n\tstruct ip_options *opt;\n\tstruct iphdr *iph;\n\tstruct net_device *dev = skb->dev;\n\tu32 len;\n\tiph = ip_hdr(skb);\n\topt = &(IPCB(skb)->opt);\n\tif (iph->ihl < 5 || iph->version != 4)\n\t{\n\t\tgoto inhdr_error;\n\t}\n\tif (!pskb_may_pull(skb, iph->ihl*4))\n\t{\n\t\tgoto inhdr_error;\n\t}\n\tiph = ip_hdr(skb);\n\tif (unlikely(ip_fast_csum((u8 *)iph, iph->ihl)))\n\t{\n\t\tgoto inhdr_error;\n\t}\n\tlen = ntohs(iph->tot_len);\n\tif (skb->len < len)\n\t{\n\t\tIP_INC_STATS_BH(dev_net(dev), IPSTATS_MIB_INTRUNCATEDPKTS);\n\t\tgoto drop;\n\t}\n\telse if (len < (iph->ihl*4))\n\t{\n\t\tgoto inhdr_error;\n\t}\n\tif (pskb_trim_rcsum(skb, len))\n\t{\n\t\tIP_INC_STATS_BH(dev_net(dev), IPSTATS_MIB_INDISCARDS);\n\t\tgoto drop;\n\t}\n\tif (iph->ihl == 5)\n\t{\n\t\tmemset(IPCB(skb), 0, sizeof(struct inet_skb_parm));\n\t\treturn 0;\n\t}\n\topt->optlen = iph->ihl*4 - sizeof(struct iphdr);\n\tif (ip_options_compile(dev_net(dev), opt, skb))\n\t{\n\t\tgoto inhdr_error;\n\t}\n\tif (unlikely(opt->srr))\n\t{\n\t\tstruct in_device *in_dev = __in_dev_get_rcu(dev);\n\t\tif (in_dev && !IN_DEV_SOURCE_ROUTE(in_dev))\n\t\t{\n\t\t\tgoto drop;\n\t\t}\n\t\tif (ip_options_rcv_srr(skb))\n\t\t{\n\t\t\tgoto drop;\n\t\t}\n\t}\n\treturn 0;\ninhdr_error:\n\tIP_INC_STATS_BH(dev_net(dev), IPSTATS_MIB_INHDRERRORS);\ndrop:\n\treturn -1;\n}",
        "question": "How does modifying the control structure `if (skb->len < len)` affect the behavior or output of `__in_dev_get_rcu`?",
        "choices": {
            "A": "The modification of `if (skb->len < len)` directly impacts the execution of `__in_dev_get_rcu` because its entire operation is controlled by `if (skb->len < len)` and located within `if (skb->len < len)`.",
            "B": "Modifying `if (skb->len < len)` has no impact on the behavior or output of `__in_dev_get_rcu`.",
            "C": "The change of if (skb->len < len) indirectly affects the execution of `__in_dev_get_rcu`, as the modifications in `if (skb->len < len)` influence the arguments or conditions within `__in_dev_get_rcu`.",
            "D": "It is not possible to determine the effect without additional context."
        },
        "answer": "C",
        "distance": 3
    },
    {
        "case_id": "primevul_35",
        "code": "static int br_parse_ip_options(struct sk_buff *skb)\n{\n\tstruct ip_options *opt;\n\tstruct iphdr *iph;\n\tstruct net_device *dev = skb->dev;\n\tu32 len;\n\tiph = ip_hdr(skb);\n\topt = &(IPCB(skb)->opt);\n\tif (iph->ihl < 5 || iph->version != 4)\n\t{\n\t\tgoto inhdr_error;\n\t}\n\tif (!pskb_may_pull(skb, iph->ihl*4))\n\t{\n\t\tgoto inhdr_error;\n\t}\n\tiph = ip_hdr(skb);\n\tif (unlikely(ip_fast_csum((u8 *)iph, iph->ihl)))\n\t{\n\t\tgoto inhdr_error;\n\t}\n\tlen = ntohs(iph->tot_len);\n\tif (skb->len < len)\n\t{\n\t\tIP_INC_STATS_BH(dev_net(dev), IPSTATS_MIB_INTRUNCATEDPKTS);\n\t\tgoto drop;\n\t}\n\telse if (len < (iph->ihl*4))\n\t{\n\t\tgoto inhdr_error;\n\t}\n\tif (pskb_trim_rcsum(skb, len))\n\t{\n\t\tIP_INC_STATS_BH(dev_net(dev), IPSTATS_MIB_INDISCARDS);\n\t\tgoto drop;\n\t}\n\tif (iph->ihl == 5)\n\t{\n\t\tmemset(IPCB(skb), 0, sizeof(struct inet_skb_parm));\n\t\treturn 0;\n\t}\n\topt->optlen = iph->ihl*4 - sizeof(struct iphdr);\n\tif (ip_options_compile(dev_net(dev), opt, skb))\n\t{\n\t\tgoto inhdr_error;\n\t}\n\tif (unlikely(opt->srr))\n\t{\n\t\tstruct in_device *in_dev = __in_dev_get_rcu(dev);\n\t\tif (in_dev && !IN_DEV_SOURCE_ROUTE(in_dev))\n\t\t{\n\t\t\tgoto drop;\n\t\t}\n\t\tif (ip_options_rcv_srr(skb))\n\t\t{\n\t\t\tgoto drop;\n\t\t}\n\t}\n\treturn 0;\ninhdr_error:\n\tIP_INC_STATS_BH(dev_net(dev), IPSTATS_MIB_INHDRERRORS);\ndrop:\n\treturn -1;\n}",
        "question": "How does modifying the control structure `if (pskb_trim_rcsum(skb, len))` affect the behavior or output of `__in_dev_get_rcu`?",
        "choices": {
            "A": "The modification of `if (pskb_trim_rcsum(skb, len))` directly impacts the execution of `__in_dev_get_rcu` because its entire operation is controlled by `if (pskb_trim_rcsum(skb, len))` and located within `if (pskb_trim_rcsum(skb, len))`.",
            "B": "Modifying `if (pskb_trim_rcsum(skb, len))` has no impact on the behavior or output of `__in_dev_get_rcu`.",
            "C": "The change of if (pskb_trim_rcsum(skb, len)) indirectly affects the execution of `__in_dev_get_rcu`, as the modifications in `if (pskb_trim_rcsum(skb, len))` influence the arguments or conditions within `__in_dev_get_rcu`.",
            "D": "It is not possible to determine the effect without additional context."
        },
        "answer": "C",
        "distance": 3
    }
]