[
    {
        "case_id": "primevul_53",
        "code": "static Image *ReadARTImage(const ImageInfo *image_info,ExceptionInfo *exception)\n{\n  const unsigned char\n    *pixels;\n  Image\n    *image;\n  QuantumInfo\n    *quantum_info;\n  QuantumType\n    quantum_type;\n  MagickBooleanType\n    status;\n  size_t\n    length;\n  ssize_t\n    count,\n    y;\n  assert(image_info != (const ImageInfo *) NULL);\n  assert(image_info->signature == MagickSignature);\n  if (image_info->debug != MagickFalse)\n  {\n    (void) LogMagickEvent(TraceEvent,GetMagickModule(),\"%s\",\n      image_info->filename);\n  }\n  assert(exception != (ExceptionInfo *) NULL);\n  assert(exception->signature == MagickSignature);\n  image=AcquireImage(image_info);\n  status=OpenBlob(image_info,image,ReadBinaryBlobMode,exception);\n  if (status == MagickFalse)\n  {\n    image=DestroyImageList(image);\n    return((Image *) NULL);\n  }\n  image->depth=1;\n  image->endian=MSBEndian;\n  (void) ReadBlobLSBShort(image);\n  image->columns=(size_t) ReadBlobLSBShort(image);\n  (void) ReadBlobLSBShort(image);\n  image->rows=(size_t) ReadBlobLSBShort(image);\n  if ((image->columns == 0) || (image->rows == 0))\n  {\n    ThrowReaderException(CorruptImageError,\"ImproperImageHeader\");\n  }\n  if (AcquireImageColormap(image,2) == MagickFalse)\n  {\n    ThrowReaderException(ResourceLimitError,\"MemoryAllocationFailed\");\n  }\n  if (image_info->ping != MagickFalse)\n  {\n    (void) CloseBlob(image);\n    return(GetFirstImageInList(image));\n  }\n  status=SetImageExtent(image,image->columns,image->rows);\n  if (status == MagickFalse)\n  {\n    InheritException(exception,&image->exception);\n    return(DestroyImageList(image));\n  }\n  SetImageColorspace(image,GRAYColorspace);\n  quantum_type=IndexQuantum;\n  quantum_info=AcquireQuantumInfo(image_info,image);\n  if (quantum_info == (QuantumInfo *) NULL)\n  {\n    ThrowReaderException(ResourceLimitError,\"MemoryAllocationFailed\");\n  }\n  length=GetQuantumExtent(image,quantum_info,quantum_type);\n  for (y=0; y < (ssize_t) image->rows; y++)\n  {\n    register PixelPacket\n      *magick_restrict q;\n    q=QueueAuthenticPixels(image,0,y,image->columns,1,exception);\n    if (q == (PixelPacket *) NULL)\n    {\n      break;\n    }\n    pixels=(const unsigned char *) ReadBlobStream(image,length,\n      GetQuantumPixels(quantum_info),&count);\n    if (count != (ssize_t) length)\n    {\n      ThrowReaderException(CorruptImageError,\"UnableToReadImageData\");\n    }\n    (void) ImportQuantumPixels(image,(CacheView *) NULL,quantum_info,\n      quantum_type,pixels,exception);\n    (void) ReadBlobStream(image,(size_t) (-(ssize_t) length) & 0x01,\n      GetQuantumPixels(quantum_info),&count);\n    if (SyncAuthenticPixels(image,exception) == MagickFalse)\n    {\n      break;\n    }\n    status=SetImageProgress(image,LoadImageTag,(MagickOffsetType) y,\n      image->rows);\n    if (status == MagickFalse)\n    {\n      break;\n    }\n  }\n  SetQuantumImageType(image,quantum_type);\n  quantum_info=DestroyQuantumInfo(quantum_info);\n  if (EOFBlob(image) != MagickFalse)\n  {\n    ThrowFileException(exception,CorruptImageError,\"UnexpectedEndOfFile\",\n      image->filename);\n  }\n  (void) CloseBlob(image);\n  return(GetFirstImageInList(image));\n}\n",
        "question": "How does modifying the control structure `if (status == MagickFalse)` affect the behavior or output of `InheritException`?",
        "choices": {
            "A": "The modification of `if (status == MagickFalse)` directly impacts the execution of `InheritException` because its entire operation is controlled by `if (status == MagickFalse)` and located within `if (status == MagickFalse)`.",
            "B": "Modifying `if (status == MagickFalse)` has no impact on the behavior or output of `InheritException`.",
            "C": "The change of if (status == MagickFalse) indirectly affects the execution of `InheritException`, as the modifications in `if (status == MagickFalse)` influence the arguments or conditions within `InheritException`.",
            "D": "It is not possible to determine the effect without additional context."
        },
        "answer": "A",
        "distance": 1
    },
    {
        "case_id": "primevul_53",
        "code": "static Image *ReadARTImage(const ImageInfo *image_info,ExceptionInfo *exception)\n{\n  const unsigned char\n    *pixels;\n  Image\n    *image;\n  QuantumInfo\n    *quantum_info;\n  QuantumType\n    quantum_type;\n  MagickBooleanType\n    status;\n  size_t\n    length;\n  ssize_t\n    count,\n    y;\n  assert(image_info != (const ImageInfo *) NULL);\n  assert(image_info->signature == MagickSignature);\n  if (image_info->debug != MagickFalse)\n  {\n    (void) LogMagickEvent(TraceEvent,GetMagickModule(),\"%s\",\n      image_info->filename);\n  }\n  assert(exception != (ExceptionInfo *) NULL);\n  assert(exception->signature == MagickSignature);\n  image=AcquireImage(image_info);\n  status=OpenBlob(image_info,image,ReadBinaryBlobMode,exception);\n  if (status == MagickFalse)\n  {\n    image=DestroyImageList(image);\n    return((Image *) NULL);\n  }\n  image->depth=1;\n  image->endian=MSBEndian;\n  (void) ReadBlobLSBShort(image);\n  image->columns=(size_t) ReadBlobLSBShort(image);\n  (void) ReadBlobLSBShort(image);\n  image->rows=(size_t) ReadBlobLSBShort(image);\n  if ((image->columns == 0) || (image->rows == 0))\n  {\n    ThrowReaderException(CorruptImageError,\"ImproperImageHeader\");\n  }\n  if (AcquireImageColormap(image,2) == MagickFalse)\n  {\n    ThrowReaderException(ResourceLimitError,\"MemoryAllocationFailed\");\n  }\n  if (image_info->ping != MagickFalse)\n  {\n    (void) CloseBlob(image);\n    return(GetFirstImageInList(image));\n  }\n  status=SetImageExtent(image,image->columns,image->rows);\n  if (status == MagickFalse)\n  {\n    InheritException(exception,&image->exception);\n    return(DestroyImageList(image));\n  }\n  SetImageColorspace(image,GRAYColorspace);\n  quantum_type=IndexQuantum;\n  quantum_info=AcquireQuantumInfo(image_info,image);\n  if (quantum_info == (QuantumInfo *) NULL)\n  {\n    ThrowReaderException(ResourceLimitError,\"MemoryAllocationFailed\");\n  }\n  length=GetQuantumExtent(image,quantum_info,quantum_type);\n  for (y=0; y < (ssize_t) image->rows; y++)\n  {\n    register PixelPacket\n      *magick_restrict q;\n    q=QueueAuthenticPixels(image,0,y,image->columns,1,exception);\n    if (q == (PixelPacket *) NULL)\n    {\n      break;\n    }\n    pixels=(const unsigned char *) ReadBlobStream(image,length,\n      GetQuantumPixels(quantum_info),&count);\n    if (count != (ssize_t) length)\n    {\n      ThrowReaderException(CorruptImageError,\"UnableToReadImageData\");\n    }\n    (void) ImportQuantumPixels(image,(CacheView *) NULL,quantum_info,\n      quantum_type,pixels,exception);\n    (void) ReadBlobStream(image,(size_t) (-(ssize_t) length) & 0x01,\n      GetQuantumPixels(quantum_info),&count);\n    if (SyncAuthenticPixels(image,exception) == MagickFalse)\n    {\n      break;\n    }\n    status=SetImageProgress(image,LoadImageTag,(MagickOffsetType) y,\n      image->rows);\n    if (status == MagickFalse)\n    {\n      break;\n    }\n  }\n  SetQuantumImageType(image,quantum_type);\n  quantum_info=DestroyQuantumInfo(quantum_info);\n  if (EOFBlob(image) != MagickFalse)\n  {\n    ThrowFileException(exception,CorruptImageError,\"UnexpectedEndOfFile\",\n      image->filename);\n  }\n  (void) CloseBlob(image);\n  return(GetFirstImageInList(image));\n}\n",
        "question": "How does modifying the control structure `for (y=0; y < (ssize_t) image->rows; y++)` affect the behavior or output of `QueueAuthenticPixels`?",
        "choices": {
            "A": "The modification of `for (y=0; y < (ssize_t) image->rows; y++)` directly impacts the execution of `QueueAuthenticPixels` because its entire operation is controlled by `for (y=0; y < (ssize_t) image->rows; y++)` and located within `for (y=0; y < (ssize_t) image->rows; y++)`.",
            "B": "Modifying `for (y=0; y < (ssize_t) image->rows; y++)` has no impact on the behavior or output of `QueueAuthenticPixels`.",
            "C": "The change of for (y=0; y < (ssize_t) image->rows; y++) indirectly affects the execution of `QueueAuthenticPixels`, as the modifications in `for (y=0; y < (ssize_t) image->rows; y++)` influence the arguments or conditions within `QueueAuthenticPixels`.",
            "D": "It is not possible to determine the effect without additional context."
        },
        "answer": "A",
        "distance": 1
    },
    {
        "case_id": "primevul_53",
        "code": "static Image *ReadARTImage(const ImageInfo *image_info,ExceptionInfo *exception)\n{\n  const unsigned char\n    *pixels;\n  Image\n    *image;\n  QuantumInfo\n    *quantum_info;\n  QuantumType\n    quantum_type;\n  MagickBooleanType\n    status;\n  size_t\n    length;\n  ssize_t\n    count,\n    y;\n  assert(image_info != (const ImageInfo *) NULL);\n  assert(image_info->signature == MagickSignature);\n  if (image_info->debug != MagickFalse)\n  {\n    (void) LogMagickEvent(TraceEvent,GetMagickModule(),\"%s\",\n      image_info->filename);\n  }\n  assert(exception != (ExceptionInfo *) NULL);\n  assert(exception->signature == MagickSignature);\n  image=AcquireImage(image_info);\n  status=OpenBlob(image_info,image,ReadBinaryBlobMode,exception);\n  if (status == MagickFalse)\n  {\n    image=DestroyImageList(image);\n    return((Image *) NULL);\n  }\n  image->depth=1;\n  image->endian=MSBEndian;\n  (void) ReadBlobLSBShort(image);\n  image->columns=(size_t) ReadBlobLSBShort(image);\n  (void) ReadBlobLSBShort(image);\n  image->rows=(size_t) ReadBlobLSBShort(image);\n  if ((image->columns == 0) || (image->rows == 0))\n  {\n    ThrowReaderException(CorruptImageError,\"ImproperImageHeader\");\n  }\n  if (AcquireImageColormap(image,2) == MagickFalse)\n  {\n    ThrowReaderException(ResourceLimitError,\"MemoryAllocationFailed\");\n  }\n  if (image_info->ping != MagickFalse)\n  {\n    (void) CloseBlob(image);\n    return(GetFirstImageInList(image));\n  }\n  status=SetImageExtent(image,image->columns,image->rows);\n  if (status == MagickFalse)\n  {\n    InheritException(exception,&image->exception);\n    return(DestroyImageList(image));\n  }\n  SetImageColorspace(image,GRAYColorspace);\n  quantum_type=IndexQuantum;\n  quantum_info=AcquireQuantumInfo(image_info,image);\n  if (quantum_info == (QuantumInfo *) NULL)\n  {\n    ThrowReaderException(ResourceLimitError,\"MemoryAllocationFailed\");\n  }\n  length=GetQuantumExtent(image,quantum_info,quantum_type);\n  for (y=0; y < (ssize_t) image->rows; y++)\n  {\n    register PixelPacket\n      *magick_restrict q;\n    q=QueueAuthenticPixels(image,0,y,image->columns,1,exception);\n    if (q == (PixelPacket *) NULL)\n    {\n      break;\n    }\n    pixels=(const unsigned char *) ReadBlobStream(image,length,\n      GetQuantumPixels(quantum_info),&count);\n    if (count != (ssize_t) length)\n    {\n      ThrowReaderException(CorruptImageError,\"UnableToReadImageData\");\n    }\n    (void) ImportQuantumPixels(image,(CacheView *) NULL,quantum_info,\n      quantum_type,pixels,exception);\n    (void) ReadBlobStream(image,(size_t) (-(ssize_t) length) & 0x01,\n      GetQuantumPixels(quantum_info),&count);\n    if (SyncAuthenticPixels(image,exception) == MagickFalse)\n    {\n      break;\n    }\n    status=SetImageProgress(image,LoadImageTag,(MagickOffsetType) y,\n      image->rows);\n    if (status == MagickFalse)\n    {\n      break;\n    }\n  }\n  SetQuantumImageType(image,quantum_type);\n  quantum_info=DestroyQuantumInfo(quantum_info);\n  if (EOFBlob(image) != MagickFalse)\n  {\n    ThrowFileException(exception,CorruptImageError,\"UnexpectedEndOfFile\",\n      image->filename);\n  }\n  (void) CloseBlob(image);\n  return(GetFirstImageInList(image));\n}\n",
        "question": "How does modifying the control structure `for (y=0; y < (ssize_t) image->rows; y++)` affect the behavior or output of `SetImageProgress`?",
        "choices": {
            "A": "The modification of `for (y=0; y < (ssize_t) image->rows; y++)` directly impacts the execution of `SetImageProgress` because its entire operation is controlled by `for (y=0; y < (ssize_t) image->rows; y++)` and located within `for (y=0; y < (ssize_t) image->rows; y++)`.",
            "B": "Modifying `for (y=0; y < (ssize_t) image->rows; y++)` has no impact on the behavior or output of `SetImageProgress`.",
            "C": "The change of for (y=0; y < (ssize_t) image->rows; y++) indirectly affects the execution of `SetImageProgress`, as the modifications in `for (y=0; y < (ssize_t) image->rows; y++)` influence the arguments or conditions within `SetImageProgress`.",
            "D": "It is not possible to determine the effect without additional context."
        },
        "answer": "A",
        "distance": 1
    },
    {
        "case_id": "primevul_53",
        "code": "static Image *ReadARTImage(const ImageInfo *image_info,ExceptionInfo *exception)\n{\n  const unsigned char\n    *pixels;\n  Image\n    *image;\n  QuantumInfo\n    *quantum_info;\n  QuantumType\n    quantum_type;\n  MagickBooleanType\n    status;\n  size_t\n    length;\n  ssize_t\n    count,\n    y;\n  assert(image_info != (const ImageInfo *) NULL);\n  assert(image_info->signature == MagickSignature);\n  if (image_info->debug != MagickFalse)\n  {\n    (void) LogMagickEvent(TraceEvent,GetMagickModule(),\"%s\",\n      image_info->filename);\n  }\n  assert(exception != (ExceptionInfo *) NULL);\n  assert(exception->signature == MagickSignature);\n  image=AcquireImage(image_info);\n  status=OpenBlob(image_info,image,ReadBinaryBlobMode,exception);\n  if (status == MagickFalse)\n  {\n    image=DestroyImageList(image);\n    return((Image *) NULL);\n  }\n  image->depth=1;\n  image->endian=MSBEndian;\n  (void) ReadBlobLSBShort(image);\n  image->columns=(size_t) ReadBlobLSBShort(image);\n  (void) ReadBlobLSBShort(image);\n  image->rows=(size_t) ReadBlobLSBShort(image);\n  if ((image->columns == 0) || (image->rows == 0))\n  {\n    ThrowReaderException(CorruptImageError,\"ImproperImageHeader\");\n  }\n  if (AcquireImageColormap(image,2) == MagickFalse)\n  {\n    ThrowReaderException(ResourceLimitError,\"MemoryAllocationFailed\");\n  }\n  if (image_info->ping != MagickFalse)\n  {\n    (void) CloseBlob(image);\n    return(GetFirstImageInList(image));\n  }\n  status=SetImageExtent(image,image->columns,image->rows);\n  if (status == MagickFalse)\n  {\n    InheritException(exception,&image->exception);\n    return(DestroyImageList(image));\n  }\n  SetImageColorspace(image,GRAYColorspace);\n  quantum_type=IndexQuantum;\n  quantum_info=AcquireQuantumInfo(image_info,image);\n  if (quantum_info == (QuantumInfo *) NULL)\n  {\n    ThrowReaderException(ResourceLimitError,\"MemoryAllocationFailed\");\n  }\n  length=GetQuantumExtent(image,quantum_info,quantum_type);\n  for (y=0; y < (ssize_t) image->rows; y++)\n  {\n    register PixelPacket\n      *magick_restrict q;\n    q=QueueAuthenticPixels(image,0,y,image->columns,1,exception);\n    if (q == (PixelPacket *) NULL)\n    {\n      break;\n    }\n    pixels=(const unsigned char *) ReadBlobStream(image,length,\n      GetQuantumPixels(quantum_info),&count);\n    if (count != (ssize_t) length)\n    {\n      ThrowReaderException(CorruptImageError,\"UnableToReadImageData\");\n    }\n    (void) ImportQuantumPixels(image,(CacheView *) NULL,quantum_info,\n      quantum_type,pixels,exception);\n    (void) ReadBlobStream(image,(size_t) (-(ssize_t) length) & 0x01,\n      GetQuantumPixels(quantum_info),&count);\n    if (SyncAuthenticPixels(image,exception) == MagickFalse)\n    {\n      break;\n    }\n    status=SetImageProgress(image,LoadImageTag,(MagickOffsetType) y,\n      image->rows);\n    if (status == MagickFalse)\n    {\n      break;\n    }\n  }\n  SetQuantumImageType(image,quantum_type);\n  quantum_info=DestroyQuantumInfo(quantum_info);\n  if (EOFBlob(image) != MagickFalse)\n  {\n    ThrowFileException(exception,CorruptImageError,\"UnexpectedEndOfFile\",\n      image->filename);\n  }\n  (void) CloseBlob(image);\n  return(GetFirstImageInList(image));\n}\n",
        "question": "How does modifying the control structure `break;` affect the behavior or output of `QueueAuthenticPixels`?",
        "choices": {
            "A": "The modification of `break;` directly impacts the execution of `QueueAuthenticPixels` because its entire operation is controlled by `break;` and located within `break;`.",
            "B": "Modifying `break;` has no impact on the behavior or output of `QueueAuthenticPixels`.",
            "C": "The change of break; indirectly affects the execution of `QueueAuthenticPixels`, as the modifications in `break;` influence the arguments or conditions within `QueueAuthenticPixels`.",
            "D": "It is not possible to determine the effect without additional context."
        },
        "answer": "B",
        "distance": 0
    },
    {
        "case_id": "primevul_53",
        "code": "static Image *ReadARTImage(const ImageInfo *image_info,ExceptionInfo *exception)\n{\n  const unsigned char\n    *pixels;\n  Image\n    *image;\n  QuantumInfo\n    *quantum_info;\n  QuantumType\n    quantum_type;\n  MagickBooleanType\n    status;\n  size_t\n    length;\n  ssize_t\n    count,\n    y;\n  assert(image_info != (const ImageInfo *) NULL);\n  assert(image_info->signature == MagickSignature);\n  if (image_info->debug != MagickFalse)\n  {\n    (void) LogMagickEvent(TraceEvent,GetMagickModule(),\"%s\",\n      image_info->filename);\n  }\n  assert(exception != (ExceptionInfo *) NULL);\n  assert(exception->signature == MagickSignature);\n  image=AcquireImage(image_info);\n  status=OpenBlob(image_info,image,ReadBinaryBlobMode,exception);\n  if (status == MagickFalse)\n  {\n    image=DestroyImageList(image);\n    return((Image *) NULL);\n  }\n  image->depth=1;\n  image->endian=MSBEndian;\n  (void) ReadBlobLSBShort(image);\n  image->columns=(size_t) ReadBlobLSBShort(image);\n  (void) ReadBlobLSBShort(image);\n  image->rows=(size_t) ReadBlobLSBShort(image);\n  if ((image->columns == 0) || (image->rows == 0))\n  {\n    ThrowReaderException(CorruptImageError,\"ImproperImageHeader\");\n  }\n  if (AcquireImageColormap(image,2) == MagickFalse)\n  {\n    ThrowReaderException(ResourceLimitError,\"MemoryAllocationFailed\");\n  }\n  if (image_info->ping != MagickFalse)\n  {\n    (void) CloseBlob(image);\n    return(GetFirstImageInList(image));\n  }\n  status=SetImageExtent(image,image->columns,image->rows);\n  if (status == MagickFalse)\n  {\n    InheritException(exception,&image->exception);\n    return(DestroyImageList(image));\n  }\n  SetImageColorspace(image,GRAYColorspace);\n  quantum_type=IndexQuantum;\n  quantum_info=AcquireQuantumInfo(image_info,image);\n  if (quantum_info == (QuantumInfo *) NULL)\n  {\n    ThrowReaderException(ResourceLimitError,\"MemoryAllocationFailed\");\n  }\n  length=GetQuantumExtent(image,quantum_info,quantum_type);\n  for (y=0; y < (ssize_t) image->rows; y++)\n  {\n    register PixelPacket\n      *magick_restrict q;\n    q=QueueAuthenticPixels(image,0,y,image->columns,1,exception);\n    if (q == (PixelPacket *) NULL)\n    {\n      break;\n    }\n    pixels=(const unsigned char *) ReadBlobStream(image,length,\n      GetQuantumPixels(quantum_info),&count);\n    if (count != (ssize_t) length)\n    {\n      ThrowReaderException(CorruptImageError,\"UnableToReadImageData\");\n    }\n    (void) ImportQuantumPixels(image,(CacheView *) NULL,quantum_info,\n      quantum_type,pixels,exception);\n    (void) ReadBlobStream(image,(size_t) (-(ssize_t) length) & 0x01,\n      GetQuantumPixels(quantum_info),&count);\n    if (SyncAuthenticPixels(image,exception) == MagickFalse)\n    {\n      break;\n    }\n    status=SetImageProgress(image,LoadImageTag,(MagickOffsetType) y,\n      image->rows);\n    if (status == MagickFalse)\n    {\n      break;\n    }\n  }\n  SetQuantumImageType(image,quantum_type);\n  quantum_info=DestroyQuantumInfo(quantum_info);\n  if (EOFBlob(image) != MagickFalse)\n  {\n    ThrowFileException(exception,CorruptImageError,\"UnexpectedEndOfFile\",\n      image->filename);\n  }\n  (void) CloseBlob(image);\n  return(GetFirstImageInList(image));\n}\n",
        "question": "How does modifying the control structure `break;` affect the behavior or output of `SetImageColorspace`?",
        "choices": {
            "A": "The modification of `break;` directly impacts the execution of `SetImageColorspace` because its entire operation is controlled by `break;` and located within `break;`.",
            "B": "Modifying `break;` has no impact on the behavior or output of `SetImageColorspace`.",
            "C": "The change of break; indirectly affects the execution of `SetImageColorspace`, as the modifications in `break;` influence the arguments or conditions within `SetImageColorspace`.",
            "D": "It is not possible to determine the effect without additional context."
        },
        "answer": "B",
        "distance": 0
    },
    {
        "case_id": "primevul_53",
        "code": "static Image *ReadARTImage(const ImageInfo *image_info,ExceptionInfo *exception)\n{\n  const unsigned char\n    *pixels;\n  Image\n    *image;\n  QuantumInfo\n    *quantum_info;\n  QuantumType\n    quantum_type;\n  MagickBooleanType\n    status;\n  size_t\n    length;\n  ssize_t\n    count,\n    y;\n  assert(image_info != (const ImageInfo *) NULL);\n  assert(image_info->signature == MagickSignature);\n  if (image_info->debug != MagickFalse)\n  {\n    (void) LogMagickEvent(TraceEvent,GetMagickModule(),\"%s\",\n      image_info->filename);\n  }\n  assert(exception != (ExceptionInfo *) NULL);\n  assert(exception->signature == MagickSignature);\n  image=AcquireImage(image_info);\n  status=OpenBlob(image_info,image,ReadBinaryBlobMode,exception);\n  if (status == MagickFalse)\n  {\n    image=DestroyImageList(image);\n    return((Image *) NULL);\n  }\n  image->depth=1;\n  image->endian=MSBEndian;\n  (void) ReadBlobLSBShort(image);\n  image->columns=(size_t) ReadBlobLSBShort(image);\n  (void) ReadBlobLSBShort(image);\n  image->rows=(size_t) ReadBlobLSBShort(image);\n  if ((image->columns == 0) || (image->rows == 0))\n  {\n    ThrowReaderException(CorruptImageError,\"ImproperImageHeader\");\n  }\n  if (AcquireImageColormap(image,2) == MagickFalse)\n  {\n    ThrowReaderException(ResourceLimitError,\"MemoryAllocationFailed\");\n  }\n  if (image_info->ping != MagickFalse)\n  {\n    (void) CloseBlob(image);\n    return(GetFirstImageInList(image));\n  }\n  status=SetImageExtent(image,image->columns,image->rows);\n  if (status == MagickFalse)\n  {\n    InheritException(exception,&image->exception);\n    return(DestroyImageList(image));\n  }\n  SetImageColorspace(image,GRAYColorspace);\n  quantum_type=IndexQuantum;\n  quantum_info=AcquireQuantumInfo(image_info,image);\n  if (quantum_info == (QuantumInfo *) NULL)\n  {\n    ThrowReaderException(ResourceLimitError,\"MemoryAllocationFailed\");\n  }\n  length=GetQuantumExtent(image,quantum_info,quantum_type);\n  for (y=0; y < (ssize_t) image->rows; y++)\n  {\n    register PixelPacket\n      *magick_restrict q;\n    q=QueueAuthenticPixels(image,0,y,image->columns,1,exception);\n    if (q == (PixelPacket *) NULL)\n    {\n      break;\n    }\n    pixels=(const unsigned char *) ReadBlobStream(image,length,\n      GetQuantumPixels(quantum_info),&count);\n    if (count != (ssize_t) length)\n    {\n      ThrowReaderException(CorruptImageError,\"UnableToReadImageData\");\n    }\n    (void) ImportQuantumPixels(image,(CacheView *) NULL,quantum_info,\n      quantum_type,pixels,exception);\n    (void) ReadBlobStream(image,(size_t) (-(ssize_t) length) & 0x01,\n      GetQuantumPixels(quantum_info),&count);\n    if (SyncAuthenticPixels(image,exception) == MagickFalse)\n    {\n      break;\n    }\n    status=SetImageProgress(image,LoadImageTag,(MagickOffsetType) y,\n      image->rows);\n    if (status == MagickFalse)\n    {\n      break;\n    }\n  }\n  SetQuantumImageType(image,quantum_type);\n  quantum_info=DestroyQuantumInfo(quantum_info);\n  if (EOFBlob(image) != MagickFalse)\n  {\n    ThrowFileException(exception,CorruptImageError,\"UnexpectedEndOfFile\",\n      image->filename);\n  }\n  (void) CloseBlob(image);\n  return(GetFirstImageInList(image));\n}\n",
        "question": "How does modifying the control structure `break;` affect the behavior or output of `InheritException`?",
        "choices": {
            "A": "The modification of `break;` directly impacts the execution of `InheritException` because its entire operation is controlled by `break;` and located within `break;`.",
            "B": "Modifying `break;` has no impact on the behavior or output of `InheritException`.",
            "C": "The change of break; indirectly affects the execution of `InheritException`, as the modifications in `break;` influence the arguments or conditions within `InheritException`.",
            "D": "It is not possible to determine the effect without additional context."
        },
        "answer": "B",
        "distance": 0
    },
    {
        "case_id": "primevul_53",
        "code": "static Image *ReadARTImage(const ImageInfo *image_info,ExceptionInfo *exception)\n{\n  const unsigned char\n    *pixels;\n  Image\n    *image;\n  QuantumInfo\n    *quantum_info;\n  QuantumType\n    quantum_type;\n  MagickBooleanType\n    status;\n  size_t\n    length;\n  ssize_t\n    count,\n    y;\n  assert(image_info != (const ImageInfo *) NULL);\n  assert(image_info->signature == MagickSignature);\n  if (image_info->debug != MagickFalse)\n  {\n    (void) LogMagickEvent(TraceEvent,GetMagickModule(),\"%s\",\n      image_info->filename);\n  }\n  assert(exception != (ExceptionInfo *) NULL);\n  assert(exception->signature == MagickSignature);\n  image=AcquireImage(image_info);\n  status=OpenBlob(image_info,image,ReadBinaryBlobMode,exception);\n  if (status == MagickFalse)\n  {\n    image=DestroyImageList(image);\n    return((Image *) NULL);\n  }\n  image->depth=1;\n  image->endian=MSBEndian;\n  (void) ReadBlobLSBShort(image);\n  image->columns=(size_t) ReadBlobLSBShort(image);\n  (void) ReadBlobLSBShort(image);\n  image->rows=(size_t) ReadBlobLSBShort(image);\n  if ((image->columns == 0) || (image->rows == 0))\n  {\n    ThrowReaderException(CorruptImageError,\"ImproperImageHeader\");\n  }\n  if (AcquireImageColormap(image,2) == MagickFalse)\n  {\n    ThrowReaderException(ResourceLimitError,\"MemoryAllocationFailed\");\n  }\n  if (image_info->ping != MagickFalse)\n  {\n    (void) CloseBlob(image);\n    return(GetFirstImageInList(image));\n  }\n  status=SetImageExtent(image,image->columns,image->rows);\n  if (status == MagickFalse)\n  {\n    InheritException(exception,&image->exception);\n    return(DestroyImageList(image));\n  }\n  SetImageColorspace(image,GRAYColorspace);\n  quantum_type=IndexQuantum;\n  quantum_info=AcquireQuantumInfo(image_info,image);\n  if (quantum_info == (QuantumInfo *) NULL)\n  {\n    ThrowReaderException(ResourceLimitError,\"MemoryAllocationFailed\");\n  }\n  length=GetQuantumExtent(image,quantum_info,quantum_type);\n  for (y=0; y < (ssize_t) image->rows; y++)\n  {\n    register PixelPacket\n      *magick_restrict q;\n    q=QueueAuthenticPixels(image,0,y,image->columns,1,exception);\n    if (q == (PixelPacket *) NULL)\n    {\n      break;\n    }\n    pixels=(const unsigned char *) ReadBlobStream(image,length,\n      GetQuantumPixels(quantum_info),&count);\n    if (count != (ssize_t) length)\n    {\n      ThrowReaderException(CorruptImageError,\"UnableToReadImageData\");\n    }\n    (void) ImportQuantumPixels(image,(CacheView *) NULL,quantum_info,\n      quantum_type,pixels,exception);\n    (void) ReadBlobStream(image,(size_t) (-(ssize_t) length) & 0x01,\n      GetQuantumPixels(quantum_info),&count);\n    if (SyncAuthenticPixels(image,exception) == MagickFalse)\n    {\n      break;\n    }\n    status=SetImageProgress(image,LoadImageTag,(MagickOffsetType) y,\n      image->rows);\n    if (status == MagickFalse)\n    {\n      break;\n    }\n  }\n  SetQuantumImageType(image,quantum_type);\n  quantum_info=DestroyQuantumInfo(quantum_info);\n  if (EOFBlob(image) != MagickFalse)\n  {\n    ThrowFileException(exception,CorruptImageError,\"UnexpectedEndOfFile\",\n      image->filename);\n  }\n  (void) CloseBlob(image);\n  return(GetFirstImageInList(image));\n}\n",
        "question": "How does modifying the control structure `break;` affect the behavior or output of `EOFBlob`?",
        "choices": {
            "A": "The modification of `break;` directly impacts the execution of `EOFBlob` because its entire operation is controlled by `break;` and located within `break;`.",
            "B": "Modifying `break;` has no impact on the behavior or output of `EOFBlob`.",
            "C": "The change of break; indirectly affects the execution of `EOFBlob`, as the modifications in `break;` influence the arguments or conditions within `EOFBlob`.",
            "D": "It is not possible to determine the effect without additional context."
        },
        "answer": "B",
        "distance": 0
    },
    {
        "case_id": "primevul_53",
        "code": "static Image *ReadARTImage(const ImageInfo *image_info,ExceptionInfo *exception)\n{\n  const unsigned char\n    *pixels;\n  Image\n    *image;\n  QuantumInfo\n    *quantum_info;\n  QuantumType\n    quantum_type;\n  MagickBooleanType\n    status;\n  size_t\n    length;\n  ssize_t\n    count,\n    y;\n  assert(image_info != (const ImageInfo *) NULL);\n  assert(image_info->signature == MagickSignature);\n  if (image_info->debug != MagickFalse)\n  {\n    (void) LogMagickEvent(TraceEvent,GetMagickModule(),\"%s\",\n      image_info->filename);\n  }\n  assert(exception != (ExceptionInfo *) NULL);\n  assert(exception->signature == MagickSignature);\n  image=AcquireImage(image_info);\n  status=OpenBlob(image_info,image,ReadBinaryBlobMode,exception);\n  if (status == MagickFalse)\n  {\n    image=DestroyImageList(image);\n    return((Image *) NULL);\n  }\n  image->depth=1;\n  image->endian=MSBEndian;\n  (void) ReadBlobLSBShort(image);\n  image->columns=(size_t) ReadBlobLSBShort(image);\n  (void) ReadBlobLSBShort(image);\n  image->rows=(size_t) ReadBlobLSBShort(image);\n  if ((image->columns == 0) || (image->rows == 0))\n  {\n    ThrowReaderException(CorruptImageError,\"ImproperImageHeader\");\n  }\n  if (AcquireImageColormap(image,2) == MagickFalse)\n  {\n    ThrowReaderException(ResourceLimitError,\"MemoryAllocationFailed\");\n  }\n  if (image_info->ping != MagickFalse)\n  {\n    (void) CloseBlob(image);\n    return(GetFirstImageInList(image));\n  }\n  status=SetImageExtent(image,image->columns,image->rows);\n  if (status == MagickFalse)\n  {\n    InheritException(exception,&image->exception);\n    return(DestroyImageList(image));\n  }\n  SetImageColorspace(image,GRAYColorspace);\n  quantum_type=IndexQuantum;\n  quantum_info=AcquireQuantumInfo(image_info,image);\n  if (quantum_info == (QuantumInfo *) NULL)\n  {\n    ThrowReaderException(ResourceLimitError,\"MemoryAllocationFailed\");\n  }\n  length=GetQuantumExtent(image,quantum_info,quantum_type);\n  for (y=0; y < (ssize_t) image->rows; y++)\n  {\n    register PixelPacket\n      *magick_restrict q;\n    q=QueueAuthenticPixels(image,0,y,image->columns,1,exception);\n    if (q == (PixelPacket *) NULL)\n    {\n      break;\n    }\n    pixels=(const unsigned char *) ReadBlobStream(image,length,\n      GetQuantumPixels(quantum_info),&count);\n    if (count != (ssize_t) length)\n    {\n      ThrowReaderException(CorruptImageError,\"UnableToReadImageData\");\n    }\n    (void) ImportQuantumPixels(image,(CacheView *) NULL,quantum_info,\n      quantum_type,pixels,exception);\n    (void) ReadBlobStream(image,(size_t) (-(ssize_t) length) & 0x01,\n      GetQuantumPixels(quantum_info),&count);\n    if (SyncAuthenticPixels(image,exception) == MagickFalse)\n    {\n      break;\n    }\n    status=SetImageProgress(image,LoadImageTag,(MagickOffsetType) y,\n      image->rows);\n    if (status == MagickFalse)\n    {\n      break;\n    }\n  }\n  SetQuantumImageType(image,quantum_type);\n  quantum_info=DestroyQuantumInfo(quantum_info);\n  if (EOFBlob(image) != MagickFalse)\n  {\n    ThrowFileException(exception,CorruptImageError,\"UnexpectedEndOfFile\",\n      image->filename);\n  }\n  (void) CloseBlob(image);\n  return(GetFirstImageInList(image));\n}\n",
        "question": "How does modifying the control structure `if (status == MagickFalse)` affect the behavior or output of `QueueAuthenticPixels`?",
        "choices": {
            "A": "The modification of `if (status == MagickFalse)` directly impacts the execution of `QueueAuthenticPixels` because its entire operation is controlled by `if (status == MagickFalse)` and located within `if (status == MagickFalse)`.",
            "B": "Modifying `if (status == MagickFalse)` has no impact on the behavior or output of `QueueAuthenticPixels`.",
            "C": "The change of if (status == MagickFalse) indirectly affects the execution of `QueueAuthenticPixels`, as the modifications in `if (status == MagickFalse)` influence the arguments or conditions within `QueueAuthenticPixels`.",
            "D": "It is not possible to determine the effect without additional context."
        },
        "answer": "C",
        "distance": 3
    },
    {
        "case_id": "primevul_53",
        "code": "static Image *ReadARTImage(const ImageInfo *image_info,ExceptionInfo *exception)\n{\n  const unsigned char\n    *pixels;\n  Image\n    *image;\n  QuantumInfo\n    *quantum_info;\n  QuantumType\n    quantum_type;\n  MagickBooleanType\n    status;\n  size_t\n    length;\n  ssize_t\n    count,\n    y;\n  assert(image_info != (const ImageInfo *) NULL);\n  assert(image_info->signature == MagickSignature);\n  if (image_info->debug != MagickFalse)\n  {\n    (void) LogMagickEvent(TraceEvent,GetMagickModule(),\"%s\",\n      image_info->filename);\n  }\n  assert(exception != (ExceptionInfo *) NULL);\n  assert(exception->signature == MagickSignature);\n  image=AcquireImage(image_info);\n  status=OpenBlob(image_info,image,ReadBinaryBlobMode,exception);\n  if (status == MagickFalse)\n  {\n    image=DestroyImageList(image);\n    return((Image *) NULL);\n  }\n  image->depth=1;\n  image->endian=MSBEndian;\n  (void) ReadBlobLSBShort(image);\n  image->columns=(size_t) ReadBlobLSBShort(image);\n  (void) ReadBlobLSBShort(image);\n  image->rows=(size_t) ReadBlobLSBShort(image);\n  if ((image->columns == 0) || (image->rows == 0))\n  {\n    ThrowReaderException(CorruptImageError,\"ImproperImageHeader\");\n  }\n  if (AcquireImageColormap(image,2) == MagickFalse)\n  {\n    ThrowReaderException(ResourceLimitError,\"MemoryAllocationFailed\");\n  }\n  if (image_info->ping != MagickFalse)\n  {\n    (void) CloseBlob(image);\n    return(GetFirstImageInList(image));\n  }\n  status=SetImageExtent(image,image->columns,image->rows);\n  if (status == MagickFalse)\n  {\n    InheritException(exception,&image->exception);\n    return(DestroyImageList(image));\n  }\n  SetImageColorspace(image,GRAYColorspace);\n  quantum_type=IndexQuantum;\n  quantum_info=AcquireQuantumInfo(image_info,image);\n  if (quantum_info == (QuantumInfo *) NULL)\n  {\n    ThrowReaderException(ResourceLimitError,\"MemoryAllocationFailed\");\n  }\n  length=GetQuantumExtent(image,quantum_info,quantum_type);\n  for (y=0; y < (ssize_t) image->rows; y++)\n  {\n    register PixelPacket\n      *magick_restrict q;\n    q=QueueAuthenticPixels(image,0,y,image->columns,1,exception);\n    if (q == (PixelPacket *) NULL)\n    {\n      break;\n    }\n    pixels=(const unsigned char *) ReadBlobStream(image,length,\n      GetQuantumPixels(quantum_info),&count);\n    if (count != (ssize_t) length)\n    {\n      ThrowReaderException(CorruptImageError,\"UnableToReadImageData\");\n    }\n    (void) ImportQuantumPixels(image,(CacheView *) NULL,quantum_info,\n      quantum_type,pixels,exception);\n    (void) ReadBlobStream(image,(size_t) (-(ssize_t) length) & 0x01,\n      GetQuantumPixels(quantum_info),&count);\n    if (SyncAuthenticPixels(image,exception) == MagickFalse)\n    {\n      break;\n    }\n    status=SetImageProgress(image,LoadImageTag,(MagickOffsetType) y,\n      image->rows);\n    if (status == MagickFalse)\n    {\n      break;\n    }\n  }\n  SetQuantumImageType(image,quantum_type);\n  quantum_info=DestroyQuantumInfo(quantum_info);\n  if (EOFBlob(image) != MagickFalse)\n  {\n    ThrowFileException(exception,CorruptImageError,\"UnexpectedEndOfFile\",\n      image->filename);\n  }\n  (void) CloseBlob(image);\n  return(GetFirstImageInList(image));\n}\n",
        "question": "How does modifying the control structure `for (y=0; y < (ssize_t) image->rows; y++)` affect the behavior or output of `SetQuantumImageType`?",
        "choices": {
            "A": "The modification of `for (y=0; y < (ssize_t) image->rows; y++)` directly impacts the execution of `SetQuantumImageType` because its entire operation is controlled by `for (y=0; y < (ssize_t) image->rows; y++)` and located within `for (y=0; y < (ssize_t) image->rows; y++)`.",
            "B": "Modifying `for (y=0; y < (ssize_t) image->rows; y++)` has no impact on the behavior or output of `SetQuantumImageType`.",
            "C": "The change of for (y=0; y < (ssize_t) image->rows; y++) indirectly affects the execution of `SetQuantumImageType`, as the modifications in `for (y=0; y < (ssize_t) image->rows; y++)` influence the arguments or conditions within `SetQuantumImageType`.",
            "D": "It is not possible to determine the effect without additional context."
        },
        "answer": "C",
        "distance": 3
    },
    {
        "case_id": "primevul_53",
        "code": "static Image *ReadARTImage(const ImageInfo *image_info,ExceptionInfo *exception)\n{\n  const unsigned char\n    *pixels;\n  Image\n    *image;\n  QuantumInfo\n    *quantum_info;\n  QuantumType\n    quantum_type;\n  MagickBooleanType\n    status;\n  size_t\n    length;\n  ssize_t\n    count,\n    y;\n  assert(image_info != (const ImageInfo *) NULL);\n  assert(image_info->signature == MagickSignature);\n  if (image_info->debug != MagickFalse)\n  {\n    (void) LogMagickEvent(TraceEvent,GetMagickModule(),\"%s\",\n      image_info->filename);\n  }\n  assert(exception != (ExceptionInfo *) NULL);\n  assert(exception->signature == MagickSignature);\n  image=AcquireImage(image_info);\n  status=OpenBlob(image_info,image,ReadBinaryBlobMode,exception);\n  if (status == MagickFalse)\n  {\n    image=DestroyImageList(image);\n    return((Image *) NULL);\n  }\n  image->depth=1;\n  image->endian=MSBEndian;\n  (void) ReadBlobLSBShort(image);\n  image->columns=(size_t) ReadBlobLSBShort(image);\n  (void) ReadBlobLSBShort(image);\n  image->rows=(size_t) ReadBlobLSBShort(image);\n  if ((image->columns == 0) || (image->rows == 0))\n  {\n    ThrowReaderException(CorruptImageError,\"ImproperImageHeader\");\n  }\n  if (AcquireImageColormap(image,2) == MagickFalse)\n  {\n    ThrowReaderException(ResourceLimitError,\"MemoryAllocationFailed\");\n  }\n  if (image_info->ping != MagickFalse)\n  {\n    (void) CloseBlob(image);\n    return(GetFirstImageInList(image));\n  }\n  status=SetImageExtent(image,image->columns,image->rows);\n  if (status == MagickFalse)\n  {\n    InheritException(exception,&image->exception);\n    return(DestroyImageList(image));\n  }\n  SetImageColorspace(image,GRAYColorspace);\n  quantum_type=IndexQuantum;\n  quantum_info=AcquireQuantumInfo(image_info,image);\n  if (quantum_info == (QuantumInfo *) NULL)\n  {\n    ThrowReaderException(ResourceLimitError,\"MemoryAllocationFailed\");\n  }\n  length=GetQuantumExtent(image,quantum_info,quantum_type);\n  for (y=0; y < (ssize_t) image->rows; y++)\n  {\n    register PixelPacket\n      *magick_restrict q;\n    q=QueueAuthenticPixels(image,0,y,image->columns,1,exception);\n    if (q == (PixelPacket *) NULL)\n    {\n      break;\n    }\n    pixels=(const unsigned char *) ReadBlobStream(image,length,\n      GetQuantumPixels(quantum_info),&count);\n    if (count != (ssize_t) length)\n    {\n      ThrowReaderException(CorruptImageError,\"UnableToReadImageData\");\n    }\n    (void) ImportQuantumPixels(image,(CacheView *) NULL,quantum_info,\n      quantum_type,pixels,exception);\n    (void) ReadBlobStream(image,(size_t) (-(ssize_t) length) & 0x01,\n      GetQuantumPixels(quantum_info),&count);\n    if (SyncAuthenticPixels(image,exception) == MagickFalse)\n    {\n      break;\n    }\n    status=SetImageProgress(image,LoadImageTag,(MagickOffsetType) y,\n      image->rows);\n    if (status == MagickFalse)\n    {\n      break;\n    }\n  }\n  SetQuantumImageType(image,quantum_type);\n  quantum_info=DestroyQuantumInfo(quantum_info);\n  if (EOFBlob(image) != MagickFalse)\n  {\n    ThrowFileException(exception,CorruptImageError,\"UnexpectedEndOfFile\",\n      image->filename);\n  }\n  (void) CloseBlob(image);\n  return(GetFirstImageInList(image));\n}\n",
        "question": "How does modifying the control structure `for (y=0; y < (ssize_t) image->rows; y++)` affect the behavior or output of `DestroyQuantumInfo`?",
        "choices": {
            "A": "The modification of `for (y=0; y < (ssize_t) image->rows; y++)` directly impacts the execution of `DestroyQuantumInfo` because its entire operation is controlled by `for (y=0; y < (ssize_t) image->rows; y++)` and located within `for (y=0; y < (ssize_t) image->rows; y++)`.",
            "B": "Modifying `for (y=0; y < (ssize_t) image->rows; y++)` has no impact on the behavior or output of `DestroyQuantumInfo`.",
            "C": "The change of for (y=0; y < (ssize_t) image->rows; y++) indirectly affects the execution of `DestroyQuantumInfo`, as the modifications in `for (y=0; y < (ssize_t) image->rows; y++)` influence the arguments or conditions within `DestroyQuantumInfo`.",
            "D": "It is not possible to determine the effect without additional context."
        },
        "answer": "C",
        "distance": 3
    },
    {
        "case_id": "primevul_53",
        "code": "static Image *ReadARTImage(const ImageInfo *image_info,ExceptionInfo *exception)\n{\n  const unsigned char\n    *pixels;\n  Image\n    *image;\n  QuantumInfo\n    *quantum_info;\n  QuantumType\n    quantum_type;\n  MagickBooleanType\n    status;\n  size_t\n    length;\n  ssize_t\n    count,\n    y;\n  assert(image_info != (const ImageInfo *) NULL);\n  assert(image_info->signature == MagickSignature);\n  if (image_info->debug != MagickFalse)\n  {\n    (void) LogMagickEvent(TraceEvent,GetMagickModule(),\"%s\",\n      image_info->filename);\n  }\n  assert(exception != (ExceptionInfo *) NULL);\n  assert(exception->signature == MagickSignature);\n  image=AcquireImage(image_info);\n  status=OpenBlob(image_info,image,ReadBinaryBlobMode,exception);\n  if (status == MagickFalse)\n  {\n    image=DestroyImageList(image);\n    return((Image *) NULL);\n  }\n  image->depth=1;\n  image->endian=MSBEndian;\n  (void) ReadBlobLSBShort(image);\n  image->columns=(size_t) ReadBlobLSBShort(image);\n  (void) ReadBlobLSBShort(image);\n  image->rows=(size_t) ReadBlobLSBShort(image);\n  if ((image->columns == 0) || (image->rows == 0))\n  {\n    ThrowReaderException(CorruptImageError,\"ImproperImageHeader\");\n  }\n  if (AcquireImageColormap(image,2) == MagickFalse)\n  {\n    ThrowReaderException(ResourceLimitError,\"MemoryAllocationFailed\");\n  }\n  if (image_info->ping != MagickFalse)\n  {\n    (void) CloseBlob(image);\n    return(GetFirstImageInList(image));\n  }\n  status=SetImageExtent(image,image->columns,image->rows);\n  if (status == MagickFalse)\n  {\n    InheritException(exception,&image->exception);\n    return(DestroyImageList(image));\n  }\n  SetImageColorspace(image,GRAYColorspace);\n  quantum_type=IndexQuantum;\n  quantum_info=AcquireQuantumInfo(image_info,image);\n  if (quantum_info == (QuantumInfo *) NULL)\n  {\n    ThrowReaderException(ResourceLimitError,\"MemoryAllocationFailed\");\n  }\n  length=GetQuantumExtent(image,quantum_info,quantum_type);\n  for (y=0; y < (ssize_t) image->rows; y++)\n  {\n    register PixelPacket\n      *magick_restrict q;\n    q=QueueAuthenticPixels(image,0,y,image->columns,1,exception);\n    if (q == (PixelPacket *) NULL)\n    {\n      break;\n    }\n    pixels=(const unsigned char *) ReadBlobStream(image,length,\n      GetQuantumPixels(quantum_info),&count);\n    if (count != (ssize_t) length)\n    {\n      ThrowReaderException(CorruptImageError,\"UnableToReadImageData\");\n    }\n    (void) ImportQuantumPixels(image,(CacheView *) NULL,quantum_info,\n      quantum_type,pixels,exception);\n    (void) ReadBlobStream(image,(size_t) (-(ssize_t) length) & 0x01,\n      GetQuantumPixels(quantum_info),&count);\n    if (SyncAuthenticPixels(image,exception) == MagickFalse)\n    {\n      break;\n    }\n    status=SetImageProgress(image,LoadImageTag,(MagickOffsetType) y,\n      image->rows);\n    if (status == MagickFalse)\n    {\n      break;\n    }\n  }\n  SetQuantumImageType(image,quantum_type);\n  quantum_info=DestroyQuantumInfo(quantum_info);\n  if (EOFBlob(image) != MagickFalse)\n  {\n    ThrowFileException(exception,CorruptImageError,\"UnexpectedEndOfFile\",\n      image->filename);\n  }\n  (void) CloseBlob(image);\n  return(GetFirstImageInList(image));\n}\n",
        "question": "How does modifying the control structure `if (image_info->ping != MagickFalse)` affect the behavior or output of `QueueAuthenticPixels`?",
        "choices": {
            "A": "The modification of `if (image_info->ping != MagickFalse)` directly impacts the execution of `QueueAuthenticPixels` because its entire operation is controlled by `if (image_info->ping != MagickFalse)` and located within `if (image_info->ping != MagickFalse)`.",
            "B": "Modifying `if (image_info->ping != MagickFalse)` has no impact on the behavior or output of `QueueAuthenticPixels`.",
            "C": "The change of if (image_info->ping != MagickFalse) indirectly affects the execution of `QueueAuthenticPixels`, as the modifications in `if (image_info->ping != MagickFalse)` influence the arguments or conditions within `QueueAuthenticPixels`.",
            "D": "It is not possible to determine the effect without additional context."
        },
        "answer": "C",
        "distance": 3
    }
]