[
    {
        "case_id": "primevul_54",
        "code": "PHPAPI char *php_escape_shell_arg(char *str)\n{\n\tint x, y = 0, l = strlen(str);\n\tchar *cmd;\n\tsize_t estimate = (4 * l) + 3;\n\tTSRMLS_FETCH();\n\tcmd = safe_emalloc(4, l, 3);\n\n#ifdef PHP_WIN32\n\tcmd[y++] = '\"';\n#else\n\tcmd[y++] = '\\'';\n#endif\n\n\tfor (x = 0; x < l; x++)\n\t{\n\t\tint mb_len = php_mblen(str + x, (l - x));\n\t\tif (mb_len < 0)\n\t\t{\n\t\t\tcontinue;\n\t\t}\n\t\telse if (mb_len > 1)\n\t\t{\n\t\t\tmemcpy(cmd + y, str + x, mb_len);\n\t\t\ty += mb_len;\n\t\t\tx += mb_len - 1;\n\t\t\tcontinue;\n\t\t}\n\t\tswitch (str[x])\n\t\t{\n#ifdef PHP_WIN32\n\t\tcase '\"':\n\t\tcase '%':\n\t\t\tcmd[y++] = ' ';\n\t\t\tbreak;\n#else\n\t\tcase '\\'':\n\t\t\tcmd[y++] = '\\'';\n\t\t\tcmd[y++] = '\\\\';\n\t\t\tcmd[y++] = '\\'';\n#endif\n\t\tdefault:\n\t\t\tcmd[y++] = str[x];\n\t\t}\n\t}\n\n#ifdef PHP_WIN32\n\tcmd[y++] = '\"';\n#else\n\tcmd[y++] = '\\'';\n#endif\n\n\treturn cmd;\n}\n",
        "question": "How does modifying the control structure `for (x = 0; x < l; x++)` affect the behavior or output of `php_mblen`?",
        "choices": {
            "A": "The modification of `for (x = 0; x < l; x++)` directly impacts the execution of `php_mblen` because its entire operation is controlled by `for (x = 0; x < l; x++)` and located within `for (x = 0; x < l; x++)`.",
            "B": "Modifying `for (x = 0; x < l; x++)` has no impact on the behavior or output of `php_mblen`.",
            "C": "The change of for (x = 0; x < l; x++) indirectly affects the execution of `php_mblen`, as the modifications in `for (x = 0; x < l; x++)` influence the arguments or conditions within `php_mblen`.",
            "D": "It is not possible to determine the effect without additional context."
        },
        "answer": "A",
        "distance": 1
    },
    {
        "case_id": "primevul_54",
        "code": "PHPAPI char *php_escape_shell_arg(char *str)\n{\n\tint x, y = 0, l = strlen(str);\n\tchar *cmd;\n\tsize_t estimate = (4 * l) + 3;\n\tTSRMLS_FETCH();\n\tcmd = safe_emalloc(4, l, 3);\n\n#ifdef PHP_WIN32\n\tcmd[y++] = '\"';\n#else\n\tcmd[y++] = '\\'';\n#endif\n\n\tfor (x = 0; x < l; x++)\n\t{\n\t\tint mb_len = php_mblen(str + x, (l - x));\n\t\tif (mb_len < 0)\n\t\t{\n\t\t\tcontinue;\n\t\t}\n\t\telse if (mb_len > 1)\n\t\t{\n\t\t\tmemcpy(cmd + y, str + x, mb_len);\n\t\t\ty += mb_len;\n\t\t\tx += mb_len - 1;\n\t\t\tcontinue;\n\t\t}\n\t\tswitch (str[x])\n\t\t{\n#ifdef PHP_WIN32\n\t\tcase '\"':\n\t\tcase '%':\n\t\t\tcmd[y++] = ' ';\n\t\t\tbreak;\n#else\n\t\tcase '\\'':\n\t\t\tcmd[y++] = '\\'';\n\t\t\tcmd[y++] = '\\\\';\n\t\t\tcmd[y++] = '\\'';\n#endif\n\t\tdefault:\n\t\t\tcmd[y++] = str[x];\n\t\t}\n\t}\n\n#ifdef PHP_WIN32\n\tcmd[y++] = '\"';\n#else\n\tcmd[y++] = '\\'';\n#endif\n\n\treturn cmd;\n}\n",
        "question": "How does modifying the control structure `for (x = 0; x < l; x++)` affect the behavior or output of `memcpy`?",
        "choices": {
            "A": "The modification of `for (x = 0; x < l; x++)` directly impacts the execution of `memcpy` because its entire operation is controlled by `for (x = 0; x < l; x++)` and located within `for (x = 0; x < l; x++)`.",
            "B": "Modifying `for (x = 0; x < l; x++)` has no impact on the behavior or output of `memcpy`.",
            "C": "The change of for (x = 0; x < l; x++) indirectly affects the execution of `memcpy`, as the modifications in `for (x = 0; x < l; x++)` influence the arguments or conditions within `memcpy`.",
            "D": "It is not possible to determine the effect without additional context."
        },
        "answer": "A",
        "distance": 1
    },
    {
        "case_id": "primevul_54",
        "code": "PHPAPI char *php_escape_shell_arg(char *str)\n{\n\tint x, y = 0, l = strlen(str);\n\tchar *cmd;\n\tsize_t estimate = (4 * l) + 3;\n\tTSRMLS_FETCH();\n\tcmd = safe_emalloc(4, l, 3);\n\n#ifdef PHP_WIN32\n\tcmd[y++] = '\"';\n#else\n\tcmd[y++] = '\\'';\n#endif\n\n\tfor (x = 0; x < l; x++)\n\t{\n\t\tint mb_len = php_mblen(str + x, (l - x));\n\t\tif (mb_len < 0)\n\t\t{\n\t\t\tcontinue;\n\t\t}\n\t\telse if (mb_len > 1)\n\t\t{\n\t\t\tmemcpy(cmd + y, str + x, mb_len);\n\t\t\ty += mb_len;\n\t\t\tx += mb_len - 1;\n\t\t\tcontinue;\n\t\t}\n\t\tswitch (str[x])\n\t\t{\n#ifdef PHP_WIN32\n\t\tcase '\"':\n\t\tcase '%':\n\t\t\tcmd[y++] = ' ';\n\t\t\tbreak;\n#else\n\t\tcase '\\'':\n\t\t\tcmd[y++] = '\\'';\n\t\t\tcmd[y++] = '\\\\';\n\t\t\tcmd[y++] = '\\'';\n#endif\n\t\tdefault:\n\t\t\tcmd[y++] = str[x];\n\t\t}\n\t}\n\n#ifdef PHP_WIN32\n\tcmd[y++] = '\"';\n#else\n\tcmd[y++] = '\\'';\n#endif\n\n\treturn cmd;\n}\n",
        "question": "How does modifying the control structure `for (x = 0; x < l; x++)` affect the behavior or output of `strlen`?",
        "choices": {
            "A": "The modification of `for (x = 0; x < l; x++)` directly impacts the execution of `strlen` because its entire operation is controlled by `for (x = 0; x < l; x++)` and located within `for (x = 0; x < l; x++)`.",
            "B": "Modifying `for (x = 0; x < l; x++)` has no impact on the behavior or output of `strlen`.",
            "C": "The change of for (x = 0; x < l; x++) indirectly affects the execution of `strlen`, as the modifications in `for (x = 0; x < l; x++)` influence the arguments or conditions within `strlen`.",
            "D": "It is not possible to determine the effect without additional context."
        },
        "answer": "B",
        "distance": 0
    },
    {
        "case_id": "primevul_54",
        "code": "PHPAPI char *php_escape_shell_arg(char *str)\n{\n\tint x, y = 0, l = strlen(str);\n\tchar *cmd;\n\tsize_t estimate = (4 * l) + 3;\n\tTSRMLS_FETCH();\n\tcmd = safe_emalloc(4, l, 3);\n\n#ifdef PHP_WIN32\n\tcmd[y++] = '\"';\n#else\n\tcmd[y++] = '\\'';\n#endif\n\n\tfor (x = 0; x < l; x++)\n\t{\n\t\tint mb_len = php_mblen(str + x, (l - x));\n\t\tif (mb_len < 0)\n\t\t{\n\t\t\tcontinue;\n\t\t}\n\t\telse if (mb_len > 1)\n\t\t{\n\t\t\tmemcpy(cmd + y, str + x, mb_len);\n\t\t\ty += mb_len;\n\t\t\tx += mb_len - 1;\n\t\t\tcontinue;\n\t\t}\n\t\tswitch (str[x])\n\t\t{\n#ifdef PHP_WIN32\n\t\tcase '\"':\n\t\tcase '%':\n\t\t\tcmd[y++] = ' ';\n\t\t\tbreak;\n#else\n\t\tcase '\\'':\n\t\t\tcmd[y++] = '\\'';\n\t\t\tcmd[y++] = '\\\\';\n\t\t\tcmd[y++] = '\\'';\n#endif\n\t\tdefault:\n\t\t\tcmd[y++] = str[x];\n\t\t}\n\t}\n\n#ifdef PHP_WIN32\n\tcmd[y++] = '\"';\n#else\n\tcmd[y++] = '\\'';\n#endif\n\n\treturn cmd;\n}\n",
        "question": "How does modifying the control structure `for (x = 0; x < l; x++)` affect the behavior or output of `safe_emalloc`?",
        "choices": {
            "A": "The modification of `for (x = 0; x < l; x++)` directly impacts the execution of `safe_emalloc` because its entire operation is controlled by `for (x = 0; x < l; x++)` and located within `for (x = 0; x < l; x++)`.",
            "B": "Modifying `for (x = 0; x < l; x++)` has no impact on the behavior or output of `safe_emalloc`.",
            "C": "The change of for (x = 0; x < l; x++) indirectly affects the execution of `safe_emalloc`, as the modifications in `for (x = 0; x < l; x++)` influence the arguments or conditions within `safe_emalloc`.",
            "D": "It is not possible to determine the effect without additional context."
        },
        "answer": "B",
        "distance": 0
    },
    {
        "case_id": "primevul_54",
        "code": "PHPAPI char *php_escape_shell_arg(char *str)\n{\n\tint x, y = 0, l = strlen(str);\n\tchar *cmd;\n\tsize_t estimate = (4 * l) + 3;\n\tTSRMLS_FETCH();\n\tcmd = safe_emalloc(4, l, 3);\n\n#ifdef PHP_WIN32\n\tcmd[y++] = '\"';\n#else\n\tcmd[y++] = '\\'';\n#endif\n\n\tfor (x = 0; x < l; x++)\n\t{\n\t\tint mb_len = php_mblen(str + x, (l - x));\n\t\tif (mb_len < 0)\n\t\t{\n\t\t\tcontinue;\n\t\t}\n\t\telse if (mb_len > 1)\n\t\t{\n\t\t\tmemcpy(cmd + y, str + x, mb_len);\n\t\t\ty += mb_len;\n\t\t\tx += mb_len - 1;\n\t\t\tcontinue;\n\t\t}\n\t\tswitch (str[x])\n\t\t{\n#ifdef PHP_WIN32\n\t\tcase '\"':\n\t\tcase '%':\n\t\t\tcmd[y++] = ' ';\n\t\t\tbreak;\n#else\n\t\tcase '\\'':\n\t\t\tcmd[y++] = '\\'';\n\t\t\tcmd[y++] = '\\\\';\n\t\t\tcmd[y++] = '\\'';\n#endif\n\t\tdefault:\n\t\t\tcmd[y++] = str[x];\n\t\t}\n\t}\n\n#ifdef PHP_WIN32\n\tcmd[y++] = '\"';\n#else\n\tcmd[y++] = '\\'';\n#endif\n\n\treturn cmd;\n}\n",
        "question": "How does modifying the control structure `for (x = 0; x < l; x++)` affect the behavior or output of `TSRMLS_FETCH`?",
        "choices": {
            "A": "The modification of `for (x = 0; x < l; x++)` directly impacts the execution of `TSRMLS_FETCH` because its entire operation is controlled by `for (x = 0; x < l; x++)` and located within `for (x = 0; x < l; x++)`.",
            "B": "Modifying `for (x = 0; x < l; x++)` has no impact on the behavior or output of `TSRMLS_FETCH`.",
            "C": "The change of for (x = 0; x < l; x++) indirectly affects the execution of `TSRMLS_FETCH`, as the modifications in `for (x = 0; x < l; x++)` influence the arguments or conditions within `TSRMLS_FETCH`.",
            "D": "It is not possible to determine the effect without additional context."
        },
        "answer": "B",
        "distance": 0
    },
    {
        "case_id": "primevul_54",
        "code": "PHPAPI char *php_escape_shell_arg(char *str)\n{\n\tint x, y = 0, l = strlen(str);\n\tchar *cmd;\n\tsize_t estimate = (4 * l) + 3;\n\tTSRMLS_FETCH();\n\tcmd = safe_emalloc(4, l, 3);\n\n#ifdef PHP_WIN32\n\tcmd[y++] = '\"';\n#else\n\tcmd[y++] = '\\'';\n#endif\n\n\tfor (x = 0; x < l; x++)\n\t{\n\t\tint mb_len = php_mblen(str + x, (l - x));\n\t\tif (mb_len < 0)\n\t\t{\n\t\t\tcontinue;\n\t\t}\n\t\telse if (mb_len > 1)\n\t\t{\n\t\t\tmemcpy(cmd + y, str + x, mb_len);\n\t\t\ty += mb_len;\n\t\t\tx += mb_len - 1;\n\t\t\tcontinue;\n\t\t}\n\t\tswitch (str[x])\n\t\t{\n#ifdef PHP_WIN32\n\t\tcase '\"':\n\t\tcase '%':\n\t\t\tcmd[y++] = ' ';\n\t\t\tbreak;\n#else\n\t\tcase '\\'':\n\t\t\tcmd[y++] = '\\'';\n\t\t\tcmd[y++] = '\\\\';\n\t\t\tcmd[y++] = '\\'';\n#endif\n\t\tdefault:\n\t\t\tcmd[y++] = str[x];\n\t\t}\n\t}\n\n#ifdef PHP_WIN32\n\tcmd[y++] = '\"';\n#else\n\tcmd[y++] = '\\'';\n#endif\n\n\treturn cmd;\n}\n",
        "question": "How does modifying the control structure `else if (mb_len > 1)` affect the behavior or output of `strlen`?",
        "choices": {
            "A": "The modification of `else if (mb_len > 1)` directly impacts the execution of `strlen` because its entire operation is controlled by `else if (mb_len > 1)` and located within `else if (mb_len > 1)`.",
            "B": "Modifying `else if (mb_len > 1)` has no impact on the behavior or output of `strlen`.",
            "C": "The change of else if (mb_len > 1) indirectly affects the execution of `strlen`, as the modifications in `else if (mb_len > 1)` influence the arguments or conditions within `strlen`.",
            "D": "It is not possible to determine the effect without additional context."
        },
        "answer": "B",
        "distance": 0
    }
]