[
    {
        "case_id": "primevul_22",
        "code": "int ASN1_item_verify(const ASN1_ITEM *it, X509_ALGOR *a, ASN1_BIT_STRING *signature, void *asn, EVP_PKEY *pkey)\n{\n    EVP_MD_CTX ctx;\n    const EVP_MD *type = NULL;\n    unsigned char *buf_in = NULL;\n    int ret = -1, inl;\n    int mdnid, pknid;\n    EVP_MD_CTX_init(&ctx);\n    if (type == NULL)\n    {\n        ASN1err(ASN1_F_ASN1_ITEM_VERIFY, ASN1_R_UNKNOWN_MESSAGE_DIGEST_ALGORITHM);\n        goto err;\n    }\n    if (EVP_PKEY_type(pknid) != pkey->ameth->pkey_id)\n    {\n        ASN1err(ASN1_F_ASN1_ITEM_VERIFY, ASN1_R_WRONG_PUBLIC_KEY_TYPE);\n        goto err;\n    }\n    if (!EVP_VerifyInit_ex(&ctx, type, NULL))\n    {\n        ASN1err(ASN1_F_ASN1_ITEM_VERIFY, ERR_R_EVP_LIB);\n        ret = 0;\n        goto err;\n    }\n    inl = ASN1_item_i2d(asn, &buf_in, it);\n    if (buf_in == NULL)\n    {\n        ASN1err(ASN1_F_ASN1_ITEM_VERIFY, ERR_R_MALLOC_FAILURE);\n        goto err;\n    }\n    EVP_VerifyUpdate(&ctx, (unsigned char *)buf_in, inl);\n    OPENSSL_cleanse(buf_in, (unsigned int)inl);\n    OPENSSL_free(buf_in);\n    if (EVP_VerifyFinal(&ctx, (unsigned char *)signature->data, (unsigned int)signature->length, pkey) <= 0)\n    {\n        ASN1err(ASN1_F_ASN1_ITEM_VERIFY, ERR_R_EVP_LIB);\n        ret = 0;\n        goto err;\n    }\n    ret = 1;\nerr:\n    EVP_MD_CTX_cleanup(&ctx);\n    return (ret);\n}\n",
        "question": "How does modifying the control structure `if (buf_in == NULL)` affect the behavior or output of `EVP_MD_CTX_cleanup`?",
        "choices": {
            "A": "The modification of `if (buf_in == NULL)` directly impacts the execution of `EVP_MD_CTX_cleanup` because its entire operation is controlled by `if (buf_in == NULL)` and located within `if (buf_in == NULL)`.",
            "B": "Modifying `if (buf_in == NULL)` has no impact on the behavior or output of `EVP_MD_CTX_cleanup`.",
            "C": "The change of if (buf_in == NULL) indirectly affects the execution of `EVP_MD_CTX_cleanup`, as the modifications in `if (buf_in == NULL)` influence the arguments or conditions within `EVP_MD_CTX_cleanup`.",
            "D": "It is not possible to determine the effect without additional context."
        },
        "answer": "B",
        "distance": 0
    },
    {
        "case_id": "primevul_22",
        "code": "int ASN1_item_verify(const ASN1_ITEM *it, X509_ALGOR *a, ASN1_BIT_STRING *signature, void *asn, EVP_PKEY *pkey)\n{\n    EVP_MD_CTX ctx;\n    const EVP_MD *type = NULL;\n    unsigned char *buf_in = NULL;\n    int ret = -1, inl;\n    int mdnid, pknid;\n    EVP_MD_CTX_init(&ctx);\n    if (type == NULL)\n    {\n        ASN1err(ASN1_F_ASN1_ITEM_VERIFY, ASN1_R_UNKNOWN_MESSAGE_DIGEST_ALGORITHM);\n        goto err;\n    }\n    if (EVP_PKEY_type(pknid) != pkey->ameth->pkey_id)\n    {\n        ASN1err(ASN1_F_ASN1_ITEM_VERIFY, ASN1_R_WRONG_PUBLIC_KEY_TYPE);\n        goto err;\n    }\n    if (!EVP_VerifyInit_ex(&ctx, type, NULL))\n    {\n        ASN1err(ASN1_F_ASN1_ITEM_VERIFY, ERR_R_EVP_LIB);\n        ret = 0;\n        goto err;\n    }\n    inl = ASN1_item_i2d(asn, &buf_in, it);\n    if (buf_in == NULL)\n    {\n        ASN1err(ASN1_F_ASN1_ITEM_VERIFY, ERR_R_MALLOC_FAILURE);\n        goto err;\n    }\n    EVP_VerifyUpdate(&ctx, (unsigned char *)buf_in, inl);\n    OPENSSL_cleanse(buf_in, (unsigned int)inl);\n    OPENSSL_free(buf_in);\n    if (EVP_VerifyFinal(&ctx, (unsigned char *)signature->data, (unsigned int)signature->length, pkey) <= 0)\n    {\n        ASN1err(ASN1_F_ASN1_ITEM_VERIFY, ERR_R_EVP_LIB);\n        ret = 0;\n        goto err;\n    }\n    ret = 1;\nerr:\n    EVP_MD_CTX_cleanup(&ctx);\n    return (ret);\n}\n",
        "question": "How does modifying the control structure `if (buf_in == NULL)` affect the behavior or output of `EVP_MD_CTX_init`?",
        "choices": {
            "A": "The modification of `if (buf_in == NULL)` directly impacts the execution of `EVP_MD_CTX_init` because its entire operation is controlled by `if (buf_in == NULL)` and located within `if (buf_in == NULL)`.",
            "B": "Modifying `if (buf_in == NULL)` has no impact on the behavior or output of `EVP_MD_CTX_init`.",
            "C": "The change of if (buf_in == NULL) indirectly affects the execution of `EVP_MD_CTX_init`, as the modifications in `if (buf_in == NULL)` influence the arguments or conditions within `EVP_MD_CTX_init`.",
            "D": "It is not possible to determine the effect without additional context."
        },
        "answer": "B",
        "distance": 0
    },
    {
        "case_id": "primevul_22",
        "code": "int ASN1_item_verify(const ASN1_ITEM *it, X509_ALGOR *a, ASN1_BIT_STRING *signature, void *asn, EVP_PKEY *pkey)\n{\n    EVP_MD_CTX ctx;\n    const EVP_MD *type = NULL;\n    unsigned char *buf_in = NULL;\n    int ret = -1, inl;\n    int mdnid, pknid;\n    EVP_MD_CTX_init(&ctx);\n    if (type == NULL)\n    {\n        ASN1err(ASN1_F_ASN1_ITEM_VERIFY, ASN1_R_UNKNOWN_MESSAGE_DIGEST_ALGORITHM);\n        goto err;\n    }\n    if (EVP_PKEY_type(pknid) != pkey->ameth->pkey_id)\n    {\n        ASN1err(ASN1_F_ASN1_ITEM_VERIFY, ASN1_R_WRONG_PUBLIC_KEY_TYPE);\n        goto err;\n    }\n    if (!EVP_VerifyInit_ex(&ctx, type, NULL))\n    {\n        ASN1err(ASN1_F_ASN1_ITEM_VERIFY, ERR_R_EVP_LIB);\n        ret = 0;\n        goto err;\n    }\n    inl = ASN1_item_i2d(asn, &buf_in, it);\n    if (buf_in == NULL)\n    {\n        ASN1err(ASN1_F_ASN1_ITEM_VERIFY, ERR_R_MALLOC_FAILURE);\n        goto err;\n    }\n    EVP_VerifyUpdate(&ctx, (unsigned char *)buf_in, inl);\n    OPENSSL_cleanse(buf_in, (unsigned int)inl);\n    OPENSSL_free(buf_in);\n    if (EVP_VerifyFinal(&ctx, (unsigned char *)signature->data, (unsigned int)signature->length, pkey) <= 0)\n    {\n        ASN1err(ASN1_F_ASN1_ITEM_VERIFY, ERR_R_EVP_LIB);\n        ret = 0;\n        goto err;\n    }\n    ret = 1;\nerr:\n    EVP_MD_CTX_cleanup(&ctx);\n    return (ret);\n}\n",
        "question": "How does modifying the control structure `if (buf_in == NULL)` affect the behavior or output of `OPENSSL_cleanse`?",
        "choices": {
            "A": "The modification of `if (buf_in == NULL)` directly impacts the execution of `OPENSSL_cleanse` because its entire operation is controlled by `if (buf_in == NULL)` and located within `if (buf_in == NULL)`.",
            "B": "Modifying `if (buf_in == NULL)` has no impact on the behavior or output of `OPENSSL_cleanse`.",
            "C": "The change of if (buf_in == NULL) indirectly affects the execution of `OPENSSL_cleanse`, as the modifications in `if (buf_in == NULL)` influence the arguments or conditions within `OPENSSL_cleanse`.",
            "D": "It is not possible to determine the effect without additional context."
        },
        "answer": "B",
        "distance": 0
    },
    {
        "case_id": "primevul_22",
        "code": "int ASN1_item_verify(const ASN1_ITEM *it, X509_ALGOR *a, ASN1_BIT_STRING *signature, void *asn, EVP_PKEY *pkey)\n{\n    EVP_MD_CTX ctx;\n    const EVP_MD *type = NULL;\n    unsigned char *buf_in = NULL;\n    int ret = -1, inl;\n    int mdnid, pknid;\n    EVP_MD_CTX_init(&ctx);\n    if (type == NULL)\n    {\n        ASN1err(ASN1_F_ASN1_ITEM_VERIFY, ASN1_R_UNKNOWN_MESSAGE_DIGEST_ALGORITHM);\n        goto err;\n    }\n    if (EVP_PKEY_type(pknid) != pkey->ameth->pkey_id)\n    {\n        ASN1err(ASN1_F_ASN1_ITEM_VERIFY, ASN1_R_WRONG_PUBLIC_KEY_TYPE);\n        goto err;\n    }\n    if (!EVP_VerifyInit_ex(&ctx, type, NULL))\n    {\n        ASN1err(ASN1_F_ASN1_ITEM_VERIFY, ERR_R_EVP_LIB);\n        ret = 0;\n        goto err;\n    }\n    inl = ASN1_item_i2d(asn, &buf_in, it);\n    if (buf_in == NULL)\n    {\n        ASN1err(ASN1_F_ASN1_ITEM_VERIFY, ERR_R_MALLOC_FAILURE);\n        goto err;\n    }\n    EVP_VerifyUpdate(&ctx, (unsigned char *)buf_in, inl);\n    OPENSSL_cleanse(buf_in, (unsigned int)inl);\n    OPENSSL_free(buf_in);\n    if (EVP_VerifyFinal(&ctx, (unsigned char *)signature->data, (unsigned int)signature->length, pkey) <= 0)\n    {\n        ASN1err(ASN1_F_ASN1_ITEM_VERIFY, ERR_R_EVP_LIB);\n        ret = 0;\n        goto err;\n    }\n    ret = 1;\nerr:\n    EVP_MD_CTX_cleanup(&ctx);\n    return (ret);\n}\n",
        "question": "How does modifying the control structure `if (buf_in == NULL)` affect the behavior or output of `EVP_VerifyUpdate`?",
        "choices": {
            "A": "The modification of `if (buf_in == NULL)` directly impacts the execution of `EVP_VerifyUpdate` because its entire operation is controlled by `if (buf_in == NULL)` and located within `if (buf_in == NULL)`.",
            "B": "Modifying `if (buf_in == NULL)` has no impact on the behavior or output of `EVP_VerifyUpdate`.",
            "C": "The change of if (buf_in == NULL) indirectly affects the execution of `EVP_VerifyUpdate`, as the modifications in `if (buf_in == NULL)` influence the arguments or conditions within `EVP_VerifyUpdate`.",
            "D": "It is not possible to determine the effect without additional context."
        },
        "answer": "B",
        "distance": 0
    }
]