[
    {
        "case_id": "primevul_43",
        "code": "MagickExport Image *CloneImage(const Image *image,const size_t columns,const size_t rows,const MagickBooleanType detach,ExceptionInfo *exception)\n{\n  double\n    scale;\n  Image\n    *clone_image;\n  size_t\n    length;\n  assert(image != (const Image *) NULL);\n  assert(image->signature == MagickSignature);\n  if (image->debug != MagickFalse)\n  {\n    (void) LogMagickEvent(TraceEvent,GetMagickModule(),\"%s\",image->filename);\n  }\n  assert(exception != (ExceptionInfo *) NULL);\n  assert(exception->signature == MagickSignature);\n  if ((image->columns == 0) || (image->rows == 0))\n  {\n    (void) ThrowMagickException(exception,GetMagickModule(),CorruptImageError,\"NegativeOrZeroImageSize\",\"`%s'\",image->filename);\n    return((Image *) NULL);\n  }\n  clone_image=(Image *) AcquireMagickMemory(sizeof(*clone_image));\n  if (clone_image == (Image *) NULL)\n  {\n    ThrowImageException(ResourceLimitError,\"MemoryAllocationFailed\");\n  }\n  (void) ResetMagickMemory(clone_image,0,sizeof(*clone_image));\n  clone_image->signature=MagickSignature;\n  clone_image->storage_class=image->storage_class;\n  clone_image->channels=image->channels;\n  clone_image->colorspace=image->colorspace;\n  clone_image->matte=image->matte;\n  clone_image->columns=image->columns;\n  clone_image->rows=image->rows;\n  clone_image->dither=image->dither;\n  if (image->colormap != (PixelPacket *) NULL)\n  {\n    clone_image->colors=image->colors;\n    length=(size_t) image->colors;\n    clone_image->colormap=(PixelPacket *) AcquireQuantumMemory(length,sizeof(*clone_image->colormap));\n    if (clone_image->colormap == (PixelPacket *) NULL)\n    {\n      clone_image=DestroyImage(clone_image);\n      ThrowImageException(ResourceLimitError,\"MemoryAllocationFailed\");\n    }\n    (void) CopyMagickMemory(clone_image->colormap,image->colormap,length*sizeof(*clone_image->colormap));\n  }\n  (void) CloneImageProfiles(clone_image,image);\n  (void) CloneImageProperties(clone_image,image);\n  (void) CloneImageArtifacts(clone_image,image);\n  GetTimerInfo(&clone_image->timer);\n  InitializeExceptionInfo(&clone_image->exception);\n  InheritException(&clone_image->exception,&image->exception);\n  if (image->ascii85 != (void *) NULL)\n  {\n    Ascii85Initialize(clone_image);\n  }\n  clone_image->magick_columns=image->magick_columns;\n  clone_image->magick_rows=image->magick_rows;\n  clone_image->type=image->type;\n  (void) CopyMagickString(clone_image->magick_filename,image->magick_filename,MaxTextExtent);\n  (void) CopyMagickString(clone_image->magick,image->magick,MaxTextExtent);\n  (void) CopyMagickString(clone_image->filename,image->filename,MaxTextExtent);\n  clone_image->progress_monitor=image->progress_monitor;\n  clone_image->client_data=image->client_data;\n  clone_image->reference_count=1;\n  clone_image->next=image->next;\n  clone_image->previous=image->previous;\n  clone_image->list=NewImageList();\n  clone_image->clip_mask=NewImageList();\n  clone_image->mask=NewImageList();\n  if (detach == MagickFalse)\n  {\n    clone_image->blob=ReferenceBlob(image->blob);\n  }\n  else\n  {\n    clone_image->next=NewImageList();\n    clone_image->previous=NewImageList();\n    clone_image->blob=CloneBlobInfo((BlobInfo *) NULL);\n  }\n  clone_image->ping=image->ping;\n  clone_image->debug=IsEventLogging();\n  clone_image->semaphore=AllocateSemaphoreInfo();\n  if ((columns == 0) || (rows == 0))\n  {\n    if (image->montage != (char *) NULL)\n    {\n      (void) CloneString(&clone_image->montage,image->montage);\n    }\n    if (image->directory != (char *) NULL)\n    {\n      (void) CloneString(&clone_image->directory,image->directory);\n    }\n    if (image->clip_mask != (Image *) NULL)\n    {\n      clone_image->clip_mask=CloneImage(image->clip_mask,0,0,MagickTrue,exception);\n    }\n    if (image->mask != (Image *) NULL)\n    {\n      clone_image->mask=CloneImage(image->mask,0,0,MagickTrue,exception);\n    }\n    clone_image->cache=ReferencePixelCache(image->cache);\n    return(clone_image);\n  }\n  if ((columns == image->columns) && (rows == image->rows))\n  {\n    if (image->clip_mask != (Image *) NULL)\n    {\n      clone_image->clip_mask=CloneImage(image->clip_mask,0,0,MagickTrue,exception);\n    }\n    if (image->mask != (Image *) NULL)\n    {\n      clone_image->mask=CloneImage(image->mask,0,0,MagickTrue,exception);\n    }\n  }\n  scale=1.0;\n  if (image->columns != 0)\n  {\n    scale=(double) columns/(double) image->columns;\n  }\n  clone_image->page.width=(size_t) floor(scale*image->page.width+0.5);\n  clone_image->page.x=(ssize_t) ceil(scale*image->page.x-0.5);\n  clone_image->tile_offset.x=(ssize_t) ceil(scale*image->tile_offset.x-0.5);\n  scale=1.0;\n  if (image->rows != 0)\n  {\n    scale=(double) rows/(double) image->rows;\n  }\n  clone_image->page.height=(size_t) floor(scale*image->page.height+0.5);\n  clone_image->page.y=(ssize_t) ceil(scale*image->page.y-0.5);\n  clone_image->tile_offset.y=(ssize_t) ceil(scale*image->tile_offset.y-0.5);\n  clone_image->cache=ClonePixelCache(image->cache);\n  if (SetImageExtent(clone_image,columns,rows) == MagickFalse)\n  {\n    InheritException(exception,&clone_image->exception);\n    clone_image=DestroyImage(clone_image);\n  }\n  return(clone_image);\n}\n",
        "question": "How does modifying the control structure `if (detach == MagickFalse)` affect the behavior or output of `CloneBlobInfo`?",
        "choices": {
            "A": "The modification of `if (detach == MagickFalse)` directly impacts the execution of `CloneBlobInfo` because its entire operation is controlled by `if (detach == MagickFalse)` and located within `if (detach == MagickFalse)`.",
            "B": "Modifying `if (detach == MagickFalse)` has no impact on the behavior or output of `CloneBlobInfo`.",
            "C": "The change of if (detach == MagickFalse) indirectly affects the execution of `CloneBlobInfo`, as the modifications in `if (detach == MagickFalse)` influence the arguments or conditions within `CloneBlobInfo`.",
            "D": "It is not possible to determine the effect without additional context."
        },
        "answer": "A",
        "distance": 2
    },
    {
        "case_id": "primevul_43",
        "code": "MagickExport Image *CloneImage(const Image *image,const size_t columns,const size_t rows,const MagickBooleanType detach,ExceptionInfo *exception)\n{\n  double\n    scale;\n  Image\n    *clone_image;\n  size_t\n    length;\n  assert(image != (const Image *) NULL);\n  assert(image->signature == MagickSignature);\n  if (image->debug != MagickFalse)\n  {\n    (void) LogMagickEvent(TraceEvent,GetMagickModule(),\"%s\",image->filename);\n  }\n  assert(exception != (ExceptionInfo *) NULL);\n  assert(exception->signature == MagickSignature);\n  if ((image->columns == 0) || (image->rows == 0))\n  {\n    (void) ThrowMagickException(exception,GetMagickModule(),CorruptImageError,\"NegativeOrZeroImageSize\",\"`%s'\",image->filename);\n    return((Image *) NULL);\n  }\n  clone_image=(Image *) AcquireMagickMemory(sizeof(*clone_image));\n  if (clone_image == (Image *) NULL)\n  {\n    ThrowImageException(ResourceLimitError,\"MemoryAllocationFailed\");\n  }\n  (void) ResetMagickMemory(clone_image,0,sizeof(*clone_image));\n  clone_image->signature=MagickSignature;\n  clone_image->storage_class=image->storage_class;\n  clone_image->channels=image->channels;\n  clone_image->colorspace=image->colorspace;\n  clone_image->matte=image->matte;\n  clone_image->columns=image->columns;\n  clone_image->rows=image->rows;\n  clone_image->dither=image->dither;\n  if (image->colormap != (PixelPacket *) NULL)\n  {\n    clone_image->colors=image->colors;\n    length=(size_t) image->colors;\n    clone_image->colormap=(PixelPacket *) AcquireQuantumMemory(length,sizeof(*clone_image->colormap));\n    if (clone_image->colormap == (PixelPacket *) NULL)\n    {\n      clone_image=DestroyImage(clone_image);\n      ThrowImageException(ResourceLimitError,\"MemoryAllocationFailed\");\n    }\n    (void) CopyMagickMemory(clone_image->colormap,image->colormap,length*sizeof(*clone_image->colormap));\n  }\n  (void) CloneImageProfiles(clone_image,image);\n  (void) CloneImageProperties(clone_image,image);\n  (void) CloneImageArtifacts(clone_image,image);\n  GetTimerInfo(&clone_image->timer);\n  InitializeExceptionInfo(&clone_image->exception);\n  InheritException(&clone_image->exception,&image->exception);\n  if (image->ascii85 != (void *) NULL)\n  {\n    Ascii85Initialize(clone_image);\n  }\n  clone_image->magick_columns=image->magick_columns;\n  clone_image->magick_rows=image->magick_rows;\n  clone_image->type=image->type;\n  (void) CopyMagickString(clone_image->magick_filename,image->magick_filename,MaxTextExtent);\n  (void) CopyMagickString(clone_image->magick,image->magick,MaxTextExtent);\n  (void) CopyMagickString(clone_image->filename,image->filename,MaxTextExtent);\n  clone_image->progress_monitor=image->progress_monitor;\n  clone_image->client_data=image->client_data;\n  clone_image->reference_count=1;\n  clone_image->next=image->next;\n  clone_image->previous=image->previous;\n  clone_image->list=NewImageList();\n  clone_image->clip_mask=NewImageList();\n  clone_image->mask=NewImageList();\n  if (detach == MagickFalse)\n  {\n    clone_image->blob=ReferenceBlob(image->blob);\n  }\n  else\n  {\n    clone_image->next=NewImageList();\n    clone_image->previous=NewImageList();\n    clone_image->blob=CloneBlobInfo((BlobInfo *) NULL);\n  }\n  clone_image->ping=image->ping;\n  clone_image->debug=IsEventLogging();\n  clone_image->semaphore=AllocateSemaphoreInfo();\n  if ((columns == 0) || (rows == 0))\n  {\n    if (image->montage != (char *) NULL)\n    {\n      (void) CloneString(&clone_image->montage,image->montage);\n    }\n    if (image->directory != (char *) NULL)\n    {\n      (void) CloneString(&clone_image->directory,image->directory);\n    }\n    if (image->clip_mask != (Image *) NULL)\n    {\n      clone_image->clip_mask=CloneImage(image->clip_mask,0,0,MagickTrue,exception);\n    }\n    if (image->mask != (Image *) NULL)\n    {\n      clone_image->mask=CloneImage(image->mask,0,0,MagickTrue,exception);\n    }\n    clone_image->cache=ReferencePixelCache(image->cache);\n    return(clone_image);\n  }\n  if ((columns == image->columns) && (rows == image->rows))\n  {\n    if (image->clip_mask != (Image *) NULL)\n    {\n      clone_image->clip_mask=CloneImage(image->clip_mask,0,0,MagickTrue,exception);\n    }\n    if (image->mask != (Image *) NULL)\n    {\n      clone_image->mask=CloneImage(image->mask,0,0,MagickTrue,exception);\n    }\n  }\n  scale=1.0;\n  if (image->columns != 0)\n  {\n    scale=(double) columns/(double) image->columns;\n  }\n  clone_image->page.width=(size_t) floor(scale*image->page.width+0.5);\n  clone_image->page.x=(ssize_t) ceil(scale*image->page.x-0.5);\n  clone_image->tile_offset.x=(ssize_t) ceil(scale*image->tile_offset.x-0.5);\n  scale=1.0;\n  if (image->rows != 0)\n  {\n    scale=(double) rows/(double) image->rows;\n  }\n  clone_image->page.height=(size_t) floor(scale*image->page.height+0.5);\n  clone_image->page.y=(ssize_t) ceil(scale*image->page.y-0.5);\n  clone_image->tile_offset.y=(ssize_t) ceil(scale*image->tile_offset.y-0.5);\n  clone_image->cache=ClonePixelCache(image->cache);\n  if (SetImageExtent(clone_image,columns,rows) == MagickFalse)\n  {\n    InheritException(exception,&clone_image->exception);\n    clone_image=DestroyImage(clone_image);\n  }\n  return(clone_image);\n}\n",
        "question": "How does modifying the control structure `if (detach == MagickFalse)` affect the behavior or output of `BlobInfo`?",
        "choices": {
            "A": "The modification of `if (detach == MagickFalse)` directly impacts the execution of `BlobInfo` because its entire operation is controlled by `if (detach == MagickFalse)` and located within `if (detach == MagickFalse)`.",
            "B": "Modifying `if (detach == MagickFalse)` has no impact on the behavior or output of `BlobInfo`.",
            "C": "The change of if (detach == MagickFalse) indirectly affects the execution of `BlobInfo`, as the modifications in `if (detach == MagickFalse)` influence the arguments or conditions within `BlobInfo`.",
            "D": "It is not possible to determine the effect without additional context."
        },
        "answer": "A",
        "distance": 2
    },
    {
        "case_id": "primevul_43",
        "code": "MagickExport Image *CloneImage(const Image *image,const size_t columns,const size_t rows,const MagickBooleanType detach,ExceptionInfo *exception)\n{\n  double\n    scale;\n  Image\n    *clone_image;\n  size_t\n    length;\n  assert(image != (const Image *) NULL);\n  assert(image->signature == MagickSignature);\n  if (image->debug != MagickFalse)\n  {\n    (void) LogMagickEvent(TraceEvent,GetMagickModule(),\"%s\",image->filename);\n  }\n  assert(exception != (ExceptionInfo *) NULL);\n  assert(exception->signature == MagickSignature);\n  if ((image->columns == 0) || (image->rows == 0))\n  {\n    (void) ThrowMagickException(exception,GetMagickModule(),CorruptImageError,\"NegativeOrZeroImageSize\",\"`%s'\",image->filename);\n    return((Image *) NULL);\n  }\n  clone_image=(Image *) AcquireMagickMemory(sizeof(*clone_image));\n  if (clone_image == (Image *) NULL)\n  {\n    ThrowImageException(ResourceLimitError,\"MemoryAllocationFailed\");\n  }\n  (void) ResetMagickMemory(clone_image,0,sizeof(*clone_image));\n  clone_image->signature=MagickSignature;\n  clone_image->storage_class=image->storage_class;\n  clone_image->channels=image->channels;\n  clone_image->colorspace=image->colorspace;\n  clone_image->matte=image->matte;\n  clone_image->columns=image->columns;\n  clone_image->rows=image->rows;\n  clone_image->dither=image->dither;\n  if (image->colormap != (PixelPacket *) NULL)\n  {\n    clone_image->colors=image->colors;\n    length=(size_t) image->colors;\n    clone_image->colormap=(PixelPacket *) AcquireQuantumMemory(length,sizeof(*clone_image->colormap));\n    if (clone_image->colormap == (PixelPacket *) NULL)\n    {\n      clone_image=DestroyImage(clone_image);\n      ThrowImageException(ResourceLimitError,\"MemoryAllocationFailed\");\n    }\n    (void) CopyMagickMemory(clone_image->colormap,image->colormap,length*sizeof(*clone_image->colormap));\n  }\n  (void) CloneImageProfiles(clone_image,image);\n  (void) CloneImageProperties(clone_image,image);\n  (void) CloneImageArtifacts(clone_image,image);\n  GetTimerInfo(&clone_image->timer);\n  InitializeExceptionInfo(&clone_image->exception);\n  InheritException(&clone_image->exception,&image->exception);\n  if (image->ascii85 != (void *) NULL)\n  {\n    Ascii85Initialize(clone_image);\n  }\n  clone_image->magick_columns=image->magick_columns;\n  clone_image->magick_rows=image->magick_rows;\n  clone_image->type=image->type;\n  (void) CopyMagickString(clone_image->magick_filename,image->magick_filename,MaxTextExtent);\n  (void) CopyMagickString(clone_image->magick,image->magick,MaxTextExtent);\n  (void) CopyMagickString(clone_image->filename,image->filename,MaxTextExtent);\n  clone_image->progress_monitor=image->progress_monitor;\n  clone_image->client_data=image->client_data;\n  clone_image->reference_count=1;\n  clone_image->next=image->next;\n  clone_image->previous=image->previous;\n  clone_image->list=NewImageList();\n  clone_image->clip_mask=NewImageList();\n  clone_image->mask=NewImageList();\n  if (detach == MagickFalse)\n  {\n    clone_image->blob=ReferenceBlob(image->blob);\n  }\n  else\n  {\n    clone_image->next=NewImageList();\n    clone_image->previous=NewImageList();\n    clone_image->blob=CloneBlobInfo((BlobInfo *) NULL);\n  }\n  clone_image->ping=image->ping;\n  clone_image->debug=IsEventLogging();\n  clone_image->semaphore=AllocateSemaphoreInfo();\n  if ((columns == 0) || (rows == 0))\n  {\n    if (image->montage != (char *) NULL)\n    {\n      (void) CloneString(&clone_image->montage,image->montage);\n    }\n    if (image->directory != (char *) NULL)\n    {\n      (void) CloneString(&clone_image->directory,image->directory);\n    }\n    if (image->clip_mask != (Image *) NULL)\n    {\n      clone_image->clip_mask=CloneImage(image->clip_mask,0,0,MagickTrue,exception);\n    }\n    if (image->mask != (Image *) NULL)\n    {\n      clone_image->mask=CloneImage(image->mask,0,0,MagickTrue,exception);\n    }\n    clone_image->cache=ReferencePixelCache(image->cache);\n    return(clone_image);\n  }\n  if ((columns == image->columns) && (rows == image->rows))\n  {\n    if (image->clip_mask != (Image *) NULL)\n    {\n      clone_image->clip_mask=CloneImage(image->clip_mask,0,0,MagickTrue,exception);\n    }\n    if (image->mask != (Image *) NULL)\n    {\n      clone_image->mask=CloneImage(image->mask,0,0,MagickTrue,exception);\n    }\n  }\n  scale=1.0;\n  if (image->columns != 0)\n  {\n    scale=(double) columns/(double) image->columns;\n  }\n  clone_image->page.width=(size_t) floor(scale*image->page.width+0.5);\n  clone_image->page.x=(ssize_t) ceil(scale*image->page.x-0.5);\n  clone_image->tile_offset.x=(ssize_t) ceil(scale*image->tile_offset.x-0.5);\n  scale=1.0;\n  if (image->rows != 0)\n  {\n    scale=(double) rows/(double) image->rows;\n  }\n  clone_image->page.height=(size_t) floor(scale*image->page.height+0.5);\n  clone_image->page.y=(ssize_t) ceil(scale*image->page.y-0.5);\n  clone_image->tile_offset.y=(ssize_t) ceil(scale*image->tile_offset.y-0.5);\n  clone_image->cache=ClonePixelCache(image->cache);\n  if (SetImageExtent(clone_image,columns,rows) == MagickFalse)\n  {\n    InheritException(exception,&clone_image->exception);\n    clone_image=DestroyImage(clone_image);\n  }\n  return(clone_image);\n}\n",
        "question": "How does modifying the control structure `if (detach == MagickFalse)` affect the behavior or output of `ReferenceBlob`?",
        "choices": {
            "A": "The modification of `if (detach == MagickFalse)` directly impacts the execution of `ReferenceBlob` because its entire operation is controlled by `if (detach == MagickFalse)` and located within `if (detach == MagickFalse)`.",
            "B": "Modifying `if (detach == MagickFalse)` has no impact on the behavior or output of `ReferenceBlob`.",
            "C": "The change of if (detach == MagickFalse) indirectly affects the execution of `ReferenceBlob`, as the modifications in `if (detach == MagickFalse)` influence the arguments or conditions within `ReferenceBlob`.",
            "D": "It is not possible to determine the effect without additional context."
        },
        "answer": "A",
        "distance": 1
    },
    {
        "case_id": "primevul_43",
        "code": "MagickExport Image *CloneImage(const Image *image,const size_t columns,const size_t rows,const MagickBooleanType detach,ExceptionInfo *exception)\n{\n  double\n    scale;\n  Image\n    *clone_image;\n  size_t\n    length;\n  assert(image != (const Image *) NULL);\n  assert(image->signature == MagickSignature);\n  if (image->debug != MagickFalse)\n  {\n    (void) LogMagickEvent(TraceEvent,GetMagickModule(),\"%s\",image->filename);\n  }\n  assert(exception != (ExceptionInfo *) NULL);\n  assert(exception->signature == MagickSignature);\n  if ((image->columns == 0) || (image->rows == 0))\n  {\n    (void) ThrowMagickException(exception,GetMagickModule(),CorruptImageError,\"NegativeOrZeroImageSize\",\"`%s'\",image->filename);\n    return((Image *) NULL);\n  }\n  clone_image=(Image *) AcquireMagickMemory(sizeof(*clone_image));\n  if (clone_image == (Image *) NULL)\n  {\n    ThrowImageException(ResourceLimitError,\"MemoryAllocationFailed\");\n  }\n  (void) ResetMagickMemory(clone_image,0,sizeof(*clone_image));\n  clone_image->signature=MagickSignature;\n  clone_image->storage_class=image->storage_class;\n  clone_image->channels=image->channels;\n  clone_image->colorspace=image->colorspace;\n  clone_image->matte=image->matte;\n  clone_image->columns=image->columns;\n  clone_image->rows=image->rows;\n  clone_image->dither=image->dither;\n  if (image->colormap != (PixelPacket *) NULL)\n  {\n    clone_image->colors=image->colors;\n    length=(size_t) image->colors;\n    clone_image->colormap=(PixelPacket *) AcquireQuantumMemory(length,sizeof(*clone_image->colormap));\n    if (clone_image->colormap == (PixelPacket *) NULL)\n    {\n      clone_image=DestroyImage(clone_image);\n      ThrowImageException(ResourceLimitError,\"MemoryAllocationFailed\");\n    }\n    (void) CopyMagickMemory(clone_image->colormap,image->colormap,length*sizeof(*clone_image->colormap));\n  }\n  (void) CloneImageProfiles(clone_image,image);\n  (void) CloneImageProperties(clone_image,image);\n  (void) CloneImageArtifacts(clone_image,image);\n  GetTimerInfo(&clone_image->timer);\n  InitializeExceptionInfo(&clone_image->exception);\n  InheritException(&clone_image->exception,&image->exception);\n  if (image->ascii85 != (void *) NULL)\n  {\n    Ascii85Initialize(clone_image);\n  }\n  clone_image->magick_columns=image->magick_columns;\n  clone_image->magick_rows=image->magick_rows;\n  clone_image->type=image->type;\n  (void) CopyMagickString(clone_image->magick_filename,image->magick_filename,MaxTextExtent);\n  (void) CopyMagickString(clone_image->magick,image->magick,MaxTextExtent);\n  (void) CopyMagickString(clone_image->filename,image->filename,MaxTextExtent);\n  clone_image->progress_monitor=image->progress_monitor;\n  clone_image->client_data=image->client_data;\n  clone_image->reference_count=1;\n  clone_image->next=image->next;\n  clone_image->previous=image->previous;\n  clone_image->list=NewImageList();\n  clone_image->clip_mask=NewImageList();\n  clone_image->mask=NewImageList();\n  if (detach == MagickFalse)\n  {\n    clone_image->blob=ReferenceBlob(image->blob);\n  }\n  else\n  {\n    clone_image->next=NewImageList();\n    clone_image->previous=NewImageList();\n    clone_image->blob=CloneBlobInfo((BlobInfo *) NULL);\n  }\n  clone_image->ping=image->ping;\n  clone_image->debug=IsEventLogging();\n  clone_image->semaphore=AllocateSemaphoreInfo();\n  if ((columns == 0) || (rows == 0))\n  {\n    if (image->montage != (char *) NULL)\n    {\n      (void) CloneString(&clone_image->montage,image->montage);\n    }\n    if (image->directory != (char *) NULL)\n    {\n      (void) CloneString(&clone_image->directory,image->directory);\n    }\n    if (image->clip_mask != (Image *) NULL)\n    {\n      clone_image->clip_mask=CloneImage(image->clip_mask,0,0,MagickTrue,exception);\n    }\n    if (image->mask != (Image *) NULL)\n    {\n      clone_image->mask=CloneImage(image->mask,0,0,MagickTrue,exception);\n    }\n    clone_image->cache=ReferencePixelCache(image->cache);\n    return(clone_image);\n  }\n  if ((columns == image->columns) && (rows == image->rows))\n  {\n    if (image->clip_mask != (Image *) NULL)\n    {\n      clone_image->clip_mask=CloneImage(image->clip_mask,0,0,MagickTrue,exception);\n    }\n    if (image->mask != (Image *) NULL)\n    {\n      clone_image->mask=CloneImage(image->mask,0,0,MagickTrue,exception);\n    }\n  }\n  scale=1.0;\n  if (image->columns != 0)\n  {\n    scale=(double) columns/(double) image->columns;\n  }\n  clone_image->page.width=(size_t) floor(scale*image->page.width+0.5);\n  clone_image->page.x=(ssize_t) ceil(scale*image->page.x-0.5);\n  clone_image->tile_offset.x=(ssize_t) ceil(scale*image->tile_offset.x-0.5);\n  scale=1.0;\n  if (image->rows != 0)\n  {\n    scale=(double) rows/(double) image->rows;\n  }\n  clone_image->page.height=(size_t) floor(scale*image->page.height+0.5);\n  clone_image->page.y=(ssize_t) ceil(scale*image->page.y-0.5);\n  clone_image->tile_offset.y=(ssize_t) ceil(scale*image->tile_offset.y-0.5);\n  clone_image->cache=ClonePixelCache(image->cache);\n  if (SetImageExtent(clone_image,columns,rows) == MagickFalse)\n  {\n    InheritException(exception,&clone_image->exception);\n    clone_image=DestroyImage(clone_image);\n  }\n  return(clone_image);\n}\n",
        "question": "How does modifying the control structure `if ((columns == 0) || (rows == 0))` affect the behavior or output of `ReferencePixelCache`?",
        "choices": {
            "A": "The modification of `if ((columns == 0) || (rows == 0))` directly impacts the execution of `ReferencePixelCache` because its entire operation is controlled by `if ((columns == 0) || (rows == 0))` and located within `if ((columns == 0) || (rows == 0))`.",
            "B": "Modifying `if ((columns == 0) || (rows == 0))` has no impact on the behavior or output of `ReferencePixelCache`.",
            "C": "The change of if ((columns == 0) || (rows == 0)) indirectly affects the execution of `ReferencePixelCache`, as the modifications in `if ((columns == 0) || (rows == 0))` influence the arguments or conditions within `ReferencePixelCache`.",
            "D": "It is not possible to determine the effect without additional context."
        },
        "answer": "A",
        "distance": 1
    },
    {
        "case_id": "primevul_43",
        "code": "MagickExport Image *CloneImage(const Image *image,const size_t columns,const size_t rows,const MagickBooleanType detach,ExceptionInfo *exception)\n{\n  double\n    scale;\n  Image\n    *clone_image;\n  size_t\n    length;\n  assert(image != (const Image *) NULL);\n  assert(image->signature == MagickSignature);\n  if (image->debug != MagickFalse)\n  {\n    (void) LogMagickEvent(TraceEvent,GetMagickModule(),\"%s\",image->filename);\n  }\n  assert(exception != (ExceptionInfo *) NULL);\n  assert(exception->signature == MagickSignature);\n  if ((image->columns == 0) || (image->rows == 0))\n  {\n    (void) ThrowMagickException(exception,GetMagickModule(),CorruptImageError,\"NegativeOrZeroImageSize\",\"`%s'\",image->filename);\n    return((Image *) NULL);\n  }\n  clone_image=(Image *) AcquireMagickMemory(sizeof(*clone_image));\n  if (clone_image == (Image *) NULL)\n  {\n    ThrowImageException(ResourceLimitError,\"MemoryAllocationFailed\");\n  }\n  (void) ResetMagickMemory(clone_image,0,sizeof(*clone_image));\n  clone_image->signature=MagickSignature;\n  clone_image->storage_class=image->storage_class;\n  clone_image->channels=image->channels;\n  clone_image->colorspace=image->colorspace;\n  clone_image->matte=image->matte;\n  clone_image->columns=image->columns;\n  clone_image->rows=image->rows;\n  clone_image->dither=image->dither;\n  if (image->colormap != (PixelPacket *) NULL)\n  {\n    clone_image->colors=image->colors;\n    length=(size_t) image->colors;\n    clone_image->colormap=(PixelPacket *) AcquireQuantumMemory(length,sizeof(*clone_image->colormap));\n    if (clone_image->colormap == (PixelPacket *) NULL)\n    {\n      clone_image=DestroyImage(clone_image);\n      ThrowImageException(ResourceLimitError,\"MemoryAllocationFailed\");\n    }\n    (void) CopyMagickMemory(clone_image->colormap,image->colormap,length*sizeof(*clone_image->colormap));\n  }\n  (void) CloneImageProfiles(clone_image,image);\n  (void) CloneImageProperties(clone_image,image);\n  (void) CloneImageArtifacts(clone_image,image);\n  GetTimerInfo(&clone_image->timer);\n  InitializeExceptionInfo(&clone_image->exception);\n  InheritException(&clone_image->exception,&image->exception);\n  if (image->ascii85 != (void *) NULL)\n  {\n    Ascii85Initialize(clone_image);\n  }\n  clone_image->magick_columns=image->magick_columns;\n  clone_image->magick_rows=image->magick_rows;\n  clone_image->type=image->type;\n  (void) CopyMagickString(clone_image->magick_filename,image->magick_filename,MaxTextExtent);\n  (void) CopyMagickString(clone_image->magick,image->magick,MaxTextExtent);\n  (void) CopyMagickString(clone_image->filename,image->filename,MaxTextExtent);\n  clone_image->progress_monitor=image->progress_monitor;\n  clone_image->client_data=image->client_data;\n  clone_image->reference_count=1;\n  clone_image->next=image->next;\n  clone_image->previous=image->previous;\n  clone_image->list=NewImageList();\n  clone_image->clip_mask=NewImageList();\n  clone_image->mask=NewImageList();\n  if (detach == MagickFalse)\n  {\n    clone_image->blob=ReferenceBlob(image->blob);\n  }\n  else\n  {\n    clone_image->next=NewImageList();\n    clone_image->previous=NewImageList();\n    clone_image->blob=CloneBlobInfo((BlobInfo *) NULL);\n  }\n  clone_image->ping=image->ping;\n  clone_image->debug=IsEventLogging();\n  clone_image->semaphore=AllocateSemaphoreInfo();\n  if ((columns == 0) || (rows == 0))\n  {\n    if (image->montage != (char *) NULL)\n    {\n      (void) CloneString(&clone_image->montage,image->montage);\n    }\n    if (image->directory != (char *) NULL)\n    {\n      (void) CloneString(&clone_image->directory,image->directory);\n    }\n    if (image->clip_mask != (Image *) NULL)\n    {\n      clone_image->clip_mask=CloneImage(image->clip_mask,0,0,MagickTrue,exception);\n    }\n    if (image->mask != (Image *) NULL)\n    {\n      clone_image->mask=CloneImage(image->mask,0,0,MagickTrue,exception);\n    }\n    clone_image->cache=ReferencePixelCache(image->cache);\n    return(clone_image);\n  }\n  if ((columns == image->columns) && (rows == image->rows))\n  {\n    if (image->clip_mask != (Image *) NULL)\n    {\n      clone_image->clip_mask=CloneImage(image->clip_mask,0,0,MagickTrue,exception);\n    }\n    if (image->mask != (Image *) NULL)\n    {\n      clone_image->mask=CloneImage(image->mask,0,0,MagickTrue,exception);\n    }\n  }\n  scale=1.0;\n  if (image->columns != 0)\n  {\n    scale=(double) columns/(double) image->columns;\n  }\n  clone_image->page.width=(size_t) floor(scale*image->page.width+0.5);\n  clone_image->page.x=(ssize_t) ceil(scale*image->page.x-0.5);\n  clone_image->tile_offset.x=(ssize_t) ceil(scale*image->tile_offset.x-0.5);\n  scale=1.0;\n  if (image->rows != 0)\n  {\n    scale=(double) rows/(double) image->rows;\n  }\n  clone_image->page.height=(size_t) floor(scale*image->page.height+0.5);\n  clone_image->page.y=(ssize_t) ceil(scale*image->page.y-0.5);\n  clone_image->tile_offset.y=(ssize_t) ceil(scale*image->tile_offset.y-0.5);\n  clone_image->cache=ClonePixelCache(image->cache);\n  if (SetImageExtent(clone_image,columns,rows) == MagickFalse)\n  {\n    InheritException(exception,&clone_image->exception);\n    clone_image=DestroyImage(clone_image);\n  }\n  return(clone_image);\n}\n",
        "question": "How does modifying the control structure `if (image->clip_mask != (Image *) NULL)` affect the behavior or output of `ThrowMagickException`?",
        "choices": {
            "A": "The modification of `if (image->clip_mask != (Image *) NULL)` directly impacts the execution of `ThrowMagickException` because its entire operation is controlled by `if (image->clip_mask != (Image *) NULL)` and located within `if (image->clip_mask != (Image *) NULL)`.",
            "B": "Modifying `if (image->clip_mask != (Image *) NULL)` has no impact on the behavior or output of `ThrowMagickException`.",
            "C": "The change of if (image->clip_mask != (Image *) NULL) indirectly affects the execution of `ThrowMagickException`, as the modifications in `if (image->clip_mask != (Image *) NULL)` influence the arguments or conditions within `ThrowMagickException`.",
            "D": "It is not possible to determine the effect without additional context."
        },
        "answer": "B",
        "distance": 0
    },
    {
        "case_id": "primevul_43",
        "code": "MagickExport Image *CloneImage(const Image *image,const size_t columns,const size_t rows,const MagickBooleanType detach,ExceptionInfo *exception)\n{\n  double\n    scale;\n  Image\n    *clone_image;\n  size_t\n    length;\n  assert(image != (const Image *) NULL);\n  assert(image->signature == MagickSignature);\n  if (image->debug != MagickFalse)\n  {\n    (void) LogMagickEvent(TraceEvent,GetMagickModule(),\"%s\",image->filename);\n  }\n  assert(exception != (ExceptionInfo *) NULL);\n  assert(exception->signature == MagickSignature);\n  if ((image->columns == 0) || (image->rows == 0))\n  {\n    (void) ThrowMagickException(exception,GetMagickModule(),CorruptImageError,\"NegativeOrZeroImageSize\",\"`%s'\",image->filename);\n    return((Image *) NULL);\n  }\n  clone_image=(Image *) AcquireMagickMemory(sizeof(*clone_image));\n  if (clone_image == (Image *) NULL)\n  {\n    ThrowImageException(ResourceLimitError,\"MemoryAllocationFailed\");\n  }\n  (void) ResetMagickMemory(clone_image,0,sizeof(*clone_image));\n  clone_image->signature=MagickSignature;\n  clone_image->storage_class=image->storage_class;\n  clone_image->channels=image->channels;\n  clone_image->colorspace=image->colorspace;\n  clone_image->matte=image->matte;\n  clone_image->columns=image->columns;\n  clone_image->rows=image->rows;\n  clone_image->dither=image->dither;\n  if (image->colormap != (PixelPacket *) NULL)\n  {\n    clone_image->colors=image->colors;\n    length=(size_t) image->colors;\n    clone_image->colormap=(PixelPacket *) AcquireQuantumMemory(length,sizeof(*clone_image->colormap));\n    if (clone_image->colormap == (PixelPacket *) NULL)\n    {\n      clone_image=DestroyImage(clone_image);\n      ThrowImageException(ResourceLimitError,\"MemoryAllocationFailed\");\n    }\n    (void) CopyMagickMemory(clone_image->colormap,image->colormap,length*sizeof(*clone_image->colormap));\n  }\n  (void) CloneImageProfiles(clone_image,image);\n  (void) CloneImageProperties(clone_image,image);\n  (void) CloneImageArtifacts(clone_image,image);\n  GetTimerInfo(&clone_image->timer);\n  InitializeExceptionInfo(&clone_image->exception);\n  InheritException(&clone_image->exception,&image->exception);\n  if (image->ascii85 != (void *) NULL)\n  {\n    Ascii85Initialize(clone_image);\n  }\n  clone_image->magick_columns=image->magick_columns;\n  clone_image->magick_rows=image->magick_rows;\n  clone_image->type=image->type;\n  (void) CopyMagickString(clone_image->magick_filename,image->magick_filename,MaxTextExtent);\n  (void) CopyMagickString(clone_image->magick,image->magick,MaxTextExtent);\n  (void) CopyMagickString(clone_image->filename,image->filename,MaxTextExtent);\n  clone_image->progress_monitor=image->progress_monitor;\n  clone_image->client_data=image->client_data;\n  clone_image->reference_count=1;\n  clone_image->next=image->next;\n  clone_image->previous=image->previous;\n  clone_image->list=NewImageList();\n  clone_image->clip_mask=NewImageList();\n  clone_image->mask=NewImageList();\n  if (detach == MagickFalse)\n  {\n    clone_image->blob=ReferenceBlob(image->blob);\n  }\n  else\n  {\n    clone_image->next=NewImageList();\n    clone_image->previous=NewImageList();\n    clone_image->blob=CloneBlobInfo((BlobInfo *) NULL);\n  }\n  clone_image->ping=image->ping;\n  clone_image->debug=IsEventLogging();\n  clone_image->semaphore=AllocateSemaphoreInfo();\n  if ((columns == 0) || (rows == 0))\n  {\n    if (image->montage != (char *) NULL)\n    {\n      (void) CloneString(&clone_image->montage,image->montage);\n    }\n    if (image->directory != (char *) NULL)\n    {\n      (void) CloneString(&clone_image->directory,image->directory);\n    }\n    if (image->clip_mask != (Image *) NULL)\n    {\n      clone_image->clip_mask=CloneImage(image->clip_mask,0,0,MagickTrue,exception);\n    }\n    if (image->mask != (Image *) NULL)\n    {\n      clone_image->mask=CloneImage(image->mask,0,0,MagickTrue,exception);\n    }\n    clone_image->cache=ReferencePixelCache(image->cache);\n    return(clone_image);\n  }\n  if ((columns == image->columns) && (rows == image->rows))\n  {\n    if (image->clip_mask != (Image *) NULL)\n    {\n      clone_image->clip_mask=CloneImage(image->clip_mask,0,0,MagickTrue,exception);\n    }\n    if (image->mask != (Image *) NULL)\n    {\n      clone_image->mask=CloneImage(image->mask,0,0,MagickTrue,exception);\n    }\n  }\n  scale=1.0;\n  if (image->columns != 0)\n  {\n    scale=(double) columns/(double) image->columns;\n  }\n  clone_image->page.width=(size_t) floor(scale*image->page.width+0.5);\n  clone_image->page.x=(ssize_t) ceil(scale*image->page.x-0.5);\n  clone_image->tile_offset.x=(ssize_t) ceil(scale*image->tile_offset.x-0.5);\n  scale=1.0;\n  if (image->rows != 0)\n  {\n    scale=(double) rows/(double) image->rows;\n  }\n  clone_image->page.height=(size_t) floor(scale*image->page.height+0.5);\n  clone_image->page.y=(ssize_t) ceil(scale*image->page.y-0.5);\n  clone_image->tile_offset.y=(ssize_t) ceil(scale*image->tile_offset.y-0.5);\n  clone_image->cache=ClonePixelCache(image->cache);\n  if (SetImageExtent(clone_image,columns,rows) == MagickFalse)\n  {\n    InheritException(exception,&clone_image->exception);\n    clone_image=DestroyImage(clone_image);\n  }\n  return(clone_image);\n}\n",
        "question": "How does modifying the control structure `if (image->clip_mask != (Image *) NULL)` affect the behavior or output of `InitializeExceptionInfo`?",
        "choices": {
            "A": "The modification of `if (image->clip_mask != (Image *) NULL)` directly impacts the execution of `InitializeExceptionInfo` because its entire operation is controlled by `if (image->clip_mask != (Image *) NULL)` and located within `if (image->clip_mask != (Image *) NULL)`.",
            "B": "Modifying `if (image->clip_mask != (Image *) NULL)` has no impact on the behavior or output of `InitializeExceptionInfo`.",
            "C": "The change of if (image->clip_mask != (Image *) NULL) indirectly affects the execution of `InitializeExceptionInfo`, as the modifications in `if (image->clip_mask != (Image *) NULL)` influence the arguments or conditions within `InitializeExceptionInfo`.",
            "D": "It is not possible to determine the effect without additional context."
        },
        "answer": "B",
        "distance": 0
    },
    {
        "case_id": "primevul_43",
        "code": "MagickExport Image *CloneImage(const Image *image,const size_t columns,const size_t rows,const MagickBooleanType detach,ExceptionInfo *exception)\n{\n  double\n    scale;\n  Image\n    *clone_image;\n  size_t\n    length;\n  assert(image != (const Image *) NULL);\n  assert(image->signature == MagickSignature);\n  if (image->debug != MagickFalse)\n  {\n    (void) LogMagickEvent(TraceEvent,GetMagickModule(),\"%s\",image->filename);\n  }\n  assert(exception != (ExceptionInfo *) NULL);\n  assert(exception->signature == MagickSignature);\n  if ((image->columns == 0) || (image->rows == 0))\n  {\n    (void) ThrowMagickException(exception,GetMagickModule(),CorruptImageError,\"NegativeOrZeroImageSize\",\"`%s'\",image->filename);\n    return((Image *) NULL);\n  }\n  clone_image=(Image *) AcquireMagickMemory(sizeof(*clone_image));\n  if (clone_image == (Image *) NULL)\n  {\n    ThrowImageException(ResourceLimitError,\"MemoryAllocationFailed\");\n  }\n  (void) ResetMagickMemory(clone_image,0,sizeof(*clone_image));\n  clone_image->signature=MagickSignature;\n  clone_image->storage_class=image->storage_class;\n  clone_image->channels=image->channels;\n  clone_image->colorspace=image->colorspace;\n  clone_image->matte=image->matte;\n  clone_image->columns=image->columns;\n  clone_image->rows=image->rows;\n  clone_image->dither=image->dither;\n  if (image->colormap != (PixelPacket *) NULL)\n  {\n    clone_image->colors=image->colors;\n    length=(size_t) image->colors;\n    clone_image->colormap=(PixelPacket *) AcquireQuantumMemory(length,sizeof(*clone_image->colormap));\n    if (clone_image->colormap == (PixelPacket *) NULL)\n    {\n      clone_image=DestroyImage(clone_image);\n      ThrowImageException(ResourceLimitError,\"MemoryAllocationFailed\");\n    }\n    (void) CopyMagickMemory(clone_image->colormap,image->colormap,length*sizeof(*clone_image->colormap));\n  }\n  (void) CloneImageProfiles(clone_image,image);\n  (void) CloneImageProperties(clone_image,image);\n  (void) CloneImageArtifacts(clone_image,image);\n  GetTimerInfo(&clone_image->timer);\n  InitializeExceptionInfo(&clone_image->exception);\n  InheritException(&clone_image->exception,&image->exception);\n  if (image->ascii85 != (void *) NULL)\n  {\n    Ascii85Initialize(clone_image);\n  }\n  clone_image->magick_columns=image->magick_columns;\n  clone_image->magick_rows=image->magick_rows;\n  clone_image->type=image->type;\n  (void) CopyMagickString(clone_image->magick_filename,image->magick_filename,MaxTextExtent);\n  (void) CopyMagickString(clone_image->magick,image->magick,MaxTextExtent);\n  (void) CopyMagickString(clone_image->filename,image->filename,MaxTextExtent);\n  clone_image->progress_monitor=image->progress_monitor;\n  clone_image->client_data=image->client_data;\n  clone_image->reference_count=1;\n  clone_image->next=image->next;\n  clone_image->previous=image->previous;\n  clone_image->list=NewImageList();\n  clone_image->clip_mask=NewImageList();\n  clone_image->mask=NewImageList();\n  if (detach == MagickFalse)\n  {\n    clone_image->blob=ReferenceBlob(image->blob);\n  }\n  else\n  {\n    clone_image->next=NewImageList();\n    clone_image->previous=NewImageList();\n    clone_image->blob=CloneBlobInfo((BlobInfo *) NULL);\n  }\n  clone_image->ping=image->ping;\n  clone_image->debug=IsEventLogging();\n  clone_image->semaphore=AllocateSemaphoreInfo();\n  if ((columns == 0) || (rows == 0))\n  {\n    if (image->montage != (char *) NULL)\n    {\n      (void) CloneString(&clone_image->montage,image->montage);\n    }\n    if (image->directory != (char *) NULL)\n    {\n      (void) CloneString(&clone_image->directory,image->directory);\n    }\n    if (image->clip_mask != (Image *) NULL)\n    {\n      clone_image->clip_mask=CloneImage(image->clip_mask,0,0,MagickTrue,exception);\n    }\n    if (image->mask != (Image *) NULL)\n    {\n      clone_image->mask=CloneImage(image->mask,0,0,MagickTrue,exception);\n    }\n    clone_image->cache=ReferencePixelCache(image->cache);\n    return(clone_image);\n  }\n  if ((columns == image->columns) && (rows == image->rows))\n  {\n    if (image->clip_mask != (Image *) NULL)\n    {\n      clone_image->clip_mask=CloneImage(image->clip_mask,0,0,MagickTrue,exception);\n    }\n    if (image->mask != (Image *) NULL)\n    {\n      clone_image->mask=CloneImage(image->mask,0,0,MagickTrue,exception);\n    }\n  }\n  scale=1.0;\n  if (image->columns != 0)\n  {\n    scale=(double) columns/(double) image->columns;\n  }\n  clone_image->page.width=(size_t) floor(scale*image->page.width+0.5);\n  clone_image->page.x=(ssize_t) ceil(scale*image->page.x-0.5);\n  clone_image->tile_offset.x=(ssize_t) ceil(scale*image->tile_offset.x-0.5);\n  scale=1.0;\n  if (image->rows != 0)\n  {\n    scale=(double) rows/(double) image->rows;\n  }\n  clone_image->page.height=(size_t) floor(scale*image->page.height+0.5);\n  clone_image->page.y=(ssize_t) ceil(scale*image->page.y-0.5);\n  clone_image->tile_offset.y=(ssize_t) ceil(scale*image->tile_offset.y-0.5);\n  clone_image->cache=ClonePixelCache(image->cache);\n  if (SetImageExtent(clone_image,columns,rows) == MagickFalse)\n  {\n    InheritException(exception,&clone_image->exception);\n    clone_image=DestroyImage(clone_image);\n  }\n  return(clone_image);\n}\n",
        "question": "How does modifying the control structure `if (image->clip_mask != (Image *) NULL)` affect the behavior or output of `IsEventLogging`?",
        "choices": {
            "A": "The modification of `if (image->clip_mask != (Image *) NULL)` directly impacts the execution of `IsEventLogging` because its entire operation is controlled by `if (image->clip_mask != (Image *) NULL)` and located within `if (image->clip_mask != (Image *) NULL)`.",
            "B": "Modifying `if (image->clip_mask != (Image *) NULL)` has no impact on the behavior or output of `IsEventLogging`.",
            "C": "The change of if (image->clip_mask != (Image *) NULL) indirectly affects the execution of `IsEventLogging`, as the modifications in `if (image->clip_mask != (Image *) NULL)` influence the arguments or conditions within `IsEventLogging`.",
            "D": "It is not possible to determine the effect without additional context."
        },
        "answer": "B",
        "distance": 0
    },
    {
        "case_id": "primevul_43",
        "code": "MagickExport Image *CloneImage(const Image *image,const size_t columns,const size_t rows,const MagickBooleanType detach,ExceptionInfo *exception)\n{\n  double\n    scale;\n  Image\n    *clone_image;\n  size_t\n    length;\n  assert(image != (const Image *) NULL);\n  assert(image->signature == MagickSignature);\n  if (image->debug != MagickFalse)\n  {\n    (void) LogMagickEvent(TraceEvent,GetMagickModule(),\"%s\",image->filename);\n  }\n  assert(exception != (ExceptionInfo *) NULL);\n  assert(exception->signature == MagickSignature);\n  if ((image->columns == 0) || (image->rows == 0))\n  {\n    (void) ThrowMagickException(exception,GetMagickModule(),CorruptImageError,\"NegativeOrZeroImageSize\",\"`%s'\",image->filename);\n    return((Image *) NULL);\n  }\n  clone_image=(Image *) AcquireMagickMemory(sizeof(*clone_image));\n  if (clone_image == (Image *) NULL)\n  {\n    ThrowImageException(ResourceLimitError,\"MemoryAllocationFailed\");\n  }\n  (void) ResetMagickMemory(clone_image,0,sizeof(*clone_image));\n  clone_image->signature=MagickSignature;\n  clone_image->storage_class=image->storage_class;\n  clone_image->channels=image->channels;\n  clone_image->colorspace=image->colorspace;\n  clone_image->matte=image->matte;\n  clone_image->columns=image->columns;\n  clone_image->rows=image->rows;\n  clone_image->dither=image->dither;\n  if (image->colormap != (PixelPacket *) NULL)\n  {\n    clone_image->colors=image->colors;\n    length=(size_t) image->colors;\n    clone_image->colormap=(PixelPacket *) AcquireQuantumMemory(length,sizeof(*clone_image->colormap));\n    if (clone_image->colormap == (PixelPacket *) NULL)\n    {\n      clone_image=DestroyImage(clone_image);\n      ThrowImageException(ResourceLimitError,\"MemoryAllocationFailed\");\n    }\n    (void) CopyMagickMemory(clone_image->colormap,image->colormap,length*sizeof(*clone_image->colormap));\n  }\n  (void) CloneImageProfiles(clone_image,image);\n  (void) CloneImageProperties(clone_image,image);\n  (void) CloneImageArtifacts(clone_image,image);\n  GetTimerInfo(&clone_image->timer);\n  InitializeExceptionInfo(&clone_image->exception);\n  InheritException(&clone_image->exception,&image->exception);\n  if (image->ascii85 != (void *) NULL)\n  {\n    Ascii85Initialize(clone_image);\n  }\n  clone_image->magick_columns=image->magick_columns;\n  clone_image->magick_rows=image->magick_rows;\n  clone_image->type=image->type;\n  (void) CopyMagickString(clone_image->magick_filename,image->magick_filename,MaxTextExtent);\n  (void) CopyMagickString(clone_image->magick,image->magick,MaxTextExtent);\n  (void) CopyMagickString(clone_image->filename,image->filename,MaxTextExtent);\n  clone_image->progress_monitor=image->progress_monitor;\n  clone_image->client_data=image->client_data;\n  clone_image->reference_count=1;\n  clone_image->next=image->next;\n  clone_image->previous=image->previous;\n  clone_image->list=NewImageList();\n  clone_image->clip_mask=NewImageList();\n  clone_image->mask=NewImageList();\n  if (detach == MagickFalse)\n  {\n    clone_image->blob=ReferenceBlob(image->blob);\n  }\n  else\n  {\n    clone_image->next=NewImageList();\n    clone_image->previous=NewImageList();\n    clone_image->blob=CloneBlobInfo((BlobInfo *) NULL);\n  }\n  clone_image->ping=image->ping;\n  clone_image->debug=IsEventLogging();\n  clone_image->semaphore=AllocateSemaphoreInfo();\n  if ((columns == 0) || (rows == 0))\n  {\n    if (image->montage != (char *) NULL)\n    {\n      (void) CloneString(&clone_image->montage,image->montage);\n    }\n    if (image->directory != (char *) NULL)\n    {\n      (void) CloneString(&clone_image->directory,image->directory);\n    }\n    if (image->clip_mask != (Image *) NULL)\n    {\n      clone_image->clip_mask=CloneImage(image->clip_mask,0,0,MagickTrue,exception);\n    }\n    if (image->mask != (Image *) NULL)\n    {\n      clone_image->mask=CloneImage(image->mask,0,0,MagickTrue,exception);\n    }\n    clone_image->cache=ReferencePixelCache(image->cache);\n    return(clone_image);\n  }\n  if ((columns == image->columns) && (rows == image->rows))\n  {\n    if (image->clip_mask != (Image *) NULL)\n    {\n      clone_image->clip_mask=CloneImage(image->clip_mask,0,0,MagickTrue,exception);\n    }\n    if (image->mask != (Image *) NULL)\n    {\n      clone_image->mask=CloneImage(image->mask,0,0,MagickTrue,exception);\n    }\n  }\n  scale=1.0;\n  if (image->columns != 0)\n  {\n    scale=(double) columns/(double) image->columns;\n  }\n  clone_image->page.width=(size_t) floor(scale*image->page.width+0.5);\n  clone_image->page.x=(ssize_t) ceil(scale*image->page.x-0.5);\n  clone_image->tile_offset.x=(ssize_t) ceil(scale*image->tile_offset.x-0.5);\n  scale=1.0;\n  if (image->rows != 0)\n  {\n    scale=(double) rows/(double) image->rows;\n  }\n  clone_image->page.height=(size_t) floor(scale*image->page.height+0.5);\n  clone_image->page.y=(ssize_t) ceil(scale*image->page.y-0.5);\n  clone_image->tile_offset.y=(ssize_t) ceil(scale*image->tile_offset.y-0.5);\n  clone_image->cache=ClonePixelCache(image->cache);\n  if (SetImageExtent(clone_image,columns,rows) == MagickFalse)\n  {\n    InheritException(exception,&clone_image->exception);\n    clone_image=DestroyImage(clone_image);\n  }\n  return(clone_image);\n}\n",
        "question": "How does modifying the control structure `if (image->clip_mask != (Image *) NULL)` affect the behavior or output of `CloneImageProfiles`?",
        "choices": {
            "A": "The modification of `if (image->clip_mask != (Image *) NULL)` directly impacts the execution of `CloneImageProfiles` because its entire operation is controlled by `if (image->clip_mask != (Image *) NULL)` and located within `if (image->clip_mask != (Image *) NULL)`.",
            "B": "Modifying `if (image->clip_mask != (Image *) NULL)` has no impact on the behavior or output of `CloneImageProfiles`.",
            "C": "The change of if (image->clip_mask != (Image *) NULL) indirectly affects the execution of `CloneImageProfiles`, as the modifications in `if (image->clip_mask != (Image *) NULL)` influence the arguments or conditions within `CloneImageProfiles`.",
            "D": "It is not possible to determine the effect without additional context."
        },
        "answer": "B",
        "distance": 0
    },
    {
        "case_id": "primevul_43",
        "code": "MagickExport Image *CloneImage(const Image *image,const size_t columns,const size_t rows,const MagickBooleanType detach,ExceptionInfo *exception)\n{\n  double\n    scale;\n  Image\n    *clone_image;\n  size_t\n    length;\n  assert(image != (const Image *) NULL);\n  assert(image->signature == MagickSignature);\n  if (image->debug != MagickFalse)\n  {\n    (void) LogMagickEvent(TraceEvent,GetMagickModule(),\"%s\",image->filename);\n  }\n  assert(exception != (ExceptionInfo *) NULL);\n  assert(exception->signature == MagickSignature);\n  if ((image->columns == 0) || (image->rows == 0))\n  {\n    (void) ThrowMagickException(exception,GetMagickModule(),CorruptImageError,\"NegativeOrZeroImageSize\",\"`%s'\",image->filename);\n    return((Image *) NULL);\n  }\n  clone_image=(Image *) AcquireMagickMemory(sizeof(*clone_image));\n  if (clone_image == (Image *) NULL)\n  {\n    ThrowImageException(ResourceLimitError,\"MemoryAllocationFailed\");\n  }\n  (void) ResetMagickMemory(clone_image,0,sizeof(*clone_image));\n  clone_image->signature=MagickSignature;\n  clone_image->storage_class=image->storage_class;\n  clone_image->channels=image->channels;\n  clone_image->colorspace=image->colorspace;\n  clone_image->matte=image->matte;\n  clone_image->columns=image->columns;\n  clone_image->rows=image->rows;\n  clone_image->dither=image->dither;\n  if (image->colormap != (PixelPacket *) NULL)\n  {\n    clone_image->colors=image->colors;\n    length=(size_t) image->colors;\n    clone_image->colormap=(PixelPacket *) AcquireQuantumMemory(length,sizeof(*clone_image->colormap));\n    if (clone_image->colormap == (PixelPacket *) NULL)\n    {\n      clone_image=DestroyImage(clone_image);\n      ThrowImageException(ResourceLimitError,\"MemoryAllocationFailed\");\n    }\n    (void) CopyMagickMemory(clone_image->colormap,image->colormap,length*sizeof(*clone_image->colormap));\n  }\n  (void) CloneImageProfiles(clone_image,image);\n  (void) CloneImageProperties(clone_image,image);\n  (void) CloneImageArtifacts(clone_image,image);\n  GetTimerInfo(&clone_image->timer);\n  InitializeExceptionInfo(&clone_image->exception);\n  InheritException(&clone_image->exception,&image->exception);\n  if (image->ascii85 != (void *) NULL)\n  {\n    Ascii85Initialize(clone_image);\n  }\n  clone_image->magick_columns=image->magick_columns;\n  clone_image->magick_rows=image->magick_rows;\n  clone_image->type=image->type;\n  (void) CopyMagickString(clone_image->magick_filename,image->magick_filename,MaxTextExtent);\n  (void) CopyMagickString(clone_image->magick,image->magick,MaxTextExtent);\n  (void) CopyMagickString(clone_image->filename,image->filename,MaxTextExtent);\n  clone_image->progress_monitor=image->progress_monitor;\n  clone_image->client_data=image->client_data;\n  clone_image->reference_count=1;\n  clone_image->next=image->next;\n  clone_image->previous=image->previous;\n  clone_image->list=NewImageList();\n  clone_image->clip_mask=NewImageList();\n  clone_image->mask=NewImageList();\n  if (detach == MagickFalse)\n  {\n    clone_image->blob=ReferenceBlob(image->blob);\n  }\n  else\n  {\n    clone_image->next=NewImageList();\n    clone_image->previous=NewImageList();\n    clone_image->blob=CloneBlobInfo((BlobInfo *) NULL);\n  }\n  clone_image->ping=image->ping;\n  clone_image->debug=IsEventLogging();\n  clone_image->semaphore=AllocateSemaphoreInfo();\n  if ((columns == 0) || (rows == 0))\n  {\n    if (image->montage != (char *) NULL)\n    {\n      (void) CloneString(&clone_image->montage,image->montage);\n    }\n    if (image->directory != (char *) NULL)\n    {\n      (void) CloneString(&clone_image->directory,image->directory);\n    }\n    if (image->clip_mask != (Image *) NULL)\n    {\n      clone_image->clip_mask=CloneImage(image->clip_mask,0,0,MagickTrue,exception);\n    }\n    if (image->mask != (Image *) NULL)\n    {\n      clone_image->mask=CloneImage(image->mask,0,0,MagickTrue,exception);\n    }\n    clone_image->cache=ReferencePixelCache(image->cache);\n    return(clone_image);\n  }\n  if ((columns == image->columns) && (rows == image->rows))\n  {\n    if (image->clip_mask != (Image *) NULL)\n    {\n      clone_image->clip_mask=CloneImage(image->clip_mask,0,0,MagickTrue,exception);\n    }\n    if (image->mask != (Image *) NULL)\n    {\n      clone_image->mask=CloneImage(image->mask,0,0,MagickTrue,exception);\n    }\n  }\n  scale=1.0;\n  if (image->columns != 0)\n  {\n    scale=(double) columns/(double) image->columns;\n  }\n  clone_image->page.width=(size_t) floor(scale*image->page.width+0.5);\n  clone_image->page.x=(ssize_t) ceil(scale*image->page.x-0.5);\n  clone_image->tile_offset.x=(ssize_t) ceil(scale*image->tile_offset.x-0.5);\n  scale=1.0;\n  if (image->rows != 0)\n  {\n    scale=(double) rows/(double) image->rows;\n  }\n  clone_image->page.height=(size_t) floor(scale*image->page.height+0.5);\n  clone_image->page.y=(ssize_t) ceil(scale*image->page.y-0.5);\n  clone_image->tile_offset.y=(ssize_t) ceil(scale*image->tile_offset.y-0.5);\n  clone_image->cache=ClonePixelCache(image->cache);\n  if (SetImageExtent(clone_image,columns,rows) == MagickFalse)\n  {\n    InheritException(exception,&clone_image->exception);\n    clone_image=DestroyImage(clone_image);\n  }\n  return(clone_image);\n}\n",
        "question": "How does modifying the control structure `if (image->colormap != (PixelPacket *) NULL)` affect the behavior or output of `CloneImageProfiles`?",
        "choices": {
            "A": "The modification of `if (image->colormap != (PixelPacket *) NULL)` directly impacts the execution of `CloneImageProfiles` because its entire operation is controlled by `if (image->colormap != (PixelPacket *) NULL)` and located within `if (image->colormap != (PixelPacket *) NULL)`.",
            "B": "Modifying `if (image->colormap != (PixelPacket *) NULL)` has no impact on the behavior or output of `CloneImageProfiles`.",
            "C": "The change of if (image->colormap != (PixelPacket *) NULL) indirectly affects the execution of `CloneImageProfiles`, as the modifications in `if (image->colormap != (PixelPacket *) NULL)` influence the arguments or conditions within `CloneImageProfiles`.",
            "D": "It is not possible to determine the effect without additional context."
        },
        "answer": "C",
        "distance": 3
    },
    {
        "case_id": "primevul_43",
        "code": "MagickExport Image *CloneImage(const Image *image,const size_t columns,const size_t rows,const MagickBooleanType detach,ExceptionInfo *exception)\n{\n  double\n    scale;\n  Image\n    *clone_image;\n  size_t\n    length;\n  assert(image != (const Image *) NULL);\n  assert(image->signature == MagickSignature);\n  if (image->debug != MagickFalse)\n  {\n    (void) LogMagickEvent(TraceEvent,GetMagickModule(),\"%s\",image->filename);\n  }\n  assert(exception != (ExceptionInfo *) NULL);\n  assert(exception->signature == MagickSignature);\n  if ((image->columns == 0) || (image->rows == 0))\n  {\n    (void) ThrowMagickException(exception,GetMagickModule(),CorruptImageError,\"NegativeOrZeroImageSize\",\"`%s'\",image->filename);\n    return((Image *) NULL);\n  }\n  clone_image=(Image *) AcquireMagickMemory(sizeof(*clone_image));\n  if (clone_image == (Image *) NULL)\n  {\n    ThrowImageException(ResourceLimitError,\"MemoryAllocationFailed\");\n  }\n  (void) ResetMagickMemory(clone_image,0,sizeof(*clone_image));\n  clone_image->signature=MagickSignature;\n  clone_image->storage_class=image->storage_class;\n  clone_image->channels=image->channels;\n  clone_image->colorspace=image->colorspace;\n  clone_image->matte=image->matte;\n  clone_image->columns=image->columns;\n  clone_image->rows=image->rows;\n  clone_image->dither=image->dither;\n  if (image->colormap != (PixelPacket *) NULL)\n  {\n    clone_image->colors=image->colors;\n    length=(size_t) image->colors;\n    clone_image->colormap=(PixelPacket *) AcquireQuantumMemory(length,sizeof(*clone_image->colormap));\n    if (clone_image->colormap == (PixelPacket *) NULL)\n    {\n      clone_image=DestroyImage(clone_image);\n      ThrowImageException(ResourceLimitError,\"MemoryAllocationFailed\");\n    }\n    (void) CopyMagickMemory(clone_image->colormap,image->colormap,length*sizeof(*clone_image->colormap));\n  }\n  (void) CloneImageProfiles(clone_image,image);\n  (void) CloneImageProperties(clone_image,image);\n  (void) CloneImageArtifacts(clone_image,image);\n  GetTimerInfo(&clone_image->timer);\n  InitializeExceptionInfo(&clone_image->exception);\n  InheritException(&clone_image->exception,&image->exception);\n  if (image->ascii85 != (void *) NULL)\n  {\n    Ascii85Initialize(clone_image);\n  }\n  clone_image->magick_columns=image->magick_columns;\n  clone_image->magick_rows=image->magick_rows;\n  clone_image->type=image->type;\n  (void) CopyMagickString(clone_image->magick_filename,image->magick_filename,MaxTextExtent);\n  (void) CopyMagickString(clone_image->magick,image->magick,MaxTextExtent);\n  (void) CopyMagickString(clone_image->filename,image->filename,MaxTextExtent);\n  clone_image->progress_monitor=image->progress_monitor;\n  clone_image->client_data=image->client_data;\n  clone_image->reference_count=1;\n  clone_image->next=image->next;\n  clone_image->previous=image->previous;\n  clone_image->list=NewImageList();\n  clone_image->clip_mask=NewImageList();\n  clone_image->mask=NewImageList();\n  if (detach == MagickFalse)\n  {\n    clone_image->blob=ReferenceBlob(image->blob);\n  }\n  else\n  {\n    clone_image->next=NewImageList();\n    clone_image->previous=NewImageList();\n    clone_image->blob=CloneBlobInfo((BlobInfo *) NULL);\n  }\n  clone_image->ping=image->ping;\n  clone_image->debug=IsEventLogging();\n  clone_image->semaphore=AllocateSemaphoreInfo();\n  if ((columns == 0) || (rows == 0))\n  {\n    if (image->montage != (char *) NULL)\n    {\n      (void) CloneString(&clone_image->montage,image->montage);\n    }\n    if (image->directory != (char *) NULL)\n    {\n      (void) CloneString(&clone_image->directory,image->directory);\n    }\n    if (image->clip_mask != (Image *) NULL)\n    {\n      clone_image->clip_mask=CloneImage(image->clip_mask,0,0,MagickTrue,exception);\n    }\n    if (image->mask != (Image *) NULL)\n    {\n      clone_image->mask=CloneImage(image->mask,0,0,MagickTrue,exception);\n    }\n    clone_image->cache=ReferencePixelCache(image->cache);\n    return(clone_image);\n  }\n  if ((columns == image->columns) && (rows == image->rows))\n  {\n    if (image->clip_mask != (Image *) NULL)\n    {\n      clone_image->clip_mask=CloneImage(image->clip_mask,0,0,MagickTrue,exception);\n    }\n    if (image->mask != (Image *) NULL)\n    {\n      clone_image->mask=CloneImage(image->mask,0,0,MagickTrue,exception);\n    }\n  }\n  scale=1.0;\n  if (image->columns != 0)\n  {\n    scale=(double) columns/(double) image->columns;\n  }\n  clone_image->page.width=(size_t) floor(scale*image->page.width+0.5);\n  clone_image->page.x=(ssize_t) ceil(scale*image->page.x-0.5);\n  clone_image->tile_offset.x=(ssize_t) ceil(scale*image->tile_offset.x-0.5);\n  scale=1.0;\n  if (image->rows != 0)\n  {\n    scale=(double) rows/(double) image->rows;\n  }\n  clone_image->page.height=(size_t) floor(scale*image->page.height+0.5);\n  clone_image->page.y=(ssize_t) ceil(scale*image->page.y-0.5);\n  clone_image->tile_offset.y=(ssize_t) ceil(scale*image->tile_offset.y-0.5);\n  clone_image->cache=ClonePixelCache(image->cache);\n  if (SetImageExtent(clone_image,columns,rows) == MagickFalse)\n  {\n    InheritException(exception,&clone_image->exception);\n    clone_image=DestroyImage(clone_image);\n  }\n  return(clone_image);\n}\n",
        "question": "How does modifying the control structure `if (image->colormap != (PixelPacket *) NULL)` affect the behavior or output of `CloneImageProperties`?",
        "choices": {
            "A": "The modification of `if (image->colormap != (PixelPacket *) NULL)` directly impacts the execution of `CloneImageProperties` because its entire operation is controlled by `if (image->colormap != (PixelPacket *) NULL)` and located within `if (image->colormap != (PixelPacket *) NULL)`.",
            "B": "Modifying `if (image->colormap != (PixelPacket *) NULL)` has no impact on the behavior or output of `CloneImageProperties`.",
            "C": "The change of if (image->colormap != (PixelPacket *) NULL) indirectly affects the execution of `CloneImageProperties`, as the modifications in `if (image->colormap != (PixelPacket *) NULL)` influence the arguments or conditions within `CloneImageProperties`.",
            "D": "It is not possible to determine the effect without additional context."
        },
        "answer": "C",
        "distance": 3
    },
    {
        "case_id": "primevul_43",
        "code": "MagickExport Image *CloneImage(const Image *image,const size_t columns,const size_t rows,const MagickBooleanType detach,ExceptionInfo *exception)\n{\n  double\n    scale;\n  Image\n    *clone_image;\n  size_t\n    length;\n  assert(image != (const Image *) NULL);\n  assert(image->signature == MagickSignature);\n  if (image->debug != MagickFalse)\n  {\n    (void) LogMagickEvent(TraceEvent,GetMagickModule(),\"%s\",image->filename);\n  }\n  assert(exception != (ExceptionInfo *) NULL);\n  assert(exception->signature == MagickSignature);\n  if ((image->columns == 0) || (image->rows == 0))\n  {\n    (void) ThrowMagickException(exception,GetMagickModule(),CorruptImageError,\"NegativeOrZeroImageSize\",\"`%s'\",image->filename);\n    return((Image *) NULL);\n  }\n  clone_image=(Image *) AcquireMagickMemory(sizeof(*clone_image));\n  if (clone_image == (Image *) NULL)\n  {\n    ThrowImageException(ResourceLimitError,\"MemoryAllocationFailed\");\n  }\n  (void) ResetMagickMemory(clone_image,0,sizeof(*clone_image));\n  clone_image->signature=MagickSignature;\n  clone_image->storage_class=image->storage_class;\n  clone_image->channels=image->channels;\n  clone_image->colorspace=image->colorspace;\n  clone_image->matte=image->matte;\n  clone_image->columns=image->columns;\n  clone_image->rows=image->rows;\n  clone_image->dither=image->dither;\n  if (image->colormap != (PixelPacket *) NULL)\n  {\n    clone_image->colors=image->colors;\n    length=(size_t) image->colors;\n    clone_image->colormap=(PixelPacket *) AcquireQuantumMemory(length,sizeof(*clone_image->colormap));\n    if (clone_image->colormap == (PixelPacket *) NULL)\n    {\n      clone_image=DestroyImage(clone_image);\n      ThrowImageException(ResourceLimitError,\"MemoryAllocationFailed\");\n    }\n    (void) CopyMagickMemory(clone_image->colormap,image->colormap,length*sizeof(*clone_image->colormap));\n  }\n  (void) CloneImageProfiles(clone_image,image);\n  (void) CloneImageProperties(clone_image,image);\n  (void) CloneImageArtifacts(clone_image,image);\n  GetTimerInfo(&clone_image->timer);\n  InitializeExceptionInfo(&clone_image->exception);\n  InheritException(&clone_image->exception,&image->exception);\n  if (image->ascii85 != (void *) NULL)\n  {\n    Ascii85Initialize(clone_image);\n  }\n  clone_image->magick_columns=image->magick_columns;\n  clone_image->magick_rows=image->magick_rows;\n  clone_image->type=image->type;\n  (void) CopyMagickString(clone_image->magick_filename,image->magick_filename,MaxTextExtent);\n  (void) CopyMagickString(clone_image->magick,image->magick,MaxTextExtent);\n  (void) CopyMagickString(clone_image->filename,image->filename,MaxTextExtent);\n  clone_image->progress_monitor=image->progress_monitor;\n  clone_image->client_data=image->client_data;\n  clone_image->reference_count=1;\n  clone_image->next=image->next;\n  clone_image->previous=image->previous;\n  clone_image->list=NewImageList();\n  clone_image->clip_mask=NewImageList();\n  clone_image->mask=NewImageList();\n  if (detach == MagickFalse)\n  {\n    clone_image->blob=ReferenceBlob(image->blob);\n  }\n  else\n  {\n    clone_image->next=NewImageList();\n    clone_image->previous=NewImageList();\n    clone_image->blob=CloneBlobInfo((BlobInfo *) NULL);\n  }\n  clone_image->ping=image->ping;\n  clone_image->debug=IsEventLogging();\n  clone_image->semaphore=AllocateSemaphoreInfo();\n  if ((columns == 0) || (rows == 0))\n  {\n    if (image->montage != (char *) NULL)\n    {\n      (void) CloneString(&clone_image->montage,image->montage);\n    }\n    if (image->directory != (char *) NULL)\n    {\n      (void) CloneString(&clone_image->directory,image->directory);\n    }\n    if (image->clip_mask != (Image *) NULL)\n    {\n      clone_image->clip_mask=CloneImage(image->clip_mask,0,0,MagickTrue,exception);\n    }\n    if (image->mask != (Image *) NULL)\n    {\n      clone_image->mask=CloneImage(image->mask,0,0,MagickTrue,exception);\n    }\n    clone_image->cache=ReferencePixelCache(image->cache);\n    return(clone_image);\n  }\n  if ((columns == image->columns) && (rows == image->rows))\n  {\n    if (image->clip_mask != (Image *) NULL)\n    {\n      clone_image->clip_mask=CloneImage(image->clip_mask,0,0,MagickTrue,exception);\n    }\n    if (image->mask != (Image *) NULL)\n    {\n      clone_image->mask=CloneImage(image->mask,0,0,MagickTrue,exception);\n    }\n  }\n  scale=1.0;\n  if (image->columns != 0)\n  {\n    scale=(double) columns/(double) image->columns;\n  }\n  clone_image->page.width=(size_t) floor(scale*image->page.width+0.5);\n  clone_image->page.x=(ssize_t) ceil(scale*image->page.x-0.5);\n  clone_image->tile_offset.x=(ssize_t) ceil(scale*image->tile_offset.x-0.5);\n  scale=1.0;\n  if (image->rows != 0)\n  {\n    scale=(double) rows/(double) image->rows;\n  }\n  clone_image->page.height=(size_t) floor(scale*image->page.height+0.5);\n  clone_image->page.y=(ssize_t) ceil(scale*image->page.y-0.5);\n  clone_image->tile_offset.y=(ssize_t) ceil(scale*image->tile_offset.y-0.5);\n  clone_image->cache=ClonePixelCache(image->cache);\n  if (SetImageExtent(clone_image,columns,rows) == MagickFalse)\n  {\n    InheritException(exception,&clone_image->exception);\n    clone_image=DestroyImage(clone_image);\n  }\n  return(clone_image);\n}\n",
        "question": "How does modifying the control structure `if (image->colormap != (PixelPacket *) NULL)` affect the behavior or output of `CloneImageArtifacts`?",
        "choices": {
            "A": "The modification of `if (image->colormap != (PixelPacket *) NULL)` directly impacts the execution of `CloneImageArtifacts` because its entire operation is controlled by `if (image->colormap != (PixelPacket *) NULL)` and located within `if (image->colormap != (PixelPacket *) NULL)`.",
            "B": "Modifying `if (image->colormap != (PixelPacket *) NULL)` has no impact on the behavior or output of `CloneImageArtifacts`.",
            "C": "The change of if (image->colormap != (PixelPacket *) NULL) indirectly affects the execution of `CloneImageArtifacts`, as the modifications in `if (image->colormap != (PixelPacket *) NULL)` influence the arguments or conditions within `CloneImageArtifacts`.",
            "D": "It is not possible to determine the effect without additional context."
        },
        "answer": "C",
        "distance": 3
    },
    {
        "case_id": "primevul_43",
        "code": "MagickExport Image *CloneImage(const Image *image,const size_t columns,const size_t rows,const MagickBooleanType detach,ExceptionInfo *exception)\n{\n  double\n    scale;\n  Image\n    *clone_image;\n  size_t\n    length;\n  assert(image != (const Image *) NULL);\n  assert(image->signature == MagickSignature);\n  if (image->debug != MagickFalse)\n  {\n    (void) LogMagickEvent(TraceEvent,GetMagickModule(),\"%s\",image->filename);\n  }\n  assert(exception != (ExceptionInfo *) NULL);\n  assert(exception->signature == MagickSignature);\n  if ((image->columns == 0) || (image->rows == 0))\n  {\n    (void) ThrowMagickException(exception,GetMagickModule(),CorruptImageError,\"NegativeOrZeroImageSize\",\"`%s'\",image->filename);\n    return((Image *) NULL);\n  }\n  clone_image=(Image *) AcquireMagickMemory(sizeof(*clone_image));\n  if (clone_image == (Image *) NULL)\n  {\n    ThrowImageException(ResourceLimitError,\"MemoryAllocationFailed\");\n  }\n  (void) ResetMagickMemory(clone_image,0,sizeof(*clone_image));\n  clone_image->signature=MagickSignature;\n  clone_image->storage_class=image->storage_class;\n  clone_image->channels=image->channels;\n  clone_image->colorspace=image->colorspace;\n  clone_image->matte=image->matte;\n  clone_image->columns=image->columns;\n  clone_image->rows=image->rows;\n  clone_image->dither=image->dither;\n  if (image->colormap != (PixelPacket *) NULL)\n  {\n    clone_image->colors=image->colors;\n    length=(size_t) image->colors;\n    clone_image->colormap=(PixelPacket *) AcquireQuantumMemory(length,sizeof(*clone_image->colormap));\n    if (clone_image->colormap == (PixelPacket *) NULL)\n    {\n      clone_image=DestroyImage(clone_image);\n      ThrowImageException(ResourceLimitError,\"MemoryAllocationFailed\");\n    }\n    (void) CopyMagickMemory(clone_image->colormap,image->colormap,length*sizeof(*clone_image->colormap));\n  }\n  (void) CloneImageProfiles(clone_image,image);\n  (void) CloneImageProperties(clone_image,image);\n  (void) CloneImageArtifacts(clone_image,image);\n  GetTimerInfo(&clone_image->timer);\n  InitializeExceptionInfo(&clone_image->exception);\n  InheritException(&clone_image->exception,&image->exception);\n  if (image->ascii85 != (void *) NULL)\n  {\n    Ascii85Initialize(clone_image);\n  }\n  clone_image->magick_columns=image->magick_columns;\n  clone_image->magick_rows=image->magick_rows;\n  clone_image->type=image->type;\n  (void) CopyMagickString(clone_image->magick_filename,image->magick_filename,MaxTextExtent);\n  (void) CopyMagickString(clone_image->magick,image->magick,MaxTextExtent);\n  (void) CopyMagickString(clone_image->filename,image->filename,MaxTextExtent);\n  clone_image->progress_monitor=image->progress_monitor;\n  clone_image->client_data=image->client_data;\n  clone_image->reference_count=1;\n  clone_image->next=image->next;\n  clone_image->previous=image->previous;\n  clone_image->list=NewImageList();\n  clone_image->clip_mask=NewImageList();\n  clone_image->mask=NewImageList();\n  if (detach == MagickFalse)\n  {\n    clone_image->blob=ReferenceBlob(image->blob);\n  }\n  else\n  {\n    clone_image->next=NewImageList();\n    clone_image->previous=NewImageList();\n    clone_image->blob=CloneBlobInfo((BlobInfo *) NULL);\n  }\n  clone_image->ping=image->ping;\n  clone_image->debug=IsEventLogging();\n  clone_image->semaphore=AllocateSemaphoreInfo();\n  if ((columns == 0) || (rows == 0))\n  {\n    if (image->montage != (char *) NULL)\n    {\n      (void) CloneString(&clone_image->montage,image->montage);\n    }\n    if (image->directory != (char *) NULL)\n    {\n      (void) CloneString(&clone_image->directory,image->directory);\n    }\n    if (image->clip_mask != (Image *) NULL)\n    {\n      clone_image->clip_mask=CloneImage(image->clip_mask,0,0,MagickTrue,exception);\n    }\n    if (image->mask != (Image *) NULL)\n    {\n      clone_image->mask=CloneImage(image->mask,0,0,MagickTrue,exception);\n    }\n    clone_image->cache=ReferencePixelCache(image->cache);\n    return(clone_image);\n  }\n  if ((columns == image->columns) && (rows == image->rows))\n  {\n    if (image->clip_mask != (Image *) NULL)\n    {\n      clone_image->clip_mask=CloneImage(image->clip_mask,0,0,MagickTrue,exception);\n    }\n    if (image->mask != (Image *) NULL)\n    {\n      clone_image->mask=CloneImage(image->mask,0,0,MagickTrue,exception);\n    }\n  }\n  scale=1.0;\n  if (image->columns != 0)\n  {\n    scale=(double) columns/(double) image->columns;\n  }\n  clone_image->page.width=(size_t) floor(scale*image->page.width+0.5);\n  clone_image->page.x=(ssize_t) ceil(scale*image->page.x-0.5);\n  clone_image->tile_offset.x=(ssize_t) ceil(scale*image->tile_offset.x-0.5);\n  scale=1.0;\n  if (image->rows != 0)\n  {\n    scale=(double) rows/(double) image->rows;\n  }\n  clone_image->page.height=(size_t) floor(scale*image->page.height+0.5);\n  clone_image->page.y=(ssize_t) ceil(scale*image->page.y-0.5);\n  clone_image->tile_offset.y=(ssize_t) ceil(scale*image->tile_offset.y-0.5);\n  clone_image->cache=ClonePixelCache(image->cache);\n  if (SetImageExtent(clone_image,columns,rows) == MagickFalse)\n  {\n    InheritException(exception,&clone_image->exception);\n    clone_image=DestroyImage(clone_image);\n  }\n  return(clone_image);\n}\n",
        "question": "How does modifying the control structure `if (image->colormap != (PixelPacket *) NULL)` affect the behavior or output of `Ascii85Initialize`?",
        "choices": {
            "A": "The modification of `if (image->colormap != (PixelPacket *) NULL)` directly impacts the execution of `Ascii85Initialize` because its entire operation is controlled by `if (image->colormap != (PixelPacket *) NULL)` and located within `if (image->colormap != (PixelPacket *) NULL)`.",
            "B": "Modifying `if (image->colormap != (PixelPacket *) NULL)` has no impact on the behavior or output of `Ascii85Initialize`.",
            "C": "The change of if (image->colormap != (PixelPacket *) NULL) indirectly affects the execution of `Ascii85Initialize`, as the modifications in `if (image->colormap != (PixelPacket *) NULL)` influence the arguments or conditions within `Ascii85Initialize`.",
            "D": "It is not possible to determine the effect without additional context."
        },
        "answer": "C",
        "distance": 3
    }
]