[
    {
        "case_id": "primevul_47",
        "code": "static bool ShouldAutofocus(const HTMLFormControlElement* element)\n{\n  if (!element->isConnected())\n  {\n    return false;\n  }\n  if (!element->IsAutofocusable())\n  {\n    return false;\n  }\n  Document& doc = element->GetDocument();\n  if (doc.IsSandboxed(WebSandboxFlags::kAutomaticFeatures))\n  {\n    doc.AddConsoleMessage(ConsoleMessage::Create(mojom::ConsoleMessageSource::kSecurity, mojom::ConsoleMessageLevel::kError, \"Blocked autofocusing on a form control because the form's frame is sandboxed and the 'allow-scripts' permission is not set.\"));\n    return false;\n  }\n  if (!doc.IsInMainFrame() && !doc.TopFrameOrigin()->CanAccess(doc.GetSecurityOrigin()))\n  {\n    doc.AddConsoleMessage(ConsoleMessage::Create(mojom::ConsoleMessageSource::kSecurity, mojom::ConsoleMessageLevel::kError, \"Blocked autofocusing on a form control in a cross-origin subframe.\"));\n    return false;\n  }\n  return true;\n}\n",
        "question": "How does modifying the control structure `if (!doc.IsInMainFrame() && !doc.TopFrameOrigin()->CanAccess(doc.GetSecurityOrigin()))` affect the behavior or output of `GetDocument`?",
        "choices": {
            "A": "The modification of `if (!doc.IsInMainFrame() && !doc.TopFrameOrigin()->CanAccess(doc.GetSecurityOrigin()))` directly impacts the execution of `GetDocument` because its entire operation is controlled by `if (!doc.IsInMainFrame() && !doc.TopFrameOrigin()->CanAccess(doc.GetSecurityOrigin()))` and located within `if (!doc.IsInMainFrame() && !doc.TopFrameOrigin()->CanAccess(doc.GetSecurityOrigin()))`.",
            "B": "Modifying `if (!doc.IsInMainFrame() && !doc.TopFrameOrigin()->CanAccess(doc.GetSecurityOrigin()))` has no impact on the behavior or output of `GetDocument`.",
            "C": "The change of if (!doc.IsInMainFrame() && !doc.TopFrameOrigin()->CanAccess(doc.GetSecurityOrigin())) indirectly affects the execution of `GetDocument`, as the modifications in `if (!doc.IsInMainFrame() && !doc.TopFrameOrigin()->CanAccess(doc.GetSecurityOrigin()))` influence the arguments or conditions within `GetDocument`.",
            "D": "It is not possible to determine the effect without additional context."
        },
        "answer": "B",
        "distance": 0
    },
    {
        "case_id": "primevul_47",
        "code": "static bool ShouldAutofocus(const HTMLFormControlElement* element)\n{\n  if (!element->isConnected())\n  {\n    return false;\n  }\n  if (!element->IsAutofocusable())\n  {\n    return false;\n  }\n  Document& doc = element->GetDocument();\n  if (doc.IsSandboxed(WebSandboxFlags::kAutomaticFeatures))\n  {\n    doc.AddConsoleMessage(ConsoleMessage::Create(mojom::ConsoleMessageSource::kSecurity, mojom::ConsoleMessageLevel::kError, \"Blocked autofocusing on a form control because the form's frame is sandboxed and the 'allow-scripts' permission is not set.\"));\n    return false;\n  }\n  if (!doc.IsInMainFrame() && !doc.TopFrameOrigin()->CanAccess(doc.GetSecurityOrigin()))\n  {\n    doc.AddConsoleMessage(ConsoleMessage::Create(mojom::ConsoleMessageSource::kSecurity, mojom::ConsoleMessageLevel::kError, \"Blocked autofocusing on a form control in a cross-origin subframe.\"));\n    return false;\n  }\n  return true;\n}\n",
        "question": "How does modifying the control structure `return false;` affect the behavior or output of `GetDocument`?",
        "choices": {
            "A": "The modification of `return false;` directly impacts the execution of `GetDocument` because its entire operation is controlled by `return false;` and located within `return false;`.",
            "B": "Modifying `return false;` has no impact on the behavior or output of `GetDocument`.",
            "C": "The change of return false; indirectly affects the execution of `GetDocument`, as the modifications in `return false;` influence the arguments or conditions within `GetDocument`.",
            "D": "It is not possible to determine the effect without additional context."
        },
        "answer": "B",
        "distance": 0
    },
    {
        "case_id": "primevul_47",
        "code": "static bool ShouldAutofocus(const HTMLFormControlElement* element)\n{\n  if (!element->isConnected())\n  {\n    return false;\n  }\n  if (!element->IsAutofocusable())\n  {\n    return false;\n  }\n  Document& doc = element->GetDocument();\n  if (doc.IsSandboxed(WebSandboxFlags::kAutomaticFeatures))\n  {\n    doc.AddConsoleMessage(ConsoleMessage::Create(mojom::ConsoleMessageSource::kSecurity, mojom::ConsoleMessageLevel::kError, \"Blocked autofocusing on a form control because the form's frame is sandboxed and the 'allow-scripts' permission is not set.\"));\n    return false;\n  }\n  if (!doc.IsInMainFrame() && !doc.TopFrameOrigin()->CanAccess(doc.GetSecurityOrigin()))\n  {\n    doc.AddConsoleMessage(ConsoleMessage::Create(mojom::ConsoleMessageSource::kSecurity, mojom::ConsoleMessageLevel::kError, \"Blocked autofocusing on a form control in a cross-origin subframe.\"));\n    return false;\n  }\n  return true;\n}\n",
        "question": "How does modifying the control structure `return false;` affect the behavior or output of `GetDocument`?",
        "choices": {
            "A": "The modification of `return false;` directly impacts the execution of `GetDocument` because its entire operation is controlled by `return false;` and located within `return false;`.",
            "B": "Modifying `return false;` has no impact on the behavior or output of `GetDocument`.",
            "C": "The change of return false; indirectly affects the execution of `GetDocument`, as the modifications in `return false;` influence the arguments or conditions within `GetDocument`.",
            "D": "It is not possible to determine the effect without additional context."
        },
        "answer": "B",
        "distance": 0
    },
    {
        "case_id": "primevul_47",
        "code": "static bool ShouldAutofocus(const HTMLFormControlElement* element)\n{\n  if (!element->isConnected())\n  {\n    return false;\n  }\n  if (!element->IsAutofocusable())\n  {\n    return false;\n  }\n  Document& doc = element->GetDocument();\n  if (doc.IsSandboxed(WebSandboxFlags::kAutomaticFeatures))\n  {\n    doc.AddConsoleMessage(ConsoleMessage::Create(mojom::ConsoleMessageSource::kSecurity, mojom::ConsoleMessageLevel::kError, \"Blocked autofocusing on a form control because the form's frame is sandboxed and the 'allow-scripts' permission is not set.\"));\n    return false;\n  }\n  if (!doc.IsInMainFrame() && !doc.TopFrameOrigin()->CanAccess(doc.GetSecurityOrigin()))\n  {\n    doc.AddConsoleMessage(ConsoleMessage::Create(mojom::ConsoleMessageSource::kSecurity, mojom::ConsoleMessageLevel::kError, \"Blocked autofocusing on a form control in a cross-origin subframe.\"));\n    return false;\n  }\n  return true;\n}\n",
        "question": "How does modifying the control structure `return false;` affect the behavior or output of `GetDocument`?",
        "choices": {
            "A": "The modification of `return false;` directly impacts the execution of `GetDocument` because its entire operation is controlled by `return false;` and located within `return false;`.",
            "B": "Modifying `return false;` has no impact on the behavior or output of `GetDocument`.",
            "C": "The change of return false; indirectly affects the execution of `GetDocument`, as the modifications in `return false;` influence the arguments or conditions within `GetDocument`.",
            "D": "It is not possible to determine the effect without additional context."
        },
        "answer": "B",
        "distance": 0
    }
]