[
    {
        "case_id": "primevul_15",
        "code": "void processInputBuffer(client *c)\n{\n    server.current_client = c;\n    while (sdslen(c->querybuf))\n    {\n        if (!(c->flags & CLIENT_SLAVE) && clientsArePaused())\n        {\n            break;\n        }\n        if (c->flags & CLIENT_BLOCKED)\n        {\n            break;\n        }\n        if (c->flags & CLIENT_CLOSE_AFTER_REPLY)\n        {\n            break;\n        }\n        if (!c->reqtype)\n        {\n            if (c->querybuf[0] == '*')\n            {\n                c->reqtype = PROTO_REQ_MULTIBULK;\n            }\n            else\n            {\n                c->reqtype = PROTO_REQ_INLINE;\n            }\n        }\n        if (c->reqtype == PROTO_REQ_INLINE)\n        {\n            if (processInlineBuffer(c) != C_OK)\n            {\n                break;\n            }\n        }\n        else if (c->reqtype == PROTO_REQ_MULTIBULK)\n        {\n            if (processMultibulkBuffer(c) != C_OK)\n            {\n                break;\n            }\n        }\n        else\n        {\n            serverPanic(\"Unknown request type\");\n        }\n        if (c->argc == 0)\n        {\n            resetClient(c);\n        }\n        else\n        {\n            if (processCommand(c) == C_OK)\n            {\n                resetClient(c);\n            }\n            if (server.current_client == NULL)\n            {\n                break;\n            }\n        }\n    }\n    server.current_client = NULL;\n}\n",
        "question": "How does modifying the control structure `while (sdslen(c->querybuf))` affect the behavior or output of `serverPanic`?",
        "choices": {
            "A": "The modification of `while (sdslen(c->querybuf))` directly impacts the execution of `serverPanic` because its entire operation is controlled by `while (sdslen(c->querybuf))` and located within `while (sdslen(c->querybuf))`.",
            "B": "Modifying `while (sdslen(c->querybuf))` has no impact on the behavior or output of `serverPanic`.",
            "C": "The change of while (sdslen(c->querybuf)) indirectly affects the execution of `serverPanic`, as the modifications in `while (sdslen(c->querybuf))` influence the arguments or conditions within `serverPanic`.",
            "D": "It is not possible to determine the effect without additional context."
        },
        "answer": "A",
        "distance": 1
    },
    {
        "case_id": "primevul_15",
        "code": "void processInputBuffer(client *c)\n{\n    server.current_client = c;\n    while (sdslen(c->querybuf))\n    {\n        if (!(c->flags & CLIENT_SLAVE) && clientsArePaused())\n        {\n            break;\n        }\n        if (c->flags & CLIENT_BLOCKED)\n        {\n            break;\n        }\n        if (c->flags & CLIENT_CLOSE_AFTER_REPLY)\n        {\n            break;\n        }\n        if (!c->reqtype)\n        {\n            if (c->querybuf[0] == '*')\n            {\n                c->reqtype = PROTO_REQ_MULTIBULK;\n            }\n            else\n            {\n                c->reqtype = PROTO_REQ_INLINE;\n            }\n        }\n        if (c->reqtype == PROTO_REQ_INLINE)\n        {\n            if (processInlineBuffer(c) != C_OK)\n            {\n                break;\n            }\n        }\n        else if (c->reqtype == PROTO_REQ_MULTIBULK)\n        {\n            if (processMultibulkBuffer(c) != C_OK)\n            {\n                break;\n            }\n        }\n        else\n        {\n            serverPanic(\"Unknown request type\");\n        }\n        if (c->argc == 0)\n        {\n            resetClient(c);\n        }\n        else\n        {\n            if (processCommand(c) == C_OK)\n            {\n                resetClient(c);\n            }\n            if (server.current_client == NULL)\n            {\n                break;\n            }\n        }\n    }\n    server.current_client = NULL;\n}\n",
        "question": "How does modifying the control structure `else` affect the behavior or output of `serverPanic`?",
        "choices": {
            "A": "The modification of `else` directly impacts the execution of `serverPanic` because its entire operation is controlled by `else` and located within `else`.",
            "B": "Modifying `else` has no impact on the behavior or output of `serverPanic`.",
            "C": "The change of else indirectly affects the execution of `serverPanic`, as the modifications in `else` influence the arguments or conditions within `serverPanic`.",
            "D": "It is not possible to determine the effect without additional context."
        },
        "answer": "B",
        "distance": 0
    },
    {
        "case_id": "primevul_15",
        "code": "void processInputBuffer(client *c)\n{\n    server.current_client = c;\n    while (sdslen(c->querybuf))\n    {\n        if (!(c->flags & CLIENT_SLAVE) && clientsArePaused())\n        {\n            break;\n        }\n        if (c->flags & CLIENT_BLOCKED)\n        {\n            break;\n        }\n        if (c->flags & CLIENT_CLOSE_AFTER_REPLY)\n        {\n            break;\n        }\n        if (!c->reqtype)\n        {\n            if (c->querybuf[0] == '*')\n            {\n                c->reqtype = PROTO_REQ_MULTIBULK;\n            }\n            else\n            {\n                c->reqtype = PROTO_REQ_INLINE;\n            }\n        }\n        if (c->reqtype == PROTO_REQ_INLINE)\n        {\n            if (processInlineBuffer(c) != C_OK)\n            {\n                break;\n            }\n        }\n        else if (c->reqtype == PROTO_REQ_MULTIBULK)\n        {\n            if (processMultibulkBuffer(c) != C_OK)\n            {\n                break;\n            }\n        }\n        else\n        {\n            serverPanic(\"Unknown request type\");\n        }\n        if (c->argc == 0)\n        {\n            resetClient(c);\n        }\n        else\n        {\n            if (processCommand(c) == C_OK)\n            {\n                resetClient(c);\n            }\n            if (server.current_client == NULL)\n            {\n                break;\n            }\n        }\n    }\n    server.current_client = NULL;\n}\n",
        "question": "How does modifying the control structure `else` affect the behavior or output of `processCommand`?",
        "choices": {
            "A": "The modification of `else` directly impacts the execution of `processCommand` because its entire operation is controlled by `else` and located within `else`.",
            "B": "Modifying `else` has no impact on the behavior or output of `processCommand`.",
            "C": "The change of else indirectly affects the execution of `processCommand`, as the modifications in `else` influence the arguments or conditions within `processCommand`.",
            "D": "It is not possible to determine the effect without additional context."
        },
        "answer": "B",
        "distance": 0
    },
    {
        "case_id": "primevul_15",
        "code": "void processInputBuffer(client *c)\n{\n    server.current_client = c;\n    while (sdslen(c->querybuf))\n    {\n        if (!(c->flags & CLIENT_SLAVE) && clientsArePaused())\n        {\n            break;\n        }\n        if (c->flags & CLIENT_BLOCKED)\n        {\n            break;\n        }\n        if (c->flags & CLIENT_CLOSE_AFTER_REPLY)\n        {\n            break;\n        }\n        if (!c->reqtype)\n        {\n            if (c->querybuf[0] == '*')\n            {\n                c->reqtype = PROTO_REQ_MULTIBULK;\n            }\n            else\n            {\n                c->reqtype = PROTO_REQ_INLINE;\n            }\n        }\n        if (c->reqtype == PROTO_REQ_INLINE)\n        {\n            if (processInlineBuffer(c) != C_OK)\n            {\n                break;\n            }\n        }\n        else if (c->reqtype == PROTO_REQ_MULTIBULK)\n        {\n            if (processMultibulkBuffer(c) != C_OK)\n            {\n                break;\n            }\n        }\n        else\n        {\n            serverPanic(\"Unknown request type\");\n        }\n        if (c->argc == 0)\n        {\n            resetClient(c);\n        }\n        else\n        {\n            if (processCommand(c) == C_OK)\n            {\n                resetClient(c);\n            }\n            if (server.current_client == NULL)\n            {\n                break;\n            }\n        }\n    }\n    server.current_client = NULL;\n}\n",
        "question": "How does modifying the control structure `if (c->argc == 0)` affect the behavior or output of `serverPanic`?",
        "choices": {
            "A": "The modification of `if (c->argc == 0)` directly impacts the execution of `serverPanic` because its entire operation is controlled by `if (c->argc == 0)` and located within `if (c->argc == 0)`.",
            "B": "Modifying `if (c->argc == 0)` has no impact on the behavior or output of `serverPanic`.",
            "C": "The change of if (c->argc == 0) indirectly affects the execution of `serverPanic`, as the modifications in `if (c->argc == 0)` influence the arguments or conditions within `serverPanic`.",
            "D": "It is not possible to determine the effect without additional context."
        },
        "answer": "B",
        "distance": 0
    },
    {
        "case_id": "primevul_15",
        "code": "void processInputBuffer(client *c)\n{\n    server.current_client = c;\n    while (sdslen(c->querybuf))\n    {\n        if (!(c->flags & CLIENT_SLAVE) && clientsArePaused())\n        {\n            break;\n        }\n        if (c->flags & CLIENT_BLOCKED)\n        {\n            break;\n        }\n        if (c->flags & CLIENT_CLOSE_AFTER_REPLY)\n        {\n            break;\n        }\n        if (!c->reqtype)\n        {\n            if (c->querybuf[0] == '*')\n            {\n                c->reqtype = PROTO_REQ_MULTIBULK;\n            }\n            else\n            {\n                c->reqtype = PROTO_REQ_INLINE;\n            }\n        }\n        if (c->reqtype == PROTO_REQ_INLINE)\n        {\n            if (processInlineBuffer(c) != C_OK)\n            {\n                break;\n            }\n        }\n        else if (c->reqtype == PROTO_REQ_MULTIBULK)\n        {\n            if (processMultibulkBuffer(c) != C_OK)\n            {\n                break;\n            }\n        }\n        else\n        {\n            serverPanic(\"Unknown request type\");\n        }\n        if (c->argc == 0)\n        {\n            resetClient(c);\n        }\n        else\n        {\n            if (processCommand(c) == C_OK)\n            {\n                resetClient(c);\n            }\n            if (server.current_client == NULL)\n            {\n                break;\n            }\n        }\n    }\n    server.current_client = NULL;\n}\n",
        "question": "How does modifying the control structure `if (c->argc == 0)` affect the behavior or output of `processCommand`?",
        "choices": {
            "A": "The modification of `if (c->argc == 0)` directly impacts the execution of `processCommand` because its entire operation is controlled by `if (c->argc == 0)` and located within `if (c->argc == 0)`.",
            "B": "Modifying `if (c->argc == 0)` has no impact on the behavior or output of `processCommand`.",
            "C": "The change of if (c->argc == 0) indirectly affects the execution of `processCommand`, as the modifications in `if (c->argc == 0)` influence the arguments or conditions within `processCommand`.",
            "D": "It is not possible to determine the effect without additional context."
        },
        "answer": "B",
        "distance": 0
    },
    {
        "case_id": "primevul_15",
        "code": "void processInputBuffer(client *c)\n{\n    server.current_client = c;\n    while (sdslen(c->querybuf))\n    {\n        if (!(c->flags & CLIENT_SLAVE) && clientsArePaused())\n        {\n            break;\n        }\n        if (c->flags & CLIENT_BLOCKED)\n        {\n            break;\n        }\n        if (c->flags & CLIENT_CLOSE_AFTER_REPLY)\n        {\n            break;\n        }\n        if (!c->reqtype)\n        {\n            if (c->querybuf[0] == '*')\n            {\n                c->reqtype = PROTO_REQ_MULTIBULK;\n            }\n            else\n            {\n                c->reqtype = PROTO_REQ_INLINE;\n            }\n        }\n        if (c->reqtype == PROTO_REQ_INLINE)\n        {\n            if (processInlineBuffer(c) != C_OK)\n            {\n                break;\n            }\n        }\n        else if (c->reqtype == PROTO_REQ_MULTIBULK)\n        {\n            if (processMultibulkBuffer(c) != C_OK)\n            {\n                break;\n            }\n        }\n        else\n        {\n            serverPanic(\"Unknown request type\");\n        }\n        if (c->argc == 0)\n        {\n            resetClient(c);\n        }\n        else\n        {\n            if (processCommand(c) == C_OK)\n            {\n                resetClient(c);\n            }\n            if (server.current_client == NULL)\n            {\n                break;\n            }\n        }\n    }\n    server.current_client = NULL;\n}\n",
        "question": "How does modifying the control structure `else if (c->reqtype == PROTO_REQ_MULTIBULK)` affect the behavior or output of `serverPanic`?",
        "choices": {
            "A": "The modification of `else if (c->reqtype == PROTO_REQ_MULTIBULK)` directly impacts the execution of `serverPanic` because its entire operation is controlled by `else if (c->reqtype == PROTO_REQ_MULTIBULK)` and located within `else if (c->reqtype == PROTO_REQ_MULTIBULK)`.",
            "B": "Modifying `else if (c->reqtype == PROTO_REQ_MULTIBULK)` has no impact on the behavior or output of `serverPanic`.",
            "C": "The change of else if (c->reqtype == PROTO_REQ_MULTIBULK) indirectly affects the execution of `serverPanic`, as the modifications in `else if (c->reqtype == PROTO_REQ_MULTIBULK)` influence the arguments or conditions within `serverPanic`.",
            "D": "It is not possible to determine the effect without additional context."
        },
        "answer": "C",
        "distance": 2
    },
    {
        "case_id": "primevul_15",
        "code": "void processInputBuffer(client *c)\n{\n    server.current_client = c;\n    while (sdslen(c->querybuf))\n    {\n        if (!(c->flags & CLIENT_SLAVE) && clientsArePaused())\n        {\n            break;\n        }\n        if (c->flags & CLIENT_BLOCKED)\n        {\n            break;\n        }\n        if (c->flags & CLIENT_CLOSE_AFTER_REPLY)\n        {\n            break;\n        }\n        if (!c->reqtype)\n        {\n            if (c->querybuf[0] == '*')\n            {\n                c->reqtype = PROTO_REQ_MULTIBULK;\n            }\n            else\n            {\n                c->reqtype = PROTO_REQ_INLINE;\n            }\n        }\n        if (c->reqtype == PROTO_REQ_INLINE)\n        {\n            if (processInlineBuffer(c) != C_OK)\n            {\n                break;\n            }\n        }\n        else if (c->reqtype == PROTO_REQ_MULTIBULK)\n        {\n            if (processMultibulkBuffer(c) != C_OK)\n            {\n                break;\n            }\n        }\n        else\n        {\n            serverPanic(\"Unknown request type\");\n        }\n        if (c->argc == 0)\n        {\n            resetClient(c);\n        }\n        else\n        {\n            if (processCommand(c) == C_OK)\n            {\n                resetClient(c);\n            }\n            if (server.current_client == NULL)\n            {\n                break;\n            }\n        }\n    }\n    server.current_client = NULL;\n}\n",
        "question": "How does modifying the control structure `else if (c->reqtype == PROTO_REQ_MULTIBULK)` affect the behavior or output of `serverPanic`?",
        "choices": {
            "A": "The modification of `else if (c->reqtype == PROTO_REQ_MULTIBULK)` directly impacts the execution of `serverPanic` because its entire operation is controlled by `else if (c->reqtype == PROTO_REQ_MULTIBULK)` and located within `else if (c->reqtype == PROTO_REQ_MULTIBULK)`.",
            "B": "Modifying `else if (c->reqtype == PROTO_REQ_MULTIBULK)` has no impact on the behavior or output of `serverPanic`.",
            "C": "The change of else if (c->reqtype == PROTO_REQ_MULTIBULK) indirectly affects the execution of `serverPanic`, as the modifications in `else if (c->reqtype == PROTO_REQ_MULTIBULK)` influence the arguments or conditions within `serverPanic`.",
            "D": "It is not possible to determine the effect without additional context."
        },
        "answer": "C",
        "distance": 2
    },
    {
        "case_id": "primevul_15",
        "code": "void processInputBuffer(client *c)\n{\n    server.current_client = c;\n    while (sdslen(c->querybuf))\n    {\n        if (!(c->flags & CLIENT_SLAVE) && clientsArePaused())\n        {\n            break;\n        }\n        if (c->flags & CLIENT_BLOCKED)\n        {\n            break;\n        }\n        if (c->flags & CLIENT_CLOSE_AFTER_REPLY)\n        {\n            break;\n        }\n        if (!c->reqtype)\n        {\n            if (c->querybuf[0] == '*')\n            {\n                c->reqtype = PROTO_REQ_MULTIBULK;\n            }\n            else\n            {\n                c->reqtype = PROTO_REQ_INLINE;\n            }\n        }\n        if (c->reqtype == PROTO_REQ_INLINE)\n        {\n            if (processInlineBuffer(c) != C_OK)\n            {\n                break;\n            }\n        }\n        else if (c->reqtype == PROTO_REQ_MULTIBULK)\n        {\n            if (processMultibulkBuffer(c) != C_OK)\n            {\n                break;\n            }\n        }\n        else\n        {\n            serverPanic(\"Unknown request type\");\n        }\n        if (c->argc == 0)\n        {\n            resetClient(c);\n        }\n        else\n        {\n            if (processCommand(c) == C_OK)\n            {\n                resetClient(c);\n            }\n            if (server.current_client == NULL)\n            {\n                break;\n            }\n        }\n    }\n    server.current_client = NULL;\n}\n",
        "question": "How does modifying the control structure `if (processMultibulkBuffer(c) != C_OK)` affect the behavior or output of `serverPanic`?",
        "choices": {
            "A": "The modification of `if (processMultibulkBuffer(c) != C_OK)` directly impacts the execution of `serverPanic` because its entire operation is controlled by `if (processMultibulkBuffer(c) != C_OK)` and located within `if (processMultibulkBuffer(c) != C_OK)`.",
            "B": "Modifying `if (processMultibulkBuffer(c) != C_OK)` has no impact on the behavior or output of `serverPanic`.",
            "C": "The change of if (processMultibulkBuffer(c) != C_OK) indirectly affects the execution of `serverPanic`, as the modifications in `if (processMultibulkBuffer(c) != C_OK)` influence the arguments or conditions within `serverPanic`.",
            "D": "It is not possible to determine the effect without additional context."
        },
        "answer": "C",
        "distance": 2
    },
    {
        "case_id": "primevul_15",
        "code": "void processInputBuffer(client *c)\n{\n    server.current_client = c;\n    while (sdslen(c->querybuf))\n    {\n        if (!(c->flags & CLIENT_SLAVE) && clientsArePaused())\n        {\n            break;\n        }\n        if (c->flags & CLIENT_BLOCKED)\n        {\n            break;\n        }\n        if (c->flags & CLIENT_CLOSE_AFTER_REPLY)\n        {\n            break;\n        }\n        if (!c->reqtype)\n        {\n            if (c->querybuf[0] == '*')\n            {\n                c->reqtype = PROTO_REQ_MULTIBULK;\n            }\n            else\n            {\n                c->reqtype = PROTO_REQ_INLINE;\n            }\n        }\n        if (c->reqtype == PROTO_REQ_INLINE)\n        {\n            if (processInlineBuffer(c) != C_OK)\n            {\n                break;\n            }\n        }\n        else if (c->reqtype == PROTO_REQ_MULTIBULK)\n        {\n            if (processMultibulkBuffer(c) != C_OK)\n            {\n                break;\n            }\n        }\n        else\n        {\n            serverPanic(\"Unknown request type\");\n        }\n        if (c->argc == 0)\n        {\n            resetClient(c);\n        }\n        else\n        {\n            if (processCommand(c) == C_OK)\n            {\n                resetClient(c);\n            }\n            if (server.current_client == NULL)\n            {\n                break;\n            }\n        }\n    }\n    server.current_client = NULL;\n}\n",
        "question": "How does modifying the control structure `if (c->reqtype == PROTO_REQ_INLINE)` affect the behavior or output of `serverPanic`?",
        "choices": {
            "A": "The modification of `if (c->reqtype == PROTO_REQ_INLINE)` directly impacts the execution of `serverPanic` because its entire operation is controlled by `if (c->reqtype == PROTO_REQ_INLINE)` and located within `if (c->reqtype == PROTO_REQ_INLINE)`.",
            "B": "Modifying `if (c->reqtype == PROTO_REQ_INLINE)` has no impact on the behavior or output of `serverPanic`.",
            "C": "The change of if (c->reqtype == PROTO_REQ_INLINE) indirectly affects the execution of `serverPanic`, as the modifications in `if (c->reqtype == PROTO_REQ_INLINE)` influence the arguments or conditions within `serverPanic`.",
            "D": "It is not possible to determine the effect without additional context."
        },
        "answer": "C",
        "distance": 2
    }
]